x-coordinate,y-coordinate,z-coordinate,r,theta,phi,actual,predicted,error,error_pct,zero_corrected
7.43409478,0.01639068885,-2.599948335,7.875643795739717,0.1263255043803042,109.27637365314656,0.0002043864515,0.00020123254,-3.1539093325822843e-06,1.5355975574573304,0
1.81553346e-14,-0.01656209773,-2.599947249,2.6000000001276704,270.0000000000628,179.63502126251765,0.0001035554815,0.00016374911,6.019362624175078e-05,57.5709904236353,0
15.08,-0.03748115984,-2.599729825,15.302496528355675,359.85759231777786,99.78138051566476,0.0001060609284,0.00013949338,3.343245041058455e-05,31.2274990607914,0
12.22640291,-0.09731423914,-2.598178196,12.499797123032264,359.5439723774608,101.99683331848148,0.0002043861896,0.00021121382,6.827627637876344e-06,3.324287602381394,0
3.032981927,0.1128609097,-2.597549309,3.994869130163505,2.13106170353825,130.55829487236446,0.0002043866989,0.00018468426,-1.9702434659213565e-05,9.592848399986414,0
2.456374275,0.1403368389,-2.596209847,3.5768386288584484,3.269850763199713,136.5387078971679,0.0002043866989,0.00021011502,5.728317770897605e-06,2.7890402842915574,0
14.25480273,0.143976238,-2.596010563,14.489975875464102,0.5786786705505165,100.32078169438928,0.0002043861605,0.00021471547,1.0329313203108741e-05,5.029215784531277,0
13.73978183,0.1488741218,-2.595734288,13.9836191572153,0.6207904300740665,100.69767760254,0.0002043862187,0.00021471547,1.0329255003108719e-05,5.029186022552115,0
13.22748551,0.1522234421,-2.595540025,13.480592454152813,0.6593373904730697,101.10099556883564,0.0002043862187,0.00021471547,1.0329255003108719e-05,5.029186022552115,0
1.883351258,0.1630864039,-2.594880118,3.210453544740822,4.949109449132891,143.92624316824902,0.0002043866989,0.00020982625,5.439549565105893e-06,2.6484429586914664,0
1.355379844,0.1671684221,-2.594620342,2.932073416882508,7.0311776658837175,152.24041663414437,0.000204386597,0.00024548068,4.109408476954984e-05,20.00816283525543,0
11.5580978,0.1699242243,-2.594441319,11.846924696059448,0.8422873471363346,102.65013056038282,0.0002043861605,0.00021471547,1.0329313203108741e-05,5.029215784531277,0
0.853867774,0.1700546653,-2.594432772,2.7366202098745114,11.263541762138118,161.44933211773548,0.0002043867426,0.00024548068,4.109393916954985e-05,20.008077760686902,0
12.73149545,0.1727076968,-2.594257514,12.994267058624358,0.7771919047068536,101.51627717285491,0.0002043862041,0.00021471547,1.032926960310872e-05,5.029193488614029,0
11.11163375,-0.1750815312,-2.59409839,11.411766059366402,359.0972882126341,103.13921498122828,0.0002043861314,0.00021121382,6.827685837876367e-06,3.324316881249932,0
6.587425625,0.1913557299,-2.592948705,7.081961336171879,1.6638963436543577,111.47740395790726,0.0002043865534,0.00020123254,-3.1540112325823054e-06,1.5356464093536442,0
10.42722994,0.1957621726,-2.592619751,10.74649357805274,1.0755520709266193,103.96048290379304,0.0002043861896,0.00021471547,1.0329284103108717e-05,5.029200903539581,0
0.3686261108,0.1962118393,-2.592585758,2.6260017532418853,28.02542332673488,170.84983474636897,0.0002043867426,0.00024651122,4.212447670219233e-05,20.50983241125337,0
8.292738413,-0.2258658879,-2.590170767,8.69077156459563,358.43984425441363,107.33973391948643,0.0002043863642,0.00019773086,-6.655507601645121e-06,3.2404817269972983,0
3.602826601,-0.2299682566,-2.589809762,4.443012437442343,356.3477676973312,125.65442062911688,0.0002043866843,0.00014893877,-5.544791924915664e-05,26.99684229195994,0
5.759301375,0.2475754458,-2.588185928,6.318983488452647,2.4614618096265986,114.17901705231952,0.000204386597,0.00020123254,-3.1540548325822992e-06,1.5356673116222375,0
14.70485386,0.2512272585,-2.58783401,14.932941004460003,0.978783026491726,99.9795697620288,0.0002043860441,0.00021082023,6.434187486694721e-06,3.132728669510764,0
12.87370299,-0.2609849132,-2.58686816,13.133629684016324,358.83861806990274,101.35954875012249,0.0002043862041,0.00021121382,6.827613137876348e-06,3.324280307820513,0
0.5059132829,-0.2877707551,-2.58402554,2.648763532042408,330.3681581323815,167.30641831323987,0.0002043867426,0.00019313881,-1.124793202685425e-05,5.476464490583069,0
13.45340796,-0.2903557741,-2.58373635,13.702342345017362,358.7636160174432,100.86885592102568,0.0002043862041,0.00021121382,6.827613137876348e-06,3.324280307820513,0
13.9993859,-0.290708336,-2.583696705,14.238778233302412,358.8103787347925,100.45451764593366,0.0002043861605,0.00021121382,6.827656737876369e-06,3.3243022418135952,0
1.101875897,-0.301829777,-2.582421109,2.823850295409127,344.6811032923273,156.13532212622033,0.000204386728,0.00020104111,-3.3456162774114567e-06,1.6289349900989984,0
9.159892315,-0.3068616364,-2.581828022,9.521744967256506,358.0812761581232,105.73275298182722,0.0002043862769,0.00019773086,-6.655420301645128e-06,3.2404405990988234,0
4.936641906,0.3122624714,-2.581180379,5.579465324567824,3.619366704022525,117.55639514045436,0.0002043866698,0.00021011502,5.728346870897602e-06,2.789054847851476,0
9.526372903,0.3185847961,-2.580407667,9.874805349333784,1.9153946720448405,105.14794104381622,0.0002043862623,0.0002052265,8.402421767409536e-07,0.40910339734097867,0
14.61179877,-0.333427212,-2.57853181,14.841316090423298,358.69279220913216,100.00534832185514,0.0002043860441,0.00021121382,6.827773137876359e-06,3.3243607995838307,0
2.216943302,-0.3371811606,-2.578043612,3.4168461488220734,351.351999343286,138.98254812427092,0.000204386728,0.00018449283,-1.989389420404273e-05,9.686066085069884,0
1.615416332,-0.337187584,-2.578042772,3.060975322794605,348.2098719636244,147.37627083372058,0.0002043866989,0.00020104111,-3.345587177411459e-06,1.6289210524973576,0
4.418217406,-0.3511546847,-2.576177476,5.126465161016688,355.4557517570403,120.1672011137041,0.0002043866698,0.00017966634,-2.472032793549608e-05,12.0359943318464,0
2.877649534,-0.3688400691,-2.573704918,3.878255644235111,352.6959908825086,131.57687636191213,0.0002043866989,0.00015787077,-4.651592462623938e-05,22.647973250150613,0
8.659454268,0.3721614624,-2.573226738,9.041357653518482,2.4609134110762056,106.53531265114066,0.0002043863205,0.0002052265,8.401839767409585e-07,0.40907494457059446,0
9.950242145,-0.3785245917,-2.572298415,10.284323932396692,357.82141899008496,104.48451726078264,0.0002043862187,0.00020172482,-2.6613997923218816e-06,1.2958025174071144,0
4.115395147,0.3907984426,-2.570462328,4.86790275358464,5.424548324798593,121.8733282491321,0.0002043866989,0.000189284,-1.5102705222763858e-05,7.353302479493651,0
11.63404333,-0.4370414793,-2.563005023,11.921030333275285,357.8486530863779,102.4154461089666,0.0002043861314,0.00021121382,6.827685837876367e-06,3.324316881249932,0
5.198461518,-0.4460285729,-2.561456326,5.81240072190274,355.09602604573405,116.14779830545274,0.000204386597,0.0001921091,-1.2277494500328724e-05,5.977748635821998,0
7.962274427,0.4477207601,-2.561161088,8.376026148990226,3.2183674361987755,107.8046642971002,0.0002043863933,0.00021410898,9.72258568022086e-06,4.733802236849962,0
11.01510926,0.4532388248,-2.560190338,11.317801553695505,2.3562209307394824,103.07399107255937,0.0002043861605,0.00021471547,1.0329313203108741e-05,5.029215784531277,0
3.370735091,0.4625400412,-2.558526277,4.256977220224647,7.813460445868941,126.94294817082084,0.0002043867426,0.000189284,-1.5102748922763857e-05,7.353322191869582,0
-0.4335199716,0.1762568236,-2.557536699,2.600000000071816,157.87474700179723,169.63067022027542,0.0,0.0,0.0,0.0,1
15.08,0.4891105063,-2.553580019,15.302496528371083,1.8577020526302024,99.6060829084642,0.0001179905594,0.0001461304,2.8139846082836072e-05,23.648805606704354,0
1.7816180780000003e-14,0.5004675778,-2.551378491,2.6000000001473915,89.99999999999795,168.90201068030842,0.0001056168549,0.000170737,6.512014074207346e-05,61.078654780383566,0
11.98011048,0.509037852,-2.549682424,12.258998617792122,2.433048295674837,102.00426835884934,0.0002043860441,0.00021471547,1.0329429603108732e-05,5.029275308540174,0
2.695535891,0.5196286774,-2.5475451,3.7451186548065,10.911278008878469,132.86168206596483,0.0002043866698,0.00020982625,5.4395786651058905e-06,2.648457502330996,0
6.045688745,-0.5211274984,-2.547238923,6.581060127506397,355.073384550952,112.77143978295658,0.0002043865679,0.00020104111,-3.3454561774114676e-06,1.6288583092932962,0
15.56116813,0.2230696109,-2.54533243,15.769541236213708,0.8212797252433575,99.28863955684731,0.0,0.0,0.0,0.0,1
12.46016417,0.5323238579,-2.544922653,12.728538452736586,2.4463060346881207,101.53335244828008,0.0002043862623,0.00021471547,1.0329211403108725e-05,5.029163726647518,0
10.62038393,-0.538392042,-2.54364581,10.93400909173857,357.09791967104564,103.45232292698404,0.0002043861605,0.00021121382,6.827656737876369e-06,3.3243022418135952,0
2.06959078,0.5597135721,-2.53903933,3.3231319562636688,15.133416478836352,139.82255928885547,0.0002043866989,0.00020982625,5.439549565105893e-06,2.6484429586914664,0
0.5993232996,0.5646159308,-2.537953674,2.6681807319082944,43.29200991049083,162.02524229894073,0.0002043867426,0.00024148652,3.70997731334134e-05,18.063372866118673,0
13.01605289,0.567950724,-2.537209486,13.273192262452085,2.498495564850145,101.02007505403184,0.0002043862623,0.00021471547,1.0329211403108725e-05,5.029163726647518,0
-0.4676808632,-0.3229825081,-2.537115864,2.599999999558179,214.6291329328138,167.37298375222895,0.0,0.0,0.0,0.0,1
1.556584658,0.5735727943,-2.535944449,3.03033922132424,20.22791352206474,146.80914228462802,0.0002043866552,0.00024548068,4.109402656954985e-05,20.008128828785683,0
1.078117138,0.5806861741,-2.534325071,2.8146645557755834,28.307411518252596,154.21074706395132,0.0002043866698,0.00024548068,4.1094011969549846e-05,20.00812029795609,0
13.51762349,0.5814542593,-2.534148959,13.765396645918296,2.4630328617276973,100.6084085003522,0.0002043862623,0.00021471547,1.0329211403108725e-05,5.029163726647518,0
1.7695418110000003e-14,-0.5817347271,-2.53408459,2.600000000382612,270.00000000000176,167.07096076579705,0.0001067531775,0.0001709752,6.42220184424466e-05,59.60104373019218,0
13.9859854,0.5881284728,-2.532608319,14.225603242288154,2.407941734601195,100.2551327998462,0.0002043862041,0.00021471547,1.032926960310872e-05,5.029193488614029,0
14.41218667,0.5907406755,-2.532000287,14.64483269313733,2.347181033904519,99.95611158659015,0.0002043861459,0.00021471547,1.0329327803108716e-05,5.029223250597408,0
12.53736035,-0.5944909085,-2.531122391,12.804116703008562,357.2852079721453,101.40134543684589,0.0002043861605,0.00021121382,6.827656737876369e-06,3.3243022418135952,0
6.857582366,-0.5974541747,-2.530424571,7.333923636557798,355.0207839801299,110.18363456880888,0.0002043865097,0.00020104111,-3.3453979774114725e-06,1.6288304340426076,0
15.56581659,-0.3695205532,-2.527337888,15.773985810595772,358.6400975367489,99.2197759926529,0.0,0.0,0.0,0.0,1
15.08,-0.6169125762,-2.52575115,15.30249652829237,357.6573747734208,99.50042037815126,0.0001021706848,0.00013949338,3.732269401058455e-05,36.17567730885562,0
14.78853408,0.642481163,-2.519368563,15.01535015363824,2.487624897909029,99.65912899044064,0.0002043860441,0.00020201692,-2.3691245979428613e-06,1.1534983344775671,0
14.18254741,-0.6833479044,-2.508592363,14.418899092477467,357.241490294545,100.01927480865362,0.0002043861605,0.00021121382,6.827656737876369e-06,3.3243022418135952,0
12.08603485,-0.7172771902,-2.499102525,12.362533655907963,356.6036166333126,101.66279076991827,0.0002043861459,0.00021121382,6.827671337876343e-06,3.3243095866849037,0
13.68579931,-0.7177484699,-2.498967213,13.930581565436858,356.9978869282811,100.33406460239098,0.0002043862187,0.00021121382,6.827598537876347e-06,3.324272962953354,0
0.3535698347,-0.7556959732,-2.48775473,2.6239305685474705,295.0736303203508,161.46007985537676,0.000204386728,0.00018914485,-1.52418797361775e-05,7.421063612336967,0
11.19298665,-0.7627835671,-2.48559072,11.490994306180216,356.1014149981647,102.4922593696059,0.0002043861459,0.00021121382,6.827671337876343e-06,3.3243095866849037,0
0.8230717141,-0.7708853257,-2.483089973,2.7271683200609838,316.8752024362956,155.57470299552654,0.000204386728,0.00020104111,-3.3456162774114567e-06,1.6289349900989984,0
13.04370948,-0.7820380834,-2.479600056,13.30031416923093,356.56892784460825,100.74461453185135,0.0002043862041,0.00021628242,1.1896219834899263e-05,5.792122156903558,0
1.322235549,-0.823757363,-2.466054299,2.916900211826319,328.0769496962595,147.718747897132,0.000204386728,0.00017828238,-2.6104346033289905e-05,12.709850479379517,0
1.949808845,-0.854604922,-2.455534652,3.249885310579378,336.3320695332216,139.0757062498675,0.0002043867426,0.00015576584,-4.8620902864022645e-05,23.672853587592098,0
2.622903371,-0.8594759776,-2.453833948,3.693185900280665,341.85700563581554,131.63799778240605,0.000204386728,0.00015576584,-4.8620888264022644e-05,23.672848161845515,0
3.972643218,-0.8645281945,-2.452058523,4.747830466310246,347.7226931530829,121.0950088884682,0.0002043866698,0.00015576584,-4.862083006402265e-05,23.672826533176814,0
-0.6749273007,0.5481661616,-2.45030345,2.599999999814494,140.91699718259088,160.46277254571532,0.0,0.0,0.0,0.0,1
10.22494246,-0.8813883888,-2.446048754,10.55032929861278,355.0732914655893,103.40576173233184,0.0002043862187,0.00021724563,1.2859411055780092e-05,6.261087592524089,0
3.347992999,-0.9052072739,-2.437334567,4.238992465382259,344.87050174754137,125.09820977619074,0.0002043866989,0.00015576584,-4.8620859164022647e-05,23.672837347512697,0
7.807538225,-0.9055143726,-2.437220491,8.229073649905656,353.3844211236541,107.22782375327176,0.0002043864224,0.00020376267,-6.237532837413706e-07,0.3036974287066459,0
14.54246812,-0.9269185197,-2.429160772,14.773062614759432,356.3529729978098,99.46422618825552,0.0002043861896,0.00021628242,1.189623433489926e-05,5.7921296256908885,0
8.733176466,-0.9471507766,-2.421343719,9.111990517194966,353.8102179097199,105.41042845824092,0.0002043863497,0.00020224052,-2.1458254685437802e-06,1.0447751136714323,0
-0.9461480813,0.04681745803,-2.421283117,2.599999999767942,177.16719115176227,158.63251596666885,0.0,0.0,0.0,0.0,1
0.0,0.9568,-2.417547054,2.599999999673861,90.0,158.40767512558534,6.381439744e-05,0.00018410012,0.00012028572381968933,185.58488325227472,0
0.4347798673,0.9568,-2.417547054,2.63610195768553,65.5624587615581,156.50453529820857,0.0002043867426,0.00025910715,5.472041079705348e-05,26.64262069905065,0
0.8605489081,0.9568,-2.417547054,2.738712183040814,48.031687329441525,151.97361830083616,0.0002043867862,0.00022875989,2.4373104687886295e-05,11.866929289283702,0
1.295685367,0.9568,-2.417547054,2.9049613712684725,36.44404658786402,146.3267577959557,0.0002043867862,0.00025691767,5.253088603179341e-05,25.576565563784754,0
1.76815496,0.9568,-2.417547054,3.144260161131181,28.419107315459712,140.25308668614178,0.000204386728,0.00022097092,1.658419205424202e-05,8.074617194467415,0
2.295754301,0.9568,-2.417547054,3.468499359790063,22.624877182190342,134.18687550673724,0.0002043866261,0.00019564206,-8.744565965440132e-06,4.257612158827966,0
2.932764273,0.9568,-2.417547054,3.9193247223583434,18.06866210240713,128.0848260194187,0.0002043866989,0.00019564206,-8.744638765440128e-06,4.257646095036454,0
3.696054993,0.9568,-2.417547054,4.518940418901793,14.513587475457427,122.34261973416704,0.0002043867862,0.00019684437,-7.542417725441995e-06,3.6722994039633092,0
4.551431976,0.9568,-2.417547054,5.241710887721617,11.871826780377774,117.46543070556196,0.0002043866989,0.00019684437,-7.5423304254420025e-06,3.672258459694248,0
5.456413327,0.9568,-2.417547054,6.044207672918534,9.94588457208664,113.5767716902991,0.0002043866552,0.00019838804,-5.998619558016848e-06,2.920647182347633,0
6.338735164,0.9568,-2.417547054,6.851245396103849,8.583707970208252,110.6624939992891,0.000204386597,0.00019838804,-5.998561358016853e-06,2.92061967316049,0
7.199486381,0.9568,-2.417547054,7.654580599125504,7.570155684529595,108.410934211601,0.0002043865097,0.00019838804,-5.99847405801686e-06,2.9205784093505436,0
8.049514608,0.9568,-2.417547054,8.459000261420346,6.77861828856669,106.60642541185324,0.0002043863933,0.00020436061,-2.5785987007779067e-08,0.012554866266196353,0
8.914756444,0.9568,-2.417547054,9.286166187084076,6.125971940302406,105.0901515341542,0.0002043863205,0.00020436061,-2.5713187007782648e-08,0.01251942531770642,0
9.798614089,0.9568,-2.417547054,10.137693922359926,5.577049602709565,103.7963211965673,0.0002043862187,0.00021384956,9.46334328744475e-06,4.607584358553045,0
10.68468748,0.9568,-2.417547054,10.99647882476808,5.117114376041798,102.7000690230356,0.0002043862041,0.00021384956,9.463357887444751e-06,4.607591794645155,0
11.48718314,0.9568,-2.417547054,11.7777492115516,4.761337054921455,101.84494951466058,0.0002043858403,0.00021384956,9.46372168744475e-06,4.607777086103608,0
12.19227672,0.9568,-2.417547054,12.466419358234266,4.487142157899029,101.18191637594184,0.0002043859567,0.00021384956,9.46360528744476e-06,4.607717800914652,0
12.79736204,0.9568,-2.417547054,13.058808336947786,4.275787172783055,100.6685772364986,0.0002043863933,0.00021384956,9.463168687444764e-06,4.607495431122488,0
13.30960494,0.9568,-2.417547054,13.561179287111296,4.111801851845712,100.26898959258024,0.0002043863933,0.00021384956,9.463168687444764e-06,4.607495431122488,0
13.77237538,0.9568,-2.417547054,14.01564567210281,3.974090104291236,99.9325761631086,0.0002043863205,0.00021577606,1.1389740440697791e-05,5.545520467463553,0
14.19959542,0.9568,-2.417547054,14.435667982119464,3.854888612689024,99.64077505952883,0.0002043861896,0.00021577606,1.1389871340697778e-05,5.545587735416937,0
14.62477792,0.9568,-2.417547054,14.854094694986417,3.7431397633017696,99.36672091535502,0.0002043861168,0.00021577606,1.1389944140697801e-05,5.545625146508345,0
15.08,0.9568,-2.417547054,15.302496528289234,3.6304519593369946,99.08988999965408,8.119933045e-05,0.00013869851,5.7499179095065465e-05,69.95090930824665,0
11.67231438,-0.9611879405,-2.415805817,11.958382958743565,355.2924475043915,101.65497738702868,0.0002043861605,0.00021572348,1.1337324370977713e-05,5.520004046707769,0
16.04579255,-0.07191470682,-2.412897228,16.226358288771472,359.74321108886085,98.55173197158037,0.0,0.0,0.0,0.0,1
12.5074826,-1.002034438,-2.399151305,12.77486285595755,355.4195432049437,100.82456887055082,0.0002043861896,0.00021572348,1.1337295270977688e-05,5.519989096179078,0
15.94891784,0.5085647583,-2.397153242,16.136076414236705,1.8263774789584768,98.54340570655614,0.0,0.0,0.0,0.0,1
-0.4858596579,-0.9061415676,-2.38806362,2.60000000016823,241.8004512161143,156.70574063738331,0.0,0.0,0.0,0.0,1
9.574429673,-1.034924813,-2.385147926,9.921174505102108,353.8307042783675,103.91073041121996,0.0002043862623,0.00020224052,-2.1457380685437825e-06,1.0447330042987897,0
-0.4422452389,0.9568,-2.376752597,2.599999999745377,114.80698572516997,156.08326954817323,0.0,0.0,0.0,0.0,1
15.56360095,0.9568,-2.368683998,15.771867506837044,3.517932342200595,98.63759656636756,0.0,0.0,0.0,0.0,1
13.97427061,-1.096291578,-2.357571797,14.214085939078648,355.51429229450395,99.54729332090358,0.0002043862187,0.00021572348,1.1337266170977691e-05,5.519974145654637,0
15.57175679,-0.9808068759,-2.357157851,15.779663646264922,356.3959136640774,98.59096787548413,0.0,0.0,0.0,0.0,1
14.62499523,0.9568,-2.353867604,14.844077755612958,3.743084302821501,99.12406860335268,7.505610847e-05,0.0001101287,3.507258952742475e-05,46.11409948914095,0
14.19980745,0.9568,-2.353536905,14.425294930096662,3.8548312254507096,99.38998247791557,9.10803501e-05,0.00014594615,5.486579903221448e-05,59.58469855146053,0
13.77258167,0.9568,-2.352937262,14.004848655223949,3.974030769863873,99.67206431261673,0.0001024434605,0.00014594615,4.350268863221449e-05,42.054556587667996,0
13.30980532,0.9568,-2.352099984,13.549861926640917,4.111740160714078,99.996527034498,0.0001024061858,0.00014401965,4.1613464378961455e-05,40.24272248030393,0
12.79755596,0.9568,-2.351084439,13.046857967673269,4.275722622514081,100.38159086501526,0.0001023637305,0.00014401965,4.165591967896145e-05,40.30032534377371,0
12.19246289,0.9568,-2.349768289,12.453635155086932,4.487073922317336,100.87583739675046,0.0001023234508,0.00014401965,4.169619937896145e-05,40.355020139301665,0
11.48736026,0.9568,-2.347720551,11.763787815521624,4.761263978871682,101.5119213880941,0.0001022989018,0.00014401965,4.172074837896145e-05,40.38837553156006,0
10.75301761,-1.123136992,-2.344901554,11.062883336712927,354.03716060668256,102.2373058737574,0.0002043861896,0.00021172952,7.343332961654437e-06,3.575378157584962,0
10.68485641,0.9568,-2.344014279,10.98071152897088,5.117033902815024,102.32557695229582,0.0001022830766,0.0001380471,3.576401645986763e-05,34.627179628252506,0
0.4350278571,0.9568,-2.343199338,2.5681313467298854,65.55015126887861,155.84112828193315,8.012414764e-05,0.00016847446,8.835031622236697e-05,108.90754330564324,0
0.8607257149,0.9568,-2.342924291,2.6731272378336146,48.02583485221607,151.2198065833271,9.109638631e-05,0.00015501631,6.391992792830986e-05,69.40546799866057,0
1.295817957,0.9568,-2.3415558,2.842093239532668,36.44124495533458,145.47553185940853,0.0001025493038,0.0001454607,4.291139344019616e-05,41.44054268397328,0
1.768265001,0.9568,-2.339390652,3.0846354689697963,28.4176148699043,139.32343643101206,0.000102491751,0.0001454607,4.296894624019617e-05,41.519199187378874,0
9.798774943,0.9568,-2.338607751,10.119315334379197,5.576958628563659,103.36203972026368,0.0001022831857,0.0001380471,3.5763907359867623e-05,34.62703741899358,0
2.295847138,0.9568,-2.336555414,3.4126048004062093,22.624054478880964,133.21074929181094,0.0001024186713,0.00012610442,2.3685752243438317e-05,22.902781427862262,0
0.5717576098,-1.147095617,-2.333274876,2.662124483542728,296.4934722465188,151.21954747694366,0.0002043867426,0.00017084276,-3.3543983638046774e-05,16.33210752233176,0
2.93284566,0.9568,-2.333073439,3.867852321010734,18.06819328105263,127.09914609537088,0.0001023555524,0.00012610442,2.3748871143438314e-05,22.977837757111455,0
8.9149072,0.9568,-2.332790653,9.264607323321156,6.125869134403047,104.583813061285,0.0001022901924,0.00012855811,2.6267916881584624e-05,25.43118206214574,0
13.3946062,-1.151749325,-2.33098123,13.644613415385894,355.0854503241799,99.83638701495512,0.0002043862187,0.00021572348,1.1337266170977691e-05,5.519974145654637,0
3.696132275,0.9568,-2.329174188,4.472349766324425,14.513296827899351,121.38554549539164,0.0001023198929,0.00012701443,2.4694534662244238e-05,23.901045548068158,0
8.049653678,0.9568,-2.328177733,8.43402644839201,6.7785022673580215,106.02434779878132,0.0001023021177,0.00012855811,2.6255991581584622e-05,25.41670216077731,0
-1.013806098,-0.56317091,-2.327022931,2.599999999925393,209.05224174951925,153.50956267701383,0.0,0.0,0.0,0.0,1
5.514168266,-1.161507175,-2.326134365,6.0963966133587375,348.1050773444828,112.43027777647382,0.000204386597,0.00019330852,-1.1078081991461043e-05,5.393770651675505,0
4.551513527,0.9568,-2.32554207,5.199989187085283,11.871620104850138,116.56549723737196,0.0001023046061,0.00012701443,2.470982146224424e-05,23.91938016619013,0
12.0576932,-1.162982202,-2.325397256,12.334827331815688,354.4907796990768,100.86659409736006,0.0002043861896,0.00021572348,1.1337295270977688e-05,5.519989096179078,0
7.199612393,0.9568,-2.324958711,7.625963405189797,7.570024723627739,107.75058947559351,0.0001023122968,0.00012855811,2.624581248158462e-05,25.40434516947514,0
5.456506363,0.9568,-2.323087851,6.0071345159671,9.94571837619037,112.75065247114406,0.0001023028817,0.00012855811,2.6255227581584625e-05,25.415774612979288,0
6.338845382,0.9568,-2.322807661,6.818494148043468,8.583560942345855,109.91726371577238,0.0001023053701,0.00012987673,2.757136098000309e-05,26.68918465062746,0
4.616337516,-1.178437181,-2.317603463,5.298166858725938,345.6796358949405,115.94033633373031,0.0002043866552,0.00018086575,-2.3520900826628398e-05,11.45201026022084,0
1.6174044360000003e-14,-1.181163453,-2.31621521,2.6000000003342745,270.0000000000008,152.98050528553972,0.0001113953331,0.00013018584,1.879050976328405e-05,16.71822952521153,0
6.38344904,-1.207163152,-2.302771618,6.8926353194180985,349.29135188232027,109.51730857605656,0.0002043865534,0.00020224052,-2.1460291685437903e-06,1.0448732563150311,0
16.0719227,-0.7177625318,-2.293666565,16.250624253801146,357.44290359018663,98.11400888045772,0.0,0.0,0.0,0.0,1
15.08,-1.224768635,-2.293456298,15.302496528348424,355.35673850880795,98.61966236481304,9.612503345e-05,0.00013955162,4.3426582125328465e-05,44.71203826939682,0
11.32426662,-1.243160353,-2.283539432,11.618907628586095,353.73524435210214,101.33449560393512,0.0002043861605,0.00021572348,1.1337324370977713e-05,5.520004046707769,0
14.19988442,0.9568,-2.275798266,14.412891504791371,3.854810393463594,99.08503653426776,0.0,0.0,0.0,0.0,1
13.77271957,0.9568,-2.274842484,13.992075575870516,3.973991107184929,99.35672546916057,0.0,0.0,0.0,0.0,1
13.30999414,0.9568,-2.273316481,13.536594035045171,4.111682030258862,99.6679857484711,0.0,0.0,0.0,0.0,1
12.90893314,-1.264401875,-2.271846803,13.168164443490031,354.405847375569,99.93470124357992,0.0002043862041,0.00021572348,1.1337280770977692e-05,5.519981646604516,0
12.79778387,0.9568,-2.27130212,13.032941016652712,4.275646760459722,100.03640930316084,0.0,0.0,0.0,0.0,1
12.19272604,0.9568,-2.268544243,12.43882339728893,4.486977475329809,100.50819227280226,0.0,0.0,0.0,0.0,1
11.48763108,0.9568,-2.264117842,11.7476535390113,4.761152248466203,101.11211002157212,0.0,0.0,0.0,0.0,1
10.23422032,-1.288026879,-2.25853642,10.559321264162476,352.826759572878,102.35043194469011,0.0002043862187,0.00021172952,7.34330386165444e-06,3.575363482581336,0
10.68514135,0.9568,-2.256038305,10.962546270967668,5.116898171595096,101.87604739352446,0.0,0.0,0.0,0.0,1
1.070574241,-1.293279829,-2.255532594,2.811783989602929,309.6178839657585,143.33795534289231,0.0002043867426,0.00014599613,-5.839060763897607e-05,28.429589417411634,0
7.091072006,-1.295033845,-2.254525968,7.552701648705494,349.6502021797024,107.36788582057623,0.0002043864952,0.00020224052,-2.145970968543768e-06,1.0448452155795724,0
0.860657582,0.9568,-2.250865096,2.59279605712543,48.028089990181456,150.2412118115766,0.0,0.0,0.0,0.0,1
1.295668796,0.9568,-2.248741762,2.766055563630448,36.44439675990799,144.38789910412078,0.0,0.0,0.0,0.0,1
1.76810088,0.9568,-2.244790216,3.0134249742952126,28.419840835244315,138.1530739837961,0.0,0.0,0.0,0.0,1
9.799061162,0.9568,-2.244243,10.098202441012251,5.57679675909003,102.84074072038618,0.0,0.0,0.0,0.0,1
-1.20755052,0.5170451662,-2.243766039,2.6000000000024626,156.82051228009277,149.65362875403997,0.0,0.0,0.0,0.0,1
-0.9099864724,0.9568,-2.23974516,2.60000000032585,133.5634910250683,149.47870283510758,0.0,0.0,0.0,0.0,1
2.29569215,0.9568,-2.239185818,3.346583603483402,22.62542798385925,131.99733459252425,0.0,0.0,0.0,0.0,1
2.932716412,0.9568,-2.232000831,3.807639623546174,18.068937811704643,125.88711301576706,0.0,0.0,0.0,0.0,1
1.670523662,-1.334011817,-2.231683775,3.090412481335749,321.39056822580403,136.2307311689019,0.0002043867426,0.0001542437,-5.0143047748825047e-05,24.413965144031184,0
8.915193425,0.9568,-2.231575058,9.239917060485498,6.125673956813728,103.97595171225714,0.0,0.0,0.0,0.0,1
3.69605134,0.9568,-2.22374769,4.41829328323688,14.513601214197593,120.21887781877052,0.0,0.0,0.0,0.0,1
8.049905894,0.9568,-2.221560085,8.405461340909323,6.77829186250716,105.32533918287136,0.0,0.0,0.0,0.0,1
2.358205989,-1.355055122,-2.218969494,3.51014750196007,330.1177776087765,129.2095510940227,0.0002043867426,0.0001542437,-5.0143047748825047e-05,24.413965144031184,0
4.551502542,0.9568,-2.215959413,5.151904283844544,11.871647943833864,115.47545112138472,0.0,0.0,0.0,0.0,1
7.199814045,0.9568,-2.214623866,7.593243535567396,7.569815161468739,106.9571940167064,0.0,0.0,0.0,0.0,1
3.08721059,-1.366718548,-2.211804786,4.036194894678388,336.120866165392,123.2294031261972,0.0002043866989,0.0001542437,-5.014300404882505e-05,24.413949061637627,0
5.45657816,0.9568,-2.210649256,5.96461914871707,9.94559012457745,111.75429485745872,0.0,0.0,0.0,0.0,1
6.338990087,0.9568,-2.210011455,6.7810332689285255,8.583367917338364,109.02075998718578,0.0,0.0,0.0,0.0,1
11.70100712,-1.384208993,-2.200901057,11.986390933942396,353.2533632489828,100.58049128548822,0.0002043861459,0.00021572348,1.1337338970977687e-05,5.520011547661885,0
12.44757603,-1.385867286,-2.199857237,12.716215986692616,353.64706251097834,99.96207125500604,0.0002043861896,0.00021572348,1.1337295270977688e-05,5.519989096179078,0
16.114685,0.9568,-2.184939521,16.290257812559407,3.397914242834247,97.70805678294278,0.0,0.0,0.0,0.0,1
3.841463394,-1.416932313,-2.179977711,4.638624904809864,339.7533918204691,118.0318337282734,0.0002043866843,0.0001542437,-5.0142989448825046e-05,24.413943688570978,0
13.77297806,0.9568,-2.179236732,13.97710497976385,3.973916762643796,98.96985219537127,0.0,0.0,0.0,0.0,1
13.31037071,0.9568,-2.177179533,13.521151777734769,4.111566103659754,99.26612138889055,0.0,0.0,0.0,0.0,1
12.79825505,0.9568,-2.174109212,13.016817945663746,4.275489932145376,99.61478034803758,0.0,0.0,0.0,0.0,1
16.43669091,0.4451630368,-2.172836776,16.585662418346388,1.551390711500915,97.52778302296213,0.0,0.0,0.0,0.0,1
12.19328463,0.9568,-2.16959266,12.421706348908756,4.486772760474366,100.05895446991236,0.0,0.0,0.0,0.0,1
10.64238022,-1.436418776,-2.16718737,10.955375700713333,352.313151950968,101.40948048676889,0.0002043861896,0.00021172952,7.343332961654437e-06,3.575378157584962,0
11.4882102,0.9568,-2.162153414,11.728996002431575,4.760913342335641,100.62280595086465,0.0,0.0,0.0,0.0,1
10.6857198,0.9568,-2.148691502,10.941524073678174,5.116622648920668,101.32532395511942,0.0,0.0,0.0,0.0,1
13.63059527,-1.467390322,-2.146337728,13.87635137254321,353.8555348350244,98.89800247466422,0.0002043862769,0.00021572348,1.1337207970977696e-05,5.519944244618466,0
-1.483080221,-0.01829387574,-2.135448054,2.5999999998352665,180.7067107364287,145.21777010703045,0.0,0.0,0.0,0.0,1
1.294943006,0.9568,-2.13522005,2.6742304109239203,36.45973956522795,142.9816581117119,0.0,0.0,0.0,0.0,1
11.05169079,-1.488232104,-2.131939306,11.353407828384166,352.3306268162205,100.82323722179105,0.0002043861896,0.00021572348,1.1337295270977688e-05,5.519989096179078,0
1.767347821,0.9568,-2.130242792,2.928637723116569,28.43005863813397,136.6674907641029,0.0,0.0,0.0,0.0,1
9.799622268,0.9568,-2.129173897,10.073799894734242,5.576479456067716,102.20192135870468,0.0,0.0,0.0,0.0,1
0.2169521203,0.9568,-2.125389578,2.3409005362837787,77.22434603054216,155.22176216340608,0.0,0.0,0.0,0.0,1
2.295012157,0.9568,-2.122158733,3.268960802583285,22.63145595548923,130.48014597770822,0.0,0.0,0.0,0.0,1
9.132316511,-1.511903358,-2.115218247,9.495220105582424,350.5996448198291,102.87158303391136,0.0002043863205,0.00020224052,-2.1457962685437777e-06,1.0447610450978295,0
2.932143972,0.9568,-2.110990277,3.737541232163797,18.072236054661857,124.38890546890713,0.0,0.0,0.0,0.0,1
8.915731357,0.9568,-2.108343499,9.211451795453778,6.125307173073111,103.23131040435504,0.0,0.0,0.0,0.0,1
12.05539285,-1.525120537,-2.105708277,12.33257867471506,352.78984767898976,99.83105349074918,0.0002043861605,0.00021572348,1.1337324370977713e-05,5.520004046707769,0
8.361212292,-1.526384419,-2.104792295,8.756133335642463,349.6542712510854,103.90892191515962,0.0002043863642,0.00020224052,-2.1458399685437765e-06,1.0447820997766981,0
14.32619193,-1.527692863,-2.103842798,14.560212059498127,353.913189144649,98.30789749592252,0.0002043860877,0.00021572348,1.133739717097771e-05,5.5200414487362135,0
3.695636051,0.9568,-2.097578091,4.355803704173787,14.515163260141549,118.78729659092404,0.0,0.0,0.0,0.0,1
13.18257581,-1.539817605,-2.094984903,13.436528755108702,353.3376405196876,98.9699902271414,0.0002043862041,0.00021572348,1.1337280770977692e-05,5.519981646604516,0
8.050382274,0.9568,-2.092040049,8.372619217673364,6.777894489946732,104.46963361339432,0.0,0.0,0.0,0.0,1
16.60953288,-0.2533753161,-2.08718234,16.742076085809003,359.12603139408293,97.16151876150884,0.0,0.0,0.0,0.0,1
9.822723874,-1.553246801,-2.085047811,10.160999178418535,351.01433896027174,101.8412692114099,0.0002043862623,0.00020224052,-2.1457380685437825e-06,1.0447330042987897,0
4.551289243,0.9568,-2.08458028,5.096584636520068,11.872188527140793,114.14298245597678,0.0,0.0,0.0,0.0,1
7.20015548,0.9568,-2.081034359,7.555687207627945,7.56946035937176,105.9874156310899,0.0,0.0,0.0,0.0,1
-0.1126211098,0.9568,-2.077890205,2.290366228009732,96.71316829371152,155.125395988577,0.0,0.0,0.0,0.0,1
5.45658608,0.9568,-2.075460174,5.915854361147668,9.945575977212286,110.53810024363804,0.0,0.0,0.0,0.0,1
6.339183222,0.9568,-2.07395494,6.73810056731396,8.583110303971182,107.92640848918136,0.0,0.0,0.0,0.0,1
14.37618022,0.9568,-2.073850009,14.556472025107889,3.8076785844059486,98.19075781891,0.0,0.0,0.0,0.0,1
15.40266852,0.9568,-2.072490158,15.570898472214308,3.5545951643399007,97.64877967439702,0.0,0.0,0.0,0.0,1
-0.5336929871,-1.483036968,-2.067794271,2.600000000022072,250.20797524497493,142.6841193611798,0.0,0.0,0.0,0.0,1
-1.08051605,-1.150972997,-2.065852421,2.5999999999004477,226.80845387991377,142.61358638402766,0.0,0.0,0.0,0.0,1
13.31098138,0.9568,-2.058783585,13.50319522885499,4.111378123542465,98.76988528837444,0.0,0.0,0.0,0.0,1
12.799062,0.9568,-2.055000031,12.998249091598993,4.275221372272711,99.09652725338508,0.0,0.0,0.0,0.0,1
11.44109009,-1.597537421,-2.051310359,11.732797724666195,352.0510941021075,100.06908934938338,0.0002043861896,0.00021572348,1.1337295270977688e-05,5.519989096179078,0
12.1942767,0.9568,-2.048789178,12.40215253784813,4.486409227652416,99.50863562273672,0.0,0.0,0.0,0.0,1
11.48925108,0.9568,-2.037953346,11.707758558313106,4.760484005080002,100.02446196639976,0.0,0.0,0.0,0.0,1
14.93970716,0.9568,-2.036106243,15.108144985382514,3.664451625625645,97.7452496788232,0.0,0.0,0.0,0.0,1
12.78936401,-1.622289328,-2.031791656,13.050970530095348,352.77082401772617,98.95630975765788,0.0002043861896,0.00021572348,1.1337295270977688e-05,5.519989096179078,0
0.6471499796,-1.638472448,-2.018763987,2.679328851440138,291.55260915622944,138.89088752288296,0.0002043867426,0.00014091178,-6.347495950827608e-05,30.905090905451694,0
10.68674122,0.9568,-2.018194317,10.917646836402897,5.1161362065761296,100.65274657912778,0.0,0.0,0.0,0.0,1
10.38782806,-1.639288234,-2.018101604,10.708266517150271,351.0321906660574,100.86304339289067,0.0002043862187,0.00021172952,7.34330386165444e-06,3.575363482581336,0
15.59258104,-1.559651451,-2.016122026,15.799552024070056,354.28797580196215,97.33129007436789,0.0,0.0,0.0,0.0,1
16.10042464,-1.300564411,-2.006804866,16.277051549518426,355.3817736081163,97.08204161437084,0.0,0.0,0.0,0.0,1
-1.367979574,0.9568,-1.993280122,2.599999999931069,145.03007163076018,140.0536684811259,0.0,0.0,0.0,0.0,1
9.800590909,0.9568,-1.989598011,10.046170845200106,5.575931778452514,101.422683075993,0.0,0.0,0.0,0.0,1
1.765556804,0.9568,-1.988774564,2.826284015198063,28.454386938987625,134.72228917554855,0.0,0.0,0.0,0.0,1
14.12937711,0.9568,-1.988148782,14.300611851804106,3.873987937864285,97.99145629976658,0.0,0.0,0.0,0.0,1
-0.4910639109,0.9568,-1.985064711,2.257674004688435,117.16851331829928,151.55228128724093,0.0,0.0,0.0,0.0,1
0.5582249432,0.9568,-1.980034675,2.268836406930433,59.73946993960124,150.77502270542442,0.0,0.0,0.0,0.0,1
2.293393642,0.9568,-1.979344207,3.17693627996384,22.64581594406428,128.5381460424505,0.0,0.0,0.0,0.0,1
7.59153189,-1.688761911,-1.976887252,8.024422498600847,347.4585719324806,104.26214994559052,0.0002043864515,0.00020224052,-2.145927268543769e-06,1.0448241609275621,0
11.78493754,-1.694349504,-1.972100341,12.068336787576762,351.8185091072556,99.40494519097253,0.0002043861896,0.00021572348,1.1337295270977688e-05,5.519989096179078,0
0.9122422805,0.9568,-1.969281466,2.371860390213334,46.36566508563112,146.12635089559348,0.0,0.0,0.0,0.0,1
2.930789391,0.9568,-1.964734262,3.6558409996435617,18.08004541806463,122.50840575553808,0.0,0.0,0.0,0.0,1
8.916634146,0.9568,-1.959240521,9.179349331665154,6.124691713437187,102.32402288900472,0.0,0.0,0.0,0.0,1
12.40258598,-1.720058601,-1.94971752,12.672179725286474,352.1042714727214,98.85057592273904,0.0002043861896,0.00021572348,1.1337295270977688e-05,5.519989096179078,0
3.694634432,0.9568,-1.945953686,4.283984777537958,14.518932050582862,117.01599171351074,0.0,0.0,0.0,0.0,1
-1.601047014,-0.6469557978,-1.943732661,2.600000000535287,202.0027938363777,138.38200084695222,0.0,0.0,0.0,0.0,1
10.84383362,-1.727000011,-1.943571702,11.151176062508002,350.951011366524,100.0375165253172,0.0002043862187,0.00021572348,1.1337266170977691e-05,5.519974145654637,0
14.5962331,0.9568,-1.937065268,14.755260377303664,3.750439085197627,97.54354405775791,0.0,0.0,0.0,0.0,1
8.051151057,0.9568,-1.935725773,8.335678367768796,6.77725330710814,103.42791051126936,0.0,0.0,0.0,0.0,1
13.78966815,-1.742456356,-1.929726884,14.0326386573061,352.79829807478274,97.9041932210062,0.0002043861896,0.00021572348,1.1337295270977688e-05,5.519989096179078,0
4.550696637,0.9568,-1.927071579,5.033677680641924,11.873690677842262,112.5094441750482,0.0,0.0,0.0,0.0,1
7.200632923,0.9568,-1.920282862,7.513459057044393,7.568964280037733,104.8079003401457,0.0,0.0,0.0,0.0,1
-1.686455558,0.4784736527,-1.920138176,2.600000000071111,164.16053649952346,137.60504259626373,0.0,0.0,0.0,0.0,1
5.456405042,0.9568,-1.913412948,5.860799547155411,9.945899372355427,109.05504843087374,0.0,0.0,0.0,0.0,1
6.339346105,0.9568,-1.910655989,6.689796827055381,8.582893054202657,106.59516378048102,0.0,0.0,0.0,0.0,1
12.80029331,0.9568,-1.90648042,12.976811729152663,4.274811646647436,98.44815321438966,0.0,0.0,0.0,0.0,1
1.3312378320000001e-14,-1.767938693,-1.906408345,2.600000000017728,270.00000000000045,137.15819952357174,9.569368558e-05,0.00015287561,5.7181925512895265e-05,59.13718684927519,0
13.39122668,-1.770832686,-1.903720463,13.64129583280836,352.4670118667312,98.02213681125238,0.0002043861896,0.00021572348,1.1337295270977688e-05,5.519989096179078,0
15.08,-1.772261376,-1.9023905,15.302496528323465,353.29711982549486,97.14142846650805,9.785636939e-05,0.00013955162,4.169524618532847e-05,42.17760215412709,0
12.19591584,0.9568,-1.89954793,12.379988358424663,4.48580871214665,98.8261570105562,0.0,0.0,0.0,0.0,1
5.078999373,-1.77796377,-1.897062159,5.705807097464543,340.706798305346,109.4193218865039,0.0002043866261,0.00018417467,-2.0211955378595747e-05,9.84093062065045,0
11.23113528,-1.78794153,-1.887661274,11.528156820486036,350.9546958200806,99.42425226844564,0.0002043862187,0.00021572348,1.1337266170977691e-05,5.519974145654637,0
11.49101376,0.9568,-1.886248232,11.684040220113609,4.759757119342737,99.29037346798572,0.0,0.0,0.0,0.0,1
1.340152101,-1.791855237,-1.883946605,2.925065410323343,306.7932977659765,130.09597601577235,0.0002043867426,0.00014091178,-6.347495950827608e-05,30.905090905451694,0
5.873254045,-1.793182943,-1.882682908,6.423014329444575,343.0218692421015,107.04454880173068,0.0002043865679,0.00018417467,-2.0211897178595752e-05,9.840905072446928,0
16.62379592,-0.9314036388,-1.873280922,16.754918231400225,356.7931655609146,96.4193670583398,0.0,0.0,0.0,0.0,1
12.0980577,-1.809420066,-1.867083026,12.374287862893365,351.4937313000589,98.67816368754592,0.0002043861896,0.00021572348,1.1337295270977688e-05,5.519989096179078,0
10.68843452,0.9568,-1.860474342,10.891256286837068,5.115329990447208,99.83565887201888,0.0,0.0,0.0,0.0,1
2.069026092,-1.817887741,-1.858839466,3.322780307004067,318.69681323990835,124.0158982918357,0.0002043867426,0.0001542437,-5.0143047748825047e-05,24.413965144031184,0
2.817629878,-1.821172822,-1.855621069,3.833932462721069,327.1234255265685,118.94693758123356,0.000204386728,0.0001542437,-5.0143033148825045e-05,24.41395977096682,0
13.01573686,-1.821905852,-1.854901363,13.272882354966226,352.0316732141882,98.03345007556317,0.0002043861896,0.00021572348,1.1337295270977688e-05,5.519989096179078,0
13.96268315,0.9568,-1.839991814,14.115861888771828,3.920094320929991,97.48977379322514,0.0,0.0,0.0,0.0,1
16.65248935,0.9568,-1.836249165,16.780723428619716,3.2884209452730038,96.28223397115543,0.0,0.0,0.0,0.0,1
9.802152224,0.9568,-1.822339527,10.015916124555693,5.575049223763301,100.48303425636664,0.0,0.0,0.0,0.0,1
4.349568308,-1.860056391,-1.816642569,5.067419902392228,336.8464325875052,111.00777177052032,0.0002043866698,0.00018086575,-2.35209154266284e-05,11.452016554692879,0
11.56419788,-1.861197423,-1.815473534,11.852876132307836,350.856949479378,98.8105235470768,0.0002043862187,0.00021572348,1.1337266170977691e-05,5.519974145654637,0
14.33314785,0.9568,-1.814847556,14.479235655982633,3.8190765871553936,97.20047117449737,0.0,0.0,0.0,0.0,1
-0.8499198654,0.9568,-1.814509304,2.2204220391412344,131.61449889878497,144.80460043008918,0.0,0.0,0.0,0.0,1
3.535505984,-1.865564382,-1.810985792,4.38859915748895,332.18093727741865,114.37184771939384,0.0002043866989,0.0001542437,-5.014300404882505e-05,24.413949061637627,0
0.2031028819,0.9568,-1.807967389,2.055593126161781,78.01554114821704,151.58639702716857,0.0,0.0,0.0,0.0,1
2.28970702,0.9568,-1.800286592,3.0658206553502527,22.678589378292315,125.9594098657011,0.0,0.0,0.0,0.0,1
1.062141969,0.9568,-1.798647677,2.2975520164489622,42.013196981977615,141.52262845889777,0.0,0.0,0.0,0.0,1
12.68951436,-1.878267994,-1.797806815,12.953137638965758,351.5803656510901,97.97801724086032,0.0002043861896,0.00021572348,1.1337295270977688e-05,5.519989096179078,0
2.927718889,0.9568,-1.784220739,3.5595572447265265,18.097771499982684,120.08259749912024,0.0,0.0,0.0,0.0,1
8.917950729,0.9568,-1.781659546,9.144376533297638,6.123794378254559,101.2351803801962,0.0,0.0,0.0,0.0,1
3.692336351,0.9568,-1.761692071,4.2014727086987325,14.527586278287572,114.79062022698662,0.0,0.0,0.0,0.0,1
10.12796066,-1.914827644,-1.75881639,10.45636586632597,349.29382999785173,99.68348906563584,0.0002043862769,0.00021572348,1.1337207970977696e-05,5.519944244618466,0
14.03687216,-1.915605953,-1.757968667,14.27563588907709,352.228875137934,97.07362620340604,0.0002043856512,0.00021572348,1.13378336709777e-05,5.5202657073337456,0
13.48793719,0.9568,-1.755878622,13.63535938714421,4.057620007843468,97.39874735320564,0.0,0.0,0.0,0.0,1
-0.1633406534,0.9568,-1.754309797,2.004931238946443,99.6878879145466,151.04467829442427,0.0,0.0,0.0,0.0,1
8.052079446,0.9568,-1.750226051,8.29546507884246,6.776479170096366,102.18013394231627,0.0,0.0,0.0,0.0,1
6.703221242,-1.92477622,-1.747923483,7.189796590912733,343.9790054442888,104.07026693457618,0.0002043865097,0.00020224052,-2.1459854685437914e-06,1.0448522016749533,0
11.84038303,-1.925855293,-1.746734493,12.122486143350466,350.7616605838205,98.28461276299409,0.0002043862187,0.00021572348,1.1337266170977691e-05,5.519974145654637,0
14.13600907,0.9568,-1.746545515,14.275595956144487,3.872175972690286,97.02744940162415,0.0,0.0,0.0,0.0,1
9.543719554,-1.927219285,-1.745229448,9.89154097823207,348.5834563543136,100.1622677773422,0.0002043862914,0.00020224052,-2.14576716854378e-06,1.0447470247002961,0
4.549191876,0.9568,-1.738018166,4.962995074550287,11.8775066631423,110.49926860123622,0.0,0.0,0.0,0.0,1
12.38419952,-1.935902803,-1.735592215,12.654184989583488,351.1154043910391,97.88328577722427,0.0002043862187,0.00021572348,1.1337266170977691e-05,5.519974145654637,0
10.61489487,-1.936954595,-1.734418316,10.928677554906642,349.65872045223,99.13164509989184,0.0002043862478,0.00021572348,1.1337237070977693e-05,5.519959195134434,0
16.99482904,0.2971911278,-1.733524492,17.085597555532967,1.001837788862872,95.8233165898282,0.0,0.0,0.0,0.0,1
7.201058991,0.9568,-1.729822827,7.467463012608245,7.568521635637978,103.3941154755891,0.0,0.0,0.0,0.0,1
15.14177169,0.9568,-1.727928718,15.270050877668176,3.615680700138057,96.49739382435372,0.0,0.0,0.0,0.0,1
5.455662555,0.9568,-1.720510967,5.799989494955694,9.947225923264227,107.2559265868727,0.0,0.0,0.0,0.0,1
13.58853474,-1.952170604,-1.717273983,13.835037997056506,351.82465011710235,97.13022800154812,0.0002043860877,0.00021572348,1.133739717097771e-05,5.5200414487362135,0
6.339236622,0.9568,-1.717027584,6.636985077120698,8.583039079021148,104.99329213497816,0.0,0.0,0.0,0.0,1
14.7938059,0.9568,-1.707590615,14.922735170045431,3.700491694176094,96.5706799697616,0.0,0.0,0.0,0.0,1
8.856897079,-1.96240381,-1.705570663,9.230635182260617,347.50692461206074,100.6478886744083,0.0002043863497,0.00020224052,-2.1458254685437802e-06,1.0447751136714323,0
-1.961420889,-0.06379619,-1.705508178,2.6000000005555663,181.86291698048305,130.99283791659832,0.0,0.0,0.0,0.0,1
1.570651909,0.9568,-1.704958702,2.5078472510842578,31.348678364232,132.83188363291504,0.0,0.0,0.0,0.0,1
13.77357175,0.9568,-1.704812169,13.911618508425558,3.973746021443219,97.03905807206333,0.0,0.0,0.0,0.0,1
15.57672122,0.9568,-1.69960094,15.6983551227779,3.5149766205140622,96.21537807066318,0.0,0.0,0.0,0.0,1
11.00998039,-1.978338434,-1.687061659,11.31280991570591,349.81345804460705,98.57642158708842,0.0002043862478,0.00021572348,1.1337237070977693e-05,5.519959195134434,0
0.4940506947,0.9568,-1.681592266,1.9968236972763935,62.69009971464652,147.36610974220014,0.0,0.0,0.0,0.0,1
0.7832184524,0.9568,-1.681510543,2.087193112867136,50.69689016663153,143.67138065331312,0.0,0.0,0.0,0.0,1
14.54540993,-1.985066657,-1.67913977,14.775958514819653,352.22864012977186,96.52518794348282,0.0002043856221,0.00021572348,1.1337862770977698e-05,5.520280657940806,0
1.277491729,0.9568,-1.67333074,2.312463431730837,36.832023960285255,136.35366453118343,0.0,0.0,0.0,0.0,1
13.19231811,-1.995111709,-1.667192032,13.446087056031846,351.40016484143183,97.12248354061752,0.0002043862041,0.00021572348,1.1337280770977692e-05,5.519981646604516,0
13.14563339,0.9568,-1.652302902,13.283570617279096,4.162911048442652,97.14535460053258,0.0,0.0,0.0,0.0,1
11.35584503,-2.009562045,-1.649745553,11.649687392703871,349.964673005386,98.14118627805595,0.0002043862623,0.00021572348,1.1337222570977697e-05,5.519951745564093,0
12.12084728,-2.011439698,-1.647455717,12.39656963773647,350.57770320394167,97.63697889822625,0.0002043862478,0.00021572348,1.1337237070977693e-05,5.519959195134434,0
-0.4686323288,0.9568,-1.647040352,1.961587219756694,116.09521136817284,147.10283704630274,0.0,0.0,0.0,0.0,1
-1.027699011,-1.737137022,-1.638959948,2.6000000003003017,239.3912272022157,129.07736748722613,0.0,0.0,0.0,0.0,1
14.51238521,0.9568,-1.636292066,14.635649710507604,3.772045536708788,96.41919221542224,0.0,0.0,0.0,0.0,1
12.87737412,-2.027133867,-1.628105735,13.137228178939576,351.0540112216109,97.1190086014663,0.0002043862187,0.00021572348,1.1337266170977691e-05,5.519974145654637,0
-1.798148303,0.9568,-1.615919689,2.600000000169161,151.9824257642768,128.42630918631346,0.0,0.0,0.0,0.0,1
-1.603790734,-1.265667861,-1.608085864,2.5999999997748464,218.27953787241665,128.20628264864217,0.0,0.0,0.0,0.0,1
8.121087208,-2.046384791,-1.60384204,8.527136532391674,345.8568135168436,100.84115452397396,0.0002043863933,0.00020224052,-2.145869068543774e-06,1.0447961201642924,0
11.62820866,-2.056500563,-1.590850538,11.91533619502082,349.97069162567084,97.6726342120682,0.0002043862769,0.00021572348,1.1337207970977696e-05,5.519944244618466,0
16.54835386,-1.441400724,-1.589434144,16.68687964902479,355.0219660007848,95.46573955913163,0.0,0.0,0.0,0.0,1
14.00664645,0.9568,-1.5833717,14.128293490569146,3.907828324466607,96.4347123130956,0.0,0.0,0.0,0.0,1
12.61871516,-2.063615126,-1.581610765,12.883787187369782,350.7122878560904,97.05140371684251,0.0002043862478,0.00021572348,1.1337237070977693e-05,5.519959195134434,0
1.947707359,0.9568,-1.576582448,2.6822830595678053,26.16231229397698,125.99936693041263,0.0,0.0,0.0,0.0,1
16.07774803,-1.818775147,-1.567340369,16.256029053363886,353.54592414222253,95.53282150884462,0.0,0.0,0.0,0.0,1
12.28228873,0.9568,-1.566621285,12.41871108198029,4.45439050726236,97.24717577343084,0.0,0.0,0.0,0.0,1
17.13579194,-0.3909330631,-1.543013557,17.209563762858128,358.6930904680534,95.14406105340744,0.0,0.0,0.0,0.0,1
-0.5338279705,-2.029286481,-1.535260263,2.5999999998469887,255.26158080704664,126.19141270721582,0.0,0.0,0.0,0.0,1
1.039856616,0.9568,-1.534086142,2.08571050553892,42.61799223570876,137.35135012255137,0.0,0.0,0.0,0.0,1
16.04656109,0.9568,-1.533690293,16.1480585511059,3.4123056993529985,95.44998225145603,0.0,0.0,0.0,0.0,1
0.08438279678,0.9568,-1.524526017,1.8018785399971604,84.9599692768802,147.78739411672734,0.0,0.0,0.0,0.0,1
11.87589179,-2.11009374,-1.519047204,12.157170962331524,349.9249015358765,97.1779096442424,0.0002043862769,0.00021572348,1.1337207970977696e-05,5.519944244618466,0
15.59286356,-2.04811304,-1.517301532,15.799821675082397,352.5170718531804,95.51076821527528,0.0,0.0,0.0,0.0,1
12.37022353,-2.112211501,-1.51610111,12.640507512867732,350.3102137876726,96.88863360857248,0.0002043862623,0.00021572348,1.1337222570977697e-05,5.519951745564093,0
-1.206185022,0.9568,-1.511965501,2.1578665907584096,141.5769732621618,134.48127108092075,0.0,0.0,0.0,0.0,1
0.3424901407,0.9568,-1.511564256,1.8214258800438567,70.30498191835437,146.08637624113692,0.0,0.0,0.0,0.0,1
14.25301963,0.9568,-1.508066219,14.36448044775913,3.840482758592941,96.0263474259644,0.0,0.0,0.0,0.0,1
14.20279519,-2.11928208,-1.506201669,14.438815436572163,351.5131795782142,95.9877686047057,0.0002043855056,0.00021572348,1.1337979270977693e-05,5.520340511788137,0
-0.1958395895,0.9568,-1.483141508,1.7758175912992986,101.56763137876924,146.63541709391404,0.0,0.0,0.0,0.0,1
13.80443895,-2.135966199,-1.48244676,14.0471539723811,351.2043528201053,96.05791053011676,0.0002043861605,0.00021572348,1.1337324370977713e-05,5.520004046707769,0
13.34700949,0.9568,-1.477689923,13.462603614259978,4.100318021952546,96.30162874803358,0.0,0.0,0.0,0.0,1
1.447544263,0.9568,-1.475812959,2.2779101218653355,33.463966444516586,130.3819711430799,0.0,0.0,0.0,0.0,1
5.427372087,-2.14383726,-1.471041061,6.018003636693738,338.44574917151954,104.14874436905131,0.000204386597,0.00018417467,-2.021192627859575e-05,9.840917846550498,0
0.793685047,-2.145141618,-1.469138332,2.7184436638743854,290.3040660607836,122.71316166559546,0.0002043867426,0.00014599613,-5.839060763897607e-05,28.429589417411634,0
12.15726447,-2.145390697,-1.468774577,12.432179189278926,349.9920609466191,96.78494021326428,0.0002043862769,0.00021572348,1.1337207970977696e-05,5.519944244618466,0
13.58207873,0.9568,-1.465246607,13.694351992235465,4.029588373879562,96.14220095990736,0.0,0.0,0.0,0.0,1
13.03674282,-2.149316199,-1.463024223,13.29348198762048,350.638086830824,96.3185297235176,0.0002043863205,0.00021572348,1.1337164370977702e-05,5.519921844540616,0
-0.7379609718,0.9568,-1.461493863,1.8963166791141883,127.64229365263674,140.41691312752016,0.0,0.0,0.0,0.0,1
-2.106380789,0.4368673781,-1.460242057,2.5999999998745813,168.282867825042,124.16870627725302,0.0,0.0,0.0,0.0,1
10.8103722,-2.151666186,-1.459565903,11.118639624689202,348.74312014435867,97.54310168590804,0.0002043862623,0.00021572348,1.1337222570977697e-05,5.519951745564093,0
14.65481285,0.9568,-1.455903739,14.758003306875876,3.735489968983472,95.66154099603553,0.0,0.0,0.0,0.0,1
14.91944375,0.9568,-1.452134145,15.02045144542896,3.669415051326837,95.54785669497778,0.0,0.0,0.0,0.0,1
13.3505971,-2.160010653,-1.447188301,13.601413269442007,350.8096782493932,96.10782377065487,0.0002043863205,0.00021572348,1.1337164370977702e-05,5.519921844540616,0
10.41215429,-2.160042738,-1.447140411,10.731866424713886,348.28000754196745,97.74966723378397,0.0002043862623,0.00021572348,1.1337222570977697e-05,5.519951745564093,0
11.46828973,-2.163770427,-1.4415608,11.759322656177094,349.31536655881825,97.04153102202656,0.0002043862769,0.00021572348,1.1337207970977696e-05,5.519944244618466,0
11.17633192,-2.168710898,-1.434117514,11.474772119265657,349.01851561748833,97.1796032973923,0.0002043862769,0.00021572348,1.1337207970977696e-05,5.519944244618466,0
12.77044481,-2.170115147,-1.431991707,13.032431110326714,350.3557068699277,96.30834584686896,0.0002043862769,0.00021572348,1.1337207970977696e-05,5.519944244618466,0
0.5817372332,0.9568,-1.426601474,1.8135810470200011,58.70027479595632,141.87087796916018,0.0,0.0,0.0,0.0,1
-2.062022541,-0.6924728134,-1.424269793,2.600000000027398,198.5631909378092,123.215945445,0.0,0.0,0.0,0.0,1
12.79594106,0.9568,-1.421373296,12.910146238427194,4.276260234627557,96.32092921612444,0.0,0.0,0.0,0.0,1
2.38092578,0.9568,-1.416171282,2.930838601804973,21.8932454992912,118.89438673780067,0.0,0.0,0.0,0.0,1
11.68366863,-2.183272283,-1.411850608,11.969465846756576,349.41547914427764,96.77405718020242,0.0002043862769,0.00021572348,1.1337207970977696e-05,5.519944244618466,0
7.358535694,-2.184258335,-1.410324617,7.80436080401241,343.4673585856264,100.4111073906343,0.0002043864661,0.00020224052,-2.1459418685437705e-06,1.0448311952058902,0
13.83508691,0.9568,-1.408263743,13.939451309757558,3.956133721674803,95.79832430974945,0.0,0.0,0.0,0.0,1
9.937322648,-2.189740269,-1.401797972,10.271824638808688,347.57317347388465,97.84364307855044,0.0002043862769,0.00021572348,1.1337207970977696e-05,5.519944244618466,0
15.21903377,0.9568,-1.399476729,15.313163952867905,3.5973733903439324,95.24360289451477,0.0,0.0,0.0,0.0,1
14.44527492,0.9568,-1.394395032,14.543925579417934,3.789518874824239,95.50166834037832,0.0,0.0,0.0,0.0,1
12.55945417,-2.195638069,-1.392542089,12.825751013020987,350.0837868535905,96.23311494472664,0.0002043862478,0.00021572348,1.1337237070977693e-05,5.519959195134434,0
1.246051933,0.9568,-1.39210276,2.0990621129763296,37.51940663967673,131.54455588242138,0.0,0.0,0.0,0.0,1
1.687933472,0.9568,-1.380978462,2.3815304235734343,29.54660196360777,125.44141191495908,0.0,0.0,0.0,0.0,1
0.8311188786,0.9568,-1.380176151,1.873795890206427,49.02097214580334,137.4397889208551,0.0,0.0,0.0,0.0,1
15.08,-2.205320904,-1.377156385,15.302496528291249,351.67996055207834,95.16335030965854,0.0001008966065,0.00013555765,3.4661046766005225e-05,34.0158990142672,0
-0.4343494571,0.9568,-1.37399107,1.7297332601655118,114.41617469398034,142.59267520935748,0.0,0.0,0.0,0.0,1
11.99181345,-2.212234732,-1.366022508,12.27043560031308,349.5476617608288,96.39177806511827,0.0002043862187,0.00021572348,1.1337266170977691e-05,5.519974145654637,0
12.27447319,-2.213304401,-1.364288689,12.5468199991252,349.77839733805774,96.2424459367121,0.0002043862041,0.00021572348,1.1337280770977692e-05,5.519981646604516,0
11.83034173,-2.216646756,-1.358851411,12.112678706489389,349.38756084340275,96.44124164252264,0.0002043862623,0.00021572348,1.1337222570977697e-05,5.519951745564093,0
12.41136739,-2.218317868,-1.356121616,12.68077444363813,349.8663709963638,96.13912974925564,0.0002043861896,0.00021572348,1.1337295270977688e-05,5.519989096179078,0
1.670648772,-2.221660638,-1.350638371,3.090480111413308,306.94250645551466,115.91465697887924,0.0002043867571,0.00014599613,-5.839062213897607e-05,28.429594470176315,0
12.13240424,-2.224081133,-1.346648845,12.407869786578049,349.6120238967652,96.23068906185216,0.0002043862041,0.00021572348,1.1337280770977692e-05,5.519981646604516,0
9.371439819,-2.231452309,-1.334398964,9.725424632559983,346.60659320784833,97.88627505661526,0.0002043863205,0.00020224052,-2.1457962685437777e-06,1.0447610450978295,0
4.722976409,-2.232375678,-1.332853642,5.391336212729564,334.7016365345304,104.3131491709832,0.0002043866552,0.00018417467,-2.0211984478595745e-05,9.84094339474678,0
0.4112538796,0.9568,-1.329968922,1.6892049393048474,66.740893323396,141.9370872116085,0.0,0.0,0.0,0.0,1
-0.0175285785,0.9568,-1.327461669,1.6364375862612348,91.04954142432256,144.21235292243216,0.0,0.0,0.0,0.0,1
11.38193729,-2.240041324,-1.319929873,11.675122974785234,348.86610160134,96.4914474037862,0.0002043862478,0.00021572348,1.1337237070977693e-05,5.519959195134434,0
17.1057315,0.9568,-1.319449002,17.183202904551035,3.201472977626338,94.40391405186898,0.0,0.0,0.0,0.0,1
2.439000501,-2.241889674,-1.316788021,3.564929655198707,317.4112828491711,111.67694096433836,0.0002043867426,0.0001542437,-5.0143047748825047e-05,24.413965144031184,0
0.2207346883,0.9568,-1.316281356,1.642189590385987,77.00909655607933,143.27745571271964,0.0,0.0,0.0,0.0,1
13.10502147,-2.24593841,-1.309870473,13.360448634934066,350.27512567891023,95.62636819496686,0.0002043863497,0.00021572348,1.13371351709777e-05,5.51990684265893,0
3.195195897,-2.247347361,-1.307451659,4.119378208154861,324.8792871653104,108.50518877084215,0.0002043866989,0.00018086575,-2.3520944526628397e-05,11.452029100521464,0
-0.2093283713,0.9568,-1.301677475,1.629002411279212,102.34070863382198,143.04083076124255,0.0,0.0,0.0,0.0,1
12.8877428,-2.252119088,-1.299214999,13.147391926884676,350.08771364312344,95.67117990711644,0.0002043862769,0.00021572348,1.1337207970977696e-05,5.519944244618466,0
13.13506177,0.9568,-1.296122391,13.23348960758904,4.1662497316919485,95.6207085559002,0.0,0.0,0.0,0.0,1
14.08474768,0.9568,-1.294951035,14.176476347538305,3.886225638192059,95.24099193240602,0.0,0.0,0.0,0.0,1
11.56426994,-2.256107219,-1.292277145,11.852946437418035,348.960662051626,96.25916112772194,0.0002043863205,0.00021572348,1.1337164370977702e-05,5.519921844540616,0
14.5517829,0.9568,-1.287834066,14.63995793676616,3.761862414431676,95.046664318009,0.0,0.0,0.0,0.0,1
8.981901544e-15,-2.259543471,-1.286259423,2.6000000001144272,270.0000000000002,119.65096959686883,9.475292609e-05,0.00015287561,5.8122685002895264e-05,60.70068808995418,0
3.921967841,-2.262096769,-1.281763709,4.705510784587352,330.0246852302993,105.80691032082956,0.0002043866843,0.00018086575,-2.3520929926628396e-05,11.452022806051207,0
1.036019557,0.9568,-1.279115164,1.9039270903217969,42.72354821959266,132.20845564442448,0.0,0.0,0.0,0.0,1
15.53586148,0.9568,-1.278988011,15.61775491221544,3.524197836416022,94.69739556357696,0.0,0.0,0.0,0.0,1
14.304956,0.9568,-1.275932557,14.393583163755595,3.826580788690308,95.08571319026204,0.0,0.0,0.0,0.0,1
12.67700648,-2.271266543,-1.26544391,12.940884563764149,349.84241438409964,95.6117219456155,0.0002043862041,0.00021172952,7.343318461654441e-06,3.5753708452974133,0
11.73500994,-2.27667531,-1.255686876,12.019586444201025,349.0206059262076,95.99663512097482,0.0002043863642,0.00021572348,1.1337120670977703e-05,5.519899393095982,0
12.50536811,-2.277900709,-1.253462548,12.772792629879588,349.67653875237454,95.63180605438032,0.0002043863642,0.00021172952,7.343158361654452e-06,3.575290107625583,0
17.05824462,-1.137179099,-1.246343419,17.141477699925584,356.18604959150764,94.16961063943133,0.0,0.0,0.0,0.0,1
0.6927913468,0.9568,-1.240497642,1.7129683272052985,54.09278428951262,136.4006877645329,0.0,0.0,0.0,0.0,1
14.44326627,0.9568,-1.239637752,14.527907920354648,3.79004435385616,94.89488809251436,0.0,0.0,0.0,0.0,1
11.00630948,-2.285535552,-1.239486684,11.309237302701147,348.26886344674153,96.2922286664213,0.0002043862769,0.00021572348,1.1337207970977696e-05,5.519944244618466,0
11.89098495,-2.288297051,-1.234381062,12.171915341513266,349.1071818209513,95.82049868188652,0.0002043862478,0.00021572348,1.1337237070977693e-05,5.519959195134434,0
12.35121275,-2.288307848,-1.234361047,12.62190383410252,349.5038306548327,95.61221980032406,0.0002043861896,0.00021572348,1.1337295270977688e-05,5.519989096179078,0
12.19785495,-2.288337241,-1.234306554,12.471874974478952,349.3747206627754,95.67970041594504,0.0002043861896,0.00021572348,1.1337295270977688e-05,5.519989096179078,0
12.04433163,-2.288338915,-1.234303451,12.321766286229924,349.2424190183968,95.7491100353817,0.0002043862041,0.00021572348,1.1337280770977692e-05,5.519981646604516,0
14.72568762,0.9568,-1.232506587,14.80811988771092,3.717561585220381,94.77435457847685,0.0,0.0,0.0,0.0,1
14.59434482,-2.290538914,-1.230216031,14.824132376788146,351.0803605212345,94.7603017658264,0.0002043860441,0.00021572348,1.1337440770977703e-05,5.520063848864843,0
0.5253603108,0.9568,-1.229617919,1.6442110335628342,61.22966585491457,138.40420157566274,0.0,0.0,0.0,0.0,1
1.45282124,0.9568,-1.228584319,2.1296889970809896,33.368128176652874,125.23170364225132,0.0,0.0,0.0,0.0,1
13.66537787,0.9568,-1.226158471,13.753598916861389,4.005105659168578,95.11481420754252,0.0,0.0,0.0,0.0,1
13.38818741,0.9568,-1.221405327,13.477791337534,4.087749529981693,95.19948059716296,0.0,0.0,0.0,0.0,1
11.25994381,-2.295943136,-1.220100454,11.556224928840466,348.47517206969616,96.060555072464,0.0002043862623,0.00021572348,1.1337222570977697e-05,5.519951745564093,0
12.11959345,-2.35,-1.217544782,12.405219090747988,349.0264707874728,95.63252168240685,0.0,0.0,0.0,0.0,1
12.11467698,-2.65,-1.217505788,12.460747115384192,347.66129902773633,95.60716105394108,0.0,0.0,0.0,0.0,1
14.9811565,0.9568,-1.213115203,15.060616349049,3.6543404601491143,94.62011386433028,0.0,0.0,0.0,0.0,1
12.19640079,-2.494725735,-1.211844437,12.507774208973863,348.4398358763227,95.55995515299452,0.0,0.0,0.0,0.0,1
13.55550517,-2.300617301,-1.211263817,13.8025983211108,350.3676422517195,95.03453698814953,0.0002043863642,0.00021572348,1.1337120670977703e-05,5.519899393095982,0
12.03748435,-2.495736106,-1.210505775,12.352936995653922,348.28679713425845,95.6236307703008,0.0,0.0,0.0,0.0,1
8.700290311,-2.303368334,-1.206024179,9.080476391582495,345.17136414335084,97.63229534462288,0.0002043863642,0.00020224052,-2.1458399685437765e-06,1.0447820997766981,0
11.30669805,0.9568,-1.202958918,11.410696612927255,4.836982917028536,96.05158363106652,0.0,0.0,0.0,0.0,1
2.748315797,0.9568,-1.201547883,3.148400113578566,19.195076100184902,112.43515670704232,0.0,0.0,0.0,0.0,1
0.3706526266,0.9568,-1.199194262,1.578263757303957,68.82424109105978,139.44821445392063,0.0,0.0,0.0,0.0,1
11.91976263,0.9568,-1.198571948,12.018019059315767,4.589295534637131,95.7236943204026,0.0,0.0,0.0,0.0,1
12.27050494,-2.65,-1.194703618,12.610119278477374,347.81328098575585,95.43645088650874,0.0,0.0,0.0,0.0,1
13.26101803,-2.30985794,-1.193547778,13.513496926899968,350.11912159951663,95.06711735903298,0.0002043863497,0.00021172952,7.343172861654448e-06,3.5752974199017316,0
-1.509804846,-1.748421129,-1.193110591,2.599999999941363,229.188580614214,117.31541984737568,0.0,0.0,0.0,0.0,1
10.67991151,-2.310156321,-1.192970148,10.991838329547331,347.7944765482742,96.2307194317956,0.0002043862769,0.00021572348,1.1337207970977696e-05,5.519944244618466,0
11.46920743,-2.310738421,-1.191842251,11.76021764568673,348.60892649834875,95.81664147526412,0.0002043863205,0.00021572348,1.1337164370977702e-05,5.519921844540616,0
12.28248281,-2.35,-1.190786768,12.561841310285264,349.16853605525284,95.4394614635114,0.0,0.0,0.0,0.0,1
11.95948632,-2.65,-1.19070747,12.30729853856568,347.50618434375275,95.55194078861888,0.0,0.0,0.0,0.0,1
11.95686831,-2.35,-1.189805148,12.243563046470156,348.8808257602845,95.57669100443354,0.0,0.0,0.0,0.0,1
0.08795524142,0.9568,-1.182368011,1.523547333668812,84.74776298745405,140.90146551779912,0.0,0.0,0.0,0.0,1
13.90196359,0.9568,-1.177098509,13.984477780652938,3.937162372394084,94.8284011826878,0.0,0.0,0.0,0.0,1
16.40037608,0.9568,-1.17598533,16.47029882248077,3.338858390689097,94.0944234505822,0.0,0.0,0.0,0.0,1
0.8722090721,0.9568,-1.173451056,1.7473414910317495,47.64801958410487,132.18786423687084,0.0,0.0,0.0,0.0,1
1.989538595,0.9568,-1.168885093,2.4980036872735383,25.683623704806223,117.8998622294224,0.0,0.0,0.0,0.0,1
12.34392133,-2.490354634,-1.165152891,12.646416143070727,348.5938293518744,95.28633182248323,0.0,0.0,0.0,0.0,1
1.220057358,0.9568,-1.162287142,1.9377609752671945,38.10444436762771,126.85624423158436,0.0,0.0,0.0,0.0,1
13.00044804,-2.326432631,-1.160909649,13.257890074987902,349.8542989854911,95.02346280688482,0.0002043863205,0.00021172952,7.343202061654451e-06,3.5753121453161487,0
11.88785866,-2.50091781,-1.159811828,12.203316634787482,348.1195999710312,95.45366269277672,0.0,0.0,0.0,0.0,1
-0.09307623663,0.9568,-1.156775648,1.504080890654164,95.55617525786244,140.2723655518912,0.0,0.0,0.0,0.0,1
6.065255733,-2.328887183,-1.15597772,6.599039862507836,338.9946185106754,100.08876203936312,0.0002043865679,0.00018417467,-2.0211897178595752e-05,9.840905072446928,0
-2.327454825,-0.1086785976,-1.153751707,2.6000000002687496,182.67343763870807,116.3434338007969,0.0,0.0,0.0,0.0,1
-0.3576393532,0.9568,-1.152535481,1.5400357729355558,110.49508707633704,138.45043952701548,0.0,0.0,0.0,0.0,1
14.54053491,0.9568,-1.147132701,14.617063150394891,3.764764078748499,94.50114475245192,0.0,0.0,0.0,0.0,1
14.03759929,-2.334170676,-1.145271696,14.276350858288875,350.55924004212847,94.60130337154784,0.0002043862623,0.00021572348,1.1337222570977697e-05,5.519951745564093,0
-1.057954386,0.9568,-1.142429597,1.82753361308574,137.87422476267773,128.6910673657461,0.0,0.0,0.0,0.0,1
11.6436653,-2.335905031,-1.141730129,11.930420848391794,348.65613731081027,95.49155665432612,0.0002043854183,0.00021572348,1.1338066570977713e-05,5.520385363685633,0
16.58975091,-1.78451284,-1.138492916,16.72424848690526,353.8604611279849,93.90339367250704,0.0,0.0,0.0,0.0,1
12.78148578,-2.338295796,-1.136825742,13.04325031353793,349.6327269119638,95.00013922254658,0.0002043862769,0.00021172952,7.3432456616544445e-06,3.5753341325865597,0
1.717074287,0.9568,-1.131881146,2.268251590046137,29.1277284787862,119.9345505310378,0.0,0.0,0.0,0.0,1
7.395880175,0.9568,-1.129496857,7.542564083448739,7.371374586601803,98.61242273024038,0.0,0.0,0.0,0.0,1
3.252804033,0.9568,-1.127161745,3.5730510654750667,16.391046914660365,108.3887050332396,0.0,0.0,0.0,0.0,1
12.59934123,-2.34357058,-1.125911603,12.86481245223534,349.4629827913925,95.02087542708956,0.000204386597,0.00021172952,7.342925561654444e-06,3.575172707912603,0
-1.517984404,0.9568,-1.124675996,2.1176966229292207,147.77637922760834,122.07876403943068,0.0,0.0,0.0,0.0,1
12.41155836,-2.65,-1.124529082,12.741030043915195,347.94770748254393,95.06354010187454,0.0,0.0,0.0,0.0,1
10.2930556,-2.345075815,-1.122773095,10.616355004691826,347.1653290568515,96.07088672667167,0.0002043862769,0.00021572348,1.1337207970977696e-05,5.519944244618466,0
0.6150671204,0.9568,-1.117547054,1.5945799511160386,57.26556159281347,134.49451889244529,0.0,0.0,0.0,0.0,1
14.21871844,0.9568,-1.117547054,14.294625973907122,3.8497197011289472,94.48393236372168,0.0,0.0,0.0,0.0,1
0.6150671204,1.01,-1.117547054,1.62705838263451,58.65953202895798,133.381370503342,0.0,0.0,0.0,0.0,1
14.21871844,1.01,-1.117547054,14.298285403988135,4.063073731282316,94.48278242131664,0.0,0.0,0.0,0.0,1
11.8202962,-2.65,-1.116942385,12.16509196624275,347.3637614954664,95.2680524546023,0.0,0.0,0.0,0.0,1
0.212470403,0.9568,-1.114422251,1.484097997328643,77.47985610067889,138.66916266348534,0.0,0.0,0.0,0.0,1
-0.6842922922,0.9568,-1.113464591,1.6197300937425123,125.5719114849188,133.42767296788458,0.0,0.0,0.0,0.0,1
11.81439626,-2.35,-1.112429773,12.097105397084,348.750137756286,95.27627919885629,0.0001037615802,6.333284e-05,-4.0428742019059396e-05,38.59119148630349,0
11.96757363,-2.35,-1.112429773,12.246747265675411,348.8905246286231,95.2116293248921,9.45110296e-05,6.333284e-05,-3.11781914190594e-05,32.64355074972347,0
12.12108963,-2.35,-1.112429773,12.396806597602076,349.0277924410246,95.1483728497838,9.614988085e-05,3.969151e-05,-5.645837154938995e-05,58.11471002889033,0
12.27462028,-2.35,-1.112429773,12.546963896419092,349.16176221980425,95.08659570470296,9.997485904e-05,0.00014637028,4.639542021346047e-05,45.94749688640959,0
12.42780522,-2.35,-1.112429773,12.696863494033323,349.2922467005379,95.02638772233752,0.0001046433608,0.0001654377,6.079433663293523e-05,57.54676505230534,0
6.782672934,-2.352660323,-1.106792394,7.263928147252757,340.8702166703497,98.7641981259842,0.0002043865097,0.00020224052,-2.1459854685437914e-06,1.0448522016749533,0
15.20017575,0.9568,-1.10412136,15.27022897826016,3.6018247114873816,94.14641764096793,0.0,0.0,0.0,0.0,1
0.4723804201,0.9568,-1.096755261,1.530190054805295,63.72404892854553,135.78634788743364,0.0,0.0,0.0,0.0,1
14.07602742,0.9568,-1.096753977,14.151073579578943,3.888625815300657,94.44506591208813,0.0,0.0,0.0,0.0,1
0.7578248797,1.01,-1.096734097,1.6724904268230432,53.11830901596386,130.9764753363873,0.0,0.0,0.0,0.0,1
14.36148286,1.01,-1.096732111,14.438667225937868,4.0228168576693975,94.3562679963124,0.0,0.0,0.0,0.0,1
14.37378261,0.9568,-1.092894402,14.446989684133554,3.8083118530402658,94.33848965868616,0.0,0.0,0.0,0.0,1
0.7701463047,0.9568,-1.092889506,1.644079998956252,51.16875829823107,131.66255774201545,0.0,0.0,0.0,0.0,1
0.4599452478,1.01,-1.092875577,1.557570755303555,65.51589153354894,134.55984677124297,0.0,0.0,0.0,0.0,1
14.0635824,1.01,-1.092870953,14.142093792699187,4.107741097026974,94.43211489638634,0.0,0.0,0.0,0.0,1
-2.156628652,0.9568,-1.092468132,2.600000000396713,156.07527268326885,114.84595536320172,0.0,0.0,0.0,0.0,1
12.49104189,0.9568,-1.089316874,12.574903776558925,4.380239874063022,94.96954765107324,0.0,0.0,0.0,0.0,1
1.043503432,0.9568,-1.084522605,1.7834110388106732,42.51806000351149,127.45347537693056,0.0,0.0,0.0,0.0,1
11.39336024,-2.365094965,-1.079965651,11.686259348449402,348.272789369453,95.30245707201344,0.0002043862769,0.00021572348,1.1337207970977696e-05,5.519944244618466,0
11.77189196,-2.509770756,-1.075392314,12.084405578868816,347.96471616542533,95.10551025701034,0.0,0.0,0.0,0.0,1
12.47414196,-2.51377972,-1.071611879,12.769951375715172,348.6063934193735,94.81373243410115,0.0,0.0,0.0,0.0,1
17.41928244,0.3809607979,-1.068937109,17.456206873116113,1.2528625638456674,93.51072407787116,0.0,0.0,0.0,0.0,1
13.77235984,0.9568,-1.05985742,13.846178518030666,3.974094574075423,94.39000651030034,0.0,0.0,0.0,0.0,1
13.58214114,0.9568,-1.054333517,13.65656045100486,4.029569918898403,94.42783762061106,0.0,0.0,0.0,0.0,1
1.36154387,0.9568,-1.053266597,1.9694259250579944,35.09692790935901,122.3309553167449,0.0,0.0,0.0,0.0,1
11.17732148,-2.377732814,-1.051849164,11.475735944411117,347.990584734394,95.259028681227,0.0002043862769,0.00021572348,1.1337207970977696e-05,5.519944244618466,0
14.82956035,0.9568,-1.051290091,14.897534603743228,3.691594414864994,94.04661525223366,0.0,0.0,0.0,0.0,1
15.85239057,0.9568,-1.04918831,15.915858416487174,3.4540012886942577,93.77973240114068,0.0,0.0,0.0,0.0,1
-1.977658284,-1.323371289,-1.047643137,2.59999999987049,213.78888452632808,113.76208042490153,0.0,0.0,0.0,0.0,1
11.56695142,-2.380514767,-1.045537872,11.855562624790585,348.37072081932166,95.0594672888609,0.0002043856657,0.00021572348,1.1337819170977704e-05,5.520258257720126,0
9.246280304,0.9568,-1.043791885,9.354072225471118,5.907908340049346,96.40680126098296,0.0,0.0,0.0,0.0,1
14.65846349,0.9568,-1.041581443,14.726537611742447,3.734562291063355,94.05581346513486,0.0,0.0,0.0,0.0,1
0.0475742656,0.9568,-1.039536946,1.4136359548506066,87.15346820705679,137.33797993258588,0.0,0.0,0.0,0.0,1
14.99303777,0.9568,-1.039162305,15.05943246303723,3.65145240680647,93.9567869676639,0.0,0.0,0.0,0.0,1
4.867338147,0.9568,-1.030978359,5.066494177828266,11.12115240934628,101.7410899979439,0.0,0.0,0.0,0.0,1
0.3307516734,0.9568,-1.028843452,1.4433924477356035,70.93048581823052,135.46281176028867,0.0,0.0,0.0,0.0,1
13.93438189,0.9568,-1.028828864,14.005033156967514,3.9280312827278863,94.21282116061144,0.0,0.0,0.0,0.0,1
0.8994217954,1.01,-1.028816332,1.6992711999650008,48.31440430975852,127.26091630916947,0.0,0.0,0.0,0.0,1
14.50308829,1.01,-1.028805837,14.574570710582885,3.983665911400294,94.04782389486974,0.0,0.0,0.0,0.0,1
9.826011818,-2.389097858,-1.025773574,10.164177696581882,346.334270553095,95.79217759253277,0.0002043862914,0.00021572348,1.13371934709777e-05,5.519936795050237,0
8.353228223,0.9568,-1.022328655,8.469772362015277,6.534326791544231,96.93268816255414,0.0,0.0,0.0,0.0,1
14.51362886,0.9568,-1.021314118,14.580945492438104,3.771723249072977,94.01653953566192,0.0,0.0,0.0,0.0,1
0.3201460062,1.01,-1.02130631,1.4716181719901484,72.41262176468803,133.94776198544184,0.0,0.0,0.0,0.0,1
0.9099891214,0.9568,-1.021305662,1.6693147385378238,46.436425684936296,127.7205891015841,0.0,0.0,0.0,0.0,1
13.92377791,1.01,-1.021292128,13.997668695097722,4.148842386778824,94.1841089157939,0.0,0.0,0.0,0.0,1
13.37832866,-2.39122473,-1.020805706,13.628634477956442,349.8660422560281,94.29556503073468,0.0002043863205,0.00021172952,7.343202061654451e-06,3.5753121453161487,0
12.92315046,0.9568,-1.019840512,12.998590643670362,4.234320600318597,94.49992414676814,0.0,0.0,0.0,0.0,1
12.52377818,-2.65,-1.013943545,12.841168226228143,348.0525857528816,94.52881095635382,0.0,0.0,0.0,0.0,1
10.10038116,0.9568,-1.010600537,10.19580694514503,5.411429412616826,95.6884541115362,0.0,0.0,0.0,0.0,1
11.71552275,-2.395824804,-1.009962133,12.000561374674234,348.44236710903766,94.82769883891592,0.0001008837571,7.246667e-05,-2.841708918383993e-05,27.891677724397475,0
1.556132106,0.9568,-1.00568115,2.085283660989391,31.58560474899963,118.83412205894024,0.0,0.0,0.0,0.0,1
15.47866426,-2.365138975,-1.003585791,15.690446586530369,351.31240456622976,93.66723211495956,0.0,0.0,0.0,0.0,1
11.71098805,-2.65,-1.003567306,12.04893723300586,347.2496558305855,94.77775440418408,0.0,0.0,0.0,0.0,1
13.13899057,-2.398653262,-1.003226061,13.393769939763851,349.6540195702132,94.29561681140092,0.0002043863933,0.00021172952,7.343129261654454e-06,3.575275432646908,0
12.53225071,-2.399134693,-1.002074212,12.799113557579178,349.16259643840243,94.49042358088076,0.0001003611978,0.00015261903,5.225783392358871e-05,51.55605405009205,0
13.42601514,0.9568,-0.9997793138,13.497144418572828,4.076271194573167,94.24798366811422,0.0,0.0,0.0,0.0,1
10.9274309,-2.402459445,-0.9940767659,11.23248619298714,347.6004604267158,95.07732795916117,0.0002043862769,0.00021572348,1.1337207970977696e-05,5.519944244618466,0
12.69117546,-2.405145827,-0.9875593911,12.95476493636961,349.2689526807422,94.3719767914696,0.0002043867862,0.0001654377,-3.894908876706475e-05,18.96377536631651,0
13.21316548,0.9568,-0.9863757369,13.28443244313466,4.141708765295959,94.25815897989004,0.0,0.0,0.0,0.0,1
12.89785148,-2.410686631,-0.9739558333,13.157301121363735,349.41322264613706,94.24514475320234,0.0002043865679,0.00021172952,7.342954661654442e-06,3.5751873828621688,0
11.69135316,-2.533083539,-0.9731189911,12.002133622745342,347.7750785070665,94.65057979040272,0.0,0.0,0.0,0.0,1
2.380504262,0.9568,-0.9649608247,2.7410611402531444,21.896755589214703,110.61208925680114,0.0,0.0,0.0,0.0,1
15.97685197,-2.242519544,-0.9626851149,16.162161223269766,352.01013038282736,93.41479466126634,0.0,0.0,0.0,0.0,1
15.47711889,0.9568,-0.961596174,15.536452058853278,3.537539840653721,93.54847032549924,0.0,0.0,0.0,0.0,1
12.55752232,-2.526063738,-0.961547478,12.845113404644774,348.62620765258924,94.29300959637646,0.0,0.0,0.0,0.0,1
1.201958069,0.9568,-0.9612120956,1.81220808197126,38.52099687871021,122.03311656267522,0.0,0.0,0.0,0.0,1
11.50281057,-2.415931836,-0.9608711489,11.792991605622824,348.1385911606886,94.67353494972969,0.0002043862041,0.00021572348,1.1337280770977692e-05,5.519981646604516,0
-0.1829869797,0.9568,-0.9570281947,1.3655963679618035,100.82701660691714,134.49229738796868,0.0,0.0,0.0,0.0,1
7.97359122,-2.418048762,-0.9555313629,8.386784660676364,343.1296963388138,96.54208476375857,0.0002043864224,0.00020224052,-2.1458981685437716e-06,1.0448101405479138,0
-1.089788393,-2.159906334,-0.9524525641,2.6000000000060592,243.22661018559563,111.48932737855084,0.0,0.0,0.0,0.0,1
10.77708037,0.9568,-0.9521003441,10.861280891620227,5.073474828862686,95.0290052598541,0.0,0.0,0.0,0.0,1
-0.437810258,-2.38547978,-0.936914295,2.5999999998027348,259.60016752944387,111.12179373970667,0.0,0.0,0.0,0.0,1
13.70087218,0.9568,-0.9323918462,13.76585338028697,3.994763425992289,93.8837439098014,0.0,0.0,0.0,0.0,1
1.778969432,0.9568,-0.9257395541,2.2219793432918475,28.273118534397558,114.62190242178816,0.0,0.0,0.0,0.0,1
11.3456786,-2.430501822,-0.9233963913,11.639777613713637,347.9086953037136,94.55011853439498,0.0002043863497,0.00021678118,1.2394826577436316e-05,6.034883328683219,0
13.82082816,0.9568,-0.9203396038,13.884443894321866,3.960202227916113,93.80067557680763,0.0,0.0,0.0,0.0,1
0.2171539225,0.9568,-0.9203094809,1.3452106179671506,77.21285302415254,133.1678404915233,0.0,0.0,0.0,0.0,1
1.013045238,1.01,-0.9202241394,1.7009330148388992,44.91375420086791,122.75251530722625,0.0,0.0,0.0,0.0,1
14.61670733,1.01,-0.920209977,14.680429815664326,3.952798501388656,93.59381410947516,0.0,0.0,0.0,0.0,1
10.61913001,-2.432507934,-0.9180986607,10.932791142660443,347.09793660663934,94.81717812585924,0.0002043862914,0.00021678118,1.2394884877436316e-05,6.034913427253361,0
0.2094512117,1.01,-0.9099093888,1.3754653415877072,78.28421164388084,131.41654180475552,0.0,0.0,0.0,0.0,1
13.81308206,1.01,-0.9098809851,13.879813377828262,4.181973059310508,93.75867815112724,0.0,0.0,0.0,0.0,1
14.62436493,0.9568,-0.9098669451,14.68384737402291,3.7432451685142496,93.55253989362312,0.0,0.0,0.0,0.0,1
1.020787417,0.9568,-0.9097645091,1.6688752657773724,43.14676697179078,123.03397927060304,0.0,0.0,0.0,0.0,1
14.75375193,0.9568,-0.9017792889,14.812220229859792,3.7105098830630814,93.49036927452102,0.0,0.0,0.0,0.0,1
15.07353668,0.9568,-0.8996139491,15.13064042070661,3.6320044799840616,93.40861312472356,0.0,0.0,0.0,0.0,1
1.398092223,0.9568,-0.8947177594,1.9158935181786168,34.386222507165826,117.83958294300356,0.0,0.0,0.0,0.0,1
14.43492473,-2.441220057,-0.8946757151,14.667210094719936,350.4010214857767,93.49711937444226,0.0002043859131,0.00021414076,9.754847263079603e-06,4.749521092193933,0
-0.4897733857,0.9568,-0.8925093176,1.397110264561412,117.1073119400176,129.7042772147242,0.0,0.0,0.0,0.0,1
0.02723684363,0.9568,-0.8908920868,1.3076302214210958,88.36942426711141,132.94552984430288,0.0,0.0,0.0,0.0,1
14.89668395,0.9568,-0.8902611931,14.953903301082544,3.675005990725822,93.41304789999504,0.0,0.0,0.0,0.0,1
13.56594125,0.9568,-0.888028554,13.628603118117825,4.034365985979719,93.73599265069709,0.0,0.0,0.0,0.0,1
4.027688138,0.9568,-0.8835127954,4.233005177958259,13.363235676992986,102.04735089488724,0.0,0.0,0.0,0.0,1
15.26498411,0.9568,-0.8802858129,15.320251604688009,3.586572959468868,93.2939704587543,0.0,0.0,0.0,0.0,1
11.6466329,-2.448240514,-0.8752818891,11.933317137625224,348.12868891927144,94.20629349346036,0.0001124276969,0.00011853549,6.1077953199621785e-06,5.3847477176116225,0
12.59600087,-2.65,-0.8739755376,12.901378653359648,348.1191373531789,93.88435144791777,0.0,0.0,0.0,0.0,1
13.61075165,-2.450933397,-0.8677127884,13.856859690336067,349.7919565910787,93.59019508618736,0.0002043861896,0.00021414076,9.754570763079596e-06,4.7493800737416265,0
12.59855224,-2.45153697,-0.8660060547,12.864039744421769,348.98849056297627,93.86006634410558,0.0001046803227,0.00015503027,5.034994682501386e-05,47.643634631912285,0
-2.329652875,-0.7657906854,-0.8638762116,2.60000000015568,198.1964441441256,109.40601076780364,0.0,0.0,0.0,0.0,1
-0.9849620645,0.9568,-0.8623132564,1.6214810084201647,135.8309227713728,122.12755733842374,0.0,0.0,0.0,0.0,1
0.51570015,-2.452853472,-0.8622701684,2.6506502302501254,281.8732223877792,108.98406337519748,0.0002043867426,0.0001365111,-6.787564784823218e-05,33.04772595786433,0
11.6423667,-2.65,-0.8618166612,11.97121256743822,347.1769815054487,94.12833778853064,0.0,0.0,0.0,0.0,1
11.13998517,-2.454369893,-0.8579443038,11.439373653653751,347.57505341900566,94.30117850479064,0.0002043863205,0.00021813472,1.3748402172402861e-05,6.693923012464144,0
5.167367777,-2.457018683,-0.8503288715,5.784608002371072,334.56949737324686,98.45302679982292,0.000204386597,0.00018658591,-1.780068847717059e-05,8.66691825911629,0
13.07450537,-2.457497552,-0.8489439216,13.33051726941856,349.35482866208656,93.6513093677512,0.0002043865679,0.00021414076,9.7541924630796e-06,4.749187136633388,0
-2.422964627,0.4299974752,-0.8392523978,2.5999999999201293,169.93663588802224,108.83169914382177,0.0,0.0,0.0,0.0,1
17.5169763,-0.3454685699,-0.8377338321,17.54039923151681,358.87016315134395,92.73750208651312,0.0,0.0,0.0,0.0,1
-1.275257983,0.9568,-0.8312945641,1.7979988363476316,143.11985241368154,117.5384864798433,0.0,0.0,0.0,0.0,1
12.74665579,-2.464103225,-0.8295753717,13.009121178216734,349.05889883358464,93.65616092775088,0.0002043872082,0.00016784894,-3.6538272965639615e-05,17.7899457740619,0
13.27839332,-2.464266508,-0.8290902119,13.530547999343542,349.4863935821049,93.51302452560536,0.0002043863642,0.00021414076,9.75439616307961e-06,4.749291025757206,0
11.49392461,-2.466670368,-0.8219107596,11.78432445842693,347.8876740098649,93.99940460348353,0.0002043871209,0.00021813472,1.3747601772402866e-05,6.693507222926784,0
1.564414594,0.9568,-0.7957288883,1.99901068671364,31.450063432387708,113.45703978582128,0.0,0.0,0.0,0.0,1
13.37416254,0.9568,-0.7922011137,13.431726340678876,4.092021611031498,93.3812583814991,0.0,0.0,0.0,0.0,1
1.198735017,-2.477812988,-0.7876819126,2.8630343413799064,295.81711801139465,105.96924678098384,0.0002043867571,0.00014332302,-6.106373620685092e-05,29.73109711115397,0
2.031780268,0.9568,-0.786016938,2.37937385130144,25.216546382075705,109.2897853702372,0.0,0.0,0.0,0.0,1
10.23420236,-2.478553971,-0.7853471932,10.559303857094772,346.38603890329955,94.26530653360442,0.0002043863205,0.00021813472,1.3748402172402861e-05,6.693923012464144,0
11.70823584,0.9568,-0.7842664378,11.773416096041116,4.671844241587962,93.81949088762474,0.0,0.0,0.0,0.0,1
13.74653299,0.9568,-0.7819882323,13.80196149395491,3.981537072129868,93.24798988088202,0.0,0.0,0.0,0.0,1
0.1428449021,0.9568,-0.781882615,1.243869498659404,81.5087755852482,128.94609396198376,0.0,0.0,0.0,0.0,1
14.6909629,1.01,-0.7818186798,14.746380280504791,3.932881912283051,93.03911345706888,0.0,0.0,0.0,0.0,1
1.087341259,1.01,-0.7817333454,1.6773544756055534,42.88812587112966,117.77828592285135,0.0,0.0,0.0,0.0,1
12.92374938,-2.481523171,-0.7759141387,13.182689332450144,349.1307764740691,93.37429739235756,0.0002043867571,0.0001960749,-8.311850246972352e-06,4.046926084394734,0
0.1387706679,1.01,-0.769670982,1.277399983874376,82.17673235160424,127.05126459042624,0.0,0.0,0.0,0.0,1
13.74240782,1.01,-0.7696266202,13.800949163942226,4.20340315466018,93.1968268497987,0.0,0.0,0.0,0.0,1
14.69504748,0.9568,-0.7695689146,14.74625793188811,3.725291141082039,92.99147691431592,0.0,0.0,0.0,0.0,1
1.091455985,0.9568,-0.769381338,1.6427690192035491,41.23868627419711,117.92686839076303,0.0,0.0,0.0,0.0,1
1.26653107,0.9568,-0.7643977205,1.761780652175787,37.0691972532818,115.7139154992458,0.0,0.0,0.0,0.0,1
-0.0511356526,0.9568,-0.7579046077,1.2216793725604598,93.05923110503043,128.34383908296667,0.0,0.0,0.0,0.0,1
9.286544297,-2.488011925,-0.7548487665,9.643645834401635,345.0017852097686,94.489374192857,0.0002043863497,0.00021414076,9.754410663079607e-06,4.74929842091624,0
15.08,-2.488156786,-0.7543711359,15.302496528422964,350.6307747416381,92.82567017568334,0.0001101316666,0.00013796889,2.7837224467430372e-05,25.048867995137552,0
10.88596653,-2.489946236,-0.7484435467,11.192152040293577,347.1163688095734,93.8343548081537,0.0002043863642,0.00021813472,1.3748358472402862e-05,6.693900311227605,0
14.8183914,0.9568,-0.7481071466,14.868081726516971,3.694369148645933,92.8841305813138,0.0,0.0,0.0,0.0,1
1.414482362,0.9568,-0.746720362,1.863818095049651,34.07564693858541,113.6182034730154,0.0,0.0,0.0,0.0,1
15.66834661,0.9568,-0.746061919,15.71525246752595,3.494472817400436,92.72106809593237,0.0,0.0,0.0,0.0,1
11.32074285,-2.491457007,-0.7433989399,11.615473243798547,347.588267802379,93.66948057195076,0.0002043863497,0.00021813472,1.3748372972402858e-05,6.693907843673438,0
-0.7760536128,0.9568,-0.7343048821,1.4341998151637825,129.0452605313585,120.79688857371104,0.0,0.0,0.0,0.0,1
14.97037416,0.9568,-0.7312650297,15.018732212608954,3.656965341509135,92.79084625804576,0.0,0.0,0.0,0.0,1
11.62115492,-2.496899871,-0.7249076025,11.908452530560062,347.8738882584692,93.48994465743829,0.0001071577499,0.00011853549,1.1377742319962182e-05,10.51958119550542,0
17.03794718,-1.550028179,-0.7237786107,17.123611971236407,354.8018226390668,92.42249227194172,0.0,0.0,0.0,0.0,1
14.03431182,-2.497550625,-0.7226623518,14.273118378971663,349.9092638483633,92.9021838537883,0.0002043858258,0.00021414076,9.754934563079595e-06,4.749565616362799,0
12.62109983,-2.65,-0.7185009742,12.916303827672698,348.1420946979432,93.18886384869904,0.0,0.0,0.0,0.0,1
12.62109457,-2.499738213,-0.7150586481,12.886117652289167,348.79696751125084,93.18101221157424,0.0001132929392,0.00015503027,4.173733032501387e-05,36.51785544860138,0
2.796026303,0.9568,-0.7126459532,3.039916706372098,18.890942850968145,103.55799226378451,0.0,0.0,0.0,0.0,1
13.55109425,0.9568,-0.7086794778,13.603302842127642,4.038771543196219,92.98624038518555,0.0,0.0,0.0,0.0,1
15.41173091,0.9568,-0.7083877747,15.45764306489168,3.552510349360944,92.62665206324232,0.0,0.0,0.0,0.0,1
11.62123987,-2.65,-0.7057527448,11.940427255876164,347.1544425847946,93.38850816438968,0.0,0.0,0.0,0.0,1
7.269586074,-2.503046933,-0.7033889745,7.720549312422245,341.0005093653699,95.22724218089884,0.0002043864661,0.00020465176,2.652959328813885e-07,0.1291691404594397,0
-0.2870429692,0.9568,-0.7024802363,1.2212036638330463,106.6994073565612,125.11615682306416,0.0,0.0,0.0,0.0,1
2.01832653,-2.504649251,-0.6976619019,3.29144982972541,308.86297899132154,102.23734839378471,0.0002043867426,0.00016994508,-3.444166218465427e-05,16.769174947056328,0
12.79201947,-2.505479945,-0.6946727595,13.0535727721742,348.918178302631,93.05055395678392,0.0002043869317,0.00016784894,-3.653799646563961e-05,17.789835099639696,0
15.1684125,0.9568,-0.6928747291,15.21434452746426,3.6093471561932233,92.61020333984948,0.0,0.0,0.0,0.0,1
16.68400445,0.9568,-0.6762817426,16.725095746302735,3.282222905584092,92.31739517905822,0.0,0.0,0.0,0.0,1
13.11544775,-2.510947413,-0.6746429346,13.37067573771188,349.16189136779525,92.89219587872986,0.0002043864661,0.00021414076,9.754294263079617e-06,4.7492390556690225,0
2.806842901,-2.512696497,-0.6680990301,3.826011901569404,318.1649736612295,100.05655787287844,0.0002043867426,0.00017773226,-2.6654481236583087e-05,12.977702893167695,0
17.40345111,0.9568,-0.6679137033,17.442525204029838,3.1468166293595345,92.1945213898374,0.0,0.0,0.0,0.0,1
12.78644945,0.9568,-0.666865652,12.83952746697567,4.279422790959586,92.97719577065271,0.0,0.0,0.0,0.0,1
12.23899489,0.9568,-0.6650747731,12.294339616720375,4.470083580724918,93.10098701400494,0.0,0.0,0.0,0.0,1
1.74336522,0.9568,-0.6610916585,2.095669513841324,28.75901988397436,108.38834821332102,0.0,0.0,0.0,0.0,1
13.11836814,0.9568,-0.6606167391,13.169793596429148,4.1715327412780425,92.87524947629458,0.0,0.0,0.0,0.0,1
3.529372597,-2.517719047,-0.648915095,4.383659536118193,324.4973958294844,98.51280547910136,0.0002043866989,0.00016994508,-3.444161848465427e-05,16.769157238085526,0
11.48604983,-2.518211229,-0.6470024796,11.776643864009529,347.634076614644,93.14938498732904,0.0002043858112,0.00021813472,1.3748911472402848e-05,6.694187583880598,0
16.0610795,0.9568,-0.641053468,16.10231941349305,3.409228424951948,92.28161959150572,0.0,0.0,0.0,0.0,1
11.11796151,-2.520265863,-0.6389522535,11.417927488835147,347.2278036473287,93.2079728889396,0.0002043863642,0.00021813472,1.3748358472402862e-05,6.693900311227605,0
4.347069698,-2.521669478,-0.6333901207,5.065275408163605,329.88262717500123,97.1833859169124,0.0002043866698,0.000173254,-3.113267303662162e-05,15.158078694658117,0
5.633737998,0.9568,-0.6301220214,5.749045471377164,9.638798551648392,96.29252492789384,0.0,0.0,0.0,0.0,1
0.1151642783,0.9568,-0.6274034431,1.149940925182722,83.13666768509853,123.065417894637,0.0,0.0,0.0,0.0,1
13.71881543,0.9568,-0.6273951617,13.766444266088852,3.989555438145942,92.61211606667644,0.0,0.0,0.0,0.0,1
14.71862566,1.01,-0.6271785984,14.76656338873407,3.925513431396041,92.43424949755678,0.0,0.0,0.0,0.0,1
1.114975077,1.01,-0.6271405424,1.6299002062251915,42.17185234730164,112.62960857451162,0.0,0.0,0.0,0.0,1
0.1150768655,1.01,-0.6144253519,1.1877967831370584,83.49989353467248,121.15007874493654,0.0,0.0,0.0,0.0,1
13.71872854,1.01,-0.6143677441,13.769570090572948,4.210632387804935,92.55725983623064,0.0,0.0,0.0,0.0,1
14.71870719,0.9568,-0.6141932759,14.762555367046671,3.719319712216589,92.38446812443112,0.0,0.0,0.0,0.0,1
1.115055317,0.9568,-0.614111414,1.5924658328438477,40.63203623256669,112.68320074036784,0.0,0.0,0.0,0.0,1
14.86808457,0.9568,-0.6119166949,14.911399902831707,3.682055589753873,92.35189801729416,0.0,0.0,0.0,0.0,1
1.31590753,0.9568,-0.6093403833,1.7373469918904778,36.02100351166018,110.53199536394204,0.0,0.0,0.0,0.0,1
1.49473234,0.9568,-0.603497595,1.8745400383594533,32.62390112133943,108.78055243143284,0.0,0.0,0.0,0.0,1
10.60106418,-2.529172265,-0.6027334865,10.915244465895976,346.5813718750547,93.16544987273858,0.0002043863642,0.00021813472,1.3748358472402862e-05,6.693900311227605,0
12.91868213,-2.529531364,-0.6012246501,13.177721653507822,348.92141200447725,92.61498899557164,0.0002043865097,0.00019016658,-1.4219927812248194e-05,6.923496500826019,0
-1.634815697,0.9568,-0.5957557505,1.985702273104257,149.6610657633409,107.4589663350747,0.0,0.0,0.0,0.0,1
-0.553200066,0.9568,-0.5918069537,1.2536873707069391,120.03552744232331,118.16764752888923,0.0,0.0,0.0,0.0,1
9.876404929,-2.532747104,-0.5875305158,10.212902345630848,345.6167787085757,93.29794738292958,0.0002043863497,0.00021813472,1.3748372972402858e-05,6.693907843673438,0
-1.767943353,-1.814918354,-0.5834789385,2.600000000533853,225.75116354343797,102.96847905984288,0.0,0.0,0.0,0.0,1
11.64285151,-2.53637218,-0.5716783742,11.929626619593556,347.7102414765617,92.74671693439092,0.000105773921,9.680672e-05,-8.967203079882918e-06,8.39830830965074,0
13.37337248,-2.537871055,-0.5649871762,13.623769356896004,349.2547268538528,92.37677736843348,0.0002043863205,0.00021414076,9.75443986307961e-06,4.749313313239676,0
12.74286864,-2.538109693,-0.5639141643,13.005410457755426,348.7353145237409,92.4851222141918,0.0002043865243,0.00015503027,-4.935625477498615e-05,24.03091193212531,0
-0.1104050217,0.9568,-0.5633786308,1.1158185293580043,96.58224141704504,120.3248247356858,0.0,0.0,0.0,0.0,1
12.59660988,-2.65,-0.5629797289,12.884643054585018,348.11969543539226,92.50427076871824,0.0,0.0,0.0,0.0,1
12.59633915,-2.538501188,-0.562149198,12.861872335865886,348.6059721249098,92.50500386440548,0.0001012738867,0.00015503027,5.375638282501387e-05,52.561200673537975,0
13.38000032,0.9568,-0.5579662023,13.42576631280722,4.090242296721158,92.38186168686514,0.0,0.0,0.0,0.0,1
13.70394634,-2.540471938,-0.5531747777,13.94841013492392,349.49759248524254,92.27286794087598,0.0002043861459,0.00021414076,9.754614463079595e-06,4.749402361261989,0
11.64967965,-2.65,-0.5509272522,11.95997729031459,347.1847651357551,92.64022076278955,0.0,0.0,0.0,0.0,1
11.32990832,-2.542070511,-0.5457815637,11.624406330551931,347.3540793554243,92.69110350834018,0.0002043863205,0.00021813472,1.3748402172402861e-05,6.693923012464144,0
11.2563339,0.9568,-0.5396509612,11.309807348854944,4.858521634051556,92.73492432896762,0.0,0.0,0.0,0.0,1
8.604617577,-2.547596123,-0.5193784672,8.988851074777745,343.50739347602547,93.31241190713877,0.0002043863642,0.00020465176,2.6539783288138247e-07,0.12921881835492488,0
6.671666254,0.9568,-0.5171317325,6.75973535528728,8.161280321893742,94.3875154463904,0.0,0.0,0.0,0.0,1
6.565310075,-2.548661331,-0.5141258802,7.061394790105042,338.78372740325096,94.17528430461256,0.0002043865097,0.00020465176,2.6525233288136755e-07,0.1291478847704317,0
3.582687537e-15,-2.548875861,-0.5130612467,2.599999999548817,270.00000000000006,101.38094094012894,0.0001020405034,0.00015528685,5.3246345494320434e-05,51.67516048288293,0
15.00319,0.9568,-0.5099813876,15.042315560836984,3.648988251285516,91.9428778474225,0.0,0.0,0.0,0.0,1
-2.543554988,-0.1798032591,-0.5079358342,2.6000000001205983,184.0434979469645,101.26575082634956,0.0,0.0,0.0,0.0,1
-1.109497141,0.9568,-0.5077481146,1.550567087799502,139.22641422844345,109.11465730216418,0.0,0.0,0.0,0.0,1
13.57491769,0.9568,-0.5049184428,13.617958700339582,4.031707054119465,92.12486533020666,0.0,0.0,0.0,0.0,1
2.333602325,0.9568,-0.5028792818,2.571780243976746,22.294113581790725,101.27612005968848,0.0,0.0,0.0,0.0,1
11.48646751,-2.551669598,-0.4989812232,11.777051237756814,347.47536932917177,92.42828855231306,0.0002043861314,0.00021813472,1.374859127240287e-05,6.6940212460727375,0
1.952766975,0.9568,-0.4964412122,2.2305198891337543,26.10353334389856,102.8598789114676,0.0,0.0,0.0,0.0,1
14.82561977,0.9568,-0.4839202054,14.864341444201596,3.6925729089536494,91.86563835572412,0.0,0.0,0.0,0.0,1
14.48178056,-2.55556884,-0.4786103877,14.713326210860249,349.9921717342264,91.86410559147242,0.0002043852437,0.00021414076,9.755516663079606e-06,4.749862496124207,0
1.223231801,0.9568,-0.4731476009,1.6234626362239228,38.03217131360213,106.94439486066938,0.0,0.0,0.0,0.0,1
0.1367341454,0.9568,-0.4719532184,1.0755939321492969,81.86705548321476,116.02631003153624,0.0,0.0,0.0,0.0,1
13.74043225,0.9568,-0.4717996028,13.781782886188648,3.983299181735618,91.96182228514284,0.0,0.0,0.0,0.0,1
1.093292836,1.01,-0.4716012938,1.561344614607152,42.73220566712473,107.58066296648218,0.0,0.0,0.0,0.0,1
14.696939,1.01,-0.4715844115,14.739148816227171,3.931287731131136,91.83351216323302,0.0,0.0,0.0,0.0,1
10.91022743,-2.557910532,-0.4659331613,11.21575064696251,346.80527754694816,92.38090959310244,0.0002043862914,0.00021813472,1.3748431272402858e-05,6.693938129311223,0
17.43950642,-0.9884556152,-0.4644189445,17.4736691519684,356.7559973359092,91.52299891983716,0.0,0.0,0.0,0.0,1
13.07936052,-2.558561736,-0.4623438581,13.335279210132075,348.9316689638327,91.98688466670616,0.0002043865097,0.00021414076,9.754250663079596e-06,4.7492168192191615,0
10.29566862,-2.558826678,-0.4608752911,10.618888469837309,346.0428228714733,92.48750199646514,0.0002043863642,0.00021813472,1.3748358472402862e-05,6.693900311227605,0
0.1407073069,1.01,-0.4594876752,1.118493392861912,82.06893328131173,114.25569443609449,0.0,0.0,0.0,0.0,1
13.74438033,1.01,-0.4594225359,13.789095681812633,4.202802069488371,91.9093235299042,0.0,0.0,0.0,0.0,1
1.089321471,0.9568,-0.459171518,1.5208306908147364,41.294291007307095,107.57305084895812,0.0,0.0,0.0,0.0,1
14.69296783,0.9568,-0.4591566776,14.731245526023914,3.7258169355704354,91.78613554710932,0.0,0.0,0.0,0.0,1
-2.374040351,0.9568,-0.4565809569,2.599999999688446,158.0492834098053,100.1140453964403,0.0,0.0,0.0,0.0,1
0.01147832834,0.9568,-0.4556734183,1.0598284088316787,89.31267953303694,115.46439867103813,0.0,0.0,0.0,0.0,1
1.381412292,0.9568,-0.4541676072,1.7406993927494967,34.707422345666714,105.12412410785134,0.0,0.0,0.0,0.0,1
-0.3347567098,0.9568,-0.4522537132,1.1099827547576175,109.28346871519068,114.04425297603882,0.0,0.0,0.0,0.0,1
12.85864705,-2.563954496,-0.4314363687,13.118872053430104,348.72338254488545,91.88460874948692,0.0002043865243,0.00016784894,-3.6537589065639616e-05,17.789672029441718,0
11.71118993,-2.563987951,-0.4312375056,11.996331504907769,347.65080405605664,92.06008090910382,9.654238238e-05,0.00012611867,2.9576287488446883e-05,30.321473360395572,0
15.28672018,0.9568,-0.4273633921,15.322595066454197,3.581486522194893,91.5982471873774,0.0,0.0,0.0,0.0,1
15.62952761,0.9568,-0.4253760229,15.664563329777518,3.503130439478241,91.55607575471583,0.0,0.0,0.0,0.0,1
12.52547182,-2.65,-0.4234653879,12.809733301219172,348.05415481637067,91.894434514277,0.0,0.0,0.0,0.0,1
12.52519584,-2.565345607,-0.4230862034,12.792205863306569,348.42505682079616,91.89533186843984,9.391123604e-05,0.00016956074,7.564949919033411e-05,79.70552523249398,0
12.61498164,0.9568,-0.4222985142,12.65826070408698,4.337369901328088,91.9118276732035,0.0,0.0,0.0,0.0,1
12.68014391,-2.566590877,-0.4154651237,12.943958033662684,348.5573445217243,91.83935140228245,0.0002043865679,0.00015503027,-4.935629837498614e-05,24.030928059042825,0
16.53996006,-2.111069533,-0.4146107315,16.679292413595697,352.72640866752283,91.42439448899324,0.0,0.0,0.0,0.0,1
3.317728875,0.9568,-0.4135410559,3.477615178958657,16.08703499680672,96.82949570964696,0.0,0.0,0.0,0.0,1
11.72430685,-2.65,-0.413319167,12.027165245674746,347.2636674996115,91.96938406482656,0.0,0.0,0.0,0.0,1
1.609599254,0.9568,-0.4000127086,1.9147548578131,30.72867546083228,102.05852201316937,0.0,0.0,0.0,0.0,1
-0.8574967394,0.9568,-0.3991985807,1.3454093819037112,131.86711322831036,107.26020128017024,0.0,0.0,0.0,0.0,1
17.62726679,0.3430817647,-0.3920801158,17.63496431525486,1.1150143589749746,91.27396838586452,0.0,0.0,0.0,0.0,1
8.753647693,0.9568,-0.3903469549,8.814430493138165,6.237838085548049,92.53817303783056,0.0,0.0,0.0,0.0,1
11.57083565,-2.570599258,-0.3898967236,11.859352327998993,347.4744838891118,91.88403737587936,0.0002043848071,0.00021813472,1.3749915572402853e-05,6.694709198089878,0
11.17570295,-2.571098386,-0.3865916338,11.474159508585132,347.0438917919167,91.9307960501378,0.0002043862187,0.00021813472,1.374850397240285e-05,6.6939758954736766,0
12.92781939,0.9568,-0.3847571579,12.96888655556117,4.232796918721306,91.7000839947794,0.0,0.0,0.0,0.0,1
14.88162773,0.9568,-0.3752765228,14.91707553788174,3.678713907385543,91.44157141106211,0.0,0.0,0.0,0.0,1
11.39059062,-2.573097828,-0.3730516985,11.683559161259211,347.2707196551874,91.8297439237674,0.0002043861314,0.00021813472,1.374859127240287e-05,6.6940212460727375,0
-2.229769369,-1.287092793,-0.3626578314,2.599999999884413,209.9948897527568,98.0179760070634,0.0,0.0,0.0,0.0,1
1.288730615,0.9568,-0.3545998719,1.6437864542542546,36.59152246700637,102.4578521419412,0.0,0.0,0.0,0.0,1
13.20452991,0.9568,-0.3506815161,13.243793033335232,4.144407947461161,91.51730848155114,0.0,0.0,0.0,0.0,1
14.76195482,0.9568,-0.3504116026,14.797079598317971,3.7084537904622152,91.35695579581102,0.0,0.0,0.0,0.0,1
13.97652118,-2.577081071,-0.3444606681,14.216298544043138,349.5527762924569,91.38841162451985,0.0002043860441,0.00021813472,1.3748678572402862e-05,6.694066596710338,0
13.63771555,0.9568,-0.3413442987,13.67549880600217,4.013202973351554,91.43026731996504,0.0,0.0,0.0,0.0,1
15.67207373,-2.509071651,-0.3376509223,15.875243106602746,350.9042341061372,91.21871719113904,0.0,0.0,0.0,0.0,1
13.45031738,0.9568,-0.3372575814,13.488522770820452,4.068930885350369,91.43273287277918,0.0,0.0,0.0,0.0,1
0.2055191354,0.9568,-0.3307187992,1.032995294839165,77.87715926516427,108.67231004209252,0.0,0.0,0.0,0.0,1
13.80922909,0.9568,-0.3306350949,13.846284478735866,3.9635180046813616,91.36829460035074,0.0,0.0,0.0,0.0,1
14.62806788,1.01,-0.3304355209,14.666617112864172,3.949738372150591,91.29097000582408,0.0,0.0,0.0,0.0,1
1.024365224,1.01,-0.3303623357,1.475995726616351,44.595425139090935,102.9336976618859,0.0,0.0,0.0,0.0,1
1.174304138,0.9568,-0.3294499184,1.5501592489991762,39.17247304396801,102.27045277980488,0.0,0.0,0.0,0.0,1
0.08736711423,0.9568,-0.3266878871,1.0148025562772005,84.78268847120034,108.77923608038144,0.0,0.0,0.0,0.0,1
0.213133426,1.01,-0.3201427751,1.080748469222708,78.0840838995743,107.23090058147544,0.0,0.0,0.0,0.0,1
13.81683248,1.01,-0.3200782726,13.857395494138627,4.180841936586546,91.32353624771936,0.0,0.0,0.0,0.0,1
14.62040604,0.9568,-0.3198104793,14.655170342139956,3.744255875527074,91.25042868406,0.0,0.0,0.0,0.0,1
1.016736669,0.9568,-0.3197861205,1.4322998488283296,43.2604514057021,102.90102649924164,0.0,0.0,0.0,0.0,1
11.82023355,-2.580455287,-0.3181988748,12.102806335254474,347.6850658872274,91.50655584226617,9.313986811e-05,9.622019e-05,3.080320314922526e-06,3.272067803752658,0
11.81934166,0.9568,-0.3179835081,11.86226862902856,4.628119002293033,91.53607174302414,0.0,0.0,0.0,0.0,1
-0.1123015694,0.9568,-0.3163188671,1.013970171244268,96.69429410282925,108.17743252438106,0.0,0.0,0.0,0.0,1
12.41510809,-2.65,-0.3131219366,12.698639857621115,347.95105276143084,91.41293746053692,0.0,0.0,0.0,0.0,1
12.41386302,-2.581185563,-0.3122196705,12.683217064791185,348.2539890529239,91.41057876186522,8.360816719e-05,9.622019e-05,1.2612021234922519e-05,14.906387472736979,0
11.83749766,-2.65,-0.3057591313,12.13434544987404,347.381535214617,91.44388193277774,0.0,0.0,0.0,0.0,1
15.03612017,0.9568,-0.3032081649,15.069582316638469,3.641018229161091,91.15289994002391,0.0,0.0,0.0,0.0,1
1.404555768,0.9568,-0.2987952122,1.7255496875650127,34.26315386939632,99.97156647015736,0.0,0.0,0.0,0.0,1
-0.6006083871,0.9568,-0.2856789259,1.1652506697523246,122.11756726282364,104.19159737066708,0.0,0.0,0.0,0.0,1
13.57912301,-2.584348978,-0.2848514722,13.82579407202406,349.224459110347,91.18054282602397,0.0002043872082,0.00021414076,9.753552163079595e-06,4.74886057829944,0
11.66696747,-2.584735097,-0.2813262837,11.953164014000738,347.508282244616,91.34862176989208,0.0002043825953,0.00021813472,1.3752127372402867e-05,6.695858211507792,0
13.24658474,-2.586187199,-0.2676485938,13.499333586219558,348.95286101226867,91.13606642944592,0.0002043876011,0.00021414076,9.753159263079598e-06,4.748660197034454,0
-0.7099213302,-2.486906813,-0.2670322274,2.600000000401723,254.06788507817828,95.89494070792716,0.0,0.0,0.0,0.0,1
12.99796159,-2.58633036,-0.2662616586,13.255451915985873,348.7462895887228,91.15097512136488,0.0002043876011,0.00021414076,9.753159263079598e-06,4.748660197034454,0
0.7134692396,-2.586948199,-0.260190344,2.69611541950184,285.41862854760706,95.53798485029712,0.000204386597,0.00016994508,-3.4441516584654276e-05,16.769115944140346,0
12.78074279,-2.58734968,-0.256167203,13.04252223561938,348.55563672966696,91.12541448251358,0.0002043874265,0.0001960749,-8.312519646972355e-06,4.047238815260366,0
14.87446724,0.9568,-0.2552687864,14.907394274894031,3.68047995444482,90.98115999939944,0.0,0.0,0.0,0.0,1
2.057012502,0.9568,-0.253901704,2.28281246463182,24.945050225349235,96.3858323999325,0.0,0.0,0.0,0.0,1
12.57707001,-2.587659088,-0.2530226132,12.843001597560477,348.3739604328161,91.1288689582874,0.0002043873683,0.00016956074,-3.48266330696659e-05,16.95656035613457,0
11.9598233,-2.588499835,-0.2442716312,12.239173721817458,347.78766849191084,91.14359540588408,9.72972266e-05,9.622019e-05,-1.077038175077469e-06,1.0956953846320105,0
12.27587723,-2.65,-0.242105957,12.560982328641632,347.8184549539183,91.10441271293725,0.0,0.0,0.0,0.0,1
12.27279356,-2.588795959,-0.2411130872,12.54517683432686,348.08876862285155,91.10126888741604,9.238253551e-05,9.622019e-05,3.837652914922524e-06,4.109604535755578,0
11.97859705,-2.65,-0.2382843943,12.270536530194416,347.5254926206376,91.11270997122163,0.0,0.0,0.0,0.0,1
9.558126906,0.9568,-0.2381795572,9.60884934280214,5.71645286331011,91.42036582759248,0.0,0.0,0.0,0.0,1
16.33271519,0.9568,-0.2346034984,16.362398678650944,3.3526586598250105,90.82153302692892,0.0,0.0,0.0,0.0,1
13.73720558,0.9568,-0.2313594141,13.77242936324873,3.9842317879650295,90.9625419867982,0.0,0.0,0.0,0.0,1
11.49729998,-2.5899545,-0.2283324116,11.787616673117824,347.3050933828692,91.1099191754558,0.0002043859131,0.00021813472,1.3748809572402854e-05,6.694134648713088,0
15.49175018,0.9568,-0.2266968511,15.522924381115455,3.534207259191703,90.83677754418476,0.0,0.0,0.0,0.0,1
10.60967877,-2.590354036,-0.2237542629,10.923611289522167,346.27964706310473,91.1737026562945,0.0002043862478,0.00021813472,1.3748474872402852e-05,6.693960778615896,0
0.3147139351,0.9568,-0.2178121871,1.0305111594715568,71.79275333439728,102.202254101623,0.0,0.0,0.0,0.0,1
13.9184274,0.9568,-0.2177654978,13.952974927989471,3.932519808200084,90.89425736068448,0.0,0.0,0.0,0.0,1
12.11606307,-2.590880601,-0.217572395,12.391891879447703,347.92974441015167,91.00603044838364,9.629128181e-05,9.622019e-05,-7.109338507746887e-08,0.07307271911198276,0
14.51873167,1.01,-0.2175569793,14.555445728135677,3.979387460535463,90.85641904251986,0.0,0.0,0.0,0.0,1
12.12110074,-2.65,-0.2175470544,12.409307388815328,347.66763795746897,91.00450139751116,0.0,0.0,0.0,0.0,1
0.9149706924,1.01,-0.2174747515,1.3800603738572172,47.82620490943026,99.06666196903302,0.0,0.0,0.0,0.0,1
0.3252183264,1.01,-0.2101312022,1.0816755899827055,72.15152747199,101.20176280556342,0.0,0.0,0.0,0.0,1
13.92893621,1.01,-0.2100838518,13.967086280503755,4.147311308983888,90.86183844883806,0.0,0.0,0.0,0.0,1
14.5081857,0.9568,-0.2098600358,14.54121589758953,3.7731342318695056,90.82692615735004,0.0,0.0,0.0,0.0,1
0.9044067429,0.9568,-0.2097694399,1.3331995403985657,46.61245920618472,99.05270030841,0.0,0.0,0.0,0.0,1
0.1908612318,0.9568,-0.1990816827,0.9957548725418706,78.71878924211421,101.53288979263948,0.0,0.0,0.0,0.0,1
1.799650319,0.9568,-0.1972017663,2.0477050684384803,27.997740120249205,95.5263657869209,0.0,0.0,0.0,0.0,1
-2.482292946,-0.7482711157,-0.195734685,2.5999999998585253,196.7750924295456,94.31745834042748,0.0,0.0,0.0,0.0,1
12.72502613,0.9568,-0.194642711,12.762430882638627,4.300002144829989,90.8738647311568,0.0,0.0,0.0,0.0,1
-2.554818485,0.4424068809,-0.1928176859,2.5999999999156143,170.17576192887202,94.25299669260971,0.0,0.0,0.0,0.0,1
7.88184433,-2.592883612,-0.1922357264,8.29960661972818,341.7903895153091,91.32720517501532,0.0002043864224,0.00020465176,2.6533963288138734e-07,0.1291904449090727,0
-0.3584735311,0.9568,-0.1915302074,1.039544771929516,110.53890370850264,100.61707711972248,0.0,0.0,0.0,0.0,1
1.282536228,0.9568,-0.1884872566,1.6111774768885834,36.72374148583879,96.71826112517653,0.0,0.0,0.0,0.0,1
11.28332928,-2.593349186,-0.1858493999,11.579012032158674,347.0559966239633,90.91966771160456,0.0002043860877,0.00021813472,1.3748634972402869e-05,6.69404394736074,0
13.56814689,0.9568,-0.18209387,13.603059745737657,4.033712323884856,90.76699816341386,0.0,0.0,0.0,0.0,1
11.77677894,-2.593652919,-0.1815613815,12.060369903162876,347.579766992909,90.8625849738429,0.0002043894347,0.00021414076,9.751325663079601e-06,4.747725060601474,0
0.03800008556,0.9568,-0.181422561,0.974589345387259,87.72564710458465,100.72835209312922,0.0,0.0,0.0,0.0,1
9.602617674,-2.593771173,-0.1798641262,9.948380078927254,344.88450562448884,91.0359492454008,0.0002043863642,0.00021813472,1.3748358472402862e-05,6.693900311227605,0
11.00259744,-2.593868925,-0.1784488732,11.305624725203009,346.73470024968697,90.90439866299356,0.0002043861314,0.00021813472,1.374859127240287e-05,6.6940212460727375,0
12.33278179,0.9568,-0.1783102026,12.37112636133456,4.436226223195035,90.82585655708068,0.0,0.0,0.0,0.0,1
4.662693249,0.9568,-0.1765526147,4.763123491998458,11.596303744623128,92.1242442100256,0.0,0.0,0.0,0.0,1
1.109476232,0.9568,-0.1722359143,1.4751504870851904,40.77411979577067,96.70504568924063,0.0,0.0,0.0,0.0,1
10.12734843,-2.594647478,-0.1667467031,10.455772865776588,345.6297991317696,90.91378107403769,0.0002043862769,0.00021813472,1.3748445772402855e-05,6.693945661762397,0
5.778297215,-2.595173388,-0.158351144,6.336301658180919,335.813995528619,91.43203360623124,0.0002043865679,0.00018658591,-1.7800659377170593e-05,8.666905318675708,0
15.23431695,0.9568,-0.1553881427,15.265124455697997,3.5937739413532768,90.5832404805704,0.0,0.0,0.0,0.0,1
14.73521307,0.9568,-0.1553507106,14.767061464678164,3.715165132531183,90.60276746814026,0.0,0.0,0.0,0.0,1
9.06029663,-2.595377384,-0.1549717218,9.425973425780793,344.0153158801195,90.94203805438777,0.0002043863642,0.00021414076,9.75439616307961e-06,4.749291025757206,0
12.40542762,-2.595393308,-0.1547048114,12.674960924473904,348.18334156769373,90.69934360474376,0.0002043866698,0.00020520875,8.220813401623481e-07,0.40026031921296,0
10.53664864,0.9568,-0.1505910727,10.581073124876832,5.188619585126389,90.81546777931533,0.0,0.0,0.0,0.0,1
0.4535429998,0.9568,-0.144355805,1.0686468505099245,64.63808008037762,97.76340763250948,0.0,0.0,0.0,0.0,1
14.05728108,0.9568,-0.1443261972,14.090544618762047,3.8937956205867854,90.58687771109294,0.0,0.0,0.0,0.0,1
14.37985013,1.01,-0.1442220299,14.415997702384995,4.01769538305598,90.57321398375387,0.0,0.0,0.0,0.0,1
0.7760549504,1.01,-0.1441730811,1.2818530194036342,52.46236071145802,96.45785811356922,0.0,0.0,0.0,0.0,1
0.465891045,1.01,-0.1403191229,1.1210905057410028,65.2371509163417,97.19017262516724,0.0,0.0,0.0,0.0,1
14.06963722,1.01,-0.1402894814,14.106540066260076,4.10597939212272,90.56981567835447,0.0,0.0,0.0,0.0,1
14.36739803,0.9568,-0.1401642103,14.399904110732717,3.8099992061795542,90.55770819344131,0.0,0.0,0.0,0.0,1
0.7636510752,0.9568,-0.1401344358,1.2321797209624497,51.40557187768167,96.53031498710028,0.0,0.0,0.0,0.0,1
15.85089647,0.9568,-0.1332678858,15.88030684439202,3.454326073337313,90.4808330911884,0.0,0.0,0.0,0.0,1
-1.216484405,0.9568,-0.1297940476,1.553108831473376,141.81393058411777,94.79382680332697,0.0,0.0,0.0,0.0,1
1.498166747,0.9568,-0.1193761587,1.7816342242678571,32.56422230593438,93.84190996471654,0.0,0.0,0.0,0.0,1
0.6082804397,0.9568,-0.1175931155,1.139868182788967,57.55405950638266,95.9213846126072,0.0,0.0,0.0,0.0,1
14.21201735,0.9568,-0.1175919609,14.24467378587412,3.851529415474204,90.47299079586838,0.0,0.0,0.0,0.0,1
14.22506296,1.01,-0.117587309,14.261358385203067,4.061267625072958,90.47241873366,0.0,0.0,0.0,0.0,1
0.6212794038,1.01,-0.1175856483,1.1916016457995575,58.40315827231064,95.6630866686869,0.0,0.0,0.0,0.0,1
11.60819961,-2.597360714,-0.1171209778,11.895810110609348,347.3876809608971,90.56411846500794,0.0002043859859,0.00021813472,1.3748736772402858e-05,6.694096830490155,0
-0.8685100615,0.9568,-0.1136913226,1.297189918154343,132.23077117070636,95.02810069665968,0.0,0.0,0.0,0.0,1
13.34221794,0.9568,-0.1063212572,13.376903603158334,4.10178553146028,90.45539862074064,0.0,0.0,0.0,0.0,1
11.8737659,-2.597845387,-0.1058269517,12.155094267280123,347.658798576808,90.49884551802222,0.0002043867862,0.00021414076,9.753974163079617e-06,4.749075801586118,0
13.73128972,0.9568,-0.1022150878,13.764963913456208,3.985942785238024,90.42546765792132,0.0,0.0,0.0,0.0,1
13.12159418,-2.598029769,-0.10119941,13.37670489417347,348.8004867491356,90.43346657042524,0.0002043892746,0.00021414076,9.751485763079618e-06,4.747806710974,0
17.16015781,-1.556549129,-0.1004903008,17.230901298412963,354.81704642476257,90.33414983098952,0.0,0.0,0.0,0.0,1
14.97828678,0.9568,-0.09800841382,15.00913544322598,3.6550387048162074,90.3741393631738,0.0,0.0,0.0,0.0,1
12.01472278,-2.598227713,-0.09598306559,12.29282569134258,347.7974820160061,90.44737317375672,0.0002043983259,0.00021414076,9.74243446307961e-06,4.743190783269967,0
12.26946032,-2.598235173,-0.09578093512,12.541915983843989,348.043431323642,90.43756445921645,0.0002043866698,0.00021414076,9.754090563079607e-06,4.7491351666482915,0
0.3112653796,0.9568,-0.09132240712,1.0102931052816917,71.97930001730731,95.18615854420187,0.0,0.0,0.0,0.0,1
2.293693977,0.9568,-0.08626870998,2.486753021602204,22.643149970373717,91.98806432292712,0.0,0.0,0.0,0.0,1
12.68799221,-2.598780568,-0.07962134313,12.951646471391848,348.4246587339414,90.35223287371169,0.0002043876011,0.00021414076,9.753159263079598e-06,4.748660197034454,0
12.90084026,-2.598883163,-0.07619911894,13.160230978774232,348.6101683539132,90.33175043203386,0.0002043876302,0.00021414076,9.753130163079601e-06,4.748645355897193,0
0.9407397373,0.9568,-0.07617084437,1.3439715364795908,45.48492438974279,93.24903290380178,0.0,0.0,0.0,0.0,1
12.54207743,-2.599082462,-0.06906775585,12.808735544904092,348.2923647375055,90.30895400051077,0.0002043874119,0.00021414076,9.753348463079612e-06,4.7487566900294595,0
1.514752747,-2.599083776,-0.06901830343,3.009065616668872,300.233742926053,91.31429646913324,0.0002043867571,0.00016994508,-3.4441676684654265e-05,16.769180823028957,0
14.4676669,0.9568,-0.06351525315,14.499409848567572,3.783670789038183,90.250987289622,0.0,0.0,0.0,0.0,1
15.08,-2.59928503,-0.06096995147,15.302496528415366,350.22023106459267,90.22828498163892,0.000110789435,0.00014196285,3.117341837675363e-05,27.885835881318872,0
2.736183197,0.9568,-0.06011894657,2.89927215267588,19.27392464683749,91.18816331148064,0.0,0.0,0.0,0.0,1
13.01637208,0.9568,-0.05666552832,13.051613668320991,4.204104049502007,90.24875895802626,0.0,0.0,0.0,0.0,1
12.15349874,-2.599410175,-0.05537815712,12.42849675630006,347.9273803905364,90.25529597356297,0.0002043866698,0.00021414076,9.754090563079607e-06,4.7491351666482915,0
-0.1104297139,0.9568,-0.04590637917,0.9642449675059422,96.58370061959772,92.72880491177978,0.0,0.0,0.0,0.0,1
17.66131219,-0.3080406789,-0.04402634193,17.664053205628758,359.00077405017004,90.14280562690578,0.0,0.0,0.0,0.0,1
11.41908092,-2.599692627,-0.03997804402,11.711336774953995,347.17451878777746,90.19558635262314,0.0002043860441,0.00021813472,1.3748678572402862e-05,6.694066596710338,0
7.758877881,0.9568,-0.0389915971,7.81774728146897,7.030040259590805,90.28576815447258,0.0,0.0,0.0,0.0,1
0.1363878049,0.9568,-0.03891553356,0.9672550294920672,81.88738123713125,92.30580119259632,0.0,0.0,0.0,0.0,1
0.4427996883,0.9568,-0.0333602466,1.0548225964643485,65.16566301211202,91.81236174083398,0.0,0.0,0.0,0.0,1
13.93162008,0.9568,-0.03250555244,13.964474959854332,3.928807538861236,90.13336932844167,0.0,0.0,0.0,0.0,1
-1.3822096,-2.201994694,-0.02675801349,2.600000000388893,237.88318060270905,90.58967242532192,0.0,0.0,0.0,0.0,1
14.32952406,-2.599913748,-0.02117783336,14.563490645576154,349.7162656279658,90.0833179989562,0.0002043853456,0.00021859333,1.4207980680824844e-05,6.917718807697079,0
1.073598729,0.9568,-0.01730649615,1.4381863529179402,41.70768745723649,90.68948861774705,0.0,0.0,0.0,0.0,1
14.61824953,0.9568,-0.01457298555,14.649535758284392,3.744806663173449,90.05699639349729,0.0,0.0,0.0,0.0,1
14.32591937,0.9568,-0.01025499631,14.357838876400953,3.8209978852313498,90.04092315441767,0.0,0.0,0.0,0.0,1
2.33501402,-2.599983618,-0.00922954791,3.494608772383477,311.9266294956876,90.15132302105224,0.0002043867426,0.00016994508,-3.444166218465427e-05,16.769174947056328,0
4.880076598,-2.599993318,-0.005894424669,5.529479867061103,331.9523285592734,90.06107730352107,0.0002043866261,0.00017833835,-2.6048277467321612e-05,12.682557750687748,0
-0.6103729941,0.9568,-0.005050174892,1.1349215550834508,122.53509185688898,90.2549556493392,0.0,0.0,0.0,0.0,1
11.74649988,-2.599995871,-0.004633470831,12.030804604394048,347.51925119996486,90.02206654819906,0.0002043859131,0.00021813472,1.3748809572402854e-05,6.694134648713088,0
1.257146543,0.9568,-0.00301879368,1.5798394803561953,37.27435219052205,90.10948216226478,0.0,0.0,0.0,0.0,1
14.13543382,0.9568,0.0001991458509,14.16777878000849,3.8723330738168897,89.99919463615703,0.0,0.0,0.0,0.0,1
7.100193706,-2.599990316,0.007096279484,7.561266472172391,339.887985348695,89.94622766888841,0.0002043864661,0.00020465176,2.652959328813885e-07,0.1291691404594397,0
13.392175,-2.59997434,0.01155116899,13.642226769438649,349.0131959134201,89.95148641626935,0.0002043883433,0.00021813472,1.374637937240285e-05,6.692872220272128,0
13.8325023,-2.599958173,0.01474777158,14.074733385667429,349.3548817360477,89.93996438865128,0.0002043870918,0.00021813472,1.3747630872402864e-05,6.693522339656043,0
13.52973426,0.9568,0.01522020998,13.563532247943732,4.045126580261183,89.93570598261346,0.0,0.0,0.0,0.0,1
12.40448006,-2.599934043,0.01851951417,12.674033515787032,348.1623719543996,89.91627839891294,0.0002043870481,0.00021414076,9.753712263079611e-06,4.748942230442238,0
0.741248278,0.9568,0.03198204322,1.2107593075118157,52.234482777521634,88.48636368283871,0.0,0.0,0.0,0.0,1
3.963142841,-2.599754587,0.03572233619,4.739884088888669,326.7358036475714,89.56818385518267,0.0002043866843,0.000173254,-3.1132687536621615e-05,15.15808468437387,0
15.46412845,0.9568,0.04143776242,15.493755259660384,3.540503949197614,89.84676331271885,0.0,0.0,0.0,0.0,1
11.91046558,-2.599642448,0.04311775223,12.190947064537912,347.6874133795659,89.7973520545612,0.0002043862187,0.00021813472,1.374850397240285e-05,6.6939758954736766,0
16.88056238,0.9568,0.04315691813,16.907711702789758,3.244086681070371,89.8537524181765,0.0,0.0,0.0,0.0,1
11.1640367,-2.599590271,0.04615651536,11.46279701643255,346.8920277964763,89.76929010695636,0.000204386015,0.00021813472,1.374870767240286e-05,6.694081713598105,0
1.68968558,0.9568,0.05207691694,1.9424766676945984,29.52110746852918,88.46374211348297,0.0,0.0,0.0,0.0,1
-0.3524940456,0.9568,0.05660285423,1.0212356120359485,110.22426797198068,86.82270437853634,0.0,0.0,0.0,0.0,1
17.49677459,0.9568,0.06110934807,17.523022617279565,3.130065749391747,89.80018773548704,0.0,0.0,0.0,0.0,1
3.83913852,0.9568,0.07372085713,3.957257330591956,13.994312992797688,88.93255909887932,0.0,0.0,0.0,0.0,1
12.06487802,-2.598823503,0.0782074257,12.341850819008425,347.8439945392634,89.63692759911379,0.0002043866698,0.00021813472,1.3748052872402858e-05,6.693741558685547,0
0.5417710187,0.9568,0.08162708736,1.1025629497194764,60.48006154957727,85.75428275586052,0.0,0.0,0.0,0.0,1
11.55951118,-2.598648786,0.08381220924,11.8483036220356,347.330190519983,89.5946992866476,0.0002043861896,0.00021813472,1.3748533072402847e-05,6.693991012335743,0
12.24438259,-2.598520908,0.08768745227,12.517384112061668,348.0183704957163,89.59862524156898,0.0002043869317,0.00021813472,1.3747790972402853e-05,6.69360550771734,0
1.992554332,0.9568,0.08844219406,2.212139468402052,25.64974385929713,87.70868181356025,0.0,0.0,0.0,0.0,1
14.8542164,0.9568,0.08859702186,14.88526319990048,3.685483754639279,89.65897375583404,0.0,0.0,0.0,0.0,1
14.48164135,0.9568,0.08933331394,14.51348968618538,3.780030224429936,89.64733125597945,0.0,0.0,0.0,0.0,1
13.74738535,0.9568,0.09193098445,13.780947772460957,3.981291004316006,89.61778416338132,0.0,0.0,0.0,0.0,1
0.9058197298,0.9568,0.09330270194,1.3208637390299764,46.56780539396192,85.94938783604164,0.0,0.0,0.0,0.0,1
10.82007108,-2.598035538,0.1010512006,11.12806983165122,346.49816604329914,89.47970429994649,0.0002043860877,0.00021813472,1.3748634972402869e-05,6.69404394736074,0
0.3083086545,0.9568,0.1041801147,1.0106304778397026,72.13955697841624,84.08319509875395,0.0,0.0,0.0,0.0,1
6.469889983,-2.597890483,0.1047140842,6.972766767447163,338.1227880759351,89.13952368998764,0.0002043865097,0.00020465176,2.6525233288136755e-07,0.1291478847704317,0
11.95332255,0.9568,0.1081013085,11.992042032833186,4.5764655255488265,89.4835047603425,0.0,0.0,0.0,0.0,1
12.56820269,-2.597714691,0.1089879961,12.8343180128924,348.3220111769081,89.5134430016306,0.0002043878194,0.00021813472,1.3746903272402865e-05,6.693144370762459,0
12.67462252,0.9568,0.1115670975,12.711174984309505,4.317037594075373,89.49710346175408,0.0,0.0,0.0,0.0,1
13.05151653,-2.596908933,0.1267438167,13.307970684301576,348.7466180044388,89.4543123264798,0.0002043883433,0.00021813472,1.374637937240285e-05,6.692872220272128,0
-1.826162955,0.9568,0.1304145633,2.0657553912637048,152.34815429569392,86.38041533714403,0.0,0.0,0.0,0.0,1
6.122129666,0.9568,0.1324421812,6.197860826017174,8.882643788946666,88.7755524262987,0.0,0.0,0.0,0.0,1
1.095896263,0.9568,0.1344902147,1.461007350120942,41.12340891210192,84.7182701402761,0.0,0.0,0.0,0.0,1
12.78353662,-2.596457594,0.1356759528,13.04526000187384,348.51886213241403,89.4040900965889,0.0002043872664,0.00021813472,1.3747456272402851e-05,6.693431639344731,0
3.11116605,-2.596353618,0.1376513342,4.054547347137697,320.15407326428374,88.05444217115928,0.000204386728,0.000173254,-3.1132731236621614e-05,15.158102736132792,0
1.474115994,0.9568,0.1480141549,1.763630458406003,32.98627069171431,85.18574109591776,0.0,0.0,0.0,0.0,1
15.13260416,0.9568,0.1566797543,15.163631604884657,3.617865310972775,89.4079750395938,0.0,0.0,0.0,0.0,1
14.66978919,0.9568,0.1623571343,14.70185501758533,3.7316872003594312,89.36725211569666,0.0,0.0,0.0,0.0,1
11.39188171,0.9568,0.1661400824,11.433198925130814,4.800983705595627,89.16738433095611,0.0,0.0,0.0,0.0,1
14.29135876,0.9568,0.1702089867,14.32436290192978,3.830210683940152,89.31916789969586,0.0,0.0,0.0,0.0,1
-0.8952014221,0.9568,0.1703909274,1.3213193763318898,133.0950133737408,82.59078186620968,0.0,0.0,0.0,0.0,1
13.99990311,0.9568,0.1771433379,14.03367853029098,3.909704773820636,89.2767516260775,0.0,0.0,0.0,0.0,1
10.40583603,-2.593857827,0.1786101143,10.725736500719451,346.0031543658712,89.04583906588425,0.0002043861168,0.00021813472,1.3748605872402871e-05,6.694028830483674,0
0.04142839925,0.9568,0.1798981426,0.9744464551607478,87.52070368760542,79.36127061353938,0.0,0.0,0.0,0.0,1
-2.585176241,-0.2107476759,0.1801366765,2.6000000004131936,184.6605369570935,86.0271744797484,0.0,0.0,0.0,0.0,1
-1.950009889,-1.709366694,0.1884859121,2.600000000156625,221.23760618661925,85.84271959490081,0.0,0.0,0.0,0.0,1
11.75142735,-2.59277978,0.1936311191,12.035615678484788,347.5578661462737,89.07817557113685,0.0002043869317,0.00021813472,1.3747790972402853e-05,6.69360550771734,0
1.266235607,0.9568,0.1937699004,1.5988638549719247,37.07562687560648,83.03908457668604,0.0,0.0,0.0,0.0,1
11.33108208,-2.592221712,0.2009641701,11.625550357102467,347.1141381348362,89.00951163947656,0.0002043862623,0.00021813472,1.3748460372402856e-05,6.693953246162588,0
13.26230538,0.9568,0.2139693071,13.298495896031168,4.126415886684185,89.07808617176369,0.0,0.0,0.0,0.0,1
12.3848364,-2.590886238,0.2175051823,12.65480828212542,348.184224000316,89.01517728686628,0.0002043877757,0.00021813472,1.3746946972402864e-05,6.693167071677316,0
-2.4066687,0.9568,0.2290841067,2.5999999999042744,158.31911202595757,84.94515581427441,0.0,0.0,0.0,0.0,1
16.24016531,0.9568,0.2307212002,16.269962132972193,3.3717209234507663,89.18747234898683,0.0,0.0,0.0,0.0,1
3.241561066,0.9568,0.2393071582,3.3882816147086734,16.444831031785952,85.94994846043238,0.0,0.0,0.0,0.0,1
-0.2050036313,0.9568,0.2406004731,1.0076613104124472,102.09332915435948,76.18597464661008,0.0,0.0,0.0,0.0,1
13.58515079,0.9568,0.2469162573,13.621040924435864,4.028680149055219,88.96131033980487,0.0,0.0,0.0,0.0,1
11.9447722,-2.588078954,0.2486912263,12.224466569469165,347.7746712543983,88.83430981352598,0.000204387572,0.00021813472,1.3747150672402847e-05,6.6932728881973675,0
0.7233884056,0.9568,0.2541292574,1.2261071343170569,52.90890551099619,78.0378700262284,0.0,0.0,0.0,0.0,1
0.9554943576,0.9568,0.2671423815,1.3783326011521777,45.039119389309406,78.82445654567283,0.0,0.0,0.0,0.0,1
12.94243303,0.9568,0.2677399566,12.980513227927284,4.228034898188469,88.81811626363111,0.0,0.0,0.0,0.0,1
9.936885333,-2.585764296,0.2717038968,10.271401565667423,345.4140423436516,88.48420855224896,0.0002043862041,0.00021813472,1.3748518572402851e-05,6.693983479878166,0
12.16889627,-2.585680745,0.2724978606,12.443554011178447,348.0040454396859,88.74519566748234,0.0002043878194,0.00021813472,1.3746903272402865e-05,6.693144370762459,0
13.80477384,0.9568,0.2735172627,13.840594593677803,3.964793082098311,88.86764944328479,0.0,0.0,0.0,0.0,1
14.51145642,0.9568,0.2770831184,14.545604446844465,3.772286265331559,88.90849131631751,0.0,0.0,0.0,0.0,1
-0.5200293473,0.9568,0.2803971186,1.1245084731439094,118.52447526517484,75.56089914732956,0.0,0.0,0.0,0.0,1
17.47336593,-0.9758799837,0.2818825612,17.50286594945467,356.80337616761625,89.07721516192828,0.0,0.0,0.0,0.0,1
6.775002756,0.9568,0.2860767831,6.84820914616635,8.038438842473795,87.60583199113455,0.0,0.0,0.0,0.0,1
0.4381777326,0.9568,0.2908296118,1.0918094286303883,65.39403530614663,74.55138969774532,0.0,0.0,0.0,0.0,1
1.718353762,0.9568,0.3061047079,1.990453712995632,29.109585319258315,81.15358186570916,0.0,0.0,0.0,0.0,1
-2.199722268e-15,-2.580846173,0.3150127488,2.600000000114476,269.99999999999994,83.04101798580825,0.0001008104809,0.00016513887,6.432839295372072e-05,63.184450544836515,0
16.13484353,-2.355293369,0.3160668883,16.308908021983505,351.69487399342256,88.88953739223598,0.0,0.0,0.0,0.0,1
14.15890591,0.9568,0.3164416201,14.194725009917043,3.865933150734065,88.72260495576552,0.0,0.0,0.0,0.0,1
15.73690901,0.9568,0.3226956774,15.769270875003444,3.479285616411687,88.8274415994519,0.0,0.0,0.0,0.0,1
12.31385821,0.9568,0.3265991686,12.355291873238553,4.443016410434382,88.48526978572966,0.0,0.0,0.0,0.0,1
11.0466326,-2.579118926,0.3288549274,11.348484118908102,346.85824875600576,88.3394577457994,0.0002043863642,0.00021813472,1.3748358472402862e-05,6.693900311227605,0
8.581358861,-2.578366705,0.334701564,8.966589089707401,343.27650778815075,87.86078708418512,0.0002043863933,0.00021414076,9.754367063079613e-06,4.749276184441189,0
15.37893026,0.9568,0.3374962879,15.41236081612061,3.560067785474871,88.74525007172969,0.0,0.0,0.0,0.0,1
17.63858967,0.3147168972,0.3384851097,17.644644072394957,1.022192654291587,88.9008019753283,0.0,0.0,0.0,0.0,1
11.54935868,-2.57704835,0.3447053828,11.838398790311988,347.4214488300094,88.33145040718375,0.0002043873537,0.00021813472,1.3747368972402859e-05,6.693386289246911,0
12.59540043,-2.576819745,0.3464101638,12.860952997031363,348.4377391881386,88.45654975368694,0.0002043879795,0.00021813472,1.374674317240285e-05,6.693061203420061,0
14.35021655,0.9568,0.3467399246,14.386257673460651,3.814547449503209,88.61891405670497,0.0,0.0,0.0,0.0,1
2.339677986,0.9568,0.3514088687,2.55206730145857,22.24186992429219,82.08546783351898,0.0,0.0,0.0,0.0,1
16.78132866,-1.933203777,0.3580557947,16.8961082024963,353.42851207645674,88.78571908796181,0.0,0.0,0.0,0.0,1
1.136230496,0.9568,0.3582990771,1.5280262460740384,40.10014985486816,76.43873882359486,0.0,0.0,0.0,0.0,1
0.1892316897,0.9568,0.3616236511,1.0402146592995176,78.81266689313543,69.65676394874447,0.0,0.0,0.0,0.0,1
13.6561439,-2.573461163,0.3705369673,13.901448349690488,349.3279300391011,88.47262540292769,0.0002043862478,0.00021859333,1.4207078480824834e-05,6.917249150322534,0
9.360794729,-2.573359267,0.3712439683,9.715167417987612,344.6286386027207,87.81003335351267,0.0002043863642,0.00021813472,1.3748358472402862e-05,6.693900311227605,0
14.78825204,0.9568,0.3713606811,14.823824519807,3.701877583167345,88.56449826015614,0.0,0.0,0.0,0.0,1
12.89726757,-2.571228228,0.3857271041,13.156728726073023,348.7252070442745,88.3199697408565,0.0002043895656,0.00021813472,1.3745157072402866e-05,6.692237277122352,0
8.860272569,0.9568,0.3894190222,8.920288303178605,6.163352913706035,87.49793293627891,0.0,0.0,0.0,0.0,1
14.65848322,-2.5696674,0.395991734,14.887280823274637,350.05694354065673,88.47579073270504,0.0002043845307,0.00021188597,7.501439502274616e-06,3.652387780475921,0
15.51601899,-2.532186115,0.3973926546,15.72630702806509,350.7311442518078,88.55202205401878,0.0,0.0,0.0,0.0,1
-2.394435638,-0.9310817889,0.3997057367,2.599999999633958,201.2486841572042,81.15667960548683,0.0,0.0,0.0,0.0,1
13.24188056,-2.566868253,0.4137479566,13.494717513351503,349.0295742765192,88.24303640851406,0.0002043886925,0.00021813472,1.3746030172402852e-05,6.692690822014387,0
14.14462011,-2.56683644,0.4139452756,14.381595115185236,349.7144177280346,88.35062848853909,0.0002043844288,0.00020611411,1.7296842980104102e-06,0.842169149879784,0
-1.220301002,0.9568,0.4154133618,1.6053563581473684,141.9011109671768,75.00308295690496,0.0,0.0,0.0,0.0,1
1.417007606,0.9568,0.4378746764,1.7649677129325216,34.02823429555258,75.6353544746284,0.0,0.0,0.0,0.0,1
0.9376622914,-2.562492792,0.4400348765,2.763912186431006,290.09848349802206,80.83911443721917,0.0002043867571,0.00016994508,-3.4441676684654265e-05,16.769180823028957,0
-0.04611258408,0.9568,0.441257857,1.054656866840949,92.75921165530195,65.26701864700624,0.0,0.0,0.0,0.0,1
13.70940445,0.9568,0.4428085546,13.749884218774598,3.992285262104076,88.15449726868405,0.0,0.0,0.0,0.0,1
11.79795658,-2.561852442,0.4437477512,12.081050428867586,347.748771150375,87.89500143503301,0.0002043880522,0.00021813472,1.3746670472402858e-05,6.693023437905148,0
10.69164494,-2.560387128,0.4521258165,11.003239137735829,346.5326844770036,87.64503924802017,0.0002043863642,0.00021813472,1.3748358472402862e-05,6.693900311227605,0
0.8901009412,0.9568,0.45347768,1.383252663754279,47.06828335181359,70.86262058719478,0.0,0.0,0.0,0.0,1
13.96384231,0.9568,0.4636219309,14.00426019443218,3.9197699223295785,88.10283198086307,0.0,0.0,0.0,0.0,1
12.32765635,-2.557445919,0.4684766483,12.59885356222174,348.279897590215,87.86901848300795,0.0002043880086,0.00021813472,1.3746714072402852e-05,6.693046086821473,0
14.2232219,0.9568,0.4738693987,14.263241555258883,3.848504438412533,88.09610503472447,0.0,0.0,0.0,0.0,1
1.995426275,0.9568,0.4810280146,2.2646368825466023,25.61755682749265,77.73646885982703,0.0,0.0,0.0,0.0,1
0.6148887254,0.9568,0.4918031687,1.239122569146167,57.27312129967771,66.61570568004879,0.0,0.0,0.0,0.0,1
0.3643281237,0.9568,0.4929010601,1.1362889935075786,69.15428148424644,64.292220550573,0.0,0.0,0.0,0.0,1
12.69217602,0.9568,0.4932635824,12.737743415706923,4.311089580713542,87.78069090687228,0.0,0.0,0.0,0.0,1
12.04615976,-2.552743962,0.4934554328,12.323553260449298,348.0352562392284,87.7051688186574,0.0002043880086,0.00021813472,1.3746714072402852e-05,6.693046086821473,0
11.27740332,-2.548433616,0.5152534392,11.573237474609828,347.26634776986936,87.44828455233358,0.0002043878922,0.00021813472,1.3746830472402869e-05,6.69310655324154,0
7.721206087,-2.547558302,0.5195639518,8.147209549288947,341.7400525516125,86.3436516374893,0.000204386437,0.00020465176,2.6532503288138605e-07,0.12918332717431874,0
13.44526489,0.9568,0.5240433508,13.4894490486374,4.070454778164219,87.77359107095054,0.0,0.0,0.0,0.0,1
-0.7755474303,0.9568,0.5378019867,1.3439386271490972,129.0269723670582,66.41128352874517,0.0,0.0,0.0,0.0,1
14.48935958,0.9568,0.5387064007,14.530905404161604,3.7780225010577615,87.87537823353364,0.0,0.0,0.0,0.0,1
-2.513855995,0.3838350561,0.5414782401,2.599999999690485,171.31868514644464,77.97954626509141,0.0,0.0,0.0,0.0,1
11.90874941,0.9568,0.5440610023,11.959505889642726,4.593521563636841,87.39260455204987,0.0,0.0,0.0,0.0,1
-0.3438327004,0.9568,0.5511586363,1.1564873575757029,109.7662512144708,61.53773250740704,0.0,0.0,0.0,0.0,1
17.16509554,-1.448876627,0.5595829903,17.235222119271565,355.17519717764293,88.13942756458744,0.0,0.0,0.0,0.0,1
2.478300032,-2.538846997,0.5605853418,3.59193138133625,314.3085877008067,81.02126131596287,0.0002043867426,0.000173254,-3.1132745836621615e-05,15.15810876715351,0
1.789594364,-2.537024478,0.5687765814,3.1563662634714635,305.1988006129336,79.61860197561839,0.0002043867571,0.00016994508,-3.4441676684654265e-05,16.769180823028957,0
15.10378228,0.9568,0.5732430198,15.14491046396087,3.624750734785096,87.83080571495788,0.0,0.0,0.0,0.0,1
13.06668916,0.9568,0.5765653243,13.114353183334917,4.187972638114047,87.48021038480329,0.0,0.0,0.0,0.0,1
6.079018184,-2.529751929,0.6002959078,6.611691317704064,337.4056163549445,84.79076519269637,0.0002043865243,0.00019571975,-8.666771490035892e-06,4.219737161225184,0
10.22203727,-2.52756729,0.6094289069,10.547513732975762,346.111256731903,86.68764004898401,0.0002043862478,0.00021813472,1.3748474872402852e-05,6.693960778615896,0
0.1604351787,0.9568,0.6218136254,1.1523271546299654,80.48125743355695,57.34253002703935,0.0,0.0,0.0,0.0,1
5.306152648,0.9568,0.6280001229,5.428177071378552,10.221675031517576,83.35642307231336,0.0,0.0,0.0,0.0,1
6.929369408,-2.519929836,0.6402762057,7.40109183772738,340.0157312916019,85.03707838226546,0.0002043864952,0.00020465176,2.652668328813909e-07,0.12915495374858071,0
1.161297279,0.9568,0.6426323845,1.6361705265102902,39.48532064211901,66.87327333474559,0.0,0.0,0.0,0.0,1
11.56994232,-2.51858858,0.645532001,11.858480732697103,347.71922677277416,86.87948638550029,0.0002043881832,0.00021813472,1.3746539472402866e-05,6.6929553873199,0
15.08,-2.515578395,0.6571646204,15.302496528334723,350.5293785227252,87.53867989036388,0.0001075678156,0.00013571413,2.8146314410455853e-05,25.92509967609209,0
1.729820555,0.9568,0.6836266739,2.091671776777629,28.94790080463588,70.9233561554301,0.0,0.0,0.0,0.0,1
10.94034671,-2.507870376,0.6859928391,11.245051628744203,347.089070565661,86.50255817534702,0.0002043880813,0.00021813472,1.374664137240286e-05,6.693008321317261,0
14.77949671,0.9568,0.6889822433,14.826452231484224,3.7040644611679454,87.33651749477258,0.0,0.0,0.0,0.0,1
12.58110188,-2.506424044,0.6912586419,12.846950008203592,348.7329716524783,86.91558392667378,0.0002043891873,0.00021813472,1.3745535372402862e-05,6.692433790258667,0
-0.6988742486,-2.404781196,0.6990008471,2.6000000000457546,253.79515047501923,74.40436279742005,0.0,0.0,0.0,0.0,1
2.820900848,0.9568,0.7120074717,3.062662644498043,18.73603334202039,76.55688272496377,0.0,0.0,0.0,0.0,1
0.4526012328,0.9568,0.716034538,1.2778965433637235,64.68414625628304,55.92187724114865,0.0,0.0,0.0,0.0,1
13.04208776,-2.497207355,0.7238476545,13.298723741033688,349.16060017944324,86.8798568925389,0.0002043862187,0.0001906231,-1.3763114127703866e-05,6.701089398703587,0
11.84748117,-2.496933497,0.7247917705,12.129419197658631,348.0987144693515,86.5742578507469,0.0002043876011,0.00021813472,1.374712157240285e-05,6.693257771538795,0
14.15097237,0.9568,0.7274543544,14.20192504888823,3.868093953066989,87.06389719538856,0.0,0.0,0.0,0.0,1
10.81754542,0.9568,0.7427946652,10.885150392549134,5.054595045661984,86.08713731541911,0.0,0.0,0.0,0.0,1
0.8207359167,0.9568,0.7434468647,1.4634845149825295,49.37725315407414,59.46944623915522,0.0,0.0,0.0,0.0,1
5.286681619,-2.489823697,0.7488510922,5.891434675960037,334.7813681176709,82.69746790877605,0.0002043865825,0.00018658591,-1.7800673977170595e-05,8.666911811130893,0
13.45818093,-2.485852695,0.7619293801,13.707028633008468,349.534881150919,86.81347052371723,0.0002043864515,0.00018059446,-2.379198848223083e-05,11.584010682530748,0
12.17234699,-2.48454682,0.7661769386,12.446928586883455,348.4635972496743,86.47089845273564,0.0002043869899,0.00021813472,1.3747732772402858e-05,6.693575274215973,0
-0.1295887101,0.9568,0.7690742082,1.2343964563720355,97.71318865905651,51.461774032470544,0.0,0.0,0.0,0.0,1
9.862274483,0.9568,0.7720989953,9.938614645742948,5.541274861926979,85.5443857648865,0.0,0.0,0.0,0.0,1
16.04377247,0.9568,0.7735444558,16.09088165186199,3.412897401417922,87.24453124088853,0.0,0.0,0.0,0.0,1
-2.031484425,-1.424847024,0.7764547577,2.6000000003027317,215.04513634470428,72.62427673594539,0.0,0.0,0.0,0.0,1
13.74656826,0.9568,0.7764735989,13.80168527451007,3.981526889431052,86.77487485574159,0.0,0.0,0.0,0.0,1
12.37186179,0.9568,0.784898621,12.433603509687355,4.422268830821565,86.38067107390293,0.0,0.0,0.0,0.0,1
1.437158557,0.9568,0.7861037255,1.8970635269287377,33.65401429830649,65.51977021162139,0.0,0.0,0.0,0.0,1
4.447672719,-2.478299473,0.7861499347,5.151872728730568,330.8728952858178,81.2226602706503,0.0002043866552,0.00017833835,-2.604830656732161e-05,12.682570122171018,0
16.64583846,0.9568,0.7880490244,16.691926957103334,3.289731957617562,87.29398089296632,0.0,0.0,0.0,0.0,1
17.53279976,-0.3496188808,0.7883780726,17.553997857223987,358.8576250171345,87.4258892093016,0.0,0.0,0.0,0.0,1
9.713876451,-2.476684919,0.7912217211,10.05581402499245,345.6964063523752,85.48713084042276,0.0002043862478,0.00021813472,1.3748474872402852e-05,6.693960778615896,0
4.287459012,0.9568,0.7952845437,4.464330691719436,12.58013526508023,79.7384480903064,0.0,0.0,0.0,0.0,1
15.49567153,0.9568,0.796487012,15.545600469777204,3.5333151552507616,87.063134743457,0.0,0.0,0.0,0.0,1
17.36098756,0.9568,0.8010177984,17.4057744674527,3.154497958940226,87.36230326525072,0.0,0.0,0.0,0.0,1
13.89828606,-2.471109168,0.8084673636,14.139390206220716,349.9181921360319,86.72213265122105,0.0002043853456,0.00019301254,-1.1372801995290788e-05,5.537299636479414,0
3.615393327,-2.461288535,0.8378894609,4.4532088329794135,325.7537375696307,79.15492136743853,0.0002043866989,0.000173254,-3.1132702136621617e-05,15.158090715397158,0
-1.576448335,0.9568,0.8574408105,2.033681473691288,148.74501516616226,65.06309196483261,0.0,0.0,0.0,0.0,1
10.52510859,-2.454109655,0.8586884183,10.841490249489622,346.8750075759815,85.45719206277477,0.0002043879358,0.00021813472,1.3746786872402848e-05,6.693083904299528,0
-1.504696167,-1.936197484,0.8643082477,2.5999999998220518,232.14779822665,70.58389473399677,0.0,0.0,0.0,0.0,1
11.27786882,-2.444702357,0.8851160304,11.573691076001667,347.7692285048226,85.61393358173046,0.0002043874119,0.00021813472,1.3747310772402863e-05,6.693356055869783,0
-2.431324851,-0.2540781017,0.8854963498,2.5999999996851484,185.9658644967768,70.08805832070931,0.0,0.0,0.0,0.0,1
17.29526889,-1.033111153,0.8861518543,17.34874375108279,356.5815705392456,87.07213006594077,0.0,0.0,0.0,0.0,1
13.30147129,0.9568,0.8875270625,13.365339838753227,4.114307525273205,86.19246478566947,0.0,0.0,0.0,0.0,1
-0.5385528312,0.9568,0.8916093628,1.414380658742956,119.37380114215546,50.921205640925166,0.0,0.0,0.0,0.0,1
14.49278113,-2.442278764,0.89178161,14.724153791749922,350.4345626019353,86.5277045378806,0.00020438309,0.0001935522,-1.0830888619046812e-05,5.2735055349721405,0
3.481961336,0.9568,0.8942850315,3.7201164905099215,15.364939710523402,76.090341562287,0.0,0.0,0.0,0.0,1
11.47365196,0.9568,0.8986243544,11.548492597284405,4.7669263639722885,85.53712461848573,0.0,0.0,0.0,0.0,1
14.50080993,0.9568,0.8997727125,14.5601698410474,3.775047871140657,86.45704354086502,0.0,0.0,0.0,0.0,1
6.215348206,0.9568,0.9027110971,6.353023444522687,8.751498574891116,81.8311052879219,0.0,0.0,0.0,0.0,1
16.38200381,-2.057067916,0.9128294821,16.535865109067686,352.8428996609169,86.83549203733202,0.0,0.0,0.0,0.0,1
-2.238355444,0.9568,0.9133995112,2.600000000143238,156.85539043737992,69.43269121528044,0.0,0.0,0.0,0.0,1
9.026817338,-2.433358886,0.9158408873,9.393797488371945,344.9133920926741,84.40510575859702,0.0002043863933,0.00021813472,1.3748329372402865e-05,6.693885194391242,0
-1.031961465,0.9568,0.9262259305,1.68472703414397,137.16435517148176,56.6482129286108,0.0,0.0,0.0,0.0,1
0.2177039048,0.9568,0.9439284025,1.3615660318953942,77.18153583487407,46.11074322902073,0.0,0.0,0.0,0.0,1
2.855353196,-2.421097227,0.947780681,3.861740783088804,319.7048835713524,75.79285052199839,0.0002043867426,0.000173254,-3.1132745836621615e-05,15.15810876715351,0
7.10207625,0.9568,0.9566968283,7.229814805518419,7.672757182320424,82.39594147669027,0.0,0.0,0.0,0.0,1
12.7838894,-2.410872064,0.9734967342,13.045605704293918,349.3202054873264,85.7204631302074,0.0002043823624,0.00018352356,-2.0858802573573798e-05,10.156082698547145,0
2.193441366,0.9568,0.977661497,2.585048020597727,23.56728788934049,67.77785673484891,0.0,0.0,0.0,0.0,1
11.61181204,-2.402828532,0.9931842954,11.899335227276834,348.308810725276,85.21220748767928,0.0002043859859,0.00021813472,1.3748736772402858e-05,6.694096830490155,0
12.8489636,0.9568,0.9935142018,12.92278616643111,4.258678872299868,85.59070341743922,0.0,0.0,0.0,0.0,1
11.98737673,-2.393285945,1.015963771,12.266099659853763,348.70932264661485,85.24892174014843,0.0002043861896,0.00021188597,7.499780602274609e-06,3.6515505822863803,0
14.94966048,0.9568,1.02017752,15.014945117435069,3.662018515010061,86.10408613545633,0.0,0.0,0.0,0.0,1
17.43601434,0.3759191872,1.033383383,17.470655182798705,1.2351014464746868,86.60899459053007,0.0,0.0,0.0,0.0,1
15.78324849,-2.277955938,1.037476892,15.980499818653692,351.7873573937022,86.27765814546609,0.0,0.0,0.0,0.0,1
8.271426077,-2.379636829,1.047534515,8.670437667460915,343.9498085258086,83.06075536459309,0.000204386437,0.00021414076,9.754323363079614e-06,4.749253896974519,0
1.107186938,0.9568,1.057804077,1.8056241638269128,40.83265916255164,54.13775462267824,0.0,0.0,0.0,0.0,1
13.16821716,-2.372403277,1.063815159,13.42244177391569,349.78707410600225,85.45417193548383,0.0002043799177,0.00018059446,-2.3785454682230848e-05,11.581197883706643,0
2.135491637,-2.366376989,1.077153631,3.3645689962522884,312.06406894386885,71.32823958258308,0.0002043867426,0.000173254,-3.1132745836621615e-05,15.15810876715351,0
0.6456815872,0.9568,1.083865069,1.5833933307449184,55.98716742813059,46.80209737545215,0.0,0.0,0.0,0.0,1
1.224441819,-2.36234207,1.085974192,2.873892442228478,297.3984705597016,67.79783785974433,0.0002043867571,0.00016994508,-3.4441676684654265e-05,16.769180823028957,0
12.3646588,-2.358072581,1.095213999,12.635061821822918,349.2027373953817,85.0273304667661,0.0002043851127,0.00018352356,-2.0861552873573802e-05,10.157285793175117,0
10.03694626,-2.353527839,1.104946475,10.368234672676488,346.803336645912,83.88235087998606,0.0002043878776,0.00021813472,1.374684507240287e-05,6.693114137522434,0
9.074738693,0.9568,1.111746937,9.192514881041,6.018774470152266,83.05361796649214,0.0,0.0,0.0,0.0,1
1.614250319,0.9568,1.114922762,2.1827329423494097,30.656111063806804,59.28339389157395,0.0,0.0,0.0,0.0,1
10.88828344,-2.348273333,1.116070049,11.194405579151224,347.8294466652588,84.27816727848301,0.0002043866552,0.00021813472,1.374806747240286e-05,6.69374914305672,0
8.163138787,0.9568,1.117322083,8.294619324175358,6.685125429381344,82.25847033844781,0.0,0.0,0.0,0.0,1
-7.803724964e-15,-2.347575174,1.117537831,2.600000000249484,269.99999999999983,64.5437202547198,0.0001027664766,0.00014673172,4.3965243123902646e-05,42.3694092393445,0
11.98945662,0.9568,1.120897511,12.079691532196833,4.562731205887701,84.67575653007691,0.0,0.0,0.0,0.0,1
14.0780938,0.9568,1.130517084,14.155785395336222,3.8880567942688913,85.41933498981513,0.0,0.0,0.0,0.0,1
-2.14936724,-0.9158377646,1.140816223,2.5999999996370637,203.0786820759976,63.974222590900354,0.0,0.0,0.0,0.0,1
13.5845429,-2.333571083,1.146492914,13.831117301332036,350.2527870734657,85.24516610921955,0.0002043854329,0.00019008345,-1.430198610394783e-05,6.963486115839245,0
16.85834291,-1.504781887,1.154611613,16.964705189759858,354.89927551742176,86.0974534574915,0.0,0.0,0.0,0.0,1
7.468694476,-2.318736292,1.176206619,7.908311904461674,342.7524838144337,81.44663979031856,0.0002043864515,0.00020465176,2.653105328813898e-07,0.1291762581921767,0
15.81362632,0.9568,1.193660066,15.887450015082967,3.4624475758942594,85.6911781670089,0.0,0.0,0.0,0.0,1
13.61102413,0.9568,1.213572816,13.698474480290733,4.021047133154923,84.91739916758405,0.0,0.0,0.0,0.0,1
-0.176611806,0.9568,1.214977453,1.556543665085226,100.45827639773518,38.68802103085244,0.0,0.0,0.0,0.0,1
-1.824737654,-1.376276926,1.239433063,2.6000000001198065,217.0247950797565,61.529577848037206,0.0,0.0,0.0,0.0,1
-2.250117679,0.3826316721,1.245216221,2.6000000005545982,170.34919115356024,61.38450274168736,0.0,0.0,0.0,0.0,1
6.684061876,-2.277124903,1.254871379,7.171937197430884,341.1870600547533,79.92310776298234,0.0002043864952,0.00020465176,2.652668328813909e-07,0.12915495374858071,0
13.26277128,0.9568,1.258147479,13.356627693564976,4.126271432964416,84.59492516745985,0.0,0.0,0.0,0.0,1
14.00148433,-2.26037584,1.284796118,14.240841388278964,350.82938958760144,84.82378721803423,0.000204386597,0.0001935522,-1.0834395619046812e-05,5.275123000867876,0
11.30823269,-2.256393827,1.291776643,11.603280853668444,348.7156602687079,83.60809263971692,0.000204383934,0.00025158972,4.720578730157054e-05,22.984167447864028,0
12.78139609,-2.251095762,1.300987268,13.043162423686203,350.01134417914704,84.27552646508389,0.0002043825953,0.00018352356,-2.0859035473573783e-05,10.156184579859472,0
14.5853273,0.9568,1.322887004,14.676418797291026,3.75323536626928,84.82851667315197,0.0,0.0,0.0,0.0,1
12.47906988,0.9568,1.326282733,12.585772808921078,4.384425754588506,83.95096707264071,0.0,0.0,0.0,0.0,1
9.440771279,-2.234800187,1.328784454,9.79225011646448,346.6822037234102,82.20104163577929,0.0002043869026,0.00021813472,1.374782007240285e-05,6.69362062447445,0
16.30994272,0.9568,1.331004878,16.39211004584037,3.3573290500171997,85.3425757421241,0.0,0.0,0.0,0.0,1
15.394315,0.9568,1.333418865,15.481550517592316,3.5565190685655352,85.05901888252589,0.0,0.0,0.0,0.0,1
10.40201367,-2.227237659,1.341421787,10.722028184591428,347.91453972815987,82.81295191924073,0.0002043869608,0.00021813472,1.3747761872402855e-05,6.693590390964515,0
15.08,-2.223792466,1.347125483,15.302496528304992,351.61126028804733,84.9495398845246,0.0001008586769,0.00014196285,4.1104176476753626e-05,40.35412370131977,0
-1.301682114,0.9568,1.363987966,2.1143097543407223,143.68229473000713,49.82516866434656,0.0,0.0,0.0,0.0,1
11.12062626,0.9568,1.373556705,11.24590826373984,4.917522331170744,82.98447091990187,0.0,0.0,0.0,0.0,1
10.5233825,0.9568,1.39486386,10.658456298603488,5.195124769090228,82.48017592202245,0.0,0.0,0.0,0.0,1
0.2896975857,0.9568,1.397437726,1.718203459782473,73.15486445434777,35.579075394037545,0.0,0.0,0.0,0.0,1
11.92405075,-2.189387532,1.402348828,12.20422001969997,349.5957481298333,83.40174602092378,0.0002043849818,0.00018352356,-2.086142197357379e-05,10.157228532847764,0
13.22267209,-2.176454755,1.422337759,13.475869441372016,350.6529148766493,83.94131680945321,0.0002043843269,0.00019301254,-1.1371783295290782e-05,5.536831104365433,0
17.12356628,-0.7485270686,1.422513304,17.198847607268252,357.497007614958,85.25565754904494,0.0,0.0,0.0,0.0,1
9.52892513,0.9568,1.427587655,9.682659081360548,5.733854611427944,81.52154136330239,0.0,0.0,0.0,0.0,1
11.61392656,0.9568,1.444788768,11.742494239522214,4.70961133562173,82.9324556695168,0.0,0.0,0.0,0.0,1
4.937559859,-2.154564218,1.455284519,5.580277534490119,336.4253655120714,74.88301498398403,0.000204386597,0.00018658591,-1.780068847717059e-05,8.66691825911629,0
5.787378304,-2.147696835,1.465400391,6.344584118334462,339.6401035022855,76.64588971703682,0.0002043865534,0.00019571975,-8.66680059003589e-06,4.219750731761337,0
-0.7570334465,-2.006306051,1.470250452,2.600000000193286,249.3271545502001,55.56430448109262,0.0,0.0,0.0,0.0,1
14.98530059,0.9568,1.473921028,15.087980090437384,3.653332612725024,84.3939247601495,0.0,0.0,0.0,0.0,1
0.7788229913,0.9568,1.476593169,1.9241514697432067,50.85485041288348,39.8790492805274,0.0,0.0,0.0,0.0,1
16.98788965,0.9568,1.484752788,17.079471649967715,3.2236343275130253,85.01286782346426,0.0,0.0,0.0,0.0,1
12.9536884,0.9568,1.49116667,13.074291087550922,4.224374492803804,83.4509733713328,0.0,0.0,0.0,0.0,1
4.114582767,-2.128230594,1.493530896,4.867215974768074,332.65014478212834,72.13018343646348,0.0002043866698,0.000173254,-3.113267303662162e-05,15.158078694658117,0
10.00810882,0.9568,1.493900919,10.164125557506203,5.461021230554479,81.5481733675316,0.0,0.0,0.0,0.0,1
-0.7485377727,0.9568,1.50129402,1.9312324488901995,128.03730287223362,38.97903922306318,0.0,0.0,0.0,0.0,1
17.19431828,0.02040054011,1.513024128,17.260771689234787,0.0679796826243546,84.97118084998965,0.0,0.0,0.0,0.0,1
14.48675487,-2.111246547,1.517444568,14.71822226570318,351.7082970200516,84.08230579091111,0.0002043823333,0.00021813472,1.375238937240285e-05,6.695994320171087,0
12.46077996,-2.108106892,1.521803315,12.7291412596915,350.39765888624,83.13371116946598,0.0002043843269,0.00018352356,-2.086076707357378e-05,10.156942055140714,0
8.792676633,-2.104714488,1.526491705,9.169032793808467,346.5383312560392,80.4165812737723,0.0002043863642,0.00021813472,1.3748358472402862e-05,6.693900311227605,0
3.293592472,-2.104147573,1.527273056,4.196159120929572,327.4270801791852,68.65583518799679,0.000204386728,0.000173254,-3.1132731236621614e-05,15.158102736132792,0
-1.872207823,0.9568,1.52950045,2.599999999817808,152.93049722019316,53.96570420883381,0.0,0.0,0.0,0.0,1
13.60159711,-2.094041111,1.541100848,13.847867848193266,351.24771586450174,83.61043434198155,0.000204387703,0.00020904321,4.655506906667468e-06,2.266692133300438,0
-2.079815501,-0.2222261581,1.544339023,2.6000000002893007,186.09885604286413,53.56029318614645,0.0,0.0,0.0,0.0,1
10.8228515,-2.086203552,1.551694151,11.130773314989272,349.0895314341579,81.98653715598755,0.0002043840359,0.00021188597,7.501934302274634e-06,3.652637494146464,0
1.28909525,0.9568,1.558852443,2.237689375811493,36.58376486107409,45.84236135276296,0.0,0.0,0.0,0.0,1
14.29257646,0.9568,1.564261292,14.409723158152472,3.829885328583714,83.7679204713636,0.0,0.0,0.0,0.0,1
16.16893151,-1.761777755,1.571740219,16.340397007083578,353.7815449220011,84.48033447611846,0.0,0.0,0.0,0.0,1
13.89460591,0.9568,1.574057481,14.016176247026111,3.939240675550764,83.5519142486354,0.0,0.0,0.0,0.0,1
2.567583162,-2.058546582,1.588202119,3.654104992312877,321.27928467642346,64.2379259554005,0.0002043867426,0.000173254,-3.1132745836621615e-05,15.15810876715351,0
15.53078215,-2.003927845,1.594072974,15.740457097719943,352.6477804700268,84.18755763989805,0.0,0.0,0.0,0.0,1
11.56176678,-2.039115405,1.613074197,11.850504254041136,349.99777005145023,82.1766912019653,0.000204384778,0.00018352356,-2.08612181735738e-05,10.157139383315837,0
1.715888444,-2.036339601,1.616576949,3.115168238617576,310.1186189732557,58.7390063404971,0.0002043867571,0.000173254,-3.113276033662161e-05,15.158114756865018,0
9.917870305,-2.032655088,1.621207357,10.25300694371968,348.4176919732031,80.9021981402613,0.0002043870918,0.00021813472,1.3747630872402864e-05,6.693522339656043,0
8.030228501,-2.028164084,1.626822193,8.440649843319978,345.82545827770366,78.88746741830357,0.000204386437,0.00020465176,2.6532503288138605e-07,0.12918332717431874,0
1.924093152,0.9568,1.628141324,2.696005353943083,26.439928579504283,52.849640139854046,0.0,0.0,0.0,0.0,1
13.42640855,0.9568,1.628684367,13.558632879417573,4.076152157505248,83.10088080220368,0.0,0.0,0.0,0.0,1
12.87949114,-2.022628262,1.633699763,13.139303331120942,351.0750180945069,82.85753789939662,0.0002043854474,0.0001935522,-1.0833246019046819e-05,5.2745927991424075,0
0.8271126447,-2.004264543,1.656177419,2.7283906114328884,292.4247834585886,52.625930789679046,0.0002043867571,0.00016994508,-3.4441676684654265e-05,16.769180823028957,0
15.8307824,0.9568,1.672514599,15.947615581020816,3.458704378311154,83.98000477397875,0.0,0.0,0.0,0.0,1
3.76891392,0.9568,1.6771699,4.234746420960266,14.24454166892059,66.66854494889702,0.0,0.0,0.0,0.0,1
4.654747399,0.9568,1.684013472,5.041630784019667,11.615561618339768,70.48694838249207,0.0,0.0,0.0,0.0,1
-1.303848462,-1.489195046,1.685905485,2.600000000239191,228.7965859476105,49.57702735236461,0.0,0.0,0.0,0.0,1
5.555019478,0.9568,1.697586501,5.8868928620569285,9.772771108945449,73.23977526114516,0.0,0.0,0.0,0.0,1
7.243414342,-1.956656172,1.712161389,7.695911338321109,344.883536893333,77.14545343477062,0.0002043864661,0.00020465176,2.652959328813885e-07,0.1291691404594397,0
13.94494392,-1.954221203,1.714940084,14.185255053537446,352.02261618427474,83.05618598632469,0.0002043870918,0.00021813472,1.3747630872402864e-05,6.693522339656043,0
6.425091011,0.9568,1.721143979,6.720089086915512,8.470024046868446,75.16008565706551,0.0,0.0,0.0,0.0,1
12.08917786,0.9568,1.728029462,12.249480535608608,4.525251106237988,81.8902552193855,0.0,0.0,0.0,0.0,1
11.16282074,-1.936563299,1.734855207,11.461612751862756,350.15809282191003,81.29412226620991,0.0002043842978,0.00019301254,-1.1371754195290784e-05,5.536817720293506,0
11.35144517,0.9568,1.740424326,11.52388174713924,4.818005582444073,81.31351721361949,0.0,0.0,0.0,0.0,1
-1.724423514,-0.8697323523,1.740669176,2.6000000001057533,206.76460597963225,47.97242815842992,0.0,0.0,0.0,0.0,1
13.24760022,-1.923065182,1.749805791,13.500330054831322,351.7404500255884,82.55282380522607,0.0002043889544,0.00021813472,1.3745768272402847e-05,6.692554773725869,0
7.273434671,0.9568,1.754817072,7.543056483249184,7.494069866719769,76.54744721173154,0.0,0.0,0.0,0.0,1
12.23539336,-1.914846605,1.758795747,12.508591074708509,351.1053243263132,81.9170264632358,0.00020438504,0.0001935522,-1.0832838619046799e-05,5.274404902638867,0
11.87123451,-1.88852072,1.787033713,12.152621478211309,350.960916235714,81.54403598334358,0.0002043848363,0.0001935522,-1.0832634919046816e-05,5.274310954107577,0
-0.1516610696,0.9568,1.787350712,2.033000218327367,99.00694200655612,28.457721063613462,0.0,0.0,0.0,0.0,1
10.42550004,-1.886382132,1.789291047,10.744815079043622,349.7439087934383,80.41410576333465,0.0002043856512,0.00021813472,1.3749071472402859e-05,6.694270701030773,0
8.112127159,0.9568,1.797132269,8.363716738153348,6.7267795702233,77.59195592702633,0.0,0.0,0.0,0.0,1
-1.2556579860000001e-14,-1.877916753,1.798173703,2.599999999492076,269.9999999999996,46.2426853519388,0.0001027069084,0.00014673172,4.4024811323902644e-05,42.45118478905755,0
16.62443712,-1.059437562,1.803415105,16.755495323790118,356.35360124736167,83.82121388021181,0.0,0.0,0.0,0.0,1
11.65868649,0.9568,1.808927269,11.836919142101136,4.691611104460833,81.20956929626067,0.0,0.0,0.0,0.0,1
12.60981548,-1.854013302,1.822809556,12.875070735381824,351.6357653839932,81.86090875716314,0.0002043868881,0.00021188597,7.4990821022746085e-06,3.651198073863123,0
12.62125687,0.9568,1.840244879,12.790546995074443,4.33522160462644,81.72783932161428,0.0,0.0,0.0,0.0,1
15.29172769,0.9568,1.844591933,15.432268834633533,3.5803167608538047,83.13512323913659,0.0,0.0,0.0,0.0,1
14.70675352,0.9568,1.849680471,14.853463676288811,3.722334284807801,82.84646834980282,0.0,0.0,0.0,0.0,1
8.964151906,0.9568,1.850165201,9.202966744742415,6.0924703654927725,78.40221314299288,0.0,0.0,0.0,0.0,1
13.55021701,-1.803545375,1.872758415,13.797404865362564,352.41844478536234,82.19901201373051,0.0002043899294,0.00021813472,1.3744793272402867e-05,6.69204829689321,0
6.458504138,-1.80283847,1.873438937,6.962203365325,344.4033601731082,74.39005029315058,0.0002043865097,0.00020465176,2.6525233288136755e-07,0.1291478847704317,0
2.923131881,0.9568,1.876918452,3.603191517138199,18.124315073042567,58.60706102118184,0.0,0.0,0.0,0.0,1
3.76821363,0.9568,1.879007802,4.318051704333176,14.24708112452413,64.20504895991576,0.0,0.0,0.0,0.0,1
0.4216973905,0.9568,1.879473168,2.150747386000148,66.21512580318654,29.088503361901417,0.0,0.0,0.0,0.0,1
0.9155014163,0.9568,1.884447021,2.3032042154796177,46.2636057854491,35.09648934615916,0.0,0.0,0.0,0.0,1
4.652643951,0.9568,1.884643404,5.110229225290936,11.620670182237577,68.3584809803516,0.0,0.0,0.0,0.0,1
11.56209385,-1.78729578,1.888272702,11.85082335530034,351.2126359662639,80.83159405889654,0.000204385884,0.00020904321,4.657325906667464e-06,2.267597858218661,0
5.551634611,0.9568,1.895141885,5.943708931158597,9.778614629735388,71.4067067184813,0.0,0.0,0.0,0.0,1
13.08407367,0.9568,1.900688192,13.255982258783977,4.18242793361344,81.75632166376715,0.0,0.0,0.0,0.0,1
14.26240163,-1.769666209,1.904804848,14.497451508995209,352.92694046752234,82.450138540424,0.0002043858112,0.00021813472,1.3748911472402848e-05,6.694187583880598,0
15.08,-1.767801226,1.906535818,15.302496528343472,353.3138356674714,82.84292897139812,0.0001053358646,0.00014196285,3.662698877675363e-05,34.44462403586234,0
-1.731041418,0.3577515133,1.9067012,2.6000000004194868,168.3231684128964,42.83230872334053,0.0,0.0,0.0,0.0,1
9.738713951,0.9568,1.908057832,9.969889685932264,5.61113424739932,78.96655050460345,0.0,0.0,0.0,0.0,1
6.420724893,0.9568,1.913078105,6.767646727439328,8.475700065623187,73.57978159376728,0.0,0.0,0.0,0.0,1
10.85473411,-1.749916318,1.922964607,11.16177640873418,350.84201174343525,80.07951864549182,0.0002043862478,0.00021813472,1.3748474872402852e-05,6.693960778615896,0
12.95468299,-1.748499607,1.924252874,13.213016739948973,352.313214092069,81.6260564284068,0.0002043894201,0.00021813472,1.3745302572402854e-05,6.692312859012183,0
7.268242717,0.9568,1.938761857,7.582981997300378,7.499362226442827,75.18654763127131,0.0,0.0,0.0,0.0,1
5.29332273,-1.728721374,1.942040785,5.8973948081727166,341.91372335755864,70.77341109907127,0.0002043865679,0.00018658591,-1.7800659377170593e-05,8.666905318675708,0
9.388584015,-1.726200772,1.944281589,9.741945894393544,349.5818576289247,78.48769621192037,0.0002043861459,0.00021813472,1.3748576772402846e-05,6.694013713610877,0
14.1994804,0.9568,1.945098013,14.363986777707668,3.854919744281176,82.21738705394927,0.0,0.0,0.0,0.0,1
12.43649558,-1.71515178,1.954035407,12.705369821914132,352.1477126214647,81.15302352001561,0.0002043880813,0.00021813472,1.374664137240286e-05,6.693008321317261,0
16.74077805,-0.3971432064,1.960636008,16.859877401737464,358.6410212056821,83.32196117956721,0.0,0.0,0.0,0.0,1
13.76129141,0.9568,1.962792007,13.93345470347117,3.977280748467649,81.90186462658835,0.0,0.0,0.0,0.0,1
10.38995912,0.9568,1.965088896,10.617358010562404,5.261466256709014,79.33404812501385,0.0,0.0,0.0,0.0,1
12.13470585,-1.699827035,1.967381014,12.410120308409132,352.025905962441,80.87839583534384,0.0002043870918,0.00021813472,1.3747630872402864e-05,6.693522339656043,0
8.106289062,0.9568,1.971060098,8.397170148724427,6.731579710661379,76.42434596701406,0.0,0.0,0.0,0.0,1
4.542853029,-1.670714773,1.992162681,5.234263428925222,339.8081062277035,67.6291231029578,0.0002043866261,0.00018658591,-1.780071757717059e-05,8.666931199553206,0
12.35315744,0.9568,1.998592875,12.550312285255222,4.428938122369232,80.8368388853437,0.0,0.0,0.0,0.0,1
13.41840839,0.9568,2.000719416,13.600442203927848,4.078574192320673,81.54069356316649,0.0,0.0,0.0,0.0,1
8.600090522,-1.650512733,2.008931985,8.984517626937208,349.1360023442377,77.07947349873172,0.0002043864515,0.00020864572,4.259272842204641e-06,2.073784717101771,0
-1.341994039,0.9568,2.010866917,2.599999999730119,144.512312465562,39.33886885413085,0.0,0.0,0.0,0.0,1
16.42122595,0.9568,2.011379309,16.57159541702689,3.3346286475535862,83.02852895487933,0.0,0.0,0.0,0.0,1
8.957880492,0.9568,2.011646616,9.23069939152058,6.096703592801589,77.41251713986617,0.0,0.0,0.0,0.0,1
13.25715892,-1.645823464,2.012775478,13.509709938767251,352.92316561605503,81.43175515796963,0.0002043899003,0.00021813472,1.3744822372402864e-05,6.692063413209059,0
15.62436814,-1.551301912,2.014230797,15.829862384114564,354.3298379820839,82.68972587078036,0.0,0.0,0.0,0.0,1
13.81898624,-1.643329047,2.014812557,14.061450163403066,353.21833676326014,81.76194732259165,0.0002043892746,0.00021813472,1.3745448072402869e-05,6.692388441009115,0
16.69387697,0.3003110578,2.01623768,16.817875293959855,1.030599449496151,83.11444272363099,0.0,0.0,0.0,0.0,1
3.712542397,-1.63998075,2.017538882,4.532435443586029,336.1670054296388,63.56811921132709,0.0002043866843,0.000173254,-3.1132687536621615e-05,15.15808468437387,0
10.94442929,0.9568,2.020010322,11.170337525106234,4.996293113328363,79.58148355170408,0.0,0.0,0.0,0.0,1
16.08782461,-1.273075065,2.030657389,16.265373965413357,355.4754514376224,82.82817112360601,0.0,0.0,0.0,0.0,1
11.27187296,-1.617440524,2.03565374,11.567848547773805,351.83416935986696,79.86458992335304,0.0002043870918,0.00021813472,1.3747630872402864e-05,6.693522339656043,0
11.84930099,-1.616079585,2.036734341,12.131196723838809,352.23357214155874,80.3347053808568,0.0002043871064,0.00021813472,1.3747616272402862e-05,6.693514755317115,0
-0.6219261919,-1.486867508,2.040204114,2.600000000249979,247.3014417153356,38.30762431839247,0.0,0.0,0.0,0.0,1
10.06542483,-1.604130053,2.04615903,10.395805741325145,350.9449035671638,78.64861956662173,0.0002043867426,0.00021813472,1.3747980072402862e-05,6.693703740741279,0
2.971119615,-1.60110687,2.048525517,3.9481073655106016,331.68021320521524,58.74400767732482,0.0002043867426,0.000173254,-3.1132745836621615e-05,15.15810876715351,0
2.130933282,0.9568,2.048795053,3.1070732307965585,24.180325439028422,48.74609220281366,0.0,0.0,0.0,0.0,1
2.922863906,0.9568,2.049188331,3.695642362148175,18.12586808669238,56.32456210405337,0.0,0.0,0.0,0.0,1
3.767249923,0.9568,2.050767862,4.394688503882335,14.250577257016571,62.18313983814778,0.0,0.0,0.0,0.0,1
4.651020516,0.9568,2.054795585,5.173938826115786,11.624615988011785,66.6002812180925,0.0,0.0,0.0,0.0,1
11.41921611,0.9568,2.055813656,11.642179031224336,4.7895450234661325,79.82919411814851,0.0,0.0,0.0,0.0,1
9.732314418,0.9568,2.05645651,9.993118809877728,5.614800308442682,78.12441179293506,0.0,0.0,0.0,0.0,1
5.549417548,0.9568,2.062289405,5.997044184598408,9.782445845085247,69.88629518554819,0.0,0.0,0.0,0.0,1
12.72128859,-1.579256165,2.065417625,12.984266763680392,352.9233480617,80.84703408482392,0.0002043893619,0.00021813472,1.3745360772402849e-05,6.6923430917981,0
2.163297281,-1.566976447,2.074749338,3.3822854886845635,324.08244471762737,52.16305807623348,0.0002043867426,0.000173254,-3.1132745836621615e-05,15.15810876715351,0
6.418105496,0.9568,2.075075431,6.812744119818771,8.47910894669775,72.26666255422293,0.0,0.0,0.0,0.0,1
11.81923717,0.9568,2.07677474,12.038389711311543,4.628159740228909,80.0660568055381,0.0,0.0,0.0,0.0,1
5.767484848,-1.554014752,2.084475509,6.326443034515051,344.9201157136334,70.76240869298402,0.0002043865534,0.00020465176,2.652086328813687e-07,0.1291265803389097,0
7.842824686,-1.550216331,2.087301925,8.26256007871282,348.8190155141493,75.36729506015445,0.000204386437,0.00021414076,9.754323363079614e-06,4.749253896974519,0
7.265304727,0.9568,2.093365176,7.621174238675958,7.502360327511383,74.05720310732914,0.0,0.0,0.0,0.0,1
1.374238657,-1.53517206,2.098391466,2.9408386363041816,311.83392324983123,44.47672988588624,0.0002043867571,0.000173254,-3.113276033662161e-05,15.158114756865018,0
10.3836229,0.9568,2.101580208,10.637280204077626,5.264658835497357,78.60525458799236,0.0,0.0,0.0,0.0,1
13.49757319,-1.527182135,2.104213565,13.745707767154078,353.544725271842,81.1944535348594,0.0002043898858,0.00021813472,1.374483687240286e-05,6.692070945395531,0
12.33126463,-1.525208091,2.10564486,12.60238419396843,352.94910892353835,80.38173515682479,0.0002043890563,0.00021813472,1.3745666372402853e-05,6.692501840178547,0
10.59462223,-1.522387981,2.10768471,10.908988046462936,351.8228907806861,78.86004307085352,0.0002043867426,0.00021813472,1.3747980072402862e-05,6.693703740741279,0
0.5979788922,-1.519357102,2.109870611,2.667879074110386,291.4832907383991,37.73573996918503,0.0002043867426,0.000173254,-3.1132745836621615e-05,15.15810876715351,0
12.52892729,-1.51914497,2.110023355,12.795859448924425,353.08657752314787,80.50863764254677,0.0002043893328,0.00021813472,1.3745389872402847e-05,6.692358208197484,0
8.103131958,0.9568,2.116230043,8.429391636628157,6.7341783544083,75.46012593538353,0.0,0.0,0.0,0.0,1
11.61509354,-1.500989013,2.122977151,11.902537458196235,352.636619937178,79.72555252641212,0.0002043874701,0.00021813472,1.3747252572402868e-05,6.693325822509788,0
13.0199127,-1.49514872,2.127094334,13.27697731851169,353.44910358372425,80.78095902504606,0.00020438926,0.00021813472,1.374546267240287e-05,6.692396025187914,0
-1.457117252,-0.2671348328,2.136690969,2.600000000380245,190.38873113079887,34.73418707136409,0.0,0.0,0.0,0.0,1
12.098641,-1.473717212,2.141998501,12.374858142464191,353.0551005330802,80.03231169818173,0.0002043882705,0.00021813472,1.3746452172402846e-05,6.692910037626927,0
8.954694158,0.9568,2.144739313,9.257533171641734,6.098856625849066,76.60429191652344,0.0,0.0,0.0,0.0,1
10.93827555,0.9568,2.146518784,11.187889932323818,4.999089726996374,78.93859505187993,0.0,0.0,0.0,0.0,1
-1.088954706,-0.9318014019,2.16931413,2.5999999997923093,220.5530834245051,33.451618590315945,0.0,0.0,0.0,0.0,1
14.57633754,-1.43105556,2.170732592,14.806404562951508,354.3928629972442,81.569612639399,0.0002043881395,0.00021813472,1.3746583172402865e-05,6.692978088154339,0
14.08549508,-1.42419629,2.175239051,14.323448315616924,354.2263973331004,81.26494377344233,0.0002043875866,0.00021813472,1.3747136072402846e-05,6.693265303893904,0
9.729269279,0.9568,2.176129684,10.015472397489752,5.61654643566925,77.45086411285445,0.0,0.0,0.0,0.0,1
11.41318293,0.9568,2.176841124,11.65825236100081,4.792065061452036,79.2385100611981,0.0,0.0,0.0,0.0,1
11.01850052,-1.413144032,2.182435324,11.321102141923305,352.6916019179193,78.88517464345506,0.0002043879358,0.00021813472,1.3746786872402848e-05,6.693083904299528,0
13.22605658,-1.401809449,2.189732922,13.479190356188225,353.9498954762226,80.65070267624515,0.0002043881832,0.00020864572,4.257541142204638e-06,2.0729240971272382,0
2.130903982,0.9568,2.193684002,3.2044449630371545,24.18061982338912,46.79778075932035,0.0,0.0,0.0,0.0,1
1.390167858,0.9568,2.193708671,2.767741072903478,34.53816723537483,37.57094484920856,0.0,0.0,0.0,0.0,1
2.922547862,0.9568,2.193913618,3.777566572401686,18.12770000845262,54.49497810374419,0.0,0.0,0.0,0.0,1
3.766612932,0.9568,2.194899638,4.463230180082825,14.252889053015338,60.54276529104095,0.0,0.0,0.0,0.0,1
11.8142079,0.9568,2.196072937,12.054613676474505,4.630121368406378,79.50341237600344,0.0,0.0,0.0,0.0,1
4.650064955,0.9568,2.197467156,5.231389129802704,11.626939742487252,65.16198841640698,0.0,0.0,0.0,0.0,1
5.54817762,0.9568,2.20225183,6.045465595453109,9.784589810164334,68.63662267523216,0.0,0.0,0.0,0.0,1
11.89843931,-1.375413538,2.206408303,12.17919775739824,353.4060959611826,79.56254737939997,0.0002043880522,0.00021813472,1.3746670472402858e-05,6.693023437905148,0
10.38083328,0.9568,2.207884949,10.656074407359226,5.2660656435139686,78.0419796057148,0.0,0.0,0.0,0.0,1
12.1782404,0.9568,2.209649528,12.414006465149871,4.492292763006788,79.74691752223339,0.0,0.0,0.0,0.0,1
6.416688121,0.9568,2.210357181,6.853833347097139,8.480954652538514,71.18585412225195,0.0,0.0,0.0,0.0,1
12.64077124,-1.364643646,2.213085565,12.905390251386848,353.83845499232825,80.12580741786422,0.0002043884742,0.00021813472,1.3746248472402864e-05,6.692804221826614,0
12.5239309,0.9568,2.217035016,12.754589593167823,4.368781547634512,79.9898561561618,0.0,0.0,0.0,0.0,1
12.82451466,-1.35593702,2.218430706,13.085418459647558,353.96453558361344,80.23924129722684,0.0002043882705,0.00020864572,4.257453842204618e-06,2.0728807111721688,0
12.46529555,-1.355679645,2.218587997,12.7335616835648,353.7931168203741,79.96605869972609,0.0002043882123,0.00021813472,1.3746510372402869e-05,6.692940270751298,0
13.71247854,-1.351997685,2.220833686,13.956792887733137,354.3690557901808,80.84405865951334,0.0002043879358,0.00021813472,1.3746786872402848e-05,6.693083904299528,0
12.86588538,0.9568,2.220950795,13.09118387637684,4.253098236521339,80.23239038005187,0.0,0.0,0.0,0.0,1
7.125960355,-1.350565943,2.221704668,7.58546709037988,349.26816035564696,72.96896645040766,0.0002043864661,0.00021414076,9.754294263079617e-06,4.7492390556690225,0
7.263755261,0.9568,2.221891909,7.656004858082631,7.503942455647007,73.12913693324981,0.0,0.0,0.0,0.0,1
13.21935412,0.9568,2.222723622,13.439021165611646,4.139776567167814,80.47991907033611,0.0,0.0,0.0,0.0,1
11.39363339,-1.336873713,2.229970555,11.686525652494,353.3077907658801,78.99961874178325,0.0002043879795,0.00021813472,1.374674317240285e-05,6.693061203420061,0
12.27894887,-1.33538925,2.230859823,12.551198562327244,353.79322757448523,79.761805799125,0.0002043871937,0.00021813472,1.374752897240287e-05,6.693469405148638,0
8.101503407,0.9568,2.236205423,8.458749221219836,6.735519611902475,74.67071809489846,0.0,0.0,0.0,0.0,1
16.20082315,-0.7014622371,2.238684031,16.36980226509495,357.52075940128253,82.13977261633738,0.0,0.0,0.0,0.0,1
10.93580236,0.9568,2.239852949,11.203757438026118,5.00021456681543,78.46773078996199,0.0,0.0,0.0,0.0,1
8.953090962,0.9568,2.25390018,9.281883970145827,6.099940492028054,75.94649572668379,0.0,0.0,0.0,0.0,1
11.4109896,0.9568,2.261395002,11.67219162138708,4.79298186351582,78.82874962923916,0.0,0.0,0.0,0.0,1
13.42054186,-1.279556962,2.263345749,13.670074755264922,354.55370198111785,80.46968772577884,0.0002043866989,0.00020864572,4.259025442204632e-06,2.0736617634028454,0
13.02458506,-1.278336659,2.2640352,13.28155924527529,354.39448855936223,80.18516914715048,0.0002043873101,0.00020864572,4.258414242204624e-06,2.073358008404349,0
12.09918633,-1.266714947,2.270557914,12.375391300716116,354.0232361184128,79.42784554002776,0.0002043876011,0.00020864572,4.258123242204621e-06,2.0732133874680234,0
9.727780947,0.9568,2.273297716,10.035590211760692,5.617400260916952,76.9075142897359,0.0,0.0,0.0,0.0,1
11.81239039,0.9568,2.274746188,12.06741493384498,4.630830682460669,79.13455515267202,0.0,0.0,0.0,0.0,1
11.69398087,-1.248632337,2.28055197,11.97953206885807,353.9052982248744,79.02558107493297,0.0002043879649,0.00020864572,4.257759442204622e-06,2.0730325870250743,0
15.08,-1.245613994,2.282201958,15.302496528316798,355.2780653480685,81.4229552556493,0.000108779197,0.00014196285,3.318365637675363e-05,30.22763627680173,0
12.17687262,0.9568,2.283362141,12.425998378828872,4.492795298713588,79.41133816605236,0.0,0.0,0.0,0.0,1
-1.594746561e-14,-1.242740699,2.283767842,2.600000000212374,269.99999999999926,28.553372363376692,9.409597988e-05,0.00014673172,5.263573984390264e-05,55.35012090976168,0
9.800186487,-1.241071654,2.284675283,10.139213735743557,352.78262082481405,76.97767963614916,0.0002043866843,0.00020864572,4.259040042204633e-06,2.0736690193526015,0
12.523208,0.9568,2.287484628,12.766314690410866,4.369032758361811,79.67792458281184,0.0,0.0,0.0,0.0,1
13.60153034,0.9568,2.288855317,13.825915972987096,4.023844584617223,80.47091878737308,0.0,0.0,0.0,0.0,1
12.86547879,0.9568,2.289233607,13.102541785598628,4.253232154703369,79.93782446776424,0.0,0.0,0.0,0.0,1
13.21925366,0.9568,2.289544487,13.45013559505537,4.139807918109625,80.19911965808421,0.0,0.0,0.0,0.0,1
10.3795198,0.9568,2.292945174,10.67274543355935,5.266728292367361,77.59379041355169,0.0,0.0,0.0,0.0,1
10.36681117,-1.225693713,2.292962041,10.687879763264151,353.2570816373588,77.61154455674199,0.0002043881977,0.00021813472,1.374652497240287e-05,6.69294785500855,0
9.155469281,-1.219807727,2.296098672,9.517490097591052,352.4110228725864,76.03964592047703,0.0002043859859,0.00020864572,4.259738442204629e-06,2.07401611338694,0
12.56005139,-1.202640591,2.305136787,12.826335833640972,354.53053219866024,79.64660477702762,0.000204387572,0.00020864572,4.258152342204619e-06,2.0732278495432133,0
12.72459236,-1.195497422,2.308849478,12.987503637198332,354.632717791193,79.75983125734138,0.0002043870045,0.00020864572,4.258719842204628e-06,2.073509885677615,0
12.88115659,-1.195442825,2.308877747,13.140935853071356,354.6978211767953,79.88053581216201,0.0002043866843,0.00020864572,4.259040042204633e-06,2.0736690193526015,0
13.19347875,-1.193104948,2.310086705,13.447225793012528,354.8327167562136,80.10814305626036,0.0002043862769,0.00020864572,4.259447442204626e-06,2.07387149058576,0
16.17488263,0.4678066163,2.311360854,16.345888171706466,1.6566349014435104,81.87094862445292,0.0,0.0,0.0,0.0,1
10.93469801,0.9568,2.312856149,11.217503749759349,5.000717003015836,78.10125315716903,0.0,0.0,0.0,0.0,1
10.83676271,-1.18444949,2.314536542,11.14430015889114,353.7623773919769,78.0131071200152,0.0002043858985,0.00020864572,4.259825842204627e-06,2.074059550005877,0
-0.698080582,0.9568,2.314566322,2.5999999995965517,126.11446306693593,27.099369653257952,0.0,0.0,0.0,0.0,1
12.39769162,-1.184284337,2.314621051,12.667389530018175,354.54340134810354,79.47160368778134,0.0002043882123,0.00020864572,4.25751204220464e-06,2.0729096351381213,0
2.130872424,0.9568,2.315159186,3.2887756968032678,24.180936901971563,45.25459522395232,0.0001023762015,9.214589e-05,-1.023030923241893e-05,9.896193789262927,0
1.390201889,0.9568,2.315206425,2.865014541418673,34.537512197680826,36.089691997791874,9.073273395e-05,0.0002060102,0.00011527746392136465,125.66666113341611,0
2.922407852,0.9568,2.315236934,3.8491889995152193,18.12851167871605,53.02353333418591,0.0001023539153,0.00019987031,9.751639297905982e-05,94.35190983912327,0
0.6948269708,0.9568,2.315246064,2.599733658707868,54.01289371375282,27.05497854095705,7.791892131e-05,0.00019706767,0.00011914874630373728,150.97614656403022,0
3.76635164,0.9568,2.315683714,4.523633714108109,14.25383755799453,59.20900401439405,0.0001023346122,0.0002093593,0.00010702469440925805,103.5710031040868,0
4.649682164,0.9568,2.316883423,5.282325175714944,11.62787087920617,63.98473921728174,0.0001023218647,0.0002093593,0.00010703744190925806,103.59611900157478,0
12.24189651,-1.17846754,2.317588026,12.514952263698108,354.50135884119874,79.3280508051729,0.0002043881832,0.00020864572,4.257541142204638e-06,2.0729240971272382,0
5.547686827,0.9568,2.319123131,6.088565304503891,9.785438699649774,67.61067408626468,0.0001023143559,0.0002093593,0.00010704495070925805,103.61091619529523,0
6.335862753,-1.173321757,2.320197417,6.848587943814095,349.50840198303484,70.19714589944186,0.0002043865097,0.00021414076,9.754250663079596e-06,4.7492168192191615,0
15.7544141,0.9568,2.32157261,15.95326704025796,3.475429183535482,81.63241452313923,0.0,0.0,0.0,0.0,1
6.41612174,0.9568,2.322900988,6.8904247635796745,8.481692416998158,70.29848551718737,0.0001023131554,0.0002093593,0.00010704615120925805,103.61328215637681,0
11.93554249,-1.167281565,2.323242077,12.215448191979185,354.4143054454688,79.03619437088776,0.0002043879795,0.00020864572,4.257744842204621e-06,2.0730253311658,0
11.41004884,0.9568,2.326308116,11.68402286123032,4.793375204218194,78.51556967811746,0.0,0.0,0.0,0.0,1
7.263133452,0.9568,2.328273331,7.68696497230261,7.504577558704568,72.3689800838178,0.0001023067452,0.0002093593,0.00010705256140925806,103.62591639297729,0
-1.098420743,0.360084121,2.328907748,2.600000000296817,161.84982936848098,26.39716636612673,0.0,0.0,0.0,0.0,1
15.6304306,-1.014801105,2.329636209,15.835636611466224,356.28530194931665,81.5403124536358,0.0,0.0,0.0,0.0,1
5.059304942,-1.152523702,2.330598446,5.6882832644230215,347.166859408772,65.81280805816755,0.0002043865825,0.00019571975,-8.666829690035888e-06,4.219764302293645,0
11.81162349,0.9568,2.334613042,12.078093134489247,4.631130043231678,78.85496680450166,0.0,0.0,0.0,0.0,1
8.100859608,0.9568,2.334916361,8.484764406946807,6.736049984681358,74.026704597199,0.0001022941506,0.00020660894,0.00010431478582343581,100.98808617671698,0
8.406924423,-1.135127009,2.339120919,8.799794216588168,352.31026569784746,74.58458970828963,0.0002043864952,0.00021813472,1.374822747240287e-05,6.693832259523785,0
16.21058618,-0.09268816156,2.339483657,16.37879358120953,359.67240033535603,81.78800512786381,0.0,0.0,0.0,0.0,1
14.02836569,0.9568,2.339698639,14.254287070692367,3.9017967810433447,80.5527211926078,0.0,0.0,0.0,0.0,1
12.17630151,0.9568,2.339719464,12.435918617965008,4.493005163302826,79.15562268956961,0.0,0.0,0.0,0.0,1
13.60192919,0.9568,2.340817044,13.835005181179186,4.023726980804668,80.25896799080789,0.0,0.0,0.0,0.0,1
12.5228809,0.9568,2.341880887,12.775852940781713,4.369146436434392,79.43765934358294,0.0,0.0,0.0,0.0,1
13.21939952,0.9568,2.341887389,13.459287739406326,4.139762399169285,79.97965442235477,0.0,0.0,0.0,0.0,1
13.90823643,-1.129262,2.341958013,14.149171021373586,355.35812281435005,80.47260880310182,0.0002043860877,0.00021813472,1.3748634972402869e-05,6.69404394736074,0
11.22293408,-1.128707478,2.342225316,11.520167071958197,354.2569875409908,78.26910855206313,0.0002043876593,0.00020864572,4.258065042204626e-06,2.073184463329938,0
14.26252225,-1.12870676,2.342225662,14.497570173430654,355.4751598713379,80.7025513060239,0.000204386015,0.00021813472,1.374870767240286e-05,6.694081713598105,0
12.86538633,0.9568,2.342436917,13.111851218278652,4.253262609345086,79.70884314452132,0.0,0.0,0.0,0.0,1
8.952464857,0.9568,2.34311303,9.303347350667703,6.100363884496005,75.41257365908956,0.0001022804499,0.00020139554,9.911508826989064e-05,95.96694085459309,0
13.58891536,-1.116544841,2.348047618,13.835411835561786,355.3027949922879,80.22887415796379,0.0002043859859,0.00021813472,1.3748736772402858e-05,6.694096830490155,0
9.727211112,0.9568,2.352099626,10.053182327404873,5.617727231962249,76.46933907695552,0.0001022842844,0.00014378241,4.1498125904993396e-05,40.17854811703899,0
13.00483051,-1.104545334,2.353716127,13.262187473987384,355.1453218569391,79.7772386041122,0.0002043865534,0.00021813472,1.3748169272402848e-05,6.693802025893896,0
10.37903297,0.9568,2.361228712,10.68715082062194,5.266973939675609,77.23569746982423,0.0001022991855,0.00014335226,4.105307019084287e-05,39.74191083127454,0
11.53941838,-1.081423785,2.364428599,11.828701389045827,354.64612744767,78.4695254065615,0.0002043875429,0.00020864572,4.2581814422046436e-06,2.073242311622515,0
12.12672418,-1.078899177,2.365581655,12.402315886091616,354.91585381374193,79.00419689103433,0.000204388125,0.00020864572,4.257599342204633e-06,2.072953021117766,0
13.3399237,-1.078609192,2.36571389,13.590936844832571,355.3773644710347,79.97571654135652,0.0002043860441,0.00021813472,1.3748678572402862e-05,6.694066596710338,0
10.93432005,0.9568,2.370529571,11.229168786816656,5.000888983216498,77.81290551078143,0.0001023165823,0.00013098985,2.8673268431566554e-05,27.752823209258015,0
4.130222676,-1.059506657,2.374330568,4.880444585866242,345.6124201020568,60.88928175240699,0.0002043866698,0.00018658591,-1.7800761277170587e-05,8.666950632436121,0
12.65708515,-1.054439372,2.376585284,12.921370070379522,355.2377866575542,79.40143541553738,0.0002043863205,0.00020864572,4.2594038422046326e-06,2.0738498220501658,0
11.40974268,0.9568,2.376827386,11.693887406959808,4.79350322651743,78.27270110333137,0.0001023194127,0.0001452704,4.295098914475482e-05,41.571073646603125,0
12.47487239,-1.050473223,2.37834102,12.742936912126613,355.18664223069965,79.2432403095105,0.0002043861896,0.00020864572,4.259534742204619e-06,2.0739148773830793,0
11.8114021,0.9568,2.380717336,12.086873079577504,4.63121647039344,78.6403361133523,0.000102316284,0.00020720111,0.00010488482806173896,101.5181963588034,0
14.51467769,0.9568,2.380907383,14.73974404971157,3.771451491115613,80.70429962860749,8.686128422e-05,0.0002298004,0.0001429391122624602,162.68725586180625,0
14.02883038,0.9568,2.381675949,14.261694443398232,3.901667937384332,80.3866718208617,9.157151362e-05,0.0002298004,0.0001382288828624602,149.321186893282,0
13.60224788,0.9568,2.382660329,13.842459458938462,4.023633017681561,80.08849248502901,0.000102261416,0.00023155117,0.00012928975050741548,125.20625371573009,0
12.17616463,0.9568,2.383052679,12.44401026228089,4.4930554652149794,78.95954862859003,0.0001023189179,0.00021328815,0.00011096923119793436,107.40456196544656,0
13.2195893,0.9568,2.383521245,13.466780648174264,4.139703175486886,79.80536084975688,0.0001022863362,0.00022524918,0.00012296284693138186,119.05044893187127,0
12.5228465,0.9568,2.383964728,12.783600374186856,4.369158391915676,79.2522080567353,0.0001023114673,0.00020893358,0.00010662210847733696,103.20452439971972,0
12.86545829,0.9568,2.384067773,13.1194230969958,4.253238906992806,79.53001143713846,0.0001022877623,0.00019988757,9.759980455052067e-05,94.49309615890543,0
12.82726036,-1.035427686,2.384929665,13.088109425855198,355.3850406363387,79.50084073477103,0.0002043864661,0.00021813472,1.3748256572402868e-05,6.69384737634515,0
11.78245525,-1.034363244,2.385391515,12.06591280088766,354.9829555754484,78.5976976628836,0.0002043871646,0.00020864572,4.258559742204639e-06,2.0734303190261967,0
-0.4455802527,-0.926301711,2.388184117,2.5999999996324603,244.3109823143972,23.28754366686411,0.0,0.0,0.0,0.0,1
12.30693156,-1.019629516,2.3917265,12.578575611857834,355.26386028905205,79.0388778048839,0.0002043866843,0.00020864572,4.259040042204633e-06,2.0736690193526015,0
3.390190636,-1.014930767,2.393724198,4.272398921720213,343.333731674588,55.92508664582925,0.0002043866989,0.00018658591,-1.7800790377170585e-05,8.666963572863864,0
13.14493478,-1.002787939,2.398836457,13.399601127216055,355.6375252484967,79.68714396039212,0.0002043864224,0.00021482447,1.0438045148169204e-05,5.082149553119245,0
14.65958293,-1.001784269,2.399255776,14.888363633449869,356.0906859889508,80.72636306220744,0.0002043860441,0.00021482447,1.04384234481692e-05,5.082343103646739,0
2.579576233,-0.9899503585,2.4041627,3.662541950916609,339.0049595519607,48.97265425112562,0.0002043867426,0.00017833835,-2.6048393967321608e-05,12.68260727911345,0
5.768425838,-0.9872002584,2.405293257,6.32730089776523,350.2885626682851,67.65732115451004,0.0002043865534,0.00020465176,2.652086328813687e-07,0.1291265803389097,0
11.99053196,-0.9743993483,2.410507397,12.269183211801046,355.3541210912379,78.66948092080389,0.0002043868008,0.00020465176,2.649612328813869e-07,0.12900596915154194,0
1.786931315,-0.9623707836,2.415334858,3.1548571324109727,331.69484479947914,40.04027058200603,0.0002043867426,0.000173254,-3.1132745836621615e-05,15.15810876715351,0
-1.6881640850000003e-14,0.9568,2.417547054,2.599999999673861,90.00000000000102,21.592324874414658,6.27561385e-05,0.00017434313,0.0001115869963586455,175.02157279905762,0
0.6944725324,0.9568,2.417547054,2.69115070119868,54.026792471744045,26.060312346004764,0.0002043867426,0.00015655726,-4.7829482402412686e-05,23.287521773283476,0
1.389928401,0.9568,2.417547054,2.948203004918504,34.54277698243277,34.91450712580547,0.0002043867426,0.00019533778,-9.048963012865278e-06,4.405816509047297,0
2.130658707,0.9568,2.417547054,3.361503610591396,24.183084426379764,44.01266645615948,0.0002043866989,0.00019533778,-9.04891931286528e-06,4.405796169532417,0
2.922231443,0.9568,2.417547054,3.911449425054853,18.129534462392712,51.82471421427721,0.0002043866843,0.00016842618,-3.5960503692360744e-05,17.508683104224367,0
3.766205978,0.9568,2.417547054,4.576495107287564,14.254366373098264,58.11251028626271,0.0002043866552,0.00017791516,-2.6471490814077746e-05,12.888612840157759,0
4.649558815,0.9568,2.417547054,5.32713780302784,11.628170956214376,63.01113988382548,0.0002043865825,0.00019834524,-6.0413440407034835e-06,2.9414501995053564,0
5.547577609,0.9568,2.417547054,6.126631809255575,9.785627626040023,66.75919304207207,0.0002043865243,0.00019834524,-6.041285840703488e-06,2.941422696203389,0
6.416020897,0.9568,2.417547054,6.922811867228862,8.481823787842188,69.560715248029,0.0002043865097,0.0002203039,1.5917394215919352e-05,7.749970647619097,0
7.26304218,0.9568,2.417547054,7.71438796708872,7.504670791064314,71.73686140846127,0.0002043863497,0.00022001161,1.5625264446642387e-05,7.607742417870328,0
8.100773118,0.9568,2.417547054,8.507792023058363,6.736121242978015,73.49154624584276,0.0002043860877,0.00019995945,-4.4266343882511875e-06,2.155274701330799,0
8.9523818,0.9568,2.417547054,9.322292630639488,6.10042005472684,74.96970925032514,0.0002043862769,0.00019995945,-4.426823588251201e-06,2.1553648350160057,0
9.7271336,0.9568,2.417547054,10.068620961708364,5.617771711241687,76.1071403365911,0.0002043886634,0.00019995945,-4.429210088251206e-06,2.1565017342876414,0
10.37896484,0.9568,2.417547054,10.699668740118094,5.267008318901276,76.94148905268293,0.0002043884306,0.00019995945,-4.428977288251199e-06,2.15639083239151,0
10.93426702,0.9568,2.417547054,11.239136766805704,5.000913113989043,77.57856025108032,0.0002043858549,0.00019995945,-4.426401588251207e-06,2.155163796653071,0
11.40969961,0.9568,2.417547054,11.702189760414,4.79352123699573,78.07744968493205,0.0002043859859,0.00019995945,-4.4265325882511986e-06,2.1552262043849595,0
11.81137755,0.9568,2.417547054,12.094157251621466,4.631226054524234,78.4692511681634,0.0002043859713,0.00019995945,-4.426517988251197e-06,2.1552192490233617,0
12.17615389,0.9568,2.417547054,12.450651531195714,4.493059412095761,78.80373963042211,0.0002043858985,0.0002016819,-2.70399319033033e-06,1.3165427666059217,0
12.52284808,0.9568,2.417547054,12.78990711588883,4.369157842796255,79.10440737421254,0.0002043858985,0.00020884475,4.458852386783e-06,2.170963254706116,0
12.86547164,0.9568,2.417547054,13.125561341060743,4.253234509767765,79.38631115156852,0.000204385884,0.00020884475,4.4588668867829966e-06,2.1709704678550334,0
13.21961447,0.9568,2.417547054,13.472869283628391,4.139695320939666,79.66296328934885,0.0002043858549,0.00021364297,9.257113546947625e-06,4.507181641819884,0
13.60228653,0.9568,2.417547054,13.848545008141596,4.023621622345104,79.94633672615976,0.0002043858985,0.00021364297,9.25706994694763e-06,4.507159456688615,0
14.02888337,0.9568,2.417547054,14.267780787752756,3.9016532454935486,80.24468074556819,0.0002043859567,0.00021790188,1.3515920776833762e-05,6.5807424197828635,0
14.51474724,0.9568,2.417547054,14.745775240366024,3.77143347168834,80.5638465198441,0.0002043859713,0.00021790188,1.351590617683376e-05,6.580734843419056,0
15.08,0.9568,2.417547054,15.302496528289234,3.6304519593369946,80.91011000034598,8.376767801e-05,0.00013924701,5.547933687576829e-05,65.4486924476372,0
12.57014058,-0.9429689435,2.422975356,12.836215727586987,355.7099020805931,79.11952068921755,0.0001054985987,1.887482e-05,-8.662377875655147e-05,81.33795168569807,0
12.98551488,-0.9332116537,2.426750092,13.243247211251662,355.88947193061,79.44120923438987,0.0002043868153,0.00020410705,-2.797605579468374e-07,0.13621154675299033,0
12.71243692,-0.9267764979,2.429214961,12.975594493077576,355.8303347145616,79.20975007356986,0.000103833765,-2.9506595e-05,-0.00013334035972844562,127.19218825007918,0
0.8847966258,-0.9243966035,2.430121585,2.7464276920159967,313.7460989139291,27.76939303162885,0.0002043867426,0.00013731765,-6.706909339478472e-05,32.655025609615336,0
13.45610521,-0.9228065548,2.43072583,13.704990602725715,356.0768539915196,79.78393817796064,0.0002043862623,0.00021426246,9.876195730134437e-06,4.808596066522039,0
13.69620645,-0.9207690214,2.431498388,13.94080597105627,356.15390474948185,79.9553304009363,0.0002043861314,0.00021426246,9.87632663013445e-06,4.80866286482596,0
11.08949088,-0.9182452308,2.432452609,11.390206669614075,355.26652506929435,77.66914621191057,0.0002043836575,0.00022201616,1.7632497521265136e-05,8.585151192599213,0
12.42866329,-0.9180184954,2.432538192,12.697703382487273,355.77563240958165,78.95539819015528,0.000102301783,3.9139737e-05,-6.316204594506155e-05,61.143229197758906,0
13.27856112,-0.9155810113,2.43345668,13.530712672260298,356.055594614213,79.63915791717614,0.0002043862769,0.00021426246,9.876181130134435e-06,4.808588616143533,0
10.69101264,-0.9151034398,2.433636311,11.002624744504889,355.107659281918,77.22124589057648,0.0002043831337,0.00023150515,2.7122019651463374e-05,13.20557300049774,0
12.15586611,-0.9093721379,2.435783717,12.430811754887037,355.7217105923444,78.69993380191261,0.0002043850109,0.00012798178,-7.640323022103484e-05,37.200003002280845,0
7.685804139,-0.9036765095,2.437902534,8.11366657326854,353.2941025268191,72.51424582245511,0.0002043864224,0.000219058,1.4671575637897059e-05,7.143400944646407,0
11.4180116,-0.8987426342,2.439725738,11.710294142203386,355.49937345409825,77.97489498814514,0.0002043865534,0.00022201616,1.762960162126514e-05,8.583620168614766,0
14.02426428,-0.8973406987,2.440241724,14.263239063984653,356.33892788851944,80.1490277001343,0.0002043859422,0.00021426246,9.876515830134437e-06,4.808759413785447,0
11.68399105,-0.8817831358,2.445906478,11.96978056833891,355.6841066167083,78.20912657177962,0.0002043863642,0.00016196152,-4.242484282873226e-05,20.656114632527423,0
11.86099769,-0.8793845593,2.44676987,12.142621883352064,355.759799597112,78.37515929391236,0.0002043862041,0.00014153145,-6.285475680210654e-05,30.60320291595795,0
10.20135568,-0.8708188179,2.449831542,10.52747157239834,355.1208857879145,76.54341813632334,0.0002043873683,0.00023150515,2.7117785051463376e-05,13.203238970302039,0
12.84632395,-0.8696826306,2.450235173,13.106793631903924,356.1270455019927,79.22551260426229,9.781248809e-05,-2.0017615e-05,-0.00011783010267814144,119.24616509081312,0
14.32121726,-0.8546693111,2.455512242,14.555317372358113,356.58472232652105,80.28763647279482,0.0002043861896,0.00021426246,9.876268430134428e-06,4.808633165340357,0
12.29847894,-0.8527254312,2.456187971,12.570305654498776,356.0336965245668,78.7321398162589,9.839534323e-05,3.3873137e-05,-6.452220623068162e-05,64.91471746455744,0
-0.7841215729,-0.2989707001,2.460847391,2.6000000004609545,200.8709012638517,18.83011127366649,0.0,0.0,0.0,0.0,1
13.12994618,-0.8051248272,2.472200237,13.384897709317515,356.49103158809385,79.35631580385461,0.0002043863642,0.00021426246,9.876093830134443e-06,4.808544066984581,0
13.39505769,0.777150995,2.481136097,13.645056633055578,3.320449456669337,79.52339291322062,0.0002043858985,0.000234346,2.996009429426038e-05,14.587220696780397,0
12.95979352,-0.7745374355,2.481953243,13.21802739520777,356.5798064067438,79.17730882591968,0.0001037099501,8.606303e-05,-1.7646918468943777e-05,16.853143805426928,0
12.02184794,-0.7733116676,2.482335405,12.299789749855282,356.3194897454711,78.35663092894458,0.0002043858112,0.0002040246,-3.612076096307863e-07,0.17586784964373736,0
13.33865103,-0.7716496378,2.48285256,13.589687682148382,356.6890921343264,79.47286189477433,0.0002043860877,0.00020825905,3.872963150756476e-06,1.8856988777222208,0
12.65744144,0.7626591151,2.485628909,12.921719073177954,3.448120415935307,78.90942500285274,0.000204385884,0.000234346,2.9960108794260375e-05,14.587228786502374,0
9.645622954,-0.7555697123,2.48779308,9.9898970049632,355.5210010451025,75.57982651541255,0.0002043857385,0.0002222699,1.788415826710219e-05,8.70759498576489,0
12.35930482,0.7538019661,2.488329278,12.62982247038823,3.4901831393900693,78.63724175265679,0.000204385884,0.000234346,2.9960108794260375e-05,14.587228786502374,0
13.53884796,-0.7509437844,2.48919333,13.786239664442284,356.82529352732087,79.59783179958401,0.0002043861605,0.00020825905,3.87289035075648e-06,1.8856627639019914,0
12.19068211,-0.7501950659,2.48941912,12.464859826688638,356.47855016403486,78.47970818194244,9.047282947e-05,8.860757e-05,-1.8652572180691604e-06,2.0391379919879946,0
12.93643607,0.7464733558,2.490537598,13.195127062335091,3.302485912285192,79.12034390246788,0.0002043858985,0.000234346,2.996009429426038e-05,14.587220696780397,0
11.81935998,-0.7275600374,2.49612828,12.101953161992606,356.47750924563354,78.09683137436917,0.0002043864515,0.0001945356,-9.850846239828993e-06,4.796249298765938,0
15.08,-0.7105216588,2.501031582,15.30249652840298,357.302400058672,80.59340919640704,0.0001070589424,0.00014011469,3.3055744983174896e-05,30.590476131825344,0
11.57506787,0.7091583054,2.501418497,11.863481621950529,3.5059020892975923,77.82781415912746,0.0002043859422,0.00022825896,2.3873013558064983e-05,11.623489564255573,0
11.59926227,-0.705291695,2.502511464,11.887089013325884,356.5204213270309,77.84696815360013,0.0002043863205,0.00021895964,1.4573321142868521e-05,7.095565618679323,0
12.08642616,0.698331699,2.504462585,12.362916214333309,3.306769415045153,78.3122092609359,0.000204385884,0.000234346,2.9960108794260375e-05,14.587228786502374,0
13.7914295,-0.6969166341,2.504856723,14.034369513843998,357.10715659971663,79.71875321411744,0.0002043860586,0.00020825905,3.872992250756474e-06,1.8857133133360953,0
13.64344194,0.6901628277,2.506726006,13.888970731052988,2.8958777193965943,79.60209338496799,0.0002043859713,0.0002243263,1.9940329367598844e-05,9.708710503149561,0
15.61432018,-0.4317359387,2.507609624,15.820287501518354,358.41617528977935,80.87981342612488,0.0,0.0,0.0,0.0,1
11.3143954,-0.6869322398,2.507613227,11.60928694045604,356.5256592071848,77.52576165399626,0.0002043854183,0.00022731471,2.292929278272673e-05,11.164031493820383,0
11.27201552,0.6725280231,2.511514694,11.56798746036464,3.4144197397577614,77.46071026282692,0.000204385884,0.00022825896,2.3873071758064978e-05,11.623521194896226,0
6.935716258,-0.6543697491,2.516306864,7.4070344952508655,354.6102223818664,70.14027372243277,0.0002043864661,0.00020620093,1.8144637242628668e-06,0.8834387964878991,0
13.17222387,0.6522376506,2.516860355,13.426372618128424,2.8347504269759725,79.19561649651212,0.0002043859567,0.0002243263,1.9940343967598845e-05,9.70871830186764,0
13.04087869,-0.649317214,2.51761538,13.297538007214168,357.14954501154097,79.08634651552978,0.0001058598209,0.00010907277,3.2129464727087694e-06,3.006692736005484,0
10.98202778,-0.6391360276,2.520219264,11.285607389994777,356.669236582298,77.09632233726296,0.0002043812128,0.00022731471,2.2933498282726704e-05,11.166307750387723,0
8.990845535,-0.6384410513,2.52039541,9.359236263337063,355.93823752946605,74.37768119961629,0.0002043870918,0.00021782571,1.3438620952528494e-05,6.543069885625838,0
13.41029466,-0.6287802047,2.522822914,13.660014746304286,357.3154888392257,79.35713368257802,0.0002043862478,0.00023340175,2.9015500318922108e-05,14.127284874095697,0
12.11740781,-0.6193827263,2.525146555,12.393206692366434,357.07386613780324,78.24352004680537,9.552529082e-05,0.00011375027,1.8224978700096477e-05,18.88103992774531,0
14.0847183,-0.6156598412,2.526056801,14.322684440854644,357.4971263610628,79.84174895845842,0.0002043860441,0.00023340175,2.9015704018922118e-05,14.12739806449299,0
15.65539412,0.1791335115,2.529196077,15.859391118935967,0.6555661397781023,80.82350331829434,0.0,0.0,0.0,0.0,1
13.21815106,-0.6007350567,2.529647681,13.471433384882106,357.3978270730097,79.176822488585,0.0002043862914,0.00023340175,2.9015456718922114e-05,14.127260646823341,0
10.57906117,-0.5987006655,2.53012994,10.893876042931474,356.7609157873694,76.57027783182156,0.0002043881104,0.00022731471,2.292660068272672e-05,11.162574424622937,0
11.96079964,-0.5747388313,2.535680436,12.24012777817051,357.24894652655865,78.04395282346928,0.0002043868881,0.00018813508,-1.625181178578912e-05,7.912779601527601,0
12.50782794,0.5727175345,2.536137738,12.775200968167828,2.621669696821812,78.54955185049232,0.0002043859422,0.0002243263,1.994035846759884e-05,9.708726047170934,0
11.85220656,0.5641686722,2.538053134,12.134034792376614,2.725239670243411,77.92639412248798,0.0002043859131,0.00021823926,1.3853350531403441e-05,6.745034419501987,0
12.74195904,0.5559478603,2.539866527,13.004519221231703,2.4983031230161714,78.73737370280111,0.0002043859567,0.0002243263,1.9940343967598845e-05,9.70871830186764,0
13.5870285,-0.5544854627,2.540186188,13.833558597044505,357.6630609488348,79.41902679827786,0.0002043863205,0.00023340175,2.9015427618922117e-05,14.12724447679178,0
11.76269137,-0.5424086898,2.542792326,12.04661397513042,357.35981093571326,77.81438332110508,0.000204386597,0.00019340168,-1.0984920630169038e-05,5.348411625014187,0
13.37561618,0.5339763196,2.544576446,13.62597182567575,2.2861265867941256,79.23713750538582,0.0002043860441,0.0002243263,1.9940256567598847e-05,9.708671616407479,0
-0.466956441,0.2584401927,2.544633637,2.599999999528086,151.03736912811894,11.84534356906721,0.0,0.0,0.0,0.0,1
12.27707445,0.5177260433,2.547932445,12.549364806675976,2.414740769744924,78.28563585803624,0.0002043859859,0.0002243263,1.9940314767598842e-05,9.708702704432593,0
10.52008791,0.5148621452,2.548512698,10.836616152404558,2.8018691073486366,76.39799882705279,0.0002043878339,0.00021823926,1.3851429731403457e-05,6.744036133195452,0
13.08148432,-0.5051717795,2.550451231,13.337362258817087,357.7884898295931,78.97565571621794,0.0001040087081,0.00010907277,5.064059272708762e-06,4.822513641331772,0
-1.782448917e-14,-0.4943633034,2.5525683,2.600000000367971,269.99999999999795,10.96093891141345,8.731778507e-05,0.00012876834,4.145055573088884e-05,46.93341856120537,0
9.93584649,0.4934898397,2.552737311,10.270396558736374,2.8434083850474394,75.60810055963225,0.0002043882705,0.00021823926,1.3850993131403434e-05,6.743809224199798,0
11.52304885,-0.4921248865,2.553000802,11.81273274049708,357.5545053338558,77.51859252260033,0.000204386015,0.00022731471,2.2928696082726718e-05,11.163708533283884,0
12.96125084,0.4881829716,2.553757503,13.219456242043002,2.157014679795793,78.86147480573072,0.000204386015,0.0002243263,1.9940285667598845e-05,9.708687160417833,0
14.24351267,0.4825234475,2.554832895,14.478869195459012,1.940250902323669,79.83680336266514,0.0002043861896,0.0002243263,1.9940111067598832e-05,9.708593896421764,0
14.56031145,-0.4808155347,2.555154872,14.790627759473743,358.1086466603304,80.05196072955425,0.000204386437,0.00023340175,2.901531111892212e-05,14.12717974114431,0
12.50699307,-0.9370237014,2.55577836,12.799800470923666,355.7154057213488,78.4821450181621,0.0,0.0,0.0,0.0,1
13.87945092,0.475276241,2.556191013,14.120876666867746,1.9612221398462,79.57069901480168,0.0002043861896,0.0002243263,1.9940111067598832e-05,9.708593896421764,0
12.08619435,-0.472431196,2.556718361,12.362689589179226,357.7615335735177,78.06456958641985,0.000101847756,0.00012148846,1.9640705445551362e-05,19.09687309614355,0
13.3855501,-0.4713877105,2.556910954,13.635723357413262,357.9830960029872,79.19216671265087,0.0002043863642,0.00023340175,2.9015383918922118e-05,14.127220193969489,0
6.231380058,-0.4630630541,2.55843167,6.752043944567562,355.7500774956436,67.73368333604247,0.0002043865097,0.00020289067,-1.4958349999708172e-06,0.7283024586939641,0
11.21509717,-0.4610549141,2.558794319,11.512532498686136,357.6458845028935,77.1580953683549,0.0002043846034,0.00022731471,2.293010768272672e-05,11.164472556917438,0
14.66751827,0.4588817888,2.55918493,14.896177100276942,1.7919470938812196,80.10742388344823,0.0002043861459,0.0002243263,1.994015476759883e-05,9.708617239113805,0
10.12543963,-0.4500164619,2.560758713,10.453924033728242,357.4552129985562,75.82072526653104,0.0002043877321,0.00022731471,2.2926978982726716e-05,11.162779172985822,0
12.65312423,-0.9385839118,2.561397555,12.943849889969478,355.7576811397371,78.58667598396755,0.0,0.0,0.0,0.0,1
10.97566958,0.4444252777,2.561734993,11.27942031893292,2.318745980094377,76.87267171371445,0.0002043859422,0.00021823926,1.3853321431403444e-05,6.745019295387513,0
9.265283073,0.4348317912,2.563380837,9.623173615027287,2.6869939033737182,74.55127925811746,0.0002043854765,0.0002448286,4.044313394816672e-05,19.69133097303826,0
13.21702187,-0.426621516,2.564760044,13.47032542714805,358.1512379457104,79.02382765895766,0.0002043864515,0.00020427605,-1.1040536639981397e-07,0.053754941279470905,0
13.57935696,0.4249177296,2.56504287,13.826023848126644,1.7922830307124968,79.30838480711407,0.0002043861896,0.0002243263,1.9940111067598832e-05,9.708593896421764,0
12.08784334,0.4240146864,2.565192302,12.364301703408296,2.0089849245623554,78.02601029115465,0.0002043860877,0.0002243263,1.9940212967598853e-05,9.708648327108115,0
12.36564459,-0.8923482834,2.56598262,12.660557586110704,355.87249044283186,78.30655149006122,0.0,0.0,0.0,0.0,1
4.578590038,-0.4180915837,2.566164342,5.265309747639345,354.7825350482464,60.83200587018951,0.000204386597,0.00019671193,-7.674665505935375e-06,3.7366924707045883,0
8.268134598,-0.416093497,2.566489081,8.66729771796161,357.1190229874502,72.7757825884554,0.0002043868299,0.00022731471,2.2927881182726727e-05,11.16326747624957,0
5.398405484,-0.4144996022,2.566746984,5.991893003866001,355.6093383961132,64.63584170362867,0.0002043865679,0.00020289067,-1.4958931999708124e-06,0.7283305891255474,0
12.60569053,0.4134088457,2.566922891,12.871030795556916,1.8783656113261031,78.49612926386925,0.0002043861314,0.0002243263,1.9940169267598855e-05,9.708624984402844,0
13.83766785,-0.4066755834,2.567998242,14.079810067183878,358.31661737566566,79.49107420768127,0.0002043863642,0.00023340175,2.9015383918922118e-05,14.127220193969489,0
15.08,0.4007050403,2.568936642,15.302496528342427,1.5221025498831864,80.33559592758377,0.0001190635157,0.00017173424,5.267072269267343e-05,43.86904913252796,0
11.61109486,0.3997275318,2.569088924,11.89863537751354,1.9717054544710777,77.53081046048328,0.0002043859422,0.00021823926,1.3853321431403444e-05,6.745019295387513,0
12.79551945,-0.8968786946,2.569816942,13.08180677519531,355.9905140980815,78.67102353134248,0.0,0.0,0.0,0.0,1
11.91921221,-0.3866119201,2.571095335,12.199492600327082,358.14220374351834,77.83344110053116,0.0002043862478,0.00018813508,-1.6251171485789115e-05,7.91249251586411,0
13.14314751,0.3851963498,2.571307794,13.397847829745029,1.67873101586531,78.93517675396743,0.0002043861168,0.0002243263,1.9940183867598856e-05,9.708632783108765,0
11.71637257,-0.3680775586,2.573814079,12.001391011105836,358.20060717250635,77.61617208158214,0.0002043860441,0.00020289067,-1.495369399970802e-06,0.7280774146673396,0
3.780267707,-0.3638568617,2.574414144,4.588074098924348,354.50212522278565,55.86740526912735,0.0002043866698,0.00017864608,-2.5740591815987337e-05,12.532747057563586,0
1.042200467,0.3604852263,2.574888425,2.801103677658962,19.079917876943057,23.18467549522302,0.0002043867426,0.00020211548,-2.2712629761011333e-06,1.105846924367714,0
12.44725319,0.3583498623,2.575186474,12.715899967192575,1.6490598113956023,78.3158123522984,0.0002043860877,0.0002243263,1.9940212967598853e-05,9.708648327108115,0
13.07747155,-0.3548476222,2.575671407,13.333426497824098,358.4457023294271,78.86192620675445,0.0001015231755,9.558982e-05,-5.933354214897484e-06,5.787329729069389,0
12.15595866,-0.6993877446,2.575999523,12.445571409277354,356.7071426459207,78.05449771827381,0.0,0.0,0.0,0.0,1
13.55725441,-0.3498943495,2.576348956,13.80431625022981,358.5216018258428,79.24361143003881,0.0002043864952,0.00023340175,2.9015252918922126e-05,14.127147401131623,0
1.785285762,0.3481146027,2.576590038,3.1539253720615745,11.033710581680054,35.2196605010472,0.0002043867426,0.00020211548,-2.2712629761011333e-06,1.105846924367714,0
12.78310744,0.3458282651,2.576897905,13.04483943267677,1.549675476356299,78.60676727478756,0.0002043861896,0.0002243263,1.9940111067598832e-05,9.708593896421764,0
8.554950333,0.3418972642,2.577422406,8.941318426178272,2.2885990253748787,73.24620027446315,0.0002043860877,0.00021823926,1.3853175931403456e-05,6.744943674879424,0
2.980417653,-0.3401037049,2.577659689,3.955109276454484,353.4899798373607,49.32790647969796,0.0002043866989,0.00017864608,-2.5740620915987335e-05,12.532759450269998,0
2.558174529,0.3334253525,2.57853205,3.64750009176029,7.425911402913471,45.01421568931562,0.0002043866989,0.00020211548,-2.2712192761011345e-06,1.1058258827203606,0
12.90560159,-0.8271689335,2.579488139,13.186831306405637,356.3327125385626,78.71958624600404,0.0,0.0,0.0,0.0,1
2.185404609,-0.324899164,2.57962023,3.396467768554796,351.5439021249356,40.57978444524253,0.0002043867426,0.00014452706,-5.985968168894062e-05,29.144861509157906,0
14.1339872,-0.3240455484,2.579727599,14.37113753925708,358.6866274880208,79.65892306282603,0.0002043865243,0.00023340175,2.90152238189221e-05,14.12713123113214,0
12.10007893,-0.3226908737,2.579897407,12.37626398162404,358.47236997460647,77.96815773439158,9.758506349e-05,0.00011817957,2.059450343539156e-05,20.89008487323292,0
5.964442409,0.3189648748,2.580360713,6.506502382296326,3.061132630877296,66.63533379761225,0.0002043865243,0.00019381523,-1.057129705129409e-05,5.147025632437799,0
3.350428208,0.3106621352,2.581373479,4.240916077605601,5.297495847600032,52.50566462144127,0.0002043866698,0.00018433772,-2.0048944868461896e-05,9.761560907523851,0
1.402405801,-0.304002757,2.582166208,2.9541059616539065,347.7690954765123,29.062072023517544,0.0002043867426,0.00014489066,-5.949608753504464e-05,28.967832481240514,0
5.063272429,0.3011560573,2.582499764,5.691812338102873,3.4038592159947143,63.01727249326177,0.0002043865825,0.00020383492,-5.516631246325454e-07,0.2685974506794013,0
7.754364006,0.3001328394,2.58261888,8.178640543401277,2.216528077322834,71.59232987437969,0.0002043862769,0.00021823926,1.3852986731403442e-05,6.7448453423927095,0
11.91367792,0.2986060641,2.582795853,12.194085516400431,1.435768703424344,77.77171658887727,0.0002043859713,0.00021823926,1.3853292331403446e-05,6.745004171277323,0
11.33086217,0.2978490373,2.582883263,11.62533601728755,1.505760417427382,77.16306410194346,0.0002043858403,0.00021823926,1.3853423331403438e-05,6.745072255793398,0
7.496480867,-0.297539699,2.582918916,7.934558928409864,357.72709012134,71.00244990036532,0.0002043864224,0.00022731471,2.2928288682726725e-05,11.163488031391273,0
13.36690892,-0.2969414516,2.582987761,13.617424649129866,358.72740255820275,79.06574153897719,0.0002043864661,0.00023340175,2.9015282018922124e-05,14.127163571135675,0
12.26079973,0.2903835844,2.583733224,12.53344366158234,1.3567340126637646,78.1033418191688,0.0002043859131,0.0002243263,1.994038756759884e-05,9.708741591196715,0
10.92485084,-0.2798084094,2.584899854,11.229976218916445,358.5328553201111,76.69241493548031,0.00020438504,0.00022731471,2.2929671082726725e-05,11.164236247550809,0
-1.8050513220000002e-14,0.279472157,2.58493623,2.5999999999432397,90.0000000000037,6.170604330800472,0.0001050877981,0.00015443629,4.934849134922238e-05,46.516651521700666,0
12.96075285,0.2679805727,2.586152821,13.2189679793732,1.1844966514016733,78.71791381908122,0.0002043861605,0.0002243263,1.9940140167598857e-05,9.70860944041011,0
4.165493298,0.2659886511,2.586358451,4.910329359142423,3.653676249119428,58.216035272995896,0.0002043866552,0.00019955219,-4.8344663397475e-06,2.353836638042441,0
13.36310258,0.2621980059,2.586745485,13.613688352612913,1.124058700634805,79.04659551246277,0.0002043863205,0.0002243263,1.9939980167598846e-05,9.70852397523663,0
10.50867599,-0.2467331086,2.588266364,10.825537910916744,358.65500002386693,76.16722499589775,0.0002043907152,0.00022731471,2.2923995882726705e-05,11.161164641938354,0
13.18170815,-0.2402011331,2.588880726,13.435677494997163,358.9560542521685,78.89036239333535,0.0002043865097,0.00020427605,-1.104635663998362e-07,0.053783262864336115,0
12.24468633,-0.809199278,2.588980763,12.541529738544204,356.21906324589554,78.08662424498903,0.0,0.0,0.0,0.0,1
12.09915594,0.2314895584,2.589674224,12.375361589163182,1.0960894065972298,77.92098142889142,0.0002043858403,0.0002243263,1.9940460367598835e-05,9.708780477988402,0
0.6902200086,-0.2233979097,2.590384793,2.690056442184024,342.0652094910007,15.64562481147982,0.0002043867426,0.00017864608,-2.5740664615987334e-05,12.532778060616332,0
12.6063674,0.21768579,2.590871069,12.871693712294894,0.989280826664583,78.38792305054687,0.0002043861459,0.0002243263,1.994015476759883e-05,9.708617239113805,0
13.72929651,-0.2157942886,2.591029298,13.973316809461702,359.0995107475826,79.31397539120894,0.000204386597,0.00023340175,2.901515111892211e-05,14.127090833936991,0
11.28581299,-0.2147527332,2.591115834,11.581432331403365,358.9098755669513,77.0717811214513,0.0002043854765,0.00022731471,2.2929234582726708e-05,11.163999993313405,0
13.67476813,0.2140956671,2.591170208,13.91974437303938,0.8969640945177844,79.27177168882298,0.0002043864661,0.0002243263,1.9939834567598853e-05,9.708446202044495,0
13.02877139,-0.2121846112,2.591327401,13.285664602920171,359.0669720355341,78.75253792168769,9.500820306e-05,0.000110871755,1.586355210877323e-05,16.523121569996842,0
11.57743828,-0.2018466645,2.592153144,11.865794416099089,359.0011788314559,77.38164153966056,0.0002043856512,0.00022731471,2.2929059882726717e-05,11.163905437775156,0
12.00206016,-0.200723683,2.592240344,12.280449832243017,359.041868838636,77.81395335402408,0.0002043859422,0.00018813508,-1.625086588578911e-05,7.912355496056492,0
11.81158115,-0.195859563,2.592612395,12.0943560912585,359.0500088152484,77.62169617737351,0.0002043858258,0.00020289067,-1.4951510999708178e-06,0.7279719007614291,0
6.867653463,0.1898854327,2.593056791,7.343341479650716,1.5837815333534309,69.32193231518431,0.0002043864661,0.00021823926,1.3852797531403456e-05,6.744747010087174,0
12.15806071,-0.1835212863,2.593514992,12.432957826048462,359.1352077514153,77.95967876859709,9.835269884e-05,0.00012465415,2.630145172794882e-05,26.472810537643593,0
13.98216661,0.1750444901,2.59410089,14.2218487936981,0.7172555498148085,79.4902695119278,0.0002043864661,0.0002243263,1.9939834567598853e-05,9.708446202044495,0
12.40811184,0.1721192692,2.594296621,12.677588076385431,0.7947281078778019,78.19178197803399,0.0002043859713,0.0002243263,1.9940329367598844e-05,9.708710503149561,0
13.53507828,-0.1688218008,2.594513288,13.782537649060194,359.28539200784434,79.14953541852975,0.0002043865825,0.00023340175,2.9015165618922106e-05,14.127098891146945,0
15.08,-0.1668023933,2.594643899,15.302496528378256,359.36626767838413,80.23794260963263,0.0001115403938,0.00016525738,5.371699085134055e-05,47.73129810333093,0
13.12012785,0.1661969287,2.594682751,13.37526653184122,0.725745466533624,78.81420714054173,0.0002043863642,0.0002243263,1.9939936467598847e-05,9.708500632584277,0
11.56761131,0.1608311755,2.595020873,11.856206451372138,0.7965649617167969,77.35706633885377,0.0002043857239,0.00021823926,1.3853539731403455e-05,6.745132752337056,0
12.79634836,0.1528327591,2.595504218,13.057814953061044,0.6842776929660204,78.53494832704797,0.0002043850982,0.0002243263,1.9941202467598857e-05,9.70917687912319,0
11.7976081,0.1477925025,2.595796097,12.080710114980048,0.7177254610080013,77.59203182321153,0.0002043857094,0.00021823926,1.3853554231403451e-05,6.745140288423325,0
13.95891021,-0.1315527638,2.596669765,14.198984972489084,359.4600441655682,79.46260985998862,0.0002043866843,0.00023340175,2.9015063818922117e-05,14.127042324000417,0
13.3248407,-0.1224920077,2.597112956,13.576132721749222,359.4733087219507,78.97134486997408,0.000204386597,0.00023340175,2.901515111892211e-05,14.127090833936991,0
12.00797195,0.1090893819,2.597710436,12.286227669815233,0.5205033168136879,77.79367395510087,0.0002043856512,0.00021823926,1.3853612431403447e-05,6.745170536725132,0
9.577415088,-0.1028843351,2.59796359,9.924055610949823,359.3845300231797,74.8240276266202,0.0002043853747,0.00022731471,2.2929336382726724e-05,11.16405509215001,0
12.21911453,0.09684345855,2.598195786,12.492668245619477,0.4540922551093445,77.99613635075855,0.0002043857385,0.00021559357,1.1207826871818848e-05,5.456964516462202,0
12.93936684,-0.09012126921,2.598437638,13.198000387249222,359.60094763971085,78.64536322572837,9.33848205e-05,0.00010857762,1.5192796129190743e-05,16.09665203441346,0
10.71644193,0.0897027361,2.59845212,11.027335473261818,0.4795871792472326,76.37080459584945,0.0002043853601,0.00021823926,1.3853903531403454e-05,6.7453218304645155,0
10.22255989,0.08683859931,2.598549414,10.548020226751872,0.4867044672091083,75.7381212885914,0.0002043874265,0.00021823926,1.385183713140345e-05,6.7442478672877515,0
11.11680096,0.06916554761,2.599079862,11.41679743125396,0.3564733098168062,76.84100650281539,0.0002043855784,0.00021823926,1.3853685231403443e-05,6.745208373113037,0
12.25534398,-0.06756317745,2.599122011,12.528106643828272,359.68413406365,78.02626514411088,9.565845539e-05,0.00011183557,1.6177116780093656e-05,16.7363700514578,0
12.96053512,0.06699035611,2.599136836,13.218754502479316,0.2961475322271099,78.6603361691154,0.0002043849818,0.0002243263,1.9941318867598847e-05,9.709239055763739,0
8.916052633,-0.06067449549,2.599291943,9.287410540822124,359.61010337227896,73.74739743746454,0.000204386597,0.00022731471,2.2928114082726713e-05,11.163393530847932,0
13.28228269,0.06066182635,2.599292239,13.534364907818002,0.2616750857488341,78.92748060331553,0.0002043865097,0.0002243263,1.9939790967598832e-05,9.70842291284082,0
12.53141141,0.05388325802,2.599441593,12.798291758183646,0.2463620532026311,78.28120633750126,9.288422734e-05,9.788246e-05,4.998233637416483e-06,5.323826780099571,0
13.11854987,-0.0491976299,2.599534495,13.373718655974477,359.7851284350396,78.79170653293897,0.0002043862041,0.00023340175,2.9015544018922107e-05,14.127309156945516,0
12.68419187,0.04693079484,2.599576408,12.947923516746172,0.2119901867652629,78.41791137199709,9.350289474e-05,0.00012341945,2.9916554924652348e-05,31.656760363753854,0
12.10114524,-0.03717922036,2.599734161,12.3773064970482,359.823966602556,77.87528136970121,0.000204385884,0.00020024498,-4.140907559555419e-06,2.016159766634896,0
11.90109739,-0.03153662426,2.599808732,12.181794575838076,359.84817272040976,77.67729511470895,0.0002043856803,0.00020289067,-1.4950055999708028e-06,0.7279015741443601,0
13.48733793,0.03085515735,2.599816909,13.735657408332305,0.1310760668580997,79.08952144055814,0.0002043865679,0.0002243263,1.9939732767598837e-05,9.708391824974274,0
12.38372479,0.01434949474,2.599960402,12.653720388661505,0.0663907776313408,78.14298402911948,9.360935655e-05,0.00011825526,2.46459021624519e-05,26.05017417006405,0
11.41869227,0.01360112791,2.599964425,11.710957824145032,0.0682465941709438,77.1728089002558,0.0002043855784,0.00021823926,1.3853685231403443e-05,6.745208373113037,0
13.7422295,-0.01225379562,2.599971124,13.986024153840546,359.9489099941198,79.28651940029948,0.0002043866552,0.00023340175,2.9015092918922115e-05,14.127058493974692,0
11.68621773,-0.01208700913,2.599971905,11.971954094279903,359.940739221266,77.45702137927043,0.0002043855493,0.00022731471,2.292916178272671e-05,11.163960590642542,0
14.74968736,-0.007392529287,2.59998949,14.977091747577148,359.97128341216546,80.0029336139799,0.0002043866552,0.0002245984,2.0211751730454076e-05,9.840830072807027,0
14.32811361,-0.003200938942,2.59999803,14.562102857179704,359.98719996966827,79.71494887363042,0.0002043866552,0.00023340175,2.9015092918922115e-05,14.127058493974692,0
12.81679949,1.734723476e-18,2.6,13.077857208536276,0.0,78.53265960172519,9.627149848e-05,0.00012341945,2.7147951184652353e-05,27.90946125933718,0
12.59338551,-0.9431352562,2.7,12.914056787662249,355.7170388320425,77.93187874174032,0.0,0.0,0.0,0.0,1
12.43797166,-0.9209894331,2.7,12.760931022101992,355.7651711253665,77.78484570431908,0.0,0.0,0.0,0.0,1
12.74801519,-0.9159965671,2.7,13.06296065198888,355.8901293685071,78.0714773423399,0.0,0.0,0.0,0.0,1
12.29679326,-0.8515394531,2.7,12.618488178833756,356.038654094688,77.6447908533512,0.0,0.0,0.0,0.0,1
12.88690193,-0.8420233359,2.7,13.193606203447104,356.2616381134437,78.19130610459143,0.0,0.0,0.0,0.0,1
12.18396897,-0.7413639729,2.7,12.501548720148111,356.5179884797957,77.52736850543113,0.0,0.0,0.0,0.0,1
12.99604782,-0.7283641856,2.7,13.293523736263138,356.79221081284044,78.28132698031436,0.0,0.0,0.0,0.0,1
12.11105465,-0.601484398,2.7,12.42293959642097,357.1567938442771,77.44716172312326,0.0,0.0,0.0,0.0,1
13.06440249,-0.5863732319,2.7,13.353368338655498,357.43010226665217,78.3345851758632,0.0,0.0,0.0,0.0,1
12.08534757,-0.4460535516,2.7,12.391311054872276,357.88625107389475,77.41459613643121,0.0,0.0,0.0,0.0,1
13.08533942,-0.4432,2.7,13.36834073386095,358.0601354624209,78.34783357040283,0.0,0.0,0.0,0.0,1
12.10904841,-0.2910590552,2.7,12.409825493105751,358.6230755401781,77.43367973930538,0.0,0.0,0.0,0.0,1
13.06077522,-0.2884072312,2.7,13.34005352606857,358.7350037202912,78.32277798543879,0.0,0.0,0.0,0.0,1
12.17925031,-0.1514952956,2.7,12.475860248424716,359.28734583780664,77.50127185391159,0.0,0.0,0.0,0.0,1
12.98997552,-0.1494830785,2.7,13.268451650473656,359.3406937939605,78.25886841646826,0.0,0.0,0.0,0.0,1
12.28906074,-0.04043587002,2.7,12.582235450467204,359.8114749059316,77.60862750421751,0.0,0.0,0.0,0.0,1
12.87939689,-0.03881131527,2.7,13.159421361455628,359.8273430153398,78.16018648675941,0.0,0.0,0.0,0.0,1
12.42847891,0.03155759924,2.7,12.718415148845574,0.1454814684366283,77.74337879589916,0.0,0.0,0.0,0.0,1
12.73936263,0.03248566668,2.7,13.022381331276556,0.1461052342323228,78.0337574736003,0.0,0.0,0.0,0.0,1
12.58382601,0.05679770956,2.7,12.870349763303397,0.2586055260693456,77.89027580143431,0.0,0.0,0.0,0.0,1
