X,Y,Z
-0.357773483,-22.0447483,2.72564173
-0.530650735,-22.0456905,2.725389
-0.448150218,-22.2239895,2.73619533
-0.476649076,-22.4602757,2.7403791
-0.41967079,-22.6497421,2.74530387
-0.310253382,-22.4918537,2.72657275
-0.918571174,-23.4271965,2.48826623
-0.965225041,-23.575182,2.38903856
-0.875279129,-23.5711269,2.55371881
-0.748055995,-22.9613152,2.65962791
-0.876143277,-22.9670982,2.5424726
-0.81384021,-23.1167355,2.61144114
-0.61542958,-22.198225,2.70827055
-0.695310712,-22.0463619,2.67222142
0.0633339733,-23.1133957,2.44244456
0.0991331711,-23.2543087,2.35384226
0.111088276,-23.1209831,2.29707599
2.32549548,-11.6680222,6.64440489
2.32691503,-11.4464779,6.63973236
2.32667661,-11.5062313,6.51447725
0.073833257,-22.5009041,2.39982605
0.11736393,-22.4965248,2.18390965
0.101733856,-22.3730545,2.30969906
-0.593667626,-22.6534958,2.72443795
-0.505464971,-22.8039036,2.74529076
2.32595062,-11.6337624,6.43721628
-0.769618928,-21.8957596,2.6242137
-0.836236715,-22.0487995,2.57083821
-0.769387841,-22.1995258,2.630198
-0.672412992,-22.8082848,2.69861388
-0.588203847,-22.9579525,2.73237896
0.098640427,-22.9827652,2.34539461
-0.893164217,-21.9000072,2.50257206
-0.837191701,-21.7461433,2.56444955
0.00760492869,-22.197403,2.50766015
0.046740666,-22.352766,2.45106721
0.0940060839,-22.2056026,2.33256531
-0.0509964339,-22.044878,2.57128501
-0.191487283,-22.0448284,2.67224503
-0.115322746,-22.197588,2.62967849
-0.938976407,-22.0529079,2.43161035
2.32763696,-11.430686,6.09528637
2.32700062,-11.5595322,5.93200493
2.32676554,-11.55651,6.15498829
-0.90305078,-22.2018185,2.49360943
-0.871280134,-23.2718544,2.55365467
-0.967077911,-23.2847691,2.38082504
-0.948872983,-21.7564392,2.40774226
-0.923017561,-23.1233654,2.4761281
-0.97770673,-21.9154968,2.33584213
-3.80339026,4.86121893,-0.467472792
-3.94549608,4.86121893,-0.444827467
-3.89640117,4.94627857,-0.438620687
-0.269996047,-22.1986904,2.70830345
-0.0173627343,-22.5020924,2.54752803
-0.0584022179,-22.349184,2.5864768
0.118918337,-22.8562126,2.19191647
0.082835488,-22.7961063,2.38697624
2.32827878,-11.3529606,5.96748829
0.116587497,-22.3168583,2.17991018
0.11581111,-22.1372051,2.17591095
-0.990070999,-22.0525665,2.28907251
-0.978332937,-22.1926556,2.3360064
-0.203902066,-22.347887,2.68568897
-0.15033932,-22.4998722,2.66057038
0.118141092,-22.6763573,2.18791294
-1.00255525,-21.9621754,2.17089868
-1.00177908,-22.141798,2.17489719
-0.339919627,-22.3443069,2.7294879
-0.716384172,-22.352087,2.66706538
-0.980352402,-23.453186,2.33640194
-0.81715405,-22.8106785,2.60281587
-0.85186559,-22.3556385,2.56015396
-0.995566487,-23.5793686,2.20689845
-0.996341765,-23.3999691,2.20290494
-0.578234196,-22.3467255,2.72209954
-3.99405098,4.97798491,-0.39792195
-4.07339668,4.86121893,-0.379228652
0.120471202,-23.2155418,2.19991541
-3.36889243,4.86121893,-0.152552083
-3.43477368,4.86121893,-0.28074199
-3.42358637,4.94792843,-0.228412867
-4.17441368,4.86121893,-0.27743116
-4.17233372,4.92959833,-0.25333488
-0.981258214,-23.1287861,2.33120894
0.119694814,-23.0358868,2.19591618
-3.36802626,4.9502511,0.0330661871
-3.3680408,4.86121893,0.129379466
-3.34619021,4.86121893,-0.0102728056
-0.997117996,-23.2203503,2.19890642
-3.7130754,4.9414115,-0.440224618
-3.66451764,4.86121893,-0.445871532
-0.970143378,-22.9670162,2.36869574
-0.957748413,-22.3495865,2.39536214
-1.00100255,-22.3214588,2.17889667
-0.9978953,-23.0404892,2.19490266
-3.90347624,4.93021822,0.419919252
-3.94084859,4.86121893,0.425774246
-3.80339026,4.86121893,0.44692719
-0.748916388,-22.6569633,2.65315413
-0.9251917,-22.8163738,2.46781659
-0.806022704,-22.5059376,2.60708165
-0.657811284,-22.4963531,2.69866586
-0.96942991,-23.5830021,2.03859401
-3.61114979,4.94903326,-0.403568566
-3.5361712,4.86121893,-0.381252259
-0.877168715,-22.6630173,2.53606486
-0.926644683,-22.5127983,2.46081185
-0.998672366,-22.8606701,2.19089985
-0.983730078,-22.8026142,2.31956387
-0.963042319,-22.6667805,2.38570189
-4.1828208,4.94810247,0.208445162
-4.23808908,4.86121893,0.131391212
-4.17258072,4.86121893,0.259412408
-3.50513601,4.95061493,-0.330272049
-0.999449313,-22.6808949,2.18689775
-0.987556458,-22.5136337,2.30177784
0.122022524,-23.5745163,2.20790625
0.105861843,-23.4528656,2.07339978
0.121246904,-23.3950386,2.20391107
-0.9453215,-23.4253101,1.97088456
-1.00022602,-22.5011578,2.18289685
-3.99192214,4.96001482,0.382348418
-4.06900549,4.86121893,0.361856759
0.0909931809,-23.2872143,2.0209496
0.115034722,-21.95755,2.17191172
0.0910789371,-21.9140625,2.00915813
0.114259258,-21.7781086,2.16791725
-0.975572526,-23.2659378,2.0474081
-0.288984537,-23.5882969,1.66861916
-0.211541668,-23.4358292,1.69302547
-0.137760311,-23.5861568,1.73542297
-0.704629242,-23.4370937,1.71339285
-0.626350284,-23.5894585,1.68189228
-0.775397897,-23.5882969,1.76303649
-0.988589466,-23.1282673,2.09785485
-0.971701682,-21.9150944,1.98661506
-1.00333047,-21.7827892,2.16690564
-0.373814166,-23.436245,1.64896607
-0.544500709,-23.4371014,1.65570736
-0.893898427,-23.5860691,1.88613999
-0.840043247,-23.434391,1.81662917
-0.0666860715,-23.4359207,1.78605056
-0.458820581,-23.5894642,1.64917791
-0.290547758,-23.2834702,1.66176605
-0.976252496,-22.9945374,2.0396452
-0.134069175,-23.2832699,1.73188555
-0.627929688,-23.2848206,1.67520583
-4.10065031,4.95067739,0.310632616
-0.776239097,-23.2840424,1.75590312
0.00153156871,-23.5827618,1.86082828
-0.89564687,-23.2810249,1.87996244
0.105014145,-22.4979839,2.0665462
-0.70610851,-23.1324158,1.70669913
-0.843480229,-23.1328259,1.81214631
-0.462961853,-23.2856598,1.64253402
-3.71038246,4.9474802,0.417823255
-3.66333151,4.86121893,0.42494598
-0.54290545,-23.1343193,1.64840817
-0.781084061,-22.9806347,1.75185835
-3.39225698,4.93377829,0.149065673
-3.43296123,4.86121893,0.257708788
-0.208592176,-23.1312485,1.68815231
-0.626339734,-22.9807301,1.66739631
-0.898864329,-22.979002,1.87598538
-0.941631377,-23.1303997,1.95378828
0.103831999,-22.0458336,2.06015134
-0.983325839,-22.0644131,2.02996469
0.103683718,-23.1296978,2.06301212
-0.37756604,-23.1316547,1.64191198
0.0908855274,-22.9713821,2.017658
0.059962783,-21.7572002,1.92679513
-0.530148923,-21.7659664,1.61473155
-0.602108121,-21.9283257,1.63461959
-0.691380322,-21.7815418,1.66596568
-0.965824187,-22.2270508,1.98102748
-0.442392439,-21.9172688,1.61152101
-0.46309039,-22.9803162,1.63568509
-0.357566595,-21.7643204,1.6149441
-0.944211781,-22.8274593,1.94968772
0.0977431461,-22.1860199,2.03470159
-0.709636092,-22.8308887,1.70120609
-0.00490847928,-23.2833748,1.84775293
-0.84642607,-22.8284397,1.80709112
-0.290798187,-22.9802456,1.65530753
-0.546938658,-22.8279514,1.64210927
-0.0638174191,-23.131712,1.78302622
0.104416266,-22.8070068,2.06472254
-0.976519048,-22.6739464,2.02867556
-0.992279172,-22.5120773,2.08999228
-0.375853479,-22.8275471,1.63548422
0.0440777987,-23.4351139,1.92057455
-0.634225309,-22.6767673,1.66301
-0.462141186,-22.6753197,1.62880409
-3.53543282,4.86121893,0.360173762
-3.61415482,4.98121834,0.377379447
-0.130781174,-22.9786587,1.72812319
-0.988045812,-21.739418,2.03582859
-4.24281359,4.93632603,-0.0395134054
-4.26059008,4.86121893,-0.0102728056
-4.23121405,4.95113897,0.0804381743
-0.782330751,-22.6776886,1.74506629
-0.271710217,-21.9143124,1.63868511
-4.21736526,4.94835281,-0.153048083
-4.23910666,4.86121893,-0.148776099
-3.4498899,4.93060732,0.254391372
-0.902419567,-22.675415,1.87249434
-0.335267127,-22.0669785,1.62540603
-0.192818999,-21.761219,1.66802979
-0.504301131,-22.070425,1.61826444
-0.735783637,-23.567728,2.67938185
-0.748319387,-23.7295856,2.70388794
-0.584492683,-23.5655861,2.7462039
-0.117506512,-21.9108505,1.71671414
-0.17015855,-22.0629997,1.6861186
-0.157582581,-23.7138596,2.721421
-0.0977180004,-23.5655918,2.65144181
-0.247040048,-23.5644245,2.73285699
-0.0525698103,-21.7577477,1.76866651
0.0915611535,-23.5787086,2.02541757
0.0202610567,-23.567812,2.52879763
-0.0167836808,-23.7155323,2.61392403
-0.208481237,-22.8274174,1.68203509
-0.289810807,-22.6756096,1.64916718
0.00565876067,-21.9070683,1.83841014
0.0451279208,-23.1310825,1.9178592
-3.80339026,4.99247217,-0.439505488
-0.0031609172,-22.9793129,1.84477496
-0.0344492458,-22.0583057,1.79265702
0.0958896503,-23.5708828,2.37619901
0.085383676,-23.7197094,2.46905756
-0.713731706,-22.5253296,1.69594336
-0.525252402,-23.7145939,2.78567004
-0.414735883,-23.5644207,2.76562715
0.138999805,-23.723196,2.29996705
-0.324516177,-23.7147903,2.7818706
-0.551265121,-22.5253277,1.63596976
0.0527720153,-22.0570927,1.91638684
-0.849829137,-22.5273609,1.80262899
-0.973360896,-22.3860245,2.00807905
-0.749848485,-21.9443779,1.7033577
-0.37452361,-22.5229206,1.62901568
0.0818224102,-22.6545086,1.98895073
0.0463960469,-22.8260098,1.91559386
-0.659334779,-22.0813923,1.65863776
-4.1000905,5.01968622,-0.313514322
-0.946650147,-22.5236454,1.94529462
-0.381738991,-22.2185726,1.62156129
-0.789257288,-22.3743,1.74270976
0.0789892003,-22.3497677,1.97820795
-0.636028528,-22.372633,1.65642047
-3.80339026,4.99050045,0.419331789
-0.903955162,-22.3730106,1.86609852
-0.214116484,-22.2147274,1.66704619
-0.823053062,-21.788166,1.7563982
-0.0694473088,-22.2078075,1.76098394
-0.852543533,-22.2208385,1.79730034
-0.716447532,-22.2242184,1.69003296
-0.466317236,-22.3714123,1.62215614
-0.554634929,-22.2208138,1.6296072
0.031871397,-22.2043381,1.88179445
-0.0591908954,-22.8166904,1.78151214
-3.37554932,4.952034,-0.100019269
-0.913879812,-22.0863228,1.87287784
-0.207616851,-22.5168629,1.67613268
-0.799944043,-22.0857754,1.74394524
-0.130824193,-22.6672459,1.72205675
-0.8764202,-21.9321365,1.81686509
-0.294201881,-22.3685894,1.64148247
-0.931945801,-21.7715511,1.89372969
-0.00323527609,-22.66012,1.83930612
-0.136141747,-22.36129,1.71260715
-0.065728724,-22.5120544,1.76992738
-0.00770611037,-22.3566284,1.82860982
0.0431717709,-22.5043011,1.90521336
-3.80339026,5.47121859,0.370727181
-3.91134858,5.47121859,0.355111897
-3.80339026,5.35481644,0.374856204
-0.961625993,-23.7403793,2.46600509
-3.96468115,5.36844778,0.338647366
-0.123815097,-23.7489243,1.71813262
-4.01177597,5.47121859,0.308688611
-4.06202555,5.37015152,0.273982346
-3.80339026,5.35520315,-0.39538011
-3.92513084,5.47121859,-0.371299446
-3.80339026,5.47121859,-0.391272813
0.139856175,-23.7287807,2.12555814
-4.02111673,5.26535368,0.315210968
-4.10023737,5.47121859,0.228563711
-3.9118259,5.2610774,0.366402984
-3.90456462,5.29499865,-0.386022627
-4.13552809,5.36819315,0.1832591
-4.10676146,5.26504326,0.237380117
-4.16031075,5.47121859,0.123026393
-3.80339026,5.23703337,-0.404510111
-3.80339026,5.23616934,0.384049773
-4.07427263,5.1592741,0.288096547
-3.90757465,5.17359304,-0.397723973
-4.16739321,5.26267672,0.134753108
-4.17881775,5.36450815,0.0732265934
-1.01214838,-23.7293415,2.29499865
-3.88133025,5.16442537,0.384448975
-4.14972878,5.15822983,0.196023151
-3.50860929,5.02482557,0.293567836
-4.18410015,5.47121859,0.00459426828
-4.19454145,5.25828743,0.0187342409
-4.19574261,5.15461397,0.0842820108
-4.00768805,5.33453083,-0.338180423
-4.186728,5.35930109,-0.0447008833
-1.01115417,-23.7314644,2.12154055
-4.18572712,5.25222635,-0.100253858
-4.2068181,5.14925003,-0.0364935473
-3.98020554,5.23042297,-0.363372594
-4.16954947,5.47121859,-0.115574107
-3.97280765,5.15963507,0.355326027
-4.15856647,5.35255003,-0.159514293
-3.80339026,5.11679363,-0.418974638
-4.03311586,5.47121859,-0.314225256
-4.14174128,5.24479103,-0.211141661
-4.18157291,5.14279795,-0.155553192
-4.09698248,5.34433937,-0.260467142
-4.1172781,5.47121859,-0.226225004
-3.80339026,5.11522913,0.398651928
-4.12725115,5.04918098,0.255823433
-4.06660748,5.2357316,-0.303941071
-4.01942062,5.12285328,-0.356206268
-4.12248325,5.13401365,-0.261798769
-3.68246651,5.47121859,0.351028234
-0.714350104,-23.7390327,1.699862
-3.91014743,5.0481596,-0.415783793
-3.69489694,5.47121859,-0.37549904
-4.19058418,5.04727554,0.151100397
-0.957567215,-23.7349167,1.95255923
-0.855542839,-23.7393932,1.80722988
-0.54764998,-23.7414055,1.63961935
-0.346979916,-23.7397766,1.63577759
-4.22172832,5.0421381,0.0307376236
-4.03462124,5.05069971,0.339030415
-3.91078162,5.04714441,0.395246744
-4.21631241,5.03567219,-0.0946198925
-3.6947577,5.26165628,-0.38683778
-4.1748724,5.02809238,-0.21209076
-3.70230818,5.29437208,0.365552306
0.0893144906,-23.7473946,1.95573997
-3.64184499,5.36849594,-0.359072536
-3.72534037,5.16522264,-0.404871583
-3.69911504,5.17305231,0.377222031
-0.875487745,-23.8004875,2.60855174
-3.59500456,5.47121859,-0.329234242
0.00423179427,-23.8145008,1.81681359
-3.54499269,5.37065649,-0.294709623
-3.58532524,5.26551914,-0.335512251
-3.5078187,5.47121859,-0.250685811
-3.4715898,5.36934614,-0.20426546
-3.49998593,5.26590919,-0.25776422
-3.44706202,5.47121859,-0.145147339
-3.69661808,5.04817629,-0.415776938
-3.53184462,5.15971804,-0.307962775
-3.43943954,5.2642169,-0.155059546
-3.42826581,5.36519051,-0.0949595198
-3.69786835,5.05755138,0.393952578
-3.45674706,5.1591239,-0.21583429
-3.4226892,5.47121859,-0.0253650527
-3.41240478,5.25999403,-0.0394240916
-3.41120791,5.15628386,-0.104619503
-3.42006016,5.36154604,0.0228533708
-3.59864855,5.34013462,0.316944987
-3.42124414,5.25531721,0.0792704597
-3.40037394,5.15192652,0.0169039369
-3.43737292,5.47121859,0.0955207795
-3.63305545,5.15955782,-0.375455856
-3.44792604,5.35615396,0.137753636
-3.62632942,5.23464489,0.342230916
-3.42583108,5.14620829,0.135373056
-3.46522212,5.24891186,0.190137073
-3.57470036,5.47121859,0.294459701
-3.47881079,5.05013895,-0.275238961
-3.48992801,5.47121859,0.206296906
-3.50944734,5.34914112,0.239070892
-3.54042482,5.24087334,0.282944232
-3.48526764,5.13891315,0.241414696
-3.58803821,5.1267972,0.335436374
-3.41584373,5.04793692,-0.170507476
-3.38521075,5.04395628,-0.0497174896
-3.57091117,5.05068684,-0.35874927
-3.39140153,5.03943157,0.0754107907
-3.43370771,5.0332303,0.192974269
-0.757214904,-23.8957787,2.72277117
-0.620172858,-23.8344746,2.77992344
-0.113442063,-23.9165268,1.70662475
-0.617016733,-23.9813366,2.79664779
0.0125492038,-24.0018959,1.80508852
-0.762262821,-24.0686207,2.7357707
-0.443231255,-23.8831043,2.8150177
-0.106906593,-24.0902958,1.70135713
0.0857381597,-23.9095497,1.91438532
-0.0716850981,-23.8694077,2.690377
0.0542499758,-23.8742142,2.56008387
0.13614136,-23.8778648,2.39533138
-0.23080945,-23.8693752,2.7775166
0.164203599,-23.8821602,2.21789312
-0.464979291,-24.0815945,2.83098221
0.0207432173,-24.1987896,1.80703843
-0.616264105,-24.1779728,2.80845642
-0.104638211,-24.2684212,1.70295537
0.114205182,-24.0800991,1.94717324
-0.763025403,-24.2471237,2.74216723
0.0368768722,-24.4433327,1.83830035
-0.106861852,-24.4467735,1.7116549
0.138382122,-23.8889179,2.03932071
0.168649122,-24.0420284,2.3134582
0.00357865938,-24.0333405,2.64308929
-0.446328551,-24.2703018,2.83776999
-0.591051102,-24.4242992,2.8151803
-0.317880899,-24.010458,2.81566572
-0.15950951,-24.0437126,2.76391363
0.112268299,-24.0382767,2.48979068
0.106093608,-24.2879429,1.9286797
0.170212552,-24.0476837,2.13201857
-0.759250939,-24.4266682,2.74142814
-0.251203686,-23.8586712,1.64677203
-0.312617481,-24.1734104,2.82379127
-0.881622136,-23.986208,2.62911534
-0.25310123,-24.0067787,1.63659358
-0.400798142,-24.4230328,2.83513355
0.134224817,-24.4392357,2.00338721
0.159876198,-24.2335434,2.06078601
0.181089953,-24.1977806,2.22768068
0.154353768,-24.2278862,2.40226531
-0.0619157217,-24.1967773,2.71128893
-3.99394679,5.58439779,0.281398714
0.0700572059,-24.2285976,2.5749867
-0.271599591,-24.3092442,2.81624913
-0.179561272,-24.2123547,2.78193855
0.176009789,-24.328764,2.15048647
0.178023189,-24.3176556,2.28027654
-3.87759137,5.5488019,-0.360612363
0.175444633,-24.4349041,2.18999887
0.156821921,-24.4307499,2.38022971
-0.252144307,-24.2035637,1.63361323
-0.890135109,-24.1798229,2.63370275
-0.1266765,-24.3256187,2.75572181
-4.11669588,5.54415369,0.165849537
-4.06211376,5.54093504,0.240516648
-0.00751360971,-24.3267574,2.66602421
-0.275078803,-24.4491405,1.63789821
0.0799934492,-24.4271774,2.55563259
-0.213651374,-24.4231148,2.7951262
-4.15133858,5.54175234,0.0824560225
-0.0476873405,-24.4245434,2.69872212
-0.902965069,-24.430109,2.61481237
-3.97967219,5.55090046,-0.321317554
-4.12616158,5.54873323,-0.165437594
-4.15643024,5.54427862,-0.077481024
-4.06705427,5.54829359,-0.252815217
-3.78585339,5.54046917,-0.370301425
-0.955702007,-23.900238,2.51623917
-0.408819854,-23.9241276,1.61362123
-0.640057623,-23.8966255,1.65086341
-1.00686729,-23.8891983,2.03309798
-1.0349797,-23.8863335,2.21003819
-0.797459006,-23.8948231,1.7365526
-0.926736236,-23.8944302,1.87058115
-0.982091427,-24.0710945,2.49239612
-0.399555832,-24.1282654,1.60692096
-3.61263824,5.58305407,-0.30224371
-1.00963736,-23.8843708,2.38744283
-1.03793049,-24.0496254,2.12148356
-0.727130115,-24.056282,1.68171239
-1.03969908,-24.0471706,2.30300689
-0.983195543,-24.0535145,1.94896996
-0.562952757,-24.0747414,1.62035084
-0.873641789,-24.0541668,1.79320252
-0.972721279,-24.2781124,2.51908731
-0.397426665,-24.2959843,1.60939777
-0.527808845,-24.2650948,1.6145407
-1.04923832,-24.2017632,2.21484852
-0.806817114,-24.2205753,1.73214316
-1.02237058,-24.2390442,2.04224181
-1.02973652,-24.2180958,2.37559891
-0.465209812,-24.450407,1.61794388
-0.665819168,-24.2347832,1.65194714
-3.82379985,5.53522444,0.351096272
-1.00030994,-24.4342022,2.44976616
-0.652589321,-24.450325,1.65800619
-0.936945021,-24.2182446,1.86715388
-1.04510629,-24.3242264,2.16699648
-1.04321277,-24.3293552,2.29678845
-0.756638706,-24.3567429,1.7030797
-1.02263486,-24.4427147,2.07170796
-1.0415858,-24.4385471,2.26260877
-0.880339026,-24.3442612,1.80344844
-0.972927213,-24.3466702,1.93176258
-0.818131924,-24.4489002,1.75412154
-0.945578039,-24.4462795,1.89662886
-3.74812675,5.53810883,0.346598089
-3.9993875,6.22521877,0.151285455
-3.94445467,6.14238024,0.205644578
-3.94231415,6.22521877,0.20236814
-3.85619068,6.1556263,-0.261919141
-3.89379597,6.22521877,-0.247639194
-3.81601715,6.22521877,-0.263958752
-3.76832199,6.15232086,-0.265188754
-3.66446638,6.22521877,-0.222913757
-3.66231704,6.14211893,-0.22620371
-3.73698521,6.22521877,-0.255438775
-4.02509642,6.15520477,0.120006122
-3.93154263,6.15545273,-0.233198464
-4.04882717,6.22521877,-0.0756688118
-4.01644468,6.22521877,-0.148561448
-4.03836679,6.15572691,-0.114660963
-3.99439263,6.15570545,-0.182405218
-3.96301675,6.22521877,-0.207846537
-4.03991032,6.22521877,0.0823247284
-3.81647038,6.08485556,-0.27199772
-3.47683764,5.5340786,-0.167130053
-3.89660192,6.08505869,-0.255168408
-4.05919838,6.15539074,-0.0364040248
-3.44880724,5.53795052,-0.0789328888
-4.02318525,6.0851016,-0.152928203
-4.05460119,6.15556288,0.04457983
-4.05698061,6.22521877,0.00414675847
-4.00321722,6.07801247,0.160136521
-3.72876692,6.07797146,-0.262072802
-3.96824694,6.08481026,-0.213976517
-3.44387484,5.53765249,0.0251261592
-4.0565443,6.08508205,-0.0779064149
-3.67216444,5.58803272,0.311430782
-4.04749584,6.08524704,0.0849457383
-4.06502008,6.08477545,0.00470166514
-3.46750402,5.53440619,0.125202537
-4.14724779,5.60098171,0.00113163353
-3.51420164,5.53271437,0.208572984
-3.85877347,6.01315212,-0.273354143
-3.72648239,5.6002636,-0.345804691
-4.03655863,6.01278162,0.123641588
-3.94797921,6.05828094,0.211039349
-3.77574897,6.01235247,-0.277782261
-4.0489912,6.01367188,-0.119493961
-4.00331545,6.01361942,-0.189944997
-3.93725657,6.01319838,-0.243416965
-4.0659771,6.0132184,0.0473753922
-3.65877485,6.05775404,-0.231625319
-4.07071781,6.01220322,-0.039767094
-3.99288392,6.01190901,0.180628493
-4.06260443,5.93948841,0.0894533172
-4.0143137,5.93598366,0.171139866
-3.81862664,5.93907404,-0.287646145
-3.70568442,6.01188564,-0.260884166
-4.0711627,5.93930149,-0.0840914696
-3.95300269,5.97225618,0.218728587
-4.03632641,5.94057894,-0.161259845
-3.72222281,5.9353447,-0.276466787
-3.90237713,5.93993998,-0.269705564
-4.08065557,5.93924856,0.00643498078
-3.9782939,5.93968964,-0.225983337
-4.05511475,5.86348677,0.131598145
-3.65372276,5.97143459,-0.239358291
-4.08572531,5.86345148,0.0512318313
-4.06638765,5.86426258,-0.129656672
-3.77546525,5.86303949,-0.297943443
-3.86429095,5.86395216,-0.292655915
-4.00882006,5.85440111,0.195029527
-3.95975113,5.8829422,0.229057819
-4.01864004,5.86478996,-0.202727243
-4.09054518,5.8617382,-0.0448826812
-3.8694346,6.22521877,0.234990597
-4.08645535,5.78410387,0.0975577757
-3.94747066,5.86382675,-0.260675877
-3.60761809,6.22521877,-0.172103852
-3.6983254,5.8535223,-0.281189561
-3.64693284,5.88179874,-0.249751285
-4.04283476,5.7843008,0.17519103
-3.87944055,5.60083342,0.325302869
-4.05650854,5.78626251,-0.175911069
-4.09450769,5.78369761,-0.0942418054
-3.73067594,5.78330231,-0.304480851
-3.82171512,5.78521013,-0.312415153
-3.96853471,5.78921127,0.242502242
-3.91198921,5.78495884,-0.292869598
-4.10588741,5.78362465,0.00716449786
-3.99514818,5.785151,-0.244498074
-4.08235216,5.70099068,0.146538228
-3.63810825,5.78787851,-0.263258457
-4.09298754,5.70212555,-0.145854175
-3.77616549,5.70189857,-0.328925729
-4.04173946,5.70320129,-0.223079413
-4.11627436,5.70077705,0.0571308658
-4.0265193,5.6949029,0.221009284
-3.68321443,5.6920228,-0.309022248
-3.87096357,5.70259142,-0.322709739
-3.52376509,5.59970856,-0.211284235
-3.87761688,6.07844019,0.241603181
-3.96427345,5.70160294,-0.286749303
-4.12113094,5.6985898,-0.052596774
-3.82579422,5.61514139,-0.349946976
-4.08678865,5.61573744,-0.198588163
-3.60410404,6.0776,-0.181367457
-3.83807302,6.15248823,0.244686052
-4.12203979,5.6135006,0.110669643
-4.12809801,5.62150717,-0.10698048
-4.07159519,5.61376619,0.199928612
-3.97973013,5.69026899,0.259638369
-3.92884254,5.62321424,-0.324532241
-4.01915121,5.62463331,-0.270472705
-3.62686038,5.68872976,-0.280474812
-3.58187079,6.15510321,-0.140880391
-3.90022135,6.0126276,0.240592048
-3.61543632,6.01158285,-0.202739254
-3.88350058,5.93646336,0.256083339
-3.5927093,5.93438101,-0.192299366
-3.5743556,5.6023078,0.245998442
-3.79025984,6.22521877,0.24338758
-3.7499547,6.15548992,0.241247401
-3.55770993,6.22521877,0.0542030632
-3.54751515,6.15545607,0.0151579631
-3.54982519,6.22521877,-0.0251299366
-3.71226048,6.22521877,0.226816565
-3.90834451,5.85455036,0.26050514
-3.67460585,6.15559387,0.212278977
-3.64323878,6.22521877,0.186875656
-3.55224371,6.15509939,-0.0655420944
-3.56803536,6.15506935,0.0933528021
-3.61189032,6.15517473,0.161351338
-3.56701374,6.22521877,-0.103236072
-3.78993702,6.08525181,0.25140065
-3.58994007,6.22521877,0.127404332
-3.70928597,6.08491516,0.234293818
-3.63844562,6.08522177,0.19331643
-3.54176879,6.08480787,-0.0253503546
-3.59627223,5.85142374,-0.214572713
-3.54983139,6.08459854,0.0559842549
-3.5831399,6.08387375,0.131865054
-3.5594604,6.08408451,-0.106202208
-3.83040094,6.0133872,0.257189214
-3.66862845,6.01351833,0.222315207
-3.53587103,6.01343346,0.0161148068
-3.74781799,6.01345682,0.252735198
-3.57646632,5.69497919,-0.237808719
-3.60407376,6.0125556,0.170244619
-3.92525864,5.69783545,0.286385447
-3.57107925,6.01194811,-0.145847067
-3.54022861,6.01272106,-0.0654988959
-3.55622673,6.01196051,0.0958324447
-3.7883997,5.94024563,0.266956925
-3.52612972,5.94024611,-0.0246822853
-3.8758831,5.78323507,0.284003139
-3.62945366,5.93974352,0.206209108
-3.53411531,5.93968868,0.0576493442
-3.70379353,5.94008398,0.248905763
-3.54290795,5.93885422,-0.106882744
-3.51591587,5.86443663,0.017341869
-3.56683064,5.93697309,0.135893404
-3.83061409,5.86385536,0.277332813
-3.5611527,5.78081036,-0.19318153
-3.52028656,5.86436749,-0.0673937052
-3.53620148,5.8627038,0.100070633
-3.74320865,5.86460352,0.272157222
-3.65969086,5.86441326,0.240240112
-3.50121307,5.78584146,-0.0258318931
-3.55003166,5.86181355,-0.14976573
-3.50924826,5.7852397,0.061161343
-3.58139181,5.85855246,0.175932527
-3.51827741,5.7847414,-0.112206109
-3.78521705,5.78558969,0.2918064
-3.54202366,5.78201056,0.14361912
-3.69544816,5.78592825,0.272378504
-3.48527646,5.70354033,0.0189313851
-3.48988152,5.70329809,-0.0718821511
-3.50580478,5.70167112,0.107012533
-3.59956098,5.77608204,0.215872422
-3.8301363,5.7018075,0.308440804
-3.7357316,5.70368767,0.301898271
-3.52007389,5.70101833,-0.15905872
-3.55148315,5.69755554,0.188324377
-3.46392322,5.61715746,-0.0274410229
-3.4720428,5.61619473,0.0665863678
-3.48169565,5.61560726,-0.121234626
-3.63105345,5.69836378,0.260065228
-3.50591087,5.61360836,0.156016052
-3.77954817,5.61674023,0.32889688
10.2276983,-5.95684338,-0.0037444015
10.2270613,-6.06043291,-0.0257153008
10.2276983,-5.95684624,-0.0527443998
10.2276983,-5.95684099,0.0452555977
9.86312866,-5.55761576,-0.511456013
9.77313137,-5.54867315,-0.561946929
9.77313137,-5.54866791,-0.460965991
9.87869358,-5.56102085,-0.448611677
9.85938454,-5.55682373,0.554081321
9.77313137,-5.54861927,0.45343402
9.77313137,-5.54861403,0.555537522
9.92921448,-5.57614231,-0.586428046
9.95829201,-5.58784246,-0.503696859
9.87949181,-5.5611639,0.440890878
9.97903538,-5.5976553,-0.411973387
10.0578728,-5.64816284,-0.484637082
9.968853,-5.59262753,0.506103456
10.2298803,-6.02616644,-0.160611928
9.96153164,-5.58923388,0.593056202
10.0387335,-5.63373566,-0.587937891
9.98007393,-5.59813738,0.403921068
10.0622797,-5.65166378,0.468582511
10.0499077,-5.64190769,0.57609123
10.0743942,-5.6619544,-0.347667694
10.134779,-5.7261548,-0.571534634
10.0753384,-5.66274691,0.339318514
10.1368828,-5.72883511,0.559245586
10.148447,-5.74477291,-0.445916533
10.1450653,-5.73993111,0.430865347
10.2228251,-6.08834696,0.0901567265
10.1974726,-6.17604685,-0.128539979
10.2030964,-5.85041142,-0.159190476
10.1530085,-5.75141811,0.250656664
10.1926775,-5.82412052,0.507522523
10.1987305,-5.83884716,-0.531552553
10.2292023,-5.97375584,-0.467785984
10.2255306,-5.93979025,-0.587946951
10.1860447,-6.20214367,0.0294134095
10.225996,-6.06868982,-0.576356828
10.2063875,-5.85980368,0.386674345
10.1638393,-5.76841831,-0.338720679
10.2154598,-6.12153196,-0.487134784
10.1875858,-6.19890022,-0.569469154
10.205163,-5.85626459,-0.39732334
10.1615562,-6.2470274,-0.444496542
10.1014452,-6.32405806,-0.555365562
10.2136517,-6.12822342,-0.261613786
10.2274551,-5.95461226,0.506201625
10.2281055,-5.9607954,-0.310138822
10.2302551,-6.01417351,0.203901634
10.2181063,-6.11088324,-0.386140794
10.1517696,-5.74960566,-0.260007024
10.2163334,-5.89355993,0.264175296
10.2301846,-5.99420691,0.345139086
10.1979036,-5.83674288,-0.28719002
10.0517473,-6.36836481,-0.42786622
9.98757935,-6.40965986,-0.549862504
10.2214918,-6.09529257,0.444846034
9.68368435,-5.55750608,-0.511455953
10.2253666,-6.07301331,0.570043623
10.2136154,-6.12832451,0.321630448
10.2026777,-6.16242743,0.181652069
9.68698025,-5.55680418,0.555487752
9.93635845,-6.43293524,-0.408699602
10.1898785,-6.1938405,0.543603957
10.1769924,-6.22012949,0.419613063
10.1461639,-6.27018166,0.150296956
10.0189543,-6.39135122,-0.320685774
10.2037182,-5.85212612,0.14995943
10.1544924,-6.25803757,-0.222294137
10.1594458,-6.25035429,0.294512153
10.1263018,-6.29619741,-0.0909259096
10.1146078,-6.30985737,0.0349319465
10.1787977,-6.21673203,-0.327633381
10.121027,-6.30246449,0.530580401
10.0945425,-6.33097887,0.393739283
10.0742445,-6.34986925,0.253722221
9.86483669,-6.45378017,-0.527232766
10.052247,-6.36795092,0.114149854
10.1064281,-6.31882238,-0.323622793
9.98582935,-6.41053629,0.351071984
9.95312405,-6.42611122,0.216178313
10.001792,-6.40172815,0.514329016
9.91022491,-6.44200277,0.0517063178
10.0410099,-6.37634897,-0.0312475152
9.8871994,-6.44856167,0.447283
9.87050915,-6.45253611,0.31729424
9.77313137,-6.46306372,-0.376505762
9.88184261,-6.44990063,0.569628596
9.91983318,-6.43888235,-0.268815041
9.66696548,-5.56116486,-0.448468029
9.61902142,-5.57543087,-0.586953461
9.77313137,-6.46303177,0.221477598
9.77313232,-6.46301556,0.520271301
9.77313137,-6.46302366,0.370903105
9.66900063,-5.56063652,0.44141829
9.91536331,-6.44036341,-0.118247688
10.047328,-6.37170601,-0.188810006
9.77313137,-6.46307135,-0.525962174
9.77313137,-6.4630475,-0.0774476826
9.77313137,-6.46305561,-0.2269627
9.77313137,-6.4630394,0.0720300078
10.2300863,-5.84910154,-0.0187320933
9.84226894,-5.4763298,-0.45571214
9.94163799,-5.45716858,-0.428785622
9.31916237,-6.06010008,0.0182699468
9.31856537,-5.95684099,0.0452559069
9.31856537,-5.95684385,-0.0037440923
9.31856537,-5.95684624,-0.0527440906
9.84293556,-5.47647381,0.44806993
9.94210148,-5.45702934,0.421059757
9.58839989,-5.58765268,-0.50517875
9.56664944,-5.5979476,-0.411681235
9.48919964,-5.64751959,-0.485696733
9.57940292,-5.59168959,0.508657932
9.58564854,-5.58882046,0.595966697
9.31621361,-6.02187729,0.163905323
10.0453472,-5.50025702,-0.371097296
9.51011276,-5.63190556,-0.589608788
9.56830025,-5.59707308,0.404985607
9.48189068,-5.65338373,0.469732493
9.49514866,-5.64282894,0.578821182
9.47109699,-5.66263151,-0.346990347
10.04638,-5.50015211,0.362792552
9.40906715,-5.72924805,0.558058143
9.47239304,-5.66145897,0.340606511
9.41333866,-5.723773,-0.573891103
9.39357185,-5.75098324,-0.464713335
9.40142155,-5.73961878,0.42726776
9.32411003,-6.09193993,-0.109346941
9.39397526,-5.75034571,0.251729518
9.34842777,-6.17512417,0.120631963
9.34208393,-5.85340309,0.53456527
9.34282589,-5.85134029,0.150745332
9.35204887,-5.82776833,-0.553210318
9.33194447,-5.88592577,-0.454054326
9.36390305,-6.2097168,-0.0184833705
9.32340813,-5.92352962,-0.589724481
9.31721115,-6.04005527,-0.539684832
9.33967686,-5.86039591,0.382469743
9.3353796,-6.13779593,-0.44255358
9.35655117,-6.1942687,-0.56165576
10.2173128,-5.71676683,-0.112086132
9.65781498,-6.44823885,0.428091049
9.38883209,-6.25354719,-0.43836078
9.43951225,-6.31849146,-0.556483448
9.33417702,-6.13369703,0.280150563
9.66832542,-6.45087528,-0.122479789
9.646245,-6.44508266,0.0133234244
9.68496132,-6.45444822,0.236754552
9.65719604,-6.44811726,-0.324226379
9.68455029,-6.45440912,-0.541659296
9.31609249,-6.01799774,-0.353988051
9.69424915,-6.45617962,0.138307661
9.48726368,-6.36267376,-0.428331763
9.31693363,-5.9756031,-0.206904724
9.33009911,-5.8928957,0.257964402
9.31605148,-5.995368,0.340972811
9.31670666,-5.97921467,0.489292055
9.3504324,-6.18009329,-0.323535711
9.55153179,-6.40577936,-0.549524784
10.1651554,-5.65908623,0.231503516
9.77313137,-5.43958807,-0.460971802
9.37394428,-5.78296995,-0.368031859
9.34270477,-5.85169554,-0.157906026
9.6268568,-6.43903589,-0.432579339
9.77313137,-5.43833303,0.453428149
10.1644201,-5.65628481,-0.240245476
9.32497978,-6.09632826,0.440772802
9.41776943,-6.2935009,0.084143728
9.39618206,-6.2645607,0.224304497
9.53950977,-6.39886522,-0.31748566
9.33447933,-5.87695599,-0.306626678
9.37433243,-6.22941017,0.379589081
9.37608147,-6.23253059,-0.17580843
9.32146168,-6.07670736,0.567713797
9.35669136,-6.19451904,0.539033473
9.39393139,-5.75043869,-0.259173602
9.59153366,-6.42541504,0.299335927
9.44404697,-6.32323408,-0.0547349341
9.60268688,-6.43009615,-0.217691556
9.32400513,-6.09139729,-0.237625852
9.62179375,-6.43724203,0.521723747
9.51983547,-6.38646269,0.0493816622
9.48874664,-6.36382341,0.187953115
9.42920399,-6.3071003,-0.310093254
10.2039309,-5.72785759,0.149358109
9.70366001,-5.47640419,-0.455660939
9.70400047,-5.47615623,0.448173404
9.5551672,-6.40774775,-0.0893042386
9.46187973,-6.3407197,0.326963723
9.4837656,-6.35983038,-0.195678666
9.44293785,-6.32205009,0.509708464
10.1392536,-5.53602314,-0.277602971
9.59977436,-6.42889452,0.15374659
10.1409998,-5.5371542,0.267719567
9.54179096,-6.40017223,0.431099415
9.53961277,-6.39887953,0.560992479
9.31626415,-5.84927845,0.0136856325
9.85702515,-5.36848116,-0.453212589
9.6161623,-5.46962452,-0.433179766
9.6068573,-5.47435951,0.422123075
9.85806084,-5.37080002,0.445467114
9.77313137,-5.31136942,-0.460978627
9.77313137,-5.31173658,0.453421414
9.87160015,-5.24007463,0.442687839
9.87339497,-5.23333359,-0.44985345
9.95645142,-5.31424284,-0.422616869
9.95915699,-5.31514978,0.413865507
9.77313137,-5.16886425,0.453413785
9.49874496,-5.49972343,0.361941248
9.48432541,-5.4835763,-0.358202726
9.88007545,-5.10101509,0.440726668
10.2281017,-5.71626186,0.0413386859
9.77313137,-5.16449833,-0.460986435
10.0262728,-5.38564157,-0.384499282
9.89237309,-5.09601212,-0.445166707
9.98151779,-5.1824131,0.403163075
10.0269814,-5.38531876,0.376478255
9.98110676,-5.18974257,-0.410943806
10.1151285,-5.40343761,-0.307203799
10.0715179,-5.27819443,-0.350186914
9.32901669,-5.71741772,0.104844108
10.0708885,-5.26956367,0.343166947
9.77313137,-5.01572704,0.453405648
9.99484634,-5.02569056,0.396049172
10.1166458,-5.40275288,0.297937304
10.088871,-5.1281662,0.326877862
10.0039845,-5.04332829,-0.398430467
10.1485405,-5.19980478,0.257175416
9.87338448,-4.97332287,0.442276388
9.77313137,-5.01292467,-0.460994512
9.90325737,-4.95615149,-0.442088634
10.1889582,-5.43539953,-0.193824425
9.32933331,-5.7990284,-0.11363712
10.0669279,-5.1449666,-0.354095012
10.2296438,-4.86164474,-0.0288657788
10.2259417,-5.01511621,-0.066996716
10.201972,-4.8616519,-0.162319884
10.1687355,-5.31294632,-0.232971996
9.36233521,-5.61795282,0.196932957
10.1693811,-5.30838919,0.224296644
10.0342617,-4.86166382,-0.379093111
10.1775198,-5.01949692,-0.217105418
9.77313137,-4.86166811,-0.461002558
9.90964413,-4.86166668,-0.440146655
9.39913559,-5.58752012,-0.26674521
10.1900616,-5.43551588,0.183848694
10.10147,-5.01827049,-0.321954221
9.91632748,-4.86162043,0.430394083
10.1688442,-5.09357595,0.225214735
9.66839409,-5.3728714,0.44126606
9.77313137,-4.86161947,0.453397423
10.1345358,-4.86165857,-0.283835977
9.68281078,-5.37893677,-0.451964676
10.2038975,-5.57205629,-0.156972751
9.68932438,-5.24676943,0.445671111
10.1112661,-4.98915577,0.303932935
10.1398592,-5.17882586,-0.276810765
9.66399384,-5.24670553,-0.447764903
10.2070808,-5.19932938,0.140159011
10.2046032,-5.1734252,-0.154993132
10.220026,-5.32581854,-0.10030368
10.2302408,-5.18834686,-0.0128865382
10.2091064,-5.58941221,0.133923024
10.2268019,-4.9555831,0.0529050156
9.66109467,-5.12272358,0.439471573
10.2238474,-5.07650566,0.0729326606
10.2300482,-5.58787966,-0.019862093
10.2237768,-5.34158945,0.0733649284
10.2266092,-5.46872425,-0.0619908236
10.0479803,-4.86162424,0.361559808
9.65439701,-5.09530783,-0.445303291
10.2255421,-5.48319054,0.0622358583
10.2135115,-4.86163712,0.119068958
10.1930017,-4.9717555,0.177147895
10.1510124,-4.86162996,0.253564596
9.63696575,-4.86162043,0.43265003
9.40794182,-5.53548956,0.271312028
9.6097374,-4.97810125,0.423209846
9.59196949,-5.24520111,0.415994346
9.34514332,-5.66759872,-0.164563701
9.5422411,-5.37807941,0.390840501
9.56684494,-5.34392214,-0.41179356
9.53625298,-5.1081872,0.387261182
9.47535801,-5.24257755,0.34315145
9.41776085,-5.38020897,0.283876806
9.62760639,-4.96330118,-0.437218904
9.54702091,-5.18619537,-0.401158899
9.31661892,-4.86164236,0.0212606415
9.32536888,-4.98674631,0.0886214003
9.34400177,-4.86163521,0.153929263
9.31706047,-5.7000041,-0.0358737707
9.3926096,-5.23359299,0.249662891
9.42642593,-5.11406565,0.294249415
9.51280689,-4.86162376,0.372047335
9.8458271,-4.73874712,0.447574437
9.37296677,-4.98715544,0.217337117
9.47187614,-4.98214436,0.340118259
9.45922279,-5.31323624,-0.336184055
9.41123295,-4.86162901,0.275591671
9.32058716,-4.99664068,-0.0688779652
9.3454361,-5.13406134,0.157793283
9.31634331,-5.11059713,0.0156020727
9.320467,-5.5920682,0.0604765601
9.52038383,-5.04500294,-0.384778947
9.33278942,-4.86165047,-0.126810864
9.39521313,-5.43500376,-0.261084139
9.43940258,-5.14372444,-0.316288501
9.70426273,-4.7375474,0.448174238
9.98030949,-4.73683214,0.403755367
9.31882191,-5.24352264,0.0475478061
9.36707497,-5.24310637,-0.213900492
9.63003445,-4.86166668,-0.438031971
9.32135487,-5.56965303,-0.0739795715
9.34494019,-5.30554628,0.156483322
9.36282539,-5.08330011,-0.205485299
9.35705757,-4.97082996,-0.193308085
9.41884327,-5.0027113,-0.292779624
9.31661892,-4.71544743,0.0212528557
9.32980251,-5.12268686,-0.115551502
9.39592457,-4.86165762,-0.262156606
9.34776115,-5.39668179,-0.171380147
9.31637096,-5.48476362,0.0162780043
9.34099483,-5.46262026,0.14552784
9.35061932,-5.52587032,-0.178452998
9.57258415,-4.73681974,0.407059014
9.31988144,-5.2170372,-0.0637491569
9.37296677,-4.736166,0.21732375
9.45830441,-4.7349453,0.327725828
10.0944977,-4.74155712,0.321392089
9.32253933,-5.44348764,-0.0812193602
9.3219862,-5.31810808,-0.0779401883
9.31724262,-5.37927246,0.0308274031
9.49858475,-4.86166334,-0.369392306
9.34474182,-2.51663518,0.155806109
9.31661797,-2.51664233,0.0211357661
9.31661797,-2.6628089,0.0211435501
9.63750172,-4.61236477,0.432803571
9.77613735,-4.61358976,0.453374356
9.5097599,-4.61300707,0.369905114
9.40762711,-4.6131835,0.270844907
9.70711613,-4.48858547,0.448586464
9.57065773,-4.48760557,0.406099677
9.84920311,-4.49032211,0.447004557
9.45470524,-4.48597383,0.324257851
9.91314125,-4.61276197,0.431418657
9.77976322,-4.364779,0.453322858
9.63804626,-4.36314964,0.432959139
9.86735916,-2.64096761,0.443463713
9.93611336,-2.51662087,0.423235774
9.79628849,-2.51661944,0.452685684
9.7245779,-2.6407423,0.450693786
9.65406227,-2.51662016,0.437495917
10.0010185,-2.64159822,0.392436475
9.98260784,-4.4924078,0.402566165
9.91940308,-4.36617804,0.429341078
9.58639336,-2.64140868,0.413404942
10.1909733,-2.6407702,0.181658909
10.2148666,-2.51663733,0.113978073
10.1567841,-2.51663041,0.244753718
9.79605484,-2.76530766,0.452710718
10.0396175,-4.61886215,0.367690563
9.5233326,-2.51662326,0.378999114
10.0602961,-2.51662469,0.351836622
9.65458298,-2.76574087,0.43764919
10.2296438,-4.71538258,-0.0288735665
9.84847546,-4.2426753,0.447113514
9.51010704,-4.36425543,0.370136082
10.0927725,-4.49214697,0.323073924
10.1410141,-4.61656952,0.267650604
10.0404596,-4.36752033,0.367071867
9.70685768,-4.24191761,0.448535532
10.1135035,-2.64165115,0.301330239
10.2245817,-2.6187346,0.0683531016
9.98337078,-4.24143744,0.402158439
9.93567753,-2.76644421,0.423415393
9.34123611,-4.61671019,0.146178499
10.1416082,-4.36919022,0.266831338
10.096015,-4.24270296,0.319858938
10.2224913,-4.76060534,0.0804964751
10.0437698,-4.11736584,0.364649832
10.1573601,-2.76670814,0.243875027
9.91663265,-4.11685514,0.430253595
10.1521902,-4.12626791,0.251787156
10.2188568,-2.75668406,0.0978699848
9.35875034,-4.49056339,0.1893619
10.2296438,-2.51664495,-0.0289906543
10.1087618,-4.00333691,0.306609452
9.98318291,-3.99166226,0.402242154
9.57224369,-4.23980188,0.406866282
9.40722752,-4.36031008,0.270299375
10.177536,-4.74243069,0.209471539
9.77839661,-4.11759949,0.453327477
9.84774303,-3.99272156,0.447222024
9.63975239,-4.11593056,0.433469862
9.45729351,-4.23474121,0.326736867
9.91633415,-3.8669858,0.430338889
9.70538044,-3.99392486,0.448303431
9.72511005,-2.89001155,0.450763583
9.51142693,-4.12099648,0.371048152
9.77553654,-3.86862063,0.453338236
9.57119465,-3.99470139,0.406338453
9.46666527,-2.64180279,0.33535856
9.52464104,-2.76618981,0.379862368
9.63599968,-3.86935592,0.432294726
10.1913376,-2.89069152,0.180848598
9.41363239,-4.12623262,0.278634101
9.86710548,-2.88964772,0.443530321
9.46052265,-4.00625372,0.329780281
9.5136528,-3.88635445,0.372579664
10.0424938,-3.8662293,0.365570307
9.37423897,-4.24781084,0.219586045
9.70430374,-3.74455404,0.448127598
10.2296438,-2.66293716,-0.0289828628
9.84659672,-3.74395466,0.447396904
10.0589132,-2.76674247,0.35296163
9.57338715,-3.76240349,0.407398194
9.62677479,-3.63691187,0.429273903
10.2255964,-2.8864727,0.0617172197
10.2296438,-2.8094089,-0.0289750639
9.75863647,-3.62724972,0.453101873
10.1139469,-2.89178324,0.30084911
9.98118114,-3.7425077,0.403258234
9.58821774,-2.89020848,0.41422978
10.2194948,-3.01879406,0.0950507
9.89788342,-3.62470794,0.435982198
10.2296438,-2.95603085,-0.0289672557
10.1578856,-3.01688862,0.243072957
9.9995451,-2.89074063,0.393293262
10.1118326,-3.73924756,0.3032417
10.0265093,-3.62036514,0.376698196
9.79671383,-3.01446199,0.452690482
9.37530899,-2.64216137,0.22140117
9.65540791,-3.01493454,0.437883139
9.66039753,-3.51187158,0.439209074
9.93436909,-3.01551151,0.42392391
10.0578718,-3.01577616,0.353806496
9.46775818,-2.89204717,0.336355925
9.52628326,-3.01684928,0.380934477
9.72343922,-3.13817739,0.450597227
9.86573315,-3.13967896,0.443829596
9.37630177,-4.02014399,0.223217502
9.4589901,-3.78030729,0.32832557
9.41222095,-3.89660478,0.276816249
9.79907703,-3.50935626,0.452588618
10.1780176,-4.49588871,0.208542556
9.50422001,-3.66625023,0.365888834
10.1102095,-3.14086032,0.304990649
9.34033585,-4.33922768,0.14354676
9.99850082,-3.13992596,0.393900186
9.34827137,-4.13078308,0.165054306
9.79352379,-3.26356292,0.452857316
10.1956701,-3.99909854,0.170773387
9.94479942,-3.50769019,0.419872582
9.58722401,-3.13760543,0.413802385
9.93386078,-3.26511717,0.424128592
10.1341343,-3.58774972,0.276679456
10.17875,-4.2449832,0.207126677
9.32241631,-2.37101769,0.020809669
10.0620871,-3.28046942,0.350423902
9.65340805,-3.26272583,0.437358499
9.99845791,-3.39033532,0.393937469
9.8421793,-4.7368021,-0.455765188
9.31661892,-4.56893778,0.0212450549
9.47725677,-3.13709354,0.344659925
10.1728983,-4.73587275,-0.225661889
10.0880213,-4.73668194,-0.335284859
9.97428226,-4.73616076,-0.4143821
9.5311594,-3.51699996,0.384045094
9.86819935,-3.38421416,0.44332546
9.72751045,-3.38524652,0.451037079
9.53541183,-3.260746,0.386652172
10.0543299,-3.5171659,0.356623858
10.157176,-3.88123894,0.244220227
9.58946896,-3.38746762,0.414807409
10.194149,-3.66909218,0.174390823
9.48204899,-3.36778665,0.34868452
10.1295404,-3.43250108,0.282484978
10.1643162,-3.27646828,0.232768402
10.2397137,-2.38121104,-0.0295507312
9.331357,-4.23269033,0.113923863
9.41584206,-2.5166285,0.281338573
9.86745071,-2.39219522,0.444313914
10.1878815,-2.3673811,0.210718527
10.2096138,-3.52250099,0.132194057
9.72461987,-2.39226627,0.449791521
9.31661892,-4.42229795,0.0212372448
10.2043514,-3.37934375,0.148040861
10.1924076,-3.14040661,0.178421542
10.1060009,-2.39459801,0.316380024
10.2296438,-3.10265279,-0.0289594475
9.58729839,-2.39170361,0.411300033
10.0023766,-2.3918879,0.395054281
9.41190434,-3.67419434,0.276396811
10.2124262,-4.62358475,0.122879401
9.37637806,-3.78017449,0.223337501
10.1911917,-3.78934479,0.181227922
10.211956,-4.36635303,0.124485172
9.33097649,-4.02880192,0.112475134
9.34007549,-3.90639639,0.142755911
9.70091724,-4.73885965,-0.455269992
9.42931843,-3.4568789,0.297494411
9.31661892,-4.12901878,0.0212216284
10.2156982,-4.12049103,0.11090178
10.2244062,-3.63453054,0.0694970191
9.33947754,-3.64975905,0.140964955
9.44369602,-3.57568479,0.313153714
9.31661892,-3.98237896,0.0212138183
9.31661892,-4.27565861,0.0212294366
9.41773224,-2.76833677,0.283703268
9.3459177,-2.7703011,0.158937082
9.329216,-3.77692938,0.105552956
9.37940025,-3.54137158,0.228522822
9.41864491,-3.01321316,0.28483969
9.31661797,-2.80926061,0.0211513489
10.2296438,-3.3958962,-0.0289438311
9.31661892,-3.83573937,0.0212060101
9.31661892,-3.68909955,0.0211982019
10.2231989,-3.74580908,0.0765777081
10.2296438,-3.54251766,-0.0289360248
9.31661892,-3.54245973,0.0211903919
9.35586357,-3.41716886,0.182989448
10.2190218,-3.26935363,0.0971720517
10.225317,-3.15609622,0.06363298
9.44954205,-3.25282049,0.319101244
10.2296438,-3.68913913,-0.0289282165
10.2296438,-3.83576059,-0.0289204083
10.2179623,-3.88087726,0.101771004
10.2296438,-3.98238158,-0.0289126001
9.56648445,-4.7367301,-0.411643445
10.2432356,-2.3103261,0.0909176022
9.3898592,-3.33862019,0.245385051
9.37728596,-2.89448905,0.224869028
10.2235823,-4.49442434,0.0744440779
9.36772346,-4.73829079,-0.215176985
10.2296438,-4.5688653,-0.0288813692
9.4520607,-4.73881865,-0.329302102
10.2296438,-4.42224455,-0.0288891774
9.38208008,-3.1646204,0.232984409
10.2296438,-4.12900257,-0.0289047919
9.33037186,-3.51905751,0.110124722
10.2221813,-4.23191214,0.0821026042
10.2296438,-4.2756238,-0.0288969856
9.37247944,-2.39469719,0.208350897
10.2296438,-3.24927449,-0.0289516393
9.46817589,-2.39589739,0.332580477
9.33137226,-2.51664996,-0.121744409
9.33815193,-3.2837255,0.136914417
9.31661892,-3.39582014,0.0211825836
9.34057999,-3.02187085,0.144193023
9.33022785,-2.89207482,0.109534174
9.31661797,-2.95590043,0.0211591572
9.33058834,-3.16167045,0.110946953
9.31661892,-3.10254049,0.0211669654
10.2011156,-2.51665211,-0.164741397
9.31661892,-3.24918032,0.0211747754
10.3194952,-2.12108135,-0.0339447148
10.2841206,-2.17767453,0.0879320949
10.2700109,-2.24775696,-0.0312212054
10.3438406,-2.0524652,0.0858319923
9.32344341,-4.75524569,-0.0863459706
10.4734077,-1.89465845,-0.042406816
10.5733299,-1.80180001,-0.0478976481
10.5268078,-1.82454908,0.0790627748
10.387538,-2.00265455,-0.0376866646
10.6825581,-1.70491993,0.0891731158
10.6861553,-1.72475255,-0.0540960319
10.4221811,-1.93670571,0.0825446621
10.2752504,-2.09476876,0.200043887
10.222806,-2.22880244,0.203146651
10.4400587,-1.85047019,0.192921117
10.5530405,-1.74106562,0.194207773
10.3431416,-1.96876657,0.202752262
10.104785,-1.0119648,-0.022215886
10.2475672,-0.950948477,0.106794298
10.2296429,-0.932857633,-0.029074993
9.33383465,-4.61955214,-0.13050434
10.204649,-1.11086917,0.290349096
10.3418617,-1.09260535,0.332281917
10.2864342,-1.00615466,0.233238459
10.1869116,-2.12754893,0.29858458
10.1475754,-2.26105094,0.29685989
10.2440424,-1.99915814,0.299396813
10.1489096,-1.03879583,0.165401131
10.3333731,-1.84541345,0.306601584
10.4707346,-1.59916747,0.35875088
10.6110334,-1.55905354,0.322512478
10.5506363,-1.4481982,0.389896691
10.4552774,-1.74135482,0.282740951
10.6565599,-1.64761913,0.219035953
10.2656956,-1.2093668,0.372659773
10.5517044,-1.65823531,0.281665444
10.4081535,-1.45022452,0.414836794
9.79597664,-2.26760411,0.452031851
10.4089537,-1.2026664,0.395135462
9.65623188,-2.26693225,0.431020081
10.4809704,-1.3253274,0.415018737
10.3360252,-1.32616687,0.415732503
9.52808094,-2.27018309,0.368698329
9.35468483,-2.28357267,0.14061293
9.72662449,-2.14244008,0.440830618
9.9380455,-2.26728177,0.429942906
9.33992863,-2.22536087,0.0198404565
9.59387112,-2.1450603,0.393085331
10.1319799,-2.02574062,0.373811483
9.66135597,-2.01856756,0.406630307
10.1850281,-1.8913902,0.381222248
9.4800787,-2.1497159,0.307625651
9.54363632,-2.02364683,0.334612489
9.42187309,-2.27530813,0.266569376
9.33338356,-4.36307716,-0.128943101
9.88648605,-2.13582516,0.446510136
9.79908562,-2.01846647,0.444259852
9.38554001,-2.15330911,0.163863644
9.45231915,-2.02984905,0.232800201
10.2508736,-1.74245822,0.39406532
9.7332201,-1.89351046,0.413672566
10.2062483,-4.6061635,-0.150245398
9.5150671,-1.90410817,0.260873109
9.61213779,-1.896981,0.350974917
9.40167332,-2.02245975,0.117142387
10.0936956,-2.16067123,0.366816163
9.32256985,-4.49223852,-0.0814492404
9.36903477,-2.08161044,0.0182348341
10.0542154,-2.276999,0.373745441
9.44425774,-1.91011477,0.136411399
9.32216835,-3.99460459,-0.0791128948
10.0418463,-1.08511794,0.107479207
10.0747576,-1.14171457,0.235584334
9.49970627,-1.78814995,0.152115911
10.3681612,-1.71970832,0.350201279
10.3188734,-1.59949231,0.407438159
9.34908009,-2.64161181,-0.1748382
9.40961933,-1.94044924,0.01599917
10.1309175,-1.22627592,0.337290972
9.58057499,-1.78366518,0.276356578
9.33391571,-3.62458396,-0.130840898
9.46156788,-1.80257523,0.0131397909
9.67964458,-1.77584529,0.357051939
9.81048298,-1.77188909,0.416321784
9.86817646,-1.90574121,0.443928033
9.92144012,-2.01193762,0.445090324
9.56374645,-1.68583739,0.18106918
9.65517902,-1.65979612,0.284290731
10.0262651,-1.92472982,0.432113498
9.52462482,-1.66896784,0.00967076235
9.77013493,-1.664132,0.370482713
10.0894156,-1.78739059,0.43135199
10.2470198,-1.45893252,0.426795304
10.003705,-2.18504047,0.411905706
9.62538338,-1.56424832,0.162171766
10.1853638,-1.3320998,0.399583071
9.90061092,-1.66497874,0.419631332
10.2013884,-2.78731918,-0.163998678
9.94653034,-1.79673505,0.441929221
9.8479166,-1.543733,0.364418775
10.0204401,-2.0733223,0.417983651
10.2125521,-2.95465159,-0.130161524
10.0207548,-1.6841023,0.437900484
9.99266911,-1.55379021,0.417245537
9.72484875,-1.54571891,0.279291958
10.1506968,-1.59264803,0.433168679
9.98765945,-1.10015476,-0.0157808047
9.32726288,-2.75592971,-0.105073974
9.59748745,-1.54210293,0.00566374278
9.94609642,-1.41139448,0.353466541
9.80505562,-1.42546415,0.266286075
9.32422447,-4.22840834,-0.090523012
9.70201588,-1.44862366,0.154602215
9.32288074,-3.75250673,-0.0832771808
9.32438374,-3.49124479,-0.0913842842
9.88321972,-1.30536723,0.234037355
10.0862703,-1.44381368,0.410717696
9.77377415,-1.34915674,0.1369479
9.68146706,-1.4198463,0.00104663603
9.99810123,-1.25505161,0.28512013
9.77486324,-1.30504119,-0.00408709887
9.94814205,-1.17820978,0.143849373
10.2174234,-3.98883796,-0.111718647
9.33222008,-3.15997481,-0.124845736
9.84470463,-1.25763357,0.106906086
10.0654049,-1.33154333,0.366329163
10.206605,-3.64506912,-0.149235591
9.87673855,-1.19865274,-0.00968584791
9.33596706,-2.89777899,-0.137772083
9.32448864,-2.41409922,-0.0758643448
10.2048626,-3.38740373,-0.154346183
9.32396221,-3.02590561,-0.0892185345
10.2194223,-3.75559354,-0.103138573
9.32530499,-3.28684163,-0.0959935784
10.220048,-4.49666882,-0.100245863
9.90924644,-4.61097622,-0.440284073
10.2179375,-3.25208616,-0.109617725
9.76969242,-4.61322927,-0.461002856
10.2078142,-4.37119102,-0.145541489
9.33958626,-4.11820126,-0.148998678
9.63381004,-4.61324978,-0.439271301
10.1341887,-4.61093235,-0.284296364
10.0345602,-4.61101055,-0.378898382
10.2162485,-4.23519707,-0.116436332
9.6799345,-2.66182351,-0.451520294
9.60987282,-2.51666641,-0.430985451
9.74971676,-2.51666808,-0.460527539
9.33832264,-3.87086964,-0.145183429
9.70090961,-4.48858786,-0.455282152
9.54502964,-2.64097548,-0.400155455
9.84041309,-2.6455307,-0.456142783
9.84255695,-4.49032736,-0.455720454
9.48581219,-2.5166626,-0.359567791
9.43370342,-2.64082265,-0.310222954
9.38995647,-2.51665711,-0.25334543
9.50683594,-4.61588621,-0.375458807
9.89208984,-2.51666713,-0.44538039
9.56651783,-4.49058056,-0.411673695
9.97745132,-4.48846626,-0.412827373
9.63032627,-4.36497307,-0.438154429
10.0927582,-4.48973846,-0.330732852
10.1696978,-2.64178252,-0.231442794
9.77326584,-4.36478043,-0.461028993
9.45341301,-4.49020815,-0.330643415
9.40575314,-4.61430979,-0.275965303
9.91007996,-4.36357069,-0.440036565
10.2709455,-2.17767262,-0.151355714
10.1769524,-4.49289227,-0.218206659
10.2299833,-2.31033087,-0.149818555
10.5039997,-1.83447218,-0.16498816
10.3306332,-2.05250216,-0.155499727
9.46862984,-2.78154206,-0.344956934
9.5037756,-4.36728811,-0.373259723
10.0392351,-4.36337519,-0.375609308
10.6680908,-1.70648074,-0.190623999
10.408742,-1.93667483,-0.16124621
9.36822701,-4.48787737,-0.216152921
10.1409082,-4.36579227,-0.275438666
9.38246632,-2.77479339,-0.241427705
9.56268597,-4.24160957,-0.409722865
9.40394878,-4.3694582,-0.273525387
9.69652748,-4.24680662,-0.454572231
9.33973312,-3.38186407,-0.149477944
9.83785915,-4.23739195,-0.456430674
9.44861698,-4.243577,-0.325894564
9.36813641,-4.24192047,-0.215993166
9.50615501,-4.12177467,-0.374996096
9.40517044,-4.11738586,-0.275202841
9.63111401,-4.12122059,-0.43842563
9.9721365,-4.24031305,-0.415452719
9.45455265,-3.99470711,-0.331781447
9.36710072,-3.99175811,-0.214018464
9.56574249,-3.99695826,-0.411306351
9.75873661,-4.11769199,-0.460815549
9.69075298,-3.99484587,-0.453566015
9.49970245,-3.87704349,-0.370281756
9.6248045,-3.87129998,-0.436326265
9.8320322,-3.9953773,-0.457238734
9.34065628,-2.29476905,-0.104847968
9.76360321,-3.87285948,-0.460955948
9.40213871,-3.87942195,-0.271056145
9.9002037,-4.12135839,-0.443028003
9.69462299,-3.74742937,-0.454270869
9.90467644,-3.87234092,-0.441722423
9.55517292,-3.74974871,-0.405764818
9.81178284,-2.77727294,-0.459476769
10.1978111,-3.86875391,-0.173204094
9.83443546,-3.74703789,-0.45693326
9.56993198,-2.77391386,-0.413477182
9.44561195,-3.75353003,-0.322864562
10.2009373,-4.11969805,-0.165129781
10.0295639,-4.1119256,-0.382358253
10.1795998,-3.51589036,-0.213195384
9.36921501,-3.74952459,-0.218066186
9.62949085,-3.63666296,-0.43791762
9.50664711,-3.63554311,-0.375375837
9.76561356,-3.62742615,-0.461006492
9.40599155,-3.62622023,-0.27633965
9.45025253,-3.5108614,-0.327574313
9.36801529,-3.50037718,-0.21580179
9.90655041,-3.62373257,-0.441168368
9.41036415,-2.9163177,-0.282172859
9.56660748,-3.51156759,-0.411771566
10.1979561,-3.12409616,-0.172878593
9.68838978,-3.50766468,-0.453152657
9.49804497,-3.39401555,-0.369064867
10.1618586,-0.981541097,-0.115659691
9.83358669,-3.49985528,-0.457060397
10.0881701,-4.24211597,-0.33517009
9.62242508,-3.38505769,-0.435528666
10.3525457,-0.86179316,-0.0358263217
9.95900249,-2.62335396,-0.421633989
9.4021244,-3.39744234,-0.271061808
9.76091671,-3.38571858,-0.460917979
9.37743855,-2.13823104,-0.144150645
9.68109226,-2.80125189,-0.451752305
9.69126892,-3.2607348,-0.45369938
9.56126404,-3.27186871,-0.409034282
9.9011507,-3.37448764,-0.442792654
9.83105278,-3.26332045,-0.457403898
9.44419003,-3.2710731,-0.321424067
10.398509,-1.00223064,0.287245095
9.95957375,-3.98996711,-0.421306968
10.8096275,-1.65335894,-0.0608786233
9.36717319,-3.27161098,-0.214197651
9.96634102,-2.74930048,-0.418284267
9.51049614,-3.15905929,-0.378132164
9.62692547,-3.15033793,-0.437086135
9.40402603,-3.15271616,-0.273695827
9.50402927,-2.91877031,-0.373521954
9.76419163,-3.14524555,-0.461006582
9.43138885,-1.91412711,-0.115298636
9.97276306,-3.75115108,-0.415175349
9.39247131,-2.02013969,-0.089988701
9.67875767,-2.3919251,-0.450414628
9.48700619,-1.78591025,-0.135040626
9.45487595,-3.03374219,-0.332146317
9.95960999,-3.27241898,-0.421328634
9.36844826,-3.03102756,-0.216653571
9.55832195,-3.03436303,-0.407494724
9.90126896,-3.14131498,-0.442770571
9.54612255,-2.39199638,-0.398213953
9.97216511,-3.49920702,-0.415478647
9.43609333,-2.39222598,-0.308060557
9.82150745,-2.39202714,-0.459489495
9.68232346,-3.02947998,-0.451991498
9.55034161,-1.66405129,-0.149796546
9.82985115,-3.01796889,-0.457568735
9.61688805,-2.91012001,-0.433580965
10.0606604,-1.05455244,-0.125520557
9.75665665,-2.90945148,-0.460809648
9.96686649,-3.01503754,-0.418024749
9.62401772,-1.53688157,-0.149981305
9.89459515,-2.8933754,-0.444677442
10.1723394,-4.2476306,-0.22669059
10.1296997,-2.51665878,-0.290093124
10.0317392,-3.87428856,-0.380888194
10.0234127,-2.51666403,-0.386538267
10.0793676,-4.00607347,-0.343334496
9.35911751,-2.39280987,-0.188664883
10.1305714,-4.1236558,-0.288918048
10.0345707,-3.62344885,-0.378943473
9.78352451,-1.32640135,-0.159593835
10.0267906,-3.39043093,-0.384260863
10.1614628,-2.3680141,-0.263179868
10.7069244,-1.43919063,0.351914734
10.0696983,-2.63781047,-0.351885736
9.8609581,-1.23605585,-0.145728469
9.96083069,-1.13769448,-0.133572683
10.0902061,-3.75095558,-0.33324784
10.0147028,-3.13987017,-0.392062634
10.1319504,-3.87523103,-0.287193388
10.1684742,-3.99743056,-0.233491644
10.0799265,-3.26161027,-0.342868775
10.0873861,-3.50897813,-0.335952282
10.0368109,-2.886585,-0.377410918
10.1363068,-3.63105631,-0.281600326
9.96404839,-2.39104033,-0.422788084
10.1756306,-3.75388265,-0.220716789
10.1109362,-2.76806879,-0.312003583
10.1318092,-3.38031483,-0.287397951
10.1690702,-3.2531929,-0.232500687
10.1240416,-3.13231421,-0.296970993
10.0841742,-3.00612855,-0.338989586
10.1634836,-3.02395463,-0.241926402
10.3908644,-0.925228298,0.201639801
10.1496325,-2.90561128,-0.263287067
10.075491,-2.38724828,-0.354144484
10.2332048,-0.952597678,-0.172016546
10.4957924,-1.07602918,0.36250484
10.2501135,-2.09455276,-0.26155892
10.197197,-2.22877359,-0.259379953
10.3173933,-1.96881604,-0.271430343
10.4142838,-1.85026312,-0.273159385
10.6258907,-1.31442249,0.403218985
10.5179625,-1.75096524,-0.282205522
9.70402336,-1.4385612,-0.181171387
10.208312,-1.99879706,-0.356983393
10.1302319,-2.1429143,-0.361655653
10.5728607,-1.56327856,-0.416869283
10.4347982,-1.59099579,-0.442293853
10.5059528,-1.45345163,-0.478833616
10.2937441,-1.85897303,-0.368000746
10.1716452,-1.10278594,-0.337698728
10.2590008,-1.00950587,-0.301430523
10.3040934,-1.09729123,-0.404596329
10.6287603,-1.6505475,-0.317846388
10.5118971,-1.66514337,-0.369732201
10.2145767,-1.20157695,-0.426087648
10.3306627,-1.46213686,-0.489157826
10.416338,-0.846677005,0.0792875066
10.3643751,-1.2079972,-0.472503692
10.4340086,-1.33086228,-0.49815625
10.2731066,-1.31984711,-0.479501039
10.7279329,-1.54955065,0.273196697
9.49285316,-2.26652288,-0.35060063
9.40191936,-2.2668612,-0.244936168
10.5533962,-1.20038986,0.404725373
9.76059246,-2.25950933,-0.460994393
9.62227535,-2.25647831,-0.428279072
10.0341368,-2.26816773,-0.398810446
9.97715378,-2.14287686,-0.440944195
9.90249348,-2.26500511,-0.450641841
10.1486177,-1.03041077,-0.224829391
10.0527601,-2.02072549,-0.434238464
9.83808041,-2.1389215,-0.464014918
10.3002548,-1.59625137,-0.469115794
9.91278934,-2.01675057,-0.464819789
9.77209187,-2.01363778,-0.456839263
10.1218996,-2.27673697,-0.331462979
9.84484863,-1.89050817,-0.463182509
9.69630146,-2.13525629,-0.445922077
9.56723881,-2.13121104,-0.387445569
9.46026039,-2.13957596,-0.294489831
10.407774,-1.73658216,-0.373853117
9.63867188,-2.00751805,-0.409802049
9.70866203,-1.8906697,-0.423930824
10.1482534,-1.89246213,-0.428682387
9.78012943,-1.76615238,-0.431266189
9.98829269,-1.89437628,-0.466534883
9.589324,-1.88973546,-0.349839151
9.52184391,-2.01493979,-0.326896906
9.66274071,-1.76648748,-0.366246045
10.8693447,-1.60318637,0.0592720471
9.91976166,-1.76770449,-0.467900723
9.49591255,-1.89654016,-0.247659504
9.43538189,-2.02383256,-0.214623839
10.0748434,-1.198838,-0.353262544
9.73575974,-1.64404929,-0.372522593
9.86338425,-1.64852619,-0.439131886
10.1065598,-1.30082381,-0.427718639
9.5579052,-1.78275144,-0.270281881
9.62824059,-1.65830553,-0.2813842
10.1578026,-1.4038105,-0.472059786
10.2154465,-1.77601504,-0.439357519
9.70358562,-1.53582466,-0.2838144
10.3133345,-1.74544787,-0.414753199
10.2069731,-1.53012049,-0.48482424
10.3496418,-1.67191708,-0.433122933
10.0561543,-1.11212564,-0.245648652
10.0638828,-1.77169371,-0.470839441
9.81515026,-1.52341068,-0.374444366
9.78809738,-1.41791582,-0.284135818
9.99538326,-1.64478159,-0.471209615
9.93689632,-1.52650023,-0.437172621
9.89571095,-1.41514254,-0.373660892
10.1598434,-1.65237057,-0.476001233
9.87329865,-1.31182218,-0.279579192
10.0731564,-1.52938128,-0.4734025
10.2747049,-1.68686318,-0.449648619
10.0161943,-1.41080415,-0.432890803
9.9748764,-1.30131519,-0.358776927
9.96459866,-1.20353782,-0.261986285
16.3289967,2.59389353,-0.364126384
16.4702511,2.64703131,-0.234823182
16.452282,2.66517878,-0.370898694
16.7514172,1.92787385,-0.0624467358
16.8794918,1.94981885,-0.123745948
16.8345222,2.03738236,-0.0206878893
12.0921955,0.144102275,-0.131389245
12.1686096,0.165714175,-0.0146372728
12.2155685,0.215438679,-0.138166413
12.2936726,0.237174645,-0.0190751888
12.0446577,0.0932352394,-0.00552440342
10.790906,-1.59420037,0.179017842
13.9610453,1.22470272,-0.23404938
13.8376684,1.1533643,-0.227272019
13.9140072,1.17507219,-0.110917851
14.0388384,1.24632144,-0.115116507
13.7902203,1.10257173,-0.101475254
10.4760656,-0.790371776,-0.042611558
16.9052544,1.89296949,-0.253171265
16.7853642,1.80191422,-0.389139414
16.9087944,1.87328386,-0.39591974
16.7739143,2.14868999,0.0476157814
16.7046566,2.27089357,0.0731511414
16.6322613,2.14674902,0.0718127191
16.5608959,2.270401,0.0751261488
10.5540094,-0.76872611,0.0764823854
16.633007,2.39300323,0.054144375
13.3385763,0.864780664,-0.19985576
13.4150887,0.886447251,-0.0831024945
13.4621439,0.936229587,-0.206643611
13.5397797,0.95775032,-0.0876828432
13.290411,0.813334942,-0.0733472928
15.5849524,2.16367364,-0.323254287
15.6615868,2.18519902,-0.205898687
15.7085314,2.23512936,-0.330042779
15.7870693,2.25698566,-0.210607395
15.5438347,2.11653042,-0.197774038
12.6785116,-0.572738051,-0.163540691
12.8020935,-0.501280904,-0.170329317
12.7388353,-0.522994816,-0.0461371168
12.862915,-0.450521916,-0.0504183099
12.6132431,-0.594691277,-0.0360327028
15.0822906,1.87302601,-0.295641929
15.158823,1.89469481,-0.178862631
15.2058878,1.9444921,-0.302431405
15.2835817,1.96602857,-0.183423251
15.0344419,1.82183909,-0.169363424
14.4794979,0.483478427,-0.141782448
14.4191399,0.433722645,-0.25915733
14.5427866,0.505217552,-0.265949547
14.6039524,0.556257546,-0.145775884
14.3548946,0.412189782,-0.132294193
11.9683676,0.0725024343,-0.124587066
13.6735153,0.00258991634,-0.218198478
13.6102028,-0.0191653129,-0.0940401778
13.5498209,-0.0689324364,-0.211403653
13.4854937,-0.0904894248,-0.0844562501
13.7343884,0.0534120314,-0.0981766284
16.3038177,2.55310917,-0.231692925
16.4900475,2.3876977,0.0342240073
12.9596691,0.645690024,-0.17904152
12.8359652,0.574162602,-0.172246203
12.912611,0.595787823,-0.0551603734
13.0376358,0.667307138,-0.0598300472
12.7885752,0.523332536,-0.0462526083
11.222847,-0.35856992,-0.0836339593
11.2994108,-0.33683148,0.0329947509
11.3465643,-0.287034899,-0.0904299915
11.1746845,-0.410053074,0.0429846644
10.9336329,-1.58165705,-0.0676905066
11.4245739,-0.26540482,0.0288118366
13.083415,0.71724236,-0.185839191
16.1647682,1.44307446,-0.355048627
16.2885132,1.51462674,-0.361846298
16.2251568,1.49291015,-0.237459257
16.3494358,1.56549644,-0.241759092
13.1642847,0.740300477,-0.0661201105
16.1004677,1.42153764,-0.228088394
12.7120581,0.502516925,-0.165439665
12.8820505,0.515528738,0.0643725768
16.5658588,2.50325179,-0.00775656942
11.9192371,0.0205952115,0.0017035224
16.4122925,1.58619738,-0.368645698
10.9940434,-1.53185606,0.0497327559
11.057394,-1.51009583,-0.0744890198
11.1187944,-1.45885038,0.0459117331
12.6649151,0.452643454,-0.0417771488
16.4748249,1.63803828,-0.248512417
12.7550325,0.445369482,0.0668419152
16.7352715,1.7877351,-0.265945762
12.5882702,0.430940986,-0.158639744
12.5407896,0.380013287,-0.0325122625
16.2047215,2.52203536,-0.357299656
12.6303663,0.373407006,0.0735211819
15.8327122,2.30693269,-0.336864322
15.7731514,2.18105912,-0.0862856582
14.0850925,1.2964294,-0.240863621
12.0121679,0.012843526,0.111756146
11.804575,-1.07806325,-0.115533352
11.9283991,-1.00646603,-0.122335292
11.8649731,-1.0281173,0.00242608855
11.7400465,-1.09967768,0.0116273826
11.9902687,-0.954843044,-0.00159828598
13.1769838,-0.284512967,-0.190922886
13.3008366,-0.212899417,-0.197726384
13.2374153,-0.23461397,-0.0731976405
13.3616543,-0.162088826,-0.0776315108
13.1128988,-0.305945247,-0.0640408397
13.7975559,0.0743120536,-0.225012287
15.6666536,1.15505683,-0.327686131
15.790514,1.22667444,-0.334490001
15.7269049,1.20548689,-0.20774135
13.651926,0.0594068207,0.0208369773
12.3397341,0.287233055,-0.144987091
12.2591982,0.156701222,0.0967942476
11.8434792,0.000290083408,-0.117726684
11.555479,-1.22209466,-0.101849958
11.4920387,-1.24377811,0.0228303168
11.4316111,-1.29371727,-0.0950456113
11.6166668,-1.17099357,0.0184883904
11.3672733,-1.31524765,0.0320148543
12.4643316,0.359277695,-0.151831537
15.9096212,2.32845044,-0.219049305
15.8927765,2.25709486,-0.101982072
16.080822,2.45039392,-0.35049352
16.1684189,2.4735148,-0.2208305
11.7963057,-0.0496518351,0.0060831313
16.4006653,1.63951576,-0.144606397
16.5373669,1.65851808,-0.375516385
16.0331383,2.39926529,-0.224120438
16.6613121,1.73018539,-0.382324964
11.8860817,-0.0573067181,0.114899926
15.603138,1.13350427,-0.202392101
11.3076963,-1.36536729,-0.0882386565
11.7195749,-0.0713536516,-0.110920325
11.6718349,-0.122530177,0.0155003695
10.6002741,-0.718552649,-0.0494345762
11.7612219,-0.129075661,0.121165596
11.2449741,-1.38581467,0.039241273
15.542737,1.08340573,-0.320879072
15.6455183,1.21151114,-0.0896113217
11.4711885,-0.214975044,-0.097275883
12.4150591,0.307188988,-0.0252551995
13.857336,0.124542609,-0.104791649
13.7776585,0.131012708,0.0122864144
11.389535,-0.344985127,0.142960861
11.2640676,-0.416421235,0.148312077
14.1641893,1.318645,-0.121560678
15.9566565,2.37859964,-0.343672872
13.424983,-0.141115978,-0.204546019
15.477685,1.06159902,-0.193311825
13.5298443,-0.0111616617,0.027575342
15.8541107,1.27964842,-0.212654173
16.142252,2.39407516,-0.106037714
16.5978546,1.70841777,-0.257904649
16.5193424,1.70833147,-0.150808409
14.0455055,0.217680946,-0.238632739
13.9820461,0.195930406,-0.1141496
13.9215679,0.146018058,-0.231824562
14.1060476,0.268293947,-0.118653297
16.0131798,2.32664919,-0.108507402
14.6669979,0.577038705,-0.272772759
12.3847685,0.229326382,0.0898716152
13.4054747,-0.0841285884,0.032825049
12.0525389,-0.934686184,-0.129154578
16.7891026,1.86533797,-0.163964108
16.6981602,2.0278194,0.024049025
14.1312361,1.23880076,-0.00556954695
11.9188643,-0.928345025,0.136189058
13.9016571,0.203593925,0.00680195633
11.0984459,-0.430500805,-0.076800324
12.5111914,0.301573753,0.0840898305
16.6539364,1.80217052,-0.133996561
10.5221386,-0.844499409,0.187784627
15.5199347,1.13853252,-0.0832607895
11.5953274,-0.143195659,-0.104095131
15.4180231,1.01129413,-0.314028263
13.2795238,-0.155609891,0.041760087
11.5481005,-0.193284586,0.0200507771
11.6385937,-0.200949684,0.129244551
11.5134211,-0.272933751,0.135576844
11.8692656,-0.15853852,0.211974591
13.5864382,1.00809848,-0.213471353
13.5059681,0.879211068,0.0260941572
13.3803816,0.80649066,0.0331367329
16.4892616,2.1463263,0.0849834234
12.2372694,-0.812887013,-0.0181558728
12.1767588,-0.862860143,-0.135978267
12.3007841,-0.791146457,-0.142791271
15.7609148,1.28317177,-0.0886945203
12.1120481,-0.884510875,-0.00857086852
12.0630541,-0.855836272,0.113222852
12.3627176,-0.739432752,-0.0218736213
15.3544712,0.989489615,-0.189541444
14.9580603,1.80119395,-0.288817674
15.3957291,1.06608117,-0.0773957595
12.9265566,-0.429314494,-0.177166328
13.7127924,1.08115911,-0.220412329
11.7446957,-0.230785325,0.21899353
14.4575777,1.51180649,-0.261325061
14.3335142,1.44007087,-0.254509956
14.4103909,1.46173632,-0.137167931
14.5384741,1.53444314,-0.140387252
14.2862787,1.3892765,-0.128371909
10.680275,-0.696012855,0.0703780726
14.1696949,0.289489388,-0.245454744
13.8857365,1.09652328,0.00835996494
15.2938995,0.939523995,-0.307209879
15.2284403,0.91759336,-0.179240003
14.0243645,0.272772402,-0.00261372048
15.2713261,0.993365228,-0.0717549548
12.1897621,-0.792874753,0.0906181782
11.1417589,-0.488471031,0.156872138
14.7257795,0.627233148,-0.15065524
14.6444407,0.634690046,-0.0316138826
14.2093706,1.36828876,-0.247690454
14.0048084,1.16738915,-0.00094856153
16.6182671,1.91217959,-0.00891060941
16.418108,2.26764274,0.0662598535
14.2560482,1.31148863,-0.0131363375
12.13871,0.0887413248,0.101058729
12.7810726,-0.44630146,0.0654072911
14.381278,1.38352621,-0.0195056871
12.6415615,-0.506430805,0.101756521
15.3304777,2.01653218,-0.309275419
11.6211357,-0.304791838,0.227834433
11.4953699,-0.374821812,0.232586369
15.2493582,1.88803053,-0.0707329363
11.0512352,-0.480688691,0.0476538278
15.1253996,1.81609356,-0.0635587499
16.3906651,2.55507183,-0.143632814
11.3719397,-0.44871971,0.24139443
14.2314987,0.341084391,-0.124679379
13.8054323,0.236761689,0.109916933
11.6797543,-1.15023673,-0.108676672
11.7821465,-1.00410366,0.148007303
14.1486902,0.347651005,-0.00495359069
10.6477566,-0.774243116,0.18418999
11.6591911,-1.10123694,0.117232166
16.4286633,2.48756552,-0.0465786606
14.2947502,0.361798614,-0.252324343
14.4010553,0.49156189,-0.0218215268
14.5268679,0.563305438,-0.0302527826
11.5374908,-1.17336714,0.121043347
13.9321442,0.306463897,0.0999784619
11.2481852,-0.518018603,0.246383011
15.6459885,2.1012702,-0.0713592172
11.4880285,-0.501876175,0.307809711
13.0526638,-0.356397271,-0.184093684
14.8533115,0.699917436,-0.161286682
14.7927637,0.649758697,-0.279681355
14.9169588,0.721570373,-0.286503673
14.9776373,0.772341073,-0.16626063
11.6135893,-0.430675268,0.301534712
16.283041,2.46639228,-0.102385201
13.6655903,1.03016889,-0.0936718732
14.0583744,0.377918929,0.0917452946
14.908494,1.74891388,-0.162163064
13.1589603,-0.227193728,0.045570448
11.3613157,-0.570126653,0.312504053
16.2574062,1.57662737,-0.107039601
13.632762,0.949550033,0.0232065003
11.4223175,-1.24494827,0.118940711
16.5581036,2.02497745,0.059769541
16.1358051,2.26912045,0.00649462966
10.9742193,-0.50233072,-0.0699762776
10.92659,-0.553500295,0.0565969013
12.9882746,-0.377786398,-0.0564463697
11.2985659,-1.30937374,0.137660101
11.0166206,-0.560348749,0.163084209
16.0403194,1.37111664,-0.348212421
16.1456661,1.49083066,-0.132634729
10.5013409,-0.948963761,0.286687374
11.1247883,-0.592369556,0.255561858
11.2368279,-0.64136833,0.319003731
11.3575134,-0.704312325,0.355211675
16.509758,2.59085345,-0.106958792
11.4828672,-0.635805428,0.349100709
11.2348442,-0.77769655,0.362432033
11.6089926,-0.568932235,0.343300343
10.9161501,-1.52511632,0.167111158
11.0402184,-1.453192,0.160580054
15.9148884,1.29858994,-0.341322184
11.4776592,-0.778447211,0.35978055
14.2750854,0.420589268,-0.0121127581
11.6029348,-0.709667742,0.35273841
11.3521757,-0.846913636,0.366826862
11.111289,-0.71265322,0.325299174
11.7314262,-0.644748867,0.345167339
11.1823969,-1.43781722,-0.0813557059
11.5966358,-0.849497795,0.33070913
16.5331459,1.80336475,-0.0489589162
10.7255459,-0.646118224,-0.0563160554
11.4718399,-0.920377612,0.337932229
11.7250328,-0.781957746,0.321677029
11.2301302,-0.919135809,0.373472452
12.9065561,-0.374451727,0.0574327409
11.1079893,-0.844359815,0.368063301
13.0045776,0.587334931,0.0563374683
10.8921175,-0.630073547,0.166761175
15.0020227,1.74253738,-0.0537221581
11.3507586,-0.985898733,0.34584865
10.9983845,-0.659165502,0.257429928
11.5865583,-0.982119083,0.276800901
10.8499269,-0.574198961,-0.0631485879
11.4601259,-1.05032766,0.286609322
16.3511963,2.37795615,0.00476472592
15.4107904,2.03893638,-0.188597575
11.3344498,-1.11962569,0.295442313
11.1662359,-1.38263202,0.150096372
11.2286644,-1.06059587,0.351402014
11.1107416,-0.980952263,0.380253375
10.8015594,-0.623288274,0.056212768
10.7665052,-0.69814539,0.167122751
12.7357216,0.343509644,0.163529471
11.2195587,-1.18267596,0.30365634
10.9856129,-0.78085345,0.33011502
15.3748379,1.95740724,-0.073248975
11.442049,-1.16304111,0.209485084
12.8615141,0.413738459,0.158641174
11.1052666,-1.11337018,0.363147497
11.3245382,-1.22710729,0.219780609
10.9841957,-0.917590082,0.375200927
11.2018547,-1.29044282,0.233789384
15.9062576,2.13893414,0.0173974577
16.4433136,1.71275806,-0.0821112543
16.00033,2.23649645,-0.0201911349
10.8708286,-0.72758764,0.260008454
10.7433777,-1.30512226,0.387107819
11.720973,-0.923728585,0.257386684
15.041256,0.793441117,-0.293331593
10.7463684,-0.799926996,0.267160058
16.2301731,2.35985589,-0.0250510108
10.8680849,-0.841140389,0.332877487
15.538023,1.22990084,0.00739209587
10.8249712,-1.49077415,0.270140976
10.6273947,-0.876895487,0.280424029
13.0353432,-0.302615792,0.0462726466
13.3072891,-0.0505833216,0.137850821
10.7473326,-0.919275761,0.343508333
10.6682768,-1.44598901,-0.455698311
10.6217098,-0.990722895,0.349846989
10.3874922,-0.987454057,-0.362820238
15.4233828,1.16929483,0.0185425263
12.3671837,0.125043631,0.188075796
15.2949171,1.09625375,0.0266388897
11.9934864,-0.0869607329,0.205351606
15.8847961,1.35682356,-0.0926164314
12.6119862,0.269704491,0.172149792
15.1027985,0.84481442,-0.172783449
11.5666113,-1.09284008,0.200807258
16.4821453,1.90507865,0.0368738733
16.4166641,2.02258039,0.0837218985
12.114502,-0.0159376431,0.197855279
16.3464508,2.14541721,0.0870439336
16.3425293,1.89981532,0.0714690983
16.2738495,2.02213049,0.0968150869
10.6270218,-1.10206914,0.389918834
10.4407988,-1.08793342,-0.449446678
15.9811354,1.35240757,-0.221980989
10.7129345,-1.19060302,0.402271599
16.0189495,1.43940222,-0.0930497125
16.2759972,2.26220846,0.0467366204
16.2031765,2.14255953,0.0782922059
11.6752491,-1.02529788,0.199556172
16.2004547,1.89809918,0.0956696868
14.8960009,0.777270377,-0.0497312173
16.1301937,2.02052355,0.0989025831
14.770648,0.705046892,-0.0424557365
13.183177,-0.125641733,0.141928688
16.0605907,2.13654494,0.0590530708
16.0571575,1.89693463,0.108718023
10.4030495,-0.847479224,-0.159404859
15.9864655,2.0170567,0.0902516842
16.3333569,1.685534,-0.040023692
13.2120914,0.79164505,-0.192907661
11.859025,-0.282828391,0.285385638
12.4886665,0.197482735,0.179657668
11.7341833,-0.354626566,0.292066485
16.4557648,2.64564705,-0.51309973
12.2406769,0.0544643477,0.19298178
14.833313,1.72906303,-0.281965047
16.3998413,1.79019868,0.00581910554
10.69419,-1.55262077,-0.380527079
10.8558502,-1.60319281,-0.18684046
10.842577,-1.36860466,0.340834409
12.1553402,0.165783763,-0.255456954
15.7768879,2.09877539,-0.000961231359
12.5526705,-0.645501792,-0.156627923
14.5052509,1.45679963,-0.0285029206
15.1467934,0.92339927,-0.0618257448
10.5789022,-1.33005869,-0.500072896
13.7606459,1.02248919,0.0175386202
13.6831093,0.161462128,0.112808108
13.9008131,1.17505121,-0.351321161
16.8909073,1.89132738,-0.531616092
11.9855947,-0.782188356,0.235128418
15.3521099,1.85342395,0.0221631154
11.7359705,-0.500685871,0.337239027
13.2602282,0.752238631,0.0173138734
15.2108316,1.78094041,0.022388326
15.4829102,1.93727076,0.0082696965
15.0196304,0.850919247,-0.0532779284
13.5563822,0.0929192156,0.123732634
15.0886526,1.71238792,0.0273368508
11.0947208,-1.2422806,0.317307204
15.4583149,2.09044981,-0.316297799
14.8769846,1.67124546,-0.048236426
10.98909,-1.04248226,0.387091458
16.2664013,1.78075051,0.0489092022
10.5069113,-1.20597303,-0.496857941
13.1582384,0.661450744,0.0669784322
13.4018669,0.88637799,-0.324524611
16.1268845,1.77587688,0.0835236609
15.9135008,1.89499748,0.110837996
14.7862177,1.67855573,-0.156417891
14.3651876,1.27834189,0.0798791349
10.8645601,-0.98213762,0.38081485
15.6481981,2.18542027,-0.447304219
13.9926491,1.07139564,0.0935808122
13.4333572,0.01767735,0.127057463
13.0628881,-0.207510322,0.137839884
12.0313244,0.0933464095,-0.251187831
12.7256432,-0.523037016,-0.286724627
12.9889793,0.482165307,0.155813247
11.8546085,-0.715428352,0.311953634
10.7423811,-1.04490292,0.385808438
15.1455784,1.89468277,-0.420096457
15.9856443,1.77278125,0.107321918
14.4662228,0.483543396,-0.382764906
15.8442841,2.01258206,0.0704526007
15.5162029,2.05473757,-0.103585809
14.7088938,1.65712166,-0.275130391
13.5969172,-0.0190859232,-0.335062891
14.6578426,1.60302043,-0.145716548
14.750679,1.59707057,-0.039730072
12.5114908,-0.597809017,0.0867436528
10.3512831,-0.922220528,-0.258594871
14.0254517,1.24634886,-0.360853672
12.899312,0.595833421,-0.296773672
13.8223972,0.359111905,0.179352194
13.951025,0.422403872,0.167032942
15.8420515,1.77007234,0.120540068
12.1472244,-0.736163318,0.188856736
15.7729874,2.25675845,-0.457005531
14.1868553,0.452275664,0.0847444981
11.2861805,-0.33683899,-0.20792298
11.0753736,-1.34979439,0.253128648
13.0240793,0.667278886,-0.306049019
16.1851406,1.66546786,0.0172448829
16.0516033,1.65571356,0.060339611
15.9113207,1.64936042,0.0948421508
12.7750778,0.523327529,-0.292282552
12.2798729,0.237044364,-0.264899671
15.6096134,1.89563179,0.0747715607
15.5817518,2.00272155,-0.00422459049
10.9750786,-1.16766238,0.375125349
14.9675455,1.63447797,0.0405325033
15.7699671,1.89347696,0.101694807
16.1039715,1.55533195,-0.0252751559
16.211935,1.49288094,-0.478479028
15.9702129,1.54015124,0.0283958632
12.4258575,-0.71882689,-0.149661824
14.2381144,1.20854712,0.0839526057
16.335743,1.56533313,-0.487744153
15.1779785,1.02805436,0.0325745195
15.7038717,2.00382137,0.0402249359
10.9808264,-1.53187001,-0.191021651
15.651063,1.29997563,0.00521963323
11.9845829,-0.21119532,0.278928429
12.2944307,-0.745822072,0.0618395507
14.5553255,0.685185015,0.0805076286
16.2693939,2.54369283,-0.484602869
14.6349258,1.52706492,-0.0292171538
10.5404377,-0.768765569,-0.169480443
12.6516581,0.452637672,-0.283162832
13.7220755,0.0544011295,-0.345114857
15.16642,0.865812719,-0.300207108
14.8577089,1.56375277,0.0523327366
11.8518019,-1.02825987,-0.238859341
11.8524361,-0.560129941,0.339256972
14.6798668,0.743465483,0.0627822429
14.5831165,1.58439541,-0.2682212
12.357338,-0.00502976449,0.262606889
14.9171572,0.894510448,0.0607137084
15.696784,1.77156746,0.122479521
13.2241383,-0.234594524,-0.314696342
13.4718943,-0.0905361325,-0.330589056
11.4111052,-0.265396267,-0.217533916
12.5275249,0.380200237,-0.278643787
16.4610291,1.63790727,-0.494998515
14.5902901,0.556127787,-0.391991109
11.9058867,0.0206533726,-0.244854763
10.9511757,-1.42051184,0.260895848
12.2391663,-0.0641926378,0.265035272
13.5264921,0.95781821,-0.333525956
15.7138643,1.20491183,-0.45118618
13.7756691,1.10172963,-0.347784936
16.6952324,1.77035034,-0.499179184
11.4788055,-1.24383426,-0.218652561
10.9691334,-1.29930353,0.33203426
15.5887995,1.13351393,-0.446929961
15.0211191,1.8219918,-0.415783703
12.8495531,-0.450425029,-0.296287894
11.3540668,-1.31514227,-0.214132354
16.1442909,2.47205162,-0.475323021
10.8507967,-1.23510122,0.382866204
11.1615553,-0.40972209,-0.203934804
12.4846191,0.0743940696,0.253053665
14.4890976,1.35428131,0.0696773306
15.5522041,1.76920271,0.113192096
11.7830524,-0.0497132167,-0.235827863
14.4161091,0.609265327,0.0916097984
10.8516293,-1.11231911,0.394666225
15.7680254,1.40248311,0.025679864
14.1143913,1.13436794,0.0928395092
16.0199604,2.39954066,-0.470648289
13.2009239,0.006438212,0.216507345
11.9756861,-0.955690801,-0.248337239
15.2701178,1.96602809,-0.429253131
15.7689562,1.64548874,0.118953496
13.3481445,-0.162099138,-0.323765367
12.1089754,-0.137686506,0.271373719
13.962389,0.190070555,-0.348747224
12.8135509,-0.358863235,0.144945964
12.7110081,-0.412498474,0.1557924
13.7037086,0.281489521,0.181632221
12.7304163,0.219346017,0.238281146
12.6048841,0.147662148,0.244768173
10.7647009,-1.59424543,-0.297303289
15.8962154,2.32856917,-0.461838514
11.6580486,-0.122725233,-0.231496289
13.8430061,0.124227017,-0.351480931
12.6075354,0.0125817517,0.287683785
12.9407959,-0.283178747,0.139920011
12.7314863,0.0870268792,0.280346006
12.8503408,0.290638506,0.230806693
12.4833126,-0.0667627007,0.295873642
15.4631004,1.06093371,-0.440309286
14.34126,0.412127018,-0.378290594
11.8365412,-0.861771762,0.247817069
15.3163471,1.22353005,0.0975576863
12.8518534,0.155828431,0.273887217
16.5846252,1.7083925,-0.498996258
13.0813131,-0.0860279948,0.212059572
12.7279463,-0.0567512773,0.291047394
12.9777241,0.359535307,0.225957707
12.8527994,0.0150992414,0.284174234
12.9766521,0.229239807,0.266790688
12.9727001,0.104883403,0.278131336
14.0713263,0.50080651,0.164640874
12.4908934,-0.66496408,-0.0277118869
15.1891251,1.65407479,0.0971115753
11.7266932,-1.09962332,-0.234771386
14.0928249,0.268512845,-0.364743918
15.4803181,1.86095119,0.0606757402
11.8554192,-0.417359859,0.328047395
15.28508,1.74422526,0.0736102313
12.4021921,0.307604015,-0.272192001
12.2240152,-0.81291002,-0.259679645
11.9807949,-0.348543525,0.321872264
15.0509243,0.957671106,0.0421139374
12.6051321,-0.13034375,0.297677785
13.3287487,0.0723060444,0.205836952
12.1066484,-0.278921366,0.315549731
11.602787,-1.17129111,-0.227899894
13.609643,0.845311403,0.118350692
13.4686193,0.759191036,0.129707605
15.8359842,1.52906466,0.0713076964
11.9765215,-0.488912761,0.33242017
14.3970575,1.46179843,-0.379247904
12.8492966,-0.125709161,0.261746973
12.1031113,-0.42256549,0.325160056
15.1762037,1.16342223,0.114329293
12.968214,-0.0382385291,0.260294169
13.0993471,-0.305975825,-0.31004867
11.966876,-0.632522941,0.311198771
12.0989027,-0.884369493,-0.255318314
12.093811,-0.561933041,0.30342406
16.0869732,1.4215312,-0.47419548
12.2889118,-0.684940815,0.150955364
15.8950319,1.44414926,-0.0055778902
12.2219286,-0.497113138,0.293629766
14.1511621,1.31887114,-0.368326664
12.2303581,-0.355126947,0.31782949
12.7248735,-0.199762806,0.267966092
12.4852543,-0.210968778,0.303623229
12.2033577,-0.62873137,0.240974605
12.080966,-0.681049466,0.258297026
14.272213,1.38884211,-0.375054687
13.8734274,0.995436311,0.105762728
12.4721508,-0.498598099,0.209955409
12.6035061,-0.410295814,0.210941523
12.3319101,-0.563858867,0.228078455
15.8375177,1.27722108,-0.46029225
15.3412313,0.989469051,-0.430775076
11.1051788,-1.45891893,-0.200840816
14.7979355,0.794932425,0.0418167189
12.6004848,-0.272742569,0.274487704
11.5348425,-0.193438604,-0.222913146
14.3015413,0.52114141,0.0805996954
15.4375534,1.27684879,0.0828559324
12.3501463,-0.429744452,0.284462422
13.0863428,0.0557963438,0.259708613
15.0757437,1.08257735,0.109930068
15.6257391,1.6427449,0.132419065
12.9631195,-0.170054212,0.210340381
12.3507309,-0.140552461,0.302646369
13.2761517,0.81277746,-0.320764035
14.6142712,1.42713797,0.0624179244
12.481226,-0.351347804,0.278090149
13.454545,0.141451478,0.197245225
12.7213993,-0.32537955,0.214789614
12.3586864,-0.281247377,0.310760468
12.6005335,-0.594383836,-0.282689065
13.3390684,0.208436504,0.247126833
11.2278748,-1.38779771,-0.208076566
13.5756254,0.215655535,0.192553669
13.210866,0.140823886,0.255395114
13.4655123,0.28022033,0.239921734
12.3973904,-0.675723255,0.0745225623
15.5231056,2.11211681,-0.443811893
12.8413315,-0.254029393,0.209378436
13.5892305,0.352516413,0.2332744
12.2318325,-0.207485765,0.308847666
13.4647522,0.42475149,0.250418961
14.8401012,0.699761689,-0.40340355
13.7176886,0.419428051,0.224732891
15.4111261,1.75833142,0.0958846062
13.0930395,0.197601169,0.271306038
14.7143717,0.628084064,-0.399398953
14.7501278,1.49181187,0.0657055229
15.0676422,1.61154735,0.0894574597
13.5895071,0.48549068,0.244010091
13.7549219,0.903140664,0.129964441
13.8378782,0.494003147,0.219165221
11.0379,-0.48071745,-0.195399329
15.4819841,1.64056301,0.135203749
13.7130051,0.561955452,0.237055317
14.1078787,1.02379024,0.158933729
13.1508865,0.740352571,-0.313863575
15.5457306,1.31464314,0.0636716634
13.8370142,0.640426278,0.229948997
13.966527,0.559791803,0.210319206
10.6664495,-0.696140528,-0.177214503
15.6959858,1.52159882,0.105747908
14.9851799,1.521451,0.115159824
16.7686043,1.84399712,-0.574914753
12.4073496,-0.607161283,0.154166952
14.0858631,0.635357201,0.205133945
13.1097965,0.53944248,0.158705622
13.9596691,0.703338623,0.223551318
14.204484,0.5649032,0.151109546
13.0991268,0.410773486,0.227348
13.8390598,0.78586638,0.205188468
13.9837761,0.955277324,0.164210647
10.9129448,-0.553572178,-0.190616548
13.0810127,0.295499623,0.259880751
14.9605846,1.0411346,0.127143577
14.9645424,0.772692382,-0.413017064
14.4828434,1.22718453,0.144446224
13.2017908,0.292250425,0.26360482
14.6006441,0.845961213,0.151954487
14.4600792,0.777725041,0.164378911
14.2186375,0.341519415,-0.372384369
14.8016796,0.883636534,0.104096591
14.0837679,0.763242483,0.217044353
15.3336067,1.37224281,0.139505506
15.6175861,1.40202498,0.0829659104
15.5537577,1.51758194,0.130286425
15.4774075,1.39542592,0.117815919
14.6101198,1.29688609,0.139150888
13.3127956,0.705745518,0.106873475
10.7879314,-0.625673354,-0.183119789
15.4098501,1.51555943,0.144265696
14.835618,0.997578144,0.144681603
15.0087004,1.19326997,0.158841342
14.3565035,1.15888476,0.149269402
15.338439,1.63765323,0.127140805
15.2649679,1.51712763,0.146854848
15.172327,1.39221573,0.157254532
14.7156897,0.837455034,0.110826649
13.3355322,0.350897551,0.257474959
13.653656,1.03088951,-0.342069477
14.2098446,0.688389957,0.194221675
13.9732571,0.836854935,0.205101728
14.3467875,0.72639662,0.175308496
15.2254629,1.28272688,0.140065625
14.3024588,0.624297917,0.147085637
12.3478203,-0.740530372,-0.268741429
14.89571,1.74941599,-0.409107774
13.4681215,0.556789756,0.229722857
15.9630947,1.35029542,-0.468494684
14.2319403,1.08687186,0.156106472
12.9726639,-0.378762305,-0.304393083
13.594574,0.613135576,0.227069721
14.8647175,1.43437397,0.129257798
14.7367926,1.36646223,0.133760512
14.3504295,1.02168107,0.191691145
14.4757729,1.09167695,0.185272902
14.6036825,1.15754139,0.179697514
14.4727707,0.950295627,0.195118517
14.5222616,1.53343976,-0.388737768
14.5987415,1.01825786,0.187954888
14.3485289,0.878310263,0.201936617
14.2190332,0.814071953,0.209447846
14.09688,0.888607502,0.202881441
14.7258663,1.08340251,0.18046172
14.7296925,1.22746706,0.173273876
14.2264414,0.95002532,0.198495165
15.2149458,0.917625129,-0.427179784
14.7151585,0.944002807,0.156513527
13.7264595,0.687691331,0.220232338
14.853879,1.14997578,0.172877416
13.3399267,0.501023471,0.231469497
15.1206198,1.27912867,0.155677199
15.1157608,1.51852465,0.136685237
14.8580914,1.29463577,0.1673612
16.5641403,2.74145484,-0.377043962
13.8833284,0.898675859,0.169018015
13.215621,0.444745958,0.233293831
16.9656143,2.05442309,-0.0765232891
13.7114887,0.792006969,0.18191734
15.0144892,1.36977756,0.16094555
14.7726221,1.67893076,-0.399967998
16.8474159,2.2712698,0.0591495372
16.9124203,2.15433002,0.0109159956
16.7763081,2.39499474,0.0642118007
13.2468786,0.586198807,0.173286706
16.9997826,1.98182976,-0.193004519
16.9964409,1.93618596,-0.303994119
13.3807058,0.633740723,0.183437571
13.5008383,0.65980643,0.19819878
13.598381,0.722486198,0.19002609
16.7057858,2.51380897,0.0251190532
15.0900135,0.845197916,-0.419785231
15.3969288,2.03886676,-0.437874943
16.852087,1.94645691,-0.658035994
16.7176113,1.9235543,-0.705755353
16.796545,2.03308034,-0.757316947
16.6559925,2.02315593,-0.787779093
16.7296581,2.14280176,-0.820026577
14.6477165,1.60591745,-0.395842522
16.6197166,2.69033504,-0.142198771
16.4479332,2.38325834,-0.780418515
16.5275688,2.4991715,-0.747770905
16.5880051,2.3882587,-0.815036178
12.7301435,0.443441123,-0.404631108
15.7304258,2.17807364,-0.569714189
11.9940529,0.0200100783,-0.360899866
15.8539972,2.25186229,-0.572986245
16.5207939,2.25243545,-0.829439402
16.6140327,1.79792202,-0.631693363
11.8674288,-0.0510894507,-0.350692213
16.3602695,1.63509047,-0.59618026
12.2340879,0.163322017,-0.367063552
11.7350512,-0.12988919,-0.346885145
13.7512646,0.12270432,-0.447349608
16.1030235,2.39526224,-0.58756125
12.1138735,0.0877059624,-0.369876981
16.4820347,1.70484054,-0.601931155
15.9787693,2.3238883,-0.580021739
16.6576672,2.26540637,-0.840020776
16.5858765,2.14086747,-0.829703212
11.3678894,-0.344649315,-0.330412447
13.50772,-0.0202292651,-0.430845857
15.7438736,1.28142214,-0.56618011
15.6197405,1.20969546,-0.559429586
16.2269573,2.46790004,-0.592886567
14.4957714,0.562423289,-0.501306951
12.3587141,0.229862347,-0.382446647
13.3795414,-0.0842132866,-0.438326657
15.4946156,1.13924932,-0.555186629
11.8801107,-0.94971168,-0.358010828
14.1039,1.23771858,-0.48017168
15.9487381,2.21973658,-0.675583124
16.0732994,2.29278517,-0.681558073
11.2419691,-0.417486817,-0.323536843
16.6492138,2.60818553,-0.0459474958
13.25315,-0.155754045,-0.433492988
11.6134434,-0.201839387,-0.342668951
15.866643,1.35556269,-0.577262998
16.1999702,2.36328411,-0.690827727
11.4922991,-0.271125227,-0.334870368
12.0062408,-0.877386391,-0.364112824
15.2237434,1.8879739,-0.537548959
15.0996704,1.81600916,-0.531074464
12.4867887,0.301870316,-0.392538488
16.2416077,1.56980228,-0.594329774
16.1171188,1.49746335,-0.586995721
16.35145,2.5383954,-0.601979911
15.3696136,1.06571209,-0.54658401
11.7584343,-1.02024078,-0.351090044
11.6341333,-1.09322643,-0.342738688
16.4303036,2.49819636,-0.702027559
15.638381,1.31187308,-0.656786263
11.7129536,-0.232798651,-0.445687979
15.7629442,1.38572955,-0.665105224
13.9786959,1.16824007,-0.468889505
11.5086441,-1.16471016,-0.337318987
15.5125341,1.24085653,-0.651284337
13.8543673,1.09619856,-0.462293446
12.1325731,-0.803046763,-0.372812033
11.3880901,-1.23678887,-0.327431798
14.6213312,0.634074807,-0.506903827
14.2301273,1.31087756,-0.48684907
12.6107321,0.372919112,-0.400257766
11.1402617,-1.38260281,-0.310290724
14.3560801,1.38357878,-0.493956894
12.7532082,-0.445287019,-0.405405998
15.2456188,0.99301666,-0.538382828
14.3747873,0.49191016,-0.493897498
11.2625704,-1.30654228,-0.324416578
11.1163292,-0.487913251,-0.313304603
11.5763044,-0.303555071,-0.431183428
11.4596481,-0.376242667,-0.429249436
12.2529097,-0.734642267,-0.377821892
13.1331015,-0.227330297,-0.423931509
13.479847,0.877809405,-0.444500983
15.3870401,1.17019439,-0.645908833
14.9762268,1.74299347,-0.52677387
13.3632183,0.812311351,-0.435155123
10.6211576,-0.776238441,-0.289118797
15.9924736,1.42690253,-0.582236946
16.320034,2.43599629,-0.694648862
16.185915,2.23835039,-0.763081431
16.3090076,2.31505489,-0.767293096
15.3487749,1.95736992,-0.548789561
14.7490215,0.718167365,-0.527499855
14.2500095,0.419554263,-0.486759096
13.2410469,0.73990804,-0.431117654
10.99191,-0.559823632,-0.306422472
13.1120434,0.667931914,-0.420045763
13.7267227,1.0259459,-0.449759215
12.8790417,-0.372298419,-0.412630856
15.8856993,1.45968676,-0.674220681
10.4853373,-0.861735463,-0.291709393
13.0069818,-0.297595263,-0.420646727
15.6440649,1.43436944,-0.730533242
14.1200981,0.335734755,-0.467265099
12.4733582,-0.667377174,-0.277222931
13.6292658,0.0493929125,-0.436537743
11.5343561,-1.07017267,-0.423864305
11.4013338,-1.13521814,-0.426320523
13.6045818,0.950654805,-0.45026502
12.8569946,0.518736005,-0.408670276
13.270092,-0.0507949851,-0.53204
17.032938,1.95189703,-0.402739584
12.984045,0.591674268,-0.416443408
11.2767878,-1.2099278,-0.417312801
11.1526146,-1.28027332,-0.41166383
11.2876291,-1.08538914,-0.490862191
11.142416,-1.1306622,-0.498934358
11.035327,-1.22777176,-0.478591263
10.8707933,-0.630754173,-0.30112642
10.7460413,-0.702919006,-0.29431951
16.5555382,1.89878404,-0.747234702
14.1966963,1.20170319,-0.583479166
10.8905716,-1.52516496,-0.299124271
11.0145159,-1.45330215,-0.306205988
10.7830191,-1.49447334,-0.390964091
13.1464281,-0.125953808,-0.522358835
14.3221779,1.27383888,-0.590716124
14.8566666,1.67394638,-0.520078719
11.0867605,-0.589633167,-0.4068847
15.7683229,1.50705576,-0.737740099
11.212574,-0.519518793,-0.416024864
13.9932241,0.260030538,-0.456816554
13.8710699,0.190749779,-0.452120036
15.3154707,1.85394752,-0.640477717
15.188735,1.78255713,-0.63190943
15.4539938,1.91455996,-0.663720191
12.6351728,-0.515853465,-0.39572987
15.0740938,1.71271312,-0.628620803
15.2962875,1.75010252,-0.701467156
15.1894588,1.64136827,-0.717283607
15.0540514,1.59378421,-0.696287751
10.9626951,-0.664130628,-0.402405739
13.0220909,-0.200327918,-0.51353848
14.0701923,1.13487649,-0.571249545
15.8282166,2.15061164,-0.668487072
16.4121685,2.2438004,-0.815444827
16.5314789,2.0227437,-0.807528853
15.9087648,1.58147764,-0.742323637
10.5208225,-0.972094297,-0.416578084
10.837389,-0.735645831,-0.394731641
16.0582695,2.16966796,-0.753709018
16.378067,1.72266471,-0.683127642
16.4890766,1.78590345,-0.6883865
16.4374676,2.10917163,-0.826996505
13.9452734,1.06474185,-0.562595487
14.0512276,1.01294899,-0.64167136
14.1782742,1.081442,-0.650986314
13.9261255,0.940927148,-0.634649217
13.8215828,0.993064046,-0.555936635
14.3050632,1.1482178,-0.660931349
13.8010263,0.869393229,-0.62739414
14.1655054,0.944051921,-0.692165136
14.2919121,1.0124383,-0.700004458
16.2606411,1.65182912,-0.674064815
15.2629089,1.09493506,-0.636295259
14.4202013,1.07684827,-0.708785355
14.4323263,1.21562231,-0.670645714
16.1390457,1.58860791,-0.673619807
14.4098043,0.935471654,-0.715540051
15.1209116,0.923175752,-0.534669399
14.2811069,0.867174447,-0.708794117
13.7047253,0.926086783,-0.549007893
14.5388451,0.997704923,-0.721785128
14.5484295,1.14114797,-0.717405915
13.9156342,0.798353672,-0.678674877
14.5308981,0.840549111,-0.689384162
14.667676,1.06155908,-0.727935255
13.7660799,0.208983555,-0.536631942
14.6771536,1.20554638,-0.725910246
13.6456251,0.133431584,-0.524630666
13.6742735,0.803525507,-0.61680299
11.032918,-1.34954989,-0.405035555
16.0131531,1.5295887,-0.678193629
13.7864618,0.734410048,-0.669407129
10.5806942,-1.08262873,-0.48430559
13.5837364,0.848358691,-0.548918724
12.3863535,-0.662400782,-0.378302991
16.633585,2.7741878,-0.260151237
14.1335964,0.428276241,-0.562809944
13.6590796,0.66678226,-0.661099494
13.556819,0.727846146,-0.614143372
13.4550257,0.786313951,-0.531267285
15.5228748,1.3654443,-0.724398136
14.261693,0.512417316,-0.578359425
16.3025417,2.16981912,-0.811396718
13.5382357,0.594074965,-0.655085504
14.9953022,0.851469576,-0.52903229
14.039422,0.870351076,-0.685393631
13.7841911,0.599227726,-0.682116926
13.4268227,0.666845322,-0.599966109
13.6604433,0.526470184,-0.675298631
13.5314064,0.0737718344,-0.52417171
13.5383101,0.451079071,-0.668484807
13.4192896,0.531511128,-0.647163391
11.8394938,-0.140182763,-0.435622543
13.6638699,0.385980576,-0.655976951
15.3979979,1.29242468,-0.717168868
13.7870464,0.459553033,-0.663349628
11.9629955,-0.0673564672,-0.441093296
15.7052879,2.07332397,-0.666900873
13.3340292,0.715140045,-0.525688827
13.5423136,0.308281153,-0.64732039
13.7857199,0.326773494,-0.612081647
13.3126059,0.595285416,-0.596495092
13.6625013,0.25132364,-0.603038371
13.9109354,0.399163604,-0.618953884
15.9333563,2.09929132,-0.745978832
13.9093409,0.66604656,-0.688877344
14.1639786,0.797087312,-0.702242315
14.0139856,0.347046196,-0.545440912
13.4148426,0.386956125,-0.661847174
13.2110643,0.643452346,-0.519449592
13.3005514,0.459808111,-0.641330421
13.9108782,0.532244742,-0.670429885
15.6059856,2.10889006,-0.558703482
13.1880827,0.519482434,-0.591539502
13.0837889,0.567615211,-0.514410734
14.6569767,0.908739567,-0.694641948
14.0363951,0.727380455,-0.695430696
14.7899427,1.10854208,-0.73190856
13.8880243,0.279934317,-0.543725312
13.1794243,0.388449103,-0.634970367
13.2899637,0.317160636,-0.655016124
15.807765,1.6789546,-0.785088539
14.5030842,0.67993778,-0.613120437
12.0870609,0.00215550861,-0.449967921
12.5090008,-0.585395932,-0.39348194
14.0185528,0.459319383,-0.623750567
10.6700573,-1.20634449,-0.5109514
13.5341778,0.185127392,-0.600281537
14.0258398,0.588166773,-0.673964322
16.4816017,2.58861065,-0.643125772
13.4139624,0.245280251,-0.643224597
14.1606798,0.658199787,-0.679144979
14.1439781,0.536807477,-0.633295655
10.7071762,-1.33040607,-0.491754025
16.1756039,2.10288191,-0.803243697
12.3185911,0.130690455,-0.467523247
14.2810392,0.730746925,-0.686599076
11.3390493,-0.449810416,-0.425821543
12.8959408,-0.268398106,-0.510495126
12.4558573,0.18074055,-0.499212503
14.7813892,0.970571041,-0.697745621
15.1374779,1.02294517,-0.629838824
12.2069483,0.0706748366,-0.457289368
12.771266,-0.340176284,-0.503891289
14.3862886,0.582704306,-0.583750725
15.1428032,1.46790707,-0.752372563
13.28755,0.179762349,-0.638147175
15.4005337,1.8208046,-0.701607168
15.3014421,1.64240789,-0.744893193
16.0402088,1.63814294,-0.740020216
13.408164,0.00875559542,-0.522905588
15.4749651,2.0278635,-0.559358835
15.6462393,1.56927514,-0.773281753
14.9675093,1.65975678,-0.615322411
14.4755316,1.45467937,-0.497462183
14.7686996,0.83862406,-0.631332338
15.9500046,1.69359708,-0.777660549
11.5566587,-0.423722148,-0.501866102
11.6556053,-0.355718791,-0.501849413
10.9094543,-1.42361641,-0.396087229
13.1603489,0.252359062,-0.647912979
12.2730074,-0.633396983,-0.472441107
15.8089352,2.02654314,-0.739523411
15.2714586,1.22408581,-0.71238786
10.9568081,-1.09310222,-0.523161113
11.1987696,-0.947494864,-0.537057459
16.0491028,2.03478312,-0.795320928
15.9248953,1.96186709,-0.788713694
12.7202015,0.333363503,-0.513905108
12.0370655,-0.773988605,-0.45608288
14.562995,1.27859676,-0.68308872
11.7714968,-0.930890024,-0.438714802
16.1692734,1.95992422,-0.812561512
16.2951584,2.02815199,-0.819248497
14.6432457,0.769558549,-0.626855671
14.8735085,0.786084831,-0.529079914
11.9071169,-0.852070928,-0.446500689
12.6473837,-0.415368438,-0.49425903
16.2899017,1.88929236,-0.796090782
16.0429611,1.89135814,-0.805813253
16.1652813,1.81820679,-0.789524317
16.4171734,1.95526433,-0.800832212
16.1574078,1.6996609,-0.743184328
10.7130547,-0.807052851,-0.387491554
11.6545515,-1.00989437,-0.422466516
13.0557699,0.331540704,-0.624753833
12.1476755,-0.696564674,-0.472893476
14.8923473,0.893662512,-0.626120329
16.4030209,1.8298862,-0.750224173
16.2765198,1.76308322,-0.74679023
14.9026089,1.01795757,-0.695242107
13.1498699,-0.00948247872,-0.592759192
13.0252037,-0.0813007206,-0.586033106
11.4379396,-1.02993262,-0.483551532
15.9270296,1.81539619,-0.799031854
10.9463415,-0.787681937,-0.473618239
16.0505714,1.75774407,-0.784870028
11.0729866,-0.716477752,-0.481507272
12.9031439,-0.143256411,-0.583199918
14.601449,1.52438509,-0.509023726
13.1504354,0.114982717,-0.633901834
13.2777939,0.0499702543,-0.592870116
10.8019867,-1.38398945,-0.455673516
15.2733574,1.51911151,-0.76201427
12.584095,0.264554203,-0.498718143
11.1925926,-0.641437769,-0.485340148
14.7909594,1.23002934,-0.736253321
14.4519768,1.35375392,-0.593809187
15.5205736,1.49905884,-0.766848505
15.4092731,1.71110106,-0.749051988
15.5276632,1.79258239,-0.751683235
13.0376444,0.193326846,-0.640976131
16.988821,1.97842193,-0.589814425
15.0203876,1.48513234,-0.728003621
15.1478291,1.14731157,-0.703216493
15.0130196,0.952375531,-0.624123096
16.9342766,2.05152774,-0.715287328
16.8718815,2.14912939,-0.797576606
15.0229101,1.07447338,-0.69607681
12.8333149,0.427933127,-0.496136665
10.5990915,-0.867192626,-0.376280427
14.9294415,1.53949773,-0.68052417
14.7250128,1.59963775,-0.510093808
12.5235491,-0.490256697,-0.484804183
16.6638012,2.52831006,-0.787208021
11.7803125,-0.361447513,-0.54170984
11.8253727,-0.232101738,-0.497041166
15.7818584,1.85736644,-0.784693956
12.400218,-0.559257865,-0.479899555
12.5355244,-0.367096037,-0.55790776
12.4109526,-0.438458055,-0.551374555
14.6986341,1.35814381,-0.690086603
12.2846508,-0.506575465,-0.546685576
12.6572704,-0.292337865,-0.56660217
12.2915783,-0.370697677,-0.588953912
12.417964,-0.300892293,-0.59525007
12.1636124,-0.43723318,-0.583327889
12.5433559,-0.229908198,-0.601831615
15.578166,1.90281963,-0.722167015
12.7784328,-0.2167162,-0.575754106
14.9088182,1.14889395,-0.733909309
15.0310478,1.21828556,-0.740386307
10.9260063,-1.31552184,-0.460853517
12.6535835,-0.156550914,-0.609759569
12.4103432,-0.172751918,-0.606596112
16.8021641,2.26601791,-0.840654433
12.5294619,-0.090821296,-0.612728059
14.4069996,0.779948533,-0.686314344
16.7302074,2.39012408,-0.839879751
12.7753658,-0.0779760182,-0.617911935
12.6512651,-0.0115081491,-0.618977666
13.4110756,0.119038999,-0.596165299
15.1506691,1.29376125,-0.748096764
15.6803856,1.95593226,-0.730698287
15.5786877,2.00282645,-0.657717109
11.4467068,-0.505610406,-0.504396856
15.6625872,1.73030353,-0.784361124
15.278779,1.35944116,-0.753602684
15.4045877,1.4302907,-0.760151029
11.0582666,-0.995746136,-0.5317837
15.0297089,1.37192249,-0.749109149
15.4000273,1.56941009,-0.770396769
12.1573315,-0.576198518,-0.541480184
10.8202868,-0.857366204,-0.465197593
12.2879591,-0.244226769,-0.599887609
12.1637573,-0.311005354,-0.592945397
15.5236454,1.64230871,-0.777124643
13.0558338,0.456949234,-0.577179313
11.338026,-0.974036336,-0.524052918
14.9227972,1.28590012,-0.744459569
11.3191376,-0.574229181,-0.495065838
12.408474,-0.0355016813,-0.58735007
12.9605875,0.494919538,-0.508899629
14.9184074,1.42609715,-0.72242105
12.5134649,0.0613248833,-0.582368791
14.2736635,0.614254355,-0.641712129
14.8236246,1.57653642,-0.607439399
13.026598,0.0523744933,-0.62895149
12.0441504,-0.517224133,-0.574678242
12.0378361,-0.373920679,-0.585671425
12.2890587,-0.103501797,-0.580514669
12.9223557,0.268995762,-0.613596916
10.910553,-1.21359134,-0.502712488
14.8071241,1.47220898,-0.671981871
14.8207788,1.35725236,-0.720404923
11.5602684,-0.963585019,-0.487906367
10.6749325,-0.949804068,-0.461079031
12.6093636,0.135878474,-0.580869377
12.1698303,-0.170729995,-0.57351023
12.0484791,-0.234333917,-0.565047503
15.646347,1.84822726,-0.762061954
12.1883125,-0.036207404,-0.524960458
12.0617561,-0.10449902,-0.515280187
12.9092207,-0.0051665213,-0.624456584
11.9200544,-0.297940284,-0.554897487
11.9375715,-0.168652609,-0.504045904
12.7654839,0.0836917683,-0.622877717
12.2992897,0.0239620153,-0.533239245
11.9097595,-0.440148056,-0.578238726
12.036047,-0.655193508,-0.53079921
12.3968229,0.0801215842,-0.538724363
12.9147892,0.138048157,-0.633607864
10.7071905,-1.07320249,-0.505340099
10.8107281,-0.995084226,-0.507752001
16.5844994,2.68215442,-0.617302299
10.9356613,-0.922883391,-0.514622211
11.0632086,-0.856083095,-0.522945464
14.5752115,1.42808425,-0.597970307
11.1911383,-0.788689077,-0.531139791
14.6998692,1.49634051,-0.608055413
11.9247713,-0.597780943,-0.565689981
14.3790979,0.672397912,-0.646021068
16.6203079,2.77427197,-0.500351191
11.7938547,-0.53854835,-0.572853029
12.9432335,0.386974961,-0.573530734
11.3175573,-0.848813176,-0.545879304
11.3060961,-0.709296525,-0.535089016
16.586607,2.60011959,-0.705380857
10.803813,-1.13842034,-0.517998755
11.4344101,-0.644810736,-0.543942571
11.4362345,-0.768017173,-0.552907944
11.6657066,-0.477408797,-0.549658298
11.4456768,-0.907290876,-0.531244695
11.5662107,-0.828983843,-0.540207386
11.5596647,-0.703683913,-0.559423506
11.5507984,-0.561631501,-0.547295094
11.9327555,-0.733398318,-0.516158521
11.6877508,-0.75933069,-0.546718955
11.6745005,-0.618370712,-0.566258967
11.6730299,-0.891374111,-0.497858107
11.798357,-0.814519882,-0.507030785
10.8084726,-1.27308321,-0.496976733
11.8054075,-0.677367687,-0.556698501
12.696661,0.207851008,-0.577091813
12.8041649,0.232447296,-0.597314119
12.83918,0.335932136,-0.563006759
16.8183765,3.06032872,-0.391018897
16.8669319,3.1170435,-0.274033666
16.8681297,3.1872189,-0.393757164
16.8985825,3.32068658,-0.395436108
16.9368629,3.45707822,-0.261483461
16.9087944,3.45707107,-0.396004081
16.807003,2.99170637,-0.269716382
16.6644001,2.83440542,-0.382553279
16.908144,3.24979615,-0.275433511
16.7500305,2.9418025,-0.387260288
16.8868885,3.04091334,-0.169525623
16.728653,2.87628198,-0.26465258
16.9314003,3.1669488,-0.179266542
16.9769173,3.30759859,-0.161703944
16.7413883,2.79542589,-0.138333365
16.8291569,2.92316842,-0.155408129
17.0080795,3.45708489,-0.135724276
17.8071938,3.45707631,-0.303732157
17.8159504,3.3105669,-0.445800513
17.8218193,3.45706868,-0.446130484
17.0624657,3.32724357,-0.0712053031
16.9201431,2.39517856,0.0608416572
17.1138973,3.45709014,-0.039196834
16.988657,2.27541828,0.0294507165
17.5844002,3.31966233,-0.0227799919
17.6526184,3.45708895,-0.0654208735
17.5284615,3.45709276,0.00603034953
17.088625,2.08384228,-0.144680217
17.0462627,2.16858649,-0.0410169587
17.3190212,3.3103807,0.0350068137
17.3876038,3.45709419,0.0355886631
17.2449989,3.45709324,0.0200195536
17.6935577,3.32781243,-0.107726298
16.8481369,2.51293397,0.0505669825
17.0924931,2.01149178,-0.280844033
17.748724,3.45708323,-0.172023937
17.200325,2.11216831,-0.25452888
17.0447311,2.4032836,0.0435680859
17.108923,2.29144001,-0.00909286272
17.1631355,2.197649,-0.0985904783
17.1498623,2.03983259,-0.409163624
17.2609787,2.13838482,-0.415269256
17.2708702,2.22898936,-0.178087145
16.9839611,2.51391697,0.0572528243
16.7852764,2.6289525,-0.000208735
17.2336235,2.30393887,-0.0753651932
17.1829548,2.41426563,0.00415443303
17.1187153,2.52548027,0.0450470783
16.9144878,2.63118911,0.0353238136
17.0599632,2.63119912,0.0516066551
17.2538166,2.51474667,0.00453367922
17.2142906,2.65280318,0.0398636311
17.2994175,2.19034529,-0.304515332
17.3045139,2.41862726,-0.0598813407
17.3423634,2.33021903,-0.157574475
16.9842739,2.74867225,0.0237056036
16.7229862,2.70099926,-0.0726748779
17.1222706,2.75980258,0.0453511551
16.9022579,2.84391332,-0.0432945266
17.3250313,2.62125039,0.00173991139
17.3630714,2.27417946,-0.270042241
17.3672371,2.5299902,-0.050692305
17.3626957,2.24447274,-0.420859307
16.8539009,3.11699653,-0.512972891
17.4104309,2.44573379,-0.136623666
17.0195999,3.19939351,-0.0863355175
17.1737041,3.33124709,-0.00249518175
16.9679604,3.09392667,-0.101883672
17.4333019,2.3780601,-0.24290733
16.923296,3.45706367,-0.537935972
16.8948975,3.24979854,-0.515502751
16.7938004,2.99168682,-0.510388553
16.9611702,2.97443414,-0.060050495
17.4657593,2.56623316,-0.114434242
17.4274483,2.32763743,-0.344650418
17.5090084,2.48706746,-0.24648729
17.344429,2.74579334,0.0179769974
17.4226093,2.65654922,-0.0394879915
16.7152748,2.87635994,-0.506246686
17.4841309,2.4053905,-0.339836478
17.4562454,2.35930443,-0.426001519
17.7795258,3.33074832,-0.237182498
17.6429501,3.19252753,-0.0739584938
17.5398045,2.48070908,-0.430595458
17.4531898,3.31271267,0.0265335888
17.5259895,2.68465829,-0.111932009
17.0433559,2.86472583,0.0146301035
17.2347088,2.77893901,0.0435677543
17.7937889,3.45706153,-0.580548704
17.5501118,2.60331464,-0.196457982
17.478323,2.77871966,-0.038407281
16.8370895,2.73768497,-0.029072823
17.4006977,2.88628721,0.0176150687
17.5854607,2.81797361,-0.113870852
17.58992,2.5881629,-0.30936867
17.5202522,2.91511822,-0.0326753855
17.6190624,2.7122395,-0.224746928
17.6737766,2.86487436,-0.213760063
17.6128464,2.60754466,-0.434612274
17.1152306,3.20499682,-0.0195838343
17.6320496,2.95427442,-0.114356369
17.6452637,2.68631744,-0.337597072
17.2366352,3.18382502,0.0270805024
17.3692017,3.15539789,0.036463093
17.6914597,2.80279899,-0.323430777
17.4520454,3.02805805,0.0144864144
17.2836132,2.87304258,0.0408329181
17.516283,3.17769885,0.00201535365
17.6761684,2.74134827,-0.438095927
17.5801067,3.04509187,-0.04772342
17.7285557,2.88008261,-0.440979421
17.3066978,3.01565647,0.0399477258
17.167923,2.86928487,0.040485099
17.7360592,2.93649888,-0.320810199
17.7368546,3.21027684,-0.179934412
17.7909966,3.20153642,-0.310201079
17.798336,3.16471338,-0.444825619
17.7097244,2.9817853,-0.2138675
17.6937065,3.08262491,-0.149469689
17.1727238,3.06942892,0.0209421627
17.7691364,3.02095222,-0.443214923
17.2068844,2.96035767,0.0378087349
17.1912384,2.11587453,-0.562071025
17.1071854,2.97208047,0.0146454154
17.764679,3.08092117,-0.291122556
17.0565434,3.08162332,-0.0303462557
16.9087944,3.59410071,-0.396011382
17.2928829,2.19312596,-0.522016168
17.0955067,2.02416682,-0.531083286
17.8218193,3.59409642,-0.446137786
17.3653545,2.2894659,-0.560315907
16.8624077,3.03355527,-0.625004113
16.915596,3.16848826,-0.628485143
17.4498329,2.40239,-0.572679043
16.6977844,2.79078603,-0.617227614
16.9507217,3.30827141,-0.635890901
16.7897034,2.90599704,-0.622300029
17.1350689,3.33327723,-0.819445372
17.0775547,3.4570508,-0.776356399
17.2008801,3.45704722,-0.847676873
17.2689857,3.33167148,-0.868924201
16.9813042,3.45705652,-0.669207036
17.197216,3.20697999,-0.853960991
17.0318718,3.33037353,-0.741325974
17.0788136,3.20952272,-0.79619652
16.7926979,2.76877379,-0.732138455
16.6802673,2.6747663,-0.710918665
17.6077118,2.62457681,-0.52072525
17.76898,3.29438734,-0.620813251
17.5563641,3.32842302,-0.833708405
17.4855652,3.45704651,-0.862167776
17.6160603,3.45704961,-0.803369641
17.6608372,2.76035976,-0.555646777
17.1284161,3.09468031,-0.837600648
16.8021946,2.51464939,-0.833392143
17.3526936,3.18682933,-0.876621604
17.010931,2.16590047,-0.760353446
16.9857826,3.07436824,-0.753614485
17.2618866,3.04525352,-0.873025477
17.7709599,3.58404183,-0.210176378
17.6708927,3.33070779,-0.756597281
16.873909,2.39239883,-0.851212859
16.9450321,2.26960897,-0.825240552
16.9952316,3.57233,-0.152602822
17.0607548,2.07817149,-0.658557832
17.1724224,2.96128201,-0.862903833
17.3419933,3.45704556,-0.877672493
17.7225494,3.45705485,-0.706391335
16.9457111,2.51824141,-0.855551004
17.5163593,2.5233531,-0.603386104
17.742115,2.97001672,-0.530152023
17.6960411,3.62457561,-0.105407625
16.7521095,2.62514758,-0.782016933
17.0107613,2.39672446,-0.844920099
17.0836792,2.28461027,-0.79310143
17.1403942,2.18917108,-0.704899609
17.2165089,2.3071804,-0.739999473
16.8678265,2.64502645,-0.821983695
17.7637367,3.05967617,-0.534455419
17.1516457,2.40899062,-0.81773299
17.0762863,2.52577019,-0.856843591
17.2860222,2.43130422,-0.767870545
17.0045834,2.64796662,-0.855446517
16.9310818,2.77913785,-0.810450733
16.9335518,3.64771008,-0.270679206
17.2601604,2.23442841,-0.641378343
17.5767765,3.57842064,-0.0157185979
17.1349621,2.65041137,-0.863930643
17.2607384,2.90244436,-0.871893764
16.8876705,2.93265939,-0.721541047
16.9903755,3.21861577,-0.716882467
17.3355923,2.34974194,-0.675495803
17.6935673,2.8901422,-0.597362995
17.0741367,2.99405694,-0.82798934
17.0654526,2.77947474,-0.854833126
17.8107471,3.64790201,-0.31804952
17.1950722,3.58520699,0.00325138588
17.3247547,3.56612325,0.0343249366
17.4592457,3.55545282,0.0263729952
17.2121296,2.53629255,-0.836041272
17.4054985,2.47092867,-0.701509714
17.4191113,3.32818174,-0.87405777
17.3426285,2.5604682,-0.792798579
17.5991058,3.18006968,-0.797770143
17.3753948,3.04199719,-0.869572103
17.1906452,2.79796433,-0.86902982
17.3527927,2.92315388,-0.864475548
17.1004429,2.89438176,-0.851274431
17.4577637,2.6022172,-0.73392731
17.2632866,2.66443944,-0.849609613
17.3863735,2.69457364,-0.81491071
17.0041103,2.91646981,-0.809802234
17.5101166,2.73587537,-0.752260268
17.3106155,2.79223704,-0.858438075
17.7511845,3.14410758,-0.614973426
17.4281673,2.81219959,-0.825168192
17.5743866,2.66847396,-0.643954992
17.4926929,3.22598624,-0.853765845
17.5376244,2.87537551,-0.779130816
17.61133,2.80257678,-0.67959857
17.481657,3.10066795,-0.847902119
17.6951046,3.20048404,-0.715554953
17.6401443,2.94088888,-0.707253933
17.4611988,2.96121216,-0.83856523
17.5704727,3.02186131,-0.791608572
17.7165852,3.01019835,-0.624528229
17.6672592,3.07173991,-0.718369067
16.9301968,4.60622406,-0.280729413
16.9087944,4.69269133,-0.396069884
16.9087944,4.55558109,-0.396062583
17.8218193,4.55575514,-0.446189016
17.8218193,4.69286823,-0.446196318
17.8122597,4.62431812,-0.32487148
17.0784664,3.64473414,-0.0650519505
16.9087944,3.73136711,-0.396018684
16.9317951,4.48692465,-0.275868267
17.8218193,3.73137617,-0.446145117
17.8122101,4.48708248,-0.324639946
16.9087944,4.41825533,-0.396055251
17.8218193,4.41839647,-0.446181685
16.9317989,4.34957695,-0.275844574
16.9087944,4.28088617,-0.39604795
16.9318027,3.80006504,-0.275805295
16.9318008,4.21220541,-0.27583459
17.8122063,3.80008435,-0.324584574
16.9087944,4.14351177,-0.396040618
16.9318008,4.07482862,-0.275824726
16.9664841,4.70237017,-0.197588503
16.9087944,3.8687501,-0.396025985
16.9087944,4.0061326,-0.396033317
16.9318027,3.93744779,-0.275814921
17.8122063,4.34970093,-0.324613571
17.8218193,3.86877966,-0.446152419
17.7705746,4.55591679,-0.209488943
17.8218193,4.28099251,-0.446174383
16.9862499,4.55570602,-0.165494859
17.8122063,3.93748832,-0.324591577
17.8218193,4.00618362,-0.44615975
17.7704983,3.73132324,-0.209301069
17.8122063,4.07489252,-0.32459867
16.9863491,4.41827297,-0.165338948
17.7704735,4.41841555,-0.209289864
16.9863358,3.73131895,-0.165321872
16.9600868,3.58705163,-0.632800221
17.8218193,4.14358807,-0.446167052
17.8122063,4.21229696,-0.324605763
16.9863548,4.28089952,-0.16532293
16.9183502,3.66272736,-0.517315507
17.7704735,3.8687923,-0.209258497
16.9863567,4.14352512,-0.165312946
17.7989559,3.66272998,-0.565922201
16.9863586,4.00614643,-0.165303051
17.7704716,4.00619602,-0.209262818
17.7705059,4.70039082,-0.209365264
17.7704697,4.28100538,-0.209274024
16.9863605,3.8687644,-0.165291995
17.7704697,4.14360046,-0.209267914
17.1072807,3.57556319,-0.798504651
17.744482,3.58615947,-0.676531971
17.0248356,3.54637742,-0.726214051
17.6995316,4.48737049,-0.109151512
17.6994762,3.8000114,-0.109054841
17.6994476,4.34972477,-0.109053753
17.6994514,3.93749642,-0.109037355
17.6994476,4.07490158,-0.109040231
17.6994457,4.21230698,-0.10904409
17.5794983,3.57513618,-0.824996591
17.0504684,4.73740244,-0.0896109715
17.0569115,4.6240406,-0.0836033374
17.1496696,4.7089963,-0.0179808531
17.6708317,3.54590082,-0.761198699
17.2903709,4.68189669,0.0298846662
17.1636314,4.56810617,-0.0108109144
17.7043018,4.63063622,-0.114349745
17.6043816,3.86872697,-0.0313778743
17.6045189,3.72494698,-0.0314540081
16.919714,4.63770819,-0.523498178
17.0681591,4.48715925,-0.0736522973
17.6044559,4.01251173,-0.0314307325
17.8004475,4.60682631,-0.561432123
17.615448,4.43682671,-0.0384171456
17.6082497,4.15543604,-0.0337926261
17.6122665,4.29680681,-0.0363482982
17.0683002,4.34277439,-0.0735234618
17.3360977,3.55927277,-0.877338767
17.0604115,4.21146345,-0.080416508
17.6176376,4.57578993,-0.0398641042
17.0682373,3.80000544,-0.0735487789
16.9183655,4.48691177,-0.517427385
17.5021648,4.37025642,0.0151200155
17.0625439,4.07559919,-0.0785126388
17.0682659,3.94439459,-0.0735324025
17.7005005,4.74844408,-0.110207096
17.7989292,4.48706961,-0.566049099
17.505434,4.50869894,0.014073167
16.9183693,4.34956408,-0.51744014
17.6199741,4.71072721,-0.0414278172
17.2769146,4.50698423,0.0274509843
17.4026775,4.58058167,0.034542948
16.9183693,4.21219254,-0.51743722
16.9183712,3.80005217,-0.517420948
16.9183712,4.07481575,-0.517433703
17.7989235,3.80007148,-0.566029608
16.9183712,3.93743491,-0.517428994
17.4221344,4.71272707,0.0325204358
17.497858,4.23040199,0.0164551046
17.7989235,4.34968805,-0.566059232
17.5165062,4.65266705,0.0103436233
17.3897743,4.4331727,0.0354255699
17.7989235,3.93747544,-0.566037714
17.7989235,4.07487965,-0.566045105
17.1588783,4.14817333,-0.013159493
17.1668797,4.0121994,-0.00920059998
17.1705456,3.86894131,-0.00744685531
17.5017891,3.95174313,0.0152597148
17.7989235,4.21228409,-0.566052258
17.5014477,4.0902319,0.0153591987
17.4802933,3.79981947,0.0214185864
17.3781223,4.29712439,0.0359083563
17.1579304,4.42811108,-0.0136551969
17.1569576,4.28438663,-0.0141434791
17.3773422,4.15205526,0.0359372869
17.2687492,4.08485937,0.0257866904
17.279726,3.9398675,0.0280258395
17.2643967,4.22052813,0.0248171259
17.2695923,4.35003471,0.0259541888
17.1716347,3.72470927,-0.0069279382
17.3096428,3.79401445,0.0327134915
17.5028076,3.6598134,0.0149555644
17.7728195,4.70449781,-0.628414512
17.3895531,4.03109598,0.0354587659
17.3999062,3.89835811,0.034798231
17.2799034,3.66404915,0.0280742515
17.3933239,3.67321253,0.0352619551
17.2239304,3.63469625,-0.855868936
17.4554348,3.63488293,-0.869305193
16.9599838,4.55569935,-0.632655323
17.7423458,4.56935215,-0.679726124
16.9601212,3.73129129,-0.632873833
16.9600773,4.41825056,-0.632829607
16.9600849,4.28087616,-0.632836223
16.9600906,4.14350128,-0.63283807
16.9600964,4.00612164,-0.632841051
17.7444725,3.73129749,-0.676552713
16.9601173,3.86873674,-0.632875144
17.7444515,4.4183898,-0.676619709
17.6784077,4.70264149,-0.754299939
17.744442,3.86876678,-0.676606178
16.9657612,4.70730257,-0.643385172
17.7444401,4.0061717,-0.676614404
17.7444439,4.28098059,-0.676623106
17.744442,4.14357615,-0.676618814
17.0312157,4.48715878,-0.733235955
17.0312996,4.34957266,-0.733317912
17.0313091,4.21219301,-0.733320892
17.0313225,4.0748167,-0.733328104
17.0314426,3.80001497,-0.733442247
17.0313625,3.93746686,-0.733363807
17.0311165,4.63198996,-0.73313731
17.1262608,4.41847372,-0.81084764
17.1159058,4.26699972,-0.804296017
17.5644741,4.70440006,-0.832672417
17.5175095,4.56469727,-0.852248073
17.4336128,4.70274019,-0.873202264
17.1260014,4.56188679,-0.810696304
17.0267773,3.65516663,-0.728371978
17.1226788,4.13232374,-0.808612883
17.6623249,3.79997587,-0.768665254
17.1188869,3.99104118,-0.806204975
17.6623192,4.34969234,-0.768699288
17.6496716,4.48744583,-0.779128194
17.1158409,3.85100842,-0.804231703
17.6623116,4.21227694,-0.768699884
17.6371994,4.60570669,-0.788696408
17.662302,3.93746305,-0.768692374
17.6623058,4.07487202,-0.768697441
17.1137848,3.71188784,-0.802877843
17.229126,3.91773725,-0.857539773
17.2260551,3.77920723,-0.856562257
17.6656208,3.65410614,-0.765813708
17.5589523,4.28099203,-0.835276961
17.2330456,4.05764723,-0.85875088
17.5592232,4.13719416,-0.835142791
17.5470734,4.41355753,-0.840633094
17.5675545,3.8531158,-0.831121862
17.5633183,3.99436092,-0.83319205
17.3491879,3.84552121,-0.878003716
17.5708313,3.71321249,-0.829482615
17.3603649,4.57743692,-0.87830025
17.2061157,4.32851458,-0.849704504
17.2180767,4.19179344,-0.85395211
17.2269077,4.48670197,-0.856871784
17.4523125,3.77984262,-0.869929671
17.0322666,4.75855732,-0.73437202
17.2908421,4.70477772,-0.87222898
17.4619522,3.92005491,-0.867960393
17.1382847,4.70711374,-0.817987621
17.3528614,3.99059558,-0.878126323
17.3460426,3.70056868,-0.877874196
17.4576683,4.06120634,-0.868873179
17.4501724,4.20142317,-0.870361447
17.4514637,4.33507252,-0.870122552
17.3388767,4.1253581,-0.877538323
17.2255211,4.60758305,-0.856434941
17.4424877,4.46109915,-0.871759236
17.3237438,4.26871872,-0.876417458
17.3290672,4.41473436,-0.876879752
2.3292563,-11.1577759,6.20291519
2.3299768,-11.0732336,6.04431438
2.32873607,-11.2597713,6.08810139
2.32786441,-11.367341,6.25042868
2.32682323,-11.5137453,6.34382105
2.32760835,-11.369132,6.46478367
2.32903576,-11.1512346,6.43285847
2.32815695,-11.2597418,6.59610081
2.32923651,-11.2039175,5.96202612
2.32608962,-11.6390009,6.28593826
2.33007002,-11.0057678,6.34033823
2.33012819,-10.9628849,6.52914095
2.33021712,-11.0132933,6.16915655
2.33080244,-10.8805733,6.39876127
2.32765532,-11.3157892,6.72209787
2.33095646,-10.8841648,6.24359703
2.32925701,-11.0886965,6.58883667
2.32861495,-11.1664572,6.71666288
-0.991648614,-13.0909395,11.9130611
-1.02500308,-12.9402447,11.8279886
-1.04074121,-13.1157818,11.7643967
-1.03052914,-17.5117035,11.7630243
-1.02977157,-17.6870213,11.7669268
-1.00977528,-17.5961914,11.9150171
-0.951904774,-17.6829948,12.0519838
-1.00787413,-17.7885113,11.9230995
-0.944692373,-17.8706341,12.0667152
-0.949416697,-17.5079784,12.053503
-1.00206792,-18.0324669,11.9442987
-0.923501134,-18.0286407,12.1009111
-0.859718561,-17.7672672,12.1704102
-0.573298216,-17.8636608,12.3207512
-0.470025241,-18.0214939,12.333869
-0.384359926,-17.8685951,12.323842
-0.858232617,-17.592205,12.1686764
-0.859116137,-17.9215336,12.1737814
-1.0098573,-17.4204082,11.9135227
-0.740783036,-17.8592644,12.2603474
-0.644116998,-18.0228691,12.3058977
-0.983150661,-13.1044664,11.4011202
-1.02234781,-12.9478121,11.4875164
-0.941867411,-12.9509439,11.3312197
-0.799986124,-18.0253296,12.2256966
-0.854724348,-17.4177704,12.1688414
-0.757496953,-17.6872444,12.2473297
-0.655010462,-17.7064514,12.2956238
-0.299433976,-18.021347,12.3073616
-0.209927425,-17.8534412,12.2657986
-0.950558543,-17.3324127,12.0489626
-0.726483405,-17.5303402,12.261404
-0.729263842,-17.3328915,12.2560158
-0.851723433,-17.2420177,12.1684303
-0.586771667,-17.5843849,12.3120871
-0.592725873,-17.4262657,12.3074274
-0.142903447,-18.0224266,12.228508
-0.592136085,-17.2347622,12.3034763
-0.318075716,-17.7035236,12.3054981
0.0885707587,-17.8564796,11.7718153
0.0616699085,-18.027771,11.9487371
0.0893271342,-18.0315018,11.7757111
0.0371935479,-17.869524,12.005826
-0.0182410944,-18.0246429,12.104701
0.0687019601,-17.7442913,11.9147511
0.0878133848,-17.6812248,11.7679138
0.00302316784,-17.708149,12.0641851
-0.063020274,-17.8543549,12.1540051
0.0574617423,-17.5765514,11.9454584
-0.127413675,-17.6708565,12.2079296
-0.0336694047,-17.5448761,12.1115723
-0.951397777,-17.156126,12.0449104
-0.730661035,-17.1433449,12.2514973
-1.03356433,-16.8093681,11.7473898
-1.01415706,-16.7182961,11.8933411
-1.03432226,-16.6339798,11.7434855
-1.01271105,-16.8934898,11.8997374
-1.01422679,-16.5429935,11.8919315
0.0673205107,-12.9392118,11.6623545
0.0575102754,-13.1132164,11.7738829
0.068078801,-13.1146784,11.6662598
-1.03508031,-16.4585857,11.7395811
-1.03280616,-16.9848213,11.7512951
-0.956071973,-16.6296024,12.0291853
-0.954788268,-16.8052101,12.0339766
-0.856740773,-17.0631466,12.1604919
-0.953626871,-16.4539146,12.0306063
-1.01289797,-17.0696888,11.9002113
-0.9529773,-16.9802704,12.0396357
-0.594439387,-17.0469151,12.2989674
-0.861206651,-16.7125168,12.1498871
-0.861237764,-16.8879604,12.1530371
-0.738775373,-16.9686089,12.2437172
-0.741253018,-16.7935791,12.2388916
-1.03128755,-17.3362122,11.7591181
-0.872630596,-16.5395451,12.1355553
-0.601048827,-16.8713245,12.2937298
-0.604659319,-16.696516,12.2891665
-0.75033915,-16.6184196,12.2303801
-1.01127696,-17.244566,11.9072542
-0.453973711,-16.7803783,12.3058519
-0.447781384,-16.9562588,12.3095369
-1.0123502,-16.3803692,11.8972845
-0.462402076,-16.617075,12.3024511
-0.859100759,-16.3683357,12.1456289
-0.953411818,-16.27882,12.0282993
-0.501896918,-17.7031879,12.3259192
-0.75554508,-16.4431648,12.2239389
-0.613450885,-16.5320435,12.2835169
-0.448503703,-17.1325684,12.31353
-0.744122267,-16.2737007,12.2269802
-0.868399799,-16.1941586,12.1335554
-0.610858202,-16.3692436,12.2807188
-0.609031498,-16.2049141,12.2776823
-0.749523938,-16.0981865,12.2205172
-0.959180713,-16.1071434,12.0161152
-0.308781236,-16.6943398,12.2789621
-0.477705777,-16.4494419,12.298872
-0.440775186,-17.5464325,12.3224468
-0.864399672,-16.0187035,12.1342564
-1.01530576,-16.2049561,11.8857718
-0.30515182,-16.8693562,12.2819529
-1.03204691,-17.1605053,11.7552061
-0.315765053,-16.5210304,12.27701
-1.01917768,-16.0299168,11.8703222
-0.495349675,-16.2964764,12.2951651
-0.350510061,-16.3247051,12.2816362
-0.580836475,-16.0339432,12.2800894
-0.194341764,-16.4115486,12.2215853
-0.298912823,-17.0439854,12.2840652
-0.179683596,-16.5980377,12.2173615
-0.201344982,-16.2485752,12.2215872
-0.456369907,-16.1594372,12.2920179
-1.03583848,-16.2831535,11.7356758
-0.958773077,-15.9311371,12.0141706
-1.03795147,-13.0839109,11.5511255
-1.05026853,-12.9440632,11.6613464
-0.171077415,-16.7770996,12.2163649
-0.39507091,-15.9757586,12.282094
-0.562594414,-15.8594856,12.2794237
-0.16814068,-16.952486,12.2188501
-0.159894675,-17.127779,12.2177649
-0.724242926,-15.9241066,12.2302494
-0.293354034,-17.2198753,12.286376
-0.0571634807,-16.6885605,12.1161175
-0.0749841332,-16.513382,12.1306162
-1.04950905,-13.1198034,11.6652584
-0.0848128274,-16.344286,12.1360159
0.0100515122,-13.0973005,11.4174948
-0.0357931182,-12.946867,11.3384542
0.0421192609,-12.9430256,11.4959173
-0.0568900295,-16.8642006,12.120574
-1.03659678,-16.1076832,11.7317696
-0.0521999747,-17.0398655,12.1200142
-0.870181501,-15.8432531,12.1254845
-0.157722443,-17.3041077,12.2207308
-0.040909905,-17.2396851,12.1121216
0.0314168967,-16.9638443,11.9896603
-1.01523876,-15.855031,11.8834896
0.0397291407,-17.1373749,11.976759
0.0398793742,-16.7908497,11.9651871
0.0580415167,-17.2874355,11.9335651
-1.03735518,-15.9321747,11.7278633
-0.398444474,-15.7623749,12.2777081
0.0720128044,-17.0335579,11.8728609
0.0870545283,-17.5056248,11.7640047
0.0855350569,-17.1540222,11.7561779
-0.95707351,-15.7581425,12.0143938
0.0720306337,-16.9138794,11.867733
-0.731434941,-15.7608252,12.2233858
0.084776707,-16.9785423,11.7522717
0.0840182751,-16.8030434,11.7483654
-0.56584847,-15.6810331,12.2750683
-0.158680186,-12.9501905,11.2130375
-0.094700329,-13.1012306,11.271163
-0.242035568,-15.8183832,12.2320862
-0.862329483,-15.6696987,12.1298809
-1.03811383,-15.7566309,11.7239552
-1.01500702,-15.658227,11.8827658
-0.944795132,-15.6171217,12.0315123
-0.734381795,-15.5897026,12.2184544
-0.417340517,-15.5794277,12.27598
-0.261193365,-15.6389313,12.2363005
-0.572391033,-15.5065413,12.2702484
-0.287855715,-15.466177,12.2427168
-0.865763247,-15.5034494,12.1236105
-0.316228122,-16.1368713,12.2680988
0.014251329,-16.6177444,12.0127192
-0.429645509,-15.4019766,12.2732115
-0.146523222,-15.5293064,12.1677685
0.00284128264,-16.4432869,12.0273972
-0.120982915,-15.7030468,12.1520596
-0.167705581,-15.3558903,12.1784258
-0.0929620415,-16.1888428,12.1397791
-0.0495748781,-15.4225426,12.0726585
-0.748983502,-13.0836792,12.1607218
-0.888640165,-13.0871477,12.057601
-0.821775258,-13.2381344,12.1183214
-0.0315622948,-15.5957518,12.0544662
4.25160074,-2.33773065,-0.0102728056
4.25742054,-2.48351526,-0.0102728056
4.23678589,-2.48351526,-0.146076441
-0.104560822,-15.8668213,12.1420517
-0.0647533163,-15.2487307,12.0856028
-0.668655932,-13.235363,12.1980429
0.068028681,-16.6750221,11.8754778
-0.58480382,-13.082058,12.215951
-0.0125346016,-15.7681656,12.0321856
0.0492923148,-15.4764547,11.8960285
0.0509754159,-15.6665573,11.8976688
0.0234770104,-15.3186598,11.954792
-0.574123025,-13.1061077,11.1128187
-0.487206608,-12.9540548,11.1032047
-0.399084508,-13.10532,11.1141386
0.0571341366,-15.8296432,11.8838053
0.0139191998,-15.1442099,11.9686165
-0.221816719,-15.9855375,12.2262087
-0.295318574,-15.2796125,12.2409611
-0.713416159,-15.4159765,12.2251081
-1.0388726,-15.5810518,11.720047
0.0679974779,-15.3396835,11.8189602
-0.00346167036,-15.9302197,12.0226803
-0.17783995,-15.1801224,12.1807251
0.0632294863,-15.1881399,11.8354053
-0.568360507,-15.3317327,12.2671356
0.0779484212,-15.39849,11.7170992
-0.314538866,-12.9526691,11.131916
-0.234637931,-13.1037998,11.1687193
-0.406876951,-13.0813971,12.2175579
-0.326267123,-13.2324677,12.2026806
-0.23968488,-13.0815258,12.1642761
0.0771894455,-15.2228642,11.7131891
0.05827244,-15.0138597,11.8488054
-0.0741984993,-15.0840731,12.0914907
0.076430425,-15.0472279,11.70928
3.94578862,-2.48351526,-0.443680048
3.80475831,-2.48351526,-0.467450291
3.8761065,-2.35875177,-0.460194856
0.0787073523,-15.5741043,11.7210083
0.0832597688,-16.6275253,11.7444582
4.0107584,-2.35907817,-0.413539976
4.07258272,-2.48351526,-0.377493083
-0.00183780596,-14.9706459,11.9917879
0.0756713673,-14.8715839,11.7053699
0.0457341783,-14.868926,11.8852625
0.00279308879,-16.2732658,12.0224648
-0.187996939,-16.1180725,12.2105169
-0.712566853,-15.2391777,12.2219086
0.0597846694,-16.0099506,11.8813047
4.17298603,-2.48351526,-0.27499491
4.12448597,-2.35856843,-0.327891707
-0.0937784314,-16.0299568,12.1363659
0.0620521717,-16.5364971,11.893055
0.0794662312,-15.7497082,11.7249174
4.20641804,-2.35775971,-0.211287543
-0.497812688,-13.2332487,12.2272272
-1.00062013,-18.0400848,11.6017246
-1.0282619,-18.0363541,11.774703
-1.02901566,-17.8619194,11.7708206
0.0825011879,-16.451992,11.74055
0.0618129224,-16.3610229,11.8872871
-1.00735068,-17.7954254,11.6147203
-0.170344368,-13.2326851,12.126667
-0.0972054377,-13.0835218,12.0617495
0.0802250579,-15.9252996,11.7288256
0.08174254,-16.2764435,11.7366428
-1.00948191,-17.602911,11.6150064
0.00181485189,-16.0977039,12.0189247
-0.943802416,-13.2412081,11.9948797
0.0613991432,-16.1854649,11.8821287
-0.440638989,-17.3282051,12.3175287
0.0809838325,-16.1008778,11.7327347
-0.0452668592,-13.2344608,12.0065603
0.00645029778,-13.0860128,11.9200363
-0.741082191,-13.105649,11.1657534
-0.660295248,-12.9542217,11.1293106
0.0631316155,-18.0353909,11.6061106
0.0370171703,-13.2369175,11.8537407
-0.747391582,-13.3888521,12.1676569
0.0168066621,-17.4144974,12.0320673
-1.02199745,-13.2447796,11.8401003
-0.152443007,-17.4802666,12.2215376
-0.266123682,-17.5616016,12.2845287
-0.583184719,-13.3858652,12.2227659
3.66275334,-2.48351526,-0.446317047
3.73288584,-2.3584578,-0.463337541
4.23502064,-2.48351526,0.131081015
-0.881514311,-13.1071749,11.2659359
-0.816988885,-12.9531517,11.2077961
-0.665889323,-13.5399647,12.2053108
-0.409822196,-13.3844881,12.2249346
-0.495409608,-13.5380402,12.234026
-0.887135506,-13.3916426,12.0645704
-0.244373083,-13.3841095,12.1739845
-0.323775947,-13.5365601,12.2090874
-0.102148704,-13.3853559,12.0745745
-0.168460786,-13.5374269,12.1330547
-0.820711911,-13.5430021,12.1249199
0.0685471073,-17.7963676,11.6226339
0.00267965533,-13.3875046,11.9364157
-0.0434293598,-13.5384884,12.0126371
-1.00951612,-17.4273148,11.60853
0.0688384026,-13.2904491,11.6701727
0.0556540713,-13.3858833,11.7943411
0.0459133461,-13.5436277,11.8374128
0.0695978478,-13.4661827,11.6740847
-0.58079046,-13.6903572,12.2297268
-0.407738835,-13.6880827,12.2315807
-0.942795992,-13.5455418,12.0012245
-0.242377877,-13.6890621,12.1804409
-0.98821795,-13.3946257,11.924057
-0.0998897627,-13.6905031,12.0804605
0.00415417459,-13.6923323,11.9429083
-0.745075047,-13.6928034,12.1749439
3.53382611,-2.48351526,-0.381844789
3.59181523,-2.35775232,-0.420612365
3.43171883,-2.48351526,-0.280898511
3.47530508,-2.35949922,-0.339158535
-1.0377003,-13.3939743,11.7803392
-1.02709436,-13.5513468,11.8255548
-1.04874861,-13.2957706,11.6691751
-0.290823728,-17.3952045,12.2896738
3.39830303,-2.33532429,-0.247795492
3.3657515,-2.48351526,-0.152639911
-1.04798818,-13.4717388,11.6730928
-0.987163723,-13.7000685,11.9303303
0.0862941295,-17.3296719,11.760088
-0.885063171,-13.6973381,12.072135
-0.0588915199,-17.3952541,12.1371737
0.0718677342,-17.4226532,11.8895597
-0.166433752,-13.8423634,12.1393452
-0.976069868,-15.4986801,11.9768515
-0.322880059,-13.8408508,12.2159901
-0.0275310185,-14.7753706,12.0257626
-0.304567367,-15.0778027,12.2393522
3.34302068,-2.48351526,-0.0102728056
3.33295083,-2.34818506,-0.0102728056
-0.102776006,-14.9229946,12.1156759
-0.492348373,-13.8420744,12.2408123
-0.440147966,-15.2219763,12.2700129
-0.171662524,-15.0377398,12.1730814
-0.663971841,-13.8442621,12.212285
-0.041877158,-13.8436232,12.0191212
3.3638041,-2.48351526,0.126007661
-0.239810973,-13.9917593,12.1865606
-0.405067295,-13.9940281,12.2381935
-0.817252457,-13.8477602,12.1332779
-0.0984694436,-13.9942789,12.0871191
-0.31747207,-14.145153,12.2214842
0.0469381064,-13.8585691,11.8455296
-0.165282235,-14.1454544,12.146203
-0.56652844,-15.1862917,12.2642813
-0.822831094,-15.3513203,12.1576672
0.00598016707,-13.9965334,11.9487247
-0.0399863645,-14.1473074,12.025115
0.0703571513,-13.6418848,11.6779957
-0.57842356,-13.9943476,12.2366695
-1.02431822,-15.4986506,11.8469753
-1.03655744,-13.7124119,11.7862415
0.058159411,-13.70856,11.7964706
-1.04722786,-13.6476641,11.6770086
-0.939743459,-13.8506804,12.0104198
-0.742831409,-13.9973526,12.1822023
0.0416978821,-14.1499271,11.8719587
-0.0970340222,-14.2987223,12.0937805
-0.491558373,-14.1470022,12.2475948
0.0503888093,-14.7459087,11.8665352
0.00768158305,-14.3009748,11.9547787
0.0604523197,-14.017724,11.79881
0.0629915074,-17.61763,11.602149
0.0718756095,-13.9932537,11.6858177
0.0726348162,-14.168932,11.6897287
-0.882822752,-14.0010414,12.0798302
-1.01862967,-13.8541641,11.8559265
-0.661174774,-14.1485653,12.2195501
-0.81558609,-14.1518679,12.1403055
-0.237261981,-14.2973261,12.1927547
-0.984562695,-14.0041494,11.9396362
-0.938738585,-14.1547184,12.0167618
0.0711163878,-13.8175716,11.6819067
-0.402034432,-14.2958517,12.2446537
-1.04646778,-13.823555,11.6809244
-1.03632629,-14.0025187,11.7873306
-1.01730835,-14.1585331,11.8627195
-0.0383412093,-14.4509525,12.0314322
-0.881624043,-14.3062277,12.086503
0.0610759705,-14.2895184,11.8074989
-0.983342111,-14.3094625,11.9462385
-0.574991345,-14.3003225,12.2438278
-0.162518561,-14.4503098,12.1519709
0.0503775962,-14.4487209,11.8557253
-0.738125443,-14.2992239,12.1906605
-0.655726671,-15.0585184,12.240304
-0.317849904,-14.448843,12.2287769
0.0733939931,-14.3446045,11.6936388
-0.806703329,-15.059823,12.1640949
-0.48457554,-14.4507332,12.2543821
-0.0941175818,-14.6028252,12.0989933
-0.236872017,-14.6015291,12.1999846
0.00886467937,-14.6050653,11.9617939
-0.401878923,-14.6000519,12.2515993
-0.874335468,-15.2131224,12.1100483
-0.655529618,-14.4468498,12.2276068
-0.932108819,-15.3657389,12.0456381
-0.573835015,-14.5995121,12.2504654
-0.31759429,-14.753027,12.2358789
-0.810189664,-14.4531345,12.149971
-0.488416135,-14.752327,12.261075
-0.933073759,-14.4541826,12.0293789
-0.732129574,-14.6022625,12.1997538
-0.653389812,-14.7536087,12.2346954
-1.03442109,-14.3049784,11.7972383
-0.162701786,-14.750699,12.1597013
0.0749122724,-14.6959314,11.7014599
-1.04494774,-14.175272,11.6887531
-0.571251988,-14.9055891,12.2574816
-0.398465395,-14.9017467,12.2579966
-0.808256269,-14.7537556,12.1571169
-0.734977841,-14.9060516,12.2044344
-0.234550253,-14.9024258,12.2061768
-0.481469154,-15.0559616,12.2678537
-1.03963149,-15.4054384,11.7161379
-1.0207026,-14.4584513,11.8543444
-0.873942792,-14.6017971,12.0994158
-1.0457077,-13.9994249,11.6848392
-0.928829134,-14.7573938,12.0400324
-0.977814317,-14.6086597,11.9610367
-0.871973574,-14.9085569,12.1068697
0.0614448078,-14.6061726,11.8191805
3.42738414,-2.48351526,0.254349262
3.39791512,-2.33486271,0.226733625
0.0741531476,-14.5202713,11.6975489
-1.03003275,-14.6142054,11.8189754
3.86774659,-2.35886526,0.441075563
3.79637003,-2.48351526,0.446910977
3.93760371,-2.48351526,0.425797969
-1.01696885,-14.7683029,11.869113
3.72488546,-2.35882378,0.441636682
3.6553843,-2.48351526,0.423379481
-1.04342818,-14.5268908,11.6965809
-1.04266858,-14.7026606,11.7004938
-1.0441879,-14.3510942,11.692667
-0.976162851,-14.9097767,11.968399
-1.0419091,-14.8784008,11.7044058
-0.930506408,-15.0604496,12.0428038
-1.02984083,-14.925395,11.820528
-1.01288974,-16.5600395,11.5879154
-1.01103532,-15.061573,11.8899078
-0.977146566,-15.2136259,11.9708033
-1.0120132,-16.8831692,11.5969286
-1.04114985,-15.0541115,11.7083168
-1.03063059,-15.2218285,11.8167467
-1.01157618,-15.3664255,11.8911667
-1.03499436,-13.3955345,11.5505762
0.0627543107,-14.9353895,11.5855474
-1.02427566,-16.724905,11.6425676
-1.04039061,-15.2297907,11.7122278
3.99939632,-2.37482381,0.399422824
4.06610966,-2.48351526,0.361661106
-1.02402961,-16.3997307,11.626915
-1.02216911,-13.5571642,11.5087404
-1.0201776,-17.044529,11.6361723
0.0658338591,-15.2220621,11.6005745
0.0621895529,-15.5061703,11.5852823
3.47480774,-2.38109946,0.315868258
3.52796006,-2.48351526,0.357022732
-1.03296554,-13.7203236,11.555027
-0.468909502,-18.0463619,11.2165461
-0.639381886,-18.0465088,11.2430153
-0.568500698,-17.9350071,11.2228279
0.0714806244,-16.9928093,11.6306028
0.0508723706,-15.6652288,11.5471249
0.0479829647,-13.5554714,11.5202732
-1.02454889,-13.244832,11.5051203
-1.00334311,-17.2061539,11.5804863
-0.951388836,-17.695816,11.4822226
-0.943503261,-17.8839359,11.474822
-1.02708006,-16.1081657,11.6295805
-0.948831558,-17.5210838,11.472827
3.57160091,-2.34734249,0.390221149
-0.735783875,-17.9010124,11.2805319
-0.858992279,-17.7853889,11.3678331
0.0640305951,-15.8256054,11.5942764
-0.857468784,-17.6104641,11.3617477
-0.920665383,-18.0432148,11.4456749
-0.857495785,-17.9395561,11.3704643
-0.795940459,-18.0454311,11.3218412
0.0468960628,-13.8693094,11.5190458
0.066272229,-16.7071667,11.6075983
-0.853926003,-17.4363861,11.3538084
-0.737351239,-17.7046986,11.2765512
-0.940036297,-17.3344784,11.453474
-0.575003684,-17.7933006,11.2207623
-0.735325158,-17.5300083,11.2711639
0.0680349022,-16.1177921,11.6126423
0.0582183115,-13.7148523,11.5617666
-0.398479432,-17.8766727,11.217391
-1.02529848,-15.824626,11.6083126
0.0491525233,-14.7724562,11.5338602
-0.728373945,-17.3555145,11.2632332
-0.845552862,-17.2506542,11.3412733
-0.58291018,-17.6207447,11.2183323
-0.591715932,-17.4450302,11.2161226
-0.714199364,-17.1574249,11.2513609
-0.583899319,-17.2514343,11.2099876
-1.03440654,-14.0026026,11.5736399
0.0537925884,-16.5525227,11.5641336
-0.295237243,-18.0449924,11.244379
4.18553209,-2.34825993,0.227495328
4.1695652,-2.48351526,0.259201437
-0.430497169,-17.5288467,11.2065468
-0.439652473,-17.363903,11.2023153
0.00713510765,-17.8744602,11.4810209
0.0621503964,-14.3015375,11.5815325
0.0661884621,-16.3921509,11.6056967
-0.0154641755,-18.039217,11.449461
-0.425160915,-17.1702461,11.1991167
4.10695314,-2.40545797,0.327115476
-1.01606631,-15.6620312,11.5654955
-0.485892653,-13.2578354,11.1099663
-0.314417273,-13.2566643,11.1382866
-0.656623125,-13.2584991,11.1353426
-1.01266241,-13.8567934,11.4911079
-0.398565024,-13.4093847,11.1207752
-0.160064191,-13.254612,11.2178249
-0.571383536,-13.409564,11.1193609
-0.233776331,-13.408267,11.1752625
-0.484795362,-13.561615,11.1167269
-0.811940491,-13.2573547,11.2119141
-0.736136973,-13.4093447,11.1707096
-0.6549173,-13.561595,11.1419659
0.0499970876,-14.4598083,11.5339975
-0.875588775,-13.4106541,11.2682295
-0.936356783,-13.259264,11.3324652
-0.806792438,-13.5626898,11.2160378
-0.314737618,-13.5556612,11.1444111
-0.566432893,-13.7105045,11.1255312
-0.731303632,-13.7142715,11.1757832
-0.394994795,-13.7090979,11.1278267
-0.646591187,-13.8644924,11.146574
-0.160979137,-13.559248,11.2229805
-0.479415208,-13.8619337,11.123457
-0.23893857,-13.7100258,11.1787043
-0.316869527,-13.8616781,11.1501026
-0.397455871,-14.0139294,11.1339865
-0.569529057,-14.0101433,11.1328402
0.0605742112,-14.6136694,11.5748682
-0.980000734,-13.4050751,11.4043913
-0.930974483,-13.5554428,11.3336821
-0.162319049,-13.8590336,11.2277565
-0.871191621,-13.7052679,11.2718239
-0.802506268,-13.8536978,11.2204342
-0.093968004,-13.4073095,11.2773838
-0.235713691,-14.0129261,11.1864071
-1.01202703,-14.1506338,11.499403
0.0429454632,-15.0740328,11.5184727
-0.732113063,-14.0088873,11.1833534
-0.48686555,-14.1641378,11.130125
-0.314664871,-14.1655521,11.1571541
0.0582550764,-13.3965902,11.5614643
-0.652819514,-14.1616564,11.1554785
-0.928281367,-13.8556328,11.3385658
-0.866690636,-14.0071583,11.2755585
-0.977208078,-13.7061701,11.4083776
-0.16000025,-14.1628189,11.23524
-0.401457727,-14.3169794,11.1398973
-0.973748267,-14.0093088,11.411273
-0.807994246,-14.1584692,11.2319365
0.0443230495,-14.1647749,11.5135279
-0.572528958,-14.3150616,11.1402903
-0.233366892,-14.3167696,11.1936922
0.0418327823,-15.3656845,11.5185556
0.0676833093,-17.2870693,11.6162815
-0.0977044702,-13.7047958,11.2790365
-0.734447777,-14.3122787,11.191905
0.0608002432,-14.0248461,11.5746107
-0.931221128,-14.148941,11.350564
-0.0380397551,-13.2532015,11.3402996
-0.0392746069,-13.5553684,11.3435564
-0.488734871,-14.4681482,11.1369057
-0.656818807,-14.4659948,11.1639423
-0.878311813,-14.3062458,11.2945738
-0.0948154926,-14.0090361,11.2873535
0.045094952,-15.9675598,11.5337152
-0.811200857,-14.4609566,11.2418833
-0.974582732,-14.302969,11.4215794
-0.318070918,-14.4678507,11.1623859
-0.575189352,-14.6193562,11.1477051
-0.739541292,-14.6158619,11.2019005
3.33607602,-2.27731013,-0.130859286
0.0416748933,-13.2517366,11.4971743
-0.042926807,-13.8588858,11.3436909
-0.402500182,-14.6192999,11.1462746
-0.66135478,-14.7701378,11.1726398
-0.0934560522,-14.3161964,11.2942228
-1.0237726,-15.4998636,11.5882168
-0.488830268,-14.7714682,11.1436691
0.00770121859,-13.404376,11.4170303
0.0525385328,-17.4436378,11.5694494
0.0821118429,-18.1802864,11.8655291
-0.237331256,-14.6185656,11.1977797
-0.318208992,-14.7710638,11.168684
-0.162698045,-14.4658785,11.239131
0.00605757907,-13.7071915,11.4180965
0.0456641652,-16.2676353,11.5384569
-0.0346191563,-14.1639681,11.3598661
-0.167031616,-14.771883,11.2420025
-0.578350186,-14.9192619,11.1551352
-0.406782269,-14.9198809,11.1521692
-0.09900859,-14.6200514,11.2943382
-0.816409707,-14.7657566,11.2534351
-0.0386074185,-14.4683867,11.3594847
0.0466805249,-16.842123,11.5474052
-1.01990139,-14.4467402,11.5336752
0.00984888338,-14.3171749,11.433876
-0.241757751,-14.9239483,11.201787
-1.03197527,-14.6045132,11.5878744
-0.741650522,-14.9197989,11.2104397
-1.02985632,-14.2854433,11.5647135
0.0483131632,-17.1485806,11.555027
-1.01949179,-14.7711172,11.5442181
-0.569155991,-17.0374489,11.20228
-0.326731235,-15.0740042,11.1724787
-0.493185133,-15.0717087,11.1504335
-0.0413914174,-14.7707729,11.3608532
-0.0990582258,-14.9220982,11.2997761
0.00664793001,-14.6180277,11.4321251
-0.660583675,-15.072258,11.1795444
-1.00732946,-16.2600365,11.5591173
-0.166627273,-15.0754738,11.2481375
-0.928019524,-17.1690292,11.4311686
-0.854848742,-17.0431938,11.3443308
0.00683424529,-14.920619,11.4368095
-0.0412219539,-15.074316,11.3661366
-0.404293031,-15.2213516,11.1590443
-0.576914728,-15.224473,11.1619091
-1.00996459,-15.9560299,11.5563707
-0.271119237,-17.2808895,11.2371674
-0.240463972,-15.2192163,11.2083683
-1.02622986,-14.9592466,11.5766869
-0.362838328,-18.1941471,12.3208675
-0.0992012694,-15.2240553,11.3051338
-1.01605642,-15.1260042,11.5458145
-0.487882555,-15.3750486,11.1571226
-1.01122308,-15.3453417,11.538578
-0.741004825,-15.222827,11.2175322
-0.319537282,-15.3725147,11.180871
0.00701225642,-15.2240572,11.4415112
-0.171119958,-15.3739109,11.2508745
0.0272701234,-18.173912,12.0299149
-0.211915895,-18.1804504,12.2690592
-0.661412597,-15.3765059,11.1870441
-0.0420617908,-15.3770313,11.3701315
-0.0747027174,-18.17589,12.1690083
-0.41055724,-15.519743,11.1646824
-0.24514766,-15.5257444,11.2123594
-0.101503089,-15.5231285,11.3084469
-0.580830336,-15.519125,11.1693907
-0.332055807,-15.6751022,11.1836262
-0.169035405,-15.6766253,11.258131
-0.4097161,-17.6941586,11.2120752
-0.818710268,-15.3672924,11.2705011
-0.496345162,-15.6716137,11.1639299
-0.742278516,-15.524004,11.2255955
3.33603621,-2.27731919,0.110164322
-0.319797277,-17.4356804,11.2241135
-0.658405125,-15.6744537,11.1930933
-0.402966708,-15.8182611,11.1721582
-0.575223148,-15.825614,11.1754484
-0.240395665,-15.814887,11.2204361
-0.215930551,-17.9147491,11.274744
0.00580271613,-15.5167084,11.4436121
-0.739094913,-15.8246603,11.2312927
-0.042282071,-15.6694288,11.3747654
-0.482595056,-15.9740515,11.1704302
0.0211225934,-17.7286339,11.5032759
2.32996035,-11.1093111,5.85691309
2.32902575,-11.2597857,5.83412266
-0.659028828,-15.9781466,11.200511
-0.0882004127,-17.8938866,11.3640623
-0.0998338908,-15.8225145,11.3154573
-0.317786008,-15.9691763,11.1939039
-0.173658103,-15.9707804,11.2607908
-0.725014806,-16.9846001,11.25245
-0.38847971,-17.0045929,11.199935
0.00768299354,-15.8185635,11.4513502
-0.0398565866,-15.9734535,11.3829365
-0.411542892,-16.1146126,11.1774883
-0.2994138,-17.1189861,11.2237082
-0.245950505,-16.1226807,11.2240915
-0.580267847,-16.1130428,11.1829824
-0.812165678,-15.9703627,11.2809649
-0.101892658,-16.1184044,11.318985
-1.02002573,-18.1860809,11.8637915
0.0845057964,-18.1852589,11.6932192
-0.739765584,-16.1237564,11.2389879
-0.930846035,-14.457839,11.3587074
-0.334792376,-16.2712536,11.1954689
-0.168425754,-16.2729607,11.2700958
-0.879809141,-15.815917,11.3362694
-0.49744162,-16.2660446,11.1772833
-0.966313541,-18.1805801,12.0271463
-0.875443161,-14.612195,11.2998629
-0.651731253,-16.271122,11.2050104
-0.398491472,-16.408474,11.185565
0.00782811828,-14.0036278,11.4256248
-0.570035756,-16.4211445,11.1882544
-0.865084887,-18.1785469,12.1669445
0.00634399988,-16.1099834,11.4532795
-0.23783274,-16.4045849,11.2335701
-0.733752906,-16.4200821,11.2431002
-0.041355934,-16.2634659,11.3859339
-0.488093436,-16.5604076,11.1836004
-0.653832257,-16.5736408,11.2128782
-0.0986264423,-16.4167347,11.3274326
-0.313813597,-16.5593624,11.2074709
-0.818194091,-15.0666389,11.2624369
-0.175414279,-16.5628567,11.2711906
-0.412152529,-16.7012463,11.1901808
0.00930238888,-16.4120998,11.4628925
-0.0380764231,-16.5672741,11.3951616
-0.246848479,-16.7137737,11.2356892
-0.80294615,-16.264225,11.2816935
-0.571210086,-16.710331,11.1951094
-0.806198418,-16.5633717,11.2916498
-0.102436222,-16.709446,11.3293467
-0.322268605,-16.8503723,11.2111006
-0.734863281,-16.7160416,11.2509356
-0.169133246,-16.8643227,11.2811136
-0.886550605,-14.9061584,11.3189306
-0.591330469,-18.1447353,12.3196669
-0.87188673,-16.4123497,11.34412
-0.485053599,-16.8505287,11.1900225
-0.814343393,-15.669528,11.2749233
4.23582697,-2.31596375,0.101381145
-0.727672338,-18.1658173,12.2688808
-0.640655696,-16.8584538,11.2153511
-0.870826244,-16.7150612,11.3511066
-0.805506766,-16.8678665,11.2988863
-0.927928984,-16.5616894,11.4138775
-0.240793332,-16.9984474,11.244215
0.00640210556,-16.6985588,11.4621124
2.33079648,-10.9656229,5.92794371
-0.0417217389,-16.8514175,11.3954306
-0.875896156,-16.1207561,11.3404016
-0.926806152,-15.960701,11.3954382
-0.874577105,-15.5168982,11.3230085
-0.270793855,-17.5816441,11.2434864
-0.0987959802,-17.0045376,11.3380461
-0.0143687278,-17.5996399,11.4438915
-0.212476015,-17.7614021,11.2734547
-0.165946558,-17.1436367,11.2886295
-0.0606427602,-17.7547474,11.389287
-0.139204562,-18.0425339,11.3245296
-0.926600337,-16.8734951,11.4208441
-0.881216288,-15.2252998,11.3219471
0.00992889237,-16.999382,11.4726295
-0.0375803858,-17.1547699,11.4056797
-0.973687232,-16.4085121,11.4838476
-0.928272009,-16.2578259,11.4057817
-0.107012644,-17.2900028,11.336031
-0.967598498,-17.0277538,11.491086
-0.97975868,-15.8158493,11.4776173
-0.939438641,-14.7578144,11.3788977
-0.976111829,-16.7244034,11.4984074
-0.937399685,-15.6564064,11.4015179
0.00592140574,-17.2962856,11.4702721
-0.187913045,-17.4379768,11.280674
-0.0508187525,-17.445097,11.3948202
-0.975347757,-16.1094036,11.4779081
-0.92710346,-15.3693771,11.3792591
-0.972608149,-15.5067768,11.454298
-0.122936033,-17.6019993,11.3286209
-0.979722798,-14.605793,11.4403248
-1.02174723,-18.1893253,11.6907978
-0.981341064,-14.934206,11.4535446
2.33073878,-10.8475895,6.63906813
2.33136177,-10.775589,6.49586725
2.33169317,-10.7517796,6.33859682
2.32989407,-10.9597416,6.75206518
2.33139586,-10.8518171,6.0394001
2.33170629,-10.7777719,6.18167114
-0.936904132,-15.0741224,11.3842983
0.0479512364,-18.1654453,11.5599937
2.3289001,-11.1024094,6.82513952
-0.977123857,-15.2407703,11.4547386
3.06163931,-1.80179787,-0.129783854
3.09892249,-1.86156452,-0.0102728056
2.99927807,-1.76903832,-0.0102728056
3.30262876,-2.21474576,-0.0102728056
3.25298882,-2.0878582,-0.0102728056
3.29513836,-2.14452243,-0.130412847
2.89739513,-1.671574,-0.153910071
3.23519683,-2.01912951,-0.131297842
3.18469167,-1.9692353,-0.0102728056
2.88582063,-1.69162178,-0.0102728056
3.15674567,-1.90349996,-0.132008597
3.30997062,-2.0612433,-0.241681084
3.36301541,-2.19589972,-0.242311746
3.14414811,-1.81736016,-0.242247328
3.04056764,-1.71881449,-0.245261922
3.467839,-0.978678286,-0.0102728056
3.33265972,-0.917673886,-0.146356553
3.34302068,-0.899728119,-0.0102728056
3.24224544,-1.93555772,-0.24779436
3.34632802,-1.96551669,-0.338966399
3.42004299,-2.11267066,-0.343449384
3.25920868,-1.83534133,-0.338735431
3.17359567,-1.42109001,-0.46144253
3.046134,-1.41395092,-0.446597874
3.11679101,-1.29156935,-0.467448235
3.15131664,-1.73069239,-0.328747481
3.27556777,-1.30320477,-0.460215241
2.93075299,-1.61379647,-0.282479972
3.18725586,-1.16952074,-0.443645656
3.05776167,-1.62863052,-0.346174806
3.10239291,-1.53106952,-0.418973297
3.34262109,-1.1713171,-0.406827539
3.25071001,-1.05961466,-0.377332181
3.38315344,-1.78843522,-0.425753295
3.4375453,-1.00681221,-0.198053122
3.39719009,-1.07980692,-0.322655559
3.30075383,-0.972936451,-0.275134474
3.25427866,-1.73304534,-0.389188051
2.98188066,-1.52524102,-0.382783741
3.31565595,-1.46597397,-0.46695739
3.17532396,-1.63801813,-0.397185117
3.4608562,-1.96315992,-0.413432896
3.20859909,-1.53577411,-0.444146395
3.4340198,-2.24338603,-0.318234414
-0.468138337,-18.2219238,11.2066174
2.32799578,-11.4166975,5.85897303
3.29705,-1.62546682,-0.441896647
3.94389606,-2.23389077,-0.437008411
3.53897166,-2.09445119,-0.423775047
4.06538439,-2.23314238,-0.368407696
3.52275729,-2.23477125,-0.393364638
2.32786727,-11.2597265,6.85012197
-0.287422925,-18.1742306,11.2423935
4.22264528,-2.23801208,-0.13748844
3.65331936,-2.20931745,-0.452359438
4.00055218,-2.10853124,-0.396642476
4.16290808,-2.23918223,-0.264778048
4.10880423,-2.11289239,-0.305650949
4.04675436,-1.98632717,-0.335643172
3.06163692,-1.80180037,0.109225832
4.19300175,-2.11155653,-0.16122289
4.12593222,-1.98920405,-0.238387913
3.80522346,-2.2315464,-0.466622412
3.29512024,-2.14452958,0.109796189
4.17541742,-1.98682773,-0.117538117
4.06586647,-1.86522877,-0.266727865
3.23519087,-2.01913285,0.110726848
4.12874222,-1.87318265,-0.151764318
2.89646649,-1.67318273,0.127624586
3.15673065,-1.90351188,0.111393824
3.86908269,-2.11197948,-0.452510983
3.96652913,-1.8719281,-0.36900112
3.50756526,-1.83375621,-0.453513831
3.58443856,-1.92864919,-0.458627969
3.41002703,-1.2721647,-0.427294731
4.06613684,-1.74941134,-0.183924809
4.20466709,-2.04743218,-0.0102728056
3.66943192,-2.03764129,-0.464377612
3.92842054,-1.98468542,-0.416916996
3.9874711,-1.75040996,-0.303204417
3.39911103,-1.36168873,-0.453603774
4.16378069,-1.90582216,-0.0102728056
4.11179829,-1.76837766,-0.0102728056
3.50439644,-1.20530403,-0.356094509
3.54033232,-1.05092144,-0.128133744
-0.971461594,-18.1937084,11.5265093
3.87810206,-1.76149714,-0.39452517
3.98971701,-1.63281393,-0.220036998
3.43299198,-1.60191095,-0.466116428
3.90298533,-1.6358285,-0.327661991
3.84300089,-1.87400949,-0.435282171
3.5343883,-1.10843623,-0.244020939
3.75203347,-2.11761642,-0.467470467
4.2340064,-2.19180918,-0.0102728056
3.53595138,-1.70522928,-0.467113614
3.79770064,-1.64284587,-0.402465791
3.75016022,-1.77022457,-0.448557019
3.79317713,-1.99850845,-0.461012483
3.7091527,-1.8930068,-0.465846509
3.62147164,-1.78765309,-0.467376471
3.66942573,-1.66362178,-0.452611953
3.81582403,-1.5174371,-0.337935507
3.4776988,-1.46361208,-0.458215833
-0.46925956,-18.1972275,12.3308687
3.70934892,-1.53306794,-0.40924862
3.58552456,-1.06715286,-0.0102728056
4.05024529,-1.66188943,-0.109541468
3.5757525,-1.56486344,-0.456838131
3.90877175,-1.52156591,-0.242764071
3.73158908,-1.41620064,-0.343809456
3.61643839,-1.43187749,-0.413841009
3.6328001,-1.30581152,-0.343768537
3.51549506,-1.3379277,-0.417656064
3.82169628,-1.41518939,-0.258484125
3.73191977,-1.3098191,-0.261034787
3.63724637,-1.20905221,-0.257134765
3.98624086,-1.55311298,-0.124348506
-0.865277231,-18.2067738,11.3749304
4.04836082,-1.63442719,-0.0102728056
3.630337,-1.13210261,-0.145205095
3.82187867,-1.33089221,-0.145856962
3.72408724,-1.22577846,-0.154110193
3.91202188,-1.44431412,-0.135931969
-0.739299357,-18.2196636,11.2775736
3.69588137,-1.16497076,-0.0102728056
3.89091134,-1.38523698,-0.0102728056
3.79771423,-1.27104175,-0.0102728056
3.97503591,-1.5072422,-0.0102728056
3.33167815,-0.91937387,0.131954163
3.57085204,-1.07409155,0.104507975
2.32692981,-11.4106674,6.82718706
-0.120114803,-18.2089863,11.3310261
3.14421844,-1.81736457,0.221783951
3.31015682,-2.06120491,0.221449524
3.36294174,-2.1960001,0.221596122
3.04045844,-1.71859872,0.224883586
3.24221897,-1.93538916,0.227367461
3.44252634,-1.01456881,0.185248822
3.25676608,-1.29791784,0.44080162
3.18387079,-1.17538381,0.425317109
3.11342955,-1.29739153,0.446922898
3.18546247,-1.42131829,0.441939592
3.33579826,-1.94792485,0.318108022
3.39657521,-2.08068395,0.313137352
3.04307604,-1.41924739,0.424090683
3.25950408,-1.8304919,0.321279705
3.1622932,-1.7263267,0.318924785
3.3338654,-1.19269967,0.398390979
2.92884731,-1.6170975,0.256713897
3.45509362,-2.24283409,0.318908364
3.24778986,-1.06467271,0.361052454
3.05645633,-1.62778258,0.325546354
3.107234,-1.52598417,0.401838154
3.32767844,-1.43607438,0.446842968
4.13261986,-1.85633147,0.0981549919
4.17225027,-1.96752179,0.0867966861
2.97930884,-1.52969563,0.358523816
3.40917659,-1.32273936,0.422342926
3.24554968,-1.54996407,0.427734047
4.18419456,-2.08327961,0.147761494
3.17626691,-1.63003314,0.380727887
3.29006982,-1.69250071,0.399848282
3.38717628,-1.56649792,0.444702834
4.07725668,-1.72611797,0.103991948
3.39418173,-1.09312832,0.315117747
3.44703126,-1.69682562,0.439007849
3.46894646,-1.45157516,0.437217295
3.48149824,-1.21948731,0.356108963
3.52991819,-1.58102047,0.44393155
3.65355039,-1.1733321,0.165625796
3.54578161,-1.34367573,0.38805753
3.60893369,-1.47158766,0.408655584
3.67024255,-1.60061133,0.420945257
3.81880116,-1.32968235,0.130353451
3.73977804,-1.49471784,0.358240336
3.73917127,-1.22875381,0.103652753
3.6748147,-1.36856592,0.334251314
3.4389379,-1.95038831,0.38529852
3.6051023,-1.24687457,0.30057919
3.80415416,-1.62311757,0.371958822
3.37912416,-1.82307172,0.39366129
3.5898428,-1.71131825,0.446351618
3.493541,-2.08889341,0.381359994
3.5316236,-1.13310182,0.255487114
3.29878545,-0.976345837,0.260042578
4.0127306,-1.59805238,0.102055982
3.94953442,-1.49211717,0.0991916358
3.72373509,-1.29132843,0.23045446
3.73053002,-1.73022664,0.427296847
3.94221926,-2.2507031,0.418091744
3.80924439,-2.2393682,0.445912421
3.86492729,-1.75423062,0.379332155
3.50685287,-1.82759905,0.433612525
3.64540863,-1.84404349,0.446917415
3.78744841,-1.86261952,0.430248737
3.70453382,-1.97498715,0.446923167
3.56260967,-1.95939219,0.430253416
3.92208672,-1.65010846,0.296871454
3.66779017,-2.22781491,0.434392303
3.91880441,-1.88230109,0.381733477
3.84533381,-1.99373758,0.428822488
3.79261756,-1.40467608,0.261745512
3.86000204,-1.53029001,0.286094099
3.89070535,-1.44583678,0.167331427
3.98091602,-1.78235531,0.304376125
3.75956345,-2.10783911,0.446786374
3.62057424,-2.09123349,0.431768328
4.20867062,-2.22446585,0.152611226
4.0349617,-1.91578221,0.303940296
3.97691059,-2.01383448,0.374873281
3.55003309,-2.20752907,0.392296135
3.90126443,-2.12692571,0.423789918
4.0679121,-2.28566265,0.351476043
-0.000145795857,-18.2532291,11.4584188
4.02172613,-2.15032554,0.368552357
4.08710814,-2.04785895,0.291849881
4.0704236,-1.81372178,0.208294123
4.12422657,-1.94738138,0.198505625
4.13135386,-2.18529844,0.275290638
4.01443052,-1.69274473,0.210369244
3.95174932,-1.56844079,0.201350689
2.32609391,-11.5543385,6.7559824
0.0710771084,-19.5750999,10.1332321
0.0921402723,-19.6554432,10.2868376
0.0982435271,-19.744772,10.1370354
0.090756394,-19.8275089,10.2894983
0.0972176641,-19.7394047,10.4401226
0.0714966282,-19.9179726,10.1408634
0.0898928866,-18.3346539,11.7840796
0.0638688356,-19.9081554,10.4406042
0.0369802229,-19.9922733,10.2900095
0.0787744895,-19.8232288,10.5928793
-0.00790157542,-20.0747738,10.1442738
-0.0137682678,-20.052681,10.4459839
-0.0641132072,-20.1316795,10.2984657
0.0181514639,-19.9711533,10.5955849
-0.131793976,-20.1989384,10.1469135
-0.0891923457,-20.1057091,10.5926962
-0.136450246,-20.175251,10.4396467
0.0364376642,-19.8895988,10.7464027
-0.0544473119,-20.0266914,10.745142
0.0890989527,-19.7240734,10.73668
-0.0329347029,-19.9437141,10.8954935
-0.201075688,-20.2339535,10.291151
-0.153592736,-20.0659981,10.8814554
-0.185163155,-20.1405697,10.7261105
-0.132799715,-19.9825897,11.034647
0.0529024825,-19.7916756,10.8910894
0.0409826785,-19.4897633,10.2831936
-0.265516818,-20.2161961,10.5876188
-0.288513243,-20.2787209,10.1485329
0.0788651705,-19.5658493,10.4367247
-0.272663832,-20.2491531,10.4277029
0.0707084462,-18.3152962,11.6079445
0.0935983136,-19.6225872,10.8792419
-0.348561585,-20.2839108,10.3214941
-0.305036962,-20.145113,10.8710108
-0.45860067,-20.2709923,10.495553
-0.289271146,-20.0753899,11.0255489
-0.329144895,-20.1987858,10.7308979
-0.458339214,-20.2952404,10.3223953
0.0605735667,-19.6936092,11.0365095
-0.458920479,-20.2330132,10.6673174
-0.0156640988,-19.8489685,11.0425396
-0.26199019,-19.9951553,11.1623325
-0.102733098,-19.8805962,11.1732721
2.32519984,-11.7677345,6.34556198
2.32518625,-11.7418737,6.5021739
-0.459295213,-20.181654,10.8355379
2.32553101,-11.7439528,6.18846941
0.0972190872,-19.658535,10.5759859
-0.459721237,-20.1174316,10.9987307
-0.460196704,-20.0406513,11.1563129
0.0932361558,-19.5582161,10.717452
-0.225545153,-19.8944836,11.2987261
0.0948323458,-19.5274906,11.01054
2.32615447,-11.671896,6.04513836
0.000171526379,-19.7434273,11.1775932
-0.0979153588,-19.7812901,11.3175354
0.0669855177,-19.5848103,11.1705074
0.0880070701,-19.455513,10.8575869
0.0553346276,-18.3282166,11.9530296
-0.00872334465,-19.4184704,10.1296663
-0.000918925332,-19.6427994,11.3210621
0.0952445269,-19.4145622,11.1441364
0.0853059217,-19.3541603,10.9991484
0.0499841869,-19.3927078,10.7009439
0.0371965244,-19.2886257,10.8418026
0.0663154125,-19.4914417,10.5577955
0.0138125401,-19.4154263,10.4196167
0.0836164281,-19.2442017,11.1305237
0.0933518708,-19.3166676,11.2886429
0.034697026,-19.1923161,10.974472
-0.0389937125,-19.2408657,10.6919203
-0.0493759513,-19.1429634,10.8354998
0.034784697,-19.0775204,11.1066275
-0.0469960384,-19.0375309,10.9744673
-0.0544373989,-19.3516426,10.2778063
-0.157657951,-19.117054,10.7036028
-0.0149354758,-19.3310699,10.5570049
-0.187065572,-18.9949837,10.8502483
-0.139555797,-19.2033501,10.5531216
0.0662792549,-19.4871025,11.2976742
0.0717208609,-18.4841995,11.8744297
3.22037697,-0.828919828,-0.0102728056
0.08785218,-19.1419296,11.272728
-0.0933534727,-19.2867031,10.4144049
-0.289981693,-19.1179562,10.5624409
-0.132936522,-19.2946167,10.1267853
-0.224134356,-19.1986561,10.4133139
-0.182389095,-19.2509575,10.2690048
0.0895636305,-18.4918423,11.6748371
-0.000792687177,-19.5286083,11.4538469
-0.28964442,-19.2153034,10.1248636
-0.316541463,-19.1928596,10.2827253
-0.349599034,-19.1583405,10.4033251
-0.597647548,-18.2587795,11.2164183
0.0556860827,-19.3894958,11.4428902
0.0885449499,-19.2169437,11.4332237
-0.463195294,-19.1713161,10.2962446
-0.463541597,-19.1268578,10.4661827
2.97316813,-1.29118252,-0.462576002
-0.0946653783,-19.671278,11.4537926
-0.0235252008,-18.3271389,12.097496
0.00963494368,-18.4801331,12.0230885
3.04451561,-1.16739476,-0.461088002
-0.0987166315,-18.4715919,12.1565189
-0.147182122,-18.3157635,12.218771
0.0292664021,-18.6347866,11.9482889
-0.0628029108,-18.6272869,12.0847855
0.0831804574,-18.6330223,11.7825775
-0.0402153879,-18.7811909,12.0090284
2.81863594,-1.63965094,-0.111802064
-0.161695451,-18.7618484,12.1294785
-0.199160516,-18.621788,12.1947107
-0.139933765,-18.918417,12.0534935
0.0467870384,-18.7839661,11.8576622
-0.269019544,-18.47719,12.2600164
-0.348219126,-19.96241,11.2683916
-0.033537969,-18.9192543,11.1113224
-0.288412333,-18.3121929,12.2914047
-0.216965318,-19.7896862,11.4375544
0.0531184562,-18.9785938,11.2503996
-0.310579807,-18.7496929,12.2055082
-0.0197841302,-19.4280491,11.5894804
3.16971684,-0.950423896,-0.330171883
-0.46848321,-18.3725414,12.3140211
0.0426064879,-19.2761974,11.5829687
-0.282218575,-18.9002552,12.1413136
-0.338494778,-18.621748,12.250001
-0.157058328,-18.8832874,10.9955235
-0.458136708,-20.3058548,10.1489668
0.0918196738,-19.0494175,11.3968782
-0.467702836,-18.5459309,12.2834339
0.08777643,-18.8058662,11.6879616
-0.26993379,-19.0492611,12.0695429
-0.021354666,-18.914669,11.9288702
-0.466926396,-18.7156448,12.2395144
-0.108433224,-19.061182,11.9581232
-0.466154099,-18.8816452,12.182332
3.11206675,-1.04982328,-0.415488034
-0.465391964,-19.042635,12.1123009
0.0333638228,-18.4225807,11.4838924
-0.251093745,-19.1849918,11.987731
0.0509151407,-18.9230213,11.7852869
-0.102006905,-19.5613327,11.5822792
0.0829070508,-19.1024017,11.558773
-0.0796945095,-19.1867027,11.8559551
-0.613096595,-20.2668476,10.3841143
0.00140514574,-19.0523453,11.8229723
-0.608184934,-20.238699,10.5578003
-0.318057179,-19.0276852,10.7132301
2.76125145,-1.61970162,-0.0102728056
0.0913979635,-18.6590023,11.6372566
-0.138805315,-19.4780273,11.6995239
0.024022093,-19.166954,11.7085066
-0.0607100204,-19.3287354,11.7341795
2.85908151,-1.51817644,-0.336463481
0.0665425733,-18.9966164,11.6981344
-0.30664584,-18.848938,10.9330091
0.0934368297,-18.9322968,11.5410538
-0.611561596,-20.1975784,10.7181168
-0.463992536,-19.0563908,10.6269293
-0.343766302,-19.8814716,11.3884058
-0.46296525,-19.1885414,10.124095
-0.632638931,-20.1336956,10.8885517
0.0835636854,-18.7628269,11.5142031
-0.460719764,-19.9516106,11.3076248
0.0716451332,-18.8767147,11.3898592
-7.35032081e-05,-18.8129845,11.2469521
-0.584070802,-20.0830345,11.0417776
0.0354264043,-18.7054024,11.380455
0.0637993217,-18.5934906,11.506155
-0.0147914616,-18.5397205,11.3628502
-0.0635326952,-18.6602802,11.2452421
-0.113384813,-18.7736187,11.1235638
-0.207614526,-19.6734085,11.567481
-0.464642733,-19.1980343,12.0296173
-0.13317734,-18.5004883,11.249774
-0.200236097,-18.624094,11.147006
-0.331949681,-18.9280472,10.8409176
-0.263533354,-18.732399,11.0464153
-0.0661373809,-18.3743153,11.3506908
-0.195977718,-19.3081074,11.877636
-0.209914848,-19.5679054,11.6762104
-0.302904069,-18.4691048,11.169817
2.90401173,-1.40899849,-0.419763237
-0.631569386,-20.2790585,10.1481972
-0.203845084,-18.3413105,11.2517653
-0.192798093,-19.4215221,11.7911959
-0.344330579,-18.3209705,11.2026949
-0.467359602,-18.3935413,11.1693373
-0.306790113,-19.5300045,11.7628088
-0.335077196,-19.2917061,11.9534798
-0.339772046,-19.7741108,11.5256844
-0.632827222,-19.2157536,10.1245308
-0.345585704,-18.6043034,11.0963297
-0.461286306,-19.8509979,11.4514446
-0.465856522,-18.7082081,11.0175276
-0.338524491,-19.6566277,11.6546564
-0.461893052,-19.7393932,11.5869436
-0.466593593,-18.5567837,11.105834
-0.462536037,-19.6175346,11.7132339
-0.463211656,-19.4860973,11.8296118
-0.323335856,-19.3991833,11.8745499
-0.463915348,-19.345974,11.9352875
-0.46516344,-18.8446636,10.9059591
-0.57393074,-18.4633846,12.2894602
-0.63163954,-18.314167,12.29669
-0.607111812,-18.6031513,12.2519627
-0.628645778,-18.7547932,12.2022228
-0.646666765,-18.9070473,12.1400356
-0.464536756,-18.96171,10.7745495
-0.657139897,-20.0107079,11.1377897
-1.01146972,-19.8318424,10.2898321
-1.01934552,-19.7496243,10.1360273
-0.992294669,-19.9189396,10.139822
-0.992432892,-18.3356667,11.9504986
-0.956769049,-19.9952469,10.2917938
-0.912859738,-18.3322201,12.0972824
-1.02633739,-18.3394985,11.7804146
-0.984173417,-19.9118767,10.4431334
-1.01411295,-19.6590862,10.2849903
3.21205735,-0.888923407,-0.229750112
-0.912644148,-20.0755615,10.1433878
-1.01905262,-19.7415161,10.4394445
-0.854740739,-20.1344185,10.2964678
-0.903734446,-20.0583134,10.4463816
-0.992626071,-19.5765095,10.1322012
-1.00801158,-18.4901772,11.8688536
-0.788474798,-20.1995583,10.1462717
-0.660826564,-19.0333157,12.0778437
-1.00805056,-18.3427124,11.6078587
-1.00102544,-19.8235092,10.5939264
2.8318429,-1.59861922,-0.224985421
3.16328573,-0.814158499,-0.129286885
-1.02566946,-18.4930382,11.696456
-0.594306588,-19.9649925,11.2565346
-0.936378241,-19.9776859,10.5968256
-0.735224187,-20.2262383,10.2860031
-0.599071026,-19.1441059,10.468996
-0.761014819,-20.1902885,10.4489727
-0.827350557,-20.1107807,10.5927181
-0.939603031,-18.3471241,11.4482327
-0.993053854,-18.4962769,11.5246496
-0.944385171,-18.4859123,12.0231047
-0.78921181,-18.3192158,12.2187357
-0.957427144,-19.8931656,10.7473869
-0.862260878,-20.0329628,10.7461786
-0.711143911,-20.1869297,10.6083937
-0.644116402,-19.324461,11.9142809
-1.01119113,-19.7202339,10.7626572
-0.876149714,-19.9529343,10.9157572
-0.750002205,-20.1293411,10.7375383
-0.784606576,-20.0615082,10.8644981
-0.835728705,-18.4760265,12.156827
-0.969406605,-19.7958393,10.9205608
-0.723586142,-20.046936,10.9968834
-0.913479686,-19.840126,11.0448446
-0.964073002,-18.6404648,11.945343
-0.658272505,-18.4075356,11.2003222
-1.01595473,-18.6336212,11.7885571
-1.0232954,-18.6275597,11.6275883
-0.643490255,-19.8658466,11.3806515
-0.589411378,-19.7828979,11.5141039
-0.597916484,-19.6830616,11.6240396
-0.87006706,-18.6327934,12.0850639
-0.591537476,-19.5826988,11.725811
-0.556615412,-19.0668888,10.6243382
-0.653811872,-18.5960045,11.1226988
-0.677034378,-19.2141819,10.3035841
-0.605733514,-18.8318901,10.9427681
-0.601488352,-18.9202957,10.8523283
-0.702657759,-18.4696331,12.2460899
-0.748287678,-18.621151,12.1875048
-0.683622241,-19.1717033,11.9936275
-0.89910543,-18.7800922,12.0017776
-0.774235368,-18.77351,12.1239405
-0.920025826,-18.5027237,11.377759
-0.979684234,-18.7768669,11.8606596
-0.798310518,-18.9179726,12.0491743
-0.915204585,-18.9208908,11.9195881
-0.986730933,-18.6366024,11.4590197
-1.01930308,-18.7703934,11.7106895
-0.9871822,-18.92029,11.7738638
-0.689234734,-19.4702225,11.7814369
-0.813916862,-19.0564651,11.9689999
-0.920437694,-19.0730553,11.8311749
-1.02112341,-18.9094868,11.6204767
-0.993220866,-19.0578537,11.675211
-0.832267821,-18.367485,11.3167353
-1.0205884,-18.7612095,11.5512133
-1.02200401,-19.0409222,11.5203953
-0.812581658,-19.1984749,11.8877201
-1.01680934,-18.8975506,11.4534645
-0.994048655,-19.1992168,11.571909
-0.712144136,-18.7598095,11.0517378
-0.818020761,-19.3506451,11.7761021
-1.01617372,-19.0307083,11.3630915
-0.9990502,-19.562315,10.4215374
-1.01756454,-19.6119099,10.6082916
-0.814091206,-19.9356194,11.0880241
-0.9834463,-18.7778149,11.3841314
-0.974177122,-19.6907215,11.0942173
-0.923701286,-19.2145977,11.7344933
-0.918546855,-18.6629791,11.3111057
-0.987125933,-18.9068146,11.3177242
-1.02190614,-19.1474209,11.4338799
-0.971896529,-19.5111217,10.2749538
-0.930532932,-18.8219681,11.2418737
-0.965577304,-18.9952164,11.1900492
-1.0214349,-19.2039452,11.2843542
-0.807371855,-18.5257492,11.2460279
-1.00160563,-19.3031006,11.4509964
-0.925592542,-19.3549061,11.6220961
-0.989814162,-19.1856384,11.086834
-0.823643386,-18.7061558,11.173111
-0.846015394,-18.8595543,11.0925655
-1.01451159,-19.6274567,10.9222097
-0.940981448,-19.4781399,11.4737816
-0.836190403,-19.4882202,11.6398668
-1.00395262,-19.4158115,11.32306
-0.671873033,-19.0191193,10.764781
-0.885888338,-19.8011265,11.1823378
-0.754269004,-19.9029274,11.230547
-0.744078279,-18.9220943,10.9355183
-0.846482873,-19.6245022,11.4874048
-0.935497999,-19.5945339,11.3562031
-1.02192366,-19.3627434,11.1618538
-0.722925961,-19.6138973,11.6273775
-0.903236151,-19.0438747,11.0086451
-0.71755439,-19.7337933,11.499917
-0.789221406,-19.2953968,10.1261473
-0.824718475,-19.7604275,11.3505545
-1.02035451,-19.5836086,10.7840309
-0.9959957,-19.5472565,11.2042646
-1.00846994,-19.35149,10.9845486
-0.933568954,-19.6830769,11.2445898
-0.91341567,-19.41992,10.1287947
-0.94685173,-19.2026615,10.9190159
-1.01955438,-19.5156059,11.0342903
-0.833226085,-19.0794315,10.8515368
-1.01566577,-19.4696026,10.8759212
-0.97571224,-19.3359852,10.8204966
-0.995886862,-19.4546909,10.7098236
-0.897087693,-19.2146854,10.7694254
-0.930708468,-19.3243637,10.6590424
-0.966628611,-19.4419327,10.5333939
-0.874268651,-19.309618,10.4944134
-0.826973379,-19.2064552,10.6304684
-0.922546029,-19.4093513,10.3503933
-0.787305117,-19.116785,10.7313538
-0.744402111,-19.2027054,10.4822807
-0.821690261,-19.3012352,10.3200388
-0.69633913,-19.1153297,10.6252232
-2.89929938,2.68046904,-0.146023512
-2.88899016,2.69832516,-0.0102728056
-2.76580977,2.6272068,-0.0102728056
3.09678984,-0.75756669,-0.0102728056
3.02543783,-0.735883534,-0.13342233
1.85268974,-0.0392851569,-0.0102728056
1.97631741,-0.110661633,-0.0102728056
1.90625703,-0.0892568156,-0.13196604
2.0317297,-0.162393972,-0.134126589
1.78098023,-0.0174717903,-0.133658245
0.102702297,0.971070588,-0.0102728056
0.226348609,0.899683356,-0.0102728056
0.156028837,0.920660377,-0.13376309
-0.409973711,0.231464371,-0.135710642
-0.356918752,0.180574745,-0.0102728056
-0.480572909,0.251966506,-0.0102728056
-3.34619021,1.90643144,-0.0102728056
-3.33483052,1.92610705,-0.152605236
-3.22253156,1.83503711,-0.0102728056
1.39217579,-0.829265475,-0.0102728056
1.26851404,-0.757869303,-0.0102728056
1.33901405,-0.778552175,-0.134985968
-1.59143996,1.93053746,-0.130711064
-1.6451987,1.98022163,-0.0102728056
-1.52153289,1.90882313,-0.0102728056
-1.46667385,1.8575269,-0.133767039
-1.71640432,2.00183296,-0.133383125
-2.22820163,1.26096034,-0.0102728056
-2.15793514,1.23985577,-0.13327302
-2.10452461,1.18955553,-0.0102728056
-3.15631104,1.81520498,-0.129927143
-2.28161669,1.31135857,-0.133567944
-1.02387857,1.62150228,-0.0102728056
-1.09412813,1.64271605,-0.132904321
-1.14762461,1.69294715,-0.0102728056
-0.968172789,1.56950498,-0.134420186
-1.21965146,1.71485877,-0.133920521
-2.3519702,1.3324182,-0.0102728056
-3.09796643,1.76311934,-0.0102728056
-3.02798367,1.74139297,-0.130811006
-2.97417665,1.6916492,-0.0102728056
-2.90284109,1.67001164,-0.133533955
2.59808326,-1.50147605,-0.146614015
2.63733292,-1.54815722,-0.0102728056
2.51350904,-1.47666752,-0.0102728056
2.72643232,-1.57915282,-0.136279106
-1.2715379,1.76448846,-0.0102728056
2.45892072,-1.42555392,-0.133685663
-3.04512525,2.42789125,-0.44389379
-2.9719069,2.30524611,-0.461225063
-3.11565709,2.30572677,-0.46745646
-1.34542656,1.78768468,-0.133272454
2.77819443,-0.592394471,-0.1310983
2.72439265,-0.542563081,-0.0102728056
2.84825063,-0.614072442,-0.0102728056
2.90332222,-0.665584326,-0.134053394
2.65301204,-0.520920873,-0.133600354
2.97272134,-0.685935676,-0.0102728056
3.07565355,-0.829591632,-0.258020371
-3.1956284,1.89049566,-0.239265576
-0.533756733,0.303100497,-0.136225417
-2.40465212,1.38261771,-0.134260744
-1.23360848,0.686731756,-0.0102728056
-1.35752261,0.758273661,-0.0102728056
-1.28744507,0.736567855,-0.131049469
-1.16226363,0.665114284,-0.133612886
-1.41256273,0.809773326,-0.134071857
-2.03260159,1.1676724,-0.13382338
0.0322814025,0.992456913,-0.13267453
-2.84944367,1.61963463,-0.0102728056
-2.19312644,1.31101215,-0.23823148
-2.94496083,1.74962056,-0.244929835
-3.30216098,1.98269236,-0.280025333
-1.66035175,0.951871872,-0.131069183
-1.60650873,0.902025878,-0.0102728056
-1.73044109,0.973578215,-0.0102728056
2.94044232,-0.743372858,-0.246708289
-1.78464484,1.02440679,-0.133490875
-1.53527105,0.880453169,-0.133560225
-2.47699785,1.40460289,-0.0102728056
-3.07038784,1.82105613,-0.243505239
-2.5166316,2.48334384,-0.0102728056
-2.39266658,2.41177249,-0.0102728056
-2.46277905,2.43347669,-0.131117925
-2.58799863,2.50496006,-0.133656248
-2.33793736,2.36051226,-0.133887336
-2.77929068,1.5979445,-0.131236538
-2.82101035,1.67779601,-0.244550332
1.72846019,0.0324387886,-0.0102728056
-2.52549291,1.45809078,-0.150620386
-2.60100508,1.47619855,-0.0102728056
-0.60463196,0.323592037,-0.0102728056
-2.65570545,1.52744544,-0.133897081
2.1005888,-0.182409748,-0.0102728056
2.81411171,-0.671686172,-0.248491213
1.94075763,-0.167721629,-0.248869047
1.46264267,-0.85063684,-0.132803932
-2.72543001,1.54803526,-0.0102728056
-2.57378435,1.54804802,-0.262446612
-2.695333,1.60599792,-0.245652452
-0.0214501694,1.04275,-0.0102728056
0.0665795952,0.901147425,-0.266605437
-2.9037416,2.42271185,-0.415801257
3.04129004,-1.17342508,0.441643685
2.97002316,-1.29686689,0.441024274
2.38931012,-1.40496123,-0.0102728056
1.35498631,0.248064056,-0.0102728056
1.47901261,0.17645748,-0.0102728056
1.39642262,0.199455753,-0.148442596
1.53350258,0.12537609,-0.133761436
1.28333342,0.275295854,-0.115368679
-3.02253628,2.15654969,-0.460637122
-2.71952963,1.70863688,-0.341487259
-2.84457278,1.77946579,-0.340358496
-0.286393464,0.159142196,-0.132718474
-0.899587929,1.54974306,-0.0102728056
-2.96825981,1.85310185,-0.342194706
-2.72720027,2.58466792,-0.135678172
0.283382744,0.84663868,-0.135277823
-2.26848102,2.34007406,-0.0102728056
-2.42691684,2.35461426,-0.247935444
-1.4822576,0.830289423,-0.0102728056
-1.32345498,0.816047609,-0.248660058
1.21506059,-0.706806362,-0.135538206
-1.44985461,0.887740672,-0.24683097
-1.57144535,0.952237368,-0.238461778
-2.08987904,2.21810341,-0.13136889
-2.14376235,2.2680676,-0.0102728056
-2.01966715,2.19642115,-0.0102728056
-2.31794596,1.38737404,-0.244582891
2.15375781,-0.232859343,-0.134164676
-1.96511996,2.14527798,-0.133850455
2.0679512,-0.240496874,-0.247932196
-2.21545625,2.28978491,-0.133926719
-2.98153114,2.53803945,-0.377673984
3.10854721,-1.05516744,0.398216724
1.65506494,0.0552146062,-0.133691579
1.51638424,-0.900977254,-0.0102728056
1.42823172,-0.771288395,-0.250564456
-2.30101395,2.28310275,-0.246249706
-0.0936317816,1.06464398,-0.134249851
2.33337069,-1.35311627,-0.133535281
-1.85473979,1.04534209,-0.0102728056
-3.1865685,2.18290448,-0.446162552
1.76554918,-1.04483271,-0.0102728056
1.84068024,-1.06301296,-0.149832726
1.88970208,-1.11651242,-0.0102728056
1.96120334,-1.13814437,-0.133847222
1.71113348,-0.993782163,-0.133798495
2.9010129,-1.16707313,-0.46744898
2.34994769,-0.326377153,-0.0102728056
2.27972412,-0.304644912,-0.131232128
2.22579169,-0.254695684,-0.0102728056
-2.17677045,2.21043658,-0.247587174
2.40448356,-0.377525508,-0.133886307
0.141155928,-0.10698881,-0.0102728056
0.0169803817,-0.0352960303,-0.0102728056
0.0986592025,-0.0587325953,-0.14578031
0.20692727,-0.133446723,-0.105243139
-0.0373149887,0.0156626292,-0.133729458
-0.842294633,1.49732482,-0.132888898
2.41945815,-1.34530258,-0.248123184
2.84337354,-1.51411748,0.311599016
-1.98007631,1.11770523,-0.0102728056
-2.06303859,1.24141765,-0.246336013
-2.64139533,2.55537605,-0.0102728056
-0.232569665,0.108781762,-0.0102728056
-2.55142641,2.42592263,-0.248755082
2.97073531,-1.04595554,-0.444063634
-0.319997162,0.238411754,-0.251068026
2.90097499,-1.4138242,0.396338552
2.20470667,-0.327565074,-0.259111524
-1.91075921,1.09748399,-0.134308264
1.58865619,-0.922895133,-0.134336635
-3.18641663,1.96918523,-0.33388412
-2.59920716,1.65320897,-0.352646083
2.66692472,-0.598896921,-0.264979124
1.14411199,-0.686045766,-0.0102728056
2.59951854,-0.470467001,-0.0102728056
-1.76984191,2.05218458,-0.0102728056
-2.81060481,2.58508205,-0.234709755
2.83125162,-1.28846717,-0.446981281
-0.145988315,1.11465216,-0.0102728056
1.64117467,-0.973025024,-0.0102728056
1.7923162,-0.976065397,-0.258011252
-0.0683967695,0.982425928,-0.262267649
-1.67563224,1.92377591,-0.243734583
2.26445436,-1.33287573,-0.0102728056
-1.55123234,1.85176146,-0.244014636
-0.270388335,1.18647456,-0.0102728056
-0.340676188,1.20823455,-0.131261647
-0.394664884,1.25822568,-0.0102728056
-0.215956837,1.13538253,-0.133898333
-0.454429239,1.27731311,-0.119957566
1.67488885,-0.916050017,-0.247232661
2.2104497,-1.28288388,-0.131234884
2.73780656,-1.52686882,-0.251268089
2.29392385,-1.27566504,-0.244038075
-0.107426234,0.0365301631,-0.0102728056
0.0519058183,0.0212519839,-0.247621387
-1.42749596,1.77805567,-0.247283161
-0.188278764,1.05349648,-0.259816527
-1.8152895,1.09551942,-0.242178023
1.54952109,-0.842495024,-0.248902068
2.14015293,-1.26111031,-0.0102728056
9.89993382,-5.56661558,-0.676765084
2.08537269,-1.20973063,-0.134164289
-1.3027606,1.70586538,-0.247532025
1.69790053,-0.0155630745,-0.231071904
-2.69095826,2.49799013,-0.260385901
2.16884136,-1.19213521,-0.259771556
2.75806165,-1.4137975,-0.371333301
-1.94757521,1.1752367,-0.24702695
2.82562709,-0.797142148,-0.365891337
3.0349102,-0.936374068,-0.378198475
10.0206099,-5.62144947,-0.676762164
-0.307027131,1.13697374,-0.238760442
0.980211318,0.464440495,-0.0102728056
1.10454011,0.392659247,-0.0102728056
1.02389193,0.417462558,-0.140179306
1.60349023,0.104590282,-0.0102728056
-3.25118423,2.07098675,-0.38127476
1.15794384,0.33550036,-0.152848288
-0.160204321,0.0868548304,-0.134474367
0.908830583,0.485992014,-0.133880585
1.4584322,0.116162971,-0.24103047
-0.0736075863,0.0934414789,-0.247227833
10.1266146,-5.71591139,-0.676757216
2.40585446,-1.24639857,-0.344835132
2.265697,-1.17171848,-0.339719236
-2.73368573,1.83068943,-0.412940562
-2.86757731,1.91955304,-0.418166459
2.53372073,-1.32978511,-0.336925626
-2.93121147,2.62519574,-0.275005937
10.2005672,-5.84361362,-0.676750422
10.2299814,-5.98799944,-0.676742733
10.2118483,-6.13456154,-0.676734924
-2.8097136,2.29417014,-0.443254113
2.47477436,-0.398445934,-0.0102728056
2.81110072,-1.58121395,0.213055491
-2.89612436,2.19892597,-0.466983765
10.1472549,-6.26867867,-0.676727772
0.350914866,0.827764988,-0.0102728056
-0.184475288,0.157059625,-0.246667668
1.5666517,0.0365465358,-0.264720082
2.56272411,-0.510961473,-0.224821478
-1.17759049,1.63047838,-0.25192672
10.0449734,-6.37348509,-0.676722169
-2.84621978,2.52271056,-0.330320507
2.52843738,-0.446825564,-0.12667641
-1.69498014,1.02614629,-0.242306769
-1.19824016,0.744663239,-0.249942899
-2.6364634,1.75198364,-0.401798368
-1.39668238,1.83674073,-0.0102728056
2.53948164,-1.24363077,-0.397926033
2.71978331,-0.70576936,-0.343012005
2.36168408,-1.13540792,-0.400901645
3.16583467,-0.95386523,0.314575195
9.65001202,-5.56556892,-0.676765025
2.13555622,-1.06070828,-0.367018163
2.75759339,-1.16631234,-0.462628007
2.67194176,-1.28885102,-0.413590252
9.91370487,-6.44093227,-0.676718533
2.44049001,-0.460587949,-0.254914492
-1.84220231,2.0742209,-0.134129167
2.82878304,-1.04364359,-0.461204767
2.61476398,-1.16086745,-0.447675496
2.47528362,-1.14808428,-0.425318927
2.54573774,-1.41566384,-0.251706064
2.6852181,-1.04225039,-0.467446864
-1.80165493,1.992998,-0.248816997
2.89592648,-0.926282942,-0.41605103
2.75444007,-0.921133459,-0.444079816
2.27319908,-1.04307854,-0.420499593
2.54234004,-1.04233921,-0.462589383
2.6118927,-0.918946147,-0.461280495
2.46866012,-0.91946888,-0.467463464
2.3993783,-1.03942251,-0.446901292
3.16286445,-0.814584672,0.110870786
2.32591152,-0.917920411,-0.462520689
-2.43908787,1.48456705,-0.280226946
2.39744139,-0.795738518,-0.461367428
9.77313137,-6.46307945,-0.676717281
2.67914224,-0.802918971,-0.416854948
2.53935647,-0.798883855,-0.444632202
2.25398135,-0.793718219,-0.467450768
2.18330526,-0.916319013,-0.446455956
1.09145439,-0.635705888,-0.134734109
2.70830536,-1.56964839,0.112792887
2.46529698,-0.677591383,-0.416020691
2.60089827,-0.687375546,-0.379202932
-3.08751225,1.91474855,-0.336171806
2.52123737,-0.577203691,-0.331211567
-1.47068679,0.97746551,-0.332893461
2.38351154,-0.56165725,-0.379069746
-1.35072279,0.915251493,-0.338908076
2.32106137,-0.67121613,-0.444164455
9.52946281,-5.6190238,-0.676762164
2.11026359,-0.79349333,-0.462510765
-2.21734095,1.39906156,-0.324429601
2.04142642,-0.912237287,-0.419222742
-1.92695832,2.06614423,-0.247677311
2.17583847,-0.670229733,-0.461710304
9.42221069,-5.71281576,-0.676757097
1.01882303,-0.613710165,-0.0102728056
9.34709072,-5.83998489,-0.676750302
9.77313137,-5.54860783,0.669234037
9.33252048,-6.1279192,-0.676734984
-2.41317868,2.23281121,-0.362113327
0.410250515,0.774251699,-0.132626593
-2.28635263,2.16399121,-0.358914077
9.39469528,-6.26243019,-0.676727831
9.31651402,-5.9827981,-0.676742733
1.94135427,-1.0777564,-0.235614449
9.49598503,-6.36950254,-0.676722169
-2.48530459,1.61263072,-0.370773375
2.03191948,-0.672764301,-0.467469275
0.517741024,-0.324410319,-0.0102728056
0.393227547,-0.252522439,-0.0102728056
0.46364665,-0.274328709,-0.131354868
0.588971257,-0.34586817,-0.133901462
0.324685842,-0.191321343,-0.139797479
-2.08772683,1.328915,-0.328666061
0.894303501,-0.541818738,-0.0102728056
0.964755058,-0.563575804,-0.131569088
0.839892328,-0.490687132,-0.134056762
2.04500866,-1.1240921,-0.255120009
-2.5548017,2.31117916,-0.364534825
-1.83143163,1.18484008,-0.332107604
1.88447762,-1.01438951,-0.27694723
-1.96102238,1.26117849,-0.333429664
1.2538482,0.238909706,-0.234031036
-2.99235559,1.98904288,-0.417040348
9.62630749,-6.4388628,-0.676718533
-1.58774149,1.03825021,-0.326873034
-1.65172184,1.8220197,-0.339797109
-1.77706957,1.89284694,-0.341076523
-1.52802968,1.74857485,-0.341479957
-1.22306478,0.849659264,-0.345559686
-1.40493047,1.67424667,-0.344141215
1.53992176,-0.75694555,-0.336134464
-1.64302635,1.70024252,-0.413329661
-1.5190661,1.627105,-0.414054304
-1.76726723,1.7741257,-0.412325889
-1.90270209,1.96100557,-0.344650567
-0.649587393,0.36707288,-0.127098382
1.95601273,-0.301675439,-0.370438427
-1.39694273,1.54986584,-0.417096883
2.08825278,-0.341589838,-0.343366504
-1.88576114,1.83827424,-0.414303333
2.95811415,-0.840313494,-0.340497851
-2.88729572,2.07255435,-0.459711283
-1.75391006,1.63801908,-0.454898596
-2.51681709,1.74858773,-0.430886179
-1.88038075,1.70508695,-0.456101239
1.67376709,-0.797939241,-0.364323348
-2.01384592,1.90490699,-0.41759637
-2.00657678,1.77358127,-0.456943661
-1.89488864,2.12438035,-0.0102728056
-2.05340219,2.13806438,-0.249212801
-1.62643731,1.57096767,-0.453502774
-1.87346351,1.56479919,-0.467167735
-1.70978427,1.11452794,-0.332038552
0.221547797,-0.0990410224,-0.212343454
-2.00134563,1.62935567,-0.466803372
-1.74821544,1.4954741,-0.467254966
-1.50933409,1.49338961,-0.455598265
1.80580628,-0.0988480002,-0.261218756
-1.86888754,1.42507148,-0.446957618
-1.05770111,1.56165421,-0.25137797
-1.74443138,1.35328734,-0.446976632
-1.99516726,1.49263036,-0.445494175
-2.12324715,1.5575527,-0.442901284
-1.97719705,1.37019575,-0.401190698
-1.84786129,1.29739201,-0.402167469
-1.39190257,1.41468275,-0.457689136
-1.10828853,0.614378273,-0.0102728056
-1.63509214,1.4315784,-0.467291176
-2.11234593,1.42782342,-0.389913261
9.77313232,-6.46300793,0.669282734
-1.27134693,1.4803201,-0.415768921
-2.90017295,2.67895603,0.130974367
-3.12040639,2.04328775,-0.407830447
-1.61634529,1.29148388,-0.450099319
-2.61414647,1.83029008,-0.439627707
-1.72753,1.22138309,-0.39871043
-1.5167799,1.35115182,-0.46687457
-2.75999641,2.0100944,-0.461390436
1.96693838,-0.791732252,-0.446365356
-1.38803005,1.27987492,-0.467002422
-2.32250404,1.46475995,-0.328930289
0.138979673,-0.0195390023,-0.260640532
-1.50135016,1.21575904,-0.4477247
-1.59915519,1.15615165,-0.403383225
1.90641642,-0.0889807567,0.110260099
-3.33572793,1.92455256,0.12645857
1.34396505,0.142789885,-0.291444868
-1.37899303,1.14381957,-0.447381943
1.98656809,-1.02383435,-0.328260273
1.04577684,0.349691153,-0.247881874
-1.47848773,1.0852164,-0.402729154
-1.26921153,1.21073294,-0.466980875
0.921657383,0.398082584,-0.278218031
-1.28616488,1.60327363,-0.346076578
2.24813843,-0.551501811,-0.415699452
0.156447545,0.921385586,0.110192373
-1.36564481,1.02112615,-0.403276116
-2.12721181,1.69978249,-0.466694027
-2.13346434,1.8388741,-0.458394676
-1.25505555,1.08392358,-0.450351655
9.64354706,-5.56735659,0.669235051
-0.410665005,0.230267018,0.110213742
2.10328054,-0.550058603,-0.445461363
-0.435213298,0.290025234,-0.228861734
9.51852322,-5.62606287,0.66923821
-1.26862633,1.3453846,-0.457344532
-2.7779026,2.15495062,-0.465524077
-1.2387197,0.954719067,-0.406754076
1.33841693,-0.779586256,0.110149391
0.2122235,0.83316493,-0.244689941
-2.23313046,1.50218487,-0.392571539
-1.12395263,1.02584779,-0.45436576
-1.11064088,0.897361815,-0.414664567
-1.13502467,1.15992606,-0.467468888
-1.59992564,1.92896497,0.129075244
-1.10011399,0.773139834,-0.341052353
-0.918576658,1.47884524,-0.254811794
1.23000109,0.320224315,-0.0102728056
-1.00073469,0.974505484,-0.458214283
-1.12683535,1.4012059,-0.413798422
-2.13861632,1.97695935,-0.417589277
-0.983605802,0.828792989,-0.416818887
-2.15868998,1.23170495,0.0820566937
-1.00766218,1.1115278,-0.466860324
-1.16187906,1.28088558,-0.457869112
-2.24486756,1.62428749,-0.441858619
-2.26899791,1.30797148,0.12449763
1.43040848,0.0399093218,-0.341982186
-1.09242404,1.64777327,0.0917196199
3.02552009,-0.735915303,0.11282821
-2.63859057,1.95951366,-0.463851541
-3.12729692,1.79566622,0.100094087
9.41207218,-5.72533035,0.669243574
1.89427447,-0.914523482,-0.371713728
-1.02585435,1.25817478,-0.445005178
0.0312667601,0.103716306,-0.327054203
1.45361972,-0.668321848,-0.366091967
-1.15710187,1.5341146,-0.341731042
-0.0666715875,0.190216705,-0.352006942
1.64785707,-0.0827138275,-0.339564383
1.31951845,-0.705928862,-0.254163295
-3.02799225,1.74137819,0.110203058
-0.442982018,1.21812475,-0.234724507
-1.21257389,1.70536613,0.128969982
-0.534694791,0.302665114,0.112689063
-2.25478387,1.76408863,-0.466148823
0.031526152,0.992674351,0.11280828
-0.0625670329,0.885335624,-0.355007082
-2.25958252,1.90745282,-0.459121168
2.57906008,-1.50117826,0.0918378606
0.266832739,-0.179548353,-0.0102728056
-2.37359262,1.68825448,-0.438618988
2.16693711,-0.438468456,-0.380238652
-2.66442871,2.22772384,-0.437837005
-2.3643744,1.56405115,-0.384394258
9.63275528,-6.44092417,0.669281602
-2.4077642,1.38421273,0.113092884
1.78149414,-0.0176702291,0.112808481
-2.38282156,1.82915103,-0.465498537
-0.19885546,0.926181316,-0.381016701
2.03057718,-0.161465228,0.112767883
2.77821803,-0.592353642,0.110380381
1.88963163,-0.673139095,-0.461564749
2.01472569,-1.18869472,-0.0102728056
-2.90287352,1.67002428,0.112969242
-2.27232599,2.04041243,-0.423441827
-2.39199328,1.9697938,-0.461317152
1.95925307,-0.55015707,-0.462379605
1.85576391,-0.206445351,-0.342618078
2.33313799,-0.377922714,-0.224025652
-0.774744511,1.47766471,-0.0102728056
-2.51077509,1.89432645,-0.464733243
1.46333218,-0.850858629,0.11280591
-1.28745532,0.736549973,0.110428594
0.549504578,-0.259788722,-0.256309211
-0.300812602,1.0391134,-0.342242301
2.30354047,-0.449382216,-0.329325557
0.424723983,-0.206705391,-0.228470549
-2.51809549,2.03714895,-0.46207425
-2.4002471,2.106776,-0.426454037
3.21029496,-0.89158541,0.214929834
-2.52576113,2.17624617,-0.427624047
-2.64565706,2.1029954,-0.463070154
-1.66034758,0.951878965,0.110553682
-0.521381497,1.33138549,-0.0102728056
-0.285740405,0.158971593,0.112814203
2.90272427,-0.665101826,0.11308419
-2.15024161,2.10221982,-0.346019596
-2.47073102,2.44046903,0.102711283
2.65959048,-1.47208309,-0.264218003
-0.969505012,1.57057977,0.112932779
1.21426404,-0.707065582,0.112785719
2.45921111,-1.42578804,0.112934589
-2.53086996,1.45448482,0.110583745
-2.65540838,1.52720547,0.113140456
0.855009317,0.536725938,-0.0102728056
1.51228821,-0.0704755411,-0.386355668
-2.76451588,2.41298413,-0.3775208
-2.77928829,1.59794855,0.110707708
-2.03334308,1.1679554,0.112829499
1.76889348,-0.885535896,-0.339179128
-1.07633519,0.670662105,-0.244774863
-1.41238153,0.809627116,0.113398083
-0.729784727,0.395848989,-0.0102728056
1.82708311,-0.792163134,-0.417615354
-2.33799911,2.36056209,0.11329782
1.74690306,-0.675519347,-0.443302125
-1.53494298,0.880326629,0.113208801
0.280751914,0.848759532,0.112883449
1.8158493,-0.55022347,-0.467457771
1.40456402,0.194084048,0.129717514
-2.02576518,2.02831554,-0.347642183
2.63163209,-1.39101481,-0.332888722
-1.78435493,1.0241729,0.112739354
1.12588918,0.264803112,-0.295714974
1.88553524,-0.428169817,-0.446514726
2.02697086,-0.432107329,-0.419364512
1.67284131,-0.550013244,-0.461274654
1.74264657,-0.426559269,-0.462568104
-0.193403393,0.232937291,-0.32660985
9.90006161,-5.5665803,0.669234931
0.0984174088,-19.7486477,9.96290779
-1.71113205,2.00375438,0.0962678194
-2.65448523,2.3979125,-0.342319667
0.155015722,0.0678686723,-0.356288761
1.6067158,-0.668005347,-0.416248679
-2.08988047,2.21810079,0.110834464
10.0252771,-5.62442255,0.669237971
1.59913242,-0.426947027,-0.467442036
1.53099453,-0.54882437,-0.443896621
-2.5823648,2.51073456,0.0807158053
1.45570064,-0.427762896,-0.460817456
2.65293169,-0.520890057,0.113102801
10.1315384,-5.72194767,0.669243097
1.39064503,-0.545425415,-0.415270448
1.66745102,-0.304659963,-0.447161555
1.31281209,-0.427361488,-0.44257319
1.52547991,-0.304308325,-0.462960124
1.84187233,-1.06387877,0.128806472
-2.21559596,2.28983879,0.11346367
1.38192034,-0.304724723,-0.467401713
0.342901707,-0.129979029,-0.270036906
1.81026173,-0.309048504,-0.420249164
2.27423429,-0.308173239,0.130128548
0.332175553,0.767096162,-0.240007311
1.23808599,-0.305554658,-0.460294664
1.59166455,-0.185196251,-0.421249509
9.31602478,-5.99658489,0.669257998
1.44989264,-0.18232049,-0.448024482
0.0967370644,-0.056608852,0.128032699
1.30714345,-0.182248369,-0.463436574
-0.544329941,0.372295231,-0.257064879
1.16239238,-0.182333604,-0.467319667
1.37374055,-0.0635368675,-0.422985762
1.18742037,-0.621376455,-0.265186101
1.23251855,-0.0604136474,-0.448950499
2.15391254,-0.232918561,0.113526337
1.29327166,0.052427873,-0.38846007
0.642896473,-0.396668851,-0.0102728056
1.08947241,-0.0584358051,-0.463649124
9.33623791,-6.14054966,0.669265687
1.7306459,-0.193047255,-0.384243816
9.3419342,-5.85381842,0.669250429
1.1537993,0.0581432581,-0.425143629
-1.46702266,1.85780847,0.112973675
-0.0940099806,1.06504238,0.113149405
10.2025566,-5.84887934,0.669249833
1.71147573,-0.99405843,0.113010064
1.01476812,-0.184268281,-0.459056795
1.01310873,0.0615950152,-0.45011735
0.00536765996,0.786120415,-0.394132942
0.144292668,0.771801949,-0.350490838
1.53315008,0.125660703,0.112965167
0.476174027,0.755446553,-0.0102728056
-1.036515,0.592788637,-0.134460941
0.946675956,-0.0622474626,-0.467203408
2.34222507,-1.36570919,0.0869223326
1.07655323,0.174033836,-0.390511066
-0.0370285101,0.0154314227,0.112980448
9.40102768,-6.27145863,0.669272661
0.768532038,-0.469204575,-0.0102728056
0.8706128,0.0590580888,-0.464582324
0.86867547,-0.182451114,-0.439011395
0.945401013,-0.483298272,-0.263043314
0.937353432,0.181370109,-0.425837457
0.803893209,-0.0658796355,-0.458480835
1.58896065,-0.923247278,0.11324802
0.727375805,0.0549495034,-0.46685046
-0.869232178,1.05507159,-0.465352595
0.726739764,-0.176625267,-0.408437341
9.50296783,-6.37464809,0.669278085
0.794024706,0.17895554,-0.452283412
-0.906800091,0.926426649,-0.459270567
0.66212517,-0.0676994622,-0.437547743
1.24381387,-0.530815721,-0.377081692
-1.3443656,1.78690469,0.113244921
0.584241271,0.0512784086,-0.456715494
1.31766474,-0.621664941,-0.341959089
2.40539503,-0.378261238,0.113985129
1.1707778,-0.423446983,-0.412990183
1.0539571,-0.568013191,-0.231598914
0.651252031,0.176412359,-0.46541962
1.21265984,0.160888597,-0.345826656
0.58978045,-0.167679101,-0.367416769
0.520213664,-0.0482314676,-0.412809461
9.91652012,-6.43994093,0.669281423
0.688173354,-0.278387457,-0.324475914
1.09026957,-0.301405936,-0.441812843
0.507433653,0.172496393,-0.466350168
0.716081381,0.303102344,-0.428189307
0.445900708,0.0673383996,-0.440807611
-0.393160909,1.12193382,-0.316028178
-0.907671869,1.18128896,-0.447374374
-1.00492644,0.710407078,-0.334492981
0.368313968,0.182280287,-0.45789206
-0.399721414,0.346239358,-0.321269065
-0.267470628,0.326489031,-0.366885543
0.445228845,0.30584234,-0.464464843
0.383263528,-0.0399985984,-0.373143315
0.995556712,0.285544932,-0.346377224
-0.340725929,1.20814848,0.1110778
0.306720048,0.0648571923,-0.407939464
0.461074799,-0.146596849,-0.325092852
0.855969131,0.299394727,-0.391658038
0.252121627,-0.0305097457,-0.320888489
-0.566088915,1.32909667,-0.157447755
0.225789726,0.180642068,-0.436355382
-2.68709421,2.31357956,-0.408305317
1.65576327,0.0547626279,0.113296792
-0.960758448,1.38690925,-0.367297322
0.587631822,0.296038777,-0.452755243
-0.216285929,1.13564837,0.113118805
-0.717250228,1.42547023,-0.131826803
-0.795049846,1.43220806,-0.21722275
0.821018517,0.488871366,-0.233927086
0.296943426,0.300805986,-0.466724604
0.0860373601,0.188108876,-0.405874223
-0.854515851,0.467862546,-0.0102728056
-0.783967018,0.446029574,-0.131506711
-0.918613017,0.522811711,-0.128455624
-1.90442228,1.09140086,0.106055878
0.667970181,-0.343904406,-0.233558595
0.153019115,0.302266896,-0.457098663
0.782244265,0.55874294,-0.134905159
-1.03704381,1.46993017,-0.337451786
-1.15270817,0.663327813,0.124065652
0.373482585,0.426867276,-0.451089144
-0.660314858,0.375406951,0.113354079
0.0106135281,0.306653291,-0.436951697
-0.849111736,0.813473165,-0.44032836
-0.546172261,-19.1981182,9.99112225
0.0814478174,0.425926477,-0.466759115
2.23643398,-1.29470909,0.120304473
0.224352777,0.424337685,-0.465298057
-0.0618786775,0.428965211,-0.457585692
-0.897353649,0.701868594,-0.374794245
-3.19837689,1.87365198,0.188600212
-1.96483183,2.14504528,0.113509186
0.152814999,0.54758954,-0.452640355
0.00989863276,0.550300717,-0.46511212
0.296183884,0.543715477,-0.428883046
0.079698056,0.668487906,-0.428965062
0.714849591,-0.418330461,-0.134558126
-0.129060403,0.314029157,-0.406740218
0.219212502,0.659902871,-0.395665675
-0.0618783943,0.673958004,-0.452088892
-0.133230135,0.552746773,-0.466891646
0.434556454,0.524647593,-0.401544124
0.356262296,0.648065448,-0.351541281
10.2300911,-5.99098015,0.669257402
0.515119195,0.416814357,-0.429072499
-0.203457654,0.433134258,-0.437905729
-0.859947443,1.2942121,-0.389267653
-0.204470977,0.676958919,-0.464849651
1.04165196,0.415273905,0.0931844562
-0.134728119,0.795242488,-0.427832961
-0.276270539,0.554965377,-0.457988024
10.2115812,-6.13540077,0.669265091
0.530422449,0.705043256,-0.132086307
0.446699172,0.697689593,-0.244835973
1.28214669,0.270235658,0.114018269
-0.347794324,0.678888142,-0.466986328
-0.276421964,0.800691664,-0.451420546
-0.344035119,0.439997286,-0.407657236
0.793145597,-0.39774701,-0.25994426
0.781045556,0.417542249,-0.339729249
-0.419408709,0.559438169,-0.438435227
-0.419261426,0.803282619,-0.464629561
10.147872,-6.2677269,0.669272184
-0.672542214,0.420747638,-0.218527198
-0.491417378,0.682433486,-0.458561748
-0.349842846,0.921112359,-0.427183688
-0.491256624,0.926681995,-0.450956076
-0.562409163,0.806534827,-0.467124313
10.0462875,-6.37243843,0.669277787
-0.633544564,0.686600327,-0.439567864
0.952032864,-0.294744521,-0.414105028
-0.633828163,0.930696189,-0.464276254
0.255751431,0.741060615,-0.321915954
0.811834753,-0.2918275,-0.37019524
-0.481874019,0.451647073,-0.36783573
-0.559193313,0.566688538,-0.408866465
-2.71183729,2.57702827,0.111335285
-0.563499331,1.04825211,-0.425692588
-0.706240356,0.809484661,-0.459078401
-0.42537269,1.0392617,-0.391609967
-0.705461383,1.05498445,-0.449828029
-0.777596116,0.934136569,-0.4672288
0.208879545,-0.134323657,0.0857122391
1.96265709,-1.1387043,0.114160098
-0.849812865,0.529319763,-0.228742868
-0.641272604,1.1652751,-0.390826344
-0.504138708,1.15103137,-0.346666932
-0.159904644,0.0865231529,0.113440953
-0.749158561,0.507229686,-0.278255343
-0.587951303,1.25585341,-0.294011891
-0.774466395,0.693928242,-0.410292029
0.64373827,0.414617598,-0.395768017
-0.696972549,0.578766227,-0.369844407
-0.616100252,0.470068544,-0.320241958
-0.949586093,0.608120263,-0.259546131
-0.981546402,0.541203678,-0.0102728056
1.03662169,-0.406745255,-0.379916549
-0.780670047,1.17513549,-0.425093144
1.1035167,-0.511058629,-0.330874741
-0.720211148,1.2776196,-0.345194221
-0.692572832,1.35462284,-0.246028319
-0.470561713,1.28152132,0.115966626
-0.834798157,1.49330068,0.111393772
0.478630245,0.604064107,-0.329473108
-0.819528699,1.37884176,-0.305355698
-0.827892184,0.596784413,-0.324357778
-0.649298728,1.40523863,-0.0102728056
0.563569725,0.526110947,-0.353280336
1.0884943,-0.634190321,0.113594912
0.601197183,0.683264375,-0.0102728056
0.656257868,0.631490409,-0.134877011
0.572300255,0.624631763,-0.245619491
0.00129533058,-19.4367085,9.93696404
0.697730243,0.537361622,-0.265824556
0.728345275,0.609855413,-0.0102728056
0.903246939,-0.378872901,-0.34483096
1.15582931,0.346187025,0.104350045
0.922282696,0.4739604,0.125804007
-0.220237017,-19.2461128,9.97489452
-0.0869547352,-19.334507,9.99822712
-1.8324995,2.06195498,0.132509843
-3.11930656,2.29940534,0.446914315
-2.97590947,2.29904604,0.441848874
-3.04875183,2.42160988,0.425705314
-3.0471971,2.1754055,0.440772682
-3.1897223,2.17744207,0.423570216
-0.0044872798,-20.0740414,9.97365475
-0.390911698,-19.1968555,9.94509506
-0.213086784,-20.2510509,10.0176287
3.0732708,-0.829600453,0.239324525
-3.30388761,1.979702,0.254689753
-2.33244085,1.38978696,0.215170592
2.94003844,-0.742695391,0.225524649
-2.94411063,1.73944676,0.209756047
-2.43767118,1.46841574,0.240523994
0.463796616,-0.274068981,0.111896031
-2.90825748,2.41612339,0.399303496
-2.90393114,2.17512631,0.446914732
-2.82182813,1.67103696,0.213175967
0.964889765,-0.563342512,0.111998171
2.81054211,-0.677630007,0.238946721
-2.57224369,1.53383231,0.223513171
-3.11380601,2.05862427,0.396255344
2.52874398,-0.449010044,0.112544514
-2.69500184,1.605762,0.225042284
-0.372124434,-20.3022213,9.99713898
-2.48474216,1.5689621,0.317509234
-2.59697175,1.65716541,0.336068988
-1.01917052,-19.7535248,9.96082878
-0.99506712,-19.5881195,9.98322201
-2.73770022,1.71192527,0.314892352
-3.06156111,1.80176854,0.200867832
1.94251156,-0.178386256,0.241477728
-2.43109751,2.36682177,0.21285513
-1.32295334,0.825605452,0.241540641
-1.44894147,0.88815093,0.227622941
-1.57529998,0.961231291,0.227803692
-2.83289075,2.29640889,0.425861835
-2.29811954,2.26897073,0.242750078
-2.98443294,2.53301358,0.361356437
-2.97366476,2.05421066,0.424002767
-3.17027712,1.9590919,0.312667191
-2.17047882,2.21528387,0.21450384
2.89797211,-1.17300451,0.446922868
-3.25356817,2.06685734,0.357248276
2.06700301,-0.23950465,0.226752549
-2.68632269,1.80791271,0.394497603
-0.682893395,-19.238306,9.96463585
-3.08655834,1.86909628,0.271924525
-2.86013556,1.74968767,0.283989161
2.96800852,-1.05180955,0.425607085
-0.936444342,-19.4571857,10.0126715
-2.96368337,1.82834792,0.30239892
-2.46299243,1.66909349,0.389887363
-2.76038313,2.17345381,0.441998452
-2.82086039,1.81932318,0.358707428
-2.8312254,2.05159998,0.440899163
2.17634845,-0.310807496,0.23805131
2.82823586,-1.2940377,0.424422681
-3.03586364,1.94433248,0.359262019
-2.8966856,1.93494475,0.396998525
-2.68819857,2.04991364,0.446910173
-0.544812739,-20.3028107,9.99780369
-2.76930499,2.40665793,0.362684578
-2.75899577,1.92951334,0.423786044
-2.38496876,1.56034052,0.353984058
-2.69279099,2.2911067,0.399568081
-2.61847901,2.17128849,0.426222354
-2.54307938,1.79310715,0.420286834
-2.6163969,1.92565095,0.440623611
-2.06608295,2.12583613,0.254310876
-2.54476476,2.04916024,0.441973627
-2.55239964,2.28001666,0.363547951
-2.6332531,2.39147806,0.31692639
-2.47670984,2.16304159,0.40097326
2.58557272,-1.45888305,0.200405881
-2.20461226,2.14496946,0.316106677
2.8250041,-0.802180409,0.349072725
-2.47596717,1.92309785,0.446863115
-2.43109608,2.27275467,0.318614751
2.76226592,-1.40260196,0.35965085
2.95237303,-0.834580183,0.317933708
-2.40230703,2.04329371,0.427073181
-0.830399632,-19.3324146,9.95417213
2.3724885,-1.3330071,0.205095768
0.325650901,-0.191157326,0.121347755
2.12044883,-1.23811769,0.0851095319
-2.33807397,2.15392566,0.36497286
0.560394824,-0.332572699,0.103015684
-2.33234453,1.91868365,0.442928791
-2.25993347,2.03746748,0.401149064
-2.58994794,2.46503401,0.202475399
-1.69641304,1.02895844,0.224655092
-2.40382838,1.79931843,0.440088481
-1.93821704,2.07286,0.226823971
3.0298717,-0.940112591,0.361830831
-1.73349881,1.96505451,0.211312473
-2.26133275,1.79491687,0.446786404
-2.190413,1.9158653,0.428392559
-2.33098149,1.67595398,0.421899259
-2.14110637,1.26200521,0.186377421
-2.18882012,1.67149985,0.439518809
0.837037802,-0.488379717,0.115523688
-2.5246489,2.36026096,0.287890345
-2.1203444,2.02440834,0.367248833
-2.11794424,1.79293966,0.443151534
0.406577528,0.775874317,0.113623448
-2.25752878,1.55631244,0.392642528
-2.04809999,1.90500546,0.40529865
-2.04589581,1.66931701,0.446759015
-2.11621284,1.54817641,0.420755029
-1.97575939,1.7910217,0.428624123
-1.97355795,1.54517865,0.439193308
-2.2340095,1.3568567,0.248302549
-1.99357712,2.01069021,0.32633543
1.80249298,-0.10517329,0.251215637
-1.91054583,1.90084755,0.368679911
-1.90236425,1.66847849,0.443151087
-1.8331145,1.78360629,0.404208958
2.7138164,-1.49072635,0.25936994
-0.0874598324,-20.1654644,10.0437527
0.0718097091,-19.582243,9.87902355
2.4998455,-1.36362386,0.263549089
-0.801015019,0.465936065,0.139078751
-1.82039177,1.10302007,0.228207707
2.75457335,-1.17199719,0.441091478
2.68623686,-1.28569329,0.398167074
2.82533979,-1.04923952,0.441708982
2.61205173,-1.16585433,0.425362885
-0.448578537,0.297723711,0.208287567
-2.71803379,2.49534178,0.262534559
-0.315057546,0.243045256,0.240683749
2.89024878,-0.932416975,0.399634153
2.68575001,-1.04623985,0.44692409
2.7561121,-0.926548958,0.424797863
2.54219317,-1.04133427,0.442160428
2.61377311,-0.922422528,0.441074282
-1.93303335,1.14992285,0.200385094
2.67872906,-0.808328748,0.398788065
2.63198185,-1.38736165,0.31566146
2.47025871,-0.925080657,0.446925789
2.53809381,-0.801881433,0.425133646
2.55425119,-1.27701938,0.363054901
2.48085809,-1.16227019,0.400251865
2.60263562,-0.691734135,0.360766888
2.39526534,-0.802507997,0.44191438
1.70005143,-0.0153739331,0.208264306
2.40213966,-1.04527223,0.425194085
2.46263003,-0.680927277,0.397640198
2.3272481,-0.924374223,0.441217452
-0.553046286,0.378984064,0.238742232
-0.0649106279,0.983086348,0.238181978
1.54883623,-0.842238009,0.228160575
2.41862488,-1.26081371,0.318503678
-1.83020151,1.54442883,0.446750522
2.34025025,-1.14807463,0.366312206
-2.04051971,1.42901909,0.391707361
-1.59868121,1.06643915,0.324947923
-1.75942993,1.66281438,0.429450274
-0.913648665,0.514091372,0.0870061368
2.26195717,-1.04218972,0.397531062
-1.64507997,1.86770999,0.271791667
2.28528523,-1.23594201,0.267901361
2.25248957,-0.802790105,0.446908683
1.57081187,0.0277720075,0.252226114
2.32171369,-0.681136131,0.426277161
2.18423867,-0.923851967,0.423961133
1.9582088,-0.307454973,0.352914125
2.20732212,-1.14296281,0.314996719
2.08635497,-0.336942226,0.319901764
-1.77587187,1.88756883,0.324275464
-2.01554942,1.23247254,0.250490963
2.12333369,-1.03459585,0.359095097
2.16118383,-1.21322501,0.201464936
1.7742939,-0.982875705,0.212648928
-1.85993433,1.99272823,0.270714611
2.06196284,-1.12303472,0.248793408
1.67497063,-0.916224182,0.226505592
2.10914826,-0.802746952,0.44060865
2.04366231,-0.920569062,0.395571768
2.17906404,-0.679554939,0.442153335
0.0485662222,0.0323149748,0.239636138
2.03578115,-0.679754913,0.446888894
1.9659127,-0.802048743,0.422731787
-1.90004766,1.42374897,0.420869917
-1.01542783,0.586338997,0.130301967
2.24581027,-0.561845541,0.400271356
2.10537696,-0.558068812,0.426768452
1.89198184,-0.679788232,0.440251172
1.96263289,-0.556266665,0.442361385
-0.182631671,1.04687881,0.243678629
-1.69621468,1.77585268,0.369408727
2.16964579,-0.429547876,0.352927148
2.0279367,-0.438124746,0.401144505
-0.716289699,1.42401516,0.114074118
0.223354802,-0.0971196592,0.196927309
-0.322520435,1.13001287,0.24057956
-1.52813041,1.84225202,0.21780324
-1.75747418,1.42062068,0.439225227
-1.68746901,1.54022753,0.443604678
0.533814073,0.703512967,0.110192329
-1.6150825,1.41736734,0.446674854
-1.68653882,1.29825211,0.420184344
-1.43651772,1.75646758,0.261355072
-1.10818243,1.61073613,0.200486958
-1.6200968,1.65877604,0.40494886
-1.54419756,1.29271019,0.438436717
-1.54556096,1.53918934,0.429486692
-0.205153674,0.15924336,0.211535707
-1.82693756,1.30602264,0.39185515
-1.96485841,1.31663728,0.353224844
-1.47165442,1.41703093,0.443455637
1.81915271,-0.556268096,0.446869075
-1.31825972,1.71831501,0.22191824
1.8250792,-0.796216071,0.394738466
-2.10083055,1.3319627,0.304038346
-0.593633175,1.35504568,0.108271316
1.88905513,-0.434681267,0.427166998
-1.48126197,1.65099013,0.369849205
-1.40305889,1.53427231,0.404627621
-1.62815118,1.18626022,0.389485717
-1.56166697,1.76224923,0.325599492
-1.76131701,1.19803536,0.352504611
0.73275435,-0.431273043,0.105728708
-1.88515699,1.20918548,0.305624247
-1.33727372,1.42920136,0.426860183
-1.18134201,0.750503957,0.250067949
0.651019275,0.642359674,0.0872105956
2.66872191,-0.603070378,0.248435825
1.29873252,-0.711399317,0.207789496
1.42247844,-0.761901915,0.238319993
1.75011408,-0.677581251,0.422695428
0.0714499354,0.91315496,0.225998715
0.196542144,0.852903128,0.20790492
-0.078309983,0.106667042,0.241089568
0.765404046,0.56189698,0.132924795
1.6755954,-0.555939972,0.440088183
-1.33450997,0.952625215,0.353171855
1.6732887,-0.799520433,0.342457384
1.74633372,-0.432628483,0.442513287
1.81143725,-0.315593362,0.402172267
2.05341363,-1.18598199,0.12888822
1.60290289,-0.432408124,0.446854591
1.60902989,-0.677098215,0.392152607
-1.47436976,1.00856221,0.335718781
1.53373051,-0.553607762,0.422413826
1.67299271,-0.310897052,0.427418709
1.45942426,-0.431943357,0.43996492
1.53022993,-0.308644503,0.44260776
1.73573184,-0.199072227,0.365565211
1.38676977,-0.308364034,0.4468427
1.59556317,-0.190848365,0.40212667
1.39245605,-0.548272431,0.393903762
1.46117854,0.112944596,0.222886607
-1.48133898,1.15765941,0.412838548
1.31756377,-0.429513872,0.422203422
1.94257843,-1.0824337,0.208887428
1.24318361,-0.30777669,0.439860582
1.45694327,-0.186892971,0.427609593
-2.31525731,1.45905507,0.307023674
1.25459278,-0.538183093,0.355796725
1.17563462,-0.42289716,0.393992275
1.31421638,-0.184580281,0.442685455
1.33600891,-0.649041653,0.306990325
1.65521777,-0.0896271244,0.321225137
1.51922786,-0.0753715485,0.366341323
1.04903555,0.359229714,0.210258573
2.24789453,-0.36906597,0.259394407
-0.709935427,-20.2504711,9.99454689
0.150547341,-0.0181400552,0.250470877
1.37987757,-0.0676026344,0.402655542
1.10131299,-0.305080116,0.422078907
1.17076564,-0.184074119,0.446835577
1.23859847,-0.0633281693,0.428253084
1.31221855,0.200482965,0.22062768
2.72051835,-0.71060133,0.326022536
1.03111494,-0.428970844,0.342307568
2.33070135,-0.387688279,0.220849544
1.02729738,-0.183269247,0.43983984
1.09628832,-0.0619788803,0.443059206
0.959385574,-0.297828615,0.394091517
-0.961663842,-19.9976273,9.98303127
0.953477085,-0.0611657724,0.446786165
0.885711193,-0.182732522,0.421440154
-2.84996605,2.51708913,0.31651035
1.44044971,0.0337554216,0.321729213
1.30395186,0.0477669239,0.367025584
-0.846773148,-20.1542816,9.98880577
0.900221527,-0.385369211,0.317491144
0.809974492,-0.061927367,0.439188033
0.822675705,-0.290064245,0.354985207
1.16471624,0.055693686,0.403036237
1.02385163,0.0600976609,0.428395391
0.744204044,-0.1750229,0.393435925
0.881139934,0.0626925752,0.44300738
-0.900140703,1.48835218,0.204230562
1.08784974,0.171447575,0.367667526
0.948347032,0.180346072,0.403146088
0.737335324,0.0620020367,0.446749091
1.22853911,0.167295203,0.31227544
1.36205256,0.132791251,0.270405263
0.806784868,0.185017094,0.42849803
1.11799216,0.254491061,0.290577263
0.920812309,0.38322407,0.275147945
0.667648137,-0.0568920188,0.421422541
2.51996279,-0.581293643,0.314851731
-0.433394223,1.21492445,0.21055162
-2.18108463,1.44326365,0.354401022
-2.81512499,2.58727813,0.21479848
1.18981659,-0.624685645,0.242139697
0.666930676,0.187167197,0.44291544
1.85800207,-0.214909986,0.327832609
1.01119959,0.279688835,0.323274761
0.875558317,0.29402864,0.367658943
-0.683566928,0.441261947,0.220366597
0.605320334,-0.16638425,0.353799671
1.19901502,0.269987375,0.214378461
0.594280303,0.064829655,0.439543009
2.38420105,-0.570021749,0.363481343
-1.40671051,1.3081069,0.446892589
0.736373961,0.304274082,0.402511448
1.90267396,-0.911904573,0.356086969
-1.23712897,1.62775576,0.276611596
0.527565002,-0.051220756,0.3928473
0.523460984,0.18949382,0.446832895
0.451390207,0.0676984042,0.421342075
-1.01751018,1.52395141,0.249975324
0.595402718,0.30989942,0.427770019
-1.3573904,1.64230657,0.327193648
1.98847795,-1.02110696,0.311105818
1.87166274,-1.00142848,0.262985229
0.452707916,0.314314038,0.442505121
-1.27941215,1.53973722,0.366750032
2.30281782,-0.459207565,0.31763801
0.6603297,0.420475274,0.366364151
0.520670414,0.430725396,0.401717663
0.380206138,0.192092225,0.440109193
0.788407624,0.401675761,0.328575641
0.379282266,0.437003553,0.427162498
0.71348083,0.510697603,0.266516924
0.309323251,0.316666394,0.446884871
0.387613118,-0.0388230234,0.355022818
0.236789346,0.440217435,0.44235301
0.305743814,0.557414591,0.400626123
0.315748483,0.0768498033,0.395485163
-0.174706921,0.227220908,0.310590237
0.165968701,0.316944212,0.440283805
0.163886771,0.563798487,0.426515549
0.0360871963,0.116094537,0.319629014
0.238251001,0.19636932,0.423010409
0.160409912,0.0794985294,0.346372217
0.0933492035,0.440547049,0.446874768
-1.23608708,0.860545456,0.327694505
0.0982760191,0.201208159,0.394944102
0.0230017155,0.32077992,0.423050165
-2.9328711,2.62232137,0.25907293
-0.391198009,0.351703823,0.310142815
0.0207254142,0.56485039,0.442366779
-0.188907415,0.933264256,0.352196276
0.252549261,-0.0186325628,0.311312109
-0.0500023402,0.443114787,0.440502793
0.227400869,0.674058616,0.364180297
0.334052116,-0.123812512,0.250812411
0.655910134,-0.358609885,0.17555204
0.434852839,0.557976961,0.361920595
-0.0396957994,0.211516306,0.357369363
0.0893908292,0.681805432,0.400845796
-0.256735086,0.337272614,0.35765627
-1.70842063,1.11760616,0.314837396
0.304154515,0.76957792,0.238754347
-0.122340538,0.566478133,0.446891546
-0.0512875095,0.687166989,0.426745862
-0.193968281,0.690806687,0.442116559
-0.117028609,0.32616958,0.395240098
-0.191834271,0.445401907,0.423220724
2.56277728,-0.517092526,0.213934883
0.00284222234,0.775050461,0.380393416
0.130912051,0.800690353,0.312553674
-0.265798897,0.567279756,0.440440238
1.53690493,-0.748913229,0.320862085
-0.121290639,0.800660431,0.402009368
-3.00080752,2.7744348,-0.0102728056
-0.333784878,0.453567475,0.396250457
-0.337578207,0.691596627,0.446900159
-0.472028792,0.463829517,0.35909012
-1.26532328,1.3250922,0.439912885
-1.19874525,1.43320906,0.397534758
-1.07283759,0.664776385,0.218531996
-0.408322811,0.573136747,0.424010396
0.923122823,-0.482087821,0.226586878
1.13482821,-0.520421624,0.317825884
1.79010749,-0.906538248,0.311140478
0.829154253,0.474162787,0.228181973
-0.26373139,0.811584711,0.426273555
-0.480617255,0.695608318,0.441058934
-0.406872064,0.817137599,0.441674769
1.47146237,-0.668292522,0.352583081
-0.549209833,0.579067111,0.396749943
0.0767370835,-19.9070206,9.89499855
-0.550193727,0.820978165,0.446926564
-0.62400347,0.699428022,0.424511343
-0.477304012,0.94028306,0.424792737
-0.61988622,0.94643718,0.440804541
-0.33678183,0.932718515,0.398770213
2.43820786,-0.467371076,0.245108664
-0.411900192,1.04971623,0.360137224
-0.55183202,1.06161416,0.39669627
-0.693896711,0.824635386,0.441854656
-1.33273423,1.18917644,0.441280663
-0.693090796,1.0692414,0.423550934
-0.763296306,0.950279355,0.446885228
-0.835275173,1.0739758,0.440340042
-0.622467279,0.488602936,0.313091606
-0.627874136,1.17727113,0.358331025
-0.765952826,1.18894184,0.395037651
-1.37950468,1.07366502,0.403231412
-0.492406189,1.16037917,0.312713563
-0.907178223,1.1975199,0.422182977
-0.906971395,0.950929701,0.44227168
0.687562704,-0.27400589,0.307578027
-0.97867167,1.07521343,0.446878046
-0.707517385,1.28919923,0.308649749
0.7869609,-0.392689228,0.241363183
-0.833807886,0.827667594,0.426465601
-0.563646793,1.27024591,0.23923023
-1.04909325,0.953903675,0.426982611
-1.12215602,1.07651341,0.442437887
-0.975515425,0.833822727,0.400487036
-0.289021701,1.02423894,0.328175753
-1.0504663,1.19886851,0.440242797
0.570427418,0.54701221,0.312487543
-1.11501718,0.843447387,0.364281654
-1.19167376,0.960840166,0.401420504
-0.843611896,1.30645275,0.355357826
-3.20242095,2.43198419,-0.463180155
-3.41272306,2.00679517,-0.21891138
-0.688971102,0.590898633,0.360233217
-1.19371831,1.20073283,0.446859241
-0.982021511,1.31496489,0.394459009
-1.12278819,1.32087731,0.422516018
-0.761293352,0.708079457,0.399609357
-1.26420987,1.07950127,0.427351117
-0.792657018,1.40498614,0.235845044
0.469524622,-0.14975132,0.30611217
-0.0268581156,0.875299096,0.32626012
-1.06266081,1.43000054,0.357242793
1.04964757,-0.556077361,0.225236937
-0.899567604,0.71857971,0.363991648
0.351673454,0.655692935,0.327102721
-1.03504348,0.733639121,0.318901956
-1.14871681,1.53916836,0.312827975
-0.820142746,0.606065154,0.315952271
-0.75136888,0.514102161,0.264284581
-3.41380811,1.95994079,-0.107827276
-0.956592202,0.635904551,0.268068075
-0.879155159,0.545547307,0.207057998
-3.04330802,2.72386241,-0.246964723
-0.926467538,1.41552961,0.308721423
0.458546162,0.680568397,0.238582894
0.620039225,0.615625739,0.195959494
0.549386144,-0.261030167,0.233977854
0.426982611,-0.21163331,0.202044293
-3.11945438,2.54874229,-0.418571949
-3.27796125,2.3117547,-0.460563004
-0.670704663,1.35775399,0.201159403
-3.3858757,2.08791375,-0.332351714
-3.33799195,2.19524789,-0.41693002
0.077475518,-19.7163048,3.79880857
0.104394935,-19.881876,3.97685313
0.104568936,-19.8857536,3.80260682
-0.456639826,-19.3295231,3.78966689
-0.626551151,-19.3567505,3.7901032
-0.518128991,-19.3296547,3.94746757
0.0985914841,-19.7525272,9.78858376
-3.07025576,2.64543962,-0.343824327
0.0714914054,-19.5847073,9.69886112
0.0987657458,-19.7564125,9.61407375
0.0776842982,-19.6084747,9.52156258
0.07880155,-19.6189461,9.17448711
0.0991142765,-19.7641792,9.26504135
0.0992885455,-19.7680645,9.09052563
0.077836059,-19.6122322,9.34958458
0.0781892687,-19.6200409,8.9992857
0.0989400074,-19.7602959,9.43955803
0.00537465326,-19.4498405,9.59649372
0.0183674358,-19.4737244,9.43253803
0.0998113453,-19.7797165,8.56697655
0.0793383569,-19.6306477,8.65093994
0.0996370837,-19.7758312,8.74149323
0.0787212998,-19.6317234,8.4757967
0.0175007079,-19.475914,9.25707912
0.0783663392,-19.6239109,8.82598877
0.0994628146,-19.7719479,8.91600895
0.0174612366,-19.4793968,9.08499813
0.0188604183,-19.4853172,8.90952396
0.0178249646,-19.4872303,8.73394871
0.0999856144,-19.7835999,8.39246082
0.0788926259,-19.6356182,8.30016232
0.0818157122,-19.7257538,4.04318905
0.10247799,-19.8391495,5.89653158
0.0821582451,-19.6906357,5.98050737
0.102303721,-19.8352661,6.07104778
0.0811227858,-19.6836739,6.15498734
0.081471391,-19.6914425,5.80588913
0.103175059,-19.8546867,5.19846678
0.082855314,-19.706171,5.28244257
0.103000797,-19.8508034,5.37298298
0.0821684599,-19.7069798,5.10782385
0.102129452,-19.8313828,6.24556446
0.0818198621,-19.6992092,5.45692253
0.0817513764,-19.6826553,6.32953501
0.102652259,-19.8430347,5.72201538
0.0210981127,-19.5439873,6.24176598
0.10195519,-19.8274975,6.42008066
0.102826528,-19.8469181,5.54749918
0.0807285607,-19.6757374,6.50430298
0.0825067833,-19.6984024,5.63147497
0.103349328,-19.8585701,5.02395058
0.104220666,-19.8779907,4.15136957
0.0218236353,-19.5560875,5.71267939
0.0220374092,-19.5599194,5.54389858
0.0157193616,-19.5826054,3.95517921
0.082232371,-19.7104874,4.93256378
0.100159891,-19.7874851,8.21793747
0.103523597,-19.8624554,4.84943438
0.0213825628,-19.5481663,6.06173897
0.0825219005,-19.7147923,4.75732565
0.0215957817,-19.5519981,5.89289665
0.0225563068,-19.5644913,5.3637104
0.101780914,-19.8236141,6.59460115
0.104046397,-19.8741074,4.32588577
0.083726652,-19.7255917,4.40986156
0.103872135,-19.8702221,4.50040197
0.0235473718,-19.5697727,5.18720198
0.0830397978,-19.7263985,4.23524284
0.0826912001,-19.7186298,4.58434153
0.103697866,-19.8663387,4.67491817
0.0219799336,-19.5742702,4.84308004
0.0214214679,-19.584198,4.31735659
0.0246718097,-19.5931664,4.14213085
0.0232459009,-19.5728722,5.01238823
0.0792263299,-19.640089,8.1244173
0.0232982934,-19.5800571,4.66774416
0.0223213546,-19.5820618,4.49233675
0.0750283375,-19.6535397,6.67879629
-0.0723644495,-19.441246,5.62551641
-0.071849823,-19.4454613,5.45057726
-0.0728048012,-19.4296646,6.1494503
-0.072313033,-19.4375668,5.80042458
-3.46983385,1.98457098,-0.0102728056
0.101606511,-19.8197269,6.76925421
-0.073350437,-19.4589252,4.75271702
0.0804034919,-19.668005,6.85592937
-0.0729663968,-19.433239,5.97454453
-0.0706165358,-19.4577751,4.92756367
-0.195252374,-19.3514519,5.7092042
-0.069513455,-19.4551029,5.10234308
-0.193661585,-19.3484783,5.88484907
-0.0689416677,-19.4519329,5.2769022
-0.196780816,-19.3430138,6.06041574
-0.192326054,-19.3566723,5.54053164
-0.650719702,-19.3625603,3.906883
-0.190806508,-19.3689137,5.01443195
-0.190728769,-19.3613205,5.36596298
-0.191824913,-19.3645535,5.19002342
-0.194588661,-19.3707142,4.83886003
-0.337184936,-19.2977142,5.79508114
-0.333198667,-19.3024406,5.62075186
-0.330530465,-19.3068886,5.44639492
-0.330769837,-19.3145008,5.09836054
-0.328811467,-19.3111248,5.27216911
-0.479232371,-19.2912483,5.53089762
-0.331238508,-19.3182411,4.92367506
-0.479646832,-19.2951584,5.35633659
-0.485115081,-19.2876339,5.70538378
-0.358324707,-19.3352432,3.90595961
-0.489332139,-19.2839642,5.88028002
-0.47797361,-19.2989922,5.18135786
-0.327095419,-19.3230572,4.74857759
-0.478690952,-19.3029022,5.00729942
-0.626562178,-19.323328,5.27050257
-0.625449717,-19.3190422,5.44456053
-0.479624808,-19.3068256,4.83311892
-0.624540627,-19.3266315,5.09553576
-0.627976,-19.3159065,5.61936569
-0.071640864,-19.4716415,4.23147583
-0.065213345,-19.4703655,4.5803771
-0.0740718842,-19.4656277,4.40676451
-0.627990961,-19.3316917,4.9204998
-0.632957518,-19.3136139,5.79333687
-0.628699422,-19.3358879,4.74488688
-0.763518989,-19.3909645,5.18503809
-0.760198653,-19.3847828,5.3599968
-0.63763988,-19.3112602,5.96757889
-0.76156354,-19.3816624,5.5349865
-0.764015257,-19.3794193,5.70322323
-0.496685922,-19.2808495,6.04147625
-0.185219198,-19.3795414,4.66516352
-0.873473704,-19.480238,5.44406891
-0.874827087,-19.4776821,5.61868095
-0.491238534,-19.3226852,4.15070629
-0.341370791,-19.3350372,4.06169796
-0.770699441,-19.3798943,5.87793255
0.0097349016,-19.5224514,6.41430283
-0.635634184,-19.3536339,4.06214094
-0.877583742,-19.4767399,5.7933259
-0.774917245,-19.3787689,6.05333614
-0.758267343,-19.3915539,5.00973701
-0.882583916,-19.4784889,5.96712923
-0.958871365,-19.6019192,5.70098877
-0.872500479,-19.4832268,5.26948643
-0.961010873,-19.6021061,5.87641764
-0.874085248,-19.4648361,6.13228464
-0.0807890221,-19.4669876,4.05501366
-0.957001209,-19.60219,5.53248119
-0.95606178,-19.5878506,6.04563999
-0.765547097,-19.3687477,6.21308756
-0.957449973,-19.6073608,5.35710955
-0.468577415,-19.3100796,4.67032337
-1.00230324,-19.7297688,5.62750912
-0.0930656046,-19.407608,6.32805061
-1.00257862,-19.7263088,5.8037281
-0.874846458,-19.4899273,5.09607792
-1.00150239,-19.7306938,5.4562602
-0.783351183,-19.4367085,3.79172611
0.100334555,-19.791378,8.0430212
-0.956652164,-19.6100121,5.18125296
-0.325155258,-19.3273754,4.57337379
-0.76509279,-19.4000969,4.83213139
-1.00073647,-19.7319069,5.28268623
-0.955583453,-19.6122265,5.00118542
-0.874009788,-19.4935379,4.90116453
-1.00188768,-19.7418423,5.10686493
-0.33913523,-19.2934284,5.97040796
-0.999328732,-19.7352676,4.92661905
-0.186962143,-19.3823929,4.48971224
-0.618316054,-19.3361111,4.58957815
-0.283273995,-19.3562984,3.79043603
-0.195541114,-19.3815575,4.31682253
-0.757844448,-19.3993359,4.65797091
-0.330223024,-19.3297729,4.41072369
-0.474922419,-19.3141422,4.4965992
0.0199751742,-19.4943085,8.56282711
-0.341953129,-19.3310642,4.23640203
-0.479745716,-19.3182106,4.3227849
-0.00221136631,-19.5597076,3.79524374
0.017104961,-19.4932098,8.38713074
-0.62221843,-19.3410931,4.42240429
-0.0785759538,-19.3673801,8.81696129
-0.631356657,-19.3479977,4.24756908
-0.0742734149,-19.4762497,3.90000606
-0.214455619,-19.3303871,6.23230076
-0.744381964,-19.3948956,4.48427677
-0.751119614,-19.40271,4.32400656
-1.0028069,-19.722847,5.97188807
-0.752026677,-19.4073086,4.14786911
-0.850112379,-19.4794292,4.41563416
-0.768732071,-19.4220543,3.98142672
-0.882190526,-19.5079174,4.69168043
-0.000141645694,-19.5043354,6.58838129
-0.86140883,-19.4950409,4.24526978
-1.01477754,-19.8514347,5.56160164
0.0771146864,-19.6357708,7.96719742
-1.01495337,-19.8475151,5.73766565
-0.871847749,-19.5101852,4.08492708
-0.202931225,-19.3815765,4.14119673
-0.836889207,-19.4633102,4.55843639
-0.942619622,-19.6032658,4.3553853
-0.951113224,-19.6232452,4.18250751
-0.639389277,-19.3083286,6.12403059
-0.951442242,-19.5747108,6.21624088
0.0201940108,-19.5019016,8.21180153
-0.930479825,-19.5785866,4.52279663
-0.956498444,-19.6388016,3.98308134
-0.0742280036,-19.3678513,8.98688602
-0.0738948956,-19.3644924,9.15944958
-0.870296419,-19.4567795,6.29662323
-1.01460171,-19.8553524,5.38552952
-0.872253776,-19.5144482,3.92216372
-0.994274259,-19.7279873,4.44103193
-1.01442587,-19.859272,5.20944834
-1.01425004,-19.8631916,5.03335762
-0.998134851,-19.7476273,4.26937962
-0.00821272377,-19.4889774,6.78876543
-0.956545949,-19.6190205,4.80137491
-0.98409313,-19.6899357,4.62343693
-1.000476,-19.7626171,4.09085083
-0.0749326274,-19.3598728,9.32989788
-0.907090604,-19.5609016,3.79436684
-0.087643683,-19.3444901,9.50191021
-0.203415453,-19.3856239,3.94394565
-1.00265646,-19.7774906,3.93002486
-0.986253798,-19.7173443,3.79776955
-0.00306459749,-19.4338455,9.77196598
-0.999641895,-19.704277,6.14832354
-1.01372254,-19.8749504,4.50502491
-1.01512921,-19.8435974,5.91372108
-1.01319528,-19.8866997,3.9770596
-1.01302004,-19.8906059,3.80159903
-1.01354659,-19.87887,4.32889271
-0.348840892,-19.2878189,6.13436937
-1.01337075,-19.8827896,4.15278435
-1.01407421,-19.8671112,4.85725689
-1.00182772,-19.7505226,4.77417517
-0.757166147,-19.3591862,6.39252186
-0.634681761,-19.3029995,6.28879642
-1.01389837,-19.8710308,4.68114662
-0.497730672,-19.2773132,6.20330811
-1.01530504,-19.8396797,6.08976889
-1.01548076,-19.835762,6.26580906
-1.00007296,-19.70154,6.31968594
-0.954432249,-19.5763645,6.38668156
-0.876221955,-19.4593887,6.46850538
-0.0743442774,-19.375082,8.6423111
-0.10804081,-19.3915539,6.49860525
-1.00126529,-19.7019501,6.49492359
-1.01565659,-19.8318443,6.44184256
-0.624525666,-19.2956638,6.46732426
-0.958540499,-19.5805645,6.55175066
-1.00150847,-19.6984367,6.66666937
-0.768556476,-19.3621845,6.58703995
-0.235200539,-19.3171215,6.40648603
-1.0158323,-19.8279266,6.61786938
-0.954114139,-19.5678959,6.71090126
0.0777954236,-20.0590363,3.80643678
0.02920302,-19.5433178,6.94813967
-1.01600814,-19.8240089,6.79388952
-0.493445665,-19.2733116,6.3691082
-3.19133759,2.42346787,0.442694306
-3.26275253,2.29996848,0.439870536
-0.358890295,-19.2822037,6.30352545
-0.126502484,-19.4356747,3.79235911
-0.49711588,-19.2701473,6.52216673
-0.580748796,-19.2795219,6.65866375
0.0789048523,-19.9042053,9.70458126
-0.376308978,-19.2757549,6.46784639
-0.250352979,-19.3069859,6.58260632
-0.411282718,-19.2682686,6.62604475
0.0789553076,-19.9085598,9.52936459
-0.895947993,-19.4796925,6.61230278
-0.119786285,-19.3786335,6.6745677
-0.291112304,-19.2888584,6.75123882
0.0802363828,-19.9128647,9.18103027
-0.440349281,-19.2628345,6.79727268
-0.159046158,-19.347578,6.85407591
-0.320790052,-19.276804,6.91960764
0.0792275593,-19.9120655,9.35564709
0.079576157,-19.9198341,9.00654888
-0.717983842,-19.3282146,6.75118828
0.08075919,-19.9245167,8.65748215
-0.487220019,-19.2596397,6.9651742
-0.604394615,-19.2810459,6.85345173
-0.197611555,-19.3213692,7.0363884
-3.42924929,2.00647497,0.178843319
-0.363108248,-19.2641239,7.08893347
0.0797503591,-19.9237175,8.83209896
0.0800989568,-19.9314861,8.48300076
-0.859559655,-19.4344711,6.76108408
-0.646685362,-19.2906418,7.02028656
-0.520124853,-19.2585411,7.13657522
-0.755709052,-19.3466663,6.89912271
-0.794524908,-19.3696442,7.06864357
-0.239643067,-19.2978001,7.20457315
-0.686935306,-19.3030624,7.19040442
-0.397005916,-19.2556286,7.25812101
-0.882798612,-19.4557419,6.94870472
0.0832863972,-19.9844723,5.98704815
-0.56410861,-19.2614861,7.30565453
-0.0660358667,-19.4184513,6.98217344
0.0823389888,-19.9834232,6.16216564
-0.0986402556,-19.3853073,7.14890718
0.101428874,-19.8157673,6.94714403
-0.270317882,-19.2821064,7.37565947
-0.9509812,-19.5586777,6.84396791
0.0839733779,-20.0000458,5.2889843
-0.911645532,-19.4886398,7.11828566
0.0826846734,-19.99123,5.81203079
-0.43897891,-19.2488613,7.4280014
-0.827514052,-19.3926678,7.24002123
-0.126511946,-19.3597164,7.32052708
0.0830282047,-19.9989872,5.46415186
-0.557059526,-19.2030411,9.85191059
-0.151919052,-19.3383503,7.49293947
-0.140047312,-19.2993565,9.67205715
0.0829476416,-19.9766674,6.33608007
0.0801500753,-19.9358425,8.30765152
-0.719971359,-19.3153572,7.36173201
0.0833768547,-20.0067844,5.11393452
0.0831319839,-20.0351601,4.04974508
-0.597916424,-19.2652683,7.47753811
-3.32941365,2.18315554,0.393749237
-0.0135182803,-19.4717274,7.27581549
0.0836283043,-19.9922657,5.63801622
-0.985603511,-19.6344509,7.00294399
0.012395585,-19.5121765,7.10730743
-3.13326931,2.57672811,0.39060086
0.081996806,-19.9756336,6.51115656
0.0835505053,-20.0107021,4.93824959
-0.937147319,-19.5234432,7.2891655
-0.992318571,-19.6502037,7.19844913
0.0848501399,-20.0194454,4.41640282
0.0839275867,-20.0138702,4.76269054
0.0842490569,-20.0262012,4.24135876
0.0838971138,-20.0184155,4.59158659
-3.38458323,2.08228087,0.307792097
0.0296490174,-19.5214138,8.0567503
-0.0725635737,-19.3805046,8.46750546
-0.197122276,-19.2849846,8.72273827
-0.194794893,-19.2900314,8.54763126
-0.205000252,-19.2770805,8.89754772
-0.0762825832,-19.3806725,8.29419136
-0.192498788,-19.2950726,8.3725338
0.0818017274,-19.971796,6.68675756
-0.195031106,-19.2974739,8.19916534
-0.332246006,-19.2400723,8.46201515
-0.0684532002,-19.3924294,8.09392929
-0.332636088,-19.2438316,8.2872467
-0.337923884,-19.2464828,8.11255741
-0.208100826,-19.2945614,8.02165413
-0.334625721,-19.2356873,8.63618279
-0.337787539,-19.2311363,8.81043053
-0.482903212,-19.2317905,8.20433998
-0.480752379,-19.2277966,8.37945175
-0.49155879,-19.2361355,8.02950573
-0.479892522,-19.2238674,8.55420971
-0.626685858,-19.2511845,8.468153
-0.630511224,-19.256361,8.2928791
-0.628915846,-19.2479324,8.64355564
-0.331152678,-19.2287941,8.98582935
-0.481517881,-19.2200508,8.72824192
-0.190101877,-19.2812576,9.06913757
-0.484728932,-19.2163143,8.90197563
-0.763945937,-19.3140488,8.55443954
-0.629425764,-19.2442722,8.81287098
-0.763424933,-19.3097076,8.72917271
0.0796451643,-19.6620121,7.03359461
-0.762653351,-19.3172264,8.37900639
-0.635235071,-19.2422028,8.98827362
-0.764922321,-19.3066788,8.90394592
-0.328396469,-19.2256012,9.16066074
-0.769939661,-19.3060093,9.07787132
-0.194364637,-19.2753181,9.23567772
-0.87725389,-19.4057407,8.81241322
-0.8764835,-19.4087982,8.64457607
-0.98586756,-20.060236,3.80540133
-0.477282435,-19.2121601,9.07538795
-0.632905126,-19.2374687,9.16401005
-0.879504979,-19.4041901,8.98787212
0.100510627,-19.7953014,7.86669874
0.0804292336,-19.9393692,8.1321373
-0.878847659,-19.4155731,8.46926117
-0.872434855,-19.3918934,9.1757021
-0.959904432,-19.5304317,8.73032761
-0.960905612,-19.5282116,8.90538311
-0.32965073,-19.2217216,9.32321739
-0.959724426,-19.534317,8.5552721
-0.4778184,-19.208271,9.25062275
-0.198427677,-19.2694073,9.40782738
-0.99948442,-19.6856842,6.83036232
-0.312628418,-19.2651939,7.54417753
-0.606334627,-19.2253876,9.34754372
-0.342724025,-19.2493134,7.93697548
-0.474120468,-19.2449913,7.59796667
-0.469609082,-19.2042675,9.42113781
-0.33122769,-19.2177086,9.48844147
-0.208045438,-19.2614517,9.54495049
-0.026238393,-19.4519768,7.45176268
-0.451855272,-19.2005672,9.58624935
-0.596730232,-19.2190094,9.51896477
-0.310187757,-19.219738,9.64247322
-0.851364434,-19.4109344,7.41512108
-0.749815106,-19.3286343,7.52697182
-0.579116225,-19.2111359,9.68482208
-0.419753343,-19.19837,9.74806976
-0.738186359,-19.2778149,9.44915485
-0.722431242,-19.2652988,9.61586761
-3.04371929,2.72495341,0.22543171
-3.06353235,2.80708575,-0.130412027
-0.754998386,-19.2920914,9.26460171
-0.710582256,-19.2552242,9.78954792
-0.263874531,-19.2312603,9.80605125
-0.962493241,-19.5272198,9.08020878
-0.649983406,-19.2669334,8.121315
0.0723567978,-19.6350994,7.21391535
-0.116991691,-19.3125496,9.84969711
-0.855301201,-19.3609524,9.73350716
-1.00321257,-19.6486397,8.81844234
-0.86517781,-19.3750553,9.56312752
-0.804590106,-19.3511124,8.21094513
-0.112193808,-19.3574028,7.93607664
-1.00420403,-19.6575508,8.6454258
-0.933406353,-19.4560528,9.85529709
-0.990170121,-19.6394787,7.34841585
-0.884299219,-19.4007759,9.37013817
-0.954361796,-19.4964504,9.68600941
-0.955136776,-19.5291901,8.39280128
-1.01635969,-19.8161736,7.14591074
-0.871540725,-19.4104404,8.33944035
-0.961384296,-19.5208855,9.24716282
-0.999971628,-19.6098042,9.80763054
-1.00517666,-19.6526604,8.99170208
-0.960456908,-19.5124435,9.51742935
-1.00480556,-19.6335239,9.64619923
-0.00424395967,-19.471138,7.90361834
-0.503971279,-19.2405853,7.86949015
-0.192057773,-19.3107872,7.65986586
-0.638635278,-19.2736359,7.64760637
-3.04414868,2.6327579,0.318288863
-0.213444009,-19.2956581,7.84988642
-1.00365388,-19.6596642,8.47517204
-0.0588137209,-19.4121361,7.61940098
-1.00650036,-19.6541576,9.16528034
0.0675138012,-19.6090965,7.8354969
-1.00376785,-19.6333904,9.48296356
-1.00496352,-19.6427536,9.32622051
-0.654455602,-19.2722111,7.96111679
-1.01829255,-19.7730923,9.08157825
-0.97057277,-19.5371628,9.38691807
-1.01811683,-19.7770081,8.90563965
-1.01846826,-19.7691765,9.25751114
-1.01881957,-19.7613468,9.60935783
-1.01864386,-19.7652626,9.43343735
-1.01794112,-19.7809238,8.72969437
-1.01899517,-19.757431,9.78526211
0.0586758442,-19.5948792,7.3947711
-1.01618385,-19.8200912,6.96990299
-1.0177654,-19.7848396,8.55374241
-0.947300017,-19.5369072,7.46452093
-1.01758981,-19.7887573,8.37778473
-0.999740303,-19.6479721,8.30870628
0.0773691908,-19.9822578,6.87659311
-1.01741409,-19.7926731,8.20182133
-0.939694166,-19.504879,8.24364567
-0.999934733,-19.6533737,8.1310339
-0.358791381,-19.2505722,7.73712349
-0.926195502,-19.4869843,8.08399296
-1.01723826,-19.7965889,8.02585125
-1.0165354,-19.8122559,7.32191133
-0.529100478,-19.2463284,7.73062849
-0.0919710249,-19.3773155,7.78813171
-0.662673771,-19.278965,7.80223417
0.0153250946,-19.5038719,7.73193407
-0.800197721,-19.3518219,8.0313139
-0.787377059,-19.3498898,7.69669676
-0.799301982,-19.3549385,7.86588001
-0.875982046,-19.4329567,7.58707571
0.0376107059,-19.546257,7.56330061
-0.99399507,-19.6361237,7.96704721
-0.903616428,-19.4627037,7.75533581
-0.915457249,-19.474987,7.92221498
-0.966367006,-19.5706787,7.63567591
-0.983814299,-19.6092396,7.80598927
0.082621336,-19.6603947,7.70482302
-1.0101316,-19.715538,7.66609764
-1.00271142,-19.6817436,7.49099731
-1.01706254,-19.8005066,7.84987497
-1.01671112,-19.8083401,7.49790525
0.090842016,-19.699934,7.52811003
0.101060323,-19.8075542,7.31621885
-1.01688683,-19.8044224,7.67389345
0.101246625,-19.8117065,7.12965107
0.100690208,-19.799305,7.68686104
0.100873917,-19.8033981,7.50289297
-0.366189152,-20.4364643,3.96603012
-0.451811314,-20.4468365,3.81453896
-0.282355905,-20.4197559,3.81410551
-0.538813293,-20.4370708,3.96515489
-0.189509317,-20.3764744,3.97556186
-0.453267246,-20.4400978,4.11748457
-0.624942482,-20.4201355,3.81377172
-0.307430804,-20.4209404,4.0928421
-0.125576526,-20.3399963,3.81248689
-0.475258589,-20.3123989,9.8461113
-0.287086785,-20.2851067,9.84527874
0.0215934701,-20.037878,9.79763508
-1.00126004,-19.9599705,6.19209814
-1.00360954,-19.951786,6.04662609
0.00870683137,-20.0633373,9.60508251
-0.998750627,-19.9672585,6.36661339
-0.988622904,-20.0455551,4.11711884
0.0216643885,-20.0467777,9.42109108
-1.00241649,-19.9487286,6.53545332
-1.00359833,-19.9402256,6.70974398
0.0224126931,-20.0496311,9.24878693
0.0198814068,-20.0575104,9.09817028
0.0212829132,-20.0593662,8.922328
-0.999959826,-19.9529667,6.88335276
0.0201101582,-20.0655499,8.74616528
0.0221062414,-20.1260128,6.07933855
0.0247835778,-20.117321,6.25475121
0.0248429496,-20.1130142,6.43033361
0.0246217772,-20.1259251,5.90690565
0.0228198599,-20.1415195,5.38131905
0.0204038899,-20.1792545,3.96718216
0.0254850294,-20.1328487,5.55668163
0.0255197901,-20.1285858,5.73222065
0.0219291709,-20.0665646,8.5760994
0.0192470104,-20.0752869,8.39887524
-0.074901633,-20.1818886,8.83556366
-1.00095427,-19.9711323,5.64288282
-1.00053537,-19.9759789,5.47442007
-1.00101769,-19.9799728,5.1308589
-0.99950105,-19.9835129,5.30214405
-0.997593522,-19.982336,5.79270935
-0.998985589,-19.9918671,4.95961714
-0.991818786,-20.0292492,4.41184902
-0.996732831,-20.0037537,4.80902243
-1.00093508,-19.9959393,4.24983454
0.0270720217,-20.1637344,4.15467978
0.0239181034,-20.1648388,4.3300128
0.0252081845,-20.1500931,4.85609627
-0.6238603,-20.4138641,4.1153965
0.025853999,-20.1532001,4.68081331
-0.0719123483,-20.183094,8.66073322
-0.703324258,-20.3850002,3.96315384
-0.0741611347,-20.2431087,6.16643476
0.0247624721,-20.1592293,4.50562429
-0.0691242516,-20.2423801,5.99157047
0.0248066261,-20.1423969,5.20586014
-0.0670434833,-20.2444286,5.81681538
-0.0656719953,-20.2471447,5.64239264
-0.35577625,-20.4283066,4.25093937
-1.00047302,-19.9922352,4.57852268
-0.0661236644,-20.251627,5.46837187
-0.0697474182,-20.1850605,8.48594666
-0.0702325851,-20.2596035,5.29530573
-0.189697474,-20.3325958,5.90484142
-0.18532519,-20.3341846,5.72999382
-0.186361879,-20.3387432,5.55524731
-0.187419996,-20.3431168,5.38888597
-0.324258476,-20.3902512,5.64868307
-0.0751388296,-20.2399597,6.34170723
-0.325010866,-20.3943539,5.4743948
0.0806928575,-19.9429531,7.95659161
-0.551123381,-20.4286385,4.25538158
-0.995144069,-19.9646645,7.23409081
-0.997025788,-19.9611397,7.05864763
-0.194974393,-20.3511524,5.21455002
-0.326781392,-20.3986988,5.30007792
-0.781506658,-20.3410034,3.81185436
-0.472078204,-20.4077034,5.56256723
-0.184925139,-20.3259811,6.07988644
-0.476070553,-20.4114647,5.38745737
-0.47452724,-20.4037361,5.73773479
-0.323454112,-20.3861294,5.82311583
-0.334463775,-20.4043465,5.12730503
-0.456436127,-19.3402271,3.61533999
-0.478097022,-20.4150867,5.22094154
-0.191838637,-20.3534756,5.03949547
-0.958030343,-20.1267948,3.95937753
-0.621926725,-20.3845177,5.48055506
-0.623446107,-20.3878841,5.30549955
0.0721868798,-19.9931297,7.08675098
-0.0735248923,-20.2667809,5.12007189
-0.327803224,-20.3832779,5.99635649
-0.488782585,-20.4184341,5.04622221
-0.625982165,-20.3909187,5.13044691
0.0205716137,-20.1160812,6.60087633
-0.473664731,-20.3998566,5.91353512
-0.190839857,-20.2723885,8.57276154
-0.995338321,-19.9270554,9.19709778
-1.00337148,-19.8940487,9.35544109
-0.988952398,-19.9409847,9.51822758
-0.622221172,-20.376915,5.82287407
-0.19601883,-20.271183,8.74842072
-0.475686252,-20.395916,6.08787823
-0.322547287,-20.3780594,6.17185974
-0.197163194,-20.3286591,6.25237846
-0.621230483,-20.3733692,5.99839592
-0.999376357,-19.9161758,9.01184082
-0.626103699,-20.3679924,6.17378139
-0.0714973658,-20.2324982,6.51519108
-0.979488134,-19.9917336,8.24919224
-0.980575979,-19.9923229,8.07551384
0.0185434557,-20.1152134,6.77597141
-0.778490007,-20.3366814,4.11295986
-0.712912381,-20.3737812,4.25446367
-0.475619018,-20.3923817,6.24698496
-0.844738781,-20.2846165,3.95950937
-0.906185329,-20.2167263,3.80896378
-0.334197193,-20.3769646,6.34273243
-0.190771133,-20.2763557,8.39708138
-3.06343579,2.80718994,0.109343939
-0.767073333,-20.3018284,6.09414768
-0.615973949,-20.3672829,6.34819651
-1.00161493,-19.9106598,8.83832264
-0.191490784,-20.3216648,6.42693615
-0.755702794,-20.3054562,6.26888752
-1.00294495,-19.9082775,8.66659164
-1.0043366,-19.9048061,8.52164936
-0.476786613,-20.3883114,6.42836905
-0.332512885,-20.3726387,6.51816368
0.0217644721,-20.0753288,8.22159576
-0.749225438,-20.3057117,6.44387293
-0.196066573,-20.3201065,6.60249138
-0.626871526,-20.3602123,6.51728058
-0.472841769,-20.3847294,6.59517479
-0.0740968436,-20.1932564,8.31276512
-0.86380434,-20.2144661,6.34771252
-0.75324297,-20.2995358,6.61419201
-0.980838597,-19.9949875,7.90459585
-0.866133511,-20.2082653,6.52275753
-0.332532257,-20.3689766,6.68122673
-0.609592617,-20.3616047,6.69111204
-0.072566554,-20.1760902,8.98948097
-0.0725902319,-20.1723671,9.15084267
-0.0746688843,-20.2315807,6.68403673
-0.870463014,-20.1998539,6.69765329
-0.471578985,-20.380991,6.76486588
-0.742614865,-20.3022232,6.78941393
-0.613221169,-20.3568974,6.85794735
-0.195281506,-20.3158474,6.7711401
0.00857376028,-20.1263657,6.96312714
-0.416455716,-20.3135891,9.72490215
-0.332265973,-20.3652821,6.84286785
-0.981532335,-19.9963856,7.73930407
-0.481765985,-20.3769283,6.93175745
-0.712733924,-19.4019241,3.636518
-0.073294796,-20.2262268,6.85900593
-0.129939809,-20.2026653,9.92580509
-0.742011368,-20.2993984,6.93630028
-0.859055161,-20.2085476,6.86159515
-0.958669364,-20.0717716,6.61816502
-0.612311006,-20.3533192,7.03276443
-0.328114241,-20.360569,7.00929499
-0.0583577938,-20.1511192,9.45489311
-0.455484986,-20.3736401,7.10340023
-0.95079875,-20.0836487,6.79255056
-0.065898329,-20.1620121,9.31516552
-0.19984962,-20.3148422,6.92054415
-0.969924212,-20.0612659,5.92115498
-0.853753805,-20.2102699,7.03524017
-0.7345258,-20.2998943,7.11424685
-0.303578377,-20.350317,7.17886019
-0.942092299,-20.0958633,6.96677828
-0.620671868,-20.2893276,9.8344965
-0.595588863,-20.3540268,7.20721626
-0.191430748,-20.3065605,7.08808374
-0.431842446,-20.3693905,7.26761675
-0.992319942,-19.9247246,9.83371925
-0.989743888,-19.9792061,7.4072566
-0.0894639939,-20.2369766,7.03017282
-0.985305727,-19.9891872,7.57425261
-0.174338043,-20.293232,7.24908829
-0.330144674,-20.3277626,8.48920536
-1.00438321,-19.8838577,9.68248463
-0.101376086,-20.2438316,7.17226744
-0.937255204,-20.100584,7.13917255
-0.302842766,-20.3472977,7.30343962
-0.0108787958,-20.1497688,7.13890266
-0.198460355,-20.2685642,8.92021847
-0.0593545102,-20.2019501,7.31533718
-0.559031367,-20.3583164,7.37636042
-0.835271835,-20.2243214,7.20913839
-0.199004218,-20.3038101,7.38556576
-0.377871871,-20.3605137,7.4348135
-0.0847854018,-20.2217846,7.50746965
-0.708293259,-20.3101654,7.28858328
-0.0652261823,-20.2868156,3.91584873
-0.328629792,-20.3234596,8.66445732
-0.0619504787,-20.1456699,9.84717655
-0.186722472,-20.3709164,4.15301371
-0.0596345775,-20.1461678,9.72408962
-0.519667506,-20.3604336,7.54327917
-0.19397907,-20.2820625,8.22306347
-0.331338286,-20.331974,8.31448364
-0.679224849,-20.3198814,7.46461105
0.0966835693,-19.803463,3.64895487
-0.922937036,-20.1196461,7.31503057
-0.351010531,-20.3520737,7.60779953
-0.816399753,-20.2371712,7.38158274
-0.00154115865,-20.2157078,3.80984449
-0.909891844,-20.1347771,7.48904991
-1.00550497,-19.8077049,3.64905524
0.021184478,-20.1525497,5.03257179
-0.795525014,-20.249958,7.56086493
-0.489118159,-20.3590279,7.72139692
-0.951908469,-19.6438789,3.64400196
-0.973868549,-20.0024891,8.40742588
-0.851696134,-19.5040073,3.64786863
-0.338691086,-20.409668,4.93149519
-0.0693989173,-20.1928291,8.13693523
-0.0641415194,-20.282196,4.06925058
0.0806931257,-19.9475079,7.78069687
-0.337321103,-20.337265,8.13988113
-0.765436053,-20.3067036,5.91894674
-0.19629401,-20.2873077,8.04721355
-0.0670180172,-20.2809219,4.24422169
0.0905508101,-19.9201965,7.23215818
-0.478021383,-20.3443832,8.40324402
-0.0713771209,-20.2810268,4.41880131
-0.482514679,-20.3480873,8.22870064
0.0752707347,-19.9710083,7.58478451
-0.480054736,-20.3404312,8.57781792
0.0857712775,-19.9380665,7.3838253
-0.559087217,-20.3072472,9.68944073
-0.338385314,-20.3414364,7.96472073
-0.0752310231,-20.2805519,4.59470987
-0.488505661,-20.3516655,8.0545311
-0.635029733,-20.3917294,4.95731258
-0.75810796,-20.3264656,5.22596455
-0.287867159,-20.2894173,9.66560841
-0.628243327,-20.3202095,8.32079887
-0.631012976,-20.3231468,8.14626026
-0.327766776,-20.3197689,8.81924152
-0.63964504,-20.3240891,7.97184896
-0.966688693,-20.0929737,4.70583105
-0.493938982,-20.3552341,7.87937498
-0.640478432,-20.3273315,7.81087303
-0.868724287,-20.2127628,6.17773676
-0.757358313,-20.3233356,5.39304209
-0.618487656,-20.3817215,5.65612125
-0.763415575,-20.2580128,8.23467541
-0.161572784,-20.2278252,9.7690239
-0.138120383,-20.2164612,9.58133793
-0.768384218,-20.2585106,8.06006432
-0.763554692,-20.2541504,8.40928078
-0.62492317,-20.3175812,8.48821259
-0.951932788,-20.0885315,6.44709349
-0.775545001,-20.2574081,7.88608694
-0.0718344972,-20.2692204,4.9463582
-0.878763497,-20.1597843,8.15349197
-0.882377744,-20.1593094,7.97851658
-0.902504563,-20.2154427,4.1096034
-0.845725834,-20.2771626,4.26443291
-0.0745453909,-20.275835,4.77071524
-0.889955759,-20.1539688,7.80368137
-0.629940212,-20.3121662,8.66268921
-0.481686532,-20.3364735,8.7530632
-0.756942868,-20.2546139,8.58373928
-0.880604565,-20.1540241,8.32639694
-0.873209715,-20.1586704,8.50129128
-0.870165706,-20.1583023,8.67630577
-0.759990573,-20.2489662,8.75546551
-0.619125903,-20.3116932,8.8369627
-0.870365798,-20.1544247,8.84919834
-0.956483185,-20.0362911,8.58448219
-0.74963218,-20.2516422,8.93029976
-0.955456078,-20.0347233,8.75992393
-0.467087179,-20.3332996,8.91364384
-0.607174754,-20.3112926,9.01104546
-0.949748933,-20.0419426,8.93241978
-0.742618799,-20.2520409,9.10543919
-0.32762596,-20.3157539,8.99612427
-0.233810186,-20.3174229,7.52108622
-0.190637141,-20.2608223,9.07511044
-0.467050582,-20.329567,9.08149815
-0.331647277,-20.3129063,9.16546822
-0.596120119,-20.3107243,9.16910076
-0.482574612,-20.4332027,4.39632177
-0.640900791,-20.4019966,4.39591265
-0.45384264,-20.3259583,9.24456501
-0.86693871,-20.1543617,9.02629185
-0.71708101,-20.262516,9.2734251
-0.310842752,-20.3040848,9.32097149
-0.848854542,-20.1688805,9.20889091
-0.893862486,-20.1524372,7.64767027
-0.347216368,-19.350338,3.61781883
-0.775766194,-20.2606297,7.72969198
-0.577909052,-20.3115292,9.32618713
-0.32618776,-20.3427143,7.78230286
-0.187244281,-20.2554569,9.22799397
-0.442488611,-20.3220367,9.41011047
-0.9515118,-20.0927944,6.27708101
-0.878722489,-20.2051678,6.00594521
-0.826402724,-20.1857319,9.38617706
-0.293064833,-20.2948132,9.49982929
-0.599258661,-20.3024673,9.50804996
-1.00692582,-19.9799213,3.65133476
-0.173470646,-20.2438297,9.38881588
-0.444084615,-20.318306,9.57957554
-0.496766835,-20.4223366,4.84615564
-0.700529873,-20.2679729,9.40151405
0.0418050736,-19.6397896,3.64660454
-0.764071822,-20.3263531,5.05085707
-0.652169347,-20.3266106,7.65278482
-0.939441919,-20.0515862,9.34164047
-0.765498221,-20.2284966,9.53794575
-0.89334929,-20.1135426,9.52823925
-0.210747495,-20.367609,4.84279633
-0.943794906,-20.0488091,9.11564541
0.0205266234,-20.0816555,8.04379845
-0.838823438,-20.1682243,9.68507576
-0.758670092,-20.3187046,5.56828976
-0.947609246,-20.0306549,9.67361069
-0.182820007,-20.2885551,7.66841173
-0.753660798,-20.3180923,5.74417114
-0.699872196,-20.2620697,9.68698788
0.028140109,-20.0831776,7.43624973
0.0461856611,-20.0527916,7.26473141
-0.197872326,-20.292141,7.8717885
-0.18921046,-20.3682728,4.32828474
-0.774880171,-20.2156887,9.84126472
-0.959944785,-20.0793571,6.11289644
-0.792872429,-20.3200626,4.39357424
-0.075954847,-20.2032871,7.95596886
-0.3200064,-20.4168606,4.41964197
0.0993649438,-19.9760799,3.65368605
-0.774089038,-20.3233318,4.87590265
-0.642623901,-20.3929443,4.781322
-0.198918492,-19.3988686,3.65038133
-0.949303508,-20.1380539,4.2601347
-0.872056067,-20.2311783,5.1330204
-0.871266127,-20.2283554,5.30823994
-0.0569802225,-20.1916637,7.65277147
-0.870853245,-20.2251091,5.48338604
-0.900978804,-20.097578,9.83218193
-0.880201638,-20.2071686,5.82976151
-0.0603311732,-19.5006523,3.64229012
-0.876185536,-20.2301807,4.95906115
-0.783333182,-20.3208504,4.68633461
-0.955009937,-20.1039276,5.39376259
-0.956596375,-20.1042976,5.21833944
-0.871787012,-20.2203789,5.65802479
0.00714610796,-20.1137962,7.58264971
-0.95617342,-20.0980492,5.56912184
-0.184690461,-20.362112,4.49015236
-0.884048223,-20.2246189,4.78635597
-0.956708968,-20.0934181,5.7446928
-0.349249125,-20.4167709,4.71078348
-0.95642662,-20.1079292,5.05589771
-0.523118019,-20.423542,4.67456722
-0.908894181,-20.200634,4.40010023
-0.960717857,-20.1025753,4.88078356
-0.963120997,-20.1294327,3.65898728
-0.660526633,-20.3891125,4.64902449
-0.894946992,-20.2139931,4.65086222
-0.198016599,-20.3653336,4.66182137
-0.0748908669,-20.2063599,7.7803607
-0.849362433,-20.2678223,4.53457451
-0.951002777,-20.128828,4.55369282
-0.58528018,-20.4465675,3.6516273
-0.291352808,-20.4056778,4.56335974
-0.420430958,-20.4295807,4.54206085
-0.71468991,-20.366621,4.54110336
-0.566477835,-20.4196014,4.53309727
0.0214611385,-20.0843601,7.8655262
-0.578806758,-19.3565941,3.5946629
17.8069687,4.82807636,-0.302961022
17.2303143,4.82809305,0.0156762954
16.9370155,4.82807827,-0.261145025
0.0204341728,-20.089819,7.70893478
17.10569,4.82808971,-0.0448019803
17.0053158,4.82808495,-0.13929306
-0.737072051,-20.382288,3.66534305
-3.10097933,2.86707067,-0.0102728056
-3.15838194,2.90871763,-0.131022885
-3.29741144,3.14930129,-0.129929841
-3.30522084,3.21957803,-0.0102728056
-3.2552011,3.09257293,-0.0102728056
-3.18643737,2.97385168,-0.0102728056
-3.23716521,3.02374458,-0.131312251
-3.33880424,3.28229666,-0.130682379
-3.14716434,2.82339072,-0.242834702
-3.31226182,3.06624651,-0.241586044
-3.33589363,3.35338092,-0.0102728056
-0.871317387,-20.2705288,3.66927242
-3.3671124,3.49021864,-0.146996871
-3.34619021,3.49021864,-0.0102728056
-3.36514974,3.20048523,-0.241692975
-3.23788857,2.93492174,-0.244324163
-3.40109348,3.33961964,-0.247782469
17.3653069,4.82809401,0.0360597037
-3.42618561,3.11534691,-0.347346067
-4.07019043,3.49021864,-0.38155359
-3.94244909,3.49021864,-0.445812106
-4.00786877,3.36551452,-0.416698337
-3.3487494,2.9707303,-0.339045614
-3.43119001,3.49021864,-0.275789082
-3.87244964,3.36531687,-0.461368144
-3.80089498,3.49021864,-0.467465997
-3.48192549,3.36064482,-0.343062311
16.9238129,4.82806349,-0.539945006
17.7453918,4.82808352,-0.167041123
-3.53163004,3.49021864,-0.377938777
-3.72356892,3.36039972,-0.461556315
-3.58860087,3.3649044,-0.417407691
-3.52013326,3.24250245,-0.389471442
-3.57425785,3.11765695,-0.434724212
-3.92908597,3.2306819,-0.442847729
-3.648031,3.23927879,-0.448677778
-3.65918994,3.49021864,-0.444136977
17.6436615,4.82808924,-0.0584420078
-3.78905988,3.2339859,-0.467371076
-3.71136451,3.11352682,-0.465913266
-3.63672876,2.9916501,-0.462449431
-3.77721429,2.98849463,-0.46292454
-3.85373259,3.10969663,-0.456317931
-3.70438361,2.86553335,-0.465148002
17.5129242,4.82809305,0.0115730856
-3.84225631,2.86582112,-0.434333146
-3.9154017,2.9895165,-0.424167454
-3.77089715,2.74184275,-0.437643409
-3.56112576,2.86949682,-0.459890395
-3.89927745,2.7486465,-0.377304256
-3.63006783,2.74248409,-0.465645432
-3.82757735,2.62318516,-0.378087968
-3.96982121,2.87448835,-0.367691964
-3.98617506,3.10502601,-0.405523747
17.7937241,4.82806158,-0.580796242
-4.03335667,2.98489022,-0.348345548
-3.9964726,2.7544744,-0.295359522
-4.06791401,2.87525821,-0.269978225
-3.92646503,2.63296366,-0.302688807
-4.12813187,3.00254297,-0.243143678
-4.09869003,3.10901856,-0.31778419
-4.07989073,2.75894499,-0.161538213
-3.85203242,2.52436376,-0.309193015
-3.43690205,3.24929738,-0.318129987
-4.02168751,2.64968348,-0.1741831
-3.7416048,2.5221014,-0.388293475
-4.12280798,3.36536217,-0.332828581
-3.9438076,2.54720426,-0.211805522
-3.70126319,2.62816,-0.437465578
-4.0506711,2.63949323,-0.0102728056
-3.99593544,2.56201339,-0.105266474
-3.48780918,2.9843936,-0.421072245
-4.0520463,3.23072124,-0.379741073
-3.25041223,2.79954195,-0.354815245
-3.92952752,2.4624908,-0.115877256
-3.9772296,2.51240134,-0.0102728056
-3.86349964,2.44185567,-0.226379141
-3.76346469,2.42110419,-0.320183069
-3.1425519,2.73516059,-0.321802616
-3.29739547,3.14930749,0.109320447
-3.15825033,2.90882301,0.109859474
-3.89365458,2.39137292,-0.0102728056
-3.23711038,3.02377653,0.110535495
-3.85057783,2.35609484,-0.116162591
-3.64605975,2.40899158,-0.39023453
-3.33876228,3.28230619,0.109979369
-3.77924299,2.32907248,-0.218299165
-3.61633372,2.51958871,-0.438627154
-3.36880898,3.49021864,0.131751642
-4.13847494,2.89259338,-0.14566046
17.5003872,4.8280468,-0.857930064
-3.67962527,2.31282067,-0.311405241
-4.19365168,3.11956835,-0.168825895
-3.76126099,2.25019097,-0.109013982
-3.79990745,2.27664351,-0.0102728056
-3.69295287,2.232162,-0.213077784
-4.11418629,2.7732439,-0.0102728056
-3.52367997,2.41821218,-0.43909362
-3.49011683,2.71981764,-0.46317178
17.6240406,4.82804966,-0.798086286
-4.17202854,3.49021864,-0.280712575
-3.69837904,2.17102861,-0.0102728056
-3.56194615,2.30540466,-0.382279515
-3.5879221,2.20630407,-0.296974212
-3.67524242,2.16316867,-0.106399149
-4.18029594,3.00135851,-0.119504765
17.7254753,4.8280549,-0.702761233
-4.1586194,3.23787904,-0.273860246
-3.601928,2.12739968,-0.179706931
-3.56194615,2.61748052,-0.463992029
-3.49300122,2.1015172,-0.270150632
-3.47307587,2.20035768,-0.366882294
-3.38141012,2.44890666,-0.465916336
-3.2815311,2.5663805,-0.452408284
-3.50049162,2.03155756,-0.145762205
-3.39713597,2.845011,-0.416139007
-3.58719397,2.07263207,-0.0102728056
-4.16672182,2.91184044,-0.0102728056
-4.20747566,3.05266762,-0.0102728056
-3.50384784,2.51460791,-0.460783035
-3.43385339,2.31453109,-0.433401048
-0.329813808,-20.4416847,3.69620466
17.3653069,4.82804537,-0.878340304
-0.186182559,-20.3903694,3.67008185
-3.4282167,2.59091806,-0.466529101
16.9855804,4.82805634,-0.675777197
-4.23004198,3.27355623,-0.135706604
-3.33901286,2.70134211,-0.434947699
-4.2062974,3.36641955,-0.218127415
-4.23693085,3.1970017,-0.0102728056
-3.204813,2.67060304,-0.396316797
-4.23785305,3.49021864,-0.152659759
0.050135836,-20.1406765,3.65513468
17.2176418,4.8280468,-0.853837788
17.0878315,4.82805061,-0.784512699
-4.24711514,3.38863993,-0.108313099
-4.26059008,3.49021864,-0.0102728056
-4.25468206,3.34333658,-0.0102728056
-4.23976803,3.49021864,0.126131892
-3.14675903,2.82389593,0.221200734
-3.32031965,3.05668402,0.239495486
-3.36507273,3.20060158,0.22096324
-3.23813033,2.93785286,0.221310422
-4.03801298,2.65474105,0.117723152
-3.40064263,3.33907413,0.226641223
-3.15068388,2.72103405,0.317474306
-3.25140595,2.82385135,0.320833385
-0.451577365,-20.4644756,3.6400907
-3.42416716,3.11840606,0.324058503
-4.18314552,3.00282788,0.0889229998
-3.44791913,3.23665023,0.311991632
-4.14250088,2.89176035,0.111192852
-4.20948172,3.36590433,0.191164136
-3.43416214,3.49021864,0.259361088
-3.87735057,3.36569214,0.439995021
-3.80600667,3.49021864,0.446919709
-3.94706178,3.49021864,0.423766732
-3.73445439,3.36580801,0.442564666
-3.89182234,2.42450166,0.127309456
-3.48918366,3.36574745,0.328608841
-3.66467977,3.49021864,0.425377548
-3.80701113,2.31199718,0.116328955
-4.01231384,3.36551762,0.393838823
-3.33494377,2.42378592,0.446193844
-4.19736433,3.12583399,0.141755432
-3.73008108,2.21936512,0.0939469635
-4.07441473,3.49021864,0.357935965
-3.59686041,3.36555481,0.400920719
-4.17602301,3.49021864,0.254635811
-3.62721896,2.14451814,0.149460837
-3.53653169,3.49021864,0.360966146
-3.4031074,2.30369687,0.417342901
-3.80607677,3.24124789,0.446240067
-4.22714186,3.25247645,0.115974374
-3.94425225,3.24217033,0.417616397
-4.12703514,3.36568618,0.308016807
-3.47788978,2.4255898,0.430633754
-3.46425653,2.19603682,0.348051131
-3.27654743,2.56287837,0.431656122
-3.54115367,2.31503987,0.376067281
-3.5087831,2.10548568,0.239946261
-3.53219438,2.05091166,0.113364354
-4.16387844,3.24002171,0.246234417
-4.06805849,3.24203539,0.34851101
-3.40771961,2.54749203,0.446690738
-3.61664391,2.43625617,0.393653542
-3.87596774,3.1164825,0.430856496
-4.08731031,2.78633523,0.15223597
-4.00273418,3.11707187,0.376970321
-4.11490488,3.11986017,0.281758785
-3.55116105,2.54877019,0.43777132
-3.26258063,2.71237445,0.382799804
-0.0461053513,-20.2832298,3.65302634
-3.34153843,2.92232919,0.335470885
-3.66683221,2.32792926,0.311952502
-3.41301513,3.01099324,0.351465404
-3.93594027,2.99139667,0.394224375
-3.68993306,2.55877328,0.40381521
-3.7439537,2.44944024,0.331918329
-3.95914698,2.53671455,0.147941291
-3.66443181,3.24105954,0.432479143
-4.05257893,2.99936748,0.31441465
-3.82294989,2.59022236,0.34698838
-3.61745882,2.67659283,0.442082226
-3.50602055,3.15204597,0.37548846
-3.7679143,2.70472932,0.410722882
-3.54643846,3.24536204,0.384644181
-4.13925171,3.00925756,0.206938207
-3.77162933,2.98024416,0.442702204
-3.98771262,2.87166977,0.332313538
-4.07971621,2.88197088,0.236325622
-3.479074,2.67242408,0.444915265
-3.73502898,3.11664844,0.446651459
-3.90624833,2.7326467,0.346354991
-3.38863182,2.79465866,0.406188071
-3.58418417,2.21235538,0.284910351
-3.35530853,2.66371202,0.427383363
-3.85062814,2.85455227,0.408650517
-4.01511765,2.75687289,0.253676474
-3.70612335,2.81053257,0.441115946
-3.94376206,2.62299871,0.256329477
-3.52893615,3.03889179,0.407715321
-3.54485106,2.79874396,0.442807108
-3.78109574,2.37081838,0.241559342
-3.86881971,2.49337292,0.247901812
-3.63263011,2.92400169,0.444808543
-3.4716115,2.9175961,0.40803203
-3.6569283,3.03193569,0.442488551
-3.70113063,2.25778103,0.215410054
-3.60565448,3.13264298,0.423497468
-0.977809191,-21.5999794,2.33283448
-0.999268711,-21.449604,2.24556518
-1.00410366,-21.6038761,2.16292286
-0.614819646,-21.6140327,1.63110614
-0.44551,-21.4397449,1.60767603
-0.444751322,-21.613884,1.60476542
-1.01196587,-19.8955498,3.49774075
-0.445867032,-21.589016,2.7220881
-0.446628004,-21.415741,2.73170829
-0.618872941,-21.5903778,2.69447351
-0.996907711,-21.4549675,2.07322407
-0.996586382,-20.0570736,3.50502419
-1.00524139,-21.3036232,2.16923928
-0.979418039,-19.7301369,3.49411726
-0.976395249,-21.6076107,1.98974001
-0.994398296,-19.816227,3.3432579
-0.897419751,-19.5770397,3.49750948
-0.928952694,-19.656889,3.34527278
-0.948388577,-19.7399273,3.19234109
-0.833895147,-19.5383701,3.34220958
-0.784817159,-19.4662666,3.49063993
-0.86516279,-19.6145439,3.19236398
-0.693366289,-19.4394436,3.34621477
-0.744665921,-19.5096874,3.19444966
-0.882870853,-19.6930847,3.04296041
-0.968511879,-19.8430328,3.05368423
-0.779771686,-19.5880318,3.04502392
-1.01188517,-19.9806061,3.35987496
-0.79861182,-19.6698875,2.89786506
-0.635800362,-19.3891087,3.47864771
-0.593593895,-19.4355373,3.21839046
-0.912174881,-19.8001137,2.90883541
-0.621460021,-19.4947662,3.06574202
-0.64185226,-19.5670013,2.91124582
-1.00320804,-19.9063568,3.20413566
-0.663530588,-19.6451015,2.77626729
-0.456173003,-19.3646927,3.44137955
-0.568695843,-19.393837,3.35718989
-0.938998163,-20.2017555,3.52007461
-0.983343422,-19.9552536,2.92393756
-0.455851674,-19.4029293,3.269171
-0.455477387,-19.4542961,3.10145903
-0.835361242,-19.7909794,2.74576116
-1.00853717,-20.0072041,3.07320309
-0.946357548,-19.9357128,2.78970599
-0.983293235,-20.1412907,3.36793923
-1.01045609,-20.1122379,2.94549918
-1.00835001,-20.075161,3.21833491
-1.00392485,-20.1721344,3.08151031
-1.00029707,-20.2673702,2.9583509
-1.00958455,-20.1956406,2.81136727
-0.97062844,-20.2261753,3.24064064
-0.93999815,-21.4496002,2.4289844
-0.959895909,-20.3241692,3.10265064
-0.908833444,-20.2930565,3.37657976
-0.99269402,-20.0539074,2.82696486
-0.976157546,-21.2793503,2.36960268
-0.893109322,-20.3804932,3.22770905
-0.958732247,-20.4139194,2.97122788
-0.884680748,-20.465477,3.10317564
-1.00054979,-20.3657055,2.82184172
-0.779700816,-20.5067348,3.22413301
-0.800767004,-20.417078,3.3714025
-0.784261465,-20.5967846,3.08418012
-0.976106167,-20.0970173,2.68060517
-1.00668275,-20.2881145,2.659235
-0.830854475,-20.3411274,3.51971984
-0.946292937,-20.5572662,2.8416872
-0.679711759,-21.445755,1.65870416
-0.970030725,-21.2949524,1.98698843
-1.00456095,-20.4605751,2.67992163
-0.935262978,-21.4412365,1.89704812
-3.34619021,3.62727499,-0.0102728056
-0.886843443,-20.5429878,2.99368739
-0.963077605,-20.2005711,2.51566672
-0.455051094,-19.51861,2.93839645
-0.661099672,-20.5148697,3.34998918
-0.633313596,-20.6104774,3.20076823
-0.82109499,-20.6779671,2.94696784
-0.650925159,-20.73382,3.03724575
-0.69067812,-20.4424191,3.50538778
-0.904180527,-19.94244,2.66092849
-0.998888552,-20.3747482,2.50864768
-0.735183418,-20.8369217,2.89025879
-0.593500972,-20.8606796,2.94710541
-0.624896228,-20.9868183,2.84958649
-0.454573989,-19.5956974,2.78051376
-0.449604243,-20.7924175,3.03104591
-0.534861147,-20.5037403,3.46801996
-0.87622726,-20.762516,2.79730654
-0.448912263,-20.9287376,2.9200201
-0.450777471,-20.5800743,3.30967975
-0.800171852,-20.9415874,2.76532769
-0.903413177,-20.0393028,2.53734136
-1.00514495,-21.1796284,2.23982644
-0.729050457,-21.0990028,2.74064136
-0.991143703,-21.1532383,2.08254433
-0.937193453,-20.2864017,2.36483431
-1.00870156,-20.5613594,2.51821208
-0.863359451,-21.0500488,2.64313507
-0.696056485,-19.7511845,2.63029265
-0.583584905,-21.1362286,2.78901649
-0.809367478,-21.2158184,2.63836026
-0.921462655,-21.1593304,2.52000308
-0.877537608,-21.3290634,2.54008293
-0.871976733,-20.1250401,2.38802242
-0.638647914,-21.2638416,2.72792864
-0.920170009,-20.8649426,2.65503573
-0.572601974,-21.3938255,2.7203033
-0.966743231,-20.9654942,2.4998939
-0.585997224,-21.2830486,1.63981593
-0.446283489,-21.2650394,1.62431443
-0.448174983,-21.0802631,2.83199668
-0.271453232,-21.6125183,1.63247573
-0.276224405,-21.5888653,2.6958828
-3.41064811,3.62049007,-0.244335532
-0.80777818,-19.8795776,2.57348871
-0.989373147,-21.0947208,2.3739171
-0.447407722,-21.2438374,2.76869607
-0.896405518,-21.6107368,1.83375537
-4.04042864,3.60655284,-0.401226431
-1.00458765,-21.0424118,2.19709492
-0.579824388,-19.6672897,2.68510437
-3.80015349,3.59580851,-0.467461348
-0.927107215,-21.1394329,1.92344868
-0.9557693,-20.9942265,2.01738548
-0.78650862,-19.9792461,2.42603326
-0.885227263,-21.2846546,1.83633637
-0.815031111,-20.2076416,2.23638868
-0.817483306,-21.1310024,1.78994322
-0.867915869,-21.0235653,1.86771512
-0.898943186,-21.5961475,2.48968673
-0.758322358,-21.2788048,1.71844089
-0.829907238,-21.4330769,1.76115692
-0.969841301,-20.6629734,2.67707157
-0.654700279,-21.1325893,1.68711162
-0.771984816,-21.6129494,1.71020699
-0.733435094,-20.9793301,1.76371861
-3.48019171,3.56313753,-0.333652616
-4.26059008,3.62736154,-0.0102728056
-0.74172312,-20.072979,2.28561187
-3.56734324,3.60826612,-0.401825637
-0.350113034,-19.393362,3.34899855
-0.450232327,-20.6750202,3.16230583
-0.316850394,-19.4363232,3.21265268
-4.12713003,3.56401038,-0.33311075
-0.618493915,-19.9627495,2.31700516
-0.646385252,-19.8349018,2.47903562
-0.451229334,-20.5093307,3.47012401
-0.974720836,-20.4641724,2.32876325
-0.597290039,-20.0876808,2.18742847
-0.700521052,-20.1741962,2.165025
-0.452231824,-20.0195122,2.22380257
-0.452875167,-19.8975391,2.34994793
-1.00666988,-20.9339314,2.31140304
-0.737015426,-21.4109173,2.65013647
-0.987791955,-20.7526493,2.54692435
-0.451554745,-20.1512814,2.1073873
-0.774959922,-21.5928326,2.61455154
-0.583087444,-20.9968758,1.69469225
-0.453483254,-19.7856464,2.48552394
-4.19615507,3.62058735,-0.244297862
-0.569559038,-19.7393417,2.57035375
-0.454050243,-19.6849079,2.62923551
-0.873502374,-20.3380756,2.20755553
-0.447063655,-21.0916672,1.65471876
-0.990044296,-20.8983555,2.15284872
-0.851646483,-21.4761295,2.5503149
-0.853745997,-20.8995171,1.88902426
-0.59745276,-20.8462753,1.7441591
-0.598838627,-20.2296028,2.07151389
-0.27919668,-19.4954376,3.06936455
-0.448614717,-20.7553825,1.75566065
-0.59624666,-20.6828232,1.80695689
-0.4493756,-20.5946236,1.82542622
-0.740360677,-20.3093433,2.08884907
-0.734229684,-20.7840252,1.82901585
-0.599107265,-20.5251274,1.88359046
-0.447843373,-20.9212036,1.69867754
-0.450123727,-20.4394207,1.9078058
-0.450850666,-20.2915268,2.00187516
-0.599138558,-20.3736153,1.97177231
-0.733089983,-20.6229954,1.89803505
-0.936845064,-20.8613644,2.0231545
-1.00544548,-20.8173885,2.39585233
-0.732605338,-20.4694214,1.97957993
-1.00558805,-20.6561584,2.3650198
-0.866313338,-20.4514713,2.11911154
-0.858903706,-20.7523918,1.95086849
-0.86353153,-20.6004562,2.02868176
-0.947271109,-20.744112,2.09363365
-0.959798098,-20.6116371,2.19113278
-0.272251904,-19.3869343,3.49155784
-0.999235511,-20.7758827,2.25115013
-0.359307796,-19.6037788,2.78206611
-0.317804247,-21.3583889,1.62870502
0.113485329,-21.5990238,2.16393089
0.0873306692,-21.6029091,1.99445903
0.105253987,-21.4489803,2.07489991
0.0694471002,-19.7236023,3.49569297
-0.249223232,-19.5716305,2.91448092
0.0511164591,-21.454298,1.91069806
0.104266346,-19.8936195,3.49946761
-0.011460932,-19.5764713,3.49249864
0.0775692612,-21.2994919,1.98793113
0.106965348,-21.446106,2.24787068
0.00849311333,-21.6067467,1.83740091
-0.322377145,-19.9743328,2.28970671
-0.323962688,-19.8584538,2.41783762
0.111572646,-21.2954674,2.15858746
-0.321622103,-20.1052074,2.16598821
-0.328962266,-19.7589378,2.54474282
-0.0505901054,-21.4569035,1.77078342
-0.00449218927,-21.3145638,1.83645797
0.0862794369,-19.8118782,3.34510517
0.0858147144,-21.5952911,2.33699799
0.0214134809,-19.657383,3.34178519
-0.115142055,-21.6100559,1.71267962
-0.315853953,-21.3658276,2.72374964
-0.135946333,-19.4555283,3.49918938
-0.313699812,-20.2385426,2.06076574
-0.0879128724,-19.524189,3.34580946
-0.0526951887,-19.6020699,3.19291544
-0.320230067,-20.8780155,2.93789816
-0.309356213,-20.3805218,1.96443892
0.087567009,-20.0633869,3.504282
-0.306441575,-20.5306053,1.87840569
-0.206827775,-19.4434147,3.34464741
-0.162990436,-19.5089703,3.19529581
-3.3625505,3.69592881,-0.131483957
-4.19643497,3.62133408,0.223281309
0.104911238,-19.9814892,3.35392308
-0.300957263,-21.1861744,1.6560353
-0.133657426,-19.582365,3.0456748
0.0426158383,-19.7401524,3.19693923
-3.4103868,3.62119937,0.223351076
-0.346393049,-20.9968414,2.86541963
-0.304687142,-20.6872025,1.80389559
-0.0219693575,-19.6911964,3.05161595
-0.303686559,-20.8491192,1.7416532
-0.313680023,-19.6830082,2.66486764
0.0958636105,-19.9023266,3.2014606
-0.302555531,-21.0156555,1.69223678
-0.108622119,-19.6641827,2.90665674
-0.268799812,-21.1084309,2.78652716
0.058580853,-19.8324261,3.05465889
0.102545694,-20.0759087,3.20711088
0.0743410736,-20.1524429,3.35466933
0.000429118489,-19.7884216,2.91194057
0.101623073,-19.9965744,3.07097459
0.0209550615,-20.2240982,3.50372672
-3.56607056,3.60922718,0.380509973
0.0633422211,-20.2452469,3.2074883
-0.216385603,-19.6609745,2.77047896
-3.48413563,3.57100511,0.317001253
0.100858301,-20.1618805,3.0698607
-0.00246743462,-20.3093243,3.35213304
0.0703070685,-19.9267139,2.92920065
-0.270113409,-20.7249985,3.05633211
-0.0853771046,-19.7635956,2.7631166
-0.304623008,-20.6077137,3.22375393
-0.298769951,-20.523262,3.37620616
0.0220860988,-19.8957043,2.78882289
-0.283302426,-20.4601803,3.53877354
-0.206645802,-19.7467327,2.63851094
0.102456667,-20.0641556,2.95364904
-4.04115677,3.60610223,0.380238414
0.0672367737,-20.3301392,3.03959274
-0.0732543394,-19.861702,2.63187194
0.0822515562,-20.0356026,2.81587029
-0.0286123157,-20.4222908,3.19253683
-3.79982305,3.59661484,0.446913272
0.0217809975,-19.9938583,2.64502001
0.106504314,-20.205246,2.8852632
-4.12848091,3.56229234,0.31120488
-0.150377631,-21.2991009,1.70544422
0.0349148437,-21.1695385,1.92022717
0.0809018016,-20.4007378,2.88137913
-4.24428082,3.69606972,-0.131298706
0.0956474692,-21.1562138,2.07681251
0.00745510031,-20.4898148,3.00865507
-0.201406121,-19.844593,2.50603557
0.0350161046,-20.5678177,2.85475397
0.10733591,-20.3036003,2.72505164
0.0968809947,-20.467926,2.72048306
0.093504414,-21.2990513,2.32888007
0.0570681058,-21.4461441,2.41100287
-0.0849284008,-19.950182,2.4989078
-0.202713743,-19.9487724,2.38026285
-0.187873945,-20.0697308,2.26679921
-0.0787206292,-20.0707169,2.37298179
-0.189527437,-20.2034016,2.14831686
-0.074827075,-20.1975746,2.25811028
-0.188007742,-20.3303337,2.05425668
-0.184943825,-21.46562,1.67107153
-0.0725729614,-20.3180904,2.16351128
0.02046833,-20.2084465,2.40106249
0.0210973229,-20.0987854,2.51560163
0.0227265283,-20.3331299,2.29648781
-0.0562060624,-21.2026653,1.79506588
-0.231068417,-21.2741852,2.71505308
0.0841446146,-20.3568287,2.45284843
-0.172091857,-20.474474,1.97259998
0.0127302427,-20.4571285,2.18574023
-3.92146945,3.6706183,-0.451961786
0.0838080868,-20.2426453,2.56219435
-0.0790084824,-20.4241219,2.08226895
0.0832894519,-20.490921,2.34070301
0.110620022,-21.1478634,2.24687266
0.0761732906,-20.6387844,2.21837378
-0.0333145075,-20.5795994,2.04167604
0.00577789405,-21.5921612,2.4931109
0.0385080315,-20.7342148,2.07479882
-0.163937196,-20.6316147,1.89423156
0.0824655741,-20.1357288,2.678684
-0.174944803,-21.431448,2.65894341
-0.118953183,-21.5899448,2.61687684
-3.68086815,3.66853976,-0.450749993
-0.0469373204,-20.7476521,1.94266069
0.106751941,-20.3772545,2.60614729
-0.165794373,-20.7875175,1.82536781
0.0665464774,-20.6362877,2.70665932
-0.084834367,-20.6634922,2.96627235
-0.165730491,-20.9534531,1.7686789
-0.0975293145,-20.3605232,3.51822352
-0.168593511,-21.1218147,1.72425485
-0.0411113501,-20.8982487,1.890517
-0.139201924,-20.441164,3.37792253
-0.0544295907,-21.054575,1.82921541
-0.141632274,-20.5896587,3.11933613
0.0463496186,-21.0216866,1.97913492
0.107977152,-20.5266628,2.55148387
0.10178519,-20.9998436,2.1542213
0.0481495745,-20.8706036,2.03496408
-3.36250401,3.69592881,0.110769369
-0.532379627,-21.7406311,2.71853304
0.0762176812,-21.1491661,2.41701579
0.0255536195,-21.2924938,2.48840928
-0.0216055308,-20.7273865,2.82095385
0.108308822,-20.628973,2.41248941
0.108090624,-20.9848938,2.32318544
-0.00357856741,-21.1418018,2.57039928
-4.24431515,3.69606972,0.110628501
-0.0399425291,-21.4414349,2.5525701
0.0718476102,-20.9867458,2.48479509
-0.0851623267,-21.2871132,2.61981106
-0.110669024,-21.1400337,2.68382478
0.100209877,-20.8390179,2.21183109
0.107895911,-20.8035164,2.3969388
-0.0106718475,-20.9832516,2.6434741
-0.177958027,-20.5239506,3.26193213
0.0928465128,-20.713253,2.55255747
0.0684819669,-20.8600121,2.55372024
0.0313983262,-20.8039093,2.67320919
-0.132544786,-21.0183372,2.75304818
-0.0757488161,-20.884201,2.77731371
-0.162485734,-20.8132648,2.90663028
-0.221461996,-20.959795,2.84199333
-0.359378666,-21.740406,2.71891165
-4.26059008,4.72681665,-0.0102728056
-3.34619021,4.72618198,-0.0102728056
-4.24268627,4.67252731,-0.136965588
-4.26059008,4.58961773,-0.0102728056
-3.36256337,4.65749645,-0.13153097
-3.34619021,3.7645824,-0.0102728056
-3.34619021,4.58881092,-0.0102728056
-3.3625927,4.52012491,-0.131637663
-0.696640611,-21.7435493,2.66546988
-3.34619021,4.45143938,-0.0102728056
-3.36260724,4.38275385,-0.131690457
-3.34619021,4.31406784,-0.0102728056
-4.24428463,4.52091217,-0.131285936
-3.36260962,4.24538231,-0.13169907
-3.36257744,3.83326817,-0.131581724
-3.34619021,4.17669678,-0.0102728056
-3.36261201,4.10801077,-0.131707668
-3.34619021,4.03932524,-0.0102728056
-3.34619021,3.90195394,-0.0102728056
-3.36261392,3.97063947,-0.131714389
-4.26059008,4.45220613,-0.0102728056
-4.26059008,3.76477766,-0.0102728056
-4.18768454,4.74687338,-0.25796175
-4.19645977,4.58972645,-0.243785828
-4.24426889,4.38346338,-0.131342024
-4.26059008,4.31472063,-0.0102728056
-4.24426889,4.24597788,-0.131342024
-3.41063666,4.58891201,-0.244316474
-3.41057515,3.76450562,-0.244213089
-4.26059008,4.17723513,-0.0102728056
-4.24426889,4.1084919,-0.131342024
-4.24426889,3.83352065,-0.131342024
-4.19634724,4.45224094,-0.243974477
-4.26059008,4.03974915,-0.0102728056
-3.68518519,3.66944051,0.431382477
-4.24426889,3.97100639,-0.131342024
-4.26059008,3.9022634,-0.0102728056
-3.41074038,3.90182757,-0.2444904
-4.1963439,3.76475406,-0.243980169
-4.19633245,4.17723513,-0.243999451
-4.19633245,4.31472063,-0.243999451
-4.19633245,4.03974915,-0.243999451
-3.410779,4.45148945,-0.244555011
-3.41068435,4.73295736,-0.244396508
-4.19633245,3.9022634,-0.243999451
-3.41080189,4.31407642,-0.244593695
-4.12033081,4.52118444,-0.339788586
-3.41081333,4.17670488,-0.244612694
-3.41082406,4.03933144,-0.244630858
-4.11282825,4.67919254,-0.346843898
-4.1200943,4.37763929,-0.340015829
-4.12026596,3.83348823,-0.339850664
-4.12306213,4.23484612,-0.337139368
-4.12015772,3.97700477,-0.339954913
-4.12024593,4.1084919,-0.339870185
-4.12020969,3.69001698,-0.339904934
-3.91632485,3.67271256,0.432759464
-3.48691297,3.83287048,-0.340233296
-4.03048849,4.31797695,-0.407082886
-4.02380562,4.17555046,-0.410833657
-4.02959442,3.89144874,-0.40759322
-4.02272034,4.03289557,-0.411428869
-3.48662758,3.68935275,-0.339959323
-3.48721862,3.97664571,-0.340526342
-3.48702621,4.52045536,-0.340341985
-3.48674846,4.66395664,-0.340075403
-4.24435759,4.65821695,0.110473357
-3.36251521,4.65749645,0.110810071
-3.48728824,4.37665462,-0.340592921
-4.02922726,3.75112724,-0.407802075
-3.91339469,3.95524096,-0.454041719
-3.9035511,4.09817457,-0.456366569
-3.36251521,4.52012491,0.110810071
-3.48464346,4.10629654,-0.338041514
-3.48415399,4.23360348,-0.337564826
0.102451079,-21.7281151,2.27955747
-3.36251521,4.38275385,0.110810071
-3.36251521,4.24538231,0.110810071
-3.73375273,4.75354958,-0.462138325
-3.36251521,3.83326817,0.110810071
-3.57534242,4.03472185,-0.406537831
-3.36251521,4.10801077,0.110810071
-4.24431658,4.52091217,0.110622443
-3.91904807,3.81213737,-0.452601969
-0.194982216,-21.7400455,2.66655445
-3.57510448,4.31880569,-0.40640083
-3.36251521,3.97063947,0.110810071
-3.58224463,4.17677259,-0.410430789
-3.57828951,3.89482331,-0.408219367
-3.58083344,3.75374651,-0.409647644
-4.00347471,4.479527,-0.421366423
-4.04093218,4.61008549,-0.40092054
-4.24430323,4.38346338,0.110671461
-4.24430323,4.24597788,0.110671461
-3.69182467,4.25501728,-0.453651816
-4.24430323,4.1084919,0.110671461
-3.79501486,3.88256955,-0.46739608
-3.57818675,4.45860386,-0.408161253
-4.24430323,3.83352065,0.110671461
-3.68393707,4.10891104,-0.451592177
-3.79964519,3.73916745,-0.467457473
-3.58085442,4.59955931,-0.409659415
-4.24430323,3.97100639,0.110671461
-3.91448569,4.25346565,-0.453769892
-3.685817,4.3988533,-0.452096701
-3.58233476,4.74121571,-0.410480648
-3.87119031,4.7517066,-0.462417662
-3.68991566,3.96781373,-0.453167081
-3.48244596,4.78938103,-0.335890144
-3.68498731,3.81777668,-0.451875091
-4.00313759,4.73552608,-0.421530455
-3.67230892,4.65458155,-0.448279113
-3.79145837,4.63824892,-0.467317075
-3.92236805,4.37330723,-0.451720595
-3.68508482,4.54033375,-0.451901227
0.049447123,-21.7421322,2.42759109
-3.7934835,4.03289509,-0.467365474
-3.83660889,4.48837805,-0.466264427
-3.79799747,4.32185698,-0.467440993
-3.79369473,4.17963886,-0.467370003
-3.92463136,4.6197176,-0.451104343
-0.0538868606,-21.7404613,2.56605577
-4.19660234,4.58970594,0.222999573
-4.19658184,4.73308706,0.223034337
-4.19653988,4.45223427,0.223104954
-3.41034651,3.76455975,0.223283261
-3.41033792,4.45143938,0.223268732
-3.41033316,4.58881092,0.223260626
-4.19653845,3.76475453,0.223107696
-4.19652653,4.17723513,0.223127156
-3.87292838,4.73857164,0.441608012
-3.41034603,4.31406784,0.223282292
-3.41035533,4.17669678,0.223298043
-4.19652653,4.31472063,0.223127156
-3.41042852,4.73218441,0.223421127
-4.19652653,4.03974915,0.223127156
-4.19652653,3.9022634,0.223127156
-3.41036701,4.03932524,0.223317966
-3.41036773,3.90195394,0.223318875
-4.12013674,4.52108288,0.319429457
-4.12007713,4.38350105,0.319486499
-4.12007618,3.83348823,0.319487602
-4.12006807,4.1084919,0.31949544
-3.48665619,4.52013397,0.319441259
-4.12006807,4.24597788,0.31949544
-4.12006807,3.97100639,0.31949544
-3.48668242,4.38276815,0.319466352
-3.48671484,4.245399,0.319497555
-3.48675561,3.83321881,0.319536805
-3.48675799,4.10803223,0.31953907
-3.4867959,3.97064042,0.31957531
-3.48675871,4.66448832,0.319539696
-3.58538985,4.4514842,0.391607314
-4.12002087,4.68892288,0.319540799
-3.5854733,4.30819273,0.391652554
-3.58755898,4.57933712,0.39277643
-3.48236465,3.68879962,0.315264285
-3.73285556,4.73886108,0.441453546
-4.00650167,4.73884296,0.399333924
-3.58191562,4.16564322,0.389703244
-4.00893688,4.46754885,0.398117214
-3.57811666,4.02452374,0.387576014
-3.5751102,3.884655,0.385858595
-3.57295537,3.74567986,0.384608924
-4.12001371,3.6888628,0.319547266
-4.02104712,4.30876589,0.391793609
-3.68934441,3.95149469,0.432474703
-4.02114105,4.17723513,0.391742736
-3.68643665,3.81292725,0.431715548
-3.69428754,4.09497261,0.433718681
-4.03665161,4.60297966,0.382946074
-4.02482319,3.8908093,0.3897264
-4.02110386,4.03363991,0.391762823
-3.80928969,3.87948513,0.446889132
-3.80645013,3.73642087,0.446916968
-3.79915977,4.02589798,0.44690761
-3.80262637,4.61461926,0.446926564
-3.9415772,4.61390352,0.425543904
-4.02878475,3.7494154,0.387507379
-3.68981385,4.24751377,0.432595372
-3.59893513,4.73757315,0.398664773
-3.90720463,4.24289894,0.434984893
-3.48616266,4.79012156,0.318966568
-3.92297125,4.37595701,0.431011945
-3.71859097,4.49952269,0.438994288
-3.90878391,4.10001707,0.434613734
-3.67310643,4.37033272,0.427971363
-3.91380811,3.81610179,0.433393449
-3.90737081,3.95938754,0.43494612
-3.7993989,4.1760416,0.446909785
-3.68602991,4.63398266,0.431607723
-3.87229371,4.48957491,0.441705227
-3.79759574,4.3449502,0.446890473
-0.663280427,-23.4149742,2.71504641
-0.169920579,-23.4127502,2.69447589
-0.0346887484,-23.4144268,2.59124899
0.0703142136,-23.4107418,2.43704081
-0.501021028,-23.4123325,2.7590456
-0.330288053,-23.4116173,2.75228977
-0.808293879,-23.4203587,2.6219964
-0.585328996,-23.2609215,2.73955321
-0.742075264,-23.2653904,2.66945624
0.0190530308,-23.2634506,2.52186966
-0.0990406498,-23.2604656,2.64465261
-0.248085693,-23.2598286,2.72597861
-0.412731767,-23.26091,2.75873017
-0.44570902,-21.8927269,2.72884655
-0.273797303,-21.8922539,2.70228076
-0.668897569,-23.1108723,2.70635343
-0.499410927,-23.1079025,2.75259614
-0.33082816,-23.1072979,2.74536347
-0.171539247,-23.1072655,2.68783832
-0.415542156,-22.9543419,2.75197124
-0.250184089,-22.9548454,2.71947122
-0.0354669169,-23.1092358,2.58389211
-0.0983338654,-22.9571972,2.63635397
-0.331846684,-22.8015575,2.73849773
-0.170772672,-22.8029652,2.67992496
-0.249032408,-22.6500359,2.71179056
-0.615043163,-21.8941708,2.70205188
-0.0974780247,-22.652977,2.62790036
-0.0337191932,-22.8061867,2.57393193
0.0210068021,-22.9606037,2.51043463
-0.118966252,-21.8918076,2.62454176
0.0297845453,-22.6487827,2.48823738
0.0982634127,-22.6235905,2.33315063
0.0046003121,-21.892725,2.50316358
0.0919383466,-21.8877468,2.32786465
0.0519775711,-22.0455837,2.43202376
0.103155315,-22.0454311,2.28979897
9.73877716,-5.91885567,-0.676746249
9.85182476,-5.75850391,-0.676754832
9.92294025,-5.90263796,-0.676747203
9.88165188,-6.05867243,-0.676738858
9.66116905,-6.27279902,-0.676727414
9.71092415,-6.10643768,-0.676736236
9.87050247,-6.24010992,-0.676729202
9.98219967,-5.73841381,-0.676755965
9.5222578,-6.15830517,-0.676733434
10.0173349,-6.16593552,-0.676733196
9.59483051,-5.97960138,-0.676742971
9.9932909,-6.28818274,-0.676726699
9.61991787,-5.79630756,-0.676752746
10.0857172,-5.86935902,-0.676748991
10.0519981,-6.02757835,-0.676740587
9.72594261,-5.77148151,-0.676754117
9.80030823,-6.35955572,-0.676722825
9.43784809,-5.98500872,-0.676742613
9.49066544,-5.81129551,-0.676751912
9.78867435,-5.65993881,-0.676760077
9.68296528,-5.66288233,-0.676759899
9.77313137,-5.54867935,-0.676765978
17.5063972,6.10843277,-0.637166679
17.5042305,6.19205856,-0.633853912
17.5615883,6.19206142,-0.582425892
17.2242279,6.10880041,-0.205268189
17.2987766,6.19208288,-0.176080704
17.2263832,6.19208097,-0.208571985
17.5870743,6.12262154,-0.551317215
17.5789738,6.19207716,-0.283872306
17.6006393,6.12307501,-0.317698032
17.6109333,6.19207335,-0.356533557
17.6017914,6.19206524,-0.513897538
17.6164551,6.12252331,-0.476313293
17.4185276,6.12262726,-0.169659436
17.4562149,6.19208241,-0.184038788
17.3782463,6.19208336,-0.167542771
17.621067,6.12206078,-0.394521356
17.3304615,6.11923647,-0.166265413
17.5578308,6.12208033,-0.250738859
17.6188736,6.19206905,-0.436049581
17.4938679,6.12254381,-0.198534697
17.6183376,6.05211735,-0.353173852
17.5252514,6.1920805,-0.223897502
17.5648556,6.04508257,-0.591910541
17.5864639,6.05190182,-0.280663937
17.6092186,6.05250072,-0.516828358
17.4590034,6.05279684,-0.176571846
17.3787632,6.05203009,-0.159525126
17.528965,6.05137062,-0.216505483
17.2910347,6.04486465,-0.169303671
17.6268787,6.05112076,-0.437814206
17.6114502,5.98034334,-0.313158303
17.497757,5.98078966,-0.187339991
17.5978794,5.98091555,-0.555869937
17.6275063,5.97979403,-0.480714411
17.421629,5.9808073,-0.158406422
17.5099716,6.02360773,-0.642632306
17.3384666,5.97981119,-0.153674707
17.6326675,5.98013449,-0.393108755
17.5671101,5.97980356,-0.243532702
17.554039,5.97894669,-0.612825155
17.623373,5.90699911,-0.523614705
17.2206821,6.02443504,-0.199837506
17.5755424,5.90307188,-0.603355467
17.463913,5.90751171,-0.161721423
17.2684479,5.97878599,-0.170265883
17.5997009,5.90664434,-0.272287697
17.6336899,5.90656853,-0.349850774
17.285656,5.90267038,-0.154610515
17.3816299,5.90671396,-0.143990025
17.5150795,5.93669987,-0.650446475
17.6424732,5.90535498,-0.440922081
17.5375443,5.90689087,-0.203411087
17.6154709,5.83176613,-0.565333426
17.2156372,5.93826914,-0.192110986
17.4265156,5.83126688,-0.138951153
17.6298008,5.83133888,-0.305251956
17.646656,5.83042049,-0.486971378
17.5073071,5.8317728,-0.169805646
17.5681343,5.82278442,-0.628711224
17.3393898,5.83011723,-0.133369297
17.5831585,5.83023691,-0.231343716
17.6526184,5.82993937,-0.389853567
17.5219269,5.84672451,-0.660921276
17.6462173,5.75284195,-0.533547461
17.6022034,5.75335932,-0.609220326
17.20891,5.84939432,-0.181810826
17.2618942,5.82050943,-0.149662673
17.4734001,5.75327301,-0.138693169
17.6213818,5.75288534,-0.260074794
17.1691742,6.19207859,-0.259817898
17.3850937,5.75222778,-0.119168065
17.6573677,5.7523737,-0.34187904
17.4314671,6.19205666,-0.666444778
17.294714,5.75028944,-0.126488671
17.6672459,5.75118685,-0.44482094
17.5307083,5.75356245,-0.67435807
17.5626011,5.75075293,-0.191292003
17.6412868,5.67079973,-0.581887662
17.6576881,5.67022371,-0.292396605
17.2002106,5.75654984,-0.168489426
17.4345798,5.67026997,-0.109303765
17.676239,5.66943932,-0.495373666
17.6085663,5.67029428,-0.214087531
17.3400459,5.66881227,-0.102380656
17.5874386,5.67881775,-0.648187697
17.6830807,5.66901875,-0.385642707
17.5360126,5.6661768,-0.150062621
17.2452412,5.66546345,-0.123974919
17.6807098,5.5825038,-0.548897386
17.6536617,5.58204222,-0.24028042
17.4396648,6.04479408,-0.673084915
17.6296825,5.58352041,-0.635003924
17.3904381,5.58239985,-0.0817963928
17.1656017,6.04449701,-0.250602901
17.5417938,5.65591574,-0.69132036
17.6935825,5.58248091,-0.331557274
17.5838203,5.58558369,-0.161341861
17.1890869,5.6581111,-0.151457369
17.2900486,5.56773996,-0.0854354799
17.4911385,5.58264112,-0.105051585
17.7035313,5.58849001,-0.440407187
17.6858406,5.50701189,-0.586242199
17.1748505,5.55195761,-0.1296615
17.347681,5.50104284,-0.0593601577
17.6308517,5.51092863,-0.17893061
17.691618,5.5132308,-0.272004843
17.7169476,5.51271725,-0.493160039
17.4000454,6.11905146,-0.676176488
17.4419022,5.50220156,-0.0674601048
17.1434822,6.1221776,-0.291145205
17.2571907,5.43808937,-0.0558345765
17.4625015,5.97873878,-0.672010005
17.5392933,5.51381207,-0.107576191
17.5560074,5.55023813,-0.713071942
17.3653069,5.43809032,-0.0401727781
17.1764488,5.97817326,-0.229580998
17.7209606,5.51540899,-0.37871787
17.6606464,5.43805695,-0.661869526
17.4852371,5.43808937,-0.0595409498
17.6791706,5.43808126,-0.205186754
17.5940514,5.43808603,-0.116480954
17.4455318,5.90272999,-0.687599659
17.7314091,5.43807554,-0.31567502
17.7216015,5.43806267,-0.556136966
17.1569214,5.43808699,-0.102211349
17.1550407,5.90174627,-0.238795534
17.7459927,5.43806934,-0.436620861
17.5736923,5.43805313,-0.74013418
17.2365036,6.12246895,-0.643748522
17.2051983,6.19205952,-0.618396521
17.274086,6.19205713,-0.65826714
17.4705181,5.82142401,-0.69186461
17.1140709,6.12237263,-0.366455257
17.1286869,6.19207478,-0.328869879
17.111721,6.19207048,-0.406720847
17.159811,5.8199029,-0.215639055
17.1738834,6.12215805,-0.592906833
17.3118343,6.12219095,-0.672729731
17.1519394,6.19206238,-0.559019089
17.1300888,6.12223339,-0.525100648
17.1197376,6.19206619,-0.486110717
17.1094704,6.1222887,-0.447044015
17.3522034,6.19205618,-0.674874783
17.2002964,6.05151844,-0.624799669
17.2710247,6.05156183,-0.66572088
17.1451588,6.05182123,-0.563334107
17.1036854,6.05171585,-0.406213075
17.1119118,6.05141068,-0.488099694
17.121151,6.0516367,-0.326008558
17.3519058,6.0518465,-0.682901561
17.1416073,5.66400003,-0.191149458
17.4864063,5.66166019,-0.71888268
17.2306786,5.97968817,-0.653950274
17.3924923,5.98008013,-0.688661397
17.1650105,5.9794116,-0.600628436
17.1194515,5.97945023,-0.530132115
17.1025734,5.97971487,-0.364039332
17.1323605,5.97896624,-0.286754876
17.0977268,5.9794383,-0.447894812
17.3106842,5.98013783,-0.684425652
17.438055,5.7522974,-0.71496588
17.3509197,5.90719795,-0.698444009
17.1059418,5.90585756,-0.321678907
17.125248,5.74898481,-0.235840112
17.1319923,5.90598488,-0.571955264
17.0880089,5.90609169,-0.405018777
17.2685318,5.90646124,-0.681508839
17.1902943,5.90562248,-0.636976957
17.0967484,5.90605259,-0.492152363
17.3930321,5.83123922,-0.708662808
17.3075085,5.83163166,-0.704089582
17.0687828,5.4380827,-0.181934014
17.1134357,5.82905293,-0.279156297
17.3653069,5.3226862,-0.0360935815
17.0828495,5.83065844,-0.360523969
17.473341,5.43805027,-0.786534786
17.1010647,5.83093691,-0.537865639
17.2153378,5.33547497,-0.067241624
17.1499825,5.82966471,-0.614041448
17.3490047,5.75329638,-0.723210037
17.225769,5.8300581,-0.674267888
17.2621822,5.75312757,-0.705560744
17.077837,5.83058691,-0.450009823
17.0877876,5.56732798,-0.217602298
17.0818233,5.75242996,-0.315258443
17.1103973,5.75230169,-0.584341764
17.063158,5.7524538,-0.404240876
17.4436703,5.56687498,-0.756433785
17.3017273,5.67055082,-0.734206259
17.1818085,5.7499547,-0.662426829
17.3944645,5.67002678,-0.739380121
17.0728378,5.75282383,-0.498645961
17.0842743,5.6689477,-0.268622667
17.0526009,5.67013597,-0.355600089
17.214962,5.66968536,-0.703219533
17.0727482,5.67078781,-0.549257338
17.0474682,5.67010403,-0.453877538
17.0454865,5.58250952,-0.304961652
17.1364651,5.66439581,-0.645973086
17.3462429,5.58239079,-0.760952652
17.2510242,5.58249426,-0.741696596
17.0255375,5.58269835,-0.403430462
17.165184,5.57982969,-0.697230875
17.1066647,5.3371129,-0.136924461
17.0382767,5.58921528,-0.508884668
17.0404434,5.49950743,-0.259926885
17.0107193,5.5036273,-0.350801915
17.298111,5.50253248,-0.776691139
17.0814171,5.56826687,-0.615334213
17.1981716,5.50211191,-0.742204607
17.3900261,5.50054216,-0.782708943
17.6240196,5.33697891,-0.705352306
17.697401,5.33650446,-0.614624441
17.7406254,5.33218288,-0.504950285
17.1185379,5.49778557,-0.687626064
17.0087967,5.51420259,-0.45906356
17.748682,5.32558537,-0.386808842
17.7205811,5.31736898,-0.271857232
17.2451611,5.43805075,-0.782733202
17.3653069,5.43804979,-0.80217278
17.6590252,5.30757189,-0.17078048
17.0082607,5.43807697,-0.288208663
17.1368904,5.43805361,-0.726110339
17.5665913,5.30669212,-0.0917879492
17.0525341,5.43805838,-0.6387375
16.9845467,5.4380703,-0.407667279
17.0306969,5.51120853,-0.552223444
16.9997139,5.4380641,-0.52842319
17.3653069,5.3226738,-0.806238115
17.0330715,5.33523035,-0.2278191
17.1612415,5.22549009,-0.0862370878
17.2643719,5.26255417,-0.796919405
17.2688179,5.24821043,-0.043053329
17.061821,5.23194981,-0.173655689
17.3653069,5.20483255,-0.0270142145
17.515276,5.33541632,-0.775094092
16.9897919,5.33166122,-0.338138074
17.4663315,5.26264668,-0.0454356223
17.2674999,5.15165997,-0.0334261768
16.9820347,5.32630634,-0.45623374
17.3653069,5.20465469,-0.815319896
17.0722485,5.31057739,-0.672041655
17.0104141,5.31929159,-0.571094632
17.0941429,5.12586927,-0.1229949
17.0012131,5.22964716,-0.276392311
17.2612324,5.14125824,-0.808532953
17.1616669,5.30020285,-0.749569178
17.0187931,5.12487555,-0.215099603
16.9741421,5.22527647,-0.392514259
16.9729099,5.1217804,-0.326957494
17.3653069,5.08482122,-0.012616083
16.9830341,5.2191515,-0.511387289
16.9619751,5.11669493,-0.447654635
17.3653069,5.08446598,-0.829736054
17.1850643,5.11362839,-0.0589156859
17.1892128,5.19632053,-0.774725854
17.0271206,5.21115351,-0.622397304
16.9870186,5.10928345,-0.566293776
17.2586899,5.01585007,-0.0157437082
17.1024456,5.20157814,-0.715279222
17.0461788,5.10020781,-0.672778249
17.0411053,5.01528931,-0.15526922
17.2588692,5.01637459,-0.826505601
17.1494007,5.08900547,-0.767278075
16.9776421,5.01309204,-0.260451257
16.9469566,5.00926018,-0.380729556
17.1335449,5.01691008,-0.0720670596
16.95228,5.00289726,-0.504657745
16.9934597,4.99370003,-0.62274909
17.0664063,4.97013998,-0.726388574
17.3653069,4.9597168,-0.850301683
17.3653069,4.9598546,0.00798967853
17.4617424,5.24811411,-0.799290419
17.2719212,4.91504717,-0.849003851
17.0703468,4.91665363,-0.0978767499
17.2756748,4.90794945,0.00902127102
17.1719913,4.94257021,-0.807965994
16.9879436,4.91418743,-0.198565498
16.9388466,4.91153002,-0.318412423
17.4692783,5.14144993,-0.0337723382
16.9262028,4.90573502,-0.446917325
17.1754303,4.91624737,-0.026779687
16.947504,4.90063667,-0.562062502
17.4632359,5.15169859,-0.808848083
16.9087944,4.82807112,-0.396077096
17.4714375,5.01693916,-0.0158046484
17.4821644,5.02409029,-0.822295487
17.5694141,5.22545719,-0.756059825
17.6695309,5.23250484,-0.667678237
17.7286053,5.23036957,-0.567742705
17.6371727,5.12628412,-0.718600094
17.7115993,5.12549829,-0.627422929
17.4563332,4.9123311,-0.850081921
17.7563534,5.22507334,-0.451621234
17.757,5.12210846,-0.518060148
17.4587975,4.91452599,0.00680971704
17.7480888,5.21772003,-0.332526058
17.7689495,5.115695,-0.397562027
17.5425415,5.19315672,-0.0678002462
17.7045803,5.2087245,-0.221298978
17.5474396,5.11469173,-0.782286644
17.7447586,5.1075139,-0.278414041
17.6899071,5.01483345,-0.686656535
17.5834198,5.08610106,-0.0759271607
17.7521648,5.01338816,-0.583643675
17.6865311,5.09713411,-0.171521366
17.6296425,5.19791603,-0.127868861
17.7832909,5.00887775,-0.46579212
17.5986366,5.01657915,-0.769246042
17.7793102,5.00128555,-0.341145694
17.7395153,4.99107027,-0.222969681
17.6659203,4.96472025,-0.116175748
17.7424755,4.91356277,-0.64429754
17.5615845,4.94844341,-0.037088301
17.6612034,4.91673851,-0.743522823
17.7912807,4.91073656,-0.526554525
17.8049717,4.90410233,-0.399426609
17.7848988,4.89759207,-0.283563495
17.5584908,4.92035961,-0.812957346
17.8218193,4.82806873,-0.4462035
9.77605057,-5.54861021,0.803153813
9.59308529,-5.58554554,0.788014412
9.65995598,-5.5628252,0.89065069
9.46112347,-5.67161179,0.792550087
9.77605152,-5.54839516,4.83510065
9.63919735,-5.56843662,4.97867918
9.77605152,-5.54838753,4.97867823
9.77605057,-5.54860258,0.943880498
9.53746986,-5.61400986,0.920395494
9.63527107,-5.56986952,1.01444173
9.77021313,-6.46299076,0.811769843
9.58467674,-5.58903217,4.85618305
9.50611305,-5.63466454,1.04919529
9.64921093,-6.44588232,0.883175373
9.77021503,-6.46277666,4.83620739
9.77021503,-6.46276903,4.97872686
9.62901974,-6.43947124,4.97872591
9.77021313,-6.46298313,0.954582691
9.51085186,-5.63109159,4.97868299
9.64347839,-6.44401932,4.78435898
9.64701462,-6.44525003,1.02739656
9.77021503,-6.46278429,4.69333172
9.77021313,-6.4629755,1.09754956
9.64539242,-6.44458866,4.63883686
9.64749527,-6.44537973,1.17199755
9.77021313,-6.46296787,1.24052942
9.64849281,-6.4456563,1.31650412
9.41412544,-5.72269297,0.921082973
9.77021503,-6.46279192,4.55024338
9.4473772,-6.32638884,4.85398531
9.50155544,-6.37337875,4.9787221
9.40121651,-6.27149105,4.97871685
9.77021313,-6.46296024,1.38358724
9.33979034,-5.85981989,4.97869492
9.32232571,-5.92939758,4.85363579
9.31595802,-6.00083685,4.97870255
9.64942455,-6.44591141,1.46091843
9.6328125,-6.44073915,4.47981405
9.77021408,-6.46295261,1.52674556
9.45546436,-5.67677164,4.85348082
9.6291666,-5.57184029,1.15026307
9.65025616,-6.44613647,1.60524607
9.54682827,-6.40284777,4.86139488
9.77021503,-6.46279955,4.40701008
9.36697674,-5.79587364,0.785249233
9.32086658,-6.07256937,4.85326433
9.64377213,-6.4441309,4.31887674
9.77021408,-6.46294498,1.66999292
9.65857792,-5.56297493,4.74566078
9.65096378,-6.44632578,1.74954009
9.77605057,-5.54859495,1.08786798
9.77021408,-6.46293736,1.81333315
9.33695889,-6.14263201,4.97871017
9.65156269,-6.44648361,1.89387679
9.77021408,-6.46280718,4.26359606
9.517272,-6.3844943,4.72511005
9.52347088,-5.62257719,4.71336317
9.64962387,-6.44582224,4.18374872
9.77021408,-6.46292973,1.95677745
9.3644743,-6.21059704,4.85380983
9.65210247,-6.44662428,2.03831124
9.77021408,-6.46281481,4.11998415
9.77605152,-5.54840279,4.6912055
9.77021408,-6.4629221,2.10033321
9.65262413,-6.4467597,2.18287849
9.65083218,-6.44616699,4.03799057
9.40147781,-6.27187061,4.72796726
9.77021408,-6.46291447,2.24400783
9.63576984,-6.44179678,2.32315159
9.77021408,-6.46282244,3.9761467
9.77021408,-6.46290684,2.38780832
9.66492081,-6.44992161,2.46423459
9.63358116,-6.4410181,3.88601613
9.65191364,-5.56476021,4.61819029
9.53561783,-6.39646482,0.808790207
9.77021408,-6.46289921,2.531739
9.53555202,-6.39641714,0.953283727
9.36781788,-5.79403925,4.85354519
9.66930676,-6.45095968,2.60797071
9.77605057,-5.54858732,1.231861
9.53164482,-6.39400625,1.09786105
9.64427662,-5.56710863,1.28868699
9.40683651,-5.73197556,4.97868824
9.31596088,-6.00059652,4.72817373
9.77605152,-5.54841042,4.54719019
9.77605057,-5.54857969,1.37586117
9.63170719,-5.57098961,1.44712472
9.77605057,-5.54857206,1.51986957
9.65223026,-5.56468105,4.47286749
9.63856983,-5.56880856,1.60847068
9.77021408,-6.46283007,3.83206844
9.77605057,-5.54856396,1.66388822
9.64429951,-5.56707764,1.74974704
9.77021408,-6.46289158,2.67580628
9.77605057,-5.54855633,1.80791843
9.77605152,-5.54841852,4.40314627
9.6538887,-5.56436682,1.88408434
9.77605057,-5.5485487,1.95196176
9.65448189,-5.56419945,2.02866983
9.65303707,-5.56446791,4.32767057
9.66938305,-6.4509697,2.75163484
9.77605057,-5.54854107,2.09601951
9.67844772,-6.4529314,3.75367284
9.53452969,-6.39576292,1.53218555
9.53658295,-6.39700365,1.67804098
9.65489101,-5.56408215,2.17310452
9.33973122,-5.86000824,4.72806168
9.53567028,-6.39644241,1.82417667
9.77605057,-5.54853344,2.24009299
9.65516472,-5.56400108,2.31744885
9.77605152,-5.54842615,4.2590456
9.77605057,-5.54852581,2.38418388
9.65377617,-5.56427526,4.18262339
9.65534782,-5.56394482,2.46174836
9.77605057,-5.54851818,2.52829313
9.65547657,-5.56390285,2.60603166
9.53461456,-6.39582253,1.38647425
9.77605152,-5.54851055,2.67242169
9.65557194,-5.56386948,2.75031686
9.77605152,-5.54850292,2.816571
9.77021408,-6.46288395,2.82001352
9.65565014,-5.56384134,2.89461589
9.50359821,-5.63647795,1.20532167
9.77605152,-5.54849529,2.960742
9.77605152,-5.54843378,4.1148715
9.65572071,-5.56381512,3.03893518
9.65430641,-5.56414032,4.03756285
9.66923428,-6.45092726,2.8958683
9.77605152,-5.54848766,3.10493541
9.53683186,-5.61420202,4.543859
9.53688145,-6.39716864,1.97075653
9.65578651,-5.56378984,3.18327951
9.54030514,-5.61224031,2.39012432
9.53968716,-5.61261415,2.24576449
9.54217148,-5.61113405,2.53400874
9.54051971,-5.61209822,2.67792392
9.77605152,-5.54847956,3.24915242
9.65585232,-5.56376457,3.32765102
9.77605152,-5.54844141,3.97059393
9.54015064,-5.6123085,2.82235098
9.77605152,-5.54847193,3.39339375
9.53833485,-5.61330605,4.39958763
9.65591812,-5.5637393,3.47205281
9.53480148,-6.39594412,1.24147141
9.65481472,-5.5640111,3.89254808
9.77605152,-5.5484643,3.53766036
9.53992462,-5.6123662,4.25564671
9.65598297,-5.5637145,3.61649561
9.54820442,-6.40364313,4.58989
9.33656788,-6.14139462,4.72812366
9.51601219,-6.38366652,4.23181438
9.54155445,-5.61141253,4.11207676
9.44357204,-5.68881845,2.46399736
9.4436636,-5.68871498,2.61128402
9.77605152,-5.54845667,3.68195271
9.54167747,-5.61139345,3.10998011
9.44071484,-5.69182444,2.31703806
9.54277325,-5.61070681,3.96888375
9.44406319,-5.6882925,2.75794864
9.54118443,-5.611691,2.96598434
9.54246902,-5.61092234,3.25372696
9.77605152,-5.54844904,3.826267
9.54361248,-5.61024857,3.3970747
9.65606213,-5.56368589,3.76096916
9.77021408,-6.4628377,3.68773389
9.54490471,-5.60949373,3.53990912
9.54714394,-6.40306759,4.10586739
9.43925381,-5.69325781,4.61917305
9.54529858,-5.60925913,3.68239188
9.54167271,-5.61135769,3.82551765
9.53854656,-6.39816093,2.11726475
9.4454937,-6.32447815,4.60289145
9.44396019,-5.68834734,3.75014329
9.44544411,-5.68682241,3.6115694
9.77021408,-6.46287632,2.96436548
9.44268799,-5.68966484,3.89836621
9.44493008,-5.68735838,3.46985102
9.4426527,-5.68975401,2.89524746
9.44409943,-5.68822527,3.32660079
9.37119102,-5.78781366,2.67750502
9.32231617,-5.92946863,4.60274172
9.44287777,-5.68945837,4.03919935
9.44347477,-5.6888814,3.18268251
9.53940392,-5.61279821,1.95743859
9.65932369,-6.44845915,3.61972666
9.44236088,-5.68999147,4.18216228
9.54166031,-5.61145687,2.10125875
9.52947235,-5.61888504,1.82888699
9.36977482,-5.79043961,2.82469058
9.44166088,-5.69071913,4.32597065
9.57211494,-6.41634655,2.53356719
9.44311428,-5.68926477,3.03849888
9.40634346,-5.7326498,4.72784948
9.42515182,-5.70905685,4.47408247
9.3714304,-5.78728867,4.26011848
9.66940308,-6.45095873,3.04064536
9.40528297,-5.73427343,1.0936029
9.36934376,-5.79124069,2.96748018
9.36312389,-6.20789576,4.60320616
9.54845047,-6.40390825,2.22943258
9.56777096,-6.41418362,2.67762685
9.32676888,-5.90673828,2.89527607
9.3699007,-5.79018831,3.11393476
9.32674885,-5.90683699,2.7508955
9.32635117,-5.90863323,3.03964591
9.32073498,-6.07168818,4.6035533
9.49944019,-6.37183475,4.47761106
9.31648064,-6.0280776,2.82317305
9.31663227,-6.03097153,2.96699929
9.56974125,-6.41516066,2.82109737
9.32674026,-5.90688276,2.60645342
9.36789131,-5.79391241,4.60240078
9.33883667,-5.86289835,0.882423699
9.31664276,-6.0311718,2.67935038
9.31677341,-6.03338575,3.1111083
9.44368649,-5.6887145,2.17831492
9.36340618,-5.80275583,4.11997271
9.37037945,-5.78932476,2.5381372
9.37326145,-5.78405094,2.39249468
9.33908749,-6.14934397,2.89256167
9.77601624,-5.55397892,5.12167168
9.33910847,-6.14941406,2.74808812
9.32625961,-5.90904903,3.18415689
9.34097862,-6.15492916,3.03693223
9.31642437,-6.0269146,2.53460455
9.33982277,-6.15156364,2.60434413
9.44070339,-6.31968069,0.880965948
9.54504204,-5.60953093,1.34445214
9.43882561,-6.31767225,1.02471864
9.39363861,-6.26067591,2.82299113
9.39345264,-6.26040602,2.67819953
9.37042904,-5.78913689,4.36948347
9.77014542,-6.47364521,5.11939144
9.39619255,-6.2644515,2.53348732
9.54868317,-6.40392542,4.36582041
9.33943081,-5.86091948,4.47773743
9.33202839,-5.8853755,4.21247625
9.32538033,-5.91314888,4.3422246
9.31595421,-6.00124025,4.47779942
9.57288074,-6.41669798,2.96402264
9.33649063,-6.14115953,4.47720432
9.32070065,-6.07146835,4.35175848
9.58772278,-5.5927372,5.11361122
9.3159647,-6.00021553,4.22673035
9.57578754,-6.41813135,2.40310121
9.36303043,-6.2077198,4.35193443
9.33648014,-6.14114094,4.22702885
9.32161999,-5.93373537,4.11333609
9.34187317,-6.15748739,3.18212295
9.39966488,-6.26933479,4.47791576
9.32073975,-6.07174587,4.1011343
9.32759857,-5.90309,2.46293926
9.39963818,-6.26931095,4.22676373
9.36291409,-6.20749664,4.10057878
9.52295303,-6.38830853,3.99154949
9.44534779,-6.32434177,4.35183334
9.31603527,-5.99594545,3.99465227
9.33832836,-6.14705276,2.46276259
9.39351463,-6.26048279,2.96783066
9.4454031,-6.32441187,4.10149431
9.53582573,-6.40868902,5.13332844
9.43421364,-6.31830978,5.08990383
9.37006378,-5.78987455,3.26167297
9.40374565,-6.27504873,3.95946765
9.367939,-5.79388475,3.40815353
9.32322121,-5.92948198,5.10381031
9.43549442,-6.31405449,1.16817772
9.51050091,-5.63151884,1.55918741
9.47467327,-6.35204077,2.74762893
9.47512722,-6.3524394,2.60385942
9.51461697,-5.62865591,1.70412886
9.31644249,-6.02729988,2.39025211
9.44177818,-6.32082176,0.754583716
9.57601261,-6.41816711,3.74700952
9.39621353,-6.26445198,3.11123967
9.77021408,-6.46286869,3.10886502
9.36709023,-6.21920347,5.06797981
9.44337273,-5.68904829,2.03167605
9.36938953,-5.79119253,2.24370694
9.77021408,-6.46284533,3.54313111
9.32487583,-6.10305405,5.11484575
9.43456936,-5.6984849,1.90378094
9.47454262,-6.3519206,2.89113593
9.31683254,-6.03434038,3.25571442
9.39491081,-6.26258183,2.38880515
9.36671257,-5.79624033,3.55370951
9.36592102,-5.79777479,3.69884515
9.32776356,-5.90238237,2.31835437
9.34112263,-5.85612535,1.00832689
9.43279266,-6.31106234,1.31325305
9.47896671,-6.35571003,2.46083999
9.34018517,-6.15265083,2.3033731
9.31624794,-6.02269745,2.22223163
9.36928177,-5.79131174,3.83330679
9.40248203,-6.27334404,3.27562189
9.42828369,-6.30593634,1.74885774
9.34119987,-6.15555239,3.32742023
9.42735291,-6.30487061,1.60885918
9.47718525,-6.35417414,3.0352931
9.37046814,-5.78908443,3.97581005
9.49826431,-6.37102175,3.18369722
9.33241272,-6.12727642,3.9852407
9.50718403,-5.63387489,1.43837082
9.64764023,-6.44531393,3.1843102
9.423563,-6.30041742,1.89422989
9.52519417,-6.38980055,3.30525255
9.4897747,-6.36452436,2.31943154
9.36810303,-5.79363823,2.11443472
9.45105648,-5.69006729,5.1535902
9.64993763,-6.44594812,3.46917248
9.32608604,-5.90984917,3.32879233
9.39753056,-6.26640654,2.22995424
9.37529564,-6.2310977,0.787052691
9.36808014,-6.2178421,0.947523534
9.43153572,-6.30964661,1.45790184
9.36706257,-6.21587992,1.09214568
9.32034779,-5.94241238,0.794434965
9.32373238,-6.08989334,0.823175967
9.36358547,-6.20901012,1.23659146
9.39710617,-5.74570799,1.23274875
9.45850182,-5.67404985,1.34275842
9.332757,-5.88274431,4.02414322
9.42196369,-5.7129817,1.78380203
9.3260994,-6.10167265,1.01791167
9.64365101,-6.44414759,3.33213019
9.32506466,-6.09670544,1.16256309
9.42045212,-6.29667854,2.06017542
9.77021408,-6.46286106,3.25351334
9.36284637,-6.20750523,1.38184774
9.88974667,-5.56371832,0.890517533
9.32368279,-6.08960009,1.30651832
9.90596867,-6.44305563,4.97872591
9.57662106,-6.41849232,3.08911657
9.91845322,-5.57208824,4.97867966
9.36107922,-5.80763626,1.99783683
9.31690121,-5.97603226,1.08434653
9.31722164,-5.97146654,1.22824252
9.31688786,-6.03519583,3.40035534
9.31749439,-6.04339123,3.85434318
9.50092411,-6.37297201,3.85845685
9.31806755,-5.96163082,1.37188363
9.31660748,-5.98094225,0.939914346
9.3224678,-6.08279705,1.45105982
9.34988403,-6.17853069,3.87693191
9.8914156,-6.44743061,0.883175373
9.54087543,-6.39946604,3.56876397
9.34166336,-5.85456419,1.1523174
9.34528637,-6.16691351,2.12623119
9.344203,-5.84749603,1.29615474
9.65058708,-6.47113037,5.19315434
9.31849098,-5.95746136,1.51624858
9.89145947,-6.4472127,4.7647686
9.3475914,-5.83859301,1.43943202
9.89355755,-6.44684362,1.02726889
9.38657379,-5.76163054,1.35937309
9.41531754,-5.72115803,1.48577225
9.35795403,-6.19722795,1.52719736
9.89313698,-6.44695091,1.17171896
9.32590675,-5.91067934,3.47343636
9.88669968,-5.56291962,1.0052464
9.33865738,-6.14800596,3.47074986
9.32169151,-6.07809877,1.59503031
9.87765694,-6.45068932,4.6128602
9.37878513,-6.23701048,3.40760446
9.32765102,-5.90278769,3.9139545
9.46647835,-6.34483624,2.18937612
9.4510479,-6.33014917,3.43680239
9.89212799,-6.44721603,1.3158865
9.33156681,-5.8871851,2.19921613
9.34965229,-5.8334322,1.58427179
9.31941128,-5.94946241,1.66054368
9.89126015,-6.44744158,1.45969355
9.3631897,-5.80711031,5.09103298
9.35716248,-6.19549465,1.67188573
9.89322472,-6.44675112,4.47616291
9.35376549,-5.82363653,1.87071037
9.32059097,-6.07085133,1.7396071
9.89070988,-6.44758081,1.60323107
9.4136076,-5.72331285,1.64981914
9.89044476,-6.44764376,1.74661851
9.89236927,-6.44699097,4.33192396
9.31999111,-5.94496346,1.80516422
9.35253048,-5.82651424,1.72856915
9.55245399,-6.40607738,3.41895008
9.89038754,-6.44765139,1.88996077
9.77021408,-6.46285295,3.3982904
9.32392597,-5.92061186,2.08787203
9.31904316,-6.05897713,2.02815914
9.40269852,-6.27361441,3.8073945
9.31694412,-6.03604603,3.54499936
9.89044857,-6.44762754,2.03330326
9.32572937,-5.91151237,3.61808038
9.34251976,-6.15928745,3.61745381
9.35297489,-6.18602228,1.81595123
9.89171219,-6.4471755,4.18797731
9.89058971,-6.44758224,2.17666721
9.90627289,-5.56820679,4.7198844
9.3170023,-6.03689671,3.68964458
9.319911,-6.06592846,1.88363743
9.32555294,-5.91234636,3.76272392
9.89081287,-6.44751501,2.3200953
9.34395027,-6.16323185,3.75145984
9.89109039,-6.44743347,2.46361852
9.32106304,-5.93743563,1.94948602
9.35217285,-6.18413544,1.96060288
9.89429569,-5.56492949,1.14747429
9.89140129,-6.44726658,4.04421663
9.38576412,-6.24850893,3.52666426
9.39645767,-6.26477623,3.66298938
9.89139652,-6.44734383,2.60725331
9.44723511,-6.32631207,3.57423115
9.47378349,-6.35122061,3.70469546
9.87631702,-6.4511013,2.74539185
9.30718708,-7.3741622,6.35037565
9.31249332,-7.24923897,6.28033733
9.32861137,-7.37430573,6.2120595
9.31821251,-7.24402761,6.44058943
9.76529789,-7.23296881,6.80188322
9.62447929,-7.37616539,6.78564501
9.76437855,-7.37705755,6.8075757
9.32944679,-7.37429714,6.49129677
9.65958405,-5.5770936,5.20698738
9.77590847,-5.57084846,5.26451921
9.65493488,-5.5985322,5.33159828
9.77573109,-5.59861946,5.40446043
9.65351868,-5.63230944,5.47099209
9.76799393,-6.81069803,6.71763372
9.64698219,-6.88259745,6.72284079
9.7671175,-6.94797897,6.75650311
9.64644146,-6.74642849,6.67799425
9.64438534,-7.02259588,6.75605822
9.76885128,-6.67636681,6.66797447
9.64863586,-6.61699963,6.62464046
9.53384972,-6.83207655,6.65732861
9.76967812,-6.54677296,6.60817862
9.53473949,-6.69773388,6.6077323
9.64757252,-6.48872566,6.55856371
9.76993561,-6.50653934,5.25829792
9.53800392,-6.56710148,6.54860306
9.5361557,-6.96953869,6.69770241
9.64522648,-6.51327944,5.32974577
9.77516747,-5.68694401,5.67705631
9.65361595,-5.72964191,5.7357626
9.774786,-5.74666739,5.80698252
9.65287781,-5.67503595,5.60258007
9.65176773,-5.79555798,5.864429
9.53756714,-6.44262457,5.27214146
9.57595634,-7.24308062,6.76161385
9.6455183,-7.15914011,5.88355589
9.76618004,-7.09477854,5.84848261
9.76529217,-7.23386049,5.88187838
9.641675,-7.02234268,5.84071589
9.63419342,-7.29067516,5.90832853
9.53845024,-6.49746323,5.40767956
9.77548409,-5.6373806,5.54232407
9.54254436,-5.65781784,5.38426781
9.54620266,-5.62871838,5.24467754
9.93649101,-5.5786705,2.87634397
9.44309235,-6.3507185,5.22233629
9.53640747,-7.10823107,6.7253356
9.37213993,-6.24300385,5.17909241
9.8966856,-5.56549311,3.02594876
9.77433777,-5.81693697,5.93279028
9.43783951,-6.38831329,5.36094522
9.5446949,-5.80582952,5.78958225
9.43884659,-6.92514133,6.60745907
9.54006004,-5.69764423,5.52194834
9.95252323,-5.58526516,0.791151881
9.8986845,-5.56603479,3.48216939
9.37033463,-6.27369928,5.31846523
9.8628664,-5.55735731,3.35799909
9.3282547,-6.14662886,5.27270603
9.4362812,-6.45409584,5.50235033
9.86440182,-5.5576396,3.87034631
9.6528368,-7.14658213,6.77877235
9.36948013,-6.3246727,5.4555068
9.65311623,-5.8682189,5.98407078
9.32309723,-6.17258072,5.43438101
9.54573059,-5.87336397,5.91036892
9.77048206,-6.42095661,6.53767443
9.8992424,-5.56618071,3.73995209
9.54117584,-5.74658823,5.65692234
9.49672127,-7.37535334,6.72103548
9.86464119,-5.55770254,3.61050582
9.76958656,-6.56119013,5.39146137
9.53528404,-6.4517293,6.48119736
9.30893898,-7.11954212,6.33746099
9.89286423,-5.56450653,1.75175905
9.86419582,-5.55770445,1.87566817
9.43849945,-7.05371904,6.63812113
9.8647213,-5.55783749,1.38863182
9.44163132,-6.66105938,6.51143456
9.89690971,-5.56561136,1.98818433
9.65003395,-6.58168459,5.46233034
9.77383137,-5.89629459,6.05184889
9.55290604,-5.9496212,6.03059673
9.85407257,-5.5557785,1.62881577
9.66708946,-5.9501276,6.10315037
9.97184563,-5.59382677,4.84928703
9.43728542,-6.79050493,6.56144428
9.44335651,-7.21748781,6.66757679
9.64968014,-6.36896896,6.48546267
9.90532207,-5.56805038,2.25104046
9.35033131,-7.25805521,6.15232563
9.43992615,-6.54902315,6.45121288
9.85425758,-5.55577183,2.37838054
9.44439125,-5.72069359,5.31124783
9.44946766,-5.75015354,5.45349455
9.86563587,-5.5578537,4.60719824
9.89852333,-5.56602907,2.7286489
9.76911163,-6.63561583,5.51378155
9.64360332,-6.66434622,5.58001423
9.89140892,-6.44727182,3.9005146
9.85371304,-5.5556612,2.61366916
9.90028763,-5.56644249,4.47896385
9.77124119,-6.30192471,6.45808363
9.64883137,-6.25239372,6.40006161
9.36768055,-7.02379608,6.53464222
9.46035099,-5.90100765,5.83431482
9.37094688,-7.28815269,6.57999563
9.46176052,-5.9731617,5.95110226
9.53895855,-6.33185291,6.40265751
9.57601738,-6.02195358,6.14069748
9.86565971,-5.5578723,4.34836864
9.4577837,-5.83842611,5.7095089
9.44079018,-6.42613697,6.37528086
9.53803825,-6.20757198,6.30126333
9.45290279,-5.79012156,5.58383799
9.66084099,-6.14083338,6.30824614
9.44184113,-6.32203674,6.29906654
9.53272152,-7.07875156,5.91120005
9.76621437,-7.08941507,6.78479719
9.36553955,-6.89306974,6.49361181
9.52963352,-7.21768475,5.94583178
9.43793869,-6.22552443,6.20946836
9.37075329,-6.54807615,6.34289455
9.36793041,-6.43183136,6.25726175
9.38085365,-6.63781977,6.41369724
9.77325916,-5.9857893,6.16559696
9.37305927,-6.31545639,6.17326593
9.36812687,-6.75821638,6.44734478
9.32628155,-7.13616085,6.20185423
9.46244812,-6.05495977,6.06132269
9.76437759,-7.37710381,5.8931756
9.76702785,-6.96194363,5.793468
9.32590866,-6.69812965,6.30140162
9.32262325,-6.86149549,6.36320114
9.94048214,-5.58030462,1.27562749
9.32177353,-6.99836159,6.40656757
9.32151318,-6.02204323,5.48395538
9.31569481,-6.12166071,5.58875179
9.39064789,-6.18498039,6.08389091
9.39324284,-7.37472486,6.08338261
9.85996628,-5.55674601,4.11100006
9.67962074,-6.03781176,6.2104826
9.87052441,-5.5589695,3.14932418
9.77196503,-6.18862772,6.36869144
9.37018204,-5.88017416,5.5102725
9.48964882,-6.13065672,6.18161964
9.86988926,-6.45253468,2.8809948
9.58581352,-6.10404539,6.23675346
9.90848446,-6.44234943,3.74618578
9.32834816,-7.10836792,6.4586401
9.38318253,-6.08965445,5.95065832
9.38582134,-5.94613123,5.72978258
9.3820858,-6.01828575,5.84357548
9.54360008,-6.57483006,5.53325367
9.32769489,-6.2614975,5.57331896
9.36804008,-7.15867424,6.56120348
9.31652832,-6.0013938,5.22390032
9.32692051,-6.43463469,6.12582779
9.39959717,-5.8770318,5.63217115
9.33244801,-6.1472559,5.8355689
9.39486504,-7.37470818,6.61960888
9.32236767,-6.55974627,6.19837761
9.33563232,-6.22475052,5.95609283
9.33452129,-6.06632566,5.71697998
9.31613445,-6.03432989,5.35060263
9.49416637,-7.37537432,5.98157454
9.3678627,-6.38198042,5.57012177
9.52326107,-6.94346285,5.86378384
9.3422575,-5.98494244,5.60516596
9.33962536,-6.3109417,6.06840181
9.77263832,-6.08309364,6.27100563
9.31463718,-6.20783234,5.70397997
9.62179184,-7.37619257,5.91597939
9.64735317,-6.89013433,5.77207041
9.31315994,-6.98376894,6.23476458
9.3142252,-6.28763914,5.83146
9.34647369,-5.86150026,5.22904873
9.31382465,-6.40193033,5.97410727
9.37068653,-5.83804226,5.37397432
9.31309986,-6.55170774,6.04546118
9.76851082,-6.72969913,5.6244669
9.31090641,-6.81468344,6.21830177
9.42386723,-7.25313902,6.03918076
9.31594658,-6.70484734,6.10214949
9.43739223,-7.12745857,6.00295353
9.32913685,-6.53547382,5.90485573
9.37203503,-7.16249847,6.09800816
9.32248878,-6.41959047,5.83182812
9.64297104,-6.77299595,5.68896866
9.52647114,-6.67580605,5.670434
9.43772793,-6.99770737,5.96311712
9.47482967,-6.56367779,5.60001898
9.36071396,-7.03505039,6.08908844
9.39349174,-6.47887421,5.63814783
9.34580994,-6.66582441,5.94513655
9.88435459,-6.44914818,3.01899695
9.33146954,-6.88049078,6.1098628
9.33384228,-6.36781073,5.6979723
9.33633518,-5.93099165,5.40542746
9.43840313,-6.86244535,5.90016556
9.87445641,-6.4514823,3.61233664
9.76780891,-6.83959627,5.71847248
9.5347414,-6.80535221,5.77375269
9.36238575,-6.51744413,5.76667976
9.37319183,-6.61170149,5.83015251
9.37904835,-6.91158628,6.00977564
9.42344666,-6.72227907,5.82881403
9.42708015,-6.60174942,5.71612597
9.36445141,-6.79330349,5.9790225
9.86284161,-6.45398855,3.14556718
9.9066906,-6.44711113,5.06818008
9.33077717,-5.92849636,5.31875944
10.0819464,-5.66865778,0.791612208
10.010006,-5.61474085,0.923159003
9.9187479,-5.57223988,3.982481
10.128912,-5.71864939,0.919190466
10.1706629,-5.77996778,0.794740498
9.91991615,-5.57267332,3.24905586
10.2254562,-5.93898439,4.85418653
10.2095089,-5.86916685,4.97869539
10.2303076,-6.01042223,4.97870255
9.90277195,-6.4440937,3.47419024
10.0782709,-5.6653142,1.04245293
10.0450993,-5.63806438,4.97868299
9.97214699,-5.59417486,1.04865432
10.1827106,-5.80241489,4.85369968
10.0039282,-6.4004178,1.81833959
10.0057135,-6.39937592,1.67357111
10.0320501,-6.38255835,1.97596073
10.0053692,-6.39958668,1.52859056
10.0056849,-6.39936829,2.12785745
10.1457729,-5.74067974,4.97868824
10.1684914,-5.77617264,1.04546225
10.0988798,-5.68477201,4.85383701
9.98725319,-6.40968466,2.24897051
10.2238731,-6.0821681,4.85352087
9.96946621,-5.59283209,2.12539697
10.0049152,-6.39986181,1.38398719
9.87342072,-6.45173073,3.34039354
10.0178032,-5.61955881,1.1645509
10.0169506,-6.39247847,2.38203955
10.1242962,-5.71300888,1.1787951
9.91354942,-5.57065916,1.51685774
10.0446606,-5.63775396,4.72954321
10.0031776,-6.40081739,2.54091883
10.0648623,-5.65374422,1.29547548
10.2095861,-5.86942673,4.72947741
9.99478149,-5.60588884,1.4117167
10.2062531,-6.15199995,4.97871017
10.2303114,-6.0100503,4.72882605
9.91843414,-5.57212162,4.23177719
10.1449728,-5.73957014,4.72858572
9.98395157,-5.59990406,4.60484409
10.098218,-5.68411446,4.60335445
9.90779877,-5.5687933,2.49449825
9.98929501,-6.40857267,2.67580843
10.1736813,-5.78533745,1.31578946
10.1161776,-5.70352364,1.42024302
10.1388149,-6.28000307,4.97871733
10.0356398,-6.37990713,4.97872257
10.1028776,-6.32228756,4.84183359
10.1827841,-5.80257654,4.60521221
10.2253609,-5.93835497,4.60432768
10.1454039,-5.74018717,4.48067236
10.2091503,-5.86805201,4.48022985
10.2241869,-6.08031511,4.60326004
10.2303247,-6.0083375,4.47951269
10.1821241,-5.80126333,4.35502052
9.89412689,-5.57914305,5.20714903
10.2251158,-5.93673658,4.35504675
9.89643097,-5.60005045,5.33160305
10.2072411,-6.14906883,4.47793245
10.2245312,-6.07821941,4.35325575
10.2089214,-5.867342,4.23049688
10.2303286,-6.00754833,4.23075771
9.90114117,-6.89190912,6.72105885
10.2251291,-5.93684006,4.10580015
10.2076378,-6.14787674,4.22895622
10.1848049,-6.20450497,4.34925461
9.89071751,-6.74739933,6.67767048
10.170126,-6.2323761,4.60859394
10.144824,-5.73938894,4.22992325
10.2247257,-6.07701111,4.10439444
10.1452951,-6.27117538,4.46363306
9.89018059,-6.47253942,5.19318295
9.8904047,-6.61861038,6.6244936
10.1821356,-5.8012991,4.1046977
10.1000347,-5.68597603,4.35680008
10.2303333,-6.0056715,3.98000717
10.208395,-5.86570835,3.98285937
10.2244167,-5.93232393,3.85663962
10.1444368,-5.73886347,3.98123789
10.0989819,-5.68491602,4.1072278
9.89764977,-5.63398075,5.47124195
10.2080736,-6.14655209,3.97944665
10.1820202,-5.80108261,3.85668492
10.0449381,-5.63798523,4.23180485
10.2248096,-6.07649183,3.8542583
10.2081804,-5.86505651,3.73213625
9.89650631,-5.73127842,5.73572302
10.2303324,-6.00481129,3.73372483
10.1437502,-5.73792362,3.73320842
9.89667892,-7.15022039,5.88408709
9.89269638,-6.49001217,6.55835056
10.2249146,-5.93547297,3.60811329
10.1805143,-5.79811382,3.60727572
10.2085829,-6.14498234,3.72953224
10.1808548,-6.21250725,3.85399747
9.89503479,-6.51504135,5.33052444
9.8972187,-5.79718447,5.8645072
10.2254877,-6.07203531,3.60622239
10.2073507,-5.86252594,3.48670006
10.2303181,-6.00198126,3.4820931
9.89792347,-5.67647505,5.60197687
10.0966158,-5.68255568,3.60938931
10.2092896,-6.14276934,3.48221064
10.223567,-5.92730331,3.35965443
10.1425934,-5.73634291,3.48380041
10.2253017,-6.07330227,3.35669398
10.1810703,-5.79922152,3.35985732
9.89494133,-5.86977339,5.98406315
10.2070084,-5.86150694,3.23524666
10.2303076,-6.00083351,3.23766851
10.1416607,-5.73508072,3.23747873
10.0985785,-5.68451929,3.85977626
10.1823635,-6.20953226,3.35545731
10.2098665,-6.14093065,3.23164535
10.2244225,-5.93240261,3.11158442
10.0452175,-5.63820553,3.98262858
10.1783619,-5.7939682,3.11082578
9.98486805,-5.60040855,4.10723495
9.88696194,-7.03092432,6.75792217
9.98425102,-5.60007381,4.35653687
10.2262917,-6.06633329,3.1093235
9.92855835,-6.43564177,3.23820591
10.2302532,-5.9971633,2.98528242
10.2058392,-5.85804796,2.9912281
10.0432386,-5.63676119,3.73497987
10.0932655,-5.67926264,3.11299491
10.2107582,-6.13803053,2.98594117
10.2224998,-5.921422,2.86336064
10.1398201,-5.73260498,2.98740292
10.1462193,-6.26992702,3.48222113
10.2259359,-6.06894255,2.86014414
10.1853476,-6.20344257,3.11220765
9.88899422,-6.58318043,5.46234846
10.1476059,-6.26797152,3.2338953
10.1793051,-5.79579639,2.86366916
9.96722317,-5.59633398,5.10828161
9.89194202,-6.3705163,6.48546171
10.1001492,-6.32518387,3.35632491
9.91866016,-7.27551317,5.91414785
9.8920002,-7.02330828,5.84057808
9.89653778,-5.95558929,6.10123014
10.0973701,-5.68332577,3.36475563
10.15205,-6.26152277,2.98315215
10.0428238,-5.63647079,3.48780918
10.1041594,-6.32103968,3.1069181
10.0484934,-6.37064886,3.22973371
10.0418482,-5.63586569,1.52758491
9.98294926,-5.59943819,3.60988426
10.045867,-5.63872719,3.23855424
10.1936092,-5.82623339,1.4986248
10.016305,-6.39275646,4.80203724
9.89443684,-6.25375366,6.39983988
9.98468399,-5.60032606,3.85769749
10.0050602,-6.39978409,1.23977602
9.99061394,-6.4078393,3.10289121
10.0643711,-6.3581214,2.99332738
10.0144424,-6.3939476,4.27243853
10.0339737,-5.63019276,2.99191713
10.2053919,-5.85675621,2.73886871
10.2302237,-5.99570465,2.74200296
9.98906326,-6.40859127,4.6644659
9.97527599,-6.41568661,4.5509901
10.0312767,-6.38295889,4.42761183
10.1842327,-6.20576239,2.85814118
9.97891521,-5.59740639,3.12019634
9.85891342,-7.27835798,6.79511118
10.0057364,-6.39940786,0.808554888
10.107645,-6.31736708,2.61058784
10.2001047,-5.84231329,0.921454191
10.0089226,-6.39733124,4.13131571
10.0057364,-6.39940023,0.953274012
9.98367691,-5.59982824,3.36182809
10.0096092,-6.39707804,1.09802389
9.89438534,-6.66606522,5.58021784
10.1386986,-5.73111916,2.74203134
9.97570801,-6.41556597,2.80837321
10.2113562,-6.13605022,2.73461413
10.1187811,-6.30499458,2.11639452
10.0433025,-5.63676882,4.47952318
10.0807037,-6.34400129,2.24029589
9.88326645,-6.14148903,6.30768204
10.0937548,-6.33164597,2.47367358
10.2236862,-5.92802858,2.61564636
10.1756258,-5.78883791,2.61489463
10.2270908,-6.06005049,2.61306119
10.1828089,-6.20862293,3.60802269
10.1439886,-6.27302265,3.98061156
10.2301102,-5.99144363,2.48932815
10.2040796,-5.85301352,2.49627709
10.1447716,-6.27194595,3.73097682
10.1072092,-6.31789494,1.45224249
10.0891619,-5.67531443,2.61640239
10.2123423,-6.13269997,2.48994493
10.220583,-5.91188765,0.797662079
10.2212648,-5.91511393,2.36818457
10.136735,-5.72853708,2.49129248
10.1785908,-6.21685696,4.85246038
10.2076626,-6.14777517,4.73016024
10.1773596,-5.79210091,2.36827564
10.1988592,-5.83908319,1.17067766
10.2266903,-6.06331348,2.3642385
10.1125765,-6.31204081,1.61822259
10.0828743,-6.34204149,1.74570298
10.1073799,-6.31768942,1.86943793
10.1831961,-6.20781231,4.10095263
10.2036963,-5.85194921,2.24377275
10.2221575,-5.91970015,1.38070107
10.153554,-6.25921631,4.2130928
10.1276579,-5.71706915,1.53784907
10.230073,-5.99032354,2.24778676
10.1357241,-5.72723007,2.24732208
10.1098433,-6.31489992,4.32247639
10.2224464,-5.92569542,5.09353209
10.0920467,-5.67808485,2.86791468
10.0681286,-6.35489893,4.57384825
10.1939478,-6.18445301,2.36050224
10.2229042,-5.92365074,2.1210506
10.1730499,-5.7841506,2.11992145
10.2162485,-6.11833,2.23809314
10.2278557,-6.05325127,2.11813521
10.2021208,-5.84762001,2.0027771
10.2298813,-5.98543835,1.99460435
9.69276714,-7.502985,6.80206633
10.0468607,-6.37186146,3.47937584
9.30627251,-7.51747847,6.3503828
9.98591328,-6.41033268,3.35492134
10.08531,-5.67169905,2.12180042
10.2138481,-6.12739897,1.99522555
10.1334314,-5.72428274,1.9967078
10.2198248,-5.90828609,1.87415826
9.88079071,-7.16119051,6.77987862
10.1751919,-5.78807402,1.87418473
10.2273827,-6.05759716,1.86955798
10.2017317,-5.84658384,1.74974501
10.2298326,-5.98438883,1.75465429
10.1323023,-5.72285652,1.75402915
10.0892363,-6.3360095,2.8648932
10.0331087,-5.62963295,2.24864602
10.0884409,-5.67466593,1.88280809
10.2219706,-5.91871929,1.62751877
10.1699486,-5.77866983,1.62618625
10.0316525,-5.62864351,2.00348997
10.2143526,-6.12556744,1.74355781
10.0368395,-5.63221312,2.74267197
10.2285795,-6.04575014,1.62415683
10.0917101,-5.67778444,2.37556887
10.035655,-5.63139248,2.49703026
9.98515606,-6.41075182,2.94322062
10.0649748,-6.35763502,2.73907375
10.0974369,-6.32790899,3.85461664
10.0366907,-5.63216066,1.75575542
9.97240639,-5.59425592,1.87851906
9.55725765,-7.50076962,6.75837851
10.0279665,-6.38522577,3.97522402
10.2295284,-5.97867441,1.5008924
10.1878061,-6.19826031,2.61702824
10.1048346,-5.69722748,5.12402105
10.0865812,-5.67291784,1.63637793
10.1504831,-6.26384115,2.73841023
10.2156229,-6.12080002,1.5017463
10.1000576,-6.32526398,3.60446501
9.8946476,-6.04631948,6.20805407
9.97402763,-5.59500599,2.61930871
9.9755373,-5.59579992,1.64246774
10.2283516,-6.04827499,1.40802205
10.1643467,-6.24231958,2.48316193
9.97634602,-5.59616137,2.37217665
10.1334686,-6.28712463,2.35861182
9.88075542,-6.89414454,5.77149534
10.1534872,-6.2594347,1.99026728
10.2192202,-5.90559006,1.26545501
10.0897493,-6.33542061,4.69373608
10.187685,-6.19856024,1.86941409
10.0997915,-6.32565784,1.30309355
10.1506138,-6.26354599,4.7370801
9.87921906,-6.78408813,5.69206142
10.168519,-6.23529243,2.23450994
10.1952286,-6.18141937,2.11516833
10.2199173,-5.90875769,1.04712188
10.045764,-6.37266541,3.72945285
9.9854393,-6.41056871,3.60399556
9.9969511,-6.40430832,3.84497857
10.1923676,-6.18816757,1.63214755
10.1831284,-5.80641985,5.07801676
10.2281094,-6.05615664,5.10413599
10.1079617,-6.31694698,4.09921169
10.2297792,-6.02825069,1.29422438
10.0868254,-6.33822918,4.20882463
10.1947556,-6.18950939,5.11005688
10.1223421,-6.30956268,5.11745691
10.1919966,-6.18903255,1.35740614
9.38092899,-7.51822567,6.60077286
10.1583519,-6.25199747,1.74894226
10.020051,-6.40442753,5.14523411
10.0810089,-6.34378099,1.16992092
9.45593834,-7.47714138,6.6884551
10.1723394,-6.22861862,1.52215242
9.90737438,-7.37797117,6.78463745
10.1084452,-6.31658936,1.02849579
10.2294579,-5.97751522,1.17223382
10.2296534,-5.98089504,0.923101544
10.228159,-6.05031013,1.04901135
10.2159033,-6.11973476,1.17482543
10.1577291,-6.25299835,1.18021381
10.0793686,-6.34528208,0.900893569
10.2278452,-6.05342054,0.799811006
10.2151604,-6.12259674,0.925212324
10.1917362,-6.189641,1.05210066
10.1908941,-6.19155931,0.80074358
10.1569567,-6.25420952,0.927359819
10.118618,-6.30525303,0.794052958
9.90399265,-7.37799406,5.91501522
10.2003269,-7.37985659,6.48811674
10.2215691,-7.37999916,6.35037565
10.216177,-7.2557497,6.41997433
10.2176695,-7.25567532,6.27910042
10.171751,-7.25656986,6.55464363
10.1993818,-7.37986469,6.20967817
10.1948462,-7.13162565,6.48847485
10.2226334,-7.13108873,6.34984827
10.1359396,-7.37943888,6.61677504
10.0045891,-6.68913698,6.60165787
10.0043106,-6.81932545,6.65064859
10.0019283,-6.56936789,6.54768229
10.1286554,-7.12961578,6.60971403
10.0880489,-7.25518131,6.66952419
10.2087135,-7.00653315,6.41983128
10.0061016,-6.44458437,5.27481031
10.0082083,-5.66061401,5.38335609
10.0052919,-6.45445347,6.48101139
10.0825739,-6.64702225,6.51787233
10.0094852,-5.80526829,5.77573824
10.0081291,-5.87483311,5.90136099
10.0036497,-5.63000631,5.23855114
10.0052671,-5.95383406,6.02161264
10.0107594,-5.700912,5.52150917
10.1569233,-7.00481892,6.5444746
10.2115116,-7.11954737,6.22049952
10.0350256,-7.37878942,6.71885729
10.0998783,-6.55214787,6.45000887
10.0089264,-5.75010681,5.65734673
10.0136337,-7.12095737,6.71569252
10.1159039,-6.75980139,6.52810335
9.97297573,-6.99499321,6.71665287
10.0120287,-6.91820335,6.67517281
10.0148392,-6.32756376,6.38839531
10.2238932,-7.01268482,6.29573917
10.1212397,-6.45322418,6.36194038
9.97313976,-7.25433111,6.75319719
9.97463226,-6.21326065,6.32618093
10.1012211,-5.90888882,5.81322718
10.1050482,-5.84662962,5.68393803
10.0964355,-5.98020649,5.93579102
10.067009,-7.013659,6.65576982
10.096096,-6.88635397,6.59478807
9.99644279,-6.04135847,6.13903093
10.1003332,-5.78735447,5.55315161
10.1749125,-6.88148212,6.47727966
10.1071234,-5.71863317,5.2686305
10.2196016,-6.87291241,6.32693481
10.0915737,-6.06091547,6.05106974
10.0923166,-5.7365942,5.41912365
10.1862221,-6.77285624,6.41245317
10.0040789,-6.49824095,5.40661573
10.1703615,-5.95104408,5.69599104
10.169939,-5.89245796,5.56870127
9.37061882,-7.51446247,6.11654234
10.1106882,-6.34840918,5.24853802
10.1707916,-6.02202415,5.8197279
10.1687365,-6.10118198,5.9403286
10.1648941,-5.83802462,5.43971157
10.156846,-6.18095636,6.06625128
10.1757994,-7.25441933,6.1426096
10.0024338,-6.56697369,5.52463531
10.2146244,-5.96798229,5.45868397
10.2160816,-6.02487707,5.58467817
9.44238281,-7.48312712,6.02512646
10.2102861,-5.91313362,5.32630539
10.2122297,-6.15583992,5.83811665
10.2147532,-6.08677864,5.71483326
10.2091417,-6.23404932,5.95365524
10.2296486,-6.10699368,5.47133636
10.2299929,-6.04815578,5.33989477
9.32322216,-7.57594061,6.47504473
10.2292442,-6.16713715,5.60217094
10.1356125,-6.3529644,6.26717043
10.0178165,-7.05425882,5.91376972
10.2028131,-6.30819082,6.06006289
10.0618677,-6.23679829,6.271276
10.1411171,-6.25994301,6.17814875
10.1833591,-6.58363342,6.32704306
10.0980759,-6.39956427,5.36349201
10.1580534,-6.66785002,6.42466927
10.2284441,-6.29507256,5.82892609
10.2276325,-6.37281466,5.93647909
10.2289171,-6.22746515,5.71696568
10.0072727,-7.20896959,5.94760466
10.2166882,-6.43045616,5.8253932
10.2118387,-6.23667574,5.47908831
10.2137308,-6.35791922,5.71203852
10.221097,-6.50924301,5.94077158
10.2242079,-6.44391298,6.0554347
10.2113581,-6.30130339,5.60592413
10.2167511,-6.17084932,5.35137033
10.2119389,-6.95799017,6.17254305
10.1724815,-6.49149561,5.71648693
10.1642056,-6.42554235,5.60123396
10.1906214,-5.83664656,5.20980215
10.0231295,-6.63748026,5.63715744
10.2124014,-6.71568823,6.30299807
9.97455597,-6.73674393,5.69743633
10.0741186,-6.14446878,6.16908264
10.1675529,-6.35146618,5.48062468
9.55458927,-7.50112486,5.94374514
10.0890474,-6.46860504,5.48929453
10.0990696,-6.53287077,5.60761118
10.1828709,-6.56527805,5.8271842
9.98547554,-6.1311717,6.24310827
10.1730852,-6.28971195,5.35575867
10.2045927,-6.48850012,6.20222759
10.158556,-5.79856491,5.3299489
10.2260237,-6.57410574,6.05741882
10.1177244,-6.60624743,5.72649956
10.2206573,-7.5228138,6.3503828
10.2284174,-5.98445988,5.21186209
9.83679771,-7.50320959,6.80168056
10.1927223,-6.37307119,6.15424681
10.1964235,-6.64943171,5.94243002
10.1833057,-6.2354908,5.23490047
10.1304541,-6.69062233,5.82600451
10.1339636,-7.37945366,6.08124256
10.2243538,-6.79295778,6.18547773
10.062252,-6.69665623,5.73833323
9.98766613,-6.92016459,5.83477402
10.2228985,-6.1106658,5.22577477
10.0541725,-6.80311203,5.81459188
10.1514826,-6.78598976,5.93136263
10.2123594,-6.72084236,6.05454588
10.2240782,-6.64291573,6.18817949
10.0323877,-7.37881041,5.97997093
10.1578712,-7.12358522,6.08561516
10.1866798,-6.8610177,6.0482192
10.1472311,-7.5249896,6.59885406
10.0947876,-6.91775751,5.92475653
9.96473408,-6.82525539,5.76208448
10.1356373,-7.00818396,6.0158124
10.1008959,-7.24728775,6.03173113
10.085701,-7.11952496,5.99072409
9.68717575,-7.48356247,5.89963007
10.1876459,-10.7819099,6.45548773
10.199852,-10.7819929,6.35054874
10.2005672,-10.6698732,6.35054302
10.0783138,-7.49155283,6.68207502
9.29769325,-10.7762289,6.45556068
9.28619003,-10.6633673,6.35054302
9.28547096,-10.7761564,6.35054874
10.1720181,-10.6781759,6.50942993
9.31442833,-10.6710796,6.50886393
9.33618069,-10.7764692,6.55983019
10.1485529,-10.7816553,6.56096935
9.74213982,-10.779048,6.80774832
9.8587923,-10.7797937,6.79275322
9.80167198,-10.6663589,6.80401182
9.37501812,-10.6702204,6.62140274
10.1120644,-10.6751537,6.62085485
9.68390751,-10.6630116,6.80385542
9.62519169,-10.7783022,6.79239941
9.91835976,-10.6631927,6.7729435
9.56784153,-10.6610651,6.77268887
10.2041674,-7.59442043,6.47039843
9.4088192,-10.7769279,6.66292143
9.5121603,-10.7775831,6.74538898
9.97176743,-7.52344227,6.7573657
10.1478786,-10.5561581,6.56498671
9.97320938,-10.7805262,6.74536133
9.29841995,-10.5835743,6.45339584
10.0751238,-10.7811813,6.66438913
9.74635792,-10.5398121,6.80773163
9.33678627,-10.5600424,6.55830526
9.46005535,-10.6620646,6.70935535
10.1894922,-10.5782442,6.45313501
9.85789204,-10.5398741,6.79337263
9.62687016,-10.5368395,6.79242373
10.0195856,-10.6713724,6.71486235
9.28703117,-10.5316591,6.35053635
9.97855091,-10.543891,6.74308777
10.0721254,-10.5499249,6.66905165
9.50973988,-10.5414772,6.7430582
10.2014189,-10.5364809,6.35053635
9.4097538,-10.5472088,6.66234112
9.30362415,-10.4634228,6.4710021
10.183135,-10.4502592,6.48040628
9.35948181,-10.4314337,6.59651089
10.1177721,-10.4279928,6.6151166
9.79132652,-10.4461203,6.80535698
9.90240192,-10.3927765,6.77982807
9.56244278,-10.4134159,6.7697053
10.0330162,-10.4225464,6.70555973
9.67941189,-10.4234219,6.80301189
9.4487114,-10.41887,6.69877148
9.50437641,-10.2913771,6.73880386
10.0826702,-10.3000994,6.65955591
9.28792286,-10.3920221,6.35052919
10.2023163,-10.3960085,6.35052919
9.62452316,-10.2934055,6.79135704
9.37936974,-10.2754698,6.62385607
9.76126289,-10.3241272,6.80745602
9.9864397,-10.2948551,6.73924446
9.81632137,-7.51218987,5.89624214
9.31028557,-10.3217316,6.49037457
10.1499166,-10.3352499,6.56378984
10.1874294,-10.3037653,6.4684701
9.57300568,-10.181736,6.77353334
10.0416565,-10.1729393,6.69971132
9.88013172,-10.1778431,6.78775358
10.1435938,-10.1939125,6.57695389
9.45409107,-10.1706572,6.7019515
9.72003651,-10.1851768,6.80695486
10.2032328,-10.2523994,6.35052204
9.32307339,-7.57594109,6.22625589
10.191699,-10.1789303,6.45458794
10.0991783,-10.0532093,6.64242744
9.98447895,-10.0481901,6.74139881
9.85019493,-10.0166149,6.79603434
9.29711151,-8.95257282,6.35045624
9.31360722,-8.88101578,6.47048664
9.29802608,-8.80926609,6.35044861
9.31535244,-8.73753643,6.47348785
9.31351376,-9.02445793,6.47347546
9.29894161,-8.66591644,6.35044146
9.3163681,-8.59332848,6.47382164
9.29985714,-8.5225172,6.3504343
10.2197418,-7.66624451,6.35039043
9.92829704,-9.93911266,6.77066612
9.29619598,-9.09599304,6.35046339
9.31716442,-8.44911575,6.47336912
9.31269932,-9.16856575,6.47386122
10.2025061,-7.73729277,6.4731288
9.30077267,-8.37906933,6.35042667
10.2188253,-7.80971241,6.35039759
10.1552362,-7.66305161,6.58456516
10.1517467,-7.80762959,6.58882332
10.2013845,-7.88086748,6.47386694
9.31793499,-8.30507088,6.47282743
10.2133303,-8.67052078,6.35044146
10.1968374,-8.74214649,6.470469
10.2124147,-8.81398964,6.35044861
10.1969995,-8.59925938,6.47318602
10.1951752,-8.88502502,6.4732008
10.2142467,-8.52705288,6.35043383
10.1487694,-8.67288399,6.58465004
10.1823931,-10.0467825,6.49109936
10.2114992,-8.95747948,6.35045576
10.1482553,-8.81752014,6.58397055
10.2179098,-7.95318079,6.35040474
10.1471329,-8.52825642,6.58888149
9.36341763,-8.95025539,6.5875659
10.1977129,-8.45567799,6.47390652
10.1467447,-8.96119308,6.58497334
10.1940498,-9.02861881,6.47395611
9.36411667,-8.812397,6.58726072
10.1507998,-7.95439339,6.58884764
10.2151623,-8.38358498,6.35042667
10.2006626,-8.02538681,6.47315693
10.1988382,-8.3111515,6.47317123
10.2160778,-8.24011707,6.35041952
10.2169943,-8.09664917,6.35041237
10.2005005,-8.16827393,6.47043991
10.1504068,-8.38730812,6.58494616
9.30168819,-8.23557377,6.35041952
10.1524391,-8.09901142,6.58460999
9.2952795,-9.23959541,6.35047054
10.1519213,-8.24363899,6.58393764
10.1438141,-9.95093727,6.5792594
10.204154,-10.108078,6.35051441
10.1904144,-9.74839211,6.47052002
10.2059917,-9.8202343,6.35049963
10.2069073,-9.6767664,6.35049248
10.1887341,-9.8913784,6.47331333
10.1905756,-9.60550404,6.47323799
10.2105827,-9.10105705,6.35046339
9.31873894,-8.16118717,6.47240734
10.2078238,-9.5332098,6.35048532
10.1423397,-9.6791296,6.58471251
10.1418304,-9.82376766,6.584023
10.1454306,-9.10494709,6.58564377
10.2050743,-9.96385288,6.35050726
10.140708,-9.53449821,6.58893633
10.0549726,-9.91193008,6.68950891
10.1912651,-9.46185303,6.47404385
9.30877399,-9.31012535,6.46253014
10.0665646,-8.59733582,6.68651867
9.30535603,-7.66113758,6.35039043
10.0713148,-8.74336052,6.68119574
10.0711565,-8.8878479,6.68047142
10.0718832,-8.45318222,6.68240118
9.30260468,-8.09203148,6.35041237
10.0752325,-8.30889702,6.68007708
9.31958485,-8.01741314,6.47213697
10.0775127,-8.16507912,6.67875528
10.2087431,-9.38914967,6.3504777
9.30352116,-7.94844389,6.35040474
9.35687828,-8.24145126,6.5682478
10.0732098,-7.73483849,6.68542051
9.32046223,-7.87369585,6.47198582
9.37389851,-8.37452126,6.59840965
10.06779,-9.03225803,6.68280506
9.30443859,-7.80481243,6.35039759
10.1946812,-9.17286682,6.46829033
9.3213625,-7.7299962,6.4719162
10.0747671,-7.8790803,6.68310928
9.37715912,-8.10520649,6.60076761
9.37018967,-7.80375671,6.58660316
9.36957836,-7.65889549,6.58403254
9.36915779,-7.94931793,6.58644104
10.0777102,-8.02169514,6.67944193
10.1411982,-9.38386536,6.58969784
10.1633768,-7.50428963,6.12859488
10.1873331,-10.7819185,6.24429274
9.29436111,-9.38338089,6.3504777
10.1924496,-9.31537819,6.47314453
9.29724312,-10.7762365,6.24746323
9.36046314,-9.09370613,6.5841794
10.2096643,-9.24488258,6.35047054
9.3076086,-9.4544735,6.46156788
9.36244392,-10.1132393,6.59794712
9.30659866,-10.1815615,6.47521162
10.0692215,-9.17386818,6.68059063
10.0601377,-9.60345078,6.68657351
9.52162361,-10.0838509,6.74825048
10.1457758,-9.23936844,6.58363295
10.0624895,-9.74689102,6.68353796
9.36400795,-8.53141499,6.58407497
9.64072418,-10.0697327,6.79514456
9.76154137,-10.0788507,6.80748606
9.96596146,-8.9613657,6.75569439
9.97758293,-8.23469639,6.75193262
9.97314739,-8.37865067,6.7538352
9.2888422,-10.2479162,6.35052204
10.2035208,-7.57902431,6.22766972
9.96920013,-9.10529232,6.75350285
9.35403252,-9.24126625,6.57470131
10.0707474,-9.31774235,6.67823887
9.60770512,-7.61494303,6.7804575
9.9699831,-9.24911594,6.75259447
10.0653448,-9.45935249,6.6825614
9.97836685,-8.09075737,6.7519989
9.29823971,-10.5725021,6.24877739
9.85412788,-9.1781683,6.79631615
9.85113335,-9.03293324,6.79718113
9.85310173,-9.32340336,6.79634619
10.1888199,-10.5884085,6.24534082
9.36578941,-8.66606236,6.58846855
9.97185802,-9.39318657,6.75107765
9.94479561,-9.82588959,6.76353502
9.86444378,-8.16900444,6.79536772
9.97701359,-7.95445347,6.75319386
9.86228561,-8.02421761,6.79607725
9.864645,-8.31308365,6.79510832
10.0480013,-7.61860704,6.70776224
9.34845066,-9.37776279,6.56612539
9.30596828,-10.4467173,6.22215223
9.97164536,-7.81052446,6.75650024
9.86102772,-7.87937832,6.79656363
9.83417988,-9.88179684,6.79958248
9.85476017,-9.46036148,6.79577112
9.74054146,-9.23672295,6.80751371
10.1830425,-10.450634,6.22035551
10.0868349,-7.5276475,6.02721643
9.73986435,-9.09485245,6.80746222
9.96799088,-9.53503799,6.75269938
9.86338425,-8.88844109,6.79455471
9.96897411,-8.52285004,6.75556087
9.73516083,-9.37907219,6.80738211
9.29344273,-9.52733326,6.35048532
9.96068668,-9.67661095,6.75610065
9.47991562,-7.61684465,6.70953226
9.97910404,-8.81994724,6.74905491
9.96853542,-8.67741966,6.75528145
9.8488102,-9.59860802,6.79692745
9.72878456,-9.52392673,6.80716085
9.73444939,-8.95317173,6.8072238
9.83962536,-9.74582767,6.79867649
9.72235489,-9.66889477,6.80687094
9.61605072,-9.30312824,6.78696871
9.43163395,-9.02559185,6.67482042
10.1874027,-10.3041267,6.23248816
9.61825085,-9.16642857,6.78737307
9.34729862,-9.52591038,6.56574726
9.61547279,-9.02890587,6.78622246
9.61550713,-9.44269848,6.78708363
9.59643555,-9.59474754,6.78104925
9.50763607,-9.24552441,6.73660517
9.5147686,-9.10182858,6.74046946
9.44419575,-8.88150311,6.68597698
9.30977535,-9.60049248,6.47328615
9.43805695,-10.0314322,6.68714333
9.5092144,-9.37345314,6.73812056
9.51868248,-8.95576763,6.74226999
9.62571907,-8.88888645,6.7890749
9.41650391,-9.3091507,6.66103649
9.84716988,-8.45632839,6.79874897
9.72860146,-7.6667347,6.80632973
9.44780445,-7.74041414,6.6824789
9.97562313,-7.66545248,6.75489998
9.50209713,-9.50642395,6.73413563
9.4138031,-9.43425369,6.65897465
9.86578178,-7.74396658,6.7956686
9.72718239,-7.94808531,6.80637217
9.47437191,-7.87485647,6.70644093
9.72391319,-8.08747387,6.80619812
9.72003174,-8.24030781,6.80596733
9.71088982,-9.95111179,6.80620241
9.4118433,-9.55172443,6.6576519
9.46910095,-9.62695885,6.71121454
9.42619801,-9.17073727,6.67028475
9.44524384,-8.01072502,6.68170071
9.96995926,-7.50399828,5.94241619
9.74537945,-8.82538795,6.80754519
9.36663437,-9.66026974,6.59993029
9.31362438,-8.88102818,6.2303524
9.31536674,-8.737463,6.22735405
9.4299469,-8.25188637,6.66806173
9.86456966,-8.74338818,6.79448366
9.31375694,-10.6706066,6.19406271
9.31027794,-9.74516773,6.47829914
10.1716022,-10.6778965,6.19053555
9.31353855,-9.02463913,6.22734928
9.31636524,-8.59319782,6.22706985
9.29252243,-9.67142296,6.35049248
9.73546791,-7.81198549,6.80685043
9.73988056,-8.38660145,6.80727053
9.31714916,-8.44894505,6.22755194
10.2024927,-7.73738527,6.22761393
9.72066307,-9.81216145,6.80683088
9.85592937,-8.60157871,6.79670954
9.73744488,-8.67741203,6.80726194
9.88914108,-7.6240201,6.78978634
9.73596287,-8.52775383,6.80714846
10.1901321,-10.1842623,6.24009562
9.6171217,-9.73564529,6.78816652
9.44621086,-8.74297619,6.68701267
9.35760498,-9.82332039,6.58721542
9.29160309,-9.81554127,6.35050011
10.1968117,-8.74215889,6.23032427
10.2013855,-7.88102722,6.22694111
10.1969872,-8.59919071,6.22764397
9.51877117,-9.68482113,6.74512053
10.1951599,-8.88513279,6.22764969
10.1906118,-9.92417526,6.23544168
9.30734444,-9.88768768,6.47113848
9.43190384,-9.74876976,6.67963934
9.43411541,-8.48151398,6.67380476
9.31270695,-9.16898155,6.22703743
9.2977953,-10.3175249,6.25830507
9.31791115,-8.30487251,6.22810936
10.1977148,-8.45554066,6.22696018
9.5322361,-8.81600475,6.74960327
9.29068279,-9.9596386,6.35050726
9.3071413,-10.0310802,6.47371864
9.35386086,-9.96818447,6.58250093
9.2897625,-10.1037645,6.35051441
10.2004747,-8.16828632,6.23029709
9.48618698,-8.12723064,6.71686459
10.1988258,-8.31124496,6.22762966
10.2006512,-8.0253191,6.22761536
10.1795034,-10.0525141,6.20138311
9.43178368,-9.89461327,6.68042612
10.1940355,-9.02889729,6.2269206
9.54977989,-9.95833778,6.76255274
9.62984371,-8.75402451,6.79001474
9.57266998,-7.7467742,6.76654387
10.1922474,-9.73195839,6.23701382
9.52168751,-9.81091595,6.7472806
9.49673653,-8.38465214,6.72566557
10.1863537,-9.60811234,6.21354485
9.6182003,-7.87917233,6.78467274
9.62638283,-9.84940338,6.79106522
9.56827736,-8.00632668,6.7653017
9.4398632,-8.60555744,6.68021727
9.62602234,-8.60181236,6.7886076
9.60475063,-8.14296532,6.78063393
9.61559677,-8.46167374,6.78506756
9.31870937,-8.16096878,6.22853613
9.61871815,-8.34376621,6.78582764
9.31955051,-8.01717758,6.22880745
9.32042503,-7.87344646,6.22895575
9.54488468,-8.25361633,6.75450134
9.32132244,-7.7297349,6.2290206
9.53206539,-8.67627716,6.74900103
9.31167126,-9.31332684,6.22745085
9.52379036,-8.53282261,6.74368668
9.67237949,-10.8861856,6.80242586
9.29651928,-10.8064184,6.45131254
9.33155632,-10.8380356,6.55140209
9.5853281,-10.8605585,6.78002071
10.188941,-9.46788311,6.2190485
9.45234585,-10.8539143,6.70414734
10.1939354,-9.17287254,6.22988224
9.8102293,-10.8871756,6.80263042
9.33529568,-10.7764845,6.1429944
10.1922178,-9.31685162,6.22700691
10.1480742,-10.7816734,6.13920593
10.1869192,-10.8132257,6.45770073
10.1997194,-10.8019953,6.35268068
9.37384796,-10.6702442,6.08128309
9.89745235,-10.8632813,6.78056002
10.1720791,-9.82197475,6.17773151
10.1114311,-10.6753635,6.07937241
9.74318218,-10.7791014,5.89334917
9.80176735,-10.6664724,5.89708662
9.85797024,-10.7798338,5.90812922
9.31761837,-10.0473738,6.19435406
9.68412304,-10.6629705,5.89720201
9.62460423,-10.7783432,5.90885448
10.1498585,-10.845582,6.55763531
9.91765594,-10.6628885,5.92785025
10.0282421,-10.8612108,6.7071743
9.30668926,-10.1959963,6.22518444
9.40726376,-10.7769499,6.03984642
9.56675148,-10.6605349,5.92885351
10.0747013,-10.7812099,6.03626156
9.51064014,-10.7776136,5.95659971
9.31062794,-9.45745945,6.22789955
10.1471329,-10.5559044,6.13468695
9.97262287,-10.7805634,5.95539379
9.34027386,-10.5504284,6.1361866
9.74667358,-10.5401535,5.89334345
9.45853329,-10.6619139,5.99293852
9.8571291,-10.5398741,5.90750551
10.0187683,-10.6717463,5.9856081
9.6268692,-10.5365915,5.90864992
9.97846413,-10.5433626,5.957932
10.0712948,-10.5501757,6.03117085
9.50746918,-10.540863,5.95938349
9.41682434,-10.5454798,6.03133106
9.37250805,-10.4227247,6.08532381
10.1166973,-10.427887,6.08443546
9.80990219,-10.4246101,5.89797163
9.92285633,-10.4154243,5.92934847
9.56163216,-10.4128151,5.93171072
10.0332012,-10.4225044,5.99565125
9.67916203,-10.4222689,5.89808702
9.45624542,-10.418107,5.99602222
9.40851879,-10.293457,6.04181051
9.30965042,-9.6014061,6.2281208
9.5067234,-10.2925243,5.96079063
9.87854004,-10.32166,5.91308451
9.62604237,-10.2940264,5.90927505
10.0821457,-10.3000813,6.04092216
10.1490097,-10.3364096,6.13556623
9.76824474,-10.3082371,5.89388275
9.98651505,-10.2939444,5.96184683
9.33462334,-10.3051958,6.15035915
9.44824696,-10.164628,6.00406361
9.90506935,-10.1855574,5.92171478
9.3087368,-9.74524403,6.22810888
10.0421133,-10.1725979,6.00170898
9.56874847,-10.1722965,5.92929935
9.72410202,-10.1657476,5.89387035
10.1403275,-10.19909,6.11850548
9.36295223,-10.1752148,6.10168791
9.309762,-9.88814163,6.22134733
10.1002321,-10.0538731,6.05987597
9.98566818,-10.0467854,5.96034241
9.51362991,-10.0201912,5.957654
9.40230656,-10.0431204,6.05055237
9.85371685,-10.0429564,5.90585327
10.1377058,-9.9294672,6.11126995
10.0460196,-9.93437099,6.00373268
9.28535748,-10.7961664,6.34685612
9.92671013,-9.92092133,5.92961836
10.0936251,-9.80637455,6.0501976
9.42238331,-9.90049553,6.02982616
9.99961185,-9.80324745,5.96817303
10.1879616,-10.8125277,6.24780273
10.1574106,-7.6461277,6.11971474
10.1517153,-7.80777025,6.11192179
10.1430044,-9.70273399,6.11764765
10.0555706,-9.67553139,6.01066589
10.1487255,-8.67281914,6.11615801
10.1481609,-8.8175106,6.11676931
10.1470976,-8.52814865,6.11192799
10.1466417,-8.96129513,6.11576748
10.1507673,-7.95429754,6.11190939
9.36283588,-8.8122921,6.11576653
9.36190319,-8.95911884,6.11576653
9.36654568,-8.66723251,6.11116743
9.85605717,-9.77348804,5.90598869
9.37151146,-9.10504341,6.09899044
10.1503201,-8.38737011,6.11576271
10.1524,-8.09894753,6.11614847
10.1518316,-8.24362087,6.11675072
9.95222664,-9.68226051,5.94061327
10.1189213,-9.56548119,6.07986641
10.0666094,-8.59735966,6.0143981
10.0842142,-7.72031403,6.02584028
10.071804,-8.4532547,6.01838541
10.1452951,-9.10522175,6.11506081
10.0711765,-8.74343681,6.01956367
10.0710163,-8.88788986,6.02029896
10.0751343,-8.30902958,6.02067566
10.0773392,-8.16525269,6.02190828
9.36644077,-8.23773766,6.11584234
9.3654871,-8.38191509,6.11590624
10.074604,-7.87923813,6.01753998
9.36894417,-7.94848251,6.11473227
9.36992645,-7.80346489,6.11463165
9.3676405,-8.09328079,6.1153717
9.36944866,-7.65893078,6.1169672
10.0775461,-8.02186108,6.02121735
9.36478424,-8.52593899,6.11555052
9.74150372,-10.878664,6.80775356
10.0676279,-9.03227329,6.01796055
9.78767586,-9.91462421,5.89501381
9.52345181,-10.8995085,6.7521987
9.97718525,-8.23494339,5.94869041
9.9729166,-8.37921715,5.94689703
9.67318535,-10.8864756,5.89855862
9.9779501,-8.09066582,5.94859791
9.4456234,-7.58470011,6.02133608
9.29814148,-10.8076868,6.24282455
9.39187431,-10.8908863,6.64463902
9.44688034,-8.73710346,6.01329756
9.5855341,-10.8615789,5.92100763
9.97659302,-7.95462751,5.94739151
9.86412621,-8.16894054,5.90538931
9.86192703,-8.02426624,5.90465832
9.45396233,-10.8582678,5.99561596
9.97205639,-7.78736639,5.94443035
9.33473206,-10.8404732,6.14330196
9.84184933,-7.8801589,5.90037632
9.7234726,-10.0240269,5.89394093
10.145607,-9.25014114,6.11714029
10.1438007,-9.39401054,6.11565781
9.81072426,-10.8872499,5.89855337
10.0688457,-9.17548561,6.01999331
10.0610256,-9.44635105,6.01428986
9.63275814,-10.0581884,5.90788269
9.36263657,-9.52998161,6.1086278
9.44584751,-7.87322378,6.01936913
9.44758606,-7.72898531,6.01858521
9.44377041,-8.01700687,6.0204854
9.44206905,-8.16059685,6.02124739
9.95812893,-10.904439,6.75337267
9.442626,-8.59250736,6.01810598
9.35923862,-9.24633312,6.11717653
9.36401653,-9.38616657,6.10788107
9.8975029,-10.8627768,5.92056322
9.35719204,-9.94413185,6.11319971
9.44104195,-8.30418682,6.02136135
9.90321636,-7.62944746,5.91529465
9.35458183,-9.67462254,6.12046957
9.35932732,-9.81734467,6.11102343
9.51270485,-9.83651829,5.95890093
10.0882988,-10.8978643,6.64896154
9.44671631,-8.88253975,6.01260662
10.068141,-9.32006836,6.02020979
10.1521978,-10.8439798,6.14811945
10.0297194,-10.8583441,5.99510622
9.9691124,-8.51954842,5.94536829
10.014595,-7.63226175,5.96880198
9.96528625,-8.96151161,5.94486666
9.440979,-8.44800377,6.02054548
9.54741573,-7.65485668,5.94699526
9.98089218,-9.54551125,5.95555592
9.67401123,-7.58774233,5.90193653
9.96103287,-8.66378689,5.94170809
9.85867119,-8.30079174,5.90433502
9.78206348,-7.63921404,5.89359903
9.96860313,-9.10584068,5.94710684
9.53936672,-8.37593365,5.94888926
9.54206181,-8.52000713,5.94694948
9.54198456,-8.23100662,5.94796467
9.75655746,-8.09209156,5.89322376
9.84857273,-9.61338997,5.90401936
9.54259586,-8.08608437,5.94812679
9.96869183,-9.25020599,5.94765472
9.54338455,-7.94189787,5.94819021
9.5451746,-7.79833889,5.94771194
9.85536289,-8.44567871,5.90381384
9.82304955,-7.74525213,5.89728498
9.69200134,-7.86839676,5.89847374
9.65870953,-8.02071285,5.90463066
9.68003559,-7.72704697,5.90062666
9.97171402,-8.81595325,5.94776726
9.63982201,-8.15910435,5.90912533
9.41878605,-9.75434017,6.03448915
9.54429722,-8.66417599,5.94529057
9.73844147,-8.22952271,5.89367867
9.4400568,-9.01434898,6.01801062
9.76755238,-7.96546364,5.89325809
9.64433002,-8.45080662,5.90746355
9.96798611,-9.39446449,5.94777822
9.54957581,-8.80764961,5.94211864
9.82072544,-8.59640789,5.89775753
9.72130299,-9.80350113,5.89413214
9.66295147,-8.57660007,5.90295553
9.64434338,-9.90874577,5.90526009
9.74056339,-8.37051582,5.89356041
9.72243977,-9.68424034,5.89410353
9.63699341,-8.30042553,5.90965891
9.74254322,-10.8791771,5.89335442
9.74650002,-8.49225616,5.89335918
9.85310841,-9.17829418,5.90438843
9.68395329,-8.71206379,5.89893293
9.85072899,-9.0330801,5.90365076
9.40326118,-9.61595249,6.05258131
9.68830967,-8.8666029,5.89812231
9.43930531,-9.31624508,6.01692009
9.42081833,-9.2013073,6.03603458
9.52415943,-10.9038305,5.94851255
9.85108852,-9.32357979,5.90415144
9.46544456,-9.50461483,5.99325991
9.83344936,-8.7530241,5.89992285
9.84772205,-8.88831329,5.90280867
9.48229027,-9.1141758,5.98223305
9.3962822,-10.8941097,6.05127811
9.85085297,-9.46910286,5.90431356
9.58015156,-8.99406052,5.92762232
9.72710228,-9.39420891,5.89392996
9.72693634,-9.53924179,5.89389706
9.73989773,-8.97516632,5.89347982
9.72716141,-9.10847092,5.89401293
9.72698975,-9.2491045,5.89397907
9.61809444,-9.47456169,5.91302204
9.95864296,-10.9011402,5.94800234
9.60336494,-9.61189365,5.91747904
9.59946346,-9.75669193,5.9185071
9.5755558,-9.33425999,5.92864418
9.49855232,-9.23135185,5.97030687
10.0917883,-10.8955555,6.05622911
9.59601498,-9.16999531,5.92103767
9.49722481,-9.68134308,5.9693017
9.67897797,-11.0769005,6.80357075
9.74018288,-11.0856094,6.80776405
9.74055386,-11.0275087,6.80776119
9.74122524,-11.0856628,5.89336491
9.68256092,-11.0776377,5.89708233
9.74159718,-11.0274296,5.89336157
9.67632008,-10.9933491,6.80311966
9.67771244,-10.9933558,5.89780188
9.74202728,-10.9601002,5.89335823
9.74098492,-10.9600115,6.80775785
9.61598206,-11.0518017,5.91076374
9.61127472,-11.0498734,6.78899336
9.60172939,-10.9537029,5.91526031
9.6002388,-10.9533968,6.78537273
9.54627132,-11.010541,5.93698788
9.54175377,-11.0080814,6.76196671
9.79938126,-11.0782251,6.80398941
9.80270672,-11.0776911,5.89758062
9.47293949,-10.9569588,5.98056269
9.80522346,-10.9941721,6.80326748
9.80586529,-10.994174,5.89794302
9.46802044,-10.9537144,6.71691656
9.70638275,-11.138485,5.87124872
9.70346928,-11.142766,6.83131075
9.8677187,-11.0524397,6.78982782
9.87087727,-11.0514259,5.91222
9.88110733,-10.9555531,5.91518164
9.88060284,-10.9552269,6.78609562
9.63294506,-11.1294279,5.87426853
9.77455044,-11.1395168,6.83011198
9.62722301,-11.1295338,6.826684
9.93804741,-11.0117006,6.76320457
9.94130898,-11.0102205,5.93948364
9.7800169,-11.1319599,5.87384701
10.0119839,-10.9589062,6.71917725
10.0155392,-10.9568682,5.98456335
9.85048771,-11.1305361,6.82678175
9.84869766,-11.124897,5.8767519
9.55443096,-11.102685,5.88477087
3.82030725,-11.0478201,6.80101156
3.85746789,-11.0954895,6.82112837
3.87905025,-11.0405493,6.79729557
3.78657484,-11.1004295,6.82297945
3.8213501,-11.0478735,5.88661242
3.787956,-11.1001463,5.86469412
3.76207471,-11.0396862,5.89040899
3.75926781,-11.039156,6.79684067
3.86022758,-11.0949936,5.86679316
9.53866768,-11.1041527,6.81661892
3.92831469,-11.0877562,6.81814432
3.88276458,-11.0399189,5.89081907
3.71335864,-11.0861511,5.86959219
3.71004796,-11.0864925,6.817945
9.66371059,-11.2107544,5.85160828
3.93044066,-11.0876637,5.86979103
9.82840633,-11.2163181,6.85040283
9.821558,-11.1901026,5.85644007
3.74386001,-11.169878,5.84545851
9.65797329,-11.2132082,6.84983492
3.90074825,-11.1555214,6.83889675
3.69544053,-11.0136776,5.90420151
9.92832565,-11.1051702,6.81642485
9.93355179,-11.099411,5.88773012
3.94515204,-11.0159588,6.78384066
9.73535252,-11.2076263,5.85239172
3.9027369,-11.1538696,5.8493228
9.74188995,-11.2183571,6.85077095
3.94934273,-11.0144567,5.90498066
3.74524903,-11.1704798,6.84213305
3.69195986,-11.0123701,6.78240681
3.8270905,-11.1691093,6.84184933
3.82680869,-11.1681824,5.84600019
9.57452106,-11.2036304,5.85280991
9.90373421,-11.1834898,5.85828495
9.44567108,-11.0579062,5.90648508
9.91762352,-11.2044125,6.84806347
9.42385483,-11.0591621,6.79474258
9.56269741,-11.2047014,6.84818506
3.98775053,-11.1600275,5.84813738
3.98221254,-11.1556597,6.83890152
3.65070033,-11.1611881,5.84702778
4.00991678,-11.0653448,6.80877686
3.65238047,-11.1617203,6.84034634
3.87477374,-11.2209816,5.83822012
10.0375795,-11.0662508,5.9046464
10.035037,-11.0625401,6.7951498
3.63244748,-11.0637465,5.87851286
4.02560186,-11.0615234,5.88106966
9.7156992,-11.3069391,5.84254837
9.79848957,-11.307416,6.85864353
9.61607265,-11.306303,5.84243488
3.87830257,-11.2170515,6.84916019
9.70010567,-11.3067884,6.85853148
9.19607925,-10.8000422,6.28281546
9.86544991,-11.246047,5.84649467
9.19523335,-10.7990923,6.40958023
3.94241142,-11.2223024,5.83821249
3.62793827,-11.0633116,6.80851984
3.9384203,-11.2134266,6.84879494
4.01403093,-10.9766111,6.75839424
3.79898167,-11.2691698,5.83579969
9.20668411,-10.825016,6.52016973
9.20930386,-10.8276987,6.17244577
4.01853943,-10.9743347,5.93134069
3.62641621,-10.972765,5.93022537
9.78858471,-11.2556496,5.84527159
3.80888104,-11.2691813,6.85181141
9.4726963,-11.1810102,5.85772467
3.6232214,-10.9712009,6.7558651
3.89869785,-11.2698059,5.83591318
4.00372887,-11.2704763,5.83603287
9.90190029,-11.3080759,6.85876131
9.99900818,-11.1721706,5.86156654
4.07968664,-11.1623354,5.84786272
3.69077063,-11.2684784,5.83567619
9.59841347,-11.306139,6.85841513
10.2891989,-10.8063364,6.28940296
10.0036564,-11.1749382,6.84093666
10.2887745,-10.8068371,6.41696739
3.91109061,-11.2698336,6.85192823
3.700665,-11.2684908,6.85168791
4.01975298,-11.2705269,6.85205221
9.45088196,-11.1872177,6.84435081
9.94380188,-11.2433386,5.84698772
4.07965612,-11.14639,6.83661604
10.2759781,-10.8340178,6.52738714
3.54259038,-11.1470137,5.85000229
10.2774076,-10.8325453,6.17904186
9.35431767,-10.9682407,5.96944094
9.50475025,-11.3055925,5.84230804
3.54499841,-11.1502333,6.83778477
9.34018612,-10.9705267,6.7328968
9.8133316,-11.3075628,5.84265995
9.91699886,-11.3082247,5.84277821
9.2428751,-10.8886538,6.64265966
9.24865532,-10.892067,6.05262756
4.11718798,-11.0224609,6.78711462
3.53875327,-11.0274277,5.89579535
3.56685185,-11.2676878,5.83553457
10.1289797,-10.9730711,6.73160887
9.47958374,-11.3053799,6.85827971
10.0337877,-11.3089695,5.84291124
3.53159213,-11.0286407,6.79187155
3.57813358,-11.2677078,6.85154819
10.1419411,-10.9750547,5.96876907
4.12950325,-11.0791788,5.87388515
10.2357883,-10.897912,6.64789152
10.2381001,-10.902339,6.04835272
10.0197134,-11.3088284,6.85889578
4.11662674,-10.9952221,5.91764069
4.08880091,-10.9236345,6.71481752
10.1081209,-11.1693182,5.86269522
3.54953909,-10.9170218,6.71120644
3.55137682,-10.9178476,5.97504711
3.42807746,-11.0992184,5.86380291
10.109766,-11.1734505,6.84046125
4.09388351,-10.9204435,5.97649097
4.20002317,-11.1516123,5.8506546
9.34334183,-11.1669807,5.8611002
4.20287466,-11.1251507,6.83065653
3.4218955,-11.1270905,6.83179903
4.13296366,-11.2713013,5.83618069
9.32200241,-11.1666279,6.83906078
4.225492,-11.0345612,5.89511585
4.15282011,-11.2713766,6.85220385
4.36823416,-10.7691717,6.41119385
4.2798357,-10.7642117,6.34726524
4.26694345,-10.7755241,6.4513607
4.21363449,-10.9389229,5.9605155
4.36914539,-10.7683201,6.28451681
4.26847029,-10.7743969,6.2427206
9.37063026,-11.3047361,5.84215498
3.36546755,-10.7583666,6.3441987
3.27719593,-10.7619305,6.40783167
3.37765479,-10.7695503,6.4489603
4.35525513,-10.79634,6.52095222
3.27698493,-10.7616768,6.28057098
9.33716393,-11.304471,6.8581171
10.1599464,-11.0710754,5.9026103
10.1622057,-11.063549,6.79540443
3.37752414,-10.769227,6.23919868
3.42190957,-10.9610453,5.93763256
4.34610653,-11.1243706,5.85853958
4.35787582,-10.7940435,6.17428493
3.28424025,-10.7954445,6.53500175
3.42282271,-10.9947739,6.77243805
3.29710937,-10.7914066,6.16186333
4.24529362,-11.0198803,6.78533554
4.23004723,-10.8077364,6.55075693
9.31973171,-11.0556688,5.90714264
4.23294258,-10.8056498,6.14262104
3.4137044,-10.8020525,6.54875898
4.20826674,-10.9346008,6.72425795
3.17171788,-10.7744284,6.47452164
4.47073555,-10.783493,6.4788537
3.41365862,-10.8016195,6.13893604
4.47229099,-10.7813835,6.21825981
4.33266973,-10.9808311,5.92851257
3.17134714,-10.7738237,6.21390915
9.09135818,-10.8109751,6.47654629
10.3938885,-10.8198538,6.222435
9.09307194,-10.8133469,6.21428585
9.305336,-11.0559702,6.79325199
10.392849,-10.8211012,6.48488951
3.44062114,-11.2668304,6.85139132
3.42808604,-11.2668018,5.83537626
4.17149305,-10.8581161,6.04898167
3.42038846,-10.9096212,6.7046752
3.47460747,-10.8553295,6.64098072
4.47992992,-10.7654972,6.34048653
9.08335304,-10.7948771,6.35315275
3.47479677,-10.8549471,6.04640532
4.16660881,-10.8615808,6.6442914
10.1605797,-11.3097277,6.85905647
3.34581852,-10.8565645,6.64366007
10.4052382,-10.8033056,6.35193586
3.34535623,-10.8561554,6.04345465
4.31430578,-10.8660946,6.03949165
4.45932055,-10.8303175,6.0959816
3.1612947,-10.7570658,6.34495735
4.34076262,-11.0907469,6.81875229
4.45611334,-10.8281946,6.58932877
10.1735582,-11.3098621,5.84307051
9.10503483,-10.8600578,6.59856701
10.255374,-11.1539173,6.83447599
4.31395864,-10.8584642,6.63883686
9.21800423,-11.1189508,5.87677813
9.12979603,-10.853425,6.11365986
10.3789883,-10.8697824,6.09976959
3.16053653,-10.8152819,6.57921362
10.2521257,-11.1519146,5.8684926
10.3550959,-10.8608217,6.58668089
3.19778299,-10.8460522,6.05623579
3.30803061,-11.0489864,5.88392639
3.30270195,-11.0766344,6.81463003
4.60191107,-10.7716036,6.27121449
9.17273808,-11.1114845,6.82026434
4.28175592,-11.2722511,5.83634996
8.961689,-10.7994833,6.42351389
10.2663155,-10.9975805,6.75141764
4.36196613,-10.9580898,6.74326944
9.21767998,-10.9907408,5.94984913
3.30905461,-10.9435263,6.73575401
4.30717468,-11.2723618,6.8523798
10.2598181,-11.0103035,5.94126701
3.2201848,-10.8684282,6.66006756
4.59546328,-10.8075714,6.14394522
9.20970631,-10.9859953,6.74638128
8.96998882,-10.8360853,6.55181742
10.529398,-10.8098125,6.27548838
4.59260845,-10.8116827,6.55479908
3.03762984,-10.7622557,6.42066193
3.03771043,-10.7616816,6.26900434
8.98960114,-10.846591,6.12516975
9.21755123,-11.3037596,5.84197998
10.5160637,-10.8473082,6.14624214
10.4973507,-10.8558807,6.57530308
3.3288753,-11.1667404,5.84508228
3.04875755,-10.8011122,6.55145788
10.5289211,-10.8103371,6.43086624
4.60140419,-10.7716427,6.41849518
3.04754758,-10.7999268,6.13705969
3.28858805,-11.2658596,6.85121822
8.9629221,-10.7997246,6.27428436
9.17692471,-11.3034487,6.85793447
3.29138565,-10.9283886,5.96354437
4.45907736,-11.0515184,5.88754606
4.4460392,-10.8890562,6.67687082
9.09984303,-11.0430164,5.91339874
9.10813999,-10.9171925,6.01940536
3.1512177,-10.9839201,6.7662096
4.45904589,-11.0440931,6.79787683
4.73476171,-10.7881355,6.20021772
3.07760859,-10.8670063,6.65926313
8.8305521,-10.8151989,6.49723387
10.3733387,-10.9255428,6.68206358
10.41082,-11.049674,6.78676176
9.12105179,-10.91609,6.67892694
10.3154449,-11.3107157,6.85923338
9.00252342,-10.9087877,6.6709342
4.57172012,-10.8750229,6.65904522
2.91935372,-10.8374586,6.61944437
4.57675076,-10.8867416,6.01602459
10.3698902,-10.9633913,5.98092079
4.44911671,-10.9283419,5.97160864
10.4946861,-10.9263668,6.02060938
4.52349091,-10.956995,6.74176741
2.9063592,-10.7798452,6.49835443
3.20616436,-11.1357784,5.85192633
3.27742124,-11.2658405,5.8352046
4.73737717,-10.7671242,6.34532642
8.83213806,-10.8171692,6.19553518
2.90527034,-10.778327,6.19197941
4.73243999,-10.7900763,6.49593401
9.06914711,-11.0072622,6.76300812
10.660779,-10.8291454,6.19667149
3.15357494,-10.9816875,5.92141247
3.06709647,-10.8800659,6.01084423
10.6591368,-10.8308477,6.51182318
8.82641411,-10.7932291,6.34775591
4.72265387,-10.8468494,6.61820793
9.10962582,-11.1807156,5.85680437
2.96988773,-10.9426374,6.736413
2.90048552,-10.7554016,6.34478617
8.84393883,-10.8795357,6.63265038
4.46211243,-11.1616354,6.84011459
10.3688717,-11.0839624,5.89688873
3.17991281,-11.1315069,6.83318806
4.71927357,-10.853653,6.06108189
10.6418657,-10.8938198,6.06436396
2.92031479,-10.8446102,6.05543804
2.77412438,-10.8099775,6.57328653
10.3276863,-11.3108463,5.84324646
4.86637497,-10.8194208,6.56782961
4.6891861,-10.9452486,6.73139668
8.89582157,-11.0025606,6.76021528
10.3990631,-11.1958799,6.84604836
4.8747859,-10.7736216,6.26966476
10.6687889,-10.8049879,6.35247612
8.84660149,-10.885313,6.0580554
8.68953133,-10.798357,6.42724943
8.69909382,-10.8471861,6.57883787
4.4886961,-11.1662006,5.84805632
4.60682344,-11.0708389,6.81019735
11.2769861,-11.1193199,6.82034111
11.2778893,-10.9916105,6.74253941
11.1385288,-11.0516996,6.78600693
8.97296524,-11.1285992,5.87227154
10.3542261,-11.2093983,5.85353756
4.44140196,-11.2732706,5.83653212
4.87299919,-10.7744589,6.42583656
10.6344566,-10.9010515,6.6491704
10.4880877,-11.0351486,5.9253912
4.84100342,-10.9128904,6.70046997
8.69008636,-10.7993402,6.26542854
8.97853851,-10.9581985,5.97590446
4.70608997,-10.9434986,5.95983982
9.05760765,-11.3027382,5.84179783
2.77400517,-10.8118076,6.10841084
2.48617125,-11.2607889,5.83430195
3.04398561,-11.1094036,5.85913515
2.8018012,-10.9044075,6.70271492
4.8542819,-10.817668,6.12565041
10.7745934,-10.8726568,6.09960842
11.1395416,-10.9352407,6.6884594
8.70132637,-10.8512487,6.11210966
3.11919856,-11.2648306,5.83502436
3.01919508,-11.1033211,6.82477474
10.4844646,-11.1723309,5.86294985
10.6193581,-11.1120224,5.88488579
2.7647779,-10.7607937,6.26309729
2.76775956,-10.7611818,6.42443466
10.6242094,-10.9841537,5.96413231
10.4859428,-11.3118563,5.84342718
4.57078075,-10.9948597,5.9202857
11.2786732,-10.8894749,6.62689495
10.5381117,-11.1655941,6.83788347
11.1189404,-11.315897,5.84414911
11.2777824,-11.1648102,5.86762476
11.2768373,-11.316905,5.84432936
8.99620152,-11.1580944,6.83682442
10.504611,-10.9404449,6.69793463
5.00830793,-10.7943783,6.50417662
4.59255695,-11.1163759,5.86184406
11.141571,-11.1097107,5.88794947
2.9496944,-10.9695692,5.92865324
11.2785902,-11.0260353,5.93583059
11.1406746,-10.9651871,5.9847579
11.2791815,-10.9142675,6.04255056
11.1413412,-10.8709507,6.10724115
4.84545183,-10.9005404,6.00259876
10.7672653,-10.8660202,6.59199762
11.2795029,-10.8397541,6.17794704
10.6442003,-11.3128662,5.84360743
10.4755487,-11.311738,6.85941601
11.1402922,-10.851738,6.55839014
10.7410641,-10.9429445,6.00416851
4.71120501,-11.050808,5.88896704
11.2792358,-10.8266182,6.48538303
5.00545645,-10.7688541,6.34956646
11.1595688,-11.188118,6.84380198
8.71632671,-10.9379921,6.70526123
10.7569189,-11.0481215,5.91859531
4.9977932,-10.8659191,6.64391232
11.1413879,-10.8222942,6.23252869
10.7966814,-10.816781,6.24674416
4.98530388,-10.7897635,6.20040751
2.78235245,-10.9014997,5.98537445
10.7332211,-11.1893082,5.85909891
4.6042347,-11.2743101,5.83671808
4.83800983,-11.002533,5.91672421
4.70133638,-11.170907,5.84758663
11.0007982,-10.9888096,6.74136019
2.63248491,-10.7808666,6.50640249
11.2795229,-10.8093519,6.33057308
11.1252432,-10.8092718,6.38944149
8.71617508,-10.9438953,5.98763371
10.8719864,-10.9687672,5.97946787
10.7851849,-10.8114338,6.4276762
8.84293365,-11.0146933,5.93014669
4.98243523,-10.8540249,6.06333399
4.81807852,-11.1402912,5.8553257
10.8818235,-11.1365042,5.87602711
10.8024569,-11.3138771,5.84378815
4.76431227,-11.2753315,5.83690071
8.82022285,-11.1486673,6.83408785
11.0142241,-10.8793354,6.61297083
11.0211716,-11.1815157,5.86195421
4.98365402,-10.9543695,5.9525075
11.0047464,-11.1458635,6.83098555
11.0151463,-10.9243355,6.02754593
4.95109653,-11.0843382,5.87485695
11.0127916,-11.0427713,5.92324495
5.14573193,-10.7760477,6.42519522
5.11160707,-10.9021006,6.00305462
5.10472107,-11.0427752,5.89475393
4.92256927,-11.2763424,5.83708096
5.11739302,-10.8187103,6.12728691
8.56998825,-10.8964186,6.65829515
11.0189877,-10.8468275,6.15538645
5.14634848,-10.8226652,6.5711112
10.8939514,-10.8694878,6.10674906
5.12480927,-10.7747536,6.2731123
10.9607134,-11.314887,5.84396839
11.0349874,-10.820817,6.46835089
4.80453014,-11.0349998,6.79237747
2.56613088,-11.1278934,5.85221434
11.0190353,-10.816205,6.2569294
2.96094179,-11.2638197,5.83484364
10.5912285,-11.0178347,6.76535511
10.9041681,-10.8362274,6.52315664
10.8789835,-10.9215279,6.67400503
10.8620653,-11.0535955,6.78790045
10.9340467,-10.8066807,6.35236645
2.85396457,-11.0318813,6.79504681
10.9209175,-10.8236904,6.22124815
3.12667704,-11.2648258,6.85103321
5.03703213,-11.1633348,5.85010052
11.2756796,-11.3168459,6.86032867
9.74867821,-11.4058428,6.84890366
10.743515,-10.965147,6.72149849
4.98290253,-10.9931908,6.76668024
9.67855644,-11.407692,5.85265112
2.87975812,-11.1141186,5.85714006
5.39733982,-11.2793732,5.83762264
5.47729921,-11.1465197,5.85552359
5.55559683,-11.2803831,5.83780336
5.32083368,-11.1605244,5.85150862
5.63600826,-11.144866,5.85643768
9.7722683,-11.3933277,5.84995461
8.25984669,-11.2976456,5.84088802
8.3398056,-11.1647921,5.85878849
8.41810322,-11.2986565,5.84106827
8.18112946,-11.1611128,5.85934067
3.85004926,-11.3769445,5.84735727
8.49851513,-11.1631393,5.85970259
9.64862156,-11.4082623,6.8481741
9.85931206,-11.4129333,6.84772253
3.9600451,-11.3754997,5.84702253
2.64442801,-11.2617998,5.83448267
3.85937476,-11.3669424,6.84244299
8.53804111,-10.9112396,6.02147579
5.71385336,-11.2813931,5.83798361
7.94333267,-11.2956257,5.84052658
7.78507614,-11.2946148,5.84034634
7.86503553,-11.1617622,5.8582468
5.08082628,-11.2773523,5.83726168
2.48322606,-11.0015888,5.90537024
5.1672678,-11.1670094,5.84960508
7.70635891,-11.158082,5.85879898
8.55268288,-10.82094,6.51970053
8.02374458,-11.1601086,5.85916138
5.24404526,-11.0667458,5.88362217
5.2325325,-10.9599981,5.94950914
5.25177336,-10.8559608,6.06331682
3.97660041,-11.3777914,6.84049654
3.73203182,-11.3763714,5.84726143
2.79299521,-11.0099592,5.90199471
8.10159016,-11.2966356,5.8407073
9.86448669,-11.4121876,5.85354614
10.6356516,-11.3127604,6.85959864
8.81757927,-11.1650381,5.86010504
8.26314735,-11.0351276,5.9139719
5.23908281,-11.2783623,5.8374424
5.2523694,-10.7912388,6.20148659
3.74162579,-11.3740673,6.84070492
6.58509731,-11.1535912,5.8567872
6.66339445,-11.2874546,5.83906698
6.50513792,-11.2864447,5.83888626
5.79525805,-11.1457977,5.85664272
8.10317326,-11.035758,5.91279697
6.42642069,-11.1499119,5.85733938
6.74380636,-11.1519375,5.8577013
9.55971909,-11.4124508,5.85366678
2.640522,-10.867815,6.66323471
7.94320488,-11.0330791,5.91361046
5.26439714,-10.7704887,6.34465075
7.62681913,-11.2936049,5.84016562
5.27745104,-10.7944269,6.49932671
8.55418777,-10.7914915,6.34748125
7.54711008,-11.1569815,5.85864115
9.97464275,-11.4238176,5.85609055
6.34688091,-11.2854347,5.83870602
6.50585985,-11.0225296,5.91280365
9.52419853,-11.4055595,6.84841824
5.71694803,-11.0176315,5.91181993
3.6244185,-11.3728285,6.84067488
8.55577087,-10.8228817,6.17343807
3.61169529,-11.3741951,5.84682083
6.2685833,-11.1515703,5.85642624
5.87211037,-11.2824039,5.83816433
6.34579229,-11.0257063,5.91009665
9.97879982,-11.4114361,6.84833145
8.57638836,-11.2996664,5.84124899
8.89555168,-11.3017035,5.84161282
6.18862391,-11.2844238,5.8385253
2.63550258,-10.9830179,5.91774225
8.74454021,-11.0428715,6.78714228
6.10990667,-11.147891,5.85697794
2.62695789,-10.7537327,6.35152626
4.08194351,-11.3755188,5.84700155
2.60916638,-10.7792044,6.1830101
5.95206976,-11.1495504,5.8560648
6.18570805,-11.0253115,5.90954161
5.87694216,-11.0226698,5.90958738
6.03036737,-11.2834139,5.83834457
2.70233369,-10.9854593,6.76859093
2.80268478,-11.2628098,5.83466291
6.03696299,-11.0246935,5.9091754
6.82174635,-11.2884655,5.83924723
4.09878635,-11.3782091,6.84071398
6.2705574,-10.9200087,5.9931922
6.11155748,-10.9186296,5.99338722
4.63467407,-11.2744522,6.85275364
8.43105125,-11.0300741,5.91792011
5.9525609,-10.9185562,5.99223423
7.46827984,-11.292593,5.83998489
8.65787506,-11.1639957,5.85992908
10.8668137,-11.1899538,6.84441805
8.72532845,-11.0588551,5.90261745
5.53739834,-11.0071917,5.91739845
5.37615204,-11.0310822,5.90231562
7.788867,-11.0349512,5.91172314
2.72396517,-11.1262751,5.85311651
9.42344284,-11.4143009,5.85410261
11.1159334,-11.3158264,6.86014605
9.38507462,-11.4069242,6.84780264
6.9061327,-11.1511583,5.85839462
10.7156153,-11.1358032,6.82767296
8.18467617,-10.927104,6.00074387
6.66275549,-11.0277348,5.91045475
8.60292149,-11.0057993,6.7635541
7.62886906,-11.0295,5.91420507
8.59341717,-11.0372458,5.91434288
7.3824234,-11.1533756,5.85917044
8.0228796,-10.9260702,6.00055981
3.48509669,-11.3708782,6.8407383
3.47016549,-11.3705978,5.84609127
10.1175842,-11.4069462,6.84957075
6.42992401,-10.9137154,6.00108194
6.82382441,-11.023839,5.91360474
5.37968493,-10.9161091,5.99034023
8.36658764,-10.9272327,6.00205231
4.75384903,-11.1634369,6.8404336
5.38840437,-10.8321304,6.10452747
7.86361122,-10.9280872,5.99718142
5.38990068,-10.779623,6.25397205
2.60934162,-10.8517342,6.04223585
8.85628033,-11.3014011,6.85756874
10.1175528,-11.424015,5.85608721
5.40062094,-10.7743759,6.40091467
6.03125048,-10.8372307,6.10342073
5.79397678,-10.9164696,5.99316263
6.19265604,-10.8367662,6.10637093
5.53000021,-10.7745523,6.29677343
5.54139137,-10.7889681,6.47500944
6.58923864,-10.9193859,5.99632072
8.73536777,-11.3006811,5.84143019
10.9558592,-11.3148041,6.85996389
5.67319822,-10.7737617,6.3718996
4.22775412,-11.381546,5.84826708
5.42782164,-10.815733,6.55290842
5.63598442,-10.9118214,5.99679041
7.70433331,-10.928792,5.99520969
2.49672103,-10.8144588,6.58484888
2.46973848,-10.7583723,6.41832733
5.87016535,-10.8361053,6.10341597
8.44129658,-10.9604311,6.72802544
5.55457544,-10.8214588,6.12787437
2.46924877,-10.9052057,5.97934103
7.46639013,-11.0348759,5.91018152
6.74865294,-10.9226112,5.99420261
4.24923944,-11.3863506,6.83928204
4.47002888,-11.2734013,6.85256577
5.29143763,-10.855855,6.62709808
9.27392387,-11.4180489,5.85499144
8.42336082,-10.8601913,6.60561275
2.8898983,-11.1661472,6.84137821
10.7957554,-11.3137817,6.85978127
5.72006273,-10.8337412,6.10584784
9.01652622,-11.3024244,6.85775137
5.80708408,-10.7819262,6.25643444
7.78340006,-10.8393393,6.12288713
8.42852116,-10.8516445,6.10779572
8.28437233,-10.8470907,6.11448812
7.94255304,-10.8467379,6.11061525
9.23335743,-11.4146042,6.84577656
4.89898539,-11.1390629,6.83420372
8.10836983,-10.845336,6.1155057
3.33851862,-11.3713942,6.84026623
2.96567655,-11.2637987,6.85084963
6.35685062,-10.8392105,6.10397482
5.65335608,-10.7862568,6.23049212
10.2629328,-11.4125223,6.84880543
7.5466361,-10.92453,5.99842882
3.32429242,-11.3688002,5.84574509
2.4698348,-10.7594776,6.25926781
7.62444544,-10.8395948,6.12015915
6.98956108,-11.0321598,5.90944481
8.69552898,-11.300375,6.85738564
5.97972965,-10.788599,6.22976255
2.4688859,-10.9000959,6.70014572
6.67217016,-10.8399553,6.10667992
6.51026011,-10.8365927,6.11088181
6.90728998,-10.9193106,5.99890327
5.68220377,-10.8095818,6.53484154
5.56754732,-10.8501577,6.61587715
6.98178673,-11.2894869,5.83942986
5.15701056,-10.9107275,6.6965127
2.74053264,-11.1227417,6.83102179
2.47045898,-10.8093624,6.10904312
7.4623704,-10.8449545,6.10766459
5.05721998,-11.1368589,6.83347178
6.83358192,-10.8418512,6.10525894
10.2678614,-11.426136,5.85652924
7.54418898,-10.7970791,6.23813343
7.38468504,-10.9287033,5.99283648
8.39797497,-10.7989035,6.25697708
8.47995281,-11.1028004,6.81771231
5.16449022,-11.0365028,6.79235983
2.58787513,-10.9647827,6.75482178
2.4683373,-11.0277662,6.79375792
5.43356466,-10.9017735,6.68526983
8.29455185,-10.9152908,6.68317747
7.00793743,-10.8334293,6.12395048
7.07314873,-11.151062,5.8589139
6.91327906,-10.7968378,6.22154331
7.0695715,-10.926177,5.99300432
2.60445929,-11.0827112,6.81792879
3.17541838,-11.3737011,5.84681892
10.4183588,-11.4064989,6.85037088
4.38226795,-11.388979,5.84991264
4.96279716,-11.2765474,6.85312748
4.79903316,-11.2755022,6.85294104
9.11829472,-11.422802,5.85617161
8.31066704,-11.0386848,6.78580999
5.57610226,-10.9540949,6.73510122
5.69480515,-10.8885574,6.66824198
5.44171476,-11.0242643,6.78482485
5.29947567,-10.9645071,6.74467945
5.30775356,-11.1017866,6.82169247
5.58454037,-11.0889931,6.81633997
5.73990488,-11.0178537,6.78022385
5.82746601,-10.7846289,6.44908667
5.44975185,-11.1713715,6.84200191
5.28797817,-11.2786226,6.85349846
5.12583065,-11.2775879,6.85331345
5.19038153,-11.1600246,6.83949184
10.42097,-11.431447,5.85773754
8.65889931,-11.150773,6.8348794
2.50036836,-11.1486235,6.83776617
5.50170469,-10.8881836,6.0224123
2.64517164,-11.2617521,6.85048389
5.60950041,-11.2806759,6.85386515
2.48506832,-11.2607307,6.85030127
7.3069582,-11.291563,5.83980083
2.80529428,-11.2627745,6.85066652
7.21058226,-11.2908964,6.85569143
7.13140249,-11.1570292,6.83777618
7.05047894,-11.2898741,6.8555088
7.7063303,-10.7867804,6.32150841
7.29030848,-11.1547508,6.83704948
10.5755281,-11.4368896,5.8590188
6.97262716,-11.1527719,6.83670092
3.1867485,-11.3777666,6.83848238
7.05582809,-11.0300436,6.78400326
6.89037561,-11.2888517,6.85532618
7.21576357,-11.0319157,6.78469133
6.12807465,-10.79,6.22802162
7.37094545,-11.2919197,6.85587454
7.30416107,-11.0306845,5.91186905
6.89598083,-11.0240517,6.78082228
7.87947369,-10.7979736,6.24429512
7.3751111,-11.0308952,6.78365898
3.01907587,-11.3665791,5.84534073
7.45238256,-11.1622629,6.83899784
8.03507996,-10.8019829,6.23099375
6.28861237,-10.7921181,6.22373104
8.1974287,-10.8005562,6.24205542
8.40898132,-10.7981043,6.43626785
7.13486862,-10.9242268,6.69967985
7.29413843,-10.9253016,6.69992161
6.97572565,-10.922307,6.69855547
8.27587795,-10.830966,6.54943085
7.45338774,-10.9229822,6.69660187
7.53665924,-11.030961,6.78326368
6.81757164,-10.9173737,6.69422626
6.73591328,-11.0240278,6.78124762
5.84235668,-10.9104071,6.69231939
7.22305298,-10.8455353,6.59189892
7.06318521,-10.8430843,6.58908844
6.90238571,-10.8398428,6.58476114
7.38223457,-10.8470001,6.59289694
6.81253672,-11.1492281,6.83580732
6.74137926,-10.8355427,6.57828331
5.93875742,-10.7747984,6.3486619
7.34841681,-10.8020096,6.21302223
7.61250544,-10.9304504,6.70349646
7.54025745,-10.8460016,6.58939648
5.70711899,-11.1576033,6.83868027
7.30392313,-10.7972317,6.46507883
7.14310741,-10.7954512,6.46167088
7.46474552,-10.7979345,6.46388865
10.7244825,-11.4310074,5.857512
8.16582489,-10.9837208,6.74866819
6.65762568,-10.9157228,6.69336987
7.69737005,-11.0383787,6.78723192
6.98233366,-10.793889,6.45913649
7.63221979,-10.8023129,6.47738695
7.04798269,-10.783659,6.30494928
7.70646906,-10.8618498,6.61516619
6.73027229,-11.2878304,6.85514355
10.5398407,-11.4001617,6.85181236
7.54845953,-10.7853956,6.36629105
7.28666019,-10.8519354,6.09294844
6.65320206,-11.1488008,6.83579302
6.57542849,-11.022398,6.78069639
6.44868898,-10.7940922,6.22015715
7.396945,-10.7841816,6.33885384
6.76557446,-10.7956038,6.2225194
5.4491725,-11.2796516,6.85368252
6.60748434,-10.7964935,6.21506691
7.14752054,-11.0316381,5.91052771
11.0381804,-11.4512501,5.86257124
6.49343824,-11.1480122,6.83567619
6.41485786,-11.0197449,6.7795167
5.93321085,-11.0243225,6.78357983
6.57016897,-11.286808,6.85496092
4.52655458,-11.4043388,5.8536911
6.41006517,-11.2857857,6.85477829
6.56217146,-10.8307438,6.5707798
6.33088541,-11.1519184,6.83686304
7.15084457,-10.8558331,6.08474874
5.85057497,-11.1488523,6.83631516
2.88452911,-11.3515787,5.84248495
6.48862076,-10.9112587,6.68950748
6.24996185,-11.2847643,6.85459566
5.77540779,-10.8361101,6.58991146
6.17211008,-11.1476622,6.83578777
6.2553134,-11.0248613,6.78304768
8.14787102,-10.8763313,6.63369417
6.08985853,-11.283742,6.85441351
6.3296051,-10.9168625,6.69643354
7.53301907,-11.2929544,6.85605955
6.09486246,-11.0186253,6.77971745
10.8803997,-11.44207,5.86019516
7.61699963,-11.1526299,6.83622789
8.25661755,-10.7918768,6.39703846
6.16974735,-10.9187765,6.69931602
5.76965141,-11.2816982,6.85404825
6.40111494,-10.834815,6.5807004
6.24000359,-10.8377266,6.58796024
7.22806883,-11.1523628,5.85900211
8.34469986,-11.1920261,6.8457737
8.18738556,-11.1254244,6.82689762
6.01077604,-10.9136686,6.6948452
6.07912636,-10.839304,6.5925374
7.83144712,-10.8125553,6.50786829
7.75022173,-10.9471102,6.71908951
6.01241255,-11.1454048,6.83525848
5.91970634,-10.8365221,6.58914328
6.16454363,-10.7901602,6.46462536
6.00313377,-10.7886086,6.46223927
6.82207632,-10.7919092,6.45462084
5.92975521,-11.2827196,6.85423088
2.75403666,-11.3779364,5.84790373
7.1438508,-11.2905216,5.83961487
7.23221302,-10.7834616,6.32725048
6.88807821,-10.7811718,6.32931709
7.8718791,-10.8952999,6.66180515
7.16773796,-10.8080025,6.18912697
7.87105083,-11.0224752,6.777071
6.64790583,-10.7908201,6.4545269
8.01910686,-10.9362164,6.70717049
6.07608366,-10.7756701,6.34557056
8.0345335,-11.0680742,6.80253839
8.12829685,-10.8090973,6.49099731
7.99958706,-10.8441725,6.58088446
11.1782389,-11.4424543,5.86014318
7.22032928,-10.9315805,5.98867559
9.11066151,-11.4084091,6.84681463
4.40722704,-11.3939161,6.83790159
10.6642847,-11.4505434,6.8406496
6.32419252,-10.7902641,6.4609108
7.77462864,-11.1579046,6.83761978
6.48282003,-10.78936,6.45244455
7.98233843,-10.7961645,6.44016409
8.53309727,-11.2993383,6.85720015
8.09893322,-10.7885895,6.35138941
8.96790695,-11.4075928,5.85276175
7.87199259,-10.7875595,6.36924124
7.97360325,-10.7882423,6.32695246
6.23262596,-10.7766886,6.3420496
6.71332693,-10.7798862,6.33483934
7.93861246,-11.1725273,6.84139585
4.68233919,-11.4053144,5.85386372
8.07904053,-11.1900463,6.84541035
11.2747326,-11.4692564,6.83693361
6.3879056,-10.7777977,6.33492756
7.6976862,-11.2940054,6.85624743
6.54848623,-10.778841,6.33432627
3.0329299,-11.3860235,6.83611774
4.84166479,-11.4121046,5.85561705
8.201231,-11.2972202,6.85682154
7.86537218,-11.2950764,6.85643864
8.65492821,-11.4360628,5.85985994
2.56442595,-11.3949442,5.85229635
3.82066965,-10.9910679,6.8010087
5.47559071,-11.4141188,5.85577869
3.82170773,-10.9918423,5.88660955
8.03342819,-11.2961483,6.85663033
8.33809948,-11.4320698,5.85895538
8.36837292,-11.2982864,6.85701227
5.00082302,-11.4106579,5.85511923
5.63540888,-11.4175587,5.85663033
5.31614113,-11.4152975,5.85620403
8.17881107,-11.4334812,5.85944414
7.86332893,-11.4290819,5.85842562
3.88730073,-10.9577265,6.79623365
3.88701391,-10.9591599,5.89134073
8.02259636,-11.4324894,5.85926771
6.58337355,-11.4234142,5.85765696
7.70377779,-11.4305944,5.85894299
8.49736404,-11.4355192,5.85980844
9.76893806,-11.4869671,5.87545967
3.78775764,-11.4814606,5.88231564
3.91063142,-11.481782,5.88224268
5.79585791,-11.4180441,5.85666323
9.70173454,-11.5193911,6.81192541
9.81182861,-11.5199499,6.8121171
3.79500127,-11.481761,6.80515242
3.75705719,-10.9583311,5.89115763
3.92096877,-11.4846172,6.80434513
8.81538296,-11.4481163,5.86324024
5.16003704,-11.4141874,5.85599422
3.75531721,-10.9568844,6.79620504
9.63213062,-11.5237312,5.89129829
6.26686096,-11.4212379,5.8572526
6.42511749,-11.4223423,5.85745955
3.95995212,-10.9223337,6.77958012
2.87747955,-11.3907595,6.83449078
3.95961738,-10.9187279,5.90791702
9.90592861,-11.534544,5.89601231
6.11143303,-11.4212971,5.85736942
7.54347086,-11.4292946,5.85868311
5.9503541,-11.4182119,5.85661268
9.58379459,-11.5213881,6.81051397
9.94595432,-11.5145388,6.81510401
3.65294814,-11.4781275,5.88103199
3.84838533,-11.5909081,5.95048952
4.03511286,-11.4808521,5.88159704
9.76783657,-11.6276703,6.7448144
6.74167776,-11.4244862,5.85785484
3.66152644,-11.4756536,6.8073864
3.85350156,-11.5931044,6.73545504
9.76031876,-11.6313505,5.95945787
3.68128633,-10.9175472,5.90868711
3.68059897,-10.9159145,6.77869749
4.04974794,-11.486351,6.8040657
9.63087368,-11.6298027,6.74219513
4.03768396,-10.8738441,6.74690104
9.48424911,-11.529254,5.89424706
10.0789471,-11.5114222,6.8169961
3.52712893,-11.4753885,6.80696774
4.03738642,-10.8657904,5.9405179
4.18205118,-11.4779768,5.88005066
9.43757248,-11.5175972,6.81167364
10.0551701,-11.5419188,5.89943743
2.72051764,-11.3936911,6.83327484
3.51786375,-11.4816351,5.88288546
3.99331737,-11.583539,5.94402122
3.70318747,-11.5824699,5.94430447
3.70840693,-11.5816402,6.7437644
4.20191813,-11.4844971,6.80555296
3.99714231,-11.5904312,6.73855829
9.89992428,-11.6128311,6.75720978
9.3321867,-11.5295668,5.89470577
3.60474491,-10.8644676,6.74608898
3.60385036,-10.865593,5.94199705
10.2269068,-11.5030499,6.8210969
3.3779645,-11.4698677,6.80882025
9.56055355,-11.6344519,5.96289873
9.66858482,-11.737607,6.61941385
9.28424168,-11.516593,6.81151056
10.03965,-11.6111813,6.75926256
9.49106121,-11.6261702,6.74428177
3.36728859,-11.4753866,5.88029099
3.56995964,-11.574666,6.74829817
3.5643065,-11.5787764,5.94195557
4.26890135,-10.7491274,6.44367695
4.13407373,-11.5789537,5.93994808
4.27992868,-10.7492037,6.33998251
2.54443097,-11.3989487,6.83132029
4.23210573,-10.748888,6.54740381
10.2089863,-11.5403404,5.89830112
4.1082449,-10.8271303,6.70050049
4.26714611,-10.7491274,6.23637629
10.1825151,-11.6053524,6.76432896
4.10705519,-10.8184566,5.98610497
4.30100584,-11.4786282,5.8801384
4.14537907,-11.5874376,6.74189043
3.42709541,-11.5706654,6.75045967
3.62379289,-11.6644135,6.66132402
3.42019105,-11.5768929,5.94104624
9.95634174,-11.6444035,5.969769
10.3608885,-11.4928246,6.82564592
3.37671041,-10.7434425,6.24345112
3.53460288,-10.8196888,6.69915104
3.62182736,-11.6661348,6.02805424
9.34482193,-11.6263418,6.74321318
3.36557889,-10.7433662,6.34761047
3.2433846,-11.4508696,5.87015629
3.37879229,-10.7434454,6.45298433
3.26174235,-11.467824,6.80925465
11.2755308,-11.514431,5.88431644
9.84065151,-11.7161503,6.65276766
3.41389251,-10.7436857,6.13920546
4.2790699,-11.5764656,5.93753862
3.53273535,-10.820467,5.98996592
4.16173792,-10.7484331,6.65058136
9.5366888,-11.7065859,6.66246653
3.77595019,-11.6733036,6.65135908
4.15838671,-10.7484436,6.03334904
11.4219522,-11.1107149,6.84308481
6.90370655,-11.4269085,5.85842896
3.77375627,-11.6720972,6.03463125
4.07902098,-11.6678095,6.0270133
3.2805748,-11.5669785,6.75233173
9.39756966,-11.6342258,5.96340466
3.48415065,-11.65938,6.66626549
10.3609085,-11.5915184,6.77483749
9.18260479,-11.5349751,5.89773607
9.98866558,-11.7050457,6.66858244
10.1302929,-11.6973009,6.67924261
3.48189068,-11.6640673,6.02641869
3.26207924,-11.5467129,5.91997766
3.49166512,-10.7441549,6.65908623
3.92536736,-11.671402,6.03264666
3.4842906,-10.7441397,6.03643703
10.5054302,-11.5137539,6.81765175
4.32342672,-11.4898243,6.80356503
3.93167329,-11.6761866,6.64903736
11.4053059,-10.9090958,6.68984699
10.2765865,-11.691741,6.68693018
3.10880971,-11.488163,5.88678217
4.22168636,-11.6649542,6.02251863
4.2942996,-11.5919065,6.73923874
3.33838344,-11.6568832,6.66799259
4.08187962,-11.6768274,6.64963102
11.4231806,-11.2525291,5.82386589
11.1350899,-11.5406141,6.80780458
4.426579,-11.5373163,5.91060162
3.1322999,-11.5204172,6.78209925
10.3635206,-11.5402441,5.89792871
7.3828516,-11.4274073,5.85826063
9.14144039,-11.5162134,6.81110191
11.4167747,-11.0832939,5.87540865
11.4168329,-10.9507313,5.96808672
11.4176836,-10.8520927,6.09620714
9.0132618,-11.4821997,6.82487869
4.37286234,-11.6632366,6.0194416
3.31374145,-11.6536589,6.01488018
11.4177341,-10.8319359,6.5682888
10.1230564,-11.6467085,5.97105742
2.90311313,-11.4684391,5.87798357
11.4186134,-10.7963705,6.24862766
9.19278145,-11.6242752,6.74393415
9.65246487,-11.7251463,6.06270456
9.47039604,-11.7250109,6.06399536
3.54940104,-11.734664,6.14382315
9.25305462,-11.6368437,5.96628237
3.18289661,-11.6442089,6.68137598
3.01921892,-11.6022053,5.96370506
11.4185944,-10.7893858,6.41142607
4.56714392,-11.3995428,6.83693314
3.54705405,-11.7328691,6.5473237
9.93808842,-11.7794361,6.54089928
3.70842528,-11.7349663,6.14234543
11.136076,-11.580287,5.91834021
11.2746267,-11.6421585,5.96213388
4.22913361,-11.6773357,6.65037251
3.7020359,-11.743659,6.52347279
3.38766122,-11.7269535,6.55797768
3.39051962,-11.7312126,6.13803482
4.1556263,-11.7368813,6.14069319
9.4044323,-11.717659,6.64637661
9.0357523,-11.5287066,5.89487886
4.31452942,-11.7339344,6.13204479
4.46462107,-11.573019,6.75479555
3.99647522,-11.7373495,6.1439395
3.85232878,-11.7363386,6.1435647
10.5061836,-11.549757,5.90254354
9.50455475,-11.7771683,6.53916025
10.2865477,-11.6518726,5.97494125
9.25917149,-11.7138023,6.65025139
3.17131853,-11.5901175,5.95262957
3.86172485,-11.7331095,6.55167246
10.2127295,-11.7697372,6.56743813
11.3691607,-11.2383041,6.87106323
9.3115387,-11.7233658,6.06289196
3.77751923,-11.7714472,6.26875734
3.23194313,-11.7193117,6.57151747
10.4314852,-11.6983643,6.68059874
10.072937,-11.7743511,6.55516958
4.35228252,-11.6659441,6.66600847
9.84106541,-11.7391453,6.08248091
3.93197989,-11.7729626,6.27257252
10.4369278,-11.6535616,5.97577477
9.03180218,-11.6201153,6.74628019
10.65205,-11.5493374,5.90199709
10.794261,-11.5057507,6.82212114
3.21058393,-11.7282925,6.13386726
10.8992853,-11.4141035,6.85003376
3.85400867,-11.772109,6.4177146
11.0116129,-11.4257298,6.84785509
3.69838619,-11.7744837,6.38903427
11.1468935,-11.7061462,6.02676964
4.08416319,-11.7733927,6.26902866
4.02783203,-11.7752266,6.402637
2.84263778,-11.5971727,5.96005869
10.5882282,-11.6574783,5.97865534
3.02563787,-11.6287861,6.69668818
4.52473116,-11.6586123,6.0130105
9.08725166,-11.7342443,6.61819077
3.99487162,-11.7423306,6.53204012
9.09595299,-11.6327906,5.96347809
4.46139574,-11.7341337,6.13061619
9.15558624,-11.7184505,6.05707788
9.78360176,-11.7946453,6.49420643
2.95977426,-11.5146961,6.7845583
10.7968807,-11.5571623,5.90585899
11.2738409,-11.7445059,6.07811975
3.07972121,-11.7133522,6.58099651
11.1345673,-11.8208523,6.29587269
11.2732792,-11.8073006,6.21989775
11.272994,-11.8244247,6.37347317
11.1344633,-11.8144169,6.45027637
10.0316582,-11.7295456,6.06603622
11.2730122,-11.7945776,6.52511263
10.7209387,-11.6609678,5.98126888
4.72001696,-11.3976698,6.83782482
10.4923916,-11.7382784,6.07530546
4.13563156,-11.7432032,6.53226614
3.61504483,-11.7727261,6.28619051
11.2733316,-11.7201118,6.66128826
11.2739229,-11.6084738,6.76829576
11.1351471,-11.6675043,6.71890688
4.39162588,-11.7732754,6.25658369
11.1479006,-11.7823572,6.15060139
8.7759943,-11.4379606,6.83864403
11.1340218,-11.7616873,6.59590244
10.952919,-11.5695419,5.9124403
10.5149965,-11.6249142,6.75166655
8.91252708,-11.5246954,5.89314985
3.13022327,-11.7635088,6.44018984
10.650136,-11.7449913,6.08450317
10.1830587,-11.7267351,6.06071138
10.3561592,-11.7679796,6.57319212
7.12968254,-11.42661,6.83700085
9.38601589,-11.7864647,6.18867826
10.3366537,-11.731657,6.06662703
3.45134687,-11.7725563,6.39250755
3.46311712,-11.7667475,6.25217342
10.6666431,-11.6121988,6.76216984
6.967978,-11.4275751,6.83625603
7.3090229,-11.4453592,6.83196163
3.27579403,-11.7682171,6.41840601
4.33193254,-11.746911,6.52620935
10.8691483,-11.6652689,5.9846158
4.23753643,-11.77316,6.26150274
3.58464146,-11.7699423,6.42039156
10.0190363,-11.8104897,6.4310956
3.15726781,-11.6625385,6.02673006
9.22692108,-11.7825909,6.18021059
4.16286707,-11.7764397,6.39968348
8.94598866,-11.6183748,5.95221186
3.32286382,-11.7678299,6.2635994
4.53554535,-11.7729797,6.2500968
4.62015104,-11.7327423,6.12569141
4.86935663,-11.4133072,6.83410835
10.7891722,-11.7450218,6.08328009
6.80612516,-11.4257584,6.83629274
11.0143681,-11.6771832,5.99560595
5.2393136,-11.4006014,6.83851242
2.98709297,-11.7583857,6.4595747
4.45691442,-11.7782059,6.40102291
4.67434406,-11.6497765,6.00214815
9.00293159,-11.7193537,6.05958366
4.31681442,-11.7790747,6.38187933
4.46033716,-11.6924925,6.6316185
4.6218071,-11.7805681,6.38791943
5.68323565,-11.4151192,6.83597374
6.64476538,-11.4234362,6.83646965
4.69450474,-11.7756777,6.25964403
8.90743637,-11.4210405,6.8434248
6.48392582,-11.4213562,6.83657789
6.32347393,-11.4196587,6.83658028
5.36235762,-11.4137821,6.8354125
4.98714781,-11.456934,6.82012129
6.16326952,-11.4182777,6.8364954
9.06770515,-11.779788,6.17507315
5.52318096,-11.4142361,6.83575344
10.5553102,-11.7942343,6.19092607
10.1445351,-11.809864,6.43970394
7.06584692,-11.4268646,5.85831118
10.4121246,-11.7938156,6.1922574
10.2530346,-11.7901621,6.18428993
11.3691864,-11.3964081,5.8337965
6.00320673,-11.4171114,6.83635235
11.0146122,-11.79599,6.18796158
2.79977965,-11.5199051,6.78077841
10.1129513,-11.7892208,6.18399525
9.95473099,-11.7935028,6.19986963
10.2006741,-11.8164454,6.31114244
10.9534435,-11.8228245,6.3513608
7.45819473,-11.4110184,6.84195709
10.0437088,-11.8156252,6.31334066
10.3416157,-11.8175306,6.31372499
5.84321976,-11.4160719,6.83617496
8.61558342,-11.4380846,6.8381381
9.82283497,-11.7968502,6.21390581
8.87526798,-11.5676928,6.78229761
9.87661743,-11.8158092,6.36274481
3.15707636,-11.7690144,6.27911472
10.9288969,-11.7478714,6.08661032
10.7063255,-11.7954063,6.1917243
10.2973461,-11.8096905,6.44613361
4.59980679,-11.5366306,5.90971327
2.88511753,-11.6095333,6.71451092
4.62202358,-11.6761637,6.65563488
4.53118658,-11.7502117,6.52105331
2.72525334,-11.5058937,5.89679289
8.91092777,-11.7778454,6.17234564
4.78343344,-11.7819281,6.3840661
11.0525103,-11.7497034,6.08846188
2.90285563,-11.6964788,6.60836506
8.98653412,-11.8085003,6.30736971
9.55127716,-11.7858334,6.18392277
8.81693172,-11.5998592,5.93860435
9.6310463,-11.8072376,6.43536091
2.46278453,-11.508791,6.78553295
10.8626671,-11.8012514,6.2073307
8.84431839,-11.7082739,6.04544544
10.4863577,-11.7715988,6.56750536
4.75734758,-11.7315769,6.12162685
4.69887638,-11.7541933,6.51317549
10.4743214,-11.8184595,6.31499672
4.85146904,-11.7733459,6.24212408
9.30257702,-11.7939205,6.48543978
10.5780602,-11.7095966,6.6682682
10.4133587,-11.8108521,6.44402409
10.6115465,-11.8194914,6.31739426
10.9953279,-11.7929373,6.52443027
10.995451,-11.7180576,6.6613369
9.16576004,-11.8108006,6.32497644
2.62632656,-11.5377035,6.76892233
11.0065498,-11.6220064,6.75688076
7.22037649,-11.4174786,5.85570288
2.92167091,-11.69452,6.07385778
8.81021309,-11.805521,6.28896093
10.7699289,-11.8212652,6.33188534
8.68191147,-11.6724892,6.00360346
4.79528236,-11.6947308,6.6318531
9.71143627,-11.7804985,6.16679573
4.86796856,-11.7563181,6.51036215
8.46026707,-11.4219866,6.84198093
8.90757561,-11.7095451,6.65257788
8.71891499,-11.5541573,5.90924311
4.94211149,-11.7837038,6.37265778
8.30568314,-11.4085417,6.84474945
10.541996,-11.8112116,6.44662523
7.60574818,-11.4681196,6.82516956
7.98090172,-11.435276,6.83706093
3.04062891,-11.77215,6.33004761
8.14195061,-11.4170609,6.84233189
10.6806068,-11.8094568,6.45971441
7.81127357,-11.4768705,6.82261419
10.6071529,-11.7755651,6.56071043
3.01574516,-11.7516689,6.20010471
3.06570101,-11.6973114,6.07704639
10.7311811,-11.7391949,6.62877798
10.8514767,-11.6519222,6.73130417
8.57571316,-11.5607023,5.91346169
4.75838184,-11.5313101,5.90613699
11.4252033,-11.3869209,6.88122463
2.84839129,-11.7557573,6.46656704
9.31292725,-11.8099794,6.30104351
10.8310204,-11.8041306,6.4855361
8.7376585,-11.7662516,6.14619493
4.91864491,-11.7231045,6.10335636
8.25975132,-11.5601368,5.91397476
2.7595489,-11.6359949,6.68696785
8.09985065,-11.5577736,5.91298437
7.93987465,-11.5581341,5.91363287
9.74790573,-11.8143263,6.32203722
10.9520235,-11.5321112,6.81113863
5.39792347,-11.5424204,5.91104364
4.82862854,-11.6423569,5.99334574
5.23712158,-11.5399628,5.90999746
5.87301445,-11.5460806,5.91196632
2.89815521,-11.7712049,6.32858229
8.41569614,-11.5617418,5.91452074
5.07684231,-11.5398989,5.91039228
5.0105257,-11.7714863,6.22926903
4.91739559,-11.5406179,5.91126347
10.8729401,-11.7538118,6.6066308
6.18927908,-11.5512228,5.91423893
9.48375607,-11.8131151,6.3320241
2.46406841,-11.6164637,6.70483494
6.34499884,-11.5524473,5.91455889
6.50328636,-11.553565,5.91480589
6.66156626,-11.5546675,5.91504335
5.0328331,-11.7608967,6.49992657
2.74965858,-11.6890354,6.06675816
11.4838161,-10.9889698,6.78118801
2.46318889,-11.7618399,6.42504168
8.56512451,-11.7536726,6.12150717
5.71007442,-11.5451183,5.91182756
2.46336365,-11.7629042,6.26623774
6.03741598,-11.5463533,5.91168261
5.10112524,-11.7852516,6.36005449
7.7849946,-11.5549412,5.91213322
4.995193,-11.641264,5.99130106
7.62391615,-11.5587749,5.91488791
8.01859474,-11.6659861,6.00042105
2.73339105,-11.769969,6.36230946
2.46394324,-11.7121344,6.57510757
9.61323071,-11.8104134,6.28796196
11.4204388,-11.5248871,5.86190176
2.58030057,-11.7693691,6.34473324
2.46451497,-11.7151976,6.11548567
7.46187496,-11.5536127,5.91220379
2.59732008,-11.7481775,6.48800945
2.45939612,-11.5117865,5.90072107
2.62697005,-11.7470427,6.1925354
2.82512975,-11.7494478,6.19650221
7.8593483,-11.6624794,5.99761295
8.49315071,-11.671133,6.0032258
2.4646523,-11.6210623,5.98429298
5.1919055,-11.7650986,6.48976612
4.22901583,-10.748889,6.13409185
2.74054885,-11.7241459,6.55437756
8.16364574,-11.673995,6.00826836
2.60308766,-11.6714277,6.64250278
2.5862174,-11.5582409,5.93016291
8.63275719,-11.799921,6.25902128
5.12247562,-11.7033386,6.62246084
8.3212986,-11.6692238,6.00215816
4.64317656,-11.5331945,6.78198433
7.7000618,-11.6603069,5.99622488
7.77760983,-11.7412367,6.10639954
5.08175516,-11.7197771,6.0956378
7.93736124,-11.7443399,6.11046791
7.61776066,-11.7407255,6.10716009
2.70122337,-11.607254,5.96977282
7.54188347,-11.6634941,6.00046396
8.09722042,-11.7469349,6.11364412
7.45919371,-11.7417526,6.11080265
7.70108604,-11.7890549,6.2340312
5.13918066,-11.4848385,6.80918264
7.38188505,-11.659646,5.99729347
7.54182816,-11.7884579,6.23568296
3.41813922,-10.7436914,6.55666304
5.169734,-11.7701559,6.21986055
11.4012852,-11.7265043,6.01527691
7.3826685,-11.788908,6.24217224
7.29894638,-11.7423058,6.11362934
6.25805569,-11.6704626,6.01590109
7.62285709,-11.8011436,6.36882448
7.86045647,-11.7896271,6.23229933
7.46414423,-11.7999048,6.37360525
7.78162479,-11.8021069,6.37021923
5.55994129,-11.5414295,5.91000891
5.26019621,-11.786478,6.34739304
7.22340631,-11.7883844,6.24433565
6.41796446,-11.6711683,6.01571703
7.30583429,-11.7985001,6.38029337
8.01822853,-11.7917624,6.23739243
7.55171537,-11.7758493,6.5062809
6.57779503,-11.6681795,6.01129055
7.39111996,-11.7730818,6.51131725
7.70116758,-11.7776337,6.50389481
7.22982931,-11.7690916,6.51960278
11.4108629,-11.845974,6.29358339
5.28317595,-11.7108536,6.61241198
7.13902426,-11.7427511,6.116292
11.4108057,-11.8392534,6.45513296
8.90513706,-11.7941828,6.47442102
8.17657757,-11.7938347,6.24241543
7.86188364,-11.7776213,6.50726795
8.7221508,-11.8020716,6.4304862
7.62934208,-11.7140312,6.63331127
5.1481514,-11.632494,5.98170614
7.93469715,-11.8031521,6.36874056
6.09760618,-11.6714315,6.01805687
8.24331856,-11.7486916,6.11539555
5.31346798,-11.6394634,5.98775911
11.4127703,-11.5528202,6.82928514
4.95574617,-11.6926813,6.63647747
11.4121056,-11.8038235,6.13719225
11.4118071,-11.7841969,6.60755873
11.410902,-11.6854801,6.73613834
7.14635563,-11.7972422,6.38366318
8.09333324,-11.8037958,6.37668371
8.02227688,-11.7805719,6.50147343
4.73060179,-11.6014013,6.73421049
7.06387901,-11.7880163,6.24733067
8.25304222,-11.804491,6.38223219
5.35090828,-11.7695694,6.47773027
8.18040943,-11.780014,6.50653362
8.3397522,-11.7787685,6.51348162
8.09681511,-11.7177963,6.63268995
5.78662634,-11.667717,6.01567221
5.94712353,-11.6662178,6.01292992
8.39670753,-11.8056479,6.37852097
9.08936214,-11.8019943,6.4446764
6.97914553,-11.7433147,6.11923218
8.25371742,-11.7150574,6.63833952
8.47091389,-11.7966528,6.24723244
7.06954241,-11.7679596,6.51972103
8.39946938,-11.7509594,6.11804628
6.98679924,-11.7959776,6.3867836
5.44371939,-11.7875319,6.33458662
5.32865953,-11.7670269,6.20478439
6.90433359,-11.7876339,6.2503643
8.3177042,-11.7955875,6.24663591
5.43877125,-11.7253094,6.58944702
5.49217081,-11.7718458,6.47267771
8.4801054,-11.7797079,6.51351452
8.40290642,-11.7140732,6.64128351
6.81935644,-11.7438717,6.12221432
6.81644154,-11.5578613,5.91659164
7.29841089,-11.5493879,5.91012716
2.59576225,-11.6658583,6.03496456
6.9076972,-11.7650833,6.52456808
8.54668713,-11.8060627,6.38689423
8.32156754,-11.6280708,6.73513556
8.7689867,-11.6605425,6.70822668
8.60740852,-11.7815266,6.51069021
6.82723713,-11.7946949,6.38986349
6.74478674,-11.7872276,6.25338316
8.5528183,-11.7272673,6.62322903
6.73821545,-11.6668234,6.00878859
7.21870565,-11.6635771,6.00239658
6.659657,-11.7443752,6.12514114
5.46586847,-11.6523972,6.0004077
6.75038385,-11.7635355,6.52584267
6.81941652,-11.6836834,6.66637373
6.66767454,-11.7933941,6.39291668
6.58523941,-11.7867956,6.25638247
6.5000267,-11.7448187,6.12799597
5.52069283,-11.7491732,6.15063715
7.05870342,-11.6647701,6.00461864
6.50811148,-11.7920742,6.39594412
6.58819246,-11.7606678,6.53046179
5.57017851,-11.7840023,6.41298056
6.42569113,-11.7863407,6.25936222
5.61522579,-11.7486887,6.54360008
6.34044456,-11.7452087,6.13078785
5.62387323,-11.6695404,6.01885891
5.23556948,-11.7146778,6.0853281
6.89856005,-11.6658335,6.00673056
6.34854841,-11.7907372,6.39894676
6.26614285,-11.785861,6.26232243
6.43123436,-11.7590752,6.53180075
6.18089342,-11.7455521,6.13353062
6.49983692,-11.6787901,6.66951132
6.18898487,-11.789382,6.40192366
6.10641766,-11.7859402,6.26895618
5.62804461,-11.7845325,6.27995348
7.47671747,-11.7107782,6.63646936
6.02407312,-11.7478409,6.14062452
6.03028679,-11.7876158,6.40822029
5.94708061,-11.7854471,6.27224731
6.97660303,-11.5562248,5.91512251
8.69609356,-11.5628366,6.78435469
6.11555815,-11.7539625,6.53917456
6.27165937,-11.7568302,6.53472281
7.7787075,-11.7147484,6.63383055
7.15815687,-11.6888609,6.66298866
8.17135429,-11.6319284,6.73079538
7.93979597,-11.7177582,6.63107634
5.87080002,-11.7860575,6.41229343
5.86438656,-11.747117,6.14111185
5.95446205,-11.7507343,6.54427004
5.78756905,-11.7850056,6.27609301
4.87311411,-11.5815172,6.75089359
5.71125937,-11.7844877,6.41618299
5.70462799,-11.7489424,6.14750481
6.34111118,-11.6770782,6.67017746
5.79479837,-11.7479935,6.54810715
6.18447256,-11.675704,6.67045164
7.30845118,-11.698554,6.6518054
5.69618893,-11.6650877,6.6787467
8.47874069,-11.6338844,6.73115206
5.20929289,-11.6238251,6.71766853
11.4806881,-11.6475191,5.92400789
5.37963247,-11.712203,6.07988214
8.71915245,-11.7420082,6.60078859
5.369133,-11.6382751,6.70491362
7.13653326,-11.5550995,5.91398764
5.86383772,-11.6693497,6.67522001
6.40230751,-11.5497141,6.78081799
6.24227476,-11.5481815,6.78094578
6.98457623,-11.6876507,6.66292048
5.7625308,-11.5446825,6.78066301
5.60257816,-11.5437288,6.78043938
8.62680244,-11.6584787,6.70921993
6.08234072,-11.5468826,6.78093147
5.52243996,-11.6518087,6.69208622
8.01959419,-11.6383886,6.72397995
5.03281355,-11.5960016,6.74058199
7.70409966,-11.6195383,6.73830843
7.54105186,-11.6220465,6.73513365
5.93505621,-11.5556517,6.77473354
8.23597908,-11.5284443,6.80131865
6.65307045,-11.6745682,6.67590809
8.39583969,-11.5230703,6.804708
6.02396011,-11.6718121,6.67370176
6.56259966,-11.5515528,6.78050375
5.44254303,-11.5431557,6.77998543
8.54318905,-11.5498896,6.79118204
6.72347975,-11.5536671,6.78002167
7.057096,-11.5689058,6.77207279
7.45998812,-11.5219889,6.80119658
7.21975231,-11.5746403,6.76913548
6.89456701,-11.5693569,6.77090549
8.07971191,-11.534956,6.79722786
7.38465452,-11.604085,6.74875641
4.77600908,-11.4961939,6.80241728
7.86045265,-11.6274204,6.73263836
5.29973412,-11.5263977,6.78904963
7.94858885,-11.554368,6.78571129
11.4989996,-11.3923483,5.81525803
11.5716829,-11.5325489,5.84621239
11.5739059,-11.1049662,6.85917282
11.6675386,-11.3908606,5.80114651
11.6541653,-10.9772406,6.79038572
11.727375,-11.5370302,5.83812857
11.5741863,-11.2863541,5.80382252
11.5683775,-10.879817,6.6827035
11.7305183,-11.1024828,6.86760283
11.5599737,-11.155014,5.82916594
11.5609655,-10.8842249,6.01796007
11.8870459,-11.1034584,6.86783791
11.8880272,-10.9646606,6.78365326
11.8865881,-11.3666935,5.79611492
11.5620813,-11.0041208,5.90321875
11.5632992,-10.8035564,6.16397142
11.8854456,-11.5380802,5.83821106
11.5625525,-10.7893066,6.49644327
11.5632563,-10.7706013,6.32908726
11.7254314,-11.2439842,5.79942322
11.7460842,-10.8895283,6.70980644
11.4990292,-11.2440338,6.88991356
11.7101507,-10.9330568,5.95042706
11.7385664,-10.7653999,6.42341852
11.7112246,-10.8318014,6.08189678
11.8861198,-11.2416677,6.90619755
11.7101898,-11.0744619,5.85153675
11.8888817,-10.853199,6.65901327
11.8895044,-10.7830439,6.50500488
11.8898258,-10.7621193,6.34059477
11.7370958,-10.8112307,6.58453226
11.7116814,-10.772398,6.24363804
11.8877239,-11.1860876,5.81069994
11.6497078,-11.6612453,5.9151597
11.6677465,-11.2338114,6.90242052
11.88943,-10.8843031,6.00410557
11.8898163,-10.7954178,6.1626277
11.8887062,-11.0193272,5.88251019
11.8844395,-11.6801081,5.92508841
11.7449589,-11.3346767,6.91181946
11.8851919,-11.3865976,6.90793276
11.7371731,-11.4606438,6.89380836
11.8842964,-11.5338593,6.86959648
11.7245426,-11.5920887,6.84061527
11.606246,-11.3612461,6.90357494
11.883522,-11.6694212,6.78970766
11.5653658,-11.7580557,6.02289438
11.5541115,-11.8665991,6.37540674
11.568737,-11.5019398,6.8707881
11.5554123,-11.8483524,6.21021271
11.7214432,-11.7193394,6.74312496
11.5556774,-11.8347092,6.53869629
11.8829536,-11.7793417,6.67233276
11.5545664,-11.6341295,6.80117702
11.5553465,-11.7533846,6.68710613
11.7311316,-11.820137,6.60183573
11.7417164,-11.7522097,5.99835062
11.8826571,-11.8520184,6.52628469
11.7312002,-11.8707333,6.44671583
11.7313938,-11.8743067,6.2831254
11.7309933,-11.8294792,6.12364054
11.8835936,-11.7903709,6.05016327
11.8826656,-11.8794193,6.36545467
11.8829813,-11.8589525,6.20267296
12.0521584,-10.763155,6.34077978
3.8221302,-10.9256477,5.88660574
3.82110071,-10.9235373,6.80100536
3.88957334,-10.8593464,5.89161825
3.89011478,-10.8563671,6.7959075
3.82264137,-10.845583,5.88660192
3.82327509,-10.7463112,5.88659668
3.82161212,-10.8434067,6.80100107
3.82223248,-10.7462587,6.8009963
3.97741055,-10.8295517,5.9137435
3.97730303,-10.8293591,6.77389717
3.94028974,-10.7470579,5.90196323
3.94253826,-10.7470274,6.7850256
4.05467892,-10.7477856,5.94979095
4.05729103,-10.7477617,6.73625278
3.75288439,-10.8519869,5.89186811
3.75290751,-10.8510294,6.79573822
12.0449486,-11.880455,6.36563969
12.0368223,-11.6133175,5.87650347
3.70762014,-10.7455273,6.78626204
3.70326543,-10.7455444,5.90248728
3.66680479,-10.8257141,6.77376652
3.66563725,-10.8249722,5.91426039
12.0624199,-11.7412128,5.98385525
3.5937407,-10.7448025,6.73950195
12.0423336,-10.831254,6.08549547
3.58653903,-10.7447968,5.95234776
12.0359402,-11.8399162,6.14404297
12.0351858,-11.4542828,5.81034613
12.119688,-10.7856817,6.19723082
12.0201025,-10.9955406,5.89937782
12.060895,-11.1469183,5.8225193
12.017539,-11.2896481,5.79528856
13.5157881,-10.8037882,6.17012024
13.3534298,-10.7714615,6.34226418
13.5157919,-10.7724981,6.34244919
12.042202,-11.0429268,6.8374629
13.3461246,-11.8887615,6.3671236
13.5089588,-11.8682156,6.20058775
13.5086308,-11.8897991,6.36730909
12.2075243,-11.8814936,6.36582518
12.1472569,-11.8663015,6.22495604
13.2891893,-10.7962494,6.18827057
12.7771854,-11.8686981,6.21897554
12.8581772,-11.8856468,6.36656713
12.6956482,-11.8846092,6.36638165
12.025034,-11.1787777,6.8934083
12.9397459,-11.8697214,6.21910191
13.1907816,-10.7704239,6.34207869
13.0207691,-11.8866844,6.36675262
12.2891216,-11.8656197,6.21856737
12.0199757,-11.3167973,6.91195679
13.1023684,-11.8707447,6.21923113
12.3701735,-11.8825312,6.36601067
12.0310411,-11.4708681,6.89171267
13.1834202,-11.887723,6.36693811
12.0673294,-10.9025078,6.72248888
13.1094732,-10.7929125,6.19525623
13.2650461,-11.8717747,6.21938133
13.0281239,-10.7693853,6.3418932
12.9468164,-10.7918739,6.19507265
12.8654671,-10.7683468,6.34170771
12.6145391,-11.8676739,6.21884489
12.7841587,-10.7908344,6.19488955
12.2148209,-10.7641935,6.34096527
12.7028084,-10.7673082,6.34152222
12.0209694,-10.8155432,6.59012318
12.4518013,-11.8666458,6.21870327
12.6214981,-10.7897959,6.19470596
11.9881239,-11.605731,6.83421278
12.5401459,-10.7662706,6.34133673
12.1972532,-11.8190365,6.0965333
12.8589163,-11.8144512,6.08093834
12.4588356,-10.7887583,6.19451666
12.3774834,-10.7652321,6.34115076
12.5328836,-11.8835707,6.36619616
12.0944595,-10.9163179,5.96906328
12.2961731,-10.7877226,6.19432306
13.0215092,-11.815465,6.08108091
12.0027485,-11.7129564,6.7519536
12.6963158,-11.8134375,6.0807972
12.3709202,-11.8114033,6.08050203
13.1905632,-10.8545237,6.0594697
12.8652506,-10.8524532,6.05908728
12.0360813,-11.8127384,6.61998415
13.3629408,-10.8534489,6.06319332
13.0279074,-10.8534889,6.05927801
12.7025909,-10.8514175,6.05889797
12.5274773,-10.8453703,6.06677818
13.349143,-11.8254385,6.09601831
12.5336342,-11.8124208,6.08065081
13.1841803,-11.8164854,6.08123446
12.3655052,-10.8440828,6.06701756
12.2010975,-10.8389425,6.07379341
12.0997114,-10.7737055,6.46049404
12.7782764,-11.7243023,5.96163177
12.9408741,-11.7253551,5.96183205
12.6156416,-11.7233133,5.9614954
12.4529457,-11.7223492,5.96138573
13.1035175,-11.7264299,5.96205425
13.1087685,-10.9487524,5.94453859
12.934206,-10.9467087,5.94520235
12.7615232,-10.939187,5.95107651
12.5916996,-10.9313602,5.95747185
12.4243221,-10.9248285,5.9627862
13.3001537,-10.9772024,5.92111301
12.2722816,-11.7378712,5.9788475
12.2587538,-10.9198914,5.96660137
3.88367057,-10.6286993,6.79701471
4.28062534,-10.6400795,6.33997726
4.25428677,-10.6470985,6.4966464
13.023097,-11.6085882,5.87105751
12.848567,-11.6081429,5.87124681
13.3056622,-11.7312918,5.96594048
4.1956892,-10.6429634,6.60921192
3.7651937,-10.6307898,6.79725885
12.5002718,-11.0460825,5.86932707
12.6966505,-11.6111002,5.87338257
4.00234556,-10.6282654,6.76456356
12.335742,-11.0393267,5.87246609
12.5350466,-11.6055012,5.87051678
13.197587,-11.6104813,5.87170935
12.1725636,-11.034255,5.87468433
4.10356712,-10.640604,6.70511818
12.1818256,-11.6649008,5.91162777
12.1630154,-11.8612223,6.5019598
12.3373213,-11.6098814,5.87361193
12.6674671,-11.0545063,5.86536074
13.5154324,-10.8872843,6.01542187
3.36628318,-10.6330347,6.34760475
13.5096178,-11.7935543,6.04114056
3.3959682,-10.6405325,6.50601578
12.3061352,-11.8611574,6.50562525
12.8378859,-11.0575199,5.86449099
3.64985394,-10.6269722,6.76672649
13.0073261,-11.0662918,5.86053181
12.2489548,-11.1734266,5.81504965
12.4232035,-11.1783314,5.81420851
3.45771098,-10.6373768,6.61815023
12.7769623,-11.4752054,5.81540251
12.6164684,-11.4740944,5.81519556
3.54235053,-10.6294432,6.70433235
12.443615,-11.4700451,5.8141942
12.5957832,-11.178978,5.81452847
12.5746469,-10.7784853,6.46961641
12.5720081,-11.8672314,6.48951006
12.4192352,-10.7763166,6.46374083
12.9422102,-11.462801,5.81205368
13.1255713,-11.4531574,5.80967855
12.1733131,-11.5282583,5.83377171
12.2625418,-10.773962,6.45659542
12.6768818,-11.3279676,5.79513025
12.5024252,-11.3251028,5.79492712
13.1546421,-11.0597305,5.86474848
12.7532425,-11.1874905,5.81272745
12.8433552,-11.3212137,5.79534483
13.3721304,-11.612586,5.87248707
12.2872438,-11.4564657,5.81077385
12.913311,-11.1832275,5.81429291
12.3433018,-11.3202419,5.79475594
12.1542797,-11.3185396,5.79454374
13.0271788,-11.3095369,5.79583216
13.3104725,-11.4812574,5.81674862
13.5105305,-11.6733379,5.91310883
13.2500973,-11.1347704,5.83079529
13.2302179,-11.3133669,5.7959857
13.3866825,-11.0967169,5.84711552
13.5147572,-11.0146961,5.89432621
13.0979681,-11.1747236,5.81718111
13.5116081,-11.5196114,5.82881927
13.3882608,-11.37714,5.79789972
13.3749599,-11.2365265,5.80384111
13.5127459,-11.3471632,5.79630899
13.5138302,-11.173317,5.81883478
12.1439142,-11.3806839,6.90907288
12.143177,-11.2529469,6.90778351
12.1716566,-11.1285725,6.87738705
12.1741467,-11.5068798,6.88089848
12.1002502,-11.616909,6.82800198
12.2367296,-11.6299438,6.82038593
12.1483173,-11.7308722,6.73470497
12.2364759,-11.0017958,6.81068134
12.3316746,-11.7389755,6.72735071
12.2386246,-11.8129826,6.62213516
12.3267889,-10.8068771,6.5663271
12.1693735,-10.8128834,6.58243036
12.44979,-10.8203096,6.59489822
12.3331671,-10.8953524,6.7124877
12.4469004,-11.8190155,6.61361408
4.27035141,-10.5633955,6.44247961
4.28140402,-10.518034,6.33997107
4.23019123,-10.5437307,6.55375051
4.26445389,-10.4502554,6.46870661
4.15297985,-10.5263624,6.66145229
3.41815186,-10.529645,6.55405903
3.37942958,-10.5523548,6.45057821
3.82221365,-10.5050049,6.80097961
3.71045208,-10.5045519,6.78658438
3.3671174,-10.5023594,6.34759808
4.20819902,-10.4250288,6.59287119
3.58982873,-10.5093193,6.73630619
3.49120283,-10.5154905,6.65704393
3.9437201,-10.5030746,6.78511477
4.05821085,-10.519043,6.73656368
3.38409448,-10.433732,6.46569633
4.28227234,-10.38202,6.33996391
3.44006848,-10.3999634,6.59054375
3.64419866,-10.3816271,6.76367617
4.12204456,-10.4079866,6.69126797
3.53951406,-10.387455,6.7008605
4.25577784,-10.3116388,6.49845123
4.01362467,-10.3883228,6.76027393
3.76640105,-10.3789701,6.79719448
3.88869476,-10.381238,6.7965312
3.36800957,-10.3626108,6.34759092
3.58484674,-10.2601395,6.73229265
3.39217424,-10.2864695,6.48904705
3.70160961,-10.2540102,6.78375483
3.47837138,-10.2738686,6.64101219
3.95943713,-10.2607317,6.78102207
4.17625141,-10.2965879,6.63719749
3.81922984,-10.2512789,6.80092239
4.08499956,-10.2831087,6.72034121
3.75697875,-10.1264162,6.79561615
3.63600183,-10.1315708,6.75930834
3.89939713,-10.1319323,6.79514503
3.51920676,-10.1427622,6.6822052
3.69032431,-10.0028009,6.77989578
4.22611666,-10.1800976,6.56566763
3.56654263,-10.0126686,6.7192173
3.83898926,-10.0145407,6.8008132
4.2810955,-7.34707117,6.47920656
4.30071878,-7.49237823,6.33981705
4.30164528,-7.34720945,6.33980942
4.14125967,-10.1637669,6.6753459
4.03089809,-10.1563978,6.7527442
3.61821413,-9.88284492,6.74984646
4.28318977,-10.2383032,6.33995676
3.36892843,-10.2186775,6.34758377
4.27028704,-10.1785755,6.45324087
3.98320532,-10.0307178,6.77356577
4.19450188,-10.0570517,6.6159606
3.883044,-10.6270628,5.89048243
4.09475517,-10.0456572,6.71452093
4.26309299,-10.0657816,6.48141289
4.25375748,-7.47172642,6.54575968
4.2518096,-10.644866,6.1840868
3.76045156,-9.87673473,6.79588938
3.99988103,-10.6271658,5.92197561
3.42986202,-10.1571264,6.57115412
3.76349521,-10.6279249,5.89054632
4.19091415,-10.6428699,6.07179689
3.38435221,-10.1528606,6.45999098
3.70798731,-7.34339714,6.77997589
3.7765193,-7.46980619,6.79587173
3.84828472,-7.34429169,6.80080748
3.50456429,-9.89537239,6.66671658
4.10926771,-10.6338444,5.98692179
3.47069454,-10.0226479,6.62979746
4.28410912,-10.0943356,6.33994913
4.21794319,-7.34666157,6.60733652
3.38729596,-7.34137201,6.34743738
3.38638616,-7.48389673,6.34744453
3.4107306,-7.34151459,6.48816967
3.54949236,-9.76457882,6.70554638
3.39279318,-10.6405239,6.19019365
3.9125185,-9.89941406,6.79310369
3.45173621,-10.6379538,6.07757711
4.15931606,-9.93385029,6.65875673
4.05517244,-9.91480255,6.74055958
4.2427268,-9.94297314,6.53595972
3.64393711,-10.6239548,5.9233408
3.53487468,-10.6286058,5.98920965
4.28503036,-9.95001984,6.33994198
3.99093485,-7.3452034,6.77672768
4.05610132,-7.47018909,6.74848223
4.11762476,-7.34601593,6.71025085
3.3698473,-10.0747433,6.34757662
3.4771781,-7.3419323,6.61587763
3.52351308,-7.46676874,6.67000914
3.57932711,-7.34257936,6.71608496
3.68194342,-9.75642776,6.77662706
3.42751455,-9.89761543,6.56400919
3.45626807,-9.77511406,6.60859299
3.39502311,-10.0208282,6.49243021
3.64033532,-7.46780825,6.75312185
4.12290525,-9.80995941,6.69374418
3.99029469,-9.78972721,6.77149963
4.20446634,-9.82330227,6.60412693
3.431427,-7.46360064,6.54127121
4.17104912,-7.47232008,6.66276646
3.4984374,-9.64395332,6.65876627
3.83599472,-9.74312019,6.80089426
3.61035109,-9.6418705,6.74483204
3.38450956,-9.88562202,6.4539175
3.39288568,-9.77717686,6.48121023
3.41029954,-9.66021061,6.52582216
3.37168479,-9.78687572,6.34756184
3.37076592,-9.93080902,6.34756899
3.37260365,-9.64294147,6.34755468
3.92033243,-7.47023106,6.79435635
3.44373202,-9.51035404,6.58732653
3.54987025,-9.51787472,6.70460606
4.17290354,-9.68919945,6.64558983
4.06924105,-9.68467331,6.73306656
3.57763433,-7.59217405,6.71602726
4.2660737,-9.82730198,6.47669363
3.74112129,-9.62957382,6.7922411
3.46537757,-7.6046443,6.60167456
3.67518497,-9.51605701,6.77370691
3.6085875,-9.39230824,6.74296427
4.2425828,-9.70775509,6.53946018
3.96659327,-9.675313,6.77993345
4.11516619,-7.59667253,6.71090174
3.40226007,-7.57362318,6.46521711
4.22027874,-9.58086777,6.58221436
4.12797546,-9.57246399,6.69071388
3.8853333,-9.60008717,6.79758596
4.285954,-9.80532169,6.33993483
4.01961231,-9.57305622,6.7598772
4.21088505,-7.60075235,6.61488438
4.18119001,-9.47881603,6.63749218
3.50059342,-9.38602734,6.65928841
4.08643484,-9.45441818,6.72292423
3.98998928,-7.59614134,6.77651787
4.27156687,-9.60439396,6.46246672
3.94966316,-9.4624052,6.78525066
4.25262308,-9.45864296,6.5205102
3.38546753,-7.62781048,6.34745169
4.1781683,-9.34617233,6.64203787
4.2773366,-9.72074986,6.43486834
3.75272942,-9.40055466,6.79411888
4.02434349,-9.31139946,6.75845718
3.38837981,-9.55379295,6.46073103
4.28780222,-9.51577187,6.33992004
3.87409472,-9.33964825,6.7989583
4.28687811,-9.6605463,6.3399272
3.5593369,-9.26720524,6.71057701
3.92390966,-9.21356201,6.79169559
3.66751599,-9.28139114,6.77027035
3.40287471,-7.69894266,6.47023964
3.4344275,-9.36840057,6.57029295
3.45891285,-7.76992178,6.59358644
3.37352252,-9.49900723,6.34754705
3.45758605,-9.26442146,6.60581255
3.39182568,-9.42817402,6.47029209
3.38454843,-7.7717905,6.34745932
3.50429869,-9.12654305,6.66140938
3.40813494,-9.14230633,6.51263809
3.40224004,-7.84267426,6.47122478
3.44495821,-9.03074455,6.58436251
3.38362956,-7.91573286,6.34746647
4.26930857,-10.5637913,6.24050188
3.39303637,-9.28447914,6.47129869
3.46075988,-7.90186739,6.59766483
3.39459538,-8.99432087,6.47027016
3.37536001,-9.21113968,6.34753227
3.37444139,-9.35507393,6.3475399
3.51346254,-8.95785809,6.66956234
3.37727118,-10.5534887,6.24638462
4.26393843,-10.4348326,6.21671343
3.37627888,-9.06720543,6.34752512
3.44211268,-8.90328217,6.57834244
3.37719774,-8.92327118,6.34751797
3.39469314,-8.85140705,6.46740007
3.37811661,-8.77933788,6.34751034
3.64401722,-9.15466785,6.76007032
3.39562964,-8.6977787,6.46723509
3.37903547,-8.63540363,6.34750319
3.43658638,-8.7655201,6.56727457
4.27559853,-7.60206413,6.49110365
3.38187242,-10.434145,6.23019075
4.14233637,-9.17275047,6.68020105
3.50139189,-8.81503487,6.65624809
3.61619878,-9.01036644,6.7457881
4.02049685,-9.13751793,6.76071215
3.60422873,-8.86560917,6.73852968
3.4333005,-8.63844681,6.55979776
3.78778982,-9.21404362,6.7987237
3.49194908,-8.67813778,6.6448493
3.58800435,-8.72598171,6.72801876
3.57125401,-8.57866669,6.7160182
3.40389109,-8.54441738,6.49072552
3.68482518,-8.63661766,6.77509642
3.47261262,-8.544487,6.62008667
3.69490647,-8.78071022,6.77880812
4.24871302,-9.33556175,6.53131104
3.65913486,-8.48968697,6.76480007
3.54117799,-8.44027615,6.69188023
3.40536308,-7.98114061,6.48428917
4.27405071,-10.306489,6.25490665
3.72248888,-8.91768074,6.78698921
3.4524436,-8.41906166,6.59002161
3.75879908,-9.05183029,6.79475498
3.70574975,-7.59192991,6.7797842
3.82853532,-8.8230629,6.80085278
3.79868507,-8.68122101,6.79937124
3.8597908,-8.9508152,6.8001895
3.89803195,-9.09116268,6.79630947
3.62722874,-8.34250927,6.7493434
3.38957095,-10.2875128,6.20649052
3.51776004,-8.30177975,6.66963625
3.3799541,-8.49146938,6.34749603
3.96307778,-8.8567028,6.78254128
3.92681861,-8.71695518,6.79172325
3.99307656,-8.99794292,6.77231026
3.8473959,-7.59574747,6.80081367
3.43655634,-8.28387737,6.56162024
3.3984623,-8.39989185,6.47049093
3.75763083,-8.38596535,6.79378939
3.3827107,-8.05966759,6.3474741
3.81195974,-9.50365925,6.80054951
3.59995294,-8.20250225,6.73340368
4.22867727,-9.21109104,6.57202578
3.72507858,-8.24467945,6.78652048
3.53424191,-7.70711184,6.68161488
3.49270844,-8.16217422,6.6419034
3.69590425,-8.1031599,6.77768564
4.0831933,-8.89539909,6.72739553
3.39448643,-8.27637196,6.45263624
3.40998268,-8.14675236,6.5007782
3.38087296,-8.34753609,6.3474884
4.2692318,-10.1813211,6.23016882
4.05695391,-8.75587749,6.74366283
3.40749168,-7.34150791,6.2091856
4.16840935,-7.74622726,6.66369247
3.38179183,-8.20360184,6.34748125
13.5148697,-10.9391651,6.21813345
3.78421235,-8.54130745,6.79784679
4.11269331,-9.03412342,6.70590878
4.27779055,-7.34706402,6.19782162
4.27897787,-9.38969707,6.4371419
13.5097742,-11.7335892,6.23914957
3.90436888,-8.58472443,6.7958293
13.5154476,-10.7956991,6.51469469
4.021842,-8.61671448,6.76156998
4.18532085,-8.93273163,6.63669348
13.5086412,-11.8563652,6.54564762
4.05015373,-7.72673178,6.75072718
4.20832729,-9.07205009,6.60543299
4.1623292,-8.79237461,6.6631341
3.37964463,-10.1544771,6.24716425
4.13890076,-8.65280819,6.68626547
3.85348558,-8.30458164,6.80062151
4.22595501,-8.69362354,6.58214903
4.2424407,-8.83389473,6.55106258
3.56654859,-7.83141041,6.70904255
4.29979753,-7.6367116,6.3398242
4.2092309,-8.55227757,6.60883141
4.26851845,-8.97636032,6.48610878
4.10961723,-8.5135088,6.71072292
4.26085091,-10.0286617,6.19849062
4.27311993,-9.13554001,6.46767378
3.87579608,-8.44307518,6.7992692
3.3910656,-10.0309887,6.20693302
12.8237429,-11.867692,6.49429464
4.27761078,-9.26837158,6.44686508
4.2905736,-9.08164692,6.33989763
12.9793205,-11.8702011,6.48848963
4.29149675,-8.93701363,6.33989048
3.81826138,-8.16991425,6.80038595
4.28964996,-9.22631836,6.33990526
13.2718334,-10.7873096,6.4894166
3.9981873,-8.48254299,6.77160358
13.2900381,-11.8676176,6.50611067
4.28872633,-9.37102699,6.33991241
13.1232481,-11.8702574,6.4920907
4.18261242,-8.42238235,6.64367008
4.27377224,-8.58539104,6.47738266
4.08566952,-8.38429546,6.72787809
13.1229887,-10.7837191,6.47814178
4.27874327,-8.73376656,6.45623159
12.8261423,-10.7791739,6.46548796
3.97142482,-8.34877777,6.78099155
3.47069168,-8.03214836,6.61308336
4.25207758,-8.4553175,6.53619862
4.06285477,-8.24859524,6.74215126
3.63878989,-7.71711922,6.75315714
3.93873644,-8.21342468,6.78983974
4.16445446,-8.29009438,6.66421175
4.28333092,-8.86043453,6.43231869
4.24206114,-7.69935274,6.56534576
4.14602947,-8.15027237,6.68273401
4.23462915,-8.32458687,6.57147217
4.2219944,-8.18933773,6.59348917
3.3807795,-9.67891407,6.25639582
4.03340912,-8.11720848,6.75772381
3.8157258,-8.03151226,6.80020905
3.5731461,-8.06151009,6.71498346
4.28673792,-8.45344162,6.42810106
4.28219175,-8.34104919,6.45243645
4.27733421,-8.20767975,6.47354078
3.66864204,-7.95496273,6.76729727
4.26669407,-8.07327271,6.50741434
3.92098045,-7.70253325,6.79400063
4.29610968,-8.21440411,6.33985376
3.91851258,-8.09719276,6.79401159
4.29426527,-8.50334835,6.33986855
4.29518747,-8.35886192,6.33986092
4.29703188,-8.06996822,6.33984613
4.11231852,-8.01948452,6.71103334
4.29334259,-8.64786625,6.3398757
4.20476341,-8.04847145,6.61928082
3.54092407,-7.95553255,6.6889782
13.5107203,-11.6113148,6.09379339
3.39053249,-9.55019855,6.21897268
3.96448159,-7.97592688,6.78370762
13.512846,-11.298996,5.97847271
13.5140171,-11.102169,6.05308199
4.29241991,-8.79242134,6.33988285
13.5117617,-11.4721365,5.96032333
4.28772306,-7.98015308,6.43827391
4.0806241,-7.86903381,6.73310137
4.1851387,-7.91288233,6.64447737
4.25310993,-7.95396471,6.54077625
3.94146085,-7.81520605,6.78977871
4.24459219,-7.8180294,6.55931377
4.29795361,-7.92554522,6.33983898
4.28629303,-7.86395073,6.44800854
4.28233004,-7.7314806,6.46672153
3.39082122,-9.29214001,6.22385216
3.8212254,-7.88167715,6.80042124
4.29887533,-7.78113127,6.33983183
3.38316011,-9.42281246,6.25263453
3.69537854,-7.82719421,6.77690744
3.79445529,-7.73304844,6.79836559
3.3846736,-9.15687943,6.25353146
4.25570202,-7.47009611,6.14547205
3.40491605,-7.59507084,6.21234989
12.1397829,-11.315732,7.01876163
3.39461327,-8.79079723,6.22166967
12.1589479,-11.4564285,7.01434565
12.1534204,-11.1883402,7.01868343
3.38361073,-8.91591835,6.26757908
3.38079333,-9.904212,6.24925184
12.2049828,-11.0493937,7.00682306
12.221797,-11.6032763,6.99019527
4.22717714,-10.5402813,6.12804937
12.3235312,-11.7278233,6.91051054
4.15629959,-10.5236158,6.02957249
3.41410351,-10.5294724,6.14152193
3.39543629,-8.5387888,6.22453022
3.82234693,-10.5017776,5.88658857
4.26736164,-9.87712097,6.21621227
3.39490485,-7.69566631,6.24907827
3.48371077,-10.5150099,6.03868961
3.70657492,-10.500001,5.90200663
3.58009648,-10.5063896,5.95725346
3.94266248,-10.5011606,5.90216541
4.06581545,-10.5115957,5.95560789
4.20020676,-10.4091406,6.08265305
3.39300656,-7.88461971,6.25242281
3.3963325,-9.7927084,6.19550562
3.43381548,-10.4014292,6.10703468
4.12082529,-10.3943615,5.99517727
12.4511309,-11.816287,6.83622313
3.52829528,-10.3864641,5.99596882
3.88396835,-10.3827515,5.89038706
3.63678026,-10.3885069,5.92713404
12.6954699,-11.8806419,6.5446372
4.0008769,-10.3899326,5.92174721
3.43377137,-7.46667671,6.14113092
3.76561499,-10.3844309,5.89045954
4.17422485,-10.2765207,6.04779339
3.39772582,-8.00265121,6.22878265
12.702631,-10.763339,6.51987886
4.24145889,-10.2957764,6.1537075
3.9504385,-10.2632999,5.90387774
3.82682085,-10.2577734,5.88657284
3.39822102,-8.31116867,6.2196908
3.69235158,-10.2669249,5.9064846
3.46854091,-10.280838,6.05836678
3.57365632,-10.27456,5.96235991
3.8872962,-10.1331978,5.89060307
3.38682604,-8.43077946,6.26685715
3.40865397,-8.16672897,6.18987417
4.06678581,-10.2677145,5.95523071
4.02220821,-10.1483326,5.93053532
3.74614692,-10.1402969,5.89370346
4.26823092,-9.73208523,6.21600962
4.26947594,-9.59022141,6.21717596
12.3557615,-10.8737764,6.84387875
3.62220502,-10.1560888,5.93475771
3.51777458,-10.1583176,6.00654268
12.512187,-10.7895918,6.78141069
4.22072268,-10.1576376,6.11217308
4.28330994,-7.58253288,6.22066021
3.8196075,-10.0194759,5.88662577
3.96939826,-10.0153027,5.90916204
3.42894888,-10.1560364,6.11799192
4.13041019,-10.1463413,6.00211573
3.68211722,-10.0258722,5.91024017
3.56591654,-10.0323715,5.96865034
3.98040128,-7.34518051,5.90709877
3.92280078,-7.4624095,5.89332104
3.84065676,-7.34428978,5.88643932
3.39617348,-9.04515839,6.21072102
3.46383691,-10.0403347,6.06634283
4.0774703,-10.0214291,5.96101999
3.5063777,-9.91206455,6.01887846
3.6185267,-9.90666676,5.93742037
3.42714167,-9.91329765,6.12399578
3.89553642,-9.89359856,5.8915391
12.5860767,-10.7727365,6.61485386
12.594306,-11.8690081,6.62342072
4.18359566,-10.023674,6.05716276
4.03112936,-9.89238739,5.93405199
3.42027307,-8.67542744,6.15334368
4.27038956,-9.44550228,6.21713257
4.14697409,-9.90781307,6.01609612
3.97125363,-9.7830925,5.90927219
4.10375738,-9.77372169,5.97833967
3.462749,-9.78683376,6.069911
3.56421876,-9.79024601,5.97091913
3.51608133,-7.46651506,6.02471209
3.4710443,-7.34192038,6.07984543
3.57076192,-7.3425622,5.97740984
4.22335815,-9.91961956,6.11407137
4.20701361,-9.7860136,6.08673525
4.21153259,-7.34664774,6.07105827
4.1533246,-7.48792362,6.00736046
4.10925961,-7.34599972,5.97090912
3.69153905,-9.78006172,5.90767574
3.74547219,-9.90319347,5.89408827
3.51217842,-9.66405582,6.01474333
3.42282462,-9.66380119,6.13512611
4.27976465,-8.1540556,6.2210598
4.27300453,-9.01102066,6.21656132
3.61744237,-9.65945721,5.93879175
4.2721591,-9.15591812,6.21684456
4.26953077,-8.28698254,6.19131804
3.55877161,-9.53731346,5.97602034
3.45938134,-9.54640865,6.07657862
13.5145388,-10.9568281,6.40896511
3.68509173,-9.53586864,5.91026688
4.27128553,-9.30073929,6.21702671
3.49993157,-9.41751385,6.02865171
3.61837149,-9.41065788,5.93912554
3.83340096,-9.78740597,5.88656998
3.42539501,-9.4178915,6.13317394
13.5097122,-11.7090139,6.43082094
3.45928693,-9.29176235,6.07897091
3.55805802,-9.2973156,5.9776783
4.28194666,-8.43021679,6.23624706
3.75338244,-9.41027451,5.89321375
4.26935053,-8.84893131,6.20135403
3.40803599,-7.80743361,6.19826412
3.68228984,-9.28648281,5.9117527
3.50859332,-9.17016602,6.02135563
3.42091012,-9.16898441,6.14530563
4.27041483,-8.56597996,6.19909382
3.60921144,-9.16640663,5.94493723
3.84915948,-7.19978285,6.79508162
4.28139448,-7.98029661,6.22293663
3.76342249,-9.66478729,5.89136457
4.28118229,-7.70901299,6.21603441
3.55356884,-9.04381275,5.98231602
3.45661902,-9.05331135,6.08495903
3.90615082,-9.66494274,5.89298582
3.67806721,-9.0444746,5.91378355
4.27946186,-8.71203995,6.23346519
3.49576974,-8.92406368,6.03649807
4.28084421,-7.85323238,6.21806335
3.6138351,-8.91834736,5.94323492
3.39508915,-7.21834421,6.41845512
3.83385015,-9.54106426,5.88654804
3.42491078,-8.92381287,6.14031458
3.63027954,-7.46796894,5.93928671
3.74331594,-9.17197227,5.89535952
3.81974959,-9.29021263,5.88668776
3.44127059,-7.21736336,6.55284357
3.89484286,-9.4116106,5.89096928
3.45744157,-8.79795456,6.08612633
3.55403399,-8.80521584,5.98312616
3.80548787,-9.04150105,5.88737726
3.74791789,-8.91757584,5.89476204
3.88557696,-9.16218853,5.88956451
3.98099852,-9.28695107,5.91145754
3.67689466,-8.79400539,5.91478348
3.50660729,-8.67720222,6.02657652
3.76367092,-7.46796131,5.89348507
12.9504128,-10.8215151,6.59126663
3.46991587,-7.59214115,6.0791955
3.60423136,-8.67428303,5.94957685
3.56852627,-7.59159088,5.97790623
4.0449338,-7.43996286,5.93301535
3.45557904,-8.56055737,6.09113932
3.55077839,-8.55115986,5.98696947
3.67393279,-8.55357075,5.91645765
3.88871574,-8.9202137,5.88973999
3.73719525,-8.68193626,5.89727974
3.49396706,-8.43127632,6.04201698
3.81327128,-8.79968071,5.8870225
3.61166668,-8.4266901,5.94617939
3.42545152,-8.43038368,6.14562845
4.03992414,-9.66174412,5.93774891
4.15531063,-9.6450243,6.02269745
3.79880357,-8.55135345,5.88806343
3.8791337,-8.67182159,5.88853025
3.95530415,-8.79278564,5.90254736
4.22482681,-7.63620043,6.09274721
4.26035786,-8.0475626,6.16387463
3.55228853,-8.31340122,5.98696327
3.45723271,-8.304842,6.09109402
3.51522565,-7.71643782,6.02396679
3.62977076,-7.7160368,5.93873358
3.74507785,-8.42574596,5.89593077
3.43641281,-7.70498085,6.13292599
3.56189442,-7.83205557,5.98179817
3.69498491,-7.59395218,5.91101551
3.46620321,-7.82515669,6.0823741
3.67805147,-7.8384757,5.91659164
3.75841784,-7.73544884,5.8941431
3.67423177,-8.30225563,5.91694498
3.66752124,-7.20755005,6.75969934
3.49638438,-8.18362522,6.04105473
3.69841313,-7.34338045,5.91038179
3.53644252,-7.18266201,6.67311096
3.50440717,-7.94279194,6.0338521
3.96650219,-9.5425787,5.9072504
3.6020987,-8.18260288,5.95269918
3.61209965,-7.95207787,5.94764233
3.45397496,-8.05433655,6.09856701
3.55019045,-8.05903244,5.98996639
3.88538313,-8.42947769,5.88898849
3.86795664,-7.61273861,5.88713217
3.67245054,-8.06280041,5.91822004
3.42771935,-7.92572355,6.1475997
3.73428798,-8.19181728,5.898633
3.80986118,-8.30944157,5.88735867
4.01785851,-8.66406822,5.92419386
3.94323826,-8.54192829,5.89903975
3.78511643,-7.85034609,5.88990688
12.3021688,-10.9180012,6.98404789
3.39200711,-7.217309,6.27748823
4.03759384,-7.55816221,5.92986202
3.96275377,-9.04425716,5.90512514
3.73316073,-7.95910311,5.89924431
3.80340242,-8.06854439,5.88791513
3.87600803,-8.18182755,5.88795614
3.95198369,-8.30207634,5.90081644
4.04210424,-9.42313671,5.93807745
4.01491356,-8.17374039,5.92158794
3.93978763,-8.05178452,5.89749193
3.90573072,-7.79381275,5.89096594
4.03613853,-9.16846943,5.93420744
4.11213875,-7.65270615,5.9744091
3.86649704,-7.94555998,5.88718605
4.02666044,-8.91603374,5.92887354
4.07201338,-8.04730892,5.94970989
4.08307934,-8.29581833,5.95745325
4.00229359,-7.92641687,5.91594028
4.13566399,-8.16700268,5.99559116
4.2946291,-7.22734785,6.42254877
4.12459326,-7.91817141,5.98518276
4.18182278,-8.03838253,6.03997946
4.05979156,-7.79682732,5.94187737
4.22814131,-8.15856838,6.10320902
4.19053936,-8.28923512,6.05201721
4.22668409,-9.65532112,6.11690092
4.22872019,-7.91799212,6.10165596
4.02365303,-8.4250927,5.92605782
4.08243084,-8.79471302,5.95909739
4.25382519,-7.23470163,6.54460001
12.5786858,-11.8625593,6.77033758
4.17154694,-7.78768778,6.02710533
4.0004034,-7.68287373,5.91464281
4.09419394,-9.53409576,5.97024345
4.14456654,-8.41887379,6.00483561
4.23382187,-8.42540741,6.11559486
4.08083057,-8.54629803,5.95705509
4.1232605,-9.29728317,5.99129581
4.13529348,-8.67737675,5.99809694
4.2414546,-7.77825737,6.1217556
4.19381523,-8.55318546,6.0581255
4.2092638,-9.52719975,6.08760357
4.08146095,-9.03869724,5.95948792
4.13570786,-8.92071915,5.99982309
4.144907,-9.44128418,6.01123762
4.18832874,-8.80877686,6.0533843
4.23295784,-8.69277287,6.1170783
4.14918995,-9.14552975,6.01349926
4.22166204,-9.08340549,6.10232782
4.21791553,-8.95322514,6.09510899
4.22066832,-9.22817135,6.10222244
4.21965456,-9.37289143,6.10208559
4.16640711,-9.03221893,6.03011799
4.03919315,-7.22247601,6.7533884
3.43223047,-7.2173624,6.1408596
13.5121918,-11.3356638,6.34698343
13.5108137,-11.5218916,6.51302528
13.5107794,-11.5676641,6.28677702
13.5118608,-11.4276085,6.122262
13.5120459,-11.3238926,6.54100943
13.5132418,-11.1441851,6.49770975
13.513629,-11.12115,6.28771496
13.5129089,-11.2571173,6.15770292
4.1953249,-7.24990416,6.63466311
13.5114241,-11.4002876,6.65821457
13.5124407,-11.241848,6.65382814
13.5096951,-11.6854763,6.57778215
3.93705654,-7.25176382,6.78908205
13.5135479,-11.0667276,6.66276169
13.5102606,-11.5776005,6.68628073
13.5126934,-11.1800108,6.77809906
13.5118446,-11.3181581,6.7490325
13.5142803,-10.9719133,6.55165672
13.5109234,-11.4558535,6.78583956
3.5139122,-7.21870089,6.02127361
13.5116949,-11.3122578,6.91335964
13.5138006,-11.0015326,6.80610895
13.5097351,-11.6352882,6.82365465
13.510664,-11.4771795,6.8942585
13.5090275,-11.7675076,6.70393276
13.5127363,-11.1542082,6.88492584
13.5147514,-10.8754673,6.67830753
13.3633442,-11.4382639,6.90296221
13.3668823,-11.192421,6.89625645
13.3506041,-11.3187895,6.91338015
13.3434162,-11.5991783,6.84442568
13.2543983,-11.2550621,6.90840483
13.253171,-11.3827982,6.9108367
13.3518591,-11.0757074,6.85222054
13.3910952,-11.7212868,6.75405884
13.2263403,-11.1302795,6.87670183
13.2225237,-11.5088196,6.88373041
13.1598711,-11.6312237,6.82443857
13.2475739,-11.7333746,6.74073648
13.3590059,-11.8073893,6.64544725
13.1621571,-11.0034657,6.80872965
13.0645809,-11.7401485,6.7320466
13.3430853,-10.8481998,6.63764763
13.3467112,-10.9548149,6.76872873
3.73141003,-7.25883913,5.89687061
13.1947346,-11.820035,6.62148809
13.0715647,-11.8354664,6.58908653
12.9490309,-11.8199244,6.61851025
13.1734066,-10.832922,6.61176062
13.2239809,-10.9018965,6.71452475
13.0662155,-10.8968592,6.70950413
12.1425419,-11.251544,7.14152098
12.1438675,-11.3769073,7.15015364
12.139493,-11.3042107,7.29121733
12.1773748,-11.1064901,7.14234447
12.1801243,-11.5172443,7.14369726
12.1540413,-11.1784611,7.28793097
12.1580811,-11.4478731,7.30088663
12.2560749,-10.9670429,7.13606358
12.1431112,-11.2369528,7.44094372
12.2130709,-11.0279026,7.28941774
12.1450272,-11.3812275,7.44392586
12.312767,-11.7143164,7.0745182
4.29938078,-7.22159338,6.28506899
12.181633,-11.0886059,7.43474817
12.2285833,-11.6109676,7.14163399
12.4359417,-11.8047628,7.00757599
12.139307,-11.30968,7.59003115
12.1584358,-11.1530743,7.58809185
12.2197676,-11.5937557,7.28983593
12.2995291,-11.6976366,7.24490166
12.1431932,-11.2269268,7.74619436
12.1891623,-11.5323372,7.44685888
12.3786039,-10.8505516,7.12160349
12.163785,-11.4624681,7.58772182
12.1890287,-11.064393,7.72535706
12.1482229,-11.396102,7.73334599
12.3206596,-10.8933649,7.27984762
12.4241934,-11.79459,7.17968798
12.2195644,-11.0098763,7.58015203
12.2904272,-11.6846066,7.41158962
3.98102951,-7.25587749,5.90285444
3.62668419,-7.21674728,5.93376732
12.4107027,-11.7832212,7.34217787
12.1391783,-11.309473,7.8780818
12.2032175,-11.5554771,7.72483015
12.1608839,-11.1369429,7.87304449
12.2381115,-11.6164532,7.56597853
12.2634821,-10.9509211,7.42258167
12.1732454,-11.4848871,7.88091803
12.5618029,-11.8507652,7.12484121
12.3874884,-11.7642689,7.53805304
12.4408407,-10.8165092,6.96196318
12.5518703,-11.8444157,7.29527092
12.2811012,-10.9233646,7.713377
12.5710964,-11.8568211,6.95251989
12.2285614,-10.9888649,7.85735893
12.5395956,-11.8370094,7.47384024
12.3293056,-10.8793077,7.55183458
4.2550559,-7.20362425,6.1320076
12.5250292,-11.8176622,8.14956379
12.6940441,-11.8488665,7.97232962
12.6938667,-11.8449049,8.15033913
12.456234,-10.8022528,7.25003624
12.1437807,-11.2145758,8.00532436
12.6947575,-11.8647623,7.25814152
3.84147668,-7.20111561,5.87515354
12.5296803,-10.7765846,7.09735107
12.6949358,-11.8687353,7.07961035
12.3897591,-10.8364506,7.4057126
12.3049717,-11.6932831,7.7068181
12.2601643,-11.6399288,7.86706114
12.1476517,-11.3883305,8.00945568
12.1645727,-11.1180763,8.13363457
12.1386528,-11.288681,8.1374054
12.4113998,-10.816246,7.69365406
12.5126266,-10.7724056,7.53471231
12.5834932,-10.7657042,6.95187807
12.5283384,-10.7706757,7.37803841
12.4542065,-11.7921133,8.01585388
12.1905642,-11.0540791,8.01042366
12.6016598,-10.7557802,7.23767567
12.7017393,-10.743475,7.41239214
12.2071686,-11.5569658,8.01349831
12.3432636,-10.860652,7.84628916
12.702096,-10.7514191,7.05548239
12.7022743,-10.7553978,6.8767066
12.5517273,-11.8365059,7.65326834
12.1665173,-11.4604969,8.14125729
12.3693371,-11.7384787,8.14764595
12.6945791,-11.8607874,7.43673992
12.2828617,-10.9150648,7.98464298
12.4266996,-11.7842226,7.72207165
12.3095188,-11.6912804,8.00972843
12.2459679,-11.6154613,8.14478493
12.2439575,-10.9598427,8.1301918
12.3747044,-11.7483435,7.86832285
12.5313044,-11.8264685,7.83918715
12.6951141,-11.8727064,6.90116882
12.5719995,-10.7511225,7.71354389
12.701561,-10.7395058,7.59074879
12.4847183,-10.7760458,7.84462166
12.6942225,-11.8528347,7.79402876
12.6944008,-11.8568115,7.61538458
12.4202528,-10.8044062,7.98546791
12.3685856,-10.8345919,8.12752819
4.17339468,-7.23660898,6.01967239
12.7019176,-10.7474451,7.23403549
12.5266266,-10.7543402,8.12590027
12.5747404,-10.7444258,7.9835577
12.7024527,-10.7593699,6.69823551
12.7010279,-10.7276049,8.1254797
12.6952925,-11.8766756,6.7228384
12.6316833,-10.7375927,7.85216093
12.7012053,-10.7315683,7.9473896
12.7013836,-10.7355356,7.76910448
3.70709467,-5.53580666,4.97312164
3.8458643,-5.52116632,5.11550856
3.84470296,-5.51552486,4.9719739
3.83997965,-6.44099855,5.11401653
3.69628024,-6.40614223,4.97321177
3.83886576,-6.42990589,4.97202253
3.3846364,-5.96696901,4.97581196
3.40505481,-6.10794067,4.97564125
3.38950968,-6.03828955,5.09980154
3.39303923,-5.89592171,5.10002327
3.38952661,-7.09308052,6.34916592
3.40859246,-5.82655287,4.97561216
3.4182055,-7.09276009,6.48483133
3.40261936,-7.09288073,6.20664358
3.85060048,-6.91462708,6.74959564
3.8511517,-6.77751207,6.71073341
3.7302103,-6.8493309,6.7169466
3.72895074,-6.71255732,6.67174816
3.72808599,-6.98900604,6.75020695
3.72761059,-5.59950733,5.46670341
3.84885406,-5.60545731,5.53840113
3.84795666,-5.56657791,5.40106487
3.72682071,-5.64462137,5.60345459
3.72448969,-5.56992245,5.34375525
3.84965587,-5.65498209,5.67241383
3.85159373,-6.64345598,6.66115379
3.72883439,-5.69764948,5.73199654
3.85035563,-5.71476698,5.80205393
3.61585164,-6.80068302,6.65256214
3.43128204,-6.17867804,5.10099077
3.61348724,-5.66421795,5.51582098
3.62458587,-5.70736313,5.65020657
3.7278893,-5.76376009,5.860569
3.62224889,-5.76502562,5.77187538
3.73036098,-6.58407831,6.61862564
3.615448,-6.66492128,6.60193205
3.85192251,-6.51369953,6.60126638
3.72916818,-6.45545483,6.55247593
3.61872625,-6.53311157,6.54248142
3.46878958,-6.23709583,4.97510958
3.73483658,-7.14033699,5.87747049
3.84208584,-7.06211567,5.84179783
3.40833807,-6.97676468,6.42933702
3.7172513,-6.98915815,5.83495903
3.6279459,-6.9377861,6.69814539
3.8521378,-6.38764954,6.53059244
3.56870222,-6.33939362,4.97427607
3.51201034,-6.29560423,5.09821463
3.61677718,-6.41803217,6.4760437
3.45928693,-6.24815655,5.22393847
3.52710629,-6.63648319,6.51562548
3.52574301,-6.7668314,6.56787634
3.73110938,-6.33569956,6.47945547
3.73086596,-6.11285496,6.30354834
3.85221076,-6.15598106,6.36206007
3.85207081,-6.05098963,6.26494694
3.7293644,-6.22308016,6.39707851
3.71393228,-6.01629448,6.2002511
3.85223317,-6.26874256,6.45103836
3.52666759,-6.51332664,6.4522295
3.61621451,-6.30783129,6.40187311
3.46299219,-6.99704266,6.55553627
3.53270531,-6.90539932,6.61878872
3.46872997,-7.11063194,6.58562422
3.51994729,-6.40477133,6.37756062
3.38739228,-5.96702051,5.22453451
3.52284789,-6.28745794,6.29536057
3.38965201,-6.97122049,6.27168989
3.70849109,-6.42905283,5.16270828
3.84993458,-7.05596113,6.77792025
3.45613265,-6.74391747,6.4647131
3.45543027,-6.86633921,6.50770378
3.45757389,-6.49163628,6.33829546
3.45952177,-6.61072683,6.40960932
3.40080476,-6.83690977,6.35407257
3.45603991,-6.37927961,6.2581048
3.41435909,-6.70746469,6.3512516
3.63299322,-7.07202148,6.72734213
3.62896252,-6.1917429,6.31956291
4.13027287,-7.17914248,6.69320059
3.45870733,-6.26881313,6.17321539
4.07715273,-7.18879461,5.93686342
3.60888624,-6.37270546,5.0916729
3.46158695,-7.09342766,6.06796265
3.54653692,-6.16784382,6.2210741
3.40820146,-6.60933399,6.27844524
3.4073472,-6.5011549,6.2072525
3.39088678,-6.73199177,6.23201466
3.64707017,-6.09950781,6.24798059
3.73873186,-7.11271763,6.77335072
3.4076817,-6.39141273,6.12619019
3.39018154,-6.62160063,6.14244986
3.54229498,-7.03253317,6.65687895
3.39032888,-6.50148249,6.06572008
3.85181451,-5.95387363,6.15988684
3.41908121,-6.26487446,6.0587554
3.85095644,-5.78539371,5.9281249
3.39083004,-6.38547277,5.98710918
3.48160601,-6.14964533,6.10438299
3.40246463,-6.51110601,5.92573929
3.61826253,-5.83376217,5.89029694
3.40510416,-6.63026047,6.00514126
3.56983542,-6.37076712,5.2254734
3.39734602,-6.39367628,5.84407091
3.3959198,-6.86061573,6.17489576
3.57981348,-6.06525183,6.15524912
3.53786421,-5.78607321,5.67533875
3.65714288,-7.09667301,5.89474487
3.40386057,-6.749125,6.08264494
3.42853284,-6.15153646,5.97052908
3.84092903,-6.47422552,5.25324297
3.51692176,-6.03059149,6.03181553
3.4352715,-5.77036142,5.099473
3.54614162,-5.73661804,5.57591772
3.45081949,-6.63289404,5.86808968
3.63277626,-5.57038307,5.08996964
3.45149755,-6.75202179,5.94937992
3.40307331,-6.11812639,5.21529865
3.41972232,-6.96643972,6.11933899
3.43840098,-6.86357594,6.03493595
3.61400437,-5.63144541,5.40418768
3.72996616,-5.91762781,6.09163809
3.39315605,-6.27412796,5.91376781
3.84695554,-5.53824997,5.25937748
3.44067979,-6.5166378,5.78839636
3.9712522,-6.85086966,6.71493578
3.48643565,-6.32170725,5.34391403
3.55452776,-7.09571457,5.96080875
3.62241197,-5.99082327,6.11224937
13.2573347,-11.316865,7.02001429
3.54500771,-6.7542367,5.81463861
3.42270494,-6.40078211,5.71546936
13.2379274,-11.4573679,7.01657057
3.47552633,-5.69907761,4.97505379
3.5130918,-5.66035128,5.09640169
3.57802844,-5.59927225,4.97419834
3.72984338,-5.83685589,5.98035288
3.96888709,-5.60103083,5.46469545
13.2439156,-11.1892815,7.01879978
3.59055138,-6.99393559,5.90111113
3.63293505,-6.8804698,5.82134914
3.97319317,-6.71462822,6.66999245
3.74644589,-6.87639999,5.77069855
3.51797819,-6.62544441,5.7435236
3.97115278,-5.64591694,5.60093594
3.8424747,-6.9294157,5.78688383
3.52985144,-5.85521221,5.79552889
3.97046638,-5.69908381,5.73003054
3.52057505,-6.87008381,5.91068029
3.41069746,-5.84747887,5.22882795
13.1750059,-11.6038551,6.99309874
13.1925411,-11.0501423,7.0055027
3.49794006,-6.51352644,5.65639973
13.0732164,-11.728282,6.91478109
3.44546247,-6.04673719,5.89197254
3.97243857,-6.58557653,6.61670876
3.70849371,-6.47435236,5.31562281
3.48785996,-6.97315741,5.99514103
3.39858389,-6.16426611,5.83433056
3.39155769,-6.2819767,5.77303171
3.85144162,-5.86499691,6.04718494
3.4165318,-6.187572,5.33206749
3.50832677,-5.73465776,5.45735502
3.9745028,-6.45714283,6.55052233
3.96160436,-7.12800932,5.87569141
3.95658875,-6.9922843,6.75276375
3.61604762,-5.91453886,6.00904131
3.5241797,-5.93088579,5.9088192
3.70418763,-5.55380487,5.21657801
12.9451771,-11.8167601,6.84159279
3.62364912,-5.60224867,5.29817867
3.97317171,-6.11441469,6.3015132
3.97463059,-6.22443867,6.39491415
3.4062531,-6.28842497,5.63798285
3.96100688,-5.76090527,5.85743284
3.97289515,-6.3372345,6.47745085
3.45717525,-5.95471525,5.78807306
3.45918083,-6.39202452,5.5779891
3.40656972,-6.06423616,5.74674988
3.46104169,-5.88930607,5.68062973
3.38929939,-6.18017721,5.69301891
3.96959734,-5.56781483,5.3246541
3.61255956,-6.60647154,5.61570263
3.47338843,-5.81989622,5.56980085
13.0432405,-10.8750467,6.84078598
3.41587925,-5.98949146,5.67514086
12.8893137,-10.7910585,6.77863884
3.38839746,-6.05365086,5.33426476
3.39951682,-5.91517305,5.34524536
3.67665601,-6.78647757,5.73786879
3.39077139,-6.06929302,5.5863142
3.57765293,-6.43214273,5.38479328
3.99042201,-6.01749611,6.19692135
3.61479616,-6.7023654,5.70981503
3.97905564,-6.41322184,5.05921459
3.41672111,-5.93597507,5.57022476
3.42755485,-6.27449465,5.48646069
3.84168696,-6.52899456,5.38601589
3.98739743,-5.53932524,4.97078323
3.39360476,-6.18259144,5.5681262
3.42883754,-5.86091948,5.45843935
3.47239661,-5.72408581,5.2179637
3.5674696,-5.62356043,5.20364857
3.39184093,-5.99526739,5.4508028
3.39183593,-6.12166357,5.45257187
12.8001184,-11.8695841,6.62712574
3.48898172,-6.37268066,5.4569912
3.54853845,-6.48264027,5.52690935
12.816864,-10.7738581,6.61215544
3.44661593,-5.79187822,5.34789467
3.96712112,-6.99168491,5.83307743
3.52614164,-5.68060112,5.32270908
3.69004869,-6.54494715,5.47037315
3.84263086,-6.80722427,5.71206999
12.8334074,-11.8510933,7.12955666
3.96057153,-6.44006634,5.18699837
12.8437777,-11.8446131,7.29795456
3.95404983,-7.134161,6.77551985
3.84223032,-6.60367632,5.50829649
3.71900415,-6.71039057,5.65627432
3.73606253,-6.63639879,5.57216358
12.8145895,-10.7659779,6.9475441
12.8230572,-11.8574648,6.95612144
12.8687859,-11.8180037,8.14991474
3.84254909,-6.69730425,5.61817455
12.869379,-10.7546902,8.12625027
12.8962536,-10.7772083,7.52917814
12.8666458,-11.8338766,7.47704935
12.7968149,-10.7561378,7.2360177
12.1384706,-11.2846336,8.31926346
4.08973169,-5.72772121,5.66316271
4.08787584,-5.67604733,5.52941179
12.8174572,-11.8627968,6.77446032
4.0850482,-5.78602886,5.79312277
4.07525301,-6.80648232,6.65570641
12.8520641,-11.8280735,7.92947721
4.08604717,-6.668015,6.59829044
3.9670198,-5.9151783,6.08718586
4.08349848,-6.53634644,6.53896952
12.8756437,-10.7634506,7.82093143
3.95902586,-5.83250761,5.9759059
4.21478605,-5.70834494,4.96888638
4.23731613,-5.7483778,5.1187315
4.27819157,-5.83645344,4.96835756
12.1940527,-11.0400438,8.28364372
4.07621241,-7.04955006,5.90269613
12.6140499,-10.7304869,8.27571487
12.835391,-10.7546024,7.6841073
4.06151152,-6.94488716,6.70138502
4.07430458,-6.92712641,5.85306501
4.08609247,-6.42109299,6.47220802
12.8431082,-11.8341045,7.77247858
12.4491148,-10.7824221,8.27482319
12.3078661,-10.8823528,8.27523136
4.17383003,-6.6435895,6.51140547
3.9692719,-5.54390717,5.16765833
4.20762205,-6.24691486,4.96894598
4.27442694,-6.12049675,4.96838903
4.24325085,-6.19898367,5.0845437
4.17259216,-6.77280617,6.56490946
4.17756796,-6.52944231,6.44998026
4.08670998,-6.31062269,6.39792109
3.96627879,-6.48260498,5.32351494
4.07510853,-6.19633293,6.31669092
4.18181753,-6.4090538,6.3716507
4.16545534,-6.91164017,6.61499023
4.17880297,-6.29106283,6.28929853
4.24210453,-6.75056362,6.45935869
4.24188471,-6.87336731,6.50243044
4.24526548,-6.62653971,6.39801216
4.24808359,-6.51112938,6.32823706
4.24530125,-6.38785648,6.2507062
4.28615046,-6.8563242,6.38804197
4.28767967,-6.73121309,6.33396912
4.28238773,-6.98885155,6.43819714
4.22950649,-7.00816584,6.55733824
3.96064782,-6.87608671,5.77398872
4.15096188,-6.1750474,6.22448349
4.23506737,-6.27535057,6.18122435
4.19605923,-5.85766077,5.72326708
3.95834613,-6.75615358,5.68988085
4.066535,-5.84316254,5.91426992
4.28926563,-6.61917877,6.27203274
4.05789948,-6.10823441,6.24923944
4.30388832,-6.85082102,6.26449728
4.28961229,-6.49856281,6.19600391
13.0955248,-10.9185743,6.98136044
4.30437756,-6.72959137,6.19528103
4.28612661,-6.38428164,6.12496376
4.30456448,-6.60169792,6.13055277
3.96200395,-6.55105352,5.45595598
4.30452156,-6.49119186,6.05897856
3.9758141,-6.40982723,4.97088003
3.98192716,-6.64041042,5.58698225
4.2741046,-6.26050901,6.05979061
4.30319214,-6.36965513,5.9863987
4.29129028,-6.59771061,5.98939705
4.20921612,-6.1570363,6.11915255
4.2945447,-6.49604559,5.9255476
4.17252541,-6.95886278,5.94942665
4.11980009,-6.07282591,6.15786409
12.6082468,-11.8343945,8.30217552
4.30125284,-6.36571693,5.85500002
4.1889658,-7.09531641,6.01164961
4.24974775,-6.60618925,5.85960531
4.26426125,-6.48515463,5.78688478
4.24705887,-6.72401047,5.93985796
4.29703808,-6.24960709,5.92747116
4.0794549,-5.97418118,6.08513403
4.27037334,-7.11533785,6.49574566
4.17977047,-5.91019917,5.85579443
4.25588799,-6.14187336,5.99134064
4.10707474,-5.64762926,5.38273335
4.30406761,-6.24042654,5.78570938
4.28793859,-6.72529316,6.05754662
4.18558216,-6.05066586,6.04214048
4.28348637,-6.12537813,5.85837841
4.16449833,-6.30278587,5.07534456
12.4440851,-11.780921,8.29944801
4.28198242,-6.35327578,5.70256567
4.22575521,-6.02493382,5.92474413
4.17137289,-5.7734766,5.60127735
4.19078541,-6.59118748,5.73182487
4.25982714,-6.01005507,5.7937212
4.2987175,-6.11692667,5.72260666
4.04352331,-7.08221579,6.73641062
4.13365126,-5.94158983,5.98049164
4.1687665,-6.71320009,5.80660534
4.29001045,-6.8481884,6.128685
4.14062977,-7.04528761,6.66689491
12.1927757,-11.5229206,8.30203342
12.3026752,-11.6784315,8.29799747
4.29796934,-6.23065138,5.64233494
4.21256447,-6.46828461,5.63250971
4.17134142,-6.82975769,5.88621092
4.06875944,-6.80281115,5.77865458
4.28205872,-5.85610914,5.15632486
4.28044987,-5.99293756,5.65471983
4.30266285,-6.97438622,6.32282591
4.04532242,-5.89330101,6.00893927
4.2450099,-6.8472271,6.00499296
4.1577363,-5.64699697,5.1101079
4.30301857,-6.10539293,5.58682108
4.29197454,-6.06333303,5.08885431
4.2427001,-5.86465836,5.57535839
4.29069805,-5.97573757,5.5230937
4.30009794,-7.10532999,6.37469339
4.07891703,-6.68905258,5.69715738
4.29411507,-6.96593809,6.19294214
4.10480833,-6.34667444,4.96980381
4.20877361,-7.13159513,6.60745668
4.26580381,-7.0648098,6.12873507
4.296628,-7.09455729,6.24234581
4.18844461,-6.29815245,5.20087481
12.8673697,-10.7705278,7.37488317
4.19178772,-5.75659418,5.48785353
12.8670197,-10.7765999,7.09309673
4.07522011,-6.41274929,5.26545286
4.07595348,-6.37864208,5.12621403
4.08636475,-6.46027708,5.40124035
4.11083984,-6.59347296,5.62959385
4.11435366,-5.60565567,4.96972418
4.24908638,-5.78390551,5.2372303
4.25241995,-6.96486282,6.06905699
4.08213568,-5.60070419,5.22221661
4.27318192,-6.1530714,5.20806122
4.06800699,-5.57899666,5.09121084
4.26375294,-5.86440659,5.448843
12.9469204,-11.7976274,7.64467096
4.2856369,-6.20889711,5.48762321
12.9513102,-10.7917709,7.97970915
4.25590038,-6.33743191,5.56455851
4.17981052,-5.68568182,5.24758768
4.30234623,-6.08070087,5.46786308
4.09254789,-6.53015757,5.52838182
4.29866171,-5.94387054,5.08136034
4.17630196,-6.35925817,5.35301781
4.29892731,-5.97884607,4.96818447
12.7860918,-10.7313166,8.27727795
4.29929066,-5.9837923,5.3803792
4.18367243,-6.41426229,5.4869647
4.2229476,-5.76224947,5.35490608
4.27979612,-5.87053442,5.30116081
4.24780703,-6.24493217,5.32777929
4.30093002,-5.99165869,5.22543716
4.29381561,-6.11409473,5.34587812
4.23478222,-6.31369448,5.43889809
3.84350443,-5.51552486,4.82831144
3.38828707,-6.03825474,4.85171509
3.39007759,-5.89582205,4.85169935
13.2543383,-11.251524,7.14228153
13.2529936,-11.3769226,7.15179777
13.2570887,-11.3032074,7.29203081
13.2194834,-11.1064644,7.14173555
13.2167578,-11.5172052,7.1459403
13.2422466,-11.177187,7.28795433
13.2388105,-11.4466114,7.30285311
13.140646,-10.9668779,7.1341486
13.2529306,-11.234911,7.44123507
3.43033886,-6.1741786,4.85075808
13.1828909,-11.0268517,7.28832197
13.0846462,-11.7138624,7.07854223
13.2515268,-11.3792896,7.44521093
13.2138577,-11.0866947,7.43410683
13.1689005,-11.6099911,7.14421654
12.9612169,-11.8046541,7.01271534
13.176527,-11.5942106,7.29208088
13.2567339,-11.3066378,7.59080935
13.2367516,-11.1501455,7.58787203
13.2074652,-11.5315275,7.44897604
3.51368523,-6.29217529,4.85045242
13.0987501,-11.6959257,7.24874115
13.0181389,-10.8505154,7.11812258
13.2519083,-11.2226372,7.73095369
13.2331295,-11.4594126,7.58943939
13.1070156,-11.6833715,7.41491795
13.0748825,-10.8924675,7.27701521
12.9739065,-11.7937584,7.18467426
13.2050819,-11.0609255,7.72435284
13.1749659,-11.0074863,7.57900238
13.2481794,-11.3921947,7.73454428
12.7807999,-11.835289,8.30092525
3.43553114,-5.76100206,4.85071564
12.9873791,-11.7822065,7.34496021
13.2563896,-11.303627,7.87598467
3.83766961,-6.42990589,4.82863379
13.23312,-11.1321497,7.87230301
13.1942997,-11.5519953,7.72700787
13.1596575,-11.6138897,7.56846619
13.1315393,-10.9493732,7.42076778
12.9960642,-11.7733431,7.49800062
13.2280684,-11.4681997,7.87356567
12.9572382,-10.8170424,6.95799637
13.1122007,-10.9207134,7.71127081
13.1639872,-10.9844494,7.85690403
12.9391003,-10.8016987,7.2466588
13.064786,-10.8776531,7.5492897
13.0049133,-10.8354177,7.40274191
13.2497978,-11.374629,8.00967503
3.52181149,-5.64514065,4.85024929
13.0668325,-11.7188663,7.56733036
3.64153576,-6.38423777,4.84727716
13.1521206,-11.6174841,7.87217569
13.0933619,-11.6906652,7.70977688
13.250206,-11.2063503,8.00599194
12.981657,-10.8147097,7.69052315
13.2019529,-11.048522,8.00948334
13.0451365,-10.8549814,7.8450532
13.1979637,-11.5379448,8.00850487
13.2302656,-11.4546099,8.14218807
13.2562418,-11.2838287,8.13841343
13.1077585,-10.9100313,7.9865427
13.2284288,-11.1121731,8.13456535
13.0252829,-10.8338318,8.12816715
13.1487703,-10.9568348,8.13102818
13.1511202,-11.6124125,8.1456213
13.0076027,-11.7576151,7.85805368
13.0991611,-11.6776428,8.01572609
13.2560596,-11.2797813,8.32025814
3.65109277,-5.55670214,4.84715033
12.9503498,-10.7848024,8.2776804
13.0266037,-11.7377033,8.14828587
12.9799032,-11.7710457,8.02812099
13.0917025,-10.8871145,8.28114986
13.1945543,-11.0279865,8.28492451
12.6987276,-10.7208605,8.42807007
12.8709545,-10.7485523,8.42946911
12.5280437,-10.7471037,8.42639351
13.0241423,-10.8264732,8.43157959
12.6103764,-10.7242546,8.57902431
12.7852449,-10.7244797,8.58056545
12.373167,-10.8244257,8.42645168
12.4462385,-10.7769375,8.57893276
12.1624699,-11.1168861,8.4468298
12.3053112,-10.8777981,8.57876396
12.2494507,-10.9453354,8.42722702
13.1482296,-10.9497404,8.43525219
12.525176,-10.7411423,8.73112869
12.9502325,-10.7781029,8.58298397
12.6964712,-10.7141027,8.73162651
12.2022066,-11.016654,8.58041286
12.3700457,-10.8196602,8.73126984
12.2474909,-10.9407797,8.73196602
12.867197,-10.7406645,8.73367119
12.6088037,-10.7176847,8.88321781
12.4432364,-10.7715197,8.88365078
13.2277231,-11.1040497,8.44564629
13.0903883,-10.879282,8.58808899
12.7816334,-10.7172108,8.88380051
12.5232534,-10.7348928,9.03552341
12.6946754,-10.707346,9.03534889
13.0219059,-10.8182974,8.73659992
12.9465027,-10.7696199,8.88650799
12.86479,-10.7332401,9.03720093
13.2558784,-11.2757273,8.50243282
13.192874,-11.0184422,8.59434223
13.0862141,-10.8687277,8.89146996
13.1453724,-10.9394398,8.74255657
13.2329063,-11.1147537,8.7551136
12.3031797,-10.8727903,8.88477516
13.1901751,-11.0071249,8.89794827
13.0181084,-10.8090382,9.04121494
12.6054897,-10.7114754,9.18419361
12.7774563,-10.7098951,9.18634987
13.2437553,-11.1606731,8.59741116
12.3691435,-10.8133345,9.03490162
12.1603127,-11.1164455,8.74726677
13.2556963,-11.2716684,8.68479252
12.9424601,-10.7609825,9.19140148
12.4419498,-10.7652922,9.18604469
12.8586025,-10.7246599,9.34078217
12.2006874,-11.0121393,8.88770771
12.689456,-10.7006683,9.33710194
12.5221748,-10.7284346,9.33712959
12.3029213,-10.8659935,9.18820572
12.3684349,-10.8068523,9.33931255
12.246356,-10.9351034,9.03759003
13.1419754,-10.9285994,9.04420948
12.6042261,-10.7048512,9.48896408
12.2003841,-11.0053778,9.19148159
12.1666918,-11.0885849,9.04089737
12.7767372,-10.7031269,9.48773384
13.083045,-10.8592644,9.19224167
13.0139685,-10.7997227,9.33937359
12.4403734,-10.7592297,9.48785686
12.150775,-11.1494427,8.91804981
13.2432013,-11.1524258,8.91831017
12.137743,-11.2684031,9.04851151
13.2004013,-11.5259886,8.29588795
12.9406176,-10.7535734,9.49039745
12.5182152,-10.7228994,9.64033508
13.0866957,-11.68365,8.29462528
12.945672,-11.7833757,8.29831791
13.2236538,-11.0803909,9.05231571
12.6914778,-10.6938992,9.64018631
12.1382895,-11.2805786,8.50144005
12.859293,-10.7182817,9.64094353
12.1503677,-11.1602221,8.58738327
13.2555141,-11.2676096,8.86715221
13.078371,-10.8483877,9.49462986
13.1390285,-10.9184132,9.34612942
13.1865835,-10.9942932,9.20027065
13.1846104,-10.9845552,9.50144958
13.2292032,-11.0913982,9.34518623
13.0114079,-10.7913809,9.64445591
13.2421865,-11.143014,9.18596649
12.7714357,-10.6957064,9.78940964
12.6002817,-10.6988411,9.78684521
13.255332,-11.2635508,9.04951191
12.3652124,-10.80229,9.64006329
13.2551498,-11.2594929,9.2318716
12.936553,-10.7449913,9.79455757
13.1370335,-10.9095345,9.64666653
12.2458944,-10.9286003,9.33958817
12.3012009,-10.8606825,9.49029732
13.2315388,-11.4425316,8.45556355
13.0790091,-10.8425322,9.79747105
12.437871,-10.7536345,9.79042912
12.148509,-11.1532011,9.17901802
12.8631268,-10.7127151,9.94876194
13.0203199,-10.7910089,9.95066166
13.2406626,-11.1305761,9.5035677
12.6895056,-10.6870642,9.94801807
13.2281284,-11.0819874,9.66059685
13.2549677,-11.255434,9.4142313
12.1379251,-11.2724619,8.86615467
12.5165014,-10.7165146,9.94850063
13.1828461,-10.9752483,9.80190372
13.1454639,-10.9142466,9.95352936
12.2988605,-10.8560162,9.79195023
12.3610773,-10.7982235,9.95016384
12.1595469,-11.1039104,9.3377409
12.2437077,-10.9244633,9.64151478
13.2547855,-11.2513752,9.596591
12.1375608,-11.2643442,9.23086929
12.1980734,-10.9952745,9.79461479
12.2386599,-10.9241629,9.95284462
12.2006216,-10.9976072,9.49399757
13.2261305,-11.0701571,9.95707989
12.1654329,-11.0771379,9.64373207
13.2406454,-11.1247272,9.8264761
12.1381073,-11.2765198,8.68379688
12.1494703,-11.1399479,9.49626446
13.2546034,-11.2473164,9.77894688
12.1373787,-11.2602863,9.41322613
12.1371965,-11.2562275,9.59558392
12.1468363,-11.1454477,9.77547455
12.1614161,-11.0818062,9.95627594
13.2544212,-11.2432661,9.96096134
12.1370144,-11.2521687,9.77793884
12.1368322,-11.2481174,9.95995331
12.6956253,-11.8381586,8.45390511
12.522769,-11.8102646,8.45323944
12.2456942,-11.6087456,8.44832611
12.369894,-11.7323513,8.45093441
12.8665247,-11.8119268,8.45113564
12.7840214,-11.8279772,8.60498333
13.2431011,-11.3946381,8.59108162
13.0210733,-11.7348051,8.44782543
12.9480419,-11.7752838,8.6019268
13.1444883,-11.614418,8.44348431
13.0884428,-11.6748972,8.59795952
12.6112938,-11.828166,8.60584927
13.1912556,-11.5368814,8.59366322
12.8690042,-11.8042736,8.75486469
13.0233498,-11.7261829,8.75220013
12.1619644,-11.4399328,8.45956516
12.4467287,-11.7755976,8.60553455
13.1457586,-11.6054964,8.74925613
12.3059301,-11.6751404,8.60402775
12.698432,-11.8314171,8.75679207
13.0893154,-11.6669416,8.90330505
12.9499245,-11.7674141,8.90581417
12.1497164,-11.3785944,9.19067383
12.7859383,-11.8208761,8.90813255
13.2328396,-11.430584,8.75307369
13.2335758,-11.4128189,9.34560776
12.5276594,-11.8051796,8.75710011
12.6128101,-11.8216934,8.90922928
13.2447472,-11.3705788,9.18485928
12.3730555,-11.7280407,8.7562418
12.4480133,-11.7696371,8.90893173
13.2434063,-11.3685369,9.50495148
13.0242319,-11.7185717,9.05572128
12.8703699,-11.7969675,9.05870152
12.6999235,-11.8246565,9.06020451
12.248889,-11.6066694,8.75491905
12.5291071,-11.7989635,9.06126785
12.3070316,-11.6697493,8.90791893
12.1623793,-11.4243698,9.35136318
13.2450333,-11.3766069,8.91113853
13.2448158,-11.3537579,9.78505611
12.1492567,-11.3811588,8.91767693
13.1474771,-11.595994,9.05288887
12.6149569,-11.8153019,9.21287155
12.7870016,-11.813899,9.211586
12.9512997,-11.7598028,9.20932102
12.1510992,-11.3792896,9.50804996
13.0906429,-11.6585665,9.20695782
12.8721409,-11.7895212,9.36258602
12.1630211,-11.4203901,9.66798687
13.0249252,-11.7110701,9.36026669
12.3745136,-11.7224989,9.06135464
12.168025,-11.4473295,9.05698776
13.1479521,-11.5881529,9.3572216
12.7018995,-11.8178911,9.36331463
12.4502201,-11.7641211,9.21245766
12.951993,-11.7525177,9.51358795
13.0913706,-11.6507626,9.51128769
12.1502705,-11.3698635,9.83007336
12.788064,-11.8069363,9.51428223
13.02561,-11.7035751,9.6646595
12.5312157,-11.7929811,9.36382961
12.8716936,-11.7828131,9.66612816
12.1602507,-11.4284954,8.75831032
12.1496372,-11.3885813,8.59730721
12.6165333,-11.808836,9.51570988
12.2494555,-11.601059,9.05935097
12.7036171,-11.8111057,9.66712856
12.2023964,-11.5299149,8.9037714
12.3770247,-11.7177229,9.36452389
12.3086033,-11.6647902,9.21234226
12.4530993,-11.7589083,9.51630783
12.9527664,-11.7452393,9.8156805
13.1934242,-11.5106201,9.50725842
13.1477175,-11.5813046,9.66069984
12.7890682,-11.7999411,9.81872177
13.226572,-11.427659,9.65657806
13.1928196,-11.5264978,8.89949989
13.0917921,-11.6433039,9.81384754
12.2000065,-11.5315228,8.59894657
4.25048447,-5.76990557,4.84368086
12.8745871,-11.7749252,9.97241402
12.5327501,-11.7868261,9.66574097
13.2271833,-11.4411592,9.0493269
13.0301218,-11.6932011,9.97075081
12.6165323,-11.8021584,9.81766033
13.2298317,-11.4095974,9.96463871
12.2523499,-11.5985575,9.36137676
12.3111086,-11.6607847,9.51296711
12.7016497,-11.8043203,9.97289562
12.2040014,-11.5267019,9.2094574
4.24275827,-6.19018269,4.82708406
12.3779449,-11.7118721,9.66551781
13.1931505,-11.5185614,9.20109653
12.4535837,-11.7525768,9.81780243
12.1651182,-11.4212084,9.96383381
12.5281315,-11.7786703,9.97215176
13.193222,-11.5036888,9.80986786
13.1525478,-11.5672855,9.96807098
12.2540865,-11.5944586,9.66468811
12.2057676,-11.5237913,9.51188469
12.3126049,-11.6557178,9.81721878
12.3708906,-11.7003431,9.97025108
12.2457809,-11.5771246,9.96738434
12.2067194,-11.5193357,9.81461716
4.14831638,-6.31098747,4.84536839
4.16757917,-5.65303135,4.84357023
3.68134022,-5.53279305,0.663742363
3.80989027,-5.51552486,0.79895556
3.80583477,-5.51551533,0.662703753
3.6169908,-5.55680656,0.786783755
3.55500317,-5.59047079,0.664796293
4.03587341,-5.55924845,4.84608364
3.49949694,-5.63425684,0.787962973
3.6832602,-5.53283167,0.910371065
3.55642915,-5.59088612,0.911426604
3.81107378,-5.51552486,0.940829456
3.44906163,-5.68682051,0.66568011
3.72086596,-5.524055,1.02064216
3.41027212,-5.74528694,0.791199446
3.45298338,-5.68454123,0.91540736
3.61518574,-5.55857515,1.02924359
3.50424147,-5.63186073,1.0378958
3.56484509,-5.58678341,1.15997338
3.41393852,-5.74255753,1.04155827
3.45743632,-5.68165255,1.16565466
3.38256454,-5.96696901,4.72744656
4.29287958,-6.04007769,4.83643436
3.40279508,-6.1073494,4.72665167
4.02515125,-6.39107752,4.84682798
4.29314947,-5.90682888,4.84274387
3.40631723,-5.82714081,4.72661924
3.3860867,-6.03739834,4.6027174
3.38796926,-5.89605665,4.60378027
3.65811157,-6.40539074,0.663936138
3.80583477,-6.42991543,0.662703753
3.804111,-6.42990589,0.805943489
3.46540666,-6.23522377,4.72784519
3.43333316,-5.76123667,4.60194778
3.3805089,-5.96569443,4.47891569
3.40392566,-5.82809496,4.47821188
3.4277494,-6.17309618,4.60384464
3.38582134,-5.89644718,4.35422707
3.40026832,-6.1058073,4.48037577
3.38405943,-6.03761768,4.35595894
3.37840438,-5.96849442,4.23076582
3.43115067,-5.7614522,4.35380363
3.40214491,-5.82721233,4.22935343
3.42598081,-6.17370272,4.35632753
3.39883733,-6.10791063,4.23147583
3.38229513,-6.03977203,4.10678482
3.38342309,-5.89843988,4.10662699
3.42489982,-6.17572451,4.10736418
3.39747715,-6.11020851,3.9823544
3.37632632,-5.96919441,3.98236942
3.42819977,-5.76311111,4.10317707
3.39861727,-5.83160543,3.9803381
3.38035417,-6.04067183,3.85802555
3.38089657,-5.90119028,3.85702848
3.46097183,-6.23476887,4.23439169
3.37423491,-5.97180557,3.73319244
3.42479134,-5.76573038,3.85530305
3.46092963,-6.23765945,3.9849894
3.39612913,-5.83288574,3.73163414
3.4626832,-6.2343092,4.47802734
3.42326307,-6.17657614,3.8604672
3.39587998,-6.11167765,3.73503447
3.37885308,-6.04436111,3.60978675
3.37858105,-5.90271473,3.60808325
3.50713468,-6.29179478,4.10969305
3.42205048,-5.7670455,3.60644889
3.50879622,-6.28926182,4.60251808
3.37216616,-5.9750638,3.4846077
3.42286062,-6.17990685,3.61128879
3.50739956,-6.28996706,4.35380316
3.6891799,-5.53171253,1.13799489
3.39361787,-5.83424807,3.4827702
3.39501643,-6.11543465,3.48570871
3.68261242,-6.41249037,0.878682137
3.51160097,-5.627213,1.28718078
3.37611842,-5.90526485,3.35936284
3.37724757,-6.04727125,3.3608253
3.55868173,-6.33652782,4.22932625
3.55809236,-6.33763409,3.98374629
3.5659368,-6.33888149,4.72505665
3.63517118,-6.3841424,4.10800314
3.47236872,-5.7005372,4.72671509
3.45843911,-6.23709631,3.73436594
3.50436783,-6.29109192,3.8599689
3.56193519,-6.33742237,4.47800493
3.62102747,-6.37589693,4.35278559
3.7007823,-6.4096117,4.22133064
3.42216659,-6.182621,3.36132836
3.46030998,-5.70568562,3.73184562
3.73963451,-6.41952324,4.34608316
3.70153737,-6.40918922,4.47508717
3.83287287,-6.42990589,4.25364542
3.37011051,-5.97761631,3.2357645
3.45755363,-5.70661592,3.48148322
3.39360142,-6.1174469,3.23619318
3.83407211,-6.42990589,4.39740658
3.41876388,-5.76946926,3.35774684
3.80530763,-6.42990589,0.949383736
3.61836243,-6.37667084,3.85906148
3.70003533,-6.40996504,3.99377441
3.39051628,-5.83753061,3.23440361
3.56812286,-6.34656668,3.71740222
3.50523996,-5.6512804,3.60545874
3.63848877,-5.54926491,1.26916873
3.37545085,-6.04899836,3.1108079
3.46256804,-5.70543861,3.9811964
3.373667,-5.90782881,3.1104753
3.70578218,-6.41225719,3.75386429
3.73568416,-6.41951656,3.87632132
3.36803102,-5.97879648,2.98478436
3.41564155,-5.77159262,3.10900235
3.50808454,-5.65051413,3.8553977
3.57530403,-5.59972858,4.72492599
3.38798285,-5.83901262,2.98536873
3.6712172,-6.40874624,1.00989914
3.37007427,-5.92026758,2.87277055
3.45063972,-5.71050835,2.98301435
3.8065052,-6.42990589,1.09294212
3.40863872,-5.78222227,2.87352133
3.66286778,-6.40558243,1.16665256
3.56021047,-5.6046381,3.72991037
3.46973157,-5.70127439,4.47592497
3.71346068,-5.53327084,4.71502066
3.80770302,-6.42990589,1.23650575
3.67100787,-6.40784407,1.32390249
3.80890059,-6.42990589,1.38007939
3.46687198,-5.70233774,4.22691584
3.67267942,-6.40800476,1.46448696
3.81009865,-6.42990589,1.52366459
3.69071579,-6.41307116,1.60280192
3.62450814,-6.37666035,4.59818792
3.81129646,-6.42990589,1.66726124
3.69241834,-6.41321087,1.74677348
3.81249452,-6.42990589,1.8108691
3.69395661,-6.41330481,1.89055288
3.62306595,-5.5662775,3.85352707
3.56396317,-5.60341072,3.97911096
3.81369257,-6.42990589,1.9544878
3.70386767,-6.40929174,4.71501875
3.69532275,-6.41335154,2.03421903
3.45362759,-5.70920372,3.2312696
3.81489086,-6.42990589,2.09811711
3.57991076,-6.36383915,1.96230078
3.5171988,-5.64761972,4.60018682
3.69657159,-6.41336536,2.17783999
3.58290362,-6.36491442,2.10701871
3.58241606,-6.36389351,2.25176787
3.48913312,-6.27821636,3.47470856
3.81608915,-6.42990589,2.24175668
3.50077224,-5.65370369,3.35498548
3.6977663,-6.41336441,2.32144737
3.55517077,-5.60682821,3.47917843
3.38255739,-5.80517673,0.918561459
3.4974587,-5.65497351,3.10548115
3.81728745,-6.42990589,2.38540649
3.38760114,-5.79789686,1.17076182
3.50358844,-6.29243088,3.61018777
3.69893789,-6.41335726,2.46505451
3.58531189,-6.36492205,2.39416957
3.8352716,-6.42990589,4.54117346
3.81848598,-6.42990589,2.52906609
3.5124445,-5.64823532,4.10477829
3.48346448,-5.66771936,2.84950161
3.49695539,-6.29779768,2.17524695
3.70009971,-6.41334724,2.60866785
3.4769845,-6.27546549,2.31221223
3.58475494,-6.36385965,2.53891659
3.56961513,-6.35825396,1.80578029
3.44626832,-6.22540283,3.23666263
3.48984313,-6.28805161,2.46925211
3.81968451,-6.42990589,2.67273521
3.7082243,-6.41327381,3.61426592
3.61976647,-5.56689501,3.60113263
3.58633113,-6.36408091,2.68393993
3.70125771,-6.41333628,2.75228953
3.42549586,-6.19283533,3.10781741
3.69132376,-5.53817892,3.97769785
3.82088304,-6.42990589,2.81641364
3.63490415,-5.56342888,4.59828806
3.70241499,-6.41332483,2.89592004
3.51550794,-5.64723921,4.3513155
3.58973932,-6.36542225,2.82458782
3.8220818,-6.42990589,2.96010089
3.70357013,-6.41331291,3.03956389
3.59029174,-6.36501169,2.97311068
3.38844275,-6.10726929,3.00918603
3.68596387,-5.53926229,3.7271831
3.82328057,-6.42990589,3.1037972
3.5491364,-5.60823822,2.98023105
3.59201479,-6.36532307,3.11725688
3.70472765,-6.41330147,3.18322182
3.38025069,-6.08137846,2.8839848
3.62639856,-5.56563902,4.10382938
3.74097204,-6.41934252,4.60581207
3.82447934,-6.42990589,3.24750185
3.59354329,-6.36551809,3.26121616
3.7058897,-6.41329145,3.32689261
3.83647108,-6.42990589,4.68494606
3.5714674,-5.58393955,1.40997136
3.42022943,-5.73542976,1.28744197
3.82567835,-6.42990589,3.39121461
3.59493089,-6.36562967,3.40505743
3.70705557,-6.41328239,3.47057438
3.5962255,-6.36568642,3.54882932
3.37717032,-5.81376314,0.666279852
3.81227422,-5.51552486,1.08471632
3.61118078,-5.56922817,3.10391521
3.55243683,-5.60731602,3.22935081
3.50183558,-6.293046,3.32780361
3.82807612,-6.42990589,3.67866373
3.67881274,-5.54027605,3.22818375
3.61411977,-5.56877565,3.35404873
3.69774938,-5.53482962,3.46807551
3.93841314,-5.5351615,0.661597788
3.57063985,-5.60157204,4.47529745
3.73677135,-5.52519321,3.60086656
3.82687712,-6.42990589,3.53493547
3.50700068,-6.30174255,2.89520168
3.75302529,-5.52284241,4.10509729
3.50765228,-6.30124474,3.03512287
3.83269048,-5.51552486,3.53204465
3.50492764,-6.29742193,3.17635202
3.83389211,-5.51552486,3.67606521
3.926579,-5.53123999,0.886307657
3.56911325,-5.60117626,4.22622156
3.69705892,-5.53699303,4.22450209
3.52439022,-6.33130121,0.926278055
3.83629513,-5.51552486,3.9641223
3.71141958,-5.52669525,1.3910203
3.63137007,-5.5641613,4.35030985
3.46342039,-5.67697096,1.41336358
3.55712152,-6.35418415,1.05997503
3.94538045,-6.40809727,0.661539674
3.36483908,-5.86436939,1.04586518
3.3591907,-5.88032341,0.799194634
3.83167362,-6.42990589,4.10988998
3.43525338,-6.21189451,2.94978714
3.84230351,-5.51552486,4.68434572
3.47464871,-6.27539873,2.03930831
3.56596684,-6.36125326,0.796717107
3.43703341,-6.21650696,2.81921101
3.83047438,-6.42990589,3.96614122
3.82927537,-6.42990589,3.82239914
3.37932372,-5.86390781,2.76862431
3.42342019,-6.20309114,2.16291881
3.63778758,-5.5504632,1.53454292
3.51650429,-5.62478399,1.53614426
3.57572246,-5.58260489,1.65988255
3.49863553,-6.30164194,1.90500975
3.7081697,-5.52796602,1.65888107
3.93287516,-6.41239309,0.863495827
3.46715856,-5.67501688,1.66165018
3.64075851,-5.55009985,1.78541994
3.51943541,-5.62405872,1.78529668
3.81347466,-5.51552486,1.22861254
3.5773859,-5.58286333,1.90991747
3.46892786,-5.67536831,1.90987623
3.42355514,-5.73343563,1.54011202
3.69733334,-5.53122044,1.89791787
3.51993227,-5.62540674,2.03444767
3.59416318,-6.373456,1.67246747
3.66050291,-5.54322386,2.03140473
3.42701054,-5.73453617,2.03508902
3.4276917,-5.730124,1.78981662
3.55990529,-6.35483885,1.27452922
3.47014165,-5.6763978,2.16069913
3.52673507,-6.32993937,1.41275787
3.3924365,-5.79619789,1.66562819
3.41682982,-6.18776035,2.39821339
3.39461422,-5.79591274,1.91234541
3.57079148,-6.36029625,1.55916953
3.42210937,-5.75358057,2.76657152
3.39584184,-5.79798412,2.16292548
3.37265182,-5.86621475,2.0358541
3.50968599,-6.3174057,1.16960669
3.37178636,-5.86125517,1.78617465
3.39059305,-5.795609,1.41504383
3.36961889,-5.86173058,1.54066944
3.48934436,-6.28626251,2.61269212
3.35874486,-5.93252802,1.6643784
3.36116195,-5.92875385,1.91230392
3.35893846,-6.0017848,1.78882611
3.49901032,-6.2950983,2.74600506
3.59397459,-5.57779121,2.88152242
3.36819983,-6.07333994,1.66601408
3.6848042,-5.53764772,3.00030565
3.35707402,-6.00482607,1.54086781
3.74935031,-5.52310467,3.83646107
3.93009448,-6.41354179,1.02188647
3.36713672,-6.00311661,2.76114559
3.38987374,-6.14035463,1.79081261
3.74088597,-5.52355099,3.10759282
3.36960316,-6.070333,1.91428971
3.3889606,-6.14326334,1.54254961
3.42097735,-6.2059803,1.66635013
3.93047047,-6.41377163,1.16735256
3.36696076,-6.07697153,1.41737986
3.35638547,-5.93591595,1.41585851
3.93032932,-6.41413832,1.31240427
3.75359201,-5.52350807,4.60344267
3.46214509,-6.26566887,1.54198551
3.41971993,-6.20737314,1.4161855
3.93037701,-6.41444921,1.45699239
3.39288425,-6.13744116,2.28796291
3.38699412,-6.14358282,1.29140234
3.93075514,-6.41466856,1.60121715
3.3552568,-6.00828314,1.29228973
3.93142438,-6.41480923,1.74519408
3.9535296,-6.41466808,4.33094311
3.36616063,-5.86748934,1.29411459
3.36478877,-6.07659721,1.16750908
3.35433602,-5.93585777,1.16963625
3.93230462,-6.41489315,1.88901532
3.35293055,-6.00481939,1.04425001
3.71179867,-5.53315926,4.46922493
3.41845107,-6.20872307,1.16694963
3.36079693,-5.99804068,2.03835011
3.45930839,-6.25969887,1.78906131
3.36319733,-5.92939091,2.16359639
3.38535285,-6.14467287,1.04183602
3.57644057,-5.58473587,2.15984702
3.93332481,-6.41493988,2.03274512
3.35184669,-5.94224405,0.927752554
3.93443203,-6.4149642,2.1764245
3.42154789,-6.20340443,1.91656756
3.3636632,-6.08030176,0.927052379
3.42801309,-5.73633242,2.2860086
3.45891285,-6.2642684,1.29408264
3.93559146,-6.41497421,2.32007909
3.45892692,-6.26677132,1.04560602
3.93678117,-6.4149766,2.46372342
3.72132134,-5.52815437,3.32961559
3.35141158,-6.01117945,0.803168297
3.4171586,-6.20999002,0.920129001
3.38738799,-6.15440798,0.796309292
3.34897232,-5.95557356,0.666515052
3.83148909,-5.51552486,3.38802934
3.93798828,-6.41497421,2.60736632
3.36643958,-6.09900951,0.666369379
3.37578869,-5.86210251,2.29139185
3.38961053,-6.11736679,2.76100874
3.39052272,-6.13666344,2.04079509
3.92568851,-5.53074169,1.0031364
3.47458053,-5.67626905,2.67963886
3.54992867,-5.60633326,2.77146673
3.4287076,-6.23116636,0.665849924
3.99063897,-5.55408001,0.784359992
3.93920517,-6.41496944,2.7510128
3.4076314,-6.16707897,2.53748631
3.94042706,-6.41496325,2.89466476
3.52076793,-5.62648344,2.28482962
3.7324996,-5.52749062,4.33354235
12.9786987,-10.764267,10.1029081
3.83869839,-5.51552486,4.25219822
3.45812774,-6.26830435,0.794776559
3.83749676,-5.51552486,4.10815811
3.70845461,-5.52891731,2.16240954
13.0833368,-10.8432074,10.0342016
3.83028769,-5.51552486,3.24401951
3.52920055,-6.33672094,0.665011525
3.94165182,-6.41495609,3.03832412
3.82067871,-5.51552486,2.09217501
12.1229639,-11.2442961,10.1343174
3.81587553,-5.51552486,1.5164324
3.37187123,-6.07127857,2.16126275
13.2474289,-11.2394133,10.1353712
3.94287801,-6.41494894,3.1819911
3.36316991,-6.00270653,2.28890586
13.161767,-10.9425383,10.1037407
3.95207167,-6.41592789,4.73933029
3.94410491,-6.41494179,3.32566595
3.95446396,-6.41473866,4.47492838
3.81827712,-5.51552486,1.8042872
3.50650978,-6.31084061,1.67252171
3.8194778,-5.51552486,1.94822717
3.64213109,-5.55125999,2.28369761
3.57962251,-5.58404875,2.40872431
3.94533205,-6.41493416,3.46934867
3.82187963,-5.51552486,2.23613095
3.71973491,-5.52670765,2.39457273
3.47141981,-5.67734671,2.41043878
3.64387894,-5.55140495,2.53458786
3.52343631,-5.62597704,2.53415895
3.36530113,-5.92882633,2.40931654
3.4262948,-6.20049763,2.68752623
3.58070731,-5.58467102,2.65883565
3.37344909,-6.06910563,2.40722775
3.71265244,-5.52890539,2.65977573
3.40008354,-5.79279423,2.40958953
3.65714717,-5.54685402,2.78110313
3.9352634,-6.41774178,3.61425567
3.71955323,-5.52771664,2.89709544
3.43052149,-5.73564625,2.5368917
3.826684,-5.51552486,2.81202698
3.8350935,-5.51552486,3.82009125
3.96283722,-5.53237152,4.73792505
3.82788515,-5.51552486,2.95601821
3.81467509,-5.51552486,1.37251794
3.8290863,-5.51552486,3.10001588
3.9600749,-6.41353035,4.6105442
12.7371464,-10.6864967,10.0536737
12.5892019,-10.6929884,10.0877085
3.40028167,-5.79730272,2.66127348
3.81707621,-5.51552486,1.66035557
3.95264077,-6.41458464,4.18684959
12.4208155,-10.7475872,10.1433496
3.36508608,-6.00162411,2.52696157
3.38069677,-5.85103607,2.53126788
3.36666369,-5.93587542,2.64753461
3.37621427,-6.07236814,2.65285158
3.82308054,-5.51552486,2.38009405
3.82428169,-5.51552486,2.52406478
3.82548285,-5.51552486,2.66804242
12.3054295,-10.8328419,10.1099482
12.1632061,-11.0528622,10.080966
3.84110165,-5.51552486,4.54029274
3.94583654,-6.41542339,3.75512815
3.83990002,-5.51552486,4.39624357
3.95271587,-5.53217411,3.60984635
4.06301498,-5.59471321,0.660558283
4.12062263,-5.6401825,0.782967091
4.05112267,-5.58554316,0.916058779
4.16764021,-5.69321632,0.659685493
3.94065261,-5.53215933,2.17007232
4.16857719,-5.69173527,0.909757435
4.20763779,-5.7526927,0.784069836
3.94987655,-6.41468,3.89855981
4.12088203,-5.63845444,1.03483808
4.23727369,-5.82145548,0.659104586
3.95161533,-6.41453743,4.04266644
3.94662213,-5.53214931,2.8899188
3.93954062,-5.53218412,2.02606964
3.94181085,-5.53214741,2.31405091
3.94783926,-5.53215408,3.03389335
3.92971373,-5.5315156,1.13989329
3.95482445,-5.53869343,1.29324269
3.94905806,-5.53215885,3.17787313
3.93635726,-5.53263998,1.44913137
4.05036259,-6.36779118,2.3909564
3.94540739,-5.5321455,2.74594903
4.0504899,-6.36701012,2.24611115
3.93685484,-5.53244114,1.59361732
4.05314684,-6.36687136,2.53628445
3.93759036,-5.53231049,1.73788786
3.97094035,-5.5350399,4.60878134
4.04879713,-6.36729336,2.10115838
3.93850493,-5.53223038,1.88202024
4.05378008,-6.3672142,2.68215632
3.9514966,-5.53216887,3.46584988
3.94299626,-5.53214312,2.45801854
4.05375195,-6.36793995,2.82787204
3.95393538,-5.53217888,3.75384831
4.04684544,-6.36772871,1.95653534
4.05367374,-6.36868763,2.97325039
3.95027709,-5.53216362,3.32185864
3.94419742,-5.53214312,2.60198307
4.05362654,-6.36940956,3.11801505
3.95515466,-5.53218365,3.89785552
4.08075285,-6.36115885,4.71193314
4.05391502,-6.3699317,3.26216269
3.95226431,-5.53106499,4.0433054
4.04515648,-6.36801147,1.81223083
4.05454874,-6.37025261,3.40565515
4.15441084,-6.29298306,3.33366132
4.04385042,-6.36807156,1.66816306
4.05566263,-6.37029743,3.54868793
4.15420723,-6.29439783,3.47642636
4.05490541,-6.37132025,3.67504978
4.15368891,-6.29606438,3.61314034
4.105793,-5.6011548,4.68299723
4.22885466,-6.1938262,3.3991859
4.22891998,-6.19591665,3.54635978
4.15011644,-6.30076599,3.7570169
4.06546545,-6.36591721,3.81921768
4.22855616,-6.19872332,3.69249368
4.04265261,-6.36737061,1.38038754
4.04299212,-6.36787271,1.52424347
4.04288578,-6.36652899,1.23649931
4.04358149,-6.36540365,1.0924356
4.22749901,-6.19404173,3.25098443
4.07053566,-6.36646271,4.53746939
4.06444597,-6.36930704,4.39354038
13.1667213,-11.534646,10.1143188
4.1785655,-6.27979755,4.73798037
4.05541611,-5.58065557,2.38510609
4.05588007,-5.5816617,2.24070954
4.0624342,-6.36840439,3.96466088
4.14250803,-6.29156876,1.74114656
4.05825424,-5.58164072,2.52946115
4.22962379,-6.19877434,3.8239398
4.15890646,-6.29312229,3.88893175
3.95997262,-5.53218746,4.47384501
4.06279421,-6.36957026,4.25067425
4.06255007,-6.36902714,4.10783529
4.2724185,-6.08970928,3.61041617
3.95613432,-5.53179026,4.18625355
4.05945063,-5.58163404,2.67417979
3.95838523,-5.53208017,4.32991362
4.16366863,-6.29316425,4.46475601
4.14149237,-6.29137278,1.59654236
4.0602417,-5.58138275,2.81880331
4.04299545,-5.57480049,2.10061693
4.06103373,-5.58113337,2.96324444
4.27233887,-6.08545399,3.46843076
4.28099823,-6.09254932,4.73012495
4.13910532,-6.29258633,1.45238137
4.27269173,-6.07918167,3.32510352
4.14048004,-6.2899332,1.30821359
4.0150609,-5.56457376,1.04375374
4.06193066,-5.58094883,3.10752559
4.16051674,-6.29513836,4.32083368
4.14049816,-6.28865767,1.16359913
4.27510738,-6.08390903,3.7535255
4.04406548,-6.36439085,0.94792366
4.17149973,-6.28627968,4.60924101
4.22567225,-5.72784138,4.70592499
4.20383215,-5.7423563,1.0292592
12.9865599,-11.7167759,10.1056471
4.0629344,-5.58082914,3.25169134
12.8304615,-11.782774,10.1257219
4.29640961,-5.95888662,4.68650484
4.16052532,-6.29391718,4.17685032
13.0901632,-11.6369839,10.0637522
12.6688633,-11.8003225,10.1428938
4.1596303,-6.29360723,4.03284645
4.23764706,-6.19706583,4.66980982
4.27520561,-5.83313179,4.73639917
4.27383423,-6.09331465,3.89639616
4.23027611,-6.19965887,3.96260619
4.22896862,-6.20387411,4.09839439
4.28942728,-5.96437359,3.833601
4.23628902,-5.81282377,0.915554285
4.28807163,-5.9622097,3.67644906
4.27725983,-6.08470583,4.03557491
4.2371707,-6.19146872,4.24099159
4.26150322,-5.92339563,0.797000408
4.29047203,-5.96493053,3.95763588
13.2179689,-11.081851,10.1992245
4.23236609,-6.20213079,4.38381243
4.15483379,-6.29132462,3.1902082
4.06952715,-5.59185743,1.95038927
4.27599764,-6.09404087,4.17958593
4.27095413,-5.84204054,3.89635015
4.27114916,-5.84681129,3.75252724
12.3669863,-11.7023096,10.152276
4.28698015,-5.96307421,3.54329658
12.8294439,-10.7018213,10.1552382
4.27389574,-5.84802961,4.04016161
4.14351368,-6.29177332,1.88560176
12.2497778,-11.5905075,10.1130762
4.29176807,-5.9701829,4.10593033
4.26774025,-6.0937171,3.17910099
4.24079132,-6.18918467,4.52680874
4.27982807,-6.08388519,4.31870508
4.29283667,-5.96583557,4.23939228
4.06298208,-5.5919013,1.15799272
4.05170822,-5.58132696,1.80692363
4.06402063,-5.58075953,3.39578152
4.08497095,-5.58799505,4.51064301
4.28566504,-5.95784473,3.40246391
12.1665773,-11.4469051,10.1069918
4.29375839,-5.95507383,4.38449192
4.27925444,-6.09074497,4.46282911
4.27569675,-5.8505125,4.17259264
4.05051947,-5.58133602,1.66264248
4.22154999,-5.73306513,3.82052374
4.26701975,-5.83699512,3.60894704
4.22842884,-5.74252653,3.96570873
4.28327131,-6.07949305,4.60218763
4.29513216,-5.96256876,4.52183056
4.27575636,-5.84668159,4.30928993
4.14581347,-6.29187107,2.17272568
4.27429819,-5.83756495,4.4602294
4.26543903,-5.83547115,3.47662282
4.27443218,-5.83416319,4.60423899
4.2214365,-5.73484564,3.67625999
4.14401531,-6.29239321,2.01828074
4.16809511,-5.68845224,1.16144514
4.14053202,-6.28735638,1.01912999
4.04893494,-6.36062193,0.794459522
3.71932936,-5.52359247,0.549623609
4.15869522,-5.65950346,3.03456378
4.2132225,-6.19378138,1.52237475
4.21259499,-6.19272709,1.37753427
4.14914227,-6.28970337,2.32005572
4.17229843,-5.6717639,3.33241773
4.15611076,-6.28361654,2.46610427
4.21663475,-6.18974161,1.667117
4.21278811,-6.19016409,1.2333169
4.1576972,-5.65717745,3.17901564
4.21690464,-5.72925997,3.5475688
4.14690924,-5.64157343,3.75804853
4.23338985,-5.74915028,4.10655403
4.14963436,-5.64535999,3.61358976
3.62858677,-5.55101156,0.589161396
4.14501238,-5.64200592,3.47629333
3.53555322,-5.60342407,0.575831771
4.25572491,-5.81095028,3.32974553
4.06516361,-5.58072424,3.53982568
4.23870802,-5.75688553,4.23591232
4.06634331,-5.58071136,3.6838429
4.16346884,-5.65693092,3.89903426
4.22482586,-5.7310462,4.36309147
4.06278133,-5.59050941,1.38660467
4.04966974,-5.58154964,1.51845992
4.1146884,-5.63100147,1.27337348
4.21991444,-5.73557043,3.44096017
4.20446777,-5.69920111,4.52940035
4.06754541,-5.58071184,3.82784605
4.14637184,-6.29858589,3.04076862
4.06876135,-5.58072042,3.97184277
4.16669512,-5.65906143,4.04344273
4.15234804,-6.2888751,2.60899782
4.14754057,-6.29622936,2.89592385
4.15369797,-6.28874111,2.75547647
4.07868958,-5.5860281,4.12820005
4.15792561,-5.65997267,2.88949513
4.14613867,-5.65269661,2.31277657
4.1526804,-5.65824747,2.45569277
4.17540979,-5.66703701,4.20774317
4.21261692,-6.18824005,1.08879411
4.13638878,-5.64415216,2.17486691
4.07463121,-5.58278751,4.26678467
4.26293659,-5.96404076,0.658890486
4.15189028,-5.64138079,4.37942266
4.15451956,-5.65891409,2.60060477
4.05578041,-5.5712862,4.3916831
4.15750551,-5.66080952,2.74533319
4.21434593,-6.19608259,1.81047821
4.19880247,-5.73081923,1.26058698
4.23840761,-5.81292439,1.16500008
12.2056808,-10.9366169,10.1775942
4.12869501,-5.63783789,2.05073929
4.25745344,-6.0775423,1.45180237
4.25636005,-6.07707691,1.30760801
4.2470932,-5.83459806,1.31050169
3.68834567,-6.41490936,0.505430043
4.18487549,-5.70837593,1.38083375
4.25635147,-6.07184839,1.16348445
4.21736288,-6.20949984,3.10891652
4.28465843,-5.96958923,3.25410628
4.26740932,-5.95292854,1.23652875
4.26595592,-5.94759893,1.09373808
4.26870251,-5.95528698,1.38002443
4.26984215,-5.95381355,1.5236454
4.24798918,-5.84543705,1.02380931
4.25546312,-6.07043648,1.01971793
4.21246767,-6.18624592,0.94389832
4.25858593,-6.07782936,1.59564388
4.24811268,-5.83403778,1.45405138
4.14256525,-6.28385448,0.868865371
4.07537603,-6.3420043,0.660455167
4.24888659,-5.83271933,1.59738386
4.14141846,-5.65186691,1.84468269
4.27114439,-5.95642996,1.66767514
4.20281172,-5.73376274,1.52301931
4.26461029,-5.94506359,0.949960053
4.20142508,-5.72962999,1.66412497
4.25922251,-6.08016825,1.73896456
4.25476933,-6.06808996,0.875780582
4.21893883,-6.18991995,1.9547857
4.13617325,-5.64758348,1.72852671
4.27234936,-5.95651054,1.81176305
4.22463989,-5.74667025,3.22556925
4.2505846,-5.83426809,1.74160016
4.21448326,-6.17976522,0.783052623
4.18994713,-5.70883846,1.94952822
4.2560091,-6.05656099,0.748143792
4.26041555,-6.08021832,1.88340855
4.24273586,-6.10738516,0.659058988
4.13379145,-5.64729786,1.47764242
4.20270538,-5.72984219,1.80164683
4.13430071,-5.64686441,1.59143138
4.27362394,-5.95862865,1.95612371
4.14060497,-6.28481913,0.741581321
4.25191164,-5.83466911,1.88542271
4.26098299,-6.08278751,2.02690172
3.44205165,-5.69457722,0.55414027
4.21537828,-6.19850254,2.09781766
4.22972107,-5.75766134,3.1089828
4.27484894,-5.95930147,2.10055757
4.26207209,-6.08325434,2.17135406
4.253582,-5.83615398,2.02960801
13.2199154,-11.3923521,10.2056236
4.20267391,-5.72583389,2.1026144
4.25498486,-5.8368001,2.17358017
4.23058462,-5.76161909,2.96257782
4.27603292,-5.96090746,2.23718119
4.2207489,-6.19117498,2.2533164
4.28306675,-5.99122047,3.10695171
4.20941877,-5.73478508,2.2400949
4.17789555,-6.23840904,0.6595999
4.21793699,-5.74725389,2.3823595
4.26016426,-5.8507762,2.30196047
4.26615763,-6.07081842,2.31171584
4.26932049,-5.85766125,3.1780057
4.26150894,-6.11068392,3.03290033
4.22759628,-5.76322842,2.5044446
4.27702045,-5.95649385,2.37178111
4.26655674,-6.07419491,2.45005083
4.26048374,-5.84850502,2.41635394
4.22353125,-6.1879425,2.37807441
4.27466917,-5.91312647,2.52290845
4.22863007,-5.76019096,2.81782269
4.22246981,-6.19216394,2.52426958
4.23539352,-5.77630329,2.66256213
4.27112579,-6.05803776,2.59351039
4.2776556,-5.92916822,2.66254783
4.27148771,-5.87700415,2.88843775
4.26855707,-5.86865616,2.7611773
4.27337933,-5.88027191,3.03281641
4.23089647,-6.17846918,2.67194748
3.89131474,-5.52375889,0.548469424
3.58076572,-6.37120342,0.552372754
4.27003384,-6.06839609,2.71337509
4.28011894,-6.0013485,2.8162601
4.28126574,-6.00243044,2.96200991
4.23628521,-6.1699872,2.8185997
4.26226425,-6.10512686,2.91722798
4.21807098,-6.20636082,2.96804976
11.190815,-11.2276516,11.0630064
11.0181274,-11.2281027,11.0762682
11.0173683,-11.057909,11.0988607
11.1673422,-10.6621647,11.7088413
11.0151558,-10.6570129,11.6224928
11.0151005,-10.6797867,11.7933025
3.3753984,-5.81552124,0.531513691
11.1657209,-10.7127228,11.8737783
11.0170116,-11.2032356,12.1935902
11.190484,-11.202632,12.187007
11.0162916,-11.0308228,12.1622696
11.3189735,-10.6868401,11.7931337
11.0152864,-10.755578,11.952054
11.167326,-10.8111315,12.0155439
3.352597,-6.03895998,0.561214685
11.3188543,-10.7636261,11.9418316
11.0156975,-10.8765869,12.0790882
3.38626218,-6.15688848,0.531547427
13.2267733,-11.2356348,10.3091316
13.190588,-11.084918,10.3893709
13.1925535,-11.2319593,10.4808674
13.1480675,-10.9505663,10.2894735
13.1495228,-11.0816956,10.5599337
13.1127167,-10.9454145,10.4613466
3.90252948,-6.41929436,0.508734047
13.0682526,-10.836874,10.1873636
13.0402241,-10.8326235,10.3600216
12.946743,-10.7537613,10.2674236
12.9109373,-10.7498608,10.4343662
13.016655,-10.8472919,10.5324116
13.0755825,-10.9585619,10.6272516
12.7932854,-10.6960154,10.3255997
13.1447763,-11.2284002,10.6500492
12.7643623,-10.6980772,10.5182371
12.9103727,-10.7773438,10.6048164
12.6456566,-10.6778145,10.3738289
12.6856165,-10.6814947,10.2044325
13.0996208,-11.0899792,10.7234364
12.5930281,-10.6744738,10.5329819
12.9927979,-10.8664312,10.6697464
13.0217905,-10.959219,10.7789087
13.0836439,-11.2249823,10.8154421
13.034008,-11.0862064,10.8816833
12.9101276,-10.8292027,10.7871084
13.0100222,-11.2217531,10.9747925
12.9461336,-10.9498186,10.9348812
3.47430682,-6.28892994,0.506360948
12.9542608,-11.0794888,11.0364523
12.8264189,-10.825161,10.9537411
12.8655806,-10.9457932,11.0777369
12.9239311,-11.2187109,11.1281805
12.6749315,-10.6874323,10.6755056
12.8653402,-11.0753803,11.1815195
12.8258228,-11.2158747,11.2746248
12.7688885,-10.9407949,11.2207155
12.7425013,-10.8271141,11.1008177
12.7640266,-11.0735044,11.3222294
12.7624235,-10.7390528,10.8178396
12.684413,-10.7399244,10.9727745
12.4896135,-10.6945829,10.3994236
12.5994673,-10.7419424,11.113349
12.6492682,-10.830513,11.2392731
12.6902876,-10.9471607,11.3303299
12.7170601,-11.2132826,11.4122047
12.6596937,-11.0503607,11.4364204
12.599844,-10.6850843,10.8336391
12.5285397,-10.6855183,10.97192
12.5021257,-10.7461452,11.2521009
12.5192366,-10.6712866,10.6892529
12.5731564,-10.8701067,11.3861961
12.4396172,-10.686614,11.1130981
12.5137405,-11.7746639,10.2005939
12.4295006,-10.6923313,10.5528498
11.2583475,-11.0458908,12.1545019
12.4433823,-10.6682959,10.8405361
12.3663759,-10.6660051,10.985343
12.5315428,-10.6969433,10.2472
11.1666479,-10.6640377,11.5356569
12.2908506,-10.6650162,11.1083088
12.3219557,-10.6848078,11.2463951
12.4153671,-10.7644291,11.3882427
11.3195105,-10.6563377,11.6217852
11.176384,-10.9208364,12.1041346
11.3434277,-10.8993979,12.0713301
12.2825203,-10.6818714,10.851284
12.3633242,-10.6861057,10.7127905
12.1960783,-10.6736116,11.0021276
11.4713507,-10.7325449,11.8639536
12.1491051,-10.6620245,11.1776819
3.9935956,-5.55612564,0.588368833
12.2000351,-10.7345734,10.731266
12.8098497,-10.7350035,10.6826887
12.1257343,-10.7247591,10.8563738
4.08040714,-5.60771322,0.571035385
12.2752886,-10.7451086,10.5737524
12.0362854,-10.7053938,11.0076923
12.0552206,-10.8152084,10.7375298
12.3421574,-10.7486553,10.4143496
11.9662485,-10.7881861,10.8834944
12.1310349,-10.8304396,10.6002665
12.1264248,-11.0844898,10.2253532
12.0818167,-11.2406731,10.30509
11.9159412,-10.9107647,10.7748375
12.0074968,-10.9440346,10.6285381
11.8142586,-10.8705473,10.9102259
12.2001457,-10.8387108,10.4505749
12.0869999,-10.9519644,10.4875507
4.21721411,-5.77507448,0.553723216
12.5978279,-11.2109337,11.5408497
11.8994112,-11.0702362,10.681592
11.9966211,-11.0830441,10.5388145
12.4095507,-10.7352428,10.2953186
12.0691137,-11.0914364,10.3913832
12.2800398,-10.8233242,10.2771111
12.1545286,-10.9501276,10.3325386
11.8644314,-10.7626715,11.0166569
11.943532,-10.6862564,11.149826
11.2445059,-11.0952473,11.066412
11.3643389,-11.2023315,12.1667643
12.0143223,-11.2373495,10.4674768
11.9223537,-11.2344179,10.6170321
11.0177698,-11.3731565,12.1710777
3.80488586,-5.51551533,0.548939586
11.7057934,-10.8264866,11.0355921
11.7754745,-11.0415335,10.8207903
11.0154486,-10.6885538,11.4494495
11.6710329,-10.9649611,10.939887
11.4614544,-10.8225508,11.9850368
11.4672604,-10.6700821,11.7018938
11.7605572,-10.7169466,11.1785526
11.548811,-10.9191923,11.0387955
11.5895205,-10.7988186,11.1321802
11.5115423,-11.0763035,10.9816151
11.630372,-11.1079559,10.9071779
11.6744347,-11.22999,10.8640566
11.1746435,-10.9548426,11.1301222
11.016613,-10.8996058,11.1741037
11.5245085,-11.2286024,10.9555101
11.3618174,-11.2278156,11.0224485
12.2252903,-10.6975384,11.3946419
12.4614449,-10.8811436,11.5126696
13.1919689,-11.3827953,10.3957396
11.4475002,-11.0536613,12.1280546
12.5606527,-11.0323114,11.5314665
11.5361958,-11.2023411,12.1329546
12.0248318,-10.6602745,11.3290606
11.6183395,-11.0543222,12.0873823
11.5346746,-10.9240742,12.0493965
11.6127987,-10.7091494,11.2716589
13.1509504,-11.3789501,10.5660295
11.4556894,-10.873085,11.1136007
11.7156897,-10.9195623,11.9931135
11.7928305,-11.0829687,12.0385666
11.3731413,-10.9968386,11.065341
11.8683567,-10.6675501,11.2885008
11.5986929,-10.802598,11.9283676
11.3131714,-10.6781435,11.4510651
11.1638088,-10.71768,11.372962
13.0965939,-11.3750134,10.732729
11.4669876,-10.6579542,11.5294323
11.6212912,-10.7097988,11.7760029
11.457468,-10.7748051,11.2170181
11.2107096,-11.3267822,12.174202
13.0294151,-11.3711357,10.8942499
11.620019,-10.6633425,11.615756
11.0159521,-10.7722988,11.2948151
11.8081369,-11.231945,10.7502956
12.9498501,-11.3673038,11.0497656
11.7535458,-10.666873,11.3529396
11.4618587,-10.6963167,11.3592567
12.8580732,-11.364233,11.1985693
11.3162737,-10.7497759,11.292654
11.6167154,-10.6628666,11.4370375
12.7552195,-11.3611965,11.3392839
11.1661615,-10.8177052,11.2335997
11.3192539,-10.8635674,11.1636791
4.25598717,-5.89801073,0.552535534
11.7659216,-10.7785301,11.8403301
11.7693214,-10.6600161,11.5178766
11.768157,-10.697607,11.6887779
12.3368053,-10.7882996,11.5046635
11.705574,-11.2026644,12.0855713
11.8759575,-11.0015297,11.976676
11.8988152,-10.6597414,11.4306755
11.9025068,-10.8747101,11.8844614
11.9184017,-10.6926746,11.5984526
12.0705576,-10.6958885,11.5117035
11.9163084,-10.7649221,11.7524519
12.6418858,-11.358283,11.4712362
12.0655546,-10.7612877,11.6621103
11.0188484,-11.4005117,11.1075878
12.0538177,-10.8637791,11.7968664
12.2141495,-10.7696171,11.5735273
12.4688673,-11.2088442,11.6597576
11.9337111,-11.1113396,11.9872351
12.1912918,-10.866538,11.7141314
11.4580622,-11.391243,12.1211014
12.0292091,-11.0277576,11.9156313
11.8710947,-11.2033005,12.0248594
12.1616678,-10.9913568,11.8239307
12.3387136,-10.8825397,11.6208858
12.3155966,-11.0403843,11.743474
12.4399805,-11.0019388,11.6263847
3.80458927,-6.42991543,0.513399959
4.02576208,-6.37294006,0.530152559
12.3309774,-11.2070265,11.7681885
12.1843004,-11.2054853,11.8659077
12.0306454,-11.2042408,11.9516344
11.5986605,-11.3268328,12.1056023
11.3088188,-11.3891335,12.1468229
11.0199842,-11.7743254,11.6473656
11.0200396,-11.751749,11.4772291
11.1715794,-11.7700138,11.5615263
11.1702938,-11.7640572,11.7333603
11.3229532,-11.7722521,11.6489916
11.3646059,-11.3492775,11.0385408
11.157486,-11.7276983,11.4057426
11.0196924,-11.743022,11.8197308
11.3400574,-11.7588596,11.4730721
12.5186529,-11.3559265,11.5936937
11.3196745,-11.7342463,11.8172426
11.1665564,-11.70578,11.8969297
11.4734955,-11.7510157,11.735815
11.0191898,-11.659317,11.9746809
11.7346611,-11.3506641,12.0585451
11.493187,-11.7738361,11.5772667
12.1172428,-11.3611383,10.2322178
3.34829044,-5.94028711,0.48528561
11.3217411,-11.6529531,11.9592352
11.1718435,-11.6008272,12.0337591
11.4665489,-11.6802149,11.8934259
11.018528,-11.5319281,12.0956202
11.894412,-11.3702965,11.9915619
11.1777391,-11.4628916,12.130065
12.04603,-11.3862915,11.9141378
11.6223011,-11.7013216,11.8150797
11.4566517,-11.5693722,12.0210733
11.3155842,-11.5235682,12.0802069
4.25681019,-6.04207563,0.549013615
11.6124334,-11.6033316,11.9504089
12.3860836,-11.3541355,11.7061195
11.0198545,-11.6760788,11.3182669
11.5932798,-11.4679461,12.0560818
12.2772684,-11.3332996,11.7915335
11.7672596,-11.6252289,11.8740978
11.7507782,-11.501852,11.9868174
12.1700239,-11.4081345,11.8354406
11.7700777,-11.7269611,11.7063036
11.9055433,-11.5243931,11.9089746
11.9985104,-11.3572969,10.5279598
4.21526909,-6.1741147,0.539088368
11.9189997,-11.6422968,11.787178
12.0564108,-11.5397921,11.8217154
11.6517372,-11.396904,10.9154243
12.0770063,-11.3846064,10.3802633
12.1810455,-11.5670872,11.7229748
12.046773,-11.6550121,11.7018108
13.1504917,-11.5220613,10.3021221
13.1152964,-11.5195808,10.4741955
12.2897501,-11.4707832,11.7238407
11.915247,-11.7112494,11.6749878
12.1667013,-11.6765566,11.5919218
12.3060617,-11.5936804,11.6067638
12.5413065,-11.4954166,11.495923
12.6604557,-11.4978752,11.3674812
11.9033508,-11.3596153,10.6691914
12.4121571,-11.4931526,11.6143093
12.0155916,-11.7303352,11.5741615
11.2012768,-11.4436941,11.1107645
12.4277506,-11.6061697,11.4902611
12.5481758,-11.6092482,11.3682232
12.7667875,-11.4971142,11.2357931
11.7861156,-11.3691607,10.7989521
4.1368041,-6.28715849,0.549791753
12.2824821,-11.694766,11.471035
11.8491287,-11.7626228,11.550128
12.6599827,-11.6101789,11.2379856
12.1279335,-11.746315,11.4526043
12.4049959,-11.7023382,11.3461523
11.5157747,-11.7601995,11.4294577
11.6817265,-11.7746191,11.5030088
12.5161276,-11.703166,11.2281981
12.2418194,-11.7575731,11.3206997
12.627327,-11.7023726,11.092802
12.3610544,-11.7614355,11.1937275
11.9701529,-11.7722034,11.4228525
12.9593668,-11.4839172,10.9395657
12.8615971,-11.5161495,11.0762119
12.481123,-11.7605629,11.0674839
12.0745983,-11.7772417,11.2985249
13.0716391,-11.509881,10.6400671
13.017662,-11.4983749,10.7980328
13.0453682,-11.637991,10.3685312
12.1936197,-11.7799835,11.1648693
11.8101425,-11.773839,11.3855247
11.9220428,-11.7702913,11.267663
13.0751925,-11.6385374,10.1966209
12.305356,-11.7822609,11.039917
12.040802,-11.7663574,11.135849
12.1380873,-11.7610426,10.9991713
12.7407579,-11.609211,11.1314945
11.8751822,-11.7254772,11.1177416
11.7633829,-11.7385263,11.2325211
11.9748411,-11.70959,10.9894753
11.2806206,-11.6915569,11.3182621
11.5227318,-11.458292,11.0176992
12.6029119,-11.755785,10.9304438
11.8214979,-11.6349859,10.9854183
11.6119413,-11.7583218,11.6670799
11.7152348,-11.6619301,11.1010647
12.0770779,-11.6985207,10.8480873
12.2361202,-11.7613268,10.8692198
13.0075216,-11.6313457,10.5379677
11.9315443,-11.6121788,10.8515539
11.6706686,-11.5490284,10.9977665
12.7549686,-11.6689644,10.9904575
10.8395548,-10.6577749,11.6223345
11.545104,-11.6108608,11.1266012
4.15906429,-5.68359232,0.54793334
11.1426382,-11.6547403,11.284194
10.8659306,-11.1173267,12.1847534
12.4181261,-11.7853632,10.8709431
10.8664265,-10.9542246,12.128314
12.7387543,-11.7296677,10.8264503
11.6456528,-11.7507343,11.3369665
10.8633528,-10.7068987,11.8644304
10.8672724,-10.8160229,12.0246954
12.890316,-11.6133642,10.8741598
12.9596262,-11.623086,10.6980219
11.787694,-11.5045662,10.8744898
11.6289768,-11.6947021,11.2050161
12.5784225,-11.7837524,10.7511377
12.8420973,-11.7006712,10.7326546
12.7174206,-11.7682686,10.6521187
12.8678341,-11.7212019,10.5810604
12.5636759,-11.7911243,10.5783501
12.9098282,-11.7249765,10.4308577
12.7194347,-11.7857189,10.464694
12.0334167,-11.6004906,10.7105694
12.4219694,-11.7794352,10.6787767
12.9434052,-11.7288542,10.2585754
12.1731691,-11.7029381,10.7237425
11.4182873,-11.7240171,11.3479185
11.5268946,-11.7081261,11.2766409
12.4098616,-11.7610064,10.5057421
12.5290575,-11.7848387,10.4004984
11.9083405,-11.4850235,10.7387114
12.3020401,-11.759738,10.7489386
12.7849722,-11.7843275,10.2980518
12.6421137,-11.7967949,10.3030758
12.2740583,-11.722518,10.6091366
11.391016,-11.5249243,11.1112947
11.0194445,-11.5550957,11.1910334
12.0027952,-11.4845781,10.6120377
11.4008474,-11.6514788,11.2297468
12.3837223,-11.7288971,10.3228064
12.2670002,-11.6776609,10.4421692
12.132308,-11.6124592,10.5705147
10.8656025,-11.2897234,12.1887512
11.2299747,-11.5843935,11.1978493
12.0674152,-11.4816608,10.4955168
12.1548567,-11.5533457,10.4009008
12.2537317,-11.625227,10.2763014
12.1643362,-11.4966049,10.2503061
3.34606743,-6.02683401,-0.0284637082
3.34566975,-5.92371559,-0.0064807958
3.3452611,-5.92371559,-0.0554790907
3.34607863,-5.92371559,0.0425174981
3.79640675,-5.51551533,-0.467456907
3.79558015,-5.51551533,-0.566536903
3.7060802,-5.52444458,-0.516246796
3.68936419,-5.52824926,-0.453829557
3.6609149,-5.53569078,-0.607572436
3.80403471,-5.51551533,0.446911275
3.61021256,-5.55498314,-0.510747552
3.69917178,-5.5276804,0.435620487
3.58919573,-5.56538296,-0.415859014
3.50335383,-5.62169409,-0.479312658
3.62042022,-5.55419827,0.500211775
3.34195757,-5.98864603,-0.169075713
3.59720707,-5.56476831,0.399382174
3.79460645,-5.51551533,-0.683249414
3.5260675,-5.60324383,-0.590860248
3.52254033,-5.6126008,0.471535742
3.49495935,-5.62981749,-0.350636244
3.50187254,-5.62877703,0.336166531
3.54169464,-5.59184408,-0.681139529
3.42771029,-5.7011652,-0.570858061
10.8671436,-11.4555721,12.1397858
3.66418052,-5.5345149,-0.682161331
3.43389535,-5.7040658,0.425140679
3.43759298,-5.68712044,-0.680271089
3.37104821,-6.13290596,-0.122880943
3.40743685,-5.73297215,-0.42617321
3.42325926,-5.71715736,0.248438835
3.36540532,-5.81521845,-0.679668844
3.35355377,-6.06554604,0.112639911
3.36845088,-5.81876421,-0.160627574
3.36994529,-5.80612803,-0.548498094
3.37160015,-5.82261753,0.379782259
3.34147835,-5.91873407,-0.576603532
3.35101914,-5.8703351,-0.441378772
3.3376174,-5.95936632,-0.679437041
3.38386035,-6.16113853,0.0163269173
3.34382391,-6.04345798,-0.572128296
3.33987737,-5.99686766,-0.461668164
3.35891604,-6.09972239,-0.260114998
3.35693216,-6.10485029,-0.679598153
3.38807011,-6.18009806,-0.570728898
3.36364412,-6.12003517,-0.459387511
3.34075046,-5.956357,-0.315587312
3.36514592,-5.82439804,-0.320230514
3.42220187,-6.23792648,-0.680142641
3.4663198,-6.28996563,-0.570326269
3.42456627,-6.23861504,-0.455580473
3.35150242,-6.07460022,-0.369825065
3.41722989,-6.22514868,-0.223999679
3.3603735,-5.85604906,0.257328302
3.39541984,-6.19062376,-0.352710128
3.52479553,-6.34180737,-0.680998564
3.34621334,-5.95586443,0.337114125
3.88138914,-5.52364349,-0.569169223
3.34476137,-5.96730328,0.196443647
3.5065074,-6.32625389,-0.466131538
3.57211733,-6.3715539,-0.559144258
3.4369061,-6.25095701,-0.0721388534
3.48291397,-6.30453825,-0.342475682
3.79460645,-6.42991543,-0.683249414
3.79585862,-6.42991543,-0.533140182
3.6547842,-6.40800858,-0.682082951
3.68940663,-6.41730642,-0.511070132
3.41851377,-5.71788263,-0.261930168
3.39898872,-6.18945217,0.150969237
3.79710507,-6.42991543,-0.383743316
3.61489582,-6.39211226,-0.403366864
3.50685048,-6.32450724,-0.171170354
3.46367764,-6.2815485,0.0610159449
3.35463715,-6.05742979,0.435076028
3.37136269,-5.81782913,0.148196653
3.58806825,-6.37881136,-0.262294739
3.53620768,-6.34617901,-0.0423606224
3.36222792,-6.09565878,0.275300384
3.62816048,-6.39673662,-0.137731686
3.56198335,-6.36236143,0.103884414
3.65973353,-6.40777445,-0.00168625521
3.47999644,-6.29732704,0.199283615
3.70218325,-6.41971731,-0.251003355
3.41842365,-6.22070026,0.267770916
3.3994627,-6.18659019,0.390905201
3.90107656,-5.5276351,-0.456209809
3.68393898,-6.41453314,0.147776335
3.57437444,-6.36902475,0.245397568
3.79835224,-6.42991543,-0.234255075
3.48485541,-6.30093527,0.340718448
3.9094522,-5.52786016,0.433686852
3.6045444,-6.38429642,0.398618102
3.79959941,-6.42991543,-0.084737666
3.80084682,-6.42991543,0.0647964776
3.67573452,-6.4119606,0.275747627
3.80209446,-6.42991543,0.214339346
3.8033421,-6.42991543,0.36388284
3.92650461,-5.5349555,-0.684349716
4.25436258,-5.92371559,-0.0630631074
4.25477171,-5.92371559,-0.0140648149
4.25527382,-6.01446962,-0.0404658765
4.25518036,-5.92371559,0.0349334814
3.98694968,-5.55732918,-0.524685025
3.98164415,-5.55525589,-0.612194002
4.00269127,-5.56449509,-0.420196414
4.09000683,-5.62236929,-0.486686707
3.99889064,-5.55890512,0.500252306
4.25577927,-5.98843861,-0.176531807
4.01099777,-5.56525612,0.395442277
4.06938934,-5.60675764,-0.597236216
4.10959435,-5.6325264,0.458073109
4.09850359,-5.62872028,-0.356768161
4.105093,-5.62947178,0.33043918
4.04815769,-5.59226942,-0.685364604
3.93513393,-6.4077816,-0.684421718
4.16355991,-5.7014823,-0.577092052
4.15222025,-5.68787241,-0.686232686
10.8446465,-11.7750864,11.6472073
4.17936468,-5.72264242,-0.443812191
10.887578,-11.7612724,11.7580814
10.8705826,-11.7053013,11.9052505
4.19478035,-5.73515749,0.45819664
4.22409344,-5.81599903,-0.686832309
10.868885,-11.598835,12.0421486
3.9081459,-6.41617489,-0.408630013
4.24195623,-5.84134674,0.445272356
4.22402382,-6.14162731,-0.137933195
4.22039652,-5.80343246,-0.555060685
4.26117611,-5.97281647,0.437977672
4.16777706,-5.69654894,0.370380193
3.93723321,-6.40821457,-0.271254361
4.24914837,-5.91609383,-0.581848145
4.24055147,-6.10831881,0.431828409
4.24189711,-5.86949015,-0.457839936
4.25157928,-5.95882463,-0.687061608
4.24365425,-5.86906242,-0.235268772
4.25174189,-6.04905653,0.0765361562
4.24754953,-6.04114485,-0.578096807
4.21957874,-5.78407335,0.334344149
4.25316763,-5.99329996,-0.466441274
3.9548955,-6.40348148,0.165092438
4.23288965,-6.10281754,-0.686905682
4.1821785,-5.71826124,0.241003558
4.2548213,-5.90300417,0.317062765
3.91448331,-6.41607141,0.301624715
4.20428085,-6.17749214,-0.577362716
4.22989273,-6.11813641,-0.465739459
4.1685338,-6.23577547,-0.686368823
3.93407822,-6.40990496,-0.00145579595
3.9009583,-6.4184289,-0.142825648
4.23495674,-6.1072793,-0.277330935
4.23231602,-5.81969881,0.139144242
4.259027,-5.97041416,0.181094468
4.12795591,-6.28653908,-0.581034124
4.23031998,-5.82555723,-0.34420231
4.2210989,-6.15149021,-0.00250976742
4.25460291,-5.96078682,-0.331290752
4.25601673,-6.0340929,0.31561929
4.17041636,-6.23576117,-0.461895525
4.24139738,-6.08084679,-0.37802726
4.18328571,-6.22790241,0.43267107
3.96626997,-6.40003204,0.404899299
3.96918106,-6.39589643,-0.502423465
4.06538439,-6.34109879,-0.685508311
4.20108795,-6.18718433,-0.360612154
4.17381954,-6.23357344,-0.237281844
4.21982002,-6.16044807,0.314033121
4.17667007,-5.71640873,-0.269728839
4.22907114,-5.81780863,-0.16876252
4.24178982,-6.09766483,0.200595647
4.14146423,-6.27638388,-0.0766307414
4.08373785,-6.32825804,-0.481621176
4.08712673,-6.33158112,0.423300952
4.14434528,-6.27669764,0.302147657
4.0374341,-6.36062193,-0.584110618
4.12457991,-6.29197121,-0.360889584
4.03193951,-6.36837053,0.302195072
4.19295788,-6.20965576,0.194791451
4.22099161,-6.15372324,0.0992229357
4.16378593,-6.25086546,0.0732293278
4.09651709,-6.32229424,0.184249163
4.07197523,-6.33897161,-0.239443541
4.05702257,-6.35127497,0.0406922512
4.01612043,-6.37526798,-0.113870196
4.02929783,-6.36662483,-0.372738868
1.17519581,-10.7212877,11.7802372
1.3500489,-10.6989746,11.6137753
1.17525244,-10.6997337,11.6136179
10.7143898,-11.3758764,12.1703901
10.713768,-11.2030725,12.1932821
10.7149668,-11.0331812,12.162365
10.5623322,-11.1159124,12.1839809
10.7156715,-10.8809528,12.0811396
10.5632734,-10.953557,12.1269817
10.5620499,-11.2909021,12.1884956
10.7163401,-10.760602,11.9571238
10.5639505,-10.8159456,12.0229845
10.7037411,-10.6788368,11.7850113
10.5641899,-10.7164259,11.8816042
10.4115639,-10.8805351,12.0795527
10.6636753,-10.6585388,11.6221762
10.4130411,-10.7605972,11.9549713
10.4117746,-11.0326605,12.1614475
10.4097776,-10.6780348,11.7771015
10.5698462,-10.6683235,11.7372112
10.2601871,-10.8152161,12.0205812
10.411499,-11.2021732,12.1929502
10.2606754,-10.7169371,11.8796873
10.5597076,-11.4568071,12.1395559
10.2596111,-10.9537792,12.1261187
10.4877968,-10.6593018,11.6220179
10.4095068,-11.3735952,12.1711712
10.2595968,-11.1159925,12.1834774
10.258482,-11.2869558,12.1888924
10.1085758,-10.8808308,12.0785027
10.107522,-11.0327635,12.1607428
10.4066553,-11.5306892,12.0977192
10.2554979,-11.4527626,12.1417866
10.1085472,-11.202527,12.1926479
9.95551586,-10.9529743,12.1246929
10.10886,-11.3732386,12.1713772
9.95596504,-11.1173429,12.1832094
10.2576637,-11.5968189,12.0459328
10.5592413,-11.597846,12.0440474
10.1056089,-11.5294189,12.0991745
9.95667362,-11.288969,12.1885338
9.95467377,-11.4515276,12.1426783
10.4071455,-11.6570187,11.9805031
10.1035204,-11.6544867,11.985055
9.95222092,-11.5951176,12.0484152
10.2541618,-11.7048101,11.9103432
9.80421066,-11.0331316,12.1601315
9.804286,-11.2035809,12.1923656
9.80071259,-11.5252476,12.1025133
9.80609798,-11.3749256,12.1709976
9.95161343,-11.7041922,11.9134436
9.79950809,-11.6549149,11.9858828
9.6520319,-11.1172037,12.1826601
9.65316963,-11.2916718,12.1880865
9.6509161,-11.4481001,12.144536
9.50672626,-11.1987467,12.1918736
9.50003052,-11.3694248,12.1726332
9.64851952,-11.593544,12.0507393
10.1052341,-11.7410421,11.8350821
9.35146236,-11.2788544,12.1894178
9.50143242,-11.5270061,12.1019449
9.80130386,-11.7414885,11.8370581
9.5031271,-11.0288935,12.1578484
9.34818363,-11.4521589,12.1430368
9.35238647,-11.1156855,12.1818466
9.65174866,-11.7033319,11.9168825
9.34797287,-11.5941839,12.0510607
9.49922752,-11.6549854,11.9871264
9.9518404,-11.7665138,11.7519045
9.19989204,-11.196125,12.1914158
9.20282173,-11.3672495,12.1732988
9.50569153,-11.7493486,11.819067
9.66380119,-11.7627087,11.7730131
9.78857994,-11.7796717,11.6462545
9.1949625,-11.525054,12.1037884
9.20284081,-11.0243883,12.1553984
10.8658628,-11.1427927,11.0808516
9.34558201,-11.7031622,11.9191399
9.04934788,-11.2849779,12.1886406
9.19443321,-11.6526976,11.9912262
9.04652977,-11.4424448,12.1475821
9.34869003,-11.7629118,11.7771797
8.89593506,-11.3626375,12.1745691
9.05832005,-11.1123056,12.1806507
9.18896294,-11.75072,11.8187914
9.6590004,-10.9521961,12.1232948
8.9031105,-11.1916618,12.190836
8.89662552,-11.5214434,12.1066265
9.0494957,-11.589469,12.0560579
8.74762344,-11.2713661,12.1897984
9.06266594,-10.9509697,12.1206379
8.74376202,-11.4452953,12.1466541
9.04092026,-11.7010479,11.9245663
8.7546587,-11.099205,12.1772318
8.91047764,-11.0222969,12.1538401
8.89311314,-11.6456738,12.0007124
8.7424202,-11.5851212,12.0606213
9.43718624,-11.7811975,11.6459379
8.59923077,-11.1785574,12.1895161
8.59574699,-11.3579893,12.1757774
8.59025764,-11.5174217,12.1096592
9.26148891,-11.7819595,11.6457787
9.02502918,-11.763402,11.780282
8.74248791,-11.6987114,11.9301577
10.7161646,-11.5324612,12.0958815
8.8950386,-11.7381182,11.8540411
8.59020996,-11.6473379,12.0000391
9.08579159,-11.7827225,11.6456203
8.44044018,-11.4357681,12.1508846
8.43757439,-11.5867414,12.0600967
8.60720253,-11.0111685,12.1485548
8.76181221,-10.9390697,12.1127272
8.91814613,-10.8728905,12.0671234
8.43875313,-11.7009039,11.9284887
8.91009426,-11.7834854,11.645462
8.2851696,-11.6499758,11.9982529
8.45133781,-11.0864429,12.1734982
10.8661385,-10.977314,11.1296883
8.61420918,-10.8641033,12.0584574
8.45878315,-10.9290714,12.1055174
10.1080942,-10.7609501,11.9533062
10.4091358,-11.7489996,11.8093977
10.5588541,-11.7059889,11.9061708
8.76882839,-10.8062325,12.0024052
10.2506924,-10.6689749,11.7329178
10.8834944,-10.6714535,11.510478
8.44441319,-11.2578716,12.190546
8.62125206,-10.7515554,11.9278889
8.46573353,-10.7991362,11.9923639
10.3119287,-10.6600657,11.6218586
8.79035759,-10.6968069,11.814353
8.92444611,-10.7570152,11.9387884
8.30315876,-10.9991741,12.1425276
8.62814617,-10.6841354,11.7691545
8.47113609,-10.7004747,11.8205795
10.2464256,-11.7613745,11.7688084
9.80296993,-10.8804092,12.076889
8.31185818,-10.8544798,12.0486374
9.95548916,-10.8167162,12.0204916
8.72970104,-10.666935,11.6204319
8.31943417,-10.7455997,11.9155998
8.29669857,-11.165926,12.1878748
8.155653,-10.9169683,12.0965261
8.29019356,-11.3383741,12.1801615
10.1414852,-11.7781391,11.6465731
8.16367245,-10.7910976,11.9806747
8.30838394,-10.684556,11.7649612
8.37828159,-10.6684608,11.6201143
8.17076969,-10.7061672,11.8321705
8.14799309,-11.0753222,12.1698437
8.20260429,-10.6692238,11.619956
8.01518059,-10.7403374,11.9038115
8.00914955,-10.8468904,12.0402107
8.02390766,-10.6807747,11.7421331
8.1415205,-11.2466469,12.1908293
8.00292397,-10.9891243,12.137023
7.86757612,-10.7022734,11.8177204
7.99390936,-11.1540413,12.1859798
7.86015368,-10.7854986,11.9715433
8.13472939,-11.4164848,12.1584473
7.85408735,-10.9099474,12.0905609
9.51186943,-10.8751106,12.0715046
8.590518,-11.7400866,11.8522587
7.98684406,-11.3267012,12.1823578
8.74390411,-11.7670288,11.7709084
7.84658289,-11.0620737,12.1652193
7.83846998,-11.2342119,12.1908417
7.70504236,-10.8395948,12.0316992
7.71389484,-10.736208,11.8935232
7.97870827,-11.4916801,12.1253262
7.69843864,-10.9772539,12.1302719
7.82998848,-11.4046192,12.1627083
10.8670244,-10.7279167,11.3632774
7.54980755,-10.9001026,12.0823011
10.8667593,-10.834259,11.2270117
7.69249296,-11.1414766,12.1836576
7.55859613,-10.7786674,11.9603539
10.8676605,-11.3152475,11.0848198
7.85131884,-10.6707487,11.6196394
7.40232277,-10.829566,12.0200233
7.54486656,-11.053422,12.1617165
7.68761492,-11.3137712,12.1844301
7.39535284,-10.9699688,12.1255407
10.7179108,-11.6586246,11.977005
7.73476028,-10.683238,11.7477293
7.53907871,-11.2234249,12.1905441
7.38999987,-11.1322536,12.1815891
7.67350531,-11.4798622,12.1318331
7.57088661,-10.6929302,11.7839346
7.4110527,-10.7305412,11.8796215
10.1096449,-10.6852274,11.7975044
7.53365946,-11.3951139,12.1658812
7.38392925,-11.3054419,12.1855307
7.24697161,-10.8891106,12.072732
7.51740932,-11.5522509,12.0889044
7.25482845,-10.7706785,11.9468765
7.6757164,-10.6715107,11.6194811
8.55398083,-10.6676979,11.6202736
7.41528988,-10.6823578,11.7361612
7.24070692,-11.044529,12.1579151
7.500144,-10.6722736,11.6193228
7.25467873,-10.6907873,11.7706251
7.23584843,-11.215085,12.1900597
7.3245945,-10.6730356,11.6191645
7.1076622,-10.7245369,11.8639755
9.65144634,-10.814683,12.0166855
7.09900427,-10.8206625,12.0088892
7.22880936,-11.388958,12.1678505
7.0862627,-11.1243629,12.179574
7.10330582,-10.6801023,11.7147093
7.14906359,-10.6737976,11.6190062
10.3175688,-11.7773752,11.6467314
10.8676167,-11.7260399,11.405776
6.95145845,-10.7624292,11.9321318
6.96101809,-10.6929817,11.7738886
6.97354984,-10.6745596,11.6188478
6.79803514,-10.6753216,11.6186895
6.80441427,-10.7188015,11.8476334
7.09168434,-10.9558754,12.1167955
10.7305946,-11.7483873,11.8072929
6.94342804,-10.8793306,12.0636034
6.79542828,-10.8096504,11.9946995
6.67478657,-10.6934147,11.7705297
9.95541096,-10.717001,11.8768158
10.1360712,-10.6608295,11.6217003
6.64807129,-10.7548971,11.9175358
6.62252235,-10.6760836,11.6185312
10.8713493,-11.6169758,11.2452803
6.93340874,-11.0238523,12.1492691
6.5088439,-10.7053499,11.8082771
6.49204302,-10.8001738,11.9814358
6.92492342,-11.193469,12.1886072
6.63842583,-10.8650427,12.0500603
6.78573418,-10.9405928,12.1066628
6.34478951,-10.7477102,11.9025202
6.48283768,-10.92799,12.0975151
6.335495,-10.8539124,12.0384722
6.62939453,-11.0101528,12.142663
6.47419977,-11.0850859,12.1690378
6.32660294,-10.9969435,12.135767
6.62166405,-11.1776218,12.1868362
6.35489607,-10.6880913,11.7409744
6.77740145,-11.0987425,12.1732702
6.44702387,-10.6768456,11.6183729
6.17912626,-10.91541,12.0877838
6.46518707,-11.2580996,12.1891632
6.31732368,-11.1629019,12.184679
6.1886673,-10.7909212,11.9676228
6.19393396,-10.7015772,11.7918291
6.27154016,-10.6776075,11.6182146
10.8695927,-11.4786129,11.1413813
6.04152584,-10.7408295,11.8869705
6.03200102,-10.8428221,12.026207
6.03560877,-10.6891098,11.7388458
6.09604502,-10.6783695,11.6180563
6.16979647,-11.0691271,12.1636353
5.89489698,-10.7050066,11.7984695
5.88530874,-10.7819042,11.9532299
5.92022181,-10.6791325,11.617898
6.02233791,-10.9820862,12.127512
5.73828077,-10.7342892,11.870883
5.87596655,-10.9024391,12.0771313
6.30953264,-11.3330898,12.1810026
5.72880697,-10.832016,12.0134687
5.86681795,-11.0549049,12.158226
5.71941996,-10.9685574,12.1193323
6.16126251,-11.2388859,12.1893454
6.01351118,-11.1455603,12.1816187
5.8583746,-11.2247725,12.1889181
5.71073866,-11.1312981,12.1785231
5.74228477,-10.6868505,11.7188673
6.45763636,-11.4552698,12.1445713
6.0053134,-11.3177023,12.1834126
5.84950686,-11.3972769,12.1659193
5.70210695,-11.3041391,12.1850958
5.53827143,-11.0377522,12.1511145
6.15333652,-11.4112787,12.1613998
5.62217474,-10.7717733,11.9364519
5.5957098,-10.7070608,11.8005743
1.34070003,-10.7299309,11.8098907
5.55993557,-10.8608475,12.0410872
5.56602478,-10.6806707,11.6175785
5.43727398,-10.694828,11.7530394
5.47828341,-10.7466631,11.8929157
5.30711365,-10.7261696,11.8483353
5.39029837,-10.6814337,11.6174202
5.28650141,-10.6902905,11.7271099
5.14319086,-10.7061014,11.7907581
5.37201405,-10.8102903,11.9868479
5.19301987,-10.7842484,11.9516687
5.21469975,-10.6821957,11.6172619
5.41472244,-10.9188452,12.0871763
5.57956314,-11.2022009,12.1875935
5.01995325,-10.772109,11.9324055
5.26134872,-10.8921242,12.0665245
5.33241749,-11.0295115,12.1473007
5.08759737,-10.8785686,12.0545559
4.95768023,-10.7046728,11.7829762
5.1587739,-11.0104504,12.1386223
5.40549517,-11.182415,12.185689
4.98460436,-10.9970999,12.131834
5.05868959,-11.144515,12.1798677
5.50073004,-11.3503857,12.1776657
5.23255205,-11.1621828,12.1829557
4.88439131,-11.1329641,12.1773977
5.12756348,-11.3018723,12.1851177
5.30120754,-11.3193445,12.1829815
4.96127653,-11.2862177,12.186512
5.19862509,-11.4565563,12.1452036
5.36671162,-11.4760618,12.1364174
4.78689861,-11.2776356,12.1870174
5.02983952,-11.4400969,12.1519098
4.91031122,-10.8663263,12.0429335
4.85493279,-11.4235525,12.1580019
5.09769297,-11.5808191,12.0734739
4.80972338,-10.9835052,12.1244249
4.70947981,-11.121067,12.1745625
4.68192244,-11.4133682,12.1614666
4.61337757,-11.255022,12.1878338
4.7587409,-11.5540638,12.0933962
4.93690968,-11.56458,12.085784
5.2755065,-11.5908747,12.0651417
4.58156681,-11.545949,12.0990715
4.507586,-11.3938999,12.1673584
4.997715,-11.6805792,11.9755306
4.83149242,-11.6760702,11.9819107
5.17179441,-11.6914816,11.9603691
4.53765535,-11.1009064,12.1693058
4.43887758,-11.2441702,12.1877956
4.64195681,-10.9737234,12.1186295
4.73621559,-10.858532,12.0348396
4.46864891,-10.9535646,12.1063566
4.56214237,-10.8498468,12.0255213
4.39136934,-10.8348484,12.0090818
4.66969204,-10.7645397,11.9175091
4.29396296,-10.9469595,12.1016388
4.49647999,-10.7548895,11.8993292
4.32368326,-10.743969,11.8768835
4.23569441,-10.8255234,11.9978743
4.60110331,-10.7034435,11.7725773
9.21143532,-10.8783741,12.0727787
4.42804384,-10.6985817,11.7493124
4.7747612,-10.7075624,11.7899647
4.16090393,-10.7444077,11.8761959
4.24975967,-10.6987572,11.7464066
4.37943268,-11.0834093,12.1640234
4.33708954,-10.6860065,11.6164694
9.34628963,-10.9481993,12.1200285
4.51249695,-10.6852446,11.6166277
4.16168213,-10.6867676,11.616312
4.13963985,-10.9323893,12.091547
4.08046818,-10.7003422,11.7501335
4.07700539,-10.8270874,11.998724
3.99039078,-10.7492428,11.8841658
3.98627448,-10.6875296,11.6161537
9.61288261,-11.7804346,11.6460962
4.20695066,-11.0725689,12.1602411
3.90988564,-10.7013016,11.7509584
9.07197189,-10.8153305,12.0141687
3.98424792,-10.9294405,12.0889339
3.90736532,-10.8352642,12.0068216
3.82720661,-10.7499142,11.8839464
4.03727531,-11.0421286,12.1489277
4.34099722,-11.3865967,12.1693792
8.28334522,-11.5010719,12.1197395
8.29014301,-11.750289,11.8298626
4.41726971,-11.5281,12.1103592
3.81086707,-10.6882906,11.6159954
3.87917209,-11.0363884,12.1462212
4.64322042,-11.6794128,11.9786129
4.11070967,-11.1957197,12.1852646
3.9373281,-11.1766777,12.1829758
3.7434299,-10.7043619,11.7607908
3.7785995,-11.1676083,12.1815176
1.17554438,-10.7311115,11.4410391
3.81514478,-10.9303627,12.0889111
3.74282193,-10.8300657,12.0001431
4.27953339,-11.2248125,12.1872902
8.97717857,-10.6821814,11.7677155
3.65919971,-10.7571707,11.8961096
3.63545966,-10.6890526,11.6158371
8.90544128,-10.666172,11.6205902
3.71067476,-11.0449638,12.1491861
3.56572032,-10.7039776,11.7557983
3.6576097,-10.929244,12.0875244
3.59832573,-11.1623726,12.1804571
3.84507012,-11.3178349,12.1827278
3.68324876,-11.3091316,12.1837063
3.54288077,-11.0374041,12.1457367
3.43073869,-11.1574812,12.1794062
3.99715567,-11.3283453,12.1813183
3.59065175,-10.8262596,11.9949312
3.50257015,-10.7502556,11.8815651
3.46005225,-10.6898136,11.6156788
3.49547052,-10.9062452,12.0700054
3.5100112,-11.3078175,12.1837749
3.37351561,-11.0020475,12.1293774
4.47976112,-11.652072,12.0108442
8.45055294,-11.7638435,11.7870855
10.7240725,-10.6846952,11.464447
3.33588457,-11.3035765,12.1841316
4.16924381,-11.3559237,12.1765137
8.12731647,-11.5696087,12.0747137
3.25851655,-11.1269503,12.1731606
8.02694893,-10.6699858,11.6197977
7.82043171,-11.5603275,12.082428
3.59545946,-11.4524775,12.1482372
3.34107518,-10.86201,12.0311203
3.75351954,-11.4545126,12.1473007
3.42062712,-11.453721,12.1478891
10.5693293,-10.673707,11.5063572
3.2083714,-10.9689932,12.1111403
3.38574457,-10.7045555,11.7547665
3.46030354,-10.8089151,11.9731426
4.24703074,-11.5022612,12.1249151
9.96467495,-11.7789068,11.6464128
3.90381145,-11.4595022,12.1451473
4.83313513,-10.7682571,11.9248819
3.34760141,-10.7614946,11.9011984
4.30609131,-11.6360064,12.0279026
7.3764801,-11.475318,12.1344366
7.07927132,-11.3011494,12.185977
3.16292644,-10.7945051,11.9518757
4.07637835,-11.4760895,12.1378117
8.55869961,-11.7850113,11.6451454
3.2846446,-10.6905756,11.6155205
3.66067147,-11.5735683,12.0821762
3.24742341,-11.433917,12.1553793
3.2342844,-10.7104359,11.7752695
3.49018097,-11.5706635,12.0846186
3.83279848,-11.5866909,12.0720425
8.73439693,-11.7842484,11.6453037
3.99551558,-11.5931139,12.0666351
3.73205686,-11.686223,11.9741993
9.80376625,-10.7600346,11.9497938
3.32027578,-11.5742188,12.0824623
3.90597701,-11.6974411,11.9585953
1.27479959,-10.7961454,11.9407558
3.56495237,-11.6882124,11.9724398
1.49425709,-10.7232819,11.7918434
4.15466118,-11.6039133,12.0574274
3.39327002,-11.681488,11.9816275
1.52528048,-10.6982136,11.6139336
6.7717905,-11.2754421,12.1883688
3.18350863,-11.2778006,12.185955
4.35836458,-11.7291412,11.9072428
3.2166431,-11.6732388,11.9922237
3.49621844,-11.7717819,11.8237295
3.66722536,-11.7721195,11.8209686
4.5133791,-11.729825,11.9050074
3.14786887,-11.5529861,12.0972548
3.81746054,-11.7615576,11.8461943
3.30461645,-11.7781458,11.8080587
4.05941105,-11.6990271,11.9556351
3.09735608,-11.1165104,12.1703939
3.10530186,-11.762845,11.8497667
10.6689634,-11.7758493,11.647049
3.96816039,-11.7701635,11.822999
4.19961929,-11.7106266,11.9381399
4.68790436,-10.6844835,11.616786
3.03368092,-10.9568892,12.103282
3.46348238,-11.8071327,11.6405497
3.81487679,-11.8056068,11.6408663
10.5743198,-11.7590752,11.7725868
3.63917947,-11.8063698,11.640708
10.4932661,-11.7766123,11.6468897
3.99057388,-11.8048449,11.6410246
4.61878157,-11.776742,11.7960758
4.11011553,-11.7748728,11.8081255
3.04244924,-11.660573,12.0071173
3.07580161,-11.410223,12.1631479
4.26896572,-11.7775288,11.7980833
4.43283939,-11.7811832,11.783823
10.4090405,-10.6852083,11.4668579
4.16627121,-11.8040819,11.6411839
4.34196806,-11.803319,11.6413422
4.51766539,-11.802556,11.6415005
2.9732182,-11.5404043,12.1054478
4.69336271,-11.8017931,11.6416588
5.68987751,-11.4754047,12.1363602
7.66289663,-11.6225996,12.0297823
3.01103497,-11.2503033,12.1865082
2.95004106,-10.8363647,12.0026093
2.93267417,-11.1015472,12.1661453
2.84438848,-11.2427263,12.1862936
2.91885209,-11.3896694,12.1689014
2.85553145,-11.6400938,12.0287495
2.85069132,-10.9645443,12.1072826
2.75905728,-11.0998659,12.165308
2.82040763,-11.5082626,12.1237278
5.07433367,-11.7681808,11.8162222
4.90813446,-11.7689457,11.8159513
9.53347969,-10.7544346,11.9394341
2.76573682,-11.3658342,12.1744633
5.35621881,-11.7140903,11.9260225
2.6791575,-11.2319765,12.185854
3.1082983,-10.6913414,11.6153612
3.10829353,-10.7143869,11.7870865
2.68511939,-11.6116743,12.054944
2.68056989,-10.9598436,12.103838
5.0390172,-10.6829586,11.6171026
2.58567691,-11.0870476,12.1611385
2.60992694,-11.3732405,12.1728725
2.76938987,-10.8497229,12.0158882
2.51730013,-11.2424488,12.1859713
9.97655106,-10.6687889,11.7246656
2.69651198,-11.4805384,12.1372623
2.59713793,-10.8447371,12.0097132
2.50821686,-10.9564714,12.1011314
2.41196966,-11.1043539,12.1658268
2.43564177,-11.3883209,12.1693382
5.45215082,-11.6064787,12.0516071
2.34361076,-11.2419596,12.1857901
2.54482746,-11.5116081,12.1223602
3.28778529,-11.8078957,11.6403913
4.86334705,-10.6837215,11.6169443
3.01592493,-10.7550726,11.8863716
2.37276483,-11.5385914,12.1075592
2.32457542,-10.9688311,12.1079988
2.2606442,-11.3950081,12.1676655
2.6918447,-10.7611122,11.8947639
2.24128366,-11.1067238,12.1661196
2.86795521,-10.760026,11.894331
2.17075586,-11.2644968,12.1856527
2.42288017,-10.8472815,12.0114527
6.61568165,-11.3547754,12.1767235
2.92578506,-11.7418718,11.8942957
2.51337647,-10.7612438,11.8934193
2.14963603,-10.9695816,12.1078358
3.1120882,-11.8086586,11.640233
2.0670433,-11.1239471,12.170186
9.08018589,-10.7171154,11.8682356
2.23954582,-10.8516741,12.015049
2.3349452,-10.7591257,11.887846
2.19275713,-11.540082,12.1069756
6.29202318,-11.4872541,12.1298885
2.09001136,-11.4139605,12.1624212
2.62440276,-10.7097044,11.7617502
2.44910049,-10.7093439,11.756979
1.99626791,-11.2684889,12.1854258
2.26378417,-10.7102327,11.757165
1.1753757,-10.7958441,11.9395876
2.14037347,-10.7648602,11.8967361
2.74744296,-11.7257719,11.9231005
6.00122643,-11.4881105,12.1298304
4.75644159,-11.7469511,11.8704166
1.97571433,-10.9882526,12.1178398
2.57772517,-10.6936445,11.6148834
5.74289942,-10.679903,11.6177378
2.40231776,-10.6944065,11.6147251
2.7959516,-10.7086592,11.760685
2.01916599,-11.5588598,12.0956068
2.48561192,-11.6425047,12.0276337
1.89497066,-11.129899,12.1712551
2.75313282,-10.6928835,11.6150408
7.97125006,-11.6310892,12.0201235
1.82266176,-11.2880068,12.184495
2.96877956,-10.7082529,11.7622356
1.80073977,-10.9918432,12.1192093
1.91476429,-11.4216261,12.1601572
1.72047412,-11.14575,12.1743536
2.9859345,-11.7936144,11.7593346
2.31373048,-11.6659641,12.0040369
2.92981768,-10.6921158,11.615201
2.59645581,-11.7157536,11.9394341
1.64794505,-11.2940502,12.1840048
1.84399617,-11.5629148,12.0932951
1.74272835,-11.438117,12.1548328
7.07028008,-11.4751911,12.1348639
8.1269598,-11.6914978,11.9447842
9.67029572,-10.7184086,11.8769083
5.53037786,-11.5096502,12.1191349
1.62743163,-11.0089226,12.1274548
1.87138379,-10.8630171,12.0245676
1.67011631,-11.579463,12.0823421
1.56782448,-11.4531984,12.1495161
1.54758263,-11.1532135,12.1755066
2.12503219,-11.663209,12.0077419
1.69756174,-10.879117,12.0389795
2.04558158,-10.8586254,12.0211067
5.22809458,-11.7613583,11.8328953
1.47389281,-11.311367,12.1824808
1.95180929,-11.6800222,11.9895754
1.45252383,-11.0136909,12.1292582
2.65165401,-11.7838383,11.7988472
2.03694773,-10.7085638,11.7453327
2.83249903,-11.7890778,11.7790594
2.44774508,-11.7652578,11.850194
1.52324128,-10.8916435,12.0492802
1.34823,-11.1620054,12.1767626
4.77117062,-11.7877436,11.7529354
1.36700261,-11.4686317,12.1436319
1.29884207,-11.3186197,12.1816511
2.5849967,-11.8109465,11.6397572
2.93639088,-11.8094215,11.6400738
1.35069633,-10.8968706,12.0529509
2.40929937,-11.8117094,11.6395988
2.76069379,-11.8101845,11.6399155
1.60622072,-10.7898607,11.9338217
1.29270124,-11.016036,12.1299095
1.94893169,-10.7707796,11.9055929
1.77038491,-11.685854,11.9834194
1.43143618,-10.7952785,11.9406233
1.77138531,-10.7796745,11.9190884
1.48870516,-11.5877008,12.0768032
2.24185967,-11.7513714,11.8812847
7.36256647,-11.6188898,12.0343943
1.17637658,-11.0705738,12.1523438
1.17578244,-10.9161444,12.0677795
7.50898838,-11.6910257,11.9488544
7.21075439,-11.5406179,12.0974722
1.66643155,-10.7208748,11.7865486
2.31664443,-11.796031,11.7607336
2.05988741,-11.754137,11.8772173
2.22691035,-10.6951675,11.6145668
1.82882428,-10.7152777,11.7693129
1.70068789,-10.6974525,11.6140919
1.87248671,-11.7763357,11.8288193
1.5868082,-11.6921082,11.976572
9.82467651,-10.6816587,11.780612
1.87609541,-10.6966906,11.6142502
2.23360229,-11.8124723,11.6394405
6.92661715,-11.3909388,12.1673813
1.32521355,-11.6135988,12.0570345
2.15414977,-11.7976255,11.7569246
1.17709565,-11.2429066,12.184639
1.17862713,-11.5752258,12.0863495
2.0083952,-11.79877,11.7546349
9.35408783,-10.8107061,12.0107431
4.86905956,-11.8010302,11.6418171
1.88220799,-11.8139982,11.639123
5.83920765,-11.5940123,12.0610971
1.17787063,-11.4166918,12.1619625
3.34315467,-5.81618929,-0.0213452261
2.0579052,-11.8132353,11.6392822
1.66210806,-11.7802887,11.8206139
6.62358522,-10.6911478,11.5014906
3.73506832,-5.44218779,0.442261189
3.72026896,-5.43922281,-0.460427821
1.17928827,-11.7023716,11.9653692
1.41232812,-11.6982317,11.9696341
3.60797453,-5.70135069,-0.681692421
3.75900054,-5.66865873,-0.682952344
1.70651078,-11.8147612,11.6389647
3.62044907,-5.44525242,-0.430646449
3.63620305,-5.42324114,0.416494131
3.53132367,-5.84094,-0.681052983
1.48737979,-11.779994,11.8232756
1.32871354,-11.7735577,11.8411036
3.45267081,-5.96781015,-0.680396855
1.35526001,-11.8162861,11.638648
1.53081369,-11.8155241,11.6388063
3.51564956,-6.10813761,-0.68092221
6.17811441,-11.5954342,12.0589962
6.36142111,-11.611515,12.044445
9.96022511,-10.6615925,11.621542
3.51983619,-5.4663167,-0.371404856
1.1797893,-11.7857027,11.8109722
5.04475689,-11.8002672,11.6419754
2.05150294,-10.6959295,11.6144085
3.53114462,-5.46734762,0.359362006
3.76937437,-6.25141907,-0.68303889
6.33848143,-10.6970644,11.4829664
3.61230135,-6.22164536,-0.681728542
1.18008101,-11.8170462,11.6384897
5.22045422,-11.7995043,11.6421347
6.17845345,-10.7090435,11.4465456
6.53994513,-11.608161,12.0469332
8.38300323,-11.7857742,11.6449871
10.7058439,-11.7552567,11.4844246
10.4128971,-11.7575226,11.4877672
6.01770067,-10.6970034,11.4880857
9.08119965,-10.6654091,11.6207485
6.62178087,-11.5075302,12.1186638
3.92260194,-5.64634657,-0.684317172
3.41102648,-5.62827492,0.229643211
9.11806965,-10.6737833,11.731288
3.35822606,-5.67732334,-0.127203017
9.23369026,-10.6914148,11.8043203
9.25697422,-10.6646461,11.6209078
7.8392272,-11.6961308,11.9394493
3.92273831,-6.27096701,-0.684318304
3.4050734,-5.61989737,-0.240252212
4.0023284,-5.74143505,-0.6849823
4.08362007,-5.86706543,-0.685660422
4.06777191,-6.02682686,-0.685528219
8.20730591,-11.7865372,11.6448278
7.7678299,-11.7653275,11.7915249
7.68021441,-11.788825,11.6443529
7.85591125,-11.7880621,11.6445112
3.37115383,-5.69452,0.147630483
7.5924654,-11.7652054,11.7943039
7.94357491,-11.7636137,11.7948408
7.67925835,-11.7149868,11.9097786
7.50451708,-11.789588,11.6441946
5.40004015,-10.6989737,11.4902554
7.4165287,-11.7658091,11.794672
3.86553526,-5.4405508,-0.462783426
5.32592297,-11.7787971,11.779357
3.87359691,-5.44152451,0.44100067
4.10585594,-6.1448226,-0.685845912
6.97742558,-11.7918768,11.6437187
6.88934565,-11.7693453,11.7900467
6.80172825,-11.7926397,11.6435604
6.7145071,-11.7691059,11.7932186
7.06420231,-11.7675819,11.7935534
9.22999096,-10.7628775,11.949789
7.99976063,-11.7181673,11.9019346
5.55751991,-11.7113285,11.929203
6.6260314,-11.7934017,11.6434021
7.1531229,-11.7911139,11.643877
6.80457592,-11.7079468,11.9270973
8.03160858,-11.7873001,11.6446695
6.97999859,-11.7074203,11.9268789
8.10040855,-11.761941,11.7982082
6.90741158,-11.578989,12.0704327
7.06437445,-11.6083527,12.0451794
4.04283333,-6.23329449,-0.685320199
7.32881975,-11.7903509,11.6440363
6.6292882,-11.7052307,11.932436
7.17148542,-11.6936722,11.9468298
7.24005318,-11.7681932,11.7891092
6.53862286,-11.7690287,11.7958069
6.7222333,-11.6080189,12.0465145
1.18013752,-11.7953777,11.4714718
6.45033407,-11.7941647,11.6432438
5.48466253,-11.7744513,11.7920895
9.35686016,-10.6765318,11.7507687
4.25699902,-5.8156867,-0.029905621
6.45154238,-11.7083626,11.9285603
5.39615107,-11.7987423,11.642293
6.36136675,-11.7706413,11.7928925
3.96476412,-5.42205238,-0.436837286
6.0989399,-11.7956905,11.6429262
6.27463675,-11.7949276,11.6430855
6.18655682,-11.7724047,11.7893858
6.01173973,-11.7721605,11.792573
3.98332739,-5.42906904,0.408658862
5.64234638,-11.6131477,12.0451431
6.10181093,-11.7110443,11.9263897
5.92324257,-11.7964535,11.6427679
6.27713013,-11.7105255,11.9261589
5.9265871,-11.7083082,11.9317617
7.339643,-11.7167387,11.908988
4.06943178,-5.46821785,-0.379809231
5.83591127,-11.7720728,11.7951946
6.01171494,-11.6274471,12.0305691
9.52004528,-10.6807938,11.7720528
4.10396433,-5.49823952,0.331445962
9.37331963,-10.7201052,11.8774824
9.68155479,-10.6721296,11.7361393
5.74754572,-11.7972164,11.6426096
9.43276596,-10.6638823,11.6210661
6.76306915,-11.4601498,12.1421471
5.65946531,-11.7746973,11.7888956
4.47792435,-10.7077894,11.4719515
5.75000286,-11.7128401,11.9256411
5.57184839,-11.7979794,11.6424513
4.18160105,-5.56246328,0.241879359
4.32598925,-10.6978111,11.5142097
8.29066563,-10.7011919,11.4447107
4.05614281,-10.7021036,11.49998
7.06757021,-10.702528,11.4551458
10.2556791,-11.7682171,11.5312948
9.60857201,-10.6631193,11.6212244
6.90573502,-10.6931744,11.4887848
3.90258837,-10.7152586,11.4553614
9.78439236,-10.6623564,11.6213827
9.35295486,-11.7573423,11.4702387
9.17323112,-11.764925,11.4942942
8.99800396,-11.7663679,11.4968214
4.2453742,-5.76481581,0.0939882323
3.74342465,-10.7062483,11.4884434
10.5695648,-11.7668238,11.5314112
4.18683195,-5.61799526,-0.254329622
4.23907709,-5.68023157,-0.138479829
5.85641336,-10.7108078,11.4452066
10.714777,-11.230773,11.076026
10.7139921,-11.057929,11.0989704
4.62902927,-10.6947699,11.5230474
10.7172956,-11.4007626,11.106946
3.45191002,-10.7040701,11.502244
10.5640354,-11.3192148,11.0850286
10.7189722,-11.5533657,11.1884584
7.76375103,-10.694313,11.4722443
10.5657167,-11.4817543,11.1420803
10.5623598,-11.1441231,11.0805759
7.58875084,-10.6960869,11.4687262
10.7151022,-10.9019623,11.1731148
7.39659452,-10.7021952,11.452177
1.36711192,-10.7205267,11.4717932
10.2499399,-10.6741037,11.5103445
10.7204409,-11.6738949,11.3129911
10.5675983,-11.6198015,11.246562
5.09211302,-10.7049713,11.4730215
10.5625153,-10.9762335,11.1305561
7.23697233,-10.6902199,11.4949665
10.715559,-10.7760458,11.2913818
10.5628996,-10.8343468,11.2278948
10.5630007,-10.7286081,11.3641367
10.4106684,-10.9013786,11.1741457
10.4112673,-11.0570755,11.0993462
10.4120321,-10.7759371,11.2929487
10.4117994,-11.2280397,11.0756674
10.4124928,-11.3981123,11.1053038
8.64296818,-10.6915226,11.4696341
8.47806072,-10.6938791,11.4642038
1.00064266,-10.7073231,11.6136122
10.258934,-10.833396,11.2297726
6.76799774,-10.716464,11.4206314
10.4132023,-11.5513325,11.185668
10.2596273,-10.7287588,11.365984
10.2589331,-10.9768639,11.1306124
10.5630941,-11.7193451,11.3884354
10.1068935,-10.9013805,11.1747818
10.2602968,-11.1422548,11.0807352
10.1075888,-11.0587931,11.0989523
10.2610197,-11.3147888,11.083725
10.1086378,-11.2292776,11.0753927
10.4139233,-11.6729851,11.3095541
6.47850323,-10.719348,11.4164124
10.2614355,-11.4784536,11.1393547
10.1091223,-11.3992395,11.1049662
9.95608997,-11.1440372,11.0803967
10.2618876,-11.6173849,11.2424431
10.1092615,-11.5525532,11.1853209
9.95808697,-11.3166895,11.0835543
9.95598793,-10.9786386,11.1301184
9.95865536,-11.480092,11.1392508
9.80507755,-11.2322598,11.0751505
10.1108875,-11.6745548,11.309638
3.19075108,-10.7103081,11.4816742
9.95842361,-11.6187229,11.2421894
9.80626583,-11.4011383,11.1048918
10.2639627,-11.7187033,11.3842487
9.80616856,-11.5535374,11.1848021
9.80400848,-11.0595016,11.0988617
9.65365791,-11.3189325,11.0834417
9.65582657,-11.4824533,11.1395292
9.81023598,-11.6761732,11.3098049
9.65357971,-11.1462975,11.0799942
9.6564188,-11.6206656,11.2425604
9.50264549,-11.4048071,11.1054239
9.80142212,-10.9040117,11.173605
9.50378418,-11.5562792,11.1855907
4.78780317,-10.7036409,11.4821348
9.5015974,-11.2328138,11.0748615
9.65151024,-10.9808016,11.1294413
9.50052547,-11.0634022,11.0978155
9.3514452,-11.3207169,11.0832529
9.35107327,-11.4841967,11.1394768
9.64853001,-10.8376875,11.227664
9.49800301,-10.9077282,11.1716881
9.34903812,-11.1481667,11.0796461
5.68372583,-10.7001801,11.4813824
3.02652931,-10.7232809,11.4421253
9.19823551,-11.2367229,11.0746431
9.34928703,-10.9827118,11.1288834
9.19915771,-11.4044361,11.1045694
9.19713211,-11.063323,11.0979576
9.34640789,-10.8395233,11.2268963
9.35175133,-11.6382408,11.2595882
9.0466814,-11.3225832,11.0830746
9.51092911,-11.6945477,11.3349733
9.19582939,-10.9095383,11.1710768
9.20143986,-11.5574093,11.1851826
9.04898167,-11.4858904,11.1394062
9.04724312,-11.1500473,11.0792971
8.89574623,-11.4084702,11.1052332
9.04477024,-10.9845724,11.1283531
8.89494133,-11.2359562,11.0743237
9.21116924,-11.6936922,11.3313179
5.54904127,-10.7269659,11.4071493
9.04379368,-10.8407145,11.2267399
9.05077076,-11.6245632,11.2433128
8.89761066,-11.5608511,11.1864977
8.89399242,-11.0675268,11.0968285
5.24666691,-10.7298212,11.4033623
8.89224529,-10.9096365,11.1716347
8.74507523,-11.3241863,11.0828552
9.05860901,-11.7205963,11.3765926
8.74244308,-11.1517191,11.0789757
4.94192219,-10.6919861,11.530982
8.74410915,-11.4874744,11.1392698
6.03154564,-11.7631598,11.44135
8.74315739,-10.9862585,11.127902
8.59175587,-11.2404451,11.0741224
9.68782139,-11.7675867,11.5154533
8.59250355,-11.4073153,11.1041059
8.73912048,-10.8423643,11.2261562
8.59077072,-11.0664864,11.0972519
8.44011402,-11.3257294,11.0826197
8.58913994,-10.9135456,11.1695995
8.44112682,-11.1532669,11.0786715
8.44254208,-11.4888897,11.1390543
8.74579811,-11.6257315,11.242878
8.90062428,-11.6959352,11.3324356
8.28925896,-11.4116545,11.1048784
9.54051781,-11.7648029,11.5004911
8.43841362,-10.9877825,11.127532
8.59503651,-11.5601826,11.1847401
8.28860092,-11.2387438,11.0737801
8.11960697,-10.6875753,11.4911327
9.96431923,-11.7711859,11.5405788
8.43781281,-10.8439541,11.2256193
8.28775787,-11.0709562,11.0960484
8.28607464,-10.9126034,11.1708584
8.29125881,-11.5639324,11.1862888
8.44437218,-11.6276426,11.2432241
3.65239358,-11.7920341,11.5021725
8.13890457,-11.3271637,11.0823708
8.13615608,-11.154747,11.0783758
8.59041977,-11.6843519,11.3127937
3.93233633,-11.7851181,11.4799471
8.8201189,-10.6907043,11.4699535
7.95613098,-10.700367,11.4509201
8.13753891,-11.490345,11.1388483
8.82167339,-11.766428,11.493885
8.13720036,-10.9893017,11.1271601
4.09763288,-11.7682953,11.4307718
7.98550081,-11.2435579,11.0735884
7.9861536,-11.4099035,11.1035442
8.13311005,-10.8455544,11.2250834
4.41719818,-11.7730608,11.4481382
1.63995755,-10.7189083,11.4735556
4.25491285,-11.7860126,11.4888268
7.98459578,-11.0692453,11.0966673
1.7968148,-10.7319279,11.4318762
7.8337636,-11.3284922,11.0820961
7.98313475,-10.916729,11.1686802
3.33306432,-11.7925682,11.4982615
7.83501768,-11.1559448,11.0781193
8.13568974,-11.6441383,11.2591791
7.98884106,-11.5627108,11.1841154
7.8363409,-11.4915695,11.1385326
4.57919312,-11.7843065,11.4879694
8.29380131,-11.7005291,11.334981
7.68224287,-11.24125,11.0732307
7.68300676,-11.4145002,11.1044064
7.83221245,-10.9903517,11.1270151
2.69373012,-10.7225733,11.4480534
7.68134928,-11.073658,11.0954809
4.19595289,-10.7190742,11.4407253
7.83250237,-10.8468599,11.2248125
2.28597426,-11.7778034,11.4335299
7.83816624,-11.6304502,11.2428589
7.68512487,-11.5666809,11.1858301
7.68021441,-10.914711,11.1706686
7.97868156,-11.699791,11.3313742
2.45532489,-11.7936907,11.48668
7.53260279,-11.3298588,11.0818357
7.53195477,-11.4956169,11.1397152
7.52964306,-11.1574001,11.0778265
2.10952139,-11.7980804,11.4979954
1.97493553,-11.8093472,11.5568914
1.94353461,-10.7167292,11.4768896
7.5340085,-11.6342764,11.245183
7.53077888,-10.99189,11.1266346
9.95813465,-10.6732378,11.5198679
7.38089275,-11.5708303,11.1877041
2.23988175,-10.7106981,11.4953823
6.63266945,-11.785778,11.5383234
1.82637417,-11.7981224,11.4928312
7.52724791,-10.8485155,11.224227
7.37912416,-11.246419,11.0730476
7.38289213,-11.4162207,11.1042814
7.37818384,-11.0717869,11.0961475
1.6550858,-11.786664,11.450429
7.37700558,-10.9191246,11.168293
1.48287928,-11.7994003,11.4916582
3.19673204,-11.8006773,11.5351171
7.22902775,-11.3358727,11.082428
7.22879648,-11.1592236,11.077487
7.22525072,-10.9937477,11.1261082
3.60698009,-10.7286701,11.4215546
2.71472788,-11.7910099,11.4810638
2.87623739,-11.7798243,11.4469624
7.38447809,-11.6935511,11.3174572
7.23353338,-11.4985199,11.1403141
3.05847645,-11.7939596,11.4988499
2.51129317,-10.714179,11.4777088
7.22564316,-10.8500195,11.223772
7.07470083,-11.0776482,11.0945406
7.22935581,-11.6361227,11.2454548
7.07075596,-10.9179134,11.1697397
7.07929277,-11.423336,11.1060743
7.07942486,-11.5687647,11.1848726
7.08315325,-11.2539778,11.0729837
6.92730665,-11.4992914,11.1397362
6.93034506,-11.3370237,11.0821314
6.92281246,-11.0001602,11.1234617
6.21598196,-11.7748995,11.4809113
6.92984486,-11.6372194,11.2449713
6.77682686,-11.4179382,11.1034155
6.93381214,-11.1647139,11.076683
6.77656507,-11.5744572,11.1879272
6.78008795,-11.2479849,11.0724802
7.07192802,-10.7914076,11.2886848
6.77640295,-11.090167,11.0911541
6.63572121,-11.3431673,11.0828056
6.63300133,-11.5023298,11.1404266
6.62626076,-11.1719313,11.0757084
4.88305044,-11.7855577,11.4984865
6.92533875,-10.8569117,11.2183361
6.62765121,-11.0061884,11.1210413
6.47920132,-11.2662907,11.0728912
6.47493076,-11.0861101,11.0923405
6.62566328,-11.6388769,11.2450495
6.78019333,-10.932374,11.1607456
6.48236656,-11.4227314,11.1043873
6.77890062,-11.6957207,11.3162374
3.30516672,-10.7325583,11.4149208
6.47746229,-11.5697279,11.1830921
2.86252904,-10.7078295,11.4966288
6.47325897,-10.9394636,11.156826
6.6228013,-10.8708267,11.2069139
6.32890081,-11.1779432,11.0749273
1.35112691,-11.7740641,11.4127464
6.76903248,-10.8028908,11.2757015
6.32206964,-11.011982,11.1187868
6.47292328,-10.8092918,11.2693176
6.17357588,-11.0991898,11.0889435
6.32514715,-10.8668442,11.2112303
6.32879591,-11.3486719,11.0833712
6.92175293,-10.7532616,11.3454409
6.62775183,-10.7608175,11.3348799
6.3374095,-11.5093374,11.1433268
6.17159414,-10.9336405,11.1610823
6.32534981,-10.7570848,11.3428392
6.1731801,-10.8070908,11.2732162
6.49615908,-11.6914568,11.3080778
6.17682743,-11.2635393,11.0724087
6.33699083,-11.6429148,11.2477264
6.18122959,-11.4386549,11.1095486
6.02345181,-11.0162182,11.1172409
6.18511534,-11.580122,11.1897898
6.02271748,-11.1830349,11.0742702
6.02027416,-10.8652391,11.2135506
6.03093958,-11.5157328,11.1459255
6.03099251,-11.3549023,11.0841417
6.02391291,-10.7557688,11.346981
6.03869581,-11.6505995,11.2543631
5.87859726,-11.4377928,11.1084375
5.88244867,-11.5930767,11.1988401
6.18486071,-11.6997337,11.3178139
5.87539911,-11.7765694,11.4812918
5.87501001,-11.2767258,11.072834
5.87105608,-11.0973263,11.0894871
5.59101534,-11.7795153,11.4873657
5.73135996,-11.5226374,11.1489191
5.724823,-11.3618946,11.0851154
5.86963654,-10.8035936,11.2788124
10.1165648,-11.7522087,11.465086
8.46810436,-11.7759981,11.5297871
5.12171507,-11.7861338,11.5055819
5.72433138,-11.1900215,11.0734749
5.86231947,-10.9393854,11.1579905
5.88302565,-11.7036009,11.3213596
5.57505894,-11.4503145,11.1125927
5.71565151,-11.0224438,11.1148844
5.57255745,-11.2768517,11.0724802
5.73059559,-11.6568213,11.2595234
9.50283241,-10.6911583,11.4597569
5.56815434,-11.112133,11.0858831
5.70716906,-10.8754873,11.2055016
7.7681241,-11.7716732,11.495573
3.80403471,-5.40549135,0.446911275
8.99701118,-10.6896515,11.4710503
5.57754707,-11.5938635,11.198123
7.59163952,-11.7717466,11.4926891
5.55955553,-10.9520073,11.150753
3.79640675,-5.40626955,-0.467456907
5.42625999,-11.3694201,11.0862923
5.41838503,-11.1980619,11.0726528
5.70449972,-10.7635574,11.3360863
8.62911892,-11.7630014,11.4780655
6.90183067,-11.7796545,11.5128098
9.17915535,-10.6947441,11.4529381
5.41695642,-11.0302839,11.1119175
7.94457293,-11.7702188,11.4930267
5.4238019,-11.5304499,11.152523
7.07443285,-11.770442,11.4790821
8.31610394,-11.7701702,11.4995975
7.4022193,-11.7688437,11.4787598
5.27046251,-11.2912912,11.073247
5.55833578,-10.8196716,11.2610712
5.26564693,-11.1138887,11.0855064
5.40885162,-10.8836355,11.1994648
5.26103783,-10.9599819,11.1465425
9.81031704,-11.7537661,11.4655294
5.29517889,-11.7802114,11.48489
8.12683964,-11.7618694,11.466547
5.40137911,-10.7725201,11.323802
5.25312662,-10.8283234,11.2526245
7.2395134,-11.7787209,11.5155964
5.12548494,-11.212244,11.0715675
5.11536694,-11.045845,11.106101
5.10520792,-10.8959255,11.1903372
5.28016186,-11.4599018,11.1157923
1.05904138,-10.7678814,11.88694
3.42655444,-5.50053263,-0.273721874
5.09863567,-10.7779388,11.3173485
3.43532014,-5.5061245,0.265189588
5.12500143,-11.3818913,11.0888004
6.78273582,-11.7654924,11.458375
4.95851517,-10.9756584,11.1382074
10.1088657,-10.6931906,11.4466534
6.35710287,-11.7826023,11.5150385
4.96866703,-11.1366787,11.0806751
5.27658176,-11.6065426,11.2074442
9.96400738,-11.7202644,11.3844948
4.97322464,-11.297308,11.0734291
4.94981289,-10.8362484,11.2452497
9.95273972,-10.8350391,11.2291985
9.34401989,-10.6817837,11.4940729
6.48972702,-11.7693348,11.4662275
5.12197828,-11.5342512,11.1537762
4.81879711,-11.0522614,11.1039467
4.8189826,-11.2210674,11.0709524
9.66141891,-10.6774387,11.5064344
10.106988,-10.7757807,11.2946014
1.50629461,-10.7445297,11.4034739
4.82819319,-11.3922949,11.0909853
5.44818926,-11.7901144,11.5325851
4.81040668,-10.9033365,11.185318
9.49991417,-10.7801056,11.2918568
4.94522524,-10.738677,11.3867712
4.66686249,-11.135541,11.0808783
4.67178631,-11.3156223,11.0751152
4.6627512,-10.9814644,11.1355162
4.79768419,-10.7853422,11.3082142
6.92155075,-11.7336893,11.382184
4.65221405,-10.8479185,11.2343102
9.79932499,-10.778512,11.2925072
6.64517689,-11.7367477,11.3857031
9.19162083,-10.7815113,11.2914925
4.5128231,-11.0601616,11.1013365
4.52107763,-11.2291241,11.0704641
4.64262152,-10.7442236,11.3779068
3.34514093,-5.6850667,0.0337083675
4.51230335,-10.9082232,11.1823273
2.09411097,-10.7415447,11.4050026
4.50711107,-10.7898922,11.303319
4.36509848,-11.1507101,11.0780649
4.36052752,-10.9815464,11.1358976
4.51954842,-11.4019403,11.0930872
2.39787555,-10.7333069,11.4220076
4.35752726,-10.8480282,11.235219
4.3483119,-10.752471,11.3642511
4.21600485,-10.9245872,11.1711187
4.20112514,-10.8012352,11.2895184
4.22435522,-11.0754452,11.0963984
8.45339012,-11.7300692,11.3897476
4.37533665,-11.3223391,11.0755844
4.98709154,-11.4670877,11.1180916
4.05697775,-10.8683271,11.2166977
4.0465579,-10.7569695,11.3581352
4.22140789,-11.2425585,11.0700054
4.06833172,-11.0040998,11.124856
5.13617039,-11.667532,11.2683678
9.66321468,-11.7229738,11.3870573
5.43335867,-11.6637878,11.2657604
4.07087755,-11.1553402,11.077239
4.38711643,-11.5056114,11.1349268
2.58438206,-11.7657509,11.4068384
7.68060541,-10.7734442,11.3099346
4.22652674,-11.4156723,11.0966558
3.91975999,-10.9253159,11.1712427
3.91720486,-11.0803947,11.0949821
3.49958539,-11.7688589,11.4249449
3.91698265,-10.803896,11.2874031
3.92590356,-11.2500525,11.0697441
4.08170271,-11.3276482,11.075902
3.76972318,-11.1719494,11.0746737
3.76388645,-10.9978857,11.1282673
4.08913994,-11.5099478,11.1362782
4.99007702,-11.6257229,11.2234211
8.89361858,-10.7671013,11.312561
8.28401566,-10.7847786,11.2915459
3.76483822,-10.8623161,11.2232256
4.83539295,-11.555706,11.1665697
7.37343884,-10.7919188,11.2866249
3.75661898,-10.7666988,11.3430977
1.07271397,-10.733942,11.4410334
3.79986501,-11.7591743,11.404932
7.98711348,-10.7884531,11.2882013
3.62474394,-10.9443407,11.1590157
7.08676004,-11.6919203,11.312933
3.60890436,-10.8158731,11.2737484
3.93385649,-11.4233599,11.0984907
7.2417407,-11.7366543,11.3914185
7.23129702,-10.743782,11.3598547
8.57783413,-10.7704172,11.309515
3.63168406,-11.0982294,11.089839
3.45590281,-10.767868,11.3430567
3.782516,-11.3432579,11.0779419
3.4641974,-10.8865814,11.202322
4.67900372,-11.4857941,11.1258211
3.62791228,-11.2653742,11.0697412
3.47474241,-11.0245476,11.1161299
7.68177509,-11.7039299,11.3356142
7.84284019,-11.7264547,11.3766212
3.47781038,-11.1776085,11.0738316
3.78034067,-11.5136242,11.1372604
3.32396531,-10.8193197,11.2708168
1.17995763,-11.7208958,11.3124609
3.32619309,-10.9452581,11.1589918
3.63393307,-11.4387684,11.1031389
3.32407975,-11.102437,11.0887718
4.72282982,-11.7623873,11.4230986
4.16400194,-5.50719833,-0.287211746
3.33309817,-11.27283,11.069705
3.4890554,-11.3498278,11.0786285
3.17677379,-11.1949186,11.0717497
3.17292476,-11.019455,11.1187048
3.49327445,-11.5240145,11.1420746
1.3383441,-10.783493,11.3305712
1.17604625,-10.8145971,11.2864923
3.17289281,-10.8797932,11.2090368
8.73757458,-11.7169046,11.3666945
3.17426562,-10.7716446,11.338541
3.02087069,-10.9463959,11.1588383
3.0238204,-11.1036577,11.0885239
1.00896955,-11.5206289,12.1252203
3.02379727,-10.8180418,11.273674
3.34093738,-11.4458132,11.105011
3.18707561,-11.3667526,11.0814695
5.74258137,-11.7495699,11.4040213
2.87031317,-10.8760462,11.2132893
4.2297616,-5.64372969,0.146336421
2.87033343,-11.0247583,11.1166468
1.04109752,-10.9932928,12.1150589
3.03017616,-11.2903881,11.0703611
2.8725462,-10.7674408,11.3475819
2.71713972,-10.8155918,11.2780657
5.59157658,-11.7094841,11.3281727
2.87424374,-11.1914768,11.0719662
3.18784714,-11.5343037,11.1469936
3.03932452,-11.4619122,11.1105461
2.72029781,-11.1097517,11.0869732
1.02090943,-11.138813,12.1702318
2.71711683,-10.9514046,11.1561918
2.87814498,-11.363905,11.0803108
2.72504544,-11.2814379,11.0694427
2.57070422,-11.1991091,11.0710516
7.52034903,-11.7267742,11.374238
2.72753239,-11.4525099,11.1059933
2.57628703,-11.3713293,11.0813351
2.56669879,-11.0305309,11.1144228
2.42155504,-11.2905874,11.0696421
0.977669358,-11.3117428,12.1835032
2.5754025,-11.5350885,11.1453362
9.6463728,-10.7311974,11.3658409
2.42703795,-11.4603825,11.1082993
6.3449111,-11.7390032,11.3873901
2.41664028,-11.1184273,11.0848207
2.2723093,-11.3817749,11.0831299
2.5642159,-10.8844318,11.2067337
9.34039593,-10.7357903,11.3596716
2.26713467,-11.2082596,11.0700836
2.11776972,-11.3000956,11.0699806
2.41343474,-10.9558811,11.1539211
2.2628324,-11.0402327,11.1106043
1.00488973,-11.6693869,12.0181656
2.41115642,-10.8249578,11.2679873
2.11300159,-11.1263914,11.0829401
2.2602663,-10.8876963,11.2047653
1.04471278,-10.8537035,12.0063715
1.96341848,-11.2169209,11.0692606
2.10934091,-10.9662905,11.1480598
0.974843204,-11.7938108,11.8402281
1.95917201,-11.0468664,11.1081657
2.25072932,-10.7765923,11.3361616
1.80931163,-11.1340141,11.0812225
2.10573149,-10.8337831,11.2589588
1.95618773,-10.8983603,11.1965714
1.8056649,-10.9715643,11.1454287
1.94804502,-10.7879877,11.3199625
1.80015099,-10.8439436,11.2488241
2.12197399,-11.4685097,11.110796
1.66044915,-11.0572834,11.1043282
2.27801108,-11.542944,11.1489801
1.96881986,-11.3883104,11.0841122
1.65095353,-10.9081421,11.1894226
9.80414486,-10.6928158,11.4512167
1.81660175,-11.3058853,11.070096
1.50389659,-10.9869251,11.1371326
1.64870977,-10.791563,11.3162565
1.66281033,-11.2246733,11.0685863
1.49768531,-10.8465786,11.2471151
1.5096159,-11.1416702,11.0795736
8.42496777,-10.7465658,11.3470812
8.1252079,-10.7409277,11.3588228
1.00560486,-11.8315134,11.6386375
1.66598403,-11.3936596,11.0848465
1.81939995,-11.4732151,11.1119442
1.51240432,-11.3126602,11.0703411
4.24553967,-11.5904408,11.1895256
1.97250354,-11.5480957,11.1510401
2.43040705,-11.6118011,11.1988297
4.5448947,-11.5847702,11.1863947
2.12582231,-11.616662,11.2015438
1.5173583,-11.4794731,11.1137905
1.6707375,-11.5523834,11.1526165
7.51644802,-10.7509279,11.3455601
1.82321715,-11.6198492,11.2028742
1.35216486,-11.3865557,11.0824862
3.95704055,-11.5977936,11.1941309
1.97558761,-11.6794367,11.2633829
3.34669757,-11.6002331,11.1934099
2.27886987,-11.6765327,11.2618113
1.52008963,-11.6241541,11.2051878
1.67341244,-11.6828547,11.2655849
2.12783122,-11.7294035,11.3327923
1.34789884,-11.2116089,11.0693073
3.04106259,-11.6038694,11.1950111
1.34193444,-10.8974237,11.199029
1.34547043,-11.0441933,11.109786
1.82593966,-11.7318764,11.3344049
2.56292439,-10.7725573,11.3408861
1.97795022,-11.7700329,11.4101715
2.89192939,-11.533185,11.1453114
1.35290015,-11.5444784,11.1466522
3.65260458,-11.5984173,11.1932926
2.7361722,-11.607667,11.1967688
4.85591078,-11.707428,11.3194838
9.0536623,-10.7413588,11.3518572
1.52178788,-11.7338486,11.3351955
5.28640556,-11.7105045,11.327424
1.35095656,-11.6769314,11.2568121
2.5831604,-11.6731071,11.2596626
1.17895973,-11.4469299,11.1000233
1.17824018,-11.2744265,11.0674849
5.02928209,-11.7389994,11.3747253
4.70414305,-11.6549749,11.251605
1.1795516,-11.600791,11.1844482
7.84934139,-10.7572384,11.3332386
2.4318161,-11.7265587,11.330617
1.17746413,-11.1003819,11.0900593
5.43771076,-11.7511377,11.4042988
0.961720705,-10.72964,11.7698011
1.17670774,-10.9418344,11.1655655
8.73469448,-10.7425861,11.351841
2.73582268,-11.7240801,11.3290482
3.19139719,-11.6682959,11.2577419
3.49615526,-11.6664991,11.2574816
4.40900564,-11.6650381,11.2611475
4.10474968,-11.6650171,11.2593431
3.80047345,-11.6655064,11.2581263
2.8871541,-11.6707735,11.2587795
3.03975749,-11.7218943,11.3279562
1.03061712,-11.8119888,11.4944906
9.95535374,-10.728219,11.3691378
3.19207335,-11.7617912,11.4043331
3.3437891,-11.7199278,11.3272152
3.64810276,-11.71875,11.327714
5.17434788,-11.746748,11.3919191
3.95222354,-11.7178526,11.3286533
4.25634813,-11.7173519,11.3302202
4.56066322,-11.7172003,11.3323526
3.88396454,-6.09482908,-0.68399483
3.94314647,-5.91813231,-0.684488535
3.69980717,-6.10148335,-0.68245852
3.60909724,-5.97834873,-0.681701839
3.69170547,-5.83221817,-0.682390928
3.77992892,-5.95001984,-0.683126926
4.00285101,-6.15183067,-0.684986651
3.85185337,-5.77510738,-0.683726966
3.72192526,-5.33302784,0.440173268
3.68412971,-5.33214188,-0.452488512
3.80403471,-5.27616024,0.446911275
3.70780945,-5.20136881,0.437490523
3.61916375,-5.27905512,0.409548908
3.55285025,-5.34431028,-0.394772053
3.80403471,-5.1330905,0.446911275
3.59434676,-5.21362638,-0.418498009
3.68591022,-5.06656218,0.432406485
3.54986596,-5.3519392,0.372290075
3.59558988,-5.1456809,0.398576915
3.4521966,-5.36677313,-0.306770712
3.79640675,-5.27501965,-0.467456907
3.51627851,-5.23629236,0.348068774
3.48383498,-5.23207188,-0.340321153
3.45677328,-5.35030556,0.291514695
3.58313227,-4.98774576,0.392100811
3.80403471,-4.98119116,0.446911275
3.48707509,-5.09392405,0.32285139
3.70856023,-5.20528269,-0.458190411
3.42982006,-5.19497538,0.257748276
3.70068741,-4.9351573,0.435961396
3.52241659,-5.09874535,-0.373393565
1.04283285,-11.7602472,11.3636351
3.65017653,-5.09665823,-0.442150742
3.41289306,-5.27083921,-0.253190815
3.37981868,-5.39628267,-0.189977989
3.79640675,-5.12998056,-0.467456907
3.39422846,-5.27697897,0.199970484
3.38488483,-5.40521717,0.180849925
3.80403471,-4.82851553,0.446911275
3.41082287,-5.06281471,0.229312554
3.66460776,-4.82851553,0.426351726
3.36443257,-4.82851553,-0.148550242
3.34840536,-4.95388746,-0.0802355185
3.34302068,-4.82851553,-0.0102728056
3.46540141,-4.95718527,0.301059723
3.37552738,-5.54481077,-0.179587603
3.36456895,-5.55573988,0.128433585
3.41697502,-5.1202879,-0.259581089
3.34493279,-5.53001833,-0.0520445146
3.8958621,-5.33925915,0.436811686
3.58376884,-4.96660948,-0.41298914
3.90645742,-5.20385408,0.434413165
3.88622832,-5.33527231,-0.459310114
3.36770344,-5.16351891,0.137918606
3.47472548,-4.95347261,-0.331340939
3.34848499,-5.42608547,0.0602028966
3.35346746,-5.30123186,0.0869041234
3.39147949,-4.9542594,-0.215120316
3.70907092,-4.97588158,-0.45829463
3.91816044,-5.06139183,0.431453437
3.35057735,-4.94181395,0.072508812
3.36448193,-5.2387805,-0.148705795
3.42862225,-4.82851553,-0.27663064
3.5287993,-4.82851553,-0.378188998
3.53492737,-4.82851553,0.362086266
3.34483552,-5.33822107,-0.0509703755
3.89775658,-5.19755793,-0.456947833
3.34426832,-5.06069279,0.0234814174
3.35457373,-5.09920168,-0.112403661
3.65582681,-4.82851553,-0.444072634
3.39196396,-4.94159603,0.195538327
3.34302378,-5.19980335,-0.0119816177
3.36898375,-5.03711033,0.141603902
3.79640675,-4.97997713,-0.467456907
3.36579227,-4.82851553,0.132218644
3.43180513,-4.82851553,0.26047045
3.79640675,-4.82851553,-0.467456907
3.90663695,-5.05301428,-0.454915822
3.93105435,-4.91912651,0.42780751
3.98925805,-5.27018404,-0.426562041
4.00561905,-5.28598595,0.39819181
4.05356216,-5.35070944,-0.390864491
3.91911244,-4.9124651,-0.451743752
4.01851225,-5.14238167,0.391449332
4.14172888,-5.37305784,-0.314252913
4.00932646,-5.13114691,-0.416851908
4.10797358,-5.23148394,-0.348384976
4.02463818,-4.99064589,-0.408605039
4.03663063,-5.00160456,0.381061047
4.17906618,-5.43360949,0.245672211
4.09802008,-5.36703157,0.336638361
4.20358992,-5.2875762,-0.225505561
4.11439753,-5.24021101,0.321878731
4.21299267,-5.44053316,-0.20687151
3.94399643,-4.82851553,0.423732221
3.93586349,-4.82851553,-0.446888
4.24008226,-5.50384474,0.114441484
4.11783695,-5.06865168,-0.339137048
4.21816063,-5.55741787,-0.195631906
4.25742054,-4.82851553,-0.0102728056
4.23616314,-4.82851553,0.127517074
4.2520752,-4.95329428,0.0594371893
4.1275053,-5.10955048,0.308971226
4.25651264,-5.66780329,0.0185293071
4.06491232,-4.82851553,-0.383059859
4.23476458,-5.34850311,0.131865829
4.17654228,-5.3274951,0.24936907
4.25204182,-5.51654673,-0.0801988095
4.07081079,-4.82851553,0.358255148
4.20964098,-5.20882273,0.193214193
0.998033047,-11.4264412,11.0897093
4.21617746,-4.96373701,0.179494977
4.25178528,-4.95170975,-0.081835933
4.2545352,-5.24101353,0.0410133041
4.25740004,-5.3764739,-0.00593815278
4.18501759,-5.13777685,-0.257179677
4.24717903,-5.10474873,0.0859573558
4.24298239,-5.37939739,-0.124263108
4.25719595,-5.04745436,-0.0246062651
4.17235565,-4.82851553,0.255334586
4.23460054,-4.82851553,-0.15291205
4.14169455,-4.97341776,0.293745905
4.12201977,-4.93747139,-0.335045487
4.2557292,-5.14929485,-0.0495650582
4.1966176,-5.07817936,0.217545956
4.24991655,-5.27585602,-0.0927681401
4.23348904,-5.19849634,-0.156253591
4.20154428,-4.97102785,-0.229295969
4.23985386,-5.07822371,-0.135790393
4.16809416,-4.82851553,-0.28175202
1.03845537,-11.6679296,11.2370615
1.06364453,-11.5506239,11.1465578
0.0799808502,-12.7666121,11.6585255
0.0396590158,-12.9354792,11.835393
0.00979150459,-11.0334845,11.6198826
0.0947018117,-11.0028315,11.7664795
0.162182674,-10.9473763,11.6181183
-0.0537421964,-11.09519,11.7702885
0.250180423,-10.9233913,11.7666197
0.320888638,-10.873436,11.6166306
-0.135774225,-11.1315289,11.6219187
0.411927789,-10.8557262,11.7650719
0.196854904,-11.0112267,11.9051361
0.0439617112,-11.096796,11.9050417
-0.19521305,-11.1988916,11.772233
0.355989009,-10.9381132,11.904995
0.507912576,-10.8782263,11.8983831
0.565720439,-10.804574,11.7632275
-0.100487798,-11.1939278,11.9054585
0.471782207,-10.9892683,12.0223579
0.310350955,-11.0574789,12.0245256
0.621577561,-10.9237957,12.0045214
-0.236464903,-11.3017178,11.9054317
-0.330416352,-11.3101912,11.7577906
0.157782957,-11.1313868,12.0214167
0.0138510913,-11.2163439,12.0186443
-0.113521859,-11.3172798,12.0257759
-0.253836036,-11.421916,12.0134926
0.443787605,-11.1247015,12.1120949
0.593833387,-11.0489502,12.098794
0.28594318,-11.1965342,12.1127682
1.03271294,-11.232583,11.0682106
1.04347694,-11.0737314,11.1005383
0.135611266,-11.2742357,12.1099195
1.00457549,-10.864975,11.2371321
0.00133445021,-11.3616896,12.1089182
-0.12633951,-11.462059,12.1087637
0.428276241,-11.265377,12.1651688
0.276279837,-11.3413267,12.1661901
0.580814242,-11.1944714,12.1612339
-0.262481838,-11.5581589,12.0938702
-0.386541963,-11.5293055,11.9919815
0.128739506,-11.4226456,12.1648016
0.00869006105,-11.5107555,12.1657286
-0.128510654,-11.6116734,12.1620455
0.285696745,-11.4943638,12.18925
0.155011997,-11.584198,12.1910982
0.012092636,-11.6819067,12.1924343
-0.266607374,-11.7116642,12.1510677
0.427245289,-11.4050112,12.1871729
-0.12243741,-11.7817879,12.1923141
-0.401044846,-11.6583328,12.0666628
0.568944335,-11.3466301,12.186141
0.019244561,-11.8486032,12.1893539
0.735229492,-11.1184006,12.1505003
0.485893756,-10.8118143,11.6154242
-0.121560164,-11.9450493,12.197134
-0.357628971,-11.40242,11.8897419
-0.51492393,-11.6293564,11.9465618
0.635790825,-10.8346424,11.8874197
-0.404575884,-11.8110695,12.1297188
-0.479626119,-11.5028639,11.8443708
0.748129427,-10.9767275,12.077714
-0.527715206,-11.7608585,12.0313005
0.750499368,-11.2942591,12.1852999
0.426811367,-11.5648594,12.1776609
0.300888896,-11.6508646,12.1780119
0.566037893,-11.495656,12.1763439
0.150577754,-11.7480803,12.1835632
0.684676707,-11.4363346,12.1778355
0.563539982,-11.6466818,12.1306581
0.703543782,-11.5714474,12.1366453
-0.263903737,-11.8755999,12.1862307
0.42123875,-11.726058,12.1323709
0.831608891,-11.466361,12.1602573
0.768036246,-10.8524437,11.961462
0.875656545,-11.183671,12.1757889
0.845847547,-11.6321888,12.0774975
0.0367592946,-12.7920647,11.8631554
0.689520299,-11.708519,12.0606346
0.753156722,-10.7688875,11.7971201
0.655182719,-10.7633867,11.6145153
0.542575479,-11.7964382,12.0493927
0.0147493333,-12.0133581,12.1656075
-0.589969933,-11.6107225,11.7912731
0.828732312,-11.7560225,11.9651375
0.879112661,-11.048501,12.1334906
0.673603415,-11.832654,11.9439592
0.15319328,-11.9109373,12.1483603
0.285003483,-11.8132267,12.1386185
0.408826113,-11.8664827,12.0629559
-0.258721828,-12.0376024,12.2006655
0.901310205,-10.9155436,12.0513296
0.525827646,-11.9254322,11.9319849
-0.111027449,-12.1220102,12.1814098
-0.273174733,-11.2406721,11.6242113
0.826892376,-10.7285719,11.6139116
0.27538228,-11.9647846,12.0732641
0.615086973,-11.9420347,11.801856
0.158049107,-12.0627804,12.0894632
0.388055325,-12.0047865,11.9628668
0.0355640762,-12.1757183,12.113512
-0.53386575,-11.9165392,12.1001997
0.262611687,-12.1025839,11.9889078
0.972591877,-10.7899551,11.3381386
0.150788128,-12.2179384,12.0114374
0.472950011,-12.0325966,11.8183556
0.918839514,-10.7990303,11.9190903
0.0841245651,-12.6647224,11.7846804
-0.624660552,-11.7384377,11.9048939
0.119762808,-12.5961018,11.6547699
0.0349565558,-12.3372631,12.0539589
-0.397533149,-11.9766531,12.1739092
-0.090246737,-12.2915115,12.1458025
0.339156717,-12.1327009,11.8629427
-0.242505983,-12.2193251,12.1983376
0.125946864,-12.3650694,11.9402304
-0.437933296,-11.4181051,11.7611208
0.379525185,-12.1476984,11.7328978
0.028791314,-12.4896784,11.9959564
-0.0779864714,-12.4576864,12.1022482
0.28197071,-12.2392673,11.7947998
0.0950523391,-11.0094891,11.4718208
-0.220831439,-12.4012175,12.1800718
0.250583053,-10.9299879,11.4688168
0.227386698,-12.2401772,11.902194
-0.0535800196,-11.1019487,11.4721537
-0.199138641,-12.57271,12.1542568
-0.520622432,-11.4900141,11.6295128
0.119969867,-12.5103207,11.8249178
-0.390777498,-12.1455746,12.1974392
-0.635805845,-11.8664131,11.9944324
0.206325278,-12.3495884,11.7998619
-0.0662037358,-12.6055841,12.059494
0.276558936,-12.2834435,11.6479683
0.0300729219,-12.6506023,11.9266224
0.776212037,-11.8613415,11.8114223
-0.394194543,-12.3144274,12.2067232
0.185814559,-12.4336681,11.6512213
-0.179980561,-12.7548332,12.128581
-0.402159005,-11.3608303,11.6267567
-0.0538330078,-12.7732735,12.0172071
-0.688561857,-11.7393703,11.7613974
0.412252635,-10.8623028,11.4678288
-0.0404190198,-12.9323483,11.9915781
0.523134887,-12.0339947,11.642662
3.34302068,-4.68235302,-0.0102728056
-0.628986299,-11.628623,11.6324902
-0.538242638,-12.0739346,12.145175
-0.539219379,-12.2299356,12.1746817
-0.531254411,-12.3956156,12.1959352
-0.650812685,-12.0098953,12.0557241
-0.375802428,-12.5121346,12.2077513
0.918941677,-10.7388935,11.4665556
-0.673346698,-12.1647816,12.0948792
-0.673647642,-12.3344259,12.1359196
-0.313969702,-12.7255278,12.1911869
-0.71835947,-11.8496761,11.8618174
3.47472548,-4.70350742,-0.331340939
3.39147949,-4.70267725,-0.215120316
-0.165092036,-12.9301338,12.1152811
-0.723409414,-11.952466,11.9473925
-0.76848048,-12.0956182,11.9791002
-0.797450066,-12.2611265,12.0215826
-0.765908241,-11.8578253,11.7317123
3.58971953,-4.70296955,-0.416131318
-0.820336044,-12.0052977,11.8117714
-0.725874126,-11.7749386,11.6356497
3.72520018,-4.70351267,-0.461275846
0.57834363,-10.8050098,11.4761686
-0.195128009,-11.2056599,11.474699
-0.871010363,-12.1946936,11.880702
-0.810997605,-11.9284372,11.6389809
-0.902560353,-12.3616371,11.9237127
-0.321819663,-12.9290552,12.1941252
-0.675464749,-12.4804144,12.1582975
0.390348285,-12.148632,11.6450815
-0.800110936,-12.4191742,12.067255
0.74674499,-10.7662706,11.4682293
-0.539378703,-12.530756,12.2040968
0.94763118,-10.9778137,11.1514778
3.86693263,-4.70405197,-0.462579519
-0.478803784,-12.6578903,12.2144346
0.6729334,-11.9411831,11.6407461
-0.435427308,-12.8077717,12.2153845
-0.884172678,-12.0890293,11.6424818
-0.903016925,-12.1657534,11.7553806
-0.943371058,-12.306076,11.7842865
-0.635121822,-12.6320658,12.1884766
-0.571453094,-12.7978764,12.2111883
-0.905120254,-12.5270433,11.981864
-0.495334536,-12.9292183,12.220499
-0.798283815,-12.5894737,12.1014729
-0.752274036,-12.7709599,12.1491823
-0.977853239,-12.4720926,11.8145046
-0.668687403,-12.9306087,12.1916904
-0.906122148,-12.6985378,12.0169773
4.00179911,-4.70490408,-0.420635998
-0.985239387,-12.6383524,11.8762665
-0.98017323,-12.8115015,11.9242525
0.835041046,-11.8732052,11.6393957
-0.893993497,-12.8500271,12.0460873
-0.990819991,-12.4223671,11.6497946
-0.824198127,-12.9330835,12.110714
-0.944046319,-12.2536478,11.6460857
-1.02425396,-12.5943298,11.6535883
-1.03381705,-12.7723083,11.7671051
-0.947193801,-12.936409,11.9851913
-1.04415786,-12.7690029,11.6574564
-0.33883819,-11.3311481,11.4759645
-0.422929585,-12.799921,11.1032009
0.197841197,-11.0239115,11.334013
0.0449675471,-11.1095753,11.3372955
0.241395697,-12.2969656,11.4886532
0.35683918,-10.9506798,11.3316183
0.52031666,-10.8885088,11.3331547
0.311462522,-11.0752935,11.2173119
0.473094046,-11.0072784,11.216527
0.0634949282,-12.7355633,11.5022697
0.638779819,-10.9497242,11.2194862
0.682933271,-10.8361301,11.3430157
-0.0995849371,-11.206501,11.3411446
0.820133507,-10.8820562,11.2450247
0.603892922,-11.0949974,11.1290026
0.831391215,-10.7898941,11.3716631
0.766926527,-11.0315447,11.1385384
0.161632627,-11.1487856,11.2222433
-0.223142222,-11.3085518,11.3391275
0.0192027874,-11.2679987,11.2023516
0.445481896,-11.1456232,11.1333532
-0.131767794,-11.3500767,11.2274857
0.288074613,-11.218112,11.1350822
-0.243552938,-11.4165602,11.253315
0.579620898,-11.9682655,11.4729757
0.732255101,-11.2020502,11.0798941
0.565719903,-11.2536917,11.0809479
0.14957352,-11.2805376,11.1444283
0.399711937,-11.3071156,11.0857277
3.73352432,-4.70397615,0.442036182
0.244544119,-11.376173,11.0905714
0.104633711,-11.4127388,11.106432
0.0970604345,-12.5746374,11.4746227
0.36674878,-11.4734125,11.0711718
0.736433089,-11.8963032,11.5061121
0.529416323,-11.4183941,11.0701752
0.214255601,-11.5321989,11.0736656
0.692744374,-11.3692312,11.0695848
0.0577214323,-11.5780706,11.0816336
-0.774838805,-11.9149866,11.4759054
4.24770689,-4.72196579,-0.104016721
0.48377037,-11.5705481,11.0890894
0.89778769,-11.8430853,11.5154877
0.652601361,-11.5300341,11.09692
4.11820126,-4.7063694,-0.338785022
0.860788822,-11.3203411,11.0684509
-0.0454186611,-11.4513388,11.1341848
0.820521295,-11.4840498,11.0979652
0.132075906,-12.4245014,11.4095154
0.329287082,-11.6355438,11.08566
-0.546740055,-11.5556622,11.4850864
0.596135616,-11.6835575,11.1534224
0.171369568,-11.6931248,11.0794334
0.765909851,-11.6426888,11.1679192
3.59821844,-4.70462084,0.399882019
-0.193851545,-11.5053902,11.170063
0.429262549,-11.7309275,11.1336622
4.20364189,-4.70765829,-0.225408077
-0.464349657,-11.439271,11.5375385
0.435053885,-12.0571089,11.4346724
-0.847162902,-12.0317259,11.5334435
-0.705451131,-11.7711716,11.5116558
0.286052585,-11.7988491,11.1228132
0.0107172048,-11.7416534,11.0767469
0.361297637,-12.1667395,11.5397053
-0.941297054,-12.3305111,11.4866886
-0.896879256,-12.1674824,11.5137157
-0.101193331,-11.6251173,11.0998478
0.12523745,-11.8648949,11.1035051
3.87492013,-4.70405054,0.44078356
0.251756519,-11.9508915,11.1772928
0.388276249,-11.8831596,11.202817
-1.02122259,-12.6247396,11.5656633
-0.564230978,-12.848032,11.1059599
0.547995567,-11.8160725,11.2290449
-0.15528436,-11.7884836,11.085803
0.0910257846,-12.020318,11.1386747
-0.0429158174,-11.9073486,11.0843868
0.351287127,-12.0224686,11.2910147
0.207311749,-12.1057024,11.2422876
-1.03221536,-12.7981701,11.5355577
0.704915583,-11.7658587,11.2515583
-0.264937341,-11.6622839,11.1389914
0.499880463,-11.9375868,11.3242073
-0.209844813,-11.9522858,11.0824137
-0.321403414,-11.8261566,11.1157246
-0.0887460485,-12.0972614,11.1036863
0.921344161,-11.5891047,11.1583147
0.293845475,-12.160737,11.380537
-0.383763134,-12.0167971,11.1022873
0.655205429,-11.8685131,11.3531141
-0.252759486,-12.1004076,11.0844774
0.0675187707,-12.194458,11.1948538
0.165601596,-12.2589674,11.3147898
-0.242356002,-12.7395754,11.1499472
4.2092824,-4.70364618,0.193933412
4.00997448,-4.7036829,0.39597252
0.890114605,-11.729454,11.2766571
-0.546075881,-12.6942739,11.1022015
-0.389279783,-12.6171522,11.0998869
-0.0770204663,-12.2792006,11.1470594
0.0390328467,-12.3569241,11.247879
-0.094427824,-12.449234,11.1822634
-0.325199574,-11.4081688,11.3347092
0.80133754,-11.8222408,11.3772516
3.48187566,-4.70501518,0.317886025
0.0170676,-12.521307,11.3017368
-0.204380572,-12.2084007,11.0963793
-0.364973694,-12.2355366,11.0881014
-0.973207295,-12.5024185,11.4617176
0.898906291,-11.1311836,11.0878906
-0.224699542,-12.3628922,11.1108818
0.930159092,-11.7975178,11.4003763
-0.348174453,-11.5381899,11.2440805
-0.237157047,-12.5359755,11.1295948
-0.626645923,-11.7007761,11.4251089
-0.517644465,-12.1585398,11.1224833
-0.376935571,-12.4432144,11.0930176
-0.530968964,-12.5203962,11.1011562
-0.52051878,-12.3462152,11.105484
-0.479930907,-11.8682117,11.1707706
-0.417843014,-11.7066965,11.1978989
-0.680766702,-12.5952253,11.1412096
3.39657354,-4.70557261,0.204438254
-0.706960618,-12.7915878,11.1454716
-0.66582346,-12.4215097,11.1490297
-0.650247157,-12.2489185,11.1666107
-0.800512135,-12.5065098,11.2219296
-0.781740844,-12.333498,11.2411194
-0.817849636,-12.6685257,11.2162924
-0.758015931,-12.1633062,11.2726688
-0.644846857,-12.1128588,11.1950865
-0.437711507,-11.4808369,11.3922472
-0.566228032,-12.0050669,11.1768503
-0.847702622,-12.8273849,11.2314425
-0.886700034,-12.4088736,11.3364849
-0.912810147,-12.5804853,11.3254786
-0.857524991,-12.2415695,11.3642902
0.00341155194,-12.8232365,11.3889036
-0.928493202,-12.7539043,11.3200779
-0.711247623,-11.9971542,11.2993164
3.35254669,-4.7191391,0.0825707614
-0.0969286188,-12.6280947,11.2242527
-0.821430027,-12.0796242,11.4068718
-0.989986956,-12.6826134,11.4358759
-0.994265735,-12.8248863,11.4216566
0.00324144843,-12.688508,11.3508425
-0.569293916,-11.7756996,11.279789
-0.504888296,-11.625927,11.3232441
-0.686680555,-11.8445969,11.3735075
-0.613150656,-11.9002151,11.2509747
4.24786186,-4.67239237,0.0827274695
4.12550831,-4.70307684,0.311005503
-0.080990158,-12.7994347,11.2708502
4.25742054,-2.62965441,-0.0102728056
3.87620854,-2.60807824,-0.46111387
3.79649615,-4.57894039,-0.467457622
4.0117898,-2.60769916,-0.415575534
4.25742054,-4.68227482,-0.0102728056
3.93672156,-4.57993078,-0.446620554
3.92824268,-2.72796965,-0.449183047
4.12593555,-2.60817337,-0.331117958
4.06428766,-4.58098698,-0.383502692
3.868294,-4.45468998,-0.462376624
4.00381327,-4.45603323,-0.419640571
4.05532646,-2.73478675,-0.389683872
4.11987543,-4.4568181,-0.337155998
3.93886065,-4.33076143,-0.445945621
4.06564617,-4.33082914,-0.382537812
3.72661233,-4.45383167,-0.461508483
4.00477934,-4.20637131,-0.419158578
4.12073278,-4.20625496,-0.336315304
3.79891539,-4.33059883,-0.467470944
3.86987019,-4.20667887,-0.462136507
4.06591892,-4.0804677,-0.382342935
3.93873763,-4.08192062,-0.445984751
3.72798777,-4.20633602,-0.461730719
3.79921842,-4.08161306,-0.467471719
3.65839434,-4.32850504,-0.444918752
4.0036664,-3.95677376,-0.419713408
3.87008429,-3.95702028,-0.462103426
3.59277725,-4.20377541,-0.417702585
3.66084027,-4.07938051,-0.445709348
3.65606427,-4.57780218,-0.444151551
3.72817326,-3.95829082,-0.461760342
3.93829799,-3.83229089,-0.446124285
3.79831696,-3.83354878,-0.467468828
3.86802959,-3.70817304,-0.462416351
3.53355145,-4.08197784,-0.381647795
3.53311062,-4.33003473,-0.381330788
3.59345055,-3.95636535,-0.418044806
3.66075492,-3.83164477,-0.445681959
3.47772622,-4.20531511,-0.334354788
4.06608343,-3.83228374,-0.382225454
4.00469685,-3.70786262,-0.419199944
3.73041296,-3.70736098,-0.462112069
3.79995513,-3.58287311,-0.467472732
4.1200676,-3.9548049,-0.336968094
3.93966484,-3.58584619,-0.445688903
3.96211362,-2.84531355,-0.437850296
3.48050237,-3.95509744,-0.337094039
3.43191147,-4.0792613,-0.281160474
3.65953875,-3.58373618,-0.445290536
4.16069555,-2.76567411,-0.291501969
3.87327862,-3.45964098,-0.461597949
4.06696701,-3.58372569,-0.381592363
3.59457469,-3.70668793,-0.418612808
3.72811937,-3.45805311,-0.461751729
4.00415373,-3.46037483,-0.419471085
3.53449345,-3.83299112,-0.382322311
4.11970901,-3.70587325,-0.337318927
3.59437871,-3.45745134,-0.418514073
3.53276277,-3.58281374,-0.38108024
4.16750717,-3.83074045,-0.282545388
3.74924731,-2.61741614,-0.464622408
3.94094872,-3.33540869,-0.445275605
3.80127549,-3.33653522,-0.4674716
3.47863698,-3.70829391,-0.335258722
3.53027868,-4.57648039,-0.379275829
3.66089845,-3.33238721,-0.445727915
4.06810856,-3.337358,-0.380769819
4.07224464,-2.84253788,-0.377743453
4.16646099,-4.08047104,-0.283951342
3.81667614,-2.82491088,-0.467176586
3.4320004,-4.57561684,-0.28128159
3.59453225,-4.45509195,-0.41859141
3.87098217,-3.21123338,-0.461963654
3.36295366,-4.56679392,-0.143799677
4.00859261,-3.21197987,-0.41722852
3.73389602,-3.20928645,-0.462636471
3.80425811,-3.08539104,-0.46745497
3.94363809,-3.08972907,-0.444396377
3.81977701,-2.70296454,-0.467054367
3.87866426,-2.96288705,-0.460693121
3.66366482,-3.08523059,-0.446603328
4.07001829,-3.08798575,-0.379381388
4.12061119,-3.45750356,-0.336434901
3.73328781,-2.96010232,-0.462546855
4.00799513,-2.96445489,-0.417533964
3.4786284,-3.45692372,-0.33525002
4.16621304,-4.58251381,-0.284282655
4.24613571,-2.65313196,-0.111225359
4.20541859,-2.62256479,-0.222042531
3.53434467,-3.33280587,-0.382216036
4.16461515,-3.58499599,-0.286404252
4.14356756,-2.94346166,-0.312174618
3.59771633,-3.21046162,-0.420179874
4.12388563,-3.21329761,-0.333185881
3.59734559,-2.95727849,-0.41999653
4.21558094,-2.87999201,-0.201342613
4.16739702,-4.33135509,-0.282694072
3.43218303,-4.32480145,-0.281529397
4.21258402,-2.99695635,-0.20772773
4.20493698,-3.95574045,-0.222961232
4.23282051,-2.7539041,-0.158222392
3.66656804,-2.83425188,-0.447501361
4.20579052,-3.70532942,-0.221329764
3.3938024,-4.20114803,-0.219691351
3.73179126,-2.7267375,-0.462322861
3.53913045,-3.08300591,-0.385590941
4.16857052,-3.3348484,-0.28110522
4.16942501,-3.08763504,-0.279939353
3.39564252,-3.95076203,-0.223224252
3.4812851,-3.20654249,-0.337857783
4.23891783,-3.84080839,-0.139023542
4.20693636,-3.21251702,-0.219112858
4.23497105,-3.08759761,-0.15177846
3.47865963,-4.44929695,-0.335281044
4.23393202,-3.33792257,-0.154931426
4.20490789,-3.46224976,-0.223016858
4.24962854,-3.21430421,-0.0943217725
3.43308949,-3.83109236,-0.282755107
3.43239117,-3.58195639,-0.281811506
4.25742054,-3.36257148,-0.0102728056
3.36628222,-4.07556629,-0.154249191
4.23798895,-3.58084011,-0.142146111
4.24700594,-3.45136189,-0.107301846
4.20499182,-4.45739794,-0.22285752
3.60038757,-2.66207719,-0.421488762
4.20538998,-4.20695639,-0.222097531
4.24856901,-3.97185159,-0.0998015553
4.23277569,-4.08218479,-0.158353895
3.47878504,-2.60843301,-0.335404992
4.25742054,-3.50921369,-0.0102728056
3.53825569,-2.83060718,-0.384981006
4.25742054,-2.77602124,-0.0102728056
4.24851513,-3.71130753,-0.100071378
4.24631214,-2.97085333,-0.110444807
3.39390588,-4.44979382,-0.21989195
4.25742054,-3.65585566,-0.0102728056
3.36056638,-4.32343769,-0.13571611
3.34302068,-4.53589153,-0.0102728056
4.2471261,-2.85831618,-0.106748
4.25742054,-3.80249786,-0.0102728056
3.39425731,-3.70747328,-0.220571622
3.43264508,-3.3312099,-0.282155067
4.25742054,-3.94914007,-0.0102728056
3.35234237,-4.45442963,-0.102125458
3.48116398,-2.96049142,-0.337739825
3.43624616,-3.08741617,-0.286957443
4.25742054,-4.09578323,-0.0102728056
4.25742054,-3.0692873,-0.0102728056
4.23853207,-4.5896554,-0.140331
3.35110259,-3.94998026,-0.0958580002
3.36721349,-3.82686234,-0.157026127
4.24812222,-4.19648314,-0.10201215
3.39506674,-3.45759988,-0.22212702
3.34302068,-4.0958519,-0.0102728056
3.39657116,-3.20940495,-0.224979594
3.35260201,-3.71050549,-0.103381753
3.36168861,-3.58217263,-0.139584348
3.48243093,-2.72535896,-0.338969499
4.23922157,-4.32823849,-0.137983128
3.34302068,-3.80199933,-0.0102728056
3.39819717,-2.59268355,-0.228008971
4.25742054,-3.21592951,-0.0102728056
3.34302068,-3.65531969,-0.0102728056
3.34302068,-4.38934898,-0.0102728056
4.25742054,-4.24242687,-0.0102728056
3.35181832,-4.19208479,-0.0995319635
3.40639353,-2.71238589,-0.242505416
4.25742054,-2.92264485,-0.0102728056
3.43687582,-2.83440995,-0.287783951
4.24743938,-4.46001816,-0.105285361
4.25742054,-4.5357132,-0.0102728056
3.36171651,-3.32165647,-0.139679104
3.34302068,-3.50877786,-0.0102728056
3.39931321,-2.95936322,-0.230056986
3.36872077,-3.0833087,-0.161400974
3.3525939,-3.44786215,-0.103342831
3.35234809,-3.19042349,-0.102152638
3.34302068,-3.06920791,-0.0102728056
3.34302068,-4.24274397,-0.0102728056
3.36284018,-2.83327818,-0.143427521
3.35417581,-2.97205424,-0.110651389
3.34302068,-3.94883895,-0.0102728056
4.25742054,-4.38907003,-0.0102728056
3.34302068,-2.92268229,-0.0102728056
3.34302068,-3.36225557,-0.0102728056
3.34302068,-3.21573234,-0.0102728056
3.35880685,-2.67058325,-0.129376635
3.34302068,-2.77616739,-0.0102728056
3.34302068,-2.62980866,-0.0102728056
3.36239481,-4.5885148,0.121410333
3.39053726,-2.60772038,0.192683637
3.86781621,-2.607898,0.441902697
3.72495198,-2.60809064,0.440688878
3.80433726,-4.57954645,0.446908653
3.94392633,-4.5801959,0.423755437
3.66367698,-4.57893944,0.426061541
4.07078981,-4.57858801,0.358270645
3.79650593,-2.73229122,0.44691211
3.87560511,-4.45510006,0.440669566
4.00264406,-2.60861301,0.399674356
3.73372507,-4.45439053,0.442065775
4.00866127,-4.45427227,0.3966479
3.4728353,-2.60846663,0.308867812
3.93637967,-2.73205233,0.426181704
3.42675114,-2.73371506,0.253454834
4.23671961,-2.74284577,0.125743777
4.20736408,-2.60842371,0.197732061
3.59063625,-2.60907197,0.396059811
3.65692282,-2.73250985,0.423890233
3.86746025,-2.85685563,0.441955775
4.06415939,-2.73339605,0.363047749
4.00167322,-2.85784006,0.400152147
3.7256,-2.85652733,0.440796584
3.93533635,-2.9824419,0.426505864
3.53076196,-2.73372293,0.359083205
3.79619312,-2.98122597,0.446909457
4.23531437,-3.44217968,0.130174041
3.59093094,-2.85651422,0.396211654
3.65651441,-2.98199439,0.423755288
3.47613549,-2.85795498,0.312218398
3.86547399,-3.10654855,0.442246646
4.24976635,-3.95424676,0.073037155
3.72612929,-3.10651851,0.440883815
3.53128219,-2.98225117,0.359462202
3.94311976,-4.32956028,0.424021661
3.8027091,-4.33152151,0.446920425
3.53673506,-4.58027649,0.363367558
4.11876535,-2.85587454,0.31769228
4.06314087,-2.98111963,0.363765806
3.59136248,-3.10500598,0.396433622
3.79572225,-3.23105621,0.446905077
3.59835339,-4.45664978,0.399948418
4.11775303,-2.60528541,0.318672568
3.65619969,-3.22977853,0.42365092
4.00081921,-3.10527492,0.400570333
3.70767689,-3.34840107,0.437463164
3.47635794,-3.1064949,0.312441945
3.93558145,-3.22978115,0.426429957
3.53163981,-3.23077416,0.359722018
3.85427356,-3.3504324,0.443720728
4.25197172,-3.65720367,0.060103599
4.16655302,-2.73103046,0.263282686
4.24842644,-4.19591141,0.0799669772
3.36225319,-4.32775164,0.120938554
3.35367227,-4.45770168,0.0878410265
3.57707143,-3.34849095,0.388771385
4.07024956,-4.32943535,0.358666599
4.06360626,-3.22946215,0.363438189
4.00232029,-3.3547771,0.399833977
4.12186527,-4.4584837,0.314652503
3.3613317,-2.98592973,0.117822409
3.66330886,-4.33182955,0.425946146
3.91838694,-3.47320724,0.431392908
3.35275984,-3.11839199,0.0835917294
3.35201311,-2.85776401,0.0799594373
3.35167909,-3.36144519,0.0782844573
3.36416364,-2.7359941,0.127153739
3.87209201,-4.20578909,0.441242784
4.24057627,-4.32807159,0.112686329
4.00915623,-4.20437002,0.396393955
3.35284948,-3.70904231,0.0840182975
3.73192263,-4.2068181,0.441797107
4.2459383,-3.32159042,0.0915493444
4.24709415,-2.85495019,0.0863487795
3.36164355,-3.60450315,0.118885554
4.23846722,-2.98488259,0.120003358
3.53783631,-4.33088684,0.364141762
3.48194242,-4.45541334,0.317950964
3.59896421,-4.20568848,0.400248468
3.80110359,-4.08178425,0.446926355
3.35314679,-4.19518042,0.0854178295
3.66483402,-4.08084679,0.42642194
3.94082665,-4.08174562,0.424769491
4.12377882,-4.20913029,0.31274727
3.73304129,-3.95647955,0.441964686
3.87479329,-3.95925927,0.440804541
4.24776983,-3.11608553,0.0831708834
3.59770942,-3.95731878,0.399630904
3.35118103,-3.9519608,0.0757227093
3.80643368,-3.83336329,0.44688499
4.24879599,-4.45832729,0.0781135783
3.66300702,-3.83147478,0.425851345
4.06804609,-4.08595991,0.360269278
3.39271736,-2.85660911,0.197026029
3.43526483,-4.33248377,0.265116245
3.75697327,-3.46537209,0.444877177
4.17071486,-4.33346987,0.257618725
3.48232698,-4.20732689,0.318323493
3.94398475,-3.83446503,0.423736125
3.53727794,-4.08236217,0.363749862
4.00860834,-3.95993137,0.396674871
3.43539357,-4.58182287,0.265286803
3.61799622,-3.46260262,0.409043461
3.43021822,-2.98089814,0.258297563
4.2346673,-4.08444786,0.132162616
3.39655519,-4.45649242,0.204403564
4.11831188,-3.10709119,0.318132311
3.87708044,-3.70914435,0.440420449
4.23371077,-3.8518393,0.135047629
4.1171751,-3.35776854,0.319229275
4.16970253,-4.08267784,0.259013206
3.82053661,-3.58832741,0.446475595
3.9631381,-3.59096932,0.416915417
3.73526978,-3.70925808,0.442290127
3.43219328,-3.23325849,0.260997683
4.07092953,-3.83760071,0.358168006
4.12435722,-3.96398091,0.312167078
4.04898977,-3.48047495,0.373323172
3.53582644,-3.8281827,0.362725198
4.01135635,-3.71157908,0.395255864
4.22210598,-3.58708429,0.165921807
3.48000932,-3.32318211,0.316065222
3.59957981,-3.70548248,0.40054962
4.22489452,-3.73136663,0.159090355
3.36786604,-3.23258877,0.138392046
4.20643759,-4.20884132,0.199535638
3.37973285,-3.47758055,0.169231772
3.48097467,-3.95791245,0.317009687
3.48591352,-3.45302796,0.321755707
3.39727068,-4.20660353,0.205743641
3.66902375,-3.58201313,0.42769894
4.20755768,-3.95911217,0.197353184
4.17934132,-3.83191824,0.245264605
3.48236132,-3.7014215,0.318356693
3.54068422,-3.57831049,0.366121531
4.16616917,-3.23198605,0.263795495
4.17174387,-4.57712507,0.256189555
3.39550805,-3.107198,0.20242326
3.36748004,-4.08311844,0.137264803
4.1656847,-2.98316717,0.264441252
4.2047348,-2.85699439,0.20280017
3.42818117,-3.58645892,0.255468458
3.43419218,-4.08189964,0.263688862
4.20862865,-4.45769405,0.195238262
4.23405075,-4.57012033,0.134029344
3.36699486,-3.82504272,0.135834306
3.43499923,-3.82857966,0.264763653
4.07445526,-3.58794308,0.355551302
4.15053082,-3.67835259,0.283520579
3.39646339,-3.70155263,0.204231262
4.23310852,-3.23060179,0.136832029
3.40395164,-3.35035872,0.217768177
3.39535618,-3.95691371,0.202133998
4.15938663,-3.49945927,0.272625834
4.2044549,-3.10600758,0.203331009
4.20522165,-3.3566699,0.201873228
