X[m],Y[m],Z[m], Total Surface Corrosion Rate [ kg s^-1 m^-2 ],Corrosion_Rate
-18.0286198,12.6049995,-4.57648659,0.00000000187,0.00749883218
-18.0286198,12.6049995,-4.49365044,0.00000000187,0.00753077631
-17.9647236,12.6049995,-4.49365044,0.00000000207,0.00830737318
-17.9647236,12.6049995,-4.57648659,0.00000000205,0.00821612311
-17.9647236,12.2416391,-8.02706337,0.00000000356,0.01429582137
-17.9647236,12.2416391,-7.96315193,0.00000000356,0.01428628036
-18.0286198,12.2416391,-7.96315193,0.00000000356,0.01429984349
-18.0286198,12.2416391,-8.02706337,0.00000000356,0.01430803312
-17.4535313,12.6049995,-10.0718555,0.00000000358,0.01438262204
-17.4535313,12.6049995,-10.0079441,0.00000000358,0.01438224562
-17.3896351,12.6049995,-10.0079441,0.00000000358,0.01438302703
-17.3896351,12.6049995,-10.0718555,0.00000000358,0.01438329462
-20.1725159,12.2416391,-7.13246346,0.00000000349,0.01400985947
-20.1725159,12.2416391,-7.19637537,0.00000000349,0.01403569059
-20.1373196,12.2539244,-7.19637537,0.00000000348,0.01398204718
-20.1373196,12.2539244,-7.13246346,0.00000000347,0.01395624462
-20.0095158,12.6049995,-8.6021595,0.00000000354,0.01423915136
-20.0095158,12.6049995,-8.53824806,0.00000000354,0.0142308315
-19.9456196,12.6049995,-8.53824806,0.00000000354,0.01420469442
-19.9456196,12.6049995,-8.6021595,0.00000000354,0.01421444063
-17.389719,12.2520218,-9.30507851,0.00000000358,0.01437164128
-17.389719,12.2520218,-9.24116707,0.00000000358,0.01437026045
-17.4537582,12.2639217,-9.24116707,0.00000000358,0.01436843981
-17.4537582,12.2639217,-9.30507851,0.00000000358,0.01437056552
-18.6035748,12.2643738,-8.98557568,0.00000000357,0.01435906825
-18.6035748,12.2643738,-9.04948616,0.00000000358,0.01436258729
-18.5442352,12.271101,-9.04948616,0.00000000357,0.01436158288
-18.5442352,12.271101,-8.98557568,0.00000000357,0.01435781409
-19.0510273,12.2416391,-10.346241,0.00000000358,0.01438766018
-19.0510273,12.3274698,-10.346241,0.00000000358,0.01438704469
-18.9871311,12.3274698,-10.346241,0.00000000358,0.01438686893
-18.9871311,12.2416391,-10.346241,0.00000000358,0.01438728553
-19.6232357,12.5761013,-9.24116707,0.00000000356,0.01428671029
-19.6232357,12.5761013,-9.17725563,0.00000000354,0.01422162585
-19.5562363,12.5761013,-9.17725563,0.00000000356,0.01432093263
-19.5562363,12.5761013,-9.24116707,0.00000000357,0.01434537131
-17.6438637,12.5888662,-9.43284798,0.00000000358,0.01436524015
-17.6438637,12.5888662,-9.36896324,0.00000000357,0.01435621468
-17.6121159,12.5962973,-9.36896324,0.00000000357,0.0143569194
-17.6121159,12.5962973,-9.43284798,0.00000000358,0.01436353191
-18.156435,12.2416391,-7.3880558,0.00000000351,0.01408886835
-18.156435,12.2416391,-7.32417107,0.0000000035,0.01405195386
-18.2203312,12.2416391,-7.32417107,0.00000000349,0.01401065156
-18.2203312,12.2416391,-7.3880558,0.0000000035,0.01404747325
-17.5797348,12.271101,-8.66607094,0.00000000357,0.01432953973
-17.5797348,12.271101,-8.6021595,0.00000000357,0.01432309132
-17.6458168,12.2611341,-8.6021595,0.00000000357,0.01432193257
-17.6458168,12.2611341,-8.66607094,0.00000000357,0.01432881007
-19.8154697,12.5880909,-8.6021595,0.00000000353,0.01418452227
-19.8154697,12.5880909,-8.53824806,0.00000000353,0.0141728306
-19.7532349,12.5761013,-8.53824806,0.00000000352,0.01415955644
-19.7532349,12.5761013,-8.6021595,0.00000000353,0.01417189485
-18.7857361,12.271101,-8.3465395,0.00000000357,0.01432625888
-18.7857361,12.271101,-8.41042423,0.00000000357,0.01433253603
-18.7315483,12.2647648,-8.41042423,0.00000000357,0.01432429824
-18.7315483,12.2647648,-8.3465395,0.00000000356,0.01431586954
-17.7422104,12.2502956,-8.02706337,0.00000000354,0.0142321276
-17.7422104,12.2502956,-7.96315193,0.00000000354,0.0142184797
-17.8369198,12.2416391,-7.96315193,0.00000000354,0.01423422921
-17.8369198,12.2416391,-8.02706337,0.00000000355,0.01424697172
-20.0095158,12.6049995,-7.96315193,0.00000000352,0.014121196
-20.0095158,12.6049995,-7.89924002,0.00000000351,0.01410628322
-19.9456196,12.6049995,-7.89924002,0.0000000035,0.01406271344
-19.9456196,12.6049995,-7.96315193,0.0000000035,0.01407917296
-17.4537582,12.2639217,-8.6021595,0.00000000357,0.01433195533
-17.4537582,12.2639217,-8.66607094,0.00000000357,0.01433712013
-17.389719,12.2520218,-8.66607094,0.00000000357,0.01434868249
-17.389719,12.2520218,-8.6021595,0.00000000357,0.01434501807
-18.3469486,12.258604,-6.74910259,0.00000000333,0.01337200643
-18.3469486,12.258604,-6.68519068,0.00000000331,0.0132830471
-18.411478,12.2614498,-6.68519068,0.00000000331,0.01327960122
-18.411478,12.2614498,-6.74910259,0.00000000333,0.01336893432
-17.8407364,12.5761013,-8.79389477,0.00000000356,0.0142869351
-17.8407364,12.5761013,-8.72998333,0.00000000355,0.01428100761
-17.773735,12.5761013,-8.72998333,0.00000000356,0.01429182158
-17.773735,12.5761013,-8.79389477,0.00000000356,0.01429840023
-20.1725159,12.2416391,-8.92166328,0.00000000357,0.01434146605
-20.1725159,12.3274698,-8.92166328,0.00000000357,0.01433095535
-20.1725159,12.3274698,-8.98557568,0.00000000357,0.01433471345
-20.1725159,12.2416391,-8.98557568,0.00000000357,0.01434444359
-17.4535313,12.6049995,-9.43284798,0.00000000358,0.01436425716
-17.4535313,12.6049995,-9.36896324,0.00000000357,0.01436104766
-17.3896351,12.6049995,-9.36896324,0.00000000358,0.01436227506
-17.3896351,12.6049995,-9.43284798,0.00000000358,0.014365233
-17.9647236,12.2416391,-7.3880558,0.00000000352,0.01412309245
-17.9647236,12.2416391,-7.32417107,0.00000000351,0.01409155954
-18.0286198,12.2416391,-7.32417107,0.00000000351,0.01411802844
-18.0286198,12.2416391,-7.3880558,0.00000000352,0.01414947752
-18.4102535,12.5883722,-9.8162632,0.00000000358,0.01438059893
-18.4102535,12.5883722,-9.75235176,0.00000000358,0.01438004591
-18.350235,12.5761013,-9.75235176,0.00000000358,0.01438005214
-18.350235,12.5761013,-9.8162632,0.00000000358,0.01438060697
-20.1725159,12.2416391,-4.95990229,0.00000000291,0.01169236619
-20.1725159,12.3274698,-4.95990229,0.00000000291,0.0116711379
-20.1725159,12.3274698,-5.02378654,0.00000000295,0.0118412086
-20.1725159,12.2416391,-5.02378654,0.00000000295,0.01184128176
-18.9876461,12.2619915,-7.70755959,0.00000000353,0.01419278417
-18.9876461,12.2619915,-7.77147102,0.00000000354,0.01420903411
-18.919735,12.271101,-7.77147102,0.00000000354,0.01421476981
-18.919735,12.271101,-7.70755959,0.00000000353,0.0141985038
-17.6458168,12.2611341,-7.96315193,0.00000000354,0.01421015092
-17.6458168,12.2611341,-8.02706337,0.00000000354,0.01422484785
-17.5797348,12.271101,-8.02706337,0.00000000354,0.01422817506
-17.5797348,12.271101,-7.96315193,0.00000000354,0.0142132489
-18.5442352,12.271101,-6.11004019,0.00000000304,0.01223027105
-18.5442352,12.271101,-6.04615545,0.00000000301,0.01207872227
-18.6035748,12.2643738,-6.04615545,0.00000000302,0.01214031977
-18.6035748,12.2643738,-6.11004019,0.00000000306,0.01228815777
-18.156435,12.2416391,-6.74910259,0.00000000336,0.01350677994
-18.156435,12.2416391,-6.68519068,0.00000000335,0.01344125573
-18.2203312,12.2416391,-6.68519068,0.00000000333,0.01338042444
-18.2203312,12.2416391,-6.74910259,0.00000000335,0.01345458786
-17.6438637,12.5888672,-8.79389477,0.00000000356,0.01430772808
-17.6438637,12.5888672,-8.72998333,0.00000000356,0.01430165075
-17.6121159,12.5962973,-8.72998333,0.00000000356,0.0143112676
-17.6121159,12.5962973,-8.79389381,0.00000000356,0.0143164181
-18.028635,12.5822058,-8.15483189,0.00000000354,0.01421622198
-18.028635,12.5822058,-8.09094715,0.00000000353,0.01419106794
-17.9747353,12.5761013,-8.09094715,0.00000000352,0.01414676664
-17.9747353,12.5761013,-8.15483189,0.00000000353,0.01416545982
-17.8369198,12.2416391,-7.32417107,0.00000000349,0.01403242223
-17.8369198,12.2416391,-7.3880558,0.0000000035,0.01406142979
-17.7422104,12.2502956,-7.3880558,0.0000000035,0.01404740993
-17.7422104,12.2502956,-7.32417154,0.00000000349,0.01402023009
-18.0262604,12.7747688,-9.93344688,0.00000000358,0.01439174384
-17.9836502,12.7747688,-9.96281528,0.00000000358,0.01439174384
-17.9848862,12.8621016,-9.96395206,0.00000000358,0.01439174384
-18.0262604,12.8609858,-9.93344688,0.00000000358,0.01439174384
-19.1788197,12.2416391,-7.0685792,0.00000000346,0.01388825664
-19.1788197,12.2416391,-7.13246346,0.00000000347,0.01393907235
-19.112957,12.2583036,-7.13246346,0.00000000347,0.01395534278
-19.112957,12.2583036,-7.0685792,0.00000000346,0.01390949116
-18.6037312,12.6049995,-9.17725563,0.00000000357,0.0143563806
-18.6037312,12.6049995,-9.1133709,0.00000000357,0.01435328619
-18.539835,12.6049995,-9.1133709,0.00000000357,0.01434932296
-18.539835,12.6049995,-9.17725563,0.00000000357,0.01435300165
-17.4535313,12.6049995,-8.79389477,0.00000000357,0.01433760538
-17.4535313,12.6049995,-8.72998333,0.00000000357,0.01433420233
-17.3896351,12.6049995,-8.72998333,0.00000000357,0.01433894339
-17.3896351,12.6049995,-8.79389477,0.00000000357,0.01434205479
-18.0286198,12.2416391,-6.68519068,0.00000000335,0.0134629978
-18.0286198,12.2416391,-6.74910259,0.00000000337,0.01354731598
-17.9647236,12.2416391,-6.74910259,0.00000000337,0.01354338216
-17.9647236,12.2416391,-6.68519068,0.00000000335,0.01344170442
-18.2162361,12.5761013,-7.51587915,0.00000000348,0.01397204318
-18.2162361,12.5761013,-7.45196772,0.00000000347,0.01393562201
-18.1492348,12.5761013,-7.45196772,0.00000000345,0.01384483312
-18.1492348,12.5761013,-7.51587915,0.00000000346,0.01389471397
-18.3469486,12.258605,-6.11004019,0.00000000302,0.01213202758
-18.3469486,12.258605,-6.04615545,0.00000000298,0.01196891194
-18.411478,12.2614508,-6.04615545,0.00000000298,0.01197345587
-18.411478,12.2614508,-6.11004019,0.00000000302,0.01213851435
-17.8407364,12.5761013,-8.15483189,0.00000000353,0.01419836199
-17.8407364,12.5761013,-8.09094715,0.00000000353,0.01418529833
-17.773735,12.5761013,-8.09094715,0.00000000353,0.01419738699
-17.773735,12.5761013,-8.15483189,0.00000000354,0.01420977269
-18.7315483,12.2647734,-5.47108698,0.00000000305,0.01226721852
-18.7315483,12.2647734,-5.40717506,0.00000000303,0.01217255828
-18.7857361,12.271101,-5.40717506,0.000000003,0.01206591194
-18.7857361,12.271101,-5.47108698,0.00000000303,0.01215951961
-19.3705196,12.2416391,-6.42954397,0.00000000322,0.01293050123
-19.3705196,12.2416391,-6.49345541,0.00000000325,0.01306129009
-19.306612,12.2416391,-6.49345541,0.00000000326,0.01311053046
-19.306612,12.2416391,-6.42954397,0.00000000323,0.01297594521
-18.2203312,12.2416391,-6.04615545,0.0000000031,0.01246836899
-18.2203312,12.2416391,-6.11004019,0.00000000313,0.01256804684
-18.156435,12.2416391,-6.11004019,0.00000000319,0.01282329829
-18.156435,12.2416391,-6.04615545,0.00000000317,0.01275133816
-17.6438637,12.5888662,-8.15483189,0.00000000354,0.01423035071
-17.6438637,12.5888662,-8.09094715,0.00000000354,0.01421974371
-17.6121159,12.5962973,-8.09094715,0.00000000355,0.01424204864
-17.6121159,12.5962973,-8.15483189,0.00000000355,0.0142510527
-18.7954197,12.6049995,-8.53824806,0.00000000357,0.0143405544
-18.7954197,12.6049995,-8.47433662,0.00000000357,0.01433658133
-18.7315235,12.6049995,-8.47433662,0.00000000357,0.01433257793
-18.7315235,12.6049995,-8.53824806,0.00000000357,0.01433706482
-20.1725159,12.2416391,-8.3465395,0.00000000356,0.01429798364
-20.1725159,12.2416391,-8.28265572,0.00000000356,0.01429093488
-20.1725159,12.3274698,-8.28265572,0.00000000355,0.01427598374
-20.1725159,12.3274698,-8.3465395,0.00000000356,0.01428359805
-18.5442352,12.271101,-5.47108698,0.00000000281,0.01129503827
-18.5442352,12.271101,-5.40717506,0.00000000284,0.01140520806
-18.6035748,12.2643738,-5.40717506,0.00000000297,0.0119487077
-18.6035748,12.2643738,-5.47108698,0.00000000297,0.011918181
-18.4102535,12.5883722,-6.87687111,0.00000000338,0.01355978733
-18.4102535,12.5883722,-6.81298685,0.00000000336,0.0134940972
-18.350235,12.5761013,-6.81298685,0.00000000336,0.01349607034
-18.350235,12.5761013,-6.87687111,0.00000000337,0.01355406677
-18.9871311,12.2416391,-4.76819468,0.00000000251,0.01010102159
-18.9871311,12.2416391,-4.83207893,0.00000000262,0.010508011
-18.9232349,12.2416391,-4.83207893,0.00000000263,0.01057951351
-18.9232349,12.2416391,-4.76819468,0.00000000254,0.01020196256
-18.028635,12.5822058,-7.51587915,0.00000000346,0.01389727407
-18.028635,12.5822058,-7.45196772,0.00000000345,0.01385815545
-17.9747353,12.5761013,-7.45196772,0.00000000347,0.01393370861
-17.9747353,12.5761013,-7.51587915,0.00000000347,0.01395875029
-18.4114723,12.2614403,-5.40717506,0.00000000258,0.01034617005
-18.4114761,12.2614479,-5.47108698,0.00000000261,0.01048620911
-18.3469486,12.258605,-5.47108698,0.00000000266,0.01067554924
-18.3469524,12.2586117,-5.40717506,0.00000000263,0.01055629067
-19.5622196,12.2416391,-5.79056358,0.00000000307,0.01233296931
-19.5622196,12.2416391,-5.85444784,0.00000000309,0.0124102191
-19.4983234,12.2416391,-5.85444784,0.00000000309,0.01241243845
-19.4983234,12.2416391,-5.79056358,0.00000000307,0.01233921256
-17.8407364,12.5761013,-7.51587915,0.00000000349,0.01402244053
-17.8407364,12.5761013,-7.45196772,0.00000000348,0.01399889031
-17.773735,12.5761013,-7.45196772,0.00000000349,0.01402257253
-17.773735,12.5761013,-7.51587915,0.0000000035,0.01404470444
-20.1373196,12.2416391,-10.0718555,0.00000000358,0.01436943441
-20.1725159,12.2416391,-10.0718555,0.00000000358,0.01437286515
-20.1725159,12.2416391,-10.1357403,0.00000000358,0.0143761433
-20.1373196,12.2416391,-10.1357403,0.00000000358,0.01437332452
-18.9894543,12.5881329,-7.89924002,0.00000000355,0.01425228994
-18.9894543,12.5881329,-7.83535576,0.00000000355,0.0142417418
-18.9232349,12.6049995,-7.83535576,0.00000000355,0.01425370287
-18.9232349,12.6049995,-7.89924002,0.00000000355,0.0142635829
-18.6037312,12.6049995,-6.23786354,0.00000000322,0.01291634667
-18.6037312,12.6049995,-6.1739521,0.00000000319,0.01280263736
-18.539835,12.6049995,-6.1739521,0.00000000315,0.01264526722
-18.539835,12.6049995,-6.23786354,0.00000000318,0.01276923122
-19.9456196,12.2416391,-10.1357403,0.00000000358,0.01437394982
-19.9456196,12.2416391,-10.0718555,0.00000000358,0.01437080278
-20.0095158,12.2416391,-10.0718555,0.00000000358,0.01436895989
-20.0095158,12.2416391,-10.1357403,0.00000000358,0.01437244321
-18.2162361,12.5761013,-6.87687111,0.0000000031,0.0124494974
-18.2162361,12.5761013,-6.81298685,0.00000000293,0.01177919804
-18.1492348,12.5761013,-6.81298685,0.00000000245,0.00982758185
-18.1492348,12.5761013,-6.87687111,0.00000000261,0.01050154563
-18.7954197,12.2416391,-4.76819468,0.00000000258,0.01038097043
-18.7954197,12.2416391,-4.83207893,0.00000000267,0.01071303997
-18.7315235,12.2416391,-4.83207893,0.00000000269,0.01081203451
-18.7315235,12.2416391,-4.76819468,0.00000000262,0.01051195908
-19.7542362,12.271101,-5.15158319,0.00000000272,0.01090752525
-19.7542362,12.271101,-5.21549463,0.00000000273,0.01097276845
-19.6921558,12.2585497,-5.21549463,0.00000000272,0.0109251248
-19.6921558,12.2585497,-5.15158319,0.00000000269,0.01080914081
-20.1725159,12.2416391,-7.70755959,0.00000000353,0.01419507668
-20.1725159,12.2416391,-7.64364767,0.00000000353,0.01417929327
-20.1725159,12.3274698,-7.64364767,0.00000000352,0.01415626133
-20.1725159,12.3274698,-7.70755959,0.00000000353,0.01417269767
-19.1807346,12.5761013,-7.26028681,0.00000000349,0.01402019887
-19.1807346,12.5761013,-7.19637537,0.00000000348,0.01399132863
-19.1137352,12.5761013,-7.19637537,0.00000000349,0.01402222464
-19.1137352,12.5761013,-7.26028681,0.0000000035,0.01404881398
-18.6037312,12.2416391,-4.83207893,0.00000000272,0.01094014015
-18.539835,12.2416391,-4.83207893,0.00000000274,0.01098904872
-18.539835,12.2416391,-4.76819468,0.00000000268,0.01076340695
-18.6037312,12.2416391,-4.76819468,0.00000000266,0.01069927071
-18.028635,12.5822058,-6.87687111,0.00000000313,0.01255463709
-18.028635,12.5822058,-6.81298685,0.00000000296,0.01190647503
-17.9747353,12.5761013,-6.81298685,0.00000000328,0.01318129709
-17.9747353,12.5761013,-6.87687111,0.00000000335,0.01345406067
-18.7954197,12.6049995,-5.5988555,0.00000000313,0.0125815984
-18.7954197,12.6049995,-5.53497124,0.0000000031,0.01243355523
-18.7315235,12.6049995,-5.53497124,0.00000000296,0.01188652053
-18.7315235,12.6049995,-5.5988555,0.00000000301,0.01209454131
-19.881712,12.2416391,-4.49365044,0.00000000269,0.01079037271
-19.9456196,12.2416391,-4.49365044,0.0000000027,0.01083583987
-19.9456196,12.2416391,-4.57648659,0.00000000273,0.01098240315
-19.881712,12.2416391,-4.57648659,0.0000000027,0.01084264686
-18.4102535,12.5883722,-6.23786354,0.00000000314,0.0126303687
-18.4102535,12.5883722,-6.1739521,0.00000000311,0.01248173857
-18.350235,12.5761013,-6.1739521,0.000000003,0.01204292194
-18.350235,12.5761013,-6.23786354,0.00000000307,0.01231974866
-20.1725159,12.2416391,-9.43284798,0.00000000357,0.01435955977
-20.1725159,12.2416391,-9.49675941,0.00000000357,0.01436044197
-20.1373196,12.2539244,-9.49675941,0.00000000357,0.01436070602
-20.1373196,12.2539244,-9.43284798,0.00000000357,0.01435956246
-19.3817348,12.5761013,-6.62127876,0.00000000314,0.01262554822
-19.3817348,12.5761013,-6.55736732,0.00000000298,0.01196905287
-19.3064842,12.5821724,-6.55736732,0.00000000333,0.0133597697
-19.3064842,12.5821724,-6.62127876,0.00000000335,0.01347720679
-18.9894543,12.5881329,-4.95990229,0.0000000013,0.00521573025
-18.9875526,12.597271,-4.89599085,0.00000000109,0.00439849786
-18.9232349,12.6049995,-4.89599085,0.00000000103,0.00415599961
-18.9232349,12.6049995,-4.95990229,0.00000000118,0.00473231886
-19.5562363,12.5761013,-5.98227119,0.00000000217,0.00872096619
-19.5562363,12.5761013,-5.91835976,0.00000000214,0.00858524806
-19.4892349,12.5761013,-5.91835976,0.00000000217,0.00870403652
-19.4892349,12.5761013,-5.98227119,0.0000000022,0.00883261049
-18.2162361,12.5761013,-6.23786354,0.00000000201,0.0080644994
-18.2162361,12.5761013,-6.1739521,0.00000000193,0.00774149904
-18.1492348,12.5761013,-6.1739521,0.00000000202,0.00809729897
-18.1492348,12.5761013,-6.23786354,0.00000000204,0.0081940617
-18.0286198,12.2416391,-10.2635365,0.00000000358,0.01438933359
-18.0286198,12.2416391,-10.346241,0.00000000358,0.01438930683
-17.9647236,12.2416391,-10.346241,0.00000000358,0.01438903747
-17.9647236,12.2416391,-10.2635365,0.00000000358,0.01438897769
-18.6037312,12.6049995,-5.5988555,0.00000000277,0.01113216974
-18.6037312,12.6049995,-5.53497124,0.00000000267,0.01074349709
-18.539835,12.6049995,-5.53497124,0.0000000024,0.0096509762
-18.539835,12.6049995,-5.5988555,0.0000000026,0.01042646165
-19.7532349,12.5761013,-5.34326315,0.00000000169,0.00679325924
-19.7532349,12.5761013,-5.27937889,0.00000000166,0.00666854907
-19.6905537,12.5848904,-5.27937889,0.00000000174,0.0069782075
-19.6905537,12.5848904,-5.34326315,0.00000000178,0.00715494471
-18.156435,12.2416391,-9.68843937,0.00000000358,0.01437941435
-18.156435,12.2416391,-9.62455559,0.00000000358,0.01437812359
-18.2203312,12.2416391,-9.62455559,0.00000000358,0.0143788363
-18.2203312,12.2416391,-9.68843937,0.00000000358,0.01438011814
-18.3469486,12.258604,-9.04948616,0.00000000357,0.01436164173
-18.3469486,12.258604,-8.98557568,0.00000000357,0.01435787652
-18.411478,12.2614508,-8.98557568,0.00000000357,0.01435772041
-18.411478,12.2614508,-9.04948616,0.00000000357,0.01436156504
-20.1373196,12.6049995,-10.1996241,0.00000000358,0.01437844739
-20.1373196,12.6049995,-10.2635365,0.00000000358,0.01437868557
-20.1725159,12.6049995,-10.2635365,0.00000000358,0.01437885237
-20.1725159,12.6049995,-10.1996241,0.00000000358,0.01437872928
-18.4102535,12.5883722,-5.5988555,0.00000000172,0.00691000813
-18.4102535,12.5883722,-5.53497124,0.00000000161,0.00647977582
-18.350235,12.5761013,-5.53497124,0.00000000159,0.00638754143
-18.350235,12.5761013,-5.5988555,0.00000000157,0.00630121845
-17.389719,12.2520218,-5.34326315,0.00000000317,0.01271941545
-17.389719,12.2520218,-5.40717506,0.00000000318,0.01278445618
-17.354372,12.2416391,-5.40717506,0.00000000317,0.01275027398
-17.354372,12.2416391,-5.34326315,0.00000000316,0.01268076601
-19.9456196,12.6049995,-4.70430994,0.00000000192,0.00772545069
-19.9456196,12.6049995,-4.6403985,0.00000000204,0.00818940979
-19.881712,12.6049995,-4.6403985,0.00000000198,0.00797357046
-19.881712,12.6049995,-4.70430994,0.0000000019,0.00763400348
-18.7954197,12.6049995,-4.95990229,0.00000000162,0.00651087029
-18.7954197,12.6049995,-4.89599085,0.0000000015,0.00601705662
-18.7315235,12.6049995,-4.89599085,0.00000000162,0.00649983288
-18.7315235,12.6049995,-4.95990229,0.0000000018,0.00724297593
-20.0095158,12.6049995,-10.2635365,0.00000000358,0.01437756519
-20.0095158,12.6049995,-10.1996241,0.00000000358,0.01437690864
-19.9456196,12.6049995,-10.1996241,0.00000000358,0.01437629761
-19.9456196,12.6049995,-10.2635365,0.00000000358,0.01437708082
-18.5442352,12.271101,-8.41042423,0.00000000356,0.01429461895
-18.5442352,12.271101,-8.3465395,0.00000000356,0.01428328763
-18.6035748,12.2643738,-8.3465395,0.00000000356,0.01428700645
-18.6035748,12.2643738,-8.41042423,0.00000000356,0.01429823339
-17.8369198,12.2416391,-10.346241,0.00000000358,0.01438831492
-17.7730122,12.2416391,-10.346241,0.00000000358,0.01438785462
-17.7730122,12.2416391,-10.2635365,0.00000000358,0.01438719453
-17.8369198,12.2416391,-10.2635365,0.00000000358,0.01438791528
-18.9232349,12.2416391,-10.0718555,0.00000000358,0.01438095575
-18.9232349,12.2416391,-10.0079441,0.00000000358,0.01437924663
-18.9871311,12.2416391,-10.0079441,0.00000000358,0.01438002896
-18.9871311,12.2416391,-10.0718555,0.00000000358,0.01438182368
-20.1725159,12.2416391,-7.26028681,0.0000000035,0.01406006857
-20.1725159,12.3274698,-7.26028681,0.00000000349,0.01403495108
-20.1725159,12.3274698,-7.32417107,0.0000000035,0.01405822836
-20.1725159,12.2416391,-7.32417107,0.00000000351,0.01408305327
-18.6037312,12.6049995,-4.95990229,0.00000000135,0.00540673089
-18.6037312,12.6049995,-4.89599085,0.00000000128,0.00513312432
-18.539835,12.6049995,-4.89599085,0.00000000125,0.00502137609
-18.539835,12.6049995,-4.95990229,0.00000000133,0.00535435458
-17.5813236,12.2416391,-4.70430994,0.0000000028,0.01123318025
-17.5813236,12.2416391,-4.76819468,0.00000000282,0.01132114767
-17.5174274,12.2416391,-4.76819468,0.0000000029,0.01165171236
-17.5174274,12.2416391,-4.70430994,0.00000000287,0.01154612936
-17.9647236,12.2416391,-9.68843937,0.00000000358,0.01437889519
-17.9647236,12.2416391,-9.62455559,0.00000000358,0.01437746258
-18.0286198,12.2416391,-9.62455559,0.00000000358,0.01437732881
-18.0286198,12.2416391,-9.68843937,0.00000000358,0.01437866058
-18.156435,12.2416391,-9.04948616,0.00000000358,0.01436471923
-18.156435,12.2416391,-8.98557568,0.00000000358,0.01436264168
-18.2203312,12.2416391,-8.98557568,0.00000000357,0.01436151688
-18.2203312,12.2416391,-9.04948616,0.00000000358,0.01436408409
-17.5813236,12.2416391,-10.346241,0.00000000358,0.0143864149
-17.5813236,12.2416391,-10.2635365,0.00000000358,0.01438512683
-17.6452198,12.2416391,-10.2635365,0.00000000358,0.01438576108
-17.6452198,12.2416391,-10.346241,0.00000000358,0.01438689573
-19.1788197,12.2416391,-9.36896324,0.00000000358,0.01437384991
-19.1788197,12.2416391,-9.43284798,0.00000000358,0.0143755947
-19.112957,12.2583036,-9.43284798,0.00000000358,0.01437652242
-19.112957,12.2583036,-9.36896324,0.00000000358,0.01437485612
-18.2162361,12.5761013,-9.8162632,0.00000000358,0.01438007801
-18.2162361,12.5761013,-9.75235176,0.00000000358,0.01437933762
-18.1492348,12.5761013,-9.75235176,0.00000000358,0.01437702731
-18.1492348,12.5761013,-9.8162632,0.00000000358,0.01437746082
-18.7315483,12.2647648,-7.77147102,0.00000000353,0.01417646469
-18.7315483,12.2647648,-7.70755959,0.00000000352,0.01415177802
-18.7857361,12.271101,-7.70755959,0.00000000354,0.01420321368
-18.7857361,12.271101,-7.77147102,0.00000000354,0.0142220772
-18.3469486,12.258604,-8.41042423,0.00000000356,0.01429746002
-18.3469486,12.258604,-8.3465395,0.00000000356,0.01428714918
-18.411478,12.2614508,-8.3465395,0.00000000356,0.01428456051
-18.411478,12.2614508,-8.41042423,0.00000000356,0.01429533612
-17.8369198,12.2416391,-9.62455559,0.00000000358,0.01437796659
-17.8369198,12.2416391,-9.68843937,0.00000000358,0.01437936707
-17.7422104,12.2502956,-9.68843937,0.00000000358,0.01437946071
-17.7422104,12.2502956,-9.62455559,0.00000000358,0.01437828059
-19.3705196,12.2416391,-8.72998333,0.00000000357,0.01435106772
-19.3705196,12.2416391,-8.79389477,0.00000000357,0.01435356985
-19.306612,12.2416391,-8.79389477,0.00000000357,0.01435342266
-19.306612,12.2416391,-8.72998333,0.00000000357,0.0143501347
-18.0286198,12.2416391,-8.98557568,0.00000000358,0.01436299938
-18.0286198,12.2416391,-9.04948616,0.00000000358,0.01436453098
-17.9647236,12.2416391,-9.04948616,0.00000000358,0.01436364343
-17.9647236,12.2416391,-8.98557568,0.00000000358,0.01436190041
-18.919735,12.271101,-7.13246346,0.00000000348,0.01398733149
-18.919735,12.271101,-7.0685792,0.00000000347,0.01395192012
-18.9876461,12.2619915,-7.0685792,0.00000000347,0.01393663176
-18.9876461,12.2619915,-7.13246346,0.00000000348,0.0139751367
-18.5442352,12.271101,-7.77147102,0.00000000352,0.01412587286
-18.5442352,12.271101,-7.70755959,0.00000000351,0.01410112646
-18.6035748,12.2643738,-7.70755959,0.00000000351,0.01409967782
-18.6035748,12.2643738,-7.77147102,0.00000000352,0.01412547503
-18.4102535,12.5883722,-9.17725563,0.00000000357,0.01435014269
-18.4102535,12.5883722,-9.1133709,0.00000000357,0.01434603854
-18.350235,12.5761013,-9.1133709,0.00000000357,0.01434361402
-18.350235,12.5761013,-9.17725563,0.00000000357,0.01434779583
-18.2203312,12.2416391,-8.3465395,0.00000000356,0.01430877531
-18.2203312,12.2416391,-8.41042423,0.00000000356,0.01431664737
-18.156435,12.2416391,-8.41042423,0.00000000357,0.01432823471
-18.156435,12.2416391,-8.3465395,0.00000000357,0.01432213239
-18.028635,12.5822058,-9.8162632,0.00000000358,0.01437365635
-18.028635,12.5822058,-9.75235176,0.00000000358,0.01437370721
-17.9747353,12.5761013,-9.75235176,0.00000000358,0.01437711649
-17.9747353,12.5761013,-9.8162632,0.00000000358,0.014377484
-19.5622196,12.2416391,-8.09094715,0.00000000355,0.01427777405
-19.5622196,12.2416391,-8.15483189,0.00000000356,0.01428722322
-19.4983234,12.2416391,-8.15483189,0.00000000356,0.01430657825
-19.4983234,12.2416391,-8.09094715,0.00000000356,0.01429926102
-18.411478,12.2614498,-7.70755959,0.00000000351,0.01411836296
-18.411478,12.2614508,-7.77147102,0.00000000352,0.01414094533
-18.3469486,12.258604,-7.77147102,0.00000000352,0.01415013583
-18.3469486,12.258604,-7.70755959,0.00000000352,0.01412833752
-19.112957,12.2583036,-6.49345541,0.00000000332,0.01332410853
-19.112957,12.2583036,-6.42954397,0.00000000329,0.01322599706
-19.1788197,12.2416391,-6.42954397,0.00000000327,0.01313679866
-19.1788197,12.2416391,-6.49345541,0.0000000033,0.01324951249
-18.9871311,12.6049995,-10.1996241,0.00000000358,0.01438459164
-18.9871311,12.6049995,-10.1357403,0.00000000358,0.01438426335
-18.9232349,12.6049995,-10.1357403,0.00000000358,0.01438448101
-18.9232349,12.6049995,-10.1996241,0.00000000358,0.01438479858
-17.8407364,12.5761013,-9.8162632,0.00000000358,0.01437977293
-17.8407364,12.5761013,-9.75235176,0.00000000358,0.0143790593
-17.773735,12.5761013,-9.75235176,0.00000000358,0.0143792627
-17.773735,12.5761013,-9.8162632,0.00000000358,0.01437975333
-18.6037312,12.6049995,-8.53824806,0.00000000356,0.01431156018
-18.6037312,12.6049995,-8.47433662,0.00000000356,0.01430480582
-18.539835,12.6049995,-8.47433662,0.00000000356,0.01429273676
-18.539835,12.6049995,-8.53824806,0.00000000356,0.01430066595
-18.2162361,12.5761013,-9.17725563,0.00000000357,0.01435096604
-18.2162361,12.5761013,-9.1133709,0.00000000357,0.01434329914
-18.1492348,12.5761013,-9.1133709,0.00000000357,0.01435803978
-18.1492348,12.5761013,-9.17725563,0.00000000358,0.01436338118
-17.5813236,12.6049995,-4.83207893,0.00000000143,0.00575257856
-17.5174274,12.6049995,-4.83207893,0.00000000144,0.00580055938
-17.5174274,12.6049995,-4.89599085,0.00000000101,0.00404691092
-17.5818367,12.5974588,-4.89599085,0.00000000119,0.00476555953
-18.7315483,12.2647648,-7.13246346,0.00000000344,0.01381530818
-18.7315483,12.2647648,-7.0685792,0.00000000343,0.01376590366
-18.7857361,12.271101,-7.0685792,0.00000000346,0.01389902509
-18.7857361,12.271101,-7.13246346,0.00000000347,0.01393809289
-20.1725159,12.2416391,-9.94403172,0.00000000358,0.01436721329
-20.1725159,12.3274698,-9.94403172,0.00000000358,0.01436723739
-20.1725159,12.3274698,-10.0079441,0.00000000358,0.01437047899
-20.1725159,12.2416391,-10.0079441,0.00000000358,0.01436995803
-20.1725159,12.3913698,-5.27937889,0.00000000306,0.01230973843
-20.1725159,12.4552689,-5.27937889,0.00000000296,0.01188462855
-20.1725159,12.4552689,-5.34326315,0.00000000302,0.01214683957
-20.1725159,12.3913698,-5.34326315,0.0000000031,0.01245932838
-18.6035748,12.2643738,-7.0685792,0.00000000341,0.01370994545
-18.6035748,12.2643738,-7.13246346,0.00000000343,0.01376376726
-18.5442352,12.271101,-7.13246346,0.00000000343,0.01377131195
-18.5442352,12.271101,-7.0685792,0.00000000341,0.01371664899
-19.7542362,12.271101,-7.45196772,0.00000000347,0.01393036088
-19.7542362,12.271101,-7.51587915,0.00000000347,0.01395312788
-19.6921558,12.2585497,-7.51587915,0.00000000348,0.01397671469
-19.6921558,12.2585497,-7.45196772,0.00000000347,0.01395452301
-18.028635,12.5822058,-9.17725563,0.00000000358,0.01437001869
-18.028635,12.5822058,-9.1133709,0.00000000358,0.01436861464
-17.9747353,12.5761013,-9.1133709,0.00000000357,0.01435980241
-17.9747353,12.5761013,-9.17725563,0.00000000358,0.01436532134
-19.306612,12.2416391,-5.85444784,0.00000000287,0.01151083389
-19.306612,12.2416391,-5.79056358,0.00000000282,0.01133219444
-19.3705196,12.2416391,-5.79056358,0.00000000288,0.01158236677
-19.3705196,12.2416391,-5.85444784,0.00000000292,0.01171575403
-18.7954197,12.6049995,-7.89924002,0.00000000355,0.01428031985
-18.7954197,12.6049995,-7.83535576,0.00000000355,0.01427083324
-18.7315235,12.6049995,-7.83535576,0.00000000355,0.01425825845
-18.7315235,12.6049995,-7.89924002,0.00000000355,0.01426906526
-19.1807346,12.5761013,-9.56067085,0.00000000358,0.01437988445
-19.1807346,12.5761013,-9.49675941,0.00000000358,0.01437897546
-19.1137352,12.5761013,-9.49675941,0.00000000358,0.01437818337
-19.1137352,12.5761013,-9.56067085,0.00000000358,0.01437964804
-18.919735,12.271101,-6.49345541,0.00000000336,0.01348878344
-18.919735,12.271101,-6.42954397,0.00000000334,0.01341923353
-18.9876461,12.2619915,-6.42954397,0.00000000333,0.01336528151
-18.9876461,12.2619915,-6.49345541,0.00000000335,0.01344118434
-18.4102535,12.5883722,-8.53824806,0.00000000356,0.01429265292
-18.4102535,12.5883722,-8.47433662,0.00000000356,0.01428384065
-18.350235,12.5761013,-8.47433662,0.00000000355,0.01428132072
-18.350235,12.5761013,-8.53824806,0.00000000356,0.01429028641
-19.9454098,12.2640858,-6.81298685,0.00000000338,0.01358687707
-19.9454098,12.2640858,-6.87687111,0.0000000034,0.0136405588
-19.8842354,12.271101,-6.87687111,0.0000000034,0.01364095844
-19.8842354,12.271101,-6.81298685,0.00000000338,0.01358398337
-17.354372,12.3274698,-5.21549463,0.00000000314,0.01260396311
-17.354372,12.3913698,-5.21549463,0.00000000311,0.01247844703
-17.354372,12.3913698,-5.15158319,0.00000000305,0.0122474344
-17.354372,12.3274698,-5.15158319,0.00000000311,0.01248487222
-18.2162361,12.5761013,-8.53824806,0.00000000355,0.01427188224
-18.2162361,12.5761013,-8.47433662,0.00000000355,0.01426291297
-18.1492348,12.5761013,-8.47433662,0.00000000355,0.01426499674
-18.1492348,12.5761013,-8.53824806,0.00000000355,0.01427811656
-19.4983234,12.2416391,-5.21549463,0.00000000286,0.01148914175
-19.4983234,12.2416391,-5.15158319,0.00000000282,0.0113435133
-19.5622196,12.2416391,-5.15158319,0.00000000278,0.01116168846
-19.5622196,12.2416391,-5.21549463,0.00000000282,0.01133003397
-19.3817348,12.5761013,-8.92166328,0.00000000357,0.01435780782
-19.3817348,12.5761013,-8.85777855,0.00000000357,0.01435180276
-19.3064842,12.5821724,-8.85777855,0.00000000357,0.0143345957
-19.3064842,12.5821724,-8.92166328,0.00000000357,0.01434113776
-18.7857361,12.271101,-6.42954397,0.00000000334,0.01339882589
-18.7857361,12.271101,-6.49345541,0.00000000335,0.01345849934
-18.7315483,12.2647648,-6.49345541,0.00000000329,0.01321616167
-18.7315483,12.2647648,-6.42954397,0.00000000327,0.01314198753
-18.7315235,12.2416391,-10.346241,0.00000000358,0.01438605543
-18.7954197,12.2416391,-10.346241,0.00000000358,0.01438632571
-18.7954197,12.3274698,-10.346241,0.00000000358,0.01438625167
-18.7315235,12.3274698,-10.346241,0.00000000358,0.01438595821
-18.9894543,12.5881338,-7.26028681,0.00000000351,0.01409975186
-18.9894543,12.5881338,-7.19637537,0.0000000035,0.01407709991
-18.9232349,12.6049995,-7.19637537,0.00000000351,0.01409838887
-18.9232349,12.6049995,-7.26028681,0.00000000351,0.01411977235
-19.112957,12.2583036,-5.85444784,0.00000000292,0.01174532272
-19.112957,12.2583036,-5.79056358,0.00000000288,0.01155299967
-19.1788197,12.2416391,-5.79056358,0.00000000284,0.0114147152
-19.1788197,12.2416391,-5.85444784,0.00000000289,0.01160309817
-18.6037312,12.6049995,-7.89924002,0.00000000354,0.01421103758
-18.6037312,12.6049995,-7.83535576,0.00000000353,0.01419539959
-18.539835,12.6049995,-7.83535576,0.00000000353,0.0141656739
-18.539835,12.6049995,-7.89924002,0.00000000353,0.01418355623
-20.1373196,12.2539244,-6.1739521,0.0000000033,0.01325425981
-20.1373196,12.2539244,-6.23786354,0.00000000331,0.01331516606
-20.0733891,12.2647629,-6.23786354,0.00000000326,0.01310213386
-20.0733891,12.2647629,-6.1739521,0.00000000324,0.01303444296
-19.5562363,12.5761013,-8.28265572,0.00000000351,0.01408154039
-19.5562363,12.5761013,-8.21874428,0.0000000035,0.01406486675
-19.4892349,12.5761013,-8.21874428,0.00000000354,0.01423437013
-19.4892349,12.5761013,-8.28265572,0.00000000355,0.01425113296
-19.690012,12.2416391,-4.57648659,0.00000000247,0.00990972973
-19.690012,12.2416391,-4.49365044,0.00000000254,0.01021826777
-19.7539082,12.2416391,-4.49365044,0.0000000026,0.01044247786
-19.7539082,12.2416391,-4.57648659,0.00000000256,0.01028342179
-20.1725159,12.4552689,-4.70430994,0.00000000226,0.00907165575
-20.1725159,12.3913698,-4.70430994,0.00000000249,0.010011511
-20.1725159,12.3913698,-4.6403985,0.00000000228,0.00914026991
-20.1725159,12.4552689,-4.6403985,0.00000000224,0.00899531134
-18.9876461,12.2619915,-5.79056358,0.00000000299,0.01202003004
-18.9876461,12.2619915,-5.85444784,0.00000000303,0.01219013015
-18.919735,12.271101,-5.85444784,0.00000000309,0.01242202678
-18.919735,12.271101,-5.79056358,0.00000000306,0.01227714937
-18.4102535,12.5883722,-7.89924002,0.00000000353,0.01416182127
-18.4102535,12.5883722,-7.83535576,0.00000000352,0.01414205053
-18.350235,12.5761013,-7.83535576,0.00000000352,0.01413641209
-18.350235,12.5761013,-7.89924002,0.00000000352,0.01415664755
-19.1807346,12.5761013,-6.62127876,0.00000000339,0.01361799162
-19.1807346,12.5761013,-6.55736732,0.00000000337,0.01355652785
-19.1137352,12.5761013,-6.55736732,0.00000000339,0.01362340617
-19.1137352,12.5761013,-6.62127876,0.0000000034,0.01367820114
-19.306612,12.2416391,-5.21549463,0.00000000255,0.01023118869
-19.306612,12.2416391,-5.15158319,0.00000000253,0.01017347323
-19.3705196,12.2416391,-5.15158319,0.00000000272,0.01093136893
-19.3705196,12.2416391,-5.21549463,0.00000000274,0.01099757641
-18.7954197,12.6049995,-7.26028681,0.00000000352,0.01413338457
-18.7954197,12.6049995,-7.19637537,0.00000000351,0.01411066128
-18.7315235,12.6049995,-7.19637537,0.0000000035,0.01407086024
-18.7315235,12.6049995,-7.26028681,0.00000000351,0.01409774305
-19.7532349,12.5761013,-7.64364767,0.00000000347,0.01392154415
-19.7532349,12.5761013,-7.57976341,0.00000000346,0.01390051925
-19.6905613,12.5849104,-7.57976341,0.00000000345,0.01387491294
-19.6905613,12.5849104,-7.64364767,0.00000000346,0.01389705642
-18.539835,12.3274698,-10.346241,0.00000000358,0.01438633017
-18.539835,12.2416391,-10.346241,0.00000000358,0.01438693674
-18.6037312,12.2416391,-10.346241,0.00000000358,0.01438649785
-18.6037312,12.3274698,-10.346241,0.00000000358,0.01438613839
-19.3817348,12.5761013,-5.98227119,0.00000000199,0.00799039484
-19.3817348,12.5761013,-5.91835976,0.000000002,0.0080189582
-19.3064842,12.5821724,-5.91835976,0.00000000181,0.00726321316
-19.3064842,12.5821724,-5.98227119,0.00000000179,0.00719882359
-17.389719,12.2520218,-7.64364767,0.00000000354,0.01422472564
-17.389719,12.2520218,-7.70755959,0.00000000354,0.01423830841
-17.354372,12.2416391,-7.70755959,0.00000000355,0.01426888951
-17.354372,12.2416391,-7.64364767,0.00000000355,0.01425774194
-19.1788197,12.2416391,-5.15158319,0.00000000239,0.00960692647
-19.1788197,12.2416391,-5.21549463,0.00000000241,0.00967809539
-19.112957,12.2583036,-5.21549463,0.00000000254,0.01019897786
-19.112957,12.2583036,-5.15158319,0.00000000255,0.01024469743
-19.5562363,12.5761013,-5.34326315,0.00000000175,0.00701642785
-19.5562363,12.5761013,-5.27937889,0.0000000017,0.00682701372
-19.4892349,12.5761013,-5.27937889,0.00000000174,0.00697937203
-19.4892349,12.5761013,-5.34326315,0.00000000179,0.0071727115
-20.1725159,12.2416391,-9.56067085,0.00000000357,0.01436085141
-20.1725159,12.3274698,-9.56067085,0.00000000357,0.01435801745
-20.1725159,12.3274698,-9.62455559,0.00000000357,0.01435848309
-20.1725159,12.2416391,-9.62455559,0.00000000357,0.01436073455
-18.6037312,12.6049995,-7.26028681,0.00000000348,0.01396913698
-18.6037312,12.6049995,-7.19637537,0.00000000347,0.01393173994
-18.539835,12.6049995,-7.19637537,0.00000000345,0.01387283451
-18.539835,12.6049995,-7.26028681,0.00000000346,0.0139138799
-19.9456196,12.6049995,-7.00469446,0.00000000341,0.01370450148
-19.9456196,12.6049995,-6.94078302,0.0000000034,0.01366010027
-19.881712,12.6049995,-6.94078302,0.00000000339,0.01360082469
-19.881712,12.6049995,-7.00469446,0.0000000034,0.01364822393
-19.5622196,12.2416391,-4.57648659,0.00000000236,0.00947945597
-19.4983234,12.2416391,-4.57648659,0.00000000233,0.00935320842
-19.4983234,12.2416391,-4.49365044,0.00000000241,0.00966616461
-19.5622196,12.2416391,-4.49365044,0.00000000247,0.00994234555
-19.7539082,12.6049995,-4.70430994,0.00000000186,0.00748465618
-19.7539082,12.6049995,-4.6403985,0.00000000194,0.00779454387
-19.690012,12.6049995,-4.6403985,0.00000000197,0.00791555527
-19.690012,12.6049995,-4.70430994,0.00000000189,0.00758392908
-17.354372,12.5191689,-10.0079441,0.00000000358,0.01438310998
-17.354372,12.6049995,-10.0079441,0.00000000358,0.01438333568
-17.354372,12.6049995,-9.94403172,0.00000000358,0.01438316976
-17.354372,12.5191689,-9.94403172,0.00000000358,0.01438253639
-18.9894543,12.5881338,-6.62127876,0.00000000343,0.01377711542
-18.9894543,12.5881338,-6.55736732,0.00000000342,0.0137336821
-18.9232349,12.6049995,-6.55736732,0.00000000343,0.0137716527
-18.9232349,12.6049995,-6.62127876,0.00000000344,0.01381393089
-20.0734119,12.6049995,-6.3017478,0.00000000333,0.01337489033
-20.0734119,12.6049995,-6.36563206,0.00000000334,0.0134279896
-20.1373196,12.6049995,-6.36563206,0.00000000335,0.01344272043
-20.1373196,12.6049995,-6.3017478,0.00000000333,0.01338319413
-17.5797348,12.271101,-7.00469446,0.00000000345,0.01385466763
-17.5797348,12.271101,-7.0685792,0.00000000346,0.01388882039
-17.5127354,12.271101,-7.0685792,0.00000000346,0.01388956078
-17.5127354,12.271101,-7.00469446,0.00000000345,0.01385624117
-17.354372,12.3274698,-4.57648659,0.0000000023,0.00922997321
-17.354372,12.3913698,-4.57648659,0.00000000228,0.00916014144
-17.354372,12.3913698,-4.49365044,0.00000000235,0.00944559756
-17.354372,12.3274698,-4.49365044,0.00000000237,0.0095127524
-18.7954197,12.2416391,-10.0718555,0.00000000358,0.01438074524
-18.7315235,12.2416391,-10.0718555,0.00000000358,0.0143795294
-18.7315235,12.2416391,-10.0079441,0.00000000358,0.01437773379
-18.7954197,12.2416391,-10.0079441,0.00000000358,0.01437898173
-19.306612,12.2416391,-4.49365044,0.00000000206,0.00829501605
-19.3705196,12.2416391,-4.49365044,0.00000000202,0.00811403146
-19.3705196,12.2416391,-4.57648659,0.00000000196,0.00785933215
-19.306612,12.2416391,-4.57648659,0.00000000202,0.00809513939
-17.3896351,12.2416391,-4.76819468,0.00000000289,0.0115966453
-17.354372,12.2416391,-4.76819468,0.00000000284,0.0114127135
-17.354372,12.2416391,-4.70430994,0.00000000256,0.01028446725
-17.3896351,12.2416391,-4.70430994,0.00000000269,0.01079713511
-17.7422104,12.2502956,-6.36563253,0.00000000324,0.01302245421
-17.7422104,12.2502956,-6.42954397,0.00000000327,0.01314484648
-17.7104721,12.2576952,-6.42954397,0.00000000329,0.01321506358
-17.7104721,12.2576962,-6.36563206,0.00000000326,0.01309203979
-18.7954197,12.6049995,-6.62127876,0.00000000344,0.01381346705
-18.7954197,12.6049995,-6.55736732,0.00000000343,0.01376802399
-18.7315235,12.6049995,-6.55736732,0.0000000034,0.01366583509
-18.7315235,12.6049995,-6.62127876,0.00000000342,0.01371975947
-19.1807346,12.5761013,-5.98227119,0.0000000026,0.01044645001
-19.1807346,12.5761013,-5.91835976,0.00000000228,0.00917655103
-19.1137352,12.5761013,-5.91835976,0.000000003,0.01203380994
-19.1137352,12.5761013,-5.98227119,0.00000000314,0.01259723462
-19.3817348,12.5761013,-5.34326315,0.00000000188,0.00754849449
-19.3817348,12.5761013,-5.27937889,0.00000000184,0.00739352835
-19.3064861,12.5821657,-5.27937889,0.00000000183,0.00736365996
-19.3064861,12.5821657,-5.34326315,0.00000000185,0.00744799197
-17.9647236,12.2416391,-5.72667885,0.00000000301,0.01210156154
-17.9647236,12.2416391,-5.79056358,0.00000000304,0.01220965648
-17.9008274,12.2416391,-5.79056358,0.00000000299,0.01202294603
-17.9008274,12.2416391,-5.72667885,0.00000000297,0.01192285605
-18.919735,12.271101,-9.43284798,0.00000000358,0.01437666869
-18.919735,12.271101,-9.36896324,0.00000000358,0.01437522897
-18.9876461,12.2619915,-9.36896324,0.00000000358,0.01437523881
-18.9876461,12.2619915,-9.43284798,0.00000000358,0.01437678643
-19.5622196,12.6049995,-4.70430994,0.00000000182,0.00729975789
-19.5622196,12.6049995,-4.6403985,0.0000000019,0.0076429353
-19.4983234,12.6049995,-4.6403985,0.0000000016,0.00642947216
-19.4983234,12.6049995,-4.70430994,0.00000000152,0.00610635003
-20.0095158,12.4552689,-10.346241,0.00000000358,0.01437927607
-19.9456196,12.4552689,-10.346241,0.00000000358,0.01437877921
-19.9456196,12.3913698,-10.346241,0.00000000358,0.01437988891
-20.0095158,12.3913698,-10.346241,0.00000000358,0.01438020198
-18.9894543,12.5881329,-5.98227119,0.00000000327,0.01315107189
-18.9894543,12.5881329,-5.91835976,0.00000000325,0.01306428636
-18.9232349,12.6049995,-5.91835976,0.00000000328,0.01317274707
-18.9232349,12.6049995,-5.98227119,0.0000000033,0.01324602917
-18.156435,12.2416391,-5.08767128,0.00000000285,0.01146052399
-18.156435,12.2416391,-5.15158319,0.00000000289,0.01160617566
-18.0925274,12.2416391,-5.15158319,0.00000000289,0.01162858854
-18.0925274,12.2416391,-5.08767128,0.00000000286,0.01150346584
-18.6037312,12.2416391,-10.0718555,0.00000000358,0.01437931356
-18.539835,12.2416391,-10.0718555,0.00000000358,0.01438036882
-18.539835,12.2416391,-10.0079441,0.00000000358,0.0143782779
-18.6037312,12.2416391,-10.0079441,0.00000000358,0.0143772708
-17.6121159,12.5962973,-7.19637537,0.00000000349,0.01402783725
-17.6121159,12.5962973,-7.13246393,0.00000000349,0.01400462063
-17.5174274,12.6049995,-7.13246346,0.0000000035,0.01405613925
-17.5174274,12.6049995,-7.19637537,0.0000000035,0.01407720874
-19.112957,12.2583036,-8.79389477,0.00000000357,0.0143504781
-19.112957,12.2583036,-8.72998333,0.00000000357,0.01434612238
-19.1788197,12.2416391,-8.72998333,0.00000000357,0.01434622318
-19.1788197,12.2416391,-8.79389477,0.00000000357,0.01435059765
-19.1807346,12.5761013,-5.34326315,0.00000000175,0.00703970023
-19.1807346,12.5761013,-5.27937889,0.00000000177,0.0071016104
-19.1137352,12.5761013,-5.27937889,0.00000000171,0.00686996758
-19.1137352,12.5761013,-5.34326315,0.00000000168,0.00673556921
-18.7315483,12.2647648,-9.43284798,0.00000000358,0.01437619951
-18.7315483,12.2647648,-9.36896324,0.00000000358,0.01437545647
-18.7857361,12.271101,-9.36896324,0.00000000358,0.01437573298
-18.7857361,12.271101,-9.43284798,0.00000000358,0.01437661252
-19.3705196,12.6049995,-4.70430994,0.00000000143,0.00572564224
-19.3705196,12.6049995,-4.6403985,0.0000000015,0.00601736125
-19.306612,12.6049995,-4.6403985,0.00000000152,0.00611660335
-19.306612,12.6049995,-4.70430994,0.00000000142,0.00570679207
-19.7542362,12.271101,-9.75235176,0.00000000358,0.01437565982
-19.7542362,12.271101,-9.8162632,0.00000000358,0.01437611209
-19.6921558,12.2585497,-9.8162632,0.00000000358,0.01437762673
-19.6921558,12.2585497,-9.75235176,0.00000000358,0.01437621377
-18.4120426,12.2416391,-10.0718555,0.00000000358,0.01438355241
-18.348135,12.2416391,-10.0718555,0.00000000358,0.01438539265
-18.348135,12.2416391,-10.0079441,0.00000000358,0.01438357563
-18.4120426,12.2416391,-10.0079441,0.00000000358,0.01438166757
-19.7539082,12.4552689,-10.346241,0.00000000358,0.01437827701
-19.7539082,12.3913698,-10.346241,0.00000000358,0.01437978274
-19.8178043,12.3913698,-10.346241,0.00000000358,0.01437954013
-19.8178043,12.4552689,-10.346241,0.00000000358,0.01437809057
-19.306612,12.2416391,-8.15483189,0.00000000356,0.01429421485
-19.306612,12.2416391,-8.09094715,0.00000000356,0.01428492625
-19.3705196,12.2416391,-8.09094715,0.00000000356,0.01429678564
-19.3705196,12.2416391,-8.15483189,0.00000000356,0.01430495566
-17.773735,12.5761013,-6.55736732,0.00000000337,0.01354864153
-17.773735,12.5761013,-6.49345541,0.00000000336,0.01349164147
-17.7085209,12.5854769,-6.49345541,0.00000000337,0.01353666793
-17.7085209,12.5854769,-6.55736732,0.00000000338,0.01358463095
-18.7954197,12.6049995,-10.1996241,0.00000000358,0.01438501443
-18.7954197,12.6049995,-10.1357403,0.00000000358,0.01438483959
-18.7315235,12.6049995,-10.1357403,0.00000000358,0.01438433651
-18.7315235,12.6049995,-10.1996241,0.00000000358,0.01438451403
-18.919735,12.271101,-8.79389477,0.00000000357,0.0143511275
-18.919735,12.271101,-8.72998333,0.00000000357,0.01434731946
-18.9876461,12.2619915,-8.72998333,0.00000000357,0.01434661032
-18.9876461,12.2619915,-8.79389477,0.00000000357,0.0143505905
-18.6035748,12.2643738,-9.36896324,0.00000000358,0.01437452787
-18.6035748,12.2643738,-9.43284798,0.00000000358,0.01437583735
-18.5442352,12.271101,-9.43284798,0.00000000358,0.01437604339
-18.5442352,12.271101,-9.36896324,0.00000000358,0.01437448147
-19.5006428,12.7108688,-10.1406441,0.00000000358,0.01439174384
-19.4315281,12.7108688,-10.1392288,0.00000000358,0.01439174384
-19.4315224,12.6469688,-10.1392241,0.00000000358,0.01439176791
-19.500639,12.6469688,-10.1406469,0.00000000358,0.01439176883
-17.3896351,12.6049995,-4.83207893,0.00000000163,0.00655405831
-17.354372,12.6049995,-4.83207893,0.00000000171,0.00686568276
-17.354372,12.6049995,-4.89599085,0.00000000155,0.00622996079
-17.3896351,12.6049995,-4.89599085,9.44E-10,0.0037931924
-19.9454098,12.2640858,-9.1133709,0.00000000357,0.01433428794
-19.9454098,12.2640858,-9.17725563,0.00000000357,0.01434000492
-19.8842354,12.271101,-9.17725563,0.00000000357,0.01434423128
-19.8842354,12.271101,-9.1133709,0.00000000357,0.0143391334
-20.1725159,12.3913698,-7.57976341,0.00000000352,0.01412092307
-20.1725159,12.4552689,-7.57976341,0.00000000352,0.01413608203
-20.1725159,12.4552689,-7.64364767,0.00000000352,0.01415076112
-20.1725159,12.3913698,-7.64364767,0.00000000352,0.01413771799
-18.7857361,12.271101,-8.72998333,0.00000000357,0.01435487399
-18.7857361,12.271101,-8.79389477,0.00000000357,0.01435805939
-18.7315483,12.2647648,-8.79389477,0.00000000357,0.01435715754
-18.7315483,12.2647648,-8.72998333,0.00000000357,0.01435332544
-17.9747353,12.5761013,-5.91835976,0.00000000202,0.00811946297
-17.9747353,12.5761013,-5.85444784,0.00000000198,0.00796253438
-17.9006729,12.5823336,-5.85444784,0.00000000193,0.00776533287
-17.9006729,12.5823336,-5.91835976,0.00000000195,0.00783928044
-19.4983234,12.2416391,-7.51587915,0.00000000352,0.0141209168
-19.4983234,12.2416391,-7.45196772,0.00000000351,0.01409737197
-19.5622196,12.2416391,-7.45196772,0.00000000349,0.01403614281
-19.5622196,12.2416391,-7.51587915,0.0000000035,0.01405796254
-19.112957,12.2583036,-8.15483189,0.00000000356,0.01428322251
-19.112957,12.2583036,-8.09094715,0.00000000355,0.01427266991
-19.1788197,12.2416391,-8.09094715,0.00000000355,0.01427198126
-19.1788197,12.2416391,-8.15483189,0.00000000356,0.01428249819
-18.9894543,12.5881338,-9.56067085,0.00000000358,0.01437817622
-18.983736,12.5761013,-9.49675941,0.00000000358,0.0143749159
-18.9232349,12.6049995,-9.49675941,0.00000000358,0.01437309349
-18.9232349,12.6049995,-9.56067085,0.00000000358,0.01437673473
-18.6037312,12.6049995,-10.1996241,0.00000000358,0.01438351762
-18.6037312,12.6049995,-10.1357403,0.00000000358,0.01438313674
-18.539835,12.6049995,-10.1357403,0.00000000358,0.01438286376
-18.539835,12.6049995,-10.1996241,0.00000000358,0.01438325537
-17.354372,12.3274698,-7.51587915,0.00000000354,0.01421568499
-17.354372,12.3913698,-7.51587915,0.00000000354,0.01420873173
-17.354372,12.3913698,-7.45196772,0.00000000353,0.01419388672
-17.354372,12.3274698,-7.45196772,0.00000000353,0.01420034405
-20.1373196,12.2539244,-8.47433662,0.00000000356,0.01429576786
-20.1373196,12.2539244,-8.53824806,0.00000000356,0.01430241697
-20.0733891,12.2647629,-8.53824806,0.00000000356,0.01428265607
-20.0733891,12.2647629,-8.47433662,0.00000000355,0.01427446552
-19.6921558,12.2585497,-6.87687111,0.0000000034,0.01364981173
-19.6921558,12.2585497,-6.81298685,0.00000000338,0.01357388656
-19.7542362,12.271101,-6.81298685,0.00000000338,0.01359271444
-19.7542362,12.271101,-6.87687111,0.0000000034,0.01366091647
-18.1492348,12.5761013,-5.27937889,0.00000000163,0.00654277962
-18.1492348,12.5761013,-5.21549463,0.00000000159,0.00637869216
-18.0822353,12.5761013,-5.21549463,0.0000000015,0.00602839372
-18.0822353,12.5761013,-5.27937889,0.00000000155,0.00624275235
-18.9876461,12.2619915,-8.09094715,0.00000000355,0.01427573667
-18.9876461,12.2619915,-8.15483189,0.00000000356,0.01428620451
-18.919735,12.271101,-8.15483189,0.00000000356,0.01429016866
-18.919735,12.271101,-8.09094715,0.00000000355,0.01428017177
-19.1807346,12.5761013,-8.92166328,0.00000000357,0.01434016549
-19.1807346,12.5761013,-8.85777855,0.00000000357,0.01433682217
-19.1137352,12.5761013,-8.85777855,0.00000000357,0.0143398934
-19.1137352,12.5761013,-8.92166328,0.00000000357,0.01434354356
-18.4120426,12.6049995,-10.1996241,0.00000000358,0.01438335528
-18.4120426,12.6049995,-10.1357403,0.00000000358,0.01438301365
-18.348135,12.6049995,-10.1357403,0.00000000358,0.01438362826
-18.348135,12.6049995,-10.1996241,0.00000000358,0.01438388516
-19.1149235,12.2416391,-4.49365044,0.00000000221,0.00888915829
-19.1149235,12.3274698,-4.49365044,0.00000000212,0.00850123764
-19.1788197,12.3274698,-4.49365044,0.00000000205,0.00825347468
-19.1788197,12.2416391,-4.49365044,0.00000000217,0.00871216642
-19.306612,12.2416391,-7.51587915,0.00000000352,0.01414858194
-19.306612,12.2416391,-7.45196772,0.00000000352,0.01412259828
-19.3705196,12.2416391,-7.45196772,0.00000000352,0.01413167457
-19.3705196,12.2416391,-7.51587915,0.00000000352,0.01415860554
-18.7954197,12.6049995,-9.56067085,0.00000000358,0.01437413357
-18.7954197,12.6049995,-9.49675941,0.00000000358,0.01437171801
-18.7315235,12.6049995,-9.49675941,0.00000000358,0.01437150481
-18.7315235,12.6049995,-9.56067085,0.00000000358,0.01437350382
-19.7542953,12.5967283,-9.94403172,0.00000000358,0.01437364298
-19.7532349,12.5761013,-9.88014793,0.00000000358,0.014372767
-19.6905613,12.5849104,-9.88014793,0.00000000358,0.01437313543
-19.690218,12.5953417,-9.94403172,0.00000000358,0.01437443687
-19.8842354,12.271101,-6.23786354,0.00000000316,0.01269678134
-19.8842354,12.271101,-6.1739521,0.00000000314,0.01260248595
-19.9454098,12.2640848,-6.1739521,0.00000000315,0.01265531136
-19.9454098,12.2640848,-6.23786354,0.00000000317,0.01275320962
-18.348135,12.6049995,-4.6403985,0.0000000016,0.00641684116
-18.348135,12.6049995,-4.57648659,0.00000000175,0.00703859278
-18.2842274,12.6049995,-4.57648659,0.00000000174,0.00700537931
-18.2842274,12.6049995,-4.6403985,0.00000000161,0.00646695035
-20.1725159,12.3913698,-7.00469446,0.00000000346,0.01391383531
-20.1725159,12.3913698,-6.94078302,0.00000000346,0.01388342367
-20.1725159,12.4552689,-6.94078302,0.00000000346,0.01391049023
-20.1725159,12.4552689,-7.00469446,0.00000000347,0.01394037291
-19.1788197,12.2416391,-7.45196772,0.00000000351,0.01411371467
-19.1788197,12.2416391,-7.51587915,0.00000000352,0.01413628008
-19.112957,12.2583036,-7.51587915,0.00000000352,0.01413666008
-19.112957,12.2583036,-7.45196772,0.00000000351,0.01411506159
-19.3817348,12.5761013,-8.28265572,0.00000000355,0.0142639843
-19.3817348,12.5761013,-8.21874428,0.00000000355,0.01425400441
-19.3064842,12.5821733,-8.21874428,0.00000000355,0.01426363641
-19.3064842,12.5821733,-8.28265572,0.00000000355,0.01427255927
-19.4983234,12.2416391,-6.87687111,0.00000000338,0.01358643818
-19.4983234,12.2416391,-6.81298685,0.00000000336,0.01350332068
-19.5622196,12.2416391,-6.81298685,0.00000000336,0.01351475014
-19.5622196,12.2416391,-6.87687111,0.00000000339,0.01359942868
-18.6037312,12.6049995,-9.56067085,0.00000000358,0.01437343604
-18.6037312,12.6049995,-9.49675941,0.00000000358,0.01436997498
-18.539835,12.6049995,-9.49675941,0.00000000358,0.0143705227
-18.539835,12.6049995,-9.56067085,0.00000000358,0.01437456266
-18.9894543,12.5881329,-8.92166328,0.00000000357,0.01434730343
-18.9894543,12.5881329,-8.85777855,0.00000000357,0.01434391106
-18.9232349,12.6049995,-8.85777855,0.00000000357,0.01434693054
-18.9232349,12.6049995,-8.92166328,0.00000000357,0.01434994022
-17.3896561,12.2468119,-9.94403172,0.00000000358,0.01437524773
-17.3896351,12.2416391,-10.0079441,0.00000000358,0.01437628158
-17.354372,12.2416391,-10.0079441,0.00000000358,0.01437862756
-17.354372,12.2416391,-9.94403172,0.00000000358,0.01437660361
-19.9456196,12.6049995,-9.30507851,0.00000000356,0.0143117582
-19.9456196,12.6049995,-9.24116707,0.00000000356,0.01430211905
-19.881712,12.6049995,-9.24116707,0.00000000356,0.0142952068
-19.881712,12.6049995,-9.30507851,0.00000000356,0.01430621697
-20.0733891,12.2647629,-5.5988555,0.00000000314,0.01261976705
-20.0733891,12.2647629,-5.53497124,0.00000000314,0.01259816321
-20.1373196,12.2539244,-5.53497124,0.00000000315,0.01266729741
-20.1373196,12.2539244,-5.5988555,0.00000000317,0.0127291376
-19.5562363,12.5761013,-7.64364767,0.00000000342,0.01374205014
-19.5562363,12.5761013,-7.57976341,0.00000000341,0.01370708742
-19.4892349,12.5761013,-7.57976341,0.00000000345,0.01384550658
-19.4892349,12.5761013,-7.64364767,0.00000000345,0.0138778771
-17.354372,12.3274698,-6.87687111,0.00000000349,0.01400326832
-17.354372,12.3913698,-6.87687111,0.00000000349,0.01400955082
-17.354372,12.3913698,-6.81298685,0.00000000348,0.01398323626
-17.354372,12.3274698,-6.81298685,0.00000000348,0.01397406448
-19.3705196,12.2416391,-6.81298685,0.00000000337,0.01354306013
-19.3705196,12.2416391,-6.87687111,0.00000000339,0.01361445563
-19.306612,12.2416391,-6.87687111,0.0000000034,0.01364516343
-19.306612,12.2416391,-6.81298685,0.00000000338,0.01357621029
-18.7954197,12.6049995,-8.92166328,0.00000000357,0.01435857497
-18.7954197,12.6049995,-8.85777855,0.00000000357,0.0143561817
-18.7315235,12.6049995,-8.85777855,0.00000000357,0.01435457872
-18.7315235,12.6049995,-8.92166328,0.00000000357,0.01435725657
-17.5797348,12.271101,-9.30507851,0.00000000358,0.01436973414
-17.5797348,12.271101,-9.36896324,0.00000000358,0.01437214348
-17.5127354,12.271101,-9.36896324,0.00000000358,0.01437198917
-17.5127354,12.271101,-9.30507851,0.00000000358,0.01436976271
-19.6921558,12.2585497,-6.23786354,0.00000000315,0.01265940928
-19.6921558,12.2585497,-6.1739521,0.00000000313,0.01257334008
-19.7542362,12.271101,-6.1739521,0.00000000313,0.01256524321
-19.7542362,12.271101,-6.23786354,0.00000000315,0.01265086019
-19.7532349,12.5761013,-7.00469446,0.00000000338,0.01358383529
-19.7532349,12.5761013,-6.94078302,0.00000000337,0.01353452265
-19.6905613,12.5849104,-6.94078302,0.00000000336,0.01349578399
-19.6905613,12.5849104,-7.00469446,0.00000000337,0.01354562916
-20.0734119,12.6049995,-8.6021595,0.00000000355,0.01426213783
-20.0734119,12.6049995,-8.66607094,0.00000000355,0.01426909467
-20.1373196,12.6049995,-8.66607094,0.00000000355,0.01427846804
-20.1373196,12.6049995,-8.6021595,0.00000000355,0.01427178771
-19.1807346,12.5761013,-8.28265572,0.00000000356,0.01428323408
-19.1807346,12.5761013,-8.21874428,0.00000000355,0.01427452976
-19.1137352,12.5761013,-8.21874428,0.00000000355,0.0142814322
-19.1137352,12.5761013,-8.28265572,0.00000000356,0.01428951569
-20.1725159,12.3913698,-6.36563206,0.00000000337,0.01354159723
-20.1725159,12.3913698,-6.3017478,0.00000000336,0.01349400979
-20.1725159,12.4552689,-6.3017478,0.00000000337,0.0135373896
-20.1725159,12.4552689,-6.36563206,0.00000000338,0.01358461223
-17.354372,12.2416391,-7.0685792,0.00000000351,0.01410221205
-17.354372,12.2416391,-7.00469446,0.0000000035,0.01407770737
-17.389719,12.2520218,-7.00469446,0.00000000349,0.01402015159
-17.389719,12.2520218,-7.0685792,0.0000000035,0.01404644743
-17.7422104,12.2502956,-8.66607094,0.00000000357,0.01433082422
-17.7422104,12.2502956,-8.72998333,0.00000000357,0.01433695241
-17.7104721,12.2576962,-8.72998333,0.00000000357,0.01433478122
-17.7104721,12.2576962,-8.66607094,0.00000000357,0.01432837745
-19.5622196,12.2416391,-6.1739521,0.00000000317,0.01275326225
-19.5622196,12.2416391,-6.23786354,0.00000000319,0.01281699977
-19.4983234,12.2416391,-6.23786354,0.00000000319,0.0128252456
-19.4983234,12.2416391,-6.1739521,0.00000000318,0.01275877852
-19.9456196,12.6049995,-6.36563206,0.0000000033,0.01327138126
-19.9456196,12.6049995,-6.3017478,0.00000000329,0.01322942065
-19.881712,12.6049995,-6.3017478,0.00000000328,0.01316576167
-19.881712,12.6049995,-6.36563206,0.00000000329,0.01320641903
-20.1065178,12.5149755,-6.36563206,0.00000000337,0.0135187856
-20.1065178,12.5149755,-6.42954397,0.00000000338,0.01356826238
-20.1725159,12.5191689,-6.42954397,0.0000000034,0.01364033761
-20.1725159,12.5191689,-6.36563206,0.00000000338,0.01359484992
-19.8842354,12.271101,-5.5988555,0.00000000292,0.01174043624
-19.8842354,12.271101,-5.53497124,0.0000000029,0.01163222532
-19.9454098,12.2640848,-5.53497124,0.00000000294,0.01179929884
-19.9454098,12.2640848,-5.5988555,0.00000000295,0.01185475301
-18.9894543,12.5881329,-8.28265572,0.00000000356,0.0143012538
-18.9894543,12.5881329,-8.21874428,0.00000000356,0.01429459039
-18.9232349,12.6049995,-8.21874428,0.00000000356,0.01430270421
-18.9232349,12.6049995,-8.28265572,0.00000000356,0.01430877885
-19.3817348,12.5761013,-7.64364767,0.00000000352,0.01412753293
-19.3817348,12.5761013,-7.57976341,0.00000000351,0.01410653836
-19.3064842,12.5821733,-7.57976341,0.00000000351,0.01411746381
-19.3064842,12.5821733,-7.64364767,0.00000000352,0.01413831746
-17.9647236,12.2416391,-8.09094715,0.00000000356,0.01430428843
-17.9008274,12.2416391,-8.09094715,0.00000000355,0.01428115481
-17.9008274,12.2416391,-8.02706337,0.00000000355,0.01427074313
-17.3896351,12.6049995,-10.1357403,0.00000000358,0.0143835087
-17.354372,12.6049995,-10.0718555,0.00000000358,0.0143835872
-17.354372,12.6049995,-10.1357403,0.00000000358,0.01438373885
-17.354372,12.3274698,-6.23786354,0.00000000339,0.01362361668
-17.354372,12.3913698,-6.23786354,0.0000000034,0.01367484537
-17.354372,12.3913698,-6.1739521,0.00000000339,0.01363309795
-17.354372,12.3274698,-6.1739521,0.00000000338,0.01357524779
-20.0734119,12.6049995,-5.66276741,0.00000000284,0.01141002139
-20.0734119,12.6049995,-5.72667885,0.00000000301,0.01208231799
-20.1373196,12.6049995,-5.72667885,0.0000000029,0.01164465292
-20.1373196,12.6049995,-5.66276741,0.00000000263,0.0105595403
-17.5127354,12.271101,-6.42954397,0.00000000335,0.01344752127
-17.5127354,12.271101,-6.36563206,0.00000000333,0.01337164785
-17.5797348,12.271101,-6.36563206,0.0000000033,0.01327039915
-17.5797348,12.271101,-6.42954397,0.00000000333,0.01337158096
-20.0733891,12.2647705,-4.95990229,0.00000000298,0.01195907562
-20.0734062,12.2531967,-4.89599085,0.00000000294,0.0118218821
-20.1373196,12.247777,-4.89599085,0.0000000029,0.01164042475
-20.1373196,12.2539158,-4.95990229,0.00000000294,0.01180698269
-18.6676273,12.3274698,-10.346241,0.00000000358,0.01438596624
-18.7315235,12.3913698,-10.346241,0.00000000358,0.01438573521
-18.6676273,12.3913698,-10.346241,0.00000000358,0.01438557821
-18.156435,12.2416391,-7.45196772,0.00000000351,0.01412055376
-18.0925274,12.2416391,-7.45196772,0.00000000353,0.0141664901
-18.0925274,12.2416391,-7.3880558,0.00000000352,0.01413780453
-19.5562363,12.5761013,-7.00469446,0.0000000033,0.01325183798
-19.5562363,12.5761013,-6.94078302,0.00000000326,0.01309769249
-19.4892349,12.5761013,-6.94078302,0.00000000324,0.01299599603
-19.4892349,12.5761013,-7.00469446,0.00000000328,0.01317917318
-19.7542362,12.271101,-5.53497124,0.00000000288,0.01156095649
-19.7542362,12.271101,-5.5988555,0.00000000291,0.01168318285
-19.6921558,12.2585497,-5.5988555,0.00000000291,0.01170231845
-19.6921558,12.2585497,-5.53497124,0.00000000288,0.01158133738
-17.6121159,12.5962973,-9.49676037,0.00000000358,0.01437119439
-17.5174274,12.6049995,-9.43284798,0.00000000358,0.01436319386
-17.5174274,12.6049995,-9.49675941,0.00000000358,0.01436919181
-17.7104721,12.2576962,-5.79056358,0.00000000302,0.01213370368
-17.7104721,12.2576962,-5.72667885,0.000000003,0.01205070389
-17.7422104,12.2502956,-5.72667933,0.000000003,0.01203769559
-17.7422104,12.2502956,-5.79056358,0.00000000302,0.01212149904
-19.1807346,12.5761013,-7.64364767,0.00000000352,0.01416009255
-19.1807346,12.5761013,-7.57976341,0.00000000352,0.01414130127
-19.1137352,12.5761013,-7.57976341,0.00000000352,0.01415847619
-19.1137352,12.5761013,-7.64364767,0.00000000353,0.01417556908
-19.7532349,12.5761013,-6.36563206,0.00000000325,0.0130382608
-19.7532349,12.5761013,-6.3017478,0.00000000315,0.01265257553
-19.6905613,12.5849104,-6.3017478,0.00000000281,0.01130647038
-19.6905613,12.5849104,-6.36563206,0.00000000305,0.01227016397
-17.354372,12.2416391,-6.42954397,0.00000000343,0.01376222763
-17.354372,12.2416391,-6.36563206,0.00000000341,0.01371503978
-17.389719,12.2520218,-6.36563206,0.0000000034,0.01366034826
-17.389719,12.2520218,-6.42954397,0.00000000341,0.01370521865
-17.773735,12.5761013,-8.85777855,0.00000000356,0.01430467915
-17.7085209,12.5854778,-8.79389477,0.00000000356,0.01430332416
-17.7085209,12.5854778,-8.85777855,0.00000000356,0.01430964056
-17.9008274,12.2416391,-5.15158319,0.00000000274,0.01100571341
-17.9008274,12.2416391,-5.08767128,0.00000000272,0.01091960764
-17.9647236,12.2416391,-5.08767128,0.00000000274,0.01101394233
-17.9647236,12.2416391,-5.15158319,0.00000000276,0.01109831936
-18.3469486,12.258604,-6.81298685,0.00000000335,0.01345667874
-18.3150311,12.2511892,-6.81298685,0.00000000336,0.01349150142
-18.3150311,12.2511892,-6.74910259,0.00000000334,0.01341154699
-19.9455585,12.2527514,-4.89599085,0.00000000289,0.01160941815
-19.9454098,12.2640848,-4.95990229,0.00000000293,0.01176944384
-19.8842354,12.271101,-4.95990229,0.00000000287,0.0115328873
-19.8816128,12.2523003,-4.89599085,0.00000000283,0.01138874227
-19.3817348,12.5761013,-7.00469446,0.00000000343,0.01378831919
-19.3817348,12.5761013,-6.94078302,0.00000000342,0.01373773098
-19.3064842,12.5821724,-6.94078302,0.00000000344,0.01380742358
-19.3064842,12.5821724,-7.00469446,0.00000000345,0.01384924862
-19.9456196,12.6049995,-5.72667885,0.00000000308,0.01238438352
-19.9456196,12.6049995,-5.66276741,0.000000003,0.01204302185
-19.881712,12.6049995,-5.66276741,0.00000000246,0.00989816561
-19.881712,12.6049995,-5.72667885,0.00000000266,0.0106811868
-19.5562363,12.5761013,-6.36563206,0.00000000228,0.00917187774
-19.5562363,12.5761013,-6.3017478,0.00000000226,0.00908831778
-19.4892349,12.5761013,-6.3017478,0.00000000232,0.00931197835
-19.4892349,12.5761013,-6.36563206,0.00000000233,0.00936285472
-19.4983234,12.2416391,-9.8162632,0.00000000358,0.01437803441
-19.4983234,12.2416391,-9.75235176,0.00000000358,0.01437538689
-19.5622196,12.2416391,-9.75235176,0.00000000358,0.01437479992
-19.5622196,12.2416391,-9.8162632,0.00000000358,0.01437773825
-20.1725159,12.3913698,-9.88014793,0.00000000358,0.0143633018
-20.1725159,12.4552689,-9.88014793,0.00000000358,0.01436938624
-20.1725159,12.4552689,-9.94403172,0.00000000358,0.01437325406
-20.1725159,12.3913698,-9.94403172,0.00000000358,0.01436904015
-20.1725159,12.3913698,-5.91835976,0.00000000328,0.01317295135
-20.1725159,12.4552689,-5.91835976,0.00000000328,0.01317888325
-20.1725159,12.4552689,-5.98227119,0.0000000033,0.0132468409
-20.1725159,12.3913698,-5.98227119,0.00000000329,0.01322891575
-17.5127354,12.271101,-5.79056358,0.00000000311,0.01249491905
-17.5127354,12.271101,-5.72667885,0.0000000031,0.01246280901
-17.5797348,12.271101,-5.72667885,0.000000003,0.01204583171
-17.5797348,12.271101,-5.79056358,0.00000000302,0.01212014585
-20.1373196,12.6049995,-5.08767128,1.84E-10,0.00074009884
-20.1373196,12.6049995,-5.02378654,1.76E-10,0.00070529273
-20.0734119,12.6049995,-5.02378654,2.37E-10,0.00095348999
-20.0734119,12.6049995,-5.08767128,2.84E-10,0.00114105611
-17.6121159,12.5962973,-6.55736732,0.00000000341,0.01371529669
-17.6121159,12.5962973,-6.49345541,0.0000000034,0.01367137454
-17.5174274,12.6049995,-6.49345541,0.00000000342,0.01374966264
-17.5174274,12.6049995,-6.55736732,0.00000000343,0.01379042884
-18.5442352,12.271101,-6.1739521,0.00000000308,0.01237502357
-18.4772358,12.271101,-6.1739521,0.00000000307,0.01233232437
-18.4772358,12.271101,-6.11004019,0.00000000303,0.01217818065
-19.7532349,12.5761013,-5.72667885,0.00000000181,0.00726946356
-19.7532349,12.5761013,-5.66276741,0.00000000179,0.00720917103
-19.6905537,12.5848904,-5.66276741,0.00000000194,0.00778594303
-19.6905575,12.5848999,-5.72667885,0.00000000195,0.00785322895
-17.9747353,12.5761013,-8.21874428,0.00000000353,0.01418419137
-17.9006729,12.5823336,-8.15483189,0.00000000353,0.01417862516
-17.9006729,12.5823336,-8.21874428,0.00000000353,0.01418994221
-17.389719,12.2520218,-5.72667885,0.00000000326,0.01308901938
-17.389719,12.2520218,-5.79056358,0.00000000327,0.01315136266
-17.354372,12.2416391,-5.79056358,0.00000000328,0.0131636092
-17.354372,12.2416391,-5.72667885,0.00000000326,0.01309354371
-17.7104759,12.2576914,-5.15158319,0.00000000287,0.01154791963
-17.7104778,12.2576876,-5.08767128,0.00000000289,0.01161206386
-17.7422104,12.2502861,-5.08767128,0.00000000281,0.01130627148
-17.7422104,12.2502909,-5.15158319,0.00000000281,0.01129450128
-19.6921558,12.2585497,-9.17725563,0.00000000357,0.01435588285
-19.6921558,12.2585497,-9.1133709,0.00000000357,0.01435261004
-19.7542362,12.271101,-9.1133709,0.00000000357,0.01435139063
-19.7542362,12.271101,-9.17725563,0.00000000357,0.01435508092
-19.9456196,12.6049995,-5.08767128,0.00000000155,0.00624459392
-19.9456196,12.6049995,-5.02378654,0.00000000131,0.00528152205
-19.881712,12.6049995,-5.02378654,0.00000000137,0.00550284957
-19.881712,12.6049995,-5.08767128,0.00000000142,0.00569939095
-17.354372,12.3274698,-5.85444784,0.00000000331,0.01330461434
-17.354372,12.3913698,-5.85444784,0.00000000334,0.01340263662
-17.354372,12.3913698,-5.79056358,0.00000000332,0.01335108413
-17.354372,12.3274698,-5.79056358,0.0000000033,0.01324592211
-18.7315483,12.2647734,-5.53497124,0.00000000308,0.01235450533
-18.678236,12.271101,-5.53497124,0.00000000305,0.01224866539
-18.678236,12.271101,-5.47108698,0.00000000304,0.01220889291
-17.773735,12.5761013,-5.91835976,0.00000000248,0.00998023499
-17.773735,12.5761013,-5.85444784,0.00000000225,0.00904930888
-17.7085209,12.5854769,-5.85444784,0.00000000292,0.0117297873
-17.7085209,12.5854769,-5.91835976,0.00000000312,0.01253302792
-19.306612,12.2416391,-9.8162632,0.00000000358,0.01438273264
-19.306612,12.2416391,-9.75235176,0.00000000358,0.01438129919
-19.3705196,12.2416391,-9.75235176,0.00000000358,0.01437977651
-19.3705196,12.2416391,-9.8162632,0.00000000358,0.01438168276
-18.1492348,12.5761013,-7.57976341,0.00000000347,0.01393829806
-18.0822353,12.5761013,-7.51587915,0.00000000345,0.01385239477
-18.0822353,12.5761013,-7.57976341,0.00000000346,0.01390433532
-17.5797348,12.271101,-5.08767128,0.00000000304,0.01220159263
-17.5797348,12.271101,-5.15158319,0.00000000304,0.01222096104
-17.5127354,12.271101,-5.15158319,0.0000000031,0.01243371938
-17.5127354,12.271101,-5.08767128,0.00000000308,0.01236666622
-19.8842354,12.271101,-8.53824806,0.00000000355,0.01427645653
-19.8842354,12.271101,-8.47433662,0.00000000355,0.01426595121
-19.9454098,12.2640858,-8.47433662,0.00000000355,0.0142641654
-19.9454098,12.2640858,-8.53824806,0.00000000355,0.01427425325
-17.354372,12.3274698,-9.8162632,0.00000000358,0.01437304086
-17.354372,12.3913698,-9.8162632,0.00000000358,0.01437241288
-17.354372,12.3913698,-9.75235176,0.00000000358,0.0143722327
-17.354372,12.3274698,-9.75235176,0.00000000358,0.0143735609
-19.1788197,12.2416391,-9.75235176,0.00000000358,0.01438170059
-19.1788197,12.2416391,-9.8162632,0.00000000358,0.01438228933
-19.112957,12.2583036,-9.8162632,0.00000000358,0.01438176483
-19.112957,12.2583036,-9.75235176,0.00000000358,0.01438144992
-17.9747353,12.5761013,-5.27937889,0.00000000157,0.00630554472
-17.9747353,12.5761013,-5.21549463,0.0000000015,0.00603254343
-17.9006729,12.5823374,-5.21549463,0.00000000158,0.00633056053
-17.9006729,12.5823374,-5.27937889,0.00000000164,0.00660012626
-19.4983234,12.2416391,-9.17725563,0.00000000357,0.01435775612
-19.4983234,12.2416391,-9.1133709,0.00000000357,0.01435579009
-19.5622196,12.2416391,-9.1133709,0.00000000357,0.01435354844
-19.5622196,12.2416391,-9.17725563,0.00000000357,0.01435601844
-18.350235,12.5761013,-6.94078302,0.00000000339,0.0136113086
-18.2832355,12.5761013,-6.87687111,0.00000000335,0.01345076644
-18.2832355,12.5761013,-6.94078302,0.00000000337,0.01354858533
-19.881712,12.4552689,-10.346241,0.00000000358,0.01437834659
-19.9456196,12.5191689,-10.346241,0.00000000358,0.01437793896
-19.881712,12.5191689,-10.346241,0.00000000358,0.01437761335
-18.8593273,12.2416391,-4.83207893,0.00000000265,0.01064842294
-18.923336,12.2523088,-4.89599085,0.00000000272,0.01092503293
-18.8594017,12.2525845,-4.89599085,0.00000000274,0.01100993358
-20.1725159,12.3913698,-9.30507851,0.00000000357,0.01434456222
-20.1725159,12.3913698,-9.24116707,0.00000000357,0.01434091118
-20.1725159,12.4552689,-9.24116707,0.00000000357,0.01433941437
-20.1725159,12.4552689,-9.30507851,0.00000000357,0.01434265244
-17.6121159,12.5962973,-5.91835976,0.00000000329,0.01319869413
-17.6121159,12.5962973,-5.85444784,0.00000000327,0.01313536252
-17.5174274,12.6049995,-5.85444784,0.00000000329,0.01321781547
-17.5174274,12.6049995,-5.91835976,0.00000000331,0.01328267779
-20.0733891,12.2647629,-7.89924002,0.00000000352,0.01415320706
-20.0733891,12.2647629,-7.83535576,0.00000000352,0.01413044182
-20.1373196,12.2539244,-7.83535576,0.00000000353,0.0141905238
-20.1373196,12.2539244,-7.89924002,0.00000000354,0.01420600213
-19.5425758,12.5927248,-9.96308327,0.00000000358,0.01438035275
-19.5624313,12.5826578,-9.88014793,0.00000000358,0.01437054765
-19.4984531,12.5821772,-9.88014793,0.00000000358,0.01437062261
-19.4954224,12.5825987,-9.93178558,0.00000000358,0.01438367642
-19.3705196,12.2416391,-9.1133709,0.00000000358,0.01436260601
-19.3705196,12.2416391,-9.17725563,0.00000000358,0.01436411265
-19.306612,12.2416391,-9.17725563,0.00000000358,0.01436619104
-19.306612,12.2416391,-9.1133709,0.00000000358,0.01436454974
-19.6921558,12.2585497,-8.53824806,0.00000000356,0.01430182466
-19.6921558,12.2585497,-8.47433662,0.00000000356,0.01429348073
-19.7542362,12.271101,-8.47433662,0.00000000356,0.01428444457
-19.7542362,12.271101,-8.53824806,0.00000000356,0.01429394726
-18.539835,12.6049995,-6.3017478,0.00000000321,0.01288362383
-18.4759388,12.6049995,-6.23786354,0.00000000316,0.0126920251
-18.4759388,12.6049995,-6.3017478,0.00000000319,0.01281283491
-18.156435,12.6049995,-4.6403985,0.00000000158,0.00635962834
-18.156435,12.6049995,-4.57648659,0.00000000163,0.0065510134
-18.0925274,12.6049995,-4.57648659,0.00000000162,0.00652572912
-18.0925274,12.6049995,-4.6403985,0.00000000161,0.00646185782
-17.773735,12.5761013,-5.27937889,0.0000000017,0.00681691114
-17.773735,12.5761013,-5.21549463,0.00000000166,0.0066649141
-17.7085209,12.5854769,-5.21549463,0.00000000159,0.00639185613
-17.7085209,12.5854769,-5.27937889,0.00000000162,0.00648814655
-19.7532349,12.5761013,-9.30507851,0.00000000356,0.0142904193
-19.7532349,12.5761013,-9.24116707,0.00000000355,0.01425631383
-19.6905613,12.5849104,-9.24116707,0.00000000354,0.01423675095
-19.6905613,12.5849104,-9.30507851,0.00000000356,0.01430500025
-19.5622196,12.2416391,-8.47433662,0.00000000356,0.01431685788
-19.5622196,12.2416391,-8.53824806,0.00000000356,0.01432151871
-19.4983234,12.2416391,-8.53824806,0.00000000357,0.01433416754
-19.4983234,12.2416391,-8.47433662,0.00000000357,0.01433069402
-19.8842354,12.271101,-7.89924002,0.00000000351,0.01409825686
-19.8842354,12.271101,-7.83535576,0.0000000035,0.01406818865
-19.9454098,12.2640858,-7.83535576,0.0000000035,0.01407165145
-19.9454098,12.2640858,-7.89924002,0.00000000351,0.01410152787
-20.1725159,12.3913698,-8.66607094,0.00000000356,0.01429916199
-20.1725159,12.3913698,-8.6021595,0.00000000356,0.01429366805
-20.1725159,12.4552689,-8.6021595,0.00000000356,0.01429369123
-20.1725159,12.4552689,-8.66607094,0.00000000356,0.0142991959
-17.354372,12.3274698,-9.17725563,0.00000000358,0.01436745236
-17.354372,12.3913698,-9.17725563,0.00000000358,0.01436451671
-17.354372,12.3913698,-9.1133709,0.00000000358,0.01436254623
-17.354372,12.3274698,-9.1133709,0.00000000358,0.01436581639
-18.7315235,12.6049995,-5.66276741,0.00000000306,0.01228690807
-18.6676273,12.6049995,-5.5988555,0.00000000288,0.01158098056
-18.6676273,12.6049995,-5.66276741,0.00000000294,0.01180527092
-17.6121159,12.5962973,-5.27937937,0.00000000172,0.00692731686
-17.6121159,12.5962973,-5.21549463,0.00000000157,0.00628987954
-17.5174274,12.6049995,-5.21549463,0.00000000188,0.00753938072
-17.5174274,12.6049995,-5.27937889,0.00000000215,0.00864931736
-19.3946609,12.7747688,-10.1115742,0.00000000358,0.01439174384
-19.3946609,12.7108688,-10.1115742,0.00000000358,0.01439174384
-19.43153,12.7747688,-10.1392298,0.00000000358,0.01439174384
-17.354372,12.2416391,-9.36896324,0.00000000358,0.01437299181
-17.354372,12.2416391,-9.30507851,0.00000000358,0.01437214794
-17.389719,12.2520218,-9.36896324,0.00000000358,0.01437279199
-19.3922272,12.5902672,-9.96487808,0.00000000358,0.01438294407
-19.370472,12.5818958,-9.88014793,0.00000000358,0.01437696131
-19.3064842,12.5821724,-9.88014793,0.00000000358,0.01438170059
-19.3065777,12.5936337,-9.94403172,0.00000000358,0.014381218
-19.9456196,12.6049995,-8.66607094,0.00000000354,0.01422360972
-19.881712,12.6049995,-8.6021595,0.00000000353,0.01419685892
-19.881712,12.6049995,-8.66607094,0.00000000354,0.01420720278
-20.1065178,12.5149755,-8.66607094,0.00000000356,0.01428989657
-20.1065178,12.5149755,-8.72998333,0.00000000356,0.01429566975
-20.1725159,12.5191689,-8.72998333,0.00000000356,0.01430652205
-20.1725159,12.5191689,-8.66607094,0.00000000356,0.01430132426
-17.9647236,12.6049995,-4.6403985,0.000000002,0.00802813797
-17.9008274,12.6049995,-4.57648659,0.00000000204,0.00820278921
-17.9008274,12.6049995,-4.6403985,0.00000000196,0.00788589562
-19.7542362,12.271101,-7.83535576,0.00000000351,0.01410249302
-19.7542362,12.271101,-7.89924002,0.00000000352,0.01413206794
-19.6921558,12.2585497,-7.89924002,0.00000000352,0.01415946545
-19.6921558,12.2585497,-7.83535576,0.00000000352,0.01412916709
-19.1787071,12.5944614,-9.94403172,0.00000000358,0.01438341237
-19.1784973,12.5834398,-9.88014793,0.00000000358,0.01438291197
-19.1143818,12.5849209,-9.88014793,0.00000000358,0.01438282544
-19.1147194,12.5953474,-9.94403172,0.00000000358,0.01438321881
-18.9232349,12.6049995,-5.02378654,0.00000000135,0.00544130602
-18.8593273,12.6049995,-4.95990229,0.00000000125,0.00500653064
-18.8593273,12.6049995,-5.02378654,0.00000000145,0.00581624067
-20.0733891,12.2647629,-7.26028681,0.00000000346,0.01390472066
-20.0733891,12.2647629,-7.19637537,0.00000000346,0.01388064149
-20.1373196,12.2539244,-7.26028681,0.00000000349,0.01400633955
-20.0734119,12.6049995,-7.96315193,0.00000000352,0.01415992483
-20.0734119,12.6049995,-8.02706337,0.00000000353,0.01417296976
-20.1373196,12.6049995,-8.02706337,0.00000000353,0.01418836152
-20.1373196,12.6049995,-7.96315193,0.00000000353,0.01417608558
-17.5127354,12.271101,-8.72998333,0.00000000357,0.01433633961
-17.5127354,12.271101,-8.66607094,0.00000000357,0.01433091879
-17.5797348,12.271101,-8.72998333,0.00000000357,0.01433532894
-17.354372,12.3274698,-8.53824806,0.00000000357,0.0143432938
-17.354372,12.3913698,-8.53824806,0.00000000357,0.01433685519
-17.354372,12.3913698,-8.47433662,0.00000000357,0.01433282235
-17.354372,12.3274698,-8.47433662,0.00000000357,0.01433951609
-17.7730122,12.6049995,-4.6403985,0.00000000186,0.00746414063
-17.7730122,12.6049995,-4.57648659,0.00000000201,0.00806000894
-17.709116,12.6049995,-4.57648659,0.00000000202,0.00810568749
-17.709116,12.6049995,-4.6403985,0.00000000186,0.00745305192
-19.5562363,12.5761013,-9.30507851,0.00000000357,0.0143595776
-19.4892349,12.5761013,-9.24116707,0.00000000357,0.01435942595
-19.4892349,12.5761013,-9.30507851,0.00000000357,0.014361499
-18.156435,12.2416391,-9.75235176,0.00000000358,0.01438079698
-18.0925274,12.2416391,-9.75235176,0.00000000358,0.01438029655
-18.0925274,12.2416391,-9.68843937,0.00000000358,0.01437891303
-17.7104721,12.2576952,-8.09094715,0.00000000354,0.01423822634
-17.7104721,12.2576952,-8.02706337,0.00000000354,0.01422459002
-17.7422104,12.2502956,-8.09094715,0.00000000355,0.01424507973
-18.3469486,12.258604,-9.1133709,0.00000000358,0.01436489048
-18.3150311,12.2511892,-9.1133709,0.00000000358,0.01436562103
-18.3150311,12.2511892,-9.04948616,0.00000000358,0.01436278618
-20.1065178,12.5149755,-5.72667885,0.00000000305,0.01226856548
-20.1065178,12.5149755,-5.79056358,0.00000000314,0.01261784561
-20.1725159,12.5191689,-5.79056358,0.00000000323,0.01298397872
-20.1725159,12.5191689,-5.72667885,0.00000000321,0.01289247889
-19.7532349,12.5761013,-8.66607094,0.00000000353,0.01418366237
-19.6905613,12.5849104,-8.6021595,0.00000000352,0.0141457667
-19.6905613,12.5849104,-8.66607094,0.00000000352,0.01415727823
-19.9454098,12.2640858,-7.19637537,0.00000000344,0.01381110319
-19.9454098,12.2640858,-7.26028681,0.00000000344,0.01383315925
-19.8842354,12.271101,-7.26028681,0.00000000344,0.01383690398
-19.8842354,12.271101,-7.19637537,0.00000000344,0.01381554544
-19.3817348,12.5761013,-9.30507851,0.00000000358,0.01437303552
-19.3817348,12.5761013,-9.24116707,0.00000000358,0.01437219434
-19.3064842,12.5821724,-9.24116707,0.00000000358,0.01437238343
-19.3064842,12.5821724,-9.30507851,0.00000000358,0.01437542256
-17.9008274,12.2416391,-7.45196772,0.00000000351,0.01411462005
-17.9008274,12.2416391,-7.3880558,0.00000000351,0.01408655531
-17.9647236,12.2416391,-7.45196772,0.00000000352,0.01415092527
-17.354372,12.2416391,-8.72998333,0.00000000357,0.0143580808
-17.354372,12.2416391,-8.66607094,0.00000000357,0.01435559919
-17.389719,12.2520218,-8.72998333,0.00000000357,0.01435203557
-18.5442352,12.271101,-8.47433662,0.00000000356,0.01430490926
-18.4772358,12.271101,-8.47433662,0.00000000356,0.01430436516
-18.4772358,12.271101,-8.41042423,0.00000000356,0.01429417114
-19.9456196,12.6049995,-8.02706337,0.00000000351,0.01409559504
-19.881712,12.6049995,-7.96315193,0.0000000035,0.01405050076
-19.881712,12.6049995,-8.02706337,0.0000000035,0.01406787109
-18.0925274,12.2416391,-6.81298685,0.00000000339,0.0136268208
-18.0925274,12.2416391,-6.74910259,0.00000000337,0.01355764466
-18.156435,12.2416391,-6.81298685,0.00000000338,0.01357302401
-19.3945866,12.0718699,-4.72838926,0.00000000173,0.00695720308
-19.4315128,12.0718699,-4.70067167,0.00000000179,0.00718074996
-19.4315109,11.9856539,-4.70067215,0.00000000179,0.00719063533
-19.3955326,11.9851017,-4.7293005,0.00000000174,0.00699911063
-20.1373196,12.2539244,-6.55736732,0.00000000339,0.01360949422
-20.1373196,12.2539244,-6.62127876,0.0000000034,0.01366098516
-20.0733891,12.2647629,-6.62127876,0.00000000336,0.01350308161
-20.0733891,12.2647629,-6.55736732,0.00000000334,0.01343710425
-17.6121159,12.5962973,-8.85777855,0.00000000356,0.0143213724
-17.5174274,12.6049995,-8.79389477,0.00000000357,0.01432758801
-17.5174274,12.6049995,-8.85777855,0.00000000357,0.01433152002
-19.3647881,12.1357698,-4.836833,0.00000000232,0.00931255282
-19.3647881,12.0718699,-4.836833,0.00000000232,0.00931363396
-19.3919716,12.0718699,-4.87501955,0.00000000245,0.00983552261
-19.3919716,12.1357698,-4.87501955,0.00000000247,0.00991716383
-19.5562363,12.5761013,-8.66607094,0.00000000352,0.01414900026
-19.5562363,12.5761013,-8.6021595,0.00000000352,0.01414159296
-19.4892349,12.5761013,-8.6021595,0.00000000356,0.01430565592
-19.4892349,12.5761013,-8.66607094,0.00000000356,0.01431291249
-20.1725159,12.3913698,-8.21874428,0.00000000355,0.01425084842
-20.1725159,12.4552689,-8.21874428,0.00000000355,0.0142525397
-20.1725159,12.4552689,-8.28265572,0.00000000355,0.01426065706
-20.1725159,12.3913698,-8.28265572,0.00000000355,0.01425949031
-20.1373196,12.6049995,-7.3880558,0.00000000349,0.01403027956
-20.1373196,12.6049995,-7.32417107,0.00000000349,0.01400701928
-20.0734119,12.6049995,-7.32417107,0.00000000348,0.01399142231
-20.0734119,12.6049995,-7.3880558,0.00000000349,0.01401456397
-17.5127354,12.271101,-8.09094715,0.00000000355,0.01424888239
-17.5127354,12.271101,-8.02706337,0.00000000354,0.01423517829
-17.5797348,12.271101,-8.09094715,0.00000000355,0.01424222171
-18.7315483,12.2647648,-7.83535576,0.00000000353,0.01419891413
-18.678236,12.271101,-7.83535576,0.00000000353,0.01416196847
-18.678236,12.271101,-7.77147102,0.00000000352,0.01413738974
-18.1566181,12.5824404,-9.88014793,0.00000000358,0.01437752594
-18.0822353,12.5761013,-9.8162632,0.00000000358,0.01437341909
-18.0926266,12.5820208,-9.88014793,0.00000000358,0.01437628246
-19.7532349,12.5761013,-8.02706337,0.00000000349,0.01403428742
-19.7532349,12.5761013,-7.96315193,0.00000000349,0.01401605812
-19.6905613,12.5849104,-7.96315193,0.00000000348,0.01399179339
-19.6905613,12.5849104,-8.02706337,0.00000000349,0.01400885506
-17.773735,12.5761013,-8.21874428,0.00000000354,0.01422139751
-17.7085209,12.5854769,-8.15483189,0.00000000354,0.01421908985
-17.7085209,12.5854769,-8.21874428,0.00000000354,0.01422999658
-18.3150311,12.2511892,-6.17395163,0.00000000309,0.0124289631
-18.3150311,12.2511892,-6.11004019,0.00000000306,0.01228945745
-18.3469486,12.258605,-6.1739521,0.00000000306,0.01229208268
-17.7104721,12.2576952,-7.45196772,0.0000000035,0.01406157076
-17.7104721,12.2576952,-7.3880558,0.00000000349,0.0140367949
-17.7422104,12.2502956,-7.45196772,0.0000000035,0.01407246411
-20.1725159,12.5191689,-5.15158319,0.00000000269,0.01080851283
-20.1725159,12.5191689,-5.08767128,0.00000000257,0.01034152974
-20.1065178,12.5149755,-5.08767128,0.00000000138,0.00554081438
-20.1065178,12.5149755,-5.15158319,0.00000000149,0.00596832645
-17.389719,12.2520218,-8.02706337,0.00000000356,0.01429165028
-17.389719,12.2520218,-8.09094715,0.00000000356,0.01429986225
-17.354372,12.2416391,-8.09094715,0.00000000356,0.0143180648
-17.354372,12.2416391,-8.02706337,0.00000000356,0.01431161727
-19.9456196,12.6049995,-7.3880558,0.00000000346,0.01391485309
-19.9456196,12.6049995,-7.32417107,0.00000000346,0.01388828609
-19.881712,12.6049995,-7.32417107,0.00000000345,0.01384481083
-19.881712,12.6049995,-7.3880558,0.00000000345,0.0138735945
-17.9008274,12.2416391,-6.81298685,0.0000000034,0.01364768605
-17.9008274,12.2416391,-6.74910259,0.00000000338,0.0135602788
-17.9647236,12.2416391,-6.81298685,0.0000000034,0.01363940543
-17.354372,12.3274698,-8.15483189,0.00000000356,0.01431446104
-17.354372,12.3913698,-8.15483189,0.00000000356,0.01430682443
-17.354372,12.3913698,-8.09094715,0.00000000356,0.01430020834
-17.354372,12.3274698,-8.09094715,0.00000000356,0.01430798495
-18.350235,12.5761013,-9.24116707,0.00000000357,0.014352313
-18.2832355,12.5761013,-9.17725563,0.00000000357,0.0143450921
-18.2832355,12.5761013,-9.24116707,0.00000000357,0.0143520115
-18.9232349,12.2416391,-4.49365044,0.00000000232,0.00933966667
-18.8593273,12.2416391,-4.49365044,0.00000000236,0.00946605872
-18.8593273,12.3274698,-4.49365044,0.0000000023,0.00923296858
-18.9232349,12.3274698,-4.49365044,0.00000000226,0.00909506235
-18.919735,12.271101,-7.19637537,0.00000000349,0.01401951111
-18.8527355,12.271101,-7.19637537,0.00000000349,0.01403579226
-18.8527355,12.271101,-7.13246346,0.00000000349,0.01400528609
-18.4772358,12.271101,-5.53497124,0.00000000267,0.01072697417
-18.4772358,12.271101,-5.47108698,0.00000000266,0.01066941663
-18.5442352,12.271101,-5.53497124,0.00000000279,0.01121557804
-17.9747353,12.5761013,-7.57976341,0.00000000348,0.01398265198
-17.9006729,12.5823336,-7.51587915,0.00000000349,0.01400199094
-17.9006729,12.5823336,-7.57976341,0.00000000349,0.01402505503
-17.5797348,12.271101,-7.3880558,0.00000000349,0.01403443462
-17.5797348,12.271101,-7.45196772,0.0000000035,0.0140589714
-17.5127354,12.271101,-7.45196772,0.0000000035,0.01406217287
-17.5127354,12.271101,-7.3880558,0.00000000349,0.01403679667
-20.1373196,12.6049995,-6.74910259,0.00000000341,0.0137126572
-20.1373196,12.6049995,-6.68519068,0.0000000034,0.01367339139
-20.0734119,12.6049995,-6.68519068,0.0000000034,0.01364892772
-20.0734119,12.6049995,-6.74910259,0.00000000341,0.01368848792
-17.6121159,12.5962973,-8.21874523,0.00000000355,0.0142594787
-17.5174274,12.6049995,-8.15483189,0.00000000355,0.01427332642
-17.5174274,12.6049995,-8.21874428,0.00000000355,0.01428046793
-18.0925274,12.2416391,-6.1739521,0.00000000325,0.01304010193
-18.0925274,12.2416391,-6.11004019,0.00000000323,0.01297713336
-18.156435,12.2416391,-6.1739521,0.00000000321,0.01289502292
-18.6676273,12.3274698,-4.49365044,0.00000000238,0.00954889436
-18.7315235,12.3274698,-4.49365044,0.00000000235,0.00946065396
-18.7315235,12.2416391,-4.49365044,0.00000000241,0.00969282711
-18.6676273,12.2411013,-4.49278641,0.00000000243,0.00978088283
-20.0734119,12.2416391,-10.1996241,0.00000000358,0.0143748597
-20.0734119,12.2416391,-10.1357403,0.00000000358,0.01437109091
-20.1373196,12.2416391,-10.1996241,0.00000000358,0.01437669725
-18.539835,12.6049995,-8.6021595,0.00000000356,0.01430797695
-18.4759388,12.6049995,-8.53824806,0.00000000356,0.01429523621
-18.4759388,12.6049995,-8.6021595,0.00000000356,0.01430312791
-17.7422104,12.2502956,-6.74910259,0.00000000339,0.01362976624
-17.7422104,12.2502956,-6.81298685,0.00000000341,0.01369401846
-17.7104721,12.2576952,-6.81298685,0.00000000341,0.01370576099
-17.7104721,12.2576952,-6.74910259,0.0000000034,0.01364915076
-19.112957,12.2583036,-6.55736732,0.00000000334,0.01341073706
-19.0537357,12.271101,-6.55736732,0.00000000335,0.01346398529
-19.0537357,12.271101,-6.49345541,0.00000000333,0.01338710031
-18.7315292,12.2532024,-4.89599085,0.00000000277,0.0111120288
-18.6676064,12.2529755,-4.89599085,0.00000000278,0.01114986651
-18.6676273,12.2416391,-4.83207893,0.00000000271,0.01089062503
-18.1492348,12.5761013,-6.94078302,0.00000000278,0.01117239536
-18.0822353,12.5761013,-6.87687111,0.00000000265,0.01064993224
-18.0822353,12.5761013,-6.94078302,0.0000000028,0.01123329711
-17.773735,12.5761013,-7.57976341,0.0000000035,0.01406571954
-17.7085209,12.5854769,-7.51587915,0.0000000035,0.01406341542
-17.7085209,12.5854769,-7.57976341,0.00000000351,0.01408337437
-17.9647236,12.2416391,-6.11004019,0.00000000316,0.01268790399
-17.9647236,12.2416391,-6.1739521,0.00000000318,0.01276888332
-17.9008274,12.2416391,-6.1739521,0.00000000314,0.01262241722
-17.9008274,12.2416391,-6.11004019,0.00000000312,0.01252319429
-18.3150311,12.2511892,-5.53497124,0.0000000028,0.01124476224
-18.3150311,12.2511892,-5.47108698,0.00000000278,0.01117130708
-18.3469486,12.258605,-5.53497124,0.00000000269,0.01079633053
-19.306612,12.2416391,-5.91835976,0.00000000291,0.01168726113
-19.2427158,12.2416391,-5.91835976,0.00000000291,0.01170009733
-19.2427158,12.2416391,-5.85444784,0.00000000287,0.01151543225
-18.7315235,12.6049995,-7.96315193,0.00000000355,0.0142788962
-18.6676273,12.6049995,-7.89924002,0.00000000355,0.01424243756
-18.6676273,12.6049995,-7.96315193,0.00000000355,0.0142543603
-19.9456196,12.2416391,-10.1996241,0.00000000358,0.01437683464
-19.881712,12.2416391,-10.1996241,0.00000000358,0.01437826898
-19.881712,12.2416391,-10.1357403,0.00000000358,0.0143757535
-17.6121159,12.5962973,-7.57976389,0.00000000352,0.01414289441
-17.6121159,12.5962973,-7.51587915,0.00000000352,0.01412640275
-17.5174274,12.6049995,-7.51587915,0.00000000353,0.01416544468
-17.5174274,12.6049995,-7.57976341,0.00000000353,0.01417996762
-18.156435,12.2416391,-5.47108698,0.00000000301,0.01210526698
-18.156435,12.2416391,-5.53497124,0.00000000303,0.01218269341
-18.0925274,12.2416391,-5.53497124,0.00000000306,0.0122852971
-18.0925274,12.2416391,-5.47108698,0.00000000303,0.01218942459
-18.350235,12.5761013,-6.3017478,0.00000000312,0.01252944111
-18.2832355,12.5761013,-6.23786354,0.00000000256,0.01027958969
-18.2832355,12.5761013,-6.3017478,0.00000000267,0.01073330307
-19.4983234,12.2416391,-5.27937889,0.00000000289,0.01161485858
-19.4344273,12.2416391,-5.27937889,0.00000000286,0.01149930367
-19.4344273,12.2416391,-5.21549463,0.00000000284,0.01140524819
-18.5397625,12.2525997,-4.89599085,0.00000000279,0.01119952078
-18.47579,12.2518797,-4.89599085,0.00000000277,0.01114471331
-18.4759388,12.2416391,-4.83207893,0.00000000273,0.0109862424
-17.9747353,12.5761013,-6.94078302,0.00000000338,0.01359826728
-17.9006729,12.5823336,-6.87687111,0.0000000034,0.01367839204
-17.9006729,12.5823336,-6.94078302,0.00000000342,0.0137243739
-20.1373196,12.3913698,-4.49365044,0.00000000237,0.00953835782
-20.0734119,12.3913698,-4.49365044,0.00000000251,0.01008648615
-20.0734119,12.4552689,-4.49365044,0.00000000245,0.00982520016
-20.1373196,12.4552689,-4.49365044,0.00000000234,0.00940277258
-18.9232349,12.6049995,-7.32417107,0.00000000352,0.01413958857
-18.8593273,12.6049995,-7.26028681,0.00000000352,0.01413452637
-18.8593273,12.6049995,-7.32417107,0.00000000352,0.01415407407
-19.690012,12.2416391,-10.1996241,0.00000000358,0.01438398949
-19.690012,12.2416391,-10.1357403,0.00000000358,0.01438382804
-19.7539082,12.2416391,-10.1357403,0.00000000358,0.01438088974
-19.7539082,12.2416391,-10.1996241,0.00000000358,0.01438191468
-18.539835,12.6049995,-5.66276741,0.00000000273,0.01097211817
-18.4759388,12.6049995,-5.5988555,0.0000000022,0.00881807682
-18.4759388,12.6049995,-5.66276741,0.00000000245,0.00986118693
-20.0733891,12.2647629,-9.56067085,0.00000000358,0.01436227418
-20.0733891,12.2647629,-9.49675941,0.00000000357,0.01436145352
-20.1373196,12.2539244,-9.56067085,0.00000000357,0.01436123944
-18.4120426,12.3913698,-10.346241,0.00000000358,0.01438520714
-18.4120426,12.3274698,-10.346241,0.00000000358,0.01438682346
-18.4759388,12.3274698,-10.346241,0.00000000358,0.01438654337
-18.4759388,12.3913698,-10.346241,0.00000000358,0.01438520444
-18.2846966,12.2493153,-4.89599085,0.00000000253,0.01018382244
-18.2842274,12.2416391,-4.83207893,0.00000000256,0.01030170464
-18.348135,12.2416391,-4.83207893,0.00000000265,0.01066203247
-18.347681,12.2494602,-4.89599085,0.00000000262,0.01051964558
-17.773735,12.5761013,-6.94078302,0.00000000343,0.01379698965
-17.773735,12.5761013,-6.87687111,0.00000000343,0.01376096098
-17.7085209,12.5854769,-6.87687111,0.00000000343,0.01379244926
-17.7085209,12.5854769,-6.94078302,0.00000000344,0.0138270311
-20.1373196,12.6049995,-10.346241,0.00000000358,0.01437878902
-20.0734119,12.6049995,-10.2635365,0.00000000358,0.01437818425
-20.0734119,12.6049995,-10.346241,0.00000000358,0.01437839299
-19.6261158,12.2416391,-4.6403985,0.00000000215,0.00862780633
-19.6261158,12.2416391,-4.57648659,0.00000000238,0.00956770171
-19.690012,12.2416391,-4.6403985,0.00000000234,0.0093822392
-18.1492348,12.5761013,-6.3017478,0.00000000206,0.00827875808
-18.0822353,12.5761013,-6.23786354,0.00000000219,0.00880136213
-18.0822353,12.5761013,-6.3017478,0.00000000222,0.00892008732
-19.1137352,12.5761013,-6.68519068,0.00000000342,0.0137297153
-19.0507355,12.5761013,-6.62127876,0.00000000342,0.01373159034
-19.0507355,12.5761013,-6.68519068,0.00000000343,0.01377904397
-19.881712,12.4552689,-4.49365044,0.0000000023,0.009240458
-19.9456196,12.4552689,-4.49365044,0.00000000239,0.00961364251
-19.9456196,12.3913698,-4.49365044,0.00000000253,0.0101734108
-19.881712,12.3913698,-4.49365044,0.00000000246,0.00986887435
-18.7315235,12.6049995,-5.02378654,0.00000000202,0.00810101778
-18.6676273,12.6049995,-4.95990229,0.00000000155,0.00620803272
-18.6676273,12.6049995,-5.02378654,0.00000000167,0.00670801113
-17.354372,12.5191689,-6.11004019,0.0000000034,0.01366010742
-17.354372,12.4552689,-6.11004019,0.0000000034,0.01364400826
-17.354372,12.4552689,-6.1739521,0.00000000341,0.01369026035
-17.354372,12.5191689,-6.1739521,0.00000000341,0.013708355
-19.9454098,12.2640858,-9.49675941,0.00000000358,0.01436432493
-19.9454098,12.2640858,-9.56067085,0.00000000358,0.01436602332
-19.8842354,12.271101,-9.56067085,0.00000000358,0.01436859773
-19.8842354,12.271101,-9.49675941,0.00000000358,0.01436667541
-18.2203312,12.3913698,-10.346241,0.00000000358,0.01438646664
-18.2203312,12.3274698,-10.346241,0.00000000358,0.01438799378
-18.2842274,12.3274698,-10.346241,0.00000000358,0.01438754243
-18.2842274,12.3913698,-10.346241,0.00000000358,0.01438579141
-19.3064842,12.5821724,-6.04615545,0.00000000181,0.00725790655
-19.247736,12.5761013,-5.98227119,0.00000000193,0.00774749072
-19.247736,12.5761013,-6.04615545,0.00000000221,0.00888247081
-17.9747353,12.5761013,-6.3017478,0.00000000216,0.00867754267
-17.9747353,12.5761013,-6.23786354,0.00000000214,0.00861196941
-17.9006729,12.5823336,-6.23786354,0.00000000205,0.00821571013
-17.9006729,12.5823336,-6.3017478,0.00000000217,0.00871254284
-18.350235,12.5761013,-5.66276741,0.00000000156,0.00625980374
-18.2832355,12.5761013,-5.5988555,0.0000000017,0.00683502136
-18.2832355,12.5761013,-5.66276741,0.00000000169,0.00677548795
-20.1065178,12.5149755,-8.02706337,0.00000000354,0.01420849266
-20.1065178,12.5149755,-8.09094715,0.00000000354,0.01421911215
-20.1725159,12.5191689,-8.09094715,0.00000000354,0.01423815676
-20.1725159,12.5191689,-8.02706337,0.00000000354,0.01422862198
-19.4892349,12.5761013,-5.40717506,0.00000000183,0.00736571071
-19.4344769,12.5822353,-5.34326315,0.00000000185,0.00744930635
-19.4344749,12.5822344,-5.40717506,0.0000000019,0.00762110309
-20.1373196,12.2539244,-8.85777855,0.00000000357,0.014329612
-20.1373196,12.2539244,-8.92166328,0.00000000357,0.01433402035
-20.0733891,12.2647629,-8.92166328,0.00000000357,0.01432197005
-20.0733891,12.2647629,-8.85777855,0.00000000356,0.01431630662
-17.9008274,12.2416391,-9.75235176,0.00000000358,0.01438072206
-17.9008274,12.2416391,-9.68843937,0.00000000358,0.01437913069
-17.9647236,12.2416391,-9.75235176,0.00000000358,0.01438049103
-19.690012,12.6049995,-4.76819468,0.00000000161,0.0064811125
-19.6261158,12.6049995,-4.70430994,0.00000000194,0.00778464958
-19.6261158,12.6049995,-4.76819468,0.00000000176,0.00706715434
-19.9456196,12.6049995,-10.346241,0.00000000358,0.01437750276
-19.881712,12.6049995,-10.2635365,0.00000000358,0.01437679182
-19.881712,12.6049995,-10.346241,0.00000000358,0.01437726726
-18.0925274,12.2416391,-9.1133709,0.00000000358,0.01436662901
-18.0925274,12.2416391,-9.04948616,0.00000000358,0.01436506708
-18.156435,12.2416391,-9.1133709,0.00000000358,0.01436660583
-18.539835,12.6049995,-5.02378654,0.00000000141,0.00564818103
-18.4759388,12.6049995,-4.95990229,0.00000000138,0.00555954589
-18.4759388,12.6049995,-5.02378654,0.00000000146,0.00587284335
-18.6676273,12.2416391,-10.1357403,0.00000000358,0.01438026087
-18.6676273,12.2416391,-10.0718555,0.00000000358,0.01437816284
-18.7315235,12.2416391,-10.1357403,0.00000000358,0.0143815855
-18.1492348,12.5761013,-5.66276741,0.00000000181,0.00726041491
-18.1492348,12.5761013,-5.5988555,0.00000000178,0.00714090566
-18.0822353,12.5761013,-5.5988555,0.00000000178,0.00716334842
-18.0822353,12.5761013,-5.66276741,0.00000000182,0.00732910222
-18.3150311,12.2511892,-8.47433758,0.00000000356,0.01431389906
-18.3150311,12.2511892,-8.41042423,0.00000000356,0.01430527323
-18.3469486,12.258604,-8.47433662,0.00000000356,0.01430697789
-18.0262547,12.1996698,-4.90644312,0.00000000233,0.00934649238
-18.0262547,12.1357698,-4.90644312,0.00000000233,0.00937108894
-18.0953598,12.1357698,-4.90501404,0.00000000238,0.00954392849
-18.0953598,12.1996698,-4.90501404,0.00000000238,0.00955536776
-20.1373196,12.6049995,-9.68843937,0.00000000358,0.01437177686
-20.1373196,12.6049995,-9.62455559,0.00000000358,0.01436870117
-20.0734119,12.6049995,-9.62455559,0.00000000358,0.01436825517
-20.0734119,12.6049995,-9.68843937,0.00000000358,0.0143710151
-19.7539082,12.6049995,-10.346241,0.00000000358,0.01437782474
-19.7539082,12.6049995,-10.2635365,0.00000000358,0.01437744121
-19.690012,12.6049995,-10.2635365,0.00000000358,0.01437873551
-19.690012,12.6049995,-10.346241,0.00000000358,0.01437900314
-17.354372,12.5191689,-5.47108698,0.00000000318,0.01276250361
-17.354372,12.4552689,-5.47108698,0.0000000032,0.01286955577
-17.354372,12.4552689,-5.53497124,0.00000000324,0.0130138596
-17.354372,12.5191689,-5.53497124,0.00000000322,0.01294067026
-18.919735,12.271101,-9.49675941,0.00000000358,0.01437777658
-18.8527355,12.271101,-9.49675941,0.00000000358,0.01437758126
-18.8527355,12.271101,-9.43284798,0.00000000358,0.01437668118
-18.350235,12.5761013,-5.02378654,0.00000000155,0.0062321507
-18.3488941,12.5861578,-4.95990229,0.00000000149,0.00600235258
-18.2832355,12.5761013,-4.95990229,0.00000000147,0.00592131838
-18.2832355,12.5761013,-5.02378654,0.00000000154,0.00618181803
-18.4772358,12.271101,-7.83535576,0.00000000352,0.0141540946
-18.4772358,12.271101,-7.77147102,0.00000000352,0.01413211077
-18.5442352,12.271101,-7.83535576,0.00000000352,0.01414894229
-17.9646511,12.5819664,-9.88014793,0.00000000358,0.01437758748
-17.9006729,12.5823326,-9.8162632,0.00000000358,0.01437945091
-17.9006729,12.5823326,-9.88014793,0.00000000358,0.01437986927
-17.7104721,12.2576952,-9.75235176,0.00000000358,0.01437961148
-17.7104721,12.2576952,-9.68843937,0.00000000358,0.01437907449
-17.7422104,12.2502956,-9.75235271,0.00000000358,0.01438041875
-20.1725159,12.5191689,-7.45196772,0.00000000351,0.01411492243
-20.1725159,12.5191689,-7.3880558,0.00000000351,0.01409759497
-20.1065178,12.5149755,-7.3880558,0.0000000035,0.01406393727
-20.1065178,12.5149755,-7.45196772,0.00000000351,0.01408323521
-19.112957,12.2583036,-8.85777855,0.00000000357,0.01435437536
-19.0537357,12.271101,-8.85777855,0.00000000357,0.01435431558
-19.0537357,12.271101,-8.79389477,0.00000000357,0.01435058962
-19.9456196,12.6049995,-9.68843937,0.00000000358,0.0143699982
-19.9456196,12.6049995,-9.62455559,0.00000000358,0.01436859327
-19.881712,12.6049995,-9.62455559,0.00000000358,0.01436899375
-19.881712,12.6049995,-9.68843937,0.00000000358,0.01437012663
-17.9008274,12.2416391,-9.1133709,0.00000000358,0.01436442038
-17.9008274,12.2416391,-9.04948616,0.00000000358,0.01436230897
-17.9647236,12.2416391,-9.1133709,0.00000000358,0.01436530885
-18.0925274,12.2416391,-8.47433662,0.00000000357,0.01434237589
-18.0925274,12.2416391,-8.41042423,0.00000000357,0.01433836538
-18.156435,12.2416391,-8.47433662,0.00000000357,0.01433379823
-18.678236,12.271101,-7.19637537,0.00000000344,0.01381620645
-18.678236,12.271101,-7.13246346,0.00000000343,0.01376672251
-18.7315483,12.2647648,-7.19637537,0.00000000345,0.01386253793
-19.690012,12.5191689,-10.346241,0.00000000358,0.01437897546
-19.6261158,12.5191689,-10.346241,0.00000000358,0.01438069081
-19.6261158,12.4552689,-10.346241,0.00000000358,0.01438062661
-19.690012,12.4552689,-10.346241,0.00000000358,0.0143790736
-17.354372,12.4552689,-4.89599085,0.00000000209,0.00839200267
-17.354372,12.5191689,-4.89599085,0.00000000171,0.00688733746
-17.354372,12.5191689,-4.83207893,0.00000000166,0.00667448901
-17.354372,12.4552689,-4.83207893,0.00000000194,0.007792048
-18.1492348,12.5761013,-9.24116707,0.00000000358,0.01436786092
-18.0822353,12.5761013,-9.17725563,0.00000000358,0.01436902051
-18.0822353,12.5761013,-9.24116707,0.00000000358,0.01437047987
-20.1373196,12.6049995,-9.04948616,0.00000000356,0.01431204901
-20.1373196,12.6049995,-8.98557568,0.00000000356,0.01430719286
-20.0734119,12.6049995,-8.98557568,0.00000000356,0.01429953219
-20.0734119,12.6049995,-9.04948616,0.00000000356,0.01430495389
-17.5797348,12.271101,-9.68843937,0.00000000358,0.0143776847
-17.5797348,12.271101,-9.75235176,0.00000000358,0.01437758391
-17.5127354,12.271101,-9.75235176,0.00000000358,0.01437637257
-17.5127354,12.271101,-9.68843937,0.00000000358,0.01437659822
-17.7725315,12.5841751,-9.88014793,0.00000000358,0.01438030635
-17.7085209,12.5854769,-9.8162632,0.00000000358,0.01437983183
-17.7085209,12.5854769,-9.88014793,0.00000000358,0.0143802796
-19.306612,12.2416391,-8.21874428,0.00000000356,0.01430287904
-19.2427158,12.2416391,-8.21874428,0.00000000356,0.01429480447
-19.2427158,12.2416391,-8.15483189,0.00000000356,0.01428535622
-18.7315235,12.6049995,-10.2635365,0.00000000358,0.01438465584
-18.6676273,12.6049995,-10.1996241,0.00000000358,0.01438394936
-18.6676273,12.6049995,-10.2635365,0.00000000358,0.01438421699
-18.3150311,12.2511892,-7.83535576,0.00000000353,0.01418876832
-18.3150311,12.2511892,-7.7714715,0.00000000353,0.01416987978
-18.3469486,12.258604,-7.83535576,0.00000000353,0.01417028745
-17.7422104,12.2502956,-9.04948616,0.00000000357,0.01435912088
-17.7422104,12.2502956,-9.1133709,0.00000000358,0.01436215378
-17.7104721,12.2576962,-9.1133709,0.00000000357,0.01436078987
-17.7104721,12.2576962,-9.04948616,0.00000000357,0.01435755449
-19.4344273,12.5191689,-10.346241,0.00000000358,0.01438619013
-19.4344273,12.4552689,-10.346241,0.00000000358,0.01438640598
-19.4983234,12.4552689,-10.346241,0.00000000358,0.01438489937
-19.4983234,12.5191689,-10.346241,0.00000000358,0.0143848316
-20.1725159,12.5191689,-6.81298685,0.00000000345,0.01385927849
-20.1725159,12.5191689,-6.74910259,0.00000000344,0.01382614886
-20.1065178,12.5149755,-6.74910259,0.00000000343,0.01376940305
-20.1065178,12.5149755,-6.81298685,0.00000000344,0.0138050535
-18.350235,12.5761013,-8.6021595,0.00000000356,0.0142985001
-18.2832355,12.5761013,-8.53824806,0.00000000356,0.01428543472
-18.2832355,12.5761013,-8.6021595,0.00000000356,0.01429351817
-18.8527355,12.271101,-6.55736732,0.00000000338,0.01359726376
-18.8527355,12.271101,-6.49345541,0.00000000337,0.01353568317
-18.919735,12.271101,-6.55736732,0.00000000337,0.01355351375
-17.9647236,12.2416391,-8.41042423,0.00000000357,0.01433536996
-17.9647236,12.2416391,-8.47433662,0.00000000357,0.01433989966
-17.9008274,12.2416391,-8.47433662,0.00000000357,0.01432885289
-17.9008274,12.2416391,-8.41042423,0.00000000357,0.01432248117
-19.4983234,12.2416391,-7.57976341,0.00000000352,0.01414397554
-19.4344273,12.2416391,-7.57976341,0.00000000353,0.01417944939
-19.4344273,12.2416391,-7.51587915,0.00000000352,0.01415574752
-18.4772358,12.271101,-7.19637537,0.00000000344,0.01383491831
-18.4772358,12.271101,-7.13246346,0.00000000343,0.01378461376
-18.5442352,12.271101,-7.19637537,0.00000000344,0.0138211607
-17.6121159,12.5962973,-9.88014793,0.00000000358,0.0143805044
-17.6121159,12.5962973,-9.8162632,0.00000000358,0.01438002626
-17.5174274,12.6049995,-9.8162632,0.00000000358,0.01438030278
-17.5174274,12.6049995,-9.88014793,0.00000000358,0.01438088705
-17.9747353,12.5761013,-9.24116707,0.00000000358,0.01436978589
-17.9006729,12.5823336,-9.17725563,0.00000000357,0.01434358638
-17.9006729,12.5823336,-9.24116707,0.00000000357,0.01435782566
-18.156435,12.2416391,-7.77147102,0.00000000354,0.01422892613
-18.156435,12.2416391,-7.83535576,0.00000000355,0.01424403785
-18.0925274,12.2416391,-7.83535576,0.00000000355,0.01427310876
-18.0925274,12.2416391,-7.77147102,0.00000000355,0.0142606446
-18.9232349,12.6049995,-9.62455559,0.00000000358,0.01437884703
-18.8593273,12.6049995,-9.56067085,0.00000000358,0.01437517726
-18.8593273,12.6049995,-9.62455559,0.00000000358,0.01437783993
-20.1725159,12.5191689,-4.6403985,0.00000000213,0.0085553761
-20.1725159,12.5191689,-4.57648659,0.00000000214,0.00860558343
-20.1725159,12.6049995,-4.57648659,0.00000000207,0.00831125884
-20.1725159,12.6049995,-4.6403985,0.00000000205,0.00825491351
-19.0537357,12.271101,-5.91835976,0.00000000302,0.01213838946
-19.0537357,12.271101,-5.85444784,0.00000000297,0.01194981647
-19.112957,12.2583036,-5.91835976,0.00000000297,0.01193864392
-18.539835,12.6049995,-7.96315193,0.00000000353,0.01419999615
-18.4759388,12.6049995,-7.89924002,0.00000000353,0.01416846416
-18.4759388,12.6049995,-7.96315193,0.00000000353,0.01418616004
-19.6921558,12.2585497,-6.94078302,0.00000000341,0.0137133949
-19.6261158,12.2416391,-6.94078302,0.00000000341,0.01369397563
-19.6261158,12.2416391,-6.87687111,0.00000000339,0.01362151953
-18.3469486,12.258604,-7.13246346,0.00000000344,0.01380717118
-18.3469486,12.258604,-7.19637537,0.00000000345,0.01386004387
-18.3150311,12.2511892,-7.19637537,0.00000000346,0.0138877589
-18.3150311,12.2511892,-7.13246393,0.00000000344,0.01383483446
-18.678236,12.271101,-6.55736732,0.00000000327,0.01313451599
-18.678236,12.271101,-6.49345541,0.00000000325,0.01304328644
-18.7315483,12.2647648,-6.55736732,0.00000000331,0.01328638949
-17.773735,12.5761013,-9.24116707,0.00000000357,0.01433779536
-17.773735,12.5761013,-9.17725563,0.00000000357,0.01433152894
-17.7085209,12.5854778,-9.17725563,0.00000000357,0.01433739395
-17.7085209,12.5854778,-9.24116707,0.00000000357,0.01434203068
-19.1137352,12.5761013,-8.98557568,0.00000000357,0.01434676286
-19.0507355,12.5761013,-8.92166328,0.00000000357,0.01434548725
-19.0507355,12.5761013,-8.98557568,0.00000000357,0.01434873688
-18.1492348,12.5761013,-8.6021595,0.00000000356,0.0142898288
-18.0822353,12.5761013,-8.53824806,0.00000000356,0.01431910576
-18.0822353,12.5761013,-8.6021595,0.00000000357,0.01432923289
-19.2427158,12.2416391,-5.27937889,0.00000000243,0.00976760959
-19.2427158,12.2416391,-5.21549463,0.0000000024,0.00963265948
-19.306612,12.2416391,-5.27937889,0.00000000256,0.01026596497
-18.7315235,12.6049995,-7.32417107,0.00000000352,0.01412254208
-18.6676273,12.6049995,-7.26028681,0.00000000349,0.0140360331
-18.6676273,12.6049995,-7.32417107,0.0000000035,0.0140658248
-17.354372,12.5191689,-8.41042423,0.00000000357,0.01433423624
-17.354372,12.4552689,-8.41042423,0.00000000357,0.01433160121
-17.354372,12.4552689,-8.47433662,0.00000000357,0.01433543777
-17.354372,12.5191689,-8.47433662,0.00000000357,0.01433775881
-18.7954197,12.3274698,-4.49365044,0.00000000233,0.00935135122
-18.7954197,12.3913698,-4.49365044,0.00000000219,0.00880318277
-18.8593273,12.3913698,-4.49365044,0.00000000216,0.00869510209
-19.8172359,12.271101,-6.23786354,0.00000000315,0.01266675062
-19.8842354,12.271101,-6.3017478,0.00000000319,0.01279677945
-19.8172359,12.271101,-6.3017478,0.00000000318,0.01276162675
-18.5442352,12.271101,-6.49345541,0.00000000323,0.01298589031
-18.5442352,12.271101,-6.55736732,0.00000000326,0.01308754042
-18.4772358,12.271101,-6.55736732,0.00000000326,0.01308498569
-18.4772358,12.271101,-6.49345541,0.00000000323,0.01297970504
-18.350235,12.5761013,-7.96315193,0.00000000353,0.01417534965
-18.2832355,12.5761013,-7.89924002,0.00000000352,0.01415044536
-18.2832355,12.5761013,-7.96315193,0.00000000353,0.01416954529
-18.8527355,12.271101,-5.91835976,0.00000000317,0.01274159018
-18.8527355,12.271101,-5.85444784,0.00000000314,0.01262132094
-18.919735,12.271101,-5.91835976,0.00000000313,0.01256523164
-19.3064842,12.5821733,-8.3465395,0.00000000355,0.01428059014
-19.247736,12.5761013,-8.28265572,0.00000000355,0.0142784359
-19.247736,12.5761013,-8.3465395,0.00000000356,0.01428690923
-17.9747353,12.5761013,-8.6021595,0.00000000355,0.01427536021
-17.9747353,12.5761013,-8.53824806,0.00000000355,0.0142639647
-17.9006729,12.5823336,-8.53824806,0.00000000354,0.01423633704
-17.9006729,12.5823336,-8.6021595,0.00000000355,0.01424442676
-19.4983234,12.2416391,-4.6403985,0.00000000213,0.00856085397
-19.4344273,12.2416391,-4.6403985,0.00000000195,0.00784693665
-19.4344273,12.2416391,-4.57648659,0.00000000211,0.00849497655
-18.9232349,12.6049995,-6.68519068,0.00000000345,0.013855524
-18.8593273,12.6049995,-6.62127876,0.00000000344,0.01383308075
-18.8593273,12.6049995,-6.68519068,0.00000000345,0.01387387551
-20.0182362,12.271101,-5.5988555,0.00000000304,0.01222646747
-20.0733891,12.2647629,-5.66276741,0.00000000315,0.01264025584
-20.0182362,12.271101,-5.66276741,0.00000000305,0.01224304747
-18.539835,12.6049995,-7.32417107,0.00000000347,0.01395188798
-18.4759388,12.6049995,-7.26028681,0.00000000346,0.01388464665
-18.4759388,12.6049995,-7.32417107,0.00000000347,0.01392426748
-19.0537357,12.271101,-5.27937889,0.00000000268,0.01076534622
-19.0537357,12.271101,-5.21549463,0.00000000269,0.01079008905
-19.112957,12.2583036,-5.27937889,0.00000000254,0.01022050585
-19.4892349,12.5761013,-7.70755959,0.00000000346,0.0138962411
-19.4344749,12.5822334,-7.64364767,0.00000000351,0.01409479222
-19.4344749,12.5822334,-7.70755959,0.00000000351,0.01410982455
-18.7315483,12.2647734,-5.85444784,0.00000000316,0.0126869727
-18.7315483,12.2647734,-5.91835976,0.00000000317,0.01271974282
-18.678236,12.271101,-5.91835976,0.00000000306,0.01228692057
-18.678236,12.271101,-5.85444784,0.00000000305,0.01226873943
-18.1492348,12.5761013,-7.96315193,0.00000000352,0.01412452683
-18.1492348,12.5761013,-7.89924002,0.00000000351,0.01410006943
-18.0822353,12.5761013,-7.89924002,0.00000000351,0.01411236236
-18.0822353,12.5761013,-7.96315193,0.00000000352,0.01414434393
-19.1137352,12.5761013,-6.04615545,0.00000000321,0.01291540915
-19.0507355,12.5761013,-5.98227119,0.00000000325,0.01303695132
-19.0507355,12.5761013,-6.04615545,0.00000000327,0.01313193624
-19.6905613,12.5849104,-7.0685792,0.00000000338,0.01359441461
-19.6232357,12.5761013,-7.00469446,0.00000000335,0.01347171907
-19.6232357,12.5761013,-7.0685792,0.00000000337,0.01352487454
-17.354372,12.5191689,-7.77147102,0.00000000355,0.01428035018
-17.354372,12.4552689,-7.77147102,0.00000000355,0.01427173597
-17.354372,12.4552689,-7.83535576,0.00000000355,0.01428003619
-17.354372,12.5191689,-7.83535576,0.00000000356,0.01428778251
-19.3064861,12.5821695,-5.40717506,0.00000000187,0.00751600445
-19.247736,12.5761013,-5.34326315,0.0000000018,0.0072374378
-19.247736,12.5761013,-5.40717506,0.0000000018,0.00723993411
-19.306612,12.2416391,-4.6403985,0.00000000193,0.0077479965
-19.2427158,12.2416391,-4.6403985,0.00000000212,0.00853390873
-19.2427158,12.2416391,-4.57648659,0.00000000211,0.00847343696
-18.350235,12.5761013,-7.32417107,0.00000000346,0.01390213914
-18.350235,12.5761013,-7.26028681,0.00000000345,0.01386137652
-18.2832355,12.5761013,-7.26028681,0.00000000345,0.01384702749
-18.2832355,12.5761013,-7.32417107,0.00000000346,0.01388909425
-19.881712,12.6049995,-6.42954397,0.0000000033,0.01324660453
-19.8154697,12.5880909,-6.36563206,0.00000000328,0.01316594184
-19.8154697,12.5880909,-6.42954397,0.00000000329,0.01320987829
-18.919735,12.271101,-5.21549463,0.00000000285,0.01145105429
-18.919735,12.271101,-5.27937889,0.00000000286,0.01148499389
-18.8527355,12.271101,-5.27937889,0.00000000292,0.01173280855
-18.8527355,12.271101,-5.21549463,0.00000000291,0.01167207718
-19.4344273,12.6049995,-4.70430994,0.0000000014,0.00561454831
-19.4344273,12.6049995,-4.76819468,0.0000000013,0.00521332405
-19.4983234,12.6049995,-4.76819468,0.00000000141,0.00565119292
-18.7315235,12.6049995,-6.68519068,0.00000000343,0.01377002746
-18.6676273,12.6049995,-6.62127876,0.00000000338,0.01358037422
-18.6676273,12.6049995,-6.68519068,0.0000000034,0.01364100127
-19.5432072,12.0718699,-4.87709904,0.00000000232,0.00930408757
-19.5719624,12.0718699,-4.83682919,0.00000000215,0.00864190291
-19.5719624,12.1357698,-4.83682775,0.00000000216,0.00865902967
-19.5432072,12.1357698,-4.87709904,0.00000000232,0.0093230751
-18.539835,12.2416391,-10.1357403,0.00000000358,0.01438200121
-18.4759388,12.2416391,-10.1357403,0.00000000358,0.01438306716
-18.4759388,12.2416391,-10.0718555,0.00000000358,0.0143817568
-20.0095158,12.4552689,-4.49365044,0.00000000247,0.0099058994
-20.0095158,12.5191689,-4.49365044,0.00000000235,0.00945557212
-20.0734119,12.5191689,-4.49365044,0.00000000233,0.00934442825
-17.4537582,12.2639217,-6.42954397,0.00000000338,0.01356686906
-17.5127354,12.271101,-6.49345541,0.00000000336,0.01351302407
-17.4537582,12.2639217,-6.49345541,0.00000000339,0.01361485527
-20.0734119,12.6049995,-5.79056358,0.00000000311,0.01248154144
-20.0095158,12.6049995,-5.72667885,0.00000000314,0.0125950893
-20.0095158,12.6049995,-5.79056358,0.00000000317,0.01274991986
-20.1725159,12.5191689,-9.75235176,0.00000000358,0.01436882696
-20.1725159,12.5191689,-9.68843937,0.00000000358,0.01436427857
-20.1065178,12.5149755,-9.68843937,0.00000000358,0.01436802683
-20.1065178,12.5149755,-9.75235176,0.00000000358,0.01437111854
-18.539835,12.6049995,-6.68519068,0.00000000334,0.01341923353
-18.539835,12.6049995,-6.62127876,0.00000000332,0.01334428602
-18.4759388,12.6049995,-6.62127876,0.00000000331,0.01329404571
-18.4759388,12.6049995,-6.68519068,0.00000000333,0.01337199217
-18.678236,12.271101,-9.49675941,0.00000000358,0.014376501
-18.678236,12.271101,-9.43284798,0.00000000358,0.0143758641
-18.7315483,12.2647648,-9.49675941,0.00000000358,0.01437672043
-19.0510273,12.2416391,-4.6403985,0.00000000233,0.00936669305
-19.0510273,12.2416391,-4.57648659,0.00000000228,0.00916040189
-19.1149235,12.2416391,-4.57648659,0.00000000224,0.00897958948
-19.1149235,12.2416391,-4.6403985,0.00000000228,0.00917446015
-17.6458168,12.2611341,-5.79056358,0.00000000301,0.01208581826
-17.7104721,12.2576962,-5.85444784,0.00000000304,0.01221868998
-17.6458168,12.2611341,-5.85444784,0.00000000303,0.01218561386
-17.354372,12.4552689,-7.19637537,0.00000000352,0.01415976518
-17.354372,12.5191689,-7.19637537,0.00000000353,0.01417907027
-17.354372,12.5191689,-7.13246346,0.00000000353,0.0141629568
-17.354372,12.4552689,-7.13246346,0.00000000352,0.01414233154
-18.348135,12.3913698,-10.346241,0.00000000358,0.01438539892
-18.4120426,12.4552689,-10.346241,0.00000000358,0.01438442215
-18.348135,12.4552689,-10.346241,0.00000000358,0.01438460591
-18.9232349,12.6049995,-6.04615545,0.00000000331,0.01331554963
-18.8593273,12.6049995,-5.98227119,0.00000000331,0.01328626729
-18.8593273,12.6049995,-6.04615545,0.00000000332,0.01335186108
-17.8369198,12.2416391,-5.15158319,0.00000000277,0.01110913241
-17.9008274,12.2416391,-5.21549463,0.00000000276,0.01110771768
-17.8369198,12.2416391,-5.21549463,0.00000000279,0.01118819926
-19.1137352,12.5761013,-5.40717506,0.00000000164,0.00657562157
-19.0507355,12.5761013,-5.34326315,0.0000000016,0.00641885532
-19.0507355,12.5761013,-5.40717506,0.00000000161,0.00645346568
-18.8527355,12.271101,-8.85777855,0.00000000357,0.01435691851
-18.8527355,12.271101,-8.79389477,0.00000000357,0.01435365639
-18.919735,12.271101,-8.85777855,0.00000000357,0.01435463404
-18.7315235,12.6049995,-6.04615545,0.00000000326,0.01307814479
-18.7315235,12.6049995,-5.98227119,0.00000000323,0.01297879162
-18.6676273,12.6049995,-5.98227119,0.00000000315,0.01266334845
-18.6676273,12.6049995,-6.04615545,0.00000000318,0.01279073064
-19.2427158,12.6049995,-4.70430994,0.00000000141,0.00568365664
-19.2427158,12.6049995,-4.76819468,0.00000000124,0.00496572254
-19.306612,12.6049995,-4.76819468,0.00000000126,0.00507932572
-19.4344273,12.2416391,-9.8162632,0.00000000358,0.01437955708
-19.4983234,12.2416391,-9.88014793,0.00000000358,0.01438182099
-19.4344273,12.2416391,-9.88014793,0.00000000358,0.01438258725
-18.348135,12.2416391,-10.1357403,0.00000000358,0.01438591627
-18.2842274,12.2416391,-10.1357403,0.00000000358,0.01438747108
-18.2842274,12.2416391,-10.0718555,0.00000000358,0.01438722486
-20.1725159,12.5191689,-9.1133709,0.00000000357,0.01433254226
-20.1725159,12.5191689,-9.04948616,0.00000000357,0.0143288502
-20.1065178,12.5149755,-9.04948616,0.00000000356,0.01432045007
-20.1065178,12.5149755,-9.1133709,0.00000000357,0.01432458901
-18.0286198,12.2416391,-4.57648659,0.00000000238,0.00954249858
-18.0286198,12.2416391,-4.49365044,0.00000000241,0.00966319775
-18.0925274,12.2416391,-4.49365044,0.00000000239,0.00958465902
-18.0925274,12.2416391,-4.57648659,0.00000000233,0.00935888969
-17.5174274,12.6049995,-6.62127876,0.00000000344,0.01382864923
-17.4535313,12.6049995,-6.55736732,0.00000000344,0.01383561587
-17.4535313,12.6049995,-6.62127876,0.00000000345,0.01387266859
-18.4772358,12.271101,-9.49675941,0.00000000358,0.01437763388
-18.4772358,12.271101,-9.43284798,0.00000000358,0.01437632083
-18.5442352,12.271101,-9.49675941,0.00000000358,0.01437721283
-19.0537357,12.271101,-8.21874428,0.00000000356,0.01429377331
-19.0537357,12.271101,-8.15483189,0.00000000356,0.01428403959
-19.112957,12.2583036,-8.21874428,0.00000000356,0.014292958
-18.539835,12.6049995,-10.2635365,0.00000000358,0.01438369784
-18.4759388,12.6049995,-10.1996241,0.00000000358,0.01438317599
-18.4759388,12.6049995,-10.2635365,0.00000000358,0.01438362826
-18.9232349,12.6049995,-5.40717506,0.00000000268,0.01078125272
-18.9232349,12.6049995,-5.34326315,0.00000000241,0.00969183608
-18.8593273,12.6049995,-5.34326315,0.0000000029,0.01163648471
-18.8593273,12.6049995,-5.40717506,0.00000000302,0.01213082512
-17.4204388,12.5149755,-5.02378654,0.00000000122,0.00490420619
-17.4204388,12.5149755,-4.95990229,0.0000000011,0.00440326391
-17.354372,12.5191689,-4.95990229,0.00000000201,0.00808916373
-17.354372,12.5191689,-5.02378654,0.00000000226,0.00906365968
-19.1149235,12.6049995,-4.76819468,0.00000000126,0.00506537854
-19.1149235,12.6049995,-4.70430994,0.00000000143,0.0057260878
-19.0510273,12.6049995,-4.70430994,0.00000000144,0.00577486923
-19.0510273,12.6049995,-4.76819468,0.00000000131,0.00526668375
-19.6261158,12.2416391,-9.17725563,0.00000000357,0.01435563487
-19.6921558,12.2585497,-9.24116707,0.00000000357,0.01435887739
-19.6261158,12.2416391,-9.24116707,0.00000000357,0.0143583038
-18.678236,12.271101,-8.85777855,0.00000000357,0.01435495068
-18.678236,12.271101,-8.79389477,0.00000000357,0.01435048794
-18.7315483,12.2647648,-8.85777855,0.00000000357,0.01436050797
-18.156435,12.2416391,-10.1357403,0.00000000358,0.01439041295
-18.0925274,12.2416391,-10.1357403,0.00000000358,0.01439098385
-18.0925274,12.2416391,-10.0718555,0.00000000358,0.01439158058
-18.156435,12.2416391,-10.0718555,0.00000000358,0.01439088928
-19.2427158,12.2416391,-7.57976341,0.00000000352,0.0141605216
-19.2427158,12.2416391,-7.51587915,0.00000000352,0.01413922283
-19.306612,12.2416391,-7.57976341,0.00000000353,0.01417136589
-17.7085209,12.5854769,-5.98227119,0.00000000321,0.01289112036
-17.6438637,12.5888662,-5.91835976,0.00000000325,0.01307076064
-17.6438637,12.5888662,-5.98227119,0.00000000327,0.01315518588
-18.3469486,12.258604,-9.43284798,0.00000000358,0.01437593368
-18.3469486,12.258604,-9.49675941,0.00000000358,0.01437742157
-18.3150311,12.2511892,-9.49676037,0.00000000358,0.01437694078
-18.3150311,12.2511892,-9.43284798,0.00000000358,0.01437549925
-18.7315235,12.6049995,-9.62455559,0.00000000358,0.01437620666
-18.6676273,12.6049995,-9.56067085,0.00000000358,0.01437310598
-18.6676273,12.6049995,-9.62455559,0.00000000358,0.01437603717
-19.8172359,12.271101,-8.53824806,0.00000000356,0.01428452665
-19.8842354,12.271101,-8.6021595,0.00000000356,0.01428630266
-19.8172359,12.271101,-8.6021595,0.00000000356,0.01429414884
-18.5442352,12.271101,-8.79389477,0.00000000357,0.0143431912
-18.5442352,12.271101,-8.85777855,0.00000000357,0.01434866465
-18.4772358,12.271101,-8.85777855,0.00000000357,0.01434828285
-18.4772358,12.271101,-8.79389477,0.00000000357,0.01434272202
-18.8527355,12.271101,-8.21874428,0.00000000356,0.01430678518
-18.8527355,12.271101,-8.15483189,0.00000000356,0.01429854293
-18.919735,12.271101,-8.21874428,0.00000000356,0.0142992298
-18.348135,12.6049995,-10.2635365,0.00000000358,0.01438419558
-18.2842274,12.6049995,-10.1996241,0.00000000358,0.01438473703
-18.2842274,12.6049995,-10.2635365,0.00000000358,0.01438492701
-17.354372,12.4552689,-6.81298685,0.00000000349,0.0140372534
-17.354372,12.5191689,-6.81298685,0.0000000035,0.01406273662
-17.354372,12.5191689,-6.74910259,0.00000000349,0.01403780646
-17.354372,12.4552689,-6.74910259,0.00000000349,0.01401192982
-17.9006729,12.5823374,-5.34326315,0.0000000017,0.00683505394
-17.8407364,12.5761013,-5.27937889,0.00000000169,0.00679484748
-17.8407364,12.5761013,-5.34326315,0.00000000174,0.00698387715
-19.4344273,12.2416391,-6.94078302,0.0000000034,0.01366305018
-19.4344273,12.2416391,-6.87687111,0.00000000338,0.01358634096
-19.4983234,12.2416391,-6.94078302,0.0000000034,0.01366638634
-18.9232349,12.6049995,-8.98557568,0.00000000357,0.01435274474
-18.8593273,12.6049995,-8.92166328,0.00000000357,0.01435426027
-18.8593273,12.6049995,-8.98557568,0.00000000357,0.01435665357
-20.1725159,12.3274698,-4.76819468,0.00000000272,0.01091372033
-20.1725159,12.3913698,-4.76819468,0.0000000026,0.01043811411
-20.1725159,12.3913698,-4.83207893,0.00000000261,0.01047334354
-20.1725159,12.3274698,-4.83207893,0.00000000281,0.01127235599
-20.0182362,12.271101,-7.89924002,0.00000000351,0.0141188411
-20.0733891,12.2647629,-7.96315193,0.00000000353,0.0141736887
-20.0182362,12.271101,-7.96315193,0.00000000352,0.01414437157
-19.6261158,12.6049995,-10.346241,0.00000000358,0.0143807961
-19.5622196,12.6049995,-10.346241,0.00000000358,0.01438290394
-19.5622196,12.5191689,-10.346241,0.00000000358,0.01438283167
-18.7315483,12.2647648,-8.15483189,0.00000000356,0.01428341518
-18.7315483,12.2647648,-8.21874428,0.00000000356,0.01429554128
-18.678236,12.271101,-8.21874428,0.00000000355,0.01427267525
-18.678236,12.271101,-8.15483189,0.00000000355,0.0142582067
-20.1725159,12.5191689,-10.1996241,0.00000000358,0.01437906199
-20.1725159,12.5191689,-10.2635365,0.00000000358,0.01437931532
-19.0537357,12.271101,-7.57976341,0.00000000352,0.01415588579
-19.0537357,12.271101,-7.51587915,0.00000000352,0.01413646653
-19.112957,12.2583036,-7.57976341,0.00000000352,0.01415624972
-18.156435,12.6049995,-10.2635365,0.00000000358,0.01438656924
-18.156435,12.6049995,-10.1996241,0.00000000358,0.01438634267
-18.0925274,12.6049995,-10.1996241,0.00000000358,0.01438671105
-18.0925274,12.6049995,-10.2635365,0.00000000358,0.01438686986
-19.6261158,12.2416391,-6.3017478,0.00000000319,0.01279583659
-19.6261158,12.2416391,-6.23786354,0.00000000317,0.01271833789
-19.6921558,12.2585497,-6.3017478,0.00000000317,0.01274995376
-18.539835,12.6049995,-9.62455559,0.00000000358,0.01437735556
-18.4759388,12.6049995,-9.56067085,0.00000000358,0.01437599257
-18.4759388,12.6049995,-9.62455559,0.00000000358,0.01437809949
-18.0286198,12.6049995,-4.6403985,0.00000000184,0.00740164124
-18.0286198,12.6049995,-4.70430994,0.0000000018,0.00723591649
-18.0925274,12.6049995,-4.70430994,0.00000000154,0.00619171095
-19.1137352,12.5761013,-8.3465395,0.00000000356,0.01429697031
-19.0507355,12.5761013,-8.28265572,0.00000000356,0.01429541016
-19.0507355,12.5761013,-8.3465395,0.00000000356,0.01430220735
-19.6905613,12.5849104,-9.36896324,0.00000000357,0.01434776996
-19.6232357,12.5761013,-9.30507851,0.00000000357,0.0143421279
-19.6232357,12.5761013,-9.36896324,0.00000000357,0.01435964449
-19.2427158,12.2416391,-6.94078302,0.00000000342,0.01374188957
-19.2427158,12.2416391,-6.87687111,0.0000000034,0.01367656875
-19.306612,12.2416391,-6.94078302,0.00000000341,0.01371338421
-17.354372,12.3274698,-4.70430994,0.0000000026,0.01043790091
-17.354372,12.3274698,-4.6403985,0.00000000232,0.00932969207
-17.354372,12.2416391,-4.6403985,0.00000000228,0.0091757027
-18.350235,12.5761013,-9.62455559,0.00000000358,0.01437880954
-18.3488903,12.5861444,-9.56067085,0.00000000358,0.01437788721
-18.2832355,12.5761013,-9.56067085,0.00000000358,0.01437810664
-18.2832355,12.5761013,-9.62455559,0.00000000358,0.01437878813
-18.919735,12.271101,-7.51587915,0.00000000352,0.01414312456
-18.919735,12.271101,-7.57976341,0.00000000353,0.01416274095
-18.8527355,12.271101,-7.57976341,0.00000000353,0.01417768583
-18.8527355,12.271101,-7.51587915,0.00000000352,0.01415815597
-18.7315235,12.6049995,-8.98557568,0.00000000357,0.01435968732
-18.6676273,12.6049995,-8.92166328,0.00000000357,0.01435029523
-18.6676273,12.6049995,-8.98557568,0.00000000357,0.01435337718
-19.8172359,12.271101,-5.66276741,0.00000000295,0.01183821676
-19.8172359,12.271101,-5.5988555,0.00000000292,0.01172176271
-19.8842354,12.271101,-5.66276741,0.00000000295,0.01184950172
-19.3064842,12.5821733,-7.70755959,0.00000000352,0.01415741558
-19.247736,12.5761013,-7.64364767,0.00000000352,0.01414742319
-19.247736,12.5761013,-7.70755959,0.00000000353,0.01416567748
-19.881712,12.6049995,-8.72998333,0.00000000354,0.01421714524
-19.8154697,12.5880909,-8.66607094,0.00000000353,0.01419564577
-19.8154697,12.5880909,-8.72998333,0.00000000354,0.01420636429
-17.354372,12.4552689,-10.1357403,0.00000000358,0.01438381912
-17.354372,12.5191689,-10.1357403,0.00000000358,0.01438387355
-17.354372,12.5191689,-10.0718555,0.00000000358,0.01438357117
-17.354372,12.4552689,-10.0718555,0.00000000358,0.014383085
-19.112957,12.2583036,-6.87687111,0.00000000342,0.01374753428
-19.112957,12.2583036,-6.94078302,0.00000000344,0.0138048546
-19.0537357,12.271101,-6.94078302,0.00000000344,0.01382847436
-19.0537357,12.271101,-6.87687111,0.00000000343,0.01377541346
-19.4344273,12.2416391,-6.3017478,0.00000000318,0.01276609041
-19.4344273,12.2416391,-6.23786354,0.00000000316,0.01267562977
-19.4983234,12.2416391,-6.3017478,0.00000000321,0.01289132552
-18.539835,12.6049995,-8.98557568,0.00000000357,0.01434123409
-18.539835,12.6049995,-8.92166328,0.00000000357,0.01433674279
-18.4759388,12.6049995,-8.92166328,0.00000000357,0.01433385712
-18.4759388,12.6049995,-8.98557568,0.00000000357,0.01433865081
-20.0182362,12.271101,-5.02378654,0.000000003,0.01203635578
-20.0093651,12.2641888,-4.95990229,0.00000000297,0.01192611103
-20.0733891,12.2647705,-5.02378654,0.00000000301,0.01207409711
-18.9232349,12.6049995,-8.3465395,0.00000000356,0.0143143647
-18.8593273,12.6049995,-8.28265572,0.00000000356,0.01431706304
-18.8593273,12.6049995,-8.3465395,0.00000000357,0.01432225371
-19.4892349,12.5761013,-7.0685792,0.0000000033,0.01327058825
-19.4344749,12.5822334,-7.00469446,0.00000000336,0.01350351781
-19.4344749,12.5822334,-7.0685792,0.00000000337,0.01355544676
-17.4537582,12.2639217,-8.72998333,0.00000000357,0.0143418407
-17.5127354,12.271101,-8.79389477,0.00000000357,0.01434127069
-17.4537582,12.2639217,-8.79389477,0.00000000357,0.01434617324
-20.0734119,12.6049995,-8.09094715,0.00000000353,0.01418552937
-20.0095158,12.6049995,-8.02706337,0.00000000352,0.0141359536
-20.0095158,12.6049995,-8.09094715,0.00000000352,0.01415039627
-19.6905613,12.5849104,-6.42954397,0.00000000318,0.01275823081
-19.6232357,12.5761013,-6.36563206,0.00000000254,0.01019515375
-19.6232357,12.5761013,-6.42954397,0.00000000266,0.010699533
-19.306612,12.2416391,-6.23786354,0.00000000312,0.01251820525
-19.306612,12.2416391,-6.3017478,0.00000000316,0.01267656014
-19.2427158,12.2416391,-6.3017478,0.00000000317,0.01275061923
-19.2427158,12.2416391,-6.23786354,0.00000000313,0.01258519324
-17.354372,12.4552689,-9.49675941,0.00000000358,0.01436928991
-17.354372,12.5191689,-9.49675941,0.00000000358,0.01436813385
-17.354372,12.5191689,-9.43284798,0.00000000358,0.01436768962
-17.354372,12.4552689,-9.43284798,0.00000000358,0.01436866462
-17.6458168,12.2611351,-8.09094715,0.00000000354,0.0142387696
-17.7104721,12.2576952,-8.15483189,0.00000000355,0.01425115261
-17.6458168,12.2611351,-8.15483189,0.00000000355,0.01425192063
-19.6261158,12.2416391,-5.66276741,0.00000000298,0.0119727289
-19.6261158,12.2416391,-5.5988555,0.00000000295,0.01186743129
-19.6921558,12.2585497,-5.66276741,0.00000000294,0.0118170304
-18.7315235,12.6049995,-8.3465395,0.00000000357,0.01432238307
-18.7315235,12.6049995,-8.28265572,0.00000000356,0.01431660989
-18.6676273,12.6049995,-8.28265572,0.00000000356,0.01430025651
-18.6676273,12.6049995,-8.3465395,0.00000000356,0.01430729542
-19.881712,12.6049995,-5.79056358,0.00000000285,0.01144563974
-19.8154697,12.5880909,-5.72667885,0.00000000202,0.00811719991
-19.8154697,12.5880909,-5.79056358,0.00000000218,0.00877492624
-19.1137352,12.5761013,-7.70755959,0.00000000353,0.01419121067
-19.0507355,12.5761013,-7.64364767,0.00000000353,0.01419075571
-19.0507355,12.5761013,-7.70755959,0.00000000354,0.01420503428
-17.8369198,12.2416391,-7.45196772,0.00000000351,0.01408787194
-17.9008274,12.2416391,-7.51587915,0.00000000352,0.01413984724
-17.8369198,12.2416391,-7.51587915,0.00000000351,0.01411202427
-17.4537582,12.2639217,-5.85444784,0.00000000324,0.01301546435
-17.4537582,12.2639217,-5.79056358,0.00000000323,0.01297133254
-17.5127354,12.271101,-5.85444784,0.00000000312,0.01254772842
-18.0286198,12.2416391,-6.81298685,0.00000000339,0.0136344895
-18.0925274,12.2416391,-6.87687111,0.00000000341,0.01369908243
-18.0286198,12.2416391,-6.87687111,0.00000000342,0.01371931969
-17.5174274,12.6049995,-8.92166328,0.00000000357,0.01433527543
-17.4535313,12.6049995,-8.85777855,0.00000000357,0.01434080685
-17.4535313,12.6049995,-8.92166328,0.00000000357,0.01434381918
-19.8172359,12.271101,-5.02378654,0.00000000279,0.01121587685
-19.8172359,12.271101,-4.95990229,0.0000000028,0.01125214459
-19.8842354,12.271101,-5.02378654,0.00000000288,0.01156931473
-20.0734119,12.6049995,-5.15158319,5.63E-10,0.0022623571
-20.0095158,12.6049995,-5.08767128,0.00000000103,0.00415673373
-20.0095158,12.6049995,-5.15158319,0.00000000142,0.00570540674
-19.4983234,12.2416391,-5.5988555,0.00000000301,0.01210588247
-19.4983234,12.2416391,-5.66276741,0.00000000303,0.01218673336
-19.4344273,12.2416391,-5.66276741,0.00000000296,0.01188417274
-19.4344273,12.2416391,-5.5988555,0.00000000294,0.01181929435
-19.3064842,12.5821724,-7.0685792,0.00000000346,0.0138875332
-19.247736,12.5761013,-7.00469446,0.00000000345,0.01386656005
-19.247736,12.5761013,-7.0685792,0.00000000346,0.01390271896
-17.4204388,12.5149755,-7.32417107,0.00000000353,0.01418626618
-17.4204388,12.5149755,-7.26028681,0.00000000353,0.01417091543
-17.354372,12.5191689,-7.26028681,0.00000000353,0.01419406155
-17.354372,12.5191689,-7.32417107,0.00000000354,0.01420798599
-18.9232349,12.6049995,-7.70755959,0.00000000354,0.01423144522
-18.9232349,12.6049995,-7.64364767,0.00000000354,0.01421892213
-18.8593273,12.6049995,-7.64364767,0.00000000354,0.01423181272
-18.8593273,12.6049995,-7.70755959,0.00000000355,0.01424390138
-17.6458168,12.2611341,-5.21549463,0.00000000294,0.0118255055
-17.6458168,12.2611341,-5.15158319,0.00000000296,0.01189731217
-17.7104721,12.2576962,-5.21549463,0.00000000286,0.01150709366
-18.2203312,12.2416391,-6.1739521,0.00000000315,0.01266768187
-18.3150311,12.2511892,-6.23786354,0.00000000313,0.01256446984
-18.2203312,12.2416391,-6.23786354,0.00000000318,0.01276640171
-19.4892349,12.5761013,-6.42954397,0.00000000234,0.00941453564
-19.4344749,12.5822334,-6.36563206,0.00000000218,0.00874717996
-19.4344749,12.5822334,-6.42954397,0.00000000222,0.00891553267
-17.7085209,12.5854769,-8.28265572,0.00000000354,0.01424023696
-17.6438637,12.5888662,-8.21874428,0.00000000354,0.01424030027
-17.6438637,12.5888662,-8.28265572,0.00000000355,0.01424963527
-19.6905613,12.5849104,-5.79056358,0.00000000196,0.00788820862
-19.6232357,12.5761013,-5.72667885,0.00000000201,0.00806677849
-19.6232357,12.5761013,-5.79056358,0.00000000204,0.00819297787
-19.6921558,12.2585497,-4.95990229,0.00000000266,0.01067668834
-19.6921558,12.2585497,-5.02378654,0.00000000266,0.0106681196
-19.6261158,12.2416391,-5.02378654,0.00000000264,0.01061649308
-19.6261158,12.2416391,-4.95990229,0.0000000026,0.01045888476
-19.2427158,12.2416391,-9.88014793,0.00000000358,0.01438354084
-19.2427158,12.2416391,-9.8162632,0.00000000358,0.01438273445
-19.306612,12.2416391,-9.88014793,0.00000000358,0.01438407695
-19.1137352,12.5761013,-7.0685792,0.00000000348,0.01396423443
-19.1137352,12.5761013,-7.00469446,0.00000000347,0.01393240094
-19.0507355,12.5761013,-7.00469446,0.00000000348,0.0139679256
-19.0507355,12.5761013,-7.0685792,0.00000000348,0.01399794653
-17.8369198,12.2416391,-4.57648659,0.00000000251,0.0100700801
-17.8369198,12.2416391,-4.49365044,0.00000000256,0.01028881052
-17.9008274,12.2416391,-4.49365044,0.00000000252,0.01013721621
-17.9008274,12.2416391,-4.57648659,0.00000000245,0.00984680668
-18.6037312,12.3274698,-4.49365044,0.00000000239,0.00961238831
-18.539835,12.3274698,-4.49365044,0.0000000024,0.0096584763
-18.539835,12.3913698,-4.49365044,0.00000000225,0.00903031062
-18.6037312,12.3913698,-4.49365044,0.00000000224,0.0090183647
-19.881712,12.6049995,-5.15158319,0.00000000147,0.00590201951
-19.8154697,12.5880909,-5.08767128,0.00000000147,0.00588994961
-19.8154697,12.5880909,-5.15158319,0.0000000015,0.00603521325
-17.9006729,12.5823336,-7.64364767,0.0000000035,0.01404694517
-17.8407364,12.5761013,-7.57976341,0.0000000035,0.01404482665
-17.8407364,12.5761013,-7.64364767,0.0000000035,0.01406608704
-18.411478,12.2614508,-5.53497124,0.00000000265,0.01064053658
-18.4772358,12.271101,-5.5988555,0.0000000027,0.01084062287
-18.411478,12.2614508,-5.5988555,0.00000000269,0.01080133922
-19.3064842,12.5821724,-6.42954397,0.00000000319,0.01279781688
-19.3064842,12.5821724,-6.36563206,0.00000000301,0.01209161551
-19.247736,12.5761013,-6.36563206,0.00000000328,0.01316937342
-19.247736,12.5761013,-6.42954397,0.00000000332,0.01331901335
-19.4344273,12.2416391,-9.24116707,0.00000000358,0.01436253378
-19.4344273,12.2416391,-9.17725563,0.00000000357,0.01436083892
-19.4983234,12.2416391,-9.24116707,0.00000000357,0.01435979169
-17.4537582,12.2639217,-5.21549463,0.00000000314,0.01260214966
-17.4537582,12.2639217,-5.15158319,0.00000000312,0.01253319026
-17.5127354,12.271101,-5.21549463,0.00000000311,0.01247560503
-19.4892349,12.5761013,-5.79056358,0.00000000209,0.00840457123
-19.4892349,12.5761013,-5.72667885,0.00000000205,0.00824821085
-19.4344749,12.5822334,-5.72667885,0.00000000205,0.00825267632
-19.4344749,12.5822334,-5.79056358,0.00000000208,0.00834732853
-18.348135,12.3913698,-4.49365044,0.00000000219,0.00880374205
-18.4120426,12.3913698,-4.49365044,0.00000000222,0.00893820691
-18.4120426,12.3274698,-4.49365044,0.00000000241,0.00969379403
-18.348135,12.3274698,-4.49365044,0.00000000241,0.00966169472
-20.0095158,12.2416391,-10.2635365,0.00000000358,0.01437958472
-20.0095158,12.2416391,-10.1996241,0.00000000358,0.01437555545
-20.0734119,12.2416391,-10.2635365,0.00000000358,0.01437912442
-17.5174274,12.6049995,-5.98227119,0.00000000332,0.01334235836
-17.4535313,12.6049995,-5.91835976,0.0000000033,0.01327489761
-17.4535313,12.6049995,-5.98227119,0.00000000333,0.01336230927
-17.354372,12.4552689,-9.1133709,0.00000000358,0.01436216981
-17.354372,12.5191689,-9.1133709,0.00000000358,0.01436211003
-17.354372,12.5191689,-9.04948616,0.00000000357,0.01436045623
-17.354372,12.4552689,-9.04948616,0.00000000357,0.01436028766
-19.6905537,12.5848904,-5.15158319,0.00000000163,0.00655861743
-19.6905537,12.5848904,-5.08767128,0.00000000157,0.00630076843
-19.6232357,12.5761013,-5.08767128,0.00000000153,0.00614920892
-19.6232357,12.5761013,-5.15158319,0.00000000162,0.00650980434
-19.0537357,12.271101,-9.88014793,0.00000000358,0.01438101464
-19.0537357,12.271101,-9.8162632,0.00000000358,0.01438098965
-19.112957,12.2583036,-9.88014793,0.00000000358,0.01438194232
-18.6036892,12.2529459,-4.89599085,0.00000000278,0.01117416157
-18.678236,12.271101,-4.95990229,0.00000000283,0.01137252982
-18.6035767,12.2643843,-4.95990229,0.00000000283,0.01137935019
-17.709116,12.2416391,-4.57648659,0.00000000265,0.01063504529
-17.6452198,12.2416391,-4.57648659,0.00000000271,0.01088560562
-17.6452198,12.2416391,-4.49365044,0.0000000027,0.01086035343
-17.709116,12.2416391,-4.49365044,0.00000000266,0.0106844864
-18.0822353,12.5761013,-7.00469446,0.00000000296,0.01187951906
-18.028635,12.5822058,-6.94078302,0.00000000324,0.01302988115
-18.028635,12.5822058,-7.00469446,0.00000000332,0.01333772075
-19.6261158,12.2416391,-8.6021595,0.00000000356,0.0143161193
-19.6261158,12.2416391,-8.53824806,0.00000000356,0.01430977257
-19.6921558,12.2585497,-8.6021595,0.00000000356,0.0143096236
-20.1725159,12.3913698,-7.13246346,0.00000000348,0.01397040544
-20.1725159,12.3274698,-7.13246346,0.00000000348,0.01398393917
-20.1725159,12.3274698,-7.0685792,0.00000000347,0.01395615094
-20.1725159,12.3913698,-7.0685792,0.00000000347,0.01394282596
-17.9563332,12.1357698,-4.76441097,0.00000000208,0.00835983374
-17.9563332,12.0718699,-4.76441193,0.00000000207,0.00833262983
-17.9549236,12.0718699,-4.8368144,0.00000000227,0.00910374972
-17.9549236,12.1357698,-4.83681679,0.00000000228,0.00914082474
-17.7085209,12.5854769,-5.34326315,0.00000000163,0.00655257312
-17.6438637,12.5888662,-5.27937889,0.00000000154,0.00619689805
-17.6438637,12.5888662,-5.34326315,0.00000000158,0.00635039237
-19.2427158,12.2416391,-9.24116707,0.00000000358,0.01436914364
-19.2427158,12.2416391,-9.17725563,0.00000000358,0.01436733907
-19.306612,12.2416391,-9.24116707,0.00000000358,0.01436780648
-18.919735,12.271101,-9.8162632,0.00000000358,0.01437921453
-18.919735,12.271101,-9.88014793,0.00000000358,0.01437920649
-18.8595886,12.2637415,-9.88014793,0.00000000358,0.01437850893
-18.8527355,12.271101,-9.8162632,0.00000000358,0.01437854999
-18.2832355,12.5761013,-6.36563206,0.00000000278,0.01117153811
-18.2162361,12.5761013,-6.3017478,0.00000000209,0.00840765941
-18.2162361,12.5761013,-6.36563206,0.00000000218,0.00875172035
-17.5174274,12.2416391,-4.57648659,0.00000000277,0.01112007216
-17.4535313,12.2416391,-4.57648659,0.00000000264,0.01061500431
-17.4535313,12.2416391,-4.49365044,0.00000000262,0.0105194877
-17.5174274,12.2416391,-4.49365044,0.00000000272,0.01094481078
-19.8172359,12.271101,-7.96315193,0.00000000352,0.0141387929
-19.8172359,12.271101,-7.89924002,0.00000000351,0.01411142661
-19.8842354,12.271101,-7.96315193,0.00000000352,0.01412644376
-19.306612,12.6049995,-10.0079441,0.00000000358,0.01438330535
-19.2426281,12.5941477,-9.94403172,0.00000000358,0.01438377722
-19.2427158,12.6049995,-10.0079441,0.00000000358,0.01438445068
-17.354372,12.3274698,-6.94078302,0.00000000349,0.01403072826
-17.354372,12.2416391,-6.94078302,0.0000000035,0.01405153016
-17.354372,12.3274698,-7.00469446,0.0000000035,0.0140566343
-19.4344273,12.2416391,-8.6021595,0.00000000357,0.01434382095
-19.4344273,12.2416391,-8.53824806,0.00000000357,0.0143407114
-19.4983234,12.2416391,-8.6021595,0.00000000357,0.014337377
-17.9008274,12.6049995,-4.70430994,0.0000000019,0.00764239028
-17.8369198,12.6049995,-4.6403985,0.0000000019,0.00764604132
-17.8369198,12.6049995,-4.70430994,0.00000000184,0.00738246418
-19.112957,12.2583036,-9.17725563,0.00000000358,0.0143686191
-19.112957,12.2583036,-9.24116707,0.00000000358,0.01437087148
-19.0537357,12.271101,-9.24116707,0.00000000358,0.01437123722
-19.0537357,12.271101,-9.17725563,0.00000000358,0.01436883768
-18.4759388,12.6049995,-5.72667885,0.00000000267,0.01071355462
-18.4102535,12.5883722,-5.66276741,0.00000000189,0.00759019551
-18.4102535,12.5883722,-5.72667885,0.00000000207,0.00832224226
-17.5174274,12.6049995,-5.34326315,0.00000000243,0.00977545935
-17.4535313,12.6049995,-5.27937889,0.00000000167,0.00671200561
-17.4535313,12.6049995,-5.34326315,0.00000000193,0.00773450022
-19.8178043,12.4552689,-4.49365044,0.00000000222,0.00891686621
-19.7539082,12.4552689,-4.49365044,0.00000000215,0.00865641159
-19.7539082,12.5191689,-4.49365044,0.00000000216,0.00866328371
-19.8178043,12.5191689,-4.49365044,0.00000000219,0.0088075697
-20.0182362,12.271101,-7.32417107,0.00000000345,0.01386808007
-20.0182362,12.271101,-7.26028681,0.00000000345,0.01384585091
-20.0733891,12.2647629,-7.32417107,0.00000000347,0.01392789176
-20.1725159,12.3913698,-6.49345541,0.00000000339,0.01362961821
-20.1725159,12.3274698,-6.49345541,0.00000000339,0.01361599884
-20.1725159,12.3274698,-6.42954397,0.00000000338,0.01356450075
-20.1725159,12.3913698,-6.42954397,0.00000000338,0.01358676197
-19.306612,12.2416391,-8.53824806,0.00000000357,0.01433700685
-19.306612,12.2416391,-8.6021595,0.00000000357,0.01434199055
-19.2427158,12.2416391,-8.6021595,0.00000000357,0.01433811381
-19.2427158,12.2416391,-8.53824806,0.00000000357,0.01433242363
-19.4892349,12.5761013,-9.36896324,0.00000000358,0.01436233395
-19.4344749,12.5822334,-9.30507851,0.00000000358,0.01436513132
-19.4344749,12.5822334,-9.36896324,0.00000000358,0.01436558178
-18.6676273,12.6049995,-5.08767128,0.0000000018,0.00722006884
-18.6037312,12.6049995,-5.02378654,0.00000000142,0.00570770371
-18.6037312,12.6049995,-5.08767128,0.0000000015,0.00604234316
-19.6261158,12.2416391,-7.96315193,0.00000000354,0.01421604269
-19.6261158,12.2416391,-7.89924002,0.00000000353,0.01419045779
-19.6921558,12.2585497,-7.96315193,0.00000000353,0.01418622336
-19.5622196,12.5191689,-4.49365044,0.00000000205,0.00822301756
-19.6261158,12.5191689,-4.49365044,0.0000000021,0.00843837344
-19.6261158,12.4552689,-4.49365044,0.0000000021,0.00845140942
-19.5622196,12.4552689,-4.49365044,0.00000000212,0.00853251453
-18.0925274,12.4552689,-10.346241,0.00000000358,0.01438736402
-18.0925274,12.3913698,-10.346241,0.00000000358,0.0143877351
-18.156435,12.3913698,-10.346241,0.00000000358,0.01438726235
-18.156435,12.4552689,-10.346241,0.00000000358,0.0143868431
-19.1149235,12.6049995,-10.0079441,0.00000000358,0.01438361753
-19.0506458,12.5967369,-9.94403172,0.00000000358,0.01438314031
-19.0510273,12.6049995,-10.0079441,0.00000000358,0.01438351943
-19.6905613,12.5849104,-8.72998333,0.00000000353,0.01416758104
-19.6232357,12.5761013,-8.66607094,0.0000000035,0.01407726048
-19.6232357,12.5761013,-8.72998333,0.00000000351,0.01408181959
-17.709116,12.6049995,-4.70430994,0.00000000181,0.00727074403
-17.6452198,12.6049995,-4.6403985,0.0000000019,0.00762064013
-17.6452198,12.6049995,-4.70430994,0.00000000183,0.00735833238
-19.5705547,12.7108688,-10.0755033,0.00000000358,0.01439174384
-19.5705547,12.7747688,-10.0755043,0.00000000358,0.01439174384
-19.5404148,12.7747688,-10.1135435,0.00000000358,0.01439174384
-19.5404148,12.7108688,-10.1135435,0.00000000358,0.01439174384
-17.354372,12.3274698,-6.3017478,0.0000000034,0.01366998207
-17.354372,12.2416391,-6.3017478,0.0000000034,0.01366516516
-17.354372,12.3274698,-6.36563206,0.00000000341,0.01371446266
-19.4983234,12.2416391,-7.89924002,0.00000000355,0.01426292012
-19.4983234,12.2416391,-7.96315193,0.00000000355,0.01427860631
-19.4344273,12.2416391,-7.96315193,0.00000000356,0.01428674866
-19.4344273,12.2416391,-7.89924002,0.00000000355,0.01427507032
-17.9008274,12.4552689,-10.346241,0.00000000358,0.01438514109
-17.9008274,12.3913698,-10.346241,0.00000000358,0.01438573609
-17.9647236,12.3913698,-10.346241,0.00000000358,0.01438669767
-17.9647236,12.4552689,-10.346241,0.00000000358,0.01438627309
-18.9232349,12.6049995,-10.0079441,0.00000000358,0.01438365232
-18.9232349,12.6049995,-9.94403172,0.00000000358,0.01438313586
-18.8593273,12.6049995,-9.94403172,0.00000000358,0.0143834445
-18.8593273,12.6049995,-10.0079441,0.00000000358,0.01438400556
-17.8369198,12.2416391,-9.75235176,0.00000000358,0.01438070065
-17.9008274,12.2416391,-9.8162632,0.00000000358,0.01438234907
-17.8369198,12.2416391,-9.8162632,0.00000000358,0.01438185759
-20.1725159,12.3913698,-5.85444784,0.00000000326,0.01311589062
-20.1725159,12.3274698,-5.85444784,0.00000000325,0.01304151043
-20.1725159,12.3274698,-5.79056358,0.00000000323,0.01298254169
-20.1725159,12.3913698,-5.79056358,0.00000000325,0.01305755698
-19.881712,12.6049995,-8.09094715,0.00000000351,0.01408504424
-19.8154697,12.5880909,-8.02706337,0.0000000035,0.01405058015
-19.8154697,12.5880909,-8.09094715,0.0000000035,0.01406819934
-19.8172359,12.271101,-7.32417107,0.00000000345,0.01387235283
-19.8172359,12.271101,-7.26028681,0.00000000345,0.0138538434
-19.8842354,12.271101,-7.32417107,0.00000000345,0.01385647132
-17.5174274,12.6049995,-4.70430994,0.00000000191,0.0076834544
-17.5174274,12.6049995,-4.6403985,0.00000000205,0.00823868764
-17.4535313,12.6049995,-4.6403985,0.0000000021,0.00845167167
-17.4535313,12.6049995,-4.70430994,0.00000000197,0.00789762566
-18.0286198,12.2416391,-9.1133709,0.00000000358,0.01436599392
-18.0925274,12.2416391,-9.17725563,0.00000000358,0.01436811244
-18.0286198,12.2416391,-9.17725563,0.00000000358,0.01436742649
-19.3064842,12.5821724,-9.36896324,0.00000000358,0.01437720126
-19.247736,12.5761013,-9.30507851,0.00000000358,0.0143715735
-19.247736,12.5761013,-9.36896324,0.00000000358,0.01437597293
-17.4204388,12.5149755,-9.62455559,0.00000000358,0.01437460548
-17.4204388,12.5149755,-9.56067085,0.00000000358,0.01437152176
-17.354372,12.5191689,-9.56067085,0.00000000358,0.01436869049
-17.354372,12.5191689,-9.62455559,0.00000000358,0.01437133355
-18.2203312,12.2416391,-8.47433662,0.00000000357,0.01432390928
-18.3150311,12.2511892,-8.53824806,0.00000000357,0.01432185231
-18.2203312,12.2416391,-8.53824806,0.00000000357,0.01433059945
-17.4537582,12.2639217,-8.15483189,0.00000000355,0.01427851797
-17.4537582,12.2639217,-8.09094715,0.00000000355,0.01426780572
-17.5127354,12.271101,-8.15483189,0.00000000355,0.01426158565
-19.6921558,12.2585497,-7.26028681,0.00000000346,0.01389537943
-19.6921558,12.2585497,-7.32417107,0.00000000346,0.01391596456
-19.6261158,12.2416391,-7.32417107,0.00000000347,0.01394349407
-19.6261158,12.2416391,-7.26028681,0.00000000346,0.01391798856
-20.0182362,12.271101,-6.68519068,0.00000000335,0.01347468505
-20.0182362,12.271101,-6.62127876,0.00000000334,0.01339791605
-20.0733891,12.2647629,-6.68519068,0.00000000338,0.0135645275
-20.0734119,12.6049995,-7.45196772,0.00000000349,0.01403551664
-20.0095158,12.6049995,-7.3880558,0.00000000348,0.01397062306
-20.0095158,12.6049995,-7.45196772,0.00000000348,0.01399209043
-19.1137352,12.5761013,-9.36896324,0.00000000358,0.01436875649
-19.1137352,12.5761013,-9.30507851,0.00000000358,0.01436258102
-19.0507355,12.5761013,-9.30507851,0.00000000358,0.01436243921
-19.0507355,12.5761013,-9.36896324,0.00000000358,0.0143666317
-17.354372,12.3274698,-5.72667885,0.00000000328,0.01318682047
-17.354372,12.3274698,-5.66276741,0.00000000327,0.01312737713
-17.354372,12.2416391,-5.66276741,0.00000000324,0.01302407857
-19.4892349,12.5761013,-8.72998333,0.00000000356,0.0143198729
-19.4344749,12.5822334,-8.66607094,0.00000000357,0.01434295394
-19.4344749,12.5822334,-8.72998333,0.00000000357,0.01434907409
-17.6458168,12.2611341,-7.51587915,0.00000000351,0.01408239314
-17.6458168,12.2611341,-7.45196772,0.0000000035,0.01405952535
-17.7104721,12.2576952,-7.51587915,0.00000000351,0.01408462411
-17.9007854,12.5937319,-9.94403172,0.00000000358,0.01438041518
-17.8407364,12.5761013,-9.88014793,0.00000000358,0.01438071849
-17.8368187,12.5943108,-9.94403172,0.00000000358,0.01438172289
-18.411478,12.2614508,-7.83535576,0.00000000353,0.01416190158
-18.4772358,12.271101,-7.89924002,0.00000000353,0.01417457001
-18.411478,12.2614508,-7.89924002,0.00000000353,0.01418137524
-19.6905613,12.5849104,-8.09094715,0.00000000349,0.01402571692
-19.6232357,12.5761013,-8.02706337,0.00000000347,0.0139467241
-19.6232357,12.5761013,-8.09094715,0.00000000348,0.01396027743
-17.8369198,12.2416391,-6.87687111,0.00000000342,0.01373563295
-17.8369198,12.2416391,-6.81298685,0.0000000034,0.01367026308
-17.9008274,12.2416391,-6.87687111,0.00000000342,0.01372381726
-19.8842354,12.271101,-6.62127876,0.00000000332,0.01334571594
-19.8842354,12.271101,-6.68519068,0.00000000334,0.0134373246
-19.8172359,12.271101,-6.68519068,0.00000000334,0.01343236138
-19.8172359,12.271101,-6.62127876,0.00000000332,0.01333000211
-19.3064842,12.5821724,-8.72998333,0.00000000356,0.01432013069
-19.3064842,12.5821724,-8.66607094,0.00000000356,0.01431313103
-19.247736,12.5761013,-8.66607094,0.00000000356,0.01431917803
-19.247736,12.5761013,-8.72998333,0.00000000357,0.01432355339
-18.0286198,12.2416391,-6.23786354,0.00000000325,0.01303917421
-18.0286198,12.2416391,-6.1739521,0.00000000323,0.01297654732
-18.0925274,12.2416391,-6.23786354,0.00000000326,0.0131008699
-19.881712,12.6049995,-7.45196772,0.00000000346,0.01389915087
-19.8154697,12.5880909,-7.3880558,0.00000000345,0.01384761
-19.8154697,12.5880909,-7.45196772,0.00000000345,0.01387437948
-17.5174274,12.6049995,-8.28265572,0.00000000356,0.01428713669
-17.4535313,12.6049995,-8.21874428,0.00000000356,0.01429698188
-17.4535313,12.6049995,-8.28265572,0.00000000356,0.01430283622
-18.6035748,12.2643738,-7.19637537,0.00000000344,0.01381327526
-18.678236,12.271101,-7.26028681,0.00000000345,0.01386238181
-18.6035748,12.2643738,-7.26028681,0.00000000345,0.01385892436
-18.0822353,12.5761013,-9.30507851,0.00000000358,0.0143715396
-18.028635,12.5822058,-9.24116707,0.00000000358,0.0143710936
-18.028635,12.5822058,-9.30507851,0.00000000358,0.01437177867
-20.0733891,12.2647629,-5.98227119,0.0000000032,0.01284377728
-20.0733891,12.2647629,-6.04615545,0.00000000321,0.0129043294
-20.0182362,12.271101,-6.04615545,0.00000000314,0.01261451214
-20.0182362,12.271101,-5.98227119,0.00000000312,0.01253099143
-17.4204388,12.5149765,-6.68519068,0.00000000348,0.01396789351
-17.4204388,12.5149765,-6.62127876,0.00000000347,0.01393593066
-17.354372,12.5191689,-6.62127876,0.00000000348,0.01398152087
-17.354372,12.5191689,-6.68519068,0.00000000349,0.01401079875
-19.3705196,12.6049995,-10.346241,0.00000000358,0.01438651838
-19.306612,12.6049995,-10.346241,0.00000000358,0.01438630607
-19.306612,12.5191689,-10.346241,0.00000000358,0.01438635962
-19.3705196,12.5191689,-10.346241,0.00000000358,0.01438663348
-19.4892349,12.5761013,-8.09094715,0.00000000352,0.01416023793
-19.4892349,12.5761013,-8.02706337,0.00000000351,0.01408075364
-19.4344749,12.5822334,-8.02706337,0.00000000354,0.0142062733
-19.4344749,12.5822334,-8.09094715,0.00000000354,0.01423133105
-17.4537582,12.2639217,-7.51587915,0.00000000352,0.01412372401
-17.4537582,12.2639217,-7.45196772,0.00000000351,0.01410156089
-17.5127354,12.271101,-7.51587915,0.00000000351,0.01408622975
-20.1725159,12.3913698,-9.43284798,0.00000000357,0.01435058428
-20.1725159,12.3274698,-9.43284798,0.00000000357,0.01435567412
-20.1725159,12.3274698,-9.36896324,0.00000000357,0.0143536974
-20.1725159,12.3913698,-9.36896324,0.00000000357,0.01434782435
-20.0734119,12.6049995,-6.81298685,0.00000000342,0.01372740584
-20.0095158,12.6049995,-6.74910259,0.00000000339,0.01361772756
-20.0095158,12.6049995,-6.81298685,0.0000000034,0.01365910213
-18.2203312,12.2416391,-5.5988555,0.00000000296,0.0118831924
-18.2203312,12.2416391,-5.53497124,0.00000000294,0.01181810708
-18.3150311,12.2511892,-5.5988555,0.00000000282,0.01132582545
-19.6905613,12.5849104,-7.45196772,0.00000000344,0.01382465921
-19.6905613,12.5849104,-7.3880558,0.00000000343,0.01379535545
-19.6232357,12.5761013,-7.3880558,0.00000000342,0.01372821223
-19.6232357,12.5761013,-7.45196772,0.00000000342,0.01375849186
-17.7085209,12.5854769,-7.64364767,0.00000000351,0.01410227541
-17.6438637,12.5888662,-7.57976341,0.00000000351,0.01410517626
-17.6438637,12.5888662,-7.64364767,0.00000000352,0.01412279007
-18.7857361,12.271101,-6.55736732,0.00000000336,0.01351584108
-18.8527355,12.271101,-6.62127876,0.0000000034,0.01365537705
-18.7857361,12.271101,-6.62127876,0.00000000338,0.01357120072
-20.1725159,12.3274698,-5.40717506,0.00000000313,0.01256844202
-20.1725159,12.3913698,-5.40717506,0.00000000313,0.01258506746
-20.1725159,12.3913698,-5.47108698,0.00000000316,0.01269125707
-20.1725159,12.3274698,-5.47108698,0.00000000315,0.01265098862
-17.6458168,12.2611341,-6.87687111,0.00000000343,0.01377047615
-17.6458168,12.2611341,-6.81298685,0.00000000342,0.01372525429
-17.7104721,12.2576952,-6.87687111,0.00000000342,0.013756219
-19.1788197,12.6049995,-10.346241,0.00000000358,0.01438538374
-19.1149235,12.6049995,-10.346241,0.00000000358,0.01438511434
-19.1149235,12.5191689,-10.346241,0.00000000358,0.01438523923
-19.1788197,12.5191689,-10.346241,0.00000000358,0.01438544797
-18.2832355,12.5761013,-8.66607094,0.00000000356,0.01430091301
-18.2162361,12.5761013,-8.6021595,0.00000000355,0.01428012184
-18.2162361,12.5761013,-8.66607094,0.00000000356,0.0142877807
-19.881712,12.6049995,-6.81298685,0.00000000336,0.01350462659
-19.881712,12.6049995,-6.74910259,0.00000000335,0.01345771617
-19.8154697,12.5880909,-6.74910259,0.00000000334,0.01342011308
-19.8154697,12.5880909,-6.81298685,0.00000000335,0.01346748825
-19.8178043,12.2416391,-10.2635365,0.00000000358,0.01438279688
-19.8178043,12.2416391,-10.1996241,0.00000000358,0.01437998613
-19.881712,12.2416391,-10.2635365,0.00000000358,0.01438162298
-17.8369198,12.2416391,-6.1739521,0.00000000314,0.01262429226
-17.9008274,12.2416391,-6.23786354,0.00000000317,0.01272024502
-17.8369198,12.2416391,-6.23786354,0.00000000317,0.01273185289
-17.4537582,12.2639217,-6.81298685,0.00000000344,0.01381290595
-17.5127354,12.271101,-6.81298685,0.00000000342,0.01374849409
-17.5127354,12.271101,-6.87687111,0.00000000343,0.01378585458
-17.4537582,12.2639217,-6.87687111,0.00000000345,0.01384665372
-18.4759388,12.6049995,-8.02706337,0.00000000354,0.0142024974
-18.4102535,12.5883722,-7.96315193,0.00000000353,0.01418009163
-18.4102535,12.5883722,-8.02706337,0.00000000353,0.01419697401
-18.9876461,12.2619915,-5.91835976,0.00000000308,0.012359481
-19.0537357,12.271101,-5.98227119,0.00000000307,0.01232402234
-18.9876461,12.2619915,-5.98227119,0.00000000312,0.01252432894
-18.4118176,12.2511053,-4.89599085,0.00000000272,0.01094338355
-18.4772358,12.271101,-4.95990229,0.0000000028,0.01124504056
-18.4114704,12.2614346,-4.95990229,0.0000000027,0.01085390595
-17.9006729,12.5823336,-7.00469446,0.00000000343,0.01376481626
-17.8407364,12.5761013,-6.94078302,0.00000000343,0.013760622
-17.8407364,12.5761013,-7.00469446,0.00000000343,0.0137961565
-20.0734119,12.6049995,-6.1739521,0.0000000033,0.01325104408
-20.0734119,12.6049995,-6.11004019,0.00000000328,0.01317620452
-20.0095158,12.6049995,-6.11004019,0.00000000328,0.01316505249
-20.0095158,12.6049995,-6.1739521,0.00000000329,0.01322129525
-17.354372,12.3274698,-5.34326315,0.00000000318,0.01279051568
-17.354372,12.3274698,-5.27937889,0.00000000316,0.01270375336
-17.354372,12.2416391,-5.27937889,0.00000000314,0.01260903339
-18.0286198,12.2416391,-5.53497124,0.00000000301,0.01209572862
-18.0925274,12.2416391,-5.5988555,0.00000000308,0.01237656585
-18.0286198,12.2416391,-5.5988555,0.00000000304,0.01220361217
-17.354372,12.3274698,-9.24116707,0.00000000358,0.01436893755
-17.354372,12.2416391,-9.24116707,0.00000000358,0.01437114622
-17.354372,12.3274698,-9.30507851,0.00000000358,0.0143702408
-17.5174274,12.6049995,-7.64364767,0.00000000353,0.01419353171
-17.4535313,12.6049995,-7.57976341,0.00000000354,0.01420757386
-17.4535313,12.6049995,-7.64364767,0.00000000354,0.01421976689
-17.4204388,12.5149755,-6.04615545,0.00000000337,0.01352235638
-17.4204388,12.5149755,-5.98227119,0.00000000335,0.01345172445
-17.354372,12.5191689,-5.98227119,0.00000000337,0.01355624777
-17.354372,12.5191689,-6.04615545,0.00000000339,0.01360953167
-17.6458168,12.2611341,-6.1739521,0.00000000318,0.01277380636
-17.7104721,12.2576962,-6.1739521,0.00000000316,0.01271444959
-17.7104721,12.2576962,-6.23786354,0.0000000032,0.01283695068
-17.6458168,12.2611341,-6.23786354,0.00000000321,0.01291099454
-20.0182362,12.271101,-9.56067085,0.00000000358,0.01436397972
-20.0733891,12.2647629,-9.62455559,0.00000000358,0.014362317
-20.0182362,12.271101,-9.62455559,0.00000000358,0.01436417508
-20.1725159,12.3913698,-8.79389477,0.00000000356,0.01430938811
-20.1725159,12.3274698,-8.79389477,0.00000000357,0.01432289865
-20.1725159,12.3274698,-8.72998333,0.00000000356,0.01431849119
-20.1725159,12.3913698,-8.72998333,0.00000000356,0.01430437765
-18.6676273,12.6049995,-7.3880558,0.00000000351,0.01409324548
-18.6037312,12.6049995,-7.32417107,0.00000000349,0.01400369384
-18.6037312,12.6049995,-7.3880558,0.00000000349,0.01403556211
-19.1788197,12.2416391,-5.27937889,0.00000000244,0.00981182701
-19.2427158,12.2416391,-5.34326315,0.00000000247,0.0099199264
-19.1788197,12.2416391,-5.34326315,0.00000000249,0.00999177862
-18.0822353,12.5761013,-6.36563206,0.00000000225,0.00902531085
-18.028635,12.5822058,-6.3017478,0.00000000223,0.00896918853
-18.028635,12.5822058,-6.36563206,0.00000000226,0.00907515333
-19.690012,12.2416391,-10.2635365,0.00000000358,0.0143853097
-19.6261158,12.2416391,-10.2635365,0.00000000358,0.01438644077
-19.6261158,12.2416391,-10.1996241,0.00000000358,0.01438606258
-17.8369198,12.2416391,-5.53497124,0.00000000291,0.01168037744
-17.9008274,12.2416391,-5.53497124,0.00000000289,0.0116239527
-17.9008274,12.2416391,-5.5988555,0.00000000292,0.01172342185
-17.8369198,12.2416391,-5.5988555,0.00000000293,0.01177149459
-18.4759388,12.3913698,-4.49365044,0.00000000224,0.0090091644
-18.4759388,12.4552689,-4.49365044,0.00000000206,0.00827628985
-18.539835,12.4552689,-4.49365044,0.00000000208,0.0083457764
-18.2203312,12.2416391,-4.89599085,0.00000000252,0.01012856898
-18.3150311,12.2511892,-4.95990229,0.00000000254,0.01021514392
-18.2203312,12.2416391,-4.95990229,0.00000000264,0.01060359891
-17.7085209,12.5854769,-7.00469446,0.00000000345,0.01385956127
-17.6438637,12.5888662,-6.94078302,0.00000000345,0.01386402581
-17.6438637,12.5888662,-7.00469446,0.00000000346,0.01389467295
-19.3942833,12.2416391,-4.72868443,0.00000000173,0.00694576784
-19.3705196,12.2416391,-4.6403985,0.00000000178,0.00715877372
-19.4315128,12.2416391,-4.70067167,0.00000000181,0.00726846273
-20.1065178,12.5149755,-5.66276741,0.00000000291,0.01167550165
-19.4344273,12.2416391,-10.2635365,0.00000000358,0.01438892864
-19.4344273,12.2416391,-10.1996241,0.00000000358,0.014389578
-19.4983234,12.2416391,-10.1996241,0.00000000358,0.01438899822
-19.4983234,12.2416391,-10.2635365,0.00000000358,0.0143882739
-18.8593273,12.6049995,-6.74910259,0.00000000346,0.01391200844
-18.7954197,12.6049995,-6.68519068,0.00000000345,0.01385616536
-18.7954197,12.6049995,-6.74910259,0.00000000346,0.01389617956
-18.2832355,12.5761013,-5.72667885,0.00000000167,0.0067099138
-18.2162361,12.5761013,-5.66276741,0.00000000179,0.00720905063
-18.2162361,12.5761013,-5.72667885,0.0000000018,0.00724698419
-18.0262547,12.2416391,-4.90644312,0.00000000239,0.00959176751
-18.0953598,12.2416391,-4.90501404,0.00000000244,0.00979096979
-18.0925274,12.2416391,-4.95990229,0.0000000026,0.01043877596
-18.0286198,12.2416391,-4.95990229,0.00000000255,0.01023912587
-19.8172359,12.271101,-9.56067085,0.00000000358,0.01437076265
-19.8842354,12.271101,-9.62455559,0.00000000358,0.01436966368
-19.8172359,12.271101,-9.62455559,0.00000000358,0.01437227014
-17.5174274,12.6049995,-7.00469446,0.00000000349,0.01401002627
-17.5174274,12.6049995,-6.94078302,0.00000000348,0.01398472591
-17.4535313,12.6049995,-6.94078302,0.00000000349,0.01402459119
-17.4535313,12.6049995,-7.00469446,0.0000000035,0.01404907354
-17.354372,12.3274698,-8.6021595,0.00000000357,0.01434673876
-17.354372,12.2416391,-8.6021595,0.00000000357,0.01435286068
-17.354372,12.3274698,-8.66607094,0.00000000357,0.01434988314
-17.4204388,12.5149755,-5.40717506,0.0000000023,0.00923374645
-17.4204388,12.5149755,-5.34326315,0.00000000214,0.00859244308
-17.354372,12.5191689,-5.34326315,0.00000000306,0.01231252065
-17.354372,12.5191689,-5.40717506,0.00000000312,0.01255221707
-20.1725159,12.3913698,-8.15483189,0.00000000355,0.01424148309
-20.1725159,12.3274698,-8.15483189,0.00000000355,0.01425883288
-20.1725159,12.3274698,-8.09094715,0.00000000355,0.01424921157
-20.1725159,12.3913698,-8.09094715,0.00000000354,0.01423136226
-17.9006729,12.5823336,-6.36563206,0.00000000238,0.00956602738
-17.8407364,12.5761013,-6.3017478,0.00000000273,0.01095434468
-17.8407364,12.5761013,-6.36563206,0.00000000297,0.01191390912
-18.4759388,12.6049995,-5.08767128,0.00000000152,0.00609956264
-18.4102535,12.5883722,-5.02378654,0.00000000154,0.00619309005
-18.4102535,12.5883722,-5.08767128,0.00000000159,0.00640161572
-19.0507355,12.5761013,-6.11004019,0.00000000329,0.01321359441
-18.9894543,12.5881329,-6.04615545,0.00000000329,0.01323151599
-18.9894543,12.5881329,-6.11004019,0.00000000331,0.01330693537
-20.0182362,12.271101,-8.92166328,0.00000000356,0.01431739041
-20.0733891,12.2647629,-8.98557568,0.00000000357,0.01432749878
-20.0182362,12.271101,-8.98557568,0.00000000357,0.01432294682
-19.6261158,12.2416391,-9.56067085,0.00000000358,0.01436895543
-19.6921558,12.2585497,-9.56067085,0.00000000358,0.01437033003
-19.6921558,12.2585497,-9.62455559,0.00000000358,0.01437233707
-19.6261158,12.2416391,-9.62455559,0.00000000358,0.01437094283
-17.3896351,12.6049995,-7.13246346,0.00000000351,0.0141101974
-17.4204388,12.5149755,-7.13246346,0.00000000352,0.01413657712
-17.4204388,12.5149755,-7.19637537,0.00000000352,0.01415437826
-17.3896351,12.6049995,-7.19637537,0.00000000352,0.01412968717
-17.7085209,12.5854769,-6.36563206,0.00000000335,0.01344179091
-17.7085209,12.5854769,-6.3017478,0.00000000333,0.01339508389
-17.6438637,12.5888662,-6.3017478,0.00000000334,0.01343430242
-17.6438637,12.5888662,-6.36563206,0.00000000336,0.01348659887
-20.0734119,12.6049995,-9.75235176,0.00000000358,0.01437252886
-20.0095158,12.6049995,-9.68843937,0.00000000358,0.01437011326
-20.0095158,12.6049995,-9.75235176,0.00000000358,0.01437132282
-19.247736,12.5761013,-5.47108698,0.00000000179,0.00720847214
-19.1807346,12.5761013,-5.40717506,0.00000000173,0.00693796669
-19.1807346,12.5761013,-5.47108698,0.00000000169,0.00680447904
-18.0822353,12.5761013,-5.72667885,0.00000000186,0.00748920637
-18.0286369,12.5821972,-5.66276741,0.00000000184,0.00737312026
-18.0286369,12.5821972,-5.72667885,0.00000000188,0.00754848111
-19.4344273,12.6049995,-4.83207893,0.0000000012,0.00483311533
-19.3705196,12.6049995,-4.76819468,0.00000000129,0.00519306179
-19.3705196,12.6049995,-4.83207893,0.00000000127,0.00509064499
-19.8172359,12.271101,-8.92166328,0.00000000357,0.01433227467
-19.8842354,12.271101,-8.92166328,0.00000000357,0.01432422151
-19.8842354,12.271101,-8.98557568,0.00000000357,0.01432943624
-19.8172359,12.271101,-8.98557568,0.00000000357,0.01433766693
-20.1065178,12.5149755,-5.02378654,0.0000000013,0.00520517186
-17.354372,12.3274698,-8.02706337,0.00000000356,0.0143009184
-17.354372,12.3274698,-7.96315193,0.00000000356,0.01429320687
-17.354372,12.2416391,-7.96315193,0.00000000356,0.01430455156
-17.6458168,12.2611341,-9.75235176,0.00000000358,0.014378682
-17.7104721,12.2576952,-9.8162632,0.00000000358,0.01437975598
-17.6458168,12.2611341,-9.8162632,0.00000000358,0.01437849379
-18.4759388,12.2416391,-10.1996241,0.00000000358,0.01438446229
-18.4120426,12.2416391,-10.1996241,0.00000000358,0.01438545689
-18.4120426,12.2416391,-10.1357403,0.00000000358,0.01438442481
-17.9006729,12.5823336,-5.72667885,0.00000000189,0.00759961969
-17.9006729,12.5823336,-5.66276741,0.00000000187,0.00752520383
-17.8407364,12.5761013,-5.66276741,0.00000000182,0.00731206999
-17.8407364,12.5761013,-5.72667885,0.00000000182,0.00730573041
-19.690012,12.5191689,-4.49365044,0.00000000213,0.00854759768
-19.690012,12.6049995,-4.49365044,0.00000000214,0.0085934002
-19.7539082,12.6049995,-4.49365044,0.00000000217,0.00870878031
-18.2832355,12.5761013,-5.08767128,0.00000000159,0.00639493716
-18.2162361,12.5761013,-5.02378654,0.00000000149,0.00597353094
-18.2162361,12.5761013,-5.08767128,0.00000000158,0.00633488507
-17.8369198,12.2416391,-9.1133709,0.00000000358,0.01436334728
-17.9008274,12.2416391,-9.17725563,0.00000000358,0.01436638014
-17.8369198,12.2416391,-9.17725563,0.00000000358,0.01436569595
-18.6035748,12.2643738,-9.49675941,0.00000000358,0.01437675703
-18.678236,12.271101,-9.56067085,0.00000000358,0.01437679447
-18.6035748,12.2643738,-9.56067085,0.00000000358,0.01437728868
-20.0182362,12.271101,-8.28265572,0.00000000354,0.01423339337
-20.0733891,12.2647629,-8.28265572,0.00000000355,0.01424582101
-20.0733891,12.2647629,-8.3465395,0.00000000355,0.01425616041
-20.0182362,12.271101,-8.3465395,0.00000000355,0.01424546419
-18.0286198,12.2416391,-8.47433662,0.00000000357,0.01434440169
-18.0925274,12.2416391,-8.53824806,0.00000000357,0.01434599302
-18.0286198,12.2416391,-8.53824806,0.00000000357,0.01434765398
-19.881712,12.6049995,-9.75235176,0.00000000358,0.01437105788
-19.8154697,12.5880909,-9.68843937,0.00000000358,0.01437020156
-19.8154697,12.5880909,-9.75235176,0.00000000358,0.01437108645
-17.4204388,12.5149765,-8.98557568,0.00000000357,0.0143544155
-17.4204388,12.5149765,-8.92166328,0.00000000357,0.01435216581
-17.354372,12.5191689,-8.92166328,0.00000000357,0.01435665269
-17.354372,12.5191689,-8.98557568,0.00000000357,0.01435863651
-18.2203312,12.2416391,-7.83535576,0.00000000354,0.01421469754
-18.3150311,12.2511892,-7.89924002,0.00000000354,0.01420615021
-18.2203312,12.2416391,-7.89924002,0.00000000354,0.01423041225
-18.0286198,12.4552689,-10.346241,0.00000000358,0.01438714637
-18.0925274,12.5191689,-10.346241,0.00000000358,0.01438719188
-18.0286198,12.5191689,-10.346241,0.00000000358,0.01438701793
-17.3896351,12.6049995,-6.49345541,0.00000000344,0.0138139844
-17.4204388,12.5149765,-6.49345541,0.00000000345,0.01386480276
-17.4204388,12.5149765,-6.55736732,0.00000000346,0.01390160038
-17.3896351,12.6049995,-6.55736732,0.00000000345,0.0138533778
-18.0822353,12.5761013,-5.08767128,0.00000000132,0.0053040023
-18.0822353,12.5761013,-5.02378654,0.00000000126,0.00506651363
-18.0286369,12.5822029,-5.02378654,0.00000000136,0.00545558058
-18.0286369,12.5821972,-5.08767128,0.00000000129,0.00519982644
-18.7857361,12.271101,-8.85777855,0.00000000357,0.01436094329
-18.8527355,12.271101,-8.92166328,0.00000000357,0.01435997901
-18.7857361,12.271101,-8.92166328,0.00000000358,0.01436356494
-17.7088699,12.5957155,-9.94403172,0.00000000358,0.014380681
-17.6438637,12.5888662,-9.88014793,0.00000000358,0.01438033403
-17.6447048,12.5976448,-9.94403172,0.00000000358,0.01438070776
-17.4537582,12.2639217,-9.75235176,0.00000000358,0.01437546538
-17.5127354,12.271101,-9.8162632,0.00000000358,0.01437611209
-17.4537582,12.2639217,-9.8162632,0.00000000358,0.01437524415
-20.0734119,12.6049995,-9.1133709,0.00000000356,0.01431021503
-20.0095158,12.6049995,-9.04948616,0.00000000356,0.01428950677
-20.0095158,12.6049995,-9.1133709,0.00000000356,0.01429649041
-19.6905613,12.5849104,-9.75235176,0.00000000358,0.01437086702
-19.6905613,12.5849104,-9.68843937,0.00000000358,0.01436993127
-19.6232357,12.5761013,-9.68843937,0.00000000358,0.01436939428
-19.6232357,12.5761013,-9.75235176,0.00000000358,0.0143703782
-20.1725159,12.3913698,-7.77147102,0.00000000353,0.01416866398
-20.1725159,12.3274698,-7.77147102,0.00000000353,0.01418806183
-20.1725159,12.3913698,-7.70755959,0.00000000352,0.01415363164
-17.6458168,12.2611341,-9.1133709,0.00000000357,0.01436045715
-17.7104721,12.2576962,-9.17725563,0.00000000358,0.01436383434
-17.6458168,12.2611341,-9.17725563,0.00000000358,0.01436366127
-17.9006729,12.5823336,-9.30507851,0.00000000358,0.01436816776
-17.8407364,12.5761013,-9.24116707,0.00000000357,0.01434184962
-17.8407364,12.5761013,-9.30507851,0.00000000357,0.0143569952
-18.411478,12.2614498,-7.19637537,0.00000000345,0.01384936279
-18.4772358,12.271101,-7.26028681,0.00000000346,0.01388045235
-18.411478,12.2614498,-7.26028681,0.00000000346,0.0138953616
-18.9876461,12.2619915,-8.21874428,0.00000000356,0.0142957973
-19.0537357,12.271101,-8.28265572,0.00000000356,0.0143026061
-18.9876461,12.2619915,-8.28265572,0.00000000356,0.01430452216
-18.4120426,12.6049995,-10.2635365,0.00000000358,0.01438376472
-18.4120426,12.6049995,-10.346241,0.00000000358,0.01438400468
-18.4759388,12.6049995,-10.346241,0.00000000358,0.01438388159
-19.881712,12.6049995,-9.1133709,0.00000000355,0.01427498737
-19.881712,12.6049995,-9.04948616,0.00000000355,0.01426527326
-19.8154697,12.5880909,-9.04948616,0.00000000355,0.01425678301
-19.8154697,12.5880909,-9.1133709,0.00000000355,0.01426635351
-18.1607056,12.7108688,-10.0755043,0.00000000358,0.01439174384
-18.1621151,12.7108688,-10.0030622,0.00000000358,0.01439174384
-18.1621151,12.7747688,-10.0030603,0.00000000358,0.01439174384
-18.1607056,12.7747688,-10.0755062,0.00000000358,0.01439174384
-17.8369198,12.2416391,-8.47433662,0.00000000356,0.01431667947
-17.9008274,12.2416391,-8.53824806,0.00000000357,0.01433458144
-17.8369198,12.2416391,-8.53824806,0.00000000357,0.01432390575
-17.4204388,12.5149755,-5.91835976,0.00000000333,0.01336723147
-17.3896351,12.6049995,-5.91835976,0.00000000329,0.01323481825
-17.3896351,12.6049995,-5.85444784,0.00000000325,0.01306872238
-17.4204388,12.5149755,-5.85444784,0.0000000033,0.01325389412
-17.4537582,12.2639217,-9.1133709,0.00000000358,0.01436333213
-17.5127354,12.271101,-9.1133709,0.00000000357,0.01436091741
-17.5127354,12.271101,-9.17725563,0.00000000358,0.01436414833
-17.4537582,12.2639217,-9.17725563,0.00000000358,0.01436600906
-18.0286198,12.2416391,-7.83535576,0.00000000355,0.01427986136
-18.0925274,12.2416391,-7.89924002,0.00000000356,0.01428414396
-18.0286198,12.2416391,-7.89924002,0.00000000356,0.01429050584
-17.9563179,12.7747688,-10.0754728,0.00000000358,0.01439174384
-17.9549408,12.7747688,-10.0030527,0.00000000358,0.01439174384
-17.9549408,12.7108688,-10.0030527,0.00000000358,0.01439174384
-17.9563179,12.7108688,-10.0754738,0.00000000358,0.01439174384
-20.0734119,12.6049995,-8.47433662,0.00000000355,0.01424687892
-20.0734119,12.6049995,-8.41042423,0.00000000354,0.01423840744
-20.0095158,12.6049995,-8.41042423,0.00000000354,0.01421212675
-20.0095158,12.6049995,-8.47433662,0.00000000354,0.01422186404
-17.5174274,12.6049995,-9.94403172,0.00000000358,0.0143812055
-17.4535313,12.6049995,-9.88014793,0.00000000358,0.01438160338
-17.4535313,12.6049995,-9.94403172,0.00000000358,0.0143819673
-18.6676273,12.6049995,-9.68843937,0.00000000358,0.01437825472
-18.6037312,12.6049995,-9.62455559,0.00000000358,0.01437653937
-18.6037312,12.6049995,-9.68843937,0.00000000358,0.01437846703
-18.6035748,12.2643738,-6.55736732,0.00000000326,0.01309813496
-18.678236,12.271101,-6.62127876,0.00000000329,0.01322110881
-18.6035748,12.2643738,-6.62127876,0.00000000328,0.01319154012
-17.4204388,12.5149755,-8.3465395,0.00000000357,0.01432270598
-17.4204388,12.5149755,-8.28265572,0.00000000356,0.01431813795
-17.354372,12.5191689,-8.28265572,0.00000000357,0.01432640873
-17.354372,12.5191689,-8.3465395,0.00000000357,0.01433046118
-18.0822353,12.5761013,-8.66607094,0.00000000357,0.01433782838
-18.028635,12.5822048,-8.6021595,0.00000000357,0.01433617278
-18.028635,12.5822048,-8.66607094,0.00000000357,0.01434402258
-19.1788197,12.2416391,-7.57976341,0.00000000352,0.01415644327
-19.2427158,12.2416391,-7.64364767,0.00000000353,0.01417955375
-19.1788197,12.2416391,-7.64364767,0.00000000353,0.01417473774
-17.354372,12.3274698,-7.64364767,0.00000000355,0.01424278903
-17.354372,12.3274698,-7.57976341,0.00000000354,0.01422981014
-17.354372,12.2416391,-7.57976341,0.00000000355,0.01424556587
-17.6458168,12.2611341,-8.47433662,0.00000000356,0.01430589587
-17.7104721,12.2576962,-8.47433662,0.00000000356,0.01430492268
-17.7104721,12.2576962,-8.53824806,0.00000000356,0.01431346732
-17.6458168,12.2611341,-8.53824806,0.00000000356,0.01431430404
-18.2203312,12.2416391,-7.19637537,0.00000000346,0.01391981273
-18.3150311,12.2511892,-7.26028681,0.00000000347,0.0139347041
-18.2203312,12.2416391,-7.26028681,0.00000000348,0.01396834666
-17.7085209,12.5854778,-9.30507851,0.00000000357,0.01434780294
-17.6438637,12.5888672,-9.24116707,0.00000000357,0.01434501807
-17.6438637,12.5888672,-9.30507851,0.00000000357,0.01434986349
-17.8369198,12.2416391,-7.83535576,0.00000000354,0.01420599586
-17.9008274,12.2416391,-7.83535576,0.00000000354,0.01423330507
-17.9008274,12.2416391,-7.89924002,0.00000000355,0.01424696903
-17.8369198,12.2416391,-7.89924002,0.00000000354,0.01422061341
-18.7857361,12.271101,-5.91835976,0.00000000319,0.01283189025
-18.8527355,12.271101,-5.98227119,0.0000000032,0.0128562941
-18.7857361,12.271101,-5.98227119,0.00000000321,0.01291026665
-19.3705196,12.2416391,-6.94078302,0.00000000341,0.01368544614
-19.4344273,12.2416391,-7.00469446,0.00000000342,0.01373908598
-19.3705196,12.2416391,-7.00469446,0.00000000342,0.01375748565
-18.8593273,12.6049995,-9.04948616,0.00000000357,0.01435887112
-18.7954197,12.6049995,-8.98557568,0.00000000357,0.01436074347
-18.7954197,12.6049995,-9.04948616,0.00000000358,0.01436269077
-18.2832355,12.5761013,-8.02706337,0.00000000353,0.01418715641
-18.2162361,12.5761013,-7.96315193,0.00000000352,0.01415413473
-18.2162361,12.5761013,-8.02706337,0.00000000353,0.01417224363
-18.0286198,12.2416391,-7.19637537,0.00000000349,0.01403884119
-18.0925274,12.2416391,-7.19637537,0.00000000349,0.01401852631
-18.0925274,12.2416391,-7.26028681,0.0000000035,0.01406455991
-18.0286198,12.2416391,-7.26028681,0.00000000351,0.01408136375
-17.5174274,12.6049995,-9.30507851,0.00000000357,0.01435541721
-17.5174274,12.6049995,-9.24116707,0.00000000357,0.01435230139
-17.4535313,12.6049995,-9.24116707,0.00000000357,0.01435643057
-17.4535313,12.6049995,-9.30507851,0.00000000357,0.01435864455
-17.9006729,12.5823336,-8.66607094,0.00000000355,0.01425312217
-17.8407364,12.5761013,-8.6021595,0.00000000355,0.01426743822
-17.8407364,12.5761013,-8.66607094,0.00000000355,0.01427454583
-17.4204388,12.5149755,-7.70755959,0.00000000355,0.01425745025
-17.4204388,12.5149755,-7.64364767,0.00000000355,0.01424774774
-17.354372,12.5191689,-7.64364767,0.00000000355,0.01426358378
-17.354372,12.5191689,-7.70755959,0.00000000355,0.0142723006
-18.411478,12.2614498,-6.55736732,0.00000000326,0.01308390544
-18.4772358,12.271101,-6.62127876,0.00000000328,0.01318389283
-18.411478,12.2614498,-6.62127876,0.00000000328,0.01318494186
-20.1065178,12.5149755,-7.96315193,0.00000000353,0.01419729781
-18.4759388,12.6049995,-7.3880558,0.00000000348,0.01396093217
-18.4102535,12.5883722,-7.32417107,0.00000000346,0.01391231798
-18.4102535,12.5883722,-7.3880558,0.00000000347,0.01394953396
-19.5622196,12.2416391,-6.3017478,0.00000000321,0.01288072921
-19.6261158,12.2416391,-6.36563206,0.00000000321,0.01287685071
-19.5622196,12.2416391,-6.36563206,0.00000000322,0.01294508844
-18.9876461,12.2619915,-5.27937889,0.00000000278,0.01117607316
-19.0537357,12.271101,-5.34326315,0.00000000268,0.01078232847
-18.9876461,12.2619915,-5.34326315,0.00000000279,0.01119323294
-17.7085209,12.5854778,-8.66607094,0.00000000356,0.01428997599
-17.7085209,12.5854778,-8.6021595,0.00000000356,0.01428285232
-17.6438637,12.5888672,-8.6021595,0.00000000356,0.0142887316
-17.6438637,12.5888672,-8.66607094,0.00000000356,0.01429533254
-18.2203312,12.2416391,-6.55736732,0.00000000329,0.01322380004
-18.3150311,12.2511892,-6.55736732,0.00000000327,0.01314592404
-18.3150311,12.2511892,-6.62127924,0.0000000033,0.01324016411
-18.2203312,12.2416391,-6.62127876,0.00000000331,0.01330381152
-19.0507355,12.5761013,-8.41042423,0.00000000356,0.01430844883
-18.9894543,12.5881329,-8.3465395,0.00000000356,0.0143074016
-18.9894543,12.5881329,-8.41042423,0.00000000356,0.01431306768
-20.1725159,12.4552689,-5.72667885,0.00000000322,0.01294921851
-20.1725159,12.4552689,-5.79056358,0.00000000324,0.01303134229
-18.6035748,12.2643738,-5.91835976,0.00000000296,0.01189267102
-18.678236,12.271101,-5.98227119,0.00000000307,0.01232564581
-18.6035748,12.2643738,-5.98227119,0.00000000299,0.01200308253
-18.0822353,12.5761013,-8.02706337,0.00000000353,0.01417333457
-18.028635,12.5822058,-7.96315193,0.00000000352,0.01413685275
-18.028635,12.5822058,-8.02706337,0.00000000353,0.01416461956
-17.4204388,12.5149765,-9.43284798,0.00000000358,0.01436646045
-17.4204388,12.5149755,-9.49675941,0.00000000358,0.01436884925
-17.3896351,12.6049995,-9.49675941,0.00000000358,0.01436956465
-18.6676273,12.6049995,-6.74910259,0.00000000341,0.01369788177
-18.6037312,12.6049995,-6.68519068,0.00000000336,0.0135148848
-18.6037312,12.6049995,-6.74910259,0.00000000338,0.01357983811
-19.2427158,12.2416391,-4.70430994,0.00000000225,0.00902051894
-19.1788197,12.2416391,-4.70430994,0.00000000233,0.00937576311
-19.1788197,12.2416391,-4.6403985,0.00000000223,0.00895280747
-19.7542362,12.271101,-5.66276741,0.00000000294,0.01180158151
-19.8172359,12.271101,-5.72667885,0.00000000297,0.01195008587
-19.7542362,12.271101,-5.72667885,0.00000000297,0.01191517754
-17.9006729,12.5823336,-8.02706337,0.00000000352,0.01415309999
-17.9006729,12.5823336,-7.96315193,0.00000000352,0.01413858862
-17.8407364,12.5761013,-7.96315193,0.00000000352,0.01415631572
-17.8407364,12.5761013,-8.02706337,0.00000000353,0.01417129186
-19.247736,12.5761013,-7.77147102,0.00000000353,0.01418238234
-19.1807346,12.5761013,-7.70755959,0.00000000353,0.0141771774
-19.1807346,12.5761013,-7.77147102,0.00000000353,0.01419278505
-18.411478,12.2614508,-5.91835976,0.0000000029,0.01163604582
-18.4772358,12.271101,-5.91835976,0.00000000291,0.01168386611
-18.4772358,12.271101,-5.98227119,0.00000000295,0.01185249175
-18.411478,12.2614508,-5.98227119,0.00000000294,0.01180535653
-17.4204388,12.5149755,-5.53497124,0.00000000259,0.01041779835
-17.3896351,12.6049995,-5.53497124,0.00000000197,0.00789492643
-17.3896351,12.6049995,-5.47108698,0.00000000172,0.00691945059
-17.4204388,12.5149755,-5.47108698,0.00000000245,0.0098409773
-18.7857361,12.271101,-5.27937889,0.00000000296,0.01188760878
-18.8527355,12.271101,-5.34326315,0.00000000294,0.01179855669
-18.7857361,12.271101,-5.34326315,0.00000000298,0.01197563064
-18.2832355,12.5761013,-7.3880558,0.00000000347,0.01392801485
-18.2162361,12.5761013,-7.32417107,0.00000000345,0.01385018344
-18.2162361,12.5761013,-7.3880558,0.00000000346,0.01389540085
-17.354372,12.4552689,-5.5988555,0.00000000327,0.01313115841
-17.354372,12.3913698,-5.5988555,0.00000000328,0.01317799125
-17.354372,12.3913698,-5.66276741,0.0000000033,0.01324047545
-17.354372,12.4552689,-5.66276741,0.00000000329,0.01322628964
-20.1065178,12.5149755,-7.32417107,0.0000000035,0.01404276786
-19.9512348,12.271101,-5.02378654,0.00000000295,0.01186453582
-20.0182362,12.271101,-5.08767128,0.00000000302,0.01211534321
-19.9454098,12.2640848,-5.08767128,0.00000000296,0.01189798832
-17.354372,12.3274698,-10.346241,0.00000000358,0.01438519464
-17.354372,12.3274698,-10.2635365,0.00000000358,0.01438485924
-17.354372,12.2416391,-10.2635365,0.00000000358,0.01438487884
-17.3549862,12.2411013,-10.346241,0.00000000358,0.01438527402
-18.6035748,12.2643738,-5.27937889,0.00000000296,0.01190501566
-18.678236,12.271101,-5.27937889,0.00000000298,0.01198042344
-18.678236,12.271101,-5.34326315,0.000000003,0.0120700179
-18.6035748,12.2643738,-5.34326315,0.00000000297,0.01194363208
-19.4344749,12.5822334,-7.13246346,0.00000000339,0.01360204764
-19.3817348,12.5761013,-7.0685792,0.00000000344,0.01383130744
-19.3817348,12.5761013,-7.13246346,0.00000000345,0.01387155536
-18.0822353,12.5761013,-7.3880558,0.00000000342,0.01373270534
-18.0822353,12.5761013,-7.32417107,0.0000000034,0.01365718874
-18.028635,12.5822058,-7.32417107,0.00000000343,0.01378096006
-18.028635,12.5822058,-7.3880558,0.00000000344,0.01381919202
-18.8593273,12.6049995,-6.11004019,0.00000000334,0.0134146432
-18.7954197,12.6049995,-6.04615545,0.00000000331,0.01329338558
-18.7954197,12.6049995,-6.11004019,0.00000000333,0.01336464192
-19.6232357,12.5761013,-6.49345541,0.00000000279,0.0112230023
-19.5562363,12.5761013,-6.42954397,0.00000000233,0.0093497429
-19.5562363,12.5761013,-6.49345541,0.00000000242,0.00973307772
-20.1725159,12.4552689,-5.15158319,0.0000000028,0.0112425099
-20.1725159,12.4552689,-5.08767128,0.0000000027,0.0108629519
-18.4759388,12.6049995,-6.74910259,0.00000000335,0.01344481132
-18.4102535,12.5883722,-6.68519068,0.00000000332,0.01334859626
-18.4102535,12.5883722,-6.74910259,0.00000000334,0.01342357768
-19.0510273,12.2416391,-4.70430994,0.0000000024,0.00963163097
-18.9871311,12.2416391,-4.70430994,0.00000000243,0.00975232573
-18.9871311,12.2416391,-4.6403985,0.00000000237,0.00953002635
-19.0507355,12.5761013,-5.47108698,0.00000000168,0.00675785008
-18.9894543,12.5881329,-5.40717506,0.00000000203,0.00814521559
-18.9894543,12.5881329,-5.47108698,0.00000000228,0.00916262747
-17.4204388,12.5149775,-8.79389477,0.00000000357,0.01434712144
-17.4204388,12.5149765,-8.85777855,0.00000000357,0.01434973418
-17.3896351,12.6049995,-8.85777855,0.00000000357,0.01434496456
-19.8154697,12.5880909,-5.85444784,0.00000000234,0.00941674339
-19.7532349,12.5761013,-5.79056358,0.00000000182,0.00732896395
-19.7532349,12.5761013,-5.85444784,0.00000000185,0.0074124017
-18.8593273,12.2416391,-4.70430994,0.00000000249,0.01002061316
-18.7954197,12.2416391,-4.70430994,0.00000000252,0.01012747535
-18.7954197,12.2416391,-4.6403985,0.00000000248,0.00995313722
-18.8593273,12.2416391,-4.6403985,0.00000000245,0.00983099294
-19.2427158,12.6049995,-4.83207893,0.00000000127,0.00508632538
-19.1788197,12.6049995,-4.76819468,0.00000000123,0.00493678629
-19.1788197,12.6049995,-4.83207893,0.00000000119,0.00477802015
-18.2832355,12.5761013,-6.74910259,0.00000000328,0.01317496996
-18.2832355,12.5761013,-6.68519068,0.00000000323,0.01295758116
-18.2162361,12.5761013,-6.68519068,0.00000000261,0.01049582331
-18.2162361,12.5761013,-6.74910259,0.00000000276,0.01108224157
-20.1065178,12.5149755,-6.68519068,0.00000000342,0.01373276242
-18.2842274,12.2416391,-10.1996241,0.00000000358,0.01438767625
-18.2203312,12.2416391,-10.1996241,0.00000000358,0.01438874754
-18.2203312,12.2416391,-10.1357403,0.00000000358,0.01438910347
-20.1725159,12.3913698,-10.0079441,0.00000000358,0.01437246908
-20.1725159,12.3913698,-10.0718555,0.00000000358,0.01437531996
-20.1725159,12.3274698,-10.0718555,0.00000000358,0.01437353057
-20.0095158,12.6049995,-5.21549463,0.00000000195,0.0078249983
-19.9456196,12.6049995,-5.15158319,0.00000000174,0.00699563756
-19.9456196,12.6049995,-5.21549463,0.00000000191,0.00766182381
-18.6676273,12.6049995,-6.11004019,0.00000000321,0.0129075808
-18.6037312,12.6049995,-6.04615545,0.00000000312,0.01254264035
-18.6037312,12.6049995,-6.11004019,0.00000000316,0.01267861804
-17.389719,12.2520218,-5.85444784,0.00000000329,0.01321419207
-17.4537582,12.2639217,-5.91835976,0.00000000325,0.01306690981
-17.389719,12.2520218,-5.91835976,0.0000000033,0.01327712765
-18.411478,12.2614498,-9.49675941,0.00000000358,0.01437774448
-18.4772358,12.271101,-9.56067085,0.00000000358,0.01437860619
-18.411478,12.2614498,-9.56067085,0.00000000358,0.01437890054
-18.4759388,12.6049995,-6.11004019,0.00000000309,0.01241831954
-18.4759388,12.6049995,-6.04615545,0.00000000305,0.01225881927
-18.4102535,12.5883722,-6.04615545,0.00000000301,0.01208386208
-18.4102535,12.5883722,-6.11004019,0.00000000306,0.0123071132
-17.5797348,12.271101,-5.21549463,0.00000000304,0.01219958736
-17.6458168,12.2611341,-5.27937889,0.00000000293,0.01175138129
-17.5797348,12.271101,-5.27937889,0.00000000302,0.0121496628
-17.354372,12.4552689,-4.95990229,0.00000000229,0.00919953569
-17.354372,12.3913698,-4.95990229,0.00000000276,0.01108312381
-17.354372,12.3913698,-5.02378654,0.00000000288,0.01155701022
-17.354372,12.4552689,-5.02378654,0.0000000025,0.0100327125
-20.1373196,12.6049995,-4.49365044,0.00000000215,0.00861800122
-20.1373196,12.6049995,-4.57648659,0.00000000212,0.00851009627
-20.1709862,12.6049995,-4.49278641,0.00000000209,0.00839246651
-18.6035748,12.2643738,-8.85777855,0.00000000357,0.01435050578
-18.678236,12.271101,-8.92166328,0.00000000357,0.01435885417
-18.6035748,12.2643738,-8.92166328,0.00000000357,0.01435506132
-17.4204388,12.5149755,-8.21874428,0.00000000356,0.01431322825
-17.3896351,12.6049995,-8.21874428,0.00000000356,0.0143044026
-17.3896351,12.6049995,-8.15483189,0.00000000356,0.01429852955
-17.4204388,12.5149755,-8.15483189,0.00000000356,0.01430794839
-18.8593273,12.6049995,-5.47108698,0.0000000031,0.01243517247
-18.7954197,12.6049995,-5.40717506,0.00000000301,0.01209801218
-18.7954197,12.6049995,-5.47108698,0.00000000306,0.01227381143
-19.1788197,12.2416391,-9.88014793,0.00000000358,0.01438276566
-19.2427158,12.2416391,-9.94403172,0.00000000358,0.01438422945
-19.1788197,12.2416391,-9.94403172,0.00000000358,0.01438301096
-18.6676273,12.6049995,-5.47108698,0.00000000274,0.01101376299
-18.6676273,12.6049995,-5.40717506,0.00000000264,0.01058998581
-18.6037312,12.6049995,-5.40717506,0.00000000234,0.00941294696
-18.6037312,12.6049995,-5.47108698,0.00000000253,0.01017473723
-17.8369198,12.2416391,-4.6403985,0.00000000241,0.00967227765
-17.7730122,12.2416391,-4.6403985,0.00000000253,0.01018057638
-17.7730122,12.2416391,-4.57648659,0.00000000258,0.01036897365
-19.0510273,12.6049995,-4.83207893,0.00000000114,0.00456484526
-18.9871311,12.6049995,-4.76819468,0.00000000135,0.00540665862
-18.9871311,12.6049995,-4.83207893,0.00000000114,0.00455979643
-18.0925274,12.2416391,-10.1996241,0.00000000358,0.01438996784
-18.0286198,12.2416391,-10.1996241,0.00000000358,0.01438986881
-18.0286198,12.2416391,-10.1357403,0.00000000358,0.0143909571
-17.354372,12.3274698,-9.94403172,0.00000000358,0.01437674272
-17.354372,12.3274698,-9.88014793,0.00000000358,0.01437390699
-17.354372,12.2416391,-9.88014793,0.00000000358,0.01437410593
-18.7857361,12.271101,-8.21874428,0.00000000356,0.01431116235
-18.8527355,12.271101,-8.28265572,0.00000000356,0.01431427102
-18.7857361,12.271101,-8.28265572,0.00000000356,0.01431915931
-18.2203312,12.4552689,-4.49365044,0.00000000192,0.00771847866
-18.2842274,12.4552689,-4.49365044,0.00000000195,0.00782396537
-18.2842274,12.3913698,-4.49365044,0.00000000214,0.00859452593
-18.2203312,12.3913698,-4.49365044,0.00000000209,0.00840668441
-18.2203312,12.2416391,-9.49675941,0.00000000358,0.01437623341
-18.3150311,12.2511892,-9.56067085,0.00000000358,0.01437827701
-18.2203312,12.2416391,-9.56067085,0.00000000358,0.01437754647
-19.3705196,12.2416391,-9.24116707,0.00000000358,0.01436567277
-19.4344273,12.2416391,-9.30507851,0.00000000358,0.01436435795
-19.3705196,12.2416391,-9.30507851,0.00000000358,0.01436732927
-18.2842274,12.6049995,-10.346241,0.00000000358,0.01438507155
-18.2203312,12.6049995,-10.2635365,0.00000000358,0.01438582082
-18.2203312,12.6049995,-10.346241,0.00000000358,0.01438593768
-18.8593273,12.6049995,-4.83207893,0.00000000125,0.00500208618
-18.8593273,12.6049995,-4.76819468,0.00000000137,0.00552231882
-18.7954197,12.6049995,-4.76819468,0.00000000138,0.00554562281
-18.7954197,12.6049995,-4.83207893,0.00000000139,0.00557774936
-17.4535313,12.6049995,-6.04615545,0.00000000334,0.01343544687
-17.3896351,12.6049995,-5.98227119,0.00000000332,0.01334720113
-17.3896351,12.6049995,-6.04615545,0.00000000334,0.01343518285
-18.411478,12.2614508,-8.85777855,0.00000000357,0.01434839971
-18.4772358,12.271101,-8.92166328,0.00000000357,0.01435324963
-18.411478,12.2614508,-8.92166328,0.00000000357,0.01435333524
-17.9008274,12.2416391,-10.1996241,0.00000000358,0.01438842017
-17.8369198,12.2416391,-10.1996241,0.00000000358,0.01438724093
-17.8369198,12.2416391,-10.1357403,0.00000000358,0.01438717312
-17.9008274,12.2416391,-10.1357403,0.00000000358,0.01438898573
-18.0286198,12.4552689,-4.49365044,0.00000000202,0.00811741668
-18.0925274,12.4552689,-4.49365044,0.00000000189,0.0076002218
-18.0925274,12.3913698,-4.49365044,0.0000000021,0.00845042908
-18.0286198,12.3913698,-4.49365044,0.0000000022,0.00882617189
-18.0286198,12.2416391,-9.49675941,0.00000000358,0.01437464561
-18.0925274,12.2416391,-9.49675941,0.00000000358,0.01437509073
-18.0925274,12.2416391,-9.56067085,0.00000000358,0.01437638502
-18.0286198,12.2416391,-9.56067085,0.00000000358,0.01437601041
-18.4759388,12.6049995,-9.68843937,0.00000000358,0.01437918597
-18.4102535,12.5883722,-9.62455559,0.00000000358,0.01437858297
-18.4102535,12.5883722,-9.68843937,0.00000000358,0.01437940362
-18.9876461,12.2619915,-7.57976341,0.00000000352,0.01415727465
-19.0537357,12.271101,-7.64364767,0.00000000353,0.01417396256
-18.9876461,12.2619915,-7.64364767,0.00000000353,0.01417555751
-19.5622196,12.2416391,-8.6021595,0.00000000357,0.01432605014
-19.6261158,12.2416391,-8.66607094,0.00000000357,0.01432233844
-19.5622196,12.2416391,-8.66607094,0.00000000357,0.01433044603
-18.2203312,12.2416391,-8.85777855,0.00000000357,0.01435529054
-18.3150311,12.2511892,-8.85777855,0.00000000357,0.01435165111
-18.3150311,12.2511892,-8.92166328,0.00000000357,0.01435581685
-18.2203312,12.2416391,-8.92166328,0.00000000357,0.01435860711
-20.1065178,12.5149755,-6.3017478,0.00000000335,0.01346400224
-18.6035748,12.2643738,-8.21874428,0.00000000355,0.01426094875
-18.678236,12.271101,-8.28265572,0.00000000356,0.01428572995
-18.6035748,12.2643738,-8.28265572,0.00000000355,0.01427460291
-17.6438637,12.5888662,-5.40717506,0.00000000163,0.00656497308
-17.6121159,12.5962973,-5.34326315,0.00000000191,0.00767570631
-17.6121159,12.5962973,-5.40717506,0.0000000021,0.00845113287
-18.0286198,12.6049995,-10.2635365,0.00000000358,0.01438669233
-18.0286198,12.6049995,-10.346241,0.00000000358,0.01438695727
-18.0925274,12.6049995,-10.346241,0.00000000358,0.01438711246
-19.1788197,12.2416391,-6.94078302,0.00000000343,0.0137738578
-19.2427158,12.2416391,-7.00469446,0.00000000344,0.01380549685
-19.1788197,12.2416391,-7.00469446,0.00000000344,0.01383283188
-18.6676273,12.6049995,-9.04948616,0.00000000357,0.01435620488
-18.6037312,12.6049995,-8.98557568,0.00000000357,0.01434639086
-18.6037312,12.6049995,-9.04948616,0.00000000357,0.01434996698
-17.9008274,12.6049995,-10.346241,0.00000000358,0.01438521248
-17.9008274,12.6049995,-10.2635365,0.00000000358,0.01438508581
-17.8369198,12.6049995,-10.2635365,0.00000000358,0.01438402609
-17.8369198,12.6049995,-10.346241,0.00000000358,0.01438418843
-20.1725159,12.4552689,-8.02706337,0.00000000354,0.01422439558
-20.1725159,12.4552689,-8.09094715,0.00000000354,0.01423442722
-18.411478,12.2614508,-8.21874428,0.00000000355,0.01426025834
-18.4772358,12.271101,-8.21874428,0.00000000355,0.01425763938
-18.4772358,12.271101,-8.28265572,0.00000000355,0.01427084573
-18.411478,12.2614508,-8.28265572,0.00000000355,0.01427287865
-19.5388412,11.9851017,-4.72776937,0.00000000187,0.00750620027
-19.5404911,12.0718699,-4.72641754,0.00000000187,0.0075174602
-19.5705528,12.0718699,-4.76439571,0.00000000193,0.00774858881
-19.5705528,11.9856539,-4.76439571,0.00000000193,0.00773444136
-19.7542362,12.271101,-7.96315193,0.00000000352,0.01415907653
-19.8172359,12.271101,-8.02706337,0.00000000353,0.01416368381
-19.7542362,12.271101,-8.02706337,0.00000000353,0.01418297107
-17.4204388,12.5149755,-7.83535576,0.00000000355,0.01427473404
-17.3896351,12.6049995,-7.83535576,0.00000000355,0.01426168557
-17.3896351,12.6049995,-7.77147102,0.00000000355,0.01425250491
-17.4204388,12.5149755,-7.77147102,0.00000000355,0.01426642755
-19.2427158,12.6049995,-10.0718555,0.00000000358,0.0143850082
-19.1788197,12.6049995,-10.0079441,0.00000000358,0.01438393152
-19.1788197,12.6049995,-10.0718555,0.00000000358,0.01438441677
-18.7857361,12.271101,-7.57976341,0.00000000352,0.01415947794
-18.8527355,12.271101,-7.64364767,0.00000000353,0.0141958652
-18.7857361,12.271101,-7.64364767,0.00000000353,0.01418238322
-18.2832355,12.5761013,-9.68843937,0.00000000358,0.01437938221
-18.2162361,12.5761013,-9.62455559,0.00000000358,0.0143782922
-18.2162361,12.5761013,-9.68843937,0.00000000358,0.01437879528
-19.3705196,12.2416391,-6.3017478,0.00000000315,0.01266611817
-19.4344273,12.2416391,-6.36563206,0.0000000032,0.01285802106
-19.3705196,12.2416391,-6.36563206,0.00000000319,0.01279725313
-17.8369198,12.6049995,-4.76819468,0.00000000163,0.00656775397
-17.7730122,12.6049995,-4.70430994,0.00000000181,0.00725294872
-17.7730122,12.6049995,-4.76819468,0.00000000159,0.00640137532
-19.4983234,12.5191689,-4.49365044,0.00000000185,0.00741302077
-19.4344273,12.5191689,-4.49365044,0.00000000161,0.00645980036
-19.4344273,12.6049995,-4.49365044,0.00000000149,0.00598449476
-19.4983234,12.6049995,-4.49365044,0.0000000017,0.00682734732
-18.8593273,12.6049995,-8.41042423,0.00000000357,0.01432702422
-18.7954197,12.6049995,-8.3465395,0.00000000357,0.01432755141
-18.7954197,12.6049995,-8.41042423,0.00000000357,0.01433225683
-17.354372,12.4552689,-7.89924002,0.00000000356,0.01428770759
-17.354372,12.3913698,-7.89924002,0.00000000355,0.01427676784
-17.354372,12.3913698,-7.96315193,0.00000000356,0.01428522955
-17.354372,12.4552689,-7.96315193,0.00000000356,0.01429479912
-18.6035748,12.2643738,-7.57976341,0.0000000035,0.01404243069
-18.678236,12.271101,-7.57976341,0.0000000035,0.0140516604
-18.678236,12.271101,-7.64364767,0.00000000351,0.01408231288
-18.6035748,12.2643738,-7.64364767,0.0000000035,0.01407203237
-18.0822353,12.5761013,-9.68843937,0.00000000358,0.01437329689
-18.0822353,12.5761013,-9.62455559,0.00000000358,0.01437326029
-18.028635,12.5822058,-9.62455559,0.00000000358,0.01437350558
-18.028635,12.5822058,-9.68843937,0.00000000358,0.01437358408
-19.9454098,12.2640858,-7.32417107,0.00000000345,0.01385388534
-20.0182362,12.271101,-7.3880558,0.00000000346,0.01389049829
-19.9454098,12.2640858,-7.3880558,0.00000000345,0.01387454985
-18.4759388,12.6049995,-9.04948616,0.00000000357,0.01434312696
-18.4102535,12.5883722,-8.98557568,0.00000000357,0.01433714062
-18.4102535,12.5883722,-9.04948616,0.00000000357,0.0143417283
-18.9876461,12.2619915,-6.94078302,0.00000000345,0.01384860726
-19.0537357,12.271101,-7.00469446,0.00000000345,0.01387830261
-18.9876461,12.2619915,-7.00469446,0.00000000346,0.01389438037
-20.1065178,12.5149755,-9.62455559,0.00000000358,0.01436271929
-17.7730122,12.5191689,-10.346241,0.00000000358,0.01438349978
-17.7730122,12.4552689,-10.346241,0.00000000358,0.01438370941
-17.8369198,12.4552689,-10.346241,0.00000000358,0.01438422053
-17.8369198,12.5191689,-10.346241,0.00000000358,0.0143841679
-19.4344749,12.5822334,-9.43284798,0.00000000358,0.01436606703
-19.3817348,12.5761013,-9.36896324,0.00000000358,0.01437364743
-19.3817348,12.5761013,-9.43284798,0.00000000358,0.01437421653
-19.4315166,12.7747688,-9.9348774,0.00000000358,0.01439174384
-19.5006256,12.7747688,-9.93344784,0.00000000358,0.01439174384
-19.5006256,12.7108688,-9.93344784,0.00000000358,0.01439174384
-19.4315166,12.7108688,-9.9348774,0.00000000358,0.01439174384
-19.5622196,12.2416391,-5.66276741,0.00000000303,0.01216453991
-19.6261158,12.2416391,-5.72667885,0.000000003,0.01207088496
-19.5622196,12.2416391,-5.72667885,0.00000000305,0.0122513352
-18.7857361,12.271101,-6.94078302,0.00000000344,0.01381572561
-18.8527355,12.271101,-6.94078302,0.00000000346,0.01389755954
-18.8527355,12.271101,-7.00469446,0.00000000347,0.01393640342
-18.7857361,12.271101,-7.00469446,0.00000000345,0.01385827854
-18.2832355,12.5761013,-9.04948616,0.00000000357,0.01433435041
-18.2832355,12.5761013,-8.98557568,0.00000000357,0.0143296218
-18.2162361,12.5761013,-8.98557568,0.00000000357,0.01432732037
-18.2162361,12.5761013,-9.04948616,0.00000000357,0.01433554571
-19.0507355,12.5761013,-7.77147102,0.00000000354,0.01421823975
-18.9894543,12.5881329,-7.70755959,0.00000000354,0.01421809167
-18.9894543,12.5881329,-7.77147102,0.00000000354,0.01423036854
-20.1373196,12.2539244,-6.68519068,0.00000000341,0.01370872427
-20.1725159,12.2416391,-6.68519068,0.00000000343,0.01377606108
-20.1725159,12.2416391,-6.74910259,0.00000000344,0.01381696555
-20.1373196,12.2539244,-6.74910259,0.00000000342,0.01375283643
-19.6232357,12.5761013,-8.79389477,0.00000000351,0.01408276422
-19.5562363,12.5761013,-8.72998333,0.00000000352,0.01415430603
-19.5562363,12.5761013,-8.79389477,0.00000000352,0.01415707664
-19.1788197,12.2416391,-6.3017478,0.0000000032,0.01286259178
-19.2427158,12.2416391,-6.36563206,0.00000000321,0.01290599746
-19.1788197,12.2416391,-6.36563206,0.00000000324,0.01300808911
-19.306612,12.5191689,-4.49365044,0.00000000165,0.00661039251
-19.2427158,12.5191689,-4.49365044,0.00000000169,0.0068027142
-19.2427158,12.6049995,-4.49365044,0.00000000169,0.00677801507
-19.306612,12.6049995,-4.49365044,0.00000000163,0.00655021552
-18.6676273,12.6049995,-8.41042423,0.00000000356,0.01431377327
-18.6037312,12.6049995,-8.3465395,0.00000000356,0.01428956386
-18.6037312,12.6049995,-8.41042423,0.00000000356,0.01429749035
-20.1725159,12.4552689,-7.45196772,0.00000000351,0.01410378025
-20.1725159,12.4552689,-7.3880558,0.00000000351,0.01408573823
-19.8154697,12.5880909,-8.15483189,0.00000000351,0.01408539925
-19.7532349,12.5761013,-8.09094715,0.0000000035,0.01405219739
-19.7532349,12.5761013,-8.15483189,0.0000000035,0.01406965244
-19.7542362,12.271101,-5.02378654,0.00000000271,0.01090127397
-19.8172359,12.271101,-5.08767128,0.00000000278,0.01117088964
-19.7542362,12.271101,-5.08767128,0.00000000271,0.01088252013
-17.5813236,12.5191689,-10.346241,0.00000000358,0.01438340256
-17.5813236,12.4552689,-10.346241,0.00000000358,0.01438396097
-17.6452198,12.4552689,-10.346241,0.00000000358,0.0143836996
-17.6452198,12.5191689,-10.346241,0.00000000358,0.01438322504
-18.4759388,12.6049995,-8.41042423,0.00000000355,0.01427734765
-18.4759388,12.6049995,-8.3465395,0.00000000355,0.01426724374
-18.4102535,12.5883722,-8.3465395,0.00000000355,0.01426384872
-18.4102535,12.5883722,-8.41042423,0.00000000355,0.01427425859
-18.9876461,12.2619915,-6.3017478,0.00000000328,0.01318723257
-19.0537357,12.271101,-6.3017478,0.00000000326,0.01309546333
-19.0537357,12.271101,-6.36563206,0.00000000329,0.01320527993
-18.9876461,12.2619915,-6.36563206,0.00000000331,0.01328130588
-19.247736,12.5761013,-7.13246346,0.00000000347,0.01393655507
-19.1807346,12.5761013,-7.0685792,0.00000000347,0.01392912455
-19.1807346,12.5761013,-7.13246346,0.00000000348,0.01396103923
-20.1065178,12.5149755,-8.98557568,0.00000000356,0.01431604349
-19.3705196,12.2416391,-5.66276741,0.00000000282,0.01134502525
-19.4344273,12.2416391,-5.72667885,0.00000000298,0.01195585098
-19.3705196,12.2416391,-5.72667885,0.00000000285,0.01145746526
-17.354372,12.4552689,-7.26028681,0.00000000353,0.01417611145
-17.354372,12.3913698,-7.26028681,0.00000000352,0.0141425126
-17.354372,12.3913698,-7.32417107,0.00000000352,0.0141607883
-17.354372,12.4552689,-7.32417107,0.00000000353,0.01419138904
-20.0095158,12.6049995,-7.51587915,0.00000000349,0.01401138034
-19.9456196,12.6049995,-7.45196772,0.00000000347,0.01393839797
-19.9456196,12.6049995,-7.51587915,0.00000000347,0.01395945055
-19.4344749,12.5822334,-6.49345541,0.00000000233,0.00935263306
-19.3817348,12.5761013,-6.42954397,0.00000000261,0.01049993466
-19.3817348,12.5761013,-6.49345541,0.00000000279,0.01122163216
-17.389719,12.2520218,-8.15483189,0.00000000356,0.01430739087
-17.4537582,12.2639217,-8.21874428,0.00000000356,0.01428835694
-17.389719,12.2520218,-8.21874428,0.00000000356,0.01431429331
-18.8593273,12.6049995,-7.77147102,0.00000000355,0.01425501416
-18.7954197,12.6049995,-7.70755959,0.00000000355,0.01424904923
-18.7954197,12.6049995,-7.77147102,0.00000000355,0.01426044209
-19.6232357,12.5761013,-5.85444784,0.00000000207,0.00830031286
-19.5562363,12.5761013,-5.79056358,0.00000000206,0.00827264772
-19.5562363,12.5761013,-5.85444784,0.0000000021,0.00843492844
-18.6676273,12.6049995,-7.77147102,0.00000000354,0.01421496067
-18.6676273,12.6049995,-7.70755959,0.00000000353,0.0141991211
-18.6037312,12.6049995,-7.70755959,0.00000000352,0.01415951896
-18.6037312,12.6049995,-7.77147102,0.00000000353,0.01417827995
-19.1788197,12.2416391,-5.66276741,0.00000000275,0.01102967307
-19.2427158,12.2416391,-5.66276741,0.00000000272,0.01093858806
-19.2427158,12.2416391,-5.72667885,0.00000000277,0.01113517046
-19.1788197,12.2416391,-5.72667885,0.00000000279,0.01122416727
-20.1725159,12.4552689,-6.81298685,0.00000000345,0.01384706851
-20.1725159,12.4552689,-6.74910259,0.00000000344,0.01381382117
-17.5797348,12.271101,-7.51587915,0.00000000351,0.01408215319
-17.6458168,12.2611341,-7.57976341,0.00000000351,0.01410386497
-17.5797348,12.271101,-7.57976341,0.00000000351,0.01410406744
-19.8154697,12.5880909,-5.21549463,0.00000000154,0.00617610462
-19.7532349,12.5761013,-5.15158319,0.00000000158,0.00635612984
-19.7532349,12.5761013,-5.21549463,0.00000000162,0.00652007505
-19.5622196,12.2416391,-5.02378654,0.00000000267,0.01073050658
-19.6261158,12.2416391,-5.08767128,0.00000000268,0.0107597265
-19.5622196,12.2416391,-5.08767128,0.00000000274,0.01099538473
-17.7422104,12.2502956,-6.87687159,0.00000000342,0.01375040122
-17.8369198,12.2416391,-6.94078302,0.00000000343,0.01379262232
-17.7422104,12.2502956,-6.94078302,0.00000000344,0.01380041677
-19.0507355,12.5761013,-7.13246346,0.00000000349,0.01402596221
-18.9894543,12.5881338,-7.0685792,0.00000000349,0.01402646887
-18.9894543,12.5881338,-7.13246346,0.0000000035,0.01405270674
-19.3705196,12.2416391,-5.02378654,0.00000000263,0.01058133234
-19.4344273,12.2416391,-5.02378654,0.00000000271,0.01088551198
-19.4344273,12.2416391,-5.08767128,0.00000000278,0.0111644305
-19.3705196,12.2416391,-5.08767128,0.00000000269,0.01082657445
-17.389719,12.2520218,-5.21549463,0.00000000313,0.01257658437
-17.4537582,12.2639217,-5.27937889,0.00000000315,0.01266183557
-17.389719,12.2520218,-5.27937889,0.00000000315,0.01265084589
-20.0095158,12.6049995,-4.57648659,0.00000000223,0.0089457516
-20.0095158,12.6049995,-4.49365044,0.00000000229,0.00919784352
-19.9456196,12.6049995,-4.49365044,0.00000000228,0.00915866782
-19.9456196,12.6049995,-4.57648659,0.0000000022,0.0088180536
-17.354372,12.3913698,-6.68519068,0.00000000347,0.01392603903
-17.354372,12.4552689,-6.68519068,0.00000000348,0.01398478212
-17.354372,12.4552689,-6.62127876,0.00000000347,0.01395563893
-17.354372,12.3913698,-6.62127876,0.00000000346,0.01389496284
-18.8593273,12.6049995,-7.13246346,0.00000000351,0.01409068003
-18.8593273,12.6049995,-7.0685792,0.0000000035,0.01406616643
-18.7954197,12.6049995,-7.0685792,0.0000000035,0.01405973409
-18.7954197,12.6049995,-7.13246346,0.00000000351,0.01408612895
-17.4535313,12.6049995,-8.3465395,0.00000000356,0.01430829183
-17.3896351,12.6049995,-8.28265572,0.00000000356,0.01430986533
-17.3896351,12.6049995,-8.3465395,0.00000000356,0.01431495163
-17.9647236,12.2416391,-6.23786354,0.0000000032,0.01284702603
-18.0286198,12.2416391,-6.3017478,0.00000000326,0.01309866034
-17.9647236,12.2416391,-6.3017478,0.00000000322,0.0129237647
-19.247736,12.5761013,-6.49345541,0.00000000334,0.01342195955
-19.1807346,12.5761013,-6.42954397,0.00000000334,0.01342070892
-19.1807346,12.5761013,-6.49345541,0.00000000336,0.01349083238
-18.9876461,12.2619915,-9.88014793,0.00000000358,0.01438004944
-19.051342,12.2503347,-9.94403172,0.00000000358,0.0143805169
-18.9873161,12.2514715,-9.94403172,0.00000000358,0.01437955708
-19.4344749,12.5822334,-5.85444784,0.0000000021,0.00843853843
-19.3817348,12.5761013,-5.79056358,0.000000002,0.00803500743
-19.3817348,12.5761013,-5.85444784,0.000000002,0.0080341172
-17.6452198,12.2416391,-4.6403985,0.00000000271,0.01088715152
-17.5813236,12.2416391,-4.6403985,0.00000000279,0.01120488897
-17.5813236,12.2416391,-4.57648659,0.00000000276,0.01108886838
-18.156435,12.2416391,-5.5988555,0.00000000305,0.01225647682
-18.2203312,12.2416391,-5.66276741,0.00000000298,0.01195171738
-18.156435,12.2416391,-5.66276741,0.00000000307,0.012327602
-19.0507355,12.5761013,-6.49345541,0.00000000339,0.01362871636
-19.0507355,12.5761013,-6.42954397,0.00000000338,0.01356801886
-18.9894543,12.5881338,-6.42954397,0.00000000339,0.01362691002
-18.983736,12.5761013,-6.49345541,0.00000000341,0.0136841866
-17.6438637,12.5888662,-7.70755959,0.00000000352,0.01413939859
-17.6121159,12.5962973,-7.64364767,0.00000000352,0.01415837985
-17.6121159,12.5962973,-7.70755959,0.00000000353,0.01417289749
-19.6232357,12.5761013,-5.21549463,0.00000000168,0.00673417673
-19.5562363,12.5761013,-5.15158319,0.0000000016,0.00641159385
-19.5562363,12.5761013,-5.21549463,0.00000000165,0.00662683198
-20.1065178,12.5149755,-8.6021595,0.00000000356,0.01428382728
-19.247736,12.5761013,-5.85444784,0.00000000168,0.00673666324
-19.247736,12.5761013,-5.79056358,0.00000000168,0.00676618509
-19.1807346,12.5761013,-5.79056358,0.0000000018,0.00721566805
-19.1807346,12.5761013,-5.85444784,0.00000000203,0.00813911773
-19.1788197,12.2416391,-9.24116707,0.00000000358,0.01437006063
-19.2427158,12.2416391,-9.30507851,0.00000000358,0.01437090535
-19.1788197,12.2416391,-9.30507851,0.00000000358,0.01437199721
-19.8178043,12.6049995,-4.57648659,0.00000000209,0.00840621612
-19.8178043,12.6049995,-4.49365044,0.0000000022,0.00884233617
-19.7539082,12.6049995,-4.57648659,0.00000000207,0.0083242395
-19.7539082,12.2416391,-10.2635365,0.00000000358,0.01438405108
-19.8178043,12.2416391,-10.346241,0.00000000358,0.01438444176
-19.7539082,12.2416391,-10.346241,0.00000000358,0.01438528025
-19.4344769,12.5822353,-5.21549463,0.00000000175,0.00703189236
-19.4344769,12.5822353,-5.15158319,0.00000000169,0.00677984013
-19.3817348,12.5761013,-5.15158319,0.00000000173,0.00696889258
-19.3817348,12.5761013,-5.21549463,0.00000000179,0.00720191848
-19.6261158,12.6049995,-4.57648659,0.00000000207,0.00830530371
-19.6261158,12.6049995,-4.49365044,0.0000000021,0.00844078189
-19.5622196,12.6049995,-4.49365044,0.00000000199,0.00800384026
-19.5622196,12.6049995,-4.57648659,0.00000000197,0.00789867024
-18.3469563,12.2586174,-4.95990229,0.00000000257,0.01030437715
-18.4114704,12.2614346,-5.02378654,0.00000000265,0.01065598816
-18.3469563,12.2586174,-5.02378654,0.00000000252,0.01013838296
-18.7955208,12.2645493,-9.88014793,0.00000000358,0.01437737163
-18.8594017,12.2525864,-9.94403172,0.00000000358,0.01437811736
-18.7954464,12.2530613,-9.94403172,0.00000000358,0.01437795233
-20.1725159,12.4552689,-6.42954397,0.00000000339,0.01362838096
-17.8407364,12.5761013,-7.0685792,0.00000000344,0.01382987663
-17.773735,12.5761013,-7.00469446,0.00000000344,0.01383095954
-17.773735,12.5761013,-7.0685792,0.00000000345,0.01386300445
-19.3705196,12.2416391,-8.6021595,0.00000000357,0.01434480933
-19.4344273,12.2416391,-8.66607094,0.00000000357,0.01434652737
-19.3705196,12.2416391,-8.66607094,0.00000000357,0.01434817402
-17.4535313,12.2416391,-4.6403985,0.00000000274,0.01098750018
-17.3896351,12.2416391,-4.6403985,0.00000000245,0.00986085064
-17.3896351,12.2416391,-4.57648659,0.00000000242,0.00971039364
-18.6035748,12.2643738,-9.88014793,0.00000000358,0.01437628692
-18.678236,12.271101,-9.88014793,0.00000000358,0.01437549302
-18.6676083,12.252985,-9.94403172,0.00000000358,0.01437545912
-18.6036892,12.2529411,-9.94403172,0.00000000358,0.01437629853
-17.4535313,12.6049995,-5.40717506,0.00000000215,0.00862534433
-17.3896351,12.6049995,-5.34326315,0.00000000121,0.00487236732
-17.3896351,12.6049995,-5.40717506,0.00000000147,0.00591527628
-19.9454098,12.2640858,-9.62455559,0.00000000358,0.0143665996
-20.0182362,12.271101,-9.68843937,0.00000000358,0.01436389853
-19.9454098,12.2640858,-9.68843937,0.00000000358,0.01436641047
-18.9876461,12.2619915,-9.24116707,0.00000000358,0.01437126216
-19.0537357,12.271101,-9.30507851,0.00000000358,0.01437340125
-18.9876461,12.2619915,-9.30507851,0.00000000358,0.01437339322
-17.354372,12.3913698,-6.3017478,0.00000000341,0.01371536446
-17.354372,12.4552689,-6.3017478,0.00000000343,0.01377706549
-17.354372,12.4552689,-6.23786354,0.00000000342,0.01373461428
-18.028635,12.5822058,-6.42954397,0.00000000228,0.0091587008
-17.9747353,12.5761013,-6.36563206,0.00000000218,0.00875745962
-17.9747353,12.5761013,-6.42954397,0.00000000223,0.00893856995
-18.7857361,12.271101,-9.24116707,0.00000000358,0.014373304
-18.8527355,12.271101,-9.24116707,0.00000000358,0.01437221663
-18.8527355,12.271101,-9.30507851,0.00000000358,0.01437397657
-18.7857361,12.271101,-9.30507851,0.00000000358,0.01437462866
-19.5622196,12.2416391,-7.96315193,0.00000000355,0.01424914733
-19.6261158,12.2416391,-8.02706337,0.00000000354,0.01423639859
-19.5622196,12.2416391,-8.02706337,0.00000000355,0.01426552663
-17.354372,12.3913698,-10.2635365,0.00000000358,0.01438478785
-17.354372,12.4552689,-10.2635365,0.00000000358,0.01438464335
-17.354372,12.4552689,-10.1996241,0.00000000358,0.01438431509
-17.354372,12.3913698,-10.1996241,0.00000000358,0.01438420627
-19.0510273,12.6049995,-10.0718555,0.00000000358,0.01438390477
-18.9871311,12.6049995,-10.0079441,0.00000000358,0.01438351497
-18.9871311,12.6049995,-10.0718555,0.00000000358,0.01438395205
-20.1373196,12.2539244,-8.98557568,0.00000000357,0.0143381709
-20.1725159,12.2416391,-9.04948616,0.00000000357,0.01434720529
-20.1373196,12.2539244,-9.04948616,0.00000000357,0.01434210026
-18.156435,12.4552689,-4.49365044,0.00000000192,0.00770034835
-18.156435,12.5191689,-4.49365044,0.00000000175,0.00703156588
-18.2203312,12.5191689,-4.49365044,0.00000000182,0.00730858262
-19.1788197,12.2416391,-8.6021595,0.00000000357,0.01433602562
-19.2427158,12.2416391,-8.66607094,0.00000000357,0.0143432251
-19.1788197,12.2416391,-8.66607094,0.00000000357,0.01434136256
-17.6452198,12.6049995,-4.76819468,0.00000000172,0.00689938727
-17.5813236,12.6049995,-4.70430994,0.00000000186,0.00748979957
-17.5813236,12.6049995,-4.76819468,0.00000000178,0.00716775367
-18.9876461,12.2619915,-8.6021595,0.00000000357,0.01433722892
-19.0537357,12.271101,-8.6021595,0.00000000357,0.01433655458
-19.0537357,12.271101,-8.66607094,0.00000000357,0.01434172472
-18.9876461,12.2619915,-8.66607094,0.00000000357,0.01434217518
-20.1725159,12.4552689,-9.75235176,0.00000000358,0.01436225903
-20.1725159,12.4552689,-9.68843937,0.00000000357,0.01435950979
-18.2162361,12.5761013,-5.79056358,0.00000000181,0.00727099427
-18.1492348,12.5761013,-5.72667885,0.00000000184,0.00738062438
-18.1492348,12.5761013,-5.79056358,0.00000000187,0.00749631221
-19.7542362,12.271101,-7.32417107,0.00000000346,0.01389235103
-19.8172359,12.271101,-7.3880558,0.00000000346,0.01389085153
-19.7542362,12.271101,-7.3880558,0.00000000346,0.01391053663
-19.3705196,12.2416391,-7.96315193,0.00000000355,0.01427829232
-19.4344273,12.2416391,-8.02706337,0.00000000356,0.01429625311
-19.3705196,12.2416391,-8.02706337,0.00000000356,0.01428796803
-19.247736,12.5761013,-9.43284798,0.00000000358,0.01437822973
-19.1807346,12.5761013,-9.36896324,0.00000000358,0.0143725761
-19.1807346,12.5761013,-9.43284798,0.00000000358,0.01437694254
-18.4102535,12.5883722,-5.15158319,0.00000000162,0.00651527686
-18.350235,12.5761013,-5.08767128,0.00000000159,0.00640545051
-18.350235,12.5761013,-5.15158319,0.00000000162,0.00651943192
-18.8593273,12.6049995,-10.0718555,0.00000000358,0.01438451668
-18.7954197,12.6049995,-10.0079441,0.00000000358,0.01438423214
-18.7954197,12.6049995,-10.0718555,0.00000000358,0.01438461482
-19.1788197,12.2416391,-7.96315193,0.00000000355,0.01424850332
-19.2427158,12.2416391,-7.96315193,0.00000000355,0.01425276716
-19.2427158,12.2416391,-8.02706337,0.00000000355,0.01426438037
-19.1788197,12.2416391,-8.02706337,0.00000000355,0.01426065617
-18.6676273,12.6049995,-10.0718555,0.00000000358,0.01438336062
-18.6676273,12.6049995,-10.0079441,0.00000000358,0.01438286822
-18.6037312,12.6049995,-10.0079441,0.00000000358,0.01438222421
-18.6037312,12.6049995,-10.0718555,0.00000000358,0.01438277904
-17.4535313,12.6049995,-4.76819468,0.00000000185,0.00743254352
-17.3896351,12.6049995,-4.70430994,0.000000002,0.00803922311
-17.3896351,12.6049995,-4.76819468,0.00000000189,0.00758417884
-20.0095158,12.6049995,-9.8162632,0.00000000358,0.01437247354
-19.9456196,12.6049995,-9.75235176,0.00000000358,0.0143709928
-19.9456196,12.6049995,-9.8162632,0.00000000358,0.01437194992
-19.9454098,12.2640858,-6.68519068,0.00000000335,0.01345065316
-20.0182362,12.271101,-6.74910259,0.00000000337,0.01354249374
-19.9454098,12.2640858,-6.74910259,0.00000000337,0.01352396289
-19.4344749,12.5822334,-8.79389477,0.00000000357,0.01435361714
-19.3817348,12.5761013,-8.72998333,0.00000000357,0.01433501852
-19.3817348,12.5761013,-8.79389477,0.00000000357,0.01434404218
-17.354372,12.4552689,-9.56067085,0.00000000358,0.0143698073
-17.354372,12.3913698,-9.56067085,0.00000000358,0.01437148251
-17.354372,12.3913698,-9.62455559,0.00000000358,0.01437174476
-17.354372,12.4552689,-9.62455559,0.00000000358,0.01437121669
-19.5622196,12.2416391,-7.32417107,0.00000000348,0.01398544489
-19.6261158,12.2416391,-7.3880558,0.00000000348,0.01396527989
-19.5622196,12.2416391,-7.3880558,0.00000000349,0.01401299047
-19.3705196,12.2416391,-7.32417107,0.0000000035,0.01406242262
-19.4344273,12.2416391,-7.32417107,0.0000000035,0.01406113098
-19.4344273,12.2416391,-7.3880558,0.00000000351,0.01409935133
-19.3705196,12.2416391,-7.3880558,0.00000000351,0.01410023892
-19.0507355,12.5761013,-9.43284798,0.00000000358,0.01437211584
-18.9894543,12.5881338,-9.36896324,0.00000000358,0.01436623921
-18.9894543,12.5881338,-9.43284798,0.00000000358,0.01437022385
-20.1725159,12.4552689,-9.1133709,0.00000000357,0.01433206593
-20.1725159,12.4552689,-9.04948616,0.00000000357,0.01432799476
-17.5797348,12.271101,-9.8162632,0.00000000358,0.0143772753
-17.6458168,12.2611341,-9.88014793,0.00000000358,0.01437821189
-17.5797348,12.271101,-9.88014793,0.00000000358,0.01437696753
-20.1373196,12.2539244,-6.04615545,0.00000000327,0.01313593518
-20.1725159,12.2416391,-6.04615545,0.00000000328,0.01319408954
-20.1725159,12.2416391,-6.11004019,0.0000000033,0.01325790463
-20.1373196,12.2539244,-6.11004019,0.00000000328,0.01319438923
-18.8593273,12.6049995,-9.43284798,0.00000000358,0.01436934523
-18.8593273,12.6049995,-9.36896324,0.00000000358,0.01436764949
-18.7954197,12.6049995,-9.36896324,0.00000000358,0.01436934611
-18.7954197,12.6049995,-9.43284798,0.00000000358,0.01437029343
-19.6232357,12.5761013,-8.15483189,0.00000000348,0.01397443737
-19.5562363,12.5761013,-8.09094715,0.00000000348,0.01399793403
-19.5562363,12.5761013,-8.15483189,0.0000000035,0.01404151724
-17.7422104,12.2502956,-9.17725563,0.00000000358,0.01436490563
-17.8369198,12.2416391,-9.24116707,0.00000000358,0.01436787429
-17.7422104,12.2502956,-9.24116802,0.00000000358,0.01436744075
-19.7542362,12.271101,-6.68519068,0.00000000334,0.01341419539
-19.8172359,12.271101,-6.74910259,0.00000000337,0.01352050902
-19.7542362,12.271101,-6.74910259,0.00000000336,0.01351053443
-19.5622196,12.2416391,-6.68519068,0.00000000332,0.01333275934
-19.6261158,12.2416391,-6.68519068,0.00000000332,0.0133482582
-19.6261158,12.2416391,-6.74910259,0.00000000335,0.01344677019
-19.5622196,12.2416391,-6.74910259,0.00000000334,0.01342489696
-19.8154697,12.5880909,-7.51587915,0.00000000346,0.0138983998
-19.7532349,12.5761013,-7.45196772,0.00000000345,0.01385285149
-19.7532349,12.5761013,-7.51587915,0.00000000345,0.01387781379
-19.247736,12.5761013,-8.79389477,0.00000000357,0.01432730969
-19.1807346,12.5761013,-8.72998333,0.00000000357,0.01432851391
-19.1807346,12.5761013,-8.79389477,0.00000000357,0.01433293833
-19.0507355,12.5761013,-8.79389477,0.00000000357,0.01433804604
-19.0507355,12.5761013,-8.72998333,0.00000000357,0.01433387138
-18.9894543,12.5881329,-8.72998333,0.00000000357,0.01433638866
-18.9894543,12.5881329,-8.79389477,0.00000000357,0.01434026717
-17.9647236,12.2416391,-8.53824806,0.00000000357,0.01434394408
-18.0286198,12.2416391,-8.6021595,0.00000000357,0.01435056997
-17.9647236,12.2416391,-8.6021595,0.00000000357,0.01434752374
-17.7730122,12.6049995,-10.346241,0.00000000358,0.0143834445
-17.709116,12.6049995,-10.346241,0.00000000358,0.01438306447
-17.709116,12.5191689,-10.346241,0.00000000358,0.01438320901
-17.354372,12.3913698,-8.98557568,0.00000000357,0.01435809864
-17.354372,12.4552689,-8.98557568,0.00000000357,0.01435823603
-17.354372,12.4552689,-8.92166328,0.00000000357,0.01435602113
-17.354372,12.3913698,-8.92166328,0.00000000357,0.01435564559
-17.389719,12.2520218,-7.51587915,0.00000000353,0.01419413736
-17.4537582,12.2639217,-7.57976341,0.00000000352,0.01414456516
-17.389719,12.2520218,-7.57976341,0.00000000354,0.0142100269
-20.0095158,12.6049995,-6.87687111,0.00000000341,0.01370045526
-19.9456196,12.6049995,-6.81298685,0.00000000338,0.01356965571
-19.9456196,12.6049995,-6.87687111,0.00000000339,0.01361489806
-18.156435,12.2416391,-7.89924002,0.00000000355,0.01425763046
-18.2203312,12.2416391,-7.96315193,0.00000000355,0.01424475771
-18.156435,12.2416391,-7.96315193,0.00000000355,0.014269877
-17.6452198,12.6049995,-10.0079441,0.00000000358,0.01438108776
-17.5818367,12.5974588,-9.94403172,0.00000000358,0.01438084158
-17.5813236,12.6049995,-10.0079441,0.00000000358,0.01438121442
-19.9454098,12.2640848,-6.04615545,0.0000000031,0.01246550024
-20.0182362,12.271101,-6.11004019,0.00000000316,0.01269999976
-19.9454098,12.2640848,-6.11004019,0.00000000313,0.01255967523
-19.4344749,12.5822334,-8.15483189,0.00000000355,0.01424902424
-19.3817348,12.5761013,-8.09094715,0.00000000354,0.01423264944
-19.3817348,12.5761013,-8.15483189,0.00000000355,0.01424370156
-19.7542362,12.271101,-6.04615545,0.00000000309,0.01240037032
-19.8172359,12.271101,-6.04615545,0.00000000309,0.01241668803
-19.8172359,12.271101,-6.11004019,0.00000000311,0.01249625086
-19.7542362,12.271101,-6.11004019,0.00000000311,0.0124828884
-19.247736,12.5761013,-8.15483189,0.00000000355,0.01425932974
-19.247736,12.5761013,-8.09094715,0.00000000355,0.01424868349
-19.1807346,12.5761013,-8.09094715,0.00000000355,0.01425509265
-19.1807346,12.5761013,-8.15483189,0.00000000355,0.01426515374
-17.5797348,12.271101,-6.87687111,0.00000000343,0.01378039808
-17.6458168,12.2611341,-6.94078302,0.00000000344,0.01381199073
-17.5797348,12.271101,-6.94078302,0.00000000344,0.01381860686
-20.1373196,12.2539158,-5.40717506,0.00000000312,0.01252509431
-20.1725159,12.2416391,-5.40717506,0.0000000031,0.01246700689
-20.1725159,12.2416391,-5.47108698,0.00000000312,0.01254972474
-20.1373196,12.2539196,-5.47108698,0.00000000314,0.01259957795
-18.3469486,12.258604,-7.26028681,0.00000000346,0.0139071862
-18.411478,12.2614498,-7.32417107,0.00000000347,0.01393669154
-18.3469486,12.258604,-7.32417107,0.00000000347,0.01394909865
-19.6232357,12.5761013,-7.51587915,0.00000000343,0.01378684022
-19.5562363,12.5761013,-7.45196772,0.00000000339,0.01361191875
-19.5562363,12.5761013,-7.51587915,0.0000000034,0.01366140441
-17.8407364,12.5761013,-9.36896324,0.00000000358,0.01436907048
-17.773735,12.5761013,-9.30507851,0.00000000357,0.01434833728
-17.773735,12.5761013,-9.36896324,0.00000000358,0.01436208597
-17.7422104,12.2502956,-6.23786354,0.00000000318,0.01278486651
-17.8369198,12.2416391,-6.3017478,0.0000000032,0.01283927794
-17.7422104,12.2502956,-6.3017478,0.00000000321,0.01290172113
-19.9454098,12.2640848,-5.40717506,0.00000000293,0.01178572587
-20.0182362,12.271101,-5.40717506,0.00000000305,0.01223662759
-20.0182362,12.271101,-5.47108698,0.00000000304,0.01222871893
-19.9454098,12.2640848,-5.47108698,0.00000000293,0.01177636946
-19.4344749,12.5822334,-7.51587915,0.0000000035,0.0140411515
-19.4344749,12.5822334,-7.45196772,0.00000000348,0.01399605365
-19.3817348,12.5761013,-7.45196772,0.0000000035,0.01405485741
-19.3817348,12.5761013,-7.51587915,0.00000000351,0.01408255552
-17.6438637,12.5888662,-7.3880558,0.0000000035,0.01404596487
-17.6438637,12.5888662,-7.32417107,0.00000000349,0.01402401045
-17.6121159,12.5962973,-7.32417154,0.0000000035,0.0140705953
-17.6121159,12.5962973,-7.3880558,0.00000000351,0.01409027236
-19.8154697,12.5880909,-6.87687111,0.00000000336,0.01351640394
-19.7532349,12.5761013,-6.81298685,0.00000000334,0.01343674743
-19.7532349,12.5761013,-6.87687111,0.00000000336,0.01348509226
-20.1725159,12.4552689,-8.72998333,0.00000000356,0.01430446149
-17.6458168,12.2611341,-6.55736732,0.00000000336,0.01348123871
-17.6458168,12.2611341,-6.62127876,0.00000000337,0.01355531917
-17.5797348,12.271101,-6.62127876,0.00000000338,0.01359268142
-17.5797348,12.271101,-6.55736732,0.00000000337,0.01353039704
-18.2203312,12.2416391,-5.27937889,0.00000000288,0.01155004976
-18.2203312,12.2416391,-5.34326315,0.00000000289,0.01162418819
-18.156435,12.2416391,-5.34326315,0.00000000297,0.01193432476
-18.156435,12.2416391,-5.27937889,0.00000000295,0.01183795985
-17.4535313,12.6049995,-7.70755959,0.00000000354,0.01423110001
-17.3896351,12.6049995,-7.64364767,0.00000000354,0.01423191175
-17.3896351,12.6049995,-7.70755959,0.00000000355,0.01424259813
-19.8154697,12.5880909,-6.55736732,0.00000000331,0.0132908487
-19.8202362,12.5761013,-6.49345541,0.0000000033,0.0132513786
-19.7532349,12.5761013,-6.49345541,0.0000000033,0.01324333525
-19.7548981,12.5872383,-6.55736732,0.0000000033,0.01327642386
-17.9647236,12.2416391,-5.5988555,0.00000000296,0.01188126832
-18.0286198,12.2416391,-5.66276741,0.00000000306,0.01230870458
-17.9647236,12.2416391,-5.66276741,0.00000000299,0.01199176994
-20.1373196,12.2416391,-4.76819468,0.00000000274,0.01102039519
-20.1725159,12.2416391,-4.76819468,0.00000000267,0.01070895361
-20.1725159,12.2416391,-4.83207893,0.0000000028,0.01125864744
-20.1373196,12.2416391,-4.83207893,0.00000000284,0.01142665936
-19.6232357,12.5761013,-6.87687111,0.00000000332,0.01334261438
-19.6232357,12.5761013,-6.81298685,0.0000000033,0.01325490656
-19.5562363,12.5761013,-6.81298685,0.00000000311,0.01247447573
-19.5562363,12.5761013,-6.87687111,0.0000000032,0.01284645782
-18.028635,12.5822048,-8.72998333,0.00000000357,0.01435033002
-17.9747353,12.5761013,-8.66607094,0.00000000356,0.01428642575
-17.9747353,12.5761013,-8.72998333,0.00000000356,0.01429793278
-17.389719,12.2520218,-6.87687111,0.00000000348,0.01396334954
-17.4537582,12.2639217,-6.94078302,0.00000000345,0.01387923567
-17.389719,12.2520218,-6.94078302,0.00000000348,0.01399249899
-18.5442352,12.271101,-6.62127876,0.00000000328,0.01318377689
-18.6035748,12.2643738,-6.68519068,0.00000000331,0.01328036391
-18.5442352,12.271101,-6.68519068,0.0000000033,0.01327504476
-17.8369198,12.2416391,-5.91835976,0.00000000304,0.01222664588
-17.8369198,12.2416391,-5.98227119,0.00000000307,0.01231924645
-17.7422104,12.2502956,-5.98227167,0.00000000308,0.01237796725
-17.7422104,12.2502956,-5.91835976,0.00000000306,0.0122912094
-20.0095158,12.6049995,-6.23786354,0.0000000033,0.01327223759
-19.9456196,12.6049995,-6.1739521,0.00000000327,0.01314100007
-19.9456196,12.6049995,-6.23786354,0.00000000328,0.01318634856
-19.8176193,12.2514591,-9.94403172,0.00000000358,0.0143711819
-19.8178043,12.2416391,-10.0079441,0.00000000358,0.01437285084
-19.7539082,12.2416391,-10.0079441,0.00000000358,0.01437685155
-19.7535458,12.2501497,-9.94403172,0.00000000358,0.01437479903
-17.4537582,12.2639217,-6.62127876,0.00000000341,0.0137018156
-17.389719,12.2520218,-6.62127876,0.00000000344,0.01382806941
-17.389719,12.2520218,-6.55736732,0.00000000343,0.01378913274
-17.4537582,12.2639217,-6.55736732,0.0000000034,0.01365986835
-19.6261158,12.2416391,-10.346241,0.00000000358,0.0143869091
-19.5622196,12.2416391,-10.346241,0.00000000358,0.014387637
-19.5622196,12.2416391,-10.2635365,0.00000000358,0.01438739166
-19.8154697,12.5880909,-6.23786354,0.00000000324,0.0130108776
-19.8154697,12.5880909,-6.1739521,0.00000000319,0.01283194107
-19.7532349,12.5761013,-6.1739521,0.00000000265,0.01064671113
-19.7532349,12.5761013,-6.23786354,0.00000000293,0.01178050399
-20.0095158,12.6049995,-5.91835976,0.00000000323,0.01295630736
-20.0095158,12.6049995,-5.85444784,0.0000000032,0.01286552204
-19.9456196,12.6049995,-5.85444784,0.00000000318,0.01277814874
-19.9456196,12.6049995,-5.91835976,0.00000000321,0.01288727841
-18.0286198,12.2416391,-5.27937889,0.0000000029,0.01164696415
-18.0286198,12.2416391,-5.34326315,0.00000000293,0.01176175195
-17.9647236,12.2416391,-5.34326315,0.00000000285,0.01144026443
-17.9647236,12.2416391,-5.27937889,0.00000000282,0.01132932572
-17.5797348,12.271101,-6.23786354,0.00000000324,0.01302256216
-17.6458168,12.2611341,-6.3017478,0.00000000325,0.01304674658
-17.5797348,12.271101,-6.3017478,0.00000000327,0.01315349372
-17.354372,12.3913698,-8.6021595,0.00000000357,0.0143405767
-17.354372,12.4552689,-8.6021595,0.00000000357,0.01434233218
-17.354372,12.4552689,-8.53824806,0.00000000357,0.01433900674
-17.4535313,12.6049995,-7.3880558,0.00000000353,0.01416526358
-17.4535313,12.6049995,-7.32417107,0.00000000352,0.0141490645
-17.3896351,12.6049995,-7.32417107,0.00000000353,0.01416454641
-17.3896351,12.6049995,-7.3880558,0.00000000353,0.01418011216
-18.4120426,12.2416391,-4.70430994,0.00000000264,0.0105896727
-18.348135,12.2416391,-4.70430994,0.00000000261,0.010502856
-18.348135,12.2416391,-4.6403985,0.00000000258,0.01035933803
-18.4120426,12.2416391,-4.6403985,0.0000000026,0.01042675335
-17.8407364,12.5761013,-6.74910259,0.0000000034,0.01364155429
-17.8407364,12.5761013,-6.68519068,0.00000000338,0.01358882076
-17.773735,12.5761013,-6.68519068,0.0000000034,0.01364046516
-17.773735,12.5761013,-6.74910259,0.00000000341,0.01368249889
-18.156435,12.2416391,-4.95990229,0.00000000267,0.01071793983
-18.2203312,12.2416391,-5.02378654,0.00000000272,0.01092812376
-18.156435,12.2416391,-5.02378654,0.00000000278,0.01117004665
-17.6438637,12.5888662,-7.0685792,0.00000000347,0.01392353066
-17.6121159,12.5962973,-7.00469446,0.00000000347,0.01395403153
-17.6121159,12.5962973,-7.0685792,0.00000000348,0.01398006066
-20.1725159,12.2416391,-6.87687111,0.00000000346,0.01388987388
-20.1725159,12.3274698,-6.87687111,0.00000000345,0.01386296609
-20.1725159,12.3274698,-6.94078302,0.00000000346,0.01389575409
-20.1725159,12.2416391,-6.94078302,0.00000000347,0.01392274926
-17.389719,12.2520218,-6.23786354,0.00000000338,0.01356392896
-17.4537582,12.2639217,-6.23786354,0.00000000333,0.01339526138
-17.4537582,12.2639217,-6.3017478,0.00000000335,0.01345768403
-17.389719,12.2520218,-6.3017478,0.00000000339,0.01361336915
-17.6458168,12.2611341,-5.98227119,0.00000000309,0.01239835436
-17.5797348,12.271101,-5.98227119,0.0000000031,0.01245629459
-17.5797348,12.271101,-5.91835976,0.00000000307,0.01232561102
-17.6458168,12.2611341,-5.91835976,0.00000000306,0.01228915595
-18.7315483,12.2647686,-5.98227119,0.00000000317,0.01275005636
-18.7857361,12.271101,-6.04615545,0.00000000323,0.01298672527
-18.7315483,12.2647648,-6.04615545,0.00000000318,0.01278596994
-20.0095158,12.6049995,-5.5988555,0.00000000302,0.01212522681
-20.0095158,12.6049995,-5.53497124,0.00000000294,0.01180070823
-19.9456196,12.6049995,-5.53497124,0.00000000274,0.01100799431
-19.9456196,12.6049995,-5.5988555,0.00000000288,0.01158295728
-18.2162361,12.5761013,-8.09094715,0.00000000353,0.01418882271
-18.1492348,12.5761013,-8.02706337,0.00000000352,0.01414697896
-18.1492348,12.5761013,-8.09094715,0.00000000353,0.01416756408
-17.7422104,12.2502956,-5.5988555,0.00000000295,0.01186668021
-17.8369198,12.2416391,-5.66276741,0.00000000295,0.01186189633
-17.7422104,12.2502956,-5.66276741,0.00000000298,0.0119535023
-20.1725159,12.3274698,-6.62127876,0.00000000341,0.01370946911
-20.1725159,12.2416391,-6.62127876,0.00000000342,0.01373140566
-20.1725159,12.2416391,-6.55736732,0.00000000341,0.0136824864
-20.1725159,12.3274698,-6.55736732,0.0000000034,0.01366430526
-19.6261158,12.2416391,-9.94403172,0.00000000358,0.01438223136
-19.6261158,12.2416391,-10.0079441,0.00000000358,0.01438541137
-19.5622196,12.2416391,-10.0079441,0.00000000358,0.01438867439
-19.5622196,12.2416391,-9.94403172,0.00000000358,0.0143850403
-19.7542362,12.271101,-9.62455559,0.00000000358,0.01437296952
-19.8172359,12.271101,-9.68843937,0.00000000358,0.01437326921
-19.7542362,12.271101,-9.68843937,0.00000000358,0.01437453233
-20.0182362,12.271101,-9.30507851,0.00000000357,0.01435230943
-20.0182362,12.271101,-9.36896324,0.00000000357,0.01435699344
-19.9454098,12.2640858,-9.36896324,0.00000000357,0.01435727264
-19.9454098,12.2640858,-9.30507851,0.00000000357,0.01435201508
-17.5797348,12.271101,-5.5988555,0.00000000297,0.01194206481
-17.6458168,12.2611341,-5.5988555,0.00000000294,0.01179462556
-17.6458168,12.2611341,-5.66276741,0.00000000296,0.011893299
-17.5797348,12.271101,-5.66276741,0.00000000298,0.01198650792
-17.8369198,12.2416391,-5.34326315,0.00000000283,0.01138639356
-17.7422104,12.2502956,-5.34326315,0.00000000286,0.01147359119
-17.7422104,12.2502956,-5.27937937,0.00000000283,0.01138696357
-17.8369198,12.2416391,-5.27937889,0.00000000281,0.01128420112
-19.4344273,12.2416391,-10.346241,0.00000000358,0.0143888626
-19.3705196,12.2416391,-10.346241,0.00000000358,0.01438902498
-19.3705196,12.2416391,-10.2635365,0.00000000358,0.01438908383
-17.6438637,12.5888662,-6.74910259,0.00000000343,0.01375959706
-17.6438637,12.5888662,-6.68519068,0.00000000342,0.01372000476
-17.6121159,12.5962973,-6.68519068,0.00000000343,0.01379546609
-17.6121159,12.5962973,-6.74910259,0.00000000344,0.01383168655
-18.2203312,12.2416391,-4.70430994,0.0000000023,0.00923250832
-18.1326427,12.2416391,-4.72872305,0.00000000199,0.00799486653
-18.156435,12.2416391,-4.6403985,0.00000000216,0.0086732119
-18.2203312,12.2416391,-4.6403985,0.00000000235,0.00942257454
-17.8407364,12.5761013,-6.42954397,0.00000000317,0.01273592764
-17.773735,12.5761013,-6.36563206,0.00000000331,0.01329037948
-17.773735,12.5761013,-6.42954397,0.00000000334,0.01341068709
-18.919735,12.271101,-5.34326315,0.00000000287,0.01152894014
-18.9876461,12.2619915,-5.40717506,0.0000000028,0.0112410452
-18.919735,12.271101,-5.40717506,0.00000000288,0.01158902927
-18.028635,12.5822058,-6.11004019,0.00000000213,0.00855701741
-18.028635,12.5822058,-6.04615545,0.00000000209,0.00840750061
-17.9747353,12.5761013,-6.04615545,0.00000000208,0.00836530542
-17.9747353,12.5761013,-6.11004019,0.00000000211,0.00845675705
-18.4102535,12.5883722,-7.45196772,0.00000000348,0.01398397484
-18.350235,12.5761013,-7.3880558,0.00000000347,0.01393995455
-18.350235,12.5761013,-7.45196772,0.00000000348,0.01397499577
-19.4344273,12.2416391,-10.0079441,0.00000000358,0.01438962797
-19.3705196,12.2416391,-10.0079441,0.00000000358,0.01438902763
-19.3705196,12.2416391,-9.94403172,0.00000000358,0.01438613927
-19.4344273,12.2416391,-9.94403172,0.00000000358,0.01438600103
-17.9836502,12.7108688,-9.96281528,0.00000000358,0.01439174384
-18.0262604,12.7108688,-9.93344688,0.00000000358,0.01439174384
-18.0262604,12.6469688,-9.93344688,0.00000000358,0.014391751
-17.9836502,12.6469688,-9.96281528,0.00000000358,0.01439175453
-17.9647236,12.2416391,-4.95990229,0.0000000026,0.01046245019
-18.0286198,12.2416391,-5.02378654,0.00000000273,0.01094770629
-17.9647236,12.2416391,-5.02378654,0.00000000269,0.01080654415
-17.4535313,12.6049995,-7.0685792,0.0000000035,0.01407190213
-17.3896351,12.6049995,-7.00469446,0.0000000035,0.01406656161
-17.3896351,12.6049995,-7.0685792,0.00000000351,0.01408919572
-19.1788197,12.2416391,-10.2635365,0.00000000358,0.01438789387
-19.2427158,12.2416391,-10.2635365,0.00000000358,0.01438843355
-19.2427158,12.2416391,-10.346241,0.00000000358,0.01438868154
-19.1788197,12.2416391,-10.346241,0.00000000358,0.01438836931
-17.9647236,12.2416391,-4.6403985,0.00000000222,0.00893659947
-18.0286198,12.2416391,-4.6403985,0.00000000224,0.00900562488
-18.0262604,12.2416391,-4.69924212,0.00000000206,0.00827867243
-17.9857521,12.2416391,-4.72700691,0.00000000205,0.0082174442
-19.9454098,12.2640858,-8.98557568,0.00000000357,0.01432395299
-20.0182362,12.271101,-9.04948616,0.00000000357,0.0143286049
-19.9454098,12.2640858,-9.04948616,0.00000000357,0.0143289947
-20.1725159,12.2416391,-6.3017478,0.00000000335,0.01344902523
-20.1725159,12.2416391,-6.23786354,0.00000000333,0.01338551697
-20.1725159,12.3274698,-6.23786354,0.00000000333,0.01339533634
-20.1725159,12.3274698,-6.3017478,0.00000000335,0.01345353882
-20.1725159,12.2416391,-8.66607094,0.00000000357,0.01432625531
-20.1725159,12.2416391,-8.72998333,0.00000000357,0.01433062978
-20.1373196,12.2539244,-8.72998333,0.00000000356,0.01431984972
-20.1373196,12.2539244,-8.66607094,0.00000000356,0.01431443428
-19.8172359,12.271101,-9.30507851,0.00000000357,0.01435975601
-19.8172359,12.271101,-9.36896324,0.00000000358,0.01436335443
-19.7542362,12.271101,-9.36896324,0.00000000358,0.0143643972
-19.7542362,12.271101,-9.30507851,0.00000000357,0.01436158822
-17.7422104,12.2502861,-4.95990276,0.00000000284,0.01142147491
-17.8369198,12.2416391,-4.95990229,0.00000000277,0.01111152837
-17.8369198,12.2416391,-5.02378654,0.00000000275,0.01105391996
-17.7422104,12.2502861,-5.02378702,0.00000000283,0.01135458414
-20.1725159,12.6049995,-4.76819468,0.00000000193,0.0077336555
-20.1725159,12.6049995,-4.83207893,0.00000000174,0.00697407121
-20.1725159,12.5191689,-4.83207893,0.0000000017,0.00684186496
-20.1725159,12.5191689,-4.76819468,0.00000000184,0.00740856422
-17.4535313,12.6049995,-6.74910259,0.00000000347,0.01393986268
-17.4535313,12.6049995,-6.68519068,0.00000000346,0.01390740386
-17.3896351,12.6049995,-6.68519068,0.00000000347,0.01392498822
-17.3896351,12.6049995,-6.74910259,0.00000000347,0.01395741225
-19.5622196,12.2416391,-9.62455559,0.00000000358,0.01437042279
-19.6261158,12.2416391,-9.68843937,0.00000000358,0.01437312205
-19.5622196,12.2416391,-9.68843937,0.00000000358,0.01437242895
-18.0286369,12.5821972,-5.79056358,0.00000000192,0.00772445339
-17.9747353,12.5761013,-5.72667885,0.0000000019,0.00762855594
-17.9747353,12.5761013,-5.79056358,0.00000000194,0.00779239052
-19.1149235,12.2416391,-4.76819468,0.00000000249,0.01000450326
-19.1149235,12.2416391,-4.70430994,0.00000000237,0.00951260697
-19.1788197,12.2416391,-4.76819468,0.00000000247,0.00992417691
-18.6037312,12.6049995,-6.81298685,0.0000000034,0.01364072652
-18.539835,12.6049995,-6.74910259,0.00000000336,0.01348958714
-18.539835,12.6049995,-6.81298685,0.00000000337,0.01355561801
-17.8407364,12.5761013,-6.11004019,0.00000000234,0.00938921657
-17.8407364,12.5761013,-6.04615545,0.0000000022,0.00882071539
-17.773735,12.5761013,-6.04615545,0.00000000287,0.01151586845
-17.773735,12.5761013,-6.11004019,0.00000000302,0.01214372017
-18.2162361,12.5761013,-5.47108698,0.00000000176,0.00707776049
-18.2162361,12.5761013,-5.40717506,0.00000000175,0.00702612589
-18.1492348,12.5761013,-5.40717506,0.00000000169,0.00679913141
-18.1492348,12.5761013,-5.47108698,0.00000000172,0.00691206109
-19.3705196,12.2416391,-9.62455559,0.00000000358,0.01437622092
-19.4344273,12.2416391,-9.62455559,0.00000000358,0.01437374554
-19.4344273,12.2416391,-9.68843937,0.00000000358,0.01437549925
-19.3705196,12.2416391,-9.68843937,0.00000000358,0.01437797375
-17.6438637,12.5888662,-6.42954397,0.00000000337,0.01353743242
-17.6121159,12.5962973,-6.36563253,0.00000000338,0.01357600244
-17.6121159,12.5962973,-6.42954397,0.00000000339,0.01362491278
-19.6261158,12.2416391,-9.36896324,0.00000000358,0.01436301903
-19.5622196,12.2416391,-9.36896324,0.00000000358,0.0143628317
-19.5622196,12.2416391,-9.30507851,0.00000000357,0.01436068373
-19.6261158,12.2416391,-9.30507851,0.00000000357,0.0143607613
-20.1373196,12.2539244,-8.3465395,0.00000000355,0.01428103883
-20.1725159,12.2416391,-8.41042423,0.00000000356,0.01430453465
-20.1373196,12.2539244,-8.41042423,0.00000000356,0.01428865579
-17.4535313,12.6049995,-6.42954397,0.00000000342,0.0137540924
-17.4535313,12.6049995,-6.36563206,0.00000000341,0.01370938351
-17.3896351,12.6049995,-6.36563206,0.00000000342,0.0137272016
-17.3896351,12.6049995,-6.42954397,0.00000000343,0.0137720006
-19.8178043,12.6049995,-10.1357403,0.00000000358,0.01437547519
-19.8178043,12.6049995,-10.0718555,0.00000000358,0.01437488822
-19.7539082,12.6049995,-10.0718555,0.00000000358,0.01437563933
-19.7539082,12.6049995,-10.1357403,0.00000000358,0.01437631725
-17.6438637,12.5888662,-6.11004019,0.0000000033,0.01327278173
-17.6438637,12.5888662,-6.04615545,0.00000000329,0.01321706259
-17.6121159,12.5962973,-6.04615545,0.00000000331,0.01330854282
-17.6121159,12.5962973,-6.11004019,0.00000000333,0.01336354295
-20.0182362,12.271101,-8.66607094,0.00000000356,0.01429192684
-20.0182362,12.271101,-8.72998333,0.00000000356,0.01429909687
-19.9454098,12.2640858,-8.72998333,0.00000000356,0.01430000763
-19.9454098,12.2640858,-8.66607094,0.00000000356,0.01429218193
-19.7542362,12.271101,-8.98557568,0.00000000357,0.01434294233
-19.8172359,12.271101,-9.04948616,0.00000000357,0.01434253377
-19.7542362,12.271101,-9.04948616,0.00000000357,0.01434736855
-18.2162361,12.5761013,-5.15158319,0.00000000164,0.00658317209
-18.1492348,12.5761013,-5.08767128,0.00000000144,0.00579409004
-18.1492348,12.5761013,-5.15158319,0.00000000153,0.0061661751
-18.4120426,12.6049995,-4.83207893,0.00000000118,0.0047373494
-18.4120426,12.6049995,-4.76819468,0.00000000121,0.00484523741
-18.348135,12.6049995,-4.76819468,0.00000000118,0.00473279386
-18.348135,12.6049995,-4.83207893,0.0000000012,0.00482453277
-20.1725159,12.3274698,-5.98227119,0.00000000328,0.01315917675
-20.1725159,12.2416391,-5.98227119,0.00000000327,0.01312978827
-20.1725159,12.2416391,-5.91835976,0.00000000325,0.0130643845
-20.1725159,12.3274698,-5.91835976,0.00000000326,0.01310045065
-18.7954197,12.6049995,-6.1739521,0.00000000334,0.01343210002
-18.7315235,12.6049995,-6.11004019,0.00000000328,0.01317007902
-18.7315235,12.6049995,-6.1739521,0.0000000033,0.01325599211
-19.5622196,12.2416391,-8.98557568,0.00000000357,0.01434826143
-19.6261158,12.2416391,-8.98557568,0.00000000357,0.01434628115
-19.6261158,12.2416391,-9.04948616,0.00000000357,0.01434965925
-19.5622196,12.2416391,-9.04948616,0.00000000357,0.01435097765
-17.8407364,12.5761013,-5.79056358,0.00000000182,0.0073248794
-17.773735,12.5761013,-5.72667885,0.00000000181,0.00728850817
-17.773735,12.5761013,-5.79056358,0.00000000199,0.00801386298
-18.0286369,12.5821972,-5.47108698,0.0000000017,0.00681163795
-18.0286369,12.5821972,-5.40717506,0.00000000164,0.00659947015
-17.9747353,12.5761013,-5.40717506,0.00000000169,0.00678780632
-17.9747353,12.5761013,-5.47108698,0.00000000174,0.00699030998
-19.8154697,12.5880909,-9.8162632,0.00000000358,0.01437190087
-19.7532349,12.5761013,-9.75235176,0.00000000358,0.01437100261
-19.7532349,12.5761013,-9.8162632,0.00000000358,0.01437185001
-20.1725159,12.2416391,-5.66276741,0.00000000318,0.01278439998
-20.1725159,12.2416391,-5.5988555,0.00000000316,0.01270863274
-20.1725159,12.3274698,-5.5988555,0.00000000319,0.01279692038
-20.1725159,12.3274698,-5.66276741,0.0000000032,0.01286179877
-17.7730122,12.4552689,-4.49365044,0.00000000212,0.00850323488
-17.7730122,12.5191689,-4.49365044,0.00000000211,0.00846041882
-17.8369198,12.5191689,-4.49365044,0.00000000209,0.00840133052
-17.8369198,12.4552689,-4.49365044,0.00000000211,0.00845908435
-19.8172359,12.271101,-8.72998333,0.00000000356,0.01431173413
-19.7542362,12.271101,-8.72998333,0.00000000356,0.01431909596
-19.7542362,12.271101,-8.66607094,0.00000000356,0.01431130151
-19.8172359,12.271101,-8.66607094,0.00000000356,0.01430328937
-17.4535313,12.2416391,-10.1996241,0.00000000358,0.01438163371
-17.3896351,12.2416391,-10.1996241,0.00000000358,0.01438273891
-17.3896351,12.2416391,-10.1357403,0.00000000358,0.01438060966
-17.4535313,12.2416391,-10.1357403,0.00000000358,0.0143792181
-17.6438637,12.5888662,-5.79056358,0.00000000311,0.01249173007
-17.6438637,12.5888662,-5.72667885,0.00000000291,0.01167540085
-17.6121159,12.5962973,-5.72667933,0.0000000032,0.0128650609
-17.6121159,12.5962973,-5.79056358,0.00000000325,0.01304360043
-17.354372,12.5191689,-4.70430994,0.00000000201,0.0080724651
-17.354372,12.5191689,-4.6403985,0.00000000214,0.00861056267
-17.354372,12.4552689,-4.6403985,0.00000000226,0.00909177347
-17.354372,12.4552689,-4.70430994,0.00000000219,0.00881381118
-20.1725159,12.2416391,-8.02706337,0.00000000355,0.01425690791
-20.1725159,12.2416391,-8.09094715,0.00000000355,0.01426639545
-20.1373196,12.2539244,-8.09094715,0.00000000355,0.01424404411
-20.1373196,12.2539244,-8.02706337,0.00000000354,0.01423262357
-20.0095158,12.6049995,-9.49675941,0.00000000357,0.01435191428
-20.0095158,12.6049995,-9.43284798,0.00000000357,0.01433809063
-19.9456196,12.6049995,-9.43284798,0.00000000357,0.01433905221
-19.9456196,12.6049995,-9.49675941,0.00000000357,0.0143558802
-19.9454098,12.2640858,-8.3465395,0.00000000355,0.014241426
-20.0182362,12.271101,-8.41042423,0.00000000355,0.01425639145
-19.9454098,12.2640858,-8.41042423,0.00000000355,0.01425328005
-19.5705547,12.6049995,-10.0754814,0.00000000358,0.01438767267
-19.5410805,12.6049995,-10.1129293,0.00000000358,0.01438601172
-19.6261158,12.6049995,-10.1357403,0.00000000358,0.01438036613
-19.6261158,12.6049995,-10.0718555,0.00000000358,0.0143809825
-17.8407364,12.5761013,-5.47108698,0.0000000018,0.007228159
-17.8407364,12.5761013,-5.40717506,0.00000000178,0.00713198412
-17.773735,12.5761013,-5.40717506,0.00000000174,0.00698892244
-17.773735,12.5761013,-5.47108698,0.00000000174,0.00700480841
-18.0286369,12.5821972,-5.15158319,0.00000000138,0.00556351317
-17.9747353,12.5761013,-5.08767128,0.00000000133,0.00532501383
-17.9747353,12.5761013,-5.15158319,0.00000000141,0.00568345862
-18.9894543,12.5881329,-5.53497124,0.00000000257,0.01033271928
-18.9232349,12.6049995,-5.47108698,0.0000000029,0.01166919597
-18.9232349,12.6049995,-5.53497124,0.00000000305,0.01225934289
-20.0095158,12.6049995,-9.17725563,0.00000000356,0.01430362477
-19.9456196,12.6049995,-9.1133709,0.00000000356,0.01428371222
-19.9456196,12.6049995,-9.17725563,0.00000000356,0.01429276533
-17.6458168,12.2611341,-9.49675941,0.00000000358,0.01437582397
-17.6458168,12.2611341,-9.56067085,0.00000000358,0.01437707994
-17.5797348,12.271101,-9.56067085,0.00000000358,0.0143766821
-17.5797348,12.271101,-9.49675941,0.00000000358,0.01437560631
-19.7542362,12.271101,-8.3465395,0.00000000355,0.01426361857
-19.8172359,12.271101,-8.3465395,0.00000000355,0.01425211419
-19.8172359,12.271101,-8.41042423,0.00000000355,0.01426384157
-19.7542362,12.271101,-8.41042423,0.00000000355,0.01427512564
-17.389719,12.2520218,-9.8162632,0.00000000358,0.0143741318
-17.4537582,12.2639217,-9.88014793,0.00000000358,0.01437498724
-17.389719,12.2520218,-9.88014793,0.00000000358,0.01437429683
-18.2203312,12.6049995,-4.83207893,0.00000000119,0.00477695777
-18.2203312,12.6049995,-4.76819468,0.00000000116,0.00466646772
-18.156435,12.6049995,-4.76819468,0.0000000012,0.0048317938
-18.156435,12.6049995,-4.83207893,0.00000000112,0.00449772168
-20.1725159,12.3274698,-5.34326315,0.00000000311,0.01247881899
-20.1725159,12.2416391,-5.34326315,0.00000000308,0.0123828332
-20.1725159,12.2416391,-5.27937889,0.00000000306,0.01229466865
-20.1725159,12.3274698,-5.27937889,0.00000000308,0.01237980392
-20.0182362,12.271101,-8.09094715,0.00000000353,0.01418706635
-19.9454098,12.2640858,-8.09094715,0.00000000353,0.01417662522
-19.9454098,12.2640858,-8.02706337,0.00000000352,0.01415432563
-20.0182362,12.271101,-8.02706337,0.00000000353,0.01416709133
-19.1149235,12.6049995,-4.83207893,0.00000000114,0.00457061486
-19.1147194,12.5953474,-4.89599085,0.00000000132,0.00531549154
-19.1787071,12.5944586,-4.89599085,0.00000000145,0.00582768484
-20.1373196,12.2539244,-7.70755959,0.00000000352,0.01415529079
-20.1725159,12.2416391,-7.77147102,0.00000000354,0.01420970668
-20.1373196,12.2539244,-7.77147102,0.00000000353,0.0141735906
-17.8407364,12.5761013,-5.15158319,0.00000000157,0.00631534223
-17.8365822,12.5833015,-5.08767128,0.00000000148,0.00592883675
-17.773735,12.5761013,-5.08767128,0.00000000155,0.00620815135
-17.773735,12.5761013,-5.15158319,0.00000000161,0.00647442506
-19.8202362,12.5761013,-9.49675941,0.00000000358,0.01436461305
-19.8154697,12.5880909,-9.43284798,0.00000000357,0.01435176175
-19.7532349,12.5761013,-9.43284798,0.00000000357,0.01435906202
-19.7532349,12.5761013,-9.49675941,0.00000000358,0.01436647201
-17.8369198,12.2416391,-8.85777855,0.00000000357,0.01435052273
-17.8369198,12.2416391,-8.92166328,0.00000000357,0.01435435037
-17.7422104,12.2502956,-8.92166328,0.00000000357,0.01435186608
-17.7422104,12.2502956,-8.85777855,0.00000000357,0.01434747288
-18.2203312,12.2416391,-10.2635365,0.00000000358,0.0143888626
-18.156435,12.2416391,-10.2635365,0.00000000358,0.01438923637
-18.156435,12.2416391,-10.1996241,0.00000000358,0.01438957089
-17.5797348,12.271101,-9.17725563,0.00000000358,0.01436385575
-17.6458168,12.2611341,-9.24116707,0.00000000358,0.01436670839
-17.5797348,12.271101,-9.24116707,0.00000000358,0.01436694389
-19.6232357,12.5761013,-9.8162632,0.00000000358,0.01437146287
-19.5562363,12.5761013,-9.75235176,0.00000000358,0.01436887336
-19.5562363,12.5761013,-9.8162632,0.00000000358,0.01436959141
-17.9647236,12.6049995,-4.76819468,0.00000000189,0.00759356289
-17.9647236,12.6049995,-4.83207893,0.00000000176,0.00708454475
-18.0286198,12.6049995,-4.83207893,0.00000000156,0.00626640915
-18.0286198,12.6049995,-4.76819468,0.00000000171,0.00685328815
-19.9454098,12.2640858,-7.70755959,0.00000000349,0.01400842332
-20.0182362,12.271101,-7.70755959,0.00000000349,0.01402944642
-20.0182362,12.271101,-7.77147102,0.0000000035,0.0140606796
-19.9454098,12.2640858,-7.77147102,0.00000000349,0.01404030679
-18.3469486,12.258604,-9.56067085,0.00000000358,0.01437871767
-18.411478,12.2614498,-9.62455559,0.00000000358,0.0143798015
-18.3469486,12.258604,-9.62455559,0.00000000358,0.01437983536
-17.4537582,12.2639217,-9.49675941,0.00000000358,0.01437470182
-17.4537582,12.2639217,-9.56067085,0.00000000358,0.01437538331
-17.389719,12.2520218,-9.56067085,0.00000000358,0.01437486504
-17.389719,12.2520218,-9.49675941,0.00000000358,0.01437437621
-18.1349926,12.6469688,-9.96494961,0.00000000358,0.01439177594
-18.0953541,12.6469688,-9.93487644,0.00000000358,0.01439176168
-18.0953541,12.7108688,-9.93487644,0.00000000358,0.01439174384
-18.1349926,12.7108688,-9.96494961,0.00000000358,0.01439174384
-18.0286198,12.2416391,-8.21874428,0.00000000357,0.01432720532
-18.0286198,12.2416391,-8.28265572,0.00000000357,0.01433223454
-17.9647236,12.2416391,-8.28265572,0.00000000357,0.01432477457
-17.9647236,12.2416391,-8.21874428,0.00000000356,0.01431863477
-19.4344749,12.5822334,-9.8162632,0.00000000358,0.01436832652
-19.4344749,12.5822334,-9.75235176,0.00000000358,0.01436813297
-19.3817348,12.5761013,-9.75235176,0.00000000358,0.01437697199
-19.3817348,12.5761013,-9.8162632,0.00000000358,0.01437747419
-20.1725159,12.2416391,-7.45196772,0.00000000352,0.01412513517
-20.1373196,12.2539244,-7.45196772,0.0000000035,0.0140734792
-20.1373196,12.2539244,-7.3880558,0.0000000035,0.01405176031
-20.1725159,12.2416391,-7.3880558,0.00000000351,0.01410472041
-17.7422104,12.2502956,-8.53824806,0.00000000356,0.01431664826
-17.8369198,12.2416391,-8.6021595,0.00000000357,0.01433042105
-17.7422104,12.2502956,-8.60216045,0.00000000357,0.01432407074
-20.0095158,12.6049995,-8.85777855,0.00000000355,0.01426866205
-20.0095158,12.6049995,-8.79389477,0.00000000355,0.01426160887
-19.9456196,12.6049995,-8.79389477,0.00000000354,0.01424095947
-19.9456196,12.6049995,-8.85777855,0.00000000355,0.01424944172
-18.2842274,12.5191689,-4.49365044,0.00000000185,0.00744634126
-18.2842274,12.6049995,-4.49365044,0.00000000181,0.00727962098
-18.348135,12.6049995,-4.49365044,0.00000000184,0.0074032799
-18.348135,12.5191689,-4.49365044,0.00000000188,0.0075667916
-17.3896351,12.6049995,-10.2635365,0.00000000358,0.01438382984
-17.3896351,12.6049995,-10.346241,0.00000000358,0.01438389227
-17.4535313,12.6049995,-10.346241,0.00000000358,0.0143836336
-17.4535313,12.6049995,-10.2635365,0.00000000358,0.0143835087
-19.8154697,12.5880909,-9.17725563,0.00000000355,0.01427592758
-19.7532349,12.5761013,-9.1133709,0.00000000355,0.01424284077
-19.7532349,12.5761013,-9.17725563,0.00000000355,0.01424563633
-19.6232357,12.5761013,-9.49675941,0.00000000358,0.01436667453
-19.6232357,12.5761013,-9.43284798,0.00000000358,0.01436518752
-19.5562363,12.5761013,-9.43284798,0.00000000358,0.01436489759
-19.5562363,12.5761013,-9.49675941,0.00000000358,0.0143657477
-18.5442352,12.271101,-8.92166328,0.00000000357,0.01435352615
-17.3896351,12.6049995,-9.94403172,0.00000000358,0.01438271749
-17.9647236,12.2416391,-7.89924002,0.00000000355,0.01427550829
-20.1373196,12.2539244,-7.0685792,0.00000000347,0.01392861162
-20.1725159,12.2416391,-7.0685792,0.00000000348,0.01398253689
-17.6438637,12.5888662,-9.68843937,0.00000000358,0.01437885149
-17.6438637,12.5888662,-9.62455559,0.00000000358,0.01437813697
-17.6121159,12.5962973,-9.62455559,0.00000000358,0.01437802191
-17.6121159,12.5962973,-9.68843937,0.00000000358,0.01437890769
-17.6458168,12.2611341,-8.85777855,0.00000000357,0.0143453374
-17.6458168,12.2611341,-8.92166328,0.00000000357,0.0143496842
-17.5797348,12.271101,-8.92166328,0.00000000357,0.01434947639
-17.5797348,12.271101,-8.85777855,0.00000000357,0.01434521789
-18.2203312,12.2416391,-7.57976341,0.00000000352,0.01413424002
-18.2203312,12.2416391,-7.64364767,0.00000000352,0.0141574905
-18.156435,12.2416391,-7.64364767,0.00000000353,0.0141932043
-18.156435,12.2416391,-7.57976341,0.00000000353,0.01417197516
-17.389719,12.2520218,-9.17725563,0.00000000358,0.0143686878
-19.8154697,12.5880909,-8.85777855,0.00000000354,0.01422703772
-19.8154697,12.5880909,-8.79389477,0.00000000354,0.01421680092
-19.7532349,12.5761013,-8.79389477,0.00000000354,0.01420564174
-19.7532349,12.5761013,-8.85777855,0.00000000354,0.01421560384
-19.9456196,12.6049995,-8.47433662,0.00000000353,0.01419419356
-19.6232357,12.5761013,-9.1133709,0.00000000353,0.01419402053
-19.5562363,12.5761013,-9.1133709,0.00000000356,0.01429522998
-18.156435,12.2416391,-7.26028681,0.00000000349,0.01400893087
-17.6121159,12.5962973,-9.30507851,0.00000000357,0.01435229693
-17.8369198,12.2416391,-8.21874428,0.00000000355,0.01428082563
-17.8369198,12.2416391,-8.28265572,0.00000000356,0.01429079307
-17.7422104,12.2502956,-8.28265572,0.00000000355,0.01427990864
-17.7422104,12.2502956,-8.21874523,0.00000000355,0.01426897158
-18.7315483,12.2647648,-8.28265572,0.00000000356,0.01430632223
-17.4537582,12.2639217,-8.92166328,0.00000000357,0.01435385528
-17.389719,12.2520218,-8.92166328,0.00000000357,0.01436049994
-17.389719,12.2520218,-8.85777855,0.00000000357,0.01435792111
-17.4537582,12.2639217,-8.85777855,0.00000000357,0.01435016411
-17.5797348,12.271101,-8.53824806,0.00000000356,0.01431592128
-19.8154697,12.5880909,-8.47433662,0.00000000352,0.0141604012
-19.7532349,12.5761013,-8.47433662,0.00000000352,0.01414652938
-20.0095158,12.6049995,-8.21874428,0.00000000353,0.01417758415
-20.0095158,12.6049995,-8.15483189,0.00000000353,0.01416433321
-19.9456196,12.6049995,-8.15483189,0.00000000352,0.01412759805
-19.9456196,12.6049995,-8.21874428,0.00000000352,0.01414274902
-18.411478,12.2614498,-6.94078302,0.00000000339,0.01360837742
-18.411478,12.2614498,-7.00469446,0.0000000034,0.01367761333
-18.3469486,12.258604,-7.00469446,0.00000000341,0.0136835595
-18.3469486,12.258604,-6.94078302,0.00000000339,0.01361296774
-17.8407364,12.5761013,-9.04948616,0.00000000356,0.01430782442
-17.8407364,12.5761013,-8.98557568,0.00000000356,0.01430253741
-17.773735,12.5761013,-8.98557568,0.00000000356,0.0143162736
-17.773735,12.5761013,-9.04948616,0.00000000356,0.01432157041
-20.1725159,12.2416391,-9.17725563,0.00000000357,0.01435234691
-20.1725159,12.3274698,-9.17725563,0.00000000357,0.01434523749
-20.1725159,12.3274698,-9.24116707,0.00000000357,0.01434838991
-20.1725159,12.2416391,-9.24116707,0.00000000357,0.01435465276
-19.4315147,11.9856539,-4.90501356,0.00000000233,0.00935875053
-19.5006275,11.9856539,-4.9064436,0.00000000227,0.00911145052
-19.5006275,12.0718699,-4.9064436,0.00000000228,0.00915311768
-19.4315147,12.0718699,-4.90501404,0.00000000234,0.0094188352
-18.0286198,12.2416391,-7.57976341,0.00000000354,0.01422040467
-18.0286198,12.2416391,-7.64364767,0.00000000354,0.01423825936
-17.9647236,12.2416391,-7.64364767,0.00000000354,0.01421682409
-17.9647236,12.2416391,-7.57976341,0.00000000353,0.01419736646
-17.9008274,12.5191689,-4.49365044,0.0000000021,0.00841772761
-17.9647236,12.5191689,-4.49365044,0.0000000021,0.00842783064
-17.9647236,12.4552689,-4.49365044,0.00000000217,0.00870978918
-17.9008274,12.4552689,-4.49365044,0.00000000214,0.00858153189
-17.4535313,12.6049995,-9.68843937,0.00000000358,0.01437927073
-17.4535313,12.6049995,-9.62455559,0.00000000358,0.01437750898
-17.3896351,12.6049995,-9.62455559,0.00000000358,0.01437787649
-17.3896351,12.6049995,-9.68843937,0.00000000358,0.01437973368
-20.1725159,12.2416391,-8.85777855,0.00000000357,0.01433820481
-20.1725159,12.3274698,-8.85777855,0.00000000357,0.01432703494
-17.7422104,12.2502956,-7.89924002,0.00000000354,0.01420408966
-18.3469486,12.258604,-6.62127876,0.00000000328,0.01318874633
-17.389719,12.2520218,-8.53824806,0.00000000357,0.0143410004
-17.4537582,12.2639217,-8.53824806,0.00000000357,0.01432627853
-20.0095158,12.6049995,-7.83535576,0.00000000351,0.01409131513
-19.9456196,12.6049995,-7.83535576,0.0000000035,0.01404630204
-20.1725159,12.2416391,-4.89599085,0.00000000287,0.01150999897
-20.1725159,12.3274698,-4.89599085,0.00000000286,0.01148445866
-17.3896351,12.5191689,-10.346241,0.00000000358,0.0143842366
-17.3549862,12.6049995,-10.3467865,0.00000000358,0.01438396454
-17.354372,12.5191689,-10.346241,0.00000000358,0.01438430441
-17.6458168,12.2611351,-8.28265572,0.00000000355,0.01427589186
-17.5797348,12.271101,-8.28265572,0.00000000355,0.01427907726
-17.5797348,12.271101,-8.21874428,0.00000000355,0.01426768175
-17.6458168,12.2611351,-8.21874428,0.00000000355,0.01426429918
-17.773735,12.5761013,-8.66607094,0.00000000356,0.01428489327
-18.919735,12.271101,-7.64364767,0.00000000353,0.01418117008
-17.6438637,12.5888672,-9.04948616,0.00000000357,0.01433012224
-17.6438637,12.5888672,-8.98557568,0.00000000357,0.0143247826
-17.6121159,12.5962973,-8.98557568,0.00000000357,0.01433078678
-17.6121159,12.5962973,-9.04948616,0.00000000357,0.01433532002
-18.2203312,12.2416391,-7.00469446,0.00000000342,0.01373816806
-18.156435,12.2416391,-7.00469446,0.00000000343,0.01377663552
-18.156435,12.2416391,-6.94078302,0.00000000341,0.01370861102
-18.2203312,12.2416391,-6.94078302,0.0000000034,0.01366880552
-18.350235,12.5761013,-9.68843937,0.00000000358,0.01437947859
-17.9647236,12.2416391,-7.26028681,0.0000000035,0.01405592693
-17.3896351,12.6049995,-9.30507851,0.00000000357,0.01436022343
-18.6035748,12.2643738,-6.3017478,0.00000000315,0.01267287077
-18.6035748,12.2643738,-6.36563206,0.00000000318,0.01278795111
-18.5442352,12.271101,-6.36563206,0.00000000318,0.0127637756
-18.5442352,12.271101,-6.3017478,0.00000000315,0.01264197207
-17.5797348,12.271101,-7.89924002,0.00000000353,0.01419743604
-17.6458168,12.2611341,-7.89924002,0.00000000353,0.01419466901
-18.028635,12.5822058,-8.41042423,0.00000000356,0.01430013964
-18.028635,12.5822058,-8.3465395,0.00000000356,0.01428293258
-17.9747353,12.5761013,-8.3465395,0.00000000354,0.0142211825
-17.9747353,12.5761013,-8.41042423,0.00000000354,0.01423733522
-20.1725159,12.3274698,-10.346241,0.00000000358,0.01438079698
-20.1373196,12.3274698,-10.346241,0.00000000358,0.01438090135
-20.1373196,12.2416391,-10.346241,0.00000000358,0.01438107619
-20.1709862,12.2411013,-10.346241,0.00000000358,0.01438092453
-17.8369198,12.2416391,-7.64364767,0.00000000352,0.0141544059
-17.7422104,12.2502956,-7.64364767,0.00000000352,0.01413688131
-17.7422104,12.2502956,-7.57976389,0.00000000351,0.01411699106
-17.8369198,12.2416391,-7.57976341,0.00000000352,0.01413411869
-17.709116,12.5191689,-4.49365044,0.00000000213,0.00856856995
-17.709116,12.4552689,-4.49365044,0.00000000216,0.00867709756
-18.0286198,12.2416391,-7.00469446,0.00000000345,0.013870311
-17.9647236,12.2416391,-7.00469446,0.00000000345,0.0138652024
-17.9647236,12.2416391,-6.94078302,0.00000000344,0.01380022498
-18.0286198,12.2416391,-6.94078302,0.00000000343,0.0137985382
-17.9747353,12.5761013,-8.02706337,0.00000000352,0.01412807615
-18.5442352,12.271101,-5.98227119,0.00000000297,0.01192244484
-17.7422104,12.2502956,-7.26028681,0.00000000348,0.01399070603
-17.8369198,12.2416391,-7.26028681,0.00000000349,0.01400066809
-18.156435,12.2416391,-6.62127876,0.00000000333,0.01337602767
-20.1725159,12.2416391,-8.6021595,0.00000000356,0.01432146873
-20.1725159,12.2416391,-8.53824806,0.00000000356,0.01431626111
-20.1725159,12.3274698,-8.53824806,0.00000000356,0.01430311184
-20.1725159,12.3274698,-8.6021595,0.00000000356,0.01430864507
-19.112957,12.2583036,-7.00469446,0.00000000345,0.01385909205
-17.4535313,12.6049995,-9.04948616,0.00000000357,0.01434930332
-17.4535313,12.6049995,-8.98557568,0.00000000357,0.01434664869
-17.3896351,12.6049995,-8.98557568,0.00000000357,0.01435019355
-17.3896351,12.6049995,-9.04948616,0.00000000357,0.01435250925
-17.6121159,12.5962973,-8.66607094,0.00000000356,0.01430591905
-18.539835,12.6049995,-9.04948616,0.00000000357,0.0143454159
-18.411478,12.2614508,-6.36563206,0.00000000317,0.0127319992
-18.3469486,12.258605,-6.36563206,0.00000000317,0.01273000373
-18.3469486,12.258605,-6.3017478,0.00000000313,0.01259262557
-18.411478,12.2614508,-6.3017478,0.00000000314,0.01259639167
-17.8407364,12.5761013,-8.41042423,0.00000000355,0.01424208612
-17.8407364,12.5761013,-8.3465395,0.00000000354,0.01423226852
-17.773735,12.5761013,-8.3465395,0.00000000355,0.01424254193
-17.773735,12.5761013,-8.41042423,0.00000000355,0.01425214094
-18.2162361,12.5761013,-7.77147102,0.00000000351,0.01408928848
-18.2162361,12.5761013,-7.70755959,0.0000000035,0.01406365718
-18.1492348,12.5761013,-7.70755959,0.00000000349,0.01401239993
-18.1492348,12.5761013,-7.77147102,0.0000000035,0.0140443271
-18.7857361,12.271101,-5.72667885,0.00000000313,0.01255806871
-18.7315483,12.2647734,-5.72667885,0.00000000313,0.01258252523
-18.7315483,12.2647734,-5.66276741,0.00000000311,0.01251095936
-18.7857361,12.271101,-5.66276741,0.0000000031,0.01245746937
-17.9647236,12.2416391,-6.62127876,0.00000000332,0.01334160821
-18.0286198,12.2416391,-6.62127876,0.00000000333,0.01338770954
-17.4535313,12.6049995,-8.66607094,0.00000000357,0.01433057627
-17.3896351,12.6049995,-8.66607094,0.00000000357,0.01433561084
-17.6438637,12.5888662,-8.41042423,0.00000000355,0.01426667553
-17.6438637,12.5888662,-8.3465395,0.00000000355,0.01425841006
-17.6121159,12.5962973,-8.3465395,0.00000000355,0.01427476437
-17.6121159,12.5962973,-8.41042423,0.00000000356,0.01428171498
-18.2203312,12.2416391,-6.36563206,0.00000000323,0.01295799149
-18.156435,12.2416391,-6.36563206,0.00000000326,0.01310816126
-18.156435,12.2416391,-6.3017478,0.00000000325,0.01303773096
-18.2203312,12.2416391,-6.3017478,0.0000000032,0.01286343385
-18.1492348,12.5761013,-7.3880558,0.00000000343,0.01378545317
-18.3469486,12.258605,-5.98227119,0.00000000294,0.01180507914
-18.7315483,12.2647772,-5.34326315,0.00000000301,0.0120736538
-17.773735,12.5761013,-8.02706337,0.00000000353,0.01418419044
-18.4120426,12.5191689,-4.49365044,0.00000000191,0.00767725843
-18.4120426,12.6049995,-4.49365044,0.00000000187,0.00750174906
-18.4759388,12.6049995,-4.49365044,0.00000000189,0.00758179895
-18.4759388,12.5191689,-4.49365044,0.00000000194,0.00777432444
-19.306612,12.2416391,-6.36563206,0.00000000319,0.01282993049
-18.7315235,12.6049995,-8.41042423,0.00000000357,0.01432769414
-18.6035748,12.2643738,-5.72667885,0.00000000292,0.01171683697
-18.5442352,12.271101,-5.72667885,0.00000000282,0.0113190657
-18.5442352,12.271101,-5.66276741,0.0000000028,0.01123033383
-18.6035748,12.2643738,-5.66276741,0.00000000292,0.0117420704
-20.1725159,12.2416391,-8.21874428,0.00000000356,0.01428335183
-20.1725159,12.3274698,-8.21874428,0.00000000355,0.01426774237
-18.156435,12.2416391,-5.98227119,0.00000000316,0.01267941909
-18.2203312,12.2416391,-5.98227119,0.00000000308,0.01237003095
-18.028635,12.5822058,-7.77147102,0.0000000035,0.01404358229
-18.028635,12.5822058,-7.70755959,0.00000000349,0.01400909409
-17.9747353,12.5761013,-7.70755959,0.00000000349,0.01402791394
-17.9747353,12.5761013,-7.77147102,0.0000000035,0.01404927513
-17.6438637,12.5888662,-8.02706337,0.00000000354,0.01420842754
-17.6121159,12.5962973,-8.02706337,0.00000000354,0.01423241483
-18.4102535,12.5883722,-7.13246346,0.00000000343,0.0137822374
-18.4102535,12.5883722,-7.0685792,0.00000000342,0.01373220137
-18.350235,12.5761013,-7.0685792,0.00000000342,0.01372013677
-18.350235,12.5761013,-7.13246346,0.00000000343,0.01377041995
-18.9876461,12.2619915,-5.08767128,0.00000000278,0.01117267364
-18.919735,12.271101,-5.08767128,0.00000000283,0.01137300081
-18.919735,12.271101,-5.02378654,0.00000000281,0.01129883739
-18.9867363,12.271101,-5.02378654,0.00000000277,0.0111328432
-20.1725159,12.2416391,-7.96315193,0.00000000355,0.01424663451
-20.1725159,12.2416391,-7.89924002,0.00000000354,0.01423544412
-20.1725159,12.3274698,-7.89924002,0.00000000354,0.01421548252
-20.1725159,12.3274698,-7.96315193,0.00000000354,0.01422761488
-18.9232349,12.2416391,-4.70430994,0.00000000246,0.00989905761
-18.411478,12.2614508,-5.72667885,0.00000000277,0.01113011899
-18.3469486,12.258605,-5.72667885,0.00000000278,0.01118653566
-18.3469486,12.258605,-5.66276741,0.00000000275,0.011049599
-18.411478,12.2614508,-5.66276741,0.00000000273,0.01096446285
-18.5442352,12.271101,-5.34326315,0.00000000287,0.01151840537
-17.9747353,12.5761013,-7.3880558,0.00000000346,0.0139073869
-17.8407364,12.5761013,-7.77147102,0.00000000351,0.01410534394
-17.8407364,12.5761013,-7.70755959,0.00000000351,0.01408625381
-17.773735,12.5761013,-7.70755959,0.00000000351,0.01410454201
-17.773735,12.5761013,-7.77147102,0.00000000352,0.01412240915
-18.2203312,12.6049995,-4.49365044,0.00000000177,0.00709055515
-17.354372,12.4552689,-7.00469446,0.00000000351,0.01410409066
-17.354372,12.5191689,-7.00469446,0.00000000352,0.01412711546
-17.354372,12.5191689,-6.94078302,0.00000000351,0.01410720379
-17.354372,12.4552689,-6.94078302,0.00000000351,0.01408317455
-18.350235,12.5761013,-6.74910259,0.00000000334,0.01343392777
-19.4983234,12.2416391,-5.72667885,0.00000000305,0.01226418209
-18.3469543,12.2586184,-5.34326315,0.0000000026,0.01044005334
-18.4114704,12.2614346,-5.34326315,0.00000000255,0.01024565547
-17.8407364,12.5761013,-7.3880558,0.00000000348,0.01397416082
-17.773735,12.5761013,-7.3880558,0.00000000348,0.01399928903
-18.9232349,12.6049995,-7.77147102,0.00000000355,0.01424301291
-18.6037312,12.6049995,-6.49345541,0.00000000331,0.01329296903
-18.6037312,12.6049995,-6.42954397,0.00000000329,0.01320890598
-18.539835,12.6049995,-6.42954397,0.00000000326,0.01308778933
-18.539835,12.6049995,-6.49345541,0.00000000328,0.01317912144
-18.2162361,12.5761013,-7.13246346,0.0000000034,0.01364420808
-18.2162361,12.5761013,-7.0685792,0.00000000336,0.01351527641
-18.1492348,12.5761013,-7.0685792,0.00000000311,0.01251314746
-18.1492348,12.5761013,-7.13246346,0.00000000325,0.01303794857
-20.1373196,12.2416391,-10.0079441,0.00000000358,0.01436611255
-18.7857361,12.271101,-5.08767128,0.00000000289,0.01162209554
-18.7315483,12.264781,-5.08767128,0.0000000029,0.01165324842
-18.7315483,12.264781,-5.02378654,0.00000000287,0.01153070008
-18.7857361,12.271101,-5.02378654,0.00000000286,0.01150876976
-17.5174274,12.6049995,-10.346241,0.00000000358,0.01438331426
-17.4535313,12.5191689,-10.346241,0.00000000358,0.0143839913
-17.5174274,12.5191689,-10.346241,0.00000000358,0.01438366481
-19.9456196,12.2416391,-10.0079441,0.00000000358,0.01436677444
-20.0095158,12.2416391,-10.0079441,0.00000000358,0.01436513401
-18.539835,12.6049995,-6.11004019,0.00000000311,0.01251054634
-18.6035748,12.2643738,-5.08767128,0.0000000029,0.01164583397
-18.5442352,12.271101,-5.08767128,0.00000000288,0.0115864968
-18.5442352,12.271101,-5.02378654,0.00000000286,0.01150350862
-18.6035767,12.2643795,-5.02378654,0.00000000287,0.01152949139
-20.1725159,12.2416391,-7.57976341,0.00000000353,0.01416238414
-20.1725159,12.3274698,-7.57976341,0.00000000352,0.01413879202
-19.6921558,12.2585497,-5.08767128,0.00000000267,0.010720367
-18.1492348,12.5761013,-6.74910259,0.00000000229,0.00921722446
-18.7315235,12.2416391,-4.70430994,0.00000000256,0.01026911112
-18.028635,12.5822058,-7.13246346,0.00000000339,0.01362792692
-18.028635,12.5822058,-7.0685792,0.00000000337,0.01352058214
-17.9747353,12.5761013,-7.0685792,0.00000000342,0.0137403883
-17.9747353,12.5761013,-7.13246346,0.00000000343,0.01378320617
-19.1137352,12.5761013,-7.13246346,0.00000000348,0.01399408052
-18.4132347,12.5761013,-6.49345541,0.00000000326,0.01309468193
-18.4102535,12.5883722,-6.42954397,0.00000000323,0.01299030046
-18.350235,12.5761013,-6.42954397,0.0000000032,0.01287262254
-18.350235,12.5761013,-6.49345541,0.00000000324,0.01302083697
-18.028635,12.5822058,-6.74910259,0.00000000277,0.01110908605
-17.9747353,12.5761013,-6.74910259,0.00000000316,0.01267712746
-18.7954197,12.6049995,-5.85444784,0.00000000325,0.01304673144
-18.7954197,12.6049995,-5.79056358,0.00000000322,0.01294916408
-18.7315235,12.6049995,-5.79056358,0.00000000314,0.01261440689
-18.7315235,12.6049995,-5.85444784,0.00000000317,0.01274989222
-18.539835,12.2416391,-4.70430994,0.00000000263,0.01055188855
-18.6037312,12.2416391,-4.70430994,0.00000000261,0.01048298627
-20.1725159,12.2416391,-9.75235176,0.00000000357,0.01435998705
-20.1373196,12.2539244,-9.75235176,0.00000000357,0.01436077022
-20.1373196,12.2539244,-9.68843937,0.00000000357,0.01436092099
-20.1725159,12.2416391,-9.68843937,0.00000000357,0.01436037685
-19.3064842,12.5821724,-6.49345541,0.00000000328,0.01317026277
-20.1373196,12.2539244,-9.36896324,0.00000000357,0.01435786672
-20.1725159,12.2416391,-9.36896324,0.00000000357,0.01435831806
-18.7315235,12.6049995,-5.47108698,0.0000000029,0.01166236664
-18.9894543,12.5881329,-5.21549463,0.0000000016,0.00643653562
-18.9894543,12.5881329,-5.15158319,0.00000000156,0.00625003969
-18.9232349,12.6049995,-5.15158319,0.00000000165,0.00661223364
-18.9232349,12.6049995,-5.21549463,0.00000000186,0.00748560354
-18.2162361,12.5761013,-6.49345541,0.00000000234,0.00940660204
-18.2162361,12.5761013,-6.42954397,0.00000000226,0.0090879815
-18.1492348,12.5761013,-6.42954397,0.00000000209,0.00839609525
-18.1492348,12.5761013,-6.49345541,0.0000000021,0.00843671425
-18.350235,12.5761013,-6.11004019,0.00000000287,0.01151757938
-18.6037312,12.6049995,-5.85444784,0.000000003,0.01205113298
-18.6037312,12.6049995,-5.79056358,0.00000000295,0.01185584752
-18.539835,12.6049995,-5.79056358,0.00000000289,0.01161408163
-18.539835,12.6049995,-5.85444784,0.00000000295,0.01183801606
-19.4892349,12.5761013,-5.85444784,0.00000000213,0.00855890313
-19.1149235,12.6049995,-4.49365044,0.00000000178,0.00714829026
-19.1149235,12.6049995,-4.57648659,0.00000000168,0.00675841559
-19.1788197,12.6049995,-4.57648659,0.00000000165,0.0066396873
-19.1788197,12.6049995,-4.49365044,0.00000000173,0.00696949602
-18.2162361,12.5761013,-6.11004019,0.00000000186,0.00747291184
-18.1492348,12.5761013,-6.11004019,0.00000000199,0.00799856305
-18.9232349,12.6049995,-4.83207893,0.00000000115,0.0046129198
-19.6905537,12.5848904,-5.21549463,0.00000000169,0.00677395459
-18.2203312,12.2416391,-9.94403172,0.00000000358,0.01438509292
-18.156435,12.2416391,-9.94403172,0.00000000358,0.01438643097
-18.156435,12.2416391,-9.88014793,0.00000000358,0.01438429191
-18.2203312,12.2416391,-9.88014793,0.00000000358,0.0143838245
-17.9647236,12.2416391,-10.1996241,0.00000000358,0.01438933539
-18.4102535,12.5883722,-5.85444784,0.00000000254,0.01021008706
-18.4102535,12.5883722,-5.79056358,0.00000000229,0.00918177914
-18.350235,12.5761013,-5.79056358,0.00000000167,0.0067077257
-18.350235,12.5761013,-5.85444784,0.00000000186,0.00748822872
-18.7954197,12.6049995,-5.21549463,0.00000000274,0.01101084523
-18.7954197,12.6049995,-5.15158319,0.00000000251,0.01009073931
-18.7315235,12.6049995,-5.15158319,0.00000000242,0.009724839
-18.7315235,12.6049995,-5.21549463,0.00000000256,0.01026645826
-18.539835,12.6049995,-5.47108698,0.00000000217,0.00871292552
-18.411478,12.2614508,-9.30507851,0.00000000358,0.01437264122
-18.3469486,12.258604,-9.30507851,0.00000000358,0.01437229871
-18.3469486,12.258604,-9.24116707,0.00000000358,0.01437013732
-18.411478,12.2614508,-9.24116707,0.00000000358,0.01437038085
-18.156435,12.2416391,-9.56067085,0.00000000358,0.01437685959
-19.881712,12.6049995,-4.57648659,0.00000000214,0.00859323164
-18.3469486,12.258604,-8.92166328,0.00000000357,0.01435360195
-18.4102535,12.5883722,-5.47108698,0.00000000159,0.00637649421
-18.350235,12.5761013,-5.47108698,0.00000000161,0.00648773486
-20.1725159,12.6049995,-10.1357403,0.00000000358,0.01437854372
-20.1373196,12.6049995,-10.1357403,0.00000000358,0.01437815304
-18.6037312,12.6049995,-5.21549463,0.00000000174,0.0069969002
-18.6037312,12.6049995,-5.15158319,0.00000000161,0.00646073254
-18.539835,12.6049995,-5.15158319,0.00000000152,0.00612612612
-18.539835,12.6049995,-5.21549463,0.00000000158,0.00635455767
-18.9871311,12.6049995,-4.57648659,0.00000000174,0.0069978899
-18.9871311,12.6049995,-4.49365044,0.00000000185,0.00742021402
-18.9232349,12.6049995,-4.49365044,0.00000000187,0.00750395147
-18.9232349,12.6049995,-4.57648659,0.00000000176,0.00708673417
-20.1725159,12.3274698,-7.19637537,0.00000000349,0.01401020379
-18.6035748,12.2643738,-8.66607094,0.00000000357,0.01433298115
-18.5442352,12.271101,-8.66607094,0.00000000357,0.01433023818
-18.5442352,12.271101,-8.6021595,0.00000000357,0.0143226489
-18.6035748,12.2643738,-8.6021595,0.00000000357,0.01432565677
-18.0286198,12.2416391,-9.94403172,0.00000000358,0.01438724005
-17.9647236,12.2416391,-9.94403172,0.00000000358,0.01438701255
-17.9647236,12.2416391,-9.88014793,0.00000000358,0.0143846746
-18.0286198,12.2416391,-9.88014793,0.00000000358,0.01438448816
-18.7315235,12.6049995,-4.83207893,0.00000000141,0.00565876882
-18.923336,12.2523088,-9.94403172,0.00000000358,0.0143788265
-20.0095158,12.6049995,-10.1357403,0.00000000358,0.01437626193
-19.9456196,12.6049995,-10.1357403,0.00000000358,0.01437564914
-18.2203312,12.2416391,-9.30507851,0.00000000358,0.01437191337
-18.156435,12.2416391,-9.30507851,0.00000000358,0.01437145841
-18.156435,12.2416391,-9.24116707,0.00000000358,0.01436994822
-18.2203312,12.2416391,-9.24116707,0.00000000358,0.0143702435
-17.5174274,12.2416391,-4.6403985,0.00000000284,0.01139465992
-17.7730122,12.2416391,-10.1996241,0.00000000358,0.01438601172
-18.6037312,12.6049995,-4.83207893,0.00000000122,0.00488947089
-18.539835,12.6049995,-4.83207893,0.00000000117,0.00472002014
-18.5442352,12.271101,-8.28265572,0.00000000355,0.01427085108
-18.7315235,12.6049995,-4.49365044,0.00000000191,0.0076566171
-18.7315235,12.6049995,-4.57648659,0.0000000018,0.0072184467
-18.7954197,12.6049995,-4.57648659,0.00000000179,0.00719686829
-18.7954197,12.6049995,-4.49365044,0.0000000019,0.00762352403
-18.411478,12.2614508,-8.66607094,0.00000000357,0.01433002498
-18.3469486,12.258604,-8.66607094,0.00000000357,0.01433099552
-18.3469486,12.258604,-8.6021595,0.00000000357,0.01432372465
-18.411478,12.2614508,-8.6021595,0.00000000357,0.01432254541
-17.9647236,12.2416391,-9.56067085,0.00000000358,0.01437608087
-18.7857361,12.271101,-8.02706337,0.00000000355,0.01428088183
-18.7315483,12.2647648,-8.02706337,0.00000000355,0.01425467875
-18.7315483,12.2647648,-7.96315193,0.00000000354,0.01423783028
-18.7857361,12.271101,-7.96315193,0.00000000355,0.01426831507
-17.8369198,12.2416391,-9.94403172,0.00000000358,0.01438341594
-17.7724991,12.249156,-9.94403172,0.00000000358,0.01438135358
-17.7422104,12.2502956,-9.88014793,0.00000000358,0.01438137768
-17.8369198,12.2416391,-9.88014793,0.00000000358,0.0143828299
-19.112957,12.2583036,-9.30507851,0.00000000358,0.01437296148
-17.5813236,12.2416391,-10.1996241,0.00000000358,0.01438291908
-17.6452198,12.2416391,-10.1996241,0.00000000358,0.01438380309
-18.2203312,12.6049995,-10.0718555,0.00000000358,0.01438539623
-18.2203312,12.6049995,-10.0079441,0.00000000358,0.01438303683
-18.1621151,12.6049995,-10.0030622,0.00000000358,0.01438697242
-18.1607056,12.6049995,-10.0754843,0.00000000358,0.01438887156
-19.8178043,12.3274698,-10.346241,0.00000000358,0.01438254085
-19.7539082,12.3274698,-10.346241,0.00000000358,0.01438315369
-18.156435,12.2416391,-8.92166328,0.00000000357,0.0143603278
-17.3896351,12.4552689,-4.49365044,0.00000000237,0.00952153165
-17.354372,12.4552689,-4.49365044,0.00000000232,0.0093265272
-17.354372,12.5191689,-4.49365044,0.00000000221,0.0088650675
-17.3896351,12.5191689,-4.49365044,0.00000000226,0.00906370515
-18.0286198,12.2416391,-9.30507851,0.00000000358,0.01437030681
-17.9647236,12.2416391,-9.30507851,0.00000000358,0.01437013644
-17.9647236,12.2416391,-9.24116707,0.00000000358,0.01436854153
-18.0286198,12.2416391,-9.24116707,0.00000000358,0.01436885817
-18.7315483,12.2647648,-7.64364767,0.00000000352,0.0141247195
-18.2203312,12.2416391,-8.66607094,0.00000000357,0.01434223496
-18.156435,12.2416391,-8.66607094,0.00000000357,0.01434769323
-18.156435,12.2416391,-8.6021595,0.00000000357,0.01434349451
-18.2203312,12.2416391,-8.6021595,0.00000000357,0.01433671423
-18.6035748,12.2643738,-8.02706337,0.00000000354,0.01421188856
-18.5442352,12.271101,-8.02706337,0.00000000354,0.01420913759
-18.5442352,12.271101,-7.96315193,0.00000000353,0.01419049258
-18.6035748,12.2643738,-7.96315193,0.00000000353,0.01419265662
-18.1492348,12.5761013,-9.68843937,0.00000000358,0.01437671151
-18.3469486,12.258604,-8.28265572,0.00000000355,0.01427601053
-17.7422104,12.2502956,-9.56067085,0.00000000358,0.01437695239
-17.8369198,12.2416391,-9.56067085,0.00000000358,0.01437654917
-19.306612,12.2416391,-8.66607094,0.00000000357,0.01434634538
-18.4102535,12.5883722,-9.43284798,0.00000000358,0.01436853795
-18.4102535,12.5883722,-9.36896324,0.00000000358,0.0143630324
-18.350235,12.5761013,-9.36896324,0.00000000358,0.01436425892
-18.350235,12.5761013,-9.43284798,0.00000000358,0.01437078941
-18.9876461,12.2619915,-7.3880558,0.00000000351,0.01409395373
-18.919735,12.271101,-7.3880558,0.00000000351,0.01409966267
-18.919735,12.271101,-7.32417107,0.0000000035,0.01407529984
-18.9876461,12.2619915,-7.32417107,0.0000000035,0.01406885231
-17.9647236,12.2416391,-8.92166328,0.00000000357,0.01436004056
-18.0286198,12.2416391,-8.92166328,0.00000000357,0.01436136434
-18.411478,12.2614508,-8.02706337,0.00000000354,0.01421635937
-18.3469486,12.258604,-8.02706337,0.00000000354,0.01422231269
-18.3469486,12.258604,-7.96315193,0.00000000354,0.014206251
-18.411478,12.2614508,-7.96315193,0.00000000353,0.01419949394
-18.919735,12.271101,-7.00469446,0.00000000346,0.01391314755
-17.7730122,12.6049995,-10.0079441,0.00000000358,0.01438153556
-17.7730122,12.6049995,-10.0718555,0.00000000358,0.01438215286
-17.8369198,12.6049995,-10.0718555,0.00000000358,0.01438325091
-17.8369198,12.6049995,-10.0079441,0.00000000358,0.01438256853
-18.156435,12.2416391,-8.28265572,0.00000000356,0.01431542796
-18.2203312,12.2416391,-8.28265572,0.00000000356,0.01430023509
-18.7857361,12.271101,-7.3880558,0.0000000035,0.01407713916
-18.7315483,12.2647648,-7.3880558,0.00000000348,0.01399043128
-18.7315483,12.2647648,-7.32417107,0.00000000347,0.01395023241
-18.7857361,12.271101,-7.32417107,0.0000000035,0.01404521733
-18.2162361,12.5761013,-9.43284798,0.00000000358,0.01437537885
-18.2162361,12.5761013,-9.36896324,0.00000000358,0.01437188035
-18.1492348,12.5761013,-9.36896324,0.00000000358,0.0143738526
-18.1492348,12.5761013,-9.43284798,0.00000000358,0.01437516654
-20.1725159,12.2416391,-10.1996241,0.00000000358,0.01437856782
-20.1725159,12.3274698,-10.1996241,0.00000000358,0.01437875334
-20.1725159,12.3274698,-10.2635365,0.00000000358,0.01438022966
-20.1725159,12.2416391,-10.2635365,0.00000000358,0.01438025461
-18.350235,12.5761013,-9.04948616,0.00000000357,0.01433938585
-18.5442352,12.271101,-7.64364767,0.0000000035,0.01407458175
-17.9747353,12.5761013,-9.68843937,0.00000000358,0.01437669902
-19.1788197,12.2416391,-6.74910259,0.00000000338,0.01358209495
-19.112957,12.2583036,-6.74910259,0.00000000339,0.0136250466
-19.112957,12.2583036,-6.68519068,0.00000000338,0.01355907012
-19.1788197,12.2416391,-6.68519068,0.00000000336,0.01351145499
-19.4983234,12.2416391,-8.02706337,0.00000000356,0.01429028818
-18.6037312,12.6049995,-8.79389477,0.00000000357,0.01433381161
-18.6037312,12.6049995,-8.72998333,0.00000000357,0.01432889033
-18.539835,12.6049995,-8.72998333,0.00000000356,0.01432094424
-18.539835,12.6049995,-8.79389477,0.00000000357,0.01432665495
-17.354372,12.4552689,-9.30507851,0.00000000358,0.01436668967
-17.354372,12.5191689,-9.30507851,0.00000000358,0.01436605723
-17.354372,12.5191689,-9.24116707,0.00000000358,0.01436491636
-17.354372,12.4552689,-9.24116707,0.00000000358,0.01436538019
-18.9232349,12.6049995,-10.0718555,0.00000000358,0.01438416256
-17.5174274,12.6049995,-4.76819468,0.00000000182,0.00732206464
-18.3469486,12.258604,-7.64364767,0.00000000351,0.01410471507
-18.411478,12.2614498,-7.64364767,0.00000000351,0.01409399924
-18.6035748,12.2643738,-7.3880558,0.00000000347,0.01394030779
-18.5442352,12.271101,-7.3880558,0.00000000347,0.01394697205
-18.5442352,12.271101,-7.32417107,0.00000000346,0.01390850371
-18.6035748,12.2643738,-7.32417107,0.00000000346,0.01390113831
-17.8407364,12.5761013,-9.68843937,0.00000000358,0.01437846703
-17.773735,12.5761013,-9.68843937,0.00000000358,0.01437876584
-18.4102535,12.5883722,-8.79389477,0.00000000356,0.01432120026
-18.4102535,12.5883722,-8.72998333,0.00000000356,0.0143149775
-18.350235,12.5761013,-8.72998333,0.00000000356,0.01431285094
-18.350235,12.5761013,-8.79389477,0.00000000356,0.01431910311
-18.539835,12.6049995,-8.41042423,0.00000000356,0.01428414127
-19.112957,12.2583036,-6.36563206,0.00000000326,0.01311394512
-20.1725159,12.2416391,-9.88014793,0.00000000358,0.01436237497
-20.1725159,12.3274698,-9.88014793,0.00000000358,0.01436217696
-18.028635,12.5822058,-9.43284798,0.00000000358,0.01437259751
-18.028635,12.5822058,-9.36896324,0.00000000358,0.01437223001
-17.9747353,12.5761013,-9.36896324,0.00000000358,0.01437429056
-17.9747353,12.5761013,-9.43284798,0.00000000358,0.01437500243
-18.9876461,12.2619915,-6.74910259,0.00000000341,0.01369324328
-18.919735,12.271101,-6.74910259,0.00000000342,0.01372588497
-18.919735,12.271101,-6.68519068,0.0000000034,0.01367159754
-18.9876461,12.2619915,-6.68519068,0.00000000339,0.01363584803
-20.1725159,12.3913698,-5.53497124,0.00000000318,0.0127829139
-20.1725159,12.4552689,-5.53497124,0.00000000315,0.01264661595
-20.1725159,12.4552689,-5.5988555,0.00000000318,0.01275964377
-20.1725159,12.3913698,-5.5988555,0.0000000032,0.01286288705
-18.7315483,12.2647648,-7.00469446,0.00000000341,0.01371427798
-18.1492348,12.5761013,-9.04948616,0.00000000357,0.01435170554
-19.3705196,12.2416391,-6.11004019,0.00000000305,0.01226708113
-19.306612,12.2416391,-6.11004019,0.00000000304,0.01219298018
-19.306612,12.2416391,-6.04615545,0.00000000299,0.01202829993
-19.3705196,12.2416391,-6.04615545,0.00000000302,0.01213112931
-18.7954197,12.6049995,-8.15483189,0.00000000356,0.01431078589
-18.7954197,12.6049995,-8.09094715,0.00000000356,0.01430415819
-18.7315235,12.6049995,-8.09094715,0.00000000356,0.01429602388
-18.7315235,12.6049995,-8.15483189,0.00000000356,0.01430348919
-20.1725159,12.3913698,-5.21549463,0.00000000302,0.01213417912
-20.1725159,12.4552689,-5.21549463,0.00000000288,0.01157836607
-19.6921558,12.2585497,-7.3880558,0.00000000347,0.01393493337
-19.1137352,12.5761013,-9.43284798,0.00000000358,0.01437464027
-18.028635,12.5822058,-9.04948616,0.00000000358,0.01436694569
-17.9747353,12.5761013,-9.04948616,0.00000000357,0.01435338699
-18.5442352,12.271101,-7.00469446,0.0000000034,0.01365668119
-18.6035748,12.2643738,-7.00469446,0.0000000034,0.01365133798
-18.2162361,12.5761013,-8.79389477,0.00000000356,0.01430255079
-18.2162361,12.5761013,-8.72998333,0.00000000356,0.01429513095
-18.1492348,12.5761013,-8.72998333,0.00000000356,0.01430979129
-18.1492348,12.5761013,-8.79389477,0.00000000356,0.01431865172
-18.7857361,12.271101,-6.74910259,0.0000000034,0.0136757383
-18.7315483,12.2647648,-6.74910259,0.00000000336,0.01348401024
-18.7315483,12.2647648,-6.68519068,0.00000000334,0.01342013268
-18.7857361,12.271101,-6.68519068,0.00000000339,0.01362458007
-19.1788197,12.2416391,-6.11004019,0.00000000307,0.01234973929
-19.112957,12.2583036,-6.11004019,0.00000000311,0.01250497567
-19.112957,12.2583036,-6.04615545,0.00000000307,0.0123212678
-19.1788197,12.2416391,-6.04615545,0.00000000303,0.01216481196
-18.6037312,12.6049995,-8.15483189,0.00000000355,0.0142614804
-18.6037312,12.6049995,-8.09094715,0.00000000355,0.01425044701
-18.539835,12.6049995,-8.09094715,0.00000000354,0.01422906352
-18.539835,12.6049995,-8.15483189,0.00000000355,0.01424192021
-19.306612,12.2416391,-5.72667885,0.00000000278,0.0111534881
-18.919735,12.271101,-6.36563206,0.00000000332,0.01334377401
-18.7315235,12.6049995,-7.77147102,0.00000000355,0.01424636157
-18.350235,12.5761013,-8.41042423,0.00000000355,0.01427155844
-19.5622196,12.2416391,-5.47108698,0.00000000295,0.01186324771
-19.4983234,12.2416391,-5.47108698,0.00000000297,0.01192952927
-19.4983234,12.2416391,-5.40717506,0.00000000295,0.01183275673
-19.5622196,12.2416391,-5.40717506,0.00000000292,0.01174542263
-17.354372,12.3274698,-5.47108698,0.00000000322,0.01294048474
-17.354372,12.3913698,-5.47108698,0.00000000324,0.01301918762
-17.354372,12.3913698,-5.40717506,0.00000000322,0.01291585608
-17.354372,12.3274698,-5.40717506,0.0000000032,0.01286890907
-19.8842354,12.271101,-6.74910259,0.00000000336,0.01351649489
-20.1725159,12.3913698,-4.95990229,0.00000000276,0.01110673914
-20.1725159,12.3913698,-4.89599085,0.00000000267,0.01074578422
-20.1725159,12.4552689,-4.89599085,0.0000000022,0.00885277637
-20.1725159,12.4552689,-4.95990229,0.00000000241,0.00970015149
-18.9894543,12.5881329,-7.51587915,0.00000000353,0.01417499195
-18.9894543,12.5881329,-7.45196772,0.00000000352,0.01415828263
-18.9232349,12.6049995,-7.45196772,0.00000000353,0.01417494378
-18.9232349,12.6049995,-7.51587915,0.00000000353,0.01419071381
-19.3064842,12.5821724,-8.79389477,0.00000000357,0.01432747918
-18.7315483,12.2647648,-6.36563206,0.00000000325,0.01307105679
-18.7857361,12.271101,-6.36563206,0.00000000332,0.0133369581
-18.2162361,12.5761013,-8.41042423,0.00000000355,0.01425312574
-18.1492348,12.5761013,-8.41042423,0.00000000355,0.01425095994
-17.354372,12.3913698,-5.08767128,0.00000000297,0.01194201664
-17.354372,12.3274698,-5.08767128,0.00000000307,0.01234206255
-18.9876461,12.2619915,-6.11004019,0.00000000319,0.012827671
-18.919735,12.271101,-6.11004019,0.00000000323,0.01295679441
-18.919735,12.271101,-6.04615545,0.00000000319,0.01283468762
-18.9876461,12.2619915,-6.04615545,0.00000000316,0.0126812932
-19.3705196,12.2416391,-5.47108698,0.00000000277,0.01111942634
-19.306612,12.2416391,-5.47108698,0.00000000262,0.0105168634
-19.306612,12.2416391,-5.40717506,0.00000000259,0.0103934462
-19.3705196,12.2416391,-5.40717506,0.00000000276,0.01108386415
-19.4983234,12.2416391,-5.08767128,0.00000000279,0.01119870727
-18.4102535,12.5883722,-8.15483189,0.00000000354,0.01422697975
-18.4102535,12.5883722,-8.09094715,0.00000000354,0.01421257275
-18.350235,12.5761013,-8.09094715,0.00000000354,0.01420858453
-18.350235,12.5761013,-8.15483189,0.00000000354,0.0142233091
-18.539835,12.6049995,-7.77147102,0.00000000352,0.01414620289
-18.7954197,12.6049995,-7.51587915,0.00000000354,0.01420789765
-18.7954197,12.6049995,-7.45196772,0.00000000353,0.0141915505
-18.7315235,12.6049995,-7.45196772,0.00000000353,0.01416627156
-18.7315235,12.6049995,-7.51587915,0.00000000353,0.01418541789
-18.9232349,12.6049995,-7.13246346,0.0000000035,0.0140753337
-20.0733891,12.2647629,-6.11004019,0.00000000323,0.01296816233
-19.112957,12.2583036,-5.72667885,0.00000000283,0.01136182737
-19.690012,12.2416391,-4.83207893,0.00000000256,0.01026806032
-19.690012,12.2416391,-4.76819468,0.00000000244,0.00982045817
-19.7539082,12.2416391,-4.76819468,0.00000000258,0.01037607591
-19.7539082,12.2416391,-4.83207893,0.00000000267,0.01073634842
-19.4892349,12.5761013,-8.15483189,0.00000000354,0.01420957287
-19.1807346,12.5761013,-6.87687111,0.00000000344,0.01381880487
-19.1807346,12.5761013,-6.81298685,0.00000000343,0.01377520652
-19.1137352,12.5761013,-6.81298685,0.00000000344,0.01382094839
-19.1137352,12.5761013,-6.87687111,0.00000000345,0.01386117405
-18.919735,12.271101,-5.72667885,0.00000000302,0.0121342023
-18.9876461,12.2619915,-5.72667885,0.00000000295,0.01185328031
-20.1725159,12.4552689,-4.57648659,0.00000000222,0.00893522398
-20.1725159,12.3913698,-4.57648659,0.00000000224,0.0090052172
-18.4102535,12.5883722,-7.77147102,0.00000000351,0.01412064833
-18.350235,12.5761013,-7.77147102,0.00000000351,0.01411451391
-18.6037312,12.6049995,-7.51587915,0.00000000351,0.01409180395
-18.6037312,12.6049995,-7.45196772,0.0000000035,0.01406488993
-18.539835,12.6049995,-7.45196772,0.00000000349,0.0140194335
-18.539835,12.6049995,-7.51587915,0.0000000035,0.01404927424
-19.1788197,12.2416391,-5.47108698,0.00000000259,0.01041323031
-19.112957,12.2583036,-5.47108698,0.00000000264,0.01061193127
-19.112957,12.2583036,-5.40717506,0.0000000026,0.01044951589
-19.1788197,12.2416391,-5.40717506,0.00000000254,0.01020047021
-19.1137352,12.5761013,-6.49345541,0.00000000338,0.0135647505
-19.6905613,12.5849104,-7.51587915,0.00000000345,0.01385097111
-20.1725159,12.3274698,-9.49675941,0.00000000357,0.01435712545
-19.3817348,12.5761013,-6.23786354,0.00000000206,0.00826736787
-19.3817348,12.5761013,-6.1739521,0.00000000199,0.00798596685
-19.3064842,12.5821724,-6.1739521,0.00000000215,0.00864837181
-19.3064842,12.5821724,-6.23786354,0.00000000245,0.0098607989
-17.354372,12.3913698,-4.83207893,0.00000000254,0.01022377244
-17.354372,12.3913698,-4.76819468,0.00000000253,0.01016992121
-17.354372,12.3274698,-4.76819468,0.00000000281,0.01130212001
-17.354372,12.3274698,-4.83207893,0.00000000287,0.01154091459
-18.9894543,12.5881338,-6.87687111,0.00000000347,0.01393509125
-18.9894543,12.5881338,-6.81298685,0.00000000346,0.01389982703
-18.9232349,12.6049995,-6.81298685,0.00000000347,0.01393021011
-18.9232349,12.6049995,-6.87687111,0.00000000348,0.01396370905
-19.306612,12.2416391,-5.08767128,0.00000000251,0.0100714547
-17.354372,12.6049995,-10.1996241,0.00000000358,0.01438385483
-17.354372,12.5191689,-10.1996241,0.00000000358,0.01438408763
-17.354372,12.5191689,-10.2635365,0.00000000358,0.01438424194
-17.354372,12.6049995,-10.2635365,0.00000000358,0.0143839351
-18.7315235,12.6049995,-7.13246346,0.0000000035,0.01404181608
-19.5562363,12.5761013,-5.5988555,0.00000000193,0.00774877075
-19.5562363,12.5761013,-5.53497124,0.00000000188,0.00756868267
-19.4892349,12.5761013,-5.53497124,0.00000000193,0.00773874
-19.4892349,12.5761013,-5.5988555,0.00000000197,0.00791691292
-19.881712,12.6049995,-6.87687111,0.00000000337,0.01355263244
-19.3064842,12.5821724,-5.85444784,0.00000000183,0.00735290754
-18.6037312,12.6049995,-7.13246346,0.00000000346,0.01389137961
-18.539835,12.6049995,-7.13246346,0.00000000344,0.01382862067
-19.306612,12.2416391,-4.76819468,0.00000000223,0.0089705988
-19.3661804,12.2416391,-4.76441479,0.000000002,0.00801851754
-19.3647728,12.2416391,-4.83681297,0.00000000229,0.00919451539
-19.306612,12.2416391,-4.83207893,0.00000000235,0.00944891947
-19.7548981,12.5872383,-4.95990229,0.00000000143,0.00573342243
-19.7542953,12.5967283,-4.89599085,0.00000000135,0.00544066912
-19.6902161,12.5953321,-4.89599085,0.0000000014,0.00560552598
-19.6905537,12.5848904,-4.95990229,0.00000000144,0.00579284701
-19.4892349,12.5761013,-5.21549463,0.00000000169,0.00677178296
-19.1807346,12.5761013,-6.23786354,0.00000000327,0.01313219226
-19.1807346,12.5761013,-6.1739521,0.00000000322,0.01295226652
-19.1137352,12.5761013,-6.1739521,0.00000000329,0.01319712597
-19.1137352,12.5761013,-6.23786354,0.00000000331,0.01328107392
-19.112957,12.2583036,-5.08767128,0.00000000258,0.01035252927
-19.1788197,12.2416391,-5.08767128,0.0000000024,0.00964744379
-18.7954197,12.6049995,-6.87687111,0.00000000348,0.01396851703
-18.7954197,12.6049995,-6.81298685,0.00000000347,0.01393359267
-18.7315235,12.6049995,-6.81298685,0.00000000345,0.01386130072
-18.7315235,12.6049995,-6.87687111,0.00000000346,0.01390255128
-20.1373196,12.6049995,-6.23786354,0.00000000331,0.01331598137
-20.0734119,12.6049995,-6.23786354,0.00000000331,0.01331649161
-17.5127354,12.271101,-6.94078302,0.00000000344,0.01382169592
-19.690012,12.6049995,-4.57648659,0.00000000207,0.0083308672
-18.7315235,12.2416391,-10.2635365,0.00000000358,0.01438523747
-18.7954197,12.2416391,-10.2635365,0.00000000358,0.0143857334
-19.3817348,12.5761013,-5.5988555,0.00000000198,0.00794487774
-19.3817348,12.5761013,-5.53497124,0.00000000196,0.00787664089
-19.3064842,12.5821743,-5.53497124,0.00000000189,0.00760289789
-19.3064842,12.5821743,-5.5988555,0.00000000189,0.00760508065
-18.9232349,12.6049995,-6.49345541,0.00000000342,0.01372587071
-19.5562363,12.5761013,-4.95990229,0.00000000131,0.00526700892
-19.5622826,12.5939369,-4.89599085,0.00000000143,0.00572547942
-19.4983578,12.593627,-4.89599085,0.00000000117,0.0046877705
-19.4892349,12.5761013,-4.95990229,0.00000000115,0.00460765955
-17.389719,12.2520218,-5.02378654,0.00000000306,0.01229938565
-17.354372,12.2416391,-5.02378654,0.00000000304,0.01223030319
-17.354372,12.2416391,-4.95990229,0.00000000301,0.01209667683
-17.389719,12.2520218,-4.95990229,0.00000000303,0.01217772039
-17.7104721,12.2576962,-6.3017478,0.00000000323,0.01296422582
-18.7315292,12.2531939,-9.94403172,0.00000000358,0.01437658484
-18.7954197,12.6049995,-6.49345541,0.00000000342,0.01371976927
-18.7315235,12.6049995,-6.49345541,0.00000000339,0.01360839883
-18.539835,12.2416391,-10.2635365,0.00000000358,0.01438570841
-18.6037312,12.2416391,-10.2635365,0.00000000358,0.01438512149
-18.9894543,12.5881329,-6.23786354,0.00000000335,0.0134447783
-18.9894543,12.5881329,-6.1739521,0.00000000333,0.01337777246
-18.9232349,12.6049995,-6.1739521,0.00000000335,0.01344544465
-18.9232349,12.6049995,-6.23786354,0.00000000336,0.01350634551
-19.1137352,12.5761013,-5.85444784,0.00000000277,0.01111269515
-17.9008274,12.2416391,-5.66276741,0.00000000294,0.01182295697
-18.9876461,12.2619915,-9.68843937,0.00000000358,0.01437998878
-18.919735,12.271101,-9.68843937,0.00000000358,0.0143792966
-18.919735,12.271101,-9.62455559,0.00000000358,0.01437906288
-18.9876461,12.2619915,-9.62455559,0.00000000358,0.01437960433
-19.3064861,12.5821657,-5.21549463,0.0000000018,0.00724150407
-17.7730122,12.6049995,-4.49365044,0.00000000212,0.00850784393
-17.8369198,12.6049995,-4.49365044,0.0000000021,0.00842284694
-19.1807346,12.5761013,-5.5988555,0.00000000163,0.00653270693
-19.1807346,12.5761013,-5.53497124,0.00000000166,0.00666224115
-19.1137352,12.5761013,-5.53497124,0.00000000158,0.00634343461
-19.1137352,12.5761013,-5.5988555,0.00000000163,0.0065565823
-18.919735,12.271101,-9.30507851,0.00000000358,0.01437349132
-19.4983234,12.6049995,-4.57648659,0.00000000167,0.006702399
-18.7857361,12.271101,-9.68843937,0.00000000358,0.01437773022
-18.7315483,12.2647648,-9.68843937,0.00000000358,0.01437644661
-18.7315483,12.2647648,-9.62455559,0.00000000358,0.01437683818
-18.7857361,12.271101,-9.62455559,0.00000000358,0.01437782744
-19.1788197,12.2416391,-9.04948616,0.00000000358,0.01436349624
-19.112957,12.2583036,-9.04948616,0.00000000358,0.01436366304
-19.112957,12.2583036,-8.98557568,0.00000000357,0.01436089335
-19.1788197,12.2416391,-8.98557568,0.00000000357,0.01436086567
-18.9894543,12.5881329,-5.85444784,0.00000000323,0.01296530876
-18.9232349,12.6049995,-5.85444784,0.00000000326,0.01309456242
-19.370472,12.581893,-4.95990229,0.00000000141,0.00565483813
-19.3705082,12.5934591,-4.89599085,0.00000000133,0.00534309509
-19.3065777,12.5936298,-4.89599085,0.0000000015,0.00600669894
-19.3064861,12.5821657,-4.95990229,0.00000000158,0.00633729706
-18.0925274,12.2416391,-5.02378654,0.00000000277,0.01114054757
-18.5397625,12.2525988,-9.94403172,0.00000000358,0.01437717985
-17.5174274,12.6049995,-7.0685792,0.00000000349,0.01403378165
-18.4120426,12.2416391,-10.346241,0.00000000358,0.01438783501
-18.348135,12.2416391,-10.346241,0.00000000358,0.01438826406
-18.348135,12.2416391,-10.2635365,0.00000000358,0.01438765837
-18.4120426,12.2416391,-10.2635365,0.00000000358,0.01438697776
-19.1807346,12.5761013,-5.21549463,0.00000000177,0.00711962654
-19.1137352,12.5761013,-5.21549463,0.00000000173,0.00695682936
-18.9876461,12.2619915,-9.04948616,0.00000000358,0.01436344631
-18.919735,12.271101,-9.04948616,0.00000000358,0.01436394762
-18.919735,12.271101,-8.98557568,0.00000000357,0.01436101644
-18.9876461,12.2619915,-8.98557568,0.00000000357,0.01436051424
-19.112957,12.2583036,-8.66607094,0.00000000357,0.01434131616
-19.3705196,12.6049995,-4.57648659,0.00000000153,0.00614849886
-19.306612,12.6049995,-4.57648659,0.0000000016,0.00640805653
-19.3705196,12.2416391,-8.41042423,0.00000000357,0.01433129521
-19.306612,12.2416391,-8.41042423,0.00000000357,0.01432511443
-19.306612,12.2416391,-8.3465395,0.00000000356,0.0143182976
-19.3705196,12.2416391,-8.3465395,0.00000000357,0.01432565319
-18.6035748,12.2643738,-9.68843937,0.00000000358,0.0143770398
-18.5442352,12.271101,-9.68843937,0.00000000358,0.01437822796
-18.5442352,12.271101,-9.62455559,0.00000000358,0.01437832699
-18.6035748,12.2643738,-9.62455559,0.00000000358,0.01437737609
-18.7315483,12.2647648,-9.30507851,0.00000000358,0.01437449842
-19.6921558,12.2585497,-9.68843937,0.00000000358,0.01437434588
-20.1725159,12.3913698,-5.66276741,0.00000000322,0.0129332219
-18.3476791,12.2494545,-9.94403172,0.00000000358,0.01438211004
-18.4118195,12.2511139,-9.94403172,0.00000000358,0.01438043394
-20.1725159,12.3913698,-7.83535576,0.00000000353,0.01418283995
-20.1725159,12.4552689,-7.83535576,0.00000000353,0.01419038821
-20.1725159,12.4552689,-7.89924002,0.00000000354,0.01420235466
-20.1725159,12.3913698,-7.89924002,0.00000000353,0.01419620329
-19.1788197,12.2416391,-8.41042423,0.00000000356,0.01431728158
-19.112957,12.2583036,-8.41042423,0.00000000356,0.01431769906
-19.1167355,12.271101,-8.3465395,0.00000000356,0.01431041662
-19.1788197,12.2416391,-8.3465395,0.00000000356,0.01430986625
-17.7085209,12.5854769,-6.42954397,0.00000000336,0.01348829015
-18.5442352,12.271101,-9.30507851,0.00000000358,0.01437256542
-18.6035748,12.2643738,-9.30507851,0.00000000358,0.01437283658
-18.7857361,12.271101,-9.04948616,0.00000000358,0.01436809283
-18.7315483,12.2647648,-9.04948616,0.00000000358,0.01436820166
-18.7315483,12.2647648,-8.98557568,0.00000000358,0.01436597696
-18.7857361,12.271101,-8.98557568,0.00000000358,0.01436594306
-19.306612,12.2416391,-8.02706337,0.00000000355,0.01427500163
-18.7315235,12.6049995,-10.0718555,0.00000000358,0.01438413134
-18.919735,12.271101,-8.66607094,0.00000000357,0.01434314837
-19.5622196,12.2416391,-7.77147102,0.00000000353,0.01416954706
-19.4983234,12.2416391,-7.77147102,0.00000000354,0.01421898906
-19.4983234,12.2416391,-7.70755959,0.00000000353,0.01419353524
-19.5622196,12.2416391,-7.70755959,0.00000000352,0.01413805878
-19.2427158,12.3274698,-10.346241,0.00000000358,0.01438781002
-19.1788197,12.3274698,-10.346241,0.00000000358,0.01438751925
-19.8842354,12.271101,-9.04948616,0.00000000357,0.01433429955
-18.9894543,12.5881338,-9.8162632,0.00000000358,0.01438210735
-18.9894543,12.5881338,-9.75235176,0.00000000358,0.01438141067
-18.9232349,12.6049995,-9.75235176,0.00000000358,0.01438106992
-18.9232349,12.6049995,-9.8162632,0.00000000358,0.01438194412
-17.354372,12.6049995,-4.76819468,0.00000000191,0.00766535087
-20.1725159,12.3913698,-7.51587915,0.00000000351,0.01410322361
-20.1725159,12.4552689,-7.51587915,0.00000000351,0.01412048241
-19.3705196,12.2416391,-7.77147102,0.00000000354,0.01423982928
-19.306612,12.2416391,-7.77147102,0.00000000354,0.01422539999
-19.306612,12.2416391,-7.70755959,0.00000000354,0.01420942571
-19.3705196,12.2416391,-7.70755959,0.00000000354,0.01422295229
-17.354372,12.3274698,-7.77147102,0.00000000355,0.01426561669
-17.354372,12.3913698,-7.77147102,0.00000000355,0.01425764296
-17.354372,12.3913698,-7.70755959,0.00000000355,0.01424685663
-17.354372,12.3274698,-7.70755959,0.00000000355,0.01425469928
-17.354372,12.2416391,-5.53497124,0.00000000321,0.01288746309
-17.354372,12.3274698,-5.53497124,0.00000000324,0.01300606246
-17.354372,12.2416391,-5.47108698,0.00000000319,0.01281920213
-18.7954197,12.6049995,-9.8162632,0.00000000358,0.01438204046
-18.7954197,12.6049995,-9.75235176,0.00000000358,0.01438060074
-18.7315235,12.6049995,-9.75235176,0.00000000358,0.01438022609
-18.7315235,12.6049995,-9.8162632,0.00000000358,0.01438169971
-18.7315483,12.2647648,-8.66607094,0.00000000357,0.01434894293
-18.7857361,12.271101,-8.66607094,0.00000000357,0.01435134246
-17.9006729,12.5823336,-5.79056358,0.00000000191,0.00768031182
-18.9876461,12.2619915,-8.41042423,0.00000000356,0.01431917088
-18.919735,12.271101,-8.41042423,0.00000000356,0.01432165249
-18.919735,12.271101,-8.3465395,0.00000000356,0.01431485529
-18.9876461,12.2619915,-8.3465395,0.00000000356,0.01431237549
-19.4983234,12.2416391,-7.3880558,0.0000000035,0.01407010736
-18.539835,12.6049995,-10.0718555,0.00000000358,0.01438251145
-19.112957,12.2583036,-8.02706337,0.00000000355,0.01426124045
-19.7542362,12.271101,-7.13246346,0.00000000344,0.0138283495
-19.6921558,12.2585497,-7.13246346,0.00000000345,0.01384325959
-19.6921558,12.2585497,-7.0685792,0.00000000344,0.0138085056
-19.7542362,12.271101,-7.0685792,0.00000000343,0.01379843471
-20.0733891,12.2647629,-8.41042423,0.00000000355,0.01426566309
-18.9232349,12.6049995,-9.43284798,0.00000000358,0.01436926492
-17.354372,12.3913698,-7.3880558,0.00000000353,0.01417791064
-17.354372,12.3274698,-7.3880558,0.00000000353,0.01418374444
-20.1725159,12.3913698,-7.26028681,0.00000000349,0.01402082951
-20.1725159,12.3913698,-7.19637537,0.00000000348,0.01399645241
-20.1725159,12.4552689,-7.19637537,0.00000000349,0.01402121842
-20.1725159,12.4552689,-7.26028681,0.0000000035,0.01404463217
-19.1807346,12.5761013,-9.17725563,0.00000000357,0.01435266713
-19.1807346,12.5761013,-9.1133709,0.00000000357,0.01434833728
-19.1137352,12.5761013,-9.1133709,0.00000000357,0.01435234333
-19.1137352,12.5761013,-9.17725563,0.00000000357,0.01435496587
-19.5622196,12.2416391,-7.13246346,0.00000000345,0.01386558597
-19.4983234,12.2416391,-7.13246346,0.00000000346,0.01388082343
-19.4983234,12.2416391,-7.0685792,0.00000000344,0.01381416104
-19.5622196,12.2416391,-7.0685792,0.00000000344,0.01381100059
-19.1788197,12.2416391,-7.77147102,0.00000000354,0.01420716265
-19.112957,12.2583036,-7.77147102,0.00000000354,0.01420679961
-19.112957,12.2583036,-7.70755959,0.00000000353,0.01419104922
-19.1788197,12.2416391,-7.70755959,0.00000000353,0.0141915505
-18.0822353,12.5761013,-5.15158319,0.00000000143,0.00575673803
-18.6037312,12.6049995,-9.8162632,0.00000000358,0.01438065602
-18.6037312,12.6049995,-9.75235176,0.00000000358,0.01437970335
-18.539835,12.6049995,-9.75235176,0.00000000358,0.01437982644
-18.539835,12.6049995,-9.8162632,0.00000000358,0.01438055434
-18.919735,12.271101,-8.02706337,0.00000000355,0.01426918301
-18.9876461,12.2619915,-8.02706337,0.00000000355,0.01426434735
-18.9894543,12.5881338,-9.17725563,0.00000000357,0.01435854375
-18.9894543,12.5881329,-9.1133709,0.00000000357,0.01435595958
-18.9232349,12.6049995,-9.1133709,0.00000000357,0.01435779537
-18.9232349,12.6049995,-9.17725563,0.00000000357,0.01436012978
-18.4120426,12.6049995,-10.0718555,0.00000000358,0.01438262739
-18.348135,12.6049995,-10.0718555,0.00000000358,0.0143832295
-19.881712,12.3913698,-10.346241,0.00000000358,0.01437961505
-19.881712,12.3274698,-10.346241,0.00000000358,0.01438205203
-19.9456196,12.3274698,-10.346241,0.00000000358,0.01438168987
-19.6921558,12.2585497,-6.74910259,0.00000000336,0.01348558732
-17.4535313,12.5191689,-4.49365044,0.00000000233,0.00935093017
-17.4535313,12.6049995,-4.49365044,0.00000000225,0.00905734416
-17.5174274,12.6049995,-4.49365044,0.00000000227,0.00913855275
-17.5174274,12.5191689,-4.49365044,0.00000000232,0.0093110328
-19.306612,12.2416391,-7.3880558,0.00000000351,0.0140924926
-19.1137352,12.5761013,-8.79389477,0.00000000357,0.01433583741
-19.6905613,12.5849104,-9.8162632,0.00000000358,0.01437190622
-19.9454098,12.2640858,-6.49345541,0.00000000328,0.01316917898
-19.8842354,12.271101,-6.49345541,0.00000000327,0.01312957953
-19.8842354,12.271101,-6.42954397,0.00000000324,0.01301468829
-19.9454098,12.2640858,-6.42954397,0.00000000325,0.01306319988
-18.7315235,12.6049995,-9.43284798,0.00000000358,0.01437034787
-17.354372,12.3274698,-7.13246346,0.00000000351,0.0141042753
-17.354372,12.3913698,-7.13246346,0.00000000351,0.01410257064
-17.354372,12.3913698,-7.0685792,0.00000000351,0.01408097219
-17.354372,12.3274698,-7.0685792,0.00000000351,0.0140811238
-19.3817348,12.5761013,-8.53824806,0.00000000356,0.01430535707
-19.3817348,12.5761013,-8.47433662,0.00000000356,0.01429474919
-19.3064842,12.5821724,-8.47433662,0.00000000356,0.01429438703
-19.3064842,12.5821724,-8.53824806,0.00000000356,0.01430057227
-19.7542362,12.271101,-6.49345541,0.00000000325,0.01306789369
-19.6921558,12.2585497,-6.49345541,0.00000000325,0.01305814929
-19.6921558,12.2585497,-6.42954397,0.00000000322,0.01295017029
-19.7542362,12.271101,-6.42954397,0.00000000322,0.01295144052
-19.3705196,12.2416391,-7.13246346,0.00000000346,0.01389875662
-19.306612,12.2416391,-7.13246346,0.00000000346,0.01390988723
-19.306612,12.2416391,-7.0685792,0.00000000345,0.01384760731
-19.3705196,12.2416391,-7.0685792,0.00000000344,0.01382954926
-18.6037312,12.6049995,-9.43284798,0.00000000358,0.01436711784
-18.539835,12.6049995,-9.43284798,0.00000000358,0.01436653714
-19.112957,12.2583036,-7.3880558,0.00000000351,0.01409089142
-19.1788197,12.2416391,-7.3880558,0.00000000351,0.01408806553
-18.7954197,12.6049995,-9.17725563,0.00000000358,0.01436594037
-18.7954197,12.6049995,-9.1133709,0.00000000358,0.0143644195
-18.7315235,12.6049995,-9.1133709,0.00000000358,0.01436382895
-18.7315235,12.6049995,-9.17725563,0.00000000358,0.01436555503
-20.1725159,12.3913698,-6.87687111,0.00000000345,0.01385158126
-20.1725159,12.4552689,-6.87687111,0.00000000345,0.01387933201
-19.1807346,12.5761013,-8.53824806,0.00000000356,0.01431201064
-19.1807346,12.5761013,-8.47433662,0.00000000356,0.0143055908
-19.1137352,12.5761013,-8.47433662,0.00000000356,0.01431010885
-19.1137352,12.5761013,-8.53824806,0.00000000356,0.01431597656
-19.8842354,12.271101,-6.11004019,0.00000000311,0.0125128344
-20.1373196,12.2539244,-5.85444784,0.00000000323,0.01296472983
-20.0733891,12.2647629,-5.85444784,0.00000000317,0.01273748599
-20.0733891,12.2647629,-5.79056358,0.00000000316,0.01269596338
-20.1373196,12.2539244,-5.79056358,0.00000000321,0.01290632214
-19.4983234,12.2416391,-6.74910259,0.00000000334,0.01341792405
-20.1725159,12.3913698,-6.62127876,0.00000000341,0.01370950836
-20.1725159,12.3913698,-6.55736732,0.0000000034,0.01367039778
-20.1725159,12.4552689,-6.55736732,0.00000000341,0.01370758785
-20.1725159,12.4552689,-6.62127876,0.00000000342,0.01374426235
-19.881712,12.6049995,-9.17725563,0.00000000356,0.01428500832
-19.3064842,12.5821733,-8.15483189,0.00000000355,0.01425381616
-19.5562363,12.5761013,-7.89924002,0.00000000344,0.01382821837
-19.5562363,12.5761013,-7.83535576,0.00000000344,0.01380797845
-19.4892349,12.5761013,-7.83535576,0.00000000347,0.01392159678
-19.4892349,12.5761013,-7.89924002,0.00000000347,0.01394630036
-18.9232349,12.6049995,-8.79389477,0.00000000357,0.01434372554
-19.7532349,12.5761013,-7.26028681,0.00000000342,0.0137588799
-19.7532349,12.5761013,-7.19637537,0.00000000342,0.0137200592
-19.6905613,12.5849104,-7.19637537,0.00000000341,0.01368524721
-19.6905613,12.5849104,-7.26028681,0.00000000342,0.01372583322
-19.306612,12.2416391,-6.74910259,0.00000000336,0.01350400041
-19.3705196,12.2416391,-6.74910259,0.00000000335,0.01346770587
-19.5622196,12.2416391,-6.49345541,0.00000000326,0.01308007868
-19.4983234,12.2416391,-6.49345541,0.00000000326,0.01309340905
-19.4983234,12.2416391,-6.42954397,0.00000000324,0.01302401344
-19.5622196,12.2416391,-6.42954397,0.00000000324,0.0130106403
-19.9454098,12.2640848,-5.85444784,0.00000000303,0.01218291729
-19.8842354,12.271101,-5.85444784,0.00000000303,0.0121563815
-19.8842354,12.271101,-5.79056358,0.000000003,0.01205742439
-19.9454098,12.2640848,-5.79056358,0.00000000301,0.01209073419
-20.1373196,12.6049995,-8.53824806,0.00000000355,0.01426472734
-20.0734119,12.6049995,-8.53824806,0.00000000355,0.01425476171
-20.0733891,12.2647667,-5.47108698,0.00000000313,0.01256845002
-17.354372,12.3913698,-6.74910259,0.00000000347,0.01395544092
-17.354372,12.3274698,-6.74910259,0.00000000347,0.01394292763
-17.5127354,12.271101,-9.24116707,0.00000000358,0.01436712587
-19.3817348,12.5761013,-7.89924002,0.00000000353,0.01419242828
-19.3817348,12.5761013,-7.83535576,0.00000000353,0.01417785532
-19.3064842,12.5821733,-7.83535576,0.00000000353,0.01419085297
-19.3064842,12.5821733,-7.89924002,0.00000000354,0.0142054892
-19.3946609,12.6469688,-10.1115742,0.00000000358,0.01439179024
-19.3943558,12.6049995,-10.1112776,0.00000000358,0.01438822481
-19.4315166,12.6049995,-10.1392202,0.00000000358,0.01438872794
-18.7954197,12.6049995,-8.79389477,0.00000000357,0.01435355648
-18.7315235,12.6049995,-8.79389477,0.00000000357,0.01435164754
-18.9894543,12.5881329,-8.53824806,0.00000000357,0.01432322333
-18.9894543,12.5881329,-8.47433662,0.00000000356,0.01431831098
-18.9232349,12.6049995,-8.47433662,0.00000000357,0.01432425096
-18.9232349,12.6049995,-8.53824806,0.00000000357,0.01432866199
-19.4892349,12.5761013,-7.51587915,0.00000000343,0.01379569086
-19.6921558,12.2585497,-6.11004019,0.00000000311,0.01248843139
-20.1725159,12.3913698,-6.23786354,0.00000000335,0.01344406916
-20.1725159,12.4552689,-6.23786354,0.00000000336,0.01348644903
-17.389719,12.2520218,-7.32417107,0.00000000352,0.0141387492
-17.354372,12.2416391,-7.32417107,0.00000000353,0.01418491922
-17.354372,12.2416391,-7.26028681,0.00000000353,0.01416642321
-17.389719,12.2520218,-7.26028681,0.00000000351,0.01411762438
-19.1137352,12.5761013,-8.15483189,0.00000000355,0.01427271984
-19.9456196,12.6049995,-6.62127876,0.00000000335,0.01343799448
-19.9456196,12.6049995,-6.55736732,0.00000000333,0.01339571188
-19.881712,12.6049995,-6.55736732,0.00000000332,0.01332835991
-19.881712,12.6049995,-6.62127876,0.00000000333,0.0133688228
-17.354372,12.3274698,-6.49345541,0.00000000343,0.0137981439
-17.354372,12.3913698,-6.49345541,0.00000000344,0.01382782853
-17.354372,12.3913698,-6.42954397,0.00000000343,0.01379189266
-17.354372,12.3274698,-6.42954397,0.00000000342,0.01375718239
-20.1373196,12.2539158,-5.21549463,0.00000000305,0.01227095071
-20.0733891,12.2647705,-5.21549463,0.00000000307,0.01233762564
-20.0733891,12.2647705,-5.15158319,0.00000000305,0.01225974518
-20.1373196,12.2539158,-5.15158319,0.00000000303,0.01217154672
-19.6905613,12.5849104,-6.87687111,0.00000000335,0.01344566319
-17.7104721,12.2576962,-8.6021595,0.00000000356,0.01432127964
-19.5562363,12.5761013,-7.26028681,0.00000000336,0.013485747
-19.5562363,12.5761013,-7.19637537,0.00000000335,0.01344568283
-19.4892349,12.5761013,-7.19637537,0.00000000333,0.01338619224
-19.4892349,12.5761013,-7.26028681,0.00000000335,0.01346423593
-20.1725159,12.5191689,-6.3017478,0.00000000337,0.01354481031
-19.306612,12.2416391,-10.346241,0.00000000358,0.0143889188
-19.3705196,12.3274698,-10.346241,0.00000000358,0.01438833006
-19.306612,12.3274698,-10.346241,0.00000000358,0.01438813117
-19.4983234,12.2416391,-6.11004019,0.00000000316,0.01269177534
-19.5622196,12.2416391,-6.11004019,0.00000000316,0.01268862293
-17.9008274,12.2416391,-7.96315193,0.00000000355,0.01425939486
-19.7542362,12.271101,-5.85444784,0.00000000302,0.01212612954
-19.6921558,12.2585497,-5.85444784,0.00000000302,0.01212661748
-19.6921558,12.2585497,-5.79056358,0.00000000299,0.01202836417
-19.7542362,12.271101,-5.79056358,0.00000000299,0.01202342325
-19.7532349,12.5761013,-6.62127876,0.00000000331,0.01330752142
-19.6905613,12.5849104,-6.55736732,0.00000000327,0.01312529697
-19.6902351,12.5761013,-6.62127876,0.00000000329,0.01321545161
-17.5797348,12.271101,-6.68519068,0.0000000034,0.01364701255
-17.5127354,12.271101,-6.68519068,0.0000000034,0.01366715971
-17.5127354,12.271101,-6.62127876,0.00000000339,0.01362154183
-18.9894543,12.5881329,-8.15483189,0.00000000356,0.01428737929
-18.9232349,12.6049995,-8.15483189,0.00000000356,0.01429610149
-19.881712,12.6049995,-6.23786354,0.00000000327,0.01311830618
-19.1807346,12.5761013,-7.89924002,0.00000000354,0.01422044392
-19.1807346,12.5761013,-7.83535576,0.00000000354,0.01420714839
-19.1137352,12.5761013,-7.83535576,0.00000000354,0.01421884186
-19.1137352,12.5761013,-7.89924002,0.00000000354,0.01423116244
-19.8842354,12.271101,-5.47108698,0.00000000287,0.01154622031
-20.0734119,12.6049995,-5.91835976,0.0000000032,0.01286297535
-20.0734119,12.6049995,-5.98227119,0.00000000323,0.01298632386
-20.1373196,12.6049995,-5.98227119,0.00000000322,0.0129187685
-20.1373196,12.6049995,-5.91835976,0.00000000318,0.01276376223
-17.354372,12.3913698,-6.11004019,0.00000000338,0.01359012224
-17.354372,12.3274698,-6.11004019,0.00000000337,0.01352481476
-19.3064842,12.5821733,-7.51587915,0.00000000351,0.01409478153
-19.1149235,12.3274698,-10.346241,0.00000000358,0.01438725696
-19.1149235,12.2416391,-10.346241,0.00000000358,0.01438802411
-17.5174274,12.6049995,-9.36896324,0.00000000357,0.01435875161
-18.0925274,12.2416391,-7.32417107,0.00000000351,0.01410411027
-17.389719,12.2520218,-6.68519068,0.00000000345,0.01386493123
-17.354372,12.2416391,-6.68519068,0.00000000347,0.01392617284
-17.354372,12.2416391,-6.62127876,0.00000000346,0.01388883469
-17.7422104,12.2502956,-6.04615545,0.0000000031,0.01246888369
-17.7104721,12.2576962,-6.04615545,0.00000000311,0.01249487891
-17.7104721,12.2576962,-5.98227119,0.00000000309,0.01239807962
-20.0734119,12.6049995,-5.5988555,0.00000000262,0.01050929191
-20.1373196,12.6049995,-5.5988555,0.00000000226,0.00908629198
-17.5127354,12.271101,-6.3017478,0.00000000331,0.01328338516
-19.9456196,12.6049995,-5.98227119,0.00000000323,0.01297132186
-19.881712,12.6049995,-5.91835976,0.00000000313,0.01255516428
-19.881712,12.6049995,-5.98227119,0.0000000032,0.01284081757
-19.9454098,12.2640848,-5.21549463,0.00000000296,0.01187767524
-19.8842354,12.271101,-5.21549463,0.00000000286,0.01147201319
-19.8842354,12.271101,-5.15158319,0.00000000286,0.01150881792
-19.9454098,12.2640848,-5.15158319,0.00000000296,0.01189546393
-20.0734119,12.2416391,-4.83207893,0.0000000029,0.01167003981
-19.6921558,12.2585497,-5.47108698,0.00000000285,0.01145336464
-19.7542362,12.271101,-5.47108698,0.00000000285,0.01143462241
-19.3817348,12.5761013,-7.26028681,0.00000000347,0.01394961692
-19.3817348,12.5761013,-7.19637537,0.00000000346,0.01391080068
-19.3064842,12.5821733,-7.19637537,0.00000000347,0.01395606979
-19.3064842,12.5821733,-7.26028681,0.00000000348,0.0139871201
-19.4892349,12.5761013,-6.87687111,0.00000000314,0.0126275071
-19.1807346,12.5761013,-7.51587915,0.00000000351,0.01412064652
-19.1137352,12.5761013,-7.51587915,0.00000000352,0.01413979819
-17.5797348,12.271101,-6.04615545,0.00000000313,0.01259361925
-17.5127354,12.271101,-6.04615545,0.0000000032,0.01283786321
-17.5127354,12.271101,-5.98227119,0.00000000317,0.01272802344
-20.0734119,12.3913698,-10.346241,0.00000000358,0.01438043571
-20.0095158,12.3274698,-10.346241,0.00000000358,0.01438137945
-20.0734119,12.3274698,-10.346241,0.00000000358,0.01438111543
-17.9647236,12.2416391,-5.40717506,0.00000000288,0.01155031828
-17.9008274,12.2416391,-5.40717506,0.00000000284,0.01142243473
-17.9008274,12.2416391,-5.34326315,0.00000000282,0.01131902468
-17.7104721,12.2576962,-5.66276741,0.00000000298,0.01196540094
-20.1373196,12.2416391,-4.57648659,0.00000000234,0.00941651862
-20.0734119,12.2416391,-4.57648659,0.00000000255,0.01023075696
-20.0734119,12.2416391,-4.49365044,0.00000000254,0.01019288
-20.1373196,12.2416391,-4.49365044,0.00000000238,0.00956700326
-19.6905613,12.5849104,-6.23786354,0.00000000246,0.00986997686
-20.1725159,12.3913698,-10.1357403,0.00000000358,0.01437755715
-20.1725159,12.4552689,-10.1357403,0.00000000358,0.01437851339
-20.1725159,12.4552689,-10.1996241,0.00000000358,0.01437935992
-20.1725159,12.3913698,-10.1996241,0.00000000358,0.01437913157
-18.3150311,12.2511892,-6.68519068,0.00000000332,0.01332813422
-19.5562363,12.5761013,-6.62127876,0.00000000274,0.01100524869
-19.5562363,12.5761013,-6.55736732,0.00000000257,0.01033999815
-19.4892349,12.5761013,-6.55736732,0.00000000239,0.00961184774
-19.4892349,12.5761013,-6.62127876,0.00000000245,0.0098325165
-20.1373196,12.6049995,-5.34326315,0.00000000101,0.00406854689
-20.1373196,12.6049995,-5.27937889,7.25E-10,0.00291454755
-20.0734119,12.6049995,-5.27937889,0.00000000151,0.00604945345
-20.0734119,12.6049995,-5.34326315,0.00000000178,0.00716842404
-17.6452198,12.5191689,-4.49365044,0.00000000218,0.00874673665
-17.5813236,12.5191689,-4.49365044,0.00000000225,0.00902161341
-17.5813236,12.6049995,-4.49365044,0.00000000224,0.00899066481
-17.6452198,12.6049995,-4.49365044,0.00000000219,0.00878895682
-17.7085209,12.5854778,-8.72998333,0.00000000356,0.01429678299
-19.881712,12.2416391,-4.83207893,0.00000000278,0.01115111713
-19.9456196,12.2416391,-4.83207893,0.00000000284,0.01141810934
-17.3896351,12.6049995,-4.49365044,0.00000000217,0.00870233456
-17.7422104,12.2502956,-5.40717506,0.00000000288,0.01157219059
-17.7104721,12.2576962,-5.40717506,0.00000000288,0.01158343003
-17.7104721,12.2576962,-5.34326315,0.00000000287,0.01152200379
-19.3817348,12.5761013,-6.87687111,0.0000000034,0.01366924349
-19.3064842,12.5821724,-6.87687111,0.00000000343,0.01376090654
-19.881712,12.6049995,-5.5988555,0.00000000228,0.00917222918
-19.4983234,12.2416391,-10.0718555,0.00000000358,0.01439155294
-19.4983234,12.2416391,-10.0079441,0.00000000358,0.01438961279
-19.5622196,12.2416391,-10.0718555,0.00000000358,0.01439062434
-19.7532349,12.5761013,-5.98227119,0.00000000201,0.00808340843
-19.7532349,12.5761013,-5.91835976,0.00000000189,0.00760113257
-19.6905613,12.5849104,-5.91835976,0.00000000196,0.00786960824
-19.6905613,12.5849104,-5.98227119,0.00000000194,0.00780531321
-17.9008274,12.2416391,-5.02378654,0.0000000027,0.01084818897
-20.1725159,12.4552689,-5.85444784,0.00000000326,0.01310737804
-19.5562363,12.5761013,-6.23786354,0.00000000225,0.00903126774
-19.4892349,12.5761013,-6.23786354,0.0000000023,0.0092463801
-17.6121159,12.5962973,-6.81298685,0.00000000345,0.01386543432
-17.5174274,12.6049995,-6.74910259,0.00000000346,0.01389774775
-17.5174274,12.6049995,-6.81298685,0.00000000347,0.01392878646
-18.4772358,12.271101,-6.04615545,0.00000000299,0.01201776428
-20.1725159,12.3913698,-9.8162632,0.00000000357,0.01435837872
-20.1725159,12.4552689,-9.8162632,0.00000000358,0.0143649315
-19.306612,12.2416391,-10.0079441,0.00000000358,0.01438753351
-19.3705196,12.2416391,-10.0718555,0.00000000358,0.01439080902
-19.306612,12.2416391,-10.0718555,0.00000000358,0.01438924083
-17.5127354,12.271101,-5.66276741,0.0000000031,0.01244670538
-17.389719,12.2520218,-6.04615545,0.00000000334,0.01339904981
-17.354372,12.2416391,-6.04615545,0.00000000334,0.01343497235
-17.354372,12.2416391,-5.98227119,0.00000000333,0.01336994765
-17.389719,12.2520218,-5.98227119,0.00000000332,0.01333908647
-17.9006729,12.5823336,-8.09094715,0.00000000353,0.01416638573
-20.1373196,12.6049995,-4.95990229,2.01E-10,0.00080895457
-20.0734119,12.6049995,-4.95990229,2.65E-10,0.00106342808
-19.4983234,12.2416391,-9.68843937,0.00000000358,0.01437335216
-19.9456196,12.6049995,-5.34326315,0.00000000222,0.00893829967
-19.9456196,12.6049995,-5.27937889,0.00000000206,0.00829115446
-19.881712,12.6049995,-5.27937889,0.0000000016,0.0064199048
-19.881712,12.6049995,-5.34326315,0.0000000017,0.00681479394
-19.7532349,12.5761013,-5.5988555,0.00000000178,0.0071446642
-19.6905537,12.5848904,-5.5988555,0.00000000191,0.00769220512
-17.9563351,12.2416391,-4.76440763,0.00000000212,0.00852507063
-17.9008274,12.2416391,-4.76819468,0.00000000233,0.00936943426
-17.9008274,12.2416391,-4.70430994,0.00000000218,0.00874011606
-17.5174274,12.6049995,-6.42954397,0.00000000341,0.01370625965
-19.7542362,12.271101,-9.43284798,0.00000000358,0.01436689307
-19.6921558,12.2585497,-9.43284798,0.00000000358,0.01436627669
-19.6921558,12.2585497,-9.36896324,0.00000000358,0.01436405553
-18.1349926,12.7747688,-9.96494961,0.00000000358,0.01439174384
-18.0953598,12.7747688,-9.93487644,0.00000000358,0.01439174384
-18.0953674,12.8609858,-9.93487644,0.00000000358,0.01439174384
-18.1335373,12.8621016,-9.96650028,0.00000000358,0.01439174384
-19.5404148,12.6469688,-10.1135435,0.00000000358,0.01439179201
-19.5006332,12.6049995,-10.1406507,0.00000000358,0.01438812936
-17.389719,12.2520218,-5.66276741,0.00000000324,0.01302764577
-17.5797348,12.271101,-5.40717506,0.00000000299,0.01201302141
-17.5127354,12.271101,-5.40717506,0.00000000311,0.0124898934
-17.5127354,12.271101,-5.34326315,0.00000000311,0.01249901701
-17.5797348,12.271101,-5.34326315,0.00000000301,0.01208188268
-19.9456196,12.6049995,-4.95990229,0.0000000011,0.00443739348
-19.881712,12.6049995,-4.95990229,0.00000000132,0.00531603387
-17.354372,12.3913698,-5.72667885,0.00000000331,0.01329742377
-20.0734119,12.6049995,-4.6403985,0.00000000211,0.0084743147
-20.0734119,12.6049995,-4.70430994,0.00000000199,0.0079903208
-20.1373196,12.6049995,-4.70430994,0.00000000201,0.0080713037
-20.1373196,12.6049995,-4.6403985,0.00000000208,0.00835964734
-20.1725159,12.3913698,-9.56067085,0.00000000357,0.01435412557
-20.1725159,12.3913698,-9.49675941,0.00000000357,0.01435269388
-20.1725159,12.4552689,-9.49675941,0.00000000357,0.01434981179
-20.1725159,12.4552689,-9.56067085,0.00000000357,0.01435177601
-17.7104778,12.2576876,-5.02378654,0.00000000291,0.0116702753
-19.5622196,12.2416391,-9.43284798,0.00000000358,0.01436484232
-19.4983234,12.2416391,-9.43284798,0.00000000358,0.01436595109
-19.4983234,12.2416391,-9.36896324,0.00000000358,0.01436393155
-17.773735,12.5761013,-6.1739521,0.00000000314,0.01259497155
-17.7085209,12.5854769,-6.11004019,0.00000000328,0.01318012854
-17.7085209,12.5854769,-6.1739521,0.0000000033,0.01326742603
-18.0822353,12.5761013,-7.45196772,0.00000000343,0.01379570869
-17.354372,12.3913698,-10.0718555,0.00000000358,0.0143819334
-17.354372,12.3913698,-10.0079441,0.00000000358,0.01438035809
-17.354372,12.3274698,-10.0079441,0.00000000358,0.01437904592
-17.354372,12.3274698,-10.0718555,0.00000000358,0.01438082016
-19.6921558,12.2585497,-9.04948616,0.00000000357,0.01434904019
-18.678236,12.271101,-5.40717506,0.00000000302,0.01214766556
-17.6121159,12.5962973,-6.17395163,0.00000000334,0.01341829513
-17.5174274,12.6049995,-6.11004019,0.00000000335,0.01345541562
-17.5174274,12.6049995,-6.1739521,0.00000000336,0.01350934093
-19.1149235,12.2416391,-10.0079441,0.00000000358,0.01438265326
-19.1788197,12.2416391,-10.0079441,0.00000000358,0.01438429902
-19.1788197,12.2416391,-10.0718555,0.00000000358,0.01438593145
-19.1149235,12.2416391,-10.0718555,0.00000000358,0.01438434008
-17.7085209,12.5854769,-5.79056358,0.0000000026,0.01045829783
-19.306612,12.2416391,-9.68843937,0.00000000358,0.01437973638
-19.9454098,12.2640858,-8.79389477,0.00000000356,0.01430706173
-19.8842354,12.271101,-8.79389477,0.00000000356,0.01431157802
-19.8842354,12.271101,-8.72998333,0.00000000356,0.01430394768
-17.5127354,12.271101,-5.02378654,0.00000000306,0.01227561331
-17.5797348,12.271101,-5.02378654,0.00000000302,0.01213396593
-17.709116,12.2416391,-4.70430994,0.00000000263,0.01054989488
-17.7730122,12.2416391,-4.70430994,0.00000000256,0.01028837339
-17.7730122,12.2416391,-4.76819468,0.00000000267,0.01073593986
-17.709116,12.2416391,-4.76819468,0.0000000027,0.01085283192
-17.354372,12.3913698,-9.68843937,0.00000000358,0.01437198026
-17.354372,12.3274698,-9.68843937,0.00000000358,0.01437367061
-18.2832355,12.5761013,-6.81298685,0.00000000332,0.01333155692
-19.8842354,12.271101,-8.41042423,0.00000000355,0.01425485093
-18.8593273,12.2416391,-4.76819468,0.00000000256,0.01029248562
-17.9747353,12.5761013,-5.53497124,0.00000000178,0.00716933966
-17.9006729,12.5823336,-5.47108698,0.00000000179,0.00718888608
-17.9006729,12.5823336,-5.53497124,0.00000000182,0.0073228777
-19.7542362,12.271101,-8.79389477,0.00000000357,0.0143261554
-19.6921558,12.2585497,-8.79389477,0.00000000357,0.01433031045
-19.6921558,12.2585497,-8.72998333,0.00000000357,0.01432405736
-19.112957,12.2583036,-9.68843937,0.00000000358,0.01438091116
-19.1788197,12.2416391,-9.68843937,0.00000000358,0.01438090312
-19.4983234,12.2416391,-9.04948616,0.00000000357,0.01435387047
-19.3705196,12.2416391,-9.43284798,0.00000000358,0.01437087952
-19.306612,12.2416391,-9.43284798,0.00000000358,0.01437288475
-19.306612,12.2416391,-9.36896324,0.00000000358,0.01437113996
-19.3705196,12.2416391,-9.36896324,0.00000000358,0.01436908117
-17.9006729,12.5823374,-5.15158319,0.00000000149,0.00600510134
-20.1725159,12.3913698,-9.17725563,0.00000000357,0.01433695418
-20.1725159,12.4552689,-9.17725563,0.00000000357,0.01433587666
-17.773735,12.5761013,-5.53497124,0.00000000174,0.0069946483
-17.7085209,12.5854769,-5.47108698,0.00000000166,0.00665689348
-17.7085209,12.5854769,-5.53497124,0.00000000169,0.00678260805
-20.1373196,12.2539244,-8.15483189,0.00000000355,0.01425446555
-20.0733891,12.2647629,-8.15483189,0.00000000354,0.01422185777
-20.0733891,12.2647629,-8.09094715,0.00000000354,0.01420773266
-17.5174274,12.6049995,-5.79056358,0.00000000327,0.0131337854
-20.0733891,12.2647629,-7.77147102,0.00000000351,0.01410571771
-17.354372,12.3274698,-9.43284798,0.00000000358,0.01437220326
-17.354372,12.3913698,-9.43284798,0.00000000358,0.01437018549
-17.354372,12.3913698,-9.36896324,0.00000000358,0.01436912934
-17.354372,12.3274698,-9.36896324,0.00000000358,0.01437133174
-20.1725159,12.3913698,-8.92166328,0.00000000356,0.01431903264
-20.1725159,12.3913698,-8.85777855,0.00000000356,0.01431425945
-20.1725159,12.4552689,-8.85777855,0.00000000356,0.01431442444
-20.1725159,12.4552689,-8.92166328,0.00000000356,0.01431914681
-19.306612,12.2416391,-9.04948616,0.00000000358,0.01436281205
-19.3705196,12.2416391,-9.04948616,0.00000000357,0.01436108602
-19.5622196,12.6049995,-10.1996241,0.00000000358,0.01438251591
-19.4983234,12.6049995,-10.1996241,0.00000000358,0.01438425889
-18.4759388,12.6049995,-6.1739521,0.00000000313,0.01256089818
-19.4892349,12.5761013,-9.8162632,0.00000000358,0.0143656933
-19.9454098,12.2640858,-8.15483189,0.00000000353,0.01419619526
-19.8842354,12.271101,-8.15483189,0.00000000353,0.01419559937
-19.8842354,12.271101,-8.09094715,0.00000000353,0.01417526669
-18.0925274,12.6049995,-4.83207893,0.00000000118,0.00474567196
-18.0925541,12.593545,-4.89599085,0.0000000011,0.00443208952
-18.1564884,12.5938063,-4.89599085,0.00000000116,0.00464751052
-19.5622196,12.2416391,-8.79389477,0.00000000357,0.01433856877
-19.4983234,12.2416391,-8.79389477,0.00000000357,0.01434553722
-19.4983234,12.2416391,-8.72998333,0.00000000357,0.01434304493
-19.5622196,12.2416391,-8.72998333,0.00000000357,0.01433464921
-19.6921558,12.2585497,-8.41042423,0.00000000356,0.01428642217
-18.156435,12.6049995,-4.49365044,0.00000000165,0.00662597566
-18.0925274,12.6049995,-4.49365044,0.00000000163,0.00654186753
-19.3705196,12.6049995,-10.1996241,0.00000000358,0.01438600638
-19.306612,12.6049995,-10.1357403,0.00000000358,0.01438576731
-19.306612,12.6049995,-10.1996241,0.00000000358,0.01438598762
-17.7085209,12.5854769,-5.15158319,0.00000000156,0.00625779449
-19.7548981,12.5872383,-9.56067085,0.00000000358,0.01436821147
-19.6905613,12.5849104,-9.49675941,0.00000000358,0.01436700366
-19.6905613,12.5849104,-9.56067085,0.00000000358,0.01436804286
-17.6121159,12.5962973,-5.53497171,0.00000000261,0.01046859887
-17.6121159,12.5962973,-5.47108698,0.00000000233,0.0093545741
-17.5174274,12.6049995,-5.47108698,0.00000000287,0.01153127009
-17.5174274,12.6049995,-5.53497124,0.00000000302,0.01211810402
-17.9008274,12.6049995,-4.83207893,0.00000000154,0.00618722499
-17.9007854,12.5937338,-4.89599085,0.00000000142,0.00570410887
-17.9647045,12.5935059,-4.89599085,0.00000000164,0.00660587843
-20.1725159,12.3913698,-8.53824806,0.00000000356,0.01428781995
-20.1725159,12.4552689,-8.53824806,0.00000000356,0.01428789668
-19.4983234,12.2416391,-8.41042423,0.00000000357,0.01432694218
-19.5622196,12.2416391,-8.41042423,0.00000000356,0.01431202137
-19.881712,12.3274698,-4.49365044,0.00000000262,0.01053463778
-19.9456196,12.3274698,-4.49365044,0.00000000266,0.01067380444
-18.6676273,12.6049995,-5.53497124,0.00000000282,0.01132790742
-19.6905613,12.5849104,-9.17725563,0.00000000353,0.0141875489
-17.354372,12.3913698,-9.04948616,0.00000000357,0.01436040007
-17.354372,12.3274698,-9.04948616,0.00000000358,0.0143640395
-19.8842354,12.271101,-7.77147102,0.00000000349,0.01403696885
-20.1373196,12.2539244,-7.51587915,0.00000000351,0.01409476189
-20.0733891,12.2647629,-7.51587915,0.00000000348,0.01399958876
-20.0733891,12.2647629,-7.45196772,0.00000000348,0.01397474063
-17.6121159,12.5962973,-5.15158319,0.00000000146,0.00584892828
-17.5174274,12.6049995,-5.15158319,0.00000000163,0.00652814247
-17.389719,12.2520218,-9.62455559,0.00000000358,0.01437508181
-17.354372,12.2416391,-9.62455559,0.00000000358,0.01437480349
-17.354372,12.2416391,-9.56067085,0.00000000358,0.01437463758
-19.9456196,12.6049995,-8.92166328,0.00000000355,0.01425791501
-19.881712,12.6049995,-8.85777855,0.00000000354,0.01423645479
-19.881712,12.6049995,-8.92166328,0.00000000355,0.01424604847
-19.3064842,12.5821724,-9.8162632,0.00000000358,0.01438200121
-19.5562363,12.5761013,-9.56067085,0.00000000358,0.01436651307
-19.4892349,12.5761013,-9.49675941,0.00000000358,0.01436355779
-19.4892349,12.5761013,-9.56067085,0.00000000358,0.01436411173
-19.7542362,12.271101,-8.15483189,0.00000000354,0.01422125208
-19.6921558,12.2585497,-8.15483189,0.00000000355,0.01424209862
-19.6921558,12.2585497,-8.09094715,0.00000000354,0.01422717423
-19.7542362,12.271101,-8.09094715,0.00000000354,0.01420359368
-20.1725159,12.5191689,-8.6021595,0.00000000356,0.01429586688
-17.354372,12.3274698,-8.79389477,0.00000000357,0.01435539584
-17.354372,12.3913698,-8.79389477,0.00000000357,0.0143502328
-17.354372,12.3913698,-8.72998333,0.00000000357,0.01434723742
-17.354372,12.3274698,-8.72998333,0.00000000357,0.014352759
-19.881712,12.6049995,-8.53824806,0.00000000353,0.0141859174
-19.1149235,12.6049995,-10.1357403,0.00000000358,0.01438434719
-19.1149235,12.6049995,-10.1996241,0.00000000358,0.014384638
-19.1788197,12.6049995,-10.1996241,0.00000000358,0.01438500731
-19.1788197,12.6049995,-10.1357403,0.00000000358,0.01438476913
-18.8593273,12.6049995,-4.89599085,0.00000000117,0.00470619163
-17.9008274,12.6049995,-4.49365044,0.00000000208,0.00837266901
-17.7728462,12.5948925,-4.89599085,0.00000000127,0.00512171181
-17.7730122,12.6049995,-4.83207893,0.0000000013,0.00523399482
-17.709116,12.6049995,-4.83207893,0.00000000133,0.00533157018
-17.7088699,12.5957155,-4.89599085,0.00000000125,0.00500487997
-19.6921558,12.2585497,-7.77147102,0.00000000351,0.0140967752
-19.7542362,12.271101,-7.77147102,0.0000000035,0.01407128664
-17.5797348,12.271101,-8.98557568,0.00000000357,0.01435339679
-17.5127354,12.271101,-8.98557568,0.00000000357,0.01435383479
-17.5127354,12.271101,-8.92166328,0.00000000357,0.01434995091
-19.7532349,12.5761013,-8.92166328,0.00000000354,0.01422453474
-19.6905613,12.5849104,-8.85777855,0.00000000353,0.01418302992
-19.6905613,12.5849104,-8.92166328,0.00000000353,0.01418777994
-19.1807346,12.5761013,-9.8162632,0.00000000358,0.01438239547
-19.1137352,12.5761013,-9.8162632,0.00000000358,0.01438233661
-17.354372,12.3913698,-8.41042423,0.00000000357,0.01432844522
-17.354372,12.3274698,-8.41042423,0.00000000357,0.01433537177
-20.0734119,12.6049995,-8.21874428,0.00000000354,0.01420882268
-20.0734119,12.6049995,-8.28265572,0.00000000354,0.01421941722
-20.1373196,12.6049995,-8.28265572,0.00000000354,0.01423146036
-20.1373196,12.6049995,-8.21874428,0.00000000354,0.01422163835
-17.9008274,12.2416391,-10.346241,0.00000000358,0.01438871809
-17.9008274,12.2416391,-10.2635365,0.00000000358,0.01438852812
-17.5127354,12.271101,-8.6021595,0.00000000357,0.01432493245
-20.0733891,12.2647629,-7.13246346,0.00000000345,0.01385475417
-18.0953579,12.0718699,-4.90501404,0.00000000235,0.0094468919
-18.0262547,12.0718699,-4.90644312,0.00000000232,0.0093171164
-18.0262547,11.9856539,-4.90644312,0.00000000231,0.00927495238
-18.0953579,11.9856539,-4.90501404,0.00000000233,0.00938018399
-20.0734119,12.6049995,-7.89924002,0.00000000352,0.01414647675
-20.1373196,12.6049995,-7.89924002,0.00000000353,0.01416326368
-18.0925274,12.2416391,-9.62455559,0.00000000358,0.0143776428
-17.709116,12.6049995,-4.49365044,0.00000000215,0.00862469047
-19.4892349,12.5761013,-9.17725563,0.00000000357,0.01435569734
-17.389719,12.2520218,-8.98557568,0.00000000358,0.01436285845
-17.354372,12.2416391,-8.98557568,0.00000000358,0.01436587705
-17.354372,12.2416391,-8.92166328,0.00000000358,0.01436420007
-19.9456196,12.6049995,-8.28265572,0.00000000352,0.01415707306
-19.881712,12.6049995,-8.21874428,0.00000000351,0.01411804094
-19.881712,12.6049995,-8.28265572,0.00000000352,0.01413348091
-19.9454098,12.2640858,-7.51587915,0.00000000347,0.01392052279
-19.8842354,12.271101,-7.51587915,0.00000000346,0.01391971463
-19.8842354,12.271101,-7.45196772,0.00000000346,0.01389646856
-19.9454098,12.2640858,-7.45196772,0.00000000346,0.01389639007
-18.3150311,12.2511892,-8.98557568,0.00000000357,0.01435952052
-17.7422104,12.2502956,-8.3465395,0.00000000356,0.01429015259
-17.7104721,12.2576952,-8.3465395,0.00000000356,0.01428561666
-17.7104721,12.2576952,-8.28265572,0.00000000355,0.01427485801
-17.7104721,12.2576952,-7.96315193,0.00000000354,0.01421023922
-19.3817348,12.5761013,-9.56067085,0.00000000358,0.01437547788
-19.3817348,12.5761013,-9.49675941,0.00000000358,0.01437482848
-19.3064842,12.5821724,-9.49675941,0.00000000358,0.01437886486
-19.3064842,12.5821724,-9.56067085,0.00000000358,0.01437948393
-20.1065178,12.5149755,-5.98227119,0.00000000325,0.0130715929
-20.1065178,12.5149755,-6.04615545,0.00000000328,0.01317110664
-20.1725159,12.5191689,-6.04615545,0.00000000331,0.01329685733
-20.1725159,12.5191689,-5.98227119,0.00000000329,0.01322441642
-19.8842354,12.271101,-7.13246346,0.00000000343,0.01379115762
-19.9454098,12.2640858,-7.13246346,0.00000000343,0.0137864861
-20.1725159,12.5191689,-5.66276741,0.00000000318,0.012791463
-19.6905613,12.5849104,-8.53824806,0.00000000352,0.01413327932
-19.3817348,12.5761013,-9.17725563,0.00000000358,0.01437080367
-19.3064842,12.5821724,-9.17725563,0.00000000358,0.01436783147
-17.5797348,12.271101,-8.3465395,0.00000000356,0.01428957904
-17.5127354,12.271101,-8.3465395,0.00000000356,0.01429390355
-17.5127354,12.271101,-8.28265572,0.00000000356,0.0142840735
-17.9647236,12.2416391,-7.70755959,0.00000000354,0.01423417746
-17.9008274,12.2416391,-7.70755959,0.00000000354,0.01420153489
-17.9008274,12.2416391,-7.64364767,0.00000000353,0.01418304869
-17.9008274,12.2416391,-7.32417107,0.0000000035,0.01405534354
-18.4772358,12.271101,-8.3465395,0.00000000356,0.01428301196
-20.1373196,12.2539244,-6.87687111,0.00000000344,0.01383149295
-20.0733891,12.2647629,-6.87687111,0.00000000341,0.01371707358
-20.0733891,12.2647629,-6.81298685,0.0000000034,0.01367133795
-20.1373196,12.2539244,-6.81298685,0.00000000343,0.01379365794
-20.1373196,12.6049995,-7.64364767,0.00000000351,0.01410561599
-20.1373196,12.6049995,-7.57976341,0.00000000351,0.01408897179
-20.0734119,12.6049995,-7.57976341,0.0000000035,0.01407208676
-20.0734119,12.6049995,-7.64364767,0.00000000351,0.01408838041
-19.5562363,12.5761013,-8.92166328,0.00000000353,0.01417279224
-19.5562363,12.5761013,-8.85777855,0.00000000352,0.01415877327
-19.4892349,12.5761013,-8.85777855,0.00000000357,0.01433201154
-19.4892349,12.5761013,-8.92166328,0.00000000357,0.01433701753
-19.881712,12.6049995,-7.89924002,0.00000000349,0.0140330707
-18.156435,12.2416391,-7.0685792,0.00000000345,0.01384200273
-18.0925274,12.2416391,-7.0685792,0.00000000346,0.01390650647
-18.0925274,12.2416391,-7.00469446,0.00000000345,0.01384145863
-20.0733891,12.2647629,-6.49345541,0.00000000333,0.01336961582
-20.1373196,12.2539244,-6.49345541,0.00000000337,0.01355457436
-17.6121159,12.5962973,-9.1133709,0.00000000357,0.01433974086
-17.5174274,12.6049995,-9.04948616,0.00000000357,0.01434238661
-17.5174274,12.6049995,-9.1133709,0.00000000357,0.01434579413
-17.5174274,12.6049995,-8.72998333,0.00000000357,0.01432346955
-17.7422104,12.2502956,-7.70755959,0.00000000352,0.01415541926
-17.7104721,12.2576952,-7.70755959,0.00000000352,0.01414491125
-17.7104721,12.2576952,-7.64364767,0.00000000352,0.01412613423
-18.0925274,12.2416391,-6.68519068,0.00000000336,0.01349310883
-20.1725159,12.4552689,-8.15483189,0.00000000355,0.01424380416
-19.5562363,12.5761013,-8.53824806,0.00000000352,0.01413296087
-19.4892349,12.5761013,-8.53824806,0.00000000356,0.0142980666
-19.7532349,12.5761013,-8.28265572,0.00000000351,0.01410272052
-19.7532349,12.5761013,-8.21874428,0.00000000351,0.01408653036
-19.6905613,12.5849104,-8.21874428,0.0000000035,0.01405909361
-19.6905613,12.5849104,-8.28265572,0.0000000035,0.01407529803
-19.3661633,12.1357698,-4.76443291,0.00000000194,0.00779631007
-19.3661633,12.0718699,-4.76443291,0.00000000196,0.00787447508
-20.1725159,12.5191689,-5.40717506,0.00000000304,0.01220869132
-20.1725159,12.5191689,-5.34326315,0.00000000297,0.01194982808
-20.1065178,12.5149755,-5.34326315,0.00000000199,0.008009187
-20.1065178,12.5149755,-5.40717506,0.00000000216,0.00868853501
-17.5127354,12.271101,-7.96315193,0.00000000354,0.01422045284
-18.0822353,12.5761013,-9.75235176,0.00000000358,0.01437337446
-18.678236,12.271101,-7.70755959,0.00000000351,0.01411086017
-20.1373196,12.6049995,-7.26028681,0.00000000348,0.01398161367
-20.0734119,12.6049995,-7.26028681,0.00000000348,0.01396585702
-17.9647236,12.2416391,-7.0685792,0.00000000347,0.01392178053
-17.9008274,12.2416391,-7.0685792,0.00000000346,0.01389738648
-17.9008274,12.2416391,-7.00469446,0.00000000345,0.0138469169
-19.7532349,12.5761013,-7.89924002,0.00000000348,0.01399765306
-19.6905613,12.5849104,-7.89924002,0.00000000348,0.01397431781
-17.773735,12.5761013,-8.47433662,0.00000000355,0.01426114323
-17.7085209,12.5854778,-8.41042423,0.00000000355,0.0142589078
-17.7085209,12.5854778,-8.47433662,0.00000000355,0.01426739805
-18.3469486,12.258605,-6.42954397,0.0000000032,0.01285833328
-18.3150311,12.2511892,-6.42954397,0.00000000322,0.01293358941
-18.3150311,12.2511892,-6.36563206,0.00000000319,0.01281676604
-19.4983234,12.3913698,-10.346241,0.00000000358,0.01438537036
-19.4344273,12.3913698,-10.346241,0.00000000358,0.01438684664
-19.4344273,12.3274698,-10.346241,0.00000000358,0.01438802768
-19.4983234,12.3274698,-10.346241,0.00000000358,0.01438706964
-17.389719,12.2520218,-8.3465395,0.00000000357,0.01432641588
-17.354372,12.2416391,-8.3465395,0.00000000357,0.01433874714
-17.354372,12.2416391,-8.28265572,0.00000000357,0.01433425853
-17.389719,12.2520218,-8.28265572,0.00000000356,0.01432061952
-17.7104721,12.2576952,-7.32417107,0.00000000349,0.01401015028
-18.3150311,12.2511892,-6.04615545,0.00000000302,0.01214840238
-19.9456196,12.6049995,-7.64364767,0.00000000348,0.01399639263
-19.9456196,12.6049995,-7.57976341,0.00000000348,0.01397859061
-19.881712,12.6049995,-7.57976341,0.00000000347,0.01394278847
-19.881712,12.6049995,-7.64364767,0.00000000348,0.01396206505
-17.7085209,12.5854769,-8.09094715,0.00000000354,0.01420747037
-20.1725159,12.5191689,-5.02378654,0.00000000242,0.00970505047
-18.156435,12.2416391,-6.42954397,0.00000000328,0.01317720892
-18.0925274,12.2416391,-6.42954397,0.0000000033,0.01327137592
-18.0925274,12.2416391,-6.36563206,0.00000000329,0.01321636326
-17.354372,12.3913698,-8.02706337,0.00000000356,0.01429302758
-17.389719,12.2520218,-7.96315193,0.00000000356,0.01428269532
-19.9456196,12.6049995,-7.26028681,0.00000000345,0.01385828835
-19.881712,12.6049995,-7.26028681,0.00000000344,0.01381245461
-17.6121159,12.5962973,-8.47433758,0.00000000356,0.01428826776
-17.5174274,12.6049995,-8.41042423,0.00000000356,0.01429919501
-17.5174274,12.6049995,-8.47433662,0.00000000356,0.01430465951
-18.2832355,12.5761013,-9.1133709,0.00000000357,0.01433932696
-18.8527355,12.271101,-7.0685792,0.00000000348,0.01397224211
-17.5797348,12.271101,-7.70755959,0.00000000352,0.01414445187
-17.5127354,12.271101,-7.70755959,0.00000000352,0.01415080214
-17.5127354,12.271101,-7.64364767,0.00000000352,0.01413051939
-17.5797348,12.271101,-7.64364767,0.00000000352,0.01412480515
-20.1373196,12.6049995,-7.00469446,0.00000000345,0.0138590992
-20.1373196,12.6049995,-6.94078302,0.00000000344,0.01382417126
-20.0734119,12.6049995,-6.94078302,0.00000000344,0.01380317312
-20.0734119,12.6049995,-7.00469446,0.00000000344,0.01383951936
-17.9008274,12.2416391,-6.68519068,0.00000000335,0.01346201838
-17.9747353,12.5761013,-7.83535576,0.0000000035,0.01406990934
-17.9006729,12.5823336,-7.77147102,0.00000000351,0.01408731265
-17.9006729,12.5823336,-7.83535576,0.00000000351,0.01410567131
-18.4772358,12.271101,-5.40717506,0.00000000266,0.01067092593
-18.5442352,12.271101,-5.79056358,0.00000000285,0.01144381825
-18.4772358,12.271101,-5.79056358,0.00000000282,0.0113412226
-18.4772358,12.271101,-5.72667885,0.00000000278,0.01116966043
-17.5127354,12.271101,-7.32417107,0.00000000349,0.01401006282
-17.5797348,12.271101,-7.32417107,0.00000000349,0.01400846257
-20.1373196,12.6049995,-6.62127876,0.00000000339,0.01363273045
-20.0734119,12.6049995,-6.62127876,0.00000000339,0.01360850942
-17.9006729,12.5823336,-7.45196772,0.00000000348,0.01397769234
-17.7422104,12.2502956,-7.0685792,0.00000000346,0.0138863058
-17.7104721,12.2576952,-7.0685792,0.00000000346,0.01388180289
-17.7104721,12.2576952,-7.00469446,0.00000000345,0.01384340055
-17.7422104,12.2502956,-7.00469446,0.00000000345,0.01384537281
-17.5174274,12.6049995,-8.09094715,0.00000000355,0.01426567201
-17.773735,12.5761013,-7.83535576,0.00000000352,0.01413927458
-17.7085209,12.5854769,-7.77147102,0.00000000352,0.0141370169
-17.7085209,12.5854769,-7.83535576,0.00000000352,0.01415290644
-18.3469486,12.258605,-5.79056358,0.00000000282,0.01133229792
-18.3150311,12.2511892,-5.79056358,0.00000000289,0.01162407671
-18.3150311,12.2511892,-5.72667885,0.00000000287,0.01151461875
-18.0925274,12.2416391,-6.04615545,0.00000000321,0.01291184553
-19.0537357,12.271101,-6.42954397,0.00000000331,0.01330162073
-18.4759388,12.6049995,-8.47433662,0.00000000356,0.01428666036
-19.5719643,12.6049995,-10.0030622,0.00000000358,0.01438626774
-19.5719643,12.6469688,-10.0030622,0.00000000358,0.01439175188
-19.5705547,12.6469688,-10.0754938,0.00000000358,0.01439176883
-20.0734119,12.2416391,-10.0718555,0.00000000358,0.01436703223
-17.7104721,12.2576952,-6.68519068,0.00000000338,0.01358493157
-17.7422104,12.2502956,-6.68519068,0.00000000337,0.01355607293
-17.9647236,12.2416391,-6.42954397,0.00000000326,0.01307637682
-17.9008274,12.2416391,-6.42954397,0.00000000324,0.01301670694
-17.9008274,12.2416391,-6.36563206,0.00000000321,0.01291462687
-17.9647236,12.2416391,-6.36563206,0.00000000324,0.01299982725
-18.1492348,12.5761013,-7.19637537,0.00000000333,0.01338926881
-18.0822353,12.5761013,-7.13246346,0.00000000324,0.01301881655
-18.0822353,12.5761013,-7.19637537,0.00000000332,0.01335626766
-18.7315483,12.264781,-5.15158319,0.00000000293,0.01176390707
-18.678236,12.271101,-5.15158319,0.00000000293,0.01177362741
-18.678236,12.271101,-5.08767128,0.0000000029,0.0116578334
-18.0822353,12.5761013,-6.81298685,0.00000000252,0.01013775767
-18.3150311,12.2511892,-5.40717506,0.00000000276,0.01110286241
-17.7085209,12.5854769,-7.45196772,0.0000000035,0.01404236465
-17.9008274,12.2416391,-6.04615545,0.00000000309,0.01242342456
-17.9647236,12.2416391,-6.04615545,0.00000000314,0.01260257959
-18.5442352,12.271101,-5.15158319,0.0000000029,0.01163955682
-18.4772358,12.271101,-5.15158319,0.00000000277,0.0111082386
-18.4772358,12.271101,-5.08767128,0.00000000279,0.01120455534
-18.6676273,12.2416391,-4.76819468,0.00000000264,0.01062528928
-17.9747353,12.5761013,-7.19637537,0.00000000344,0.01381877812
-17.9006729,12.5823336,-7.13246346,0.00000000344,0.01383524479
-17.9006729,12.5823336,-7.19637537,0.00000000345,0.0138669668
-18.156435,12.2416391,-5.79056358,0.0000000031,0.01246706397
-18.0925274,12.2416391,-5.79056358,0.00000000314,0.01262500496
-18.0925274,12.2416391,-5.72667885,0.00000000312,0.01254584624
-18.156435,12.2416391,-5.72667885,0.00000000309,0.01239742219
-19.2427158,12.2416391,-5.79056358,0.00000000282,0.01132733652
-18.6676273,12.6049995,-7.83535576,0.00000000354,0.01422934984
-17.6121159,12.5962973,-7.83535576,0.00000000353,0.01419917995
-17.6121159,12.5962973,-7.7714715,0.00000000353,0.01418648384
-17.5174274,12.6049995,-7.77147102,0.00000000354,0.0142179677
-17.5174274,12.6049995,-7.83535576,0.00000000354,0.01422893417
-19.3661652,12.6049995,-10.0754805,0.00000000358,0.01438867708
-19.3661652,12.6469688,-10.0754766,0.00000000358,0.01439176791
-19.3647881,12.6469688,-10.0030575,0.00000000358,0.01439176257
-19.3647881,12.6049995,-10.0030565,0.00000000358,0.0143868288
-19.881712,12.2416391,-10.0718555,0.00000000358,0.01437318982
-18.3488903,12.5861444,-6.55736732,0.00000000327,0.01314403739
-18.2832355,12.5761013,-6.49345541,0.00000000298,0.01198744367
-18.2832355,12.5761013,-6.55736732,0.00000000307,0.01233673629
-20.1373196,12.2539244,-9.8162632,0.00000000357,0.01436071494
-20.0733891,12.2647629,-9.8162632,0.00000000358,0.01436253731
-20.0733891,12.2647629,-9.75235176,0.00000000358,0.01436214305
-18.0925274,12.2416391,-5.40717506,0.00000000301,0.01208919726
-18.156435,12.2416391,-5.40717506,0.00000000299,0.0120229255
-17.6121159,12.5962973,-7.45196772,0.00000000351,0.0141088692
-17.5174274,12.6049995,-7.45196772,0.00000000352,0.0141499244
-18.2832355,12.5761013,-6.1739521,0.00000000244,0.00979001801
-18.4759388,12.2416391,-4.76819468,0.00000000269,0.01079712708
-18.1492348,12.5761013,-6.55736732,0.00000000211,0.00848429817
-18.0822353,12.5761013,-6.49345541,0.00000000229,0.00918747825
-18.0822353,12.5761013,-6.55736732,0.0000000023,0.0092439244
-19.4344273,12.2416391,-5.15158319,0.00000000281,0.01128926866
-17.773735,12.5761013,-7.19637537,0.00000000347,0.01392190097
-17.773735,12.5761013,-7.13246346,0.00000000346,0.01389326714
-17.7085209,12.5854769,-7.13246346,0.00000000346,0.01391908665
-17.7085209,12.5854769,-7.19637537,0.00000000347,0.01394640654
-18.3469563,12.2586174,-5.15158319,0.00000000252,0.01013001315
-18.3150311,12.2511892,-5.15158319,0.00000000267,0.01073845092
-18.3150311,12.2511892,-5.08767128,0.00000000263,0.01056511631
-18.3469563,12.2586174,-5.08767128,0.00000000251,0.01008852441
-17.9006729,12.5823336,-6.81298685,0.00000000339,0.01362061146
-18.6676273,12.2411013,-10.3467865,0.00000000358,0.01438615265
-18.8593273,12.6049995,-7.19637537,0.00000000351,0.01411342831
-19.690012,12.2416391,-10.0718555,0.00000000358,0.01438389408
-19.7539082,12.2416391,-10.0718555,0.00000000358,0.01438017257
-18.539835,12.6049995,-5.91835976,0.00000000299,0.01203011965
-18.4759388,12.6049995,-5.85444784,0.0000000029,0.01165105228
-18.4759388,12.6049995,-5.91835976,0.00000000296,0.01187320089
-17.9864902,12.7747688,-10.1135645,0.00000000358,0.01439174384
-17.9878769,12.8621016,-10.1124802,0.00000000358,0.01439174384
-17.9563179,12.8609858,-10.0754728,0.00000000358,0.01439174384
-18.2842274,12.2416391,-4.76819468,0.00000000258,0.01036164392
-18.348135,12.2416391,-4.76819468,0.00000000265,0.01064547746
-18.4759388,12.6049995,-5.53497124,0.00000000195,0.00783146812
-20.0733891,12.2647629,-9.43284798,0.00000000357,0.01435971853
-17.354372,12.4552689,-6.42954397,0.00000000345,0.01385527778
-17.354372,12.5191689,-6.42954397,0.00000000345,0.01387890919
-17.354372,12.5191689,-6.36563206,0.00000000345,0.01383973702
-17.354372,12.4552689,-6.36563206,0.00000000344,0.01381734017
-19.9454098,12.2640858,-9.8162632,0.00000000358,0.01436601798
-19.8842354,12.271101,-9.8162632,0.00000000358,0.0143695941
-19.8842354,12.271101,-9.75235176,0.00000000358,0.014369785
-19.9454098,12.2640858,-9.75235176,0.00000000358,0.01436605546
-17.773735,12.5761013,-6.81298685,0.00000000342,0.01372278518
-17.7085209,12.5854769,-6.81298685,0.00000000342,0.01375567039
-19.6261158,12.2416391,-4.49365044,0.0000000025,0.01004386453
-18.350235,12.5761013,-5.91835976,0.0000000021,0.00841713442
-18.2832355,12.5761013,-5.85444784,0.00000000164,0.0065891107
-18.2832355,12.5761013,-5.91835976,0.00000000167,0.00669828947
-18.7315235,12.6049995,-5.27937889,0.00000000267,0.01071935187
-18.6676273,12.6049995,-5.21549463,0.00000000212,0.00852885902
-18.6676273,12.6049995,-5.27937889,0.00000000231,0.00929393011
-19.0507355,12.5761013,-6.55736732,0.00000000341,0.01368294493
-20.0734119,12.6049995,-10.1996241,0.00000000358,0.01437772576
-18.0822353,12.5761013,-6.1739521,0.00000000216,0.00866713638
-17.9747353,12.5761013,-6.55736732,0.00000000254,0.01021308248
-17.9747353,12.5761013,-6.49345541,0.00000000234,0.00941720281
-17.9006729,12.5823336,-6.49345541,0.00000000281,0.01130651144
-17.9006729,12.5823336,-6.55736732,0.00000000305,0.01223437971
-19.8842354,12.271101,-9.43284798,0.00000000358,0.01436376387
-19.9454098,12.2640858,-9.43284798,0.00000000357,0.01436141516
-18.539835,12.6049995,-5.27937889,0.00000000166,0.00665753352
-18.4759388,12.6049995,-5.21549463,0.00000000158,0.00636092356
-18.4759388,12.6049995,-5.27937889,0.0000000016,0.00642973441
-18.6676273,12.6049995,-4.89599085,0.00000000142,0.00572455307
-17.354372,12.4552689,-6.04615545,0.00000000338,0.0135956349
-20.1065178,12.5149755,-8.28265572,0.00000000355,0.01424741326
-20.1065178,12.5149755,-8.3465395,0.00000000355,0.01425567335
-20.1725159,12.5191689,-8.3465395,0.00000000355,0.01427070477
-20.1725159,12.5191689,-8.28265572,0.00000000355,0.01426336612
-19.247736,12.5761013,-5.91835976,0.00000000174,0.00697162708
-20.1373196,12.2539244,-9.17725563,0.00000000357,0.01434940411
-20.0733891,12.2647629,-9.17725563,0.00000000357,0.0143437398
-20.0733891,12.2647629,-9.1133709,0.00000000357,0.01433838856
-20.1373196,12.2539244,-9.1133709,0.00000000357,0.01434585121
-17.9747353,12.5761013,-6.1739521,0.00000000213,0.00853875243
-17.9006729,12.5823336,-6.1739521,0.000000002,0.00805005222
-18.9232349,12.6049995,-4.6403985,0.00000000159,0.00638035219
-18.8593273,12.6049995,-4.57648659,0.00000000178,0.00715305719
-18.8593273,12.6049995,-4.6403985,0.00000000161,0.00645433009
-17.709116,12.2416391,-10.346241,0.00000000358,0.01438737829
-17.709116,12.2416391,-10.2635365,0.00000000358,0.01438645953
-19.4344769,12.5822353,-5.27937889,0.00000000181,0.00725437594
-18.2832355,12.5761013,-5.53497124,0.00000000171,0.00688304192
-20.1373196,12.6049995,-9.94403172,0.00000000358,0.01437684979
-20.1373196,12.6049995,-9.88014793,0.00000000358,0.01437571871
-20.0734119,12.6049995,-9.88014793,0.00000000358,0.01437490698
-20.0734119,12.6049995,-9.94403172,0.00000000358,0.01437552066
-20.1725159,12.5191689,-7.96315193,0.00000000354,0.01421851092
-17.9647236,12.2416391,-10.0079441,0.00000000358,0.01438959407
-17.9008274,12.2416391,-10.0079441,0.00000000358,0.01438771638
-17.9008274,12.2416391,-9.94403172,0.00000000358,0.01438542656
-20.0733891,12.2647629,-8.79389477,0.00000000356,0.01431038894
-20.1373196,12.2539244,-8.79389477,0.00000000357,0.01432490035
-18.7315235,12.6049995,-4.6403985,0.00000000163,0.00652917455
-18.6676273,12.6049995,-4.57648659,0.0000000018,0.00721937887
-18.6676273,12.6049995,-4.6403985,0.00000000162,0.00652644319
-19.6261158,12.6049995,-4.6403985,0.000000002,0.00805021279
-18.1492348,12.5761013,-5.91835976,0.00000000192,0.00771427813
-18.1492348,12.5761013,-5.85444784,0.00000000189,0.00760679869
-18.0822353,12.5761013,-5.85444784,0.00000000195,0.00782128125
-18.0822353,12.5761013,-5.91835976,0.00000000199,0.00800561803
-19.881712,12.6049995,-10.1996241,0.00000000358,0.01437597293
-18.156435,12.2416391,-9.36896324,0.00000000358,0.01437289102
-18.0925274,12.2416391,-9.36896324,0.00000000358,0.0143723674
-18.0925274,12.2416391,-9.30507851,0.00000000358,0.01437096512
-17.354372,12.4552689,-5.79056358,0.00000000333,0.01337330342
-17.354372,12.5191689,-5.79056358,0.00000000333,0.01337267367
-17.354372,12.5191689,-5.72667885,0.00000000331,0.0132958101
-17.354372,12.4552689,-5.72667885,0.00000000331,0.0133052798
-17.9008274,12.2416391,-9.62455559,0.00000000358,0.01437762942
-18.0925274,12.2416391,-8.98557568,0.00000000358,0.01436339187
-19.306612,12.3274698,-4.49365044,0.00000000195,0.00781484176
-19.3705196,12.3274698,-4.49365044,0.00000000194,0.00777422457
-18.1492348,12.5761013,-5.53497124,0.00000000175,0.00702478074
-18.0822353,12.5761013,-5.53497124,0.00000000174,0.00699144952
-17.7730122,12.2416391,-10.0079441,0.00000000358,0.01438289409
-17.709116,12.2416391,-10.0079441,0.00000000358,0.01438046869
-17.709631,12.2489595,-9.94403172,0.00000000358,0.01437914226
-18.6676273,12.2416391,-10.0079441,0.00000000358,0.01437619681
-18.4759388,12.6049995,-4.89599085,0.00000000128,0.00512254765
-18.3469486,12.258604,-8.72998333,0.00000000357,0.01433757148
-18.3150311,12.2511892,-8.72998333,0.00000000357,0.01434166049
-18.3150311,12.2511892,-8.66607094,0.00000000357,0.01433572947
-18.350235,12.5761013,-5.27937889,0.00000000165,0.00661264887
-18.350235,12.5761013,-5.21549463,0.00000000164,0.00658583652
-18.2832355,12.5761013,-5.21549463,0.00000000167,0.00670117381
-18.2832355,12.5761013,-5.27937889,0.00000000169,0.00679610791
-20.1725159,12.5191689,-7.70755959,0.00000000353,0.01417235781
-20.1725159,12.5191689,-7.64364767,0.00000000352,0.01415931379
-20.1065178,12.5149755,-7.64364767,0.00000000352,0.01413246401
-20.1065178,12.5149755,-7.70755959,0.00000000352,0.01414677737
-18.3150311,12.2511892,-8.3465395,0.00000000356,0.01429594803
-19.7539082,12.6049995,-10.1996241,0.00000000358,0.01437681945
-19.690012,12.6049995,-10.1996241,0.00000000358,0.01437836178
-17.9647236,12.2416391,-9.36896324,0.00000000358,0.01437170105
-17.9008274,12.2416391,-9.36896324,0.00000000358,0.01437172512
-17.9008274,12.2416391,-9.30507851,0.00000000358,0.01437003745
-19.9456196,12.6049995,-9.94403172,0.00000000358,0.01437341817
-19.9456196,12.6049995,-9.88014793,0.00000000358,0.01437284996
-19.881712,12.6049995,-9.88014793,0.00000000358,0.014372701
-19.881712,12.6049995,-9.94403172,0.00000000358,0.01437331115
-20.1373196,12.6049995,-9.56067085,0.00000000358,0.01436214663
-20.0734119,12.6049995,-9.56067085,0.00000000358,0.01436192094
-17.5174274,12.2416391,-10.2635365,0.00000000358,0.01438452114
-17.5174274,12.2416391,-10.346241,0.00000000358,0.01438595909
-18.8527355,12.271101,-9.36896324,0.00000000358,0.0143754743
-18.156435,12.2416391,-8.72998333,0.00000000357,0.01435145575
-18.0925274,12.2416391,-8.72998333,0.00000000357,0.01435494534
-18.0925274,12.2416391,-8.66607094,0.00000000357,0.01435224876
-18.3484268,12.596076,-4.89599085,0.00000000138,0.00553155298
-18.2843742,12.5948496,-4.89599085,0.00000000137,0.00551866733
-17.354372,12.4552689,-5.40717506,0.00000000316,0.01269819254
-18.4759388,12.6049995,-4.57648659,0.00000000177,0.00712599244
-18.4759388,12.6049995,-4.6403985,0.0000000016,0.00643402368
-18.539835,12.6049995,-4.6403985,0.00000000161,0.00646698603
-18.539835,12.6049995,-4.57648659,0.00000000178,0.00716974553
-17.9858303,12.6049995,-10.1129532,0.00000000358,0.01438810976
-17.9563179,12.6049995,-10.0754852,0.00000000358,0.0143891784
-17.9008274,12.6049995,-10.0718555,0.00000000358,0.014385241
-17.9008274,12.6049995,-10.1357403,0.00000000358,0.01438484943
-18.5442352,12.271101,-8.09094715,0.00000000354,0.01422644364
-18.4772358,12.271101,-8.09094715,0.00000000354,0.01422798062
-18.4772358,12.271101,-8.02706337,0.00000000354,0.01421143364
-18.4772358,12.271101,-7.70755959,0.00000000351,0.01410848563
-20.0734119,12.3274698,-4.49365044,0.00000000254,0.01020009021
-20.0095158,12.3274698,-4.49365044,0.00000000264,0.01060812147
-20.0095158,12.3913698,-4.49365044,0.00000000257,0.010321842
-17.7104721,12.2576962,-9.62455559,0.00000000358,0.01437819229
-19.9456196,12.6049995,-9.56067085,0.00000000358,0.01436542659
-19.881712,12.6049995,-9.56067085,0.00000000358,0.01436721064
-17.9006729,12.5823326,-9.75235176,0.00000000358,0.01437864363
-17.5814915,12.2517366,-9.94403172,0.00000000358,0.01437602467
-17.5813236,12.2416391,-10.0079441,0.00000000358,0.01437665177
-17.5174274,12.2416391,-10.0079441,0.00000000358,0.0143755287
-17.5175152,12.2524967,-9.94403172,0.00000000358,0.01437506574
-17.3896351,12.2416391,-10.2635365,0.00000000358,0.01438455951
-17.3896351,12.2416391,-10.346241,0.00000000358,0.01438537305
-17.7730122,12.6049995,-10.1357403,0.00000000358,0.01438257388
-17.709116,12.6049995,-10.0718555,0.00000000358,0.01438158642
-17.709116,12.6049995,-10.1357403,0.00000000358,0.01438197265
-18.3469486,12.258604,-8.09094715,0.00000000354,0.01423723351
-18.3150311,12.2511892,-8.09094715,0.00000000355,0.01425064237
-18.3150311,12.2511892,-8.02706337,0.00000000354,0.01423697126
-20.1725159,12.5191689,-7.32417107,0.0000000035,0.01407851645
-17.354372,12.4552689,-5.15158319,0.00000000285,0.01146487348
-17.354372,12.5191689,-5.15158319,0.00000000273,0.01096084306
-17.354372,12.5191689,-5.08767128,0.00000000251,0.01008196271
-17.354372,12.4552689,-5.08767128,0.00000000269,0.01081317097
-19.0537357,12.271101,-8.72998333,0.00000000357,0.01434639889
-20.1373196,12.6049995,-9.30507851,0.00000000357,0.01432966194
-20.1373196,12.6049995,-9.24116707,0.00000000357,0.01432526785
-20.0734119,12.6049995,-9.24116707,0.00000000356,0.01432060883
-20.0734119,12.6049995,-9.30507851,0.00000000357,0.01432600732
-18.348135,12.3274698,-10.346241,0.00000000358,0.01438716332
-17.9008274,12.2416391,-8.98557568,0.00000000357,0.01435997725
-18.7315483,12.2647648,-7.45196772,0.00000000349,0.01402803526
-18.678236,12.271101,-7.45196772,0.00000000348,0.01398355824
-18.678236,12.271101,-7.3880558,0.00000000347,0.01394585078
-18.1492348,12.5761013,-9.49675941,0.00000000358,0.01437577134
-18.0822353,12.5761013,-9.43284798,0.00000000358,0.01437261893
-18.0822353,12.5761013,-9.49675941,0.00000000358,0.01437289102
-17.354372,12.5191689,-4.76819468,0.00000000179,0.0071820028
-17.354372,12.4552689,-4.76819468,0.00000000197,0.00792348534
-17.5127354,12.271101,-9.62455559,0.00000000358,0.01437649478
-17.5797348,12.271101,-9.62455559,0.00000000358,0.01437737609
-17.7422104,12.2502956,-9.36896324,0.00000000358,0.01437193831
-17.7104721,12.2576962,-9.36896324,0.00000000358,0.01437179739
-17.7104721,12.2576962,-9.30507851,0.00000000358,0.01436937556
-17.7422104,12.2502956,-9.30507851,0.00000000358,0.01436979123
-18.0925274,12.2416391,-8.3465395,0.00000000357,0.01433391421
-20.1373196,12.6049995,-8.92166328,0.00000000356,0.01430204678
-20.0734119,12.6049995,-8.92166328,0.00000000356,0.01429391066
-18.0822353,12.5761013,-9.1133709,0.00000000358,0.01436719991
-20.1725159,12.5191689,-7.0685792,0.00000000348,0.01398185451
-20.1725159,12.5191689,-7.00469446,0.00000000347,0.0139530726
-20.1065178,12.5149755,-7.00469446,0.00000000346,0.01390608634
-20.1065178,12.5149755,-7.0685792,0.00000000347,0.01393720089
-18.678236,12.271101,-7.0685792,0.00000000341,0.01371359918
-19.2427158,12.2416391,-8.09094715,0.00000000355,0.0142752282
-18.5442352,12.271101,-7.45196772,0.00000000348,0.01398252532
-18.4772358,12.271101,-7.45196772,0.00000000348,0.0139942723
-18.4772358,12.271101,-7.3880558,0.00000000347,0.01395960843
-17.9747353,12.5761013,-9.49675941,0.00000000358,0.01437546984
-17.9006729,12.5823336,-9.43284798,0.00000000358,0.01437572406
-17.9006729,12.5823326,-9.49675941,0.00000000358,0.01437645999
-17.7104721,12.2576962,-8.98557568,0.00000000357,0.01435403012
-17.7422104,12.2502956,-8.98557568,0.00000000357,0.01435572409
-17.9647236,12.2416391,-8.72998333,0.00000000357,0.01435342447
-17.9008274,12.2416391,-8.72998333,0.00000000357,0.01434802682
-17.9008274,12.2416391,-8.66607094,0.00000000357,0.01434411891
-17.9647236,12.2416391,-8.66607094,0.00000000357,0.01435066631
-18.6676273,12.6049995,-10.1357403,0.00000000358,0.01438365947
-18.919735,12.271101,-6.81298685,0.00000000343,0.01377724567
-18.8527355,12.271101,-6.81298685,0.00000000344,0.01381036461
-18.8527355,12.271101,-6.74910259,0.00000000343,0.01376191987
-18.3150311,12.2511892,-7.70755959,0.00000000352,0.01414930979
-17.7085209,12.5854769,-9.75235176,0.00000000358,0.01437938221
-20.1725159,12.5191689,-6.68519068,0.00000000343,0.01379213169
-18.350235,12.5761013,-8.85777855,0.00000000357,0.01432482808
-18.2832355,12.5761013,-8.79389477,0.00000000356,0.01431388391
-18.2832355,12.5761013,-8.85777855,0.00000000356,0.01431956694
-18.156435,12.2416391,-8.09094715,0.00000000356,0.01429088406
-18.0925274,12.2416391,-8.09094715,0.00000000356,0.01431036576
-18.0925274,12.2416391,-8.02706337,0.00000000356,0.01430262928
-18.156435,12.2416391,-8.02706337,0.00000000355,0.0142809202
-18.8593273,12.3913698,-10.346241,0.00000000358,0.01438629181
-18.8593273,12.3274698,-10.346241,0.00000000358,0.01438654249
-18.9232349,12.3274698,-10.346241,0.00000000358,0.01438669591
-18.9232349,12.3913698,-10.346241,0.00000000358,0.01438625702
-17.5174274,12.6049995,-10.0718555,0.00000000358,0.01438200567
-17.5174274,12.6049995,-10.1357403,0.00000000358,0.01438237229
-17.5813236,12.6049995,-10.1357403,0.00000000358,0.01438200121
-17.5813236,12.6049995,-10.0718555,0.00000000358,0.01438165689
-17.9008274,12.2416391,-8.3465395,0.00000000356,0.01431548063
-17.9647236,12.2416391,-8.3465395,0.00000000357,0.01433033809
-18.8527355,12.271101,-6.42954397,0.00000000335,0.0134702205
-18.2832355,12.5761013,-8.47433662,0.00000000355,0.01427657517
-18.7315483,12.2647648,-6.81298685,0.00000000337,0.01354525274
-18.678236,12.271101,-6.81298685,0.00000000335,0.01345867241
-18.678236,12.271101,-6.74910259,0.00000000333,0.0133837909
-18.1492348,12.5761013,-8.85777855,0.00000000357,0.01432731415
-18.0822353,12.5761013,-8.79389477,0.00000000357,0.01435089558
-18.0822353,12.5761013,-8.85777855,0.00000000357,0.01435567235
-19.4344273,12.2416391,-7.45196772,0.00000000352,0.01412984951
-18.0925274,12.2416391,-7.70755959,0.00000000355,0.01424653014
-18.156435,12.2416391,-7.70755959,0.00000000354,0.01421207765
-18.4772358,12.271101,-7.0685792,0.00000000342,0.01372896869
-18.8593273,12.6049995,-9.49675941,0.00000000358,0.01437189995
-20.1725159,12.5191689,-4.49365044,0.00000000218,0.00875065886
-17.6121159,12.5962973,-9.75235271,0.00000000358,0.01437951245
-17.5174274,12.6049995,-9.75235176,0.00000000358,0.01437965788
-18.539835,12.6049995,-8.21874428,0.00000000355,0.01425378583
-18.4759388,12.6049995,-8.15483189,0.00000000354,0.01423152279
-18.4759388,12.6049995,-8.21874428,0.00000000355,0.01424439912
-19.112957,12.2583036,-6.1739521,0.00000000316,0.01267896148
-19.0537357,12.271101,-6.1739521,0.00000000319,0.01282890463
-19.0537357,12.271101,-6.11004019,0.00000000315,0.01267254429
-17.773735,12.5761013,-9.49675941,0.00000000358,0.01437652687
-17.773735,12.5761013,-9.43284798,0.00000000358,0.01437239416
-17.7085209,12.5854769,-9.43284798,0.00000000358,0.01436857005
-17.7085209,12.5854769,-9.49675941,0.00000000358,0.01437534495
-18.3469486,12.258604,-7.45196772,0.00000000349,0.01402036298
-18.3150311,12.2511892,-7.45196772,0.0000000035,0.01404555631
-18.3150311,12.2511892,-7.3880558,0.00000000349,0.0140127514
-18.3469486,12.258604,-7.3880558,0.00000000348,0.01398657596
-17.9006729,12.5823336,-9.1133709,0.00000000357,0.01432978772
-19.0537357,12.271101,-5.79056358,0.00000000293,0.01176136481
-19.4344273,12.2416391,-4.49365044,0.00000000217,0.00873084172
-19.4344273,12.3274698,-4.49365044,0.00000000211,0.00846464429
-19.4983234,12.3274698,-4.49365044,0.00000000233,0.00935955869
-18.4759388,12.6049995,-7.83535576,0.00000000352,0.01414928661
-18.919735,12.271101,-6.1739521,0.00000000325,0.01306869028
-18.8527355,12.271101,-6.1739521,0.00000000328,0.01315895644
-18.8527355,12.271101,-6.11004019,0.00000000325,0.01306526401
-18.350235,12.5761013,-8.21874428,0.00000000354,0.01423689276
-18.2832355,12.5761013,-8.15483189,0.00000000354,0.01421831467
-18.2832355,12.5761013,-8.21874428,0.00000000354,0.01423205444
-18.3150311,12.2511892,-7.0685792,0.00000000343,0.01377595937
-18.3469486,12.258604,-7.0685792,0.00000000342,0.01374836923
-19.6261158,12.2416391,-6.81298685,0.00000000337,0.01353871691
-17.773735,12.5761013,-9.1133709,0.00000000357,0.01432658894
-17.7085209,12.5854778,-9.1133709,0.00000000357,0.01433250747
-19.0507355,12.5761013,-8.85777855,0.00000000357,0.01434192366
-20.1725159,12.5191689,-9.94403172,0.00000000358,0.01437637434
-20.1065178,12.5149755,-9.91324043,0.00000000358,0.01437634132
-20.1725159,12.6049995,-9.94403172,0.00000000358,0.01437764192
-17.354372,12.4552689,-8.72998333,0.00000000357,0.01434836315
-17.354372,12.5191689,-8.72998333,0.00000000357,0.01434968866
-17.354372,12.5191689,-8.66607094,0.00000000357,0.01434700281
-17.354372,12.4552689,-8.66607094,0.00000000357,0.01434544265
-18.0822353,12.5761013,-8.47433662,0.00000000356,0.01430716968
-18.5442352,12.271101,-6.81298685,0.00000000335,0.01344325116
-18.4772358,12.271101,-6.81298685,0.00000000335,0.01344877812
-18.4772358,12.271101,-6.74910259,0.00000000333,0.01336540191
-18.5442352,12.271101,-6.74910259,0.00000000333,0.01336155462
-18.678236,12.271101,-6.42954397,0.00000000322,0.01294628998
-18.7315235,12.6049995,-7.57976341,0.00000000354,0.0142028872
-18.6676273,12.6049995,-7.51587915,0.00000000352,0.01414147341
-18.6676273,12.6049995,-7.57976341,0.00000000353,0.01416251614
-19.306612,12.2416391,-5.53497124,0.00000000265,0.01065627716
-19.2427158,12.2416391,-5.53497124,0.00000000262,0.01053402494
-19.2427158,12.2416391,-5.47108698,0.00000000257,0.01032395964
-17.9747353,12.5761013,-8.85777855,0.00000000357,0.0143229941
-17.9747353,12.5761013,-8.79389477,0.00000000356,0.01431024713
-17.9006729,12.5823336,-8.79389477,0.00000000355,0.01427435492
-17.9006729,12.5823336,-8.85777855,0.00000000356,0.01428664605
-20.1725159,12.3274698,-4.49365044,0.00000000231,0.00927622354
-20.1373196,12.3274698,-4.49365044,0.00000000238,0.00958067968
-20.1725159,12.3913698,-4.49365044,0.0000000023,0.00924898034
-19.2427158,12.2416391,-4.49365044,0.00000000212,0.00850732835
-19.2427158,12.3274698,-4.49365044,0.00000000199,0.00799414756
-18.6676273,12.6049995,-7.19637537,0.00000000349,0.01400374558
-19.5622196,12.4552689,-10.346241,0.00000000358,0.01438277904
-19.5622196,12.3913698,-10.346241,0.00000000358,0.01438345607
-19.6261158,12.3913698,-10.346241,0.00000000358,0.01438163905
-19.2427158,12.2416391,-5.15158319,0.00000000237,0.00951222521
-18.539835,12.6049995,-7.57976341,0.0000000035,0.01407669581
-18.4759388,12.6049995,-7.51587915,0.00000000349,0.01402607815
-18.4759388,12.6049995,-7.57976341,0.0000000035,0.01405489665
-19.8172359,12.271101,-6.1739521,0.00000000313,0.01257883048
-17.354372,12.4552689,-8.3465395,0.00000000357,0.01432747203
-18.4772358,12.271101,-6.42954397,0.0000000032,0.01286714644
-18.5442352,12.271101,-6.42954397,0.00000000321,0.01287820747
-17.9747353,12.5761013,-8.47433662,0.00000000355,0.01425151296
-17.9006729,12.5823336,-8.47433662,0.00000000354,0.0142282732
-19.247736,12.5761013,-8.21874428,0.00000000355,0.01426924456
-19.112957,12.2583036,-5.53497124,0.00000000269,0.01079082763
-19.0537357,12.271101,-5.53497124,0.00000000276,0.01107261314
-19.0537357,12.271101,-5.47108698,0.00000000272,0.01094174847
-18.4759388,12.2416391,-10.346241,0.00000000358,0.01438738901
-18.7315483,12.2647648,-6.1739521,0.00000000321,0.01288578249
-18.678236,12.271101,-6.1739521,0.00000000313,0.01257584844
-18.678236,12.271101,-6.11004019,0.00000000311,0.01248603812
-18.7315483,12.2647648,-6.11004019,0.00000000319,0.01283133273
-18.8527355,12.271101,-5.79056358,0.00000000311,0.01249861115
-18.2832355,12.5761013,-7.83535576,0.00000000352,0.01412974691
-18.1492348,12.5761013,-8.21874428,0.00000000354,0.01420425734
-18.1492348,12.5761013,-8.15483189,0.00000000353,0.01418655611
-18.0822353,12.5761013,-8.15483189,0.00000000354,0.01422280778
-18.0822353,12.5761013,-8.21874428,0.00000000355,0.01424376668
-18.9232349,12.6049995,-6.94078302,0.00000000348,0.01399482091
-18.8593273,12.6049995,-6.87687111,0.00000000348,0.01398058159
-18.8593273,12.6049995,-6.94078302,0.00000000349,0.01401126797
-20.0182362,12.271101,-5.53497124,0.00000000304,0.01222288959
-17.354372,12.4552689,-8.09094715,0.00000000356,0.01430741674
-17.354372,12.5191689,-8.09094715,0.00000000356,0.01431232018
-17.354372,12.5191689,-8.02706337,0.00000000356,0.01430687706
-17.354372,12.4552689,-8.02706337,0.00000000356,0.01430135548
-18.2842274,12.2416391,-10.346241,0.00000000358,0.01438866904
-19.4344749,12.5822334,-7.57976341,0.0000000035,0.01407247568
-18.7315235,12.6049995,-6.94078302,0.00000000347,0.01394108116
-18.6676273,12.6049995,-6.87687111,0.00000000344,0.01380089579
-18.6676273,12.6049995,-6.94078302,0.00000000345,0.01384742713
-18.8593273,12.6049995,-6.55736732,0.00000000343,0.01378969829
-18.1492348,12.5761013,-7.83535576,0.0000000035,0.01407343103
-18.0822353,12.5761013,-7.83535576,0.0000000035,0.01407729885
-19.306612,12.2416391,-4.89599085,0.00000000236,0.00949845153
-19.2427158,12.2416391,-4.89599085,0.00000000243,0.00974484435
-19.2427158,12.2416391,-4.83207893,0.00000000247,0.00991896928
-19.0537357,12.271101,-5.15158319,0.0000000027,0.01084249609
-18.678236,12.271101,-5.79056358,0.00000000305,0.01226509462
-18.7315483,12.2647734,-5.79056358,0.00000000315,0.01264233158
-19.1137352,12.5761013,-6.3017478,0.00000000333,0.01335774124
-19.0507355,12.5761013,-6.23786354,0.00000000333,0.01336725553
-19.0507355,12.5761013,-6.3017478,0.00000000335,0.01343795523
-18.1341152,12.592494,-9.96487904,0.00000000358,0.01438332941
-18.1621151,12.6469688,-10.0030622,0.00000000358,0.0143917608
-18.4759388,12.6049995,-7.19637537,0.00000000345,0.01384191174
-19.6232357,12.5761013,-6.94078302,0.00000000334,0.01341213038
-18.350235,12.5761013,-7.57976341,0.00000000349,0.01403742823
-18.350235,12.5761013,-7.51587915,0.00000000349,0.01400743049
-18.2832355,12.5761013,-7.51587915,0.00000000348,0.01399738278
-18.2832355,12.5761013,-7.57976341,0.00000000349,0.01402820652
-18.919735,12.271101,-5.53497124,0.00000000293,0.01175752732
-18.8527355,12.271101,-5.53497124,0.000000003,0.01204334476
-18.8527355,12.271101,-5.47108698,0.00000000297,0.01195109204
-18.919735,12.271101,-5.47108698,0.0000000029,0.01166512034
-19.3920078,12.2416391,-4.87505722,0.00000000245,0.009839906
-19.3919716,12.1996698,-4.87501955,0.00000000248,0.00996983404
-19.4315147,12.1996698,-4.90501404,0.00000000236,0.00948065485
-19.4315147,12.2416391,-4.90501404,0.00000000243,0.00974865862
-19.3064842,12.5821743,-5.66276741,0.00000000189,0.00757828261
-19.247736,12.5761013,-5.5988555,0.00000000175,0.00705011544
-19.247736,12.5761013,-5.66276741,0.00000000173,0.00695236702
-19.0507355,12.5761013,-5.91835976,0.00000000321,0.01289802638
-17.354372,12.4552689,-7.70755959,0.00000000355,0.01426275244
-19.0510273,12.3913698,-10.346241,0.00000000358,0.01438608307
-18.9871311,12.3913698,-10.346241,0.00000000358,0.01438617494
-20.1373196,12.5191689,-10.346241,0.00000000358,0.01437930552
-20.0734119,12.5191689,-10.346241,0.00000000358,0.01437891215
-20.0734119,12.4552689,-10.346241,0.00000000358,0.01437975779
-20.1373196,12.4552689,-10.346241,0.00000000358,0.01438006017
-19.8154697,12.5880909,-6.3017478,0.00000000326,0.01310510072
-19.4892349,12.5761013,-5.02378654,0.00000000131,0.00526813597
-19.4344769,12.5822353,-4.95990229,0.0000000012,0.00483778146
-19.4344769,12.5822353,-5.02378654,0.00000000142,0.00569356699
-18.350235,12.5761013,-7.19637537,0.00000000344,0.01381750789
-18.2832355,12.5761013,-7.19637537,0.00000000344,0.01380143013
-18.1349449,12.0718699,-4.8749876,0.00000000246,0.00989320774
-18.1349449,12.1357698,-4.87498856,0.0000000025,0.01002650228
-18.8527355,12.271101,-5.15158319,0.00000000289,0.01161268739
-18.919735,12.271101,-5.15158319,0.00000000284,0.01141803888
-17.9549427,12.6049995,-10.0030518,0.00000000358,0.01438762451
-17.9549427,12.6469688,-10.0030518,0.00000000358,0.01439174919
-17.9837646,12.5905399,-9.96309948,0.00000000358,0.01438356402
-18.9232349,12.6049995,-6.3017478,0.00000000338,0.01356471394
-18.8593273,12.6049995,-6.23786354,0.00000000337,0.01353363687
-18.8593273,12.6049995,-6.3017478,0.00000000338,0.01358990993
-19.247736,12.5761013,-5.27937889,0.00000000179,0.00720999928
-19.5705547,12.1357698,-4.7643981,0.00000000193,0.0077641599
-18.6676273,12.6049995,-6.55736732,0.00000000336,0.01351519345
-18.539835,12.6049995,-6.94078302,0.0000000034,0.0136757383
-18.539835,12.6049995,-6.87687111,0.00000000339,0.01361759644
-18.4759388,12.6049995,-6.87687111,0.00000000338,0.01357716207
-18.4759388,12.6049995,-6.94078302,0.00000000339,0.01363734042
-17.4537582,12.2639217,-6.36563206,0.00000000336,0.01351482683
-19.4344273,12.6049995,-4.6403985,0.00000000144,0.00579428761
-19.1145515,12.249383,-4.89599085,0.00000000264,0.0106028425
-19.051342,12.2503347,-4.89599085,0.00000000268,0.01076679397
-19.0510273,12.2416391,-4.83207893,0.00000000261,0.01046959078
-19.1149235,12.2416391,-4.83207893,0.00000000259,0.01040065283
-17.354372,12.4552689,-7.45196772,0.00000000354,0.01421886685
-17.354372,12.5191689,-7.45196772,0.00000000354,0.01423286084
-17.354372,12.5191689,-7.3880558,0.00000000354,0.01422090065
-17.354372,12.4552689,-7.3880558,0.00000000354,0.01420562836
-20.0095158,12.6049995,-5.66276741,0.00000000308,0.01238897389
-19.1137352,12.5761013,-5.66276741,0.00000000183,0.00735847507
-19.0507355,12.5761013,-5.5988555,0.00000000214,0.00860188245
-19.0507355,12.5761013,-5.66276741,0.0000000025,0.01004347473
-18.7954197,12.3913698,-10.346241,0.00000000358,0.01438607953
-18.4759388,12.2416391,-10.0079441,0.00000000358,0.01437972388
-18.7315483,12.2647648,-9.75235176,0.00000000358,0.01437596224
-18.678236,12.271101,-9.75235176,0.00000000358,0.01437573209
-18.678236,12.271101,-9.68843937,0.00000000358,0.01437622895
-19.0510273,12.2416391,-4.49365044,0.00000000225,0.00905247198
-17.6458168,12.2611341,-5.72667885,0.00000000298,0.01198905019
-19.3147354,12.5761013,-5.02378654,0.00000000165,0.00662180546
-19.2424145,12.583046,-4.95990229,0.00000000164,0.00657400344
-19.247736,12.5761013,-5.02378654,0.00000000168,0.00674278472
-20.1725159,12.5191689,-9.62455559,0.00000000357,0.01435673741
-18.539835,12.6049995,-6.55736732,0.0000000033,0.01326438248
-18.4759388,12.6049995,-6.55736732,0.00000000329,0.01321328934
-17.354372,12.5191689,-7.0685792,0.00000000352,0.01414566502
-17.354372,12.4552689,-7.0685792,0.00000000352,0.01412378644
-18.7315235,12.6049995,-6.3017478,0.00000000334,0.01341184495
-18.7315235,12.6049995,-6.23786354,0.00000000332,0.01333651299
-18.6676273,12.6049995,-6.23786354,0.00000000326,0.013114483
-18.6676273,12.6049995,-6.3017478,0.00000000329,0.01320668932
-18.678236,12.271101,-9.36896324,0.00000000358,0.01437491321
-18.8593273,12.6049995,-5.91835976,0.00000000329,0.01321725172
-18.919735,12.271101,-9.1133709,0.00000000358,0.01436668967
-18.8527355,12.271101,-9.1133709,0.00000000358,0.01436797955
-18.8527355,12.271101,-9.04948616,0.00000000358,0.0143655265
-17.8369198,12.2416391,-5.08767128,0.00000000275,0.01106172068
-18.5442352,12.271101,-9.75235176,0.00000000358,0.01437780337
-18.4772358,12.271101,-9.75235176,0.00000000358,0.01437944645
-18.4772358,12.271101,-9.68843937,0.00000000358,0.01437954547
-20.1725159,12.5191689,-9.36896324,0.00000000357,0.01434449176
-20.1725159,12.5191689,-9.30507851,0.00000000357,0.01434199232
-20.1065178,12.5149755,-9.30507851,0.00000000357,0.01433582757
-20.1065178,12.5149755,-9.36896324,0.00000000357,0.0143396704
-19.690012,12.3913698,-10.346241,0.00000000358,0.01438038842
-19.0507355,12.5761013,-5.27937889,0.00000000161,0.00645902699
-18.7315235,12.6049995,-5.91835976,0.0000000032,0.0128701989
-18.6676273,12.6049995,-5.91835976,0.00000000312,0.01252422726
-19.4344273,12.2416391,-9.75235176,0.00000000358,0.01437734576
-18.9232349,12.6049995,-5.66276741,0.00000000318,0.01278451684
-18.9232349,12.6049995,-5.5988555,0.00000000314,0.0125948021
-18.8593273,12.6049995,-5.5988555,0.00000000318,0.01277720676
-18.8593273,12.6049995,-5.66276741,0.00000000321,0.01288721775
-18.8527355,12.271101,-8.72998333,0.00000000357,0.01435015073
-19.2427158,12.6049995,-4.6403985,0.00000000152,0.00610512841
-18.7315483,12.2647648,-9.1133709,0.00000000358,0.01437014716
-18.678236,12.271101,-9.1133709,0.00000000358,0.01436782878
-18.678236,12.271101,-9.04948616,0.00000000358,0.01436523035
-19.112957,12.2583036,-8.47433662,0.00000000357,0.0143240235
-19.0537357,12.271101,-8.47433662,0.00000000357,0.0143244891
-19.0518169,12.2601109,-8.41042423,0.00000000356,0.0143179738
-17.4535313,12.6049995,-6.49345541,0.00000000343,0.01379613686
-18.2842274,12.2416391,-10.0079441,0.00000000358,0.01438539535
-20.1725159,12.5191689,-8.98557568,0.00000000357,0.01432489232
-19.1137352,12.5761013,-5.02378654,0.00000000168,0.0067636045
-19.1137352,12.5761013,-4.95990229,0.00000000158,0.00635643178
-19.0507355,12.5761013,-4.95990229,0.00000000145,0.00581866696
-19.0507355,12.5761013,-5.02378654,0.00000000157,0.00630374063
-17.4204388,12.5149755,-4.92680883,0.00000000121,0.00485082728
-18.9232349,12.6049995,-5.27937889,0.00000000213,0.00854922384
-18.8593273,12.6049995,-5.27937889,0.0000000027,0.0108371886
-18.4772358,12.271101,-9.36896324,0.00000000358,0.01437466345
-18.919735,12.271101,-8.47433662,0.00000000357,0.01432801975
-18.8527355,12.271101,-8.47433662,0.00000000357,0.01433277599
-18.8527355,12.271101,-8.41042423,0.00000000357,0.0143272526
-19.306612,12.2416391,-7.83535576,0.00000000354,0.01423978292
-19.2427158,12.2416391,-7.83535576,0.00000000354,0.0142269503
-19.2427158,12.2416391,-7.77147102,0.00000000354,0.01421247107
-19.6261158,12.2416391,-9.1133709,0.00000000357,0.01435275989
-19.0537357,12.271101,-8.09094715,0.00000000355,0.0142734959
-18.7315235,12.6049995,-9.88014793,0.00000000358,0.01438281114
-18.6676273,12.6049995,-9.8162632,0.00000000358,0.01438102533
-18.6676273,12.6049995,-9.88014793,0.00000000358,0.01438196819
-18.3469486,12.258604,-9.75235176,0.00000000358,0.01438142316
-18.3150311,12.2511892,-9.75235271,0.00000000358,0.01438166223
-18.3150311,12.2511892,-9.68843937,0.00000000358,0.01438067032
-18.3469486,12.258604,-9.68843937,0.00000000358,0.01438075147
-18.4759388,12.6049995,-10.1357403,0.00000000358,0.01438280491
-19.1149235,12.6049995,-4.6403985,0.00000000153,0.00613292331
-19.0510273,12.6049995,-4.6403985,0.00000000154,0.00619985377
-17.6438637,12.5888662,-5.85444784,0.00000000321,0.01289810664
-18.0925274,12.2416391,-10.0079441,0.00000000358,0.01438995623
-18.156435,12.2416391,-10.0079441,0.00000000358,0.01438916767
-19.5435104,12.2416391,-4.87680435,0.00000000235,0.00944542273
-19.5006275,12.2416391,-4.90644407,0.00000000235,0.00943926068
-19.5006275,12.1996698,-4.9064436,0.00000000227,0.009131215
-19.5432072,12.1996698,-4.87709904,0.00000000231,0.00927095437
-18.678236,12.271101,-8.72998333,0.00000000357,0.01434540075
-18.5442352,12.271101,-9.1133709,0.00000000358,0.01436488868
-18.4772358,12.271101,-9.1133709,0.00000000358,0.01436487265
-18.4772358,12.271101,-9.04948616,0.00000000357,0.01436150081
-19.3647861,12.7747688,-10.0030584,0.00000000358,0.01439174384
-19.3919258,12.7747688,-9.96491814,0.00000000358,0.01439174384
-19.3919258,12.7108688,-9.96491814,0.00000000358,0.01439174384
-19.3647861,12.7108688,-10.0030584,0.00000000358,0.01439174384
-18.3150311,12.2511892,-9.36896324,0.00000000358,0.01437391772
-18.3469486,12.258604,-9.36896324,0.00000000358,0.01437422814
-18.539835,12.6049995,-9.88014793,0.00000000358,0.01438111098
-18.4759388,12.6049995,-9.8162632,0.00000000358,0.0143805686
-18.4759388,12.6049995,-9.88014793,0.00000000358,0.01438108868
-19.112957,12.2583036,-7.83535576,0.00000000354,0.0142216651
-19.0537357,12.271101,-7.83535576,0.00000000354,0.01422210845
-19.0537357,12.271101,-7.77147102,0.00000000354,0.01420696998
-19.8172359,12.271101,-8.47433662,0.00000000355,0.01427432729
-19.2427158,12.2416391,-7.45196772,0.00000000351,0.01411507496
-18.6709862,12.606101,-9.49675941,0.00000000358,0.01437054857
-19.4983234,12.2416391,-7.19637537,0.00000000347,0.01394077966
-19.4344273,12.2416391,-7.19637537,0.00000000347,0.01395434729
-19.4344273,12.2416391,-7.13246346,0.00000000346,0.01388713003
-17.8407364,12.5761013,-5.21549463,0.00000000164,0.00657260076
-18.7315483,12.2647648,-8.47433662,0.00000000357,0.01433172161
-18.678236,12.271101,-8.47433662,0.00000000356,0.01431734405
-18.678236,12.271101,-8.41042423,0.00000000356,0.0143079698
-18.9232349,12.6049995,-9.24116707,0.00000000358,0.01436235091
-18.8593273,12.6049995,-9.17725563,0.00000000358,0.01436281205
-18.8593273,12.6049995,-9.24116707,0.00000000358,0.01436456042
-18.4772358,12.271101,-8.72998333,0.00000000357,0.0143365314
-18.5442352,12.271101,-8.72998333,0.00000000357,0.01433706482
-18.8527355,12.271101,-8.09094715,0.00000000356,0.01428945326
-18.2842274,12.6049995,-10.1357403,0.00000000358,0.01438458984
-20.1725159,12.3913698,-5.08767128,0.00000000291,0.01170415154
-20.1725159,12.3274698,-5.08767128,0.00000000299,0.01199826921
-20.1725159,12.3913698,-5.02378654,0.00000000285,0.01143927698
-20.0182362,12.271101,-7.83535576,0.00000000351,0.01409075495
-20.0095158,12.5191689,-10.346241,0.00000000358,0.01437838407
-19.306612,12.2416391,-7.19637537,0.00000000348,0.01396612461
-19.2427158,12.2416391,-7.19637537,0.00000000348,0.01397287098
-19.2427158,12.2416391,-7.13246346,0.00000000347,0.01392239425
-18.7315235,12.6049995,-9.24116707,0.00000000358,0.01436705717
-18.6676273,12.6049995,-9.17725563,0.00000000357,0.01436117609
-18.6676273,12.6049995,-9.24116707,0.00000000358,0.01436335085
-19.4344273,12.2416391,-6.81298685,0.00000000336,0.01350837396
-19.4344749,12.5822334,-9.88014793,0.00000000358,0.01437270634
-19.432003,12.5823164,-9.93472385,0.00000000358,0.01438450065
-19.6921558,12.2585497,-6.55736732,0.00000000328,0.01316891585
-19.6261158,12.2416391,-6.55736732,0.00000000327,0.01314623265
-19.6261158,12.2416391,-6.49345541,0.00000000325,0.01305036999
-18.8593273,12.6049995,-8.85777855,0.00000000357,0.01435168413
-18.919735,12.271101,-7.83535576,0.00000000354,0.0142299689
-18.8527355,12.271101,-7.83535576,0.00000000355,0.01424294157
-18.8527355,12.271101,-7.77147102,0.00000000354,0.0142284739
-20.1725159,12.3274698,-4.70430994,0.00000000246,0.0098885639
-18.350235,12.5761013,-9.88014793,0.00000000358,0.0143812323
-18.2832355,12.5761013,-9.8162632,0.00000000358,0.01438065782
-18.2846088,12.5840788,-9.88014793,0.00000000358,0.01438149455
-18.1325626,12.6049995,-10.111248,0.00000000358,0.01438841302
-18.0953693,12.6049995,-10.1392202,0.00000000358,0.01438928723
-19.1137352,12.5761013,-8.6021595,0.00000000356,0.01432147231
-19.0507355,12.5761013,-8.53824806,0.00000000356,0.01431957498
-19.0507355,12.5761013,-8.6021595,0.00000000357,0.0143246461
-18.678236,12.271101,-8.09094715,0.00000000355,0.01424224935
-18.7315483,12.2647648,-8.09094715,0.00000000355,0.01426983237
-19.0537357,12.271101,-7.45196772,0.00000000351,0.01411535063
-20.1725159,12.5191689,-10.1357403,0.00000000358,0.0143787016
-18.4759388,12.6049995,-9.49675941,0.00000000358,0.0143719954
-19.4983234,12.2416391,-6.55736732,0.00000000328,0.01316755551
-19.4344273,12.2416391,-6.55736732,0.00000000327,0.01315499229
-19.4344273,12.2416391,-6.49345541,0.00000000325,0.0130553751
-19.6261158,12.2416391,-6.1739521,0.00000000315,0.01264282129
-17.354372,12.3274698,-4.95990229,0.00000000298,0.01197650926
-17.354372,12.3274698,-4.89599085,0.00000000293,0.01175796798
-17.354372,12.2416391,-4.89599085,0.00000000297,0.01193414189
-18.9232349,12.6049995,-8.6021595,0.00000000357,0.01433279828
-18.8593273,12.6049995,-8.53824806,0.00000000357,0.01433546007
-18.8593273,12.6049995,-8.6021595,0.00000000357,0.01433920387
-19.0507355,12.5761013,-8.21874428,0.00000000356,0.01428803941
-19.8842354,12.271101,-5.91835976,0.00000000305,0.01225030227
-19.8172359,12.271101,-5.91835976,0.00000000305,0.01225050205
-19.8172359,12.271101,-5.85444784,0.00000000303,0.01215735469
-18.539835,12.6049995,-9.24116707,0.00000000357,0.01435649477
-18.4759388,12.6049995,-9.17725563,0.00000000357,0.0143513086
-18.4759388,12.6049995,-9.24116707,0.00000000357,0.01435512644
-18.8527355,12.271101,-7.45196772,0.00000000352,0.01413713283
-18.919735,12.271101,-7.45196772,0.00000000352,0.01412217189
-19.112957,12.2583036,-7.19637537,0.00000000348,0.01399622672
-19.0537357,12.271101,-7.19637537,0.00000000349,0.01400361353
-19.0537357,12.271101,-7.13246346,0.00000000348,0.01396618081
-19.3064842,12.5821733,-7.96315193,0.00000000354,0.01421896765
-19.247736,12.5761013,-7.89924002,0.00000000354,0.01421191086
-19.247736,12.5761013,-7.96315193,0.00000000354,0.01422505032
-18.350235,12.5761013,-9.49675941,0.00000000358,0.01437557421
-18.2832355,12.5761013,-9.49675941,0.00000000358,0.01437674272
-18.6676273,12.6049995,-8.85777855,0.00000000357,0.01434693681
-19.2427158,12.2416391,-6.81298685,0.00000000339,0.01360968778
-19.5006428,12.7747688,-10.140645,0.00000000358,0.01439174384
-17.354372,12.2416391,-4.57648659,0.0000000023,0.00925489979
-19.6261158,12.3274698,-4.49365044,0.00000000235,0.00945150364
-19.5622196,12.3274698,-4.49365044,0.00000000237,0.00950248522
-19.5622196,12.3913698,-4.49365044,0.0000000022,0.00884272955
-19.6261158,12.3913698,-4.49365044,0.00000000216,0.00866299828
-19.8172359,12.271101,-5.53497124,0.00000000289,0.01160328996
-20.0733891,12.2647705,-5.27937889,0.00000000309,0.01240768486
-20.0182362,12.271101,-5.27937889,0.00000000304,0.01222856908
-20.0182362,12.271101,-5.21549463,0.00000000304,0.01220657903
-19.6921558,12.2585497,-5.91835976,0.00000000304,0.01222132055
-19.6261158,12.2416391,-5.91835976,0.00000000307,0.0123328917
-19.6261158,12.2416391,-5.85444784,0.00000000305,0.01224990798
-19.4892349,12.5761013,-7.32417107,0.00000000338,0.01356043223
-19.4344749,12.5822334,-7.26028681,0.00000000342,0.01374167284
-19.4344749,12.5822334,-7.32417107,0.00000000344,0.01383901892
-17.354372,12.4552689,-10.0079441,0.00000000358,0.0143820681
-19.1137352,12.5761013,-7.96315193,0.00000000355,0.01424263738
-19.0507355,12.5761013,-7.89924002,0.00000000355,0.01424185509
-19.0507355,12.5761013,-7.96315193,0.00000000355,0.01425244959
-19.0537357,12.271101,-6.81298685,0.00000000342,0.01371955342
-19.112957,12.2583036,-6.81298685,0.00000000341,0.01368762087
-19.247736,12.5761013,-7.57976341,0.00000000352,0.01412740804
-19.306612,12.2416391,-6.55736732,0.00000000329,0.01323032514
-19.2427158,12.2416391,-6.55736732,0.00000000331,0.01328487039
-19.2427158,12.2416391,-6.49345541,0.00000000328,0.01317426529
-18.539835,12.6049995,-8.85777855,0.00000000357,0.01433189913
-18.4759388,12.6049995,-8.85777855,0.00000000357,0.01432869855
-18.7315235,12.6049995,-8.6021595,0.00000000357,0.01434118685
-18.6676273,12.6049995,-8.53824806,0.00000000357,0.01432524644
-18.6676273,12.6049995,-8.6021595,0.00000000357,0.01433032114
-19.4344273,12.2416391,-6.1739521,0.00000000313,0.01258493099
-19.6905613,12.5849104,-6.68519068,0.00000000331,0.01328993259
-19.6232357,12.5761013,-6.62127876,0.00000000311,0.01249184517
-19.6232357,12.5761013,-6.68519068,0.00000000321,0.01291025327
-17.9647236,12.3274698,-10.346241,0.00000000358,0.01438806781
-17.9008274,12.3274698,-10.346241,0.00000000358,0.01438751387
-17.354372,12.4552689,-9.75235176,0.00000000358,0.01437490252
-17.354372,12.5191689,-9.75235176,0.00000000358,0.01437828681
-17.354372,12.5191689,-9.68843937,0.00000000358,0.01437548945
-17.354372,12.4552689,-9.68843937,0.00000000358,0.01437337358
-20.0094757,12.2528687,-4.89599085,0.00000000293,0.01178962221
-18.8593273,12.6049995,-8.21874428,0.00000000356,0.01431140765
-19.8842354,12.271101,-5.27937889,0.00000000285,0.01144803481
-19.8172359,12.271101,-5.27937889,0.00000000279,0.01119159874
-19.8172359,12.271101,-5.21549463,0.00000000278,0.01115023312
-19.4344749,12.5822334,-6.94078302,0.00000000334,0.01341097967
-19.3064842,12.5821733,-7.32417107,0.00000000349,0.01401644077
-19.247736,12.5761013,-7.26028681,0.00000000348,0.0139990919
-19.247736,12.5761013,-7.32417107,0.00000000349,0.01402816908
-19.881712,12.6049995,-6.04615545,0.00000000323,0.01295937951
-19.8154697,12.5880909,-5.98227119,0.00000000269,0.01082541658
-19.8154697,12.5880909,-6.04615545,0.00000000292,0.0117351974
-18.7315235,12.6049995,-8.21874428,0.00000000356,0.0143103292
-18.6676273,12.6049995,-8.21874428,0.00000000356,0.01429259941
-19.4983234,12.2416391,-5.91835976,0.00000000311,0.01248421483
-19.4344273,12.2416391,-5.91835976,0.00000000304,0.01221212917
-19.4344273,12.2416391,-5.85444784,0.00000000302,0.0121210031
-19.6232357,12.5761013,-6.3017478,0.00000000238,0.00954145757
-17.354372,12.5191689,-9.36896324,0.00000000358,0.01436699029
-17.354372,12.4552689,-9.36896324,0.00000000358,0.01436778776
-19.2427158,12.2416391,-6.1739521,0.00000000309,0.01241370065
-19.306612,12.2416391,-6.1739521,0.00000000308,0.01235627065
-18.9232349,12.6049995,-7.96315193,0.00000000355,0.01427271627
-18.8593273,12.6049995,-7.89924002,0.00000000355,0.01427463055
-18.8593273,12.6049995,-7.96315193,0.00000000356,0.01428327779
-20.0095158,12.2416391,-4.6403985,0.00000000278,0.01118284806
-20.0095158,12.2416391,-4.57648659,0.0000000027,0.01086119373
-20.0734119,12.2416391,-4.6403985,0.00000000262,0.01053795519
-19.6261158,12.2416391,-5.53497124,0.00000000293,0.01175410466
-19.4892349,12.5761013,-6.68519068,0.00000000257,0.01030900584
-19.4344749,12.5822334,-6.62127876,0.00000000266,0.01067462245
-19.4344749,12.5822334,-6.68519068,0.00000000284,0.01139084031
-17.5127354,12.271101,-6.11004019,0.00000000322,0.01295409873
-17.4537582,12.2639217,-6.11004019,0.0000000033,0.01325886087
-17.4537582,12.2639217,-6.04615545,0.00000000328,0.01319003439
-19.0507355,12.5761013,-7.57976341,0.00000000353,0.01417528811
-20.0734119,12.6049995,-5.40717506,0.00000000198,0.00796340501
-20.0095158,12.6049995,-5.34326315,0.00000000259,0.01042174912
-20.0095158,12.6049995,-5.40717506,0.00000000273,0.01096782577
-19.8154697,12.5880909,-5.66276741,0.00000000188,0.00754945249
-18.1620979,12.0718699,-4.83685255,0.00000000235,0.00942076997
-18.1607208,12.0718699,-4.76441526,0.0000000021,0.00843085193
-18.1607208,12.1357698,-4.76441669,0.00000000207,0.00831695794
-18.1620979,12.1357698,-4.83685255,0.00000000235,0.00942339877
-19.6921558,12.2585497,-5.27937889,0.00000000275,0.01105445519
-19.6261158,12.2416391,-5.27937889,0.00000000279,0.01121617658
-19.6261158,12.2416391,-5.21549463,0.00000000275,0.01106215242
-19.6905613,12.5849104,-6.04615545,0.00000000193,0.00774840771
-19.6232357,12.5761013,-5.98227119,0.00000000211,0.00845835111
-19.6232357,12.5761013,-6.04615545,0.00000000212,0.00850579852
-17.7104721,12.2576962,-5.47108698,0.00000000291,0.01167761483
-17.6458168,12.2611341,-5.47108698,0.00000000291,0.0116726891
-17.6458168,12.2611341,-5.40717506,0.0000000029,0.01165772996
-19.1137352,12.5761013,-7.32417107,0.0000000035,0.0140739029
-19.0507355,12.5761013,-7.26028681,0.0000000035,0.01407661466
-19.0507355,12.5761013,-7.32417107,0.00000000351,0.01409942537
-19.4344273,12.2416391,-5.53497124,0.00000000293,0.01175927838
-19.4983234,12.2416391,-5.53497124,0.00000000299,0.01202029851
-20.0095158,12.6049995,-5.02378654,7.82E-10,0.00314325117
-17.4537582,12.2639217,-5.72667885,0.00000000322,0.01293334588
-19.8176193,12.2514591,-4.89599085,0.00000000278,0.01116778897
-18.9232349,12.6049995,-7.57976341,0.00000000354,0.01420536077
-18.8593273,12.6049995,-7.57976341,0.00000000354,0.01421866257
-19.881712,12.6049995,-5.40717506,0.00000000182,0.0073198912
-19.8154697,12.5880909,-5.34326315,0.0000000016,0.00644539071
-19.8154697,12.5880909,-5.40717506,0.00000000164,0.00658309359
-19.247736,12.5761013,-6.94078302,0.00000000344,0.0138274084
-19.306612,12.2416391,-10.1357403,0.00000000358,0.01438915429
-19.2427158,12.2416391,-10.1357403,0.00000000358,0.01438776274
-19.2427158,12.2416391,-10.0718555,0.00000000358,0.01438751568
-19.8178043,12.2416391,-4.57648659,0.00000000264,0.01059148619
-19.881712,12.2416391,-4.6403985,0.0000000027,0.01086335062
-19.8178043,12.2416391,-4.6403985,0.0000000026,0.01045056847
-19.3064842,12.5821724,-6.68519068,0.00000000338,0.01356892247
-19.247736,12.5761013,-6.62127876,0.00000000338,0.01356730346
-19.247736,12.5761013,-6.68519068,0.00000000339,0.01362853615
-17.6458168,12.2611341,-5.08767128,0.00000000297,0.0119487639
-19.4344749,12.5822334,-6.3017478,0.00000000217,0.00872171281
-17.9008274,12.2416391,-4.83207893,0.00000000249,0.00999096777
-17.8369198,12.2416391,-4.83207893,0.0000000027,0.01085701016
-17.8369198,12.2416391,-4.76819468,0.00000000258,0.0103529619
-17.5127354,12.271101,-5.47108698,0.00000000311,0.01247379423
-17.4537582,12.2639217,-5.47108698,0.00000000319,0.01280056873
-17.4537582,12.2639217,-5.40717506,0.00000000318,0.01275983825
-19.1788197,12.4552689,-10.346241,0.00000000358,0.01438560408
-19.1149235,12.4552689,-10.346241,0.00000000358,0.01438549791
-19.1149235,12.3913698,-10.346241,0.00000000358,0.01438605989
-19.1788197,12.3913698,-10.346241,0.00000000358,0.01438618121
-19.6261158,12.2416391,-4.89599085,0.00000000248,0.00994416707
-19.6904087,12.2494402,-4.89599085,0.00000000263,0.01058077125
-20.0095158,12.6049995,-4.70430994,0.00000000195,0.00785223258
-20.0095158,12.6049995,-4.76819468,0.00000000185,0.00742035226
-20.0734119,12.6049995,-4.76819468,0.00000000187,0.00752519226
-18.7954197,12.2416391,-4.49365044,0.00000000239,0.00958271352
-19.1137352,12.5761013,-6.94078302,0.00000000346,0.01389818929
-19.0507355,12.5761013,-6.94078302,0.00000000347,0.01393565945
-19.6232357,12.5761013,-5.66276741,0.00000000197,0.00792698473
-19.4892349,12.5761013,-6.04615545,0.00000000223,0.00894872738
-19.4344749,12.5822334,-5.98227119,0.00000000214,0.00859569272
-19.4344749,12.5822334,-6.04615545,0.00000000215,0.00865514225
-19.2427158,12.2416391,-9.75235176,0.00000000358,0.01438179066
-19.4983234,12.2416391,-9.49675941,0.00000000358,0.0143678939
-19.4344273,12.2416391,-9.49675941,0.00000000358,0.0143701284
-19.4344273,12.2416391,-9.43284798,0.00000000358,0.01436822396
-19.1149235,12.2416391,-10.1357403,0.00000000358,0.01438513575
-19.0510273,12.2416391,-10.1357403,0.00000000358,0.01438402966
-19.0510273,12.2416391,-10.0718555,0.00000000358,0.01438288518
-19.6905537,12.5848904,-5.40717506,0.00000000182,0.00731029933
-19.6232357,12.5761013,-5.34326315,0.00000000177,0.00713062157
-19.6232357,12.5761013,-5.40717506,0.00000000182,0.00730351728
-19.8154697,12.5880909,-5.02378654,0.00000000142,0.0057238903
-17.709116,12.2416391,-4.83207893,0.0000000028,0.01126448212
-17.6452198,12.2416391,-4.83207893,0.00000000283,0.01136492623
-17.6452198,12.2416391,-4.76819468,0.00000000275,0.01104015163
-19.3064842,12.5821724,-6.3017478,0.00000000275,0.01105761471
-19.247736,12.5761013,-6.3017478,0.00000000321,0.01288834886
-17.5174274,12.6049995,-6.23786354,0.00000000338,0.01356152674
-17.4535313,12.6049995,-6.1739521,0.00000000337,0.0135576206
-17.4535313,12.6049995,-6.23786354,0.00000000339,0.01361148701
-19.4344273,12.2416391,-9.1133709,0.00000000357,0.01435925915
-19.4892349,12.5761013,-5.66276741,0.00000000201,0.00808701753
-19.4344749,12.5822334,-5.66276741,0.00000000203,0.00814924482
-19.8178043,12.6049995,-4.70430994,0.00000000188,0.00754068305
-19.8178043,12.6049995,-4.76819468,0.00000000166,0.00665988042
-19.881712,12.6049995,-4.76819468,0.00000000176,0.00706503401
-17.4537582,12.2639217,-5.08767128,0.0000000031,0.012453053
-19.306612,12.2416391,-9.49675941,0.00000000358,0.01437464919
-19.2427158,12.2416391,-9.49675941,0.00000000358,0.01437613081
-19.2427158,12.2416391,-9.43284798,0.00000000358,0.01437442169
-19.6902351,12.5761013,-5.02378654,0.00000000148,0.00595474147
-19.6232357,12.5761013,-5.02378654,0.00000000142,0.00572255137
-17.4535313,12.6049995,-5.85444784,0.00000000327,0.0131552929
-19.6921558,12.2585497,-8.85777855,0.00000000357,0.0143358481
-19.6261158,12.2416391,-8.85777855,0.00000000357,0.01433835915
-19.6261158,12.2416391,-8.79389477,0.00000000357,0.01433359841
-18.8593273,12.2416391,-10.0718555,0.00000000358,0.01438022697
-18.9232349,12.2416391,-10.1357403,0.00000000358,0.01438247308
-18.8593273,12.2416391,-10.1357403,0.00000000358,0.01438205295
-20.1725159,12.3913698,-7.3880558,0.0000000035,0.0140647151
-20.1725159,12.3274698,-7.3880558,0.0000000035,0.01408013458
-20.1725159,12.3913698,-7.32417107,0.0000000035,0.01404354212
-19.5705547,12.1996698,-4.76440048,0.00000000193,0.00774660583
-19.5705547,12.2416391,-4.76440048,0.000000002,0.00802370464
-19.5719643,12.2416391,-4.83682919,0.00000000216,0.00865813943
-19.5719643,12.1996698,-4.83682775,0.00000000214,0.00861424493
-19.0537357,12.271101,-9.75235176,0.00000000358,0.01438090758
-17.7085209,12.5854769,-5.5988555,0.00000000177,0.00712715163
-17.6438637,12.5888662,-5.53497124,0.00000000195,0.0078523173
-17.6438637,12.5888662,-5.5988555,0.00000000225,0.00904951758
-17.4535313,12.2416391,-4.76819468,0.00000000294,0.0117936925
-17.5174274,12.2416391,-4.83207893,0.00000000293,0.01178376965
-17.4535313,12.2416391,-4.83207893,0.00000000297,0.01194756321
-19.6261158,12.2416391,-8.47433662,0.00000000356,0.01430319837
-17.986414,12.1357698,-4.72639608,0.00000000202,0.00811884121
-17.986414,12.0718699,-4.72639608,0.00000000201,0.00809141696
-19.4983234,12.2416391,-8.85777855,0.00000000357,0.01434782612
-19.4344273,12.2416391,-8.85777855,0.00000000357,0.01435286783
-19.4344273,12.2416391,-8.79389477,0.00000000357,0.0143509946
-17.6438637,12.5888662,-5.21549463,0.00000000151,0.00605270799
-20.1725159,12.3274698,-7.00469446,0.00000000347,0.01392678656
-19.112957,12.2583036,-9.49675941,0.00000000358,0.01437795053
-19.0537357,12.271101,-9.49675941,0.00000000358,0.01437818244
-19.0537357,12.271101,-9.43284798,0.00000000358,0.01437687654
-17.5174274,12.6049995,-5.5988555,0.00000000312,0.01252878103
-17.4535313,12.6049995,-5.53497124,0.0000000025,0.01004130089
-17.4535313,12.6049995,-5.5988555,0.00000000269,0.01079099712
-18.8527355,12.271101,-9.75235176,0.00000000358,0.01437864721
-18.919735,12.271101,-9.75235176,0.00000000358,0.01437930464
-19.8842354,12.271101,-8.21874428,0.00000000354,0.01421339874
-19.8172359,12.271101,-8.21874428,0.00000000354,0.0142228488
-19.8172359,12.271101,-8.15483189,0.00000000354,0.01420552399
-19.2427158,12.2416391,-9.1133709,0.00000000358,0.01436543728
-17.354372,12.3274698,-7.26028681,0.00000000352,0.01414664443
-17.354372,12.3274698,-7.19637537,0.00000000352,0.01412611728
-17.354372,12.2416391,-7.19637537,0.00000000352,0.01414649728
-19.306612,12.6049995,-10.2635365,0.00000000358,0.01438620081
-19.2427158,12.6049995,-10.1996241,0.00000000358,0.01438554431
-19.2427158,12.6049995,-10.2635365,0.00000000358,0.01438572629
-19.8172359,12.271101,-7.83535576,0.00000000351,0.0140820524
-19.3647804,12.1996698,-4.83682394,0.0000000023,0.00925456884
-19.3661728,12.1996698,-4.76442385,0.00000000191,0.00766717324
-20.1725159,12.3913698,-6.74910259,0.00000000343,0.01378366374
-20.1725159,12.3274698,-6.74910259,0.00000000343,0.01379139934
-20.1725159,12.3274698,-6.68519068,0.00000000342,0.01375183829
-20.1725159,12.3913698,-6.68519068,0.00000000342,0.01374733538
-17.9006729,12.5823374,-4.95990229,0.0000000014,0.00563709946
-17.8368187,12.5943108,-4.89599085,0.00000000128,0.00512283489
-17.8365822,12.5833015,-4.95990229,0.00000000133,0.0053413088
-19.247736,12.5761013,-9.88014793,0.00000000358,0.0143831189
-19.2427158,12.2416391,-8.79389477,0.00000000357,0.01435181791
-19.306612,12.2416391,-8.85777855,0.00000000357,0.01435627534
-19.2427158,12.2416391,-8.85777855,0.00000000357,0.01435534229
-19.6921558,12.2585497,-8.21874428,0.00000000355,0.01425456727
-19.6261158,12.2416391,-8.21874428,0.00000000355,0.01427427912
-19.6261158,12.2416391,-8.15483189,0.00000000355,0.0142643741
-19.0537357,12.271101,-9.1133709,0.00000000358,0.01436625705
-19.112957,12.2583036,-9.1133709,0.00000000358,0.01436622138
-17.8369198,12.6049995,-4.57648659,0.00000000202,0.00812009007
-19.4344273,12.2416391,-8.47433662,0.00000000357,0.01433717541
-17.354372,12.2416391,-6.87687111,0.00000000349,0.01402351628
-19.1149235,12.6049995,-10.2635365,0.00000000358,0.01438494665
-19.0510273,12.6049995,-10.1996241,0.00000000358,0.01438451937
-19.0510273,12.6049995,-10.2635365,0.00000000358,0.0143848637
-20.0733891,12.2647629,-7.57976341,0.00000000349,0.0140256393
-20.0182362,12.271101,-7.57976341,0.00000000348,0.01396792918
-20.0182362,12.271101,-7.51587915,0.00000000347,0.01393979398
-17.4535313,12.6049995,-5.21549463,0.00000000139,0.00558457507
-17.7085209,12.5854769,-4.95990229,0.00000000137,0.00548907992
-17.6447048,12.5976448,-4.89599085,0.00000000119,0.0047783337
-17.6438637,12.5888662,-4.95990229,0.00000000128,0.00515209268
-19.4892349,12.5761013,-9.62455559,0.00000000358,0.01436460501
-19.4344749,12.5822334,-9.56067085,0.00000000358,0.014367166
-19.4344749,12.5822334,-9.62455559,0.00000000358,0.01436758794
-20.0095158,12.6049995,-10.346241,0.00000000358,0.01437788364
-20.0182362,12.271101,-7.19637537,0.00000000344,0.01382266196
-19.2427158,12.2416391,-8.47433662,0.00000000357,0.01432612599
-19.306612,12.2416391,-8.47433662,0.00000000357,0.01433137106
-17.354372,12.3274698,-6.62127876,0.00000000345,0.01387450169
-17.354372,12.3274698,-6.55736732,0.00000000344,0.01383727148
-17.354372,12.2416391,-6.55736732,0.00000000345,0.01384905506
-19.4344749,12.5822334,-9.24116707,0.00000000358,0.01436464696
-19.4344273,12.2416391,-8.15483189,0.00000000356,0.01431148703
-19.4983234,12.2416391,-8.21874428,0.00000000356,0.01431277333
-19.4344273,12.2416391,-8.21874428,0.00000000356,0.01431791672
-20.1725159,12.3274698,-6.36563206,0.00000000336,0.01351015355
-18.539835,12.2416391,-4.49365044,0.00000000246,0.00990137507
-18.4759388,12.2416391,-4.49365044,0.00000000248,0.00994592255
-18.4759388,12.3274698,-4.49365044,0.00000000241,0.00968926079
-19.6261158,12.2416391,-7.83535576,0.00000000352,0.01416016213
-18.8593273,12.6049995,-10.1996241,0.00000000358,0.01438506974
-18.8593273,12.6049995,-10.2635365,0.00000000358,0.01438528563
-18.9232349,12.6049995,-10.2635365,0.00000000358,0.01438509473
-19.6905613,12.5849104,-8.98557568,0.00000000353,0.01419022407
-19.6232357,12.5761013,-8.92166328,0.00000000351,0.01409223035
-19.6232357,12.5761013,-8.98557568,0.00000000352,0.01412735541
-19.8842354,12.271101,-7.57976341,0.00000000347,0.01394593912
-19.8172359,12.271101,-7.57976341,0.00000000348,0.01396063782
-19.8172359,12.271101,-7.51587915,0.00000000347,0.01393435713
-19.0500507,12.5872622,-9.88014793,0.00000000358,0.01438274871
-19.3064842,12.5821724,-9.62455559,0.00000000358,0.01438009854
-19.247736,12.5761013,-9.56067085,0.00000000358,0.01437994865
-19.247736,12.5761013,-9.62455559,0.00000000358,0.01438060162
-17.5174274,12.6049995,-4.95990229,9.83E-10,0.00394834096
-17.4535313,12.6049995,-4.89599085,7.67E-10,0.00308188735
-17.4535313,12.6049995,-4.95990229,4.15E-10,0.00166767136
-17.6452198,12.6049995,-4.57648659,0.00000000207,0.00830222534
-19.6232357,12.5761013,-8.6021595,0.0000000035,0.01406939999
-19.4344273,12.2416391,-7.83535576,0.00000000355,0.01426059551
-19.4983234,12.2416391,-7.83535576,0.00000000355,0.0142427364
-20.1725159,12.3913698,-6.11004019,0.00000000332,0.01333861102
-20.1725159,12.3274698,-6.11004019,0.0000000033,0.01327701794
-20.1725159,12.3274698,-6.04615545,0.00000000329,0.01321795282
-20.1725159,12.3913698,-6.04615545,0.00000000331,0.01328411305
-19.881712,12.6049995,-8.3465395,0.00000000352,0.01414802084
-19.8154697,12.5880909,-8.28265572,0.00000000351,0.01411791696
-19.8154697,12.5880909,-8.3465395,0.00000000352,0.01413297248
-19.5006256,12.0718699,-4.69924212,0.00000000186,0.00746087894
-19.5006256,12.1357698,-4.69924212,0.00000000186,0.00748625647
-19.5404911,12.1357698,-4.72641754,0.00000000188,0.00753333637
-18.9232349,12.6049995,-9.88014793,0.00000000358,0.01438265683
-18.8593273,12.6049995,-9.88014793,0.00000000358,0.01438284239
-19.5719643,12.7108688,-10.0030622,0.00000000358,0.01439174384
-19.5719643,12.7747688,-10.0030622,0.00000000358,0.01439174384
-20.0733891,12.2647629,-6.94078302,0.00000000342,0.01375792185
-20.0182362,12.271101,-6.94078302,0.00000000341,0.01369749374
-20.0182362,12.271101,-6.87687111,0.0000000034,0.01365306048
-17.5174274,12.6049995,-4.57648659,0.0000000022,0.00885731319
-17.4535313,12.6049995,-4.57648659,0.00000000221,0.0088787297
-19.8172359,12.271101,-7.19637537,0.00000000344,0.01383346075
-17.354372,12.2416391,-6.23786354,0.00000000339,0.0136123817
-19.4892349,12.5761013,-8.98557568,0.00000000357,0.01434173987
-19.4344749,12.5822334,-8.92166328,0.00000000357,0.0143588426
-19.4344749,12.5822334,-8.98557568,0.00000000357,0.01436043932
-19.6261158,12.2416391,-7.51587915,0.00000000349,0.01400731989
-19.6921558,12.2585497,-7.57976341,0.00000000349,0.01400251102
-19.6261158,12.2416391,-7.57976341,0.00000000349,0.01403224025
-19.8154697,12.5880909,-7.96315193,0.00000000349,0.01403270139
-19.1137352,12.5761013,-9.62455559,0.00000000358,0.0143804241
-19.0507355,12.5761013,-9.56067085,0.00000000358,0.014379128
-19.0507355,12.5761013,-9.62455559,0.00000000358,0.01438013063
-20.1725159,12.3274698,-5.72667885,0.00000000322,0.0129231198
-20.1725159,12.3913698,-5.72667885,0.00000000324,0.01299721809
-17.5127354,12.271101,-8.41042423,0.00000000356,0.01430284871
-17.4537582,12.2639217,-8.41042423,0.00000000356,0.0143131471
-17.4537582,12.2639217,-8.3465395,0.00000000356,0.01430560506
-19.247736,12.5761013,-9.24116707,0.00000000358,0.01436500466
-20.0734119,12.6049995,-7.70755959,0.00000000351,0.0141037606
-20.0095158,12.6049995,-7.64364767,0.0000000035,0.01404540108
-20.0095158,12.6049995,-7.70755959,0.0000000035,0.01406105068
-19.6905613,12.5849104,-8.3465395,0.00000000351,0.01409089857
-19.6232357,12.5761013,-8.28265572,0.00000000349,0.01400463935
-19.6232357,12.5761013,-8.3465395,0.00000000349,0.01401968148
-17.4204388,12.5149755,-5.15158319,0.00000000158,0.00633551526
-17.3896351,12.6049995,-5.15158319,4.26E-10,0.00171018748
-17.3896351,12.6049995,-5.08767128,2.49E-10,0.00100126055
-17.4204388,12.5149755,-5.08767128,0.00000000138,0.00554161142
-19.6261158,12.2416391,-7.19637537,0.00000000346,0.01388751091
-19.6921558,12.2585497,-7.19637537,0.00000000345,0.01387162582
-17.354372,12.3274698,-5.98227119,0.00000000334,0.01341809712
-17.354372,12.3274698,-5.91835976,0.00000000333,0.01336219064
-17.354372,12.2416391,-5.91835976,0.00000000331,0.01330269652
-20.0095158,12.6049995,-7.32417107,0.00000000347,0.01394652605
-17.4537582,12.2639217,-8.02706337,0.00000000355,0.01425616399
-19.1137352,12.5761013,-9.24116707,0.00000000357,0.01435803797
-19.0507355,12.5761013,-9.24116707,0.00000000357,0.01435961774
-19.8172359,12.271101,-6.87687111,0.0000000034,0.01365586499
-19.8842354,12.271101,-6.94078302,0.00000000341,0.01368881083
-19.8172359,12.271101,-6.94078302,0.00000000341,0.01370616239
-20.0182362,12.271101,-6.55736732,0.00000000331,0.01331360771
-17.7104721,12.2576952,-7.77147102,0.00000000353,0.0141625893
-17.6458168,12.2611341,-7.77147102,0.00000000353,0.01416123342
-17.6458168,12.2611341,-7.70755959,0.00000000352,0.01414316111
-19.3064842,12.5821724,-8.98557568,0.00000000357,0.01434769146
-19.247736,12.5761013,-8.92166328,0.00000000357,0.01433423712
-19.247736,12.5761013,-8.98557568,0.00000000357,0.01433842869
-18.9871311,12.3913698,-4.49365044,0.00000000208,0.00835872677
-19.0510273,12.3913698,-4.49365044,0.00000000202,0.00810240576
-19.0510273,12.3274698,-4.49365044,0.00000000217,0.00872916562
-18.9871311,12.3274698,-4.49365044,0.00000000222,0.0089262922
-19.881712,12.6049995,-7.70755959,0.00000000348,0.01398037373
-19.8154697,12.5880909,-7.64364767,0.00000000347,0.01394056558
-19.8154697,12.5880909,-7.70755959,0.00000000347,0.0139597913
-19.4344749,12.5822334,-8.6021595,0.00000000357,0.01433507292
-17.354372,12.3274698,-5.5988555,0.00000000325,0.01306748871
-17.354372,12.2416391,-5.5988555,0.00000000322,0.01295544123
-17.6458168,12.2611341,-7.3880558,0.00000000349,0.0140351411
-17.9008274,12.2416391,-7.13246346,0.00000000347,0.01394252177
-17.8369198,12.2416391,-7.13246346,0.00000000347,0.0139287695
-17.8369198,12.2416391,-7.0685792,0.00000000346,0.01388791501
-19.8172359,12.271101,-6.55736732,0.00000000329,0.01321564785
-19.8842354,12.271101,-6.55736732,0.0000000033,0.01324203469
-20.0182362,12.271101,-6.23786354,0.0000000032,0.01287469293
-20.0733891,12.2647629,-6.3017478,0.00000000328,0.01317019857
-20.0182362,12.271101,-6.3017478,0.00000000323,0.01296299395
-19.6232357,12.5761013,-7.96315193,0.00000000347,0.01393394146
-17.8369198,12.2416391,-6.74910259,0.00000000338,0.01359491593
-19.3064842,12.5821724,-8.6021595,0.00000000356,0.01430668977
-19.247736,12.5761013,-8.6021595,0.00000000356,0.01431407658
-19.4892349,12.5761013,-8.3465395,0.00000000355,0.01426615815
-19.4344749,12.5822334,-8.28265572,0.00000000355,0.01427595076
-19.4344749,12.5822334,-8.3465395,0.00000000356,0.01428901883
-17.5127354,12.271101,-7.77147102,0.00000000353,0.01416989761
-17.4537582,12.2639217,-7.77147102,0.00000000353,0.01419935924
-17.4537582,12.2639217,-7.70755959,0.00000000353,0.01418234132
-17.3896351,12.3274698,-10.346241,0.00000000358,0.01438526422
-20.0734119,12.6049995,-7.0685792,0.00000000345,0.01387431886
-20.0095158,12.6049995,-7.00469446,0.00000000343,0.01378141321
-20.0095158,12.6049995,-7.0685792,0.00000000344,0.01381978787
-18.0925274,12.2416391,-6.49345541,0.00000000332,0.01332486675
-18.0286198,12.2416391,-6.49345541,0.0000000033,0.01326524592
-18.0286198,12.2416391,-6.42954397,0.00000000329,0.01321018959
-17.5174274,12.6049995,-8.53824806,0.00000000356,0.01430978775
-17.4535313,12.6049995,-8.47433662,0.00000000356,0.01431812811
-17.4535313,12.6049995,-8.53824806,0.00000000357,0.01432256236
-17.4204388,12.5149765,-6.94078302,0.0000000035,0.014074687
-17.4204388,12.5149765,-6.87687111,0.0000000035,0.0140508567
-17.354372,12.5191689,-6.87687111,0.00000000351,0.01408580066
-19.8154697,12.5880909,-7.32417107,0.00000000344,0.01381756498
-18.0286198,12.2416391,-6.11004019,0.00000000321,0.01291043614
-19.6905613,12.5849104,-7.70755959,0.00000000346,0.01391782264
-19.6232357,12.5761013,-7.64364767,0.00000000345,0.01383981375
-19.6232357,12.5761013,-7.70755959,0.00000000345,0.01386436033
-17.4535313,12.6049995,-8.15483189,0.00000000356,0.01429069939
-20.0182362,12.271101,-5.91835976,0.0000000031,0.01245099421
-20.0733891,12.2647629,-5.91835976,0.00000000318,0.01278756935
-17.7104721,12.2576952,-7.13246346,0.00000000346,0.01391745514
-17.6458168,12.2611341,-7.13246346,0.00000000347,0.01392014099
-17.6458168,12.2611341,-7.0685792,0.00000000346,0.01388645388
-19.7539082,12.3913698,-4.49365044,0.00000000226,0.00906973343
-19.690012,12.3913698,-4.49365044,0.00000000218,0.00875217796
-19.690012,12.4552689,-4.49365044,0.00000000211,0.0084949917
-19.4892349,12.5761013,-7.96315193,0.00000000348,0.01399879932
-19.4344749,12.5822334,-7.96315193,0.00000000353,0.01417662968
-20.1725159,12.3913698,-9.68843937,0.00000000357,0.01435595513
-20.1725159,12.3274698,-9.68843937,0.00000000357,0.0143587721
-20.1725159,12.3913698,-9.62455559,0.00000000357,0.01435510679
-17.354372,12.5191689,-6.55736732,0.00000000347,0.01394982385
-18.6037312,12.2416391,-4.49365044,0.00000000245,0.00984697079
-20.0095158,12.6049995,-6.68519068,0.00000000338,0.01357647342
-17.4537582,12.2639217,-7.3880558,0.0000000035,0.01407805796
-18.3150311,12.2511892,-5.85444784,0.00000000292,0.01174345572
-18.2203312,12.2416391,-5.85444784,0.00000000303,0.01218583779
-18.2203312,12.2416391,-5.79056358,0.00000000301,0.01210255968
-17.9008274,12.2416391,-6.49345541,0.00000000327,0.01312603198
-17.8369198,12.2416391,-6.49345541,0.00000000328,0.01318304811
-17.8369198,12.2416391,-6.42954397,0.00000000325,0.01306405624
-19.881712,12.6049995,-7.0685792,0.00000000341,0.01369384539
-19.8154697,12.5880909,-7.00469446,0.00000000339,0.01361449488
-19.8154697,12.5880909,-7.0685792,0.0000000034,0.01366145796
-17.7085209,12.5854769,-7.89924002,0.00000000353,0.01416785313
-17.6438637,12.5888662,-7.83535576,0.00000000353,0.01416969872
-17.6438637,12.5888662,-7.89924002,0.00000000353,0.0141834572
-19.6905613,12.5849104,-7.32417107,0.00000000343,0.01376252913
-19.6232357,12.5761013,-7.32417107,0.00000000341,0.01369513884
-18.2203312,12.2416391,-5.47108698,0.00000000293,0.01175502969
-17.6438637,12.5888662,-7.51587915,0.00000000351,0.01408652233
-18.0286198,12.3274698,-10.346241,0.00000000358,0.01438855218
-18.0925274,12.3274698,-10.346241,0.00000000358,0.01438869849
-18.0286198,12.3913698,-10.346241,0.00000000358,0.01438750583
-20.1725159,12.3274698,-9.30507851,0.00000000357,0.01435124259
-18.4120426,12.2416391,-4.49365044,0.00000000248,0.00997686139
-17.6458168,12.2611341,-6.74910259,0.0000000034,0.01367528426
-18.0925274,12.2416391,-5.85444784,0.00000000316,0.01270092567
-18.0286198,12.2416391,-5.85444784,0.00000000314,0.01259933799
-18.0286198,12.2416391,-5.79056358,0.00000000311,0.01250746443
-17.5174274,12.6049995,-7.89924002,0.00000000354,0.0142391353
-17.4535313,12.6049995,-7.83535576,0.00000000355,0.01425139256
-17.4535313,12.6049995,-7.89924002,0.00000000355,0.01426045728
-17.4537582,12.2639217,-7.0685792,0.00000000347,0.01394141122
-17.5127354,12.271101,-7.13246346,0.00000000347,0.01392165029
-17.4537582,12.2639217,-7.13246346,0.00000000348,0.01397103965
-19.881712,12.6049995,-6.68519068,0.00000000334,0.01341247916
-19.8154697,12.5880909,-6.68519068,0.00000000333,0.01337493492
-20.0734119,12.6049995,-6.42954397,0.00000000335,0.01347706317
-20.0095158,12.6049995,-6.36563206,0.00000000333,0.01336499516
-20.0095158,12.6049995,-6.42954397,0.00000000334,0.01340877995
-18.4772358,12.271101,-5.21549463,0.00000000273,0.0109833728
-18.4114704,12.2614346,-5.21549463,0.00000000254,0.01021927041
-18.4114704,12.2614346,-5.15158319,0.00000000256,0.01030395345
-17.4204388,12.5149755,-6.3017478,0.00000000342,0.01373872647
-17.4204388,12.5149755,-6.23786354,0.00000000341,0.01369096864
-17.354372,12.5191689,-6.23786354,0.00000000342,0.01375438855
-17.354372,12.5191689,-6.3017478,0.00000000343,0.0137982001
-19.8178043,12.2416391,-10.1357403,0.00000000358,0.01437814054
-17.9006729,12.5823336,-7.26028681,0.00000000346,0.01389689765
-17.8407364,12.5761013,-7.19637537,0.00000000346,0.01389214494
-17.8407364,12.5761013,-7.26028681,0.00000000347,0.01392089564
-17.8369198,12.2416391,-6.11004019,0.00000000312,0.0125178939
-17.6458168,12.2611341,-6.42954397,0.00000000331,0.01329217155
-17.7104721,12.2576952,-6.49345541,0.00000000332,0.01332773193
-17.6458168,12.2611341,-6.49345541,0.00000000333,0.01339417936
-17.4537582,12.2639217,-6.74910259,0.00000000343,0.01377771665
-17.5127354,12.271101,-6.74910259,0.00000000341,0.01370914263
-20.0734119,12.6049995,-6.04615545,0.00000000326,0.01308915501
-20.0095158,12.6049995,-6.04615545,0.00000000326,0.01310245677
-20.1725159,12.3913698,-9.04948616,0.00000000357,0.01432831232
-20.1725159,12.3274698,-9.04948616,0.00000000357,0.01433834485
-20.1725159,12.3913698,-8.98557568,0.00000000357,0.01432372465
-18.3150311,12.2511892,-5.21549463,0.0000000027,0.01086606238
-18.2203312,12.2416391,-5.21549463,0.00000000285,0.01146313403
-18.2203312,12.2416391,-5.15158319,0.00000000283,0.01135075203
-20.0733891,12.2647629,-9.88014793,0.00000000358,0.01436265775
-20.0182362,12.271101,-9.88014793,0.00000000358,0.01436403323
-20.0182362,12.271101,-9.8162632,0.00000000358,0.01436400383
-18.4120426,12.2416391,-4.83207893,0.00000000271,0.01089521002
-17.354372,12.3274698,-9.56067085,0.00000000358,0.01437333879
-17.354372,12.3274698,-9.49675941,0.00000000358,0.01437287049
-17.354372,12.2416391,-9.49675941,0.00000000358,0.01437422368
-17.8407364,12.5761013,-6.87687111,0.00000000342,0.01372337126
-17.7085209,12.5854769,-7.26028681,0.00000000348,0.01397229205
-17.6438637,12.5888662,-7.19637537,0.00000000348,0.01397649704
-17.6438637,12.5888662,-7.26028681,0.00000000349,0.01400088128
-18.539835,12.4552689,-10.346241,0.00000000358,0.01438471116
-18.539835,12.3913698,-10.346241,0.00000000358,0.01438533023
-18.6037312,12.3913698,-10.346241,0.00000000358,0.01438547919
-18.6037312,12.4552689,-10.346241,0.00000000358,0.01438495734
-17.8369198,12.2416391,-5.79056358,0.000000003,0.01204423676
-17.9008274,12.2416391,-5.85444784,0.00000000302,0.01212313055
-17.8369198,12.2416391,-5.85444784,0.00000000302,0.01213542794
-18.0286198,12.2416391,-5.47108698,0.00000000298,0.01198579428
-17.4535313,12.6049995,-7.51587915,0.00000000353,0.01419446296
-17.354372,12.2416391,-5.21549463,0.00000000312,0.01253116807
-19.4315147,12.1357698,-4.70067167,0.00000000178,0.00716192791
-17.6458168,12.2611341,-6.11004019,0.00000000315,0.01264057252
-17.7104721,12.2576962,-6.11004019,0.00000000314,0.01259991335
-18.0822353,12.5761013,-6.62127876,0.00000000232,0.00932078704
-18.028635,12.5822058,-6.55736732,0.00000000232,0.00930729703
-18.028635,12.5822058,-6.62127876,0.00000000239,0.00961558532
-18.6676273,12.2416391,-4.57648659,0.00000000248,0.00995993441
-18.6037312,12.2416391,-4.57648659,0.0000000025,0.01003652677
-19.1149235,12.3913698,-4.49365044,0.00000000194,0.00778876534
-19.1788197,12.3913698,-4.49365044,0.00000000186,0.00746481678
-17.354372,12.5191689,-5.91835976,0.00000000336,0.01349964465
-19.8842354,12.271101,-9.88014793,0.00000000358,0.01436890722
-19.8172894,12.2619686,-9.88014793,0.00000000358,0.01437286334
-19.8172359,12.271101,-9.8162632,0.00000000358,0.01437365904
-20.0182362,12.271101,-9.49675941,0.00000000358,0.01436279868
-17.354372,12.2416391,-9.17725563,0.00000000358,0.01437001604
-18.0286198,12.2416391,-5.15158319,0.00000000284,0.01139804514
-18.0925274,12.2416391,-5.21549463,0.00000000293,0.01175918827
-18.0286198,12.2416391,-5.21549463,0.00000000287,0.01153047796
-17.5174274,12.6049995,-7.26028681,0.00000000351,0.0140970669
-17.4535313,12.6049995,-7.19637537,0.00000000351,0.01411311609
-17.4535313,12.6049995,-7.26028681,0.00000000352,0.01413170759
-17.8369198,12.2416391,-5.47108698,0.00000000288,0.01158622386
-17.9008274,12.2416391,-5.47108698,0.00000000287,0.01152386095
-20.1725159,12.3274698,-8.66607094,0.00000000356,0.01431375632
-19.6261158,12.2416391,-10.1357403,0.00000000358,0.01438696884
-18.4120426,12.2416391,-4.57648659,0.00000000253,0.01016521226
-18.4759388,12.2416391,-4.57648659,0.00000000252,0.01014317933
-17.9006729,12.5823336,-6.62127876,0.00000000323,0.01296779302
-17.8407364,12.5761013,-6.55736732,0.00000000333,0.01339448712
-17.8407364,12.5761013,-6.62127876,0.00000000336,0.0135143826
-18.028635,12.5822058,-6.23786354,0.0000000022,0.00884577848
-17.354372,12.3274698,-8.92166328,0.00000000357,0.01436004948
-17.354372,12.3274698,-8.85777855,0.00000000357,0.01435781674
-17.354372,12.2416391,-8.85777855,0.00000000358,0.01436235802
-17.4535313,12.3274698,-10.346241,0.00000000358,0.01438540426
-17.4535313,12.2416391,-10.346241,0.00000000358,0.01438560674
-17.5174274,12.3274698,-10.346241,0.00000000358,0.0143855666
-17.4204388,12.5149755,-5.66276741,0.00000000297,0.01192005691
-17.4204388,12.5149755,-5.5988555,0.00000000276,0.0111026421
-17.354372,12.5191689,-5.5988555,0.00000000326,0.01308587147
-17.354372,12.5191689,-5.66276741,0.00000000329,0.01320230504
-17.6438637,12.5888662,-6.87687111,0.00000000344,0.01383142518
-18.0262413,12.7108688,-10.1406441,0.00000000358,0.01439174384
-18.026247,12.6469688,-10.1406469,0.00000000358,0.01439176526
-18.0953579,12.6469688,-10.139225,0.00000000358,0.01439176168
-18.0953445,12.7108688,-10.1392288,0.00000000358,0.01439174384
-18.2203312,12.2416391,-4.83207893,0.00000000243,0.00975234176
-19.4344273,12.2416391,-10.1357403,0.00000000358,0.01439082862
-19.4983234,12.2416391,-10.1357403,0.00000000358,0.01439062346
-18.2832355,12.5761013,-5.98227119,0.00000000179,0.00720584158
-18.2162361,12.5761013,-5.91835976,0.00000000181,0.0072581563
-18.2162361,12.5761013,-5.98227119,0.0000000018,0.00724244203
-19.6261158,12.2416391,-9.8162632,0.00000000358,0.01437799423
-19.6921558,12.2585497,-9.88014793,0.00000000358,0.01437832787
-19.6261158,12.2416391,-9.88014793,0.00000000358,0.01438034295
-20.1065178,12.5149755,-5.91835976,0.00000000323,0.01295607186
-20.0733891,12.2647629,-9.24116707,0.00000000357,0.01434883591
-20.0182362,12.271101,-9.24116707,0.00000000357,0.01434669328
-20.0182362,12.271101,-9.17725563,0.00000000357,0.01434059185
-18.9232349,12.3913698,-4.49365044,0.00000000213,0.00855483195
-19.8178043,12.3913698,-4.49365044,0.00000000236,0.00948087428
-17.5174274,12.6049995,-6.87687111,0.00000000347,0.01395771021
-17.4535313,12.6049995,-6.87687111,0.00000000348,0.01399832118
-18.2842274,12.2416391,-4.57648659,0.0000000025,0.01002747904
-18.2203312,12.2416391,-4.57648659,0.00000000243,0.00976008985
-18.2203312,12.2416391,-4.49365044,0.00000000245,0.00983680714
-18.2842274,12.2416391,-4.49365044,0.00000000247,0.00993728781
-20.1725159,12.3913698,-8.41042423,0.00000000355,0.01427478044
-20.1725159,12.3274698,-8.41042423,0.00000000356,0.01429062893
-20.1725159,12.3913698,-8.3465395,0.00000000355,0.0142674489
-19.8172359,12.271101,-9.49675941,0.00000000358,0.01436884122
-18.2162361,12.5761013,-5.5988555,0.00000000178,0.00716687859
-20.1065178,12.5149755,-5.5988555,0.00000000271,0.01088250764
-17.4204388,12.5149755,-5.27937889,0.00000000197,0.00791709578
-17.354372,12.5191689,-5.27937889,0.00000000299,0.01202149563
-17.7085209,12.5854769,-6.62127876,0.00000000339,0.01363092053
-17.6438637,12.5888662,-6.55736732,0.00000000339,0.01363326475
-17.6438637,12.5888662,-6.62127876,0.0000000034,0.0136778604
-18.0822353,12.5761013,-5.98227119,0.00000000204,0.00818777294
-18.028635,12.582202,-5.91835976,0.00000000201,0.00807972794
-18.028635,12.5822058,-5.98227119,0.00000000205,0.00824978708
-18.156435,12.3274698,-10.346241,0.00000000358,0.01438843355
-18.4759388,12.6049995,-5.34326315,0.00000000162,0.00648897078
-18.4102535,12.5883722,-5.27937889,0.00000000163,0.00654121902
-18.4102535,12.5883722,-5.34326315,0.00000000162,0.00649104202
-19.2427158,12.4552689,-10.346241,0.00000000358,0.01438595552
-19.306612,12.4552689,-10.346241,0.00000000358,0.01438647913
-19.2427158,12.5191689,-10.346241,0.00000000358,0.0143858681
-19.6261158,12.2416391,-9.49675941,0.00000000358,0.0143670456
-19.6921558,12.2585497,-9.49675941,0.00000000358,0.01436833367
-19.8178043,12.6049995,-10.2635365,0.00000000358,0.01437683641
-19.8178043,12.6049995,-10.346241,0.00000000358,0.01437729759
-20.1725159,12.3274698,-8.02706337,0.00000000354,0.01423882757
-20.1725159,12.3913698,-8.02706337,0.00000000354,0.01422045818
-17.8407364,12.5761013,-6.23786354,0.00000000256,0.01027248923
-17.354372,12.2416391,-8.53824806,0.00000000357,0.01434983854
-19.8172359,12.271101,-9.17725563,0.00000000357,0.01435144864
-19.8842354,12.271101,-9.24116707,0.00000000357,0.01434962535
-19.8172359,12.271101,-9.24116707,0.00000000357,0.01435572228
-17.4204388,12.5149755,-7.45196772,0.00000000354,0.01421370916
-17.3896351,12.6049995,-7.45196772,0.00000000353,0.01419455841
-17.4204388,12.5149755,-7.3880558,0.00000000353,0.01420050638
-20.0095158,12.6049995,-9.94403172,0.00000000358,0.01437409255
-20.0095158,12.6049995,-10.0079441,0.00000000358,0.01437471696
-20.0734119,12.6049995,-10.0079441,0.00000000358,0.01437599792
-17.7085209,12.5854769,-6.23786354,0.00000000332,0.01333869398
-17.6438637,12.5888662,-6.23786354,0.00000000333,0.01338098908
-20.1065178,12.5149755,-5.27937889,0.00000000181,0.00726463327
-18.4102535,12.5883722,-4.95990229,0.00000000147,0.00588915704
-20.0182362,12.271101,-8.85777855,0.00000000356,0.01431171272
-18.2832355,12.5761013,-5.34326315,0.00000000171,0.00685934318
-18.2162361,12.5761013,-5.27937889,0.00000000171,0.00688049431
-18.2162361,12.5761013,-5.34326315,0.00000000173,0.00696351238
-18.6676273,12.6049995,-4.70430994,0.0000000015,0.00603963899
-18.6037312,12.6049995,-4.6403985,0.00000000162,0.00650063437
-18.6037312,12.6049995,-4.70430994,0.00000000149,0.0059906573
-17.9006729,12.5823336,-5.98227119,0.00000000197,0.00789696738
-17.8407364,12.5761013,-5.91835976,0.00000000192,0.00770526339
-17.8407364,12.5761013,-5.98227119,0.00000000204,0.00819596795
-17.4204388,12.5149755,-7.0685792,0.00000000351,0.01411742991
-19.8172359,12.271101,-8.85777855,0.00000000357,0.01432622232
-19.8842354,12.271101,-8.85777855,0.00000000356,0.01431834131
-20.0095158,12.6049995,-9.62455559,0.00000000358,0.01436810264
-17.354372,12.3274698,-8.28265572,0.00000000357,0.01432584233
-17.354372,12.3274698,-8.21874428,0.00000000356,0.01432039921
-17.354372,12.2416391,-8.21874428,0.00000000357,0.01432933726
-18.1607208,12.1996698,-4.76441765,0.00000000203,0.00815234192
-18.1323299,12.1996698,-4.72842026,0.00000000192,0.00769850903
-18.1607208,12.2416391,-4.76441765,0.0000000021,0.00843718882
-19.881712,12.6049995,-10.0079441,0.00000000358,0.01437404262
-19.8173828,12.5972567,-9.94403172,0.00000000358,0.01437336646
-19.8178043,12.6049995,-10.0079441,0.00000000358,0.01437410681
-17.9836979,12.1996698,-4.87712145,0.00000000242,0.00970648034
-17.9836979,12.1357698,-4.87712145,0.00000000241,0.0096808241
-17.709116,12.2416391,-10.0718555,0.00000000358,0.01438278438
-17.6452198,12.2416391,-10.0718555,0.00000000358,0.01438073897
-17.6452198,12.2416391,-10.0079441,0.00000000358,0.01437824045
-18.0286369,12.5821972,-5.5988555,0.00000000179,0.00719453701
-20.0182362,12.271101,-8.53824806,0.00000000355,0.01427561358
-20.0733891,12.2647629,-8.6021595,0.00000000356,0.01429029979
-20.0182362,12.271101,-8.6021595,0.00000000356,0.01428410917
-17.9006729,12.5823336,-5.5988555,0.00000000185,0.00743609465
-17.8407364,12.5761013,-5.5988555,0.00000000182,0.00730699349
-17.354372,12.3274698,-7.89924002,0.00000000356,0.01428479336
-17.354372,12.2416391,-7.89924002,0.00000000356,0.01429681689
-18.6676273,12.4552689,-10.346241,0.00000000358,0.01438519018
-18.7315235,12.4552689,-10.346241,0.00000000358,0.01438547115
-18.4759388,12.6049995,-4.70430994,0.00000000145,0.0058297427
-18.4120426,12.6049995,-4.6403985,0.0000000016,0.00640892226
-18.4120426,12.6049995,-4.70430994,0.00000000142,0.00570755652
-20.1065178,12.5149755,-4.95990229,0.0000000012,0.00482284506
-17.9563351,12.1996698,-4.76440763,0.00000000208,0.00833913444
-17.986414,12.1996698,-4.72639608,0.00000000202,0.00810954815
-19.6261158,12.6049995,-10.2635365,0.00000000358,0.01438061769
-17.6458168,12.2611341,-9.68843937,0.00000000358,0.01437853569
-17.4204388,12.5149765,-6.81298685,0.00000000349,0.01402521467
-17.3896351,12.6049995,-6.81298685,0.00000000348,0.013987691
-17.4204388,12.5149765,-6.74910259,0.00000000348,0.01399761024
-17.9008274,12.2416391,-9.43284798,0.00000000358,0.01437330134
-17.8369198,12.2416391,-9.43284798,0.00000000358,0.01437353238
-17.8369198,12.2416391,-9.36896324,0.00000000358,0.01437181165
-18.0822353,12.5761013,-5.34326315,0.0000000016,0.00644274138
-18.0286369,12.5821972,-5.27937889,0.00000000153,0.0061366845
-18.0286369,12.5821972,-5.34326315,0.00000000159,0.00637226022
-20.0182362,12.271101,-8.21874428,0.00000000354,0.01421986945
-20.0733891,12.2647629,-8.21874428,0.00000000354,0.01423446382
-19.7539082,12.5191689,-10.346241,0.00000000358,0.0143779202
-19.8178043,12.5191689,-10.346241,0.00000000358,0.01437751971
-20.0734119,12.6049995,-9.36896324,0.00000000357,0.01433216584
-20.0095158,12.6049995,-9.30507851,0.00000000356,0.01431857768
-20.0095158,12.6049995,-9.36896324,0.00000000357,0.01432705455
-20.1373196,12.5191689,-4.49365044,0.00000000223,0.00897059346
-20.1725159,12.4552689,-4.49365044,0.00000000228,0.0091618318
-17.5174274,12.2416391,-10.0718555,0.00000000358,0.01437791843
-17.4535313,12.2416391,-10.0718555,0.00000000358,0.01437658127
-17.4535313,12.2416391,-10.0079441,0.00000000358,0.01437447701
-18.2162361,12.5761013,-4.95990229,0.00000000139,0.00557457465
-19.4983234,12.6049995,-10.346241,0.00000000358,0.01438480215
-19.4983234,12.6049995,-10.2635365,0.00000000358,0.01438442661
-19.4344273,12.6049995,-10.2635365,0.00000000358,0.01438572002
-19.4344273,12.6049995,-10.346241,0.00000000358,0.01438607057
-17.8369198,12.2416391,-9.04948616,0.00000000357,0.01436073366
-18.0925274,12.2416391,-8.79389477,0.00000000357,0.01435737701
-18.0286198,12.2416391,-8.79389477,0.00000000357,0.01435766601
-18.0286198,12.2416391,-8.72998333,0.00000000357,0.01435554122
-19.6262474,12.5946083,-9.94403172,0.00000000358,0.01437431824
-19.6261158,12.6049995,-10.0079441,0.00000000358,0.01437877118
-19.690012,12.6049995,-10.0079441,0.00000000358,0.01437590958
-17.4204388,12.5149765,-9.24116707,0.00000000357,0.01436167206
-17.4204388,12.5149765,-9.17725563,0.00000000357,0.01436009853
-17.354372,12.5191689,-9.17725563,0.00000000358,0.01436359703
-18.0286198,12.2416391,-8.41042423,0.00000000357,0.0143407774
-18.0822353,12.5761013,-4.95990229,0.00000000118,0.00474441511
-18.0286369,12.5822077,-4.95990229,0.00000000142,0.0057023797
-18.2203312,12.6049995,-4.6403985,0.00000000162,0.00652284566
-18.2203312,12.6049995,-4.70430994,0.00000000139,0.00558406797
-18.2842274,12.6049995,-4.70430994,0.00000000137,0.00551436645
-17.354372,12.5191689,-8.85777855,0.00000000357,0.01435450468
-17.7104721,12.2576962,-9.43284798,0.00000000358,0.01437389096
-17.6458168,12.2611341,-9.43284798,0.00000000358,0.0143741541
-17.6458168,12.2611341,-9.36896324,0.00000000358,0.01437204268
-18.3150311,12.2511892,-8.15483189,0.00000000355,0.0142632912
-18.2203312,12.2416391,-8.15483189,0.00000000355,0.01428086576
-18.2203312,12.2416391,-8.09094715,0.00000000355,0.01426987073
-19.8154697,12.5880909,-9.62455559,0.00000000358,0.01436919627
-18.4759388,12.4552689,-10.346241,0.00000000358,0.01438450154
-17.709116,12.6049995,-10.1996241,0.00000000358,0.01438233838
-17.6452198,12.6049995,-10.1357403,0.00000000358,0.01438184241
-17.6452198,12.6049995,-10.1996241,0.00000000358,0.01438222421
-19.881712,12.6049995,-9.36896324,0.00000000357,0.01432233936
-19.8154697,12.5880909,-9.30507851,0.00000000356,0.01430103879
-19.8154697,12.5880909,-9.36896324,0.00000000357,0.01432583249
-17.4204388,12.5149755,-6.42954397,0.00000000344,0.01382545487
-18.2203312,12.2416391,-7.77147102,0.00000000353,0.01419744677
-17.6438637,12.5888662,-9.8162632,0.00000000358,0.01437987819
-19.6902351,12.5761013,-9.62455559,0.00000000358,0.014368967
-19.6232357,12.5761013,-9.62455559,0.00000000358,0.01436844427
-17.9008274,12.2416391,-8.79389477,0.00000000357,0.01435148254
-17.8369198,12.2416391,-8.79389477,0.00000000357,0.01434623925
-17.8369198,12.2416391,-8.72998333,0.00000000357,0.01434149992
-20.0095158,12.6049995,-8.98557568,0.00000000356,0.01428257488
-17.4537582,12.2639217,-9.68843937,0.00000000358,0.01437570534
-19.3705196,12.4552689,-10.346241,0.00000000358,0.01438685736
-18.4772358,12.271101,-7.51587915,0.00000000349,0.01402620574
-18.411478,12.2614498,-7.51587915,0.00000000349,0.01403911059
-18.411478,12.2614498,-7.45196772,0.00000000349,0.01400802995
-17.9006729,12.5823326,-9.56067085,0.00000000358,0.0143769595
-17.8407364,12.5761013,-9.49675941,0.00000000358,0.0143767365
-17.8407364,12.5761013,-9.56067085,0.00000000358,0.0143773832
-18.0286198,12.3274698,-4.49365044,0.00000000235,0.00945669074
-18.0925274,12.3274698,-4.49365044,0.00000000231,0.00926296187
-18.0925274,12.2416391,-8.15483189,0.00000000356,0.0143172682
-18.0286198,12.2416391,-8.15483189,0.00000000356,0.01432157134
-18.0286198,12.2416391,-8.09094715,0.00000000356,0.01431522549
-19.881712,12.6049995,-8.98557568,0.00000000355,0.01425566444
-19.8154697,12.5880909,-8.98557568,0.00000000355,0.01424707963
-17.4537582,12.2639217,-9.36896324,0.00000000358,0.01437233169
-17.5127354,12.271101,-9.43284798,0.00000000358,0.01437375803
-17.4537582,12.2639217,-9.43284798,0.00000000358,0.01437370452
-17.6458168,12.2611341,-9.04948616,0.00000000357,0.01435712275
-20.0734119,12.6049995,-8.72998333,0.00000000355,0.01427570277
-20.0095158,12.6049995,-8.66607094,0.00000000355,0.01424696369
-20.0095158,12.6049995,-8.72998333,0.00000000355,0.0142544067
-17.5174274,12.6049995,-10.1996241,0.00000000358,0.01438274156
-17.4535313,12.6049995,-10.1357403,0.00000000358,0.01438294765
-17.4535313,12.6049995,-10.1996241,0.00000000358,0.01438323934
-17.4204388,12.5149775,-8.6021595,0.00000000357,0.0143380826
-17.4204388,12.5149775,-8.53824806,0.00000000357,0.01433462961
-17.354372,12.5191689,-8.53824806,0.00000000357,0.01434104946
-17.354372,12.5191689,-8.6021595,0.00000000357,0.01434412602
-17.9864902,12.7108688,-10.1135645,0.00000000358,0.01439174384
-17.9864902,12.6469688,-10.1135635,0.00000000358,0.01439178486
-17.4204388,12.5149755,-6.1739521,0.0000000034,0.01363967572
-17.3896351,12.6049995,-6.1739521,0.00000000338,0.01357099644
-17.3896351,12.6049995,-6.11004019,0.00000000336,0.01350787264
-17.4204388,12.5149755,-6.11004019,0.00000000338,0.01358398959
-18.411478,12.2614498,-7.13246346,0.00000000343,0.01379802262
-17.8407364,12.5761013,-9.17725563,0.00000000357,0.01432724368
-20.0734119,12.6049995,-8.3465395,0.00000000354,0.01422927045
-20.0095158,12.6049995,-8.3465395,0.00000000354,0.01420152598
-17.4537582,12.2639217,-9.04948616,0.00000000357,0.01436042682
-17.5127354,12.271101,-9.04948616,0.00000000357,0.01435748315
-17.8369198,12.2416391,-8.41042423,0.00000000356,0.0143087396
-18.3150311,12.2511892,-7.51587915,0.0000000035,0.01407522399
-18.2203312,12.2416391,-7.51587915,0.00000000351,0.01410846157
-18.2203312,12.2416391,-7.45196772,0.0000000035,0.01407977149
-17.3896351,12.6049995,-5.79056358,0.00000000317,0.01272670685
-17.4204388,12.5149755,-5.79056358,0.00000000325,0.01304969026
-17.6458168,12.2611341,-8.72998333,0.00000000357,0.01433496855
-17.7104721,12.2576962,-8.79389477,0.00000000357,0.01434050712
-17.6458168,12.2611341,-8.79389477,0.00000000357,0.01434045626
-18.0822353,12.5761013,-8.92166328,0.00000000357,0.01435950979
-18.028635,12.5822048,-8.85777855,0.00000000357,0.01435938582
-18.028635,12.5822058,-8.92166328,0.00000000358,0.01436254446
-18.678236,12.271101,-6.87687111,0.00000000337,0.01352912055
-18.6035748,12.2643738,-6.87687111,0.00000000337,0.01351843417
-18.6035748,12.2643738,-6.81298685,0.00000000335,0.0134440406
-17.7085209,12.5854769,-9.56067085,0.00000000358,0.01437751525
-17.6438637,12.5888662,-9.49675941,0.00000000358,0.0143733058
-17.6438637,12.5888662,-9.56067085,0.00000000358,0.01437696576
-18.0286198,12.2416391,-7.77147102,0.00000000355,0.01426773703
-17.4535313,12.6049995,-9.8162632,0.00000000358,0.01438096555
-17.6458168,12.2611351,-8.41042423,0.00000000356,0.01429669111
-17.7104721,12.2576952,-8.41042423,0.00000000356,0.01429563762
-18.6035748,12.2643738,-6.49345541,0.00000000324,0.01300000208
-17.8369198,12.2416391,-8.09094715,0.00000000355,0.0142589444
-17.9008274,12.2416391,-8.15483189,0.00000000356,0.01429075113
-17.8369198,12.2416391,-8.15483189,0.00000000355,0.01427021417
-17.354372,12.2416391,-7.51587915,0.00000000354,0.01423227656
-17.354372,12.5191689,-8.21874428,0.00000000357,0.01432205389
-18.028635,12.5822048,-8.53824806,0.00000000357,0.01432647385
-17.9006729,12.5823336,-8.92166328,0.00000000356,0.01429895149
-17.8407364,12.5761013,-8.85777855,0.00000000356,0.01429244242
-17.8407364,12.5761013,-8.92166328,0.00000000356,0.01429759026
-18.4772358,12.271101,-6.87687111,0.00000000337,0.0135271822
-18.411478,12.2614498,-6.87687111,0.00000000337,0.01353351555
-18.411478,12.2614498,-6.81298685,0.00000000335,0.01345356204
-17.8369198,12.2416391,-7.77147102,0.00000000353,0.0141902098
-17.9008274,12.2416391,-7.77147102,0.00000000354,0.01421822457
-18.8527355,12.271101,-6.23786354,0.0000000033,0.01324557067
-18.7857361,12.271101,-6.23786354,0.00000000329,0.0132063646
-18.7857361,12.271101,-6.1739521,0.00000000327,0.01313627416
-18.2832355,12.5761013,-8.28265572,0.00000000355,0.01424467921
-18.2162361,12.5761013,-8.21874428,0.00000000354,0.01421795521
-18.2162361,12.5761013,-8.28265572,0.00000000354,0.01423073604
-18.0286198,12.2416391,-7.45196772,0.00000000353,0.01417656191
-18.0925274,12.2416391,-7.51587915,0.00000000353,0.01419101796
-18.0286198,12.2416391,-7.51587915,0.00000000353,0.01420000241
-17.6438637,12.5888672,-9.17725563,0.00000000357,0.01434023507
-17.5174274,12.6049995,-9.56067085,0.00000000358,0.01437460813
-17.4535313,12.6049995,-9.49675941,0.00000000358,0.01436887247
-17.4535313,12.6049995,-9.56067085,0.00000000358,0.01437394717
-18.2203312,12.2416391,-7.13246346,0.00000000345,0.01386486254
-17.4204388,12.5149755,-7.96315193,0.00000000356,0.01428954691
-17.4204388,12.5149755,-7.89924002,0.00000000356,0.01428242323
-17.354372,12.5191689,-7.89924002,0.00000000356,0.01429464928
-17.354372,12.5191689,-7.96315193,0.00000000356,0.01430100047
-17.5174274,12.6049995,-9.17725563,0.00000000357,0.01434910531
-17.4535313,12.6049995,-9.17725563,0.00000000357,0.01435417554
-18.0286198,12.2416391,-7.13246346,0.00000000348,0.01398994868
-18.0925274,12.2416391,-7.13246346,0.00000000348,0.0139657375
-18.2162361,12.5761013,-7.89924002,0.00000000352,0.01413436311
-18.7857361,12.271101,-5.85444784,0.00000000317,0.01274775851
-18.2203312,12.2416391,-6.81298685,0.00000000337,0.01352693955
-18.3150311,12.2511892,-6.87687159,0.00000000338,0.01356831947
-18.2203312,12.2416391,-6.87687111,0.00000000338,0.0135981049
-20.1065178,12.5149755,-8.21874428,0.00000000354,0.01423857601
-17.4204388,12.5149755,-7.57976341,0.00000000354,0.01423726564
-17.354372,12.5191689,-7.57976341,0.00000000355,0.01425414445
-17.7085209,12.5854778,-8.92166328,0.00000000356,0.01431574464
-17.6438637,12.5888672,-8.85777855,0.00000000356,0.01431359129
-17.6438637,12.5888672,-8.92166328,0.00000000356,0.01431926545
-18.678236,12.271101,-6.23786354,0.00000000315,0.01266663199
-18.6035748,12.2643738,-6.23786354,0.00000000312,0.01255137947
-18.6035748,12.2643738,-6.1739521,0.00000000309,0.01242409268
-18.0822353,12.5761013,-8.28265572,0.00000000355,0.01426248392
-18.028635,12.5822058,-8.21874428,0.00000000354,0.01424002465
-18.028635,12.5822058,-8.28265572,0.00000000355,0.01426260436
-19.0537357,12.271101,-5.5988555,0.00000000279,0.01122552315
-18.9876461,12.2619915,-5.5988555,0.00000000287,0.01154800705
-18.9876461,12.2619915,-5.53497124,0.00000000284,0.01142328929
-19.4315166,12.6469688,-9.9348774,0.00000000358,0.01439176437
-19.5006256,12.6469688,-9.93344784,0.00000000358,0.01439175365
-20.1065178,12.5149755,-7.89924002,0.00000000353,0.01418554455
-18.4759388,12.6049995,-7.64364767,0.00000000351,0.01408145209
-18.4102535,12.5883722,-7.57976341,0.0000000035,0.01404522091
-18.4102535,12.5883722,-7.64364767,0.0000000035,0.01407238292
-18.411478,12.2614498,-6.49345541,0.00000000323,0.01297534844
-17.8407364,12.5761013,-8.53824806,0.00000000355,0.01425965892
-18.2203312,12.2416391,-6.49345541,0.00000000327,0.01313938729
-18.3150311,12.2511892,-6.49345541,0.00000000325,0.01304387341
-17.7085209,12.5854778,-8.53824806,0.00000000355,0.01427535668
-17.6438637,12.5888672,-8.53824806,0.00000000356,0.01428180063
-18.4102535,12.5883722,-7.26028681,0.00000000345,0.01387214321
-18.9876461,12.2619915,-5.21549463,0.00000000278,0.01117570919
-20.1725159,12.4552689,-6.04615545,0.00000000331,0.01331163453
-17.9006729,12.5823336,-8.28265572,0.00000000353,0.0142004814
-17.8407364,12.5761013,-8.21874428,0.00000000354,0.01421048721
-17.8407364,12.5761013,-8.28265572,0.00000000354,0.01422174894
-19.43153,12.8609858,-10.1392298,0.00000000358,0.01439174384
-19.3957691,12.8621016,-10.1104984,0.00000000358,0.01439174384
-18.411478,12.2614508,-6.1739521,0.00000000306,0.01229856053
-18.4772358,12.271101,-6.23786354,0.00000000311,0.01247892336
-18.411478,12.2614508,-6.23786354,0.0000000031,0.01245166948
-20.1725159,12.4552689,-5.66276741,0.0000000032,0.01285935464
-17.4204388,12.5149755,-9.75235176,0.00000000358,0.0143795098
-17.3896351,12.6049995,-9.75235176,0.00000000358,0.01438073275
-17.4204388,12.5149755,-9.68843937,0.00000000358,0.01437761159
-18.2832355,12.5761013,-7.64364767,0.0000000035,0.01405669407
-18.2162361,12.5761013,-7.57976341,0.00000000349,0.01400527806
-18.2162361,12.5761013,-7.64364767,0.00000000349,0.01403572357
-18.8527355,12.271101,-5.5988555,0.00000000302,0.01214654072
-18.7857361,12.271101,-5.5988555,0.00000000308,0.01235632328
-18.7857361,12.271101,-5.53497124,0.00000000305,0.01225659991
-18.6676273,12.6049995,-7.00469446,0.00000000346,0.0138908435
-18.6037312,12.6049995,-6.94078302,0.00000000342,0.01375128254
-18.6037312,12.6049995,-7.00469446,0.00000000344,0.01380128206
-17.4204388,12.5149765,-9.36896324,0.00000000358,0.01436463177
-20.1065178,12.5149755,-7.57976341,0.00000000351,0.01411724439
-18.6035748,12.2643738,-5.85444784,0.00000000294,0.0117992132
-19.2427158,12.2416391,-4.95990229,0.00000000237,0.00950804075
-19.1788197,12.2416391,-4.95990229,0.0000000025,0.01003380613
-19.1788197,12.2416391,-4.89599085,0.00000000255,0.01024220425
-18.028635,12.5822058,-7.89924002,0.00000000351,0.01410751067
-18.411478,12.2614508,-5.85444784,0.00000000285,0.01146685911
-18.4772358,12.271101,-5.85444784,0.00000000287,0.01151312282
-19.1788197,12.2416391,-4.57648659,0.00000000218,0.00877587714
-17.9006729,12.5823336,-7.89924002,0.00000000352,0.014122774
-17.8407364,12.5761013,-7.89924002,0.00000000352,0.01414034768
-18.6037312,12.6049995,-6.62127876,0.00000000335,0.01344571047
-19.306612,12.3913698,-4.49365044,0.00000000176,0.0070851745
-19.2427158,12.3913698,-4.49365044,0.00000000179,0.00719791821
-19.2427158,12.4552689,-4.49365044,0.00000000171,0.00687114103
-19.306612,12.4552689,-4.49365044,0.00000000168,0.00675312593
-20.1725159,12.4552689,-5.40717506,0.00000000308,0.01235447412
-17.354372,12.3913698,-5.91835976,0.00000000335,0.01345224987
-17.354372,12.4552689,-5.91835976,0.00000000336,0.01349122933
-17.354372,12.4552689,-5.85444784,0.00000000334,0.01343438269
-19.0518169,12.2601109,-4.95990229,0.00000000272,0.01090876692
-18.9876461,12.2619915,-4.95990229,0.00000000275,0.01103921769
-18.9873161,12.2514715,-4.89599085,0.0000000027,0.0108381047
-18.0822353,12.5761013,-7.64364767,0.00000000347,0.01395263106
-18.028635,12.5822058,-7.57976341,0.00000000347,0.01393555067
-18.028635,12.5822058,-7.64364767,0.00000000348,0.01397297535
-18.6035748,12.2643738,-5.53497124,0.00000000295,0.01186123533
-18.678236,12.271101,-5.5988555,0.00000000305,0.01226750042
-18.6035748,12.2643738,-5.5988555,0.00000000294,0.01179605009
-18.4759388,12.6049995,-7.00469446,0.00000000341,0.01369377493
-18.4102535,12.5883722,-6.94078302,0.00000000339,0.01362115291
-18.4102535,12.5883722,-7.00469446,0.0000000034,0.01367855884
-17.4204388,12.5149765,-9.1133709,0.00000000357,0.01435837515
-17.3896351,12.6049995,-9.1133709,0.00000000357,0.01435464026
-17.4204388,12.5149765,-9.04948616,0.00000000357,0.0143564832
-17.5813236,12.3274698,-10.346241,0.00000000358,0.01438575035
-17.6452198,12.3274698,-10.346241,0.00000000358,0.01438595998
-17.6452198,12.3913698,-10.346241,0.00000000358,0.01438448101
-17.5813236,12.3913698,-10.346241,0.00000000358,0.01438464961
-18.2162361,12.5761013,-7.26028681,0.00000000343,0.01379733397
-18.8593273,12.6049995,-6.36563206,0.0000000034,0.01364382093
-18.7954197,12.6049995,-6.3017478,0.00000000337,0.0135570274
-18.7954197,12.6049995,-6.36563206,0.00000000339,0.01361446989
-18.6035748,12.2643738,-5.21549463,0.00000000295,0.01183729531
-18.678236,12.271101,-5.21549463,0.00000000296,0.01188106227
-17.354372,12.3913698,-5.53497124,0.00000000326,0.01310585448
-17.354372,12.3274698,-10.1996241,0.00000000358,0.01438398949
-17.354372,12.2416391,-10.1996241,0.00000000358,0.01438387801
-18.7857361,12.271101,-5.21549463,0.00000000294,0.01180092408
-20.1065178,12.5149755,-7.26028681,0.00000000349,0.0140195263
-18.0822353,12.5761013,-7.26028681,0.00000000337,0.01354780838
-18.028635,12.5822058,-7.26028681,0.00000000342,0.01374150423
-18.7954197,12.6049995,-5.98227119,0.00000000329,0.01321737927
-18.6676273,12.6049995,-6.36563206,0.00000000331,0.01329232498
-18.6037312,12.6049995,-6.3017478,0.00000000324,0.01302126694
-18.6037312,12.6049995,-6.36563206,0.00000000327,0.0131184721
-18.7954464,12.2530594,-4.89599085,0.00000000275,0.01105827656
-18.8527355,12.271101,-4.95990229,0.00000000281,0.01128431887
-18.7857361,12.271101,-4.95990229,0.00000000282,0.0113367045
-19.0507355,12.5761013,-5.72667885,0.00000000284,0.01139920031
-18.9894543,12.5881329,-5.66276741,0.00000000304,0.01221160109
-18.9894543,12.5881329,-5.72667885,0.00000000315,0.01263566551
-18.2832355,12.5761013,-7.00469446,0.00000000339,0.01362843628
-18.2162361,12.5761013,-6.94078302,0.00000000323,0.01296688137
-18.2162361,12.5761013,-7.00469446,0.00000000331,0.0133062084
-20.1725159,12.4552689,-5.02378654,0.00000000258,0.01037123402
-19.2424145,12.5830431,-5.08767128,0.00000000172,0.00691246563
-19.1807346,12.5761013,-5.02378654,0.00000000171,0.00685000955
-19.1807346,12.5761013,-5.08767128,0.00000000174,0.0069950524
-17.354372,12.3913698,-5.27937889,0.00000000315,0.01265364864
-17.354372,12.4552689,-5.27937889,0.00000000305,0.01226515885
-17.354372,12.4552689,-5.21549463,0.00000000297,0.01194203271
-20.1065178,12.5149755,-6.94078302,0.00000000345,0.01387353207
-18.4102535,12.5883722,-6.62127876,0.0000000033,0.01326690957
-18.9871311,12.2416391,-4.57648659,0.00000000232,0.00931935536
-18.9894543,12.5881329,-5.34326315,0.00000000183,0.00733641901
-18.2832355,12.5761013,-6.62127876,0.00000000315,0.01266573818
-18.2162361,12.5761013,-6.62127876,0.0000000025,0.01005658386
-17.4204388,12.5149775,-8.72998333,0.00000000357,0.01434431604
-18.7954197,12.2416391,-4.57648659,0.00000000242,0.00972907075
-18.8593273,12.2416391,-4.57648659,0.00000000239,0.00960654916
-18.4772358,12.271101,-9.8162632,0.00000000358,0.01437912089
-18.411478,12.2614498,-9.8162632,0.00000000358,0.01438073721
-18.411478,12.2614498,-9.75235176,0.00000000358,0.01438075773
-20.1065178,12.5149755,-6.62127876,0.00000000341,0.01369488547
-18.4759388,12.6049995,-6.36563206,0.00000000322,0.01292450866
-18.4102535,12.5883722,-6.3017478,0.00000000318,0.01276230379
-18.4102535,12.5883722,-6.36563206,0.00000000321,0.01288198249
-19.1788197,12.6049995,-4.70430994,0.00000000142,0.00569003948
-18.8593273,12.6049995,-5.72667885,0.00000000323,0.01298092533
-18.7954197,12.6049995,-5.66276741,0.00000000317,0.01271764836
-18.7954197,12.6049995,-5.72667885,0.0000000032,0.0128401352
-20.1725159,12.4552689,-4.76819468,0.0000000021,0.00842060705
-20.1725159,12.5191689,-4.70430994,0.00000000205,0.00823315445
-18.2203312,12.2416391,-10.0718555,0.00000000358,0.01438923014
-18.678236,12.271101,-9.17725563,0.00000000358,0.0143700963
-18.6035748,12.2643738,-9.17725563,0.00000000358,0.01436841217
-18.6035748,12.2643738,-9.1133709,0.00000000358,0.01436568438
-19.0507355,12.5761013,-5.08767128,0.00000000161,0.00647512753
-18.9894543,12.5881329,-5.02378654,0.00000000144,0.00580479205
-18.9894543,12.5881329,-5.08767128,0.00000000151,0.0060736664
-18.6037312,12.6049995,-5.98227119,0.00000000309,0.0123934866
-18.411478,12.2614498,-9.43284798,0.00000000358,0.0143763244
-17.4204388,12.5149775,-8.47433662,0.00000000357,0.01433092859
-17.3896351,12.6049995,-8.47433662,0.00000000357,0.01432409842
-17.3896351,12.6049995,-8.41042423,0.00000000356,0.0143196865
-17.4204388,12.5149765,-8.41042423,0.00000000357,0.01432696091
-18.6676273,12.6049995,-5.72667885,0.00000000299,0.0120114907
-18.6037312,12.6049995,-5.66276741,0.00000000284,0.01141352347
-18.6037312,12.6049995,-5.72667885,0.0000000029,0.01164520064
-18.4759388,12.6049995,-5.98227119,0.00000000301,0.01207533259
-18.4102535,12.5883722,-5.98227119,0.00000000292,0.01173237593
-18.3150311,12.2511892,-9.8162632,0.00000000358,0.01438241065
-18.2203312,12.2416391,-9.8162632,0.00000000358,0.01438261758
-18.2203312,12.2416391,-9.75235176,0.00000000358,0.01438139018
-17.354372,12.3913698,-4.89599085,0.00000000264,0.01059958037
-18.8527355,12.271101,-8.53824806,0.00000000357,0.01433770706
-18.7857361,12.271101,-8.53824806,0.00000000357,0.01434302352
-18.7857361,12.271101,-8.47433662,0.00000000357,0.01433808887
-17.3896351,12.6049995,-8.09094715,0.00000000356,0.01429221407
-17.4204388,12.5149755,-8.09094715,0.00000000356,0.01430226712
-18.4772358,12.271101,-9.17725563,0.00000000358,0.01436782432
-18.411478,12.2614508,-9.17725563,0.00000000358,0.01436782255
-18.411478,12.2614508,-9.1133709,0.00000000358,0.0143649092
-18.6035748,12.2643738,-8.79389477,0.00000000357,0.01434534455
-18.8593273,12.5191689,-10.346241,0.00000000358,0.01438564333
-18.7954197,12.5191689,-10.346241,0.00000000358,0.01438547742
-18.7954197,12.4552689,-10.346241,0.00000000358,0.01438587079
-18.8593273,12.4552689,-10.346241,0.00000000358,0.01438603402
-18.7954197,12.6049995,-5.34326315,0.00000000296,0.01188021305
-17.7730122,12.2416391,-4.49365044,0.00000000261,0.01048553653
-18.6676273,12.6049995,-5.34326315,0.00000000249,0.0100114869
-18.6037312,12.6049995,-5.34326315,0.00000000212,0.00853388824
-18.8593273,12.6049995,-5.08767128,0.00000000172,0.00689040242
-18.7954197,12.6049995,-5.02378654,0.00000000186,0.00747385739
-18.7954197,12.6049995,-5.08767128,0.00000000218,0.00877163202
-17.354372,12.3913698,-4.6403985,0.00000000233,0.00937844811
-17.354372,12.4552689,-4.57648659,0.00000000226,0.00907440672
-18.678236,12.271101,-8.53824806,0.00000000357,0.01432568176
-18.6035748,12.2643738,-8.53824806,0.00000000356,0.01431747875
-18.6035748,12.2643738,-8.47433662,0.00000000356,0.01430836406
-19.0537357,12.271101,-7.89924002,0.00000000354,0.01423635846
-18.9876461,12.2619915,-7.89924002,0.00000000354,0.01423865362
-18.9876461,12.2619915,-7.83535576,0.00000000354,0.01422432777
-17.354372,12.2416391,-9.8162632,0.00000000358,0.01437344227
-18.9871311,12.6049995,-4.70430994,0.00000000145,0.00584401146
-18.4759388,12.6049995,-9.94403172,0.00000000358,0.0143815115
-18.4102535,12.5883722,-9.88014793,0.00000000358,0.01438112881
-18.4116974,12.5972204,-9.94403172,0.00000000358,0.01438160426
-18.0286198,12.2416391,-9.75235176,0.00000000358,0.01438013509
-18.0925274,12.2416391,-9.8162632,0.00000000358,0.01438198426
-18.0286198,12.2416391,-9.8162632,0.00000000358,0.01438197
-18.0286198,12.2416391,-10.0718555,0.00000000358,0.01439159665
-18.7857361,12.271101,-8.15483189,0.00000000356,0.01430218593
-18.2203312,12.6049995,-10.1996241,0.00000000358,0.01438568078
-18.8593273,12.6049995,-4.70430994,0.00000000149,0.00600201581
-18.7954197,12.6049995,-4.70430994,0.00000000151,0.00604751732
-18.2203312,12.2416391,-9.1133709,0.00000000358,0.01436636411
-18.3150311,12.2511892,-9.17725563,0.00000000358,0.01436808392
-18.2203312,12.2416391,-9.17725563,0.00000000358,0.01436840414
-18.2203312,12.2416391,-9.43284798,0.00000000358,0.01437487576
-17.8369198,12.2416391,-10.0718555,0.00000000358,0.01438715709
-17.9008274,12.2416391,-10.0718555,0.00000000358,0.01438943173
-18.8527355,12.271101,-7.89924002,0.00000000355,0.01425622461
-18.7857361,12.271101,-7.89924002,0.00000000355,0.01425442454
-18.7857361,12.271101,-7.83535576,0.00000000354,0.01423909874
-18.2843761,12.5948601,-9.94403172,0.00000000358,0.01438238924
-18.2207088,12.5834627,-9.88014793,0.00000000358,0.01438035275
-18.2204475,12.5944233,-9.94403172,0.00000000358,0.01438047227
-18.6676273,12.6049995,-9.30507851,0.00000000358,0.01436532487
-18.6037312,12.6049995,-9.24116707,0.00000000357,0.01435927968
-18.6037312,12.6049995,-9.30507851,0.00000000358,0.01436201727
-19.2427158,12.2416391,-7.26028681,0.00000000349,0.01401700544
-19.1788197,12.2416391,-7.26028681,0.00000000349,0.01402421742
-19.1788197,12.2416391,-7.19637537,0.00000000348,0.01398449219
-18.0262566,11.9856539,-4.69924259,0.00000000198,0.00795916077
-17.9876289,11.9851017,-4.72729111,0.00000000201,0.00806698277
-18.0262585,12.0718699,-4.69924259,0.00000000199,0.00797764252
-18.0286198,12.2416391,-9.43284798,0.00000000358,0.01437322638
-18.0925274,12.2416391,-9.43284798,0.00000000358,0.01437374823
-18.411478,12.2614508,-8.47433662,0.00000000356,0.01430523756
-18.4772358,12.271101,-8.53824806,0.00000000356,0.01431364215
-18.411478,12.2614508,-8.53824806,0.00000000356,0.01431429689
-18.411478,12.2614508,-8.79389477,0.00000000357,0.01434289685
-17.4204388,12.5149755,-9.91324043,0.00000000358,0.01438247485
-17.4204388,12.5149755,-9.88014793,0.00000000358,0.014381664
-17.354372,12.5191689,-9.88014793,0.00000000358,0.01438126797
-18.2203312,12.2416391,-8.79389477,0.00000000357,0.01435149769
-18.3150311,12.2511892,-8.79389381,0.00000000357,0.01434695372
-18.9876461,12.2619915,-7.51587915,0.00000000352,0.01413776885
-20.1065178,12.5149755,-6.23786354,0.00000000334,0.01340295061
-18.4102535,12.5883722,-9.56067085,0.00000000358,0.01437719142
-20.1725159,12.4552689,-8.3465395,0.00000000355,0.01426819552
-19.0537357,12.271101,-7.26028681,0.00000000349,0.0140367806
-18.9876461,12.2619915,-7.26028681,0.0000000035,0.01404097848
-18.9876461,12.2619915,-7.19637537,0.00000000349,0.01400986035
-18.4759388,12.6049995,-9.30507851,0.00000000357,0.01435884706
-18.4102535,12.5883722,-9.24116707,0.00000000357,0.01435414164
-18.4102535,12.5883722,-9.30507851,0.00000000357,0.01435826632
-18.6035748,12.2643738,-8.15483189,0.00000000355,0.01424597889
-19.4344273,12.2416391,-6.62127876,0.0000000033,0.01325083715
-19.3705196,12.2416391,-6.62127876,0.00000000331,0.01328962752
-19.3705196,12.2416391,-6.55736732,0.00000000328,0.01318199999
-18.6035748,12.2643738,-7.83535576,0.00000000352,0.01414951496
-18.678236,12.271101,-7.89924002,0.00000000353,0.0141846677
-18.6035748,12.2643738,-7.89924002,0.00000000353,0.01417188505
-18.09622,12.5816832,-9.93514919,0.00000000358,0.01438549345
-18.028635,12.5822058,-9.88014793,0.00000000358,0.01437653848
-18.0264454,12.5822296,-9.93339634,0.00000000358,0.01438568166
-17.4535313,12.3274698,-4.49365044,0.0000000026,0.01043061843
-17.5174274,12.3274698,-4.49365044,0.00000000268,0.01076780103
-18.0286198,12.6049995,-10.1996241,0.00000000358,0.01438652373
-19.1788197,12.2416391,-6.87687111,0.00000000341,0.01371229235
-18.411478,12.2614508,-8.15483189,0.00000000355,0.01424666665
-18.4772358,12.271101,-8.15483189,0.00000000355,0.0142433635
-20.1065178,12.5149755,-9.88014793,0.00000000358,0.01437493285
-17.9008274,12.6049995,-10.1996241,0.00000000358,0.01438495557
-17.8369198,12.6049995,-10.1996241,0.00000000358,0.01438380932
-18.8593273,12.6049995,-8.66607094,0.00000000357,0.01434267473
-18.7954197,12.6049995,-8.6021595,0.00000000357,0.01434421167
-18.7954197,12.6049995,-8.66607094,0.00000000357,0.01434758082
-18.6037312,12.6049995,-8.92166328,0.00000000357,0.01434252931
-20.1725159,12.4552689,-7.96315193,0.00000000354,0.0142137047
-17.354372,12.3913698,-8.21874428,0.00000000356,0.01431291783
-17.354372,12.4552689,-8.21874428,0.00000000356,0.01431821376
-17.354372,12.4552689,-8.15483189,0.00000000356,0.01431302397
-18.6676273,12.6049995,-8.66607094,0.00000000357,0.0143349998
-18.6037312,12.6049995,-8.6021595,0.00000000356,0.01431779628
-18.6037312,12.6049995,-8.66607094,0.00000000357,0.01432356054
-18.7857361,12.271101,-7.19637537,0.00000000348,0.01397553634
-18.8527355,12.271101,-7.26028681,0.0000000035,0.014064014
-18.7857361,12.271101,-7.26028681,0.00000000349,0.01401129384
-19.2427158,12.2416391,-6.62127876,0.00000000333,0.01338084727
-19.1788197,12.2416391,-6.62127876,0.00000000334,0.01343431492
-19.1788197,12.2416391,-6.55736732,0.00000000332,0.01334791834
-19.6261158,12.2416391,-5.98227119,0.00000000309,0.01241286039
-19.5622196,12.2416391,-5.98227119,0.00000000313,0.01255438557
-19.5622196,12.2416391,-5.91835976,0.00000000311,0.0124838143
-18.2832355,12.5761013,-9.30507851,0.00000000357,0.01435983985
-18.2162361,12.5761013,-9.24116707,0.00000000357,0.01435878101
-18.2162361,12.5761013,-9.30507851,0.00000000358,0.01436613038
-18.2162361,12.5761013,-9.56067085,0.00000000358,0.0143777632
-18.6035748,12.2643738,-7.51587915,0.00000000349,0.01401072917
-18.678236,12.271101,-7.51587915,0.00000000349,0.01401878591
-18.7857361,12.271101,-7.51587915,0.00000000352,0.01413435154
-19.3705196,12.2416391,-6.23786354,0.00000000312,0.01253492079
-20.1725159,12.4552689,-7.70755959,0.00000000353,0.01416465078
-19.0507355,12.5761013,-8.02706337,0.00000000355,0.01426232428
-18.9894543,12.5881329,-7.96315193,0.00000000355,0.01426208075
-18.9894543,12.5881329,-8.02706337,0.00000000355,0.01427116507
-17.354372,12.3913698,-7.83535576,0.00000000355,0.01426759076
-18.0822353,12.5761013,-9.56067085,0.00000000358,0.01437310064
-18.028635,12.5822058,-9.56067085,0.00000000358,0.01437326386
-18.7954197,12.6049995,-8.28265572,0.00000000357,0.01432243389
-18.156435,12.3274698,-4.49365044,0.00000000231,0.00927873455
-18.156435,12.3913698,-4.49365044,0.00000000209,0.00839264672
-18.2203312,12.3274698,-4.49365044,0.00000000233,0.00936991505
-19.4344273,12.2416391,-5.98227119,0.00000000306,0.0123058492
-19.3705196,12.2416391,-5.98227119,0.00000000299,0.01199314277
-19.3705196,12.2416391,-5.91835976,0.00000000295,0.01185385121
-19.8172359,12.271101,-5.34326315,0.0000000028,0.01126589509
-19.7542362,12.271101,-5.34326315,0.00000000278,0.01118337613
-19.7542362,12.271101,-5.27937889,0.00000000276,0.01106781408
-18.9876461,12.2619915,-6.87687111,0.00000000344,0.01379964874
-20.1065178,12.5149755,-9.56067085,0.00000000357,0.01435631548
-18.9876461,12.2619915,-6.55736732,0.00000000336,0.01351071464
-19.0537357,12.271101,-6.62127876,0.00000000337,0.01353423184
-18.9876461,12.2619915,-6.62127876,0.00000000338,0.01357524602
-18.2832355,12.5761013,-8.92166328,0.00000000357,0.01432477545
-18.2162361,12.5761013,-8.92166328,0.00000000356,0.0143187802
-18.4759388,12.6049995,-8.66607094,0.00000000356,0.01431038717
-18.4102535,12.5883722,-8.6021595,0.00000000356,0.01430075067
-18.4102535,12.5883722,-8.66607094,0.00000000356,0.01430817854
-18.4102535,12.5883722,-8.92166328,0.00000000357,0.01433222293
-18.8593273,12.6049995,-8.02706337,0.00000000356,0.01429122927
-18.7954197,12.6049995,-7.96315193,0.00000000356,0.01428898762
-18.7954197,12.6049995,-8.02706337,0.00000000356,0.01429691142
-19.247736,12.5761013,-7.3880558,0.0000000035,0.01405571108
-19.1807346,12.5761013,-7.32417107,0.0000000035,0.01404768825
-19.1807346,12.5761013,-7.3880558,0.0000000035,0.01407370666
-18.7857361,12.271101,-6.87687111,0.00000000343,0.01377121116
-18.8527355,12.271101,-6.87687111,0.00000000345,0.01385556948
-17.354372,12.3913698,-7.57976341,0.00000000354,0.01422247149
-17.354372,12.4552689,-7.57976341,0.00000000355,0.01424251605
-17.354372,12.4552689,-7.51587915,0.00000000354,0.01423114726
-19.5622196,12.2416391,-5.5988555,0.000000003,0.0120716985
-18.9894543,12.5881329,-7.64364767,0.00000000354,0.01420482643
-19.9456196,12.2416391,-4.70430994,0.00000000279,0.01120068041
-19.9456196,12.2416391,-4.6403985,0.00000000278,0.01115594203
-20.0095158,12.2416391,-4.70430994,0.00000000284,0.01139312744
-19.6261158,12.2416391,-5.34326315,0.00000000283,0.01136668706
-19.5622196,12.2416391,-5.34326315,0.00000000289,0.01161841686
-19.5622196,12.2416391,-5.27937889,0.00000000286,0.0114809334
-20.1725159,12.4552689,-7.32417107,0.0000000035,0.01406609773
-19.4344749,12.5822334,-6.74910259,0.00000000303,0.01215618168
-19.3817348,12.5761013,-6.68519068,0.00000000326,0.01310022942
-19.3817348,12.5761013,-6.74910259,0.00000000333,0.01339502235
-20.1065178,12.5149755,-9.24116707,0.00000000357,0.01433220063
-19.1788197,12.2416391,-6.23786354,0.00000000316,0.01270193811
-18.0953693,11.9856539,-4.70067215,0.00000000197,0.00791421188
-18.0953655,12.0718699,-4.70067167,0.00000000196,0.00788862072
-18.1323318,12.0718699,-4.72842026,0.00000000197,0.00791337163
-18.1308918,11.9851017,-4.72975397,0.00000000199,0.007977085
-18.6676273,12.6049995,-8.02706337,0.00000000355,0.01426523401
-18.6037312,12.6049995,-7.96315193,0.00000000354,0.01422534113
-18.6037312,12.6049995,-8.02706337,0.00000000354,0.01423843773
-19.0507355,12.5761013,-7.3880558,0.00000000351,0.01412064563
-18.9894543,12.5881338,-7.32417107,0.00000000351,0.01412076427
-18.9894543,12.5881338,-7.3880558,0.00000000352,0.01414023973
-18.9876461,12.2619915,-6.23786354,0.00000000326,0.01308106437
-19.0537357,12.271101,-6.23786354,0.00000000323,0.01297017295
-18.6037312,12.6049995,-8.28265572,0.00000000355,0.01428096479
-19.1788197,12.2416391,-5.91835976,0.00000000293,0.01179059717
-19.2427158,12.2416391,-5.98227119,0.00000000296,0.0118819846
-19.1788197,12.2416391,-5.98227119,0.00000000298,0.01197788209
-18.4759388,12.6049995,-8.28265572,0.00000000355,0.0142562835
-18.4102535,12.5883722,-8.28265572,0.00000000355,0.01425254593
-19.6232357,12.5761013,-6.11004019,0.00000000212,0.00853467142
-19.5562363,12.5761013,-6.04615545,0.0000000022,0.00883199412
-19.5562363,12.5761013,-6.11004019,0.00000000222,0.00891396716
-19.7542362,12.271101,-4.95990229,0.00000000273,0.01096159413
-20.1065178,12.5149755,-8.92166328,0.00000000356,0.01431135948
-19.1807346,12.5761013,-7.00469446,0.00000000346,0.01389517069
-20.1725159,12.4552689,-7.0685792,0.00000000348,0.01396887116
-17.354372,12.3913698,-7.19637537,0.00000000352,0.01412309872
-19.7539082,12.2416391,-4.70430994,0.00000000249,0.01000428741
-19.7539082,12.2416391,-4.6403985,0.00000000249,0.00999243336
-19.8178043,12.2416391,-4.70430994,0.00000000258,0.01038370802
-19.8154697,12.5880909,-5.47108698,0.00000000168,0.00673119786
-19.7532349,12.5761013,-5.40717506,0.00000000172,0.00689826379
-19.7532349,12.5761013,-5.47108698,0.00000000174,0.00699142188
-19.3705196,12.2416391,-5.27937889,0.00000000275,0.0110338834
-19.4344273,12.2416391,-5.34326315,0.00000000288,0.01157744727
-19.3705196,12.2416391,-5.34326315,0.00000000275,0.01105877881
-19.247736,12.5761013,-6.74910259,0.00000000341,0.01368531144
-19.1807346,12.5761013,-6.68519068,0.0000000034,0.01367502735
-19.1807346,12.5761013,-6.74910259,0.00000000342,0.01372734252
-19.3817348,12.5761013,-6.36563206,0.00000000242,0.0097397286
-19.3705196,12.2416391,-5.5988555,0.0000000028,0.01124912242
-19.1788197,12.2416391,-5.5988555,0.0000000027,0.01082962338
-19.2427158,12.2416391,-5.5988555,0.00000000267,0.01073803167
-20.1725159,12.4552689,-6.68519068,0.00000000343,0.01377959346
-18.8593273,12.6049995,-7.3880558,0.00000000353,0.01417216783
-18.7954197,12.6049995,-7.32417107,0.00000000352,0.01415438272
-18.7954197,12.6049995,-7.3880558,0.00000000353,0.01417374132
-18.6676273,12.6049995,-7.64364767,0.00000000353,0.01418168566
-18.6037312,12.6049995,-7.64364767,0.00000000352,0.01413895793
-18.7954197,12.6049995,-7.64364767,0.00000000354,0.0142365547
-17.5813236,12.3274698,-4.49365044,0.00000000267,0.01072288159
-17.6452198,12.3274698,-4.49365044,0.00000000262,0.0105066783
-17.5813236,12.2416391,-4.49365044,0.00000000273,0.01098575896
-19.5562363,12.5761013,-5.72667885,0.00000000202,0.00810153248
-17.4537582,12.2639217,-5.53497124,0.0000000032,0.01283648773
-17.389719,12.2520218,-5.53497124,0.00000000321,0.01290848799
-17.389719,12.2520218,-5.47108698,0.0000000032,0.01284739888
-20.0095158,12.6049995,-4.83207893,0.00000000142,0.00569192745
-19.9456196,12.6049995,-4.76819468,0.00000000182,0.00731457699
-19.9456196,12.6049995,-4.83207893,0.00000000141,0.00567551694
-19.4344749,12.5822334,-6.11004019,0.00000000217,0.00870095819
-19.3817348,12.5761013,-6.04615545,0.00000000198,0.00795782454
-19.3817348,12.5761013,-6.11004019,0.00000000198,0.00793904571
-18.6676273,12.4552689,-4.49365044,0.00000000208,0.00836689945
-18.7315235,12.4552689,-4.49365044,0.00000000207,0.00832671126
-18.7315235,12.3913698,-4.49365044,0.00000000222,0.00889853611
-18.6676273,12.3913698,-4.49365044,0.00000000223,0.00897395461
-17.354372,12.3913698,-6.94078302,0.00000000349,0.0140345363
-17.354372,12.4552689,-6.87687111,0.0000000035,0.01406094189
-19.7532349,12.5761013,-5.08767128,0.00000000154,0.00618397584
-19.5622196,12.2416391,-4.6403985,0.00000000208,0.00836977889
-19.6261158,12.2416391,-4.70430994,0.00000000208,0.00834809567
-19.5411625,12.2416391,-4.72703791,0.00000000192,0.00770394319
-19.6232357,12.5761013,-5.47108698,0.00000000186,0.00746623151
-19.5562363,12.5761013,-5.40717506,0.00000000179,0.00720392822
-19.5562363,12.5761013,-5.47108698,0.00000000184,0.00738719499
-19.0510273,12.2416391,-10.1996241,0.00000000358,0.01438522586
-18.9871311,12.2416391,-10.1996241,0.00000000358,0.01438453898
-18.9871311,12.2416391,-10.1357403,0.00000000358,0.01438320989
-19.5622196,12.2416391,-4.95990229,0.00000000255,0.01025377998
-19.0507355,12.5761013,-6.74910259,0.00000000344,0.01382269675
-18.9894543,12.5881338,-6.68519068,0.00000000344,0.01382123297
-18.9894543,12.5881338,-6.74910259,0.00000000345,0.01386185731
-19.3705196,12.2416391,-4.95990229,0.00000000253,0.01018156295
-19.4344273,12.2416391,-4.95990229,0.00000000258,0.01035808387
-18.9894543,12.5881338,-7.00469446,0.00000000348,0.01399823911
-17.354372,12.4552689,-6.55736732,0.00000000347,0.01392437454
-17.354372,12.3913698,-6.55736732,0.00000000345,0.01386220698
-17.6454659,12.2509098,-4.89599085,0.00000000291,0.01169898674
-17.5814915,12.2517366,-4.89599085,0.00000000294,0.01180014895
-17.5813236,12.2416391,-4.83207893,0.00000000287,0.01152290652
-18.8593273,12.6049995,-7.00469446,0.00000000349,0.01403974569
-18.7954197,12.6049995,-7.00469446,0.00000000349,0.01403143297
-19.4344273,12.4552689,-4.49365044,0.00000000178,0.00715737771
-19.3705196,12.4552689,-4.49365044,0.00000000166,0.00664963201
-19.3705196,12.5191689,-4.49365044,0.00000000158,0.00633863598
-19.8178043,12.6049995,-4.83207893,0.00000000137,0.00549703405
-19.7539082,12.6049995,-4.76819468,0.00000000158,0.00636550855
-19.7539082,12.6049995,-4.83207893,0.00000000132,0.00532065365
-17.3896351,12.2416391,-4.49365044,0.00000000245,0.00985427645
-17.3896351,12.3274698,-4.49365044,0.00000000245,0.00982319134
-17.389719,12.2520218,-5.15158319,0.00000000311,0.01249465145
-19.2427158,12.6049995,-10.346241,0.00000000358,0.01438583331
-18.2842274,12.3274698,-4.49365044,0.00000000238,0.00954573572
-19.247736,12.5761013,-6.11004019,0.0000000025,0.01004049626
-19.1807346,12.5761013,-6.04615545,0.00000000292,0.01174993358
-19.1807346,12.5761013,-6.11004019,0.00000000313,0.01258417457
-18.8593273,12.2416391,-10.1996241,0.00000000358,0.01438376296
-18.7954197,12.2416391,-10.1996241,0.00000000358,0.01438437399
-18.7954197,12.2416391,-10.1357403,0.00000000358,0.01438269074
-19.1807346,12.5761013,-6.36563206,0.00000000332,0.0133442575
-19.2427158,12.2416391,-9.56067085,0.00000000358,0.0143777534
-19.1788197,12.2416391,-9.56067085,0.00000000358,0.01437862403
-19.1788197,12.2416391,-9.49675941,0.00000000358,0.01437719499
-17.709116,12.3913698,-10.346241,0.00000000358,0.01438444533
-17.7730122,12.3913698,-10.346241,0.00000000358,0.01438460856
-17.709116,12.4552689,-10.346241,0.00000000358,0.01438356402
-18.9876461,12.2619915,-9.8162632,0.00000000358,0.01438005571
-17.4535942,12.2526989,-4.89599085,0.00000000301,0.01210074623
-17.3896561,12.2468119,-4.89599085,0.00000000299,0.01202639456
-17.3896351,12.2416391,-4.83207893,0.00000000295,0.01184807714
-19.0507355,12.5761013,-6.36563206,0.00000000336,0.01350509311
-18.9894543,12.5881329,-6.36563206,0.00000000338,0.01356921416
-19.4344749,12.5822334,-5.47108698,0.00000000193,0.00777149316
-19.3817348,12.5761013,-5.40717506,0.00000000191,0.00767813348
-19.3817348,12.5761013,-5.47108698,0.00000000194,0.00778792954
-19.3817348,12.5761013,-5.72667885,0.000000002,0.00802199644
-19.5622196,12.6049995,-4.76819468,0.00000000169,0.0067888045
-19.5622196,12.6049995,-4.83207893,0.00000000154,0.0062022292
-19.6261158,12.6049995,-4.83207893,0.00000000157,0.00629582884
-19.5562363,12.5761013,-5.08767128,0.00000000149,0.00597017742
-19.4344273,12.2416391,-8.92166328,0.00000000357,0.01435459298
-19.3705196,12.2416391,-8.92166328,0.00000000357,0.01435771237
-19.3705196,12.2416391,-8.85777855,0.00000000357,0.01435575707
-20.1065178,12.5149755,-8.53824806,0.00000000355,0.01427742169
-19.0537357,12.271101,-9.56067085,0.00000000358,0.01437923237
-18.9876461,12.2619915,-9.56067085,0.00000000358,0.01437895405
-18.9876461,12.2619915,-9.49675941,0.00000000358,0.0143780228
-19.247736,12.5761013,-5.72667885,0.00000000171,0.00685462261
-19.1807346,12.5761013,-5.72667885,0.00000000165,0.00663500466
-19.1788197,12.2416391,-9.17725563,0.00000000358,0.01436802326
-19.4344769,12.5822353,-5.08767128,0.0000000016,0.00642765465
-19.3817348,12.5761013,-5.08767128,0.00000000167,0.00669496893
-17.4535313,12.6049995,-5.66276741,0.00000000291,0.0116789609
-17.3896351,12.6049995,-5.5988555,0.00000000227,0.00911941269
-17.3896351,12.6049995,-5.66276741,0.00000000265,0.01063780699
-18.6037312,12.2416391,-10.1357403,0.00000000358,0.01438112881
-18.6676273,12.2416391,-10.1996241,0.00000000358,0.01438233481
-18.6037312,12.2416391,-10.1996241,0.00000000358,0.0143828397
-20.1725159,12.5191689,-10.346241,0.00000000358,0.01437941792
-20.1725159,12.4552689,-10.346241,0.00000000358,0.01438013509
-20.1725159,12.4552689,-10.2635365,0.00000000358,0.01437991655
-19.881712,12.5191689,-4.49365044,0.00000000224,0.009011208
-19.881712,12.6049995,-4.49365044,0.00000000224,0.0090003459
-19.9456196,12.5191689,-4.49365044,0.00000000231,0.00927545017
-19.2427158,12.2416391,-8.92166328,0.00000000357,0.01435839656
-19.1788197,12.2416391,-8.92166328,0.00000000357,0.01435788279
-19.1788197,12.2416391,-8.85777855,0.00000000357,0.01435447792
-18.6035748,12.2643738,-9.8162632,0.00000000358,0.01437625747
-18.678236,12.271101,-9.8162632,0.00000000358,0.01437547519
-18.7857361,12.271101,-9.49675941,0.00000000358,0.01437726011
-18.8527355,12.271101,-9.56067085,0.00000000358,0.01437820297
-18.7857361,12.271101,-9.56067085,0.00000000358,0.01437767313
-18.7857361,12.271101,-9.8162632,0.00000000358,0.01437720126
-19.3705196,12.2416391,-8.53824806,0.00000000357,0.01434089334
-19.6261158,12.2416391,-8.28265572,0.00000000356,0.01428316896
-19.5622196,12.2416391,-8.28265572,0.00000000356,0.01430123773
-19.5622196,12.2416391,-8.21874428,0.00000000356,0.01429482323
-18.9871311,12.6049995,-10.2635365,0.00000000358,0.01438493239
-18.9871311,12.6049995,-10.346241,0.00000000358,0.01438510277
-19.0510273,12.6049995,-10.346241,0.00000000358,0.01438504656
-17.3896351,12.6049995,-5.27937889,9.49E-10,0.00381269597
-20.1725159,12.4552689,-10.0079441,0.00000000358,0.01437542256
-20.1725159,12.5191689,-10.0079441,0.00000000358,0.01437740285
-18.2203312,12.5191689,-10.346241,0.00000000358,0.01438591808
-18.2203312,12.4552689,-10.346241,0.00000000358,0.01438592519
-18.2842274,12.4552689,-10.346241,0.00000000358,0.01438510277
-18.2842274,12.5191689,-10.346241,0.00000000358,0.0143850546
-17.6438637,12.5888662,-5.02378654,0.00000000136,0.0054748455
-17.6121159,12.5962973,-4.95990229,0.00000000128,0.00513429733
-17.6121159,12.5962973,-5.02378702,0.00000000134,0.00537608287
-20.1709862,12.2411013,-4.49365044,0.00000000231,0.00926930056
-20.1725159,12.3274698,-4.57648659,0.00000000225,0.00905797572
-20.1725159,12.2416391,-4.57648659,0.00000000226,0.00907605787
-18.7857361,12.271101,-9.17725563,0.00000000358,0.01437176437
-18.8527355,12.271101,-9.17725563,0.00000000358,0.01437021228
-19.4344273,12.2416391,-8.28265572,0.00000000357,0.01432366041
-19.3705196,12.2416391,-8.28265572,0.00000000356,0.01431940549
-19.3705196,12.2416391,-8.21874428,0.00000000356,0.01431250662
-18.9876461,12.2619915,-8.85777855,0.00000000357,0.01435416574
-19.0537357,12.271101,-8.92166328,0.00000000357,0.01435764729
-18.9876461,12.2619915,-8.92166328,0.00000000357,0.01435743944
-18.9876461,12.2619915,-9.17725563,0.00000000358,0.01436886532
-18.7954197,12.6049995,-10.2635365,0.00000000358,0.01438514201
-18.7954197,12.6049995,-10.346241,0.00000000358,0.01438519376
-18.8593273,12.6049995,-10.346241,0.00000000358,0.01438537839
-19.5622196,12.2416391,-7.89924002,0.00000000354,0.0142273767
-18.7954197,12.4552689,-4.49365044,0.00000000206,0.00826479707
-18.8593273,12.4552689,-4.49365044,0.00000000204,0.00818407373
-17.4535313,12.6049995,-5.02378654,5.62E-10,0.00225928364
-17.3896351,12.6049995,-4.95990229,1.79E-10,0.00071736404
-17.3896351,12.6049995,-5.02378654,1.85E-10,0.00074475346
-18.9875526,12.5972719,-9.94403172,0.00000000358,0.01438308588
-19.8172359,12.271101,-7.64364767,0.00000000348,0.01398951783
-19.7542362,12.271101,-7.64364767,0.00000000349,0.01400838138
-19.7542362,12.271101,-7.57976341,0.00000000348,0.013979248
-17.354372,12.3913698,-10.1357403,0.00000000358,0.01438326786
-19.247736,12.5761013,-9.68843937,0.00000000358,0.01438124656
-19.1807346,12.5761013,-9.62455559,0.00000000358,0.01438056326
-19.1807346,12.5761013,-9.68843937,0.00000000358,0.01438122157
-19.5432549,12.6469688,-9.96283722,0.00000000358,0.01439175991
-19.5432549,12.7108688,-9.96283722,0.00000000358,0.01439174384
-18.9876461,12.2619915,-8.53824806,0.00000000357,0.01433199458
-19.0537357,12.271101,-8.53824806,0.00000000357,0.01433098303
-17.5813236,12.6049995,-4.6403985,0.00000000197,0.00790565029
-19.4983234,12.4552689,-4.49365044,0.00000000203,0.0081746986
-19.1788197,12.2416391,-8.53824806,0.00000000357,0.01433021411
-18.6037312,12.6049995,-10.2635365,0.00000000358,0.01438390119
-18.6037312,12.6049995,-10.346241,0.00000000358,0.01438408852
-18.6676273,12.606101,-10.3467865,0.00000000358,0.01438434185
-19.1788197,12.2416391,-8.21874428,0.00000000356,0.01429226224
-19.2427158,12.2416391,-8.28265572,0.00000000356,0.01430360336
-19.1788197,12.2416391,-8.28265572,0.00000000356,0.01430135014
-18.9232349,12.5191689,-10.346241,0.00000000358,0.01438548365
-18.9871311,12.5191689,-10.346241,0.00000000358,0.01438533288
-18.9232349,12.6049995,-10.346241,0.00000000358,0.01438523032
-19.6261158,12.2416391,-7.64364767,0.0000000035,0.01406106855
-19.5622196,12.2416391,-7.64364767,0.00000000351,0.01410821892
-19.5622196,12.2416391,-7.57976341,0.00000000351,0.01408147885
-20.0182362,12.271101,-7.00469446,0.00000000342,0.01373575427
-19.9454098,12.2640858,-7.00469446,0.00000000342,0.01372510621
-19.9454098,12.2640858,-6.94078302,0.00000000341,0.01368625253
-19.0507355,12.5761013,-9.68843937,0.00000000358,0.01438091473
-18.9894543,12.5881338,-9.62455559,0.00000000358,0.01437962486
-18.9894543,12.5881338,-9.68843937,0.00000000358,0.01438058644
-20.1725159,12.4552689,-9.62455559,0.00000000357,0.01435536012
-17.354372,12.3913698,-9.88014793,0.00000000358,0.01437455996
-17.354372,12.4552689,-9.88014793,0.00000000358,0.01437834036
-17.354372,12.4552689,-9.8162632,0.00000000358,0.01437603893
-18.6037312,12.4552689,-4.49365044,0.00000000208,0.00837555026
-19.7542362,12.271101,-7.26028681,0.00000000345,0.01387378183
-19.4344749,12.5822334,-9.04948616,0.00000000357,0.01436183083
-19.3817348,12.5761013,-8.98557568,0.00000000358,0.01436225903
-19.3817348,12.5761013,-9.04948616,0.00000000358,0.01436577803
-17.8369198,12.3913698,-10.346241,0.00000000358,0.01438499659
-19.1788197,12.2416391,-7.89924002,0.00000000354,0.01423554226
-19.2427158,12.2416391,-7.89924002,0.00000000354,0.01424032884
-19.1807346,12.5761013,-9.30507851,0.00000000358,0.01436594752
-19.3705196,12.2416391,-7.89924002,0.00000000355,0.01426733742
-20.1725159,12.3913698,-7.96315193,0.00000000354,0.01420874687
-18.6676273,12.6049995,-9.94403172,0.00000000358,0.01438243026
-18.6037312,12.6049995,-9.94403172,0.00000000358,0.01438173984
-18.7954197,12.6049995,-9.94403172,0.00000000358,0.0143837683
-19.3705196,12.2416391,-7.57976341,0.00000000353,0.01418243942
-19.4344273,12.2416391,-7.64364767,0.00000000354,0.01420201657
-19.3705196,12.2416391,-7.64364767,0.00000000354,0.01420384167
-19.8172359,12.271101,-7.00469446,0.00000000342,0.01374744329
-19.7542362,12.271101,-7.00469446,0.00000000343,0.01376173792
-19.7542362,12.271101,-6.94078302,0.00000000341,0.01371657941
-20.1725159,12.4552689,-9.36896324,0.00000000357,0.01434553188
-20.1725159,12.2416391,-6.36563206,0.00000000336,0.0135114889
-20.1373196,12.2539244,-6.36563206,0.00000000334,0.01343729961
-20.1373196,12.2539244,-6.3017478,0.00000000333,0.01337643888
-17.3896351,12.6049995,-4.6403985,0.00000000209,0.00840424029
-18.8593273,12.6049995,-9.68843937,0.00000000358,0.0143794732
-18.7954197,12.6049995,-9.62455559,0.00000000358,0.01437689349
-18.7954197,12.6049995,-9.68843937,0.00000000358,0.01437899868
-19.247736,12.5761013,-9.04948616,0.00000000357,0.01434380311
-19.1807346,12.5761013,-8.98557568,0.00000000357,0.01434290396
-19.1807346,12.5761013,-9.04948616,0.00000000357,0.01434538645
-19.6232357,12.5761013,-8.41042423,0.00000000349,0.01403404747
-19.5562363,12.5761013,-8.3465395,0.00000000351,0.01409704014
-19.5562363,12.5761013,-8.41042423,0.00000000351,0.01411114118
-19.9454098,12.2640858,-6.62127876,0.00000000333,0.01336630821
-19.3705196,12.2416391,-7.26028681,0.00000000349,0.01401655498
-19.4344273,12.2416391,-7.26028681,0.00000000349,0.01401289767
-19.3817348,12.5761013,-8.66607094,0.00000000357,0.01432540967
-20.1725159,12.4552689,-8.98557568,0.00000000357,0.01432367917
-18.8593273,12.6049995,-9.30507851,0.00000000358,0.01436615537
-18.7954197,12.6049995,-9.30507851,0.00000000358,0.01436838718
-19.8154697,12.5880909,-7.77147102,0.00000000348,0.01397836134
-19.7532349,12.5761013,-7.70755959,0.00000000347,0.01394138001
-19.7532349,12.5761013,-7.77147102,0.00000000348,0.01396046206
-17.354372,12.3913698,-9.49675941,0.00000000358,0.01437098119
-19.5622196,12.2416391,-7.26028681,0.00000000347,0.01395215915
-17.354372,12.3274698,-7.83535576,0.00000000355,0.0142756207
-20.0182362,12.271101,-6.36563206,0.00000000325,0.01305114066
-19.9454098,12.2640848,-6.36563206,0.00000000323,0.01295744293
-19.9454098,12.2640848,-6.3017478,0.0000000032,0.01285389995
-20.0734119,12.6049995,-4.49365044,0.00000000224,0.00900413161
-18.9894543,12.5881338,-9.30507851,0.00000000358,0.01436341152
-19.5622196,12.2416391,-6.94078302,0.0000000034,0.0136774581
-19.6261158,12.2416391,-7.00469446,0.00000000342,0.01375596924
-19.5622196,12.2416391,-7.00469446,0.00000000342,0.0137481703
-20.1373196,12.2539244,-5.98227119,0.00000000326,0.01307877812
-19.0507355,12.5761013,-9.04948616,0.00000000357,0.01435172872
-18.9894543,12.5881329,-8.98557568,0.00000000357,0.01435041298
-18.9894543,12.5881329,-9.04948616,0.00000000357,0.01435326655
-19.4344749,12.5822334,-8.41042423,0.00000000356,0.01430175865
-19.3817348,12.5761013,-8.3465395,0.00000000355,0.01427398654
-19.3817348,12.5761013,-8.41042423,0.00000000356,0.01428422334
-19.5562363,12.5761013,-8.02706337,0.00000000347,0.01393132338
-17.4537582,12.2639217,-7.83535576,0.00000000354,0.01421519171
-17.389719,12.2520218,-7.83535576,0.00000000355,0.01426235103
-17.389719,12.2520218,-7.77147102,0.00000000355,0.0142508297
-20.0095158,12.6049995,-7.13246346,0.00000000345,0.01385589327
-19.9456196,12.6049995,-7.0685792,0.00000000342,0.01374724346
-19.9456196,12.6049995,-7.13246346,0.00000000343,0.01378751461
-17.354372,12.3913698,-9.24116707,0.00000000358,0.0143662865
-17.354372,12.4552689,-9.17725563,0.00000000358,0.01436387089
-19.5622196,12.2416391,-6.62127876,0.0000000033,0.01324222647
-19.6261158,12.2416391,-6.62127876,0.0000000033,0.01324680342
-20.1725159,12.2416391,-5.72667885,0.0000000032,0.01285776058
-20.1373196,12.2539244,-5.72667885,0.0000000032,0.01284763618
-20.1373196,12.2539244,-5.66276741,0.00000000318,0.01278877627
-17.354372,12.5191689,-4.57648659,0.00000000217,0.00870808006
-17.354372,12.6049995,-4.57648659,0.00000000209,0.00838258471
-17.3549862,12.6049995,-4.49278641,0.00000000211,0.00847078228
-18.348135,12.5191689,-10.346241,0.00000000358,0.01438443465
-18.4120426,12.5191689,-10.346241,0.00000000358,0.01438412331
-19.0507355,12.5761013,-8.66607094,0.00000000357,0.01432940772
-18.9894543,12.5881329,-8.66607094,0.00000000357,0.01433226394
-19.6232357,12.5761013,-7.77147102,0.00000000346,0.01388655379
-19.5562363,12.5761013,-7.70755959,0.00000000343,0.01376805786
-19.5562363,12.5761013,-7.77147102,0.00000000343,0.01378943066
-19.7532349,12.5761013,-7.3880558,0.00000000344,0.01382503474
-19.7542362,12.271101,-6.62127876,0.00000000331,0.01330535561
-17.354372,12.4552689,-8.85777855,0.00000000357,0.01435364389
-17.354372,12.3913698,-8.85777855,0.00000000357,0.0143530284
-19.7542362,12.271101,-6.3017478,0.00000000317,0.01274266598
-19.8172359,12.271101,-6.36563206,0.0000000032,0.01286475048
-19.7542362,12.271101,-6.36563206,0.0000000032,0.01284260877
-19.1807346,12.5761013,-8.66607094,0.00000000357,0.01432350434
-17.6458168,12.2611341,-7.19637537,0.00000000347,0.01395173902
-17.5797348,12.271101,-7.19637537,0.00000000347,0.01395191208
-17.5797348,12.271101,-7.13246346,0.00000000347,0.01392120963
-19.247736,12.5761013,-8.41042423,0.00000000356,0.01429469387
-19.1807346,12.5761013,-8.3465395,0.00000000356,0.01429128101
-19.1807346,12.5761013,-8.41042423,0.00000000356,0.01429870619
-17.389719,12.2520218,-7.45196772,0.00000000353,0.01417698831
-19.8154697,12.5880909,-7.13246346,0.00000000341,0.013705728
-19.7532349,12.5761013,-7.0685792,0.00000000339,0.01363186339
-19.7532349,12.5761013,-7.13246346,0.0000000034,0.01367754729
-19.9456196,12.6049995,-6.74910259,0.00000000337,0.01352493251
-19.7542362,12.271101,-5.98227119,0.00000000307,0.01231445811
-19.8172359,12.271101,-5.98227119,0.00000000307,0.01233620645
-19.9454098,12.2640848,-5.98227119,0.00000000308,0.01237178912
-17.8369198,12.2416391,-6.55736732,0.00000000331,0.01330046644
-17.7422104,12.2502956,-6.55736732,0.00000000333,0.01337410893
-17.7422104,12.2502956,-6.49345541,0.0000000033,0.01326408633
-19.247736,12.5761013,-8.02706337,0.00000000354,0.01423727633
-19.1807346,12.5761013,-8.02706337,0.00000000355,0.01424432508
-19.3817348,12.5761013,-8.02706337,0.00000000354,0.01422039306
-19.9454098,12.2640848,-5.66276741,0.00000000297,0.01192478106
-20.0182362,12.271101,-5.72667885,0.00000000306,0.01227340022
-19.9454098,12.2640848,-5.72667885,0.00000000299,0.01200382111
-17.5797348,12.271101,-6.81298685,0.00000000342,0.01373960421
-18.156435,12.5191689,-10.346241,0.00000000358,0.0143867503
-20.0095158,12.6049995,-6.49345541,0.00000000335,0.01345161028
-19.9456196,12.6049995,-6.42954397,0.00000000331,0.0133127799
-19.9456196,12.6049995,-6.49345541,0.00000000332,0.01335406971
-17.4537582,12.2639217,-7.19637537,0.00000000348,0.01399961909
-17.389719,12.2520218,-7.19637537,0.00000000351,0.0140951776
-17.389719,12.2520218,-7.13246346,0.0000000035,0.01407144717
-19.4344749,12.5822334,-7.77147102,0.00000000351,0.01412024868
-19.3817348,12.5761013,-7.70755959,0.00000000352,0.01414608515
-19.3817348,12.5761013,-7.77147102,0.00000000353,0.01416266422
-17.4535313,12.6049995,-7.96315193,0.00000000355,0.01426887525
-17.3896351,12.6049995,-7.89924002,0.00000000355,0.01427019722
-17.3896351,12.6049995,-7.96315193,0.00000000355,0.01427809338
-19.0510273,12.5191689,-10.346241,0.00000000358,0.01438523389
-18.0286198,12.2416391,-5.91835976,0.00000000316,0.01268536618
-17.9647236,12.2416391,-5.91835976,0.00000000309,0.0124159182
-17.9647236,12.2416391,-5.85444784,0.00000000307,0.01231482919
-20.1373196,12.2539158,-5.34326315,0.0000000031,0.01244594539
-19.9454098,12.2640848,-5.34326315,0.00000000294,0.01181184419
-20.0182362,12.271101,-5.34326315,0.00000000305,0.01223811636
-17.709116,12.3274698,-4.49365044,0.00000000255,0.01023002372
-17.709116,12.3913698,-4.49365044,0.00000000232,0.00930865291
-17.7730122,12.3913698,-4.49365044,0.00000000224,0.00899953417
-17.7730122,12.3274698,-4.49365044,0.00000000248,0.00994556308
-19.5562363,12.5761013,-7.3880558,0.00000000338,0.01356679768
-19.4344749,12.5822334,-7.3880558,0.00000000347,0.01392908707
-19.3817348,12.5761013,-7.3880558,0.00000000349,0.01402293289
-20.1373196,12.2539158,-5.02378654,0.00000000297,0.0119437534
-20.1725159,12.2416391,-5.08767128,0.00000000298,0.01197260934
-20.1373196,12.2539158,-5.08767128,0.000000003,0.0120625963
-17.7422104,12.2502956,-6.17395163,0.00000000315,0.01267284848
-19.6232357,12.5761013,-7.13246346,0.00000000338,0.01357330586
-19.5562363,12.5761013,-7.0685792,0.00000000332,0.01334329857
-19.5562363,12.5761013,-7.13246346,0.00000000334,0.01340167323
-17.5797348,12.271101,-6.49345541,0.00000000335,0.01345758324
-20.1373196,12.2416391,-4.70430994,0.00000000252,0.01012756453
-20.1725159,12.2416391,-4.70430994,0.00000000237,0.00951559793
-19.7532349,12.5761013,-6.74910259,0.00000000333,0.01339031873
-19.6232357,12.5761013,-6.74910259,0.00000000327,0.01312596955
-19.5562363,12.5761013,-6.74910259,0.00000000299,0.01200914825
-18.156435,12.2416391,-5.21549463,0.00000000292,0.01173100491
-17.6121159,12.5962973,-7.26028681,0.0000000035,0.0140498032
-17.7422104,12.2502956,-5.85444784,0.00000000304,0.01220595815
-17.9647236,12.2416391,-5.53497124,0.00000000293,0.01177070427
-17.3896351,12.6049995,-7.57976341,0.00000000354,0.01422038772
-19.7532349,12.5761013,-6.42954397,0.00000000328,0.01317677453
-17.389719,12.2520218,-6.81298685,0.00000000347,0.01393249635
-19.8154697,12.5880909,-6.11004019,0.0000000031,0.01244654392
-19.7532349,12.5761013,-6.11004019,0.00000000241,0.00968688355
-19.9456196,12.6049995,-6.11004019,0.00000000326,0.01309178019
-19.7529507,12.259798,-9.88014793,0.00000000358,0.0143757981
-17.3896351,12.6049995,-7.26028681,0.00000000352,0.01414777016
-17.9647236,12.2416391,-5.21549463,0.00000000279,0.01121860645
-19.9456196,12.6049995,-5.79056358,0.00000000314,0.01262095344
-17.389719,12.2520218,-6.49345541,0.00000000342,0.01374815334
-19.5622196,12.2416391,-10.1996241,0.00000000358,0.01438782252
-17.389719,12.2520218,-6.1739521,0.00000000336,0.01351173331
-17.4537582,12.2639217,-6.1739521,0.00000000332,0.01332832958
-18.348135,12.2416391,-4.57648659,0.00000000253,0.01014481799
-18.1349163,12.2416391,-4.87501955,0.00000000253,0.01018026419
-20.1725159,12.2416391,-6.81298685,0.00000000345,0.0138547301
-20.1725159,12.3274698,-6.81298685,0.00000000344,0.01382827277
-17.5797348,12.271101,-6.1739521,0.00000000321,0.01288165335
-20.0095158,12.6049995,-5.47108698,0.00000000284,0.01141473573
-19.9456196,12.6049995,-5.47108698,0.00000000258,0.01034541717
-17.773735,12.5761013,-6.62127876,0.00000000338,0.01359640827
-17.6121159,12.5962973,-6.94078302,0.00000000347,0.01392637712
-19.5622196,12.2416391,-9.88014793,0.00000000358,0.01438143477
-17.5797348,12.271101,-5.85444784,0.00000000304,0.01221155469
-20.1725159,12.2416391,-6.49345541,0.00000000339,0.01362917932
-17.7422104,12.2502956,-5.53497171,0.00000000293,0.01177486285
-19.9454098,12.2640858,-9.24116707,0.00000000357,0.01434605549
-17.5797348,12.271101,-5.53497124,0.00000000297,0.01193029729
-17.6458168,12.2611341,-5.53497124,0.00000000292,0.01171750686
-18.156435,12.2416391,-4.57648659,0.00000000236,0.00948024541
-20.1373196,12.6049995,-4.83207893,0.00000000168,0.00674847627
-20.1373196,12.6049995,-4.89599085,9.94E-10,0.00399508458
-20.1725159,12.6049995,-4.89599085,0.00000000159,0.00637003689
-17.7422104,12.2502956,-5.21549463,0.00000000282,0.01132403695
-19.7542362,12.271101,-9.56067085,0.00000000358,0.01437113192
-17.6121159,12.5962973,-6.62127924,0.00000000342,0.01375666676
-20.1725159,12.3913698,-10.346241,0.00000000358,0.0143805026
-20.1725159,12.3913698,-10.2635365,0.00000000358,0.01438012975
-17.773735,12.5761013,-6.3017478,0.00000000327,0.01312696234
-19.3705196,12.2416391,-10.1996241,0.00000000358,0.0143894897
-19.5006256,12.1996698,-4.69924212,0.00000000187,0.00749789197
-19.4315128,12.1996698,-4.70067167,0.00000000177,0.0071275771
-19.5006256,12.2416391,-4.69924164,0.00000000194,0.00779115331
-17.9747353,12.5761013,-5.98227119,0.00000000205,0.00825438809
-19.1788197,12.2416391,-10.1996241,0.00000000358,0.01438698134
-19.2427158,12.2416391,-10.1996241,0.00000000358,0.01438795188
-19.3705196,12.2416391,-9.88014793,0.00000000358,0.01438384322
-20.1725159,12.2416391,-6.1739521,0.00000000332,0.01332169116
-20.1725159,12.3274698,-6.1739521,0.00000000332,0.01333627926
-17.9834042,12.2416391,-4.8768363,0.00000000247,0.00991509255
-19.7542362,12.271101,-9.24116707,0.00000000357,0.01435847686
-19.9454098,12.2640858,-8.92166328,0.00000000356,0.0143188658
-17.7724991,12.249157,-4.89599085,0.00000000283,0.01137635834
-17.8369198,12.2416391,-4.89599085,0.00000000276,0.01110197663
-20.1373196,12.2539244,-8.6021595,0.00000000356,0.01430863077
-17.3896351,12.6049995,-6.94078302,0.0000000035,0.01404216933
-17.9647236,12.2416391,-4.57648659,0.00000000243,0.00976588175
-17.3896351,12.6049995,-6.62127876,0.00000000346,0.01389033953
-17.773735,12.5761013,-5.98227119,0.00000000268,0.0107641616
-18.1492348,12.5761013,-5.34326315,0.00000000166,0.00667830239
-19.3705196,12.2416391,-9.56067085,0.00000000358,0.01437446632
-19.4344273,12.2416391,-9.56067085,0.00000000358,0.01437196953
-17.9747353,12.5761013,-5.66276741,0.00000000186,0.00747914617
-19.5622196,12.2416391,-9.56067085,0.00000000358,0.01436857632
-17.4535313,12.6049995,-6.3017478,0.0000000034,0.01366191645
-17.3896351,12.6049995,-6.3017478,0.00000000341,0.01367925195
-19.9454098,12.2640858,-8.6021595,0.00000000356,0.01428358913
-19.5622196,12.2416391,-9.24116707,0.00000000357,0.01435840548
-17.6121159,12.5962973,-6.3017478,0.00000000337,0.01352495215
-20.1373196,12.2539244,-8.28265572,0.00000000355,0.01427285543
-19.7539082,12.6049995,-10.0079441,0.00000000358,0.01437462239
-18.9871311,12.4552689,-4.49365044,0.00000000197,0.00790443357
-18.9232349,12.4552689,-4.49365044,0.00000000201,0.0080712716
-18.9232349,12.5191689,-4.49365044,0.00000000192,0.00769364396
-18.9871311,12.5191689,-4.49365044,0.00000000189,0.00758206208
-17.6121159,12.5962973,-5.98227167,0.0000000033,0.01325374246
-17.9747353,12.5761013,-5.34326315,0.00000000163,0.00655844038
-18.348135,12.6049995,-4.70430994,0.00000000139,0.00558194499
-20.1725159,12.2416391,-5.85444784,0.00000000324,0.01299743037
-19.7542362,12.271101,-8.92166328,0.00000000357,0.01433800499
-19.5622196,12.2416391,-8.92166328,0.00000000357,0.01434534544
-19.6261158,12.2416391,-8.92166328,0.00000000357,0.01434255072
-18.1492348,12.5761013,-5.02378654,0.00000000133,0.00535163884
-17.354372,12.3274698,-10.1357403,0.00000000358,0.01438265237
-20.1373196,12.2539244,-7.96315193,0.00000000354,0.01422000953
-17.773735,12.5761013,-5.66276741,0.00000000175,0.00702044463
-17.6438637,12.5888662,-5.66276741,0.0000000026,0.01043612222
-17.6121159,12.5962973,-5.66276741,0.0000000031,0.01244043626
-19.9456196,12.6049995,-9.36896324,0.00000000357,0.01432308329
-19.7532349,12.5761013,-9.68843937,0.00000000358,0.01437013732
-20.1725159,12.2416391,-5.53497124,0.00000000314,0.01263045254
-20.1725159,12.3274698,-5.53497124,0.00000000317,0.01272698336
-19.7542362,12.271101,-8.6021595,0.00000000356,0.01430283264
-17.3896351,12.2416391,-10.0718555,0.00000000358,0.01437814054
-18.156435,12.6049995,-4.70430994,0.00000000143,0.0057407642
-19.9454098,12.2640858,-8.28265572,0.00000000354,0.01422822949
-17.773735,12.5761013,-5.34326315,0.00000000172,0.00692660283
-19.7542362,12.271101,-8.28265572,0.00000000355,0.01425007147
-19.8172359,12.271101,-8.28265572,0.00000000354,0.01423826828
-20.1725159,12.2416391,-5.21549463,0.00000000304,0.01219841792
-20.1725159,12.3274698,-5.21549463,0.00000000305,0.01226764311
-17.5797348,12.271101,-9.43284798,0.00000000358,0.0143741077
-17.389719,12.2520218,-9.75235176,0.00000000358,0.01437462063
-19.9456196,12.6049995,-9.04948616,0.00000000355,0.0142750052
-19.7532349,12.5761013,-9.36896324,0.00000000357,0.01433402304
-19.9454098,12.2640858,-7.96315193,0.00000000352,0.01412923402
-17.8407364,12.5761013,-5.02378654,0.00000000138,0.00554267022
-17.773735,12.5761013,-5.02378654,0.00000000146,0.00585989209
-17.9747353,12.5761013,-5.02378654,0.0000000014,0.00563740096
-17.7422104,12.2502956,-8.79389381,0.00000000357,0.0143424999
-19.9454098,12.2640858,-7.64364767,0.00000000348,0.0139771161
-20.0182362,12.271101,-7.64364767,0.00000000348,0.01399813743
-20.1373196,12.2539244,-7.64364767,0.00000000352,0.01413586172
-17.5797348,12.271101,-9.1133709,0.00000000357,0.01436054634
-19.9456196,12.6049995,-8.72998333,0.00000000354,0.01423238985
-17.389719,12.2520218,-9.43284798,0.00000000358,0.01437369472
-17.9647236,12.6049995,-4.70430994,0.00000000195,0.00784955203
-19.5562363,12.5761013,-9.68843937,0.00000000358,0.01436805716
-17.3896351,12.6049995,-10.1996241,0.00000000358,0.01438368353
-19.4344749,12.5822334,-9.68843937,0.00000000358,0.01436777973
-19.3817348,12.5761013,-9.68843937,0.00000000358,0.01437642608
-20.1373196,12.2539244,-7.32417107,0.00000000349,0.01402946606
-17.9647236,12.2416391,-8.15483189,0.00000000356,0.01431184296
-17.7422104,12.2502956,-8.47433758,0.00000000356,0.01430852552
-17.5797348,12.271101,-8.79389477,0.00000000357,0.01434052853
-19.5562363,12.5761013,-9.36896324,0.00000000358,0.01436344361
-19.7532349,12.5761013,-9.04948616,0.00000000354,0.01423841813
-20.1373196,12.2539244,-7.00469446,0.00000000346,0.0138988039
-20.1725159,12.2416391,-7.00469446,0.00000000347,0.0139535748
-17.9647236,12.2416391,-7.83535576,0.00000000355,0.01426334652
-17.3896351,12.6049995,-9.88014793,0.00000000358,0.01438206187
-18.156435,12.2416391,-7.51587915,0.00000000352,0.01414797087
-17.6121159,12.5962973,-9.56067085,0.00000000358,0.01437615491
-19.6232357,12.5761013,-9.04948616,0.00000000353,0.0141701554
-19.5562363,12.5761013,-9.04948616,0.00000000355,0.01426053485
-18.539835,12.5191689,-10.346241,0.00000000358,0.01438420807
-18.539835,12.6049995,-10.346241,0.00000000358,0.01438393152
-18.4759388,12.5191689,-10.346241,0.00000000358,0.01438408675
-19.7532349,12.5761013,-8.72998333,0.00000000353,0.01419493929
-17.7422104,12.2502956,-8.15483189,0.00000000355,0.01425735925
-17.389719,12.2520218,-9.1133709,0.00000000358,0.01436693854
-18.156435,12.2416391,-7.19637537,0.00000000347,0.01395931227
-19.9456196,12.6049995,-8.41042423,0.00000000353,0.01418280427
-20.1725159,12.2416391,-9.1133709,0.00000000357,0.01434983854
-20.1725159,12.3274698,-9.1133709,0.00000000357,0.01434186477
-17.6121159,12.5962973,-9.24116802,0.00000000357,0.01434821238
-19.8154697,12.5880909,-8.41042423,0.00000000352,0.01414713149
-19.7532349,12.5761013,-8.41042423,0.00000000352,0.01413273429
-19.9456196,12.6049995,-8.09094715,0.00000000351,0.01411180842
-18.3469486,12.258604,-6.87687111,0.00000000337,0.01353713534
-17.3896351,12.6049995,-9.56067085,0.00000000358,0.01437435303
-17.389719,12.2520218,-8.79389477,0.00000000357,0.01435510679
-17.9647236,12.2416391,-7.51587915,0.00000000353,0.0141755236
-17.773735,12.5761013,-8.92166328,0.00000000356,0.01431063962
-18.156435,12.6049995,-10.346241,0.00000000358,0.01438671286
-17.5797348,12.271101,-8.47433662,0.00000000356,0.01430797426
-20.1725159,12.2416391,-8.79389477,0.00000000357,0.01433460551
-17.389719,12.2520218,-8.47433662,0.00000000357,0.01433658756
-17.4537582,12.2639217,-8.47433662,0.00000000356,0.01432002901
-20.0095158,12.6049995,-7.77147102,0.0000000035,0.01407627926
-19.9456196,12.6049995,-7.77147102,0.00000000349,0.01402990672
-18.156435,12.2416391,-6.87687111,0.0000000034,0.01364026803
-17.6121159,12.5962973,-8.92166328,0.00000000357,0.0143261429
-17.5797348,12.271101,-8.15483189,0.00000000355,0.01425539238
-17.773735,12.5761013,-8.6021595,0.00000000355,0.01427749573
-18.0262413,12.7747688,-10.1406431,0.00000000358,0.01439174384
-18.0262394,12.8609858,-10.1406422,0.00000000358,0.01439174384
-18.3469486,12.258604,-6.55736732,0.00000000326,0.01308738434
-17.7422104,12.2502956,-7.83535576,0.00000000353,0.01418887088
-18.5442352,12.271101,-6.23786354,0.00000000311,0.01251239193
-17.5797348,12.271101,-7.83535576,0.00000000353,0.0141807205
-17.6458168,12.2611341,-7.83535576,0.00000000353,0.01417837986
-17.9747353,12.5761013,-8.28265572,0.00000000354,0.0142030977
-17.7422104,12.2502956,-7.51587915,0.00000000351,0.01409559504
-17.9647236,12.2416391,-7.19637537,0.00000000349,0.01401604563
-17.3896351,12.6049995,-9.24116707,0.00000000357,0.01435842689
-18.3469486,12.258605,-6.23786354,0.0000000031,0.01244632984
-20.1725159,12.2416391,-8.47433662,0.00000000356,0.01431061998
-20.1725159,12.3274698,-8.47433662,0.00000000356,0.01429712016
-17.7422104,12.2502956,-7.19637537,0.00000000347,0.01395865753
-17.8369198,12.2416391,-7.19637537,0.00000000348,0.01396617904
-17.3896351,12.6049995,-8.92166328,0.00000000357,0.01434767985
-17.9647236,12.2416391,-6.87687111,0.00000000342,0.01372529
-18.5442352,12.271101,-5.91835976,0.00000000293,0.01176347534
-17.773735,12.5761013,-8.28265572,0.00000000354,0.01423230689
-17.9747353,12.5761013,-7.96315193,0.00000000351,0.01410921798
-18.1492348,12.5761013,-7.64364767,0.00000000348,0.01397723297
-18.156435,12.2416391,-6.55736732,0.00000000331,0.01331058284
-17.6121159,12.5962973,-8.60216045,0.00000000356,0.01430033054
-17.9647236,12.2416391,-6.55736732,0.0000000033,0.01324686497
-18.0286198,12.2416391,-6.55736732,0.00000000332,0.01332312284
-18.7315483,12.2647734,-5.5988555,0.0000000031,0.01243440176
-17.4535313,12.6049995,-8.6021595,0.00000000357,0.014326704
-17.3896351,12.6049995,-8.6021595,0.00000000357,0.01433203917
-19.3705196,12.6049995,-4.49365044,0.00000000154,0.00620103791
-18.156435,12.2416391,-6.23786354,0.00000000323,0.01296651475
-17.6121159,12.5962973,-8.28265572,0.00000000355,0.01426736864
-18.5442352,12.271101,-5.5988555,0.00000000279,0.01119057381
-17.9747353,12.5761013,-7.64364767,0.00000000349,0.01400569642
-18.7315483,12.264781,-5.27937889,0.00000000298,0.01197222846
-20.1725159,12.2416391,-8.15483189,0.00000000355,0.01427518896
-18.1492348,12.5761013,-7.32417107,0.00000000341,0.01370867164
-18.156435,12.2416391,-5.91835976,0.00000000314,0.01260790943
-18.2203312,12.2416391,-5.91835976,0.00000000306,0.0122751236
-17.773735,12.5761013,-7.96315193,0.00000000353,0.01417013045
-17.6438637,12.5888662,-7.96315193,0.00000000353,0.01419634956
-17.6121159,12.5962973,-7.96315193,0.00000000354,0.01422209415
-18.3469486,12.258605,-5.91835976,0.0000000029,0.01164302945
-18.350235,12.5761013,-7.00469446,0.0000000034,0.01366695009
-18.919735,12.271101,-4.95990229,0.00000000278,0.01116545544
-20.1373196,12.2416391,-10.2635365,0.00000000358,0.01437970335
-18.3469486,12.258605,-5.5988555,0.00000000272,0.01092046843
-20.1725159,12.2416391,-7.83535576,0.00000000354,0.0142231646
-20.1725159,12.3274698,-7.83535576,0.00000000354,0.01420232164
-17.773735,12.5761013,-7.64364767,0.00000000351,0.01408565439
-18.350235,12.5761013,-6.68519068,0.00000000332,0.01335641216
-18.1492348,12.5761013,-7.00469446,0.00000000295,0.011859776
-17.8407364,12.5761013,-7.32417107,0.00000000347,0.01394819861
-17.773735,12.5761013,-7.32417107,0.00000000348,0.01397480399
-18.5442352,12.271101,-5.27937889,0.00000000289,0.01160719168
-18.9232349,12.2416391,-4.6403985,0.00000000241,0.0096934845
-17.9747353,12.5761013,-7.32417107,0.00000000345,0.01387969236
-18.3469543,12.2586174,-5.27937889,0.00000000257,0.01032760088
-18.4114704,12.2614346,-5.27937889,0.00000000254,0.01020297945
-18.7315483,12.264782,-4.95990229,0.00000000283,0.01136235187
-17.8369198,12.3913698,-4.49365044,0.0000000022,0.00884984342
-17.9008274,12.3913698,-4.49365044,0.00000000223,0.00895153812
-18.539835,12.6049995,-6.36563206,0.00000000323,0.01298952083
-19.1807346,12.5761013,-7.45196772,0.00000000351,0.01409808468
-19.1137352,12.5761013,-7.3880558,0.00000000351,0.01409747007
-19.1137352,12.5761013,-7.45196772,0.00000000351,0.01411945748
-20.1725159,12.2416391,-7.51587915,0.00000000352,0.01414434304
-20.1725159,12.3274698,-7.51587915,0.00000000351,0.01412031204
-20.0095158,12.2416391,-10.346241,0.00000000358,0.01438202262
-19.9456196,12.2416391,-10.346241,0.00000000358,0.01438278619
-19.9456196,12.2416391,-10.2635365,0.00000000358,0.01438056683
-19.9455585,12.2527514,-9.94403172,0.00000000358,0.01436496364
-20.0094757,12.2528687,-9.94403172,0.00000000358,0.0143635373
-17.9549255,12.1996698,-4.83681774,0.00000000227,0.00913760009
-20.1373196,12.2477808,-9.94403172,0.00000000358,0.01436430352
-18.350235,12.5761013,-6.36563206,0.00000000316,0.01271117766
-17.9747353,12.5761013,-7.00469446,0.00000000341,0.01368350956
-18.539835,12.6049995,-6.04615545,0.00000000308,0.01236391791
-18.5442352,12.271101,-4.95990229,0.00000000283,0.01137938229
-19.881712,12.2416391,-4.76819468,0.00000000272,0.01091666308
-19.881712,12.2416391,-4.70430994,0.00000000269,0.01082280478
-19.9456196,12.2416391,-4.76819468,0.00000000281,0.01127109376
-18.7315235,12.6049995,-5.72667885,0.0000000031,0.01246058254
-18.7315235,12.2416391,-4.6403985,0.00000000251,0.01009507807
-18.539835,12.2416391,-4.6403985,0.00000000258,0.01037522224
-18.6037312,12.2416391,-4.6403985,0.00000000257,0.01030780873
-19.3817348,12.5761013,-6.81298685,0.00000000338,0.01356564431
-19.3064842,12.5821724,-6.74910259,0.0000000034,0.01364501178
-19.3064842,12.5821724,-6.81298685,0.00000000341,0.01370780909
-18.028635,12.5822058,-6.68519068,0.00000000256,0.01026606934
-17.9747353,12.5761013,-6.68519068,0.00000000297,0.01193676177
-18.1492348,12.5761013,-6.68519068,0.00000000219,0.00879307082
-20.1373196,12.2539244,-9.62455559,0.00000000357,0.01436118412
-19.5562363,12.5761013,-6.1739521,0.00000000223,0.00897687507
-19.4892349,12.5761013,-6.11004019,0.00000000225,0.00905894626
-19.4892349,12.5761013,-6.1739521,0.00000000228,0.00916067398
-18.539835,12.6049995,-5.72667885,0.00000000282,0.01133893812
-20.1373196,12.2539244,-9.30507851,0.00000000357,0.01435554568
-20.1725159,12.2416391,-9.30507851,0.00000000357,0.01435667318
-18.9232349,12.6049995,-5.08767128,0.00000000149,0.00597308048
-18.7315235,12.6049995,-5.40717506,0.00000000284,0.01141153784
-18.1492348,12.5761013,-6.36563206,0.00000000208,0.00834608505
-19.7532349,12.5761013,-5.53497124,0.00000000176,0.00707367634
-19.6905537,12.5848904,-5.47108698,0.00000000185,0.00745114659
-19.6905537,12.5848904,-5.53497124,0.00000000189,0.00757901673
-18.350235,12.5761013,-6.04615545,0.00000000263,0.01057705954
-18.156435,12.2416391,-9.8162632,0.00000000358,0.01438235622
-18.1607056,12.6469688,-10.0754938,0.00000000358,0.01439176168
-18.1322575,12.7108688,-10.1115437,0.00000000358,0.01439174384
-18.1322575,12.6469688,-10.1115446,0.00000000358,0.01439177775
-18.2162361,12.5761013,-6.04615545,0.00000000182,0.00729746136
-18.1492348,12.5761013,-6.04615545,0.00000000197,0.00790566632
-18.7315235,12.6049995,-5.08767128,0.00000000224,0.00899183244
-18.4120426,12.4552689,-4.49365044,0.00000000203,0.00815922741
-18.348135,12.4552689,-4.49365044,0.00000000199,0.00800046038
-18.9232349,12.6049995,-4.76819468,0.00000000137,0.00548776063
-17.389719,12.2520218,-5.5988555,0.00000000323,0.01296786617
-18.3469486,12.258604,-9.17725563,0.00000000358,0.01436769319
-18.350235,12.5761013,-5.72667885,0.00000000157,0.00632590644
-19.9456196,12.6049995,-4.89599085,0.00000000105,0.00420921972
-19.881712,12.6049995,-4.83207893,0.00000000143,0.00576382869
-19.881712,12.6049995,-4.89599085,0.00000000126,0.00506724329
-17.9647236,12.2416391,-10.1357403,0.00000000358,0.01439036655
-18.539835,12.6049995,-5.40717506,0.00000000194,0.00780984556
-18.156435,12.2416391,-9.49675941,0.00000000358,0.01437557956
-18.4102535,12.5883722,-5.40717506,0.0000000016,0.00642510483
-18.350235,12.5761013,-5.40717506,0.00000000163,0.00656536022
-17.354372,12.5191689,-6.49345541,0.00000000346,0.01391562205
-17.354372,12.4552689,-6.49345541,0.00000000346,0.01389092915
-17.9647236,12.2416391,-9.8162632,0.00000000358,0.01438236602
-18.5442352,12.271101,-8.53824806,0.00000000356,0.01431422912
-18.9232349,12.2416391,-10.2635365,0.00000000358,0.0143857798
-18.9232349,12.2416391,-10.1996241,0.00000000358,0.01438387713
-18.9871311,12.2416391,-10.2635365,0.00000000358,0.01438627309
-18.539835,12.6049995,-5.08767128,0.00000000147,0.00590154896
-20.1725159,12.6049995,-10.0718555,0.00000000358,0.01437829842
-20.1373196,12.6049995,-10.0718555,0.00000000358,0.01437779622
-18.156435,12.2416391,-9.17725563,0.00000000358,0.0143683399
-18.3469486,12.258604,-8.85777855,0.00000000357,0.01434882341
-17.5797348,12.271101,-4.95990229,0.00000000299,0.01201829774
-17.5127354,12.271101,-4.95990229,0.00000000302,0.01214578964
-17.5175152,12.2524967,-4.89599085,0.00000000298,0.01196469358
-20.0095158,12.6049995,-10.0718555,0.00000000358,0.01437561346
-19.9456196,12.6049995,-10.0718555,0.00000000358,0.01437505594
-17.9563179,12.6469688,-10.0754805,0.00000000358,0.01439176526
-19.0510273,12.5191689,-4.49365044,0.00000000185,0.00742555543
-19.0510273,12.6049995,-4.49365044,0.00000000182,0.00730420328
-19.1149235,12.5191689,-4.49365044,0.0000000018,0.00722498164
-18.7315235,12.6049995,-4.76819468,0.00000000137,0.00550448731
-18.3469486,12.258604,-8.53824806,0.00000000356,0.01431572592
-18.6037312,12.6049995,-4.76819468,0.00000000131,0.00524635999
-18.539835,12.6049995,-4.76819468,0.00000000127,0.00510501768
-19.1788197,12.2416391,-9.62455559,0.00000000358,0.01437986927
-19.112957,12.2583036,-9.62455559,0.00000000358,0.01438014759
-19.112957,12.2583036,-9.56067085,0.00000000358,0.01437915833
-17.9647236,12.3913698,-4.49365044,0.00000000227,0.00913294195
-18.7315483,12.2647648,-7.89924002,0.00000000354,0.01421928252
-17.7730122,12.2416391,-10.1357403,0.00000000358,0.01438542029
-17.3896351,12.4552689,-10.346241,0.00000000358,0.01438473257
-17.4535313,12.4552689,-10.346241,0.00000000358,0.01438455593
-18.5442352,12.271101,-8.21874428,0.00000000355,0.01425725758
-17.7422104,12.2502956,-9.8162632,0.00000000358,0.01438104051
-17.9647236,12.6049995,-10.2635365,0.00000000358,0.01438607596
-17.9647236,12.6049995,-10.346241,0.00000000358,0.01438624545
-17.5813236,12.2416391,-10.1357403,0.00000000358,0.01438115914
-17.6452198,12.2416391,-10.1357403,0.00000000358,0.01438229379
-17.9647236,12.2416391,-9.49675941,0.00000000358,0.01437467683
-18.5442352,12.271101,-7.89924002,0.00000000353,0.01417045067
-19.3705196,12.2416391,-8.98557568,0.00000000357,0.01435947769
-19.306612,12.2416391,-8.98557568,0.00000000357,0.01436090135
-19.306612,12.2416391,-8.92166328,0.00000000357,0.01435874622
-17.9647236,12.2416391,-9.17725563,0.00000000358,0.01436693232
-18.156435,12.2416391,-8.85777855,0.00000000357,0.01435772487
-17.7422104,12.2502956,-9.49676037,0.00000000358,0.01437548945
-17.8369198,12.2416391,-9.49675941,0.00000000358,0.0143750925
-18.156435,12.2416391,-8.53824806,0.00000000357,0.01433887116
-18.919735,12.271101,-7.26028681,0.0000000035,0.01404871672
-18.350235,12.5761013,-9.30507851,0.00000000357,0.01435773471
-18.7315483,12.2647648,-7.57976341,0.00000000351,0.0140951535
-17.9647236,12.2416391,-8.85777855,0.00000000357,0.01435803978
-18.0286198,12.2416391,-8.85777855,0.00000000357,0.01435959633
-18.1492348,12.5761013,-9.62455559,0.00000000358,0.01437643142
-18.3469486,12.258604,-8.21874428,0.00000000355,0.01426401018
-17.7730122,12.6049995,-10.2635365,0.00000000358,0.01438322058
-18.1492348,12.5761013,-9.30507851,0.00000000358,0.01437142719
-19.5622196,12.2416391,-8.3465395,0.00000000356,0.01430688244
-19.4983234,12.2416391,-8.3465395,0.00000000357,0.01432279605
-19.4983234,12.2416391,-8.28265572,0.00000000356,0.01431811831
-18.3469486,12.258604,-7.89924002,0.00000000353,0.01418894672
-18.7315483,12.2647648,-7.26028681,0.00000000346,0.01390755551
-17.9008274,12.5191689,-10.346241,0.00000000358,0.01438516608
-17.9647236,12.5191689,-10.346241,0.00000000358,0.01438624721
-18.156435,12.2416391,-8.21874428,0.00000000356,0.01430804296
-18.2203312,12.2416391,-8.21874428,0.00000000356,0.0142909581
-17.7728462,12.5948925,-9.94403172,0.00000000358,0.01438089778
-17.6452198,12.6049995,-10.346241,0.00000000358,0.01438299043
-17.6452198,12.6049995,-10.2635365,0.00000000358,0.01438271303
-17.5813236,12.6049995,-10.2635365,0.00000000358,0.01438285039
-17.5813236,12.6049995,-10.346241,0.00000000358,0.01438309749
-17.6121159,12.5962973,-5.08767128,0.00000000139,0.00557913959
-17.5174274,12.6049995,-5.02378654,0.00000000115,0.00461720148
-17.5174274,12.6049995,-5.08767128,0.00000000138,0.00552613485
-20.1725159,12.3274698,-10.1357403,0.00000000358,0.0143765456
-19.112957,12.2583036,-6.62127876,0.00000000336,0.01348828746
-18.350235,12.5761013,-8.98557568,0.00000000357,0.01433491058
-18.919735,12.271101,-6.94078302,0.00000000345,0.01387101837
-18.539835,12.6049995,-8.66607094,0.00000000356,0.0143147224
-18.5442352,12.271101,-7.57976341,0.0000000035,0.01404609242
-20.1725159,12.2416391,-9.8162632,0.00000000357,0.01435951606
-20.1725159,12.3274698,-9.8162632,0.00000000357,0.01435906468
-17.9747353,12.5761013,-9.62455559,0.00000000358,0.01437633686
-17.8407364,12.5761013,-9.62455559,0.00000000358,0.01437791574
-17.773735,12.5761013,-9.62455559,0.00000000358,0.01437823061
-18.539835,12.5191689,-4.49365044,0.00000000195,0.00784099133
-19.7542362,12.271101,-7.70755959,0.00000000349,0.01403951108
-19.6921558,12.2585497,-7.70755959,0.0000000035,0.01406384005
-19.6921558,12.2585497,-7.64364767,0.00000000349,0.01403188701
-18.3469486,12.258604,-7.57976341,0.0000000035,0.01407904541
-18.411478,12.2614498,-7.57976341,0.0000000035,0.01406766412
-18.919735,12.271101,-6.62127876,0.00000000339,0.01361425493
-19.3661633,12.8609858,-10.075469,0.00000000358,0.01439174384
-19.3661633,12.7747688,-10.075469,0.00000000358,0.01439174384
-18.350235,12.5761013,-8.66607094,0.00000000356,0.0143060047
-17.9747353,12.5761013,-9.30507851,0.00000000358,0.01437276166
-18.5442352,12.271101,-7.26028681,0.00000000345,0.01386672331
-19.1807346,12.5761013,-9.75235176,0.00000000358,0.01438183529
-19.1137352,12.5761013,-9.68843937,0.00000000358,0.01438112166
-19.1137352,12.5761013,-9.75235176,0.00000000358,0.01438176391
-20.1725159,12.4552689,-5.47108698,0.00000000312,0.01251524104
-19.306612,12.2416391,-5.98227119,0.00000000295,0.01185998651
-18.7315235,12.6049995,-8.02706337,0.00000000356,0.01428785209
-19.112957,12.2583036,-6.3017478,0.00000000323,0.01298552369
-18.539835,12.6049995,-8.3465395,0.00000000355,0.0142748286
-18.7315483,12.2647648,-6.94078302,0.0000000034,0.01366034649
-18.1492348,12.5761013,-8.98557568,0.00000000357,0.01434426161
-19.9454098,12.2640858,-7.0685792,0.00000000342,0.0137581743
-19.8842354,12.271101,-7.0685792,0.00000000343,0.01376266741
-19.8842354,12.271101,-7.00469446,0.00000000342,0.01372894816
-18.5442352,12.271101,-6.94078302,0.00000000338,0.01359109632
-18.6035748,12.2643738,-6.94078302,0.00000000338,0.01358755768
-18.028635,12.5822058,-8.98557568,0.00000000358,0.01436497967
-17.9747353,12.5761013,-8.98557568,0.00000000357,0.01434551581
-19.112957,12.2583036,-5.98227119,0.00000000302,0.01213143438
-19.1788197,12.5191689,-4.49365044,0.00000000174,0.00700765885
-20.1725159,12.3913698,-5.15158319,0.00000000297,0.01193291894
-18.539835,12.6049995,-8.02706337,0.00000000354,0.01421512482
-19.3817348,12.5761013,-9.1133709,0.00000000358,0.0143686557
-19.3064842,12.5821724,-9.04948616,0.00000000357,0.01435480264
-19.3064842,12.5821724,-9.1133709,0.00000000357,0.01436182637
-18.7315483,12.2647648,-6.62127876,0.00000000332,0.01335391894
-18.1492348,12.5761013,-8.66607094,0.00000000356,0.01430031717
-19.4983234,12.2416391,-5.34326315,0.00000000292,0.01172841716
-17.5174274,12.4552689,-10.346241,0.00000000358,0.01438426247
-19.306612,12.2416391,-5.66276741,0.00000000273,0.01097799838
-18.9232349,12.6049995,-7.3880558,0.00000000352,0.01415794277
-17.354372,12.3913698,-5.34326315,0.00000000319,0.01279523359
-18.7315235,12.6049995,-7.70755959,0.00000000354,0.0142332471
-18.350235,12.5761013,-8.3465395,0.00000000355,0.01426094429
-18.919735,12.271101,-6.3017478,0.0000000033,0.01326110875
-20.1373196,12.2539244,-6.42954397,0.00000000336,0.01349692936
-20.0733891,12.2647629,-6.42954397,0.00000000331,0.01330353859
-20.0733891,12.2647629,-6.36563206,0.0000000033,0.01323761296
-18.7315483,12.2647648,-6.3017478,0.00000000324,0.01300696161
-18.7857361,12.271101,-6.3017478,0.0000000033,0.01327301634
-20.1725159,12.4552689,-4.83207893,0.00000000204,0.0081851406
-18.2162361,12.5761013,-8.3465395,0.00000000355,0.01424242864
-18.1492348,12.5761013,-8.3465395,0.00000000354,0.014236354
-19.306612,12.2416391,-5.34326315,0.00000000257,0.01030837694
-19.5562363,12.5761013,-8.47433662,0.00000000352,0.01412305855
-19.4892349,12.5761013,-8.41042423,0.00000000355,0.0142791433
-19.4892349,12.5761013,-8.47433662,0.00000000356,0.01428956474
-18.7315235,12.6049995,-7.3880558,0.00000000352,0.01414534833
-18.919735,12.271101,-5.98227119,0.00000000316,0.01270360621
-18.350235,12.5761013,-8.02706337,0.00000000353,0.01419262898
-19.690012,12.2416391,-4.70430994,0.00000000233,0.00936381096
-17.354372,12.4552689,-10.346241,0.00000000358,0.01438477182
-17.354372,12.3274698,-5.02378654,0.00000000303,0.01217127913
-19.1137352,12.5761013,-6.74910259,0.00000000343,0.0137771556
-19.4983234,12.2416391,-5.02378654,0.00000000271,0.01087458295
-19.7532349,12.5761013,-7.83535576,0.00000000348,0.01397914456
-19.6905613,12.5849104,-7.77147102,0.00000000347,0.01393748544
-19.6905613,12.5849104,-7.83535576,0.00000000347,0.013956258
-19.112957,12.2583036,-5.66276741,0.00000000278,0.01117070496
-18.9232349,12.6049995,-7.0685792,0.0000000035,0.01405048381
-18.539835,12.6049995,-7.70755959,0.00000000352,0.01412498709
-18.4102535,12.5883722,-7.70755959,0.00000000351,0.01409747365
-18.350235,12.5761013,-7.70755959,0.00000000351,0.01409081204
-18.919735,12.271101,-5.66276741,0.00000000299,0.01199671351
-18.9876461,12.2619915,-5.66276741,0.00000000291,0.01169420821
-17.389719,12.2520218,-7.89924002,0.00000000355,0.01427294823
-17.354372,12.2416391,-7.83535576,0.00000000356,0.01428834983
-18.539835,12.6049995,-7.3880558,0.00000000348,0.01398701839
-18.9232349,12.6049995,-6.74910259,0.00000000346,0.0138941734
-19.1167355,12.271101,-5.34326315,0.00000000257,0.01031093081
-19.3064842,12.5821724,-6.11004019,0.00000000192,0.00769630751
-19.9456196,12.6049995,-7.19637537,0.00000000344,0.01382466367
-19.881712,12.6049995,-7.13246346,0.00000000342,0.01373679881
-19.881712,12.6049995,-7.19637537,0.00000000343,0.01377643305
-17.354372,12.5191689,-8.79389477,0.00000000357,0.01435218634
-17.354372,12.4552689,-8.79389477,0.00000000357,0.01435109451
-17.354372,12.3913698,-4.70430994,0.00000000251,0.01007613783
-19.1137352,12.5761013,-6.42954397,0.00000000336,0.01350040018
-19.4892349,12.5761013,-5.47108698,0.00000000188,0.00755500087
-19.306612,12.2416391,-5.02378654,0.00000000246,0.00987891937
-20.1373196,12.6049995,-6.55736732,0.00000000338,0.01359015968
-20.1373196,12.6049995,-6.49345541,0.00000000337,0.01354495393
-20.0734119,12.6049995,-6.49345541,0.00000000337,0.0135231271
-20.0734119,12.6049995,-6.55736732,0.00000000338,0.01356678342
-17.5797348,12.271101,-7.26028681,0.00000000348,0.01398097942
-17.5127354,12.271101,-7.26028681,0.00000000348,0.01398195084
-17.5127354,12.271101,-7.19637537,0.00000000347,0.01395246603
-19.1137352,12.5761013,-6.11004019,0.00000000326,0.01308862336
-18.7315235,12.6049995,-7.0685792,0.00000000349,0.01401055522
-18.6037312,12.6049995,-7.0685792,0.00000000345,0.01384793825
-18.539835,12.6049995,-7.0685792,0.00000000343,0.01378112059
-19.112957,12.2583036,-5.02378654,0.00000000261,0.01048683087
-19.1788197,12.2416391,-5.02378654,0.00000000244,0.00979738698
-19.3064842,12.5821733,-5.79056358,0.00000000185,0.00744410053
-19.690012,12.6049995,-4.83207893,0.00000000136,0.00547145048
-19.306612,12.2416391,-4.70430994,0.000000002,0.00805262659
-18.7315235,12.6049995,-6.74910259,0.00000000344,0.01381717871
-19.4892349,12.5761013,-5.15158319,0.00000000163,0.00654570277
-19.3064842,12.5821743,-5.47108698,0.00000000188,0.00757107955
-17.7422104,12.2502956,-6.62127924,0.00000000335,0.01347137475
-17.7104721,12.2576952,-6.62127876,0.00000000336,0.01351143627
-17.7104721,12.2576952,-6.55736732,0.00000000334,0.0134264803
-18.7315235,12.2416391,-10.1996241,0.00000000358,0.01438348018
-19.4983234,12.6049995,-4.83207893,0.00000000128,0.00513570804
-20.1373196,12.6049995,-6.1739521,0.0000000033,0.01323915882
-18.9232349,12.6049995,-6.42954397,0.0000000034,0.01367429858
-17.9647236,12.2416391,-5.98227119,0.00000000311,0.01251199587
-17.9008274,12.2416391,-5.98227119,0.00000000307,0.01232351122
-17.9008274,12.2416391,-5.91835976,0.00000000304,0.01222338644
-18.7954197,12.6049995,-6.42954397,0.0000000034,0.01366862623
-18.7315235,12.6049995,-6.42954397,0.00000000337,0.01354744887
-18.7315483,12.2647648,-9.88014793,0.00000000358,0.01437580878
-18.539835,12.2416391,-10.1996241,0.00000000358,0.01438361042
-18.9232349,12.6049995,-6.11004019,0.00000000333,0.01338192836
-18.919735,12.271101,-9.56067085,0.00000000358,0.01437856067
-19.1137352,12.5761013,-5.79056358,0.00000000246,0.00987999781
-18.0925274,12.2416391,-5.34326315,0.00000000298,0.01198471319
-18.0925274,12.2416391,-5.27937889,0.00000000296,0.01187526772
-17.5174274,12.6049995,-7.32417107,0.00000000351,0.01411577076
-17.5174274,12.6049995,-7.3880558,0.00000000352,0.01413337565
-18.7315483,12.2647648,-9.56067085,0.00000000358,0.01437695239
-17.3896351,12.3913698,-4.49365044,0.00000000242,0.00970504689
-17.4535313,12.4552689,-4.49365044,0.00000000244,0.00980438576
-17.4535313,12.3913698,-4.49365044,0.00000000253,0.01015300316
-18.9894543,12.5881329,-5.79056358,0.0000000032,0.01284179165
-18.9232349,12.6049995,-5.79056358,0.00000000324,0.01300987496
-19.1137352,12.5761013,-5.47108698,0.0000000016,0.00642293051
-19.3064861,12.5821657,-5.15158319,0.00000000176,0.00707405457
-19.112957,12.2583036,-8.92166328,0.00000000357,0.01435782835
-19.306612,12.6049995,-4.83207893,0.00000000131,0.00526895574
-18.919735,12.271101,-9.24116707,0.00000000358,0.01437148163
-19.4983234,12.2416391,-10.346241,0.00000000358,0.01438833452
-19.1807346,12.5761013,-5.15158319,0.00000000176,0.00708539436
-19.1137352,12.5761013,-5.15158319,0.00000000174,0.00697943225
-18.919735,12.271101,-8.92166328,0.00000000357,0.014357914
-19.690012,12.2416391,-10.0079441,0.00000000358,0.01438093522
-19.6904087,12.2494402,-9.94403172,0.00000000358,0.01437837515
-18.348135,12.2416391,-10.1996241,0.00000000358,0.01438654514
-18.5442352,12.271101,-9.88014793,0.00000000358,0.01437730205
-17.7085209,12.5854769,-6.68519068,0.0000000034,0.01367496489
-17.7085209,12.5854769,-6.74910259,0.00000000341,0.0137165482
-18.2842274,12.2416391,-4.70430994,0.00000000254,0.01021704752
-18.2842274,12.2416391,-4.6403985,0.00000000252,0.01011623944
-18.3469486,12.258604,-9.88014793,0.00000000358,0.01438196819
-18.411478,12.2614498,-9.88014793,0.00000000358,0.01438061412
-19.112957,12.2583036,-8.6021595,0.00000000357,0.01433606664
-18.5442352,12.271101,-9.56067085,0.00000000358,0.01437797909
-19.306612,12.2416391,-8.28265572,0.00000000356,0.01431090456
-18.7315483,12.2647648,-9.24116707,0.00000000358,0.01437330042
-19.112957,12.2583036,-8.28265572,0.00000000356,0.01430183808
-19.8842354,12.271101,-9.36896324,0.00000000357,0.01435982917
-19.8842354,12.271101,-9.30507851,0.00000000357,0.01435499977
-20.1725159,12.4552689,-7.77147102,0.00000000353,0.01417783483
-18.5442352,12.271101,-9.24116707,0.00000000358,0.01437033714
-18.6035748,12.2643738,-9.24116707,0.00000000358,0.0143707921
-18.7315483,12.2647648,-8.92166328,0.00000000358,0.01436343024
-19.306612,12.2416391,-7.96315193,0.00000000355,0.01426433485
-17.9006729,12.5823336,-6.04615545,0.00000000198,0.00794274227
-17.9006729,12.5823336,-6.11004019,0.00000000199,0.00798684551
-18.7315235,12.6049995,-10.0079441,0.00000000358,0.01438377276
-19.4983234,12.2416391,-7.64364767,0.00000000353,0.01416816889
-18.919735,12.271101,-8.6021595,0.00000000357,0.01433853306
-18.9232349,12.6049995,-9.68843937,0.00000000358,0.01438007624
-17.354372,12.6049995,-4.70430994,0.00000000201,0.0080782472
-18.7315483,12.2647648,-8.6021595,0.00000000357,0.01434394316
-18.7857361,12.271101,-8.6021595,0.00000000357,0.0143474176
-19.306612,12.2416391,-7.64364767,0.00000000353,0.01419153001
-18.7315235,12.6049995,-9.68843937,0.00000000358,0.01437852412
-17.354372,12.3913698,-7.64364767,0.00000000354,0.01423515688
-20.0733891,12.2647629,-8.72998333,0.00000000356,0.01430412075
-20.0733891,12.2647629,-8.66607094,0.00000000356,0.01429744042
-18.919735,12.271101,-8.28265572,0.00000000356,0.01430742208
-20.1725159,12.3913698,-7.45196772,0.00000000351,0.01408454027
-19.6921558,12.2585497,-7.00469446,0.00000000343,0.01376575113
-19.4983234,12.2416391,-7.32417107,0.00000000349,0.01403564595
-19.112957,12.2583036,-7.96315193,0.00000000355,0.01424890919
-20.1725159,12.4552689,-7.13246346,0.00000000348,0.01399589312
-18.539835,12.6049995,-10.0079441,0.00000000358,0.01438199494
-18.9232349,12.6049995,-9.36896324,0.00000000358,0.01436656481
-19.1137352,12.5761013,-9.04948616,0.00000000357,0.01434964676
-18.0822353,12.5761013,-5.40717506,0.00000000165,0.00663367421
-18.0822353,12.5761013,-5.47108698,0.0000000017,0.00681503253
-18.4120426,12.6049995,-10.0079441,0.00000000358,0.01438210911
-18.348135,12.6049995,-10.0079441,0.00000000358,0.01438257299
-18.919735,12.271101,-7.96315193,0.00000000355,0.01425716839
-18.9876461,12.2619915,-7.96315193,0.00000000355,0.01425199467
-19.4983234,12.2416391,-7.00469446,0.00000000342,0.0137424221
-17.354372,12.3274698,-7.32417107,0.00000000353,0.01416585143
-19.112957,12.2583036,-7.64364767,0.00000000353,0.01417427297
-18.9232349,12.6049995,-9.04948616,0.00000000357,0.01435534763
-19.690012,12.6049995,-10.0718555,0.00000000358,0.01437732523
-19.690012,12.6049995,-10.1357403,0.00000000358,0.01437806827
-18.539835,12.6049995,-9.68843937,0.00000000358,0.0143788506
-19.8842354,12.271101,-6.36563206,0.00000000321,0.01290292801
-18.6676273,12.5191689,-4.49365044,0.00000000196,0.00788653964
-18.6037312,12.5191689,-4.49365044,0.00000000196,0.00787834643
-18.6037312,12.6049995,-4.49365044,0.00000000191,0.00766451327
-18.6676273,12.606101,-4.49278641,0.00000000191,0.00767028372
-17.354372,12.3913698,-7.00469446,0.0000000035,0.01405831397
-18.2842274,12.6049995,-4.76819468,0.00000000116,0.00465492501
-18.2842274,12.6049995,-4.83207893,0.00000000121,0.00486674716
-19.6921558,12.2585497,-6.68519068,0.00000000333,0.01338644734
-19.306612,12.2416391,-7.32417107,0.0000000035,0.01405708211
-19.3661633,12.7108688,-10.07547,0.00000000358,0.01439174384
-19.3064842,12.5821724,-8.41042423,0.00000000356,0.01428780211
-19.1137352,12.5761013,-8.72998333,0.00000000357,0.0143314005
-18.7315235,12.6049995,-9.36896324,0.00000000358,0.01436940231
-19.112957,12.2583036,-7.32417107,0.0000000035,0.01406348592
-19.1788197,12.2416391,-7.32417107,0.0000000035,0.01405851556
-19.6921558,12.2585497,-6.36563206,0.0000000032,0.0128469957
-18.6037312,12.6049995,-9.36896324,0.00000000358,0.01436459967
-18.539835,12.6049995,-9.36896324,0.00000000358,0.01436311624
-17.354372,12.2416391,-10.1357403,0.00000000358,0.01438240081
-19.306612,12.2416391,-7.00469446,0.00000000343,0.0137813356
-19.1137352,12.5761013,-8.41042423,0.00000000356,0.01430381033
-18.7315235,12.6049995,-9.04948616,0.00000000358,0.01436187546
-20.0733891,12.2647629,-5.72667885,0.00000000315,0.01266433144
-19.881712,12.6049995,-9.43284798,0.00000000357,0.01434415278
-19.881712,12.6049995,-9.49675941,0.00000000357,0.01436091741
-19.4892349,12.5761013,-7.77147102,0.00000000346,0.01390815135
-20.1725159,12.4552689,-6.49345541,0.0000000034,0.01366915965
-20.1725159,12.3913698,-6.81298685,0.00000000344,0.01381833658
-19.4983234,12.2416391,-6.68519068,0.00000000332,0.01333177904
-19.8842354,12.271101,-6.04615545,0.00000000309,0.01242608277
-18.9232349,12.6049995,-8.72998333,0.00000000357,0.01434031445
-19.3064842,12.5821733,-8.09094715,0.00000000355,0.01424308161
-19.306612,12.2416391,-6.68519068,0.00000000334,0.01342474354
-19.3705196,12.2416391,-6.68519068,0.00000000333,0.01338426723
-20.1725159,12.3274698,-5.15158319,0.00000000302,0.01214042056
-20.1373196,12.6049995,-8.85777855,0.00000000356,0.014296601
-20.1373196,12.6049995,-8.79389477,0.00000000356,0.01429085639
-20.0734119,12.6049995,-8.79389477,0.00000000356,0.01428201829
-20.0734119,12.6049995,-8.85777855,0.00000000356,0.01428807774
-17.5127354,12.271101,-9.56067085,0.00000000358,0.0143759747
-17.5127354,12.271101,-9.49675941,0.00000000358,0.01437506751
-19.6905613,12.5849104,-7.13246346,0.0000000034,0.01364121442
-19.8842354,12.271101,-5.72667885,0.00000000298,0.01195452989
-18.7954197,12.6049995,-8.72998333,0.00000000357,0.01435069041
-18.7315235,12.6049995,-8.72998333,0.00000000357,0.01434845145
-19.4983234,12.2416391,-6.36563206,0.00000000323,0.0129572556
-19.3064842,12.5821733,-7.77147102,0.00000000353,0.01417488135
-20.1373196,12.6049995,-8.47433662,0.00000000355,0.01425722367
-18.9232349,12.6049995,-8.41042423,0.00000000356,0.01431950452
-20.1725159,12.3913698,-6.1739521,0.00000000333,0.01339209651
-20.1725159,12.4552689,-6.1739521,0.00000000334,0.01343170934
-20.0733891,12.2647705,-5.40717506,0.00000000312,0.01252623611
-17.7104721,12.2576962,-8.92166328,0.00000000357,0.01435007312
-17.7104721,12.2576962,-8.85777855,0.00000000357,0.01434558716
-19.4892349,12.5761013,-7.45196772,0.00000000342,0.01373135038
-17.354372,12.3274698,-6.68519068,0.00000000346,0.01390974273
-19.881712,12.6049995,-6.49345541,0.00000000331,0.0132881655
-20.0733891,12.2647705,-5.08767128,0.00000000303,0.01217192403
-17.354372,12.3913698,-6.36563206,0.00000000342,0.01375441354
-19.6921558,12.2585497,-6.04615545,0.00000000309,0.01240218916
-20.1725159,12.5191689,-6.62127876,0.00000000342,0.01375704142
-20.1725159,12.5191689,-6.55736732,0.00000000342,0.01372050251
-20.1065178,12.5149755,-6.55736732,0.0000000034,0.01365533065
-19.4892349,12.5761013,-7.13246346,0.00000000332,0.01332855528
-19.1137352,12.5761013,-8.09094715,0.00000000355,0.01426336435
-19.4983234,12.2416391,-6.04615545,0.00000000314,0.01262383999
-19.5622196,12.2416391,-6.04615545,0.00000000314,0.0126224868
-19.6905613,12.5849104,-6.81298685,0.00000000333,0.01339576716
-17.354372,12.2416391,-5.08767128,0.00000000307,0.01234447277
-18.9894543,12.5881329,-8.09094715,0.00000000355,0.01427958485
-18.9232349,12.6049995,-8.09094715,0.00000000356,0.01428893142
-20.1725159,12.5191689,-6.23786354,0.00000000336,0.01348991897
-17.9008274,12.2416391,-8.28265572,0.00000000356,0.01430786812
-17.9008274,12.2416391,-8.21874428,0.00000000356,0.01429963475
-19.6905613,12.5849104,-6.49345541,0.00000000324,0.01299894148
-19.6921558,12.2585497,-5.72667885,0.00000000297,0.01192549288
-17.5127354,12.271101,-6.55736732,0.00000000338,0.01357058788
-20.0734119,12.6049995,-5.85444784,0.00000000316,0.01270847393
-20.1373196,12.6049995,-5.85444784,0.00000000313,0.01256458313
-17.354372,12.3913698,-6.04615545,0.00000000337,0.01354574514
-17.354372,12.3274698,-6.04615545,0.00000000335,0.01347236224
-19.1137352,12.5761013,-7.77147102,0.00000000354,0.01420557308
-19.881712,12.6049995,-6.1739521,0.00000000325,0.01306205454
-18.0925274,12.2416391,-7.64364767,0.00000000354,0.0142304836
-18.0925274,12.2416391,-7.57976341,0.00000000354,0.01421214101
-19.8842354,12.271101,-5.40717506,0.00000000286,0.0114854836
-17.5174274,12.6049995,-9.62455559,0.00000000358,0.01437755896
-17.5174274,12.6049995,-9.68843937,0.00000000358,0.0143788827
-19.3064842,12.5821733,-7.45196772,0.0000000035,0.01407030453
-19.6921558,12.2585497,-5.40717506,0.00000000282,0.01132724283
-19.7542362,12.271101,-5.40717506,0.00000000281,0.01130794401
-17.7104721,12.2576962,-5.91835976,0.00000000306,0.01230662707
-19.881712,12.6049995,-5.85444784,0.00000000301,0.0120877495
-19.8842354,12.271101,-5.08767128,0.00000000287,0.01154787412
-17.5127354,12.271101,-6.23786354,0.00000000328,0.01318259853
-19.3064842,12.5821733,-7.13246346,0.00000000347,0.01392299459
-20.0734119,12.2416391,-4.76819468,0.00000000286,0.01147284099
-20.1373196,12.6049995,-5.53497124,0.00000000189,0.00758660155
-20.0734119,12.6049995,-5.53497124,0.00000000238,0.00957148295
-19.4892349,12.5761013,-6.81298685,0.00000000298,0.01198460524
-17.7085209,12.5854778,-8.98557568,0.00000000356,0.01432162485
-17.7085209,12.5854778,-9.04948616,0.00000000357,0.01432722938
-17.9008274,12.2416391,-5.27937889,0.00000000279,0.01121351122
-18.3150311,12.2511892,-7.00469446,0.00000000341,0.01371140658
-18.3150311,12.2511892,-6.94078302,0.0000000034,0.01364186294
-17.5127354,12.271101,-5.91835976,0.00000000314,0.01262769262
-20.1373196,12.6049995,-5.21549463,4.6E-10,0.00184784208
-20.0734119,12.6049995,-5.21549463,0.00000000105,0.00422916485
-19.4892349,12.5761013,-6.49345541,0.00000000236,0.00948993096
-20.1725159,12.4552689,-10.0718555,0.00000000358,0.01437726903
-17.7104721,12.2576962,-5.5988555,0.00000000296,0.01187315807
-19.6905613,12.5849104,-6.1739521,0.00000000213,0.00856680463
-19.5705528,12.8609858,-10.0755053,0.00000000358,0.01439174384
-19.5386047,12.8621016,-10.1120291,0.00000000358,0.01439174384
-19.4983234,12.2416391,-9.94403172,0.00000000358,0.01438582528
-17.7104721,12.2576962,-5.27937889,0.00000000286,0.01149757402
-19.6905613,12.5849104,-5.85444784,0.00000000196,0.0078931076
-19.306612,12.2416391,-10.2635365,0.00000000358,0.01438886083
-19.881712,12.6049995,-5.53497124,0.00000000212,0.00851610759
-17.5174274,12.6049995,-6.68519068,0.00000000345,0.01386440673
-18.0953579,12.2416391,-4.70067072,0.00000000198,0.00795757386
-18.0925274,12.2416391,-4.6403985,0.00000000216,0.00865964608
-18.4772358,12.271101,-6.36563206,0.00000000317,0.01274644903
-18.4772358,12.271101,-6.3017478,0.00000000314,0.01261708205
-17.9006729,12.5823336,-8.3465395,0.00000000354,0.01421040871
-17.9006729,12.5823336,-8.41042423,0.00000000354,0.01421970799
-17.9008274,12.2416391,-4.95990229,0.00000000269,0.01081809578
-19.306612,12.2416391,-9.94403172,0.00000000358,0.01438537482
-20.1725159,12.3913698,-9.75235176,0.00000000357,0.01435685604
-19.881712,12.6049995,-5.21549463,0.00000000153,0.00613142558
-17.5127354,12.271101,-5.5988555,0.0000000031,0.01244580446
-17.9008274,12.2416391,-4.6403985,0.00000000225,0.00903934678
-20.0734119,12.6049995,-4.89599085,7.7E-10,0.00309348405
-19.6921558,12.2585497,-9.30507851,0.00000000357,0.01436159714
-19.4983234,12.2416391,-9.62455559,0.00000000358,0.01437153779
-20.1725159,12.4552689,-9.43284798,0.00000000357,0.01434793676
-20.0734119,12.6049995,-4.57648659,0.0000000022,0.00883592971
-18.678236,12.271101,-5.72667885,0.00000000305,0.01226909444
-18.678236,12.271101,-5.66276741,0.00000000305,0.01227209428
-17.5127354,12.271101,-5.27937889,0.00000000311,0.01249580482
-17.5174274,12.6049995,-6.36563206,0.0000000034,0.01366026265
-17.7085209,12.5854769,-6.04615545,0.00000000325,0.01306550042
-18.0822353,12.5761013,-7.70755959,0.00000000348,0.01399751748
-18.0822353,12.5761013,-7.77147102,0.00000000349,0.01403904901
-19.4983234,12.2416391,-9.30507851,0.00000000358,0.01436186473
-19.1149235,12.2416391,-10.2635365,0.00000000358,0.01438732654
-17.354372,12.3913698,-9.94403172,0.00000000358,0.0143780888
-17.7104778,12.2576876,-4.95990229,0.00000000291,0.01169333758
-18.0262585,12.1996698,-4.69924259,0.00000000199,0.00798439689
-18.0953598,12.1996698,-4.7006712,0.00000000194,0.00777887732
-19.1145515,12.249383,-9.94403172,0.00000000358,0.01438172466
-19.6921558,12.2585497,-8.98557568,0.00000000357,0.01434511259
-17.5174274,12.6049995,-6.04615545,0.00000000334,0.01339978751
-19.8842354,12.271101,-8.66607094,0.00000000356,0.01429550561
-17.709116,12.2416391,-4.6403985,0.00000000262,0.01053423191
-19.306612,12.2416391,-9.62455559,0.00000000358,0.01437809149
-17.7085209,12.5854769,-5.72667885,0.00000000226,0.0090701393
-17.354372,12.3274698,-9.62455559,0.00000000358,0.01437359569
-18.2832355,12.5761013,-7.0685792,0.00000000341,0.01369489443
-18.2832355,12.5761013,-7.13246346,0.00000000342,0.01375143596
-19.6921558,12.2585497,-8.66607094,0.00000000356,0.01431712282
-17.9006729,12.5823355,-5.40717506,0.00000000175,0.00703022161
-18.8527355,12.271101,-5.08767128,0.00000000287,0.01154256574
-18.8527355,12.271101,-5.02378654,0.00000000285,0.0114447718
-19.306612,12.2416391,-9.30507851,0.00000000358,0.01436944602
-19.8842354,12.271101,-8.3465395,0.00000000355,0.01424274086
-17.354372,12.3913698,-9.30507851,0.00000000358,0.01436782878
-17.7085209,12.5854769,-5.40717506,0.00000000164,0.00659910088
-20.0733891,12.2647629,-8.02706337,0.00000000353,0.01419178511
-19.4983234,12.2416391,-8.98557568,0.00000000357,0.01435193923
-17.9006729,12.5823374,-5.08767128,0.00000000138,0.00556026531
-17.5174274,12.4552689,-4.49365044,0.00000000242,0.00970573196
-17.5813236,12.4552689,-4.49365044,0.00000000232,0.00931061355
-20.1725159,12.4552689,-8.79389477,0.00000000356,0.01430952996
-18.4759388,12.6049995,-6.42954397,0.00000000324,0.01302793658
-18.4759388,12.6049995,-6.49345541,0.00000000327,0.01312526483
-20.1725159,12.3913698,-9.1133709,0.00000000357,0.01433273939
-17.5174274,12.6049995,-5.72667885,0.00000000324,0.01300563964
-19.8842354,12.271101,-8.02706337,0.00000000352,0.01415220707
-18.0925274,12.6049995,-4.76819468,0.00000000136,0.00548111819
-20.0733891,12.2647629,-7.70755959,0.0000000035,0.01407949944
-19.4983234,12.2416391,-8.66607094,0.00000000357,0.01434032783
-19.306612,12.6049995,-10.0718555,0.00000000358,0.01438543725
-20.1725159,12.3274698,-7.45196772,0.00000000351,0.0141007884
-19.4892349,12.5761013,-9.75235176,0.00000000358,0.01436542302
-19.6905613,12.5849104,-9.43284798,0.00000000358,0.0143636595
-17.5174274,12.6049995,-5.40717506,0.00000000268,0.0107534074
-20.1725159,12.3913698,-8.47433662,0.00000000356,0.0142815473
-20.1725159,12.4552689,-8.47433662,0.00000000356,0.014281756
-19.6872349,12.271101,-8.3465395,0.00000000355,0.01427746006
-17.9008274,12.6049995,-4.76819468,0.00000000177,0.00712395193
-18.6676273,12.6049995,-5.79056358,0.00000000304,0.01220039909
-18.6676273,12.6049995,-5.85444784,0.00000000308,0.01237095328
-17.7085209,12.5854769,-5.08767128,0.00000000151,0.00607975221
-20.0733891,12.2647629,-7.3880558,0.00000000347,0.01395099863
-19.6905613,12.5849104,-9.1133709,0.00000000353,0.01418336621
-17.354372,12.3274698,-8.98557568,0.00000000358,0.01436211899
-20.1725159,12.5191689,-8.92166328,0.00000000356,0.01432067214
-20.1725159,12.5191689,-8.85777855,0.00000000356,0.01431619599
-20.1065178,12.5149755,-8.85777855,0.00000000356,0.01430639807
-19.4892349,12.5761013,-9.43284798,0.00000000358,0.01436294945
-19.881712,12.6049995,-8.79389477,0.00000000354,0.01422685397
-19.6921558,12.2585497,-8.02706337,0.00000000354,0.01420877186
-17.354372,12.3913698,-8.66607094,0.00000000357,0.01434402523
-17.354372,12.2416391,-7.3880558,0.00000000354,0.01420202284
-19.1149235,12.6049995,-10.0718555,0.00000000358,0.01438401894
-19.8842354,12.271101,-7.70755959,0.00000000349,0.01400549837
-18.8593273,12.6049995,-5.15158319,0.00000000206,0.00828408791
-18.8593273,12.6049995,-5.21549463,0.00000000241,0.00968795489
-20.1725159,12.5191689,-8.53824806,0.00000000356,0.01429011692
-19.3064842,12.5821724,-9.75235176,0.00000000358,0.01438131433
-19.881712,12.6049995,-8.47433662,0.00000000353,0.01417420428
-17.354372,12.3913698,-8.3465395,0.00000000357,0.01432369167
-17.354372,12.3274698,-8.3465395,0.00000000357,0.01433082422
-17.709116,12.6049995,-4.76819468,0.00000000164,0.00659108561
-20.0734119,12.6049995,-8.15483189,0.00000000353,0.01419750831
-20.1373196,12.6049995,-8.15483189,0.00000000354,0.0142111687
-17.5127354,12.271101,-8.85777855,0.00000000357,0.0143457834
-19.6905613,12.5849104,-8.79389477,0.00000000353,0.01417628448
-19.0510273,12.6049995,-4.57648659,0.00000000171,0.0068855913
-18.0925274,12.5191689,-4.49365044,0.00000000172,0.00689135865
-18.0286198,12.5191689,-4.49365044,0.00000000191,0.00768172386
-18.0925274,12.2416391,-9.94403172,0.00000000358,0.01438699118
-18.0925274,12.2416391,-9.88014793,0.00000000358,0.01438431955
-17.5127354,12.271101,-8.53824806,0.00000000356,0.01431830386
-20.0733891,12.2647629,-7.0685792,0.00000000344,0.01382618546
-19.8842354,12.271101,-7.3880558,0.00000000345,0.01387578887
-20.1373196,12.6049995,-7.83535576,0.00000000352,0.01414989142
-20.0734119,12.6049995,-7.83535576,0.00000000352,0.0141326674
-19.881712,12.6049995,-8.15483189,0.00000000351,0.01410183206
-17.7104721,12.2576952,-8.21874428,0.00000000355,0.01426336612
-18.3150311,12.2511892,-9.30507851,0.00000000358,0.01437217738
-18.3150311,12.2511892,-9.24116802,0.00000000358,0.01437024972
-19.3064842,12.5821724,-9.43284798,0.00000000358,0.01437819494
-19.4892349,12.5761013,-9.1133709,0.00000000357,0.01435119708
-20.1725159,12.5191689,-5.91835976,0.00000000327,0.01314838242
-17.7104721,12.2576952,-7.89924002,0.00000000353,0.01419515783
-17.9008274,12.2416391,-7.57976341,0.00000000353,0.01416256877
-20.1725159,12.5191689,-5.5988555,0.00000000316,0.01267872153
-17.5127354,12.271101,-8.21874428,0.00000000355,0.01427331039
-19.6905613,12.5849104,-8.47433662,0.00000000351,0.01411993562
-20.1373196,12.6049995,-7.51587915,0.0000000035,0.01407103419
-20.0734119,12.6049995,-7.51587915,0.0000000035,0.01405457909
-20.0733891,12.2647629,-6.74910259,0.00000000339,0.01362057848
-18.4772358,12.271101,-8.66607094,0.00000000357,0.01432966282
-18.4772358,12.271101,-8.6021595,0.00000000357,0.01432205478
-19.4892349,12.5761013,-8.79389477,0.00000000357,0.01432631866
-17.5174274,12.6049995,-8.98557568,0.00000000357,0.0143388863
-17.9008274,12.2416391,-7.26028681,0.00000000349,0.01402091604
-18.0925274,12.2416391,-6.94078302,0.00000000343,0.01377161526
-19.881712,12.6049995,-7.83535576,0.00000000349,0.01401563618
-17.7104721,12.2576952,-7.57976341,0.00000000351,0.01410609501
-20.0734119,12.2416391,-10.346241,0.00000000358,0.01438144457
-19.6905613,12.5849104,-8.15483189,0.0000000035,0.01404249043
-20.1725159,12.5191689,-5.27937889,0.00000000289,0.0116147203
-17.6452198,12.4552689,-4.49365044,0.00000000223,0.00894618957
-18.678236,12.271101,-8.02706337,0.00000000354,0.0142247301
-18.678236,12.271101,-7.96315193,0.00000000354,0.01420556324
-18.0925274,12.2416391,-6.62127876,0.00000000334,0.01343348089
-17.5174274,12.6049995,-8.66607094,0.00000000356,0.01431915842
-19.3945866,12.1357698,-4.72838974,0.00000000171,0.00688468009
-17.9008274,12.2416391,-6.94078302,0.00000000343,0.01378965366
-17.5127354,12.271101,-7.89924002,0.00000000354,0.01420468193
-19.881712,12.2416391,-10.346241,0.00000000358,0.01438360684
-17.3896351,12.6049995,-5.21549463,6.75E-10,0.00271069383
-17.4204388,12.5149755,-5.21549463,0.00000000178,0.00715731171
-17.7085209,12.5854769,-8.3465395,0.00000000355,0.01424986185
-18.3150311,12.2511892,-6.3017478,0.00000000316,0.01269400181
-20.1373196,12.6049995,-7.19637537,0.00000000347,0.01395400474
-20.0734119,12.6049995,-7.19637537,0.00000000347,0.01393775572
-19.881712,12.6049995,-7.51587915,0.00000000347,0.01392201514
-18.3150311,12.2511892,-5.98227119,0.00000000299,0.01200813851
-19.247736,12.5761013,-7.51587915,0.00000000351,0.01410546438
-19.247736,12.5761013,-7.45196772,0.00000000351,0.01408153505
-17.5174274,12.6049995,-8.3465395,0.00000000356,0.01429336656
-17.7104721,12.2576952,-7.26028681,0.00000000348,0.01398147985
-18.0925274,12.2416391,-6.3017478,0.00000000328,0.01315957551
-18.2832355,12.5761013,-9.36896324,0.00000000358,0.01436752194
-18.2832355,12.5761013,-9.43284798,0.00000000358,0.01437344404
-18.8527355,12.271101,-7.3880558,0.00000000351,0.01411451122
-18.8527355,12.271101,-7.32417107,0.00000000351,0.01409018763
-17.7085209,12.5854769,-8.02706337,0.00000000353,0.01419508918
-20.1725159,12.5191689,-4.95990229,0.0000000022,0.0088367361
-20.1373196,12.6049995,-6.87687111,0.00000000343,0.01378801862
-20.0734119,12.6049995,-6.87687111,0.00000000343,0.01376569223
-17.5127354,12.271101,-7.57976341,0.00000000351,0.01410900748
-18.4772358,12.271101,-5.66276741,0.00000000274,0.01099756303
-20.0095158,12.2416391,-4.83207893,0.0000000029,0.01164939313
-20.0095158,12.2416391,-4.76819468,0.00000000287,0.01152813105
-17.9006729,12.5823336,-7.70755959,0.0000000035,0.01406771409
-19.4344749,12.5822334,-6.87687111,0.00000000329,0.01320547971
-19.4344749,12.5822334,-6.81298685,0.00000000319,0.01279779366
-17.9008274,12.2416391,-6.62127876,0.00000000332,0.0133546611
-18.1607037,12.8609858,-10.0755053,0.00000000358,0.01439174384
-18.1307106,12.8621016,-10.1099949,0.00000000358,0.01439174384
-18.1322575,12.7747688,-10.1115437,0.00000000358,0.01439174384
-17.7104721,12.2576952,-6.94078302,0.00000000344,0.01380177446
-17.9006729,12.5823336,-7.3880558,0.00000000347,0.01395212793
-18.4772358,12.271101,-5.34326315,0.00000000267,0.01073622533
-19.0537357,12.271101,-6.74910259,0.0000000034,0.01366101373
-19.0537357,12.271101,-6.68519068,0.00000000339,0.01359949468
-18.3150311,12.2511892,-5.66276741,0.00000000284,0.01141548411
-19.6232357,12.5761013,-6.23786354,0.00000000222,0.00890562765
-19.6232357,12.5761013,-6.1739521,0.00000000214,0.00859585863
-17.7085209,12.5854769,-7.70755959,0.00000000351,0.01412014789
-18.4759388,12.6049995,-8.72998333,0.00000000356,0.0143170452
-18.4759388,12.6049995,-8.79389477,0.00000000357,0.01432312434
-18.0925274,12.2416391,-5.98227119,0.0000000032,0.0128441359
-17.5174274,12.6049995,-8.02706337,0.00000000355,0.01425745563
-17.9008274,12.2416391,-6.3017478,0.00000000319,0.01281683831
-20.0734119,12.2416391,-10.0079441,0.00000000358,0.0143633339
-19.8154697,12.5880909,-5.5988555,0.00000000178,0.00714841737
-19.8154697,12.5880909,-5.53497124,0.00000000172,0.00690259721
-18.678236,12.271101,-5.02378654,0.00000000287,0.01153263485
-20.1725159,12.3274698,-9.75235176,0.00000000357,0.01435900494
-18.0822353,12.5761013,-7.0685792,0.00000000311,0.01250949289
-19.2427158,12.2416391,-6.11004019,0.00000000305,0.0122388514
-19.2427158,12.2416391,-6.04615545,0.000000003,0.01206155353
-18.3150311,12.2511892,-5.34326315,0.00000000275,0.01103463094
-17.5174274,12.6049995,-7.70755959,0.00000000354,0.01420618319
-18.0925274,12.2416391,-5.66276741,0.0000000031,0.01246322203
-20.0095158,12.6049995,-4.95990229,6.12E-10,0.00245965269
-20.0095158,12.6049995,-4.89599085,7.94E-10,0.0031900637
-17.4537582,12.2639217,-5.5988555,0.0000000032,0.01286842201
-17.4537582,12.2639217,-5.66276741,0.00000000321,0.01289967303
-18.0822353,12.5761013,-6.74910259,0.00000000242,0.00973211076
-18.6676273,12.2416391,-4.70430994,0.00000000259,0.01039600542
-18.4772358,12.271101,-5.02378654,0.0000000028,0.01125662609
-18.6676273,12.6049995,-8.09094715,0.00000000355,0.01427516754
-18.6676273,12.6049995,-8.15483189,0.00000000356,0.01428426082
-17.9006729,12.5823336,-7.0685792,0.00000000344,0.01380140426
-17.7085209,12.5854769,-7.3880558,0.00000000349,0.01402019261
-19.3919258,12.6469688,-9.96491814,0.00000000358,0.0143917804
-18.2832355,12.5761013,-6.42954397,0.00000000289,0.01159446789
-19.0510273,12.2416391,-10.2635365,0.00000000358,0.01438677975
-20.0733891,12.2647629,-9.68843937,0.00000000358,0.01436210915
-19.881712,12.2416391,-10.0079441,0.00000000358,0.01436921856
-17.6458168,12.2611341,-5.02378654,0.00000000298,0.01195148634
-17.6458168,12.2611341,-4.95990229,0.00000000296,0.01189776174
-19.4344273,12.2416391,-5.47108698,0.00000000291,0.01170184835
-19.4344273,12.2416391,-5.40717506,0.0000000029,0.01164322839
-18.2832355,12.5761013,-6.11004019,0.00000000227,0.00911819151
-18.8593273,12.6049995,-7.45196772,0.00000000353,0.01418890121
-18.8593273,12.6049995,-7.51587915,0.00000000354,0.01420437508
-18.0822353,12.5761013,-6.42954397,0.00000000227,0.00911633078
-18.3150311,12.2511892,-5.02378702,0.00000000258,0.01036403273
-17.7085209,12.5854769,-7.0685792,0.00000000346,0.01389019234
-18.4759388,12.2416391,-4.70430994,0.00000000264,0.01059810051
-17.9006729,12.5823336,-6.74910259,0.00000000337,0.01352964416
-18.4759388,12.6049995,-5.79056358,0.00000000281,0.01130303788
-19.2427158,12.2416391,-9.68843937,0.00000000358,0.01438062392
-19.2427158,12.2416391,-9.62455559,0.00000000358,0.01437926446
-17.354372,12.2416391,-9.68843937,0.00000000358,0.01437463581
-17.9549427,12.8609858,-10.0030518,0.00000000358,0.01439174384
-19.8842354,12.271101,-9.68843937,0.00000000358,0.01436996429
-20.0733891,12.2647629,-9.36896324,0.00000000357,0.01435704695
-18.2832355,12.5761013,-5.79056358,0.00000000165,0.00663688684
-18.4759388,12.6049995,-5.47108698,0.00000000177,0.00710627211
-19.6261158,12.2416391,-4.83207893,0.00000000232,0.00932143825
-19.6261158,12.2416391,-4.76819468,0.0000000022,0.00883134115
-18.6676273,12.6049995,-5.15158319,0.00000000195,0.00781645989
-19.4344273,12.2416391,-9.04948616,0.00000000357,0.01435773736
-19.4344273,12.2416391,-8.98557568,0.00000000357,0.014356204
-19.0507355,12.5761013,-6.81298685,0.00000000345,0.01386332025
-19.0507355,12.5761013,-6.87687111,0.00000000346,0.01390088141
-17.9006729,12.5823336,-6.42954397,0.0000000026,0.0104463724
-20.0734119,12.6049995,-10.1357403,0.00000000358,0.01437721552
-17.4535313,12.6049995,-5.79056358,0.00000000322,0.01292936658
-17.4535313,12.6049995,-5.72667885,0.0000000031,0.01245683874
-17.3896351,12.6049995,-5.72667885,0.00000000298,0.01195819254
-20.1725159,12.5191689,-8.21874428,0.00000000355,0.01425551367
-18.0822353,12.5761013,-6.11004019,0.00000000212,0.00851802188
-18.4759388,12.6049995,-5.15158319,0.00000000156,0.00625409259
-18.6676273,12.6049995,-4.83207893,0.0000000013,0.00523120368
-19.247736,12.5761013,-6.1739521,0.0000000028,0.01123511771
-19.247736,12.5761013,-6.23786354,0.00000000306,0.01227707268
-20.0733891,12.2647629,-9.04948616,0.00000000357,0.01433296689
-18.8593273,12.6049995,-4.49365044,0.00000000188,0.00757113037
-17.354372,12.4552689,-5.98227119,0.00000000337,0.01354484599
-20.1373196,12.6049995,-6.04615545,0.00000000325,0.01304535503
-20.1373196,12.6049995,-6.11004019,0.00000000327,0.01315024854
-20.1065178,12.5149755,-6.11004019,0.0000000033,0.0132579082
-19.4344749,12.5822334,-5.53497124,0.00000000197,0.0079066645
-19.4344749,12.5822334,-5.5988555,0.000000002,0.00803306997
-20.1373196,12.6049995,-9.8162632,0.00000000358,0.01437467683
-20.0734119,12.6049995,-9.8162632,0.00000000358,0.01437380355
-17.9008274,12.2416391,-9.88014793,0.00000000358,0.01438398684
-19.6261158,12.2416391,-8.41042423,0.00000000356,0.01429762236
-19.6261158,12.2416391,-8.3465395,0.00000000356,0.01429149152
-17.709116,12.2416391,-10.1996241,0.00000000358,0.01438484851
-18.0822353,12.5761013,-5.79056358,0.0000000019,0.00764961383
-18.0925274,12.2416391,-9.24116707,0.00000000358,0.01436954951
-19.6262493,12.5946283,-4.89599085,0.00000000152,0.006100807
-19.6232357,12.5761013,-4.95990229,0.00000000145,0.00582458505
-20.1725159,12.5191689,-7.89924002,0.00000000354,0.01420782454
-18.2832355,12.5761013,-5.47108698,0.00000000172,0.00690675315
-17.6438637,12.5888662,-5.15158319,0.00000000147,0.00589868692
-17.6438637,12.5888662,-5.08767128,0.00000000142,0.00572098587
-17.9008274,12.2416391,-9.56067085,0.00000000358,0.01437619862
-18.3150311,12.2511892,-8.60216045,0.00000000357,0.0143291321
-18.6676273,12.2416391,-10.2635365,0.00000000358,0.01438480127
-19.881712,12.6049995,-10.1357403,0.00000000358,0.01437535921
-17.7104721,12.2576952,-9.88014793,0.00000000358,0.01437964093
-18.2832355,12.5761013,-5.15158319,0.00000000163,0.00656266453
-18.0925274,12.2416391,-8.92166328,0.00000000357,0.01436157127
-20.1725159,12.5191689,-4.89599085,0.00000000181,0.00728727851
-19.8172359,12.271101,-7.77147102,0.0000000035,0.01405132499
-19.8172359,12.271101,-7.70755959,0.00000000349,0.01402011857
-17.3896351,12.6049995,-7.51587915,0.00000000354,0.01420796012
-17.4204388,12.5149755,-7.51587915,0.00000000354,0.01422594144
-20.1725159,12.5191689,-7.57976341,0.00000000352,0.01414551782
-18.4759388,12.6049995,-4.83207893,0.00000000116,0.0046676153
-19.247736,12.5761013,-9.8162632,0.00000000358,0.01438248915
-19.247736,12.5761013,-9.75235176,0.00000000358,0.01438187008
-17.9008274,12.2416391,-9.24116707,0.00000000358,0.01436824895
-19.881712,12.6049995,-9.8162632,0.00000000358,0.01437191425
-18.3150311,12.2511892,-8.28265572,0.00000000356,0.01428587626
-18.4772358,12.271101,-7.96315193,0.00000000353,0.01419365392
-17.9008274,12.6049995,-10.0079441,0.00000000358,0.01438336954
-18.0925274,12.2416391,-8.6021595,0.00000000357,0.01434926941
-18.8527355,12.271101,-9.68843937,0.00000000358,0.01437869626
-18.8527355,12.271101,-9.62455559,0.00000000358,0.01437857317
-17.5174274,12.2416391,-10.1996241,0.00000000358,0.01438210112
-18.539835,12.6049995,-4.49365044,0.0000000019,0.00763547353
-20.1373196,12.6049995,-9.49675941,0.00000000357,0.01435216938
-20.0734119,12.6049995,-9.49675941,0.00000000357,0.01435137102
-18.1349449,12.1996698,-4.87498903,0.00000000252,0.01012423194
-18.1620979,12.1996698,-4.83685255,0.00000000233,0.0093652034
-18.1620979,12.2416391,-4.83685255,0.00000000233,0.00935297915
-19.5622196,12.3274698,-10.346241,0.00000000358,0.01438587614
-20.0182362,12.271101,-7.13246346,0.00000000343,0.01379732682
-20.0182362,12.271101,-7.0685792,0.00000000343,0.01376870995
-17.354372,12.4552689,-5.34326315,0.00000000311,0.01250136123
-20.1373196,12.6049995,-9.17725563,0.00000000356,0.01432100044
-20.0734119,12.6049995,-9.17725563,0.00000000356,0.01431539944
-19.0537357,12.271101,-9.04948616,0.00000000358,0.01436353637
-19.0537357,12.271101,-8.98557568,0.00000000357,0.01436068638
-18.3150311,12.2511892,-7.96315193,0.00000000354,0.01422217622
-17.5176964,12.2636967,-9.88014793,0.00000000358,0.0143758739
-17.709116,12.6049995,-10.0079441,0.00000000358,0.01438111363
-19.4344749,12.5822334,-9.17725563,0.00000000358,0.0143639735
-19.4344749,12.5822334,-9.1133709,0.00000000358,0.01436302883
-17.354372,12.3913698,-10.346241,0.00000000358,0.01438500731
-17.7104721,12.2576962,-9.56067085,0.00000000358,0.01437703888
-17.9006729,12.5823326,-9.68843937,0.00000000358,0.01437801922
-18.4772358,12.271101,-7.64364767,0.00000000351,0.01408307821
-18.678236,12.271101,-7.32417107,0.00000000346,0.0139055199
-18.0822353,12.5761013,-9.36896324,0.00000000358,0.01437221575
-20.1725159,12.5191689,-7.26028681,0.0000000035,0.01405743892
-20.1725159,12.2416391,-6.42954397,0.00000000338,0.01357189824
-17.7104721,12.2576962,-9.24116707,0.00000000358,0.01436670305
-17.9008274,12.2416391,-8.92166328,0.00000000357,0.0143573993
-19.6232357,12.5761013,-8.53824806,0.0000000035,0.01405923634
-19.6232357,12.5761013,-8.47433662,0.0000000035,0.01404735996
-19.2427158,12.2416391,-8.41042423,0.00000000356,0.01431923512
-19.2427158,12.2416391,-8.3465395,0.00000000356,0.01431174482
-20.1725159,12.5191689,-6.94078302,0.00000000347,0.01392289288
-18.4772358,12.271101,-7.32417107,0.00000000347,0.01392182958
-17.9006729,12.5823336,-9.36896324,0.00000000358,0.01437364474
-17.9008274,12.2416391,-8.6021595,0.00000000357,0.01433966059
-18.0925274,12.2416391,-8.28265572,0.00000000357,0.01432896261
-19.3661652,11.9856539,-4.76443386,0.00000000197,0.00791359816
-18.678236,12.271101,-7.00469446,0.0000000034,0.01365647779
-18.2832355,12.5761013,-8.72998333,0.00000000356,0.01430768702
-18.8527355,12.271101,-6.68519068,0.00000000341,0.01371024694
-18.0822353,12.5761013,-9.04948616,0.00000000358,0.01436508492
-19.8154697,12.5880909,-7.89924002,0.00000000349,0.01401468975
-19.8154697,12.5880909,-7.83535576,0.00000000348,0.0139965978
-17.5174274,12.6049995,-10.0079441,0.00000000358,0.01438153733
-18.0925274,12.2416391,-7.96315193,0.00000000356,0.01429393388
-19.4344273,12.2416391,-7.77147102,0.00000000355,0.01424322254
-19.4344273,12.2416391,-7.70755959,0.00000000354,0.0142234536
-18.3150311,12.2511892,-7.64364767,0.00000000352,0.01412684963
-18.8593273,12.6049995,-9.75235176,0.00000000358,0.01438074343
-18.8593273,12.6049995,-9.8162632,0.00000000358,0.01438190664
-20.0095158,12.6049995,-7.26028681,0.00000000346,0.01391944969
-20.0095158,12.6049995,-7.19637537,0.00000000346,0.01388921734
-17.4537582,12.2639217,-7.96315193,0.00000000355,0.01424354368
-17.4537582,12.2639217,-7.89924002,0.00000000354,0.01422990113
-17.7085209,12.5854769,-9.68843937,0.00000000358,0.01437887912
-18.678236,12.271101,-6.68519068,0.00000000331,0.01330448679
-18.0822353,12.5761013,-8.72998333,0.00000000357,0.01434500023
-18.8527355,12.271101,-6.36563206,0.00000000334,0.01340041907
-19.0537357,12.271101,-6.04615545,0.00000000311,0.01250323446
-18.3150311,12.2511892,-7.32417154,0.00000000348,0.01397608936
-18.4759388,12.6049995,-8.09094715,0.00000000354,0.01421758501
-18.2832355,12.5761013,-8.41042423,0.00000000355,0.01426687178
-17.7085209,12.5854778,-9.36896324,0.00000000357,0.01435739573
-17.6458168,12.2611341,-7.32417107,0.00000000349,0.01400912711
-17.6458168,12.2611341,-7.26028681,0.00000000348,0.0139813648
-19.6261158,12.2416391,-7.13246346,0.00000000345,0.01385135557
-19.6261158,12.2416391,-7.0685792,0.00000000344,0.01380808371
-17.9006729,12.5823336,-9.04948616,0.00000000356,0.01431928686
-18.4772358,12.271101,-7.00469446,0.0000000034,0.01366756024
-18.2832355,12.5761013,-8.09094715,0.00000000354,0.0142033796
-19.0507355,12.5761013,-9.1133709,0.00000000357,0.0143545279
-19.0507355,12.5761013,-9.17725563,0.00000000357,0.01435713882
-18.8527355,12.271101,-6.04615545,0.00000000323,0.01296430701
-18.4759388,12.6049995,-7.77147102,0.00000000352,0.01412848917
-19.2427158,12.2416391,-5.40717506,0.00000000252,0.01011017553
-17.8369198,12.2416391,-6.68519068,0.00000000336,0.01350836504
-17.8369198,12.2416391,-6.62127876,0.00000000334,0.01341003058
-18.4772358,12.271101,-6.68519068,0.00000000331,0.01327718116
-19.0537357,12.271101,-5.72667885,0.00000000288,0.01157576671
-18.6676273,12.6049995,-7.45196772,0.00000000351,0.01411842186
-17.9006729,12.5823336,-8.72998333,0.00000000355,0.01426302626
-19.8172359,12.271101,-6.49345541,0.00000000326,0.0130952466
-19.8172359,12.271101,-6.42954397,0.00000000323,0.01297652233
-17.4535313,12.6049995,-8.09094715,0.00000000356,0.01428394948
-17.4535313,12.6049995,-8.02706337,0.00000000355,0.01427669022
-17.3896351,12.6049995,-8.02706337,0.00000000356,0.01428541688
-18.678236,12.271101,-6.36563206,0.0000000032,0.01285024979
-18.0286198,12.2416391,-6.04615545,0.0000000032,0.01284033944
-18.0286198,12.2416391,-5.98227119,0.00000000318,0.01276555876
-18.0822353,12.5761013,-8.41042423,0.00000000356,0.0142937492
-18.4759388,12.6049995,-7.45196772,0.00000000348,0.01399481464
-19.0518169,12.2601109,-5.40717506,0.0000000027,0.01084125889
-19.247736,12.5761013,-8.47433662,0.00000000356,0.01430181755
-19.247736,12.5761013,-8.53824806,0.00000000356,0.01430827757
-18.6676273,12.6049995,-7.13246346,0.00000000348,0.0139688667
-18.8593273,12.6049995,-6.81298685,0.00000000347,0.01394754295
-17.354372,12.4552689,-8.28265572,0.00000000357,0.01432301997
-18.0822353,12.5761013,-8.09094715,0.00000000353,0.01419941902
-19.2427158,12.2416391,-5.08767128,0.00000000235,0.00943699315
-18.678236,12.271101,-6.04615545,0.00000000309,0.01239601549
-18.2203312,12.2416391,-5.40717506,0.00000000291,0.01169144294
-20.0182362,12.271101,-5.85444784,0.00000000308,0.01237807338
-20.0182362,12.271101,-5.79056358,0.00000000307,0.0123179798
-17.6438637,12.5888662,-7.45196772,0.0000000035,0.01406679441
-18.8527355,12.271101,-5.72667885,0.00000000308,0.0123768085
-19.2427158,12.2416391,-4.76819468,0.00000000241,0.00967499741
-19.4344749,12.5822334,-7.83535576,0.00000000352,0.01413184494
-19.4344749,12.5822334,-7.89924002,0.00000000352,0.01415024466
-18.2832355,12.5761013,-7.77147102,0.00000000351,0.01410731708
-18.6676273,12.6049995,-6.81298685,0.00000000342,0.01375110682
-20.1373196,12.6049995,-8.3465395,0.00000000354,0.01424064283
-20.1373196,12.6049995,-8.41042423,0.00000000355,0.01424921514
-20.1065178,12.5149755,-8.41042423,0.00000000355,0.01426339734
-19.0507355,12.5761013,-6.1739521,0.00000000331,0.01329249535
-18.2832355,12.5761013,-7.45196772,0.00000000348,0.01396404533
-19.6232357,12.5761013,-7.19637537,0.00000000339,0.01361781767
-19.6232357,12.5761013,-7.26028681,0.0000000034,0.01365845897
-18.8593273,12.6049995,-6.49345541,0.00000000342,0.01374381277
-19.8178043,12.2416391,-10.0718555,0.00000000358,0.01437649566
-18.8527355,12.271101,-5.40717506,0.00000000295,0.01187047845
-19.247736,12.5761013,-5.53497124,0.00000000178,0.00714112331
-20.1725159,12.5191689,-9.88014793,0.00000000358,0.01437414787
-18.4120426,12.2416391,-4.76819468,0.00000000268,0.01076409025
-19.4344406,12.5936327,-4.89599085,0.00000000115,0.00461604321
-17.8407364,12.5761013,-6.81298685,0.00000000341,0.01368453984
-18.4759388,12.6049995,-7.13246346,0.00000000343,0.01379593262
-19.8154697,12.5880909,-6.62127876,0.00000000332,0.01333053556
-20.1725159,12.5191689,-6.11004019,0.00000000333,0.01336556783
-20.1725159,12.5191689,-6.1739521,0.00000000334,0.01343009386
-20.1725159,12.4552689,-6.11004019,0.00000000333,0.01337333021
-19.0537357,12.271101,-5.08767128,0.00000000271,0.0108998637
-19.0507355,12.5761013,-5.85444784,0.00000000315,0.0126680574
-18.8593273,12.6049995,-6.1739521,0.00000000335,0.01347516676
-17.3896351,12.6049995,-9.8162632,0.00000000358,0.01438145976
-17.4204388,12.5149755,-9.8162632,0.00000000358,0.01438067478
-18.4759388,12.2416391,-10.2635365,0.00000000358,0.01438631949
-18.4759388,12.6049995,-6.81298685,0.00000000336,0.01351307312
-19.0510273,12.2416391,-4.76819468,0.0000000025,0.01004614278
-20.0182362,12.271101,-9.43284798,0.00000000357,0.01436048925
-17.354372,12.4552689,-7.64364767,0.00000000355,0.01425303118
-19.247736,12.5761013,-5.21549463,0.00000000178,0.007151138
-17.4537582,12.2639217,-6.68519068,0.00000000342,0.01374081828
-20.0095158,12.6049995,-5.98227119,0.00000000324,0.01303352685
-19.4344273,12.6049995,-4.57648659,0.00000000147,0.0059196806
-18.678236,12.271101,-9.62455559,0.00000000358,0.01437667672
-19.0507355,12.5761013,-5.53497124,0.00000000186,0.00747935045
-18.6676273,12.606101,-6.49278641,0.00000000335,0.0134458416
-18.028635,12.5822058,-6.1739521,0.00000000217,0.00870523541
-19.2426281,12.5941553,-4.89599085,0.00000000152,0.00609172626
-17.354372,12.3913698,-5.98227119,0.00000000336,0.01349984536
-17.6458168,12.2611341,-6.04615545,0.00000000312,0.01251507605
-18.47579,12.2518759,-9.94403172,0.00000000358,0.0143785473
-18.2842274,12.2416391,-10.2635365,0.00000000358,0.01438831492
-18.6676273,12.6049995,-6.1739521,0.00000000324,0.01301508612
-18.8527355,12.271101,-8.98557568,0.00000000358,0.01436285399
-20.1725159,12.5191689,-9.56067085,0.00000000357,0.01435048437
-17.8369198,12.2416391,-5.40717506,0.00000000286,0.01148797324
-18.678236,12.271101,-9.30507851,0.00000000358,0.01437364121
-18.4772358,12.271101,-9.62455559,0.00000000358,0.01437925201
-18.8593273,12.6049995,-5.85444784,0.00000000327,0.0131442381
-18.2162361,12.5761013,-5.53497124,0.00000000177,0.00712350058
-20.1725159,12.5191689,-9.24116707,0.00000000357,0.01433913429
-19.4344273,12.2416391,-10.0718555,0.00000000358,0.01439156186
-19.0507355,12.5761013,-5.21549463,0.00000000162,0.00650380237
-19.0537357,12.271101,-8.3465395,0.00000000356,0.01431092951
-18.8593273,12.6049995,-5.53497124,0.00000000315,0.01263510711
-18.678236,12.271101,-8.98557568,0.00000000358,0.0143622608
-19.8178043,12.6049995,-10.1996241,0.00000000358,0.01437606211
-17.4535313,12.6049995,-6.81298685,0.00000000348,0.01397012624
-18.8527355,12.271101,-8.66607094,0.00000000357,0.01434635788
-19.2427158,12.6049995,-4.57648659,0.00000000163,0.00653662114
-17.354372,12.5191689,-5.21549463,0.00000000289,0.01160393044
-19.0506458,12.596736,-4.89599085,0.0000000012,0.0048378457
-18.4116974,12.5972204,-4.89599085,0.00000000134,0.00537343089
-18.2846966,12.2493153,-9.94403172,0.00000000358,0.01438354437
-19.2427158,12.2416391,-7.70755959,0.00000000353,0.0141967492
-18.156435,12.2416391,-10.346241,0.00000000358,0.01438924083
-18.0925274,12.2416391,-10.346241,0.00000000358,0.01438938356
-18.0925274,12.2416391,-10.2635365,0.00000000358,0.01438944153
-19.6261158,12.2416391,-9.43284798,0.00000000358,0.01436509742
-18.6676273,12.6049995,-9.75235176,0.00000000358,0.01437977117
-20.0095158,12.6049995,-9.56067085,0.00000000358,0.01436300742
-18.4772358,12.271101,-9.30507851,0.00000000358,0.01437268674
-18.8527355,12.271101,-8.3465395,0.00000000356,0.01432107894
-18.3150311,12.2511892,-9.62455559,0.00000000358,0.01437952495
-17.4535313,12.2416391,-10.2635365,0.00000000358,0.01438422768
-19.0537357,12.271101,-8.02706337,0.00000000355,0.01426206199
-18.4759388,12.6049995,-10.0718555,0.00000000358,0.01438245436
-17.6438637,12.5888662,-6.1739521,0.00000000332,0.01332697728
-18.9232349,12.2416391,-10.346241,0.00000000358,0.01438693052
-17.6458168,12.2611341,-9.62455559,0.00000000358,0.0143779764
-18.4772358,12.271101,-8.98557568,0.00000000357,0.01435764372
-18.678236,12.271101,-8.66607094,0.00000000357,0.01433962135
-19.4344273,12.2416391,-7.0685792,0.00000000344,0.01381431177
-19.0537357,12.271101,-7.70755959,0.00000000353,0.01419094304
-18.4759388,12.6049995,-9.75235176,0.00000000358,0.01437995849
-18.8593273,12.6049995,-9.1133709,0.00000000357,0.01436091741
-19.8172359,12.271101,-8.79389477,0.00000000356,0.01431939123
-18.6676273,12.6049995,-9.43284798,0.00000000358,0.01436873151
-17.8369198,12.2416391,-8.98557568,0.00000000357,0.01435775074
-19.2427158,12.2416391,-7.3880558,0.00000000351,0.01408728766
-17.8407364,12.5761013,-5.53497124,0.00000000181,0.00728228011
-18.678236,12.271101,-8.3465395,0.00000000356,0.0142974636
-18.8527355,12.271101,-8.02706337,0.00000000355,0.01427942251
-18.0286198,12.2416391,-8.3465395,0.00000000357,0.01433673833
-19.6261158,12.2416391,-6.42954397,0.00000000323,0.01296115997
-19.2427158,12.2416391,-7.0685792,0.00000000345,0.01386618274
-18.2842274,12.6049995,-10.0718555,0.00000000358,0.01438424732
-20.0182362,12.271101,-8.15483189,0.00000000354,0.01420454723
-18.6676273,12.6049995,-9.1133709,0.00000000357,0.01435879797
-19.4344273,12.2416391,-6.74910259,0.00000000334,0.01342745883
-19.0507355,12.5761013,-8.47433662,0.00000000356,0.01431419879
-18.2832355,12.5761013,-9.75235176,0.00000000358,0.01437996918
-19.6261158,12.3274698,-10.346241,0.00000000358,0.01438476021
-19.690012,12.3274698,-10.346241,0.00000000358,0.0143838468
-18.2203312,12.2416391,-7.70755959,0.00000000353,0.01417846458
-18.8593273,12.6049995,-8.79389477,0.00000000357,0.0143489046
-19.4344273,12.6049995,-10.1996241,0.00000000358,0.01438551667
-18.8527355,12.271101,-7.70755959,0.00000000354,0.0142127886
-20.1725159,12.3274698,-4.6403985,0.00000000223,0.00897428733
-17.6438637,12.5888662,-9.75235176,0.00000000358,0.01437940362
-18.0286236,12.5936155,-4.89599085,0.00000000143,0.00574476491
-17.354372,12.2416391,-4.83207893,0.00000000292,0.01173508323
-18.4759388,12.6049995,-9.43284798,0.00000000358,0.01436708574
-19.0537357,12.271101,-7.3880558,0.00000000351,0.01409207335
-19.4344273,12.2416391,-6.42954397,0.00000000322,0.0129547713
-19.8172359,12.271101,-5.79056358,0.000000003,0.01205682762
-20.1725159,12.5191689,-10.0718555,0.00000000358,0.01437819586
-18.8593273,12.6049995,-8.47433662,0.00000000357,0.01433141296
-19.247736,12.5761013,-7.83535576,0.00000000353,0.01419773666
-19.6232357,12.5761013,-9.56067085,0.00000000358,0.01436752017
-19.6261158,12.2416391,-6.11004019,0.00000000313,0.01256717087
-18.411478,12.2614498,-7.0685792,0.00000000342,0.01374085126
-20.0095158,12.2416391,-4.49365044,0.00000000266,0.01067105705
-17.8407364,12.5761013,-9.1133709,0.00000000356,0.01431541012
-19.0537357,12.271101,-7.0685792,0.00000000347,0.01392435043
-18.4759388,12.6049995,-9.1133709,0.00000000357,0.01434732661
-19.0507355,12.5761013,-8.15483189,0.00000000355,0.01428008436
-20.0182362,12.271101,-5.15158319,0.00000000303,0.01216883408
-19.2427158,12.2416391,-6.74910259,0.00000000337,0.0135399497
-18.6676273,12.6049995,-8.79389477,0.00000000357,0.01434328307
-19.4344749,12.5822334,-7.19637537,0.0000000034,0.01366041696
-19.8154697,12.5880909,-8.92166328,0.00000000354,0.01423713898
-20.1725159,12.5191689,-8.41042423,0.00000000355,0.01427757869
-20.1725159,12.5191689,-8.47433662,0.00000000356,0.01428403425
-20.1725159,12.4552689,-8.41042423,0.00000000355,0.0142752086
-17.3549862,12.2411013,-4.49365044,0.00000000237,0.0095280095
-19.6261158,12.2416391,-5.79056358,0.00000000303,0.01216292355
-19.8172359,12.271101,-5.47108698,0.00000000286,0.01148576903
-19.6232357,12.5761013,-6.55736732,0.00000000295,0.0118656223
-18.028635,12.5822048,-8.47433662,0.00000000356,0.01431458324
-19.0507355,12.5761013,-7.83535576,0.00000000354,0.01423047914
-19.2427158,12.2416391,-6.42954397,0.00000000325,0.01304785178
-17.4537582,12.2639217,-8.98557568,0.00000000357,0.01435727083
-18.6035748,12.2643738,-6.42954397,0.00000000321,0.01289679893
-19.4315147,12.1357698,-4.90501404,0.00000000236,0.009496118
-19.5006294,12.1357698,-4.9064436,0.00000000229,0.00919907362
-17.354372,12.4552689,-9.94403172,0.00000000358,0.01438075058
-18.6676273,12.6049995,-8.47433662,0.00000000356,0.01431974266
-20.0095158,12.6049995,-8.28265572,0.00000000353,0.0141900091
-20.1373196,12.3913698,-10.346241,0.00000000358,0.01438051244
-19.4344273,12.2416391,-6.11004019,0.00000000311,0.01249319209
-17.354372,12.3913698,-8.28265572,0.00000000356,0.01431852863
-19.8172359,12.271101,-5.15158319,0.00000000277,0.01114535556
-18.8593273,12.6049995,-8.15483189,0.00000000356,0.01430524467
-19.8154697,12.5880909,-5.91835976,0.0000000025,0.01004115815
-19.247736,12.5761013,-7.19637537,0.00000000348,0.01396858034
-17.6458168,12.2611351,-8.3465395,0.00000000356,0.01428668888
-18.2162361,12.5761013,-7.83535576,0.00000000351,0.01411279945
-18.7857361,12.271101,-5.79056358,0.00000000315,0.01265574486
-17.4537582,12.2639217,-5.98227119,0.00000000327,0.01312540757
-19.4344273,12.2416391,-5.79056358,0.000000003,0.01203498829
-18.8593273,12.6049995,-7.83535576,0.00000000355,0.01426523224
-20.0095158,12.6049995,-5.27937889,0.00000000237,0.00953453195
-17.8369198,12.2416391,-7.70755959,0.00000000353,0.01417306963
-19.4344749,12.5822334,-6.55736732,0.00000000249,0.00999942053
-19.6261158,12.2416391,-5.47108698,0.0000000029,0.01163149743
-18.8593273,12.2416391,-10.346241,0.00000000358,0.014386662
-18.1323318,12.1357698,-4.72842026,0.00000000194,0.00781362062
-19.0507355,12.5761013,-7.51587915,0.00000000352,0.01415851278
-18.0286198,12.2416391,-7.0685792,0.00000000347,0.01393400477
-17.6458168,12.2611341,-5.34326315,0.00000000291,0.01168785613
-17.4535313,12.6049995,-9.1133709,0.00000000357,0.01435180811
-18.9876461,12.2619915,-5.15158319,0.00000000278,0.01117869212
-19.6232357,12.5761013,-5.91835976,0.00000000209,0.00838788779
-19.6261158,12.2416391,-5.15158319,0.00000000271,0.01090613993
-17.354372,12.5191689,-7.51587915,0.00000000355,0.01424392279
-18.4102535,12.5883722,-7.19637537,0.00000000344,0.01382883475
-19.0507355,12.5761013,-7.19637537,0.0000000035,0.01405215011
-19.2427158,12.2416391,-10.0079441,0.00000000358,0.01438587614
-19.8178043,12.2416391,-4.83207893,0.00000000272,0.01092650386
-19.8154697,12.5880909,-5.27937889,0.00000000157,0.00631145349
-18.2203312,12.2416391,-6.42954397,0.00000000325,0.01305027273
-19.247736,12.5761013,-6.87687111,0.00000000343,0.01378454152
-17.6438637,12.5888672,-8.47433662,0.00000000355,0.01427446464
-17.8369198,12.2416391,-4.70430994,0.00000000243,0.00976286849
-19.8178043,12.2416391,-4.49365044,0.00000000265,0.01064127251
-17.4537582,12.2639217,-5.34326315,0.00000000316,0.01271398487
-18.6037312,12.6049995,-6.55736732,0.00000000333,0.01337172458
-19.247736,12.5761013,-6.55736732,0.00000000336,0.01350091042
-19.4344749,12.5822334,-6.23786354,0.00000000217,0.00873224311
-20.0095158,12.6049995,-4.6403985,0.00000000209,0.00839609614
-19.4344273,12.2416391,-9.36896324,0.00000000358,0.01436627935
-19.6232357,12.5761013,-5.5988555,0.00000000194,0.00777840364
-19.4344749,12.5822334,-5.91835976,0.00000000212,0.00852304218
-17.8407364,12.5761013,-7.83535576,0.00000000352,0.01412336719
-18.411478,12.2614508,-5.79056358,0.00000000281,0.01129810504
-19.0510273,12.2416391,-10.0079441,0.00000000358,0.0143811172
-17.4535313,12.6049995,-6.11004019,0.00000000336,0.0134994707
-19.6232357,12.5761013,-5.27937889,0.00000000173,0.0069430454
-17.6452198,12.2416391,-4.70430994,0.00000000271,0.01087669702
-19.8154697,12.5880909,-4.95990229,0.00000000138,0.00553256277
-18.7954197,12.6049995,-5.91835976,0.00000000327,0.01313552574
-19.6261158,12.2416391,-8.72998333,0.00000000357,0.01432822844
-19.8178043,12.6049995,-4.6403985,0.00000000195,0.00781964528
-19.2427158,12.2416391,-9.36896324,0.00000000358,0.01437266533
-18.028635,12.5822058,-7.19637537,0.00000000341,0.01369465448
-18.6035748,12.2643738,-5.15158319,0.00000000292,0.01174888635
-17.4537582,12.2639217,-5.02378654,0.00000000308,0.0123620857
-18.9894543,12.5881329,-5.27937889,0.00000000168,0.00676072771
-19.5404911,12.1996698,-4.72641754,0.00000000188,0.00753567436
-17.6438637,12.5888662,-5.47108698,0.00000000175,0.00701566075
-18.8593273,12.2416391,-10.0079441,0.00000000358,0.01437848129
-19.1788197,12.6049995,-4.6403985,0.00000000152,0.00609776434
-17.4535313,12.2416391,-4.70430994,0.00000000286,0.01148845491
-19.0537357,12.271101,-9.68843937,0.00000000358,0.01438058644
-18.2203312,12.2416391,-10.0079441,0.00000000358,0.01438739078
-19.4344273,12.2416391,-8.72998333,0.00000000357,0.01434890191
-19.8172359,12.271101,-8.09094715,0.00000000353,0.0141858951
-18.2162361,12.5761013,-6.55736732,0.00000000242,0.00971426145
-19.2427158,12.6049995,-10.1357403,0.00000000358,0.01438535164
-18.411478,12.2614508,-9.36896324,0.00000000358,0.0143746242
-19.0537357,12.271101,-9.36896324,0.00000000358,0.01437528698
-17.354372,12.2416391,-7.13246346,0.00000000352,0.01412511468
-17.4535313,12.6049995,-5.47108698,0.00000000233,0.00938001984
-19.2427158,12.2416391,-9.04948616,0.00000000358,0.014363366
-17.8369198,12.6049995,-4.83207893,0.00000000135,0.00540761976
-19.3945866,12.1996698,-4.72838926,0.00000000169,0.00679504461
-18.6035748,12.2643738,-8.72998333,0.00000000357,0.01433952144
-20.0182362,12.271101,-7.45196772,0.00000000346,0.01391411632
-19.6261158,12.2416391,-8.09094715,0.00000000355,0.01425213829
-18.4102535,12.5883722,-5.91835976,0.00000000277,0.01112570972
-19.2427158,12.2416391,-8.72998333,0.00000000357,0.0143477851
-17.354372,12.2416391,-6.81298685,0.00000000348,0.01399342309
-19.0510273,12.6049995,-10.1357403,0.00000000358,0.01438420896
-19.4344273,12.2416391,-8.41042423,0.00000000357,0.01433321753
-19.4344749,12.5822334,-9.49675941,0.00000000358,0.01436661387
-17.4535313,12.6049995,-5.15158319,0.0000000011,0.00441394896
-17.6452198,12.6049995,-4.83207893,0.00000000138,0.00554276567
-19.690012,12.3274698,-4.49365044,0.00000000239,0.00961721863
-17.354372,12.2416391,-6.49345541,0.00000000344,0.01380686787
-18.6037312,12.6049995,-5.27937889,0.00000000191,0.00768639092
-18.2203312,12.6049995,-10.1357403,0.00000000358,0.01438556929
-19.6232357,12.5761013,-8.85777855,0.00000000351,0.01408165814
-18.7857361,12.271101,-8.09094715,0.00000000356,0.01429212931
-19.4344273,12.2416391,-8.09094715,0.00000000356,0.01430433037
-19.6261158,12.2416391,-7.77147102,0.00000000352,0.01412696738
-19.8172359,12.271101,-7.45196772,0.00000000346,0.01391115035
-20.1725159,12.2416391,-4.6403985,0.00000000219,0.0088028188
-18.8593273,12.6049995,-10.1357403,0.00000000358,0.01438481284
-19.0507355,12.5761013,-9.8162632,0.00000000358,0.01438222779
-19.5432549,12.7747688,-9.96283722,0.00000000358,0.01439174384
-19.247736,12.5761013,-9.49675941,0.00000000358,0.01437926446
-19.8154697,12.5880909,-8.21874428,0.00000000351,0.01410202115
-17.4535313,12.6049995,-4.83207893,0.00000000149,0.00599714897
-18.7954197,12.6049995,-4.6403985,0.00000000162,0.00650376268
-18.9876461,12.2619915,-7.45196772,0.00000000351,0.01411678051
-17.8369198,12.2416391,-10.0079441,0.00000000358,0.01438523923
-18.4132347,12.5761013,-9.49675941,0.00000000358,0.01437384456
-20.0182362,12.271101,-6.81298685,0.00000000339,0.01360166141
-17.4537582,12.2639217,-8.28265572,0.00000000356,0.01429736638
-17.354372,12.2416391,-6.1739521,0.00000000337,0.01355646542
-19.4344749,12.5822334,-8.85777855,0.00000000357,0.01435675706
-19.6261158,12.2416391,-7.45196772,0.00000000348,0.01398564917
-19.8172359,12.271101,-7.13246346,0.00000000344,0.01380973482
-20.0095158,12.6049995,-7.57976341,0.00000000349,0.01402898792
-18.0286198,12.2416391,-9.36896324,0.00000000358,0.01437176975
-19.0507355,12.5761013,-9.49675941,0.00000000358,0.01437677306
-17.354372,12.5191689,-9.8162632,0.00000000358,0.01437989068
-19.247736,12.5761013,-9.17725563,0.00000000357,0.01435740288
-17.354372,12.2416391,-5.85444784,0.00000000329,0.01323365596
-18.2203312,12.2416391,-8.72998333,0.00000000357,0.01434716069
-19.1788197,12.2416391,-6.81298685,0.0000000034,0.0136485415
-17.6458168,12.2611341,-7.64364767,0.00000000352,0.01412407544
-18.6037312,12.6049995,-8.85777855,0.00000000357,0.01433834842
-19.6232357,12.5761013,-8.21874428,0.00000000348,0.0139893573
-19.8172359,12.271101,-6.81298685,0.00000000338,0.01359458856
-20.0182362,12.271101,-6.49345541,0.00000000329,0.01322578121
-19.247736,12.5761013,-8.85777855,0.00000000357,0.01433074572
-17.8369198,12.2416391,-7.00469446,0.00000000345,0.01384289477
-19.4344749,12.5822334,-8.53824806,0.00000000357,0.01432529638
-18.411478,12.2614508,-8.09094715,0.00000000354,0.01423205625
-19.8154697,12.5880909,-7.57976341,0.00000000347,0.01392026858
-17.8369198,12.6049995,-10.1357403,0.00000000358,0.01438365055
-18.0286198,12.2416391,-6.36563206,0.00000000327,0.01315535268
-18.7954197,12.6049995,-8.21874428,0.00000000356,0.01431685969
-19.3705196,12.2416391,-6.1739521,0.00000000309,0.01240173689
-20.0182362,12.271101,-6.1739521,0.00000000318,0.01278687893
-17.4535313,12.6049995,-8.41042423,0.00000000356,0.0143133799
-17.4537582,12.2639217,-7.64364767,0.00000000353,0.01416409237
-19.6232357,12.5761013,-7.89924002,0.00000000347,0.01392094826
-19.2427158,12.3913698,-10.346241,0.00000000358,0.01438647291
-19.4344749,12.5822334,-8.21874428,0.00000000355,0.014262855
-20.0095158,12.6049995,-6.94078302,0.00000000342,0.01374141324
-19.8154697,12.5880909,-7.26028681,0.00000000343,0.01378393226
-18.6035748,12.2643738,-7.45196772,0.00000000348,0.01397675571
-19.6232357,12.5761013,-7.57976341,0.00000000344,0.01381386042
-17.6458168,12.2611341,-7.00469446,0.00000000345,0.01385050101
-18.028635,12.5822058,-9.49675941,0.00000000358,0.01437293738
-18.2203312,12.2416391,-5.72667885,0.00000000299,0.01202464266
-19.5622196,12.2416391,-5.53497124,0.00000000298,0.01197162993
-17.6438637,12.5888662,-7.77147102,0.00000000352,0.01415502496
-18.9894543,12.5881329,-7.57976341,0.00000000353,0.0141904792
-17.4537582,12.2639217,-7.32417107,0.0000000035,0.01405320983
-17.8369198,12.2416391,-6.36563206,0.00000000322,0.01294904633
-19.8154697,12.5880909,-6.94078302,0.00000000338,0.01356578435
-20.0095158,12.6049995,-6.62127876,0.00000000337,0.0135352407
-17.354372,12.6049995,-4.6403985,0.00000000207,0.00831079138
-18.7857361,12.271101,-6.81298685,0.00000000342,0.01372458887
-18.0286198,12.2416391,-5.72667885,0.00000000309,0.01241026996
-18.2162361,12.5761013,-8.85777855,0.00000000356,0.01431040947
-17.8407364,12.5761013,-7.13246346,0.00000000345,0.01386184129
-17.4537582,12.2639217,-7.00469446,0.00000000346,0.01391080603
-18.4114704,12.2614346,-5.08767128,0.0000000026,0.01045705524
-20.0095158,12.6049995,-6.3017478,0.00000000332,0.01331971979
-17.4535313,12.6049995,-7.77147102,0.00000000355,0.01424162494
-17.6458168,12.2611341,-6.68519068,0.00000000339,0.01361921187
-19.7535458,12.2501478,-4.89599085,0.00000000272,0.01093512611
-19.1807346,12.5761013,-6.94078302,0.00000000345,0.01385860145
-20.0182362,12.271101,-9.75235176,0.00000000358,0.01436373889
-17.6458168,12.2611341,-6.36563206,0.00000000328,0.01317541331
-17.8369198,12.2416391,-6.04615545,0.00000000309,0.01241577816
-17.354372,12.2416391,-9.43284798,0.00000000358,0.01437367688
-18.4102535,12.5883722,-8.21874428,0.00000000354,0.01424027978
-18.9876461,12.2619915,-6.1739521,0.00000000323,0.01296133123
-19.3817348,12.5761013,-6.3017478,0.00000000222,0.00891067651
-17.6438637,12.5888662,-7.13246346,0.00000000347,0.01395075603
-18.2203312,12.2416391,-5.08767128,0.00000000279,0.01119130885
-18.028635,12.5822058,-6.49345541,0.00000000229,0.00921605591
-17.8369198,12.2416391,-5.72667885,0.00000000298,0.01195288946
-17.4535313,12.6049995,-7.45196772,0.00000000353,0.01418037798
-17.354372,12.2416391,-5.15158319,0.0000000031,0.01244377958
-18.0286198,12.2416391,-5.40717506,0.00000000296,0.01187438548
-19.5562363,12.5761013,-5.66276741,0.00000000197,0.00792638438
-17.354372,12.5191689,-5.85444784,0.00000000335,0.01343906493
-19.8172359,12.271101,-9.75235176,0.00000000358,0.01437369737
-19.7532349,12.5761013,-5.02378654,0.00000000148,0.00595569546
-18.0286198,12.2416391,-5.08767128,0.00000000281,0.01130726874
-18.6037312,12.6049995,-7.57976341,0.00000000351,0.01411644065
-17.354372,12.2416391,-9.1133709,0.00000000358,0.01436877075
-17.4535313,12.6049995,-7.13246346,0.00000000351,0.01409321157
-19.6261158,12.2416391,-10.0718555,0.00000000358,0.01438780291
-19.1788197,12.2416391,-5.53497124,0.00000000264,0.01062393609
-17.8407364,12.5761013,-6.49345541,0.00000000328,0.0131819411
-18.2162361,12.5761013,-5.85444784,0.00000000181,0.00727360877
-17.389719,12.2520218,-5.08767128,0.00000000309,0.01240289383
-17.354372,12.2416391,-8.79389477,0.00000000357,0.01436032691
-20.1065178,12.5149755,-5.85444784,0.00000000319,0.01281657514
-18.2203312,12.2416391,-4.76819468,0.00000000236,0.00949914552
-17.6438637,12.5888662,-6.81298685,0.00000000343,0.01379668188
-19.6261158,12.2416391,-9.75235176,0.00000000358,0.01437551713
-20.0182362,12.271101,-9.1133709,0.00000000357,0.01433448065
-18.4102535,12.5883722,-5.21549463,0.00000000163,0.00655478978
-18.9876461,12.2619915,-9.75235176,0.00000000358,0.01438011549
-17.6438637,12.5888662,-6.49345541,0.00000000338,0.01358639089
-19.8172359,12.271101,-9.43284798,0.00000000358,0.01436639709
-18.7954197,12.6049995,-6.94078302,0.00000000349,0.01400108733
-18.0286369,12.5821972,-5.85444784,0.00000000197,0.00790251214
-20.1065178,12.5149755,-5.53497124,0.00000000251,0.01006876082
-20.0095158,12.6049995,-9.88014793,0.00000000358,0.01437354752
-19.1788197,12.2416391,-9.1133709,0.00000000358,0.01436585564
-19.8172359,12.271101,-9.1133709,0.00000000357,0.01434706613
-18.6037312,12.6049995,-4.57648659,0.00000000179,0.00720212899
-17.8407364,12.5761013,-6.1739521,0.00000000245,0.00983843419
-17.354372,12.2416391,-8.47433662,0.00000000357,0.01434650415
-20.1065178,12.5149755,-5.21549463,0.00000000163,0.00653654264
-18.9894543,12.5881329,-6.3017478,0.00000000336,0.01350848368
-18.2162361,12.5761013,-5.21549463,0.00000000168,0.00676082585
-20.0182362,12.271101,-8.79389477,0.00000000356,0.0143056666
-17.8407364,12.5761013,-5.85444784,0.00000000185,0.00743534446
-17.6454659,12.2509098,-9.94403172,0.00000000358,0.0143773413
-17.354372,12.2416391,-8.15483189,0.00000000357,0.01432395392
-19.3705196,12.2416391,-8.47433662,0.00000000357,0.01433637975
-19.1807346,12.5761013,-5.66276741,0.00000000161,0.00647822193
-19.8154697,12.5880909,-9.88014793,0.00000000358,0.01437269208
-17.4204388,12.5149755,-7.00469446,0.00000000351,0.01409683851
-20.0182362,12.271101,-8.47433662,0.00000000355,0.01426639898
-18.0286369,12.5821972,-5.53497124,0.00000000174,0.00700828775
-17.8369198,12.2416391,-9.30507851,0.00000000358,0.01436991789
-18.4120426,12.6049995,-4.57648659,0.00000000176,0.00707583102
-19.3817348,12.5761013,-5.02378654,0.00000000155,0.00623962312
-18.0286369,12.5821972,-5.21549463,0.00000000147,0.00588941258
-18.0286198,12.2416391,-8.66607094,0.00000000357,0.01435318805
-19.5622196,12.2416391,-7.83535576,0.00000000353,0.01420023253
-20.1065178,12.5149755,-4.92680883,0.00000000129,0.00517566118
-19.6261158,12.6049995,-10.1996241,0.00000000358,0.01438050617
-17.4535942,12.2526989,-9.94403172,0.00000000358,0.01437430663
-18.9894543,12.5881338,-9.88014793,0.00000000358,0.01438267736
-19.6232357,12.5761013,-9.88014793,0.00000000358,0.01437245482
-20.0095158,12.6049995,-9.24116707,0.00000000356,0.01431095538
-18.6035748,12.2643738,-9.75235176,0.00000000358,0.01437654202
-18.2204475,12.5944214,-4.89599085,0.00000000131,0.00524446889
-18.2203312,12.2416391,-8.02706337,0.00000000355,0.01425787042
-17.5813236,12.6049995,-4.57648659,0.00000000214,0.00859632516
-17.6452198,12.6049995,-10.0718555,0.00000000358,0.01438150166
-18.2203312,12.6049995,-4.57648659,0.00000000172,0.00692064947
-17.6458168,12.2611341,-9.30507851,0.00000000358,0.01436953255
-19.8154697,12.5880909,-9.56067085,0.00000000358,0.01436802502
-18.7857361,12.271101,-9.1133709,0.00000000358,0.01437002584
-19.7542362,12.271101,-7.19637537,0.00000000345,0.01385295855
-19.8154697,12.5880909,-9.24116707,0.00000000356,0.01428641594
-19.1807346,12.5761013,-9.24116707,0.00000000357,0.0143587641
-17.8369198,12.2416391,-8.66607094,0.00000000357,0.01433626019
-17.8407364,12.5761013,-9.43284798,0.00000000358,0.01437493819
-17.4204388,12.5149755,-6.36563206,0.00000000343,0.01378346931
-18.411478,12.2614498,-7.3880558,0.00000000348,0.01397404934
-17.4537582,12.2639217,-9.62455559,0.00000000358,0.01437572583
-20.0095158,12.6049995,-8.92166328,0.00000000355,0.01427563588
-18.9867363,12.271101,-8.47433662,0.00000000357,0.01432581288
-19.8178043,12.3274698,-4.49365044,0.00000000256,0.01027104593
-19.7539082,12.3274698,-4.49365044,0.00000000248,0.00994345432
-19.9454098,12.2640858,-6.55736732,0.0000000033,0.01327160426
-17.6458168,12.2611341,-8.98557568,0.00000000357,0.01435357966
-18.6035748,12.2643738,-6.74910259,0.00000000333,0.01336459464
-19.3817348,12.5761013,-8.6021595,0.00000000356,0.01431558588
-18.028635,12.5822048,-8.79389477,0.00000000357,0.01435536639
-17.354372,12.2416391,-7.77147102,0.00000000355,0.01427906927
-18.6037312,12.6049995,-9.88014793,0.00000000358,0.01438135358
-17.8369198,12.2416391,-8.3465395,0.00000000356,0.0143001022
-19.1788197,12.2416391,-7.83535576,0.00000000354,0.01422178016
-20.1373196,12.2539244,-5.91835976,0.00000000324,0.01302207779
-19.5562363,12.5761013,-7.96315193,0.00000000345,0.0138667313
-17.354372,12.2416391,-7.45196772,0.00000000354,0.01421778748
-17.4535313,12.6049995,-9.75235176,0.00000000358,0.01438022874
-18.0286198,12.2416391,-7.70755959,0.00000000355,0.01425394282
-18.7857361,12.271101,-6.11004019,0.00000000325,0.01306251304
-18.2162361,12.5761013,-8.15483189,0.00000000354,0.01420401469
-17.354372,12.5191689,-8.15483189,0.00000000356,0.01431736723
-19.7532349,12.5761013,-7.32417107,0.00000000343,0.01379383189
-19.3705196,12.2416391,-7.19637537,0.00000000348,0.01396182063
-19.5006256,11.9856539,-4.69924212,0.00000000185,0.00744417991
-18.7954197,12.6049995,-9.24116707,0.00000000358,0.01436726057
-18.2203312,12.2416391,-7.0685792,0.00000000344,0.01380400807
-17.6438637,12.5888672,-9.1133709,0.00000000357,0.01433527362
-17.389719,12.2520218,-7.3880558,0.00000000352,0.0141585342
-19.9456196,12.6049995,-6.68519068,0.00000000336,0.01348103354
-20.1065178,12.5149755,-8.15483189,0.00000000354,0.0142291429
-18.4102535,12.5883722,-7.51587915,0.00000000349,0.0140158119
-18.9867363,12.271101,-5.47108698,0.00000000282,0.01132117535
-19.5622196,12.2416391,-6.55736732,0.00000000328,0.01315710551
-18.411478,12.2614508,-6.42954397,0.0000000032,0.0128582637
-17.5797348,12.271101,-6.74910259,0.00000000341,0.01369549385
-18.9894543,12.5881329,-8.6021595,0.00000000357,0.0143278752
-20.1065178,12.5149755,-7.83535576,0.00000000353,0.01417323201
-17.8407364,12.5761013,-8.47433662,0.00000000355,0.01425121146
-18.9871311,12.2416391,-4.49365044,0.00000000229,0.00920008875
-17.7422104,12.2502956,-6.11004019,0.00000000313,0.01256700676
-18.6037312,12.6049995,-6.87687111,0.00000000341,0.0136978122
-19.1788197,12.2416391,-4.83207893,0.00000000255,0.01023580401
-18.2203312,12.2416391,-10.346241,0.00000000358,0.01438900802
-19.306612,12.3913698,-10.346241,0.00000000358,0.01438694389
-19.3705196,12.3913698,-10.346241,0.00000000358,0.01438729979
-17.4204388,12.5149755,-5.72667885,0.00000000314,0.01262700044
-19.7542362,12.271101,-5.91835976,0.00000000304,0.01222317505
-20.1065178,12.5149755,-7.51587915,0.00000000351,0.01410091683
-19.1807346,12.5761013,-7.96315193,0.00000000354,0.01423280198
-17.9647236,12.2416391,-5.47108698,0.0000000029,0.01166037924
-17.4204388,12.5149765,-9.30507851,0.00000000358,0.01436313942
-18.028635,12.5822058,-7.83535576,0.0000000035,0.01407640861
-18.6035748,12.2643738,-5.79056358,0.00000000292,0.01173459529
-19.9454098,12.2640848,-5.27937889,0.00000000295,0.0118460041
-19.5622196,12.2416391,-10.1357403,0.00000000358,0.01438949058
-18.7954197,12.6049995,-6.23786354,0.00000000336,0.01349620592
-19.3817348,12.5761013,-7.32417107,0.00000000348,0.01398742783
-17.6121159,12.5962973,-6.87687159,0.00000000346,0.01389691818
-20.1373196,12.2416391,-4.6403985,0.00000000234,0.00939246532
-18.2162361,12.5761013,-7.19637537,0.00000000342,0.01373176694
-18.7857361,12.271101,-5.15158319,0.00000000292,0.0117147853
-19.5562363,12.5761013,-6.68519068,0.00000000287,0.01154167193
-18.9894543,12.5881329,-5.5988555,0.00000000285,0.0114315039
-20.1065178,12.5149755,-7.19637537,0.00000000348,0.01399412603
-19.1807346,12.5761013,-4.95990229,0.00000000165,0.00662142008
-19.7542362,12.271101,-9.49675941,0.00000000358,0.01436911419
-20.1065178,12.5149755,-6.87687111,0.00000000345,0.01383978964
-19.7532349,12.5761013,-6.04615545,0.0000000022,0.00885462731
-17.773735,12.5761013,-6.23786354,0.00000000321,0.01290683326
-18.411478,12.2614498,-9.68843937,0.00000000358,0.01438044017
-18.4102535,12.5883722,-6.55736732,0.00000000328,0.01318570901
-17.4204388,12.5149775,-8.66607094,0.00000000357,0.01434130636
-17.389719,12.2520218,-6.11004019,0.00000000335,0.01345672157
-19.9456196,12.6049995,-5.40717506,0.0000000024,0.00963897496
-19.9454098,12.2640858,-8.85777855,0.00000000356,0.01431333708
-17.5797348,12.271101,-5.47108698,0.00000000298,0.01195898821
-17.9747353,12.5761013,-5.5988555,0.00000000182,0.00733061598
-20.1725159,12.6049995,-4.70430994,0.00000000201,0.00808449045
-20.1373196,12.6049995,-4.76819468,0.00000000191,0.00766310207
-18.6037312,12.6049995,-5.91835976,0.00000000304,0.01223009264
-20.1373196,12.2539244,-8.21874428,0.00000000355,0.01426402978
-19.1788197,12.2416391,-10.1357403,0.00000000358,0.01438641936
-19.5622196,12.6049995,-10.2635365,0.00000000358,0.01438269074
-17.7730122,12.2416391,-4.83207893,0.00000000278,0.0111495855
-17.354372,12.2416391,-10.0718555,0.00000000358,0.01438038842
-18.7954197,12.6049995,-5.27937889,0.00000000288,0.01155028795
-18.0262508,12.6049995,-10.1406498,0.00000000358,0.01438920338
-18.1492348,12.5761013,-4.95990229,0.00000000123,0.00494298406
-19.3705196,12.2416391,-9.49675941,0.00000000358,0.01437268228
-18.9871311,12.6049995,-4.6403985,0.00000000157,0.00628750495
-17.354372,12.2416391,-9.75235176,0.00000000358,0.01437417374
-19.7532349,12.5761013,-9.62455559,0.00000000358,0.0143691802
-17.3896351,12.6049995,-6.23786354,0.00000000339,0.01362754781
-18.0286198,12.2416391,-10.0079441,0.00000000358,0.01439008558
-18.2203312,12.2416391,-9.36896324,0.00000000358,0.01437344673
-17.389719,12.2520218,-9.68843937,0.00000000358,0.01437496941
-19.9456196,12.6049995,-8.98557568,0.00000000355,0.01426643558
-19.5622196,12.2416391,-8.85777855,0.00000000357,0.01434213682
-20.1065178,12.5149755,-6.49345541,0.00000000339,0.01361342805
-18.411478,12.2614508,-8.72998333,0.00000000357,0.01433679007
-17.6121159,12.5962973,-5.5988555,0.00000000289,0.01160315349
-17.5797348,12.271101,-9.04948616,0.00000000357,0.01435706302
-20.1065178,12.5149755,-6.1739521,0.00000000332,0.01333462634
-17.7422104,12.2502956,-8.41042423,0.00000000356,0.01429969187
-19.7542362,12.271101,-8.21874428,0.00000000354,0.01423656985
-18.6035748,12.2643738,-8.09094715,0.00000000354,0.01422964065
-20.1065178,12.5149755,-9.8162632,0.00000000358,0.01437319786
-17.4204388,12.5149755,-8.02706337,0.00000000356,0.01429614785
-19.1788197,12.6049995,-10.2635365,0.00000000358,0.01438524727
-17.773735,12.5761013,-4.95990229,0.00000000138,0.00553155969
-17.9647236,12.2416391,-7.77147102,0.00000000355,0.01424962724
-19.9454098,12.2640858,-7.57976341,0.00000000347,0.01394752246
-18.7857361,12.271101,-7.45196772,0.00000000351,0.01410689426
-18.156435,12.2416391,-7.13246346,0.00000000346,0.01390330593
-17.6121159,12.5962973,-9.17725563,0.00000000357,0.01434404307
-18.2162361,12.5761013,-9.49675941,0.00000000358,0.01437702016
-19.3705196,12.3913698,-4.49365044,0.00000000177,0.00712872336
-19.3817348,12.5761013,-9.62455559,0.00000000358,0.01437603447
-18.9876461,12.2619915,-6.81298685,0.00000000342,0.0137478126
-20.1373196,12.2539244,-6.94078302,0.00000000345,0.01386649939
-18.3469486,12.258604,-6.49345541,0.00000000323,0.01297748929
-19.5562363,12.5761013,-8.98557568,0.00000000354,0.01421215439
-20.1065178,12.5149755,-9.49675941,0.00000000357,0.0143501079
-18.4102535,12.5883722,-8.85777855,0.00000000357,0.01432692523
-17.709116,12.3274698,-10.346241,0.00000000358,0.01438624633
-17.773735,12.5761013,-8.53824806,0.00000000355,0.01426958173
-20.1065178,12.5149755,-9.17725563,0.00000000357,0.01432848716
-19.7532349,12.5761013,-8.3465395,0.00000000351,0.0141181355
-19.3930912,11.9851017,-4.87373638,0.00000000243,0.00977951092
-19.3647881,11.9856539,-4.83683443,0.00000000232,0.00930379764
-18.6037312,12.6049995,-8.21874428,0.00000000355,0.01427162714
-19.1788197,12.2416391,-6.1739521,0.00000000312,0.01252982022
-18.5442352,12.271101,-5.85444784,0.00000000289,0.01159950779
-17.9747353,12.5761013,-7.89924002,0.00000000351,0.01408988613
-17.389719,12.2520218,-8.41042423,0.00000000357,0.01433173322
-19.9456196,12.6049995,-7.70755959,0.00000000349,0.01401336332
-17.5797348,12.271101,-7.77147102,0.00000000353,0.01416307455
-19.3705196,12.2416391,-5.53497124,0.00000000278,0.01117346043
-18.1492348,12.5761013,-7.26028681,0.00000000338,0.01359244681
-18.7315483,12.264781,-5.21549463,0.00000000295,0.01186902447
-18.7954197,12.6049995,-7.57976341,0.00000000354,0.01422286844
-17.7422104,12.2502956,-7.13246393,0.00000000347,0.01392392942
-18.9232349,12.4552689,-10.346241,0.00000000358,0.01438589486
-17.3896351,12.6049995,-8.53824806,0.00000000357,0.01432820884
-18.350235,12.5761013,-6.62127876,0.0000000033,0.01325358812
-18.9894543,12.5881338,-6.94078302,0.00000000348,0.0139678373
-17.9647236,12.2416391,-6.49345541,0.00000000328,0.01315791632
-18.9232349,12.2416391,-4.57648659,0.00000000236,0.00947221278
-18.156435,12.2416391,-5.85444784,0.00000000312,0.01253711873
-19.1807346,12.5761013,-6.3017478,0.0000000033,0.01325278976
-17.6121159,12.5962973,-7.89924002,0.00000000354,0.01421103223
-20.1065178,12.5149755,-8.79389477,0.00000000356,0.01430116815
-19.3817348,12.5761013,-5.66276741,0.00000000199,0.0079929371
-18.539835,12.6049995,-5.98227119,0.00000000304,0.01220416073
-20.1065178,12.5149755,-8.47433662,0.00000000355,0.01427062984
-19.5562363,12.5761013,-5.02378654,0.00000000133,0.00532756815
-18.3469563,12.2586174,-5.21549463,0.00000000254,0.01021943275
-17.773735,12.5761013,-7.26028681,0.00000000347,0.01394904068
-18.7315235,12.6049995,-5.34326315,0.00000000276,0.01110671592
-19.9454098,12.2640858,-9.88014793,0.00000000358,0.01436576376
-18.7857361,12.271101,-9.75235176,0.00000000358,0.01437747062
-18.9232349,12.6049995,-4.70430994,0.00000000148,0.00592941569
-18.539835,12.2416391,-4.57648659,0.00000000251,0.01009686926
-17.9747353,12.5761013,-6.62127876,0.00000000276,0.01109171573
-17.9647236,12.2416391,-10.0718555,0.00000000358,0.01439105251
-18.9876461,12.2619915,-9.1133709,0.00000000358,0.01436624279
-18.156435,12.2416391,-9.43284798,0.00000000358,0.01437426023
-20.1373196,12.2539244,-9.24116707,0.00000000357,0.01435267247
-18.3469486,12.258604,-8.79389477,0.00000000357,0.01434349627
-19.1788197,12.2416391,-8.47433662,0.00000000357,0.01432387899
-18.1492348,12.5761013,-5.98227119,0.00000000195,0.00781386322
-18.5442352,12.271101,-8.15483189,0.00000000355,0.01424246789
-19.3705196,12.2416391,-7.83535576,0.00000000355,0.01425460114
-17.9647236,12.6049995,-10.1996241,0.00000000358,0.01438585649
-18.350235,12.5761013,-5.34326315,0.00000000164,0.00660552876
-18.7954197,12.6049995,-9.88014793,0.00000000358,0.01438313943
-17.3896351,12.6049995,-4.57648659,0.00000000214,0.00859078928
-19.9456196,12.6049995,-10.0079441,0.00000000358,0.01437416213
-18.1333447,11.9851017,-4.87324715,0.00000000244,0.00981314986
-18.1620979,11.9856539,-4.83685255,0.00000000234,0.00941149475
-18.1492348,12.5761013,-9.56067085,0.00000000358,0.01437611478
-18.539835,12.6049995,-4.70430994,0.00000000147,0.00592236605
-18.7315483,12.2647648,-7.51587915,0.0000000035,0.01406294981
-19.5622196,12.2416391,-7.19637537,0.00000000346,0.01391243127
-18.9894543,12.5881338,-9.24116707,0.00000000357,0.01436100929
-17.5813236,12.2416391,-10.0718555,0.00000000358,0.01437919223
-18.350235,12.5761013,-8.92166328,0.00000000357,0.0143300803
-18.919735,12.271101,-6.87687111,0.00000000344,0.01382566273
-19.7542362,12.271101,-6.55736732,0.00000000328,0.01318792832
-17.7422104,12.2502956,-9.43284798,0.00000000358,0.01437383745
-19.1807346,12.5761013,-8.6021595,0.00000000356,0.01431798806
-17.9549236,11.9856539,-4.83681297,0.00000000226,0.00907535404
-17.9850388,11.9851017,-4.87578535,0.00000000239,0.00960268581
-17.9836979,12.0718699,-4.87712097,0.0000000024,0.00963365674
-17.9647236,12.2416391,-8.79389477,0.00000000357,0.01435585879
-19.112957,12.2583036,-6.23786354,0.0000000032,0.0128399978
-18.539835,12.6049995,-8.28265572,0.00000000355,0.01426473273
-19.9454098,12.2640848,-5.91835976,0.00000000306,0.01227754186
-18.156435,12.2416391,-8.15483189,0.00000000356,0.01429989077
-17.5813236,12.6049995,-10.1996241,0.00000000358,0.01438238743
-19.3817348,12.5761013,-7.96315193,0.00000000354,0.01420677819
-18.348135,12.2416391,-4.49365044,0.00000000249,0.00998652195
-19.4983234,12.3913698,-4.49365044,0.00000000217,0.00870182878
-19.4344273,12.3913698,-4.49365044,0.00000000194,0.00778904901
-20.1373196,12.2539158,-5.27937889,0.00000000308,0.01236187788
-19.5562363,12.5761013,-7.32417107,0.00000000337,0.01352581117
-18.7315235,12.6049995,-7.64364767,0.00000000354,0.01421879281
-18.3469486,12.258604,-7.51587915,0.0000000035,0.01405104222
-19.306612,12.2416391,-5.5988555,0.00000000269,0.01081045475
-17.773735,12.5761013,-9.56067085,0.00000000358,0.01437764726
-18.156435,12.2416391,-4.49365044,0.00000000242,0.0097357154
-19.7532349,12.5761013,-6.68519068,0.00000000332,0.01334816275
-17.7730122,12.3274698,-10.346241,0.00000000358,0.01438660403
-17.8369198,12.3274698,-10.346241,0.00000000358,0.01438700721
-17.9747353,12.5761013,-8.92166328,0.00000000357,0.01433523261
-18.5442352,12.271101,-6.87687111,0.00000000337,0.01351987477
-19.4983234,12.2416391,-4.95990229,0.00000000254,0.0102177174
-19.9456196,12.6049995,-6.04615545,0.00000000325,0.01303728849
-17.389719,12.2520218,-6.74910259,0.00000000346,0.0138997325
-18.9232349,12.6049995,-7.00469446,0.00000000349,0.01402369645
-17.5797348,12.271101,-6.11004019,0.00000000317,0.0127364709
-18.7315483,12.2647648,-6.23786354,0.00000000322,0.01294534981
-18.1492348,12.5761013,-8.28265572,0.00000000354,0.01422082215
-19.1137352,12.5761013,-6.36563206,0.00000000334,0.01343100285
-17.7422104,12.2502956,-5.47108698,0.00000000291,0.01167529918
-19.3064842,12.5821743,-5.72667885,0.00000000187,0.00752331992
-19.4892349,12.5761013,-5.08767128,0.00000000152,0.00611339296
-19.3705196,12.2416391,-10.1357403,0.00000000358,0.01439033
-18.919735,12.271101,-5.5988555,0.00000000295,0.01186925816
-18.350235,12.5761013,-7.64364767,0.0000000035,0.01406516648
-17.3896351,12.6049995,-6.87687111,0.00000000349,0.0140159127
-17.9647236,12.2416391,-4.49365044,0.00000000248,0.00996178534
-18.7315483,12.2647648,-9.8162632,0.00000000358,0.01437560543
-18.9871311,12.4552689,-10.346241,0.00000000358,0.01438572983
-19.0510273,12.4552689,-10.346241,0.00000000358,0.01438557998
-19.5622196,12.2416391,-9.49675941,0.00000000358,0.01436674318
-18.539835,12.6049995,-7.00469446,0.00000000342,0.01373020232
-17.6121159,12.5962973,-6.23786354,0.00000000335,0.01347224004
-19.112957,12.2583036,-4.95990229,0.00000000264,0.01060987964
-18.919735,12.271101,-9.17725563,0.00000000358,0.01436920964
-19.7542362,12.271101,-8.85777855,0.00000000357,0.01433244416
-18.7315235,12.6049995,-6.36563206,0.00000000336,0.01348207989
-19.112957,12.2583036,-8.53824806,0.00000000357,0.01433038449
-20.1725159,12.2416391,-5.79056358,0.00000000322,0.0129286744
-17.773735,12.5761013,-5.5988555,0.00000000174,0.00698321663
-19.9454098,12.2640858,-8.21874428,0.00000000354,0.0142132828
-18.9232349,12.6049995,-5.72667885,0.00000000321,0.0129108911
-19.306612,12.2416391,-7.89924002,0.00000000355,0.01425270204
-18.7315235,12.6049995,-9.94403172,0.00000000358,0.01438337938
-19.3705196,12.6049995,-10.2635365,0.00000000358,0.01438634889
-19.1137352,12.5761013,-5.08767128,0.00000000172,0.00692605021
-17.9646511,12.5819702,-4.95990229,0.00000000156,0.00628127958
-18.3469486,12.258604,-9.8162632,0.00000000358,0.01438178355
-20.1373196,12.2539244,-7.57976341,0.00000000351,0.01411560127
-19.4983234,12.2416391,-7.26028681,0.00000000348,0.01399254
-19.5562363,12.5761013,-9.62455559,0.00000000358,0.0143673034
-18.9232349,12.6049995,-9.30507851,0.00000000358,0.01436444537
-18.5442352,12.271101,-9.17725563,0.00000000358,0.01436779134
-19.7532349,12.5761013,-8.98557568,0.00000000354,0.01423211334
-17.8369198,12.3274698,-4.49365044,0.00000000242,0.00972507092
-18.7315483,12.2647648,-8.53824806,0.00000000357,0.01433823694
-19.6921558,12.2585497,-6.62127876,0.00000000331,0.01327957893
-19.1137352,12.5761013,-8.66607094,0.00000000357,0.01432660855
-19.9456196,12.6049995,-8.3465395,0.00000000353,0.01417043906
-17.389719,12.2520218,-9.04948616,0.00000000358,0.01436500108
-18.919735,12.271101,-7.89924002,0.00000000355,0.01424410028
-17.5797348,12.271101,-8.41042423,0.00000000356,0.01429920393
-18.3484268,12.5960703,-9.94403172,0.00000000358,0.0143818772
-19.8842354,12.271101,-5.98227119,0.00000000307,0.01233955419
-19.3064842,12.5821733,-8.02706337,0.00000000354,0.01423146394
-20.1725159,12.2416391,-5.15158319,0.00000000301,0.01209150845
-17.7422104,12.2502956,-7.7714715,0.00000000353,0.01417269679
-20.0733891,12.2647705,-5.34326315,0.0000000031,0.01247166587
-18.539835,12.6049995,-9.30507851,0.00000000357,0.01435984877
-19.112957,12.2583036,-7.26028681,0.00000000349,0.01403214391
-19.4892349,12.5761013,-7.3880558,0.0000000034,0.01365343156
-17.9647236,12.2416391,-7.13246346,0.00000000348,0.0139716159
-17.3896351,12.6049995,-9.17725563,0.00000000357,0.01435659914
-19.6905613,12.5849104,-6.74910259,0.00000000332,0.01334444747
-17.6121159,12.5962973,-8.53824806,0.00000000356,0.01429446014
-18.156435,12.2416391,-6.49345541,0.0000000033,0.01324453859
-19.306612,12.2416391,-6.62127876,0.00000000332,0.01333454696
-19.881712,12.6049995,-6.11004019,0.00000000324,0.01300814174
-18.7315235,12.6049995,-8.66607094,0.00000000357,0.01434497347
-17.5127354,12.271101,-6.1739521,0.00000000325,0.01307136367
-20.0734119,12.6049995,-5.47108698,0.00000000217,0.00872786863
-19.4983234,12.2416391,-5.98227119,0.00000000313,0.01255466923
-18.3469486,12.258605,-5.85444784,0.00000000286,0.01148500458
-17.773735,12.5761013,-7.89924002,0.00000000352,0.01415516947
-18.9232349,12.6049995,-8.02706337,0.00000000355,0.01428115123
-17.7104721,12.2576962,-5.53497124,0.00000000293,0.01177805359
-19.6872349,12.271101,-5.34326315,0.00000000279,0.01119407858
-18.5442352,12.271101,-5.21549463,0.0000000029,0.01164944753
-19.0510273,12.4552689,-4.49365044,0.00000000191,0.00767292947
-17.9747353,12.5761013,-7.26028681,0.00000000345,0.01385039307
-19.306612,12.2416391,-10.1996241,0.00000000358,0.01438884568
-17.9008274,12.2416391,-4.89599085,0.00000000262,0.01051188146
-20.1373196,12.2539244,-9.88014793,0.00000000358,0.01436217607
-17.3896351,12.3913698,-10.346241,0.00000000358,0.01438502158
-19.4983234,12.2416391,-9.56067085,0.00000000358,0.0143697484
-18.1492348,12.5761013,-6.62127876,0.00000000213,0.00857506922
-17.5174274,12.6049995,-6.3017478,0.00000000339,0.01361190537
-18.7315235,12.2416391,-4.57648659,0.00000000245,0.0098548402
-19.6921558,12.2585497,-8.92166328,0.00000000357,0.01434074707
-18.350235,12.5761013,-5.98227119,0.00000000235,0.00943640442
-17.7085209,12.5854769,-5.66276741,0.00000000196,0.00789178117
-19.8842354,12.271101,-8.28265572,0.00000000354,0.01422899306
-18.539835,12.6049995,-5.34326315,0.00000000177,0.00712075135
-18.6037312,12.5191689,-10.346241,0.00000000358,0.01438441231
-17.9077358,12.5761013,-5.02378654,0.00000000135,0.00541797122
-20.1725159,12.6049995,-10.0079441,0.00000000358,0.01437790147
-20.1373196,12.6049995,-10.0079441,0.00000000358,0.01437736271
-20.0733891,12.2647629,-7.64364767,0.0000000035,0.01405252118
-18.7315235,12.6049995,-4.70430994,0.00000000151,0.00606048372
-19.4892349,12.5761013,-9.68843937,0.00000000358,0.01436497256
-17.7730122,12.2416391,-10.0718555,0.00000000358,0.01438496807
-18.0953445,12.7747688,-10.1392288,0.00000000358,0.01439174384
-17.9647236,12.2416391,-9.43284798,0.00000000358,0.01437321839
-19.6905613,12.5849104,-9.04948616,0.00000000353,0.01419024548
-18.156435,12.2416391,-8.79389477,0.00000000357,0.01435478569
-19.881712,12.6049995,-8.41042423,0.00000000353,0.01416159381
-18.3469486,12.258604,-8.15483189,0.00000000355,0.01425110444
-17.7730122,12.6049995,-10.1996241,0.00000000358,0.01438286376
-17.5127354,12.271101,-8.47433662,0.00000000356,0.01431096341
-20.0734119,12.6049995,-7.77147102,0.00000000351,0.01411846557
-18.5442352,12.271101,-7.51587915,0.00000000349,0.01401548007
-17.7104721,12.2576952,-7.83535576,0.00000000353,0.01417930219
-17.9747353,12.5761013,-9.56067085,0.00000000358,0.01437591761
-19.3647861,12.8609858,-10.0030584,0.00000000358,0.01439174384
-17.9008274,12.2416391,-7.19637537,0.00000000348,0.01398341197
-17.9647236,12.3274698,-4.49365044,0.00000000241,0.00967818995
-17.9008274,12.3274698,-4.49365044,0.00000000241,0.00967000655
-18.1492348,12.5761013,-8.92166328,0.00000000357,0.01433595066
-18.7315483,12.2647648,-6.87687111,0.00000000339,0.0136040217
-18.0925274,12.2416391,-6.55736732,0.00000000333,0.01337807661
-17.5174274,12.6049995,-8.6021595,0.00000000356,0.01431461
-18.919735,12.271101,-6.23786354,0.00000000328,0.01316987028
-18.350235,12.5761013,-8.28265572,0.00000000355,0.01424941316
-17.7085209,12.5854769,-7.96315193,0.00000000353,0.01418189885
-18.3150311,12.2511892,-5.91835976,0.00000000296,0.01187196722
-19.112957,12.2583036,-5.5988555,0.00000000273,0.01097914728
-18.4772358,12.271101,-5.27937889,0.0000000027,0.01085123256
-17.9006729,12.5823336,-7.32417107,0.00000000347,0.01392523532
-18.539835,12.6049995,-7.64364767,0.00000000351,0.014101874
-20.0734062,12.2531929,-9.94403172,0.00000000358,0.01436218407
-19.306612,12.2416391,-4.95990229,0.0000000024,0.00964338334
-20.1373196,12.6049995,-6.42954397,0.00000000336,0.01349618628
-18.6676273,12.2416391,-4.6403985,0.00000000254,0.01021962723
-18.7315235,12.6049995,-7.00469446,0.00000000348,0.01397702423
-18.0822353,12.5761013,-6.68519068,0.00000000236,0.00946934226
-18.9232349,12.6049995,-6.36563206,0.00000000339,0.01362055707
-19.1788197,12.4552689,-4.49365044,0.00000000176,0.00709033617
-19.1149235,12.4552689,-4.49365044,0.00000000184,0.00738294364
-18.2832355,12.5761013,-6.04615545,0.00000000203,0.00814964981
-19.1137352,12.5761013,-5.72667885,0.00000000213,0.00857582118
-17.4535313,12.3913698,-10.346241,0.00000000358,0.01438498321
-17.5174274,12.3913698,-10.346241,0.00000000358,0.01438484228
-19.3064861,12.5821657,-5.08767128,0.00000000171,0.00686880393
-18.4759388,12.6049995,-5.40717506,0.00000000166,0.00666979255
-20.0734119,12.6049995,-10.0718555,0.00000000358,0.01437664996
-18.5442352,12.271101,-9.8162632,0.00000000358,0.01437743406
-18.7315235,12.6049995,-10.346241,0.00000000358,0.0143847165
-18.6676273,12.6049995,-4.76819468,0.00000000134,0.00538197376
-18.7315483,12.2647648,-9.17725563,0.00000000358,0.01437184825
-17.709116,12.2416391,-10.1357403,0.00000000358,0.01438376026
-17.9008274,12.2416391,-9.49675941,0.00000000358,0.01437477851
-18.919735,12.271101,-8.53824806,0.00000000357,0.01433361805
-18.0925274,12.2416391,-8.85777855,0.00000000357,0.01435957672
-17.709116,12.6049995,-10.2635365,0.00000000358,0.01438279511
-18.348135,12.6049995,-10.346241,0.00000000358,0.01438439359
-18.6676273,12.5191689,-10.346241,0.00000000358,0.01438467191
-18.7315235,12.5191689,-10.346241,0.00000000358,0.01438502515
-18.3150311,12.2511892,-8.21874523,0.00000000355,0.01427501055
-19.112957,12.2583036,-7.89924002,0.00000000354,0.01423570372
-18.539835,12.6049995,-9.94403172,0.00000000358,0.01438150523
-18.4772358,12.271101,-7.57976341,0.0000000035,0.01405572177
-17.9006729,12.5823326,-9.62455559,0.00000000358,0.01437747508
-19.306612,12.2416391,-7.26028681,0.00000000349,0.01401520802
-18.7315235,12.6049995,-9.30507851,0.00000000358,0.01436833636
-18.678236,12.271101,-6.94078302,0.00000000338,0.01359504886
-18.0822353,12.5761013,-8.98557568,0.00000000358,0.01436259086
-19.4983234,12.2416391,-6.62127876,0.0000000033,0.01324744032
-18.9232349,12.6049995,-8.66607094,0.00000000357,0.01433667948
-20.1373196,12.6049995,-8.72998333,0.00000000356,0.01428481565
-18.2832355,12.5761013,-8.3465395,0.00000000355,0.01425626121
-18.8527355,12.271101,-6.3017478,0.00000000332,0.01332577394
-19.6921558,12.2585497,-5.98227119,0.00000000307,0.01231319588
-20.1725159,12.5191689,-6.49345541,0.00000000341,0.01368190304
-19.1137352,12.5761013,-8.02706337,0.00000000355,0.01425335055
-18.0262585,12.1357698,-4.69924259,0.00000000199,0.00799851312
-18.4759388,12.6049995,-7.70755959,0.00000000351,0.01410592822
-20.1373196,12.6049995,-5.79056358,0.00000000305,0.01225171343
-19.0537357,12.271101,-5.66276741,0.00000000284,0.0113958909
-19.8842354,12.271101,-5.34326315,0.00000000285,0.01145016141
-19.3064842,12.5821733,-7.3880558,0.0000000035,0.01404416207
-20.0734119,12.2416391,-4.70430994,0.00000000276,0.01108050304
-19.2427158,12.2416391,-5.02378654,0.00000000235,0.00942149698
-19.4892349,12.5761013,-6.74910259,0.00000000277,0.01111292884
-18.6676273,12.6049995,-7.0685792,0.00000000347,0.01393127875
-17.5174274,12.3913698,-4.49365044,0.00000000255,0.01025937118
-20.1373196,12.6049995,-5.47108698,0.00000000157,0.0062956054
-19.6905613,12.5849104,-6.11004019,0.00000000197,0.00790139714
-20.1373196,12.6049995,-5.15158319,2.81E-10,0.001128141
-19.5719643,12.8609858,-10.0030622,0.00000000358,0.01439174384
-18.8593273,12.6049995,-6.42954397,0.00000000341,0.01369520485
-18.0953465,12.8609858,-10.1392279,0.00000000358,0.01439174384
-19.881712,12.6049995,-5.47108698,0.00000000197,0.00789853642
-19.0507355,12.5761013,-5.79056358,0.00000000305,0.01224579667
-20.0734119,12.6049995,-4.83207893,0.00000000155,0.00622828469
-17.5127354,12.271101,-5.53497124,0.0000000031,0.01245686638
-19.247736,12.5761013,-5.15158319,0.00000000176,0.00705426467
-19.1149235,12.2416391,-10.1996241,0.00000000358,0.0143860492
-18.4754906,12.2626429,-9.88014793,0.00000000358,0.01437882473
-17.7096329,12.2489548,-4.89599085,0.00000000288,0.01156748609
-18.678236,12.271101,-9.24116707,0.00000000358,0.01437203557
-19.306612,12.2416391,-9.56067085,0.00000000358,0.01437639217
-19.4983234,12.2416391,-8.92166328,0.00000000357,0.01434994468
-18.8527355,12.271101,-8.6021595,0.00000000357,0.01434221355
-17.5174274,12.6049995,-5.66276741,0.00000000319,0.01281115524
-18.7315235,12.5191689,-4.49365044,0.00000000196,0.00787072413
-18.4759388,12.6049995,-10.0079441,0.00000000358,0.0143819798
-19.0537357,12.271101,-7.96315193,0.00000000355,0.01424968525
-19.6921558,12.2585497,-8.28265572,0.00000000355,0.01426572821
-17.7085209,12.5854769,-5.02378654,0.00000000145,0.00582473047
-20.1725159,12.5191689,-8.79389477,0.00000000356,0.01431147811
-19.2427158,12.2416391,-7.32417107,0.0000000035,0.01405491626
-19.8842354,12.271101,-7.64364767,0.00000000348,0.01397480844
-20.1373196,12.6049995,-8.09094715,0.00000000353,0.01420006753
-18.6676273,12.6049995,-9.36896324,0.00000000358,0.0143670902
-19.3064842,12.5821724,-9.68843937,0.00000000358,0.01438068992
-20.1725159,12.5191689,-5.85444784,0.00000000325,0.01306856627
-20.0733891,12.2647629,-7.00469446,0.00000000343,0.01379413251
-19.4344273,12.2416391,-6.68519068,0.00000000332,0.01334178481
-19.4892349,12.5761013,-9.04948616,0.00000000357,0.01434648631
-18.8593273,12.6049995,-8.72998333,0.00000000357,0.01434590296
-20.1373196,12.6049995,-7.77147102,0.00000000352,0.0141359072
-19.6905613,12.5849104,-8.41042423,0.00000000351,0.01410579352
-20.1725159,12.5191689,-5.53497124,0.00000000312,0.01255091916
-20.1373196,12.6049995,-7.45196772,0.0000000035,0.01405154892
-19.6261158,12.2416391,-6.04615545,0.00000000311,0.01249069803
-19.0507355,12.5761013,-8.09094715,0.00000000355,0.01427152365
-19.881712,12.6049995,-7.77147102,0.00000000348,0.01399813209
-20.1725159,12.5191689,-5.21549463,0.00000000279,0.01122524218
-20.1373196,12.6049995,-7.13246346,0.00000000347,0.01392425856
-20.0734119,12.6049995,-7.13246346,0.00000000346,0.0139071737
-17.5127354,12.271101,-7.83535576,0.00000000353,0.01418784329
-19.8172359,12.271101,-5.40717506,0.00000000283,0.01136888858
-17.7104721,12.2576952,-7.19637537,0.00000000347,0.01395062936
-20.1373196,12.6049995,-6.81298685,0.00000000342,0.01375082939
-18.1621132,12.8609858,-10.0030594,0.00000000358,0.01439174384
-17.9008274,12.2416391,-6.55736732,0.0000000033,0.01324095982
-18.0953598,12.1357698,-4.70067167,0.00000000195,0.0078459028
-18.0925274,12.2416391,-5.91835976,0.00000000318,0.01277388486
-17.5174274,12.6049995,-7.96315193,0.00000000355,0.01424862552
-18.3150311,12.2511892,-5.27937889,0.00000000273,0.01095964418
-17.5813236,12.3913698,-4.49365044,0.00000000249,0.01001433601
-17.6452198,12.3913698,-4.49365044,0.00000000241,0.00967043383
-17.7085209,12.5854769,-7.32417107,0.00000000348,0.0139968574
-19.8816128,12.2522955,-9.94403172,0.00000000358,0.01436746662
-19.690012,12.2416391,-10.346241,0.00000000358,0.01438611609
-18.4759388,12.2416391,-4.6403985,0.00000000259,0.01042249839
-17.9006729,12.5823336,-6.68519068,0.00000000332,0.01335361298
-20.0733891,12.2647629,-9.30507851,0.00000000357,0.01435336915
-20.1725159,12.5191689,-8.15483189,0.00000000355,0.01424711711
-18.0822353,12.5761013,-6.04615545,0.00000000208,0.00835789274
-20.1373196,12.6049995,-9.75235176,0.00000000358,0.01437340925
-18.2832355,12.5761013,-5.40717506,0.00000000172,0.00689772768
-20.1725159,12.5191689,-7.83535576,0.00000000353,0.01419657349
-19.881712,12.6049995,-10.0718555,0.00000000358,0.01437481418
-20.1725159,12.5191689,-7.51587915,0.00000000352,0.0141308004
-18.4759388,12.6049995,-4.76819468,0.00000000124,0.00496700527
-18.7954197,12.5191689,-4.49365044,0.00000000195,0.00783337172
-18.8593273,12.5191689,-4.49365044,0.00000000194,0.00777447521
-20.1373196,12.6049995,-9.43284798,0.00000000357,0.01434219571
-20.0734119,12.6049995,-9.43284798,0.00000000357,0.01434040275
-17.5174274,12.2416391,-10.1357403,0.00000000358,0.01438015205
-19.5006256,12.8609858,-9.93344784,0.00000000358,0.01439174384
-19.5415268,12.8621016,-9.96440983,0.00000000358,0.01439174384
-20.1373196,12.6049995,-9.1133709,0.00000000356,0.01431663399
-17.7104721,12.2576962,-9.49675941,0.00000000358,0.01437562326
-20.1725159,12.5191689,-7.19637537,0.00000000349,0.01403424729
-17.9008274,12.2416391,-8.85777855,0.00000000357,0.0143545796
-20.1725159,12.5191689,-6.87687111,0.00000000346,0.01389156071
-18.0925274,12.2416391,-8.21874428,0.00000000357,0.01432343922
-17.5174274,12.6049995,-10.2635365,0.00000000358,0.01438312513
-18.3150311,12.2511892,-7.57976389,0.00000000351,0.01410223523
-17.7085209,12.5854769,-9.62455559,0.00000000358,0.01437828681
-18.4772358,12.271101,-6.94078302,0.00000000339,0.01360024041
-17.9006729,12.5823336,-8.98557568,0.00000000356,0.01430988585
-18.678236,12.271101,-6.3017478,0.00000000318,0.01275831557
-18.0822353,12.5761013,-8.3465395,0.00000000355,0.01427905854
-18.2832355,12.5761013,-7.70755959,0.00000000351,0.01408301402
-18.8527355,12.271101,-5.66276741,0.00000000305,0.01225841517
-19.4315166,12.8609858,-9.9348774,0.00000000358,0.01439174384
-18.4759388,12.6049995,-7.0685792,0.00000000342,0.01374659499
-19.0537357,12.271101,-5.02378654,0.00000000272,0.01092848323
-20.1725159,12.5191689,-9.8162632,0.00000000358,0.01437171889
-18.6676273,12.6049995,-6.42954397,0.00000000333,0.0133719984
-20.1725159,12.5191689,-9.49675941,0.00000000357,0.01434804735
-18.8593273,12.6049995,-5.79056358,0.00000000325,0.01306609627
-20.1725159,12.5191689,-9.17725563,0.00000000357,0.01433597299
-19.0507355,12.5761013,-5.15158319,0.00000000162,0.00652098135
-18.3150311,12.2511892,-9.88014793,0.00000000358,0.01438295387
-18.4772358,12.271101,-9.24116707,0.00000000358,0.01437041299
-18.678236,12.271101,-8.6021595,0.00000000357,0.0143330766
-18.2842274,12.6049995,-10.0079441,0.00000000358,0.01438341863
-18.8527355,12.271101,-7.96315193,0.00000000355,0.01426836682
-19.0537357,12.271101,-7.32417107,0.0000000035,0.0140660817
-18.4759388,12.6049995,-9.36896324,0.00000000358,0.01436270592
-19.2427158,12.2416391,-6.68519068,0.00000000335,0.01346476935
-18.6676273,12.6049995,-8.72998333,0.00000000357,0.01433931093
-19.4344273,12.2416391,-6.04615545,0.00000000309,0.01239998229
-18.8593273,12.6049995,-8.09094715,0.00000000356,0.01429853489
-19.6261158,12.2416391,-5.40717506,0.00000000286,0.01150445952
-19.0507355,12.5761013,-7.45196772,0.00000000352,0.01414032538
-19.8178043,12.2416391,-4.76819468,0.00000000264,0.01059384647
-19.247736,12.5761013,-6.81298685,0.00000000342,0.01373730816
-19.4344749,12.5822334,-6.1739521,0.00000000217,0.00872910677
-19.6232357,12.5761013,-5.53497124,0.0000000019,0.00762434204
-19.8173828,12.5972567,-4.89599085,0.00000000131,0.00526028042
-18.8593273,12.2416391,-10.2635365,0.00000000358,0.01438564687
-17.4537582,12.2639217,-4.95990229,0.00000000305,0.01224774575
-19.0537357,12.271101,-9.62455559,0.00000000358,0.01438003161
-19.2427158,12.2416391,-8.98557568,0.00000000357,0.01436104408
-19.4344273,12.2416391,-8.3465395,0.00000000357,0.01432874406
-17.354372,12.2416391,-6.74910259,0.00000000348,0.01396102493
-17.4535313,12.6049995,-5.08767128,8.03E-10,0.0032250253
-19.6261158,12.2416391,-7.70755959,0.00000000351,0.01409320265
-19.0507355,12.5761013,-9.75235176,0.00000000358,0.01438161583
-17.354372,12.2416391,-6.11004019,0.00000000336,0.01349729509
-19.8172359,12.271101,-7.0685792,0.00000000343,0.01378148098
-19.247736,12.5761013,-9.1133709,0.00000000357,0.01435016768
-20.0182362,12.271101,-6.42954397,0.00000000327,0.0131383722
-19.4344749,12.5822334,-8.47433662,0.00000000356,0.01431395614
-19.6232357,12.5761013,-7.83535576,0.00000000346,0.01390548957
-19.8154697,12.5880909,-7.19637537,0.00000000342,0.01374664228
-17.4537582,12.2639217,-7.26028681,0.00000000349,0.01402704335
-20.0095158,12.6049995,-6.55736732,0.00000000336,0.01349373058
-17.354372,12.2416391,-9.04948616,0.00000000358,0.01436739796
-20.1065178,12.5149755,-5.47108698,0.00000000233,0.0093479125
-17.354372,12.2416391,-8.41042423,0.00000000357,0.014342821
-20.1065178,12.5149755,-7.77147102,0.00000000352,0.0141603325
-20.1065178,12.5149755,-7.13246346,0.00000000348,0.01396662504
-19.5413208,11.9851017,-4.87537909,0.00000000231,0.00928490914
-19.5719624,11.9856539,-4.83682919,0.00000000215,0.00862379578
-20.1065178,12.5149755,-9.43284798,0.00000000357,0.01434434368
-18.1607208,11.9856539,-4.76441526,0.00000000211,0.0084934628
-17.9563332,11.9856539,-4.76441002,0.00000000207,0.00830750342
-20.1709862,12.6049995,-10.3467865,0.00000000358,0.01437889965
-19.3928852,12.8621016,-9.96605301,0.00000000358,0.01439174384
-20.1373196,12.6049995,-5.40717506,0.00000000129,0.00516837874
-17.9549255,12.2416391,-4.83681774,0.0000000023,0.00924066939
-20.1373196,12.6049995,-7.70755959,0.00000000352,0.01412119781
-20.1725159,12.5191689,-5.47108698,0.00000000309,0.01240022044
-20.1373196,12.6049995,-7.0685792,0.00000000346,0.01389254728
-20.1725159,12.5191689,-7.77147102,0.00000000353,0.01418475777
-20.1373196,12.6049995,-9.36896324,0.00000000357,0.01433484903
-20.1725159,12.5191689,-7.13246346,0.00000000349,0.01400899153
-20.1725159,12.5191689,-9.43284798,0.00000000357,0.01434649346
-19.5006409,12.8609858,-10.140645,0.00000000358,0.01439174384
