x-coordinate,y-coordinate,z-coordinate,r,theta,phi,actual,predicted,error,error_pct,zero_corrected
7.43409478,0.01639068885,-2.599948335,7.87564379573972,0.126325504380304,109.276373653147,0.001662688446,0.0016643801,1.69163127265357E-06,0.101679570878836,0
1.81553346E-14,-0.01656209773,-2.599947249,2.60000000012767,270.000000000063,179.635021262518,0.0008424292319,0.0009888775,0.000146448262919462,17.363432209903,0
15.08,-0.03748115984,-2.599729825,15.3024965283557,359.857592317778,99.7813805156648,0.0008628102369,0.0008710771,8.26688480109149E-06,0.957025565100882,0
12.22640291,-0.09731423914,-2.598178196,12.4997971230323,359.543972377461,101.996833318481,0.001662687864,0.0016197383,-4.29495701883211E-05,2.58158823645305,0
3.032981927,0.1128609097,-2.597549309,3.99486913016351,2.13106170353825,130.558294872364,0.001662694616,0.001664148,1.4533291209306E-06,0.0873555222787712,0
2.456374275,0.1403368389,-2.596209847,3.57683862885845,3.26985076319971,136.538707897168,0.001662692521,0.0015976166,-6.50759323031626E-05,3.91153602494091,0
14.25480273,0.143976238,-2.596010563,14.4899758754641,0.578678670550517,100.320781694389,0.001662691589,0.001664148,1.45635612093064E-06,0.0875376259974976,0
13.73978183,0.1488741218,-2.595734288,13.9836191572153,0.620790430074067,100.69767760254,0.001662690076,0.001664148,1.45786912093067E-06,0.0876286480253472,0
13.22748551,0.1522234421,-2.595540025,13.4805924541528,0.65933739047307,101.100995568836,0.001662690076,0.001664148,1.45786912093067E-06,0.0876286480253472,0
1.883351258,0.1630864039,-2.594880118,3.21045354474082,4.94910944913289,143.926243168249,0.001662695198,0.0016042206,-5.84746009265641E-05,3.51474242378406,0
1.355379844,0.1671684221,-2.594620342,2.93207341688251,7.03117766588372,152.240416634144,0.001662697643,0.0016497849,-1.29127874554328E-05,0.776149891764486,0
11.5580978,0.1699242243,-2.594441319,11.8469246960594,0.842287347136335,102.650130560383,0.0016626867,0.001664148,1.46124512093062E-06,0.087831748665817,0
0.853867774,0.1700546653,-2.594432772,2.73662020987451,11.2635417621381,161.449332117735,0.001662695198,0.0016847046,2.20093646491309E-05,1.32292048901682,0
12.73149545,0.1727076968,-2.594257514,12.9942670586244,0.777191904706854,101.516277172855,0.001662689145,0.001664148,1.45880012093064E-06,0.0876846570355327,0
11.11163375,-0.1750815312,-2.59409839,11.4117660593664,359.097288212634,103.139214981228,0.001662685419,0.001650167,-1.2518371953875E-05,0.752448258000573,0
6.587425625,0.1913557299,-2.592948705,7.08196133617188,1.66389634365436,111.477403957907,0.001662689145,0.0016003116,-6.23775416028691E-05,3.74935076004653,0
10.42722994,0.1957621726,-2.592619751,10.7464935780527,1.07555207092662,103.960482903793,0.001662685769,0.001664148,1.46217612093059E-06,0.087887757903313,0
0.3686261108,0.1962118393,-2.592585758,2.62600175324189,28.0254233267349,170.849834746369,0.001662696246,0.0016579744,-4.72180539555175E-06,0.283814152186994,0
8.292738413,-0.2258658879,-2.590170767,8.69077156459563,358.439844254414,107.339733919486,0.001662687864,0.0016503992,-1.22886848021521E-05,0.738641248040751,0
3.602826601,-0.2299682566,-2.589809762,4.44301243744234,356.347767697331,125.654420629117,0.001662693336,0.001649428,-1.32652934168324E-05,0.797340058398385,0
5.759301375,0.2475754458,-2.588185928,6.31898348845265,2.4614618096266,114.17901705232,0.001662689843,0.0015976587,-6.50311119566613E-05,3.90884828865673,0
14.70485386,0.2512272585,-2.58783401,14.93294100446,0.978783026491726,99.9795697620288,0.001662691706,0.0017636588,0.00010096712489602,6.0688602661111,0
12.87370299,-0.2609849132,-2.58686816,13.1336296840163,358.838618069903,101.359548750122,0.001662687631,0.0016259913,-3.6696321007031E-05,2.20572181479607,0
0.5059132829,-0.2877707551,-2.58402554,2.64876353204241,330.368158132382,167.30641831324,0.001662696828,0.0016603456,-2.35124012058058E-06,0.141326236908626,0
13.45340796,-0.2903557741,-2.58373635,13.7023423450174,358.763616017443,100.868855921026,0.001662687631,0.0016259913,-3.6696321007031E-05,2.20572181479607,0
13.9993859,-0.290708336,-2.583696705,14.2387782333024,358.810378734793,100.454517645934,0.001662689145,0.0016259913,-3.6697835007031E-05,2.20581081010966,0
1.101875897,-0.301829777,-2.582421109,2.82385029540913,344.681103292327,156.13532212622,0.001662694965,0.0016670264,4.33146536842348E-06,0.260352135430276,0
9.159892315,-0.3068616364,-2.581828022,9.52174496725651,358.081276158123,105.732752981827,0.001662687166,0.001650167,-1.2520118953875E-05,0.75255247559414,0
4.936641906,0.3122624714,-2.581180379,5.57946532456782,3.61936670402253,117.556395140454,0.001662691706,0.001561549,-0.00010114267948094,6.07941237647427,0
9.526372903,0.3185847961,-2.580407667,9.87480534933378,1.91539467204484,105.147941043816,0.001662686351,0.001664148,1.46159412093075E-06,0.087852744602504,0
14.61179877,-0.333427212,-2.57853181,14.8413160904233,358.692792209132,100.005348321855,0.001662687864,0.0016259913,-3.66965540070309E-05,2.20573551091498,0
2.216943302,-0.3371811606,-2.578043612,3.41684614882207,351.351999343286,138.982548124271,0.001662691589,0.0016534824,-9.20915000356582E-06,0.553537089713917,0
1.615416332,-0.337187584,-2.578042772,3.06097532279461,348.209871963624,147.376270833721,0.001662693103,0.0016795188,1.682573913835E-05,1.01134873421123,0
4.418217406,-0.3511546847,-2.576177476,5.12646516101669,355.45575175704,120.167201113704,0.001662692055,0.0016462341,-1.64579831864761E-05,0.98924456223818,0
2.877649534,-0.3688400691,-2.573704918,3.87825564423511,352.695990882509,131.576876361912,0.00166269287,0.0016462341,-1.64587981864761E-05,0.989293065040071,0
8.659454268,0.3721614624,-2.573226738,9.04135765351848,2.46091341107621,106.535312651141,0.001662687166,0.001664148,1.46077912093075E-06,0.0878037139904674,0
9.950242145,-0.3785245917,-2.572298415,10.2843239323967,357.821418990085,104.484517260783,0.001662686002,0.001650167,-1.25189549538751E-05,0.752483036992883,0
4.115395147,0.3907984426,-2.570462328,4.86790275358464,5.42454832479859,121.873328249132,0.001662693918,0.0015689319,-9.37620646013194E-05,5.6357761236535,0
11.63404333,-0.4370414793,-2.563005023,11.9210303332753,357.848653086378,102.415446108967,0.001662686118,0.0016506313,-1.20548066504292E-05,0.724584194097918,0
5.198461518,-0.4460285729,-2.561456326,5.81240072190274,355.096026045734,116.147798305453,0.001662691007,0.0016462341,-1.64569351864762E-05,0.989182192921248,0
7.962274427,0.4477207601,-2.561161088,8.37602614899023,3.21836743619878,107.8046642971,0.001662687398,0.001565539,-9.71483527406436E-05,5.839339340878,0
11.01510926,0.4532388248,-2.560190338,11.3178015536955,2.35622093073948,103.073991072559,0.001662686002,0.001664148,1.46194312093065E-06,0.0878737405479868,0
3.370735091,0.4625400412,-2.558526277,4.25697722022465,7.81346044586894,126.942948170821,0.001662693918,0.0016003547,-6.23392409337931E-05,3.74703785710378,0
-0.4335199716,0.1762568236,-2.557536699,2.60000000007182,157.874747001797,169.630670220275,0,0,0,0,1
15.08,0.4891105063,-2.553580019,15.3024965283711,1.8577020526302,99.6060829084642,0.0009598620236,0.00089991087,-5.99511549888133E-05,6.23930944467949,0
1.781618078E-14,0.5004675778,-2.551378491,2.60000000014739,89.999999999998,168.902010680308,0.0008591981023,0.0010442404,0.000185042328628767,21.5115946122178,0
11.98011048,0.509037852,-2.549682424,12.2589986177921,2.43304829567484,102.004268358849,0.001662689261,0.001664148,1.45868412093067E-06,0.0876776784658627,0
2.695535891,0.5196286774,-2.5475451,3.7451186548065,10.9112780088785,132.861682065965,0.001662693569,0.0016570468,-5.64672567986862E-06,0.339408998452925,0
6.045688745,-0.5211274984,-2.547238923,6.5810601275064,355.073384550952,112.771439782957,0.001662690076,0.001642809,-1.98810593699465E-05,1.19499777372877,0
15.56116813,0.2230696109,-2.54533243,15.7695412362137,0.821279725243358,99.2886395568473,0,0,0,0,1
12.46016417,0.5323238579,-2.544922653,12.7285384527366,2.44630603468812,101.53335244828,0.00166269124,0.001664148,1.45670512093077E-06,0.0875586218107855,0
10.62038393,-0.538392042,-2.54364581,10.9340090917386,357.097919671046,103.452322926984,0.001662685419,0.001650167,-1.2518371953875E-05,0.752448258000573,0
2.06959078,0.5597135721,-2.53903933,3.32313195626367,15.1334164788364,139.822559288855,0.001662694383,0.001628079,-3.46153970407085E-05,2.08063436376394,0
0.5993232996,0.5646159308,-2.537953674,2.66818073190829,43.2920099104908,162.025242298941,0.001662695548,0.0016847046,2.20090146491308E-05,1.32289917320442,0
13.01605289,0.567950724,-2.537209486,13.2731922624521,2.49849556485015,101.020075054032,0.001662690425,0.001664148,1.45752012093076E-06,0.0876076521826928,0
-0.4676808632,-0.3229825081,-2.537115864,2.59999999955818,214.629132932814,167.372983752229,0,0,0,0,1
1.556584658,0.5735727943,-2.535944449,3.03033922132424,20.2279135220647,146.809142284628,0.001662695431,0.0016622774,-4.18047270184588E-07,0.0251276322814273,0
1.078117138,0.5806861741,-2.534325071,2.81466455577558,28.3074115182526,154.210747063951,0.00166269578,0.0016622774,-4.18396270184494E-07,0.0251486044031737,0
13.51762349,0.5814542593,-2.534148959,13.7653966459183,2.4630328617277,100.608408500352,0.001662690076,0.001664148,1.45786912093067E-06,0.0876286480253472,0
1.769541811E-14,-0.5817347271,-2.53408459,2.60000000038261,270.000000000002,167.070960765797,0.0008684422937,0.0009116488,4.3206498980353E-05,4.96944987533138,0
13.9859854,0.5881284728,-2.532608319,14.2256032422882,2.4079417346012,100.255132799846,0.001662689145,0.001664148,1.45880012093064E-06,0.0876846570355327,0
14.41218667,0.5907406755,-2.532000287,14.6448326931373,2.34718103390452,99.9561115865902,0.001662694383,0.001664148,1.45356212093075E-06,0.0873695394889573,0
12.53736035,-0.5944909085,-2.531122391,12.8041167030086,357.285207972145,101.401345436846,0.001662687398,0.0016197383,-4.29491041883212E-05,2.58156094948801,0
6.857582366,-0.5974541747,-2.530424571,7.3339236365578,355.02078398013,110.183634568809,0.001662689261,0.001642809,-1.98802443699465E-05,1.19494937161505,0
15.56581659,-0.3695205532,-2.527337888,15.7739858105958,358.640097536749,99.2197759926529,0,0,0,0,1
15.08,-0.6169125762,-2.52575115,15.3024965282924,357.657374773421,99.5004203781513,0.0008311614511,0.00087205047,4.08890191068865E-05,4.91359207433089,0
14.78853408,0.642481163,-2.519368563,15.0153501536382,2.48762489790903,99.6591289904406,0.001662695431,0.0016828284,2.01329823225679E-05,1.21013629943472,0
14.18254741,-0.6833479044,-2.508592363,14.4188990924775,357.241490294545,100.019274808654,0.001662692055,0.0016259913,-3.67007450070309E-05,2.20598186405542,0
12.08603485,-0.7172771902,-2.499102525,12.362533655908,356.603616633313,101.662790769918,0.0016626867,0.0016470286,-1.56580936150074E-05,0.941168407189133,0
13.68579931,-0.7177484699,-2.498967213,13.9305815654369,356.997886928281,100.334064602391,0.001662687166,0.0016259913,-3.66958560070309E-05,2.2056944813284,0
0.3535698347,-0.7556959732,-2.48775473,2.62393056854747,295.073630320351,161.460079855377,0.001662694616,0.0015372998,-0.000125394784602169,7.53712751103647,0
11.19298665,-0.7627835671,-2.48559072,11.4909943061802,356.101414998165,102.492259369606,0.001662686002,0.001650167,-1.25189549538751E-05,0.752483036992883,0
0.8230717141,-0.7708853257,-2.483089973,2.72716832006098,316.875202436296,155.574702995527,0.001662693452,0.0016783228,1.56293391219001E-05,0.939436234668797,0
13.04370948,-0.7820380834,-2.479600056,13.3003141692309,356.568927844608,100.744614531851,0.001662686118,0.0016310599,-3.1626201310008E-05,1.9009716416957,0
1.322235549,-0.823757363,-2.466054299,2.91690021182632,328.07694969626,147.718747897132,0.001662689028,0.0016810443,1.83553205155701E-05,1.10329035093992,0
1.949808845,-0.854604922,-2.455534652,3.24988531057938,336.332069533222,139.075706249868,0.001662689727,0.0016489556,-1.37340977928062E-05,0.825520382191207,0
2.622903371,-0.8594759776,-2.453833948,3.69318590028067,341.857005635816,131.637997782406,0.001662692521,0.0016489556,-1.37368917928061E-05,0.825686935501115,0
3.972643218,-0.8645281945,-2.452058523,4.74783046631025,347.722693153083,121.095008888468,0.001662692521,0.0016489556,-1.37368917928061E-05,0.825686935501115,0
-0.6749273007,0.5481661616,-2.45030345,2.59999999981449,140.916997182591,160.462772545715,0,0,0,0,1
10.22494246,-0.8813883888,-2.446048754,10.5503292986128,355.073291465589,103.405761732332,0.001662686351,0.0016525468,-1.01395419450888E-05,0.609462350820764,0
3.347992999,-0.9052072739,-2.437334567,4.23899246538226,344.870501747541,125.098209776191,0.00166269287,0.0016489556,-1.3737240792806E-05,0.82570773972278,0
7.807538225,-0.9055143726,-2.437220491,8.22907364990566,353.384421123654,107.227823753272,0.001662688563,0.0016455306,-1.71579889762764E-05,1.03132216917671,0
14.54246812,-0.9269185197,-2.429160772,14.7730626147594,356.35297299781,99.4642261882555,0.001662689843,0.0016310599,-3.16299263100081E-05,1.9011912853283,0
8.733176466,-0.9471507766,-2.421343719,9.11199051719497,353.81021790972,105.410428458241,0.001662687864,0.001648453,-1.42349161524548E-05,0.855624210555328,0
-0.9461480813,0.04681745803,-2.421283117,2.59999999976794,177.167191151762,158.632515966669,0,0,0,0,1
0,0.9568,-2.417547054,2.59999999967386,90,158.407675125585,0.0005191329983,0.000669969,0.000150836014660792,28.9995088090514,0
0.4347798673,0.9568,-2.417547054,2.63610195768553,65.5624587615581,156.504535298209,0.001662695431,0.0015743629,-8.83325700074492E-05,5.30941952243958,0
0.8605489081,0.9568,-2.417547054,2.73871218304081,48.0316873294415,151.973618300836,0.00166269578,0.0015879814,-7.47144218294906E-05,4.4908704300188,0
1.295685367,0.9568,-2.417547054,2.90496137126847,36.444046587864,146.326757795956,0.001662695548,0.0016790109,1.63153740892191E-05,0.980670658693081,0
1.76815496,0.9568,-2.417547054,3.14426016113118,28.4191073154597,140.253086686142,0.001662696479,0.0015940703,-6.86261338366547E-05,4.12491910050227,0
2.295754301,0.9568,-2.417547054,3.46849935979006,22.6248771821903,134.186875506737,0.001662695897,0.0015858836,-7.6812342928812E-05,4.61697014865043,0
2.932764273,0.9568,-2.417547054,3.91932472235834,18.0686621024071,128.084826019419,0.001662693452,0.0015858836,-7.6809897928812E-05,4.6168299716799,0
3.696054993,0.9568,-2.417547054,4.51894041890179,14.5135874754574,122.342619734167,0.001662695897,0.0015704902,-9.22057081033439E-05,5.54222128392638,0
4.551431976,0.9568,-2.417547054,5.24171088772162,11.8718267803778,117.465430705562,0.001662695431,0.0015935076,-6.91878375023661E-05,4.15868410847166,0
5.456413327,0.9568,-2.417547054,6.04420767291853,9.94588457208664,113.576771690299,0.001662690309,0.0016309435,-3.17468076318349E-05,1.90821617822112,0
6.338735164,0.9568,-2.417547054,6.85124539610385,8.58370797020825,110.662493999289,0.001662688213,0.0015988662,-6.38220222386723E-05,3.83617685933995,0
7.199486381,0.9568,-2.417547054,7.6545805991255,7.5701556845296,108.410934211601,0.001662687166,0.0016023356,-6.03515658175859E-05,3.627578973437,0
8.049514608,0.9568,-2.417547054,8.45900026142035,6.77861828856669,106.606425411853,0.001662685536,0.0016023356,-6.03499358175859E-05,3.62748455232022,0
8.914756444,0.9568,-2.417547054,9.28616618708408,6.12597194030241,105.090151534154,0.0016626867,0.0016023356,-6.0351099817586E-05,3.62755197944337,0
9.798614089,0.9568,-2.417547054,10.1376939223599,5.57704960270957,103.796321196567,0.001662687864,0.0016023356,-6.03522638175859E-05,3.62761940647215,0
10.68468748,0.9568,-2.417547054,10.9964788247681,5.1171143760418,102.700069023036,0.001662687398,0.0016023356,-6.0351797817586E-05,3.62759241250116,0
11.48718314,0.9568,-2.417547054,11.7777492115516,4.76133705492146,101.844949514661,0.001662689261,0.0015988662,-6.38230702386723E-05,3.83623743536758,0
12.19227672,0.9568,-2.417547054,12.4664193582343,4.48714215789903,101.181916375942,0.00166269287,0.0015988662,-6.38266792386722E-05,3.83644604058874,0
12.79736204,0.9568,-2.417547054,13.0588083369478,4.27578717278306,100.668577236499,0.001662685536,0.0015988662,-6.38193452386722E-05,3.83602212423587,0
13.30960494,0.9568,-2.417547054,13.5611792871113,4.11180185184571,100.26898959258,0.001662675641,0.0015988662,-6.38094502386723E-05,3.83545017226542,0
13.77237538,0.9568,-2.417547054,14.0156456721028,3.97409010429124,99.9325761631086,0.00166267145,0.0015591956,-0.000103475875626993,6.21973020135636,0
14.19959542,0.9568,-2.417547054,14.4356679821195,3.85488861268902,99.6407750595288,0.001662680996,0.0015591956,-0.000103485421626993,6.22026830118298,0
14.62477792,0.9568,-2.417547054,14.8540946949864,3.74313976330177,99.366720915355,0.001662695198,0.0016285817,-3.41135306810598E-05,2.0504675809649,0
15.08,0.9568,-2.417547054,15.3024965282892,3.63045195933699,99.0898899996541,0.0006605637609,0.0009015354,0.000240971625319621,36.4245503701412,0
11.67231438,-0.9611879405,-2.415805817,11.9583829587436,355.292447504392,101.654977387029,0.001662686118,0.0016450824,-1.76037429653101E-05,1.05811683915909,0
16.04579255,-0.07191470682,-2.412897228,16.2263582887715,359.743211088861,98.5517319715804,0,0,0,0,1
12.5074826,-1.002034438,-2.399151305,12.7748628559576,355.419543204944,100.824568870551,0.001662685536,0.0016219402,-4.07453627912864E-05,2.44910242408253,0
15.94891784,0.5085647583,-2.397153242,16.1360764142367,1.82637747895848,98.5434057065561,0,0,0,0,1
-0.4858596579,-0.9061415676,-2.38806362,2.60000000016823,241.800451216114,156.705740637383,0,0,0,0,1
9.574429673,-1.034924813,-2.385147926,9.92117450510211,353.830704278368,103.91073041122,0.001662687398,0.0016482208,-1.44665823041778E-05,0.869549310860251,0
-0.4422452389,0.9568,-2.376752597,2.59999999974538,114.80698572517,156.083269548173,0,0,0,0,1
15.56360095,0.9568,-2.368683998,15.771867506837,3.5179323422006,98.6375965663676,0,0,0,0,1
13.97427061,-1.096291578,-2.357571797,14.2140859390786,355.514292294504,99.5472933209036,0.0016626867,0.0016541188,-8.56793485445981E-06,0.514996895416656,0
15.57175679,-0.9808068759,-2.357157851,15.7796636462649,356.395913664077,98.5909678754841,0,0,0,0,1
14.62499523,0.9568,-2.353867604,14.844077755613,3.7430843028215,99.1240686033527,0.0006105866632,0.00069274544,8.21587746455877E-05,13.4337093316766,0
14.19980745,0.9568,-2.353536905,14.4252949300967,3.85483122545071,99.3899824779156,0.0007409371319,0.00072494464,-1.59924966056222E-05,2.1555056241312,0
13.77258167,0.9568,-2.352937262,14.0048486552239,3.97403076986387,99.6720643126167,0.0008333689766,0.00072494464,-0.000108424341305622,12.9947714196475,0
13.30980532,0.9568,-2.352099984,13.5498619266409,4.11174016071408,99.996527034498,0.0008330675773,0.0008618713,2.88037117893221E-05,3.45340264664933,0
12.79755596,0.9568,-2.351084439,13.0468579676733,4.27572262251408,100.381590865015,0.0008327284595,0.0008618713,2.91428295893221E-05,3.49548216295741,0
12.19246289,0.9568,-2.349768289,12.4536351550869,4.48707392231734,100.87583739675,0.0008324085502,0.0008618713,2.94627388893221E-05,3.5352095778537,0
11.48736026,0.9568,-2.347720551,11.7637878155216,4.76126397887168,101.511921388094,0.0008322080248,0.0008618713,2.96632642893221E-05,3.56012705187787,0
10.75301761,-1.123136992,-2.344901554,11.0628833367129,354.037160606683,102.237305873757,0.001662686933,0.0016482208,-1.44661173041777E-05,0.869521603928937,0
10.68485641,0.9568,-2.344014279,10.9807115289709,5.11703390281502,102.325576952296,0.0008320760098,0.00086490565,3.28296446527412E-05,3.94077422306552,0
0.4350278571,0.9568,-2.343199338,2.56813134672989,65.5501512688786,155.841128281933,0.0006518135197,0.0007016094,4.97958971648123E-05,7.62788999647188,0
0.8607257149,0.9568,-2.342924291,2.67312723783361,48.0258348522161,151.219806583327,0.0007410732214,0.0007065112,-3.45620209943427E-05,4.65749470505589,0
1.295817957,0.9568,-2.3415558,2.84209323953267,36.4412449553346,145.475531859409,0.000834243081,0.00076065725,-7.35858338440953E-05,8.81010995697135,0
1.768265001,0.9568,-2.339390652,3.0846354689698,28.4176148699043,139.323436431012,0.0008337759064,0.0007786837,-5.50922123204817E-05,6.5996409213664,0
9.798774943,0.9568,-2.338607751,10.1193153343792,5.57695862856366,103.362039720264,0.0008320769994,0.00086490565,3.28286550527412E-05,3.94065075333793,0
2.295847138,0.9568,-2.336555414,3.41260480040621,22.624054478881,133.210749291811,0.0008331813733,0.0008094624,-2.37189815286238E-05,2.84338421928461,0
0.5717576098,-1.147095617,-2.333274876,2.66212448354273,296.493472246519,151.219547476944,0.001662693452,0.0015390486,-0.000123644829637684,7.43194784406018,0
2.93284566,0.9568,-2.333073439,3.86785232101073,18.0681932810526,127.099146095371,0.0008326664683,0.0008195604,-1.31060950980338E-05,1.57210294480951,0
8.9149072,0.9568,-2.332790653,9.26460732332116,6.12586913440305,104.583813061285,0.0008321327623,0.00086490565,3.27728921527411E-05,3.93369384037499,0
13.3946062,-1.151749325,-2.33098123,13.6446134153859,355.08545032418,99.8363870149551,0.001662682975,0.0016541188,-8.56420985445973E-06,0.514774147668352,0
3.696132275,0.9568,-2.329174188,4.47234976632443,14.5132968278994,121.385545495392,0.0008323774091,0.0007551034,-7.72739877024928E-05,9.27238809916198,0
8.049653678,0.9568,-2.328177733,8.43402644839201,6.77850226735802,106.024347798781,0.0008322285721,0.0007930265,-3.9202044710116E-05,4.70483682662423,0
-1.013806098,-0.56317091,-2.327022931,2.59999999992539,209.052241749519,153.509562677014,0,0,0,0,1
5.514168266,-1.161507175,-2.326134365,6.09639661335874,348.105077344483,112.430277776474,0.001662690891,0.0016412046,-2.14863103353653E-05,1.29148452104889,0
4.551513527,0.9568,-2.32554207,5.19998918708528,11.8716201048501,116.565497237372,0.0008322531357,0.0007551034,-7.71497143024928E-05,9.25885676237879,0
12.0576932,-1.162982202,-2.325397256,12.3348273318157,354.490779699077,100.86659409736,0.001662686002,0.0016450824,-1.76036269653101E-05,1.05810994046641,0
7.199612393,0.9568,-2.324958711,7.6259634051898,7.57002472362774,107.750589475594,0.0008323117509,0.00071646227,-0.000115849485199898,13.9022982784987,0
5.456506363,0.9568,-2.323087851,6.0071345159671,9.94571837619037,112.750652471144,0.0008322364301,0.00071867905,-0.00011355738384167,13.6284708324672,0
6.338845382,0.9568,-2.322807661,6.81849414804347,8.58356094234586,109.917263715772,0.0008322556387,0.00070962694,-0.000122628698620967,14.7168159356575,0
4.616337516,-1.178437181,-2.317603463,5.29816685872594,345.679635894941,115.94033633373,0.001662692055,0.0016467544,-1.59376066979097E-05,0.957966148243085,0
1.617404436E-14,-1.181163453,-2.31621521,2.60000000033427,270.000000000001,152.98050528554,0.0009062060853,0.00087269914,-3.35069489198938E-05,3.69342197575908,0
6.38344904,-1.207163152,-2.302771618,6.8926353194181,349.29135188232,109.517308576057,0.001662690076,0.0016412046,-2.14854953353653E-05,1.29143616622531,0
16.0719227,-0.7177625318,-2.293666565,16.2506242538011,357.442903590187,98.1140088804577,0,0,0,0,1
15.08,-1.224768635,-2.293456298,15.3024965283484,355.356738508808,98.619662364813,0.000781978888,0.0008780789,9.61000332323725E-05,12.2736429685665,0
11.32426662,-1.243160353,-2.283539432,11.6189076285861,353.735244352102,101.334495603935,0.0016626867,0.0016482208,-1.44658843041778E-05,0.869507720665063,0
14.19988442,0.9568,-2.275798266,14.4128915047914,3.85481039346359,99.0850365342678,0,0,0,0,1
13.77271957,0.9568,-2.274842484,13.9920755758705,3.97399110718493,99.3567254691606,0,0,0,0,1
13.30999414,0.9568,-2.273316481,13.5365940350452,4.11168203025886,99.6679857484711,0,0,0,0,1
12.90893314,-1.264401875,-2.271846803,13.16816444349,354.405847375569,99.9347012435799,0.001662684372,0.0016541188,-8.56560685445979E-06,0.514857685665619,0
12.79778387,0.9568,-2.27130212,13.0329410166527,4.27564676045972,100.036409303161,0,0,0,0,1
12.19272604,0.9568,-2.268544243,12.4388233972889,4.48697747532981,100.508192272802,0,0,0,0,1
11.48763108,0.9568,-2.264117842,11.7476535390113,4.7611522484662,101.112110021572,0,0,0,0,1
10.23422032,-1.288026879,-2.25853642,10.5593212641625,352.826759572878,102.35043194469,0.001662687864,0.0016482208,-1.44670483041777E-05,0.869577077360812,0
10.68514135,0.9568,-2.256038305,10.9625462709677,5.1168981715951,101.876047393524,0,0,0,0,1
1.070574241,-1.293279829,-2.255532594,2.81178398960293,309.617883965759,143.337955342892,0.001662693569,0.0015390486,-0.000123644946637684,7.43195435395016,0
7.091072006,-1.295033845,-2.254525968,7.55270164870549,349.650202179702,107.367885820576,0.001662689494,0.0016412046,-2.14849133353652E-05,1.29140163551248,0
0.860657582,0.9568,-2.250865096,2.59279605712543,48.0280899901815,150.241211811577,0,0,0,0,1
1.295668796,0.9568,-2.248741762,2.76605556363045,36.444396759908,144.387899104121,0,0,0,0,1
1.76810088,0.9568,-2.244790216,3.01342497429521,28.4198408352443,138.153073983796,0,0,0,0,1
9.799061162,0.9568,-2.244243,10.0982024410123,5.57679675909003,102.840740720386,0,0,0,0,1
-1.20755052,0.5170451662,-2.243766039,2.60000000000246,156.820512280093,149.65362875404,0,0,0,0,1
-0.9099864724,0.9568,-2.23974516,2.60000000032585,133.563491025068,149.478702835108,0,0,0,0,1
2.29569215,0.9568,-2.239185818,3.3465836034834,22.6254279838593,131.997334592524,0,0,0,0,1
2.932716412,0.9568,-2.232000831,3.80763962354617,18.0689378117046,125.887113015767,0,0,0,0,1
1.670523662,-1.334011817,-2.231683775,3.09041248133575,321.390568225804,136.230731168902,0.001662693569,0.0014692148,-0.000193478772911364,11.6294717078013,0
8.915193425,0.9568,-2.231575058,9.2399170604855,6.12567395681373,103.975951712257,0,0,0,0,1
3.69605134,0.9568,-2.22374769,4.41829328323688,14.5136012141976,120.218877818771,0,0,0,0,1
8.049905894,0.9568,-2.221560085,8.40546134090932,6.77829186250716,105.325339182871,0,0,0,0,1
2.358205989,-1.355055122,-2.218969494,3.51014750196007,330.117777608777,129.209551094023,0.001662693569,0.0016438554,-1.88382114573659E-05,1.13231257296312,0
4.551502542,0.9568,-2.215959413,5.15190428384454,11.8716479438339,115.475451121385,0,0,0,0,1
7.199814045,0.9568,-2.214623866,7.5932435355674,7.56981516146874,106.957194016706,0,0,0,0,1
3.08721059,-1.366718548,-2.211804786,4.03619489467839,336.120866165392,123.229403126197,0.001662693336,0.0016438554,-1.8837978457366E-05,1.13229872655846,0
5.45657816,0.9568,-2.210649256,5.96461914871707,9.94559012457745,111.754294857459,0,0,0,0,1
6.338990087,0.9568,-2.210011455,6.78103326892853,8.58336791733836,109.020759987186,0,0,0,0,1
11.70100712,-1.384208993,-2.200901057,11.9863909339424,353.253363248983,100.580491285488,0.001662686351,0.0016450824,-1.760397596531E-05,1.05813069601303,0
12.44757603,-1.385867286,-2.199857237,12.7162159866926,353.647062510978,99.962071255006,0.001662685303,0.0016397318,-2.29534925717978E-05,1.37967754661338,0
16.114685,0.9568,-2.184939521,16.2902578125594,3.39791424283425,97.7080567829428,0,0,0,0,1
3.841463394,-1.416932313,-2.179977711,4.63862490480986,339.753391820469,118.031833728273,0.00166269287,0.0015531351,-0.000109557760865981,6.58521550711349,0
13.77297806,0.9568,-2.179236732,13.9771049797639,3.9739167626438,98.9698521953713,0,0,0,0,1
13.31037071,0.9568,-2.177179533,13.5211517777348,4.11156610365975,99.2661213888906,0,0,0,0,1
12.79825505,0.9568,-2.174109212,13.0168179456637,4.27548993214538,99.6147803480376,0,0,0,0,1
16.43669091,0.4451630368,-2.172836776,16.5856624183464,1.55139071150092,97.5277830229621,0,0,0,0,1
12.19328463,0.9568,-2.16959266,12.4217063489088,4.48677276047437,100.058954469912,0,0,0,0,1
10.64238022,-1.436418776,-2.16718737,10.9553757007133,352.313151950968,101.409480486769,0.001662687864,0.0016482208,-1.44670483041777E-05,0.869577077360812,0
11.4882102,0.9568,-2.162153414,11.7289960024316,4.76091334233564,100.622805950865,0,0,0,0,1
10.6857198,0.9568,-2.148691502,10.9415240736782,5.11662264892067,101.325323955119,0,0,0,0,1
13.63059527,-1.467390322,-2.146337728,13.8763513725432,353.855534835024,98.8980024746642,0.001662681228,0.0016541188,-8.56246285445977E-06,0.514669680125751,0
-1.483080221,-0.01829387574,-2.135448054,2.59999999983527,180.706710736429,145.21777010703,0,0,0,0,1
1.294943006,0.9568,-2.13522005,2.67423041092392,36.459739565228,142.981658111712,0,0,0,0,1
11.05169079,-1.488232104,-2.131939306,11.3534078283842,352.330626816221,100.823237221791,0.001662687398,0.0016482208,-1.44665823041778E-05,0.869549310860251,0
1.767347821,0.9568,-2.130242792,2.92863772311657,28.430058638134,136.667490764103,0,0,0,0,1
9.799622268,0.9568,-2.129173897,10.0737998947342,5.57647945606772,102.201921358705,0,0,0,0,1
0.2169521203,0.9568,-2.125389578,2.34090053628378,77.2243460305422,155.221762163406,0,0,0,0,1
2.295012157,0.9568,-2.122158733,3.26896080258329,22.6314559554892,130.480145977708,0,0,0,0,1
9.132316511,-1.511903358,-2.115218247,9.49522010558242,350.599644819829,102.871583033911,0.001662689028,0.001648453,-1.42360801524549E-05,0.855693576916162,0
2.932143972,0.9568,-2.110990277,3.7375412321638,18.0722360546619,124.388905468907,0,0,0,0,1
8.915731357,0.9568,-2.108343499,9.21145179545378,6.12530717307311,103.231310404355,0,0,0,0,1
12.05539285,-1.525120537,-2.105708277,12.3325786747151,352.78984767899,99.8310534907492,0.001662686002,0.0016450824,-1.76036269653101E-05,1.05810994046641,0
8.361212292,-1.526384419,-2.104792295,8.75613333564246,349.654271251085,103.90892191516,0.001662689028,0.0016412046,-2.14844473353654E-05,1.29137398719236,0
14.32619193,-1.527692863,-2.103842798,14.5602120594981,353.913189144649,98.3078974959225,0.001662676106,0.0016541188,-8.55734085445986E-06,0.514363392225088,0
3.695636051,0.9568,-2.097578091,4.35580370417379,14.5151632601415,118.787296590924,0,0,0,0,1
13.18257581,-1.539817605,-2.094984903,13.4365287551087,353.337640519688,98.9699902271414,0.001662682858,0.0016541188,-8.56409285445977E-06,0.514767151279969,0
8.050382274,0.9568,-2.092040049,8.37261921767336,6.77789448994673,104.469633613394,0,0,0,0,1
16.60953288,-0.2533753161,-2.08718234,16.742076085809,359.126031394083,97.1615187615088,0,0,0,0,1
9.822723874,-1.553246801,-2.085047811,10.1609991784185,351.014338960272,101.84126921141,0.001662688679,0.0016482208,-1.44678633041777E-05,0.869625638907032,0
4.551289243,0.9568,-2.08458028,5.09658463652007,11.8721885271408,114.142982455977,0,0,0,0,1
7.20015548,0.9568,-2.081034359,7.55568720762795,7.56946035937176,105.98741563109,0,0,0,0,1
-0.1126211098,0.9568,-2.077890205,2.29036622800973,96.7131682937115,155.125395988577,0,0,0,0,1
5.45658608,0.9568,-2.075460174,5.91585436114767,9.94557597721229,110.538100243638,0,0,0,0,1
6.339183222,0.9568,-2.07395494,6.73810056731396,8.58311030397118,107.926408489181,0,0,0,0,1
14.37618022,0.9568,-2.073850009,14.5564720251079,3.80767858440595,98.19075781891,0,0,0,0,1
15.40266852,0.9568,-2.072490158,15.5708984722143,3.5545951643399,97.648779674397,0,0,0,0,1
-0.5336929871,-1.483036968,-2.067794271,2.60000000002207,250.207975244975,142.68411936118,0,0,0,0,1
-1.08051605,-1.150972997,-2.065852421,2.59999999990045,226.808453879914,142.613586384028,0,0,0,0,1
13.31098138,0.9568,-2.058783585,13.503195228855,4.11137812354247,98.7698852883744,0,0,0,0,1
12.799062,0.9568,-2.055000031,12.998249091599,4.27522137227271,99.0965272533851,0,0,0,0,1
11.44109009,-1.597537421,-2.051310359,11.7327977246662,352.051094102108,100.069089349383,0.001662686933,0.0016482208,-1.44661173041777E-05,0.869521603928937,0
12.1942767,0.9568,-2.048789178,12.4021525378481,4.48640922765242,99.5086356227367,0,0,0,0,1
11.48925108,0.9568,-2.037953346,11.7077585583131,4.76048400508,100.0244619664,0,0,0,0,1
14.93970716,0.9568,-2.036106243,15.1081449853825,3.66445162562565,97.7452496788232,0,0,0,0,1
12.78936401,-1.622289328,-2.031791656,13.0509705300953,352.770824017726,98.9563097576579,0.001662683673,0.0016541188,-8.56490785445976E-06,0.514815886785454,0
0.6471499796,-1.638472448,-2.018763987,2.67932885144014,291.552609156229,138.890887522883,0.001662694616,0.0013914115,-0.00027128308987135,16.306062859276,0
10.68674122,0.9568,-2.018194317,10.9176468364029,5.11613620657613,100.652746579128,0,0,0,0,1
10.38782806,-1.639288234,-2.018101604,10.7082665171503,351.032190666057,100.863043392891,0.001662688563,0.0016482208,-1.44677473041777E-05,0.8696187270825,0
15.59258104,-1.559651451,-2.016122026,15.7995520240701,354.287975801962,97.3312900743679,0,0,0,0,1
16.10042464,-1.300564411,-2.006804866,16.2770515495184,355.381773608116,97.0820416143708,0,0,0,0,1
-1.367979574,0.9568,-1.993280122,2.59999999993107,145.03007163076,140.053668481126,0,0,0,0,1
9.800590909,0.9568,-1.989598011,10.0461708452001,5.57593177845251,101.422683075993,0,0,0,0,1
1.765556804,0.9568,-1.988774564,2.82628401519806,28.4543869389876,134.722289175549,0,0,0,0,1
14.12937711,0.9568,-1.988148782,14.3006118518041,3.87398793786429,97.9914562997666,0,0,0,0,1
-0.4910639109,0.9568,-1.985064711,2.25767400468844,117.168513318299,151.552281287241,0,0,0,0,1
0.5582249432,0.9568,-1.980034675,2.26883640693043,59.7394699396012,150.775022705424,0,0,0,0,1
2.293393642,0.9568,-1.979344207,3.17693627996384,22.6458159440643,128.538146042451,0,0,0,0,1
7.59153189,-1.688761911,-1.976887252,8.02442249860085,347.458571932481,104.262149945591,0.001662689261,0.0016412046,-2.14846803353653E-05,1.29138781135435,0
11.78493754,-1.694349504,-1.972100341,12.0683367875768,351.818509107256,99.4049451909725,0.001662686351,0.0016450824,-1.760397596531E-05,1.05813069601303,0
0.9122422805,0.9568,-1.969281466,2.37186039021333,46.3656650856311,146.126350895593,0,0,0,0,1
2.930789391,0.9568,-1.964734262,3.65584099964356,18.0800454180646,122.508405755538,0,0,0,0,1
8.916634146,0.9568,-1.959240521,9.17934933166515,6.12469171343719,102.324022889005,0,0,0,0,1
12.40258598,-1.720058601,-1.94971752,12.6721797252865,352.104271472721,98.850575922739,0.001662684488,0.0016397318,-2.29526775717978E-05,1.37962923483108,0
3.694634432,0.9568,-1.945953686,4.28398477753796,14.5189320505829,117.015991713511,0,0,0,0,1
-1.601047014,-0.6469557978,-1.943732661,2.60000000053529,202.002793836378,138.382000846952,0,0,0,0,1
10.84383362,-1.727000011,-1.943571702,11.151176062508,350.951011366524,100.037516525317,0.001662687981,0.0016482208,-1.44671653041777E-05,0.869584048775891,0
14.5962331,0.9568,-1.937065268,14.7552603773037,3.75043908519763,97.5435440577579,0,0,0,0,1
8.051151057,0.9568,-1.935725773,8.3356783677688,6.77725330710814,103.427910511269,0,0,0,0,1
13.78966815,-1.742456356,-1.929726884,14.0326386573061,352.798298074783,97.9041932210062,0.001662678435,0.0016541188,-8.55966985445966E-06,0.514502663157959,0
4.550696637,0.9568,-1.927071579,5.03367768064192,11.8736906778423,112.509444175048,0,0,0,0,1
7.200632923,0.9568,-1.920282862,7.51345905704439,7.56896428003773,104.807900340146,0,0,0,0,1
-1.686455558,0.4784736527,-1.920138176,2.60000000007111,164.160536499523,137.605042596264,0,0,0,0,1
5.456405042,0.9568,-1.913412948,5.86079954715541,9.94589937235543,109.055048430874,0,0,0,0,1
6.339346105,0.9568,-1.910655989,6.68979682705538,8.58289305420266,106.595163780481,0,0,0,0,1
12.80029331,0.9568,-1.90648042,12.9768117291527,4.27481164664744,98.4481532143897,0,0,0,0,1
1.331237832E-14,-1.767938693,-1.906408345,2.60000000001773,270,137.158199523572,0.0007784728659,0.0007789693,4.96453171620675E-07,0.0636908856407025,0
13.39122668,-1.770832686,-1.903720463,13.6412958328084,352.467011866731,98.0221368112524,0.001662680879,0.0016541188,-8.56211385445987E-06,0.514648810510244,0
15.08,-1.772261376,-1.9023905,15.3024965283235,353.297119825495,97.1414284665081,0.0007960599032,0.0008771056,8.10456695265775E-05,10.168077606363,0
12.19591584,0.9568,-1.89954793,12.3799883584247,4.48580871214665,98.8261570105562,0,0,0,0,1
5.078999373,-1.77796377,-1.897062159,5.70580709746454,340.706798305346,109.419321886504,0.001662691706,0.0016467544,-1.59372576979098E-05,0.957945371755663,0
11.23113528,-1.78794153,-1.887661274,11.528156820486,350.954695820081,99.4242522684456,0.001662687398,0.0016482208,-1.44665823041778E-05,0.869549310860251,0
11.49101376,0.9568,-1.886248232,11.6840402201136,4.75975711934274,99.2903734679857,0,0,0,0,1
1.340152101,-1.791855237,-1.883946605,2.92506541032334,306.793297765977,130.095976015772,0.001662693918,0.0013579419,-0.000304752029727238,18.3177943027882,0
5.873254045,-1.793182943,-1.882682908,6.42301432944458,343.021869242102,107.044548801731,0.001662691007,0.0016412046,-2.14864263353653E-05,1.29149140344937,0
16.62379592,-0.9314036388,-1.873280922,16.7549182314002,356.793165560915,96.4193670583398,0,0,0,0,1
12.0980577,-1.809420066,-1.867083026,12.3742878628934,351.493731300059,98.6781636875459,0.001662684954,0.0016450824,-1.76025789653102E-05,1.05804761430271,0
10.68843452,0.9568,-1.860474342,10.8912562868371,5.11532999044721,99.8356588720189,0,0,0,0,1
2.069026092,-1.817887741,-1.858839466,3.32278030700407,318.696813239908,124.015898291836,0.001662693685,0.0015589553,-0.000103738391851244,6.23542619573289,0
2.817629878,-1.821172822,-1.855621069,3.83393246272107,327.123425526569,118.946937581234,0.001662693569,0.0016438554,-1.88382114573659E-05,1.13231257296312,0
13.01573686,-1.821905852,-1.854901363,13.2728823549662,352.031673214188,98.0334500755632,0.001662681228,0.0016541188,-8.56246285445977E-06,0.514669680125751,0
13.96268315,0.9568,-1.839991814,14.1158618887718,3.92009432092999,97.4897737932251,0,0,0,0,1
16.65248935,0.9568,-1.836249165,16.7807234286197,3.288420945273,96.2822339711554,0,0,0,0,1
9.802152224,0.9568,-1.822339527,10.0159161245557,5.5750492237633,100.483034256367,0,0,0,0,1
4.349568308,-1.860056391,-1.816642569,5.06741990239223,336.846432587505,111.00777177052,0.001662692521,0.0015531351,-0.000109557411865982,6.58519591108876,0
11.56419788,-1.861197423,-1.815473534,11.8528761323078,350.856949479378,98.8105235470768,0.001662686584,0.0016482208,-1.44657683041778E-05,0.869500808824088,0
14.33314785,0.9568,-1.814847556,14.4792356559826,3.81907658715539,97.2004711744974,0,0,0,0,1
-0.8499198654,0.9568,-1.814509304,2.22042203914123,131.614498898785,144.804600430089,0,0,0,0,1
3.535505984,-1.865564382,-1.810985792,4.38859915748895,332.180937277419,114.371847719394,0.001662693103,0.0016438554,-1.8837745457366E-05,1.13228488014992,0
0.2031028819,0.9568,-1.807967389,2.05559312616178,78.015541148217,151.586397027169,0,0,0,0,1
2.28970702,0.9568,-1.800286592,3.06582065535025,22.6785893782923,125.959409865701,0,0,0,0,1
1.062141969,0.9568,-1.798647677,2.29755201644896,42.0131969819776,141.522628458898,0,0,0,0,1
12.68951436,-1.878267994,-1.797806815,12.9531376389658,351.58036565109,97.9780172408603,0.001662682276,0.0016478657,-1.48165270357499E-05,0.890586336675613,0
2.927718889,0.9568,-1.784220739,3.55955724472653,18.0977714999827,120.08259749912,0,0,0,0,1
8.917950729,0.9568,-1.781659546,9.14437653329764,6.12379437825456,101.235180380196,0,0,0,0,1
3.692336351,0.9568,-1.761692071,4.20147270869873,14.5275862782876,114.790620226987,0,0,0,0,1
10.12796066,-1.914827644,-1.75881639,10.456365866326,349.293829997852,99.6834890656358,0.001662688563,0.0016482208,-1.44677473041777E-05,0.8696187270825,0
14.03687216,-1.915605953,-1.757968667,14.2756358890771,352.228875137934,97.073626203406,0.001662666094,0.0016541188,-8.54732885445975E-06,0.513764684228742,0
13.48793719,0.9568,-1.755878622,13.6353593871442,4.05762000784347,97.3987473532056,0,0,0,0,1
-0.1633406534,0.9568,-1.754309797,2.00493123894644,99.6878879145466,151.044678294424,0,0,0,0,1
8.052079446,0.9568,-1.750226051,8.29546507884246,6.77647917009637,102.180133942316,0,0,0,0,1
6.703221242,-1.92477622,-1.747923483,7.18979659091273,343.979005444289,104.070266934576,0.001662690076,0.0016412046,-2.14854953353653E-05,1.29143616622531,0
11.84038303,-1.925855293,-1.746734493,12.1224861433505,350.761660583821,98.2846127629941,0.001662684837,0.0016450824,-1.760246196531E-05,1.05804065612879,0
14.13600907,0.9568,-1.746545515,14.2755959561445,3.87217597269029,97.0274494016242,0,0,0,0,1
9.543719554,-1.927219285,-1.745229448,9.89154097823207,348.583456354314,100.162267777342,0.001662689028,0.0016482208,-1.44682123041778E-05,0.869646433959522,0
4.549191876,0.9568,-1.738018166,4.96299507455029,11.8775066631423,110.499268601236,0,0,0,0,1
12.38419952,-1.935902803,-1.735592215,12.6541849895835,351.115404391039,97.8832857772243,0.001662682509,0.0016397318,-2.29506985717979E-05,1.37951192295657,0
10.61489487,-1.936954595,-1.734418316,10.9286775549066,349.65872045223,99.1316450998918,0.001662687398,0.0016482208,-1.44665823041778E-05,0.869549310860251,0
16.99482904,0.2971911278,-1.733524492,17.085597555533,1.00183778886287,95.8233165898282,0,0,0,0,1
7.201058991,0.9568,-1.729822827,7.46746301260825,7.56852163563798,103.394115475589,0,0,0,0,1
15.14177169,0.9568,-1.727928718,15.2700508776682,3.61568070013806,96.4973938243537,0,0,0,0,1
5.455662555,0.9568,-1.720510967,5.79998949495569,9.94722592326423,107.255926586873,0,0,0,0,1
13.58853474,-1.952170604,-1.717273983,13.8350379970565,351.824650117102,97.1302280015481,0.001662676339,0.0016541188,-8.55757385445979E-06,0.514377325315786,0
6.339236622,0.9568,-1.717027584,6.6369850771207,8.58303907902115,104.993292134978,0,0,0,0,1
14.7938059,0.9568,-1.707590615,14.9227351700454,3.70049169417609,96.5706799697616,0,0,0,0,1
8.856897079,-1.96240381,-1.705570663,9.23063518226062,347.506924612061,100.647888674408,0.001662689261,0.001646229,-1.64603114606366E-05,0.989386170031702,0
-1.961420889,-0.06379619,-1.705508178,2.60000000055557,181.862916980483,130.992837916598,0,0,0,0,1
1.570651909,0.9568,-1.704958702,2.50784725108426,31.348678364232,132.831883632915,0,0,0,0,1
13.77357175,0.9568,-1.704812169,13.9116185084256,3.97374602144322,97.0390580720633,0,0,0,0,1
15.57672122,0.9568,-1.69960094,15.6983551227779,3.51497662051406,96.2153780706632,0,0,0,0,1
11.00998039,-1.978338434,-1.687061659,11.3128099157059,349.813458044607,98.5764215870884,0.001662686351,0.0016482208,-1.44655353041777E-05,0.869486925554376,0
0.4940506947,0.9568,-1.681592266,1.99682369727639,62.6900997146465,147.3661097422,0,0,0,0,1
0.7832184524,0.9568,-1.681510543,2.08719311286714,50.6968901666315,143.671380653313,0,0,0,0,1
14.54540993,-1.985066657,-1.67913977,14.7759585148197,352.228640129772,96.5251879434828,0.001662662718,0.0016541188,-8.54395285445979E-06,0.513562801042452,0
1.277491729,0.9568,-1.67333074,2.31246343173084,36.8320239602853,136.353664531183,0,0,0,0,1
13.19231811,-1.995111709,-1.667192032,13.4460870560318,351.400164841432,97.1224835406175,0.001662676921,0.0016541188,-8.55815585445985E-06,0.514412128126159,0
13.14563339,0.9568,-1.652302902,13.2835706172791,4.16291104844265,97.1453546005326,0,0,0,0,1
11.35584503,-2.009562045,-1.649745553,11.6496873927039,349.964673005386,98.141186278056,0.001662684721,0.0016482208,-1.44639053041777E-05,0.869389802142548,0
12.12084728,-2.011439698,-1.647455717,12.3965696377365,350.577703203942,97.6369788982263,0.001662682043,0.0016450824,-1.75996679653101E-05,1.05787449226619,0
-0.4686323288,0.9568,-1.647040352,1.96158721975669,116.095211368173,147.102837046303,0,0,0,0,1
-1.027699011,-1.737137022,-1.638959948,2.6000000003003,239.391227202216,129.077367487226,0,0,0,0,1
14.51238521,0.9568,-1.636292066,14.6356497105076,3.77204553670879,96.4191922154222,0,0,0,0,1
12.87737412,-2.027133867,-1.628105735,13.1372281789396,351.054011221611,97.1190086014663,0.001662678085,0.0016541188,-8.55931985445976E-06,0.514481733673841,0
-1.798148303,0.9568,-1.615919689,2.60000000016916,151.982425764277,128.426309186313,0,0,0,0,1
-1.603790734,-1.265667861,-1.608085864,2.59999999977485,218.279537872417,128.206282648642,0,0,0,0,1
8.121087208,-2.046384791,-1.60384204,8.52713653239167,345.856813516844,100.841154523974,0.001662689494,0.0016412046,-2.14849133353652E-05,1.29140163551248,0
11.62820866,-2.056500563,-1.590850538,11.9153361950208,349.970691625671,97.6726342120682,0.001662682858,0.0016486851,-1.39977780007319E-05,0.841372977633454,0
16.54835386,-1.441400724,-1.589434144,16.6868796490248,355.021966000785,95.4657395591316,0,0,0,0,1
14.00664645,0.9568,-1.5833717,14.1282934905691,3.90782832446661,96.4347123130956,0,0,0,0,1
12.61871516,-2.063615126,-1.581610765,12.8837871873698,350.71228785609,97.0514037168425,0.00166267762,0.0016409577,-2.17199562329601E-05,1.30553876375161,0
1.947707359,0.9568,-1.576582448,2.68228305956781,26.162312293977,125.999366930413,0,0,0,0,1
16.07774803,-1.818775147,-1.567340369,16.2560290533639,353.545924142223,95.5328215088446,0,0,0,0,1
12.28228873,0.9568,-1.566621285,12.4187110819803,4.45439050726236,97.2471757734308,0,0,0,0,1
17.13579194,-0.3909330631,-1.543013557,17.2095637628581,358.693090468053,95.1440610534074,0,0,0,0,1
-0.5338279705,-2.029286481,-1.535260263,2.59999999984699,255.261580807047,126.191412707216,0,0,0,0,1
1.039856616,0.9568,-1.534086142,2.08571050553892,42.6179922357088,137.351350122551,0,0,0,0,1
16.04656109,0.9568,-1.533690293,16.1480585511059,3.412305699353,95.449982251456,0,0,0,0,1
0.08438279678,0.9568,-1.524526017,1.80187853999716,84.9599692768802,147.787394116727,0,0,0,0,1
11.87589179,-2.11009374,-1.519047204,12.1571709623315,349.924901535877,97.1779096442424,0.001662679831,0.0016450824,-1.75974559653101E-05,1.05774294052315,0
15.59286356,-2.04811304,-1.517301532,15.7998216750824,352.51707185318,95.5107682152753,0,0,0,0,1
12.37022353,-2.112211501,-1.51610111,12.6405075128677,350.310213787673,96.8886336085725,0.001662676805,0.0016397318,-2.29449945717978E-05,1.37917379762939,0
-1.206185022,0.9568,-1.511965501,2.15786659075841,141.576973262162,134.481271080921,0,0,0,0,1
0.3424901407,0.9568,-1.511564256,1.82142588004386,70.3049819183544,146.086376241137,0,0,0,0,1
14.25301963,0.9568,-1.508066219,14.3644804477591,3.84048275859294,96.0263474259644,0,0,0,0,1
14.20279519,-2.11928208,-1.506201669,14.4388154365722,351.513179578214,95.9877686047057,0.001662664581,0.0016541188,-8.54581585445972E-06,0.513674207653263,0
-0.1958395895,0.9568,-1.483141508,1.7758175912993,101.567631378769,146.635417093914,0,0,0,0,1
13.80443895,-2.135966199,-1.48244676,14.0471539723811,351.204352820105,96.0579105301168,0.00166267599,0.0016541188,-8.55722485445967E-06,0.514356455577608,0
13.34700949,0.9568,-1.477689923,13.46260361426,4.10031802195255,96.3016287480336,0,0,0,0,1
1.447544263,0.9568,-1.475812959,2.27791012186534,33.4639664445166,130.38197114308,0,0,0,0,1
5.427372087,-2.14383726,-1.471041061,6.01800363669374,338.44574917152,104.148744369051,0.001662691589,0.0016380352,-2.46564154721036E-05,1.48203042169155,0
0.793685047,-2.145141618,-1.469138332,2.71844366387439,290.304066060784,122.713161665595,0.001662694034,0.0015108243,-0.000151869724338016,9.12846480388446,0
12.15726447,-2.145390697,-1.468774577,12.4321791892789,349.992060946619,96.7849402132643,0.001662676339,0.0016450824,-1.75939639653101E-05,1.05753526409383,0
13.58207873,0.9568,-1.465246607,13.6943519922355,4.02958837387956,96.1422009599074,0,0,0,0,1
13.03674282,-2.149316199,-1.463024223,13.2934819876205,350.638086830824,96.3185297235176,0.001662678784,0.0016541188,-8.56001885445978E-06,0.514523532834796,0
-0.7379609718,0.9568,-1.461493863,1.89631667911419,127.642293652637,140.41691312752,0,0,0,0,1
-2.106380789,0.4368673781,-1.460242057,2.59999999987458,168.282867825042,124.168706277253,0,0,0,0,1
10.8103722,-2.151666186,-1.459565903,11.1186396246892,348.743120144359,97.543101685908,0.001662684837,0.0016482208,-1.44640213041777E-05,0.869396713999003,0
14.65481285,0.9568,-1.455903739,14.7580033068759,3.73548996898347,95.6615409960355,0,0,0,0,1
14.91944375,0.9568,-1.452134145,15.020451445429,3.66941505132684,95.5478566949778,0,0,0,0,1
13.3505971,-2.160010653,-1.447188301,13.601413269442,350.809678249393,96.1078237706549,0.001662679017,0.0016541188,-8.56025185445972E-06,0.514537465880639,0
10.41215429,-2.160042738,-1.447140411,10.7318664247139,348.280007541967,97.749667233784,0.001662686351,0.0016482208,-1.44655353041777E-05,0.869486925554376,0
11.46828973,-2.163770427,-1.4415608,11.7593226561771,349.315366558818,97.0415310220266,0.001662682858,0.0016482208,-1.44620423041778E-05,0.869278795212409,0
11.17633192,-2.168710898,-1.434117514,11.4747721192657,349.018515617488,97.1796032973923,0.001662683557,0.0016482208,-1.44627413041778E-05,0.869320445184745,0
12.77044481,-2.170115147,-1.431991707,13.0324311103267,350.355706869928,96.308345846869,0.001662680879,0.0016541188,-8.56211385445987E-06,0.514648810510244,0
0.5817372332,0.9568,-1.426601474,1.81358104702,58.7002747959563,141.87087796916,0,0,0,0,1
-2.062022541,-0.6924728134,-1.424269793,2.6000000000274,198.563190937809,123.215945445,0,0,0,0,1
12.79594106,0.9568,-1.421373296,12.9101462384272,4.27626023462756,96.3209292161244,0,0,0,0,1
2.38092578,0.9568,-1.416171282,2.93083860180497,21.8932454992912,118.894386737801,0,0,0,0,1
11.68366863,-2.183272283,-1.411850608,11.9694658467566,349.415479144278,96.7740571802024,0.001662679366,0.0016450824,-1.75969909653102E-05,1.05771528606614,0
7.358535694,-2.184258335,-1.410324617,7.80436080401241,343.467358585626,100.411107390634,0.001662689727,0.0016412046,-2.14851463353654E-05,1.29141545966674,0
13.83508691,0.9568,-1.408263743,13.9394513097576,3.9561337216748,95.7983243097495,0,0,0,0,1
9.937322648,-2.189740269,-1.401797972,10.2718246388087,347.573173473885,97.8436430785504,0.001662687631,0.0016482208,-1.44668153041778E-05,0.869563194112476,0
15.21903377,0.9568,-1.399476729,15.3131639528679,3.59737339034393,95.2436028945148,0,0,0,0,1
14.44527492,0.9568,-1.394395032,14.5439255794179,3.78951887482424,95.5016683403783,0,0,0,0,1
12.55945417,-2.195638069,-1.392542089,12.825751013021,350.083786853591,96.2331149447266,0.001662683557,0.0016409577,-2.17258932329603E-05,1.30589096355181,0
1.246051933,0.9568,-1.39210276,2.09906211297633,37.5194066396767,131.544555882421,0,0,0,0,1
1.687933472,0.9568,-1.380978462,2.38153042357343,29.5466019636078,125.441411914959,0,0,0,0,1
0.8311188786,0.9568,-1.380176151,1.87379589020643,49.0209721458033,137.439788920855,0,0,0,0,1
15.08,-2.205320904,-1.377156385,15.3024965282912,351.679960552078,95.1633503096585,0.0008207933861,0.0008780789,5.72855351323726E-05,6.97079534847969,0
-0.4343494571,0.9568,-1.37399107,1.72973326016551,114.41617469398,142.592675209357,0,0,0,0,1
11.99181345,-2.212234732,-1.366022508,12.2704356003131,349.547661760829,96.3917780651183,0.001662683324,0.0016450824,-1.76009489653102E-05,1.05795067555237,0
12.27447319,-2.213304401,-1.364288689,12.5468199991252,349.778397338058,96.2424459367121,0.001662685419,0.0016397318,-2.29536085717978E-05,1.37968442288775,0
11.83034173,-2.216646756,-1.358851411,12.1126787064894,349.387560843403,96.4412416425226,0.001662679948,0.0016450824,-1.759757296531E-05,1.05774989873894,0
12.41136739,-2.218317868,-1.356121616,12.6807744436381,349.866370996364,96.1391297492556,0.001662689028,0.0016397318,-2.29572175717979E-05,1.37989835753115,0
1.670648772,-2.221660638,-1.350638371,3.09048011141331,306.942506455515,115.914656978879,0.001662693918,0.0013579419,-0.000304752029727238,18.3177943027882,0
12.13240424,-2.224081133,-1.346648845,12.407869786578,349.612023896765,96.2306890618522,0.001662686002,0.0016450824,-1.76036269653101E-05,1.05810994046641,0
9.371439819,-2.231452309,-1.334398964,9.72542463255998,346.606593207848,97.8862750566153,0.001662689028,0.0016482208,-1.44682123041778E-05,0.869646433959522,0
4.722976409,-2.232375678,-1.332853642,5.39133621272956,334.70163653453,104.313149170983,0.001662692288,0.0015589553,-0.000103736994851244,6.23534746175634,0
0.4112538796,0.9568,-1.329968922,1.68920493930485,66.740893323396,141.937087211609,0,0,0,0,1
-0.0175285785,0.9568,-1.327461669,1.63643758626123,91.0495414243226,144.212352922432,0,0,0,0,1
11.38193729,-2.240041324,-1.319929873,11.6751229747852,348.86610160134,96.4914474037862,0.001662682858,0.0016482208,-1.44620423041778E-05,0.869278795212409,0
17.1057315,0.9568,-1.319449002,17.183202904551,3.20147297762634,94.403914051869,0,0,0,0,1
2.439000501,-2.241889674,-1.316788021,3.56492965519871,317.411282849171,111.676940964338,0.001662693569,0.0015232192,-0.00013947440360778,8.38341905063768,0
0.2207346883,0.9568,-1.316281356,1.64218959038599,77.0090965560793,143.27745571272,0,0,0,0,1
13.10502147,-2.24593841,-1.309870473,13.3604486349341,350.27512567891,95.6263681949669,0.001662687166,0.0016541188,-8.56840085445968E-06,0.515024761239258,0
3.195195897,-2.247347361,-1.307451659,4.11937820815486,324.87928716531,108.505188770842,0.001662693569,0.0015589553,-0.000103738275851244,6.23541965805627,0
-0.2093283713,0.9568,-1.301677475,1.62900241127921,102.340708633822,143.040830761243,0,0,0,0,1
12.8877428,-2.252119088,-1.299214999,13.1473919268847,350.087713643123,95.6711799071164,0.001662687864,0.0016605792,-2.10863056967396E-06,0.126744362046628,0
13.13506177,0.9568,-1.296122391,13.233489607589,4.16624973169195,95.6207085559002,0,0,0,0,1
14.08474768,0.9568,-1.294951035,14.1764763475383,3.88622563819206,95.240991932406,0,0,0,0,1
11.56426994,-2.256107219,-1.292277145,11.852946437418,348.960662051626,96.2591611277219,0.001662679831,0.0016482208,-1.44590153041777E-05,0.869098430765175,0
14.5517829,0.9568,-1.287834066,14.6399579367662,3.76186241443168,95.046664318009,0,0,0,0,1
8.981901544E-15,-2.259543471,-1.286259423,2.60000000011443,270,119.650969596869,0.000770819257,0.0007789693,8.15006207162069E-06,1.05595474558374,0
3.921967841,-2.262096769,-1.281763709,4.70551078458735,330.024685230299,105.80691032083,0.001662693103,0.0015589553,-0.000103737809851244,6.23539339462201,0
1.036019557,0.9568,-1.279115164,1.9039270903218,42.7235482195927,132.208455644424,0,0,0,0,1
15.53586148,0.9568,-1.278988011,15.6177549122154,3.52419783641602,94.697395563577,0,0,0,0,1
14.304956,0.9568,-1.275932557,14.3935831637556,3.82658078869031,95.085713190262,0,0,0,0,1
12.67700648,-2.271266543,-1.26544391,12.9408845637641,349.8424143841,95.6117219456155,0.001662689261,0.0016478657,-1.48235120357499E-05,0.89100244758687,0
11.73500994,-2.27667531,-1.255686876,12.019586444201,349.020605926208,95.9966351209748,0.001662680064,0.0016450824,-1.759768896531E-05,1.05775679748183,0
12.50536811,-2.277900709,-1.253462548,12.7727926298796,349.676538752375,95.6318060543803,0.001662688213,0.0016219402,-4.07480397912865E-05,2.44925939084516,0
17.05824462,-1.137179099,-1.246343419,17.1414776999256,356.186049591508,94.1696106394313,0,0,0,0,1
0.6927913468,0.9568,-1.240497642,1.7129683272053,54.0927842895126,136.400687764533,0,0,0,0,1
14.44326627,0.9568,-1.239637752,14.5279079203546,3.79004435385616,94.8948880925144,0,0,0,0,1
11.00630948,-2.285535552,-1.239486684,11.3092373027011,348.268863446742,96.2922286664213,0.001662681228,0.0016482208,-1.44604123041778E-05,0.869181671392747,0
11.89098495,-2.288297051,-1.234381062,12.1719153415133,349.107181820951,95.8204986818865,0.001662677154,0.0016450824,-1.75947789653101E-05,1.05758373389974,0
12.35121275,-2.288307848,-1.234361047,12.6219038341025,349.503830654833,95.6122198003241,0.001662687398,0.0016397318,-2.29555875717979E-05,1.3798017343519,0
12.19785495,-2.288337241,-1.234306554,12.471874974479,349.374720662775,95.679700415945,0.001662687166,0.0016397318,-2.29553555717978E-05,1.37978798183491,0
12.04433163,-2.288338915,-1.234303451,12.3217662862299,349.242419018397,95.7491100353817,0.001662684372,0.0016450824,-1.76019969653101E-05,1.05801300183819,0
14.72568762,0.9568,-1.232506587,14.8081198877109,3.71756158522038,94.7743545784769,0,0,0,0,1
14.59434482,-2.290538914,-1.230216031,14.8241323767881,351.080360521235,94.7603017658264,0.001662674127,0.0016605792,-2.09489356967399E-06,0.125919706009469,0
0.5253603108,0.9568,-1.229617919,1.64421103356283,61.2296658549146,138.404201575663,0,0,0,0,1
1.45282124,0.9568,-1.228584319,2.12968899708099,33.3681281766529,125.231703642251,0,0,0,0,1
13.66537787,0.9568,-1.226158471,13.7535989168614,4.00510565916858,95.1148142075425,0,0,0,0,1
13.38818741,0.9568,-1.221405327,13.477791337534,4.08774952998169,95.199480597163,0,0,0,0,1
11.25994381,-2.295943136,-1.220100454,11.5562249288405,348.475172069696,96.060555072464,0.00166268053,0.0016482208,-1.44597143041777E-05,0.869140080889072,0
12.11959345,-2.35,-1.217544782,12.405219090748,349.026470787473,95.6325216824069,0,0,0,0,1
12.11467698,-2.65,-1.217505788,12.4607471153842,347.661299027736,95.6071610539411,0,0,0,0,1
14.9811565,0.9568,-1.213115203,15.060616349049,3.65434046014911,94.6201138643303,0,0,0,0,1
12.19640079,-2.494725735,-1.211844437,12.5077742089739,348.439835876323,95.5599551529945,0,0,0,0,1
13.55550517,-2.300617301,-1.211263817,13.8025983211108,350.36764225172,95.0345369881495,0.001662680181,0.0016605792,-2.10094756967409E-06,0.126283139852712,0
12.03748435,-2.495736106,-1.210505775,12.3529369956539,348.286797134258,95.6236307703008,0,0,0,0,1
8.700290311,-2.303368334,-1.206024179,9.0804763915825,345.171364143351,97.6322953446229,0.001662689727,0.001646229,-1.64607774606367E-05,0.989413902934842,0
11.30669805,0.9568,-1.202958918,11.4106966129273,4.83698291702854,96.0515836310665,0,0,0,0,1
2.748315797,0.9568,-1.201547883,3.14840011357857,19.1950761001849,112.435156707042,0,0,0,0,1
0.3706526266,0.9568,-1.199194262,1.57826375730396,68.8242410910598,139.448214453921,0,0,0,0,1
11.91976263,0.9568,-1.198571948,12.0180190593158,4.58929553463713,95.7236943204026,0,0,0,0,1
12.27050494,-2.65,-1.194703618,12.6101192784774,347.813280985756,95.4364508865087,0,0,0,0,1
13.26101803,-2.30985794,-1.193547778,13.5134969269,350.119121599517,95.067117359033,0.001662683557,0.0016605792,-2.10432356967404E-06,0.12648580680022,0
-1.509804846,-1.748421129,-1.193110591,2.59999999994136,229.188580614214,117.315419847376,0,0,0,0,1
10.67991151,-2.310156321,-1.192970148,10.9918383295473,347.794476548274,96.2307194317956,0.001662682742,0.0016482208,-1.44619263041778E-05,0.86927188333951,0
11.46920743,-2.310738421,-1.191842251,11.7602176456867,348.608926498349,95.8166414752641,0.001662675291,0.0016482208,-1.44544753041779E-05,0.868827912656537,0
12.28248281,-2.35,-1.190786768,12.5618413102853,349.168536055253,95.4394614635114,0,0,0,0,1
11.95948632,-2.65,-1.19070747,12.3072985385657,347.506184343753,95.5519407886189,0,0,0,0,1
11.95686831,-2.35,-1.189805148,12.2435630464702,348.880825760285,95.5766910044335,0,0,0,0,1
0.08795524142,0.9568,-1.182368011,1.52354733366881,84.7477629874541,140.901465517799,0,0,0,0,1
13.90196359,0.9568,-1.177098509,13.9844777806529,3.93716237239408,94.8284011826878,0,0,0,0,1
16.40037608,0.9568,-1.17598533,16.4702988224808,3.3388583906891,94.0944234505822,0,0,0,0,1
0.8722090721,0.9568,-1.173451056,1.74734149103175,47.6480195841049,132.187864236871,0,0,0,0,1
1.989538595,0.9568,-1.168885093,2.49800368727354,25.6836237048062,117.899862229422,0,0,0,0,1
12.34392133,-2.490354634,-1.165152891,12.6464161430707,348.593829351874,95.2863318224832,0,0,0,0,1
1.220057358,0.9568,-1.162287142,1.93776097526719,38.1044443676277,126.856244231584,0,0,0,0,1
13.00044804,-2.326432631,-1.160909649,13.2578900749879,349.854298985491,95.0234628068848,0.001662682858,0.0016390685,-2.36143820755677E-05,1.41940406262019,0
11.88785866,-2.50091781,-1.159811828,12.2033166347875,348.119599971031,95.4536626927767,0,0,0,0,1
-0.09307623663,0.9568,-1.156775648,1.50408089065416,95.5561752578624,140.272365551891,0,0,0,0,1
6.065255733,-2.328887183,-1.15597772,6.59903986250784,338.994618510675,100.088762039363,0.001662690891,0.0016412046,-2.14863103353653E-05,1.29148452104889,0
-2.327454825,-0.1086785976,-1.153751707,2.60000000026875,182.673437638708,116.343433800797,0,0,0,0,1
-0.3576393532,0.9568,-1.152535481,1.54003577293556,110.495087076337,138.450439527015,0,0,0,0,1
14.54053491,0.9568,-1.147132701,14.6170631503949,3.7647640787485,94.5011447524519,0,0,0,0,1
14.03759929,-2.334170676,-1.145271696,14.2763508582889,350.559240042128,94.6013033715478,0.001662673079,0.0016802433,1.7570215686079E-05,1.0561098756638,0
-1.057954386,0.9568,-1.142429597,1.82753361308574,137.874224762678,128.691067365746,0,0,0,0,1
11.6436653,-2.335905031,-1.141730129,11.9304208483918,348.65613731081,95.4915566543261,0.001662684372,0.0016450824,-1.76019969653101E-05,1.05801300183819,0
16.58975091,-1.78451284,-1.138492916,16.7242484869053,353.860461127985,93.903393672507,0,0,0,0,1
12.78148578,-2.338295796,-1.136825742,13.0432503135379,349.632726911964,95.0001392225466,0.001662680181,0.0016314688,-3.12114136997519E-05,1.87604649356293,0
1.717074287,0.9568,-1.131881146,2.26825159004614,29.1277284787862,119.934550531038,0,0,0,0,1
7.395880175,0.9568,-1.129496857,7.54256408344874,7.3713745866018,98.6124227302404,0,0,0,0,1
3.252804033,0.9568,-1.127161745,3.57305106547507,16.3910469146604,108.38870503324,0,0,0,0,1
12.59934123,-2.34357058,-1.125911603,12.8648124522353,349.462982791393,95.0208754270896,0.001662673894,0.0016118472,-5.08266963630381E-05,3.0550876915448,0
-1.517984404,0.9568,-1.124675996,2.11769662292922,147.776379227608,122.078764039431,0,0,0,0,1
12.41155836,-2.65,-1.124529082,12.7410300439152,347.947707482544,95.0635401018745,0,0,0,0,1
10.2930556,-2.345075815,-1.122773095,10.6163550046918,347.165329056852,96.0708867266717,0.001662684372,0.0016482208,-1.44635563041778E-05,0.869369006982401,0
0.6150671204,0.9568,-1.117547054,1.59457995111604,57.2655615928135,134.494518892445,0,0,0,0,1
14.21871844,0.9568,-1.117547054,14.2946259739071,3.84971970112895,94.4839323637217,0,0,0,0,1
0.6150671204,1.01,-1.117547054,1.62705838263451,58.659532028958,133.381370503342,0,0,0,0,1
14.21871844,1.01,-1.117547054,14.2982854039881,4.06307373128232,94.4827824213166,0,0,0,0,1
11.8202962,-2.65,-1.116942385,12.1650919662428,347.363761495466,95.2680524546023,0,0,0,0,1
0.212470403,0.9568,-1.114422251,1.48409799732864,77.4798561006789,138.669162663485,0,0,0,0,1
-0.6842922922,0.9568,-1.113464591,1.61973009374251,125.571911484919,133.427672967885,0,0,0,0,1
11.81439626,-2.35,-1.112429773,12.097105397084,348.750137756286,95.2762791988563,0.0008441067766,0.0011455102,0.000301403459201339,35.6645417534023,0
11.96757363,-2.35,-1.112429773,12.2467472656754,348.890524628623,95.2116293248921,0.0007688391488,0.0007347384,-3.41007253109658E-05,4.42959095599657,0
12.12108963,-2.35,-1.112429773,12.3968065976021,349.027792441025,95.1483728497838,0.0007821756299,0.0005704036,-0.000211772043292574,27.0401727540493,0
12.27462028,-2.35,-1.112429773,12.5469638964191,349.161762219804,95.086595704703,0.0008132896619,0.00090133987,8.80502047866124E-05,10.8131306224818,0
12.42780522,-2.35,-1.112429773,12.6968634940333,349.292246700538,95.0263877223375,0.0008512657369,0.001043783,0.000192517298229309,22.5888816004224,0
6.782672934,-2.352660323,-1.106792394,7.26392814725276,340.87021667035,98.7641981259842,0.001662690076,0.0016348948,-2.7795322193707E-05,1.67070313123073,0
15.20017575,0.9568,-1.10412136,15.2702289782602,3.60182471148738,94.1464176409679,0,0,0,0,1
0.4723804201,0.9568,-1.096755261,1.5301900548053,63.7240489285455,135.786347887434,0,0,0,0,1
14.07602742,0.9568,-1.096753977,14.1510735795789,3.88862581530066,94.4450659120881,0,0,0,0,1
0.7578248797,1.01,-1.096734097,1.67249042682304,53.1183090159639,130.976475336387,0,0,0,0,1
14.36148286,1.01,-1.096732111,14.4386672259379,4.0228168576694,94.3562679963124,0,0,0,0,1
14.37378261,0.9568,-1.092894402,14.4469896841336,3.80831185304027,94.3384896586862,0,0,0,0,1
0.7701463047,0.9568,-1.092889506,1.64407999895625,51.1687582982311,131.662557742015,0,0,0,0,1
0.4599452478,1.01,-1.092875577,1.55757075530356,65.5158915335489,134.559846771243,0,0,0,0,1
14.0635824,1.01,-1.092870953,14.1420937926992,4.10774109702697,94.4321148963863,0,0,0,0,1
-2.156628652,0.9568,-1.092468132,2.60000000039671,156.075272683269,114.845955363202,0,0,0,0,1
12.49104189,0.9568,-1.089316874,12.5749037765589,4.38023987406302,94.9695476510732,0,0,0,0,1
1.043503432,0.9568,-1.084522605,1.78341103881067,42.5180600035115,127.453475376931,0,0,0,0,1
11.39336024,-2.365094965,-1.079965651,11.6862593484494,348.272789369453,95.3024570720134,0.001662675641,0.001641911,-2.07646521625195E-05,1.24811902337154,0
11.77189196,-2.509770756,-1.075392314,12.0844055788688,347.964716165425,95.1055102570103,0,0,0,0,1
12.47414196,-2.51377972,-1.071611879,12.7699513757152,348.606393419374,94.8137324341012,0,0,0,0,1
17.41928244,0.3809607979,-1.068937109,17.4562068731161,1.25286256384567,93.5107240778712,0,0,0,0,1
13.77235984,0.9568,-1.05985742,13.8461785180307,3.97409457407542,94.3900065103003,0,0,0,0,1
13.58214114,0.9568,-1.054333517,13.6565604510049,4.0295699188984,94.4278376206111,0,0,0,0,1
1.36154387,0.9568,-1.053266597,1.96942592505799,35.096927909359,122.330955316745,0,0,0,0,1
11.17732148,-2.377732814,-1.051849164,11.4757359444111,347.990584734394,95.259028681227,0.001662675291,0.001641911,-2.07643021625196E-05,1.24809824818872,0
14.82956035,0.9568,-1.051290091,14.8975346037432,3.69159441486499,94.0466152522337,0,0,0,0,1
15.85239057,0.9568,-1.04918831,15.9158584164872,3.45400128869426,93.7797324011407,0,0,0,0,1
-1.977658284,-1.323371289,-1.047643137,2.59999999987049,213.788884526328,113.762080424902,0,0,0,0,1
11.56695142,-2.380514767,-1.045537872,11.8555626247906,348.370720819322,95.0594672888609,0.001662682509,0.001641911,-2.07715201625196E-05,1.24852669004766,0
9.246280304,0.9568,-1.043791885,9.35407222547112,5.90790834004935,96.406801260983,0,0,0,0,1
14.65846349,0.9568,-1.041581443,14.7265376117424,3.73456229106336,94.0558134651349,0,0,0,0,1
0.0475742656,0.9568,-1.039536946,1.41363595485061,87.1534682070568,137.337979932586,0,0,0,0,1
14.99303777,0.9568,-1.039162305,15.0594324630372,3.65145240680647,93.9567869676639,0,0,0,0,1
4.867338147,0.9568,-1.030978359,5.06649417782827,11.1211524093463,101.741089997944,0,0,0,0,1
0.3307516734,0.9568,-1.028843452,1.4433924477356,70.9304858182305,135.462811760289,0,0,0,0,1
13.93438189,0.9568,-1.028828864,14.0050331569675,3.92803128272789,94.2128211606114,0,0,0,0,1
0.8994217954,1.01,-1.028816332,1.699271199965,48.3144043097585,127.260916309169,0,0,0,0,1
14.50308829,1.01,-1.028805837,14.5745707105829,3.98366591140029,94.0478238948697,0,0,0,0,1
9.826011818,-2.389097858,-1.025773574,10.1641776965819,346.334270553095,95.7921775925328,0.0016626867,0.001641911,-2.07757111625195E-05,1.24877545528972,0
8.353228223,0.9568,-1.022328655,8.46977236201528,6.53432679154423,96.9326881625541,0,0,0,0,1
14.51362886,0.9568,-1.021314118,14.5809454924381,3.77172324907298,94.0165395356619,0,0,0,0,1
0.3201460062,1.01,-1.02130631,1.47161817199015,72.412621764688,133.947761985442,0,0,0,0,1
0.9099891214,0.9568,-1.021305662,1.66931473853782,46.4364256849363,127.720589101584,0,0,0,0,1
13.92377791,1.01,-1.021292128,13.9976686950977,4.14884238677882,94.1841089157939,0,0,0,0,1
13.37832866,-2.39122473,-1.020805706,13.6286344779564,349.866042256028,94.2955650307347,0.001662671217,0.0016306282,-3.20429683233422E-05,1.92603971240925,0
12.92315046,0.9568,-1.019840512,12.9985906436704,4.2343206003186,94.4999241467681,0,0,0,0,1
12.52377818,-2.65,-1.013943545,12.8411682262281,348.052585752882,94.5288109563538,0,0,0,0,1
10.10038116,0.9568,-1.010600537,10.195806945145,5.41142941261683,95.6884541115362,0,0,0,0,1
11.71552275,-2.395824804,-1.009962133,12.0005613746742,348.442367109038,94.8276988389159,0.0008207124192,0.0010499194,0.000229206983958128,27.8938201008668,0
1.556132106,0.9568,-1.00568115,2.08528366098939,31.5856047489996,118.83412205894,0,0,0,0,1
15.47866426,-2.365138975,-1.003585791,15.6904465865304,351.31240456623,93.6672321149596,0,0,0,0,1
11.71098805,-2.65,-1.003567306,12.0489372330059,347.249655830586,94.7777544041841,0,0,0,0,1
13.13899057,-2.398653262,-1.003226061,13.3937699397639,349.654019570213,94.2956168114009,0.00166267145,0.0016385855,-2.40859812458277E-05,1.44776068891654,0
12.53225071,-2.399134693,-1.002074212,12.7991135575792,349.162596438402,94.4904235808808,0.0008164308383,0.0009543435,0.000137912633376111,16.8714742476472,0
13.42601514,0.9568,-0.9997793138,13.4971444185728,4.07627119457317,94.2479836681142,0,0,0,0,1
10.9274309,-2.402459445,-0.9940767659,11.2324861929871,347.600460426716,95.0773279591612,0.001662674244,0.001641911,-2.07632551625194E-05,1.24803610066103,0
12.69117546,-2.405145827,-0.9875593911,12.9547649363696,349.268952680742,94.3719767914696,0.00166267436,0.0010793024,-0.000583371962443397,35.0652733773812,0
13.21316548,0.9568,-0.9863757369,13.2844324431347,4.14170876529596,94.25815897989,0,0,0,0,1
12.89785148,-2.410686631,-0.9739558333,13.1573011213637,349.413222646137,94.2451447532023,0.00166267599,0.0013782942,-0.000284381793088844,17.0935804085773,0
11.69135316,-2.533083539,-0.9731189911,12.0021336227453,347.775078507067,94.6505797904027,0,0,0,0,1
2.380504262,0.9568,-0.9649608247,2.74106114025314,21.8967555892147,110.612089256801,0,0,0,0,1
15.97685197,-2.242519544,-0.9626851149,16.1621612232698,352.010130382827,93.4147946612663,0,0,0,0,1
15.47711889,0.9568,-0.961596174,15.5364520588533,3.53753984065372,93.5484703254992,0,0,0,0,1
12.55752232,-2.526063738,-0.961547478,12.8451134046448,348.626207652589,94.2930095963765,0,0,0,0,1
1.201958069,0.9568,-0.9612120956,1.81220808197126,38.5209968787102,122.033116562675,0,0,0,0,1
11.50281057,-2.415931836,-0.9608711489,11.7929916056228,348.138591160689,94.6735349497297,0.001662675291,0.001641911,-2.07643021625196E-05,1.24809824818872,0
-0.1829869797,0.9568,-0.9570281947,1.3655963679618,100.827016606917,134.492297387969,0,0,0,0,1
7.97359122,-2.418048762,-0.9555313629,8.38678466067636,343.129696338814,96.5420847637586,0.001662689727,0.0016348948,-2.77949731937071E-05,1.67068250423278,0
-1.089788393,-2.159906334,-0.9524525641,2.60000000000606,243.226610185596,111.489327378551,0,0,0,0,1
10.77708037,0.9568,-0.9521003441,10.8612808916202,5.07347482886269,95.0290052598541,0,0,0,0,1
-0.437810258,-2.38547978,-0.936914295,2.59999999980273,259.600167529444,111.121793739707,0,0,0,0,1
13.70087218,0.9568,-0.9323918462,13.765853380287,3.99476342599229,93.8837439098014,0,0,0,0,1
1.778969432,0.9568,-0.9257395541,2.22197934329185,28.2731185343976,114.621902421788,0,0,0,0,1
11.3456786,-2.430501822,-0.9233963913,11.6397776137136,347.908695303714,94.550118534395,0.001662665047,0.0016489775,-1.36875317123027E-05,0.822733622791724,0
13.82082816,0.9568,-0.9203396038,13.8844438943219,3.96020222791611,93.8006755768076,0,0,0,0,1
0.2171539225,0.9568,-0.9203094809,1.34521061796715,77.2128530241525,133.167840491523,0,0,0,0,1
1.013045238,1.01,-0.9202241394,1.7009330148389,44.9137542008679,122.752515307226,0,0,0,0,1
14.61670733,1.01,-0.920209977,14.6804298156643,3.95279850138866,93.5938141094752,0,0,0,0,1
10.61913001,-2.432507934,-0.9180986607,10.9327911426604,347.097936606639,94.8171781258592,0.001662675641,0.0016489775,-1.36981257123027E-05,0.823365166545868,0
0.2094512117,1.01,-0.9099093888,1.37546534158771,78.2842116438808,131.416541804756,0,0,0,0,1
13.81308206,1.01,-0.9098809851,13.8798133778283,4.18197305931051,93.7586781511272,0,0,0,0,1
14.62436493,0.9568,-0.9098669451,14.6838473740229,3.74324516851425,93.5525398936231,0,0,0,0,1
1.020787417,0.9568,-0.9097645091,1.66887526577737,43.1467669717908,123.033979270603,0,0,0,0,1
14.75375193,0.9568,-0.9017792889,14.8122202298598,3.71050988306308,93.490369274521,0,0,0,0,1
15.07353668,0.9568,-0.8996139491,15.1306404207066,3.63200447998406,93.4086131247236,0,0,0,0,1
1.398092223,0.9568,-0.8947177594,1.91589351817862,34.3862225071658,117.839582943004,0,0,0,0,1
14.43492473,-2.441220057,-0.8946757151,14.6672100947199,350.401021485777,93.4971193744423,0.001662666677,0.0016847006,2.20339275281887E-05,1.32441959875768,0
-0.4897733857,0.9568,-0.8925093176,1.39711026456141,117.107311940018,129.704277214724,0,0,0,0,1
0.02723684363,0.9568,-0.8908920868,1.3076302214211,88.3694242671114,132.945529844303,0,0,0,0,1
14.89668395,0.9568,-0.8902611931,14.9539033010825,3.67500599072582,93.413047899995,0,0,0,0,1
13.56594125,0.9568,-0.888028554,13.6286031181178,4.03436598597972,93.7359926506971,0,0,0,0,1
4.027688138,0.9568,-0.8835127954,4.23300517795826,13.363235676993,102.047350894887,0,0,0,0,1
15.26498411,0.9568,-0.8802858129,15.320251604688,3.58657295946887,93.2939704587543,0,0,0,0,1
11.6466329,-2.448240514,-0.8752818891,11.9333171376252,348.128688919271,94.2062934934604,0.0009146006196,0.0012323686,0.00031776801913899,34.7059637506377,0
12.59600087,-2.65,-0.8739755376,12.9013786533596,348.119137353179,93.8843514479178,0,0,0,0,1
13.61075165,-2.450933397,-0.8677127884,13.8568596903361,349.791956591079,93.5901950861874,0.001662671799,0.0015132434,-0.000149428378950452,8.98184239465201,0
12.59855224,-2.45153697,-0.8660060547,12.8640397444218,348.988490562976,93.8600663441056,0.0008515755762,0.0008223514,-2.92242038648938E-05,3.42775522554241,0
-2.329652875,-0.7657906854,-0.8638762116,2.60000000015568,198.196444144126,109.406010767804,0,0,0,0,1
-0.9849620645,0.9568,-0.8623132564,1.62148100842016,135.830922771373,122.127557338424,0,0,0,0,1
0.51570015,-2.452853472,-0.8622701684,2.65065023025013,281.873222387779,108.984063375197,0.001662694034,0.0014164932,-0.000246200826783737,14.7984438095146,0
11.6423667,-2.65,-0.8618166612,11.9712125674382,347.176981505449,94.1283377885306,0,0,0,0,1
11.13998517,-2.454369893,-0.8579443038,11.4393736536538,347.575053419006,94.3011785047906,0.00166266493,0.0016528401,-9.8248707494069E-06,0.590555860873193,0
5.167367777,-2.457018683,-0.8503288715,5.78460800237107,334.569497373247,98.4530267998229,0.001662691939,0.0015278384,-0.000134853530053009,8.10567911593451,0
13.07450537,-2.457497552,-0.8489439216,13.3305172694186,349.354828662087,93.6513093677512,0.001662684372,0.0015466324,-0.000116051989912591,6.97560137402015,0
-2.422964627,0.4299974752,-0.8392523978,2.59999999992013,169.936635888022,108.831699143822,0,0,0,0,1
17.5169763,-0.3454685699,-0.8377338321,17.5403992315168,358.870163151344,92.7375020865131,0,0,0,0,1
-1.275257983,0.9568,-0.8312945641,1.79799883634763,143.119852413682,117.538486479843,0,0,0,0,1
12.74665579,-2.464103225,-0.8295753717,13.0091211782167,349.058898833585,93.6561609277509,0.001662706956,0.00090535975,-0.000757347210043043,45.5216711880504,0
13.27839332,-2.464266508,-0.8290902119,13.5305479993435,349.486393582105,93.5130245256054,0.001662680996,0.0014979204,-0.0001647606262706,9.90337851227102,0
11.49392461,-2.466670368,-0.8219107596,11.7843244584269,347.887674009865,93.9994046034835,0.001662672032,0.0016528401,-9.83197274940671E-06,0.590980226889257,0
1.564414594,0.9568,-0.7957288883,1.99901068671364,31.4500634323877,113.457039785821,0,0,0,0,1
13.37416254,0.9568,-0.7922011137,13.4317263406789,4.0920216110315,93.3812583814991,0,0,0,0,1
1.198735017,-2.477812988,-0.7876819126,2.86303434137991,295.817118011395,105.969246780984,0.001662694034,0.0015669637,-9.57302980321255E-05,5.75408074295742,0
2.031780268,0.9568,-0.786016938,2.37937385130144,25.2165463820757,109.289785370237,0,0,0,0,1
10.23420236,-2.478553971,-0.7853471932,10.5593038570948,346.3860389033,94.2653065336044,0.001662678667,0.0016528401,-9.83860774940687E-06,0.591376684966946,0
11.70823584,0.9568,-0.7842664378,11.7734160960411,4.67184424158796,93.8194908876247,0,0,0,0,1
13.74653299,0.9568,-0.7819882323,13.8019614939549,3.98153707212987,93.247989880882,0,0,0,0,1
0.1428449021,0.9568,-0.781882615,1.2438694986594,81.5087755852482,128.946093961984,0,0,0,0,1
14.6909629,1.01,-0.7818186798,14.7463802805048,3.93288191228305,93.0391134570689,0,0,0,0,1
1.087341259,1.01,-0.7817333454,1.67735447560555,42.8881258711297,117.778285922851,0,0,0,0,1
12.92374938,-2.481523171,-0.7759141387,13.1826893324501,349.130776474069,93.3742973923576,0.001662720577,0.0011426205,-0.000520100118732371,31.2612662199688,0
0.1387706679,1.01,-0.769670982,1.27739998387438,82.1767323516042,127.051264590426,0,0,0,0,1
13.74240782,1.01,-0.7696266202,13.8009491639422,4.20340315466018,93.1968268497987,0,0,0,0,1
14.69504748,0.9568,-0.7695689146,14.7462579318881,3.72529114108204,92.9914769143159,0,0,0,0,1
1.091455985,0.9568,-0.769381338,1.64276901920355,41.2386862741971,117.926868390763,0,0,0,0,1
1.26653107,0.9568,-0.7643977205,1.76178065217579,37.0691972532818,115.713915499246,0,0,0,0,1
-0.0511356526,0.9568,-0.7579046077,1.22167937256046,93.0592311050304,128.343839082967,0,0,0,0,1
9.286544297,-2.488011925,-0.7548487665,9.64364583440164,345.001785209769,94.489374192857,0.001662689028,0.0016528401,-9.84896874940688E-06,0.591995774669909,0
15.08,-2.488156786,-0.7543711359,15.302496528423,350.630774741638,92.8256701756833,0.0008959163679,0.0009318983,3.59819386895736E-05,4.01173843820245,0
10.88596653,-2.489946236,-0.7484435467,11.1921520402936,347.116368809573,93.8343548081537,0.001662667608,0.0016551872,-7.48038303073216E-06,0.449632065609837,0
14.8183914,0.9568,-0.7481071466,14.868081726517,3.69436914864593,92.8841305813138,0,0,0,0,1
1.414482362,0.9568,-0.746720362,1.86381809504965,34.0756469385854,113.618203473015,0,0,0,0,1
15.66834661,0.9568,-0.746061919,15.715252467526,3.49447281740044,92.7210680959324,0,0,0,0,1
11.32074285,-2.491457007,-0.7433989399,11.6154732437985,347.588267802379,93.6694805719508,0.001662665862,0.0016551872,-7.4786370307322E-06,0.449527588535215,0
-0.7760536128,0.9568,-0.7343048821,1.43419981516378,129.045260531359,120.796888573711,0,0,0,0,1
14.97037416,0.9568,-0.7312650297,15.018732212609,3.65696534150914,92.7908462580458,0,0,0,0,1
11.62115492,-2.496899871,-0.7249076025,11.9084525305601,347.873888258469,93.4899446574383,0.0008717331802,0.0011679234,0.000296190264682035,33.9382381009232,0
17.03794718,-1.550028179,-0.7237786107,17.1236119712364,354.801822639067,92.4224922719417,0,0,0,0,1
14.03431182,-2.497550625,-0.7226623518,14.2731183789717,349.909263848363,92.9021838537883,0.001662667957,0.0015327695,-0.000129898427851064,7.80795394324372,0
12.62109983,-2.65,-0.7185009742,12.9163038276727,348.142094697943,93.188863848699,0,0,0,0,1
12.62109457,-2.499738213,-0.7150586481,12.8861176522892,348.796967511251,93.1810122115742,0.0009216702892,0.00086591434,-5.57559541912894E-05,6.04289038499684,0
2.796026303,0.9568,-0.7126459532,3.0399167063721,18.8909428509681,103.557992263785,0,0,0,0,1
13.55109425,0.9568,-0.7086794778,13.6033028421276,4.03877154319622,92.9862403851856,0,0,0,0,1
15.41173091,0.9568,-0.7083877747,15.4576430648917,3.55251034936094,92.6266520632423,0,0,0,0,1
11.62123987,-2.65,-0.7057527448,11.9404272558762,347.154442584795,93.3885081643897,0,0,0,0,1
7.269586074,-2.503046933,-0.7033889745,7.72054931242225,341.00050936537,95.2272421808988,0.001662689727,0.0016256943,-3.69953924930116E-05,2.22369543386689,0
-0.2870429692,0.9568,-0.7024802363,1.22120366383305,106.699407356561,125.116156823064,0,0,0,0,1
2.01832653,-2.504649251,-0.6976619019,3.29144982972541,308.862978991322,102.237348393785,0.001662693918,0.0014656418,-0.000197052140968876,11.8442544531125,0
12.79201947,-2.505479945,-0.6946727595,13.0535727721742,348.918178302631,93.0505539567839,0.00166275783,0.00082632375,-0.000836434075845854,50.2737874926097,0
15.1684125,0.9568,-0.6928747291,15.2143445274643,3.60934715619322,92.6102033398495,0,0,0,0,1
16.68400445,0.9568,-0.6762817426,16.7250957463027,3.28222290558409,92.3173951790582,0,0,0,0,1
13.11544775,-2.510947413,-0.6746429346,13.3706757377119,349.161891367795,92.8921958787299,0.001662736293,0.001373813,-0.000288923271071928,17.3659294617508,0
2.806842901,-2.512696497,-0.6680990301,3.8260119015694,318.16497366123,100.056557872878,0.001662693685,0.0014656418,-0.000197051907968876,11.8442421069162,0
17.40345111,0.9568,-0.6679137033,17.4425252040298,3.14681662935953,92.1945213898374,0,0,0,0,1
12.78644945,0.9568,-0.666865652,12.8395274669757,4.27942279095959,92.9771957706527,0,0,0,0,1
12.23899489,0.9568,-0.6650747731,12.2943396167204,4.47008358072492,93.1009870140049,0,0,0,0,1
1.74336522,0.9568,-0.6610916585,2.09566951384132,28.7590198839744,108.388348213321,0,0,0,0,1
13.11836814,0.9568,-0.6606167391,13.1697935964291,4.17153274127804,92.8752494762946,0,0,0,0,1
3.529372597,-2.517719047,-0.648915095,4.38365953611819,324.497395829484,98.5128054791014,0.001662693569,0.0014656418,-0.000197051791968876,11.8442359603108,0
11.48604983,-2.518211229,-0.6470024796,11.7766438640095,347.634076614644,93.149384987329,0.001662681811,0.0016551872,-7.49458603073222E-06,0.450481935979537,0
16.0610795,0.9568,-0.641053468,16.1023194134931,3.40922842495195,92.2816195915057,0,0,0,0,1
11.11796151,-2.520265863,-0.6389522535,11.4179274888351,347.227803647329,93.2079728889396,0.001662670169,0.0016551872,-7.48294403073212E-06,0.449785310223479,0
4.347069698,-2.521669478,-0.6333901207,5.06527540816361,329.882627175001,97.1833859169124,0.00166269287,0.0014656418,-0.000197051092968876,11.8441989216962,0
5.633737998,0.9568,-0.6301220214,5.74904547137716,9.63879855164839,96.2925249278938,0,0,0,0,1
0.1151642783,0.9568,-0.6274034431,1.14994092518272,83.1366676850985,123.065417894637,0,0,0,0,1
13.71881543,0.9568,-0.6273951617,13.7664442660889,3.98955543814594,92.6121160666764,0,0,0,0,1
14.71862566,1.01,-0.6271785984,14.7665633887341,3.92551343139604,92.4342494975568,0,0,0,0,1
1.114975077,1.01,-0.6271405424,1.62990020622519,42.1718523473016,112.629608574512,0,0,0,0,1
0.1150768655,1.01,-0.6144253519,1.18779678313706,83.4998935346725,121.150078744937,0,0,0,0,1
13.71872854,1.01,-0.6143677441,13.7695700905729,4.21063238780494,92.5572598362306,0,0,0,0,1
14.71870719,0.9568,-0.6141932759,14.7625553670467,3.71931971221659,92.3844681244311,0,0,0,0,1
1.115055317,0.9568,-0.614111414,1.59246583284385,40.6320362325667,112.683200740368,0,0,0,0,1
14.86808457,0.9568,-0.6119166949,14.9113999028317,3.68205558975387,92.3518980172942,0,0,0,0,1
1.31590753,0.9568,-0.6093403833,1.73734699189048,36.0210035116602,110.531995363942,0,0,0,0,1
1.49473234,0.9568,-0.603497595,1.87454003835945,32.6239011213394,108.780552431433,0,0,0,0,1
10.60106418,-2.529172265,-0.6027334865,10.915244465896,346.581371875055,93.1654498727386,0.001662672265,0.0016551872,-7.4850400307322E-06,0.449910729907624,0
12.91868213,-2.529531364,-0.6012246501,13.1777216535078,348.921412004477,92.6149889955716,0.001662785537,0.0011317224,-0.000531063182669878,31.9189685725629,0
-1.634815697,0.9568,-0.5957557505,1.98570227310426,149.661065763341,107.458966335075,0,0,0,0,1
-0.553200066,0.9568,-0.5918069537,1.25368737070694,120.035527442323,118.167647528889,0,0,0,0,1
9.876404929,-2.532747104,-0.5875305158,10.2129023456308,345.616778708576,93.2979473829296,0.001662681694,0.0016551872,-7.49446903073226E-06,0.450474935064848,0
-1.767943353,-1.814918354,-0.5834789385,2.60000000053385,225.751163543438,102.968479059843,0,0,0,0,1
11.64285151,-2.53637218,-0.5716783742,11.9296266195936,347.710241476562,92.7467169343909,0.0008604908944,0.0010155791,0.000155088200710297,18.0023029515954,0
13.37337248,-2.537871055,-0.5649871762,13.623769356896,349.254726853853,92.3767773684335,0.001662741299,0.0016359119,-2.68294245269051E-05,1.61259593321576,0
12.74286864,-2.538109693,-0.5639141643,13.0054104577554,348.735314523741,92.4851222141918,0.001662797062,0.001021932,-0.000640865066362285,38.5182232256091,0
-0.1104050217,0.9568,-0.5633786308,1.115818529358,96.582241417045,120.324824735686,0,0,0,0,1
12.59660988,-2.65,-0.5629797289,12.884643054585,348.119695435392,92.5042707687182,0,0,0,0,1
12.59633915,-2.538501188,-0.562149198,12.8618723358659,348.60597212491,92.5050038644055,0.0008239171584,0.0010671264,0.000243209244231402,29.4828688862683,0
13.38000032,0.9568,-0.5579662023,13.4257663128072,4.09024229672116,92.3818616868651,0,0,0,0,1
13.70394634,-2.540471938,-0.5531747777,13.9484101349239,349.497592485243,92.272867940876,0.001662707655,0.00164681,-1.58976765893984E-05,0.955557098124815,0
11.64967965,-2.65,-0.5509272522,11.9599772903146,347.184765135755,92.6402207627896,0,0,0,0,1
11.32990832,-2.542070511,-0.5457815637,11.6244063305519,347.354079355424,92.6911035083402,0.001662680181,0.0016551872,-7.49295603073223E-06,0.450384401780178,0
11.2563339,0.9568,-0.5396509612,11.3098073488549,4.85852163405156,92.7349243289676,0,0,0,0,1
8.604617577,-2.547596123,-0.5193784672,8.98885107477775,343.507393476025,93.3124119071388,0.001662690309,0.0016554194,-7.27095187900918E-06,0.437037580833152,0
6.671666254,0.9568,-0.5171317325,6.75973535528728,8.16128032189374,94.3875154463904,0,0,0,0,1
6.565310075,-2.548661331,-0.5141258802,7.06139479010504,338.783727403251,94.1752843046126,0.001662690076,0.0016256943,-3.69957414930115E-05,2.22371594485676,0
3.582687537E-15,-2.548875861,-0.5130612467,2.59999999954882,270,101.380940940129,0.0008301044581,0.0007723789,-5.77255850199848E-05,6.94564738010817,0
15.00319,0.9568,-0.5099813876,15.042315560837,3.64898825128552,91.9428778474225,0,0,0,0,1
-2.543554988,-0.1798032591,-0.5079358342,2.6000000001206,184.043497946965,101.26575082635,0,0,0,0,1
-1.109497141,0.9568,-0.5077481146,1.5505670877995,139.226414228443,109.114657302164,0,0,0,0,1
13.57491769,0.9568,-0.5049184428,13.6179587003396,4.03170705411947,92.1248653302067,0,0,0,0,1
2.333602325,0.9568,-0.5028792818,2.57178024397675,22.2941135817907,101.276120059688,0,0,0,0,1
11.48646751,-2.551669598,-0.4989812232,11.7770512377568,347.475369329172,92.4282885523131,0.001662684372,0.0016551872,-7.49714703073218E-06,0.450635177976666,0
1.952766975,0.9568,-0.4964412122,2.23051988913375,26.1035333438986,102.859878911468,0,0,0,0,1
14.82561977,0.9568,-0.4839202054,14.8643414442016,3.69257290895365,91.8656383557241,0,0,0,0,1
14.48178056,-2.55556884,-0.4786103877,14.7133262108602,349.992171734226,91.8641055914724,0.001662675641,0.0016962434,3.35677755179729E-05,2.0176875041457,0
1.223231801,0.9568,-0.4731476009,1.62346263622392,38.0321713136021,106.944394860669,0,0,0,0,1
0.1367341454,0.9568,-0.4719532184,1.0755939321493,81.8670554832148,116.026310031536,0,0,0,0,1
13.74043225,0.9568,-0.4717996028,13.7817828861886,3.98329918173562,91.9618222851428,0,0,0,0,1
1.093292836,1.01,-0.4716012938,1.56134461460715,42.7322056671247,107.580662966482,0,0,0,0,1
14.696939,1.01,-0.4715844115,14.7391488162272,3.93128773113114,91.833512163233,0,0,0,0,1
10.91022743,-2.557910532,-0.4659331613,11.2157506469625,346.805277546948,92.3809095931024,0.001662675641,0.0016551872,-7.48841603073216E-06,0.450112741100845,0
17.43950642,-0.9884556152,-0.4644189445,17.4736691519684,356.755997335909,91.5229989198372,0,0,0,0,1
13.07936052,-2.558561736,-0.4623438581,13.3352792101321,348.931668963833,91.9868846667062,0.001662790892,0.0013395996,-0.000323191285418968,19.4249942689894,0
10.29566862,-2.558826678,-0.4608752911,10.6188884698373,346.042822871473,92.4875019964651,0.001662674476,0.0016551872,-7.48725103073226E-06,0.450043030577351,0
0.1407073069,1.01,-0.4594876752,1.11849339286191,82.0689332813117,114.255694436094,0,0,0,0,1
13.74438033,1.01,-0.4594225359,13.7890956818126,4.20280206948837,91.9093235299042,0,0,0,0,1
1.089321471,0.9568,-0.459171518,1.52083069081474,41.2942910073071,107.573050848958,0,0,0,0,1
14.69296783,0.9568,-0.4591566776,14.7312455260239,3.72581693557044,91.7861355471093,0,0,0,0,1
-2.374040351,0.9568,-0.4565809569,2.59999999968845,158.049283409805,100.11404539644,0,0,0,0,1
0.01147832834,0.9568,-0.4556734183,1.05982840883168,89.3126795330369,115.464398671038,0,0,0,0,1
1.381412292,0.9568,-0.4541676072,1.7406993927495,34.7074223456667,105.124124107851,0,0,0,0,1
-0.3347567098,0.9568,-0.4522537132,1.10998275475762,109.283468715191,114.044252976039,0,0,0,0,1
12.85864705,-2.563954496,-0.4314363687,13.1188720534301,348.723382544885,91.8846087494869,0.001662802068,0.0012553922,-0.000407409854647976,24.4866779819374,0
11.71118993,-2.563987951,-0.4312375056,11.9963315049078,347.650804056057,92.0600809091038,0.0007854098803,0.0008535902,6.81803212864849E-05,8.66982002571934,0
15.28672018,0.9568,-0.4273633921,15.3225950664542,3.58148652219489,91.5982471873774,0,0,0,0,1
15.62952761,0.9568,-0.4253760229,15.6645633297775,3.50313043947824,91.5560757547158,0,0,0,0,1
12.52547182,-2.65,-0.4234653879,12.8097333012192,348.054154816371,91.894434514277,0,0,0,0,1
12.52519584,-2.565345607,-0.4230862034,12.7922058633066,348.425056820796,91.8953318684398,0.0007640187396,0.0009897269,0.000225708121407512,29.5036068692286,0
12.61498164,0.9568,-0.4222985142,12.658260704087,4.33736990132809,91.9118276732035,0,0,0,0,1
12.68014391,-2.566590877,-0.4154651237,12.9439580336627,348.557344521724,91.8393514022825,0.00166279031,0.0011493524,-0.000513437902917085,30.8595319873623,0
16.53996006,-2.111069533,-0.4146107315,16.6792924135957,352.726408667523,91.4243944889932,0,0,0,0,1
3.317728875,0.9568,-0.4135410559,3.47761517895866,16.0870349968067,96.829495709647,0,0,0,0,1
11.72430685,-2.65,-0.413319167,12.0271652456747,347.263667499612,91.9693840648266,0,0,0,0,1
1.609599254,0.9568,-0.4000127086,1.9147548578131,30.7286754608323,102.058522013169,0,0,0,0,1
-0.8574967394,0.9568,-0.3991985807,1.34540938190371,131.86711322831,107.26020128017,0,0,0,0,1
17.62726679,0.3430817647,-0.3920801158,17.6349643152549,1.11501435897497,91.2739683858645,0,0,0,0,1
8.753647693,0.9568,-0.3903469549,8.81443049313817,6.23783808554805,92.5381730378306,0,0,0,0,1
11.57083565,-2.570599258,-0.3898967236,11.859352327999,347.474483889112,91.8840373758794,0.001662691589,0.0016606565,-2.03505579598096E-06,0.122321697689424,0
11.17570295,-2.571098386,-0.3865916338,11.4741595085851,347.043891791917,91.9307960501378,0.001662679366,0.0016551872,-7.49214103073223E-06,0.450335634608829,0
12.92781939,0.9568,-0.3847571579,12.9688865555612,4.23279691872131,91.7000839947794,0,0,0,0,1
14.88162773,0.9568,-0.3752765228,14.9170755378817,3.67871390738554,91.4415714110621,0,0,0,0,1
11.39059062,-2.573097828,-0.3730516985,11.6835591612592,347.270719655187,91.8297439237674,0.001662682858,0.0016606565,-2.02632479598093E-06,0.12179754009228,0
-2.229769369,-1.287092793,-0.3626578314,2.59999999988441,209.994889752757,98.0179760070634,0,0,0,0,1
1.288730615,0.9568,-0.3545998719,1.64378645425425,36.5915224670064,102.457852141941,0,0,0,0,1
13.20452991,0.9568,-0.3506815161,13.2437930333352,4.14440794746116,91.5173084815511,0,0,0,0,1
14.76195482,0.9568,-0.3504116026,14.797079598318,3.70845379046222,91.356955795811,0,0,0,0,1
13.97652118,-2.577081071,-0.3444606681,14.2162985440431,349.552776292457,91.3884116245199,0.00166270812,0.0016401735,-2.25346298407864E-05,1.35448216967207,0
13.63771555,0.9568,-0.3413442987,13.6754988060022,4.01320297335155,91.430267319965,0,0,0,0,1
15.67207373,-2.509071651,-0.3376509223,15.8752431066027,350.904234106137,91.218717191139,0,0,0,0,1
13.45031738,0.9568,-0.3372575814,13.4885227708205,4.06893088535037,91.4327328727792,0,0,0,0,1
0.2055191354,0.9568,-0.3307187992,1.03299529483917,77.8771592651643,108.672310042093,0,0,0,0,1
13.80922909,0.9568,-0.3306350949,13.8462844787359,3.96351800468136,91.3682946003507,0,0,0,0,1
14.62806788,1.01,-0.3304355209,14.6666171128642,3.94973837215059,91.2909700058241,0,0,0,0,1
1.024365224,1.01,-0.3303623357,1.47599572661635,44.5954251390909,102.933697661886,0,0,0,0,1
1.174304138,0.9568,-0.3294499184,1.55015924899918,39.172473043968,102.270452779805,0,0,0,0,1
0.08736711423,0.9568,-0.3266878871,1.0148025562772,84.7826884712003,108.779236080381,0,0,0,0,1
0.213133426,1.01,-0.3201427751,1.08074846922271,78.0840838995743,107.230900581475,0,0,0,0,1
13.81683248,1.01,-0.3200782726,13.8573954941386,4.18084193658655,91.3235362477194,0,0,0,0,1
14.62040604,0.9568,-0.3198104793,14.65517034214,3.74425587552707,91.25042868406,0,0,0,0,1
1.016736669,0.9568,-0.3197861205,1.43229984882833,43.2604514057021,102.901026499242,0,0,0,0,1
11.82023355,-2.580455287,-0.3181988748,12.1028063352545,347.685065887227,91.5065558422662,0.0007576601347,0.00068292377,-7.47363665186462E-05,9.85109973495569,0
11.81934166,0.9568,-0.3179835081,11.8622686290286,4.62811900229303,91.5360717430241,0,0,0,0,1
-0.1123015694,0.9568,-0.3163188671,1.01397017124427,96.6942941028293,108.177432524381,0,0,0,0,1
12.41510809,-2.65,-0.3131219366,12.6986398576211,347.951052761431,91.4129374605369,0,0,0,0,1
12.41386302,-2.581185563,-0.3122196705,12.6832170647912,348.253989052924,91.4105787618652,0.0006801777636,0.0006507189,-2.94588390105449E-05,4.32469181830833,0
11.83749766,-2.65,-0.3057591313,12.134345449874,347.381535214617,91.4438819327777,0,0,0,0,1
15.03612017,0.9568,-0.3032081649,15.0695823166385,3.64101822916109,91.1528999400239,0,0,0,0,1
1.404555768,0.9568,-0.2987952122,1.72554968756501,34.2631538693963,99.9715664701574,0,0,0,0,1
-0.6006083871,0.9568,-0.2856789259,1.16525066975232,122.117567262824,104.191597370667,0,0,0,0,1
13.57912301,-2.584348978,-0.2848514722,13.8257940720241,349.224459110347,91.180542826024,0.001662748167,0.0016359119,-2.6836292526905E-05,1.61300207923264,0
11.66696747,-2.584735097,-0.2813262837,11.9531640140007,347.508282244616,91.3486217698921,0.001662654802,0.0016191736,-4.34812389145036E-05,2.61359741589611,0
13.24658474,-2.586187199,-0.2676485938,13.4993335862196,348.952861012269,91.1360664294459,0.001662760507,0.0015568761,-0.000105884391499073,6.36416065014056,0
-0.7099213302,-2.486906813,-0.2670322274,2.60000000040172,254.067885078178,95.8949407079272,0,0,0,0,1
12.99796159,-2.58633036,-0.2662616586,13.2554519159859,348.746289588723,91.1509751213649,0.001662757131,0.0014936596,-0.000169097562049466,10.163596530933,0
0.7134692396,-2.586948199,-0.260190344,2.69611541950184,285.418628547607,95.5379848502971,0.001662694383,0.0013921319,-0.000270562478859885,16.2627512375201,0
12.78074279,-2.58734968,-0.256167203,13.0425222356194,348.555636729667,91.1254144825136,0.001662735478,0.0012866419,-0.000376093550564006,22.6053693953869,0
14.87446724,0.9568,-0.2552687864,14.907394274894,3.68047995444482,90.9811599993994,0,0,0,0,1
2.057012502,0.9568,-0.253901704,2.28281246463182,24.9450502253492,96.3858323999325,0,0,0,0,1
12.57707001,-2.587659088,-0.2530226132,12.8430015975605,348.373960432816,91.1288689582874,0.001662718016,0.001076504,-0.000586214009949473,35.2351783362231,0
11.9598233,-2.588499835,-0.2442716312,12.2391737218175,347.787668491911,91.1435954058841,0.000791342929,0.0007818784,-9.464507451246E-06,1.19449636070974,0
12.27587723,-2.65,-0.242105957,12.5609823286416,347.818454953918,91.1044127129373,0,0,0,0,1
12.27279356,-2.588795959,-0.2411130872,12.5451768343269,348.088768622852,91.101268887416,0.0007515148609,0.0007994272,4.79123555069116E-05,6.36696469350903,0
11.97859705,-2.65,-0.2382843943,12.2705365301944,347.525492620638,91.1127099712216,0,0,0,0,1
9.558126906,0.9568,-0.2381795572,9.60884934280214,5.71645286331011,91.4203658275925,0,0,0,0,1
16.33271519,0.9568,-0.2346034984,16.3623986786509,3.35265865982501,90.8215330269289,0,0,0,0,1
13.73720558,0.9568,-0.2313594141,13.7724293632487,3.98423178796503,90.9625419867982,0,0,0,0,1
11.49729998,-2.5899545,-0.2283324116,11.7876166731178,347.305093382869,91.1099191754558,0.001662671799,0.0016606565,-2.01526579598089E-06,0.121133615247444,0
15.49175018,0.9568,-0.2266968511,15.5229243811155,3.5342072591917,90.8367775441848,0,0,0,0,1
10.60967877,-2.590354036,-0.2237542629,10.9236112895222,346.279647063105,91.1737026562945,0.001662678784,0.0016652911,2.61235958127115E-06,0.157023074790329,0
0.3147139351,0.9568,-0.2178121871,1.03051115947156,71.7927533343973,102.202254101623,0,0,0,0,1
13.9184274,0.9568,-0.2177654978,13.9529749279895,3.93251980820008,90.8942573606845,0,0,0,0,1
12.11606307,-2.590880601,-0.217572395,12.3918918794477,347.929744410152,91.0060304483836,0.0007831851253,0.0008444195,6.12344011019072E-05,7.80866649038786,0
14.51873167,1.01,-0.2175569793,14.5554457281357,3.97938746053546,90.8564190425199,0,0,0,0,1
12.12110074,-2.65,-0.2175470544,12.4093073888153,347.667637957469,91.0045013975112,0,0,0,0,1
0.9149706924,1.01,-0.2174747515,1.38006037385722,47.8262049094303,99.066661969033,0,0,0,0,1
0.3252183264,1.01,-0.2101312022,1.08167558998271,72.15152747199,101.201762805563,0,0,0,0,1
13.92893621,1.01,-0.2100838518,13.9670862805038,4.14731130898389,90.8618384488381,0,0,0,0,1
14.5081857,0.9568,-0.2098600358,14.5412158975895,3.77313423186951,90.82692615735,0,0,0,0,1
0.9044067429,0.9568,-0.2097694399,1.33319954039857,46.6124592061847,99.05270030841,0,0,0,0,1
0.1908612318,0.9568,-0.1990816827,0.995754872541871,78.7187892421142,101.532889792639,0,0,0,0,1
1.799650319,0.9568,-0.1972017663,2.04770506843848,27.9977401202492,95.5263657869209,0,0,0,0,1
-2.482292946,-0.7482711157,-0.195734685,2.59999999985853,196.775092429546,94.3174583404275,0,0,0,0,1
12.72502613,0.9568,-0.194642711,12.7624308826386,4.30000214482999,90.8738647311568,0,0,0,0,1
-2.554818485,0.4424068809,-0.1928176859,2.59999999991561,170.175761928872,94.2529966926097,0,0,0,0,1
7.88184433,-2.592883612,-0.1922357264,8.29960661972818,341.790389515309,91.3272051750153,0.001662690309,0.001648171,-1.45193190619196E-05,0.872717655646309,0
-0.3584735311,0.9568,-0.1915302074,1.03954477192952,110.538903708503,100.617077119722,0,0,0,0,1
1.282536228,0.9568,-0.1884872566,1.61117747688858,36.7237414858388,96.7182611251765,0,0,0,0,1
11.28332928,-2.593349186,-0.1858493999,11.5790120321587,347.055996623963,90.9196677116046,0.001662670402,0.0016551872,-7.48317703073206E-06,0.449799252408174,0
13.56814689,0.9568,-0.18209387,13.6030597457377,4.03371232388486,90.7669981634139,0,0,0,0,1
11.77677894,-2.593652919,-0.1815613815,12.0603699031629,347.579766992909,90.8625849738429,0.001662633847,0.0016191736,-4.34602839145036E-05,2.61237074449253,0
0.03800008556,0.9568,-0.181422561,0.974589345387259,87.7256471045847,100.728352093129,0,0,0,0,1
9.602617674,-2.593771173,-0.1798641262,9.94838007892725,344.884505624489,91.0359492454008,0.001662680646,0.0016551872,-7.49342103073211E-06,0.450412225973091,0
11.00259744,-2.593868925,-0.1784488732,11.305624725203,346.734700249687,90.9043986629936,0.001662676339,0.0016551872,-7.48911403073219E-06,0.450154507530818,0
12.33278179,0.9568,-0.1783102026,12.3711263613346,4.43622622319504,90.8258565570807,0,0,0,0,1
4.662693249,0.9568,-0.1765526147,4.76312349199846,11.5963037446231,92.1242442100256,0,0,0,0,1
1.109476232,0.9568,-0.1722359143,1.47515048708519,40.7741197957707,96.7050456892406,0,0,0,0,1
10.12734843,-2.594647478,-0.1667467031,10.4557728657766,345.62979913177,90.9137810740377,0.001662676805,0.0016551872,-7.48958003073206E-06,0.450182391689476,0
5.778297215,-2.595173388,-0.158351144,6.33630165818092,335.813995528619,91.4320336062312,0.001662690891,0.001656116,-6.57490459319687E-06,0.395199891323854,0
15.23431695,0.9568,-0.1553881427,15.265124455698,3.59377394135328,90.5832404805704,0,0,0,0,1
14.73521307,0.9568,-0.1553507106,14.7670614646782,3.71516513253118,90.6027674681403,0,0,0,0,1
9.06029663,-2.595377384,-0.1549717218,9.42597342578079,344.01531588012,90.9420380543878,0.001662687864,0.0016551872,-7.5006390307321E-06,0.450844127257041,0
12.40542762,-2.595393308,-0.1547048114,12.6749609244739,348.183341567694,90.6993436047438,0.001662624534,0.0016247486,-3.78759575675334E-05,2.27671309201391,0
10.53664864,0.9568,-0.1505910727,10.5810731248768,5.18861958512639,90.8154677793153,0,0,0,0,1
0.4535429998,0.9568,-0.144355805,1.06864685050992,64.6380800803776,97.7634076325095,0,0,0,0,1
14.05728108,0.9568,-0.1443261972,14.090544618762,3.89379562058679,90.5868777110929,0,0,0,0,1
14.37985013,1.01,-0.1442220299,14.415997702385,4.01769538305598,90.5732139837539,0,0,0,0,1
0.7760549504,1.01,-0.1441730811,1.28185301940363,52.462360711458,96.4578581135692,0,0,0,0,1
0.465891045,1.01,-0.1403191229,1.121090505741,65.2371509163417,97.1901726251672,0,0,0,0,1
14.06963722,1.01,-0.1402894814,14.1065400662601,4.10597939212272,90.5698156783545,0,0,0,0,1
14.36739803,0.9568,-0.1401642103,14.3999041107327,3.80999920617955,90.5577081934413,0,0,0,0,1
0.7636510752,0.9568,-0.1401344358,1.23217972096245,51.4055718776817,96.5303149871003,0,0,0,0,1
15.85089647,0.9568,-0.1332678858,15.880306844392,3.45432607333731,90.4808330911884,0,0,0,0,1
-1.216484405,0.9568,-0.1297940476,1.55310883147338,141.813930584118,94.793826803327,0,0,0,0,1
1.498166747,0.9568,-0.1193761587,1.78163422426786,32.5642223059344,93.8419099647165,0,0,0,0,1
0.6082804397,0.9568,-0.1175931155,1.13986818278897,57.5540595063827,95.9213846126072,0,0,0,0,1
14.21201735,0.9568,-0.1175919609,14.2446737858741,3.8515294154742,90.4729907958684,0,0,0,0,1
14.22506296,1.01,-0.117587309,14.2613583852031,4.06126762507296,90.47241873366,0,0,0,0,1
0.6212794038,1.01,-0.1175856483,1.19160164579956,58.4031582723106,95.6630866686869,0,0,0,0,1
11.60819961,-2.597360714,-0.1171209778,11.8958101106093,347.387680960897,90.5641184650079,0.001662649796,0.0016582871,-4.36266384112459E-06,0.26223450702269,0
-0.8685100615,0.9568,-0.1136913226,1.29718991815434,132.230771170706,95.0281006966597,0,0,0,0,1
13.34221794,0.9568,-0.1063212572,13.3769036031583,4.10178553146028,90.4553986207406,0,0,0,0,1
11.8737659,-2.597845387,-0.1058269517,12.1550942672801,347.658798576808,90.4988455180222,0.001662643743,0.001606948,-5.56957677668027E-05,3.34781818530259,0
13.73128972,0.9568,-0.1022150878,13.7649639134562,3.98594278523802,90.4254676579213,0,0,0,0,1
13.12159418,-2.598029769,-0.10119941,13.3767048941735,348.800486749136,90.4334665704252,0.001662698458,0.0016359119,-2.6786583526905E-05,1.610062412338,0
17.16015781,-1.556549129,-0.1004903008,17.230901298413,354.817046424763,90.3341498309895,0,0,0,0,1
14.97828678,0.9568,-0.09800841382,15.009135443226,3.65503870481621,90.3741393631738,0,0,0,0,1
12.01472278,-2.598227713,-0.09598306559,12.2928256913426,347.797482016006,90.4473731737567,0.001662561321,0.001606948,-5.56133457668027E-05,3.34302950331716,0
12.26946032,-2.598235173,-0.09578093512,12.541915983844,348.043431323642,90.4375644592165,0.00166257727,0.0016578512,-4.72611322136635E-06,0.284093399603034,0
0.3112653796,0.9568,-0.09132240712,1.01029310528169,71.9793000173073,95.1861585442019,0,0,0,0,1
2.293693977,0.9568,-0.08626870998,2.4867530216022,22.6431499703737,91.9880643229271,0,0,0,0,1
12.68799221,-2.598780568,-0.07962134313,12.9516464713918,348.424658733941,90.3522328737117,0.001662614872,0.0015686394,-9.39754538897485E-05,5.64887074956063,0
12.90084026,-2.598883163,-0.07619911894,13.1602309787742,348.610168353913,90.3317504320339,0.001662640367,0.0016272549,-3.53854851039214E-05,2.12699125398906,0
0.9407397373,0.9568,-0.07617084437,1.34397153647959,45.4849243897428,93.2490329038018,0,0,0,0,1
12.54207743,-2.599082462,-0.06906775585,12.8087355449041,348.292364737506,90.3089540005108,0.001662574825,0.0016400595,-2.2515305440855E-05,1.35342907950383,0
1.514752747,-2.599083776,-0.06901830343,3.00906561666887,300.233742926053,91.3142964691332,0.001662694383,0.001425234,-0.000237460364175005,14.2730760289527,0
14.4676669,0.9568,-0.06351525315,14.4994098485676,3.78367078903818,90.250987289622,0,0,0,0,1
15.08,-2.59928503,-0.06096995147,15.3024965284154,350.220231064593,90.2282849816389,0.0009012735682,0.0009472001,4.59265429134886E-05,5.09009069223986,0
2.736183197,0.9568,-0.06011894657,2.89927215267588,19.2739246468375,91.1881633114806,0,0,0,0,1
13.01637208,0.9568,-0.05666552832,13.051613668321,4.20410404950201,90.2487589580263,0,0,0,0,1
12.15349874,-2.599410175,-0.05537815712,12.4284967563001,347.927380390536,90.255295973563,0.001662570052,0.0015422837,-0.000120286364259436,7.23061611471205,0
-0.1104297139,0.9568,-0.04590637917,0.964244967505942,96.5837006195977,92.7288049117798,0,0,0,0,1
17.66131219,-0.3080406789,-0.04402634193,17.6640532056288,359.00077405017,90.1428056269058,0,0,0,0,1
11.41908092,-2.599692627,-0.03997804402,11.711336774954,347.174518787777,90.1955863526231,0.001662649098,0.0016554194,-7.22974087900927E-06,0.434571261914589,0
7.758877881,0.9568,-0.0389915971,7.81774728146897,7.03004025959081,90.2857681544726,0,0,0,0,1
0.1363878049,0.9568,-0.03891553356,0.967255029492067,81.8873812371313,92.3058011925963,0,0,0,0,1
0.4427996883,0.9568,-0.0333602466,1.05482259646435,65.165663012112,91.812361740834,0,0,0,0,1
13.93162008,0.9568,-0.03250555244,13.9644749598543,3.92880753886124,90.1333693284417,0,0,0,0,1
-1.3822096,-2.201994694,-0.02675801349,2.60000000038889,237.883180602709,90.5896724253219,0,0,0,0,1
14.32952406,-2.599913748,-0.02117783336,14.5634906455762,349.716265627966,90.0833179989562,0.001662682858,0.0016515668,-1.1116033124228E-05,0.668158181156664,0
1.073598729,0.9568,-0.01730649615,1.43818635291794,41.7076874572365,90.6894886177471,0,0,0,0,1
14.61824953,0.9568,-0.01457298555,14.6495357582844,3.74480666317345,90.0569963934973,0,0,0,0,1
14.32591937,0.9568,-0.01025499631,14.357838876401,3.82099788523135,90.0409231544177,0,0,0,0,1
2.33501402,-2.599983618,-0.00922954791,3.49460877238348,311.926629495688,90.1513230210522,0.001662694034,0.0014881184,-0.000174575601537785,10.4932516418331,0
4.880076598,-2.599993318,-0.005894424669,5.5294798670611,331.952328559273,90.0610773035211,0.001662692172,0.0014881184,-0.000174573739537785,10.4931514661106,0
-0.6103729941,0.9568,-0.005050174892,1.13492155508345,122.535091856889,90.2549556493392,0,0,0,0,1
11.74649988,-2.599995871,-0.004633470831,12.030804604394,347.519251199965,90.0220665481991,0.00166264805,0.0015778417,-8.4806349945295E-05,5.09761364161698,0
1.257146543,0.9568,-0.00301879368,1.5798394803562,37.2743521905221,90.1094821622648,0,0,0,0,1
14.13543382,0.9568,0.0001991458509,14.1677787800085,3.87233307381689,89.999194636157,0,0,0,0,1
7.100193706,-2.599990316,0.007096279484,7.56126647217239,339.887985348695,89.9462276688884,0.001662690309,0.001648171,-1.45193190619196E-05,0.872717655646309,0
13.392175,-2.59997434,0.01155116899,13.6422267694386,349.01319591342,89.9514864162694,0.001662673312,0.0016172857,-4.5387656188571E-05,2.72815918012219,0
13.8325023,-2.599958173,0.01474777158,14.0747333856674,349.354881736048,89.9399643886513,0.001662692288,0.0016515668,-1.11254631242281E-05,0.668721205506247,0
13.52973426,0.9568,0.01522020998,13.5635322479437,4.04512658026118,89.9357059826135,0,0,0,0,1
12.40448006,-2.599934043,0.01851951417,12.674033515787,348.1623719544,89.9162783989129,0.001662526396,0.0015844703,-7.80561239357911E-05,4.6922083186344,0
0.741248278,0.9568,0.03198204322,1.21075930751182,52.2344827775216,88.4863636828387,0,0,0,0,1
3.963142841,-2.599754587,0.03572233619,4.73988408888867,326.735803647571,89.5681838551827,0.001662693569,0.0014881184,-0.000174575136537785,10.4932266248235,0
15.46412845,0.9568,0.04143776242,15.4937552596604,3.54050394919761,89.8467633127189,0,0,0,0,1
11.91046558,-2.599642448,0.04311775223,12.1909470645379,347.687413379566,89.7973520545612,0.001662591589,0.0015465134,-0.000116078183371498,6.977564934749,0
16.88056238,0.9568,0.04315691813,16.9077117027898,3.24408668107037,89.8537524181765,0,0,0,0,1
11.1640367,-2.599590271,0.04615651536,11.4627970164326,346.892027796476,89.7692901069564,0.001662653987,0.0016606565,-1.99745379598094E-06,0.120064256846032,0
1.68968558,0.9568,0.05207691694,1.9424766676946,29.5211074685292,88.463742113483,0,0,0,0,1
-0.3524940456,0.9568,0.05660285423,1.02123561203595,110.224267971981,86.8227043785363,0,0,0,0,1
17.49677459,0.9568,0.06110934807,17.5230226172796,3.13006574939175,89.800187735487,0,0,0,0,1
3.83913852,0.9568,0.07372085713,3.95725733059196,13.9943129927977,88.9325590988793,0,0,0,0,1
12.06487802,-2.598823503,0.0782074257,12.3418508190084,347.843994539263,89.6369275991138,0.001662522904,0.0015804432,-8.20796707484283E-05,4.93408720439405,0
0.5417710187,0.9568,0.08162708736,1.10256294971948,60.4800615495773,85.7542827558605,0,0,0,0,1
11.55951118,-2.598648786,0.08381220924,11.8483036220356,347.330190519983,89.5946992866476,0.001662627794,0.0016586647,-3.96312695243972E-06,0.238221972891595,0
12.24438259,-2.598520908,0.08768745227,12.5173841120617,348.018370495716,89.598625241569,0.001662509982,0.0015403384,-0.000122171594287164,7.34420566207121,0
1.992554332,0.9568,0.08844219406,2.21213946840205,25.6497438592971,87.7086818135603,0,0,0,0,1
14.8542164,0.9568,0.08859702186,14.8852631999005,3.68548375463928,89.658973755834,0,0,0,0,1
14.48164135,0.9568,0.08933331394,14.5134896861854,3.78003022442994,89.6473312559795,0,0,0,0,1
13.74738535,0.9568,0.09193098445,13.780947772461,3.98129100431601,89.6177841633813,0,0,0,0,1
0.9058197298,0.9568,0.09330270194,1.32086373902998,46.5678053939619,85.9493878360416,0,0,0,0,1
10.82007108,-2.598035538,0.1010512006,11.1280698316512,346.498166043299,89.4797042999465,0.001662665163,0.0016551872,-7.47793803073217E-06,0.449485761741119,0
0.3083086545,0.9568,0.1041801147,1.0106304778397,72.1395569784162,84.083195098754,0,0,0,0,1
6.469889983,-2.597890483,0.1047140842,6.97276676744716,338.122788075935,89.1395236899876,0.001662690309,0.001648171,-1.45193190619196E-05,0.872717655646309,0
11.95332255,0.9568,0.1081013085,11.9920420328332,4.57646552554883,89.4835047603425,0,0,0,0,1
12.56820269,-2.597714691,0.1089879961,12.8343180128924,348.322011176908,89.5134430016306,0.001662566909,0.0015591709,-0.00010339601467522,6.2153204728852,0
12.67462252,0.9568,0.1115670975,12.7111749843095,4.31703759407537,89.4971034617541,0,0,0,0,1
13.05151653,-2.596908933,0.1267438167,13.3079706843016,348.746618004439,89.4543123264798,0.001662610914,0.0015327891,-0.000129821827076997,7.80361717902247,0
-1.826162955,0.9568,0.1304145633,2.0657553912637,152.348154295694,86.380415337144,0,0,0,0,1
6.122129666,0.9568,0.1324421812,6.19786082601717,8.88264378894667,88.7755524262987,0,0,0,0,1
1.095896263,0.9568,0.1344902147,1.46100735012094,41.1234089121019,84.7182701402761,0,0,0,0,1
12.78353662,-2.596457594,0.1356759528,13.0452600018738,348.518862132414,89.4040900965889,0.001662574592,0.0015630722,-9.95023874101563E-05,5.98123990884782,0
3.11116605,-2.596353618,0.1376513342,4.0545473471377,320.154073264284,88.0544421711593,0.001662694034,0.0014881184,-0.000174575601537785,10.4932516418331,0
1.474115994,0.9568,0.1480141549,1.763630458406,32.9862706917143,85.1857410959178,0,0,0,0,1
15.13260416,0.9568,0.1566797543,15.1636316048847,3.61786531097278,89.4079750395938,0,0,0,0,1
14.66978919,0.9568,0.1623571343,14.7018550175853,3.73168720035943,89.3672521156967,0,0,0,0,1
11.39188171,0.9568,0.1661400824,11.4331989251308,4.80098370559563,89.1673843309561,0,0,0,0,1
14.29135876,0.9568,0.1702089867,14.3243629019298,3.83021068394015,89.3191678996959,0,0,0,0,1
-0.8952014221,0.9568,0.1703909274,1.32131937633189,133.095013373741,82.5907818662097,0,0,0,0,1
13.99990311,0.9568,0.1771433379,14.033678530291,3.90970477382064,89.2767516260775,0,0,0,0,1
10.40583603,-2.593857827,0.1786101143,10.7257365007195,346.003154365871,89.0458390658843,0.001662679831,0.0016551872,-7.49260603073211E-06,0.450363458829003,0
0.04142839925,0.9568,0.1798981426,0.974446455160748,87.5207036876054,79.3612706135394,0,0,0,0,1
-2.585176241,-0.2107476759,0.1801366765,2.60000000041319,184.660536957094,86.0271744797484,0,0,0,0,1
-1.950009889,-1.709366694,0.1884859121,2.60000000015663,221.237606186619,85.8427195949008,0,0,0,0,1
11.75142735,-2.59277978,0.1936311191,12.0356156784848,347.557866146274,89.0781755711369,0.001662554569,0.0016577502,-4.80434430539037E-06,0.288799922462319,0
1.266235607,0.9568,0.1937699004,1.59886385497192,37.0756268756065,83.039084576686,0,0,0,0,1
11.33108208,-2.592221712,0.2009641701,11.6255503571025,347.114138134836,89.0095116394766,0.001662628376,0.0016608887,-1.73971064425802E-06,0.104573273055185,0
13.26230538,0.9568,0.2139693071,13.2984958960312,4.12641588668419,89.0780861717637,0,0,0,0,1
12.3848364,-2.590886238,0.2175051823,12.6548082821254,348.184224000316,89.0151772868663,0.001662547584,0.0015591709,-0.00010337668967522,6.21423100063367,0
-2.4066687,0.9568,0.2290841067,2.59999999990427,158.319112025958,84.9451558142744,0,0,0,0,1
16.24016531,0.9568,0.2307212002,16.2699621329722,3.37172092345077,89.1874723489868,0,0,0,0,1
3.241561066,0.9568,0.2393071582,3.38828161470867,16.444831031786,85.9499484604324,0,0,0,0,1
-0.2050036313,0.9568,0.2406004731,1.00766131041245,102.093329154359,76.1859746466101,0,0,0,0,1
13.58515079,0.9568,0.2469162573,13.6210409244359,4.02868014905522,88.9613103398049,0,0,0,0,1
11.9447722,-2.588078954,0.2486912263,12.2244665694692,347.774671254398,88.834309813526,0.001662512426,0.0015590081,-0.000103504280295134,6.22203229007527,0
0.7233884056,0.9568,0.2541292574,1.22610713431706,52.9089055109962,78.0378700262284,0,0,0,0,1
0.9554943576,0.9568,0.2671423815,1.37833260115218,45.0391193893094,78.8244565456728,0,0,0,0,1
12.94243303,0.9568,0.2677399566,12.9805132279273,4.22803489818847,88.8181162636311,0,0,0,0,1
9.936885333,-2.585764296,0.2717038968,10.2714015656674,345.414042343652,88.484208552249,0.001662685536,0.0016652911,2.60560758127124E-06,0.156616591590735,0
12.16889627,-2.585680745,0.2724978606,12.4435540111784,348.004045439686,88.7451956674823,0.001662540482,0.0015551439,-0.000107396626487858,6.45590700376222,0
13.80477384,0.9568,0.2735172627,13.8405945936778,3.96479308209831,88.8676494432848,0,0,0,0,1
14.51145642,0.9568,0.2770831184,14.5456044468445,3.77228626533156,88.9084913163175,0,0,0,0,1
-0.5200293473,0.9568,0.2803971186,1.12450847314391,118.524475265175,75.5608991473296,0,0,0,0,1
17.47336593,-0.9758799837,0.2818825612,17.5028659494547,356.803376167616,89.0772151619283,0,0,0,0,1
6.775002756,0.9568,0.2860767831,6.84820914616635,8.0384388424738,87.6058319911346,0,0,0,0,1
0.4381777326,0.9568,0.2908296118,1.09180942863039,65.3940353061466,74.5513896977453,0,0,0,0,1
1.718353762,0.9568,0.3061047079,1.99045371299563,29.1095853192583,81.1535818657092,0,0,0,0,1
-2.199722268E-15,-2.580846173,0.3150127488,2.60000000011448,270,83.0410179858083,0.000820098503,0.00078516797,-3.49305337023823E-05,4.25412220029127,0
16.13484353,-2.355293369,0.3160668883,16.3089080219835,351.694873993423,88.889537392236,0,0,0,0,1
14.15890591,0.9568,0.3164416201,14.194725009917,3.86593315073407,88.7226049557655,0,0,0,0,1
15.73690901,0.9568,0.3226956774,15.7692708750034,3.47928561641169,88.8274415994519,0,0,0,0,1
12.31385821,0.9568,0.3265991686,12.3552918732386,4.44301641043438,88.4852697857297,0,0,0,0,1
11.0466326,-2.579118926,0.3288549274,11.3484841189081,346.858248756006,88.3394577457994,0.001662631403,0.0016606565,-1.97486979598097E-06,0.118708374488467,0
8.581358861,-2.578366705,0.334701564,8.9665890897074,343.276507788151,87.8607870841851,0.001662690309,0.0016551872,-7.50308403073209E-06,0.45099042713316,0
15.37893026,0.9568,0.3374962879,15.4123608161206,3.56006778547487,88.7452500717297,0,0,0,0,1
17.63858967,0.3147168972,0.3384851097,17.644644072395,1.02219265429159,88.9008019753283,0,0,0,0,1
11.54935868,-2.57704835,0.3447053828,11.838398790312,347.421448830009,88.3314504071838,0.00166257692,0.0016414417,-2.11352013248039E-05,1.27046733281223,0
12.59540043,-2.576819745,0.3464101638,12.8609529970314,348.437739188139,88.4565497536869,0.001662631519,0.0014429694,-0.000219662091555959,13.2037707297104,0
14.35021655,0.9568,0.3467399246,14.3862576734607,3.81454744950321,88.618914056705,0,0,0,0,1
2.339677986,0.9568,0.3514088687,2.55206730145857,22.2418699242922,82.085467833519,0,0,0,0,1
16.78132866,-1.933203777,0.3580557947,16.8961082024963,353.428512076457,88.7857190879618,0,0,0,0,1
1.136230496,0.9568,0.3582990771,1.52802624607404,40.1001498548682,76.4387388235949,0,0,0,0,1
0.1892316897,0.9568,0.3616236511,1.04021465929952,78.8126668931354,69.6567639487445,0,0,0,0,1
13.6561439,-2.573461163,0.3705369673,13.9014483496905,349.327930039101,88.4726254029277,0.00166264805,0.0015719914,-9.06566855283857E-05,5.44927068729385,0
9.360794729,-2.573359267,0.3712439683,9.71516741798761,344.628638602721,87.8100333535127,0.001662683673,0.0016551872,-7.49644803073215E-06,0.450593352113287,0
14.78825204,0.9568,0.3713606811,14.823824519807,3.70187758316735,88.5644982601561,0,0,0,0,1
12.89726757,-2.571228228,0.3857271041,13.156728726073,348.725207044275,88.3199697408565,0.001662661554,0.0014532134,-0.000209448160311798,12.589589499632,0
8.860272569,0.9568,0.3894190222,8.92028830317861,6.16335291370604,87.4979329362789,0,0,0,0,1
14.65848322,-2.5696674,0.395991734,14.8872808232746,350.056943540657,88.475790732705,0.001662704162,0.001582635,-8.00691774843927E-05,4.81270524611411,0
15.51601899,-2.532186115,0.3973926546,15.7263070280651,350.731144251808,88.5520220540188,0,0,0,0,1
-2.394435638,-0.9310817889,0.3997057367,2.59999999963396,201.248684157204,81.1566796054868,0,0,0,0,1
13.24188056,-2.566868253,0.4137479566,13.4947175133515,349.029574276519,88.2430364085141,0.001662651193,0.0015032331,-0.000159418093643706,9.58242294505458,0
14.14462011,-2.56683644,0.4139452756,14.3815951151852,349.714417728035,88.3506284885391,0.001662681811,0.0015382499,-0.000124431914160739,7.47930964551124,0
-1.220301002,0.9568,0.4154133618,1.60535635814737,141.901110967177,75.003082956905,0,0,0,0,1
1.417007606,0.9568,0.4378746764,1.76496771293252,34.0282342955526,75.6353544746284,0,0,0,0,1
0.9376622914,-2.562492792,0.4400348765,2.76391218643101,290.098483498022,80.8391144372192,0.001662694733,0.0014146086,-0.000248086173428793,14.9117604634981,0
-0.04611258408,0.9568,0.441257857,1.05465686684095,92.759211655302,65.2670186470062,0,0,0,0,1
13.70940445,0.9568,0.4428085546,13.7498842187746,3.99228526210408,88.1544972686841,0,0,0,0,1
11.79795658,-2.561852442,0.4437477512,12.0810504288676,347.748771150375,87.895001435033,0.001662580529,0.0016590846,-3.49595188660996E-06,0.210146237327713,0
10.69164494,-2.560387128,0.4521258165,11.0032391377358,346.532684477004,87.6450392480202,0.001662642229,0.0016606565,-1.98569579598087E-06,0.119358342879674,0
0.8901009412,0.9568,0.45347768,1.38325266375428,47.0682833518136,70.8626205871948,0,0,0,0,1
13.96384231,0.9568,0.4636219309,14.0042601944322,3.91976992232958,88.1028319808631,0,0,0,0,1
12.32765635,-2.557445919,0.4684766483,12.5988535622217,348.279897590215,87.869018483008,0.001662683906,0.0014429694,-0.000219714478555959,13.2065038174361,0
14.2232219,0.9568,0.4738693987,14.2632415552589,3.84850443841253,88.0961050347245,0,0,0,0,1
1.995426275,0.9568,0.4810280146,2.2646368825466,25.6175568274927,77.736468859827,0,0,0,0,1
0.6148887254,0.9568,0.4918031687,1.23912256914617,57.2731212996777,66.6157056800488,0,0,0,0,1
0.3643281237,0.9568,0.4929010601,1.13628899350758,69.1542814842464,64.292220550573,0,0,0,0,1
12.69217602,0.9568,0.4932635824,12.7377434157069,4.31108958071354,87.7806909068723,0,0,0,0,1
12.04615976,-2.552743962,0.4934554328,12.3235532604493,348.035256239228,87.7051688186574,0.00166266819,0.0014490463,-0.000213621882756593,12.8404139744112,0
11.27740332,-2.548433616,0.5152534392,11.5732374746098,347.266347769869,87.4482845523336,0.001662616967,0.0016606565,-1.96043379598098E-06,0.117841656755655,0
7.721206087,-2.547558302,0.5195639518,8.14720954928895,341.740052551613,86.3436516374893,0.001662690891,0.001648171,-1.45199010619197E-05,0.87275233280818,0
13.44526489,0.9568,0.5240433508,13.4894490486374,4.07045477816422,87.7735910709505,0,0,0,0,1
-0.7755474303,0.9568,0.5378019867,1.3439386271491,129.026972367058,66.4112835287452,0,0,0,0,1
14.48935958,0.9568,0.5387064007,14.5309054041616,3.77802250105776,87.8753782335336,0,0,0,0,1
-2.513855995,0.3838350561,0.5414782401,2.59999999969049,171.318685146445,77.9795462650914,0,0,0,0,1
11.90874941,0.9568,0.5440610023,11.9595058896427,4.59352156363684,87.3926045520499,0,0,0,0,1
-0.3438327004,0.9568,0.5511586363,1.1564873575757,109.766251214471,61.537732507407,0,0,0,0,1
17.16509554,-1.448876627,0.5595829903,17.2352221192716,355.175197177643,88.1394275645874,0,0,0,0,1
2.478300032,-2.538846997,0.5605853418,3.59193138133625,314.308587700807,81.0212613159629,0.001662694616,0.0014881184,-0.000174576183537785,10.4932829534254,0
1.789594364,-2.537024478,0.5687765814,3.15636626347146,305.198800612934,79.6186019756184,0.001662694616,0.0014943382,-0.000168356462138537,10.1194330088844,0
15.10378228,0.9568,0.5732430198,15.1449104639609,3.6247507347851,87.8308057149579,0,0,0,0,1
13.06668916,0.9568,0.5765653243,13.1143531833349,4.18797263811405,87.4802103848033,0,0,0,0,1
6.079018184,-2.529751929,0.6002959078,6.61169131770406,337.405616354945,84.7907651926964,0.001662690891,0.001648171,-1.45199010619197E-05,0.87275233280818,0
10.22203727,-2.52756729,0.6094289069,10.5475137329758,346.111256731903,86.687640048984,0.001662670053,0.0016551872,-7.48282803073215E-06,0.449778369048526,0
0.1604351787,0.9568,0.6218136254,1.15232715462997,80.481257433557,57.3425300270394,0,0,0,0,1
5.306152648,0.9568,0.6280001229,5.42817707137855,10.2216750315176,83.3564230723134,0,0,0,0,1
6.929369408,-2.519929836,0.6402762057,7.40109183772738,340.015731291602,85.0370783822655,0.001662690425,0.001648171,-1.45194350619196E-05,0.872724567247515,0
1.161297279,0.9568,0.6426323845,1.63617052651029,39.485320642119,66.8732733347456,0,0,0,0,1
11.56994232,-2.51858858,0.645532001,11.8584807326971,347.719226772774,86.8794863855003,0.001662673778,0.0015934246,-6.92491886268287E-05,4.16242592403405,0
15.08,-2.515578395,0.6571646204,15.3024965283347,350.529378522725,87.5386798903639,0.0008751106216,0.0009405322,6.54215691252073E-05,7.46727268364022,0
1.729820555,0.9568,0.6836266739,2.09167177677763,28.9479008046359,70.9233561554301,0,0,0,0,1
10.94034671,-2.507870376,0.6859928391,11.2450516287442,347.089070565661,86.502558175347,0.001662644325,0.0016606565,-1.98779179598095E-06,0.119484180970049,0
14.77949671,0.9568,0.6889822433,14.8264522314842,3.70406446116795,87.3365174947726,0,0,0,0,1
12.58110188,-2.506424044,0.6912586419,12.8469500082036,348.732971652478,86.9155839266738,0.00166271138,0.0013845521,-0.000278159277464037,16.7192026698788,0
-0.6988742486,-2.404781196,0.6990008471,2.60000000004575,253.795150475019,74.4043627974201,0,0,0,0,1
2.820900848,0.9568,0.7120074717,3.06266264449804,18.7360333420204,76.5568827249638,0,0,0,0,1
0.4526012328,0.9568,0.716034538,1.27789654336372,64.684146256283,55.9218772411487,0,0,0,0,1
13.04208776,-2.497207355,0.7238476545,13.2987237410337,349.160600179443,86.8798568925389,0.001662702998,0.0013846922,-0.000278010847831879,16.7103652614731,0
11.84748117,-2.496933497,0.7247917705,12.1294191976586,348.098714469352,86.5742578507469,0.001662732568,0.0014992744,-0.000163458171662431,9.82478643541414,0
14.15097237,0.9568,0.7274543544,14.2019250488882,3.86809395306699,87.0638971953886,0,0,0,0,1
10.81754542,0.9568,0.7427946652,10.8851503925491,5.05459504566198,86.0871373154191,0,0,0,0,1
0.8207359167,0.9568,0.7434468647,1.46348451498253,49.3772531540741,59.4694462391552,0,0,0,0,1
5.286681619,-2.489823697,0.7488510922,5.89143467596004,334.781368117671,82.6974679087761,0.001662691939,0.0015659217,-9.67702365777983E-05,5.81659586786026,0
13.45818093,-2.485852695,0.7619293801,13.7070286330085,349.534881150919,86.8134705237172,0.001662686933,0.0014691887,-0.000193498213943453,11.6306866457461,0
12.17234699,-2.48454682,0.7661769386,12.4469285868835,348.463597249674,86.4708984527356,0.001662743161,0.0014198975,-0.000242845620527552,14.5963407225421,0
-0.1295887101,0.9568,0.7690742082,1.23439645637204,97.7131886590565,51.4617740324705,0,0,0,0,1
9.862274483,0.9568,0.7720989953,9.93861464574295,5.54127486192698,85.5443857648865,0,0,0,0,1
16.04377247,0.9568,0.7735444558,16.090881651862,3.41289740141792,87.2445312408885,0,0,0,0,1
-2.031484425,-1.424847024,0.7764547577,2.60000000030273,215.045136344704,72.6242767359454,0,0,0,0,1
13.74656826,0.9568,0.7764735989,13.8016852745101,3.98152688943105,86.7748748557416,0,0,0,0,1
12.37186179,0.9568,0.784898621,12.4336035096874,4.42226883082157,86.3806710739029,0,0,0,0,1
1.437158557,0.9568,0.7861037255,1.89706352692874,33.6540142983065,65.5197702116214,0,0,0,0,1
4.447672719,-2.478299473,0.7861499347,5.15187272873057,330.872895285818,81.2226602706503,0.001662693103,0.0014881184,-0.000174574670537785,10.4932015539999,0
16.64583846,0.9568,0.7880490244,16.6919269571033,3.28973195761756,87.2939808929663,0,0,0,0,1
17.53279976,-0.3496188808,0.7883780726,17.553997857224,358.857625017135,87.4258892093016,0,0,0,0,1
9.713876451,-2.476684919,0.7912217211,10.0558140249925,345.696406352375,85.4871308404228,0.00166269124,0.0016652911,2.59990358127127E-06,0.156273202548765,0
4.287459012,0.9568,0.7952845437,4.46433069171944,12.5801352650802,79.7384480903064,0,0,0,0,1
15.49567153,0.9568,0.796487012,15.5456004697772,3.53331515525076,87.063134743457,0,0,0,0,1
17.36098756,0.9568,0.8010177984,17.4057744674527,3.15449795894023,87.3623032652507,0,0,0,0,1
13.89828606,-2.471109168,0.8084673636,14.1393902062207,349.918192136032,86.7221326512211,0.001662701368,0.0015985802,-6.4121209684401E-05,3.85412976858242,0
3.615393327,-2.461288535,0.8378894609,4.45320883297941,325.753737569631,79.1549213674385,0.001662694034,0.0014881184,-0.000174575601537785,10.4932516418331,0
-1.576448335,0.9568,0.8574408105,2.03368147369129,148.745015166162,65.0630919648326,0,0,0,0,1
10.52510859,-2.454109655,0.8586884183,10.8414902494896,346.875007575982,85.4571920627748,0.001662643394,0.0016606565,-1.98686079598098E-06,0.119428286323059,0
-1.504696167,-1.936197484,0.8643082477,2.59999999982205,232.14779822665,70.5838947339968,0,0,0,0,1
11.27786882,-2.444702357,0.8851160304,11.5736910760017,347.769228504823,85.6139335817305,0.001662690309,0.0017565077,9.38173615068351E-05,5.63911209912776,0
-2.431324851,-0.2540781017,0.8854963498,2.59999999968515,185.965864496777,70.0880583207093,0,0,0,0,1
17.29526889,-1.033111153,0.8861518543,17.3487437510828,356.581570539246,87.0721300659408,0,0,0,0,1
13.30147129,0.9568,0.8875270625,13.3653398387532,4.11430752527321,86.1924647856695,0,0,0,0,1
-0.5385528312,0.9568,0.8916093628,1.41438065874296,119.373801142155,50.9212056409252,0,0,0,0,1
14.49278113,-2.442278764,0.89178161,14.7241537917499,350.434562601935,86.5277045378806,0.001662720344,0.0015725311,-9.0189278096396E-05,5.42093978844777,0
3.481961336,0.9568,0.8942850315,3.72011649050992,15.3649397105234,76.090341562287,0,0,0,0,1
11.47365196,0.9568,0.8986243544,11.5484925972844,4.76692636397229,85.5371246184857,0,0,0,0,1
14.50080993,0.9568,0.8997727125,14.5601698410474,3.77504787114066,86.457043540865,0,0,0,0,1
6.215348206,0.9568,0.9027110971,6.35302344452269,8.75149857489112,81.8311052879219,0,0,0,0,1
16.38200381,-2.057067916,0.9128294821,16.5358651090677,352.842899660917,86.835492037332,0,0,0,0,1
-2.238355444,0.9568,0.9133995112,2.60000000014324,156.85539043738,69.4326912152804,0,0,0,0,1
9.026817338,-2.433358886,0.9158408873,9.39379748837195,344.913392092674,84.405105758597,0.001662686933,0.0016551872,-7.49970803073214E-06,0.450788419502008,0
-1.031961465,0.9568,0.9262259305,1.68472703414397,137.164355171482,56.6482129286108,0,0,0,0,1
0.2177039048,0.9568,0.9439284025,1.36156603189539,77.1815358348741,46.1107432290207,0,0,0,0,1
2.855353196,-2.421097227,0.947780681,3.8617407830888,319.704883571352,75.7928505219984,0.001662694616,0.0014881184,-0.000174576183537785,10.4932829534254,0
7.10207625,0.9568,0.9566968283,7.22981480551842,7.67275718232042,82.3959414766903,0,0,0,0,1
12.7838894,-2.410872064,0.9734967342,13.0456057042939,349.320205487326,85.7204631302074,0.001662648981,0.0014455621,-0.000217086867923552,13.0488384510694,0
2.193441366,0.9568,0.977661497,2.58504802059773,23.5672878893405,67.7778567348489,0,0,0,0,1
11.61181204,-2.402828532,0.9931842954,11.8993352272768,348.308810725276,85.2122074876793,0.001662688446,0.0015217377,-0.00014095078199335,8.47218614351966,0
12.8489636,0.9568,0.9935142018,12.9227861664311,4.25867887229987,85.5907034174392,0,0,0,0,1
11.98737673,-2.393285945,1.015963771,12.2660996598538,348.709322646615,85.2489217401484,0.001662677736,0.0014498096,-0.000212868093491374,12.7950316870367,0
14.94966048,0.9568,1.02017752,15.0149451174351,3.66201851501006,86.1040861354563,0,0,0,0,1
17.43601434,0.3759191872,1.033383383,17.4706551827987,1.23510144647469,86.6089945905301,0,0,0,0,1
15.78324849,-2.277955938,1.037476892,15.9804998186537,351.787357393702,86.2776581454661,0,0,0,0,1
8.271426077,-2.379636829,1.047534515,8.67043766746092,343.949808525809,83.0607553645931,0.001662690309,0.0016551872,-7.50308403073209E-06,0.45099042713316,0
1.107186938,0.9568,1.057804077,1.80562416382691,40.8326591625516,54.1377546226782,0,0,0,0,1
13.16821716,-2.372403277,1.063815159,13.4224417739157,349.787074106002,85.4541719354838,0.001662632101,0.0014691887,-0.000193443381943453,11.627774062978,0
2.135491637,-2.366376989,1.077153631,3.36456899625229,312.064068943869,71.3282395825831,0.001662694965,0.0015149745,-0.000147720449114885,8.87905849464931,0
0.6456815872,0.9568,1.083865069,1.58339333074492,55.9871674281306,46.8020973754522,0,0,0,0,1
1.224441819,-2.36234207,1.085974192,2.87389244222848,297.398470559702,67.7978378597443,0.001662695198,0.0014045977,-0.000258097541198657,15.5135112194185,0
12.3646588,-2.358072581,1.095213999,12.6350618218229,349.202737395382,85.0273304667661,0.001662634546,0.0014198975,-0.000242737005527552,14.5907649075443,0
10.03694626,-2.353527839,1.104946475,10.3682346726765,346.803336645912,83.8823508799861,0.001662609633,0.0017143135,5.17038861872715E-05,3.10793380620389,0
9.074738693,0.9568,1.111746937,9.192514881041,6.01877447015227,83.0536179664921,0,0,0,0,1
1.614250319,0.9568,1.114922762,2.18273294234941,30.6561110638068,59.283393891574,0,0,0,0,1
10.88828344,-2.348273333,1.116070049,11.1944055791512,347.829446665259,84.278167278483,0.001662754803,0.0017192848,5.65299996752471E-05,3.39773622731637,0
8.163138787,0.9568,1.117322083,8.29461932417536,6.68512542938134,82.2584703384478,0,0,0,0,1
-7.803724964E-15,-2.347575174,1.117537831,2.60000000024948,270,64.5437202547198,0.0008360098,0.0007638362,-7.21735996509672E-05,8.62279027688411,0
11.98945662,0.9568,1.120897511,12.0796915321968,4.5627312058877,84.6757565300769,0,0,0,0,1
14.0780938,0.9568,1.130517084,14.1557853953362,3.88805679426889,85.4193349898151,0,0,0,0,1
-2.14936724,-0.9158377646,1.140816223,2.59999999963706,203.078682075998,63.9742225909004,0,0,0,0,1
13.5845429,-2.333571083,1.146492914,13.831117301332,350.252787073466,85.2451661092196,0.00166266528,0.001513337,-0.000149328262031703,8.9758597373447,0
16.85834291,-1.504781887,1.154611613,16.9647051897599,354.899275517422,86.0974534574915,0,0,0,0,1
7.468694476,-2.318736292,1.176206619,7.90831190446167,342.752483814434,81.4466397903186,0.001662690425,0.001648171,-1.45194350619196E-05,0.872724567247515,0
15.81362632,0.9568,1.193660066,15.887450015083,3.46244757589426,85.6911781670089,0,0,0,0,1
13.61102413,0.9568,1.213572816,13.6984744802907,4.02104713315492,84.9173991675841,0,0,0,0,1
-0.176611806,0.9568,1.214977453,1.55654366508523,100.458276397735,38.6880210308524,0,0,0,0,1
-1.824737654,-1.376276926,1.239433063,2.60000000011981,217.024795079757,61.5295778480372,0,0,0,0,1
-2.250117679,0.3826316721,1.245216221,2.6000000005546,170.34919115356,61.3845027416874,0,0,0,0,1
6.684061876,-2.277124903,1.254871379,7.17193719743088,341.187060054753,79.9231077629823,0.001662690658,0.001648171,-1.45196680619198E-05,0.872738450029798,0
13.26277128,0.9568,1.258147479,13.356627693565,4.12627143296442,84.5949251674599,0,0,0,0,1
14.00148433,-2.26037584,1.284796118,14.240841388279,350.829389587601,84.8237872180342,0.001662665512,0.0015985802,-6.4085353684401E-05,3.85205759343775,0
11.30823269,-2.256393827,1.291776643,11.6032808536684,348.715660268708,83.6080926397169,0.001662664581,0.0016122852,-5.03794289223251E-05,3.028220321433,0
12.78139609,-2.251095762,1.300987268,13.0431624236862,350.011344179147,84.2755264650839,0.001662595896,0.0014388227,-0.000223773182319435,13.4511742219058,0
14.5853273,0.9568,1.322887004,14.676418797291,3.75323536626928,84.828516673152,0,0,0,0,1
12.47906988,0.9568,1.326282733,12.5857728089211,4.38442575458851,83.9509670726407,0,0,0,0,1
9.440771279,-2.234800187,1.328784454,9.79225011646448,346.68220372341,82.2010416357793,0.001662693569,0.0016707605,8.06688281602247E-06,0.484877922613553,0
16.30994272,0.9568,1.331004878,16.3921100458404,3.3573290500172,85.3425757421241,0,0,0,0,1
15.394315,0.9568,1.333418865,15.4815505175923,3.55651906856554,85.0590188825259,0,0,0,0,1
10.40201367,-2.227237659,1.341421787,10.7220281845914,347.91453972816,82.8129519192407,0.001662679599,0.0017192848,5.66052036752472E-05,3.4024101581381,0
15.08,-2.223792466,1.347125483,15.302496528305,351.611260288047,84.9495398845246,0.0008204761543,0.0009310298,0.000110553635781084,13.4579239095856,0
-1.301682114,0.9568,1.363987966,2.11430975434072,143.682294730007,49.8251686643466,0,0,0,0,1
11.12062626,0.9568,1.373556705,11.2459082637398,4.91752233117074,82.9844709199019,0,0,0,0,1
10.5233825,0.9568,1.39486386,10.6584562986035,5.19512476909023,82.4801759220225,0,0,0,0,1
0.2896975857,0.9568,1.397437726,1.71820345978247,73.1548644543478,35.5790753940375,0,0,0,0,1
11.92405075,-2.189387532,1.402348828,12.2042200197,349.595748129833,83.4017460209238,0.001662603463,0.001475865,-0.000186738441652,11.2249370601365,0
13.22267209,-2.176454755,1.422337759,13.475869441372,350.652914876649,83.9413168094532,0.001662567724,0.0015513361,-0.000111231580834173,6.68632717679326,0
17.12356628,-0.7485270686,1.422513304,17.1988476072683,357.497007614958,85.2556575490449,0,0,0,0,1
9.52892513,0.9568,1.427587655,9.68265908136055,5.73385461142794,81.5215413633024,0,0,0,0,1
11.61392656,0.9568,1.444788768,11.7424942395222,4.70961133562173,82.9324556695168,0,0,0,0,1
4.937559859,-2.154564218,1.455284519,5.58027753449012,336.425365512071,74.883014983984,0.00166269287,0.0015601015,-0.000102591351592536,6.16648381696412,0
5.787378304,-2.147696835,1.465400391,6.34458411833446,339.640103502286,76.6458897170368,0.001662691589,0.001648171,-1.45205990619197E-05,0.872793921537324,0
-0.7570334465,-2.006306051,1.470250452,2.60000000019329,249.3271545502,55.5643044810926,0,0,0,0,1
14.98530059,0.9568,1.473921028,15.0879800904374,3.65333261272502,84.3939247601495,0,0,0,0,1
0.7788229913,0.9568,1.476593169,1.92415146974321,50.8548504128835,39.8790492805274,0,0,0,0,1
16.98788965,0.9568,1.484752788,17.0794716499677,3.22363432751303,85.0128678234643,0,0,0,0,1
12.9536884,0.9568,1.49116667,13.0742910875509,4.2243744928038,83.4509733713328,0,0,0,0,1
4.114582767,-2.128230594,1.493530896,4.86721597476807,332.650144782128,72.1301834364635,0.001662693685,0.0014881184,-0.000174575252537784,10.4932328656272,0
10.00810882,0.9568,1.493900919,10.1641255575062,5.46102123055448,81.5481733675316,0,0,0,0,1
-0.7485377727,0.9568,1.50129402,1.9312324488902,128.037302872234,38.9790392230632,0,0,0,0,1
17.19431828,0.02040054011,1.513024128,17.2607716892348,0.0679796826243546,84.9711808499897,0,0,0,0,1
14.48675487,-2.111246547,1.517444568,14.7182222657032,351.708297020052,84.0823057909111,0.001662581228,0.0015869051,-7.56761294797806E-05,4.54898914498815,0
12.46077996,-2.108106892,1.521803315,12.7291412596915,350.39765888624,83.133711169466,0.001662570168,0.00146183,-0.000200740177851456,12.0668296241927,0
8.792676633,-2.104714488,1.526491705,9.16903279380847,346.538331256039,80.4165812737723,0.001662693452,0.0016551872,-7.50622703073211E-06,0.451178492150014,0
3.293592472,-2.104147573,1.527273056,4.19615912092957,327.427080179185,68.6558351879968,0.001662694616,0.0014881184,-0.000174576183537785,10.4932829534254,0
-1.872207823,0.9568,1.52950045,2.59999999981781,152.930497220193,53.9657042088338,0,0,0,0,1
13.60159711,-2.094041111,1.541100848,13.8478678481933,351.247715864502,83.6104343419816,0.001662573661,0.0015926594,-6.99142695371972E-05,4.20265547455053,0
-2.079815501,-0.2222261581,1.544339023,2.6000000002893,186.098856042864,53.5602931861465,0,0,0,0,1
10.8228515,-2.086203552,1.551694151,11.1307733149893,349.089531434158,81.9865371559876,0.001662742579,0.0017143135,5.15709401872717E-05,3.09969467862442,0
1.28909525,0.9568,1.558852443,2.23768937581149,36.5837648610741,45.842361352763,0,0,0,0,1
14.29257646,0.9568,1.564261292,14.4097231581525,3.82988532858371,83.7679204713636,0,0,0,0,1
16.16893151,-1.761777755,1.571740219,16.3403970070836,353.781544922001,84.4803344761185,0,0,0,0,1
13.89460591,0.9568,1.574057481,14.0161762470261,3.93924067555076,83.5519142486354,0,0,0,0,1
2.567583162,-2.058546582,1.588202119,3.65410499231288,321.279284676423,64.2379259554005,0.001662694965,0.0014881184,-0.000174576532537785,10.4933017296103,0
15.53078215,-2.003927845,1.594072974,15.7404570977199,352.647780470027,84.1875576398981,0,0,0,0,1
11.56176678,-2.039115405,1.613074197,11.8505042540411,349.99777005145,82.1766912019653,0.001662624185,0.0016871829,2.45587434355044E-05,1.4762194284585,0
1.715888444,-2.036339601,1.616576949,3.11516823861758,310.118618973256,58.7390063404971,0.001662695315,0.001425234,-0.000237461296175006,14.2731240530665,0
9.917870305,-2.032655088,1.621207357,10.2530069437197,348.417691973203,80.9021981402613,0.001662745257,0.0017192848,5.65395456752472E-05,3.39832948808504,0
8.030228501,-2.028164084,1.626822193,8.44064984331998,345.825458277704,78.8874674183036,0.001662690076,0.0016551872,-7.50285103073216E-06,0.450976485282116,0
1.924093152,0.9568,1.628141324,2.69600535394308,26.4399285795043,52.849640139854,0,0,0,0,1
13.42640855,0.9568,1.628684367,13.5586328794176,4.07615215750525,83.1008808022037,0,0,0,0,1
12.87949114,-2.022628262,1.633699763,13.1393033311209,351.075018094507,82.8575378993966,0.0016625399,0.001467379,-0.000195160857121253,11.7316607266981,0
0.8271126447,-2.004264543,1.656177419,2.72839061143289,292.424783458589,52.625930789679,0.001662695431,0.0013983779,-0.000264317495597905,15.8873728131255,0
15.8307824,0.9568,1.672514599,15.9476155810208,3.45870437831115,83.9800047739788,0,0,0,0,1
3.76891392,0.9568,1.6771699,4.23474642096027,14.2445416689206,66.668544948897,0,0,0,0,1
4.654747399,0.9568,1.684013472,5.04163078401967,11.6155616183398,70.4869483824921,0,0,0,0,1
-1.303848462,-1.489195046,1.685905485,2.60000000023919,228.796585947611,49.5770273523646,0,0,0,0,1
5.555019478,0.9568,1.697586501,5.88689286205693,9.77277110894545,73.2397752611452,0,0,0,0,1
7.243414342,-1.956656172,1.712161389,7.69591133832111,344.883536893333,77.1454534347706,0.001662690309,0.0016557707,-6.9196104377355E-06,0.415919381167442,0
13.94494392,-1.954221203,1.714940084,14.1852550535374,352.022616184275,83.0561859863247,0.001662574592,0.00162839,-3.4184544300787E-05,2.05488497270743,0
6.425091011,0.9568,1.721143979,6.72008908691551,8.47002404686845,75.1600856570655,0,0,0,0,1
12.08917786,0.9568,1.728029462,12.2494805356086,4.52525110623799,81.8902552193855,0,0,0,0,1
11.16282074,-1.936563299,1.734855207,11.4616127518628,350.15809282191,81.2941222662099,0.001662684837,0.0016853457,2.26608248264319E-05,1.36208639535926,0
11.35144517,0.9568,1.740424326,11.5238817471392,4.81800558244407,81.3135172136195,0,0,0,0,1
-1.724423514,-0.8697323523,1.740669176,2.60000000010575,206.764605979632,47.9724281584299,0,0,0,0,1
13.24760022,-1.923065182,1.749805791,13.5003300548313,351.740450025588,82.5528238052261,0.001662518596,0.0015931447,-6.93738690605006E-05,4.17030920046899,0
7.273434671,0.9568,1.754817072,7.54305648324918,7.49406986671977,76.5474472117315,0,0,0,0,1
12.23539336,-1.914846605,1.758795747,12.5085910747085,351.105324326313,81.9170264632358,0.001662577386,0.0015716888,-9.08885849498138E-05,5.46344196036179,0
11.87123451,-1.88852072,1.787033713,12.1526214782113,350.960916235714,81.5440359833436,0.00166260777,0.0015778687,-8.47390615906309E-05,5.09369234255446,0
-0.1516610696,0.9568,1.787350712,2.03300021832737,99.0069420065561,28.4577210636135,0,0,0,0,1
10.42550004,-1.886382132,1.789291047,10.7448150790436,349.743908793438,80.4141057633347,0.001662651193,0.0017192848,5.66336096752473E-05,3.40417570182618,0
8.112127159,0.9568,1.797132269,8.36371673815335,6.7267795702233,77.5919559270263,0,0,0,0,1
-1.255657986E-14,-1.877916753,1.798173703,2.59999999949208,270,46.2426853519388,0.0008355257451,0.0007661432,-6.93825423183227E-05,8.29413113998406,0
16.62443712,-1.059437562,1.803415105,16.7554953237901,356.353601247362,83.8212138802118,0,0,0,0,1
11.65868649,0.9568,1.808927269,11.8369191421011,4.69161110446083,81.2095692962607,0,0,0,0,1
12.60981548,-1.854013302,1.822809556,12.8750707353818,351.635765383993,81.8609087571631,0.001662561321,0.0015792573,-8.33040106318793E-05,5.00757078084765,0
12.62125687,0.9568,1.840244879,12.7905469950744,4.33522160462644,81.7278393216143,0,0,0,0,1
15.29172769,0.9568,1.844591933,15.4322688346335,3.5803167608538,83.1351232391366,0,0,0,0,1
14.70675352,0.9568,1.849680471,14.8534636762888,3.7223342848078,82.8464683498028,0,0,0,0,1
8.964151906,0.9568,1.850165201,9.20296674474242,6.09247036549277,78.4022131429929,0,0,0,0,1
13.55021701,-1.803545375,1.872758415,13.7974048653626,352.418444785362,82.1990120137305,0.001662572497,0.001583177,-7.93954827459664E-05,4.77258928535691,0
6.458504138,-1.80283847,1.873438937,6.962203365325,344.403360173108,74.3900502931506,0.001662691007,0.001648171,-1.45200170619197E-05,0.87275924440455,0
2.923131881,0.9568,1.876918452,3.6031915171382,18.1243150730426,58.6070610211818,0,0,0,0,1
3.76821363,0.9568,1.879007802,4.31805170433318,14.2470811245241,64.2050489599158,0,0,0,0,1
0.4216973905,0.9568,1.879473168,2.15074738600015,66.2151258031865,29.0885033619014,0,0,0,0,1
0.9155014163,0.9568,1.884447021,2.30320421547962,46.2636057854491,35.0964893461592,0,0,0,0,1
4.652643951,0.9568,1.884643404,5.11022922529094,11.6206701822376,68.3584809803516,0,0,0,0,1
11.56209385,-1.78729578,1.888272702,11.8508233553003,351.212635966264,80.8315940588965,0.001662652357,0.0016707605,8.10809481602238E-06,0.487367134239716,0
5.551634611,0.9568,1.895141885,5.9437089311586,9.77861462973539,71.4067067184813,0,0,0,0,1
13.08407367,0.9568,1.900688192,13.255982258784,4.18242793361344,81.7563216637672,0,0,0,0,1
14.26240163,-1.769666209,1.904804848,14.4974515089952,352.926940467522,82.450138540424,0.001662631286,0.0016912436,2.86123252761497E-05,1.71987179592808,0
15.08,-1.767801226,1.906535818,15.3024965283435,353.313835667471,82.8429289713981,0.0008568696212,0.0009233046,6.64349645399702E-05,7.74417963967999,0
-1.731041418,0.3577515133,1.9067012,2.60000000041949,168.323168412896,42.8323087233405,0,0,0,0,1
9.738713951,0.9568,1.908057832,9.96988968593226,5.61113424739932,78.9665505046035,0,0,0,0,1
6.420724893,0.9568,1.913078105,6.76764672743933,8.47570006562319,73.5797815937673,0,0,0,0,1
10.85473411,-1.749916318,1.922964607,11.1617764087342,350.842011743435,80.0795186454918,0.001662696362,0.0016853457,2.26492998264317E-05,1.36138422513613,0
12.95468299,-1.748499607,1.924252874,13.213016739949,352.313214092069,81.6260564284068,0.001662575523,0.0015869051,-7.56704244797807E-05,4.54866180907259,0
7.268242717,0.9568,1.938761857,7.58298199730038,7.49936222644283,75.1865476312713,0,0,0,0,1
5.29332273,-1.728721374,1.942040785,5.89739480817272,341.913723357559,70.7734110990713,0.001662692172,0.001651596,-1.10961268784495E-05,0.666957930391075,0
9.388584015,-1.726200772,1.944281589,9.74194589439354,349.581857628925,78.4876962119204,0.001662780531,0.0016853457,2.25651308264317E-05,1.35625645366034,0
14.1994804,0.9568,1.945098013,14.3639867777077,3.85491974428118,82.2173870539493,0,0,0,0,1
12.43649558,-1.71515178,1.954035407,12.7053698219141,352.147712621465,81.1530235200156,0.001662606606,0.0015818957,-8.07108587779937E-05,4.85155916590498,0
16.74077805,-0.3971432064,1.960636008,16.8598774017375,358.641021205682,83.3219611795672,0,0,0,0,1
13.76129141,0.9568,1.962792007,13.9334547034712,3.97728074846765,81.9018646265884,0,0,0,0,1
10.38995912,0.9568,1.965088896,10.6173580105624,5.26146625670901,79.3340481250139,0,0,0,0,1
12.13470585,-1.699827035,1.967381014,12.4101203084091,352.025905962441,80.8783958353438,0.001662627794,0.0016575181,-5.1097014571132E-06,0.307142106878818,0
8.106289062,0.9568,1.971060098,8.39717014872443,6.73157971066138,76.4243459670141,0,0,0,0,1
4.542853029,-1.670714773,1.992162681,5.23426342892522,339.808106227704,67.6291231029578,0.001662693103,0.0015601015,-0.000102591584592536,6.16649695833571,0
12.35315744,0.9568,1.998592875,12.5503122852552,4.42893812236923,80.8368388853437,0,0,0,0,1
13.41840839,0.9568,2.000719416,13.6004422039278,4.07857419232067,81.5406935631665,0,0,0,0,1
8.600090522,-1.650512733,2.008931985,8.98451762693721,349.136002344238,77.0794734987317,0.001662694383,0.0016551872,-7.50715803073208E-06,0.451234199468478,0
-1.341994039,0.9568,2.010866917,2.59999999973012,144.512312465562,39.3388688541309,0,0,0,0,1
16.42122595,0.9568,2.011379309,16.5715954170269,3.33462864755359,83.0285289548793,0,0,0,0,1
8.957880492,0.9568,2.011646616,9.23069939152058,6.09670359280159,77.4125171398662,0,0,0,0,1
13.25715892,-1.645823464,2.012775478,13.5097099387673,352.923165616055,81.4317551579696,0.001662639901,0.0016665545,3.91458165373716E-06,0.235302222036399,0
15.62436814,-1.551301912,2.014230797,15.8298623841146,354.329837982084,82.6897258707804,0,0,0,0,1
13.81898624,-1.643329047,2.014812557,14.0614501634031,353.21833676326,81.7619473225917,0.001662659692,0.001656572,-6.08770677760074E-06,0.365922598646499,0
16.69387697,0.3003110578,2.01623768,16.8178752939599,1.03059944949615,83.114442723631,0,0,0,0,1
3.712542397,-1.63998075,2.017538882,4.53243544358603,336.167005429639,63.5681192113271,0.001662693918,0.0014881184,-0.000174575485537785,10.493245401032,0
10.94442929,0.9568,2.020010322,11.1703375251062,4.99629311332836,79.5814835517041,0,0,0,0,1
16.08782461,-1.273075065,2.030657389,16.2653739654134,355.475451437622,82.828171123606,0,0,0,0,1
11.27187296,-1.617440524,2.03565374,11.5678485477738,351.834169359867,79.864589923353,0.001662683906,0.0016715456,8.86165074642331E-06,0.532652309399891,0
11.84930099,-1.616079585,2.036734341,12.1311967238388,352.233572141559,80.3347053808568,0.001662657131,0.0016575181,-5.13903845711329E-06,0.30890009493869,0
-0.6219261919,-1.486867508,2.040204114,2.60000000024998,247.301441715336,38.3076243183925,0,0,0,0,1
10.06542483,-1.604130053,2.04615903,10.3958057413251,350.944903567164,78.6486195666217,0.001662673312,0.0017358221,7.31487528020506E-05,4.39682191656451,0
2.971119615,-1.60110687,2.048525517,3.9481073655106,331.680213205215,58.7440076773248,0.001662694616,0.0014881184,-0.000174576183537785,10.4932829534254,0
2.130933282,0.9568,2.048795053,3.10707323079656,24.1803254390284,48.7460922028137,0,0,0,0,1
2.922863906,0.9568,2.049188331,3.69564236214818,18.1258680866924,56.3245621040534,0,0,0,0,1
3.767249923,0.9568,2.050767862,4.39468850388234,14.2505772570166,62.1831398381478,0,0,0,0,1
4.651020516,0.9568,2.054795585,5.17393882611579,11.6246159880118,66.6002812180925,0,0,0,0,1
11.41921611,0.9568,2.055813656,11.6421790312243,4.78954502346613,79.8291941181485,0,0,0,0,1
9.732314418,0.9568,2.05645651,9.99311880987773,5.61480030844268,78.1244117929351,0,0,0,0,1
5.549417548,0.9568,2.062289405,5.99704418459841,9.78244584508525,69.8862951855482,0,0,0,0,1
12.72128859,-1.579256165,2.065417625,12.9842667636804,352.9233480617,80.8470340848239,0.001662646886,0.0016696791,7.03218389157202E-06,0.42269690465865,0
2.163297281,-1.566976447,2.074749338,3.38228548868456,324.082444717627,52.1630580762335,0.001662695431,0.0014881184,-0.000174576998537785,10.4933268003778,0
6.418105496,0.9568,2.075075431,6.81274411981877,8.47910894669775,72.2666625542229,0,0,0,0,1
11.81923717,0.9568,2.07677474,12.0383897113115,4.62815974022891,80.0660568055381,0,0,0,0,1
5.767484848,-1.554014752,2.084475509,6.32644303451505,344.920115713633,70.762408692984,0.001662691589,0.001648171,-1.45205990619197E-05,0.872793921537324,0
7.842824686,-1.550216331,2.087301925,8.26256007871282,348.819015514149,75.3672950601545,0.001662689028,0.0016551872,-7.50180303073222E-06,0.450913776822253,0
7.265304727,0.9568,2.093365176,7.62117423867596,7.50236032751138,74.0572031073291,0,0,0,0,1
1.374238657,-1.53517206,2.098391466,2.94083863630418,311.833923249831,44.4767298858862,0.001662695548,0.0015288829,-0.000133812660785578,8.04309784602356,0
10.3836229,0.9568,2.101580208,10.6372802040776,5.26465883549736,78.6052545879924,0,0,0,0,1
13.49757319,-1.527182135,2.104213565,13.7457077671541,353.544725271842,81.1944535348594,0.001662715222,0.0016665545,3.83926065373715E-06,0.230764292047642,0
12.33126463,-1.525208091,2.10564486,12.6023841939684,352.949108923538,80.3817351568248,0.001662665163,0.0016615451,-1.12003164447596E-06,0.0673231410614057,0
10.59462223,-1.522387981,2.10768471,10.9089880464629,351.822890780686,78.8600430708535,0.001662516035,0.0017166073,5.40912152732277E-05,3.25161971000945,0
0.5979788922,-1.519357102,2.109870611,2.66787907411039,291.483290738399,37.735739969185,0.001662696246,0.0015226632,-0.000140033080184826,8.41698600459699,0
12.52892729,-1.51914497,2.110023355,12.7958594489244,353.086577523148,80.5086376425468,0.001662667026,0.0016437535,-1.89135318639645E-05,1.13685801115136,0
8.103131958,0.9568,2.116230043,8.42939163662816,6.7341783544083,75.4601259353835,0,0,0,0,1
11.61509354,-1.500989013,2.122977151,11.9025374581962,352.636619937178,79.7255525264121,0.00166267599,0.0016657554,3.07941788471708E-06,0.185097212631955,0
13.0199127,-1.49514872,2.127094334,13.2769773185117,353.449103583724,80.7809590250461,0.001662686118,0.0016610852,-1.60094358101414E-06,0.0962287034611263,0
-1.457117252,-0.2671348328,2.136690969,2.60000000038025,190.388731130799,34.7341870713641,0,0,0,0,1
12.098641,-1.473717212,2.141998501,12.3748581424642,353.05510053308,80.0323116981817,0.001662675291,0.0016575181,-5.15719845711336E-06,0.309988282269522,0
8.954694158,0.9568,2.144739313,9.25753317164173,6.09885662584907,76.6042919165234,0,0,0,0,1
10.93827555,0.9568,2.146518784,11.1878899323238,4.99908972699637,78.9385950518799,0,0,0,0,1
-1.088954706,-0.9318014019,2.16931413,2.59999999979231,220.553083424505,33.4516185903159,0,0,0,0,1
14.57633754,-1.43105556,2.170732592,14.8064045629515,354.392862997244,81.569612639399,0.001662654802,0.0016711891,8.53429103098917E-06,0.512984485767689,0
14.08549508,-1.42419629,2.175239051,14.3234483156169,354.2263973331,81.2649437734423,0.001662678085,0.0016711891,8.51100803098918E-06,0.511577817110525,0
9.729269279,0.9568,2.176129684,10.0154723974898,5.61654643566925,77.4508641128545,0,0,0,0,1
11.41318293,0.9568,2.176841124,11.6582523610008,4.79206506145204,79.2385100611981,0,0,0,0,1
11.01850052,-1.413144032,2.182435324,11.3211021419233,352.691601917919,78.8851746434551,0.001662589726,0.0016853457,2.27559358264317E-05,1.3678814836845,0
13.22605658,-1.401809449,2.189732922,13.4791903561882,353.949895476223,80.6507026762452,0.001662711264,0.0016610852,-1.62608958101406E-06,0.0977386891704102,0
2.130903982,0.9568,2.193684002,3.20444496303715,24.1806198233891,46.7977807593204,0,0,0,0,1
1.390167858,0.9568,2.193708671,2.76774107290348,34.5381672353748,37.5709448492086,0,0,0,0,1
2.922547862,0.9568,2.193913618,3.77756657240169,18.1277000084526,54.4949781037442,0,0,0,0,1
3.766612932,0.9568,2.194899638,4.46323018008283,14.2528890530153,60.542765291041,0,0,0,0,1
11.8142079,0.9568,2.196072937,12.0546136764745,4.63012136840638,79.5034123760034,0,0,0,0,1
4.650064955,0.9568,2.197467156,5.2313891298027,11.6269397424873,65.161988416407,0,0,0,0,1
5.54817762,0.9568,2.20225183,6.04546559545311,9.78458981016433,68.6366226752322,0,0,0,0,1
11.89843931,-1.375413538,2.206408303,12.1791977573982,353.406095961183,79.5625473794,0.001662678202,0.0016520488,-1.06294176918645E-05,0.638910678704946,0
10.38083328,0.9568,2.207884949,10.6560744073592,5.26606564351397,78.0419796057148,0,0,0,0,1
12.1782404,0.9568,2.209649528,12.4140064651499,4.49229276300679,79.7469175222334,0,0,0,0,1
6.416688121,0.9568,2.210357181,6.85383334709714,8.48095465253851,71.185854122252,0,0,0,0,1
12.64077124,-1.364643646,2.213085565,12.9053902513868,353.838454992328,80.1258074178642,0.001662698225,0.0016573017,-5.3965485403895E-06,0.324370637613051,0
12.5239309,0.9568,2.217035016,12.7545895931678,4.36878154763451,79.9898561561618,0,0,0,0,1
12.82451466,-1.35593702,2.218430706,13.0854184596476,353.964535583613,80.2392412972268,0.001662702649,0.0016610852,-1.61747458101423E-06,0.0972213743836039,0
12.46529555,-1.355679645,2.218587997,12.7335616835648,353.793116820374,79.9660586997261,0.001662696479,0.0016560758,-6.62065587922717E-06,0.397948541864238,0
13.71247854,-1.351997685,2.220833686,13.9567928877331,354.369055790181,80.8440586595133,0.001662699855,0.0016610852,-1.61468058101411E-06,0.0970535987102141,0
12.86588538,0.9568,2.220950795,13.0911838763768,4.25309823652134,80.2323903800519,0,0,0,0,1
7.125960355,-1.350565943,2.221704668,7.58546709037988,349.268160355647,72.9689664504077,0.001662690309,0.0016554194,-7.27095187900918E-06,0.437037580833152,0
7.263755261,0.9568,2.221891909,7.65600485808263,7.50394245564701,73.1291369332498,0,0,0,0,1
13.21935412,0.9568,2.222723622,13.4390211656116,4.13977656716781,80.4799190703361,0,0,0,0,1
11.39363339,-1.336873713,2.229970555,11.686525652494,353.30779076588,78.9996187417833,0.001662674476,0.0016598233,-2.85112725429641E-06,0.17137530781571,0
12.27894887,-1.33538925,2.230859823,12.5511985623272,353.793227574485,79.761805799125,0.001662692172,0.0016560758,-6.61634887922724E-06,0.397690690055567,0
8.101503407,0.9568,2.236205423,8.45874922121984,6.73551961190248,74.6707180948985,0,0,0,0,1
16.20082315,-0.7014622371,2.238684031,16.369802265095,357.520759401283,82.1397726163374,0,0,0,0,1
10.93580236,0.9568,2.239852949,11.2037574380261,5.00021456681543,78.467730789962,0,0,0,0,1
8.953090962,0.9568,2.25390018,9.28188397014583,6.09994049202805,75.9464957266838,0,0,0,0,1
11.4109896,0.9568,2.261395002,11.6721916213871,4.79298186351582,78.8287496292392,0,0,0,0,1
13.42054186,-1.279556962,2.263345749,13.6700747552649,354.553701981118,80.4696877257788,0.001662694616,0.0016610852,-1.60944158101423E-06,0.0967390027914974,0
13.02458506,-1.278336659,2.2640352,13.2815592452753,354.394488559362,80.1851691471505,0.001662704162,0.0016610852,-1.61898758101425E-06,0.0973122276179202,0
12.09918633,-1.266714947,2.270557914,12.3753913007161,354.023236118413,79.4278455400278,0.001662682509,0.0016520488,-1.06337246918646E-05,0.639167908200001,0
9.727780947,0.9568,2.273297716,10.0355902117607,5.61740026091695,76.9075142897359,0,0,0,0,1
11.81239039,0.9568,2.274746188,12.067414933845,4.63083068246067,79.134555152672,0,0,0,0,1
11.69398087,-1.248632337,2.28055197,11.9795320688581,353.905298224874,79.025581074933,0.001662681461,0.0016520488,-1.06326766918644E-05,0.639105318002004,0
15.08,-1.245613994,2.282201958,15.3024965283168,355.278065348069,81.4229552556493,0.0008848875295,0.00090880477,2.39172368681209E-05,2.69980511878521,0
12.17687262,0.9568,2.283362141,12.4259983788289,4.49279529871359,79.4113381660524,0,0,0,0,1
-1.594746561E-14,-1.242740699,2.283767842,2.60000000021237,269.999999999999,28.5533723633767,0.0007654756773,0.00083598995,7.05142738560798E-05,9.19980580525067,0
9.800186487,-1.241071654,2.284675283,10.1392137357436,352.782620824814,76.9776796361492,0.001662747585,0.0017166073,5.38596652732276E-05,3.23724979430865,0
12.523208,0.9568,2.287484628,12.7663146904109,4.36903275836181,79.6779245828118,0,0,0,0,1
13.60153034,0.9568,2.288855317,13.8259159729871,4.02384458461722,80.4709187873731,0,0,0,0,1
12.86547879,0.9568,2.289233607,13.1025417855986,4.25323215470337,79.9378244677642,0,0,0,0,1
13.21925366,0.9568,2.289544487,13.4501355950554,4.13980791810963,80.1991196580842,0,0,0,0,1
10.3795198,0.9568,2.292945174,10.6727454335594,5.26672829236736,77.5937904135517,0,0,0,0,1
10.36681117,-1.225693713,2.292962041,10.6878797632642,353.257081637359,77.611544556742,0.00166266039,0.0016561727,-6.48770933146716E-06,0.389965967240896,0
9.155469281,-1.219807727,2.296098672,9.51749009759105,352.411022872586,76.039645920477,0.001662725233,0.0016853457,2.26204288264317E-05,1.35962527812618,0
12.56005139,-1.202640591,2.305136787,12.826335833641,354.53053219866,79.6466047770276,0.001662697759,0.0016573017,-5.39608254038963E-06,0.324342718573658,0
12.72459236,-1.195497422,2.308849478,12.9875036371983,354.632717791193,79.7598312573414,0.001662699622,0.0016610852,-1.61444758101418E-06,0.0970396073705532,0
12.88115659,-1.195442825,2.308877747,13.1409358530714,354.697821176795,79.880535812162,0.001662700786,0.0016610852,-1.61561158101408E-06,0.0971095039810891,0
13.19347875,-1.193104948,2.310086705,13.4472257930125,354.832716756214,80.1081430562604,0.001662690076,0.0016610852,-1.60490158101416E-06,0.0964663794156189,0
16.17488263,0.4678066163,2.311360854,16.3458881717065,1.65663490144351,81.8709486244529,0,0,0,0,1
10.93469801,0.9568,2.312856149,11.2175037497593,5.00071700301584,78.101253157169,0,0,0,0,1
10.83676271,-1.18444949,2.314536542,11.1443001588911,353.762377391977,78.0131071200152,0.001662532683,0.0017358221,7.32893818020505E-05,4.40564724402535,0
-0.698080582,0.9568,2.314566322,2.59999999959655,126.114463066936,27.099369653258,0,0,0,0,1
12.39769162,-1.184284337,2.314621051,12.6673895300182,354.543401348104,79.4716036877813,0.001662691589,0.0016560758,-6.61576587922719E-06,0.397655786863943,0
2.130872424,0.9568,2.315159186,3.28877569680327,24.1809369019716,45.2545952239523,0.0008328364929,0.00041675015,-0.000416086346358256,49.9002322279214,0
1.390201889,0.9568,2.315206425,2.86501454141867,34.5375121976808,36.0896919977919,0.0007381159812,0.0008625776,0.000124461599646846,16.839251594151,0
2.922407852,0.9568,2.315236934,3.84918899951522,18.1285116787161,53.0235333341859,0.0008326544194,0.0006343005,-0.000198353896893763,23.7932999907231,0
0.6948269708,0.9568,2.315246064,2.59973365870787,54.0128937137528,27.0549785409571,0.0006338739768,0.0006296707,-4.20329164282018E-06,0.662067086763632,0
3.76635164,0.9568,2.315683714,4.52363371410811,14.2538375579945,59.2090040143941,0.0008324955706,0.0006343005,-0.000198195048093763,23.7787764068249,0
4.649682164,0.9568,2.316883423,5.28232517571494,11.6278708792062,63.9847392172817,0.000832389982,0.0006946976,-0.000137692375622696,16.5219619381862,0
12.24189651,-1.17846754,2.317588026,12.5149522636981,354.501358841199,79.3280508051729,0.001662684488,0.0016560758,-6.60866487922716E-06,0.397230660434405,0
5.547686827,0.9568,2.319123131,6.08856530450389,9.78543869964977,67.6106740862647,0.0008323295624,0.0006159947,-0.000216334883589761,25.9603035042599,0
6.335862753,-1.173321757,2.320197417,6.8485879438141,349.508401983035,70.1971458994419,0.00166269124,0.001648171,-1.45202500619196E-05,0.872773127177107,0
15.7544141,0.9568,2.32157261,15.953267040258,3.47542918353548,81.6324145231392,0,0,0,0,1
6.41612174,0.9568,2.322900988,6.89042476357967,8.48169241699816,70.2984855171874,0.0008323164657,0.0006489884,-0.000183328054869502,21.9998118860526,0
11.93554249,-1.167281565,2.323242077,12.2154481919792,354.414305445469,79.0361943708878,0.001662682975,0.0016566849,-5.99806691542861E-06,0.360529440137392,0
11.41004884,0.9568,2.326308116,11.6840228612303,4.79337520421819,78.5155696781175,0,0,0,0,1
7.263133452,0.9568,2.328273331,7.68696497230261,7.50457755870457,72.3689800838178,0.0008322632639,0.0007094231,-0.000122840167049486,14.7420596072537,0
-1.098420743,0.360084121,2.328907748,2.60000000029682,161.849829368481,26.3971663661267,0,0,0,0,1
15.6304306,-1.014801105,2.329636209,15.8356366114662,356.285301949317,81.5403124536358,0,0,0,0,1
5.059304942,-1.152523702,2.330598446,5.68828326442302,347.166859408772,65.8128080581676,0.001662692288,0.001651596,-1.10962428784495E-05,0.666964856331022,0
11.81162349,0.9568,2.334613042,12.0780931344892,4.63113004323168,78.8549668045017,0,0,0,0,1
8.100859608,0.9568,2.334916361,8.48476440694681,6.73604998468136,74.026704597199,0.0008321381174,0.0007433557,-8.87823989586925E-05,10.6563842302353,0
8.406924423,-1.135127009,2.339120919,8.79979421658817,352.310265697847,74.5845897082896,0.001662709052,0.0016606565,-2.052518795981E-06,0.123370056411823,0
16.21058618,-0.09268816156,2.339483657,16.3787935812095,359.672400335356,81.7880051278638,0,0,0,0,1
14.02836569,0.9568,2.339698639,14.2542870706924,3.90179678104334,80.5527211926078,0,0,0,0,1
12.17630151,0.9568,2.339719464,12.435918617965,4.49300516330283,79.1556226895696,0,0,0,0,1
13.60192919,0.9568,2.340817044,13.8350051811792,4.02372698080467,80.2589679908079,0,0,0,0,1
12.5228809,0.9568,2.341880887,12.7758529407817,4.36914643643439,79.4376593435829,0,0,0,0,1
13.21939952,0.9568,2.341887389,13.4592877394063,4.13976239916929,79.9796544223548,0,0,0,0,1
13.90823643,-1.129262,2.341958013,14.1491710213736,355.35812281435,80.4726088031018,0.001662662718,0.0016610852,-1.57754358101419E-06,0.0948235218560802,0
11.22293408,-1.128707478,2.342225316,11.5201670719582,354.256987540991,78.2691085520631,0.001662543742,0.0016606565,-1.88720879598083E-06,0.113445096052114,0
14.26252225,-1.12870676,2.342225662,14.4975701734307,355.475159871338,80.7025513060239,0.001662657363,0.0016610852,-1.57218858101412E-06,0.0945019458922154,0
12.86538633,0.9568,2.342436917,13.1118512182787,4.25326260934509,79.7088431445213,0,0,0,0,1
8.952464857,0.9568,2.34311303,9.3033473506677,6.10036388449601,75.4125736590896,0.0008320929483,0.0007361783,-9.59146419029494E-05,11.5130781143535,0
13.58891536,-1.116544841,2.348047618,13.8354118355618,355.302794992288,80.2288741579638,0.001662673778,0.0016610852,-1.58860358101423E-06,0.0954876852674797,0
9.727211112,0.9568,2.352099626,10.0531823274049,5.61772723196225,76.4693390769555,0.0008321377099,0.00089689664,6.47589331984437E-05,7.77289665669036,0
13.00483051,-1.104545334,2.353716127,13.2621874739874,355.145321856939,79.7772386041122,0.00166269124,0.0016610852,-1.60606558101406E-06,0.0965362768282689,0
10.37903297,0.9568,2.361228712,10.6871508206219,5.26697393967561,77.2356974698242,0.0008321529604,0.0008949063,6.27533299411686E-05,7.53202988212878,0
11.53941838,-1.081423785,2.364428599,11.8287013890458,354.64612744767,78.4695254065615,0.001662657713,0.0016652927,2.63494398045484E-06,0.158382578331174,0
12.12672418,-1.078899177,2.365581655,12.4023158860916,354.915853813742,79.0041968910343,0.001662684255,0.0016566849,-5.9993469154287E-06,0.360606100430319,0
13.3399237,-1.078609192,2.36571389,13.5909368448326,355.377364471035,79.9757165413565,0.001662677154,0.0016610852,-1.59197958101418E-06,0.095690415486356,0
10.93432005,0.9568,2.370529571,11.2291687868167,5.0008889832165,77.8129055107814,0.0008322997601,0.00091355614,8.12563812131655E-05,9.75115859908736,0
4.130222676,-1.059506657,2.374330568,4.88044458586624,345.612420102057,60.889281752407,0.001662693452,0.0016537209,-8.97259442446418E-06,0.539317769970052,0
12.65708515,-1.054439372,2.376585284,12.9213700703795,355.237786657554,79.4014354155374,0.001662684139,0.0016642098,1.52562265682069E-06,0.0917014606953998,0
11.40974268,0.9568,2.376827386,11.6938874069598,4.79350322651743,78.2727011033314,0.0008323642542,0.0008741131,4.17488626790162E-05,5.00967763719283,0
12.47487239,-1.050473223,2.37834102,12.7429369121266,355.1866422307,79.2432403095105,0.001662690891,0.0016560758,-6.61506787922716E-06,0.397613998791027,0
11.8114021,0.9568,2.380717336,12.0868730795775,4.63121647039344,78.6403361133523,0.0008323366637,0.0008062257,-2.61109671213782E-05,3.13330353250581,0
14.51467769,0.9568,2.380907383,14.7397440497116,3.77145149111561,80.7042996286075,0.0007066105609,0.0007942617,8.76511330544677E-05,12.3869170272113,0
14.02883038,0.9568,2.381675949,14.2616944433982,3.90166793738433,80.3866718208617,0.0007449251716,0.000809266,6.43408275234541E-05,8.62564101241467,0
13.60224788,0.9568,2.382660329,13.8424594589385,4.02363301768156,80.088492485029,0.0008318818873,0.00076890236,-6.29795249757026E-05,7.56163940362142,0
12.17616463,0.9568,2.383052679,12.4440102622809,4.49305546521498,78.95954862859,0.0008323516813,0.0008324823,1.30618001773332E-07,0.0156738151136352,0
13.2195893,0.9568,2.383521245,13.4667806481743,4.13970317548689,79.8053608497569,0.0008320861962,0.00076890236,-6.31838338757026E-05,7.58430930243549,0
12.5228465,0.9568,2.383964728,12.7836003741869,4.36915839191568,79.2522080567353,0.0008322939393,0.0008004061,-3.18878446595066E-05,3.82672225916987,0
12.86545829,0.9568,2.384067773,13.1194230969958,4.25323890699281,79.5300114371385,0.0008321039495,0.0007913601,-4.07438492344077E-05,4.89060809984886,0
12.82726036,-1.035427686,2.384929665,13.0881094258552,355.385040636339,79.500840734771,0.001662688679,0.0016610852,-1.6035045810141E-06,0.0963824903814292,0
11.78245525,-1.034363244,2.385391515,12.0659128008877,354.982955575448,78.5976976628836,0.001662683557,0.001656917,-5.76651676370576E-06,0.346611393701823,0
-0.4455802527,-0.926301711,2.388184117,2.59999999963246,244.310982314397,23.2875436668641,0,0,0,0,1
12.30693156,-1.019629516,2.3917265,12.5785756118578,355.263860289052,79.0388778048839,0.001662687282,0.0016560758,-6.61145887922727E-06,0.397397933539488,0
3.390190636,-1.014930767,2.393724198,4.27239892172021,343.333731674588,55.9250866458293,0.001662694383,0.0015046129,-0.000158081529249413,9.50183704800147,0
13.14493478,-1.002787939,2.398836457,13.3996011272161,355.637525248497,79.6871439603921,0.001662679948,0.0016394872,-2.31927261629562E-05,1.39406177196746,0
14.65958293,-1.001784269,2.399255776,14.8883636334499,356.090685988951,80.7263630622074,0.001662648981,0.0016495911,-1.3057840550953E-05,0.784891566675565,0
2.579576233,-0.9899503585,2.4041627,3.66254195091661,339.004959551961,48.9726542511256,0.001662695315,0.0014822982,-0.000180397066552522,10.8431552896765,0
5.768425838,-0.9872002584,2.405293257,6.32730089776523,350.288562668285,67.65732115451,0.001662691589,0.001648171,-1.45205990619197E-05,0.872793921537324,0
11.99053196,-0.9743993483,2.410507397,12.269183211801,355.354121091238,78.6694809208039,0.001662687166,0.0016496687,-1.30184929466161E-05,0.782508467497314,0
1.786931315,-0.9623707836,2.415334858,3.15485713241097,331.694844799479,40.040270582006,0.00166269578,0.0014881184,-0.000174577347537785,10.4933455765443,0
-1.688164085E-14,0.9568,2.417547054,2.59999999967386,90.000000000001,21.5923248744147,0.000510524027,0.00088588026,0.000375356234193961,73.3799810725139,0
0.6944725324,0.9568,2.417547054,2.69115070119868,54.026792471744,26.0603123460048,0.001662695431,0.0018666482,0.000203952775487298,12.2590211938436,0
1.389928401,0.9568,2.417547054,2.9482030049185,34.5427769824328,34.9145071258055,0.001662697643,0.0018119945,0.000149296829518563,8.97379581841262,0
2.130658707,0.9568,2.417547054,3.3615036105914,24.1830844263798,44.0126664561595,0.001662697759,0.0016690423,6.34451908117857E-06,0.381350461455936,0
2.922231443,0.9568,2.417547054,3.91144942505485,18.1295344623927,51.8247142142772,0.001662695897,0.001530441,-0.000132254907118246,7.94946404308203,0
3.766205978,0.9568,2.417547054,4.57649510728756,14.2543663730983,58.1125102862627,0.001662692288,0.001586559,-7.61332922315722E-05,4.57616428114213,0
4.649558815,0.9568,2.417547054,5.32713780302784,11.6281709562144,63.0111398838255,0.001662689028,0.0014846942,-0.000177994835814002,10.6988044531362,0
5.547577609,0.9568,2.417547054,6.12663180925558,9.78562762604002,66.7591930420721,0.001662689727,0.0015451289,-0.000117560848793985,7.06627244768612,0
6.416020897,0.9568,2.417547054,6.92281186722886,8.48182378784219,69.560715248029,0.001662683557,0.0015451289,-0.000117554678793985,7.06592779013596,0
7.26304218,0.9568,2.417547054,7.71438796708872,7.50467079106431,71.7368614084613,0.001662679948,0.0015825594,-8.01205170282583E-05,4.81586119521218,0
8.100773118,0.9568,2.417547054,8.50779202305836,6.73612124297802,73.4915462458428,0.001662627445,0.0015825594,-8.00680140282584E-05,4.81285724570734,0
8.9523818,0.9568,2.417547054,9.32229263063949,6.10042005472684,74.9697092503251,0.001662753057,0.0015825594,-8.01936260282584E-05,4.82004379741665,0
9.7271336,0.9568,2.417547054,10.0686209617084,5.61777171124169,76.1071403365911,0.001662805793,0.0015825594,-8.02463620282583E-05,4.82306062197118,0
10.37896484,0.9568,2.417547054,10.6996687401181,5.26700831890128,76.9414890526829,0.001662610914,0.0015825594,-8.00514830282583E-05,4.81191138832949,0
10.93426702,0.9568,2.417547054,11.2391367668057,5.00091311398904,77.5785602510803,0.001662613009,0.0015992566,-6.33563612492648E-05,3.80835933035582,0
11.40969961,0.9568,2.417547054,11.702189760414,4.79352123699573,78.0774496849321,0.001662670169,0.0015825594,-8.01107380282583E-05,4.8153017058911,0
11.81137755,0.9568,2.417547054,12.0941572516215,4.63122605452423,78.4692511681634,0.001662666094,0.0015945171,-6.81489468314829E-05,4.09631157822243,0
12.17615389,0.9568,2.417547054,12.4506515311957,4.49305941209576,78.8037396304221,0.001662655035,0.0015713854,-9.12696122784948E-05,5.48608998610669,0
12.52284808,0.9568,2.417547054,12.7899071158888,4.36915784279626,79.1044073742125,0.00166265911,0.0016163585,-4.63005858116006E-05,2.78305727016399,0
12.86547164,0.9568,2.417547054,13.1255613410607,4.25323450976777,79.3863111515685,0.001662662486,0.0015733242,-8.93382825087892E-05,5.3699763780566,0
13.21961447,0.9568,2.417547054,13.4728692836284,4.13969532093967,79.6629632893489,0.001662653522,0.0015078054,-0.000154848094463632,9.30771295921505,0
13.60228653,0.9568,2.417547054,13.8485450081416,4.0236216223451,79.9463367261598,0.001662650146,0.0015588831,-0.000103767030350777,6.23731080721924,0
14.02888337,0.9568,2.417547054,14.2677807877528,3.90165324549355,80.2446807455682,0.001662659342,0.001654163,-8.4963390321656E-06,0.510701849691871,0
14.51474724,0.9568,2.417547054,14.745775240366,3.77143347168834,80.5638465198441,0.00166266493,0.0016533744,-9.29052442222127E-06,0.558437234246518,0
15.08,0.9568,2.417547054,15.3024965282892,3.63045195933699,80.910110000346,0.0006814453518,0.000993607,0.000312161631884003,45.7416306024584,0
12.57014058,-0.9429689435,2.422975356,12.836215727587,355.709902080593,79.1195206892176,0.0008582390146,0.0011599648,0.000301725813220659,35.1154693971992,0
12.98551488,-0.9332116537,2.426750092,13.2432472112517,355.88947193061,79.4412092343899,0.001662682858,0.0015705298,-9.21530878939228E-05,5.539101845691,0
12.71243692,-0.9267764979,2.429214961,12.9755944930776,355.830334714562,79.2097500735699,0.0008446857682,0.0011539734,0.000309287628667514,36.5724055314088,0
0.8847966258,-0.9243966035,2.430121585,2.746427692016,313.746098913929,27.7693930316289,0.001662695897,0.0015653017,-9.73942225818486E-05,5.85408804322179,0
13.45610521,-0.9228065548,2.43072583,13.7049906027257,356.07685399152,79.7839381779606,0.001662673429,0.0015806851,-8.19882847096719E-05,4.92814775306915,0
13.69620645,-0.9207690214,2.431498388,13.9408059710563,356.153904749482,79.9553304009363,0.001662668772,0.0015806851,-8.19836277096719E-05,4.92788162460453,0
11.08949088,-0.9182452308,2.432452609,11.3902066696141,355.266525069294,77.6691462119106,0.001662610681,0.0015718866,-9.07240903180299E-05,5.45344480858319,0
12.42866329,-0.9180184954,2.432538192,12.6977033824873,355.775632409582,78.9553981901553,0.0008322424837,0.0013005945,0.000468352052887596,56.2083741587306,0
13.27856112,-0.9155810113,2.43345668,13.5307126722603,356.055594614213,79.6391579171761,0.001662676223,0.0015806851,-8.1991078709672E-05,4.92830741800366,0
10.69101264,-0.9151034398,2.433636311,11.0026247445049,355.107659281918,77.2212458905765,0.0016627023,0.0016054906,-5.72117281807541E-05,3.4388200449536,0
12.15586611,-0.9093721379,2.435783717,12.430811754887,355.721710592344,78.6999338019126,0.001662690309,0.0014109798,-0.000251710531425461,15.1296506365273,0
7.685804139,-0.9036765095,2.437902534,8.11366657326854,353.294102526819,72.5142458224551,0.001662689145,0.0016228097,-3.98794657525611E-05,2.39705030668822,0
11.4180116,-0.8987426342,2.439725738,11.7102941422034,355.499373454098,77.9748949881451,0.001662600436,0.0015477964,-0.000114804017109643,6.90093694527277,0
14.02426428,-0.8973406987,2.440241724,14.2632390639847,356.338927888519,80.1490277001343,0.001662656898,0.0015806851,-8.19717537096721E-05,4.92720306742431,0
11.68399105,-0.8817831358,2.445906478,11.9697805683389,355.684106616708,78.2091265717796,0.001662665862,0.0015449998,-0.000117666088385891,7.07269957709161,0
11.86099769,-0.8793845593,2.44676987,12.1426218833521,355.759799597112,78.3751592939124,0.001662682509,0.001441192,-0.000221490510689613,13.3132679757958,0
10.20135568,-0.8708188179,2.449831542,10.5274715723983,355.120885787915,76.5434181363233,0.001662759692,0.0016272577,-3.55020161361976E-05,2.13384278432186,0
12.84632395,-0.8696826306,2.450235173,13.1067936319039,356.127045501993,79.2255126042623,0.0007957047783,0.0010201709,0.000224466086349117,28.1743115471304,0
14.32121726,-0.8546693111,2.455512242,14.5553173723581,356.584722326521,80.2876364727948,0.00166265259,0.0015806851,-8.19674457096719E-05,4.92695687803858,0
12.29847894,-0.8527254312,2.456187971,12.5703056544988,356.033696524567,78.7321398162589,0.0008004635456,0.00089587073,9.54071874748439E-05,11.9041206550972,0
-0.7841215729,-0.2989707001,2.460847391,2.60000000046095,200.870901263852,18.8301112736665,0,0,0,0,1
13.12994618,-0.8051248272,2.472200237,13.3848977093175,356.491031588094,79.3563158038546,0.001662677503,0.0015806851,-8.19923587096719E-05,4.92838056425121,0
13.39505769,0.777150995,2.481136097,13.6450566330556,3.32044945666934,79.5233929132206,0.001662655035,0.0016604261,-2.22888771787637E-06,0.133975353723278,0
12.95979352,-0.7745374355,2.481953243,13.2180273952078,356.579806406744,79.1773088259197,0.0008436809294,0.0009825999,0.000138918985605267,16.4463267454072,0
12.02184794,-0.7733116676,2.482335405,12.2997897498553,356.319489745471,78.3566309289446,0.001662679948,0.0010827406,-0.00057993934032856,34.8588285280313,0
13.33865103,-0.7716496378,2.48285256,13.5896876821484,356.689092134326,79.4728618947743,0.001662674127,0.0015812312,-8.14428784349818E-05,4.89536244588011,0
12.65744144,0.7626591151,2.485628909,12.921719073178,3.44812041593531,78.9094250028527,0.001662660739,0.0016503222,-1.23385103298797E-05,0.741648224342672,0
9.645622954,-0.7555697123,2.48779308,9.9898970049632,355.521001045103,75.5798265154126,0.001662724069,0.0017088157,4.60916201986729E-05,2.77038849515333,0
12.35930482,0.7538019661,2.488329278,12.6298224703882,3.49018313939007,78.6372417526568,0.001662658411,0.0016604261,-2.23226371787633E-06,0.134178008124549,0
13.53884796,-0.7509437844,2.48919333,13.7862396644423,356.825293527321,79.597831799584,0.001662670984,0.0015812312,-8.14397354349818E-05,4.89518277461175,0
12.19068211,-0.7501950659,2.48941912,12.4648598266886,356.478550164035,78.4797081819424,0.000736003276,0.0008311514,9.51481051349869E-05,12.9101332698807,0
12.93643607,0.7464733558,2.490537598,13.1951270623351,3.30248591228519,79.1203439024679,0.001662658993,0.0016503222,-1.23367643298797E-05,0.741544053305864,0
11.81935998,-0.7275600374,2.49612828,12.1019531619926,356.477509245634,78.0968313743692,0.001662648632,0.0011008595,-0.000561789143639416,33.768497315689,0
15.08,-0.7105216588,2.501031582,15.302496528403,357.302400058672,80.593409196407,0.0008709029644,0.00089230965,2.14066821878189E-05,2.45516795582292,0
11.57506787,0.7091583054,2.501418497,11.8634816219505,3.50590208929759,77.8278141591275,0.001662666094,0.0016898122,2.71460744789658E-05,1.63170209315847,0
11.59926227,-0.705291695,2.502511464,11.8870890133259,356.520421327031,77.8469681536001,0.001662630704,0.0015448465,-0.000117784249364738,7.0799516432066,0
12.08642616,0.698331699,2.504462585,12.3629162143333,3.30676941504515,78.3122092609359,0.001662660856,0.0016604261,-2.23470871787653E-06,0.134324775979254,0
13.7914295,-0.6969166341,2.504856723,14.034369513844,357.107156599717,79.7187532141174,0.001662667026,0.0015812312,-8.14357774349818E-05,4.89495651246873,0
13.64344194,0.6901628277,2.506726006,13.888970731053,2.89587771939659,79.602093384968,0.001662660623,0.0016387752,-2.38853972712497E-05,1.43571332644625,0
15.61432018,-0.4317359387,2.507609624,15.8202875015184,358.416175289779,80.8798134261249,0,0,0,0,1
11.3143954,-0.6869322398,2.507613227,11.609286940456,356.525659207185,77.5257616539963,0.001662553404,0.0015590948,-0.000103458645295695,6.21913579972424,0
11.27201552,0.6725280231,2.511514694,11.5679874603646,3.41441973975776,77.4607102628269,0.001662663417,0.0016898122,2.71487514789657E-05,1.63186562868117,0
6.935716258,-0.6543697491,2.516306864,7.40703449525087,354.610222381866,70.1402737224328,0.001662690891,0.0016339984,-2.86925351717744E-05,1.72463137996314,0
13.17222387,0.6522376506,2.516860355,13.4263726181284,2.83475042697597,79.1956164965121,0.001662660157,0.0016286713,-3.39888498832532E-05,2.04301640213249,0
13.04087869,-0.649317214,2.51761538,13.2975380072142,357.149545011541,79.0863465155298,0.0008611668018,0.0010360284,0.000174861575911773,20.2816410405392,0
10.98202778,-0.6391360276,2.520219264,11.2856073899948,356.669236582298,77.096322337263,0.001662729541,0.0015544586,-0.000108270906072131,6.507722764065,0
8.990845535,-0.6384410513,2.52039541,9.35923626333706,355.938237529466,74.3776811996163,0.001662714873,0.0016628343,1.19441629435526E-07,0.00717921269887727,0
13.41029466,-0.6287802047,2.522822914,13.6600147463043,357.315488839226,79.357133682578,0.00166266528,0.001611661,-5.10042304626393E-05,3.0657747730745,0
12.11740781,-0.6193827263,2.525146555,12.3932066923664,357.073866137803,78.2435200468054,0.0007770981756,0.0009264808,0.000149382627573035,19.1984292287853,0
14.0847183,-0.6156598412,2.526056801,14.3226844408546,357.497126361063,79.8417489584584,0.001662662718,0.001611661,-5.10016684626394E-05,3.06562549673241,0
15.65539412,0.1791335115,2.529196077,15.859391118936,0.655566139778102,80.8235033182943,0,0,0,0,1
13.21815106,-0.6007350567,2.529647681,13.4714333848821,357.39782707301,79.176822488585,0.00166266819,0.001611661,-5.10071404626394E-05,3.06594432527074,0
10.57906117,-0.5987006655,2.53012994,10.8938760429315,356.760915787369,76.5702778318216,0.001662674942,0.0015691987,-9.3476264683692E-05,5.61866157407641,0
11.96079964,-0.5747388313,2.535680436,12.2401277781705,357.248946526559,78.0439528234693,0.001662662253,0.00100543,-0.000657232245646575,39.505148623852,0
12.50782794,0.5727175345,2.536137738,12.7752009681678,2.62166969682181,78.5495518504923,0.001662659924,0.0016286713,-3.3988616883253E-05,2.04300268299623,0
11.85220656,0.5641686722,2.538053134,12.1340347923766,2.72523967024341,77.926394122488,0.001662661554,0.0016101764,-5.24851490618981E-05,3.15479725643153,0
12.74195904,0.5559478603,2.539866527,13.0045192212317,2.49830312301617,78.7373737028011,0.001662660623,0.0016286713,-3.3989315883253E-05,2.04304384039347,0
13.5870285,-0.5544854627,2.540186188,13.8335585970445,357.663060948835,79.4190267982779,0.001662657247,0.001611661,-5.09961974626393E-05,3.06530672436276,0
11.76269137,-0.5424086898,2.542792326,12.0466139751304,357.359810935713,77.8143833211051,0.001662643976,0.0012408878,-0.000421756180425037,25.3513483960126,0
13.37561618,0.5339763196,2.544576446,13.6259718256758,2.28612658679413,79.2371375053858,0.001662662718,0.0016286713,-3.39914108832531E-05,2.04316719461722,0
-0.466956441,0.2584401927,2.544633637,2.59999999952809,151.037369128119,11.8453435690672,0,0,0,0,1
12.27707445,0.5177260433,2.547932445,12.549364806676,2.41474076974492,78.2856358580362,0.001662659924,0.001589309,-7.33509654993762E-05,4.40901198864103,0
10.52008791,0.5148621452,2.548512698,10.8366161524046,2.80186910734864,76.3979988270528,0.001662644907,0.0016577668,-4.87815132969101E-06,0.293220705281852,0
13.08148432,-0.5051717795,2.550451231,13.3373622588171,357.788489829593,78.9756557162179,0.0008460977697,0.001117487,0.000271389202661803,32.0375300666788,0
-1.782448917E-14,-0.4943633034,2.5525683,2.60000000036797,269.999999999998,10.9609389114135,0.0007103342796,0.0008386954,0.000128361105427677,18.0451173391865,0
9.93584649,0.4934898397,2.552737311,10.2703965587364,2.84340838504744,75.6081005596323,0.001662721625,0.0017021003,3.93786463590861E-05,2.36690115505869,0
11.52304885,-0.4921248865,2.553000802,11.8127327404971,357.554505333856,77.5185925226003,0.001662562951,0.001484304,-0.000178258982972766,10.7154936857431,0
12.96125084,0.4881829716,2.553757503,13.219456242043,2.15701467979579,78.8614748057307,0.001662660739,0.0016286713,-3.3989431883253E-05,2.04305067051612,0
14.24351267,0.4825234475,2.554832895,14.478869195459,1.94025090232367,79.8368033626651,0.001662649331,0.0016450295,-1.76198085214195E-05,1.05910591812209,0
14.56031145,-0.4808155347,2.555154872,14.7906277594737,358.10864666033,80.0519607295543,0.001662632916,0.001611661,-5.09718664626394E-05,3.06388903299623,0
12.50699307,-0.9370237014,2.55577836,12.7998004709237,355.715405721349,78.4821450181621,0,0,0,0,1
13.87945092,0.475276241,2.556191013,14.1208766668677,1.9612221398462,79.5706990148017,0.001662656665,0.0016286713,-3.3985357883253E-05,2.04281079132713,0
12.08619435,-0.472431196,2.556718361,12.3626895891792,357.761533573518,78.0645695864199,0.0008285561344,0.00023613022,-0.000592425916727674,71.4148075291087,0
13.3855501,-0.4713877105,2.556910954,13.6357233574133,357.983096002987,79.1921667126509,0.001662643743,0.001611661,-5.09826934626393E-05,3.06451989358633,0
6.231380058,-0.4630630541,2.55843167,6.75204394456756,355.750077495644,67.7336833360425,0.001662691589,0.0016424364,-2.02552178151145E-05,1.21748633875642,0
11.21509717,-0.4610549141,2.558794319,11.5125324986861,357.645884502894,77.1580953683549,0.001662568306,0.0016148932,-4.76751014674363E-05,2.8658337199312,0
14.66751827,0.4588817888,2.55918493,14.8961771002769,1.79194709388122,80.1074238834482,0.001662649564,0.0016573975,-5.25207773052587E-06,0.315696156460861,0
10.12543963,-0.4500164619,2.560758713,10.4539240337282,357.455212998556,75.820725266531,0.001662703813,0.0016674704,4.76662540587142E-06,0.286506851076828,0
12.65312423,-0.9385839118,2.561397555,12.9438498899695,355.757681139737,78.5866759839676,0,0,0,0,1
10.97566958,0.4444252777,2.561734993,11.2794203189329,2.31874598009438,76.8726717137145,0.001662666444,0.0016287989,-3.38675456905309E-05,2.03571730455188,0
9.265283073,0.4348317912,2.563380837,9.62317361502729,2.68699390337372,74.5512792581175,0.001662805676,0.0017061452,4.33395621312848E-05,2.60484519054404,0
13.21702187,-0.426621516,2.564760044,13.4703254271481,358.15123794571,79.0238276589577,0.001662641182,0.001611661,-5.09801324626393E-05,3.06437067164639,0
13.57935696,0.4249177296,2.56504287,13.8260238481266,1.7922830307125,79.3083848071141,0.001662659808,0.0016286713,-3.39885008832531E-05,2.04299585286688,0
12.08784334,0.4240146864,2.565192302,12.3643017034083,2.00898492456236,78.0260102911547,0.001662659808,0.001589309,-7.33508494993763E-05,4.40900532348355,0
12.36564459,-0.8923482834,2.56598262,12.6605575861107,355.872490442832,78.3065514900612,0,0,0,0,1
4.578590038,-0.4180915837,2.566164342,5.26530974763935,354.782535048246,60.8320058701895,0.00166269287,0.0016426675,-2.00254144012879E-05,1.20367255052839,0
8.268134598,-0.416093497,2.566489081,8.66729771796161,357.11902298745,72.7757825884554,0.001662681927,0.0016504664,-1.22155761614581E-05,0.73424949584477,0
5.398405484,-0.4144996022,2.566746984,5.991893003866,355.609338396113,64.6358417036287,0.001662692055,0.0016458614,-1.68306286316442E-05,1.01164326541453,0
12.60569053,0.4134088457,2.566922891,12.8710307955569,1.8783656113261,78.4961292638693,0.001662655384,0.0016286713,-3.39840768832532E-05,2.04273536515379,0
13.83766785,-0.4066755834,2.567998242,14.0798100671839,358.316617375666,79.4910742076813,0.001662624185,0.001611661,-5.09631354626394E-05,3.06338029478932,0
15.08,0.4007050403,2.568936642,15.3024965283424,1.52210254988319,80.3355959275838,0.0009685559198,0.0010166189,4.80629969648554E-05,4.95721762750619,0
11.61109486,0.3997275318,2.569088924,11.8986353775135,1.97170545447108,77.5308104604833,0.001662660157,0.0016101764,-5.24837520618983E-05,3.15471593408475,0
12.79551945,-0.8968786946,2.569816942,13.0818067751953,355.990514098082,78.6710235313425,0,0,0,0,1
11.91921221,-0.3866119201,2.571095335,12.1994926003271,358.142203743518,77.8334411005312,0.001662698225,0.0010982949,-0.000564403366179264,33.9246239310776,0
13.14314751,0.3851963498,2.571307794,13.397847829745,1.67873101586531,78.9351767539674,0.00166266039,0.0016286713,-3.39890828832531E-05,2.0430301212649,0
11.71637257,-0.3680775586,2.573814079,12.0013910111058,358.200607172506,77.6161720815821,0.001662673312,0.0014521485,-0.000210524769260549,12.6542132846661,0
3.780267707,-0.3638568617,2.574414144,4.58807409892435,354.502125222786,55.8674052691274,0.001662693918,0.0016426675,-2.00264624012881E-05,1.20373478466296,0
1.042200467,0.3604852263,2.574888425,2.80110367765896,19.0799178769431,23.184675495223,0.001662695897,0.0017302341,6.75382323543578E-05,4.05952989823102,0
12.44725319,0.3583498623,2.575186474,12.7158999671926,1.6490598113956,78.3158123522984,0.001662656083,0.0016286713,-3.39847758832532E-05,2.04277652277566,0
13.07747155,-0.3548476222,2.575671407,13.3334264978241,358.445702329427,78.8619262067545,0.000825863739,0.00049104285,-0.000334820884735621,40.492873123273,0
12.15595866,-0.6993877446,2.575999523,12.4455714092774,356.707142645921,78.0544977182738,0,0,0,0,1
13.55725441,-0.3498943495,2.576348956,13.8043162502298,358.521601825843,79.2436114300388,0.001662619296,0.001611661,-5.09582464626394E-05,3.0630954200377,0
1.785285762,0.3481146027,2.576590038,3.15392537206157,11.0337105816801,35.2196605010472,0.001662697061,0.001676,1.33028952054872E-05,0.799598407506425,0
12.78310744,0.3458282651,2.576897905,13.0448394326768,1.5496754763563,78.6067672747876,0.001662655035,0.0016286713,-3.3983727883253E-05,2.04271481577027,0
8.554950333,0.3418972642,2.577422406,8.94131842617827,2.28859902537488,73.2462002744632,0.001662679366,0.0017061452,4.34658721312846E-05,2.61263516393727,0
2.980417653,-0.3401037049,2.577659689,3.95510927645448,353.489979837361,49.327906479698,0.001662695198,0.0016447923,-1.79029299473027E-05,1.07609434521568,0
2.558174529,0.3334253525,2.57853205,3.64750009176029,7.42591140291347,45.0142156893156,0.001662695431,0.0016825944,1.98989875256957E-05,1.19607153778952,0
12.90560159,-0.8271689335,2.579488139,13.1868313064056,356.332712538563,78.719586246004,0,0,0,0,1
2.185404609,-0.324899164,2.57962023,3.3964677685548,351.543902124936,40.5797844452425,0.001662695897,0.001447182,-0.00021551386472033,12.9539217539063,0
14.1339872,-0.3240455484,2.579727599,14.3711375392571,358.686627488021,79.658923062826,0.001662623603,0.001611661,-5.09625534626393E-05,3.06334638260355,0
12.10007893,-0.3226908737,2.579897407,12.376263981624,358.472369974606,77.9681577343916,0.0007938744966,0.001035368,0.000241493456991049,30.3813316471989,0
5.964442409,0.3189648748,2.580360713,6.50650238229633,3.0611326308773,66.6353337976123,0.001662690891,0.0016269425,-3.57483514123831E-05,2.14873758134816,0
3.350428208,0.3106621352,2.581373479,4.2409160776056,5.29749584760003,52.5056646214413,0.001662694616,0.0016074821,-5.52125272702609E-05,3.3186695887138,0
1.402405801,-0.304002757,2.582166208,2.95410596165391,347.769095476512,29.0620720235175,0.001662695897,0.0015731336,-8.95622653906197E-05,5.38333150620373,0
5.063272429,0.3011560573,2.582499764,5.69181233810287,3.40385921599471,63.0172724932618,0.001662691706,0.0016907996,2.81078972387018E-05,1.68948953326704,0
7.754364006,0.3001328394,2.58261888,8.17864054340128,2.21652807732283,71.5923298743797,0.001662652823,0.0016846366,2.19837531011838E-05,1.32141470848115,0
11.91367792,0.2986060641,2.582795853,12.1940855164004,1.43576870342434,77.7717165888773,0.001662660623,0.0016000725,-6.25881366739015E-05,3.76207357490011,0
11.33086217,0.2978490373,2.582883263,11.6253360172876,1.50576041742738,77.1630641019435,0.001662662486,0.0016164309,-4.62315514814244E-05,2.77890208323327,0
7.496480867,-0.297539699,2.582918916,7.93455892840986,357.72709012134,71.0024499003653,0.001662680996,0.001634108,-2.85729769386135E-05,1.71745526980904,0
13.36690892,-0.2969414516,2.582987761,13.6174246491299,358.727402558203,79.0657415389772,0.001662622904,0.001611661,-5.09618544626393E-05,3.06330565298825,0
12.26079973,0.2903835844,2.583733224,12.5334436615823,1.35673401266376,78.1033418191688,0.00166266039,0.0016286713,-3.39890828832531E-05,2.0430301212649,0
10.92485084,-0.2798084094,2.584899854,11.2299762189164,358.532855320111,76.6924149354803,0.001662652241,0.0016387441,-2.39080981621776E-05,1.43708508142343,0
-1.805051322E-14,0.279472157,2.58493623,2.59999999994324,90.0000000000037,6.17060433080047,0.000854894286,0.0010376504,0.000182756106390788,21.3526494311457,0
12.96075285,0.2679805727,2.586152821,13.2189679793732,1.18449665140167,78.7179138190812,0.001662658295,0.0016286713,-3.3986987883253E-05,2.04290676669592,0
4.165493298,0.2659886511,2.586358451,4.91032935914242,3.65367624911943,58.2160352729959,0.001662692288,0.0016865169,2.38246283793325E-05,1.43203334842486,0
13.36310258,0.2621980059,2.586745485,13.6136883526129,1.12405870063481,79.0465955124628,0.001662654686,0.0016286713,-3.39833788832531E-05,2.04269426637813,0
10.50867599,-0.2467331086,2.588266364,10.8255379109167,358.655000023867,76.1672249958978,0.001662621042,0.0016674704,4.84939640587137E-06,0.29149645763325,0
13.18170815,-0.2402011331,2.588880726,13.4356774949972,358.956054252169,78.8903623933354,0.001662629656,0.001611661,-5.09686064626394E-05,3.0636990798293,0
12.24468633,-0.809199278,2.588980763,12.5415297385442,356.219063245896,78.086624244989,0,0,0,0,1
12.09915594,0.2314895584,2.589674224,12.3753615891632,1.09608940659723,77.9209814288914,0.001662663417,0.001589309,-7.33544584993764E-05,4.40921268988728,0
0.6902200086,-0.2233979097,2.590384793,2.69005644218402,342.065209491001,15.6456248114798,0.001662696013,0.0016771245,1.44285152143355E-05,0.867256704445533,0
12.6063674,0.21768579,2.590871069,12.8716937122949,0.989280826664583,78.3879230505469,0.001662657363,0.0016286713,-3.39860558832531E-05,2.04285189000501,0
13.72929651,-0.2157942886,2.591029298,13.9733168094617,359.099510747583,79.3139753912089,0.001662600669,0.001611661,-5.09396194626392E-05,3.06201003713586,0
11.28581299,-0.2147527332,2.591115834,11.5814323314034,358.909875566951,77.0717811214513,0.00166265422,0.0016512366,-1.1417665392251E-05,0.686300389527516,0
13.67476813,0.2140956671,2.591170208,13.9197443730394,0.896964094517784,79.271771688823,0.00166264805,0.0016286713,-3.39767428832532E-05,2.04230353188303,0
13.02877139,-0.2121846112,2.591327401,13.2856646029202,359.066972035534,78.7525379216877,0.0007728728233,0.0008377699,6.48970599191527E-05,8.38601097818817,0
11.57743828,-0.2018466645,2.592153144,11.8657944160991,359.001178831456,77.3816415396606,0.001662670402,0.0016343402,-2.83302507868904E-05,1.70287640826169,0
12.00206016,-0.200723683,2.592240344,12.280449832243,359.041868838636,77.8139533540241,0.001662674942,0.001298348,-0.00036432698829302,21.8989286365666,0
11.81158115,-0.195859563,2.592612395,12.0943560912585,359.050008815248,77.6216961773735,0.001662672265,0.0016268055,-3.58667462461734E-05,2.15587811378063,0
6.867653463,0.1898854327,2.593056791,7.34334147965072,1.58378153335343,69.3219323151843,0.001662687166,0.0016269425,-3.5744626412383E-05,2.14851849211073,0
12.15806071,-0.1835212863,2.593514992,12.4329578260485,359.135207751415,77.9596787685971,0.0008000977687,0.0009293745,0.000129276711920027,16.1374450124625,0
13.98216661,0.1750444901,2.59410089,14.2218487936981,0.717255549814809,79.4902695119278,0.001662643743,0.0016286713,-3.39724358832531E-05,2.04204992963166,0
12.40811184,0.1721192692,2.594296621,12.6775880763854,0.794728107877802,78.191781978034,0.00166266202,0.001589309,-7.33530614993763E-05,4.40913242098154,0
13.53507828,-0.1688218008,2.594513288,13.7825376490602,359.285392007844,79.1495354185298,0.001662618481,0.001611661,-5.09574314626394E-05,3.06304793103819,0
15.08,-0.1668023933,2.594643899,15.3024965283783,359.366267678384,80.2379426096326,0.0009073424735,0.0009164849,9.1424444796875E-06,1.00649752118935,0
13.12012785,0.1661969287,2.594682751,13.3752665318412,0.725745466533624,78.8142071405417,0.001662654104,0.0016286713,-3.39827968832531E-05,2.04265999774512,0
11.56761131,0.1608311755,2.595020873,11.8562064513721,0.796564961716797,77.3570663388538,0.001662665745,0.0016000725,-6.25932586739016E-05,3.76236986678485,0
12.79634836,0.1528327591,2.595504218,13.057814953061,0.68427769296602,78.534948327048,0.001662656548,0.0016286713,-3.39852408832531E-05,2.04280390229036,0
11.7976081,0.1477925025,2.595796097,12.08071011498,0.717725461008001,77.5920318232115,0.001662666444,0.0016000725,-6.25939576739017E-05,3.76241030163506,0
13.95891021,-0.1315527638,2.596669765,14.1989849724891,359.460044165568,79.4626098599886,0.001662608585,0.001611661,-5.09475354626393E-05,3.06247130016099,0
13.3248407,-0.1224920077,2.597112956,13.5761327217492,359.473308721951,78.9713448699741,0.001662632916,0.001611661,-5.09718664626394E-05,3.06388903299623,0
12.00797195,0.1090893819,2.597710436,12.2862276698152,0.520503316813688,77.7936739551009,0.001662669587,0.0016000725,-6.25971006739015E-05,3.76259211342435,0
9.577415088,-0.1028843351,2.59796359,9.92405561094982,359.38453002318,74.8240276266202,0.001662728493,0.0016967735,3.4044962478251E-05,2.04630518870671,0
12.21911453,0.09684345855,2.598195786,12.4926682456195,0.454092255109345,77.9961363507586,0.001662665862,0.001589309,-7.33569034993763E-05,4.40935317451242,0
12.93936684,-0.09012126921,2.598437638,13.1980003872492,359.600947639711,78.6453632257284,0.0007596812793,0.00088443345,0.000124752172274296,16.4000581674754,0
10.71644193,0.0897027361,2.59845212,11.0273354732618,0.479587179247233,76.3708045958495,0.00166265422,0.0016287989,-3.38553216905307E-05,2.03499749428284,0
10.22255989,0.08683859931,2.598549414,10.5480202267519,0.486704467209108,75.7381212885914,0.001662673079,0.0016287989,-3.38741806905308E-05,2.03610800211373,0
11.11680096,0.06916554761,2.599079862,11.416797431254,0.356473309816806,76.8410065028154,0.001662664232,0.0016000725,-6.25917456739016E-05,3.76228234459642,0
12.25534398,-0.06756317745,2.599122011,12.5281066438283,359.68413406365,78.0262651441109,0.0007781761233,0.0007485429,-2.96332291563888E-05,3.80314902757606,0
12.96053512,0.06699035611,2.599136836,13.2187545024793,0.29614753222711,78.6603361691154,0.001662655035,0.0016286713,-3.3983727883253E-05,2.04271481577027,0
8.916052633,-0.06067449549,2.599291943,9.28741054082212,359.610103372279,73.7473974374645,0.001662757015,0.0017133107,5.05537026050543E-05,3.03852678902479,0
13.28228269,0.06066182635,2.599292239,13.534364907818,0.261675085748834,78.9274806033155,0.00166264642,0.0016286713,-3.39751128832532E-05,2.04220755533217,0
12.53141141,0.05388325802,2.599441593,12.7982917581836,0.246362053202631,78.2812063375013,0.0007556054625,0.0009584581,0.000202852650518423,26.8108889735148,0
13.11854987,-0.0491976299,2.599534495,13.3737186559745,359.78512843504,78.791706532939,0.001662647352,0.001611661,-5.09863024626394E-05,3.06473017862498,0
12.68419187,0.04693079484,2.599576408,12.9479235167462,0.211990186765263,78.4179113719971,0.0007606419385,0.00097479054,0.000214148603886472,28.1167032776875,0
12.10114524,-0.03717922036,2.599734161,12.3773064970482,359.823966602556,77.8752813697012,0.001662664581,0.0015696523,-9.30122331745324E-05,5.59080443478723,0
11.90109739,-0.03153662426,2.599808732,12.1817945758381,359.84817272041,77.677295114709,0.001662671799,0.001643934,-1.87377446998109E-05,1.12628853305525,0
13.48733793,0.03085515735,2.599816909,13.7356574083323,0.1310760668581,79.0895214405581,0.0016626406,0.0016286713,-3.3969292883253E-05,2.0418648645178,0
12.38372479,0.01434949474,2.599960402,12.6537203886615,0.0663907776313408,78.1429840291195,0.0007615066133,0.00088660035,0.000125093734867121,16.405593431608,0
11.41869227,0.01360112791,2.599964425,11.710957824145,0.0682465941709438,77.1728089002558,0.001662668772,0.0016000725,-6.25962856739015E-05,3.76254496853064,0
13.7422295,-0.01225379562,2.599971124,13.9860241538405,359.94890999412,79.2865194002995,0.001662628027,0.001611661,-5.09669774626394E-05,3.06360416123474,0
11.68621773,-0.01208700913,2.599971905,11.9719540942799,359.940739221266,77.4570213792704,0.001662670984,0.0016480981,-1.45728700533833E-05,0.875946638099406,0
14.74968736,-0.007392529287,2.59998949,14.9770917475771,359.971283412165,80.0029336139799,0.001662613358,0.0017393352,7.67218883841439E-05,4.61176198274695,0
14.32811361,-0.003200938942,2.59999803,14.5621028571797,359.987199969668,79.7149488736304,0.001662623719,0.001611661,-5.09626694626393E-05,3.06335314173525,0
12.81679949,1.734723476E-18,2.6,13.0778572085363,0,78.5326596017252,0.0007831696421,0.0010872658,0.000304096145546174,38.7793825748989,0
12.59338551,-0.9431352562,2.7,12.9140567876622,355.717038832043,77.9318787417403,0,0,0,0,1
12.43797166,-0.9209894331,2.7,12.760931022102,355.765171125367,77.7848457043191,0,0,0,0,1
12.74801519,-0.9159965671,2.7,13.0629606519889,355.890129368507,78.0714773423399,0,0,0,0,1
12.29679326,-0.8515394531,2.7,12.6184881788338,356.038654094688,77.6447908533512,0,0,0,0,1
12.88690193,-0.8420233359,2.7,13.1936062034471,356.261638113444,78.1913061045914,0,0,0,0,1
12.18396897,-0.7413639729,2.7,12.5015487201481,356.517988479796,77.5273685054311,0,0,0,0,1
12.99604782,-0.7283641856,2.7,13.2935237362631,356.79221081284,78.2813269803144,0,0,0,0,1
12.11105465,-0.601484398,2.7,12.422939596421,357.156793844277,77.4471617231233,0,0,0,0,1
13.06440249,-0.5863732319,2.7,13.3533683386555,357.430102266652,78.3345851758632,0,0,0,0,1
12.08534757,-0.4460535516,2.7,12.3913110548723,357.886251073895,77.4145961364312,0,0,0,0,1
13.08533942,-0.4432,2.7,13.368340733861,358.060135462421,78.3478335704028,0,0,0,0,1
12.10904841,-0.2910590552,2.7,12.4098254931058,358.623075540178,77.4336797393054,0,0,0,0,1
13.06077522,-0.2884072312,2.7,13.3400535260686,358.735003720291,78.3227779854388,0,0,0,0,1
12.17925031,-0.1514952956,2.7,12.4758602484247,359.287345837807,77.5012718539116,0,0,0,0,1
12.98997552,-0.1494830785,2.7,13.2684516504737,359.340693793961,78.2588684164683,0,0,0,0,1
12.28906074,-0.04043587002,2.7,12.5822354504672,359.811474905932,77.6086275042175,0,0,0,0,1
12.87939689,-0.03881131527,2.7,13.1594213614556,359.82734301534,78.1601864867594,0,0,0,0,1
12.42847891,0.03155759924,2.7,12.7184151488456,0.145481468436628,77.7433787958992,0,0,0,0,1
12.73936263,0.03248566668,2.7,13.0223813312766,0.146105234232323,78.0337574736003,0,0,0,0,1
12.58382601,0.05679770956,2.7,12.8703497633034,0.258605526069346,77.8902758014343,0,0,0,0,1
