x-coordinate,y-coordinate,z-coordinate,corrosion-rate-2,total-pressure,density,total-temperature,turb-kinetic-energy,wall-shear,crude-p-h+,crude-p-h2s,Crude temperature(K),MW(g/gmol),k (W/m-k),Density(kg/m3),Cp (J/kg-K),Viscosity (Pa-s),Sulfur,H+,Temperature Overhead drum (K),Flow rate crude inlet(kg/s),Flow rate ww inlet(kg/s),Flow rate outlet 1(kg/s),Flow rate outlet 2(kg/s),Crude inlet mf,r,theta,phi,case,r_norm,sin_theta,cos_theta,sin_phi,cos_phi,true,pred,error,abs_pct_error,simulation
8.426547721,-0.008861978505,-2.599984897,0.004227363504,3325.054096,0.669741134,330.11748,55.79539435,3.990523379,0.0005436179535,0.03141431556,335.060869437349,152.342283465922,0.29177605993241,831.324796353616,810.003352604872,0.0006312405364473,0.0314163498458109,0.0005436204477675,317.714231223494,163.4521716395746,19.072951650594405,118.58854641466596,63.93657687550305,0.9680400297064216,8.818543331728966,359.9397435585617,107.1474373151308,ICV_113_CASE_25_with_r_theta_phi.csv,0.49924550528918654,-0.0010516731047720835,0.9999994469916874,0.9555492402736089,-0.29483156108620545,0.004227363504,0.0043705846,-0.0001432211143001993,3.3879536058538995,ICV_113_CASE_25_with_r_theta_phi.csv
1.815542133e-14,-0.01448182976,-2.599959668,0.004227314144,8819.331508,0.6641970406,342.4832671,383.6186171,39.39999083,0.0005436192904,0.03141542999,335.060869437349,152.342283465922,0.29177605993241,831.324796353616,810.003352604872,0.0006312405364473,0.0314163498458109,0.0005436204477675,317.714231223494,163.4521716395746,19.072951650594405,118.58854641466596,63.93657687550305,0.9680400297064216,2.5999999997345897,270.00000000007185,179.68086460946552,ICV_113_CASE_25_with_r_theta_phi.csv,0.14719418670304207,-1.0,1.2539242315967048e-12,0.0055699345236294665,-0.999984487794387,0.004227314144,0.0034837865,0.0007435276634987055,17.58865411926242,ICV_113_CASE_25_with_r_theta_phi.csv
15.08,-0.02133248435,-2.599912484,0.004227407277,3932.787584,0.6714914552,329.436899,18.36845638,3.595450678,0.0005436148506,0.03141309676,335.060869437349,152.342283465922,0.29177605993241,831.324796353616,810.003352604872,0.0006312405364473,0.0314163498458109,0.0005436204477675,317.714231223494,163.4521716395746,19.072951650594405,118.58854641466596,63.93657687550305,0.9680400297064216,15.302496528323331,359.9189482424089,99.78207451889456,ICV_113_CASE_25_with_r_theta_phi.csv,0.8663225120163879,-0.0014146195626827346,0.9999989994252458,0.9854611017732204,-0.16990119744107313,0.004227407277,0.0043716617,-0.00014425441585774225,3.4123614397993247,ICV_113_CASE_25_with_r_theta_phi.csv
7.634160651,0.0710115126,-2.599030082,0.004227380734,3370.411416,0.6692508934,330.583828,84.60225234,5.545004857,0.0005436180687,0.03141440002,335.060869437349,152.342283465922,0.29177605993241,831.324796353616,810.003352604872,0.0006312405364473,0.0314163498458109,0.0005436204477675,317.714231223494,163.4521716395746,19.072951650594405,118.58854641466596,63.93657687550305,0.9680400297064216,8.064763409260028,0.5329390899373152,108.80025137541134,ICV_113_CASE_25_with_r_theta_phi.csv,0.45657165042294673,0.009301407706380972,0.9999567409716681,0.9466478462210884,-0.32226984848876966,0.004227380734,0.0042670164,-3.9635691728798043e-05,0.9375945582719801,ICV_113_CASE_25_with_r_theta_phi.csv
12.14901352,0.08072069505,-2.598746654,0.004227390978,3466.705444,0.6720767914,329.0860496,21.17821602,3.209206134,0.0005436137636,0.03141279672,335.060869437349,152.342283465922,0.29177605993241,831.324796353616,810.003352604872,0.0006312405364473,0.0314163498458109,0.0005436204477675,317.714231223494,163.4521716395746,19.072951650594405,118.58854641466596,63.93657687550305,0.9680400297064216,12.424110813713323,0.3806800513247026,102.07369485214524,ICV_113_CASE_25_with_r_theta_phi.csv,0.7033680334306477,0.0066440714090068975,0.9999779279139676,0.9778793719853575,-0.20916962935742575,0.004227390978,0.0043097185,-8.232751909749252e-05,1.947478231998482,ICV_113_CASE_25_with_r_theta_phi.csv
6.165872394,-0.08274443014,-2.598683005,0.00422741333,3520.949646,0.6680755615,331.6785276,184.9346398,10.01393323,0.0005436182201,0.03141451654,335.060869437349,152.342283465922,0.29177605993241,831.324796353616,810.003352604872,0.0006312405364473,0.0314163498458109,0.0005436204477675,317.714231223494,163.4521716395746,19.072951650594405,118.58854641466596,63.93657687550305,0.9680400297064216,6.691635254576143,359.2311514482995,112.85174461061143,ICV_113_CASE_25_with_r_theta_phi.csv,0.3788345419658792,-0.013418535959937148,0.9999099673934108,0.9215128050099288,-0.388347975664523,0.00422741333,0.0043087034,-8.129002549116162e-05,1.9229258917043808,ICV_113_CASE_25_with_r_theta_phi.csv
6.82481358,0.08295402501,-2.598676323,0.004227396101,3423.828616,0.6685164632,331.2156977,126.2125101,7.611645195,0.0005436181655,0.03141447187,335.060869437349,152.342283465922,0.29177605993241,831.324796353616,810.003352604872,0.0006312405364473,0.0314163498458109,0.0005436204477675,317.714231223494,163.4521716395746,19.072951650594405,118.58854641466596,63.93657687550305,0.9680400297064216,7.303292435863333,0.6963826087037432,110.84386654003754,ICV_113_CASE_25_with_r_theta_phi.csv,0.41346238094658444,0.012153870134302965,0.999926138992655,0.9345535270263755,-0.35582257534136524,0.004227396101,0.004205135,2.2260938080239864e-05,0.5265874676306797,ICV_113_CASE_25_with_r_theta_phi.csv
12.63494059,0.08955841381,-2.598457098,0.00422740262,3508.466917,0.6722547623,329.5596079,24.44354424,4.074650797,0.0005436139564,0.03141284798,335.060869437349,152.342283465922,0.29177605993241,831.324796353616,810.003352604872,0.0006312405364473,0.0314163498458109,0.0005436204477675,317.714231223494,163.4521716395746,19.072951650594405,118.58854641466596,63.93657687550305,0.9680400297064216,12.899679209672628,0.4061145488919919,101.62093280557656,ICV_113_CASE_25_with_r_theta_phi.csv,0.73029145776605,0.00708797666777681,0.9999748799778708,0.9795017211347322,-0.20143579198865627,0.00422740262,0.0043097185,-8.23158770974922e-05,1.9471974750779761,ICV_113_CASE_25_with_r_theta_phi.csv
3.076911692,0.1071301661,-2.597791972,0.004227386788,5483.543031,0.6657688205,335.8904213,412.5655753,26.51454509,0.0005436186816,0.03141491279,335.060869437349,152.342283465922,0.29177605993241,831.324796353616,810.003352604872,0.0006312405364473,0.0314163498458109,0.0005436204477675,317.714231223494,163.4521716395746,19.072951650594405,118.58854641466596,63.93657687550305,0.9680400297064216,4.028322921842608,1.9940864343336104,130.1568107511671,ICV_113_CASE_25_with_r_theta_phi.csv,0.22805604473783586,0.034796348198857525,0.9993944237146932,0.7642823541071249,-0.6448817590849282,0.004227386788,0.0034707054,0.0007566814315511112,17.899507883216575,ICV_113_CASE_25_with_r_theta_phi.csv
13.20690759,0.1231173115,-2.597083389,0.004227411002,3561.342812,0.6720856531,330.0960529,26.60397672,4.740197007,0.0005436141626,0.03141290334,335.060869437349,152.342283465922,0.29177605993241,831.324796353616,810.003352604872,0.0006312405364473,0.0314163498458109,0.0005436204477675,317.714231223494,163.4521716395746,19.072951650594405,118.58854641466596,63.93657687550305,0.9680400297064216,13.460401483336607,0.5341067131031423,101.124554629959,ICV_113_CASE_25_with_r_theta_phi.csv,0.7620357112455405,0.009321785691544317,0.9999565512118619,0.9812100668329377,-0.19294249077303327,0.004227411002,0.0043097185,-8.230749509749186e-05,1.9469953368404915,ICV_113_CASE_25_with_r_theta_phi.csv
11.02483832,-0.1232083958,-2.597079069,0.004227403551,3394.524197,0.6738224418,327.7234125,11.56220588,1.442610336,0.0005436138174,0.03141282134,335.060869437349,152.342283465922,0.29177605993241,831.324796353616,810.003352604872,0.0006312405364473,0.0314163498458109,0.0005436204477675,317.714231223494,163.4521716395746,19.072951650594405,118.58854641466596,63.93657687550305,0.9680400297064216,11.327270632485742,359.35971603285503,103.25449096368754,ICV_113_CASE_25_with_r_theta_phi.csv,0.6412724571093047,-0.011174830781741701,0.9999375596290998,0.9733612902617315,-0.22927668573149212,0.004227403551,0.004393619,-0.00016621546853816394,3.9318571433646725,ICV_113_CASE_25_with_r_theta_phi.csv
2.484705444,0.1256741375,-2.596960918,0.004227372352,6140.772689,0.6654654603,337.0938705,489.8659997,32.075963,0.0005436187575,0.03141497798,335.060869437349,152.342283465922,0.29177605993241,831.324796353616,810.003352604872,0.0006312405364473,0.0314163498458109,0.0005436204477675,317.714231223494,163.4521716395746,19.072951650594405,118.58854641466596,63.93657687550305,0.9680400297064216,3.5963538677247837,2.895500873991182,136.22891178312938,ICV_113_CASE_25_with_r_theta_phi.csv,0.20360091642697195,0.050514515920413776,0.9987233268935528,0.6917788813634393,-0.7221093956593755,0.004227372352,0.0034707054,0.0007566669955511116,17.899227519291852,ICV_113_CASE_25_with_r_theta_phi.csv
9.202135756,-0.1368847997,-2.596394144,0.004227369092,3276.185944,0.6704918395,329.567536,35.51737782,2.79396732,0.0005436177388,0.03141417928,335.060869437349,152.342283465922,0.29177605993241,831.324796353616,810.003352604872,0.0006312405364473,0.0314163498458109,0.0005436204477675,317.714231223494,163.4521716395746,19.072951650594405,118.58854641466596,63.93657687550305,0.9680400297064216,9.56238999786351,359.1477692673602,105.75482297512292,ICV_113_CASE_25_with_r_theta_phi.csv,0.5413570072371174,-0.014873683807884487,0.9998893806466709,0.9624323840565481,-0.27152146530104976,0.004227369092,0.0043943836,-0.00016701454337192303,3.950791608153601,ICV_113_CASE_25_with_r_theta_phi.csv
1.900495994,0.1486342639,-2.595748034,0.004227360711,6002.996159,0.6654990126,337.4512824,518.8117883,34.27645476,0.0005436187801,0.03141499195,335.060869437349,152.342283465922,0.29177605993241,831.324796353616,810.003352604872,0.0006312405364473,0.0314163498458109,0.0005436204477675,317.714231223494,163.4521716395746,19.072951650594405,118.58854641466596,63.93657687550305,0.9680400297064216,3.220541107272194,4.471893917471675,143.70669809831293,ICV_113_CASE_25_with_r_theta_phi.csv,0.18232497272193698,0.07797005481002832,0.996955701399476,0.5919189586195772,-0.8059974853724515,0.004227360711,0.0034600708,0.0007672898942000014,18.15056595530004,ICV_113_CASE_25_with_r_theta_phi.csv
14.26147817,0.1493012407,-2.595709756,0.004227418453,3769.873056,0.6716161411,329.6886735,25.69920903,4.90386218,0.0005436145402,0.03141300769,335.060869437349,152.342283465922,0.29177605993241,831.324796353616,810.003352604872,0.0006312405364473,0.0314163498458109,0.0005436204477675,317.714231223494,163.4521716395746,19.072951650594405,118.58854641466596,63.93657687550305,0.9680400297064216,14.49654302208822,0.5997988692159311,100.31484659606662,ICV_113_CASE_25_with_r_theta_phi.csv,0.820694946292214,0.010468273914249312,0.9999452061194435,0.9838386733182339,-0.1790571553538626,0.004227418453,0.0043097185,-8.230004409749258e-05,1.946815651041594,ICV_113_CASE_25_with_r_theta_phi.csv
1.363882939,0.1543335155,-2.595415413,0.00422735,5758.389943,0.6654968518,337.8376209,514.7531923,35.46369652,0.0005436188382,0.03141503276,335.060869437349,152.342283465922,0.29177605993241,831.324796353616,810.003352604872,0.0006312405364473,0.0314163498458109,0.0005436204477675,317.714231223494,163.4521716395746,19.072951650594405,118.58854641466596,63.93657687550305,0.9680400297064216,2.936013738275049,6.455982328315884,152.12784565703396,ICV_113_CASE_25_with_r_theta_phi.csv,0.16621698246094993,0.11243986557912236,0.9936585312010102,0.46750025033617376,-0.883992938849409,0.00422735,0.0034600708,0.0007672791832000021,18.15035857022717,ICV_113_CASE_25_with_r_theta_phi.csv
0.8557621593,0.1632317479,-2.594870979,0.004227337893,5882.847275,0.665426249,338.6258834,491.8543114,36.89390242,0.0005436189311,0.03141510389,335.060869437349,152.342283465922,0.29177605993241,831.324796353616,810.003352604872,0.0006312405364473,0.0314163498458109,0.0005436204477675,317.714231223494,163.4521716395746,19.072951650594405,118.58854641466596,63.93657687550305,0.9680400297064216,2.737211879717883,10.799120461994448,161.44125939005016,ICV_113_CASE_25_with_r_theta_phi.csv,0.15496218327311823,0.1873662356350293,0.9822901270724239,0.31827672705867005,-0.9479978507427224,0.004227337893,0.0034600708,0.0007672670762000015,18.150124154707598,ICV_113_CASE_25_with_r_theta_phi.csv
11.62045751,-0.1754934903,-2.594070553,0.004227375146,3517.085886,0.6729188672,328.7384976,17.98009632,2.701989844,0.000543613464,0.03141271557,335.060869437349,152.342283465922,0.29177605993241,831.324796353616,810.003352604872,0.0006312405364473,0.0314163498458109,0.0005436204477675,317.714231223494,163.4521716395746,19.072951650594405,118.58854641466596,63.93657687550305,0.9680400297064216,11.907771946959464,359.1347783001027,102.58259926372152,ICV_113_CASE_25_with_r_theta_phi.csv,0.6741364643680465,-0.015100393493989533,0.9998859825581748,0.97598296706451,-0.2178468452834595,0.004227375146,0.004393619,-0.0001662438735381645,3.932555492647516,ICV_113_CASE_25_with_r_theta_phi.csv
5.643863445,0.1828610057,-2.593561615,0.004227415193,3443.938304,0.6679656891,331.737813,185.047922,10.07440914,0.0005436182351,0.03141452803,335.060869437349,152.342283465922,0.29177605993241,831.324796353616,810.003352604872,0.0006312405364473,0.0314163498458109,0.0005436204477675,317.714231223494,163.4521716395746,19.072951650594405,118.58854641466596,63.93657687550305,0.9680400297064216,6.213951607794697,1.8557323562568515,114.66910845796224,ICV_113_CASE_25_with_r_theta_phi.csv,0.35179136662106547,0.03238297720621343,0.9994755338612656,0.9087333423111383,-0.417377182620262,0.004227415193,0.004205135,2.2280030080239904e-05,0.5270367129271359,ICV_113_CASE_25_with_r_theta_phi.csv
13.7133748,0.1845041788,-2.593445239,0.004227415659,3638.329148,0.6718262208,330.0555378,27.20596018,4.996184517,0.0005436143486,0.03141295422,335.060869437349,152.342283465922,0.29177605993241,831.324796353616,810.003352604872,0.0006312405364473,0.0314163498458109,0.0005436204477675,317.714231223494,163.4521716395746,19.072951650594405,118.58854641466596,63.93657687550305,0.9680400297064216,13.957673459604989,0.7708294349481548,100.70823520831703,ICV_113_CASE_25_with_r_theta_phi.csv,0.7901878436011215,0.01345310577398881,0.9999095028776523,0.9825861002528568,-0.18580784587816246,0.004227415659,0.0043097185,-8.230283809749182e-05,1.9468830301274849,ICV_113_CASE_25_with_r_theta_phi.csv
0.4084697851,0.1876870713,-2.593216837,0.004227326252,6914.011513,0.665016575,340.2335639,434.7618528,38.05257094,0.0005436190873,0.03141523976,335.060869437349,152.342283465922,0.29177605993241,831.324796353616,810.003352604872,0.0006312405364473,0.0314163498458109,0.0005436204477675,317.714231223494,163.4521716395746,19.072951650594405,118.58854641466596,63.93657687550305,0.9680400297064216,2.6318904927396005,24.67822572908051,170.16567453246375,ICV_113_CASE_25_with_r_theta_phi.csv,0.14899960792685393,0.4175217808005539,0.9086669150778707,0.17079981899392532,-0.9853057504306175,0.004227326252,0.0034600708,0.0007672554352000016,18.149898760605584,ICV_113_CASE_25_with_r_theta_phi.csv
3.670209416,-0.2122271734,-2.591323914,0.004227397498,4917.811042,0.6660426922,334.9144674,380.0323965,22.83021507,0.000543618625,0.03141486037,335.060869437349,152.342283465922,0.29177605993241,831.324796353616,810.003352604872,0.0006312405364473,0.0314163498458109,0.0005436204477675,317.714231223494,163.4521716395746,19.072951650594405,118.58854641466596,63.93657687550305,0.9680400297064216,4.497825825628722,356.69059868790845,125.17867310655303,ICV_113_CASE_25_with_r_theta_phi.csv,0.2546360824626698,-0.05772783795281062,0.9983323578474725,0.8173594039583786,-0.5761281148848787,0.004227397498,0.0035742742,0.0006531232504877783,15.449771417101799,ICV_113_CASE_25_with_r_theta_phi.csv
0.5299286161,-0.2259583113,-2.590162706,0.004227323458,7848.769406,0.6642449319,341.313917,469.4072586,40.57177335,0.0005436192199,0.03141537167,335.060869437349,152.342283465922,0.29177605993241,831.324796353616,810.003352604872,0.0006312405364473,0.0314163498458109,0.0005436204477675,317.714231223494,163.4521716395746,19.072951650594405,118.58854641466596,63.93657687550305,0.9680400297064216,2.6534551701810325,336.9068975753601,167.46065594851552,ICV_113_CASE_25_with_r_theta_phi.csv,0.15022045221832664,-0.3922263806815407,0.9198687223171897,0.2171099689609725,-0.9761471514980544,0.004227323458,0.003478268,0.0007490555294145896,17.719380517709034,ICV_113_CASE_25_with_r_theta_phi.csv
14.72076134,0.2541826224,-2.587545399,0.004227407742,3870.955177,0.6716075941,329.5842637,22.0950578,4.338496154,0.00054361471,0.03141305799,335.060869437349,152.342283465922,0.29177605993241,831.324796353616,810.003352604872,0.0006312405364473,0.0314163498458109,0.0005436204477675,317.714231223494,163.4521716395746,19.072951650594405,118.58854641466596,63.93657687550305,0.9680400297064216,14.94860576865464,0.9892249487301684,99.96788205078911,ICV_113_CASE_25_with_r_theta_phi.csv,0.8462876418023602,0.017264374650513302,0.9998509595774395,0.9849049391886725,-0.17309610267639544,0.004227407742,0.0043097185,-8.231075509749185e-05,1.9470739540983952,ICV_113_CASE_25_with_r_theta_phi.csv
10.45308312,0.2649392415,-2.58646616,0.004227390978,3184.583029,0.6740261693,327.4896455,10.92552131,0.9444060567,0.0005436165131,0.03141366139,335.060869437349,152.342283465922,0.29177605993241,831.324796353616,810.003352604872,0.0006312405364473,0.0314163498458109,0.0005436204477675,317.714231223494,163.4521716395746,19.072951650594405,118.58854641466596,63.93657687550305,0.9680400297064216,10.771580511333548,1.4518827540110235,103.89359144525088,ICV_113_CASE_25_with_r_theta_phi.csv,0.6098130896284347,0.025337422586111817,0.999678955973713,0.9707433451040546,-0.24011946596681888,0.004227390978,0.004331676,-0.00010428484577791435,2.4668843335277018,ICV_113_CASE_25_with_r_theta_phi.csv
9.949522419,-0.2656330648,-2.586394996,0.004227360711,3144.304922,0.6725507973,328.3107664,18.50020694,1.42064322,0.0005436171473,0.03141389223,335.060869437349,152.342283465922,0.29177605993241,831.324796353616,810.003352604872,0.0006312405364473,0.0314163498458109,0.0005436204477675,317.714231223494,163.4521716395746,19.072951650594405,118.58854641466596,63.93657687550305,0.9680400297064216,10.283627587900703,358.47067645127385,104.56665291534074,ICV_113_CASE_25_with_r_theta_phi.csv,0.5821885381971266,-0.026688561952396262,0.9996437968901288,0.9678557150775772,-0.25150609295138704,0.004227360711,0.0045179636,-0.0002906029107653755,6.8743343793789675,ICV_113_CASE_25_with_r_theta_phi.csv
14.02336359,-0.2845295986,-2.584384435,0.004227421712,3807.565595,0.671937467,330.675687,25.0564939,4.952544186,0.0005436144036,0.03141296489,335.060869437349,152.342283465922,0.29177605993241,831.324796353616,810.003352604872,0.0006312405364473,0.0314163498458109,0.0005436204477675,317.714231223494,163.4521716395746,19.072951650594405,118.58854641466596,63.93657687550305,0.9680400297064216,14.262353465599128,358.8376462946774,100.43985206194736,ICV_113_CASE_25_with_r_theta_phi.csv,0.8074367380978766,-0.020285507719042403,0.9997942279172153,0.9834456728664399,-0.1812032243650077,0.004227421712,0.0043716617,-0.00014423998085774225,3.4120083268291204,ICV_113_CASE_25_with_r_theta_phi.csv
13.45972554,-0.3015246363,-2.582456755,0.004227415193,3679.966629,0.6723276354,330.9843447,25.9110416,4.976333479,0.0005436141947,0.03141290744,335.060869437349,152.342283465922,0.29177605993241,831.324796353616,810.003352604872,0.0006312405364473,0.0314163498458109,0.0005436204477675,317.714231223494,163.4521716395746,19.072951650594405,118.58854641466596,63.93657687550305,0.9680400297064216,13.70854520399117,358.71667517284266,100.85843245365834,ICV_113_CASE_25_with_r_theta_phi.csv,0.7760839086112881,-0.022396370856735622,0.9997491698283363,0.9820956412201612,-0.18838299152619992,0.004227415193,0.0043716617,-0.00014424649985774265,3.4121677961150523,ICV_113_CASE_25_with_r_theta_phi.csv
1.10145887,-0.3118343859,-2.581232131,0.004227334168,7040.851762,0.6644353543,339.6754431,554.2135853,40.05864847,0.0005436191106,0.03141527652,335.060869437349,152.342283465922,0.29177605993241,831.324796353616,810.003352604872,0.0006312405364473,0.0314163498458109,0.0005436204477675,317.714231223494,163.4521716395746,19.072951650594405,118.58854641466596,63.93657687550305,0.9680400297064216,2.8236875961476526,344.1926343128906,156.08320626606906,ICV_113_CASE_25_with_r_theta_phi.csv,0.15985784586955754,-0.2724039431976224,0.9621829824572801,0.40540954264776685,-0.9141351665536823,0.004227334168,0.003478268,0.0007490662394145902,17.719588976609955,ICV_113_CASE_25_with_r_theta_phi.csv
5.227189986,-0.3176297261,-2.580525403,0.004227407742,3933.015166,0.6669777374,333.0094285,297.3845726,15.67304858,0.0005436183124,0.03141459684,335.060869437349,152.342283465922,0.29177605993241,831.324796353616,810.003352604872,0.0006312405364473,0.0314163498458109,0.0005436204477675,317.714231223494,163.4521716395746,19.072951650594405,118.58854641466596,63.93657687550305,0.9680400297064216,5.838108867447519,356.5227027684874,116.23244810394796,ICV_113_CASE_25_with_r_theta_phi.csv,0.33051372565979903,-0.060653035757185995,0.9981589098201936,0.8970081894469836,-0.4420139229312176,0.004227407742,0.0043087034,-8.129561349116098e-05,1.9230606185498715,ICV_113_CASE_25_with_r_theta_phi.csv
1.670954816,-0.3250945314,-2.579595617,0.004227348138,7143.877289,0.6645545676,339.1030762,575.182849,39.20930842,0.0005436190301,0.03141521087,335.060869437349,152.342283465922,0.29177605993241,831.324796353616,810.003352604872,0.0006312405364473,0.0314163498458109,0.0005436204477675,317.714231223494,163.4521716395746,19.072951650594405,118.58854641466596,63.93657687550305,0.9680400297064216,3.090645563422857,348.99029233586566,146.57901748739533,ICV_113_CASE_25_with_r_theta_phi.csv,0.17497117697762765,-0.19097531041961402,0.9815948404561488,0.5507864360821507,-0.8346462135707098,0.004227348138,0.003477142,0.0007502061784073,17.74649623687641,ICV_113_CASE_25_with_r_theta_phi.csv
14.61360683,-0.3252838661,-2.579571749,0.004227418918,3933.456787,0.6715011023,330.133175,21.38160532,4.402582912,0.0005436146224,0.03141302663,335.060869437349,152.342283465922,0.29177605993241,831.324796353616,810.003352604872,0.0006312405364473,0.0314163498458109,0.0005436204477675,317.714231223494,163.4521716395746,19.072951650594405,118.58854641466596,63.93657687550305,0.9680400297064216,14.843096192627955,358.7248654104513,100.00821232415068,ICV_113_CASE_25_with_r_theta_phi.csv,0.8403144124815078,-0.022253459870933877,0.9997523610993738,0.9847828535390896,-0.17378933044179673,0.004227418918,0.0043716617,-0.00014424277485774236,3.4120766742431834,ICV_113_CASE_25_with_r_theta_phi.csv
2.279749455,-0.3273014818,-2.579316526,0.004227361176,7233.735804,0.6646786959,338.6860289,534.0412568,36.73678037,0.0005436189769,0.03141516791,335.060869437349,152.342283465922,0.29177605993241,831.324796353616,810.003352604872,0.0006312405364473,0.0314163498458109,0.0005436204477675,317.714231223494,163.4521716395746,19.072951650594405,118.58854641466596,63.93657687550305,0.9680400297064216,3.4579267746524045,351.82992769594733,138.23767806209673,ICV_113_CASE_25_with_r_theta_phi.csv,0.19576412281753536,-0.1421119176912244,0.9898505962265834,0.6660420964964677,-0.7459141543734037,0.004227361176,0.0035742742,0.0006530869284877786,15.449044951282112,ICV_113_CASE_25_with_r_theta_phi.csv
4.970167455,0.3370075685,-2.57806631,0.004227421712,3492.793539,0.6677421034,332.039136,208.6161302,11.40558496,0.0005436182979,0.03141458125,335.060869437349,152.342283465922,0.29177605993241,831.324796353616,810.003352604872,0.0006312405364473,0.0314163498458109,0.0005436204477675,317.714231223494,163.4521716395746,19.072951650594405,118.58854641466596,63.93657687550305,0.9680400297064216,5.609150072045183,3.879064560390361,117.36246016881228,ICV_113_CASE_25_with_r_theta_phi.csv,0.3175516473208777,0.06765073992820707,0.9977090645008524,0.8881167145336694,-0.4596179950414484,0.004227421712,0.0041945004,3.292132155977446e-05,0.7787565044323851,ICV_113_CASE_25_with_r_theta_phi.csv
2.943440671,-0.3540183299,-2.575785516,0.004227378871,6217.810114,0.6651111658,337.0259984,460.5194792,30.20951231,0.0005436188517,0.0314150591,335.060869437349,152.342283465922,0.29177605993241,831.324796353616,810.003352604872,0.0006312405364473,0.0314163498458109,0.0005436204477675,317.714231223494,163.4521716395746,19.072951650594405,118.58854641466596,63.93657687550305,0.9680400297064216,3.927320076851071,353.141771114818,130.98515031739657,ICV_113_CASE_25_with_r_theta_phi.csv,0.22233795565139727,-0.11941304369901587,0.9928446630740062,0.7548795895324596,-0.6558634044580512,0.004227378871,0.0035742742,0.0006531046234877786,15.449398865420136,ICV_113_CASE_25_with_r_theta_phi.csv
4.568989749,-0.3840404974,-2.571480682,0.004227404483,4387.092228,0.6665243482,333.9135254,353.404891,19.46422811,0.0005436184587,0.03141471761,335.060869437349,152.342283465922,0.29177605993241,831.324796353616,810.003352604872,0.0006312405364473,0.0314163498458109,0.0005436204477675,317.714231223494,163.4521716395746,19.072951650594405,118.58854641466596,63.93657687550305,0.9680400297064216,5.256963698563031,355.1953713916243,119.28518980603404,ICV_113_CASE_25_with_r_theta_phi.csv,0.29761326777553504,-0.0837583441926663,0.9964860961288435,0.8721957421262362,-0.48915701713955206,0.004227404483,0.0043087034,-8.12988724911614e-05,1.923139193300846,ICV_113_CASE_25_with_r_theta_phi.csv
12.89988778,-0.3908689521,-2.570451607,0.004227404483,3598.894155,0.6728213133,330.4741971,25.11785536,4.63794721,0.0005436139845,0.0314128507,335.060869437349,152.342283465922,0.29177605993241,831.324796353616,810.003352604872,0.0006312405364473,0.0314163498458109,0.0005436204477675,317.714231223494,163.4521716395746,19.072951650594405,118.58854641466596,63.93657687550305,0.9680400297064216,13.159297273723928,358.264458436755,101.26420644528064,ICV_113_CASE_25_with_r_theta_phi.csv,0.7449892538411848,-0.03028628261120594,0.9995412653240456,0.9807368777568811,-0.1953335009866059,0.004227404483,0.0043716617,-0.00014425720985774236,3.4124297876801504,ICV_113_CASE_25_with_r_theta_phi.csv
11.20192307,0.3933515456,-2.570072871,0.004227386788,3238.248398,0.6735941357,327.5775159,9.632088369,0.9743288875,0.0005436140696,0.03141289599,335.060869437349,152.342283465922,0.29177605993241,831.324796353616,810.003352604872,0.0006312405364473,0.0314163498458109,0.0005436204477675,317.714231223494,163.4521716395746,19.072951650594405,118.58854641466596,63.93657687550305,0.9680400297064216,11.499699146798331,2.0110946113577484,102.91412672408131,ICV_113_CASE_25_with_r_theta_phi.csv,0.6510341782367071,0.03509301558569527,0.9993840504316157,0.9747061204954254,-0.22349044424484282,0.004227386788,0.004331676,-0.00010428903577791408,2.466985894200231,ICV_113_CASE_25_with_r_theta_phi.csv
4.155857192,0.397626554,-2.569414938,0.004227421712,3795.97822,0.6675668233,332.5202974,250.6956476,13.93028859,0.0005436184186,0.03141468209,335.060869437349,152.342283465922,0.29177605993241,831.324796353616,810.003352604872,0.0006312405364473,0.0314163498458109,0.0005436204477675,317.714231223494,163.4521716395746,19.072951650594405,118.58854641466596,63.93657687550305,0.9680400297064216,4.902157586243182,5.465342585119174,121.61033988757532,ICV_113_CASE_25_with_r_theta_phi.csv,0.2775265765657198,0.09524363379783438,0.9954539920161977,0.8516323591144536,-0.5241396044081676,0.004227421712,0.0041945004,3.292132155977446e-05,0.7787565044323851,ICV_113_CASE_25_with_r_theta_phi.csv
9.598228094,0.4271031537,-2.564679882,0.004227357917,3287.106885,0.6713010043,329.1482719,20.71522926,2.18145698,0.0005436177319,0.03141414508,335.060869437349,152.342283465922,0.29177605993241,831.324796353616,810.003352604872,0.0006312405364473,0.0314163498458109,0.0005436204477675,317.714231223494,163.4521716395746,19.072951650594405,118.58854641466596,63.93657687550305,0.9680400297064216,9.944143127765551,2.5478739795172487,104.9460010819014,ICV_113_CASE_25_with_r_theta_phi.csv,0.5629692539613512,0.044454135343584944,0.9990114262864336,0.966169323587417,-0.2579085848874229,0.004227357917,0.0044560204,-0.00022866250900512464,5.409111635224558,ICV_113_CASE_25_with_r_theta_phi.csv
10.63115994,-0.4306744466,-2.564082589,0.004227383994,3350.831364,0.6747768511,327.3692723,11.92887087,1.384691283,0.0005436149241,0.03141315404,335.060869437349,152.342283465922,0.29177605993241,831.324796353616,810.003352604872,0.0006312405364473,0.0314163498458109,0.0005436204477675,317.714231223494,163.4521716395746,19.072951650594405,118.58854641466596,63.93657687550305,0.9680400297064216,10.944476308715185,357.68018325458564,103.54924255806986,ICV_113_CASE_25_with_r_theta_phi.csv,0.6196012651217278,-0.04047737894729958,0.9991804550698321,0.9721689279070103,-0.23428097577937107,0.004227383994,0.004393619,-0.00016623502553816429,3.932337959711755,ICV_113_CASE_25_with_r_theta_phi.csv
11.8306293,0.4594461665,-2.559083668,0.004227383528,3355.826087,0.6728180349,328.1478214,15.99541241,2.110022618,0.0005436134956,0.03141273179,335.060869437349,152.342283465922,0.29177605993241,831.324796353616,810.003352604872,0.0006312405364473,0.0314163498458109,0.0005436204477675,317.714231223494,163.4521716395746,19.072951650594405,118.58854641466596,63.93657687550305,0.9680400297064216,12.112959573686126,2.2239818015212336,102.19668478654808,ICV_113_CASE_25_with_r_theta_phi.csv,0.6857527819990625,0.03880605859502574,0.9992467612238327,0.9774281201964184,-0.211268241459278,0.004227383528,0.0043243766,-9.699305509936525e-05,2.294399229073716,ICV_113_CASE_25_with_r_theta_phi.csv
3.408494919,0.460222672,-2.558944136,0.004227397498,4498.307349,0.6668418872,333.7698399,323.3585502,18.86282325,0.0005436185327,0.03141478322,335.060869437349,152.342283465922,0.29177605993241,831.324796353616,810.003352604872,0.0006312405364473,0.0314163498458109,0.0005436204477675,317.714231223494,163.4521716395746,19.072951650594405,118.58854641466596,63.93657687550305,0.9680400297064216,4.286938022859722,7.689700091759278,126.64937755607264,ICV_113_CASE_25_with_r_theta_phi.csv,0.24269705991753782,0.13380803686877488,0.9910072700385828,0.8023033499763608,-0.5969165223184136,0.004227397498,0.0041945004,3.289710755977407e-05,0.778188177656725,ICV_113_CASE_25_with_r_theta_phi.csv
-0.4371761183,0.1775339352,-2.556825912,0.004227308556,9400.126351,0.6644615583,342.20462,360.1079333,37.90817541,0.000543619272,0.0314154004,335.060869437349,152.342283465922,0.29177605993241,831.324796353616,810.003352604872,0.0006312405364473,0.0314163498458109,0.0005436204477675,317.714231223494,163.4521716395746,19.072951650594405,118.58854641466596,63.93657687550305,0.9680400297064216,2.6000000001604007,157.89829867522587,169.5440053742409,ICV_113_CASE_25_with_r_theta_phi.csv,0.14719418672714857,0.37625177505426827,-0.9265174589658375,0.18148029402697127,-0.9833945814777932,0.004227308556,0.0034761783,0.0007511302824413837,17.768522744751785,ICV_113_CASE_25_with_r_theta_phi.csv
15.08,0.4973165986,-2.551994553,0.004227394238,3825.552069,0.6721873869,329.0294218,18.82632031,3.498792195,0.0005436148249,0.03141309754,335.060869437349,152.342283465922,0.29177605993241,831.324796353616,810.003352604872,0.0006312405364473,0.0314163498458109,0.0005436204477675,317.714231223494,163.4521716395746,19.072951650594405,118.58854641466596,63.93657687550305,0.9680400297064216,15.302496528272265,1.8888474126577532,99.6000622215754,ICV_113_CASE_25_with_r_theta_phi.csv,0.8663225120134969,0.03296063540753852,0.9994566506425036,0.9859958559638414,-0.16676981747945788,0.004227394238,0.0043097185,-8.232425909749253e-05,1.947399614117053,ICV_113_CASE_25_with_r_theta_phi.csv
1.78133922e-14,0.5024991242,-2.550979151,0.004227329511,6568.732383,0.665922178,337.828164,352.9256717,29.07941254,0.0005436191054,0.03141524531,335.060869437349,152.342283465922,0.29177605993241,831.324796353616,810.003352604872,0.0006312405364473,0.0314163498458109,0.0005436204477675,317.714231223494,163.4521716395746,19.072951650594405,118.58854641466596,63.93657687550305,0.9680400297064216,2.599999999742009,89.99999999999795,168.85638509264845,ICV_113_CASE_25_with_r_theta_phi.csv,0.14719418670346213,1.0,3.581041373288741e-14,0.19326889394225372,-0.9811458274050489,0.004227329511,0.0034765757,0.0007507537955326665,17.759528643355644,ICV_113_CASE_25_with_r_theta_phi.csv
2.725693864,0.5136939782,-2.548748418,0.004227377474,5105.193686,0.6665803702,334.6796928,413.0871563,23.66172298,0.0005436185959,0.03141483891,335.060869437349,152.342283465922,0.29177605993241,831.324796353616,810.003352604872,0.0006312405364473,0.0314163498458109,0.0005436204477675,317.714231223494,163.4521716395746,19.072951650594405,118.58854641466596,63.93657687550305,0.9680400297064216,3.766882934435804,10.672979074541844,132.58008100073482,ICV_113_CASE_25_with_r_theta_phi.csv,0.21325510384478727,0.18520319051619635,0.9827002484087513,0.7363323599983453,-0.6766200230700147,0.004227377474,0.0034600708,0.0007673066572000016,18.150890516347882,ICV_113_CASE_25_with_r_theta_phi.csv
12.22439904,-0.5189268731,-2.547688148,0.004227390978,3567.730026,0.6738501526,329.3861968,22.75101141,3.95747148,0.0005436137152,0.03141278117,335.060869437349,152.342283465922,0.29177605993241,831.324796353616,810.003352604872,0.0006312405364473,0.0314163498458109,0.0005436204477675,317.714231223494,163.4521716395746,19.072951650594405,118.58854641466596,63.93657687550305,0.9680400297064216,12.497837088402054,357.5692482243165,101.76220642710577,ICV_113_CASE_25_with_r_theta_phi.csv,0.7075419099854787,-0.04241189661404793,0.9991002107024096,0.9790020659511489,-0.20385032465851569,0.004227390978,0.0043716617,-0.0001442707148577426,3.4127601533527945,ICV_113_CASE_25_with_r_theta_phi.csv
8.884467724,0.5190331407,-2.547666501,0.004227354657,3336.307131,0.6720010429,328.9184621,27.18956953,2.727038175,0.0005436179294,0.03141428273,335.060869437349,152.342283465922,0.29177605993241,831.324796353616,810.003352604872,0.0006312405364473,0.0314163498458109,0.0005436204477675,317.714231223494,163.4521716395746,19.072951650594405,118.58854641466596,63.93657687550305,0.9680400297064216,9.257092780147568,3.343435614083944,105.97467079524256,ICV_113_CASE_25_with_r_theta_phi.csv,0.5240731704413533,0.05832084776456466,0.998297890770096,0.9613834552197126,-0.2752123762293528,0.004227354657,0.004306383,-7.902830829650646e-05,1.8694506302410752,ICV_113_CASE_25_with_r_theta_phi.csv
15.55947568,0.2350925028,-2.544569627,0.004227395169,3880.73989,0.67172303,329.0791511,17.16655616,2.960031426,0.0005436150344,0.03141316049,335.060869437349,152.342283465922,0.29177605993241,831.324796353616,810.003352604872,0.0006312405364473,0.0314163498458109,0.0005436204477675,317.714231223494,163.4521716395746,19.072951650594405,118.58854641466596,63.93657687550305,0.9680400297064216,15.767922707447394,0.8656322111169175,99.28679283488424,ICV_113_CASE_25_with_r_theta_phi.csv,0.8926717535215664,0.015107557449091381,0.9998858743416282,0.9868929412455975,-0.16137633816521463,0.004227395169,0.0043243766,-9.698141409936537e-05,2.294117540456133,ICV_113_CASE_25_with_r_theta_phi.csv
12.46184908,0.5361702665,-2.544115061,0.004227402154,3384.512734,0.6728821423,328.4083257,21.17146314,3.212075884,0.0005436138326,0.03141282439,335.060869437349,152.342283465922,0.29177605993241,831.324796353616,810.003352604872,0.0006312405364473,0.0314163498458109,0.0005436204477675,317.714231223494,163.4521716395746,19.072951650594405,118.58854641466596,63.93657687550305,0.9680400297064216,12.73018784193629,2.46362785269622,101.52812796151768,ICV_113_CASE_25_with_r_theta_phi.csv,0.7206960177546334,0.042985169094410844,0.9990757104633887,0.9798267117290388,-0.19984898043837784,0.004227402154,0.0043097185,-8.231634309749207e-05,1.9472087130421607,ICV_113_CASE_25_with_r_theta_phi.csv
2.090984654,0.5540017706,-2.540291723,0.004227366298,4865.830033,0.6667463964,334.7448177,438.3651702,24.85631055,0.0005436185996,0.03141483743,335.060869437349,152.342283465922,0.29177605993241,831.324796353616,810.003352604872,0.0006312405364473,0.0314163498458109,0.0005436204477675,317.714231223494,163.4521716395746,19.072951650594405,118.58854641466596,63.93657687550305,0.9680400297064216,3.336497688150517,14.839432091341848,139.58465925823293,ICV_113_CASE_25_with_r_theta_phi.csv,0.18888963988231874,0.2561110844109467,0.9666473568172878,0.6483237770105049,-0.7613647484371948,0.004227366298,0.0034600708,0.000767295481200002,18.150674129694146,ICV_113_CASE_25_with_r_theta_phi.csv
0.6008265425,0.5618161293,-2.538574922,0.004227351397,5078.783103,0.6670515367,336.23081,396.6950633,28.87310603,0.0005436188418,0.03141501473,335.060869437349,152.342283465922,0.29177605993241,831.324796353616,810.003352604872,0.0006312405364473,0.0314163498458109,0.0005436204477675,317.714231223494,163.4521716395746,19.072951650594405,118.58854641466596,63.93657687550305,0.9680400297064216,2.6685187898760323,43.078262677752605,162.04610521574932,ICV_113_CASE_25_with_r_theta_phi.csv,0.15107325116064807,0.6829967098221537,0.730421449830242,0.30825159081771797,-0.9513048705637673,0.004227351397,0.0034600708,0.0007672805802000013,18.150385618830008,ICV_113_CASE_25_with_r_theta_phi.csv
1.570356018,0.5676136798,-2.537284909,0.004227361176,4641.511702,0.6668139584,335.0792499,431.1776844,26.18227797,0.0005436186315,0.03141485554,335.060869437349,152.342283465922,0.29177605993241,831.324796353616,810.003352604872,0.0006312405364473,0.0314163498458109,0.0005436204477675,317.714231223494,163.4521716395746,19.072951650594405,118.58854641466596,63.93657687550305,0.9680400297064216,3.037436093517697,19.872663710388338,146.65101920045265,ICV_113_CASE_25_with_r_theta_phi.csv,0.17195882134363166,0.3399308922581441,0.9404504178788917,0.5497371291342187,-0.835337709463225,0.004227361176,0.0034600708,0.0007672903592000017,18.15057495854941,ICV_113_CASE_25_with_r_theta_phi.csv
13.01610726,0.5688396925,-2.537010328,0.004227405414,3421.165856,0.672436616,328.9107583,24.73684721,4.104422644,0.0005436140513,0.03141288417,335.060869437349,152.342283465922,0.29177605993241,831.324796353616,810.003352604872,0.0006312405364473,0.0314163498458109,0.0005436204477675,317.714231223494,163.4521716395746,19.072951650594405,118.58854641466596,63.93657687550305,0.9680400297064216,13.273245579132745,2.502390856064494,101.019154392347,ICV_113_CASE_25_with_r_theta_phi.csv,0.751440226203705,0.04366107592150929,0.9990464005487314,0.981563339771484,-0.19113714975548377,0.004227405414,0.0043097185,-8.231308309749209e-05,1.947130095576416,ICV_113_CASE_25_with_r_theta_phi.csv
1.084821052,0.5747746816,-2.53567231,0.004227356054,4475.895391,0.6668230632,335.4608289,416.3014841,27.15199596,0.0005436186946,0.03141489723,335.060869437349,152.342283465922,0.29177605993241,831.324796353616,810.003352604872,0.0006312405364473,0.0314163498458109,0.0005436204477675,317.714231223494,163.4521716395746,19.072951650594405,118.58854641466596,63.93657687550305,0.9680400297064216,2.817239200559921,27.916147562776985,154.16539481890072,ICV_113_CASE_25_with_r_theta_phi.csv,0.15949278189102964,0.4681788656948689,0.8836337192053424,0.4357747893997169,-0.9000557387871222,0.004227356054,0.0034600708,0.0007672852372000013,18.150475787164353,ICV_113_CASE_25_with_r_theta_phi.csv
-0.4724620036,-0.3303360723,-2.535282575,0.004227309953,10462.95627,0.6638106279,343.8548425,358.0375048,39.94379493,0.000543619374,0.03141550479,335.060869437349,152.342283465922,0.29177605993241,831.324796353616,810.003352604872,0.0006312405364473,0.0314163498458109,0.0005436204477675,317.714231223494,163.4521716395746,19.072951650594405,118.58854641466596,63.93657687550305,0.9680400297064216,2.600000000116721,214.9604833629238,167.1894859427423,ICV_113_CASE_25_with_r_theta_phi.csv,0.14719418672467574,-0.5730113345580987,-0.8195474424753864,0.22172743858946242,-0.9751086826485323,0.004227309953,0.003483389,0.0007439209144074234,17.59797418458763,ICV_113_CASE_25_with_r_theta_phi.csv
13.51740957,0.5803130365,-2.534410539,0.004227405414,3494.371143,0.6724016693,329.1237773,26.43277247,4.624697885,0.0005436142371,0.03141293366,335.060869437349,152.342283465922,0.29177605993241,831.324796353616,810.003352604872,0.0006312405364473,0.0314163498458109,0.0005436204477675,317.714231223494,163.4521716395746,19.072951650594405,118.58854641466596,63.93657687550305,0.9680400297064216,13.765186576420012,2.458243447026234,100.6096799980536,ICV_113_CASE_25_with_r_theta_phi.csv,0.7792905550533106,0.04289128015820524,0.9990797456091232,0.9829042569386439,-0.18411741278839516,0.004227405414,0.0043097185,-8.231308309749209e-05,1.947130095576416,ICV_113_CASE_25_with_r_theta_phi.csv
1.7693284250000002e-14,-0.5830642667,-2.533779008,0.004227316938,10751.69007,0.6633143289,344.9568009,391.4308057,43.12132263,0.0005436194459,0.03141559018,335.060869437349,152.342283465922,0.29177605993241,831.324796353616,810.003352604872,0.0006312405364473,0.0314163498458109,0.0005436204477675,317.714231223494,163.4521716395746,19.072951650594405,118.58854641466596,63.93657687550305,0.9680400297064216,2.6000000000930528,270.0000000000017,167.0408979954517,ICV_113_CASE_25_with_r_theta_phi.csv,0.1471941867233358,-1.0,3.0014369249932155e-14,0.22425548718428104,-0.9745303876574299,0.004227316938,0.0034837865,0.0007435304574987056,17.588708588161662,ICV_113_CASE_25_with_r_theta_phi.csv
13.98606451,0.5872240058,-2.532818187,0.004227404483,3602.531113,0.672417454,329.2110424,26.23236589,4.790214368,0.0005436144029,0.0314129782,335.060869437349,152.342283465922,0.29177605993241,831.324796353616,810.003352604872,0.0006312405364473,0.0314163498458109,0.0005436204477675,317.714231223494,163.4521716395746,19.072951650594405,118.58854641466596,63.93657687550305,0.9680400297064216,14.225681019876248,2.404229391119145,100.25593511864456,ICV_113_CASE_25_with_r_theta_phi.csv,0.8053605954735914,0.0419494056655523,0.9991197362500187,0.9840222596643446,-0.17804547869877818,0.004227404483,0.0043097185,-8.231401409749227e-05,1.9471525473617837,ICV_113_CASE_25_with_r_theta_phi.csv
15.08,-0.5900850442,-2.532153163,0.004227415659,3958.233842,0.6714618597,329.4425277,16.44610825,3.432334899,0.000543614762,0.03141306747,335.060869437349,152.342283465922,0.29177605993241,831.324796353616,810.003352604872,0.0006312405364473,0.0314163498458109,0.0005436204477675,317.714231223494,163.4521716395746,19.072951650594405,118.58854641466596,63.93657687550305,0.9680400297064216,15.302496528353778,357.7591417554584,99.52472507242028,ICV_113_CASE_25_with_r_theta_phi.csv,0.8663225120181116,-0.039100384538002915,0.9992352875719414,0.9862142860650429,-0.1654732061731376,0.004227415659,0.00438632,-0.00015890411985961493,3.7588950943048474,ICV_113_CASE_25_with_r_theta_phi.csv
14.41502064,0.5902399691,-2.532117055,0.004227403551,3688.399256,0.6725070352,329.1246436,23.99394388,4.499034336,0.0005436145591,0.03141302158,335.060869437349,152.342283465922,0.29177605993241,831.324796353616,810.003352604872,0.0006312405364473,0.0314163498458109,0.0005436204477675,317.714231223494,163.4521716395746,19.072951650594405,118.58854641466596,63.93657687550305,0.9680400297064216,14.647621651755312,2.3447332602402757,99.95466033239131,ICV_113_CASE_25_with_r_theta_phi.csv,0.8292479832246477,0.04091189392818577,0.9991627579805048,0.9849448570572146,-0.1728688189250542,0.004227403551,0.0043097185,-8.231494609749201e-05,1.9471750232728198,ICV_113_CASE_25_with_r_theta_phi.csv
15.56120323,-0.3536341275,-2.530491327,0.004227402154,3909.332742,0.6715032277,329.1798668,15.31093459,2.822298975,0.0005436150123,0.03141314766,335.060869437349,152.342283465922,0.29177605993241,831.324796353616,810.003352604872,0.0006312405364473,0.0314163498458109,0.0005436204477675,317.714231223494,163.4521716395746,19.072951650594405,118.58854641466596,63.93657687550305,0.9680400297064216,15.769574801417994,358.69815619203723,99.2339850760692,ICV_113_CASE_25_with_r_theta_phi.csv,0.8927652837632527,-0.02271950579778784,0.9997418787148532,0.9870412576649977,-0.16046668086272475,0.004227402154,0.00438632,-0.00015891762485961518,3.7592265659337336,ICV_113_CASE_25_with_r_theta_phi.csv
7.252249987,-0.6007340239,-2.529647927,0.004227395635,3828.208695,0.6678892485,332.0120166,181.5281496,10.80369662,0.0005436181172,0.03141444822,335.060869437349,152.342283465922,0.29177605993241,831.324796353616,810.003352604872,0.0006312405364473,0.0314163498458109,0.0005436204477675,317.714231223494,163.4521716395746,19.072951650594405,118.58854641466596,63.93657687550305,0.9680400297064216,7.704228051919801,355.2647628538461,109.16837941466132,ICV_113_CASE_25_with_r_theta_phi.csv,0.43616060861263806,-0.08255142929369122,0.996586805813507,0.9445577224301286,-0.32834541111093374,0.004227395635,0.0043087034,-8.13077204911616e-05,1.923352519900307,ICV_113_CASE_25_with_r_theta_phi.csv
8.036506121,-0.611124131,-2.527157948,0.004227380734,3639.590937,0.6684892109,331.2889853,126.6417035,7.931878037,0.0005436179863,0.03141435516,335.060869437349,152.342283465922,0.29177605993241,831.324796353616,810.003352604872,0.0006312405364473,0.0314163498458109,0.0005436204477675,317.714231223494,163.4521716395746,19.072951650594405,118.58854641466596,63.93657687550305,0.9680400297064216,8.446622439206132,355.6513970489764,107.40905142794712,ICV_113_CASE_25_with_r_theta_phi.csv,0.4781898924821264,-0.07582459347055878,0.9971211716862823,0.9541930749761472,-0.2991915367579182,0.004227380734,0.0043087034,-8.132262149116148e-05,1.9237117872507283,ICV_113_CASE_25_with_r_theta_phi.csv
14.79235196,0.6449304911,-2.518742675,0.004227394238,3776.74889,0.6725815193,328.9623625,20.5426953,3.936524804,0.0005436146874,0.03141305931,335.060869437349,152.342283465922,0.29177605993241,831.324796353616,810.003352604872,0.0006312405364473,0.0314163498458109,0.0005436204477675,317.714231223494,163.4521716395746,19.072951650594405,118.58854641466596,63.93657687550305,0.9680400297064216,15.0191103767744,2.4964527969560777,99.65426555818652,ICV_113_CASE_25_with_r_theta_phi.csv,0.8502791296685387,0.04355753583438431,0.9990509201597466,0.9858376460724515,-0.16770252110903947,0.004227394238,0.0043097185,-8.232425909749253e-05,1.947399614117053,ICV_113_CASE_25_with_r_theta_phi.csv
11.21756794,-0.6607608331,-2.514636181,0.004227373749,3600.537699,0.6737918925,328.5822065,17.20805876,2.706667246,0.0005436132935,0.03141267001,335.060869437349,152.342283465922,0.29177605993241,831.324796353616,810.003352604872,0.0006312405364473,0.0314163498458109,0.0005436204477675,317.714231223494,163.4521716395746,19.072951650594405,118.58854641466596,63.93657687550305,0.9680400297064216,11.514939447946269,356.6289384670382,102.61391929137004,ICV_113_CASE_25_with_r_theta_phi.csv,0.6518969796724029,-0.05880218351545875,0.998269654559235,0.9758637379747996,-0.21838032170012822,0.004227373749,0.004393619,-0.00016624527053816455,3.9325898387424236,ICV_113_CASE_25_with_r_theta_phi.csv
14.21087738,-0.6842360753,-2.508350253,0.004227421712,3834.194329,0.672270854,330.9482511,21.9517525,4.560281854,0.000543614383,0.03141295745,335.060869437349,152.342283465922,0.29177605993241,831.324796353616,810.003352604872,0.0006312405364473,0.0314163498458109,0.0005436204477675,317.714231223494,163.4521716395746,19.072951650594405,118.58854641466596,63.93657687550305,0.9680400297064216,14.446765586381703,357.24340835035736,99.99877467677528,ICV_113_CASE_25_with_r_theta_phi.csv,0.8178768889207787,-0.04809304170446756,0.9988428601835287,0.9848114664138501,-0.17362711660279945,0.004227421712,0.0043716617,-0.00014423998085774225,3.4120083268291204,ICV_113_CASE_25_with_r_theta_phi.csv
6.515473845,-0.686032549,-2.507859514,0.004227404948,4089.817405,0.6674652155,332.7068521,246.5026195,14.0870247,0.0005436182515,0.03141454754,335.060869437349,152.342283465922,0.29177605993241,831.324796353616,810.003352604872,0.0006312405364473,0.0314163498458109,0.0005436204477675,317.714231223494,163.4521716395746,19.072951650594405,118.58854641466596,63.93657687550305,0.9680400297064216,7.015083707635059,353.9893137311397,110.94645379250971,ICV_113_CASE_25_with_r_theta_phi.csv,0.39714597734788853,-0.10471395030041743,0.9945023824066395,0.9339149342538288,-0.35749530846944916,0.004227404948,0.0043087034,-8.129840749116109e-05,1.9231279821061937,ICV_113_CASE_25_with_r_theta_phi.csv
8.803023399,-0.6903917563,-2.506662966,0.004227383528,3369.541803,0.6697614131,330.1230468,74.54386065,4.685180281,0.0005436176976,0.0314142026,335.060869437349,152.342283465922,0.29177605993241,831.324796353616,810.003352604872,0.0006312405364473,0.0314163498458109,0.0005436204477675,317.714231223494,163.4521716395746,19.072951650594405,118.58854641466596,63.93657687550305,0.9680400297064216,9.178955330843724,355.51566213406187,105.8481064744119,ICV_113_CASE_25_with_r_theta_phi.csv,0.5196495634019288,-0.07818657965733138,0.9969387437357863,0.9619890434430137,-0.27308804495179856,0.004227383528,0.0043705846,-0.00014320109030019953,3.387463884405921,ICV_113_CASE_25_with_r_theta_phi.csv
5.737860363,-0.717154181,-2.499137827,0.004227404948,4446.9923,0.6669814955,333.5579723,305.9096451,17.65909682,0.0005436183612,0.03141463374,335.060869437349,152.342283465922,0.29177605993241,831.324796353616,810.003352604872,0.0006312405364473,0.0314163498458109,0.0005436204477675,317.714231223494,163.4521716395746,19.072951650594405,118.58854641466596,63.93657687550305,0.9680400297064216,6.2994477172966965,352.87575412632424,113.37349668419556,ICV_113_CASE_25_with_r_theta_phi.csv,0.35663157058479844,-0.12402139109043127,0.9922795445598959,0.9179382362397515,-0.39672332229030133,0.004227404948,0.0043087034,-8.129840749116109e-05,1.9231279821061937,ICV_113_CASE_25_with_r_theta_phi.csv
13.73709538,-0.7213682812,-2.497924699,0.004227418453,3765.042045,0.6725730169,330.9133944,23.48525126,4.810887554,0.0005436141845,0.03141290332,335.060869437349,152.342283465922,0.29177605993241,831.324796353616,810.003352604872,0.0006312405364473,0.0314163498458109,0.0005436204477675,317.714231223494,163.4521716395746,19.072951650594405,118.58854641466596,63.93657687550305,0.9680400297064216,13.98097956075371,356.9940203217319,100.29206357330936,ICV_113_CASE_25_with_r_theta_phi.csv,0.7915072753719504,-0.052440178003012386,0.9986240672700676,0.9839097956010977,-0.17866592881746118,0.004227418453,0.0043716617,-0.00014424323985774267,3.412088049179497,ICV_113_CASE_25_with_r_theta_phi.csv
0.7603485277,-0.7638936873,-2.485249773,0.004227327183,9435.623701,0.6632627112,343.1955544,474.7628837,43.20758574,0.0005436193904,0.03141554103,335.060869437349,152.342283465922,0.29177605993241,831.324796353616,810.003352604872,0.0006312405364473,0.0314163498458109,0.0005436204477675,317.714231223494,163.4521716395746,19.072951650594405,118.58854641466596,63.93657687550305,0.9680400297064216,2.7088982785015943,314.86673881978004,156.55455194142132,ICV_113_CASE_25_with_r_theta_phi.csv,0.15335926115616003,-0.7087494888689997,0.7054602483683483,0.39787574534473225,-0.9174393120345202,0.004227327183,0.003478268,0.0007490592544145899,17.71945302104134,ICV_113_CASE_25_with_r_theta_phi.csv
9.545991868,-0.7996014826,-2.473992213,0.004227373283,3120.269028,0.6718276401,328.688469,32.05671319,1.88534787,0.0005436167007,0.03141380148,335.060869437349,152.342283465922,0.29177605993241,831.324796353616,810.003352604872,0.0006312405364473,0.0314163498458109,0.0005436204477675,317.714231223494,163.4521716395746,19.072951650594405,118.58854641466596,63.93657687550305,0.9680400297064216,9.893733407813396,355.2119075013046,104.48085478202348,ICV_113_CASE_25_with_r_theta_phi.csv,0.5601154009878732,-0.08347074529516865,0.9965102280859284,0.9682312500773131,-0.2500564863660279,0.004227373283,0.0045179636,-0.0002905903387653754,6.874016540370779,ICV_113_CASE_25_with_r_theta_phi.csv
1.413884835,-0.812436975,-2.469806908,0.004227338359,8960.629586,0.6634298454,341.806465,551.8949249,43.44648433,0.0005436192983,0.03141545546,335.060869437349,152.342283465922,0.29177605993241,831.324796353616,810.003352604872,0.0006312405364473,0.0314163498458109,0.0005436204477675,317.714231223494,163.4521716395746,19.072951650594405,118.58854641466596,63.93657687550305,0.9680400297064216,2.9595726596579186,330.1177536764332,146.56533983492176,ICV_113_CASE_25_with_r_theta_phi.csv,0.16755072718129851,-0.4982190991070751,0.8670511687812517,0.5509856671885515,-0.8345147060134931,0.004227338359,0.003478268,0.0007490704304145895,17.719670549735447,ICV_113_CASE_25_with_r_theta_phi.csv
4.087082499,-0.8206787682,-2.467080534,0.004227393307,5466.252975,0.6656688489,335.6402782,434.5277649,25.90482421,0.0005436187005,0.03141491903,335.060869437349,152.342283465922,0.29177605993241,831.324796353616,810.003352604872,0.0006312405364473,0.0314163498458109,0.0005436204477675,317.714231223494,163.4521716395746,19.072951650594405,118.58854641466596,63.93657687550305,0.9680400297064216,4.84399043717554,348.64610032336583,120.61771194206555,ICV_113_CASE_25_with_r_theta_phi.csv,0.27423355110390435,-0.1968685479158787,0.9804298928742908,0.8605846250378999,-0.5093074740747255,0.004227393307,0.003477142,0.0007502513474073004,17.747375101992763,ICV_113_CASE_25_with_r_theta_phi.csv
2.046550123,-0.8215486152,-2.466791007,0.004227351397,8985.944348,0.6636844566,341.0842527,547.9102721,41.81482798,0.0005436192321,0.03141539504,335.060869437349,152.342283465922,0.29177605993241,831.324796353616,810.003352604872,0.0006312405364473,0.0314163498458109,0.0005436204477675,317.714231223494,163.4521716395746,19.072951650594405,118.58854641466596,63.93657687550305,0.9680400297064216,3.308831728163949,338.1279452894171,138.2035428264308,ICV_113_CASE_25_with_r_theta_phi.csv,0.1873233827746274,-0.3725351978698588,0.9280180635893167,0.666486373222697,-0.7455172126171573,0.004227351397,0.003478268,0.0007490834684145894,17.719924318782393,ICV_113_CASE_25_with_r_theta_phi.csv
13.2099342,-0.8247285348,-2.465729678,0.004227411468,3653.16796,0.6731794078,330.5272275,23.86623021,4.768734951,0.0005436139416,0.03141283928,335.060869437349,152.342283465922,0.29177605993241,831.324796353616,810.003352604872,0.0006312405364473,0.0314163498458109,0.0005436204477675,317.714231223494,163.4521716395746,19.072951650594405,118.58854641466596,63.93657687550305,0.9680400297064216,13.463371107171229,356.4275210049827,100.5529169508385,ICV_113_CASE_25_with_r_theta_phi.csv,0.762203831001385,-0.062311127979637046,0.9980567736005328,0.9830861800546954,-0.18314355731356466,0.004227411468,0.0043716617,-0.00014425022485774208,3.412258918147484,ICV_113_CASE_25_with_r_theta_phi.csv
2.722103197,-0.8250427692,-2.465624551,0.004227368161,7861.278516,0.664252063,339.3321922,545.3245193,37.84815358,0.0005436190874,0.03141526404,335.060869437349,152.342283465922,0.29177605993241,831.324796353616,810.003352604872,0.0006312405364473,0.0314163498458109,0.0005436204477675,317.714231223494,163.4521716395746,19.072951650594405,118.58854641466596,63.93657687550305,0.9680400297064216,3.764285564701592,343.1384587137114,130.92000258759634,ICV_113_CASE_25_with_r_theta_phi.csv,0.21310805856569745,-0.29005988504695973,0.9570084968727,0.7556248458827547,-0.6550046505824697,0.004227368161,0.003478268,0.0007491002324145901,17.720250607654314,ICV_113_CASE_25_with_r_theta_phi.csv
5.103462213,-0.8253457535,-2.465523147,0.004227401223,4933.929338,0.6664174943,334.5514694,368.2471509,21.71343664,0.0005436184742,0.03141472645,335.060869437349,152.342283465922,0.29177605993241,831.324796353616,810.003352604872,0.0006312405364473,0.0314163498458109,0.0005436204477675,317.714231223494,163.4521716395746,19.072951650594405,118.58854641466596,63.93657687550305,0.9680400297064216,5.727593435355911,350.81350861243806,115.4970144104891,ICV_113_CASE_25_with_r_theta_phi.csv,0.32425709906498357,-0.1596484463656359,0.987173932786436,0.9026077163547275,-0.4304640639785205,0.004227401223,0.0035742742,0.0006531269754877786,15.449845919043964,ICV_113_CASE_25_with_r_theta_phi.csv
3.450689191,-0.8634672865,-2.452432312,0.004227383062,6365.12843,0.6650554032,337.0745135,507.4244687,31.46374369,0.0005436188726,0.03141507059,335.060869437349,152.342283465922,0.29177605993241,831.324796353616,810.003352604872,0.0006312405364473,0.0314163498458109,0.0005436204477675,317.714231223494,163.4521716395746,19.072951650594405,118.58854641466596,63.93657687550305,0.9680400297064216,4.320561988061457,345.95133356641725,124.58434542695278,ICV_113_CASE_25_with_r_theta_phi.csv,0.2446006184606555,-0.24274596723476177,0.9700898903664855,0.8232914862584831,-0.5676188233791211,0.004227383062,0.003478268,0.00074911513341459,17.72054063354679,ICV_113_CASE_25_with_r_theta_phi.csv
-0.67590025,0.5480256106,-2.450066689,0.004227310885,8254.229451,0.6658639739,338.3307755,332.033114,29.60680429,0.0005436192057,0.03141532441,335.060869437349,152.342283465922,0.29177605993241,831.324796353616,810.003352604872,0.0006312405364473,0.0314163498458109,0.0005436204477675,317.714231223494,163.4521716395746,19.072951650594405,118.58854641466596,63.93657687550305,0.9680400297064216,2.5999999996867285,140.9645699128451,160.44717696985902,ICV_113_CASE_25_with_r_theta_phi.csv,0.1471941867003325,0.6298008357483388,-0.7767566589934675,0.3346757721827186,-0.9423333420366177,0.004227310885,0.0034348262,0.0007924847307381726,18.74678139624701,ICV_113_CASE_25_with_r_theta_phi.csv
10.21632849,-0.8956007707,-2.440880837,0.004227326252,3279.210946,0.6737301532,327.9506648,14.26711159,1.478309885,0.0005436144208,0.03141302613,335.060869437349,152.342283465922,0.29177605993241,831.324796353616,810.003352604872,0.0006312405364473,0.0314163498458109,0.0005436204477675,317.714231223494,163.4521716395746,19.072951650594405,118.58854641466596,63.93657687550305,0.9680400297064216,10.541981209265076,354.99004962405934,103.38770191837494,ICV_113_CASE_25_with_r_theta_phi.csv,0.596814750190356,-0.08732874739975943,0.9961795470082635,0.9728255986377592,-0.2315390995816589,0.004227326252,0.004393619,-0.00016629276753816428,3.9337575948899506,ICV_113_CASE_25_with_r_theta_phi.csv
11.7333558,-0.8969456405,-2.440386961,0.004227377009,3514.716117,0.6747995044,328.7855083,20.59549772,3.518592255,0.0005436133315,0.03141269734,335.060869437349,152.342283465922,0.29177605993241,831.324796353616,810.003352604872,0.0006312405364473,0.0314163498458109,0.0005436204477675,317.714231223494,163.4521716395746,19.072951650594405,118.58854641466596,63.93657687550305,0.9680400297064216,12.017971473207298,355.6285784583119,101.7160428657287,ICV_113_CASE_25_with_r_theta_phi.csv,0.6803752065383413,-0.07622170046369309,0.997090894742512,0.9791659916260536,-0.2030614706018037,0.004227377009,0.0044264384,-0.00019906135240632672,4.708862065896667,ICV_113_CASE_25_with_r_theta_phi.csv
12.67314144,-0.9375648744,-2.425071567,0.004227398895,3547.512536,0.6745081207,329.693733,23.67990627,4.587138006,0.0005436135043,0.03141274926,335.060869437349,152.342283465922,0.29177605993241,831.324796353616,810.003352604872,0.0006312405364473,0.0314163498458109,0.0005436204477675,317.714231223494,163.4521716395746,19.072951650594405,118.58854641466596,63.93657687550305,0.9680400297064216,12.937098359254511,355.76893947479937,100.80406264131682,ICV_113_CASE_25_with_r_theta_phi.csv,0.7324098736469681,-0.07377883892708165,0.9972746276360247,0.9822739617123073,-0.1874509646334442,0.004227398895,0.0044264384,-0.00019903946640632657,4.708319969394404,ICV_113_CASE_25_with_r_theta_phi.csv
-0.9524696299,0.04292032865,-2.418875658,0.004227308556,9941.97626,0.6644687802,342.0497021,324.8676173,35.69722951,0.0005436193014,0.03141541522,335.060869437349,152.342283465922,0.29177605993241,831.324796353616,810.003352604872,0.0006312405364473,0.0314163498458109,0.0005436204477675,317.714231223494,163.4521716395746,19.072951650594405,118.58854641466596,63.93657687550305,0.9680400297064216,2.599999999876577,177.41987448427642,158.4873756144982,ICV_113_CASE_25_with_r_theta_phi.csv,0.14719418671108042,0.045016467303149066,-0.9989862449861582,0.36670622332835734,-0.9303367915826252,0.004227308556,0.00348951,0.0007377986326164068,17.453153056326723,ICV_113_CASE_25_with_r_theta_phi.csv
0.0,0.9568,-2.417547054,0.004227359314,3330.383146,0.6683257419,330.9512404,236.3573205,7.217567421,0.0005436190167,0.03141515527,335.060869437349,152.342283465922,0.29177605993241,831.324796353616,810.003352604872,0.0006312405364473,0.0314163498458109,0.0005436204477675,317.714231223494,163.4521716395746,19.072951650594405,118.58854641466596,63.93657687550305,0.9680400297064216,2.599999999673861,90.0,158.40767512558534,ICV_113_CASE_25_with_r_theta_phi.csv,0.14719418669960405,1.0,6.123233995736766e-17,0.36800000004616135,-0.9298257901166354,0.004227359314,0.0041381554,8.920393932401044e-05,2.110157492586136,ICV_113_CASE_25_with_r_theta_phi.csv
0.4343017733,0.9568,-2.417547054,0.004227365367,3519.311978,0.6698252359,331.205211,274.6204315,12.33243926,0.0005436188295,0.03141499681,335.060869437349,152.342283465922,0.29177605993241,831.324796353616,810.003352604872,0.0006312405364473,0.0314163498458109,0.0005436204477675,317.714231223494,163.4521716395746,19.072951650594405,118.58854641466596,63.93657687550305,0.9680400297064216,2.6360231464453423,65.58619288397745,156.50847613140968,ICV_113_CASE_25_with_r_theta_phi.csv,0.14923357046577856,0.9105840846102686,0.413323874043684,0.3986133979955519,-0.9171190538520284,0.004227365367,0.0041538347,7.353071111907208e-05,1.7393980580831612,ICV_113_CASE_25_with_r_theta_phi.csv
0.8637821701,0.9568,-2.417547054,0.0042273812,2690.968935,0.6702224777,330.5265574,273.2421973,10.51884103,0.0005436186665,0.03141486273,335.060869437349,152.342283465922,0.29177605993241,831.324796353616,810.003352604872,0.0006312405364473,0.0314163498458109,0.0005436204477675,317.714231223494,163.4521716395746,19.072951650594405,118.58854641466596,63.93657687550305,0.9680400297064216,2.7397298472087983,47.9248330332054,151.93366263308803,ICV_113_CASE_25_with_r_theta_phi.csv,0.15510473334119815,0.7422663463694671,0.6701049701705862,0.4704935294435297,-0.8824034444355771,0.0042273812,0.0040741083,0.00015327287878031705,3.625716998127821,ICV_113_CASE_25_with_r_theta_phi.csv
1.305859934,0.9568,-2.417547054,0.004227365367,2760.273263,0.669065144,331.0980446,286.7453812,10.5766142,0.0005436185856,0.03141480658,335.060869437349,152.342283465922,0.29177605993241,831.324796353616,810.003352604872,0.0006312405364473,0.0314163498458109,0.0005436204477675,317.714231223494,163.4521716395746,19.072951650594405,118.58854641466596,63.93657687550305,0.9680400297064216,2.9095137335181223,36.23013133454072,146.19243688397512,ICV_113_CASE_25_with_r_theta_phi.csv,0.16471673375009577,0.5910299590931076,0.806649606368465,0.5564053016640117,-0.830911030303594,0.004227365367,0.0040474427,0.0001799226737367078,4.256142019298196,ICV_113_CASE_25_with_r_theta_phi.csv
1.78462104,0.9568,-2.417547054,0.004227360711,2995.853813,0.6690312714,330.8634547,290.6615524,9.093899289,0.0005436185467,0.03141478352,335.060869437349,152.342283465922,0.29177605993241,831.324796353616,810.003352604872,0.0006312405364473,0.0314163498458109,0.0005436204477675,317.714231223494,163.4521716395746,19.072951650594405,118.58854641466596,63.93657687550305,0.9680400297064216,3.153549152100655,28.197371530989187,140.0505722507585,ICV_113_CASE_25_with_r_theta_phi.csv,0.17853234719958008,0.4725103341894761,0.8813251296111723,0.6421112085056492,-0.7666115025952942,0.004227360711,0.0040474427,0.00017991801773670733,4.256036567354731,ICV_113_CASE_25_with_r_theta_phi.csv
2.319302845,0.9568,-2.417547054,0.004227358848,3277.46373,0.6686986309,330.9155677,289.8126732,8.569915039,0.0005436185296,0.03141477613,335.060869437349,152.342283465922,0.29177605993241,831.324796353616,810.003352604872,0.0006312405364473,0.0314163498458109,0.0005436204477675,317.714231223494,163.4521716395746,19.072951650594405,118.58854641466596,63.93657687550305,0.9680400297064216,3.4841305493808887,22.417996334159,133.93754485397574,ICV_113_CASE_25_with_r_theta_phi.csv,0.1972476010137287,0.3813607530974236,0.9244262956001229,0.7200965837481637,-0.6938738430537815,0.004227358848,0.0040474427,0.0001799161547367074,4.255994372923116,ICV_113_CASE_25_with_r_theta_phi.csv
2.963339648,0.9568,-2.417547054,0.004227375612,3581.761743,0.6682261956,331.4452702,265.9270192,10.10220302,0.000543618528,0.03141477756,335.060869437349,152.342283465922,0.29177605993241,831.324796353616,810.003352604872,0.0006312405364473,0.0314163498458109,0.0005436204477675,317.714231223494,163.4521716395746,19.072951650594405,118.58854641466596,63.93657687550305,0.9680400297064216,3.942255936353301,17.89417606278539,127.82411021289806,ICV_113_CASE_25_with_r_theta_phi.csv,0.22318352168692268,0.3072598896101431,0.9516256408045984,0.78989702954425,-0.6132394986603278,0.004227375612,0.0040474427,0.00017993291873670807,4.256374053523406,ICV_113_CASE_25_with_r_theta_phi.csv
3.724858139,0.9568,-2.417547054,0.004227421712,3273.850964,0.6686894088,331.0992589,191.6061921,8.744329099,0.0005436184724,0.03141472578,335.060869437349,152.342283465922,0.29177605993241,831.324796353616,810.003352604872,0.0006312405364473,0.0314163498458109,0.0005436204477675,317.714231223494,163.4521716395746,19.072951650594405,118.58854641466596,63.93657687550305,0.9680400297064216,4.542528828084487,14.40604602086455,122.15441765940449,ICV_113_CASE_25_with_r_theta_phi.csv,0.2571668601897206,0.24879209355263407,0.9685569132403616,0.8466168343726159,-0.5322029084445993,0.004227421712,0.0040474427,0.00017997901873670775,4.257418136999282,ICV_113_CASE_25_with_r_theta_phi.csv
4.576375658,0.9568,-2.417547054,0.004227453843,3235.134726,0.6691551359,330.937109,137.0778486,7.769388877,0.0005436183855,0.0314146464,335.060869437349,152.342283465922,0.29177605993241,831.324796353616,810.003352604872,0.0006312405364473,0.0314163498458109,0.0005436204477675,317.714231223494,163.4521716395746,19.072951650594405,118.58854641466596,63.93657687550305,0.9680400297064216,5.263384287836013,11.808940749307451,117.34286183558731,ICV_113_CASE_25_with_r_theta_phi.csv,0.29797675755103015,0.20464879721525883,0.9788354661526869,0.8882738774116782,-0.45931418300333704,0.004227453843,0.0040474427,0.0001800111497367073,4.258145833861581,ICV_113_CASE_25_with_r_theta_phi.csv
5.480006273,0.9568,-2.417547054,0.004227434751,3151.618838,0.6688693176,330.9466479,106.0058174,6.519414515,0.0005436182809,0.03141455734,335.060869437349,152.342283465922,0.29177605993241,831.324796353616,810.003352604872,0.0006312405364473,0.0314163498458109,0.0005436204477675,317.714231223494,163.4521716395746,19.072951650594405,118.58854641466596,63.93657687550305,0.9680400297064216,6.065514714385205,9.903914421003265,113.4889656583568,ICV_113_CASE_25_with_r_theta_phi.csv,0.34338788669630904,0.1719964020890186,0.9850975777396027,0.9171368507038157,-0.39857244897394367,0.004227434751,0.0040474427,0.00017999205773670725,4.257713443159661,ICV_113_CASE_25_with_r_theta_phi.csv
6.361926577,0.9568,-2.417547054,0.004227398895,3295.010192,0.6690709568,330.8178736,78.87759677,5.589719583,0.0005436182161,0.03141450177,335.060869437349,152.342283465922,0.29177605993241,831.324796353616,810.003352604872,0.0006312405364473,0.0314163498458109,0.0005436204477675,317.714231223494,163.4521716395746,19.072951650594405,118.58854641466596,63.93657687550305,0.9680400297064216,6.87270760104364,8.552880996515057,110.59503295177068,ICV_113_CASE_25_with_r_theta_phi.csv,0.3890856176487313,0.14872215776508538,0.9888790218169748,0.9360900338474851,-0.3517604988218747,0.004227398895,0.0040474427,0.0001799562017367074,4.256901375145446,ICV_113_CASE_25_with_r_theta_phi.csv
7.22317568,0.9568,-2.417547054,0.004227377009,3425.575227,0.6697334085,330.4502028,54.92626885,4.613226072,0.0005436181627,0.03141445789,335.060869437349,152.342283465922,0.29177605993241,831.324796353616,810.003352604872,0.0006312405364473,0.0314163498458109,0.0005436204477675,317.714231223494,163.4521716395746,19.072951650594405,118.58854641466596,63.93657687550305,0.9680400297064216,7.676865695220123,7.545614955386725,108.35557943677372,ICV_113_CASE_25_with_r_theta_phi.csv,0.43461153944298464,0.1313154709185149,0.9913406312148457,0.949120444441074,-0.3149132927394112,0.004227377009,0.0040474427,0.00017993431573670726,4.256405693437483,ICV_113_CASE_25_with_r_theta_phi.csv
8.074603523,0.9568,-2.417547054,0.004227369092,3373.56372,0.6730043232,328.5752782,35.22459726,3.252845322,0.0005436180371,0.03141436398,335.060869437349,152.342283465922,0.29177605993241,831.324796353616,810.003352604872,0.0006312405364473,0.0314163498458109,0.0005436204477675,317.714231223494,163.4521716395746,19.072951650594405,118.58854641466596,63.93657687550305,0.9680400297064216,8.482878170287966,6.757751266436344,106.55833260890024,ICV_113_CASE_25_with_r_theta_phi.csv,0.48024244357845697,0.11767174376771669,0.9930525468063938,0.9585300830894706,-0.28499136796136904,0.004227369092,0.004063633,0.00016373628709959263,3.8732432275837856,ICV_113_CASE_25_with_r_theta_phi.csv
8.941254231,0.9568,-2.417547054,0.004227355123,3303.544007,0.6743452382,327.7093978,21.92083368,2.242924575,0.0005436178149,0.03141420954,335.060869437349,152.342283465922,0.29177605993241,831.324796353616,810.003352604872,0.0006312405364473,0.0314163498458109,0.0005436204477675,317.714231223494,163.4521716395746,19.072951650594405,118.58854641466596,63.93657687550305,0.9680400297064216,9.311607123460456,6.107954795124442,105.04794629417428,ICV_113_CASE_25_with_r_theta_phi.csv,0.5271593990676648,0.10640212157294549,0.9943231811261247,0.9657089029766264,-0.2596272611103865,0.004227355123,0.004064252,0.0001631029885874732,3.858275063324753,ICV_113_CASE_25_with_r_theta_phi.csv
9.825746321,0.9568,-2.417547054,0.004227357917,3235.220605,0.6728175859,328.3319568,15.35268014,1.663884645,0.0005436175726,0.03141404189,335.060869437349,152.342283465922,0.29177605993241,831.324796353616,810.003352604872,0.0006312405364473,0.0314163498458109,0.0005436204477675,317.714231223494,163.4521716395746,19.072951650594405,118.58854641466596,63.93657687550305,0.9680400297064216,10.16392103289617,5.5617461604794585,103.76001943737695,ICV_113_CASE_25_with_r_theta_phi.csv,0.5754115731937751,0.09691840906030952,0.9952923299137889,0.9713004903134106,-0.23785574938800222,0.004227357917,0.00407313,0.00015422795014495127,3.6483295982167,ICV_113_CASE_25_with_r_theta_phi.csv
10.70826489,0.9568,-2.417547054,0.004227404483,3168.129962,0.676378024,326.3203337,8.314461036,0.6949803288,0.0005436166342,0.03141366531,335.060869437349,152.342283465922,0.29177605993241,831.324796353616,810.003352604872,0.0006312405364473,0.0314163498458109,0.0005436204477675,317.714231223494,163.4521716395746,19.072951650594405,118.58854641466596,63.93657687550305,0.9680400297064216,11.019389137003502,5.105907156987541,102.67322473017816,ICV_113_CASE_25_with_r_theta_phi.csv,0.6238423162119775,0.08899698756913584,0.9960318951738539,0.97563717520552,-0.21939029686153758,0.004227404483,0.00407313,0.00015427451614495082,3.649390937840307,ICV_113_CASE_25_with_r_theta_phi.csv
11.50279416,0.9568,-2.417547054,0.004227401223,3252.948737,0.6763433215,326.2441374,10.38158508,0.9962339943,0.0005436142347,0.03141294835,335.060869437349,152.342283465922,0.29177605993241,831.324796353616,810.003352604872,0.0006312405364473,0.0314163498458109,0.0005436204477675,317.714231223494,163.4521716395746,19.072951650594405,118.58854641466596,63.93657687550305,0.9680400297064216,11.792975599297838,4.75490485335331,101.82943479680996,ICV_113_CASE_25_with_r_theta_phi.csv,0.667637481663332,0.08289351903597388,0.9965584099799834,0.9787622029945952,-0.204998902409664,0.004227401223,0.00407313,0.00015427125614495083,3.6493166361667972,ICV_113_CASE_25_with_r_theta_phi.csv
12.19991139,0.9568,-2.417547054,0.004227407277,3336.817746,0.6752795906,327.0191058,17.7568164,2.298495319,0.0005436135723,0.03141276509,335.060869437349,152.342283465922,0.29177605993241,831.324796353616,810.003352604872,0.0006312405364473,0.0314163498458109,0.0005436204477675,317.714231223494,163.4521716395746,19.072951650594405,118.58854641466596,63.93657687550305,0.9680400297064216,12.47388623974725,4.484345573967232,101.1751366526895,ICV_113_CASE_25_with_r_theta_phi.csv,0.7061859770281897,0.07818671377598492,0.9969387332172986,0.9810393504517573,-0.19380865012995208,0.004227407277,0.00407313,0.00015427731014495093,3.6494546183858585,ICV_113_CASE_25_with_r_theta_phi.csv
12.8012041,0.9568,-2.417547054,0.004227405414,3337.160104,0.6739358466,327.9685899,22.16549235,3.258815015,0.0005436138618,0.03141284413,335.060869437349,152.342283465922,0.29177605993241,831.324796353616,810.003352604872,0.0006312405364473,0.0314163498458109,0.0005436204477675,317.714231223494,163.4521716395746,19.072951650594405,118.58854641466596,63.93657687550305,0.9680400297064216,13.062573498670194,4.274508626365048,100.6654660980758,ICV_113_CASE_25_with_r_theta_phi.csv,0.739513416377594,0.07453506337714483,0.9972183934963118,0.9827245249465189,-0.18507433119868064,0.004227405414,0.004064252,0.00016315327958747305,3.859418805884106,ICV_113_CASE_25_with_r_theta_phi.csv
13.310385,0.9568,-2.417547054,0.004227400292,3392.865389,0.6727913105,328.7571781,24.73537647,3.911556037,0.0005436140657,0.03141289937,335.060869437349,152.342283465922,0.29177605993241,831.324796353616,810.003352604872,0.0006312405364473,0.0314163498458109,0.0005436204477675,317.714231223494,163.4521716395746,19.072951650594405,118.58854641466596,63.93657687550305,0.9680400297064216,13.561944876990507,4.111561704629821,100.26840360702624,ICV_113_CASE_25_with_r_theta_phi.csv,0.7677844024938014,0.071698716264663,0.9974263351676651,0.9839834907885263,-0.17825961364152607,0.004227400292,0.004064252,0.0001631481575874727,3.8593023200954937,ICV_113_CASE_25_with_r_theta_phi.csv
13.77089727,0.9568,-2.417547054,0.004227395635,3520.852715,0.6727524012,328.950204,25.58516252,4.285416036,0.0005436142358,0.03141294474,335.060869437349,152.342283465922,0.29177605993241,831.324796353616,810.003352604872,0.0006312405364473,0.0314163498458109,0.0005436204477675,317.714231223494,163.4521716395746,19.072951650594405,118.58854641466596,63.93657687550305,0.9680400297064216,14.01419322041756,3.974515299338634,99.9336160293496,ICV_113_CASE_25_with_r_theta_phi.csv,0.7933876052266239,0.06931275841382377,0.997594978696799,0.9850082840188288,-0.1725070445352373,0.004227395635,0.004064252,0.00016314350058747266,3.8591964092066977,ICV_113_CASE_25_with_r_theta_phi.csv
14.20123174,0.9568,-2.417547054,0.004227398895,3597.175253,0.673040997,328.8086393,24.4156294,4.180763708,0.0005436143911,0.03141298614,335.060869437349,152.342283465922,0.29177605993241,831.324796353616,810.003352604872,0.0006312405364473,0.0314163498458109,0.0005436204477675,317.714231223494,163.4521716395746,19.072951650594405,118.58854641466596,63.93657687550305,0.9680400297064216,14.437277545697023,3.854445776720752,99.63968998383768,ICV_113_CASE_25_with_r_theta_phi.csv,0.8173397410622674,0.06722203923004724,0.9977380404904657,0.9858802763126302,-0.16745172670871997,0.004227398895,0.004064252,0.00016314676058747264,3.8592705491275843,ICV_113_CASE_25_with_r_theta_phi.csv
14.62880953,0.9568,-2.417547054,0.004227397032,3710.084784,0.6738013962,328.3432827,21.62102147,3.78920242,0.0005436145482,0.03141302899,335.060869437349,152.342283465922,0.29177605993241,831.324796353616,810.003352604872,0.0006312405364473,0.0314163498458109,0.0005436204477675,317.714231223494,163.4521716395746,19.072951650594405,118.58854641466596,63.93657687550305,0.9680400297064216,14.858064081949667,3.742111108498421,99.36419603692492,ICV_113_CASE_25_with_r_theta_phi.csv,0.8411617918259676,0.06526573627831066,0.9978679189492214,0.9866740308844487,-0.16270942436820937,0.004227397032,0.004064252,0.0001631448975874727,3.8592281802236084,ICV_113_CASE_25_with_r_theta_phi.csv
15.08,0.9568,-2.417547054,0.004227384925,3754.99199,0.6741145463,328.0041742,18.54879731,3.14153204,0.000543614709,0.03141307593,335.060869437349,152.342283465922,0.29177605993241,831.324796353616,810.003352604872,0.0006312405364473,0.0314163498458109,0.0005436204477675,317.714231223494,163.4521716395746,19.072951650594405,118.58854641466596,63.93657687550305,0.9680400297064216,15.302496528289234,3.6304519593369946,99.08988999965408,ICV_113_CASE_25_with_r_theta_phi.csv,0.8663225120144575,0.0633209488218752,0.9979932151273863,0.9874416988116798,-0.15798383286875847,0.004227384925,0.004064252,0.00016313279058747295,3.858952838293603,ICV_113_CASE_25_with_r_theta_phi.csv
14.59638346,-0.9711728862,-2.411809119,0.004227422643,3964.511056,0.6721532622,330.4173004,18.19170224,4.021977349,0.000543614348,0.03141295242,335.060869437349,152.342283465922,0.29177605993241,831.324796353616,810.003352604872,0.0006312405364473,0.0314163498458109,0.0005436204477675,317.714231223494,163.4521716395746,19.072951650594405,118.58854641466596,63.93657687550305,0.9680400297064216,14.826139420386657,356.1934259756303,99.36206734684735,ICV_113_CASE_25_with_r_theta_phi.csv,0.8393544362124996,-0.06638838607791653,0.9977938575647625,0.9866800752898788,-0.16267276670038888,0.004227422643,0.0043716617,-0.00014423904985774207,3.4119855525318994,ICV_113_CASE_25_with_r_theta_phi.csv
16.05892671,-0.01309670644,-2.408636747,0.004227387719,3902.431392,0.6714292636,329.1256012,15.93309688,2.614501776,0.0005436152421,0.03141322949,335.060869437349,152.342283465922,0.29177605993241,831.324796353616,810.003352604872,0.0006312405364473,0.0314163498458109,0.0005436204477675,317.714231223494,163.4521716395746,19.072951650594405,118.58854641466596,63.93657687550305,0.9680400297064216,16.238559960164874,359.9532729769727,98.53005706230886,ICV_113_CASE_25_with_r_theta_phi.csv,0.9193160103111723,-0.0008155403110778886,0.9999996674469452,0.9889381872432894,-0.1483282232481624,0.004227387719,0.00438632,-0.00015893205985961518,3.7595808661623105,ICV_113_CASE_25_with_r_theta_phi.csv
15.93708765,0.5115130533,-2.400782195,0.004227387719,3920.552421,0.67237723,328.6854302,17.36428785,2.75513086,0.0005436151716,0.03141321268,335.060869437349,152.342283465922,0.29177605993241,831.324796353616,810.003352604872,0.0006312405364473,0.0314163498458109,0.0005436204477675,317.714231223494,163.4521716395746,19.072951650594405,118.58854641466596,63.93657687550305,0.9680400297064216,16.125016698140435,1.838320926199856,98.5623488546404,ICV_113_CASE_25_with_r_theta_phi.csv,0.912887968730017,0.032079248312001804,0.9994853284704768,0.9888544326787276,-0.14888556334188927,0.004227387719,0.0043243766,-9.698886409936509e-05,2.294297815185144,ICV_113_CASE_25_with_r_theta_phi.csv
10.81334299,-1.009129334,-2.3961757,0.004227360245,3577.05476,0.6742260264,328.3455327,15.64274122,2.532846923,0.0005436131369,0.03141263581,335.060869437349,152.342283465922,0.29177605993241,831.324796353616,810.003352604872,0.0006312405364473,0.0314163498458109,0.0005436204477675,317.714231223494,163.4521716395746,19.072951650594405,118.58854641466596,63.93657687550305,0.9680400297064216,11.121528070251497,354.6684505123712,102.4421532436226,ICV_113_CASE_25_with_r_theta_phi.csv,0.6296247228318581,-0.092918861688978,0.9956736840664338,0.9765140304765599,-0.21545381937302538,0.004227360245,0.004393619,-0.00016625877453816437,3.9329218439682596,ICV_113_CASE_25_with_r_theta_phi.csv
-0.4405481691,0.9568,-2.377067746,0.004227343481,4918.73256,0.6682919818,332.0848967,267.6266495,12.05020745,0.00054361913,0.0314152516,335.060869437349,152.342283465922,0.29177605993241,831.324796353616,810.003352604872,0.0006312405364473,0.0314163498458109,0.0005436204477675,317.714231223494,163.4521716395746,19.072951650594405,118.58854641466596,63.93657687550305,0.9680400297064216,2.599999999686708,114.72319340881018,156.10040592013684,ICV_113_CASE_25_with_r_theta_phi.csv,0.14719418670033135,0.9083389499404229,-0.41823480488970544,0.4051351096069134,-0.9142568254947809,0.004227343481,0.0041381554,8.918810632401082e-05,2.1097908581068268,ICV_113_CASE_25_with_r_theta_phi.csv
13.99979054,-1.065954994,-2.371442588,0.00422742404,3858.454702,0.672802208,330.7086064,20.52124196,4.44796859,0.0005436140539,0.03141287319,335.060869437349,152.342283465922,0.29177605993241,831.324796353616,810.003352604872,0.0006312405364473,0.0314163498458109,0.0005436204477675,317.714231223494,163.4521716395746,19.072951650594405,118.58854641466596,63.93657687550305,0.9680400297064216,14.239176070309936,355.6458558618171,99.5869127712055,ICV_113_CASE_25_with_r_theta_phi.csv,0.8061245927710168,-0.07592102665907545,0.9971138338780743,0.9860341038707752,-0.16654352585362625,0.00422742404,0.0043716617,-0.000144237652857742,3.4119513788737996,ICV_113_CASE_25_with_r_theta_phi.csv
15.55591108,0.9568,-2.370241001,0.004227385856,3838.887597,0.6736659296,328.0805325,17.93139925,2.739427071,0.0005436149303,0.03141314273,335.060869437349,152.342283465922,0.29177605993241,831.324796353616,810.003352604872,0.0006312405364473,0.0314163498458109,0.0005436204477675,317.714231223494,163.4521716395746,19.072951650594405,118.58854641466596,63.93657687550305,0.9680400297064216,15.764513255146454,3.5196670174164524,98.6473808090966,ICV_113_CASE_25_with_r_theta_phi.csv,0.8924787336913391,0.061391149901327866,0.9981137844523502,0.9886323845616157,-0.15035294541848354,0.004227385856,0.00407313,0.00015425588914495109,3.6489663911214403,ICV_113_CASE_25_with_r_theta_phi.csv
15.55916369,-0.9585008001,-2.368898136,0.00422741333,3939.227176,0.6720267712,328.9757916,13.90708281,2.774152782,0.0005436147621,0.0314130768,335.060869437349,152.342283465922,0.29177605993241,831.324796353616,810.003352604872,0.0006312405364473,0.0314163498458109,0.0005436204477675,317.714231223494,163.4521716395746,19.072951650594405,118.58854641466596,63.93657687550305,0.9680400297064216,15.76762432628172,356.47482744477617,98.64072584213396,ICV_113_CASE_25_with_r_theta_phi.csv,0.8926548612242535,-0.061487058133589526,0.9981078807834736,0.9886498415504796,-0.15023811368028908,0.00422741333,0.00438632,-0.0001589064488596156,3.7589522579762993,ICV_113_CASE_25_with_r_theta_phi.csv
-0.5628528086,-0.922148202,-2.364918478,0.004227316938,11783.26013,0.6632404253,345.6970332,389.5261421,43.90851343,0.0005436194553,0.03141558408,335.060869437349,152.342283465922,0.29177605993241,831.324796353616,810.003352604872,0.0006312405364473,0.0314163498458109,0.0005436204477675,317.714231223494,163.4521716395746,19.072951650594405,118.58854641466596,63.93657687550305,0.9680400297064216,2.599999999651265,238.6013063262788,155.44793072474351,ICV_113_CASE_25_with_r_theta_phi.csv,0.1471941866983248,-0.8535626759140036,-0.5209901710075975,0.41552002616843664,-0.9095840301220013,0.004227316938,0.0034860861,0.0007412307892313364,17.534308402404278,ICV_113_CASE_25_with_r_theta_phi.csv
14.58866814,0.9568,-2.363502597,0.002108475426,3595.076367,0.673858787,328.245299,33.45739329,3.951627131,0.0005436143641,0.03141300036,335.060869437349,152.342283465922,0.29177605993241,831.324796353616,810.003352604872,0.0006312405364473,0.0314163498458109,0.0005436204477675,317.714231223494,163.4521716395746,19.072951650594405,118.58854641466596,63.93657687550305,0.9680400297064216,14.80982271551813,3.752378322203697,99.18311088177056,ICV_113_CASE_25_with_r_theta_phi.csv,0.8384306961728683,0.06544454985177318,0.9978562075242599,0.9871833504792286,-0.1595902018815834,0.002108475426,0.0020347189,7.375655674600684e-05,3.498098948724758,ICV_113_CASE_25_with_r_theta_phi.csv
14.1656879,0.9568,-2.362873576,0.002101133578,3505.88646,0.6728112454,328.8772456,36.08916707,4.334086499,0.0005436142034,0.03141295864,335.060869437349,152.342283465922,0.29177605993241,831.324796353616,810.003352604872,0.0006312405364473,0.0314163498458109,0.0005436204477675,317.714231223494,163.4521716395746,19.072951650594405,118.58854641466596,63.93657687550305,0.9680400297064216,14.393239783188683,3.86408789809434,99.44876079517805,ICV_113_CASE_25_with_r_theta_phi.csv,0.8148466246633064,0.06738994438437396,0.9977267137828228,0.9864328080124324,-0.16416551183701095,0.002101133578,0.0020347189,6.641470874600708e-05,3.1608989266458756,ICV_113_CASE_25_with_r_theta_phi.csv
15.03110036,0.9568,-2.36117938,0.002123286715,3659.691355,0.6748999074,327.5735138,31.14638971,3.41574676,0.0005436145187,0.03141304267,335.060869437349,152.342283465922,0.29177605993241,831.324796353616,810.003352604872,0.0006312405364473,0.0314163498458109,0.0005436204477675,317.714231223494,163.4521716395746,19.072951650594405,118.58854641466596,63.93657687550305,0.9680400297064216,15.245478422697312,3.642230916743017,98.90968334044813,ICV_113_CASE_25_with_r_theta_phi.csv,0.8630945375218392,0.06352611651350235,0.9979801764167027,0.9879337046495466,-0.1548773554055677,0.002123286715,0.0020374572,8.582952454599382e-05,4.042295555245862,ICV_113_CASE_25_with_r_theta_phi.csv
0.9014681731,0.9568,-2.360705436,0.002097269287,2332.784718,0.6687886228,330.8434952,421.3527264,9.939198911,0.0005436185564,0.03141476985,335.060869437349,152.342283465922,0.29177605993241,831.324796353616,810.003352604872,0.0006312405364473,0.0314163498458109,0.0005436204477675,317.714231223494,163.4521716395746,19.072951650594405,118.58854641466596,63.93657687550305,0.9680400297064216,2.7020439046529576,46.70553624215347,150.88842725359098,ICV_113_CASE_25_with_r_theta_phi.csv,0.15297121346996323,0.7278390219063922,0.6857480282074068,0.48651185722459067,-0.8736739739627589,0.002097269287,0.0020206484,7.662083920329747e-05,3.653361999896766,ICV_113_CASE_25_with_r_theta_phi.csv
0.4767410966,0.9568,-2.360373971,0.002102400176,3026.349563,0.6684958409,331.2114825,506.0672901,12.10916087,0.0005436186603,0.03141484622,335.060869437349,152.342283465922,0.29177605993241,831.324796353616,810.003352604872,0.0006312405364473,0.0314163498458109,0.0005436204477675,317.714231223494,163.4521716395746,19.072951650594405,118.58854641466596,63.93657687550305,0.9680400297064216,2.5911606658333017,63.514475634000576,155.63461666960131,ICV_113_CASE_25_with_r_theta_phi.csv,0.1466937641781461,0.8950470637893265,0.4459716959652318,0.41255414228699383,-0.9109330818901259,0.002102400176,0.002111361,-8.960720378755477e-06,0.42621383296979604,ICV_113_CASE_25_with_r_theta_phi.csv
13.73808081,0.9568,-2.360321649,0.00209394563,3424.213949,0.672932959,328.8218244,36.41804029,4.373797777,0.0005436140303,0.03141291365,335.060869437349,152.342283465922,0.29177605993241,831.324796353616,810.003352604872,0.0006312405364473,0.0314163498458109,0.0005436204477675,317.714231223494,163.4521716395746,19.072951650594405,118.58854641466596,63.93657687550305,0.9680400297064216,13.972166935333558,3.983978776660479,99.72562734573016,ICV_113_CASE_25_with_r_theta_phi.csv,0.7910083648982695,0.06947752907100285,0.9975835167815214,0.9856280082982636,-0.16893024968311024,0.00209394563,0.0020347189,5.9226760746006885e-05,2.8284765310607476,ICV_113_CASE_25_with_r_theta_phi.csv
0.04836471128,0.9568,-2.359473879,0.002117133932,3276.134758,0.6671191077,331.7003291,412.5834207,9.855840018,0.0005436188728,0.03141502278,335.060869437349,152.342283465922,0.29177605993241,831.324796353616,810.003352604872,0.0006312405364473,0.0314163498458109,0.0005436204477675,317.714231223494,163.4521716395746,19.072951650594405,118.58854641466596,63.93657687550305,0.9680400297064216,2.546551073703511,87.10625285638338,157.90127977511247,ICV_113_CASE_25_with_r_theta_phi.csv,0.1441682747037733,0.9987248725926691,0.050483946604409205,0.3762035678338821,-0.9265370340947293,0.002117133932,0.002111361,5.773035621244385e-06,0.2726816443333812,ICV_113_CASE_25_with_r_theta_phi.csv
1.340700678,0.9568,-2.358531515,0.002091777977,2365.851314,0.6681670995,331.0690816,430.9028045,9.408346362,0.0005436184825,0.03141472084,335.060869437349,152.342283465922,0.29177605993241,831.324796353616,810.003352604872,0.0006312405364473,0.0314163498458109,0.0005436204477675,317.714231223494,163.4521716395746,19.072951650594405,118.58854641466596,63.93657687550305,0.9680400297064216,2.8767369457838607,35.51380584715497,145.07112822784143,ICV_113_CASE_25_with_r_theta_phi.csv,0.16286113659095142,0.5808991060820486,0.8139755699976976,0.5725590814567327,-0.819863463170193,0.002091777977,0.0020206484,7.112952920329757e-05,3.400433982544661,ICV_113_CASE_25_with_r_theta_phi.csv
13.27954293,0.9568,-2.356530828,0.002092772163,3338.361297,0.6729848794,328.6659371,34.84236882,4.034586118,0.0005436138307,0.03141286106,335.060869437349,152.342283465922,0.29177605993241,831.324796353616,810.003352604872,0.0006312405364473,0.0314163498458109,0.0005436204477675,317.714231223494,163.4521716395746,19.072951650594405,118.58854641466596,63.93657687550305,0.9680400297064216,13.520908409312865,4.121078046711318,100.03722137165148,ICV_113_CASE_25_with_r_theta_phi.csv,0.7654611988454965,0.07186437931315744,0.9974144128625446,0.9846947371942409,-0.17428790704453564,0.002092772163,0.0020347189,5.805329374600687e-05,2.7739901526139983,ICV_113_CASE_25_with_r_theta_phi.csv
1.817539768,0.9568,-2.354598518,0.0020904548,2565.955042,0.6681150081,330.844508,410.018788,7.152948211,0.0005436184531,0.0314147052,335.060869437349,152.342283465922,0.29177605993241,831.324796353616,810.003352604872,0.0006312405364473,0.0314163498458109,0.0005436204477675,317.714231223494,163.4521716395746,19.072951650594405,118.58854641466596,63.93657687550305,0.9680400297064216,3.124588169539994,27.76348052589651,138.90064875509177,ICV_113_CASE_25_with_r_theta_phi.csv,0.1768927747862829,0.46582272693933763,0.8848780633888487,0.6573667132196838,-0.753570835655647,0.0020904548,0.0020206484,6.980635220329772e-05,3.3392901951242773,ICV_113_CASE_25_with_r_theta_phi.csv
12.77212028,0.9568,-2.351857523,0.00208898331,3295.733538,0.6733619086,328.260257,31.51366021,3.360789395,0.00054361359,0.0314127965,335.060869437349,152.342283465922,0.29177605993241,831.324796353616,810.003352604872,0.0006312405364473,0.0314163498458109,0.0005436204477675,317.714231223494,163.4521716395746,19.072951650594405,118.58854641466596,63.93657687550305,0.9680400297064216,13.022048859349244,4.284206052672857,100.40504779228928,ICV_113_CASE_25_with_r_theta_phi.csv,0.7372191889441747,0.07470384353429077,0.9972057640031992,0.9835555631521272,-0.18060579778208058,0.00208898331,0.0020374572,5.152611954599385e-05,2.4665644418828894,ICV_113_CASE_25_with_r_theta_phi.csv
2.350504999,0.9568,-2.349107893,0.002084637992,2829.330489,0.6678785301,330.8626304,383.8219521,6.106045549,0.0005436184458,0.03141470475,335.060869437349,152.342283465922,0.29177605993241,831.324796353616,810.003352604872,0.0006312405364473,0.0314163498458109,0.0005436204477675,317.714231223494,163.4521716395746,19.072951650594405,118.58854641466596,63.93657687550305,0.9680400297064216,3.4581278003102907,22.14934413563651,132.78900465218828,ICV_113_CASE_25_with_r_theta_phi.csv,0.19577550351300538,0.3770220663135196,0.9262042763411774,0.7338602391895936,-0.6793004853057243,0.002084637992,0.0020206484,6.398954420329742e-05,3.0695758408974476,ICV_113_CASE_25_with_r_theta_phi.csv
12.17293728,0.9568,-2.346496637,0.002095342847,3298.533618,0.6737055792,327.7914582,26.49696812,2.340938159,0.0005436132193,0.0314126967,335.060869437349,152.342283465922,0.29177605993241,831.324796353616,810.003352604872,0.0006312405364473,0.0314163498458109,0.0005436204477675,317.714231223494,163.4521716395746,19.072951650594405,118.58854641466596,63.93657687550305,0.9680400297064216,12.43390183049014,4.49424180702556,100.87795672236922,ICV_113_CASE_25_with_r_theta_phi.csv,0.7039223337197271,0.0783589057116122,0.9969252137927291,0.9820313902907032,-0.18871764221637743,0.002095342847,0.0020374572,5.788565654599393e-05,2.762586399702829,ICV_113_CASE_25_with_r_theta_phi.csv
2.992487989,0.9568,-2.342140518,0.002091435483,3073.970425,0.6675884846,331.2322976,373.9329942,7.831405307,0.0005436184353,0.03141469896,335.060869437349,152.342283465922,0.29177605993241,831.324796353616,810.003352604872,0.0006312405364473,0.0314163498458109,0.0005436204477675,317.714231223494,163.4521716395746,19.072951650594405,118.58854641466596,63.93657687550305,0.9680400297064216,3.918682535032224,17.730842873355527,126.70432738073008,ICV_113_CASE_25_with_r_theta_phi.csv,0.2218489572116786,0.3045458437572193,0.9524976792886182,0.8017305050975861,-0.5976857010134753,0.002091435483,0.0020206484,7.078703520329742e-05,3.384614813358375,ICV_113_CASE_25_with_r_theta_phi.csv
11.47877057,0.9568,-2.340881993,0.002099956153,3234.513569,0.6747604745,327.0393358,15.44279445,1.022241106,0.0005436145479,0.03141305089,335.060869437349,152.342283465922,0.29177605993241,831.324796353616,810.003352604872,0.0006312405364473,0.0314163498458109,0.0005436204477675,317.714231223494,163.4521716395746,19.072951650594405,118.58854641466596,63.93657687550305,0.9680400297064216,11.754036266059831,4.764810486725196,101.48758441471944,ICV_113_CASE_25_with_r_theta_phi.csv,0.6654330033989813,0.08306580871067987,0.9965440639646802,0.9799678832181777,-0.19915558706921552,0.002099956153,0.0023960082,-0.00029605207960843767,14.098012429665124,ICV_113_CASE_25_with_r_theta_phi.csv
12.1971663,-1.133512368,-2.339903782,0.004227387719,3341.599088,0.675612387,328.7676264,23.76470754,4.206801024,0.0005436126338,0.03141260244,335.060869437349,152.342283465922,0.29177605993241,831.324796353616,810.003352604872,0.0006312405364473,0.0314163498458109,0.0005436204477675,317.714231223494,163.4521716395746,19.072951650594405,118.58854641466596,63.93657687550305,0.9680400297064216,12.471201455645025,354.6906133630595,100.81418903380676,ICV_113_CASE_25_with_r_theta_phi.csv,0.7060339829464818,-0.09253371351359135,0.9957095519594982,0.9822408164955383,-0.18762456771483377,0.004227387719,0.0044264384,-0.00019905064240632615,4.708596788144289,ICV_113_CASE_25_with_r_theta_phi.csv
10.68819267,0.9568,-2.335387214,0.002103870967,3153.150742,0.6744328036,327.2625812,13.74501717,0.7741801162,0.0005436168098,0.03141369042,335.060869437349,152.342283465922,0.29177605993241,831.324796353616,810.003352604872,0.0006312405364473,0.0314163498458109,0.0005436204477675,317.714231223494,163.4521716395746,19.072951650594405,118.58854641466596,63.93657687550305,0.9680400297064216,10.982120115458418,5.115445124860855,102.27790459992808,ICV_113_CASE_25_with_r_theta_phi.csv,0.6217323995519364,0.0891627947123531,0.9960170661384687,0.9771276542834403,-0.2126535850498214,0.002103870967,0.0023960082,-0.0002921372656084376,13.885702595447272,ICV_113_CASE_25_with_r_theta_phi.csv
3.750766562,0.9568,-2.334482667,0.002099077916,2989.953879,0.6678865008,331.2201351,292.2742928,8.106460911,0.0005436183923,0.0314146588,335.060869437349,152.342283465922,0.29177605993241,831.324796353616,810.003352604872,0.0006312405364473,0.0314163498458109,0.0005436204477675,317.714231223494,163.4521716395746,19.072951650594405,118.58854641466596,63.93657687550305,0.9680400297064216,4.520345713011421,14.310636740582936,121.09368608041656,ICV_113_CASE_25_with_r_theta_phi.csv,0.2559110041966232,0.2471789025001993,0.9689698602943215,0.8563240006948919,-0.5164389662234007,0.002099077916,0.0020206484,7.84294682032974e-05,3.7363771762883733,ICV_113_CASE_25_with_r_theta_phi.csv
13.47957908,-1.149003335,-2.332336026,0.004227421712,3690.877979,0.6738159393,330.1581962,21.79858752,4.542874205,0.0005436136341,0.03141278014,335.060869437349,152.342283465922,0.29177605993241,831.324796353616,810.003352604872,0.0006312405364473,0.0314163498458109,0.0005436204477675,317.714231223494,163.4521716395746,19.072951650594405,118.58854641466596,63.93657687550305,0.9680400297064216,13.728038904956245,355.12786806925493,99.78176017151787,ICV_113_CASE_25_with_r_theta_phi.csv,0.7771875084034725,-0.08493230109785183,0.9963867242342321,0.985462033903761,-0.16989579080796133,0.004227421712,0.0043716617,-0.00014423998085774225,3.4120083268291204,ICV_113_CASE_25_with_r_theta_phi.csv
9.81071064,0.9568,-2.329136993,0.002109043067,3171.442115,0.6719611004,328.6712509,28.30214544,1.694983207,0.0005436172652,0.03141388267,335.060869437349,152.342283465922,0.29177605993241,831.324796353616,810.003352604872,0.0006312405364473,0.0314163498458109,0.0005436204477675,317.714231223494,163.4521716395746,19.072951650594405,118.58854641466596,63.93657687550305,0.9680400297064216,10.128691358412018,5.570216404991697,103.2943862221092,ICV_113_CASE_25_with_r_theta_phi.csv,0.5734171103922224,0.09706554570381913,0.9952779912352225,0.9732014081278181,-0.22995438508111127,0.002109043067,0.0021764599,-6.741681168309036e-05,3.196559269271895,ICV_113_CASE_25_with_r_theta_phi.csv
4.597592692,0.9568,-2.32737313,0.002104111016,2981.378646,0.6681988319,331.1327126,200.2439381,7.197278574,0.0005436183173,0.03141459061,335.060869437349,152.342283465922,0.29177605993241,831.324796353616,810.003352604872,0.0006312405364473,0.0314163498458109,0.0005436204477675,317.714231223494,163.4521716395746,19.072951650594405,118.58854641466596,63.93657687550305,0.9680400297064216,5.241182165101477,11.7559647050507,116.36289357988728,ICV_113_CASE_25_with_r_theta_phi.csv,0.29671982547436676,0.20374367233381846,0.9790242673110455,0.895999531105401,-0.44405499688541,0.002104111016,0.0020206484,8.346256820329764e-05,3.9666428020654974,ICV_113_CASE_25_with_r_theta_phi.csv
8.93179067,0.9568,-2.323743533,0.002110496862,3204.53499,0.6737334459,327.8848525,41.95227946,2.268351923,0.0005436175106,0.03141404608,335.060869437349,152.342283465922,0.29177605993241,831.324796353616,810.003352604872,0.0006312405364473,0.0314163498458109,0.0005436204477675,317.714231223494,163.4521716395746,19.072951650594405,118.58854641466596,63.93657687550305,0.9680400297064216,9.278584742290086,6.114377401745855,104.50364484691846,ICV_113_CASE_25_with_r_theta_phi.csv,0.525289898090793,0.10651358018972187,0.9943112476660252,0.9681317106004987,-0.25044159185277537,0.002110496862,0.0020368383,7.365853539682572e-05,3.490103998170488,ICV_113_CASE_25_with_r_theta_phi.csv
7.753909893,-1.1670991,-2.323333745,0.004227389116,4216.23078,0.6675724843,332.6238355,192.6024991,12.6393856,0.0005436181122,0.03141445012,335.060869437349,152.342283465922,0.29177605993241,831.324796353616,810.003352604872,0.0006312405364473,0.0314163498458109,0.0005436204477675,317.714231223494,163.4521716395746,19.072951650594405,118.58854641466596,63.93657687550305,0.9680400297064216,8.178209989272704,351.440238718876,106.50435940362875,ICV_113_CASE_25_with_r_theta_phi.csv,0.4629942185309898,-0.1488409048650913,0.9888611555920988,0.9587981225164841,-0.28408829658904494,0.004227389116,0.0043087034,-8.131423949116114e-05,1.923509694533784,ICV_113_CASE_25_with_r_theta_phi.csv
5.495229392,0.9568,-2.321866539,0.002108484507,3008.879553,0.6679509701,331.2308367,179.3439525,6.690848297,0.000543618224,0.03141451223,335.060869437349,152.342283465922,0.29177605993241,831.324796353616,810.003352604872,0.0006312405364473,0.0314163498458109,0.0005436204477675,317.714231223494,163.4521716395746,19.072951650594405,118.58854641466596,63.93657687550305,0.9680400297064216,6.0418603538668885,9.877019230646397,112.6000807870326,ICV_113_CASE_25_with_r_theta_phi.csv,0.34204873886598997,0.17153396887245517,0.9851782059723325,0.923209675255769,-0.38429662438556167,0.002108484507,0.0020206484,8.783605920329764e-05,4.165838490632991,ICV_113_CASE_25_with_r_theta_phi.csv
-0.3867354791,0.9568,-2.320674986,0.002149692737,4123.286164,0.6672331525,331.7915189,379.7964783,10.15094106,0.0005436190345,0.03141515876,335.060869437349,152.342283465922,0.29177605993241,831.324796353616,810.003352604872,0.0006312405364473,0.0314163498458109,0.0005436204477675,317.714231223494,163.4521716395746,19.072951650594405,118.58854641466596,63.93657687550305,0.9680400297064216,2.5397958503471902,112.00840022545948,156.02530540512055,ICV_113_CASE_25_with_r_theta_phi.csv,0.14378584023914542,0.9271289229329938,-0.37474252529050794,0.40633312452202835,-0.9137250089146984,0.002149692737,0.002111361,3.8331840621244444e-05,1.7831311397975447,ICV_113_CASE_25_with_r_theta_phi.csv
8.07096381,0.9568,-2.320108349,0.002110827249,3249.216083,0.6726144962,328.6030513,72.83048741,3.37080033,0.0005436178792,0.03141426454,335.060869437349,152.342283465922,0.29177605993241,831.324796353616,810.003352604872,0.0006312405364473,0.0314163498458109,0.0005436204477675,317.714231223494,163.4521716395746,19.072951650594405,118.58854641466596,63.93657687550305,0.9680400297064216,8.452149183103032,6.760770565128325,105.93217311169592,ICV_113_CASE_25_with_r_theta_phi.csv,0.47850277885639686,0.1177240741997054,0.9930463445146064,0.9615873225087378,-0.2744992189250759,0.002110827249,0.0020363275,7.449975282900227e-05,3.529410226677824,ICV_113_CASE_25_with_r_theta_phi.csv
8.517902913,-1.175049904,-2.319322686,0.004227388185,3658.276724,0.6692376248,330.82338,115.8155107,7.23684931,0.0005436176516,0.03141423231,335.060869437349,152.342283465922,0.29177605993241,831.324796353616,810.003352604872,0.0006312405364473,0.0314163498458109,0.0005436204477675,317.714231223494,163.4521716395746,19.072951650594405,118.58854641466596,63.93657687550305,0.9680400297064216,8.905878397664015,352.1455860382148,105.09534362623208,ICV_113_CASE_25_with_r_theta_phi.csv,0.504189818366986,-0.13665642707999748,0.9906185042374938,0.9654937986457308,-0.2604260447356159,0.004227388185,0.0043087034,-8.131517049116133e-05,1.9235321412037771,ICV_113_CASE_25_with_r_theta_phi.csv
6.370494765,0.9568,-2.318440323,0.002108656103,3073.637151,0.6684556584,330.8585451,139.7358958,5.344477957,0.0005436181489,0.03141445043,335.060869437349,152.342283465922,0.29177605993241,831.324796353616,810.003352604872,0.0006312405364473,0.0314163498458109,0.0005436204477675,317.714231223494,163.4521716395746,19.072951650594405,118.58854641466596,63.93657687550305,0.9680400297064216,6.846446912246144,8.541547335676285,109.79367731745106,ICV_113_CASE_25_with_r_theta_phi.csv,0.3875989173678837,0.14852654499610468,0.988908421155124,0.9409181435063475,-0.33863409045837145,0.002108656103,0.0020206484,8.800765520329762e-05,4.173637182295972,ICV_113_CASE_25_with_r_theta_phi.csv
7.225038574,0.9568,-2.317644186,0.002109388122,3256.847999,0.6691837716,330.5021837,110.0332665,4.750569444,0.0005436180728,0.03141439204,335.060869437349,152.342283465922,0.29177605993241,831.324796353616,810.003352604872,0.0006312405364473,0.0314163498458109,0.0005436204477675,317.714231223494,163.4521716395746,19.072951650594405,118.58854641466596,63.93657687550305,0.9680400297064216,7.647752820841397,7.543691813446912,107.64082819381798,ICV_113_CASE_25_with_r_theta_phi.csv,0.4329633679555993,0.13128219633880556,0.9913450382810515,0.9529749611310322,-0.30304904464015003,0.002109388122,0.001989601,0.000119787174873254,5.678764072251012,ICV_113_CASE_25_with_r_theta_phi.csv
11.32488316,-1.183581338,-2.314980608,0.004227366298,3443.420845,0.6753938179,328.2409611,18.41241457,3.084715883,0.0005436128975,0.0314126171,335.060869437349,152.342283465922,0.29177605993241,831.324796353616,810.003352604872,0.0006312405364473,0.0314163498458109,0.0005436204477675,317.714231223494,163.4521716395746,19.072951650594405,118.58854641466596,63.93657687550305,0.9680400297064216,11.619508534646783,354.0335881661033,101.49206558840469,ICV_113_CASE_25_with_r_theta_phi.csv,0.6578169649311465,-0.10394543264867322,0.9945830015797978,0.9799523040165092,-0.19923223095858525,0.004227366298,0.004378961,-0.00015159463553629082,3.5860302801806196,ICV_113_CASE_25_with_r_theta_phi.csv
15.08,-1.184773785,-2.314370558,0.004227417987,3968.308643,0.6723326657,329.65191,14.6734784,3.220296553,0.0005436142685,0.03141294439,335.060869437349,152.342283465922,0.29177605993241,831.324796353616,810.003352604872,0.0006312405364473,0.0314163498458109,0.0005436204477675,317.714231223494,163.4521716395746,19.072951650594405,118.58854641466596,63.93657687550305,0.9680400297064216,15.3024965283891,355.50773329140696,98.6988726833082,ICV_113_CASE_25_with_r_theta_phi.csv,0.8663225120201112,-0.07832453968830269,0.9969279143862988,0.9884968627326752,-0.151241371217199,0.004227417987,0.00438632,-0.00015890179185961556,3.7588379552406717,ICV_113_CASE_25_with_r_theta_phi.csv
15.49663541,0.9568,-2.312616561,0.002164979698,3734.490607,0.6735996833,328.0566801,29.005032,2.901568073,0.000543614718,0.03141309913,335.060869437349,152.342283465922,0.29177605993241,831.324796353616,810.003352604872,0.0006312405364473,0.0314163498458109,0.0005436204477675,317.714231223494,163.4521716395746,19.072951650594405,118.58854641466596,63.93657687550305,0.9680400297064216,15.697431975602804,3.5330959421983152,98.47191000139117,ICV_113_CASE_25_with_r_theta_phi.csv,0.8886810512350181,0.06162508507619291,0.9980993682441403,0.9890882099799926,-0.14732451553822956,0.002164979698,0.0020064097,0.00015857000821594986,7.32431848156327,ICV_113_CASE_25_with_r_theta_phi.csv
4.621211925,-1.188408465,-2.312506285,0.004227393772,5830.793571,0.6657691825,336.0283327,449.6513436,27.51126288,0.0005436186734,0.03141489148,335.060869437349,152.342283465922,0.29177605993241,831.324796353616,810.003352604872,0.0006312405364473,0.0314163498458109,0.0005436204477675,317.714231223494,163.4521716395746,19.072951650594405,118.58854641466596,63.93657687550305,0.9680400297064216,5.302414511673938,345.578100830511,115.856790002181,ICV_113_CASE_25_with_r_theta_phi.csv,0.300186381418433,-0.249060073689746,0.9684880379713826,0.8998869401202797,-0.436123256661417,0.004227393772,0.003478268,0.0007491258434145897,17.72074908656941,ICV_113_CASE_25_with_r_theta_phi.csv
1.613738667e-14,-1.191401655,-2.31096562,0.004227322061,12763.66739,0.6625813727,347.8124636,378.6201428,46.26357247,0.0005436195655,0.03141571243,335.060869437349,152.342283465922,0.29177605993241,831.324796353616,810.003352604872,0.0006312405364473,0.0314163498458109,0.0005436204477675,317.714231223494,163.4521716395746,19.072951650594405,118.58854641466596,63.93657687550305,0.9680400297064216,2.6000000000689854,270.0000000000008,152.72695789432646,ICV_113_CASE_25_with_r_theta_phi.csv,0.14719418672197326,-1.0,1.4027157695329901e-14,0.4582314057570729,-0.8888329307456474,0.004227322061,0.0034837865,0.0007435355804987056,17.588808460619852,ICV_113_CASE_25_with_r_theta_phi.csv
14.54138047,0.9568,-2.298892912,0.0,3442.748578,0.6731513523,328.5514348,48.57714034,4.513937488,0.0005436142031,0.0314129761,335.060869437349,152.342283465922,0.29177605993241,831.324796353616,810.003352604872,0.0006312405364473,0.0314163498458109,0.0005436204477675,317.714231223494,163.4521716395746,19.072951650594405,118.58854641466596,63.93657687550305,0.9680400297064216,14.75303768158074,3.764545792735476,98.96464987669498,ICV_113_CASE_25_with_r_theta_phi.csv,0.8352159166004943,0.0656564555359335,0.9978422870606647,0.9877846689197524,-0.1558250552610046,0.0,5.803051e-05,-5.8030509535456076e-05,0.0,ICV_113_CASE_25_with_r_theta_phi.csv
14.1236396,0.9568,-2.297231838,0.0,3356.616759,0.6722054541,329.1414523,50.75810426,4.855671645,0.0005436140098,0.03141292741,335.060869437349,152.342283465922,0.29177605993241,831.324796353616,810.003352604872,0.0006312405364473,0.0314163498458109,0.0005436204477675,317.714231223494,163.4521716395746,19.072951650594405,118.58854641466596,63.93657687550305,0.9680400297064216,14.341197157427583,3.875556890584562,99.2175825185605,ICV_113_CASE_25_with_r_theta_phi.csv,0.8119003277503918,0.0675896596662442,0.9977132042356668,0.9870871553999061,-0.16018410546780748,0.0,5.803051e-05,-5.8030509535456076e-05,0.0,ICV_113_CASE_25_with_r_theta_phi.csv
-1.102016988,-0.5213238809,-2.296471199,0.004227313679,10483.42376,0.6640014933,343.1708556,364.8750842,38.97729022,0.0005436193585,0.03141546632,335.060869437349,152.342283465922,0.29177605993241,831.324796353616,810.003352604872,0.0006312405364473,0.0314163498458109,0.0005436204477675,317.714231223494,163.4521716395746,19.072951650594405,118.58854641466596,63.93657687550305,0.9680400297064216,2.599999999706486,205.3171166465215,152.03792540990264,ICV_113_CASE_25_with_r_theta_phi.csv,0.14719418670145104,-0.4276279315962609,-0.9039548396456006,0.4688870164203441,-0.8832581535612496,0.004227313679,0.0034860861,0.0007412275302313368,17.53424482640561,ICV_113_CASE_25_with_r_theta_phi.csv
16.10413144,-0.6650763576,-2.295392827,0.00422738865,3969.070815,0.671843974,328.9762161,14.02439457,2.568043286,0.0005436151284,0.03141319245,335.060869437349,152.342283465922,0.29177605993241,831.324796353616,810.003352604872,0.0006312405364473,0.0314163498458109,0.0005436204477675,317.714231223494,163.4521716395746,19.072951650594405,118.58854641466596,63.93657687550305,0.9680400297064216,16.28048538061682,357.6351145358521,98.10516288979392,ICV_113_CASE_25_with_r_theta_phi.csv,0.9216895403751098,-0.04126331922338883,0.9991483065524701,0.9900109571681155,-0.14099044182876996,0.00422738865,0.0043724133,-0.00014502462017545667,3.430595863031204,ICV_113_CASE_25_with_r_theta_phi.csv
14.97488046,0.9568,-2.294217728,0.0,3489.837463,0.6748869259,327.5147878,47.26198678,3.949757855,0.0005436143703,0.03141301924,335.060869437349,152.342283465922,0.29177605993241,831.324796353616,810.003352604872,0.0006312405364473,0.0314163498458109,0.0005436204477675,317.714231223494,163.4521716395746,19.072951650594405,118.58854641466596,63.93657687550305,0.9680400297064216,15.179787416652424,3.655867858022532,98.69278568191676,ICV_113_CASE_25_with_r_theta_phi.csv,0.8593755628258896,0.06376364349990563,0.9979650283289575,0.9885129247677227,-0.15113635422082514,0.0,5.803051e-05,-5.8030509535456076e-05,0.0,ICV_113_CASE_25_with_r_theta_phi.csv
0.946573473,0.9568,-2.293354511,0.0,2240.377638,0.6667425153,332.2210864,709.5316373,16.44364867,0.0005436184459,0.03141467862,335.060869437349,152.342283465922,0.29177605993241,831.324796353616,810.003352604872,0.0006312405364473,0.0314163498458109,0.0005436204477675,317.714231223494,163.4521716395746,19.072951650594405,118.58854641466596,63.93657687550305,0.9680400297064216,2.659124384625761,45.30783827053381,149.59248043018272,ICV_113_CASE_25_with_r_theta_phi.csv,0.15054140429891205,0.7108956941688994,0.703297456281564,0.5061469571363167,-0.8624472492747876,0.0,4.395983e-05,-4.395982978167012e-05,0.0,ICV_113_CASE_25_with_r_theta_phi.csv
0.5271010521,0.9568,-2.292925765,0.0,2796.821882,0.6663274095,332.6003678,922.0459103,19.61928999,0.0005436185136,0.03141471833,335.060869437349,152.342283465922,0.29177605993241,831.324796353616,810.003352604872,0.0006312405364473,0.0314163498458109,0.0005436204477675,317.714231223494,163.4521716395746,19.072951650594405,118.58854641466596,63.93657687550305,0.9680400297064216,2.5398445470000253,61.1496342487909,154.52618383858885,ICV_113_CASE_25_with_r_theta_phi.csv,0.1437885971099954,0.8758828568313849,0.4825238036707533,0.43009857563318377,-0.902781931165166,0.0,0.00013467234,-0.00013467234384734184,0.0,ICV_113_CASE_25_with_r_theta_phi.csv
13.6998251,0.9568,-2.2914361,0.0,3292.876002,0.6727837538,328.8856597,50.6080665,4.879725851,0.0005436137913,0.03141287151,335.060869437349,152.342283465922,0.29177605993241,831.324796353616,810.003352604872,0.0006312405364473,0.0314163498458109,0.0005436204477675,317.714231223494,163.4521716395746,19.072951650594405,118.58854641466596,63.93657687550305,0.9680400297064216,13.9230511530689,3.995067757832544,99.47275467331366,ICV_113_CASE_25_with_r_theta_phi.csv,0.7882277658115511,0.06967059931641013,0.9975700514705181,0.9863639735707632,-0.1645785880413812,0.0,5.803051e-05,-5.8030509535456076e-05,0.0,ICV_113_CASE_25_with_r_theta_phi.csv
0.1056214401,0.9568,-2.291071303,0.0,3097.78863,0.6658587558,332.7516853,768.7858674,17.32784125,0.0005436187193,0.03141488314,335.060869437349,152.342283465922,0.29177605993241,831.324796353616,810.003352604872,0.0006312405364473,0.0314163498458109,0.0005436204477675,317.714231223494,163.4521716395746,19.072951650594405,118.58854641466596,63.93657687550305,0.9680400297064216,2.4850814562180683,83.70060719508456,157.20989513196378,ICV_113_CASE_25_with_r_theta_phi.csv,0.14068828610621928,0.9939621183145894,0.10972377753055328,0.3873563724805794,-0.9219300628023184,0.0,2.708117e-05,-2.708117062866222e-05,0.0,ICV_113_CASE_25_with_r_theta_phi.csv
1.382653182,0.9568,-2.288410903,0.0,2311.384944,0.666711243,332.1150046,707.8830339,15.56106165,0.0005436183752,0.03141463356,335.060869437349,152.342283465922,0.29177605993241,831.324796353616,810.003352604872,0.0006312405364473,0.0314163498458109,0.0005436204477675,317.714231223494,163.4521716395746,19.072951650594405,118.58854641466596,63.93657687550305,0.9680400297064216,2.8397219093890165,34.68334632162953,143.693140089797,ICV_113_CASE_25_with_r_theta_phi.csv,0.16076559882999802,0.5690405337499355,0.8223094739510111,0.5921096667528333,-0.8058573959068991,0.0,4.395983e-05,-4.395982978167012e-05,0.0,ICV_113_CASE_25_with_r_theta_phi.csv
13.2447958,0.9568,-2.282972486,0.0,3253.142614,0.6729656408,328.7056605,48.45127438,4.540794523,0.000543613547,0.0314128079,335.060869437349,152.342283465922,0.29177605993241,831.324796353616,810.003352604872,0.0006312405364473,0.0314163498458109,0.0005436204477675,317.714231223494,163.4521716395746,19.072951650594405,118.58854641466596,63.93657687550305,0.9680400297064216,13.47412503265168,4.131852115245863,99.75490184193184,ICV_113_CASE_25_with_r_theta_phi.csv,0.7628126445841241,0.0720519348097636,0.9974008816369522,0.9855415670455628,-0.1694338207837393,0.0,5.803051e-05,-5.8030509535456076e-05,0.0,ICV_113_CASE_25_with_r_theta_phi.csv
9.250578582,-1.248733243,-2.28049672,0.004227259196,3152.716952,0.6732006178,328.0666789,34.81982164,1.914507543,0.0005436156138,0.03141347875,335.060869437349,152.342283465922,0.29177605993241,831.324796353616,810.003352604872,0.0006312405364473,0.0314163498458109,0.0005436204477675,317.714231223494,163.4521716395746,19.072951650594405,118.58854641466596,63.93657687550305,0.9680400297064216,9.609016812549616,352.3121292877312,103.72893921110771,ICV_113_CASE_25_with_r_theta_phi.csv,0.5439966980321079,-0.13377639523133383,0.9910115418494932,0.971429372796052,-0.23732883025260343,0.004227259196,0.0045333863,-0.0003061271276010077,7.241740175720947,ICV_113_CASE_25_with_r_theta_phi.csv
1.857114138,0.9568,-2.279620671,0.0,2473.966048,0.6666111467,331.8532854,645.6592782,12.57838128,0.0005436183537,0.03141462405,335.060869437349,152.342283465922,0.29177605993241,831.324796353616,810.003352604872,0.0006312405364473,0.0314163498458109,0.0005436204477675,317.714231223494,163.4521716395746,19.072951650594405,118.58854641466596,63.93657687550305,0.9680400297064216,3.092088220799978,27.257884437299083,137.49709556561186,ICV_113_CASE_25_with_r_theta_phi.csv,0.17505285035429613,0.4579962478883575,0.8889541253181663,0.6756275807683402,-0.7372430888825747,0.0,4.395983e-05,-4.395982978167012e-05,0.0,ICV_113_CASE_25_with_r_theta_phi.csv
6.968967583,-1.25918433,-2.274742804,0.004227398895,4751.187299,0.6670289565,333.69528,265.2048526,17.11948425,0.0005436182889,0.03141457915,335.060869437349,152.342283465922,0.29177605993241,831.324796353616,810.003352604872,0.0006312405364473,0.0314163498458109,0.0005436204477675,317.714231223494,163.4521716395746,19.072951650594405,118.58854641466596,63.93657687550305,0.9680400297064216,7.43817915717094,349.7580434141755,107.8074945935752,ICV_113_CASE_25_with_r_theta_phi.csv,0.4210987429627152,-0.1778054000920699,0.9840656683870741,0.9520893980203052,-0.30581984595073736,0.004227398895,0.0043087034,-8.130446049116162e-05,1.923273920710264,ICV_113_CASE_25_with_r_theta_phi.csv
12.98613745,-1.262718987,-2.272782603,0.004227406811,3443.188835,0.6750423209,329.4021621,24.79007317,4.659653485,0.000543612631,0.03141261283,335.060869437349,152.342283465922,0.29177605993241,831.324796353616,810.003352604872,0.0006312405364473,0.0314163498458109,0.0005436204477675,317.714231223494,163.4521716395746,19.072951650594405,118.58854641466596,63.93657687550305,0.9680400297064216,13.243857665760466,354.44625164579986,99.88145945743456,ICV_113_CASE_25_with_r_theta_phi.csv,0.749776483892869,-0.09677947719853004,0.9953058488691701,0.985164909718569,-0.17161031629597304,0.004227406811,0.0044264384,-0.0001990315504063261,4.7081238985884015,ICV_113_CASE_25_with_r_theta_phi.csv
12.74104789,0.9568,-2.27264931,0.0,3234.059048,0.6720967582,328.9154101,44.12677083,3.783930409,0.000543613272,0.03141273481,335.060869437349,152.342283465922,0.29177605993241,831.324796353616,810.003352604872,0.0006312405364473,0.0314163498458109,0.0005436204477675,317.714231223494,163.4521716395746,19.072951650594405,118.58854641466596,63.93657687550305,0.9680400297064216,12.977469031421997,4.2946151712329765,100.0857980911682,ICV_113_CASE_25_with_r_theta_phi.csv,0.7346953845150276,0.07488500805326122,0.9971921758461921,0.9845466178927939,-0.17512269183592663,0.0,5.803051e-05,-5.8030509535456076e-05,0.0,ICV_113_CASE_25_with_r_theta_phi.csv
0.4319211198,-1.271577841,-2.267838132,0.004227328114,12388.71039,0.6623210697,347.3799977,377.6261917,45.24497189,0.0005436195924,0.03141574474,335.060869437349,152.342283465922,0.29177605993241,831.324796353616,810.003352604872,0.0006312405364473,0.0314163498458109,0.0005436204477675,317.714231223494,163.4521716395746,19.072951650594405,118.58854641466596,63.93657687550305,0.9680400297064216,2.6356319645209867,288.7612558255794,149.3675137294582,ICV_113_CASE_25_with_r_theta_phi.csv,0.14921142442531152,-0.946866964049082,0.32162548467507135,0.5095293680735514,-0.8604532660583998,0.004227328114,0.0034837865,0.0007435416334987061,17.588926463038604,ICV_113_CASE_25_with_r_theta_phi.csv
2.387549219,0.9568,-2.26743836,0.0,2692.467886,0.6665371732,331.7058679,573.7569218,10.42635258,0.0005436183573,0.03141463151,335.060869437349,152.342283465922,0.29177605993241,831.324796353616,810.003352604872,0.0006312405364473,0.0314163498458109,0.0005436204477675,317.714231223494,163.4521716395746,19.072951650594405,118.58854641466596,63.93657687550305,0.9680400297064216,3.428867776620585,21.838230590955163,131.39749204552254,ICV_113_CASE_25_with_r_theta_phi.csv,0.1941190014397909,0.37198728471118436,0.9282378251359941,0.7501400158965585,-0.6612790307810394,0.0,4.395983e-05,-4.395982978167012e-05,0.0,ICV_113_CASE_25_with_r_theta_phi.csv
12.14637807,0.9568,-2.260921345,0.0,3235.313123,0.6712090331,329.0195892,37.65679934,2.522923496,0.0005436128618,0.0314126239,335.060869437349,152.342283465922,0.29177605993241,831.324796353616,810.003352604872,0.0006312405364473,0.0314163498458109,0.0005436204477675,317.714231223494,163.4521716395746,19.072951650594405,118.58854641466596,63.93657687550305,0.9680400297064216,12.392002735137432,4.504028503017935,100.51250011021148,ICV_113_CASE_25_with_r_theta_phi.csv,0.7015502940025484,0.07852918943119899,0.9969118147595999,0.9832151261894112,-0.18245003598887063,0.0,3.993854e-05,-3.9938538975548e-05,0.0,ICV_113_CASE_25_with_r_theta_phi.csv
-0.3228157799,0.9568,-2.25405609,0.0,3775.022454,0.6656899853,332.982044,623.6130811,16.65490443,0.0005436189189,0.03141504986,335.060869437349,152.342283465922,0.29177605993241,831.324796353616,810.003352604872,0.0006312405364473,0.0314163498458109,0.0005436204477675,317.714231223494,163.4521716395746,19.072951650594405,118.58854641466596,63.93657687550305,0.9680400297064216,2.4699079182468595,108.6439357795955,155.8681902750493,ICV_113_CASE_25_with_r_theta_phi.csv,0.13982926434417783,0.9475235457229629,-0.3196859870256815,0.4088371887520719,-0.9126073378476105,0.0,2.708117e-05,-2.708117062866222e-05,0.0,ICV_113_CASE_25_with_r_theta_phi.csv
3.025967798,0.9568,-2.25208282,0.0,2844.150649,0.6665324498,331.7567491,558.2815116,10.68934694,0.000543618341,0.03141462033,335.060869437349,152.342283465922,0.29177605993241,831.324796353616,810.003352604872,0.0006312405364473,0.0314163498458109,0.0005436204477675,317.714231223494,163.4521716395746,19.072951650594405,118.58854641466596,63.93657687550305,0.9680400297064216,3.891506698268952,17.546764696387356,125.3603851407188,ICV_113_CASE_25_with_r_theta_phi.csv,0.22031044752292755,0.30148412105276073,0.9534711976525795,0.8155281214991092,-0.5787174466388015,0.0,4.395983e-05,-4.395982978167012e-05,0.0,ICV_113_CASE_25_with_r_theta_phi.csv
11.4574329,0.9568,-2.248762952,0.0,3188.43478,0.6718982679,328.4367942,22.3773554,1.083404106,0.0005436145026,0.03141304516,335.060869437349,152.342283465922,0.29177605993241,831.324796353616,810.003352604872,0.0006312405364473,0.0314163498458109,0.0005436204477675,317.714231223494,163.4521716395746,19.072951650594405,118.58854641466596,63.93657687550305,0.9680400297064216,11.71516836039031,4.7736432283005,101.0667872111556,ICV_113_CASE_25_with_r_theta_phi.csv,0.663232568874189,0.08321943537693141,0.9965312466629156,0.9814040988122258,-0.1919531058216119,0.0,0.0005972043,-0.0005972043145447969,0.0,ICV_113_CASE_25_with_r_theta_phi.csv
1.084897725,-1.310002455,-2.245861431,0.004227336962,11807.5235,0.662344617,345.3188751,442.4822528,44.86797708,0.0005436195336,0.03141568268,335.060869437349,152.342283465922,0.29177605993241,831.324796353616,810.003352604872,0.0006312405364473,0.0314163498458109,0.0005436204477675,317.714231223494,163.4521716395746,19.072951650594405,118.58854641466596,63.93657687550305,0.9680400297064216,2.8172687257465463,309.63035289081915,142.86135156595458,ICV_113_CASE_25_with_r_theta_phi.csv,0.15949445340481155,-0.7701754542889212,0.6378320857489483,0.6037458546697714,-0.7971768580240317,0.004227336962,0.0034837865,0.0007435504814987054,17.58909895299741,ICV_113_CASE_25_with_r_theta_phi.csv
-1.207616241,0.5160137078,-2.243968107,0.00422731135,8554.469375,0.6656608738,338.070002,277.6032654,26.62578769,0.0005436192385,0.03141533768,335.060869437349,152.342283465922,0.29177605993241,831.324796353616,810.003352604872,0.0006312405364473,0.0314163498458109,0.0005436204477675,317.714231223494,163.4521716395746,19.072951650594405,118.58854641466596,63.93657687550305,0.9680400297064216,2.5999999994995457,156.86300994166027,149.66244368549815,ICV_113_CASE_25_with_r_theta_phi.csv,0.1471941866897355,0.3929308700026352,-0.9195680134709842,0.5050934550629166,-0.8630646567045863,0.00422731135,0.0034788754,0.0007484359662652974,17.704775071470653,ICV_113_CASE_25_with_r_theta_phi.csv
15.42953734,0.9568,-2.243933283,0.0,3598.021674,0.6729495551,328.3240162,44.61600879,3.399694943,0.0005436145586,0.03141306963,335.060869437349,152.342283465922,0.29177605993241,831.324796353616,810.003352604872,0.0006312405364473,0.0314163498458109,0.0005436204477675,317.714231223494,163.4521716395746,19.072951650594405,118.58854641466596,63.93657687550305,0.9680400297064216,15.621181944558789,3.54842106230808,98.25892801852308,ICV_113_CASE_25_with_r_theta_phi.csv,0.8843642968862675,0.06189204830358442,0.9980828494452686,0.9896290153083469,-0.14364683101214473,0.0,5.803051e-05,-5.8030509535456076e-05,0.0,ICV_113_CASE_25_with_r_theta_phi.csv
-0.9066399182,0.9568,-2.241101921,0.004227312747,6254.380297,0.6682897712,332.6535562,246.6159892,14.26152908,0.0005436191812,0.03141528736,335.060869437349,152.342283465922,0.29177605993241,831.324796353616,810.003352604872,0.0006312405364473,0.0314163498458109,0.0005436204477675,317.714231223494,163.4521716395746,19.072951650594405,118.58854641466596,63.93657687550305,0.9680400297064216,2.600000000304537,133.45808436131324,149.537626379931,ICV_113_CASE_25_with_r_theta_phi.csv,0.1471941867353086,0.7258777535981673,-0.6878237323844519,0.5069724180589975,-0.8619622772067308,0.004227312747,0.0028275438,0.0013997689816935268,33.11250113575762,ICV_113_CASE_25_with_r_theta_phi.csv
9.911833274,-1.319164543,-2.240492113,0.00422753254,3353.281214,0.6737529069,328.016153,15.40547597,1.588808797,0.0005436136866,0.03141281911,335.060869437349,152.342283465922,0.29177605993241,831.324796353616,810.003352604872,0.0006312405364473,0.0314163498458109,0.0005436204477675,317.714231223494,163.4521716395746,19.072951650594405,118.58854641466596,63.93657687550305,0.9680400297064216,10.247167357445528,352.4190631662911,102.62946097201863,ICV_113_CASE_25_with_r_theta_phi.csv,0.5801244097473564,-0.13192659064690881,0.9912594890745223,0.9758044656479615,-0.21864502011593184,0.00422753254,0.004393619,-0.00016608647953816457,3.9286860107498476,ICV_113_CASE_25_with_r_theta_phi.csv
10.67269871,0.9568,-2.236952898,0.0,3115.436668,0.6715927262,328.6255928,23.1110144,0.9256519724,0.0005436168564,0.03141366465,335.060869437349,152.342283465922,0.29177605993241,831.324796353616,810.003352604872,0.0006312405364473,0.0314163498458109,0.0005436204477675,317.714231223494,163.4521716395746,19.072951650594405,118.58854641466596,63.93657687550305,0.9680400297064216,10.946502741163783,5.122831923338822,101.79163880127857,ICV_113_CASE_25_with_r_theta_phi.csv,0.6197159878433472,0.08929120443003016,0.9960055626408091,0.9788972205390243,-0.20435320310915844,0.0,0.0005972043,-0.0005972043145447969,0.0,ICV_113_CASE_25_with_r_theta_phi.csv
3.779080954,0.9568,-2.235349781,0.0,2774.640531,0.6666843896,331.7116852,461.8711672,10.03093687,0.0005436182998,0.03141458254,335.060869437349,152.342283465922,0.29177605993241,831.324796353616,810.003352604872,0.0006312405364473,0.0314163498458109,0.0005436204477675,317.714231223494,163.4521716395746,19.072951650594405,118.58854641466596,63.93657687550305,0.9680400297064216,4.49374095162397,14.207772664424226,119.8305300854986,ICV_113_CASE_25_with_r_theta_phi.csv,0.25440482488306393,0.24543889720640324,0.9694120629216992,0.8675005173592694,-0.4974362797197246,0.0,4.395983e-05,-4.395982978167012e-05,0.0,ICV_113_CASE_25_with_r_theta_phi.csv
9.800939055,0.9568,-2.22359704,0.0,3064.922995,0.6708739204,329.0774756,45.85888679,1.714434183,0.0005436168588,0.0314136864,335.060869437349,152.342283465922,0.29177605993241,831.324796353616,810.003352604872,0.0006312405364473,0.0314163498458109,0.0005436204477675,317.714231223494,163.4521716395746,19.072951650594405,118.58854641466596,63.93657687550305,0.9680400297064216,10.095457215803604,5.575734960028001,102.72413945512562,ICV_113_CASE_25_with_r_theta_phi.csv,0.5715356209335617,0.09716140739926325,0.9952686375608318,0.9754418333100074,-0.22025719018640835,0.0,0.00019915262,-0.000199152622371912,0.0,ICV_113_CASE_25_with_r_theta_phi.csv
14.48498501,0.9568,-2.222936585,0.0,3328.370228,0.6719057636,329.1647164,58.27197566,4.721438702,0.0005436140545,0.03141294957,335.060869437349,152.342283465922,0.29177605993241,831.324796353616,810.003352604872,0.0006312405364473,0.0314163498458109,0.0005436204477675,317.714231223494,163.4521716395746,19.072951650594405,118.58854641466596,63.93657687550305,0.9680400297064216,14.685765354276098,3.7791601851927794,98.70614007296392,ICV_113_CASE_25_with_r_theta_phi.csv,0.8314074183288642,0.06591097229765999,0.9978255076569135,0.9884776713440819,-0.15136675082124593,0.0,5.7519523e-05,-5.751952267019078e-05,0.0,ICV_113_CASE_25_with_r_theta_phi.csv
4.619312088,0.9568,-2.219980859,0.0,2809.953667,0.6668067755,331.6629047,333.8314629,8.699024717,0.0005436182399,0.03141452886,335.060869437349,152.342283465922,0.29177605993241,831.324796353616,810.003352604872,0.0006312405364473,0.0314163498458109,0.0005436204477675,317.714231223494,163.4521716395746,19.072951650594405,118.58854641466596,63.93657687550305,0.9680400297064216,5.213619224748706,11.70221757178922,115.2015760066119,ICV_113_CASE_25_with_r_theta_phi.csv,0.2951594006325265,0.20282519497487211,0.9792149612232266,0.90481534042376,-0.42580418003330517,0.0,4.395983e-05,-4.395982978167012e-05,0.0,ICV_113_CASE_25_with_r_theta_phi.csv
14.07318597,0.9568,-2.21974045,0.0,3254.928815,0.6712304681,329.623532,61.10421844,5.08970542,0.0005436137953,0.03141288389,335.060869437349,152.342283465922,0.29177605993241,831.324796353616,810.003352604872,0.0006312405364473,0.0314163498458109,0.0005436204477675,317.714231223494,163.4521716395746,19.072951650594405,118.58854641466596,63.93657687550305,0.9680400297064216,14.279260388814649,3.8894085397121216,98.94301521307516,ICV_113_CASE_25_with_r_theta_phi.csv,0.8083938922565741,0.06783086172419711,0.9976968348139393,0.9878434374348987,-0.15545206050999574,0.0,5.7519523e-05,-5.751952267019078e-05,0.0,ICV_113_CASE_25_with_r_theta_phi.csv
1.721009003,-1.356766562,-2.217923465,0.00422734255,11356.1392,0.6625679171,344.2225683,473.1702387,44.30421009,0.0005436194867,0.03141563482,335.060869437349,152.342283465922,0.29177605993241,831.324796353616,810.003352604872,0.0006312405364473,0.0314163498458109,0.0005436204477675,317.714231223494,163.4521716395746,19.072951650594405,118.58854641466596,63.93657687550305,0.9680400297064216,3.117991659508723,321.749333526134,135.3432953261754,ICV_113_CASE_25_with_r_theta_phi.csv,0.1765193255827327,-0.6191030842027633,0.7853097294256746,0.7028573892682436,-0.7113307882771761,0.00422734255,0.003478268,0.0007490746214145897,17.719752122699216,ICV_113_CASE_25_with_r_theta_phi.csv
3.196575351,-1.356842686,-2.217876896,0.004227370489,8398.492644,0.6640876485,340.0771141,571.7245338,40.0969632,0.000543619137,0.03141529996,335.060869437349,152.342283465922,0.29177605993241,831.324796353616,810.003352604872,0.0006312405364473,0.0314163498458109,0.0005436204477675,317.714231223494,163.4521716395746,19.072951650594405,118.58854641466596,63.93657687550305,0.9680400297064216,4.120448273547802,337.0003500546314,122.5653406164082,ICV_113_CASE_25_with_r_theta_phi.csv,0.23327155097643662,-0.39072550456011634,0.9205072406484603,0.8427781562659775,-0.5382610698545081,0.004227370489,0.003478268,0.0007491025604145895,17.72029591886065,ICV_113_CASE_25_with_r_theta_phi.csv
11.76089769,-1.357675048,-2.217367463,0.004227383994,3045.767977,0.6765729935,327.7155459,22.80456485,3.447065168,0.0005436114757,0.03141242326,335.060869437349,152.342283465922,0.29177605993241,831.324796353616,810.003352604872,0.0006312405364473,0.0314163498458109,0.0005436204477675,317.714231223494,163.4521716395746,19.072951650594405,118.58854641466596,63.93657687550305,0.9680400297064216,12.044862576076998,353.41493808612546,100.60822099779784,ICV_113_CASE_25_with_r_theta_phi.csv,0.6818975965448248,-0.11467815564709212,0.9934026981125939,0.9829089450517287,-0.18409238370257955,0.004227383994,0.0044264384,-0.00019905436740632644,4.708689053129805,ICV_113_CASE_25_with_r_theta_phi.csv
14.90839568,0.9568,-2.216096669,0.0,3373.244966,0.6737659436,328.0632078,57.68485582,4.154541435,0.000543614264,0.03141300298,335.060869437349,152.342283465922,0.29177605993241,831.324796353616,810.003352604872,0.0006312405364473,0.0314163498458109,0.0005436204477675,317.714231223494,163.4521716395746,19.072951650594405,118.58854641466596,63.93657687550305,0.9680400297064216,15.10254324402998,3.672126883784301,98.4378579609646,ICV_113_CASE_25_with_r_theta_phi.csv,0.8550025269920931,0.0640468369903534,0.9979468937130528,0.9891755932325415,-0.14673665442911554,0.0,5.7519523e-05,-5.751952267019078e-05,0.0,ICV_113_CASE_25_with_r_theta_phi.csv
1.0001817,0.9568,-2.213668538,0.0,2127.856628,0.6667624765,332.6684382,861.0890724,21.2050836,0.0005436183839,0.03141462988,335.060869437349,152.342283465922,0.29177605993241,831.324796353616,810.003352604872,0.0006312405364473,0.0314163498458109,0.0005436204477675,317.714231223494,163.4521716395746,19.072951650594405,118.58854641466596,63.93657687550305,0.9680400297064216,2.6107772921384824,43.73009477065443,147.98359675800117,ICV_113_CASE_25_with_r_theta_phi.csv,0.14780432316089354,0.6912620562988385,0.7226041582509067,0.5301620306952524,-0.8478963505105364,0.0,4.395983e-05,-4.395982978167012e-05,0.0,ICV_113_CASE_25_with_r_theta_phi.csv
0.5869096175,0.9568,-2.213567969,0.0,2466.540859,0.6663673737,333.010529,1098.29797,24.47593818,0.0005436184367,0.03141465524,335.060869437349,152.342283465922,0.29177605993241,831.324796353616,810.003352604872,0.0006312405364473,0.0314163498458109,0.0005436204477675,317.714231223494,163.4521716395746,19.072951650594405,118.58854641466596,63.93657687550305,0.9680400297064216,2.481896914155941,58.4746775009981,153.1111476408253,ICV_113_CASE_25_with_r_theta_phi.csv,0.14050799915279455,0.8524091571097456,0.5228753473586731,0.4522611899144069,-0.8918855397960014,0.0,2.708117e-05,-2.708117062866222e-05,0.0,ICV_113_CASE_25_with_r_theta_phi.csv
8.926674113,0.9568,-2.21211812,0.0,3056.017092,0.672336101,328.3802098,62.32067742,2.108033575,0.0005436170925,0.03141383784,335.060869437349,152.342283465922,0.29177605993241,831.324796353616,810.003352604872,0.0006312405364473,0.0314163498458109,0.0005436204477675,317.714231223494,163.4521716395746,19.072951650594405,118.58854641466596,63.93657687550305,0.9680400297064216,9.246320540438596,6.117855447405077,103.84187010826446,ICV_113_CASE_25_with_r_theta_phi.csv,0.5234633200324709,0.1065739380154129,0.9943047801031065,0.9709597072270488,-0.239243070832916,0.0,0.00019864163,-0.0001986416318686679,0.0,ICV_113_CASE_25_with_r_theta_phi.csv
2.442280491,-1.367682948,-2.211208573,0.004227355123,10178.91603,0.6631801838,342.5328866,517.3531202,42.92439057,0.0005436193737,0.03141552192,335.060869437349,152.342283465922,0.29177605993241,831.324796353616,810.003352604872,0.0006312405364473,0.0314163498458109,0.0005436204477675,317.714231223494,163.4521716395746,19.072951650594405,118.58854641466596,63.93657687550305,0.9680400297064216,3.567174511609695,330.7510687752933,128.3071352797296,ICV_113_CASE_25_with_r_theta_phi.csv,0.2019489811991576,-0.4886049661786958,0.8725051214895622,0.7846991808088287,-0.6198767584269902,0.004227355123,0.003478268,0.0007490871944145902,17.719996840620055,ICV_113_CASE_25_with_r_theta_phi.csv
0.1734883695,0.9568,-2.210810134,0.0,2819.019698,0.665924634,333.2842328,997.6016418,23.39486478,0.0005436186328,0.03141480897,335.060869437349,152.342283465922,0.29177605993241,831.324796353616,810.003352604872,0.0006312405364473,0.0314163498458109,0.0005436204477675,317.714231223494,163.4521716395746,19.072951650594405,118.58854641466596,63.93657687550305,0.9680400297064216,2.4152113578212706,79.72270547824496,156.25821554313018,ICV_113_CASE_25_with_r_theta_phi.csv,0.13673271983336235,0.9839558173750553,0.17841230185664525,0.4026154407825797,-0.9153692188638687,0.0,2.708117e-05,-2.708117062866222e-05,0.0,ICV_113_CASE_25_with_r_theta_phi.csv
13.65360516,0.9568,-2.209957044,0.0,3201.621733,0.6718179533,329.3575035,61.21460274,5.118367777,0.0005436135205,0.03141281342,335.060869437349,152.342283465922,0.29177605993241,831.324796353616,810.003352604872,0.0006312405364473,0.0314163498458109,0.0005436204477675,317.714231223494,163.4521716395746,19.072951650594405,118.58854641466596,63.93657687550305,0.9680400297064216,13.864353942449098,4.008547775920647,99.17198400088438,ICV_113_CASE_25_with_r_theta_phi.csv,0.784904731896243,0.06990529638920799,0.9975536324111787,0.9872143243937859,-0.1593984871688593,0.0,5.7519523e-05,-5.751952267019078e-05,0.0,ICV_113_CASE_25_with_r_theta_phi.csv
12.54765648,-1.369887069,-2.209843754,0.004227392841,3059.131985,0.6756344778,328.7156499,31.623664,4.665159877,0.0005436112298,0.03141240514,335.060869437349,152.342283465922,0.29177605993241,831.324796353616,810.003352604872,0.0006312405364473,0.0314163498458109,0.0005436204477675,317.714231223494,163.4521716395746,19.072951650594405,118.58854641466596,63.93657687550305,0.9680400297064216,12.814198497720886,353.76942460294,99.93045777758942,ICV_113_CASE_25_with_r_theta_phi.csv,0.7254521255061199,-0.10852986036451563,0.9940931894994849,0.9850177914370354,-0.17245274875311498,0.004227392841,0.0044264384,-0.00019904552040632666,4.708469920958594,ICV_113_CASE_25_with_r_theta_phi.csv
5.509847368,0.9568,-2.208188981,0.0,2831.67717,0.6668416199,331.5512871,302.242153,7.701275345,0.0005436181614,0.0314144641,335.060869437349,152.342283465922,0.29177605993241,831.324796353616,810.003352604872,0.0006312405364473,0.0314163498458109,0.0005436204477675,317.714231223494,163.4521716395746,19.072951650594405,118.58854641466596,63.93657687550305,0.9680400297064216,6.012485578732504,9.851328934216951,111.54717927126944,ICV_113_CASE_25_with_r_theta_phi.csv,0.34038574035217006,0.1710922171855763,0.9852550193825574,0.9301154631519047,-0.36726723949423773,0.0,4.395983e-05,-4.395982978167012e-05,0.0,ICV_113_CASE_25_with_r_theta_phi.csv
6.222921545,-1.376123101,-2.205965823,0.004227400292,5277.553888,0.6665631917,334.7523838,335.2047317,21.5596389,0.0005436184703,0.03141471823,335.060869437349,152.342283465922,0.29177605993241,831.324796353616,810.003352604872,0.0006312405364473,0.0314163498458109,0.0005436204477675,317.714231223494,163.4521716395746,19.072951650594405,118.58854641466596,63.93657687550305,0.9680400297064216,6.744238471211935,347.5304154828069,109.09218101348512,ICV_113_CASE_25_with_r_theta_phi.csv,0.38181257569336374,-0.2159213164194877,0.9764107665914359,0.9449935578226565,-0.3270889415337634,0.004227400292,0.003478268,0.0007491323634145897,17.720875987425437,ICV_113_CASE_25_with_r_theta_phi.csv
1.432407753,0.9568,-2.205206114,0.0,2218.182544,0.6667155256,332.4815544,834.4246765,19.5702994,0.000543618317,0.03141458752,335.060869437349,152.342283465922,0.29177605993241,831.324796353616,810.003352604872,0.0006312405364473,0.0314163498458109,0.0005436204477675,317.714231223494,163.4521716395746,19.072951650594405,118.58854641466596,63.93657687550305,0.9680400297064216,2.7982480619268717,33.74158530991019,142.00520682058868,ICV_113_CASE_25_with_r_theta_phi.csv,0.15841763373489817,0.5554481140357597,0.8315511966283963,0.615589861389985,-0.7880666993052423,0.0,4.395983e-05,-4.395982978167012e-05,0.0,ICV_113_CASE_25_with_r_theta_phi.csv
3.965457363,-1.378307426,-2.204601696,0.004227380734,7107.827932,0.6648466061,338.078985,523.8441902,34.23870437,0.0005436189128,0.03141509684,335.060869437349,152.342283465922,0.29177605993241,831.324796353616,810.003352604872,0.0006312405364473,0.0314163498458109,0.0005436204477675,317.714231223494,163.4521716395746,19.072951650594405,118.58854641466596,63.93657687550305,0.9680400297064216,4.741819492172149,340.8336514486088,117.70552207836192,ICV_113_CASE_25_with_r_theta_phi.csv,0.26844933219775413,-0.32831193081938725,0.9445693601221913,0.8853488208869783,-0.4649273764299509,0.004227380734,0.003478268,0.0007491128054145898,17.720495322609963,ICV_113_CASE_25_with_r_theta_phi.csv
8.068648729,0.9568,-2.204464607,0.0,3071.804484,0.6707852565,329.2614089,118.2275255,3.467474177,0.0005436176714,0.03141414541,335.060869437349,152.342283465922,0.29177605993241,831.324796353616,810.003352604872,0.0006312405364473,0.0314163498458109,0.0005436204477675,317.714231223494,163.4521716395746,19.072951650594405,118.58854641466596,63.93657687550305,0.9680400297064216,8.418920521985521,6.762692422208886,105.17965330150092,ICV_113_CASE_25_with_r_theta_phi.csv,0.476621599722196,0.1177573836226662,0.9930423951686776,0.965109541425483,-0.26184646846863135,0.0,5.9638896e-05,-5.9638896345859393e-05,0.0,ICV_113_CASE_25_with_r_theta_phi.csv
6.378397526,0.9568,-2.200916045,0.0,2878.295746,0.6679077484,330.8643073,243.6040611,6.00641248,0.000543618089,0.0314144061,335.060869437349,152.342283465922,0.29177605993241,831.324796353616,810.003352604872,0.0006312405364473,0.0314163498458109,0.0005436204477675,317.714231223494,163.4521716395746,19.072951650594405,118.58854641466596,63.93657687550305,0.9680400297064216,6.814943336288377,8.531120274605428,108.8416898679896,ICV_113_CASE_25_with_r_theta_phi.csv,0.3858154007364166,0.1483465745087068,0.9889354346121554,0.9464145208148672,-0.3229544159641812,0.0,4.395983e-05,-4.395982978167012e-05,0.0,ICV_113_CASE_25_with_r_theta_phi.csv
10.48737776,-1.384304836,-2.200840776,0.004227598663,3504.458099,0.6747506383,327.864689,13.70054376,2.061204691,0.0005436129689,0.03141259306,335.060869437349,152.342283465922,0.29177605993241,831.324796353616,810.003352604872,0.0006312405364473,0.0314163498458109,0.0005436204477675,317.714231223494,163.4521716395746,19.072951650594405,118.58854641466596,63.93657687550305,0.9680400297064216,10.804864287959376,352.4805855495715,101.75281263865293,ICV_113_CASE_25_with_r_theta_phi.csv,0.6116973890251057,-0.13086213192756607,0.9914005761685699,0.9790354745710451,-0.20368981204627876,0.004227598663,0.004393619,-0.0001660203565381638,3.9270604835767777,ICV_113_CASE_25_with_r_theta_phi.csv
7.227025646,0.9568,-2.199240149,0.0,3032.768908,0.6686574288,330.4672876,192.2215011,5.237438221,0.0005436179866,0.0314143306,335.060869437349,152.342283465922,0.29177605993241,831.324796353616,810.003352604872,0.0006312405364473,0.0314163498458109,0.0005436204477675,317.714231223494,163.4521716395746,19.072951650594405,118.58854641466596,63.93657687550305,0.9680400297064216,7.614592777090267,7.541641551415182,106.78727295415354,ICV_113_CASE_25_with_r_theta_phi.csv,0.43108607346656735,0.13124672213939664,0.9913497354252252,0.9573836762157256,-0.2888191415326599,0.0,4.395983e-05,-4.395982978167012e-05,0.0,ICV_113_CASE_25_with_r_theta_phi.csv
13.20270041,0.9568,-2.195905105,0.0,3173.688885,0.6721515044,329.09169,58.62768677,4.735083056,0.0005436132346,0.03141273927,335.060869437349,152.342283465922,0.29177605993241,831.324796353616,810.003352604872,0.0006312405364473,0.0314163498458109,0.0005436204477675,317.714231223494,163.4521716395746,19.072951650594405,118.58854641466596,63.93657687550305,0.9680400297064216,13.418225053500157,4.144980237134803,99.41887363126108,ICV_113_CASE_25_with_r_theta_phi.csv,0.7596479707499836,0.07228046633469752,0.9973843462710044,0.9865183073655366,-0.163650937157832,0.0,5.7519523e-05,-5.751952267019078e-05,0.0,ICV_113_CASE_25_with_r_theta_phi.csv
16.10093515,0.9568,-2.191397998,0.004227386788,3937.522553,0.6742491768,327.7092804,18.10028206,2.493756605,0.0005436151749,0.03141322391,335.060869437349,152.342283465922,0.29177605993241,831.324796353616,810.003352604872,0.0006312405364473,0.0314163498458109,0.0005436204477675,317.714231223494,163.4521716395746,19.072951650594405,118.58854641466596,63.93657687550305,0.9680400297064216,16.277524508663593,3.400809180384954,97.73706483080878,ICV_113_CASE_25_with_r_theta_phi.csv,0.9215219160908283,0.05932047157333942,0.9982389902484858,0.9908963162555217,-0.13462722767418625,0.004227386788,0.0023618534,0.0018655334138317232,44.129707238665524,ICV_113_CASE_25_with_r_theta_phi.csv
1.90383995,0.9568,-2.190527202,0.0,2369.505013,0.6666053312,332.1731889,751.0544171,16.24006573,0.0005436182982,0.03141457954,335.060869437349,152.342283465922,0.29177605993241,831.324796353616,810.003352604872,0.0006312405364473,0.0314163498458109,0.0005436204477675,317.714231223494,163.4521716395746,19.072951650594405,118.58854641466596,63.93657687550305,0.9680400297064216,3.055893031164205,26.682421572663657,135.79260669152893,ICV_113_CASE_25_with_r_theta_phi.csv,0.17300372669985623,0.44904488985030605,0.8935091979936897,0.6972576054567814,-0.7168206411876512,0.0,4.395983e-05,-4.395982978167012e-05,0.0,ICV_113_CASE_25_with_r_theta_phi.csv
-0.8493823763,0.9568,-2.189378955,0.002142082434,5654.686621,0.6672930746,332.5872396,398.098782,14.28415138,0.000543619093,0.03141520309,335.060869437349,152.342283465922,0.29177605993241,831.324796353616,810.003352604872,0.0006312405364473,0.0314163498458109,0.0005436204477675,317.714231223494,163.4521716395746,19.072951650594405,118.58854641466596,63.93657687550305,0.9680400297064216,2.53580300294915,131.59650332204922,149.6990114111319,ICV_113_CASE_25_with_r_theta_phi.csv,0.14355979257551316,0.7478386075554254,-0.6638805743878656,0.5045425208795918,-0.8633868452926918,0.002142082434,0.0015596611,0.0005824213147550073,27.18949118104352,ICV_113_CASE_25_with_r_theta_phi.csv
16.42462572,0.4484524589,-2.179649526,0.004227382131,3936.62957,0.6724204846,328.6140585,17.63345079,2.603560915,0.000543615375,0.03141328465,335.060869437349,152.342283465922,0.29177605993241,831.324796353616,810.003352604872,0.0006312405364473,0.0314163498458109,0.0005436204477675,317.714231223494,163.4521716395746,19.072951650594405,118.58854641466596,63.93657687550305,0.9680400297064216,16.57468888716078,1.5639961310595822,97.55655195324071,ICV_113_CASE_25_with_r_theta_phi.csv,0.9383453272502411,0.027293492194018144,0.9996274632501125,0.9913155467871406,-0.1315047021901209,0.004227382131,0.0043103946,-8.301250628666313e-05,1.9636858863144555,ICV_113_CASE_25_with_r_theta_phi.csv
12.70333928,0.9568,-2.178895621,0.0,3169.872234,0.6714169375,329.2289325,52.86342993,3.885029569,0.0005436129415,0.03141266203,335.060869437349,152.342283465922,0.29177605993241,831.324796353616,810.003352604872,0.0006312405364473,0.0314163498458109,0.0005436204477675,317.714231223494,163.4521716395746,19.072951650594405,118.58854641466596,63.93657687550305,0.9680400297064216,12.924313569006436,4.307315406486964,99.70578401306568,ICV_113_CASE_25_with_r_theta_phi.csv,0.7316860864150733,0.07510604474783962,0.9971755522686743,0.9856864550512773,-0.16858888554245294,0.0,5.7519523e-05,-5.751952267019078e-05,0.0,ICV_113_CASE_25_with_r_theta_phi.csv
-0.2468330087,0.9568,-2.175698061,0.0,3408.665424,0.6657844678,333.4896106,808.056007,22.2868554,0.0005436188511,0.03141498881,335.060869437349,152.342283465922,0.29177605993241,831.324796353616,810.003352604872,0.0006312405364473,0.0314163498458109,0.0005436204477675,317.714231223494,163.4521716395746,19.072951650594405,118.58854641466596,63.93657687550305,0.9680400297064216,2.389572101197839,104.46562731944016,155.57411407603047,ICV_113_CASE_25_with_r_theta_phi.csv,0.1352812007846155,0.9682976732338677,-0.249799151339387,0.41351582961261013,-0.9104969295169505,0.0,2.708117e-05,-2.708117062866222e-05,0.0,ICV_113_CASE_25_with_r_theta_phi.csv
14.24135935,-1.431506003,-2.17043557,0.004227413796,3720.598203,0.6741161008,329.4221638,16.73324871,3.483022655,0.0005436133857,0.03141273943,335.060869437349,152.342283465922,0.29177605993241,831.324796353616,810.003352604872,0.0006312405364473,0.0314163498458109,0.0005436204477675,317.714231223494,163.4521716395746,19.072951650594405,118.58854641466596,63.93657687550305,0.9680400297064216,14.476750883260326,354.2600507178953,98.62261502710794,ICV_113_CASE_25_with_r_theta_phi.csv,0.8195744509929128,-0.10001352456510666,0.994986077743837,0.9886972814282261,-0.1499256005371831,0.004227413796,0.0044410964,-0.0002136826514081997,5.0546897386728595,ICV_113_CASE_25_with_r_theta_phi.csv
2.430934769,0.9568,-2.170417429,0.0,2586.178823,0.6665355142,331.9844715,642.0261016,13.51327707,0.0005436183075,0.03141459091,335.060869437349,152.342283465922,0.29177605993241,831.324796353616,810.003352604872,0.0006312405364473,0.0314163498458109,0.0005436204477675,317.714231223494,163.4521716395746,19.072951650594405,118.58854641466596,63.93657687550305,0.9680400297064216,3.3964130943158333,21.48427389701419,129.71969302264472,ICV_113_CASE_25_with_r_theta_phi.csv,0.1922816396832366,0.3662458390951617,0.9305181273599569,0.7691799599414119,-0.6390322286274207,0.0,4.395983e-05,-4.395982978167012e-05,0.0,ICV_113_CASE_25_with_r_theta_phi.csv
14.71771141,-1.438958168,-2.165502111,0.004227420781,3899.194333,0.6730903717,329.9437798,15.3052133,3.363858596,0.0005436137019,0.03141280674,335.060869437349,152.342283465922,0.29177605993241,831.324796353616,810.003352604872,0.0006312405364473,0.0314163498458109,0.0005436204477675,317.714231223494,163.4521716395746,19.072951650594405,118.58854641466596,63.93657687550305,0.9680400297064216,14.945602334802151,354.41591012574287,98.33104030079852,ICV_113_CASE_25_with_r_theta_phi.csv,0.8461176079549453,-0.09730653719688713,0.995254458828872,0.9894474381018034,-0.1448922607794425,0.004227420781,0.00438632,-0.00015889899785961545,3.7587693786290197,ICV_113_CASE_25_with_r_theta_phi.csv
15.35031865,0.9568,-2.164057023,0.0,3479.602596,0.6723618868,328.5954548,54.54221192,3.544334698,0.0005436144723,0.03141305741,335.060869437349,152.342283465922,0.29177605993241,831.324796353616,810.003352604872,0.0006312405364473,0.0314163498458109,0.0005436204477675,317.714231223494,163.4521716395746,19.072951650594405,118.58854641466596,63.93657687550305,0.9680400297064216,15.531609436736858,3.56668631741411,98.00921921602304,ICV_113_CASE_25_with_r_theta_phi.csv,0.8792933151781341,0.06221022282737942,0.9980630682355538,0.9902456621807116,-0.13933243890883354,0.0,5.7519523e-05,-5.751952267019078e-05,0.0,ICV_113_CASE_25_with_r_theta_phi.csv
12.11407288,0.9568,-2.159647329,0.0,3177.325611,0.6706120468,329.2828974,43.46272008,2.417530812,0.0005436125838,0.03141256239,335.060869437349,152.342283465922,0.29177605993241,831.324796353616,810.003352604872,0.0006312405364473,0.0314163498458109,0.0005436204477675,317.714231223494,163.4521716395746,19.072951650594405,118.58854641466596,63.93657687550305,0.9680400297064216,12.342216355566302,4.515989997913948,100.07752399074104,ICV_113_CASE_25_with_r_theta_phi.csv,0.6987317302907756,0.07873731047516301,0.9968953986949372,0.9845718971462801,-0.17498051134276293,0.0,3.993854e-05,-3.9938538975548e-05,0.0,ICV_113_CASE_25_with_r_theta_phi.csv
5.36205904,-1.450481248,-2.157800767,0.004227397498,6040.351827,0.6662081669,335.9799206,422.0809733,27.16473962,0.0005436186525,0.03141486722,335.060869437349,152.342283465922,0.29177605993241,831.324796353616,810.003352604872,0.0006312405364473,0.0314163498458109,0.0005436204477675,317.714231223494,163.4521716395746,19.072951650594405,118.58854641466596,63.93657687550305,0.9680400297064216,5.959167487939163,344.86328601259675,111.22907820498727,ICV_113_CASE_25_with_r_theta_phi.csv,0.33736723534767543,-0.2611231106343323,0.9653055066105498,0.932140152918977,-0.36209768753222665,0.004227397498,0.003478268,0.0007491295694145896,17.72082160695316,ICV_113_CASE_25_with_r_theta_phi.csv
11.00182222,-1.458630093,-2.152300688,0.004227362107,3388.183562,0.6758030919,327.7584497,16.13550511,2.594783909,0.0005436126229,0.0314125609,335.060869437349,152.342283465922,0.29177605993241,831.324796353616,810.003352604872,0.0006312405364473,0.0314163498458109,0.0005436204477675,317.714231223494,163.4521716395746,19.072951650594405,118.58854641466596,63.93657687550305,0.9680400297064216,11.304870284981432,352.44772617649846,100.97537173365356,ICV_113_CASE_25_with_r_theta_phi.csv,0.6400043029042666,-0.1314306828198035,0.9913253631444725,0.9817091109254739,-0.1903870308763591,0.004227362107,0.004393619,-0.000166256912538164,3.9328760652780113,ICV_113_CASE_25_with_r_theta_phi.csv
13.70211496,-1.460781947,-2.15084079,0.004227401223,3475.827939,0.6752598786,328.7949075,20.81474419,3.742247732,0.0005436126109,0.03141260642,335.060869437349,152.342283465922,0.29177605993241,831.324796353616,810.003352604872,0.0006312405364473,0.0314163498458109,0.0005436204477675,317.714231223494,163.4521716395746,19.072951650594405,118.58854641466596,63.93657687550305,0.9680400297064216,13.9466108563215,353.9146842871771,98.87153860398143,ICV_113_CASE_25_with_r_theta_phi.csv,0.789561554796007,-0.10600922981308157,0.9943651458063266,0.9880365954955932,-0.1542196030389056,0.004227401223,0.0044264384,-0.00019903713840632633,4.708262307262045,ICV_113_CASE_25_with_r_theta_phi.csv
3.064688388,0.9568,-2.145249643,0.0,2688.516256,0.6665430338,331.894101,596.0601458,12.36283819,0.0005436182958,0.03141458273,335.060869437349,152.342283465922,0.29177605993241,831.324796353616,810.003352604872,0.0006312405364473,0.0314163498458109,0.0005436204477675,317.714231223494,163.4521716395746,19.072951650594405,118.58854641466596,63.93657687550305,0.9680400297064216,3.8613310122720206,17.338436811818042,123.75016191175888,ICV_113_CASE_25_with_r_theta_phi.csv,0.21860210692332058,0.29801530736609966,0.9545610910651497,0.8314680423170316,-0.5555725826617823,0.0,4.395983e-05,-4.395982978167012e-05,0.0,ICV_113_CASE_25_with_r_theta_phi.csv
11.43140412,0.9568,-2.139742396,0.0,3150.685611,0.6714191933,328.670728,26.23885311,1.024009398,0.0005436144016,0.03141301442,335.060869437349,152.342283465922,0.29177605993241,831.324796353616,810.003352604872,0.0006312405364473,0.0314163498458109,0.0005436204477675,317.714231223494,163.4521716395746,19.072951650594405,118.58854641466596,63.93657687550305,0.9680400297064216,11.66923150494465,4.78446219288486,100.56589197538403,ICV_113_CASE_25_with_r_theta_phi.csv,0.6606319388443007,0.08340760545311489,0.9965155148579361,0.9830446807253469,-0.18336617926324567,0.0,0.0001997716,-0.00019977160263806581,0.0,ICV_113_CASE_25_with_r_theta_phi.csv
16.03329796,0.9568,-2.138396323,0.002146318322,3878.174776,0.6735620794,328.0106198,28.90755419,2.687623765,0.0005436149576,0.03141317272,335.060869437349,152.342283465922,0.29177605993241,831.324796353616,810.003352604872,0.0006312405364473,0.0314163498458109,0.0005436204477675,317.714231223494,163.4521716395746,19.072951650594405,118.58854641466596,63.93657687550305,0.9680400297064216,16.20354432056024,3.415121762561455,97.5834979508992,ICV_113_CASE_25_with_r_theta_phi.csv,0.9173336646980889,0.059569831500162894,0.9982241407494823,0.9912535909751774,-0.1319708997423892,0.002146318322,0.0007837895,0.001362528826528135,63.48214111239897,ICV_113_CASE_25_with_r_theta_phi.csv
14.41449855,0.9568,-2.136337006,0.0,3236.702637,0.670799209,329.7262312,73.692106,5.181497833,0.0005436137878,0.03141289398,335.060869437349,152.342283465922,0.29177605993241,831.324796353616,810.003352604872,0.0006312405364473,0.0314163498458109,0.0005436204477675,317.714231223494,163.4521716395746,19.072951650594405,118.58854641466596,63.93657687550305,0.9680400297064216,14.603327377387563,3.7975862193830494,98.41205179551967,ICV_113_CASE_25_with_r_theta_phi.csv,0.8267403448816371,0.06623186454267978,0.9978042594212555,0.9892415834609795,-0.14629111234662862,0.0,5.7519523e-05,-5.751952267019078e-05,0.0,ICV_113_CASE_25_with_r_theta_phi.csv
14.00943893,0.9568,-2.130792821,0.0,3173.821475,0.670494067,329.990951,78.51091974,5.595420644,0.0005436134552,0.03141280908,335.060869437349,152.342283465922,0.29177605993241,831.324796353616,810.003352604872,0.0006312405364473,0.0314163498458109,0.0005436204477675,317.714231223494,163.4521716395746,19.072951650594405,118.58854641466596,63.93657687550305,0.9680400297064216,14.202820966956692,3.9070517957470656,98.62843494195738,ICV_113_CASE_25_with_r_theta_phi.csv,0.8040664158975044,0.06813808219161738,0.9976759001575854,0.9886820473834553,-0.15002602834728024,0.0,5.7519523e-05,-5.751952267019078e-05,0.0,ICV_113_CASE_25_with_r_theta_phi.csv
-1.491221455,-0.01683598704,-2.129782881,0.004227316473,9418.136956,0.6647895847,340.8004446,310.5183669,32.82962795,0.000543619282,0.03141537109,335.060869437349,152.342283465922,0.29177605993241,831.324796353616,810.003352604872,0.0006312405364473,0.0314163498458109,0.0005436204477675,317.714231223494,163.4521716395746,19.072951650594405,118.58854641466596,63.93657687550305,0.9680400297064216,2.59999999971396,180.6468455878793,144.99952229106557,ICV_113_CASE_25_with_r_theta_phi.csv,0.14719418670187417,-0.011289345443503409,-0.9999362733091831,0.5735832660880927,-0.8191472620131964,0.004227316473,0.00348951,0.0007378065496164068,17.453307651657184,ICV_113_CASE_25_with_r_theta_phi.csv
-0.7812523469,0.9568,-2.128233141,0.0,5172.080174,0.6654707592,333.8242546,702.9807764,21.26394709,0.0005436189917,0.03141510672,335.060869437349,152.342283465922,0.29177605993241,831.324796353616,810.003352604872,0.0006312405364473,0.0314163498458109,0.0005436204477675,317.714231223494,163.4521716395746,19.072951650594405,118.58854641466596,63.93657687550305,0.9680400297064216,2.460731145815707,129.23254152653487,149.86881953399302,ICV_113_CASE_25_with_r_theta_phi.csv,0.1393097383616008,0.7745853984060037,-0.632469335680563,0.5019814798288816,-0.8648783694305264,0.0,1.3107634e-05,-1.3107634003972635e-05,0.0,ICV_113_CASE_25_with_r_theta_phi.csv
14.82577261,0.9568,-2.127918928,0.0,3274.956479,0.672145639,328.8764116,72.18147084,4.536413774,0.0005436140662,0.03141296483,335.060869437349,152.342283465922,0.29177605993241,831.324796353616,810.003352604872,0.0006312405364473,0.0314163498458109,0.0005436204477675,317.714231223494,163.4521716395746,19.072951650594405,118.58854641466596,63.93657687550305,0.9680400297064216,15.008232363858406,3.692534947261152,98.1510598409908,ICV_113_CASE_25_with_r_theta_phi.csv,0.8496632911053547,0.06440228953003883,0.9979240177003904,0.9898976987378224,-0.14178344767131112,0.0,3.040545e-05,-3.0405450161197223e-05,0.0,ICV_113_CASE_25_with_r_theta_phi.csv
13.24240195,-1.502579962,-2.121851422,0.004227383528,3148.230494,0.6753680141,328.6488851,32.72894389,4.402384403,0.0005436113638,0.03141242909,335.060869437349,152.342283465922,0.29177605993241,831.324796353616,810.003352604872,0.0006312405364473,0.0314163498458109,0.0005436204477675,317.714231223494,163.4521716395746,19.072951650594405,118.58854641466596,63.93657687550305,0.9680400297064216,13.49522913494288,353.52648806160227,99.04613706208228,ICV_113_CASE_25_with_r_theta_phi.csv,0.7640074142661119,-0.11274386955577628,0.9936240837850048,0.9875620525335208,-0.1572297439919669,0.004227383528,0.0044278847,-0.00020050117736470415,4.742914287034971,ICV_113_CASE_25_with_r_theta_phi.csv
10.65372567,0.9568,-2.120421915,0.0,3077.861288,0.6712675295,328.7738899,28.79559535,0.9164270869,0.0005436167878,0.03141361863,335.060869437349,152.342283465922,0.29177605993241,831.324796353616,810.003352604872,0.0006312405364473,0.0314163498458109,0.0005436204477675,317.714231223494,163.4521716395746,19.072951650594405,118.58854641466596,63.93657687550305,0.9680400297064216,10.904747864541813,5.131906415296157,101.21256213684468,ICV_113_CASE_25_with_r_theta_phi.csv,0.6173521128026226,0.0894489504340343,0.9959914082291321,0.9809125457642921,-0.19444942160421938,0.0,0.00017265753,-0.00017265752831008285,0.0,ICV_113_CASE_25_with_r_theta_phi.csv
0.6565052235,0.9568,-2.119953248,0.0,2189.209587,0.6664826989,333.2909552,1063.669042,26.29215184,0.000543618365,0.03141459838,335.060869437349,152.342283465922,0.29177605993241,831.324796353616,810.003352604872,0.0006312405364473,0.0314163498458109,0.0005436204477675,317.714231223494,163.4521716395746,19.072951650594405,118.58854641466596,63.93657687550305,0.9680400297064216,2.4167472193401887,55.54415985722119,151.30556409672823,ICV_113_CASE_25_with_r_theta_phi.csv,0.1368196697899734,0.8245624928576372,0.5657708859356401,0.48013831392923156,-0.8771927949414511,0.0,-3.2901674e-08,3.290167427394408e-08,0.0,ICV_113_CASE_25_with_r_theta_phi.csv
1.061712422,0.9568,-2.119061186,0.0,2071.897689,0.6668499269,332.964129,863.3196061,23.3065379,0.0005436183204,0.03141458033,335.060869437349,152.342283465922,0.29177605993241,831.324796353616,810.003352604872,0.0006312405364473,0.0314163498458109,0.0005436204477675,317.714231223494,163.4521716395746,19.072951650594405,118.58854641466596,63.93657687550305,0.9680400297064216,2.555996834317451,42.02472230348189,146.00175483736848,ICV_113_CASE_25_with_r_theta_phi.csv,0.1447030289543512,0.6694512003463752,0.7428560360896298,0.559167511702772,-0.8290546989530487,0.0,1.6845755e-05,-1.684575545368716e-05,0.0,ICV_113_CASE_25_with_r_theta_phi.csv
3.811151034,0.9568,-2.118010134,0.0,2627.613236,0.6666750351,331.7262618,518.495343,10.83162714,0.0005436182564,0.03141454686,335.060869437349,152.342283465922,0.29177605993241,831.324796353616,810.003352604872,0.0006312405364473,0.0314163498458109,0.0005436204477675,317.714231223494,163.4521716395746,19.072951650594405,118.58854641466596,63.93657687550305,0.9680400297064216,4.463889041148533,14.09300013598181,118.32526588113342,ICV_113_CASE_25_with_r_theta_phi.csv,0.25271481423521297,0.24349652005015715,0.969901770656938,0.880268207896716,-0.47447642951605495,0.0,1.6845755e-05,-1.684575545368716e-05,0.0,ICV_113_CASE_25_with_r_theta_phi.csv
0.2532130709,0.9568,-2.116529936,0.0,2488.666998,0.6660344638,333.67112,1042.180319,26.66441673,0.0005436185375,0.03141472839,335.060869437349,152.342283465922,0.29177605993241,831.324796353616,810.003352604872,0.0006312405364473,0.0314163498458109,0.0005436204477675,317.714231223494,163.4521716395746,19.072951650594405,118.58854641466596,63.93657687550305,0.9680400297064216,2.336510661062511,75.17673883574338,154.9381096980302,ICV_113_CASE_25_with_r_theta_phi.csv,0.13227722558199664,0.9667196020638783,0.2558382516072543,0.4235969991884405,-0.9058507505536154,0.0,-3.2901674e-08,3.290167427394408e-08,0.0,ICV_113_CASE_25_with_r_theta_phi.csv
13.59431977,0.9568,-2.116029056,0.0,3125.000181,0.6709443616,329.7724983,78.75163944,5.585525292,0.0005436131332,0.03141272648,335.060869437349,152.342283465922,0.29177605993241,831.324796353616,810.003352604872,0.0006312405364473,0.0314163498458109,0.0005436204477675,317.714231223494,163.4521716395746,19.072951650594405,118.58854641466596,63.93657687550305,0.9680400297064216,13.79124995114109,4.025971857642617,98.82591072424458,ICV_113_CASE_25_with_r_theta_phi.csv,0.7807660847630019,0.07020865678828178,0.9975323275523381,0.9881590960032101,-0.15343272462587215,0.0,3.040545e-05,-3.0405450161197223e-05,0.0,ICV_113_CASE_25_with_r_theta_phi.csv
1.488149035,0.9568,-2.106412819,0.0,2139.96002,0.6667626864,332.6891502,815.8776552,20.89133748,0.0005436182612,0.03141454313,335.060869437349,152.342283465922,0.29177605993241,831.324796353616,810.003352604872,0.0006312405364473,0.0314163498458109,0.0005436204477675,317.714231223494,163.4521716395746,19.072951650594405,118.58854641466596,63.93657687550305,0.9680400297064216,2.7508232866578246,32.73884297340339,139.9727863387314,ICV_113_CASE_25_with_r_theta_phi.csv,0.15573276787873874,0.5408106882357975,0.8411443392723529,0.6431513837580601,-0.7657390531833234,0.0,1.6845755e-05,-1.684575545368716e-05,0.0,ICV_113_CASE_25_with_r_theta_phi.csv
12.1632903,-1.525689415,-2.105296134,0.004227397032,2608.17255,0.6757293844,328.0285713,38.73559175,4.15385063,0.000543609822,0.0314122009,335.060869437349,152.342283465922,0.29177605993241,831.324796353616,810.003352604872,0.0006312405364473,0.0314163498458109,0.0005436204477675,317.714231223494,163.4521716395746,19.072951650594405,118.58854641466596,63.93657687550305,0.9680400297064216,12.438071833083796,352.8505045856191,99.74492800726978,ICV_113_CASE_25_with_r_theta_phi.csv,0.7041584106967985,-0.12445866434424321,0.9922247935168961,0.9855710465180129,-0.16926225883341162,0.004227397032,0.004369414,-0.00014201691382390805,3.3594411103402986,ICV_113_CASE_25_with_r_theta_phi.csv
9.788941858,0.9568,-2.098679229,0.0,2978.500002,0.6711322312,328.8595033,48.63222884,1.238867191,0.0005436164991,0.03141353642,335.060869437349,152.342283465922,0.29177605993241,831.324796353616,810.003352604872,0.0006312405364473,0.0314163498458109,0.0005436204477675,317.714231223494,163.4521716395746,19.072951650594405,118.58854641466596,63.93657687550305,0.9680400297064216,10.057002706847628,5.582525366360471,102.04491432407178,ICV_113_CASE_25_with_r_theta_phi.csv,0.5693585900984012,0.09727936092750882,0.9952571154920398,0.97798431764873,-0.20867839953657896,0.0,0.00017203853,-0.0001720385334920138,0.0,ICV_113_CASE_25_with_r_theta_phi.csv
13.14676863,0.9568,-2.095225208,0.0,3110.281771,0.6712296946,329.5151984,74.20030845,5.08683247,0.0005436128061,0.03141264287,335.060869437349,152.342283465922,0.29177605993241,831.324796353616,810.003352604872,0.0006312405364473,0.0314163498458109,0.0005436204477675,317.714231223494,163.4521716395746,19.072951650594405,118.58854641466596,63.93657687550305,0.9680400297064216,13.347020653426394,4.1625528394379785,99.03169091464798,ICV_113_CASE_25_with_r_theta_phi.csv,0.7556168654578277,0.07258636047832115,0.9973621309597188,0.9876016639243701,-0.15698074217500535,0.0,3.040545e-05,-3.0405450161197223e-05,0.0,ICV_113_CASE_25_with_r_theta_phi.csv
16.60134034,-0.2527109796,-2.093241678,0.004227371421,3961.3315,0.6713993212,329.1394382,15.66470366,2.525459483,0.0005436154285,0.03141329821,335.060869437349,152.342283465922,0.29177605993241,831.324796353616,810.003352604872,0.0006312405364473,0.0314163498458109,0.0005436204477675,317.714231223494,163.4521716395746,19.072951650594405,118.58854641466596,63.93657687550305,0.9680400297064216,16.734695236132563,359.1278924441184,97.18560345263175,ICV_113_CASE_25_with_r_theta_phi.csv,0.94740379048356,-0.015220560540679266,0.9998841605590257,0.9921461621201862,-0.12508394377451107,0.004227371421,0.0043645715,-0.00013720011309719445,3.2455182996975473,ICV_113_CASE_25_with_r_theta_phi.csv
4.643335313,0.9568,-2.093145291,0.0,2692.77267,0.6667597919,331.6113286,395.6982596,9.055054075,0.0005436182047,0.03141450078,335.060869437349,152.342283465922,0.29177605993241,831.324796353616,810.003352604872,0.0006312405364473,0.0314163498458109,0.0005436204477675,317.714231223494,163.4521716395746,19.072951650594405,118.58854641466596,63.93657687550305,0.9680400297064216,5.182401593681088,11.643331019568734,113.82189099661956,ICV_113_CASE_25_with_r_theta_phi.csv,0.2933920722416562,0.20181868592780333,0.9794229004931295,0.9148054185335486,-0.40389484550023536,0.0,1.6845755e-05,-1.684575545368716e-05,0.0,ICV_113_CASE_25_with_r_theta_phi.csv
1.955935545,0.9568,-2.085143179,0.0,2281.73503,0.6666652664,332.350745,744.1223801,17.66881017,0.0005436182466,0.03141453785,335.060869437349,152.342283465922,0.29177605993241,831.324796353616,810.003352604872,0.0006312405364473,0.0314163498458109,0.0005436204477675,317.714231223494,163.4521716395746,19.072951650594405,118.58854641466596,63.93657687550305,0.9680400297064216,3.014792227189906,26.06684809989963,133.7598666251805,ICV_113_CASE_25_with_r_theta_phi.csv,0.1706768807712194,0.43941948867641945,0.8982819785409001,0.7222448692778559,-0.6916374402834283,0.0,1.6845755e-05,-1.684575545368716e-05,0.0,ICV_113_CASE_25_with_r_theta_phi.csv
-0.1570078197,0.9568,-2.083545885,0.0,3075.639067,0.6659328211,333.9025047,897.0199554,26.12186405,0.0005436187699,0.0314149168,335.060869437349,152.342283465922,0.29177605993241,831.324796353616,810.003352604872,0.0006312405364473,0.0314163498458109,0.0005436204477675,317.714231223494,163.4521716395746,19.072951650594405,118.58854641466596,63.93657687550305,0.9680400297064216,2.2981038162683998,99.31899987797794,155.0446660345341,ICV_113_CASE_25_with_r_theta_phi.csv,0.13010289316512116,0.9868020726354471,-0.16193106385862466,0.42191160360637964,-0.9066369718593508,0.0,-3.2901674e-08,3.290167427394408e-08,0.0,ICV_113_CASE_25_with_r_theta_phi.csv
8.92043431,0.9568,-2.080105582,0.0,2954.092299,0.6717640321,328.5361487,54.4001706,1.208103175,0.0005436166396,0.03141364305,335.060869437349,152.342283465922,0.29177605993241,831.324796353616,810.003352604872,0.0006312405364473,0.0314163498458109,0.0005436204477675,317.714231223494,163.4521716395746,19.072951650594405,118.58854641466596,63.93657687550305,0.9680400297064216,9.209584884851909,6.122102372501331,103.05363794250798,ICV_113_CASE_25_with_r_theta_phi.csv,0.5213835988987641,0.10664763840279817,0.994296877810197,0.9741590479636502,-0.22586312065176725,0.0,0.00017152754,-0.0001715275429887697,0.0,ICV_113_CASE_25_with_r_theta_phi.csv
15.2521432,0.9568,-2.074805608,0.0,3386.02528,0.6713697236,329.1056984,69.21273023,3.912955445,0.0005436143121,0.03141302863,335.060869437349,152.342283465922,0.29177605993241,831.324796353616,810.003352604872,0.0006312405364473,0.0314163498458109,0.0005436204477675,317.714231223494,163.4521716395746,19.072951650594405,118.58854641466596,63.93657687550305,0.9680400297064216,15.422326567165362,3.58958463420862,97.73159297675473,ICV_113_CASE_25_with_r_theta_phi.csv,0.8731064678285984,0.06260909477309493,0.9980381261513478,0.9909091688886335,-0.13453259460977365,0.0,3.040545e-05,-3.0405450161197223e-05,0.0,ICV_113_CASE_25_with_r_theta_phi.csv
5.525761371,0.9568,-2.074124169,0.0,2729.412659,0.6668019038,331.4467965,346.2131201,7.480399781,0.0005436181393,0.03141444655,335.060869437349,152.342283465922,0.29177605993241,831.324796353616,810.003352604872,0.0006312405364473,0.0314163498458109,0.0005436204477675,317.714231223494,163.4521716395746,19.072951650594405,118.58854641466596,63.93657687550305,0.9680400297064216,5.979255475196368,9.82351096433905,110.2970092504612,ICV_113_CASE_25_with_r_theta_phi.csv,0.338504479558109,0.17061384078513184,0.9853379711208463,0.9379070428292956,-0.34688669477396483,0.0,1.6845755e-05,-1.684575545368716e-05,0.0,ICV_113_CASE_25_with_r_theta_phi.csv
15.95680893,0.9568,-2.073970803,0.0,3749.523533,0.6721467752,328.6394655,42.49801926,3.051903408,0.0005436147807,0.03141313401,335.060869437349,152.342283465922,0.29177605993241,831.324796353616,810.003352604872,0.0006312405364473,0.0314163498458109,0.0005436204477675,317.714231223494,163.4521716395746,19.072951650594405,118.58854641466596,63.93657687550305,0.9680400297064216,16.119447024021145,3.431453138727477,97.3923189291055,ICV_113_CASE_25_with_r_theta_phi.csv,0.912572651940681,0.05985435917756876,0.9982071206355135,0.9916884198065824,-0.12866265200719162,0.0,8.275757e-05,-8.27575713628903e-05,0.0,ICV_113_CASE_25_with_r_theta_phi.csv
12.65101306,0.9568,-2.070237531,0.0,3115.144466,0.6707045929,329.5313627,65.99693619,4.054834886,0.0005436124929,0.03141256225,335.060869437349,152.342283465922,0.29177605993241,831.324796353616,810.003352604872,0.0006312405364473,0.0314163498458109,0.0005436204477675,317.714231223494,163.4521716395746,19.072951650594405,118.58854641466596,63.93657687550305,0.9680400297064216,12.854939950036778,4.325063555184215,99.2676189419766,ICV_113_CASE_25_with_r_theta_phi.csv,0.7277586274058702,0.07541492985927165,0.9971522393066774,0.986946890182095,-0.1610460678187819,0.0,3.040545e-05,-3.0405450161197223e-05,0.0,ICV_113_CASE_25_with_r_theta_phi.csv
8.065796519,0.9568,-2.06787341,0.0,2975.29552,0.6699732949,329.5258811,119.5605572,2.648299934,0.000543617432,0.03141403017,335.060869437349,152.342283465922,0.29177605993241,831.324796353616,810.003352604872,0.0006312405364473,0.0314163498458109,0.0005436204477675,317.714231223494,163.4521716395746,19.072951650594405,118.58854641466596,63.93657687550305,0.9680400297064216,8.381446185814088,6.765061671050034,104.28352440535376,ICV_113_CASE_25_with_r_theta_phi.csv,0.4745000595546754,0.11779844700979294,0.9930375249113605,0.969086716742604,-0.2467203587729233,0.0,3.2524815e-05,-3.252481474191882e-05,0.0,ICV_113_CASE_25_with_r_theta_phi.csv
11.43660294,-1.577034744,-2.067114273,0.004227384459,2834.016564,0.6773557323,326.8471433,19.59127723,2.555171117,0.0005436106273,0.03141228896,335.060869437349,152.342283465922,0.29177605993241,831.324796353616,810.003352604872,0.0006312405364473,0.0314163498458109,0.0005436204477675,317.714231223494,163.4521716395746,19.072951650594405,118.58854641466596,63.93657687550305,0.9680400297064216,11.728422178990664,352.1487895715945,100.15130865485094,ICV_113_CASE_25_with_r_theta_phi.csv,0.6639829092779536,-0.13660103920136302,0.9906261434512557,0.984345743471189,-0.17624828314100574,0.004227384459,0.004378961,-0.00015157647453629096,3.585585270763164,ICV_113_CASE_25_with_r_theta_phi.csv
6.386835832,0.9568,-2.062371745,0.0,2787.895622,0.6680694309,330.6529335,280.4622035,5.594893759,0.0005436180609,0.03141438614,335.060869437349,152.342283465922,0.29177605993241,831.324796353616,810.003352604872,0.0006312405364473,0.0314163498458109,0.0005436204477675,317.714231223494,163.4521716395746,19.072951650594405,118.58854641466596,63.93657687550305,0.9680400297064216,6.779418514850184,8.52001446478181,107.7106848638586,ICV_113_CASE_25_with_r_theta_phi.csv,0.38380422873645537,0.1481548834529266,0.9889641704880161,0.9526047667625803,-0.30421071371864916,0.0,1.6845755e-05,-1.684575545368716e-05,0.0,ICV_113_CASE_25_with_r_theta_phi.csv
7.229071109,0.9568,-2.059565798,0.0,2923.585017,0.6689111531,330.1914052,217.6584068,4.642493608,0.000543617926,0.03141429155,335.060869437349,152.342283465922,0.29177605993241,831.324796353616,810.003352604872,0.0006312405364473,0.0314163498458109,0.0005436204477675,317.714231223494,163.4521716395746,19.072951650594405,118.58854641466596,63.93657687550305,0.9680400297064216,7.577383889923347,7.539532198531049,105.7716636162304,ICV_113_CASE_25_with_r_theta_phi.csv,0.4289795612030215,0.1312102253583604,0.9913545666215535,0.9623525356369053,-0.27180433615602795,0.0,1.6845755e-05,-1.684575545368716e-05,0.0,ICV_113_CASE_25_with_r_theta_phi.csv
2.480497878,0.9568,-2.05636666,0.0,2499.489287,0.666633845,332.117927,637.421062,14.8528675,0.0005436182615,0.03141455286,335.060869437349,152.342283465922,0.29177605993241,831.324796353616,810.003352604872,0.0006312405364473,0.0314163498458109,0.0005436204477675,317.714231223494,163.4521716395746,19.072951650594405,118.58854641466596,63.93657687550305,0.9680400297064216,3.361098005581221,21.09307406887291,127.72077952027882,ICV_113_CASE_25_with_r_theta_phi.csv,0.19028234131201827,0.35988402978520045,0.9329970445320633,0.7910016977861932,-0.6118139538285801,0.0,1.6845755e-05,-1.684575545368716e-05,0.0,ICV_113_CASE_25_with_r_theta_phi.csv
-0.7001123484,0.9568,-2.056274074,0.0,4596.963093,0.6655638242,334.1702861,891.5876436,26.20172743,0.0005436189307,0.03141504895,335.060869437349,152.342283465922,0.29177605993241,831.324796353616,810.003352604872,0.0006312405364473,0.0314163498458109,0.0005436204477675,317.714231223494,163.4521716395746,19.072951650594405,118.58854641466596,63.93657687550305,0.9680400297064216,2.373580967185809,126.19378403286912,150.03345703383718,ICV_113_CASE_25_with_r_theta_phi.csv,0.13437589233630765,0.807024381667744,-0.5905181177523645,0.49949421189441207,-0.8663172238181464,0.0,1.3107634e-05,-1.3107634003972635e-05,0.0,ICV_113_CASE_25_with_r_theta_phi.csv
12.82288235,-1.594962253,-2.053313276,0.004227375612,2758.22353,0.6744874505,328.9704622,54.82333053,5.45753897,0.0005436099016,0.03141223545,335.060869437349,152.342283465922,0.29177605993241,831.324796353616,810.003352604872,0.0006312405364473,0.0314163498458109,0.0005436204477675,317.714231223494,163.4521716395746,19.072951650594405,118.58854641466596,63.93657687550305,0.9680400297064216,13.083818699440704,352.90973373303194,99.02905576063527,ICV_113_CASE_25_with_r_theta_phi.csv,0.7407161740887777,-0.1234328919617682,0.9923529216876193,0.9876088827560048,-0.1569353201208577,0.004227375612,0.004405529,-0.0001781531606223465,4.214273273339869,ICV_113_CASE_25_with_r_theta_phi.csv
9.05348511,-1.60209691,-2.047751325,0.004227322992,3769.319228,0.6711068382,329.9149712,87.26646891,6.191136273,0.0005436168536,0.03141397054,335.060869437349,152.342283465922,0.29177605993241,831.324796353616,810.003352604872,0.0006312405364473,0.0314163498458109,0.0005436204477675,317.714231223494,163.4521716395746,19.072951650594405,118.58854641466596,63.93657687550305,0.9680400297064216,9.419426343204904,349.9648760889309,102.55616905054252,ICV_113_CASE_25_with_r_theta_phi.csv,0.533263384591842,-0.17425185962350043,0.9847011167952192,0.976083354715442,-0.2173966067983779,0.004227322992,0.004386264,-0.00015894090750513852,3.759847727943378,ICV_113_CASE_25_with_r_theta_phi.csv
8.311877659,-1.6075679,-2.043459187,0.004227381665,4469.334683,0.6676429792,332.8333208,182.5817233,13.02265093,0.0005436181468,0.03141447807,335.060869437349,152.342283465922,0.29177605993241,831.324796353616,810.003352604872,0.0006312405364473,0.0314163498458109,0.0005436204477675,317.714231223494,163.4521716395746,19.072951650594405,118.58854641466596,63.93657687550305,0.9680400297064216,8.70903612463678,349.05379525660004,103.57020636277122,ICV_113_CASE_25_with_r_theta_phi.csv,0.49304595748622454,-0.1898872573767011,0.9818059021445912,0.9720831423742509,-0.2346366644661526,0.004227381665,0.0042115715,1.581013176707273e-05,0.3739934790896812,ICV_113_CASE_25_with_r_theta_phi.csv
12.06662385,0.9568,-2.041988069,0.0,3132.052976,0.6701314646,329.4761419,50.12232777,2.338740784,0.00054361222,0.03141248202,335.060869437349,152.342283465922,0.29177605993241,831.324796353616,810.003352604872,0.0006312405364473,0.0314163498458109,0.0005436204477675,317.714231223494,163.4521716395746,19.072951650594405,118.58854641466596,63.93657687550305,0.9680400297064216,12.275528202538869,4.533674130511884,99.57544973008449,ICV_113_CASE_25_with_r_theta_phi.csv,0.6949563039643898,0.07904499483528465,0.9968710492292822,0.9860674041349587,-0.1663462488382107,0.0,1.2824466e-05,-1.2824465557059739e-05,0.0,ICV_113_CASE_25_with_r_theta_phi.csv
15.57251901,-1.534622534,-2.040185949,0.004227426369,3687.055932,0.673804112,328.2787807,12.25333168,2.226471101,0.0005436134663,0.03141277821,335.060869437349,152.342283465922,0.29177605993241,831.324796353616,810.003352604872,0.0006312405364473,0.0314163498458109,0.0005436204477675,317.714231223494,163.4521716395746,19.072951650594405,118.58854641466596,63.93657687550305,0.9680400297064216,15.780392052961457,354.3718542662916,97.4283429367248,ICV_113_CASE_25_with_r_theta_phi.csv,0.8933776824338161,-0.09807177921747648,0.9951793436969633,0.991607328759636,-0.12928613827545146,0.004227426369,0.00438632,-0.00015889340985961523,3.758632225677658,ICV_113_CASE_25_with_r_theta_phi.csv
14.33320583,0.9568,-2.035996733,0.0,3177.425737,0.6705835384,329.9940278,125.6817868,7.196459628,0.0005436133074,0.03141278002,335.060869437349,152.342283465922,0.29177605993241,831.324796353616,810.003352604872,0.0006312405364473,0.0314163498458109,0.0005436204477675,317.714231223494,163.4521716395746,19.072951650594405,118.58854641466596,63.93657687550305,0.9680400297064216,14.508671141835585,3.819061184126895,98.06692207348408,ICV_113_CASE_25_with_r_theta_phi.csv,0.8213815573393803,0.06660584574028926,0.9977793650468127,0.9901048376460453,-0.14032964929015626,0.0,3.040545e-05,-3.0405450161197223e-05,0.0,ICV_113_CASE_25_with_r_theta_phi.csv
13.93523259,0.9568,-2.026882208,0.0,3080.026273,0.6703096259,330.1490136,127.1319927,7.12282451,0.0005436129378,0.03141268554,335.060869437349,152.342283465922,0.29177605993241,831.324796353616,810.003352604872,0.0006312405364473,0.0314163498458109,0.0005436204477675,317.714231223494,163.4521716395746,19.072951650594405,118.58854641466596,63.93657687550305,0.9680400297064216,14.114334028302755,3.927792239960013,98.25647856198611,ICV_113_CASE_25_with_r_theta_phi.csv,0.7990568916781438,0.0684992254606288,0.9976511695534136,0.9896351554613682,-0.14360452317024583,0.0,3.040545e-05,-3.0405450161197223e-05,0.0,ICV_113_CASE_25_with_r_theta_phi.csv
14.73117401,0.9568,-2.026719057,0.0,3214.39151,0.6710408804,329.6140881,117.79578,6.457996097,0.0005436136754,0.03141287434,335.060869437349,152.342283465922,0.29177605993241,831.324796353616,810.003352604872,0.0006312405364473,0.0314163498458109,0.0005436204477675,317.714231223494,163.4521716395746,19.072951650594405,118.58854641466596,63.93657687550305,0.9680400297064216,14.900689383008642,3.7161809193338513,97.81732345590468,ICV_113_CASE_25_with_r_theta_phi.csv,0.8435749443348094,0.0648141273432737,0.9978973538880288,0.9907067614011605,-0.13601512016692863,0.0,3.040545e-05,-3.0405450161197223e-05,0.0,ICV_113_CASE_25_with_r_theta_phi.csv
16.07992939,-1.287161147,-2.025674552,0.004227404483,3827.39772,0.6730638852,328.3812856,12.25481971,2.277951605,0.0005436143194,0.03141298703,335.060869437349,152.342283465922,0.29177605993241,831.324796353616,810.003352604872,0.0006312405364473,0.0314163498458109,0.0005436204477675,317.714231223494,163.4521716395746,19.072951650594405,118.58854641466596,63.93657687550305,0.9680400297064216,16.258052478582805,355.42336388943204,97.15737704329962,ICV_113_CASE_25_with_r_theta_phi.csv,0.9204195431556393,-0.07979245437427183,0.9968114988426496,0.9922076635485406,-0.12459515398098775,0.004227404483,0.00438632,-0.00015891529585961538,3.7591694019600554,ICV_113_CASE_25_with_r_theta_phi.csv
3.111325751,0.9568,-2.020535193,0.0,2581.189909,0.6666339795,331.930682,563.6770578,12.7087985,0.0005436182566,0.0314145494,335.060869437349,152.342283465922,0.29177605993241,831.324796353616,810.003352604872,0.0006312405364473,0.0314163498458109,0.0005436204477675,317.714231223494,163.4521716395746,19.072951650594405,118.58854641466596,63.93657687550305,0.9680400297064216,3.831236958866844,17.09379575524457,121.82890937873368,ICV_113_CASE_25_with_r_theta_phi.csv,0.21689838780177248,0.293936825941261,0.9558248492038575,0.8496267019717338,-0.5273845535248777,0.0,1.6845755e-05,-1.684575545368716e-05,0.0,ICV_113_CASE_25_with_r_theta_phi.csv
-0.5990568118,-1.524454197,-2.01920042,0.00422732858,13811.93464,0.6627304247,348.2664228,429.9756577,49.5428623,0.0005436194968,0.0314156202,335.060869437349,152.342283465922,0.29177605993241,831.324796353616,810.003352604872,0.0006312405364473,0.0314163498458109,0.0005436204477675,317.714231223494,163.4521716395746,19.072951650594405,118.58854641466596,63.93657687550305,0.9680400297064216,2.5999999997390524,248.54692115429987,140.95173403129843,ICV_113_CASE_25_with_r_theta_phi.csv,0.14719418670329473,-0.9307173943069629,-0.36573915832797743,0.6299748354903529,-0.7766155462317907,0.00422732858,0.0034864836,0.0007408449893226195,17.525133784309904,ICV_113_CASE_25_with_r_theta_phi.csv
9.72211623,-1.638857061,-2.018451767,0.004227201454,3551.142904,0.6743817237,327.7070695,29.15689621,2.222037605,0.0005436144473,0.03141311542,335.060869437349,152.342283465922,0.29177605993241,831.324796353616,810.003352604872,0.0006312405364473,0.0314163498458109,0.0005436204477675,317.714231223494,163.4521716395746,19.072951650594405,118.58854641466596,63.93657687550305,0.9680400297064216,10.063773844424585,350.43160547485286,101.57006435804482,ICV_113_CASE_25_with_r_theta_phi.csv,0.569741925517169,-0.1662248266337006,0.9860878799633409,0.9796801741825859,-0.20056608964024325,0.004227201454,0.004378961,-0.00015175947953629133,3.5900697222931695,ICV_113_CASE_25_with_r_theta_phi.csv
11.39038172,0.9568,-2.012695877,0.0,3122.815184,0.6713247484,328.7154501,29.07383495,0.9886136322,0.0005436142495,0.03141297207,335.060869437349,152.342283465922,0.29177605993241,831.324796353616,810.003352604872,0.0006312405364473,0.0314163498458109,0.0005436204477675,317.714231223494,163.4521716395746,19.072951650594405,118.58854641466596,63.93657687550305,0.9680400297064216,11.606343380264216,4.80161298735942,99.9863430567284,ICV_113_CASE_25_with_r_theta_phi.csv,0.6570716440879312,0.0837058965065513,0.9964905031609858,0.9848491155769811,-0.17341343531352496,0.0,0.00017265753,-0.00017265752831008285,0.0,ICV_113_CASE_25_with_r_theta_phi.csv
0.7373979348,0.9568,-2.012674828,0.0,1974.497255,0.6684506076,332.7029374,738.3035552,24.71173062,0.0005436183171,0.03141456444,335.060869437349,152.342283465922,0.29177605993241,831.324796353616,810.003352604872,0.0006312405364473,0.0314163498458109,0.0005436204477675,317.714231223494,163.4521716395746,19.072951650594405,118.58854641466596,63.93657687550305,0.9680400297064216,2.347356367812978,52.37885271656859,149.02833811665016,ICV_113_CASE_25_with_r_theta_phi.csv,0.13289123519142648,0.792064391084615,0.6104375483010183,0.5146140626089848,-0.8574219303033227,0.0,-3.2901674e-08,3.290167427394408e-08,0.0,ICV_113_CASE_25_with_r_theta_phi.csv
1.134273072,0.9568,-2.010240238,0.0,2203.803948,0.6702720343,331.7031127,667.8150418,23.42296885,0.0005436182513,0.03141453143,335.060869437349,152.342283465922,0.29177605993241,831.324796353616,810.003352604872,0.0006312405364473,0.0314163498458109,0.0005436204477675,317.714231223494,163.4521716395746,19.072951650594405,118.58854641466596,63.93657687550305,0.9680400297064216,2.498621111000749,40.14883151839638,143.56583887385932,ICV_113_CASE_25_with_r_theta_phi.csv,0.14145480859628856,0.644775315902891,0.7643721554336782,0.59389867820198,-0.8045398436559504,0.0,1.7607195e-05,-1.7607195331947878e-05,0.0,ICV_113_CASE_25_with_r_theta_phi.csv
0.3455193126,0.9568,-2.008676937,0.0,2079.946144,0.6674914791,333.3018362,781.9954708,25.90944476,0.0005436184635,0.03141466561,335.060869437349,152.342283465922,0.29177605993241,831.324796353616,810.003352604872,0.0006312405364473,0.0314163498458109,0.0005436204477675,317.714231223494,163.4521716395746,19.072951650594405,118.58854641466596,63.93657687550305,0.9680400297064216,2.2515845248658284,70.14435116011839,153.14049147651622,ICV_113_CASE_25_with_r_theta_phi.csv,0.12746928960177412,0.9405513241604578,0.33965159593325844,0.45180435452126705,-0.8921170468249227,0.0,-3.2901674e-08,3.290167427394408e-08,0.0,ICV_113_CASE_25_with_r_theta_phi.csv
13.5245557,0.9568,-2.005660745,0.0,3015.455297,0.6704081607,330.0719846,122.3439643,6.828106657,0.000543612516,0.03141258058,335.060869437349,152.342283465922,0.29177605993241,831.324796353616,810.003352604872,0.0006312405364473,0.0314163498458109,0.0005436204477675,317.714231223494,163.4521716395746,19.072951650594405,118.58854641466596,63.93657687550305,0.9680400297064216,13.705901945747184,4.0466703167941205,98.41462577622816,ICV_113_CASE_25_with_r_theta_phi.csv,0.7759342654391691,0.07056901699927332,0.9975068991439389,0.9892350104166929,-0.14633555332141737,0.0,3.040545e-05,-3.0405450161197223e-05,0.0,ICV_113_CASE_25_with_r_theta_phi.csv
-1.194650442,-1.146891334,-2.0043579,0.004227322992,11828.78367,0.6635633534000001,345.161517,439.2889732,45.50242802,0.0005436193956,0.0314154952,335.060869437349,152.342283465922,0.29177605993241,831.324796353616,810.003352604872,0.0006312405364473,0.0314163498458109,0.0005436204477675,317.714231223494,163.4521716395746,19.072951650594405,118.58854641466596,63.93657687550305,0.9680400297064216,2.6000000003591355,223.8315322902677,140.43539627660118,ICV_113_CASE_25_with_r_theta_phi.csv,0.14719418673839957,-0.6925402842071403,-0.7213792031589857,0.6369478592606943,-0.7709068845089001,0.004227322992,0.0034860861,0.0007412368432313365,17.534426502511074,ICV_113_CASE_25_with_r_theta_phi.csv
15.86640456,0.9568,-1.998822397,0.0,3634.709771,0.6714286714,328.9569615,50.01494913,3.092063375,0.0005436146862,0.03141311779,335.060869437349,152.342283465922,0.29177605993241,831.324796353616,810.003352604872,0.0006312405364473,0.0314163498458109,0.0005436204477675,317.714231223494,163.4521716395746,19.072951650594405,118.58854641466596,63.93657687550305,0.9680400297064216,16.02041044656277,3.4509579206944068,97.16731439536365,ICV_113_CASE_25_with_r_theta_phi.csv,0.9069658794505555,0.0601941680312516,0.9981866870155229,0.9921860389024587,-0.12476724011954722,0.0,8.275757e-05,-8.27575713628903e-05,0.0,ICV_113_CASE_25_with_r_theta_phi.csv
-1.36137577,0.9568,-1.997796229,0.004227285273,6476.765037,0.6679499625,333.0059289,206.4855956,13.87969648,0.0005436192169,0.03141530389,335.060869437349,152.342283465922,0.29177605993241,831.324796353616,810.003352604872,0.0006312405364473,0.0314163498458109,0.0005436204477675,317.714231223494,163.4521716395746,19.072951650594405,118.58854641466596,63.93657687550305,0.9680400297064216,2.599999999951868,144.89974409745955,140.20891966848006,ICV_113_CASE_25_with_r_theta_phi.csv,0.14719418671534287,0.5750089061739029,-0.818147149246816,0.6399900872066089,-0.7683831650142247,0.004227285273,0.0029888358,0.001238449476286171,29.29656732426549,ICV_113_CASE_25_with_r_theta_phi.csv
1.555692798,0.9568,-1.992411425,0.0,2222.192649,0.6690158829,331.74215,621.8168655,19.65538602,0.000543618195,0.03141449253,335.060869437349,152.342283465922,0.29177605993241,831.324796353616,810.003352604872,0.0006312405364473,0.0314163498458109,0.0005436204477675,317.714231223494,163.4521716395746,19.072951650594405,118.58854641466596,63.93657687550305,0.9680400297064216,2.7028410253323445,31.59282319880197,137.4895834422531,ICV_113_CASE_25_with_r_theta_phi.csv,0.15301634098154726,0.5238792155569655,0.8517925613125642,0.6757242358507792,-0.737154500144902,0.0,1.6845755e-05,-1.684575545368716e-05,0.0,ICV_113_CASE_25_with_r_theta_phi.csv
10.28739187,-1.679766448,-1.984536389,0.004227540921,3502.558576,0.6763351573,326.7493009,11.65924413,1.249517933,0.0005436130117,0.03141260564,335.060869437349,152.342283465922,0.29177605993241,831.324796353616,810.003352604872,0.0006312405364473,0.0314163498458109,0.0005436204477675,317.714231223494,163.4521716395746,19.072951650594405,118.58854641466596,63.93657687550305,0.9680400297064216,10.610863842592355,350.7263552046887,100.77943481826104,ICV_113_CASE_25_with_r_theta_phi.csv,0.600714412956359,-0.16114986510050042,0.9869299473509204,0.9823544442528934,-0.18702873002987805,0.004227540921,0.004393619,-0.0001660780985381638,3.928479974585182,ICV_113_CASE_25_with_r_theta_phi.csv
10.62079413,0.9568,-1.984085714,0.0,3043.973161,0.6713686121,328.7128934,31.21343289,0.8403042824,0.0005436166482,0.0314135523,335.060869437349,152.342283465922,0.29177605993241,831.324796353616,810.003352604872,0.0006312405364473,0.0314163498458109,0.0005436204477675,317.714231223494,163.4521716395746,19.072951650594405,118.58854641466596,63.93657687550305,0.9680400297064216,10.84681198842966,5.147733383796151,100.5398173885959,ICV_113_CASE_25_with_r_theta_phi.csv,0.6140721804310353,0.08972407242461868,0.9959666615040594,0.9831280265619995,-0.18291878905215928,0.0,0.00017265753,-0.00017265752831008285,0.0,ICV_113_CASE_25_with_r_theta_phi.csv
3.853309364,0.9568,-1.981789426,0.0,2524.539651,0.6667566914,331.6609698,495.3199709,10.51561683,0.0005436182215,0.03141451739,335.060869437349,152.342283465922,0.29177605993241,831.324796353616,810.003352604872,0.0006312405364473,0.0314163498458109,0.0005436204477675,317.714231223494,163.4521716395746,19.072951650594405,118.58854641466596,63.93657687550305,0.9680400297064216,4.437448436173145,13.944859737223853,116.52611194327164,ICV_113_CASE_25_with_r_theta_phi.csv,0.25121792833302614,0.24098799135040122,0.9705280974937814,0.8947309187542836,-0.44660562359325,0.0,1.6845755e-05,-1.684575545368716e-05,0.0,ICV_113_CASE_25_with_r_theta_phi.csv
-0.05239025304,0.9568,-1.977506836,0.0,2626.810944,0.6687865102,332.8719476,838.0057705,28.17098951,0.0005436187049,0.03141486426,335.060869437349,152.342283465922,0.29177605993241,831.324796353616,810.003352604872,0.0006312405364473,0.0314163498458109,0.0005436204477675,317.714231223494,163.4521716395746,19.072951650594405,118.58854641466596,63.93657687550305,0.9680400297064216,2.1974403894168155,93.13414072528415,154.14673325695912,ICV_113_CASE_25_with_r_theta_phi.csv,0.12440401960832398,0.9985042692208693,-0.05467379946279368,0.4360679195640652,-0.8999137567162022,0.0,-3.2901674e-08,3.290167427394408e-08,0.0,ICV_113_CASE_25_with_r_theta_phi.csv
13.08086802,0.9568,-1.97650448,0.0,3016.86927,0.6704906439,329.920806,114.8125221,6.128305232,0.0005436121703,0.03141249561,335.060869437349,152.342283465922,0.29177605993241,831.324796353616,810.003352604872,0.0006312405364473,0.0314163498458109,0.0005436204477675,317.714231223494,163.4521716395746,19.072951650594405,118.58854641466596,63.93657687550305,0.9680400297064216,13.263903812834243,4.1834492576657,98.56977815597998,ICV_113_CASE_25_with_r_theta_phi.csv,0.750911359398775,0.07295010488204481,0.9973355915626889,0.9888351190047343,-0.14901378266084275,0.0,3.040545e-05,-3.0405450161197223e-05,0.0,ICV_113_CASE_25_with_r_theta_phi.csv
15.13892306,0.9568,-1.972417682,0.0,3306.392245,0.6706248342,329.689146,104.7808969,5.624156113,0.0005436139961,0.03141295878,335.060869437349,152.342283465922,0.29177605993241,831.324796353616,810.003352604872,0.0006312405364473,0.0314163498458109,0.0005436204477675,317.714231223494,163.4521716395746,19.072951650594405,118.58854641466596,63.93657687550305,0.9680400297064216,15.296826114225984,3.616359242863382,97.40851295407144,ICV_113_CASE_25_with_r_theta_phi.csv,0.8660014920196903,0.06307547620336895,0.9980087596317571,0.9916520151062816,-0.1289429367419983,0.0,3.040545e-05,-3.0405450161197223e-05,0.0,ICV_113_CASE_25_with_r_theta_phi.csv
11.80152612,-1.694219289,-1.97221221,0.004227410536,2257.065799,0.6758463978,327.2994809,36.03873045,2.797803246,0.0005436089399,0.03141205509,335.060869437349,152.342283465922,0.29177605993241,831.324796353616,810.003352604872,0.0006312405364473,0.0314163498458109,0.0005436204477675,317.714231223494,163.4521716395746,19.072951650594405,118.58854641466596,63.93657687550305,0.9680400297064216,12.084536348637252,351.8304733098018,99.39276104742872,ICV_113_CASE_25_with_r_theta_phi.csv,0.684143653731765,-0.14210249157689392,0.9898519494791324,0.9865927889157212,-0.1632013139024904,0.004227410536,0.0043544965,-0.0001270859504850048,3.0062363087922828,ICV_113_CASE_25_with_r_theta_phi.csv
-0.6036024935,0.9568,-1.971691226,0.0,4123.200503,0.6657369334,334.4434409,934.237226,28.72231013,0.0005436188712,0.03141499359,335.060869437349,152.342283465922,0.29177605993241,831.324796353616,810.003352604872,0.0006312405364473,0.0314163498458109,0.0005436204477675,317.714231223494,163.4521716395746,19.072951650594405,118.58854641466596,63.93657687550305,0.9680400297064216,2.273184660524701,122.24600160335171,150.15439181599925,ICV_113_CASE_25_with_r_theta_phi.csv,0.12869214129458476,0.8457650580330202,-0.5335554953427076,0.49766455606574217,-0.8673695807646749,0.0,1.3107634e-05,-1.3107634003972635e-05,0.0,ICV_113_CASE_25_with_r_theta_phi.csv
12.44332104,-1.703706877,-1.964022118,0.004227385856,2380.569662,0.6736979666,329.1364536,72.08018183,5.955102191,0.0005436089297,0.03141210047,335.060869437349,152.342283465922,0.29177605993241,831.324796353616,810.003352604872,0.0006312405364473,0.0314163498458109,0.0005436204477675,317.714231223494,163.4521716395746,19.072951650594405,118.58854641466596,63.93657687550305,0.9680400297064216,12.712050916639573,352.2036884912164,98.88784581939512,ICV_113_CASE_25_with_r_theta_phi.csv,0.7196692293051654,-0.13565179145691536,0.9907565752870529,0.9879926623272466,-0.15450080642999692,0.004227385856,0.0042916,-6.421422606963517e-05,1.5190055566681895,ICV_113_CASE_25_with_r_theta_phi.csv
2.020172437,0.9568,-1.963085203,0.0,2178.458172,0.6670386365,332.1110938,578.4798139,15.61296635,0.0005436181929,0.03141449207,335.060869437349,152.342283465922,0.29177605993241,831.324796353616,810.003352604872,0.0006312405364473,0.0314163498458109,0.0005436204477675,317.714231223494,163.4521716395746,19.072951650594405,118.58854641466596,63.93657687550305,0.9680400297064216,2.974939735431975,25.343308459529908,131.29025941093903,ICV_113_CASE_25_with_r_theta_phi.csv,0.16842070572775897,0.4280411148268163,0.9037592622030582,0.7513763264612136,-0.6598739395018202,0.0,1.6845755e-05,-1.684575545368716e-05,0.0,ICV_113_CASE_25_with_r_theta_phi.csv
7.543776384,-1.706241382,-1.961820671,0.00422739191,5331.382755,0.6669283257,334.4413047,265.4391189,19.06100415,0.0005436183312,0.03141461302,335.060869437349,152.342283465922,0.29177605993241,831.324796353616,810.003352604872,0.0006312405364473,0.0314163498458109,0.0005436204477675,317.714231223494,163.4521716395746,19.072951650594405,118.58854641466596,63.93657687550305,0.9680400297064216,7.979258244386396,347.25535352426743,104.23296083096818,ICV_113_CASE_25_with_r_theta_phi.csv,0.4517309338061127,-0.2206063013635466,0.975362937474403,0.9693040702757056,-0.24586504295436132,0.00422739191,0.003478268,0.0007491239814145902,17.720712845792974,ICV_113_CASE_25_with_r_theta_phi.csv
9.764991078,0.9568,-1.952173077,0.0,2921.451065,0.6712544587,328.7450843,42.39220371,0.7093807117,0.0005436160926,0.03141337031,335.060869437349,152.342283465922,0.29177605993241,831.324796353616,810.003352604872,0.0006312405364473,0.0314163498458109,0.0005436204477675,317.714231223494,163.4521716395746,19.072951650594405,118.58854641466596,63.93657687550305,0.9680400297064216,10.004074005922948,5.596130924260876,101.2527740881734,ICV_113_CASE_25_with_r_theta_phi.csv,0.5663621296804581,0.09751569371071471,0.9952339873015381,0.9807758335709241,-0.1951378084412627,0.0,0.00017203853,-0.0001720385334920138,0.0,ICV_113_CASE_25_with_r_theta_phi.csv
-1.298557757,0.9568,-1.951026704,0.002143979305,5996.69557,0.666929456,333.0978561,303.9161092,13.94273187,0.0005436191553,0.0314152439,335.060869437349,152.342283465922,0.29177605993241,831.324796353616,810.003352604872,0.0006312405364473,0.0314163498458109,0.0005436204477675,317.714231223494,163.4521716395746,19.072951650594405,118.58854641466596,63.93657687550305,0.9680400297064216,2.531446955396454,143.61656418401736,140.41822978076027,ICV_113_CASE_25_with_r_theta_phi.csv,0.14331318300750379,0.5931861673745822,-0.8050653208500874,0.6371788035246286,-0.7707160127692448,0.002143979305,0.002045713,9.826640558331483e-05,4.5833653948204125,ICV_113_CASE_25_with_r_theta_phi.csv
4.678855932,0.9568,-1.946304085,0.0,2607.130225,0.6668167194,331.5021084,389.5204779,8.497224356,0.0005436181763,0.03141447714,335.060869437349,152.342283465922,0.29177605993241,831.324796353616,810.003352604872,0.0006312405364473,0.0314163498458109,0.0005436204477675,317.714231223494,163.4521716395746,19.072951650594405,118.58854641466596,63.93657687550305,0.9680400297064216,5.157059109967548,11.557324950378472,112.17308501988629,ICV_113_CASE_25_with_r_theta_phi.csv,0.2919573544417984,0.200348258079518,0.9797247447546188,0.9260479752544215,-0.3774058127893453,0.0,1.6845755e-05,-1.684575545368716e-05,0.0,ICV_113_CASE_25_with_r_theta_phi.csv
15.08,-1.729025761,-1.94176979,0.004227425437,3497.894285,0.6752071534,327.9409393,13.39111182,2.056252049,0.0005436125734,0.03141258345,335.060869437349,152.342283465922,0.29177605993241,831.324796353616,810.003352604872,0.0006312405364473,0.0314163498458109,0.0005436204477675,317.714231223494,163.4521716395746,19.072951650594405,118.58854641466596,63.93657687550305,0.9680400297064216,15.302496528330217,353.45920704138456,97.29004993525888,ICV_113_CASE_25_with_r_theta_phi.csv,0.8663225120167777,-0.11391057980090387,0.9934910064059069,0.9919164938496198,-0.1268923529180429,0.004227425437,0.0044410964,-0.00021367101040819896,5.054400451100255,ICV_113_CASE_25_with_r_theta_phi.csv
12.58872229,0.9568,-1.941749726,0.0,3042.663026,0.670482236,329.6839595,89.80487474,4.5680694,0.000543611803,0.03141240601,335.060869437349,152.342283465922,0.29177605993241,831.324796353616,810.003352604872,0.0006312405364473,0.0314163498458109,0.0005436204477675,317.714231223494,163.4521716395746,19.072951650594405,118.58854641466596,63.93657687550305,0.9680400297064216,12.773479836487938,4.34638277155409,98.74366779005165,ICV_113_CASE_25_with_r_theta_phi.csv,0.7231469138813383,0.0757859555249038,0.9971241090983496,0.9883783167907876,-0.15201415361014745,0.0,1.2313477e-05,-1.231347687280504e-05,0.0,ICV_113_CASE_25_with_r_theta_phi.csv
10.76915853,-1.734744437,-1.936662526,0.004227345809,3393.906646,0.6764696092,327.0055184,12.75398794,1.801578986,0.0005436125029,0.03141251903,335.060869437349,152.342283465922,0.29177605993241,831.324796353616,810.003352604872,0.0006312405364473,0.0314163498458109,0.0005436204477675,317.714231223494,163.4521716395746,19.072951650594405,118.58854641466596,63.93657687550305,0.9680400297064216,11.078572807252156,350.84914750205337,100.06769189189242,ICV_113_CASE_25_with_r_theta_phi.csv,0.6271928901386086,-0.1590343775739726,0.9872730456918487,0.9846019097423065,-0.17481155377091848,0.004227345809,0.004393619,-0.00016627321053816393,3.933276765407652,ICV_113_CASE_25_with_r_theta_phi.csv
8.906462236,0.9568,-1.925280516,0.0,2900.550601,0.6707886529,328.9523995,37.60997959,0.4457793301,0.0005436161624,0.0314134494,335.060869437349,152.342283465922,0.29177605993241,831.324796353616,810.003352604872,0.0006312405364473,0.0314163498458109,0.0005436204477675,317.714231223494,163.4521716395746,19.072951650594405,118.58854641466596,63.93657687550305,0.9680400297064216,9.16227269112764,6.1316333587827785,102.13004843223293,ICV_113_CASE_25_with_r_theta_phi.csv,0.5187051066383443,0.10681303532027756,0.9942791235290366,0.9776731690842657,-0.21013132668102752,0.0,0.00017203853,-0.0001720385334920138,0.0,ICV_113_CASE_25_with_r_theta_phi.csv
2.542029301,0.9568,-1.92374234,0.0,2275.054943,0.6673930935,331.5499659,476.7591294,11.83433676,0.0005436181764,0.03141448095,335.060869437349,152.342283465922,0.29177605993241,831.324796353616,810.003352604872,0.0006312405364473,0.0314163498458109,0.0005436204477675,317.714231223494,163.4521716395746,19.072951650594405,118.58854641466596,63.93657687550305,0.9680400297064216,3.3283875672540333,20.625946043371016,125.30861051837138,ICV_113_CASE_25_with_r_theta_phi.csv,0.18843050040172524,0.35226550115102107,0.9359001104278276,0.8160507393250537,-0.5779802685620274,0.0,1.6845755e-05,-1.684575545368716e-05,0.0,ICV_113_CASE_25_with_r_theta_phi.csv
-1.683612556,0.4854816363,-1.920873849,0.004227310419,8148.466491,0.6660734897,337.1205956,250.7481938,23.94708874,0.0005436192322,0.03141530716,335.060869437349,152.342283465922,0.29177605993241,831.324796353616,810.003352604872,0.0006312405364473,0.0314163498458109,0.0005436204477675,317.714231223494,163.4521716395746,19.072951650594405,118.58854641466596,63.93657687550305,0.9680400297064216,2.600000000322587,163.91470795088446,137.62909292516076,ICV_113_CASE_25_with_r_theta_phi.csv,0.14719418673633045,0.2770680100751711,-0.9608503097741005,0.6739273371740161,-0.7387976341391058,0.004227310419,0.0034788754,0.0007484350352652972,17.70475694721508,ICV_113_CASE_25_with_r_theta_phi.csv
5.552656636,0.9568,-1.918860106,0.0,2668.607477,0.6668488728,331.3298054,331.6083118,6.710138392,0.000543618119,0.0314144295,335.060869437349,152.342283465922,0.29177605993241,831.324796353616,810.003352604872,0.0006312405364473,0.0314163498458109,0.0005436204477675,317.714231223494,163.4521716395746,19.072951650594405,118.58854641466596,63.93657687550305,0.9680400297064216,5.952267304457451,9.776849510916804,108.80659477048113,ICV_113_CASE_25_with_r_theta_phi.csv,0.33697659423390774,0.16981132899643311,0.985476591576109,0.9466121609159006,-0.32237465285926115,0.0,1.6845755e-05,-1.684575545368716e-05,0.0,ICV_113_CASE_25_with_r_theta_phi.csv
15.75332553,0.9568,-1.916165452,0.0,3543.031926,0.6706175484,329.3694591,62.80796823,3.38066625,0.000543614552,0.03141309397,335.060869437349,152.342283465922,0.29177605993241,831.324796353616,810.003352604872,0.0006312405364473,0.0314163498458109,0.0005436204477675,317.714231223494,163.4521716395746,19.072951650594405,118.58854641466596,63.93657687550305,0.9680400297064216,15.898252153415738,3.475668750341015,96.92250664820102,ICV_113_CASE_25_with_r_theta_phi.csv,0.9000501138310767,0.06062466570256488,0.9981606333193331,0.9927100737714615,-0.12052679964497323,0.0,8.224658e-05,-8.22465808596462e-05,0.0,ICV_113_CASE_25_with_r_theta_phi.csv
13.45256877,-1.763066224,-1.910915354,0.004227370489,2906.992291,0.6741499784,328.6833382,59.54308223,4.846858518,0.0005436103088,0.03141229735,335.060869437349,152.342283465922,0.29177605993241,831.324796353616,810.003352604872,0.0006312405364473,0.0314163498458109,0.0005436204477675,317.714231223494,163.4521716395746,19.072951650594405,118.58854641466596,63.93657687550305,0.9680400297064216,13.701518401693365,352.53348668961246,98.01702903410649,ICV_113_CASE_25_with_r_theta_phi.csv,0.7756860992076519,-0.12994671704714084,0.9915209784612075,0.9902266609893227,-0.1394674150686716,0.004227370489,0.004405529,-0.00017815828362234727,4.214399566912511,ICV_113_CASE_25_with_r_theta_phi.csv
8.062222477,0.9568,-1.907945358,0.0,2910.152484,0.669124131,329.8513737,103.2950237,1.762885107,0.0005436171481,0.03141389698,335.060869437349,152.342283465922,0.29177605993241,831.324796353616,810.003352604872,0.0006312405364473,0.0314163498458109,0.0005436204477675,317.714231223494,163.4521716395746,19.072951650594405,118.58854641466596,63.93657687550305,0.9680400297064216,8.339973201261367,6.768032858546633,103.22473569995732,ICV_113_CASE_25_with_r_theta_phi.csv,0.4721521433115951,0.11784994280278875,0.9930314149015526,0.9734802286453632,-0.22877116172404982,0.0,1.6845755e-05,-1.684575545368716e-05,0.0,ICV_113_CASE_25_with_r_theta_phi.csv
12.00919397,0.9568,-1.90242247,0.0,3077.725837,0.6701806094,329.4729611,67.06418213,2.503063225,0.0005436115349,0.0314123316,335.060869437349,152.342283465922,0.29177605993241,831.324796353616,810.003352604872,0.0006312405364473,0.0314163498458109,0.0005436204477675,317.714231223494,163.4521716395746,19.072951650594405,118.58854641466596,63.93657687550305,0.9680400297064216,12.196533003417212,4.5552638521969016,98.97367194293928,ICV_113_CASE_25_with_r_theta_phi.csv,0.6904841370069497,0.07942062191735766,0.9968411933774909,0.9877601197185881,-0.1559805946056123,0.0,1.2313477e-05,-1.231347687280504e-05,0.0,ICV_113_CASE_25_with_r_theta_phi.csv
6.404177832,0.9568,-1.901380121,0.0,2734.269076,0.6683983475,330.392702,266.1066188,4.726072937,0.0005436179931,0.03141434276,335.060869437349,152.342283465922,0.29177605993241,831.324796353616,810.003352604872,0.0006312405364473,0.0314163498458109,0.0005436204477675,317.714231223494,163.4521716395746,19.072951650594405,118.58854641466596,63.93657687550305,0.9680400297064216,6.7486447756875005,8.497280208472375,106.36423073861374,ICV_113_CASE_25_with_r_theta_phi.csv,0.3820620304640226,0.14776246305543664,0.9890228786594326,0.9594900509255734,-0.28174251041481246,0.0,1.6845755e-05,-1.684575545368716e-05,0.0,ICV_113_CASE_25_with_r_theta_phi.csv
14.44795875,-1.776490957,-1.898441435,0.004227332305,3304.712678,0.6759629113,327.4475308,17.90248196,2.140939758,0.0005436120152,0.03141249564,335.060869437349,152.342283465922,0.29177605993241,831.324796353616,810.003352604872,0.0006312405364473,0.0314163498458109,0.0005436204477675,317.714231223494,163.4521716395746,19.072951650594405,118.58854641466596,63.93657687550305,0.9680400297064216,14.680037876113577,352.9902149798253,97.43037403163686,ICV_113_CASE_25_with_r_theta_phi.csv,0.8310831677557574,-0.1220388494721898,0.9925253242207497,0.9916027450343053,-0.1293212899735789,0.004227332305,0.0044410964,-0.00021376414240819892,5.05671489569902,ICV_113_CASE_25_with_r_theta_phi.csv
13.91422816,-1.776610015,-1.898330018,0.004227322061,3105.081007,0.67512241,327.9142338,34.95523735,3.125969274,0.0005436113078,0.03141241311,335.060869437349,152.342283465922,0.29177605993241,831.324796353616,810.003352604872,0.0006312405364473,0.0314163498458109,0.0005436204477675,317.714231223494,163.4521716395746,19.072951650594405,118.58854641466596,63.93657687550305,0.9680400297064216,14.155060766071449,352.7236759208858,97.70713749732067,ICV_113_CASE_25_with_r_theta_phi.csv,0.8013625605410448,-0.12665472439269013,0.9919468638939345,0.9909665009875371,-0.13410963395862935,0.004227322061,0.0044136485,-0.00018632644748913223,4.407670973641852,ICV_113_CASE_25_with_r_theta_phi.csv
7.236228015,0.9568,-1.896600881,0.0,2837.11189,0.6693490788,329.846293,202.1729683,3.524073689,0.0005436177766,0.03141420289,335.060869437349,152.342283465922,0.29177605993241,831.324796353616,810.003352604872,0.0006312405364473,0.0314163498458109,0.0005436204477675,317.714231223494,163.4521716395746,19.072951650594405,118.58854641466596,63.93657687550305,0.9680400297064216,7.541588494931344,7.532160971493056,104.56543955422704,ICV_113_CASE_25_with_r_theta_phi.csv,0.4269530711822139,0.13108268434499792,0.991371438899119,0.9678610410419124,-0.25148559647277147,0.0,1.6845755e-05,-1.684575545368716e-05,0.0,ICV_113_CASE_25_with_r_theta_phi.csv
-1.224157308,0.9568,-1.896027257,0.0,5706.25208,0.6652928936,334.3234691,528.8645616,20.34207971,0.0005436190768,0.03141516826,335.060869437349,152.342283465922,0.29177605993241,831.324796353616,810.003352604872,0.0006312405364473,0.0314163498458109,0.0005436204477675,317.714231223494,163.4521716395746,19.072951650594405,118.58854641466596,63.93657687550305,0.9680400297064216,2.4513153028561527,141.98885606691977,140.6668328107088,ICV_113_CASE_25_with_r_theta_phi.csv,0.13877667784364056,0.6158147304503486,-0.7878909935773885,0.6338287245136206,-0.773473430688758,0.0,1.6147647e-05,-1.61476473294897e-05,0.0,ICV_113_CASE_25_with_r_theta_phi.csv
1.3225686350000001e-14,-1.781232267,-1.893993562,0.004227330443,15772.32918,0.6619548139,349.6113942,381.3088582,48.40970937,0.000543619618,0.03141576779,335.060869437349,152.342283465922,0.29177605993241,831.324796353616,810.003352604872,0.0006312405364473,0.0314163498458109,0.0005436204477675,317.714231223494,163.4521716395746,19.072951650594405,118.58854641466596,63.93657687550305,0.9680400297064216,2.6000000003652706,270.00000000000045,136.7573668835288,ICV_113_CASE_25_with_r_theta_phi.csv,0.1471941867387469,-1.0,7.809908757429024e-15,0.6850893333652913,-0.7284590622053518,0.004227330443,0.0034837865,0.0007435439624987059,17.5889718664895,ICV_113_CASE_25_with_r_theta_phi.csv
11.1958159,-1.782294654,-1.892993863,0.004227358848,2863.293076,0.677885899,326.3733545,15.28381749,2.035424413,0.0005436106682,0.03141227908,335.060869437349,152.342283465922,0.29177605993241,831.324796353616,810.003352604872,0.0006312405364473,0.0314163498458109,0.0005436204477675,317.714231223494,163.4521716395746,19.072951650594405,118.58854641466596,63.93657687550305,0.9680400297064216,11.493750200249066,350.9548166266759,99.47967188650068,ICV_113_CASE_25_with_r_theta_phi.csv,0.6506973896408808,-0.15721330599106367,0.9875646694871988,0.9863440971148736,-0.1646976687346995,0.004227358848,0.004393619,-0.00016626017153816442,3.9329561903053007,ICV_113_CASE_25_with_r_theta_phi.csv
-1.671290245,-0.623682149,-1.891509845,0.004227319267,9909.871989,0.6643852876,342.0952875,379.8782096,37.93573831,0.0005436193123,0.03141539148,335.060869437349,152.342283465922,0.29177605993241,831.324796353616,810.003352604872,0.0006312405364473,0.0314163498458109,0.0005436204477675,317.714231223494,163.4521716395746,19.072951650594405,118.58854641466596,63.93657687550305,0.9680400297064216,2.599999999951028,200.4642692226261,136.677533841254,ICV_113_CASE_25_with_r_theta_phi.csv,0.14719418671529533,-0.34962318596070613,-0.9368904033229744,0.6861036660390774,-0.7275037865521652,0.004227319267,0.0034860861,0.0007412331182313362,17.534353836066497,ICV_113_CASE_25_with_r_theta_phi.csv
16.60547153,-0.9295734158,-1.889134692,0.004227362107,3933.751492,0.6725577541,328.6379234,12.65643881,2.358128537,0.0005436149914,0.03141317564,335.060869437349,152.342283465922,0.29177605993241,831.324796353616,810.003352604872,0.0006312405364473,0.0314163498458109,0.0005436204477675,317.714231223494,163.4521716395746,19.072951650594405,118.58854641466596,63.93657687550305,0.9680400297064216,16.73841752835436,356.7959294319211,96.4803355493258,ICV_113_CASE_25_with_r_theta_phi.csv,0.9476145211667579,-0.05589243889201091,0.9984367958337187,0.9936106495662617,-0.11286220389710432,0.004227362107,0.0043645715,-0.00013720942709719453,3.2457457769594624,ICV_113_CASE_25_with_r_theta_phi.csv
12.16330917,-1.798243286,-1.877850123,0.004227394238,2091.754166,0.6734686816,328.8420255,70.57712899,5.066918355,0.0005436086277,0.03141203559,335.060869437349,152.342283465922,0.29177605993241,831.324796353616,810.003352604872,0.0006312405364473,0.0314163498458109,0.0005436204477675,317.714231223494,163.4521716395746,19.072951650594405,118.58854641466596,63.93657687550305,0.9680400297064216,12.43809028609703,351.5902175371224,98.68347745055542,ICV_113_CASE_25_with_r_theta_phi.csv,0.7041594553799813,-0.14625193101758144,0.9892473768848865,0.9885374652267073,-0.15097575912429295,0.004227394238,0.0042916,-6.42058440696357e-05,1.51880426664024,ICV_113_CASE_25_with_r_theta_phi.csv
13.04120955,-1.80049523,-1.875691053,0.004227374215,2647.772431,0.6730483409,329.5541772,87.03965883,6.742273409,0.0005436092335,0.0314121773,335.060869437349,152.342283465922,0.29177605993241,831.324796353616,810.003352604872,0.0006312405364473,0.0314163498458109,0.0005436204477675,317.714231223494,163.4521716395746,19.072951650594405,118.58854641466596,63.93657687550305,0.9680400297064216,13.297862479608074,352.13932419811607,98.108729670294,ICV_113_CASE_25_with_r_theta_phi.csv,0.7528338664517765,-0.13676469068949823,0.9906035631778264,0.9900021783038901,-0.14105207178043314,0.004227374215,0.004350752,-0.00012337788907376256,2.918546662057858,ICV_113_CASE_25_with_r_theta_phi.csv
3.169107575,0.9568,-1.874887018,0.0,2409.19703,0.6672411022,331.5531245,442.6337875,11.00064529,0.0005436181801,0.03141448493,335.060869437349,152.342283465922,0.29177605993241,831.324796353616,810.003352604872,0.0006312405364473,0.0314163498458109,0.0005436204477675,317.714231223494,163.4521716395746,19.072951650594405,118.58854641466596,63.93657687550305,0.9680400297064216,3.8044592772412895,16.799834504592695,119.52564068143556,ICV_113_CASE_25_with_r_theta_phi.csv,0.2153824189290537,0.28902903178357153,0.9573203323790064,0.8701352422031441,-0.49281300741363926,0.0,1.6845755e-05,-1.684575545368716e-05,0.0,ICV_113_CASE_25_with_r_theta_phi.csv
-0.4902497402,0.9568,-1.87367609,0.0,3475.525878,0.6677366098,333.8027726,790.160889,28.93983432,0.0005436188115,0.0314149394,335.060869437349,152.342283465922,0.29177605993241,831.324796353616,810.003352604872,0.0006312405364473,0.0314163498458109,0.0005436204477675,317.714231223494,163.4521716395746,19.072951650594405,118.58854641466596,63.93657687550305,0.9680400297064216,2.1602021058234007,117.1299101981898,150.15345889496683,ICV_113_CASE_25_with_r_theta_phi.csv,0.12229584312051264,0.8899748745597981,-0.4560095642114009,0.4976786789828537,-0.8673614774048255,0.0,-3.2901674e-08,3.290167427394408e-08,0.0,ICV_113_CASE_25_with_r_theta_phi.csv
4.55229561,-1.803527842,-1.872775299,0.004227384459,8427.520515,0.6650196883,339.6596825,521.8809273,38.23030085,0.0005436189765,0.031415142,335.060869437349,152.342283465922,0.29177605993241,831.324796353616,810.003352604872,0.0006312405364473,0.0314163498458109,0.0005436204477675,317.714231223494,163.4521716395746,19.072951650594405,118.58854641466596,63.93657687550305,0.9680400297064216,5.242460807506241,338.3875265077998,110.93030697809536,ICV_113_CASE_25_with_r_theta_phi.csv,0.29679221344701,-0.3683269595622225,0.9296963218490482,0.9340156447341104,-0.3572321029693778,0.004227384459,0.003478268,0.00074911653041459,17.720567823977618,ICV_113_CASE_25_with_r_theta_phi.csv
11.33953417,0.9568,-1.861556936,0.0,3104.117425,0.6726229834,328.0958881,28.22025212,1.004395908,0.0005436140213,0.03141290729,335.060869437349,152.342283465922,0.29177605993241,831.324796353616,810.003352604872,0.0006312405364473,0.0314163498458109,0.0005436204477675,317.714231223494,163.4521716395746,19.072951650594405,118.58854641466596,63.93657687550305,0.9680400297064216,11.531083889147943,4.823042534908723,99.2903818766057,ICV_113_CASE_25_with_r_theta_phi.csv,0.6528109673234407,0.08407859419654286,0.9964591261049964,0.9868828305995505,-0.1614381574096377,0.0,0.00017265753,-0.00017265752831008285,0.0,ICV_113_CASE_25_with_r_theta_phi.csv
0.6374634061,-1.819642982,-1.857121272,0.004227334168,16623.55773,0.6615586014,346.2426844,368.6835784,41.76812094,0.0005436196787,0.03141583994,335.060869437349,152.342283465922,0.29177605993241,831.324796353616,810.003352604872,0.0006312405364473,0.0314163498458109,0.0005436204477675,317.714231223494,163.4521716395746,19.072951650594405,118.58854641466596,63.93657687550305,0.9680400297064216,2.677005714408052,289.3065487750696,133.92616316177867,ICV_113_CASE_25_with_r_theta_phi.csv,0.1515537226815051,-0.9437631683878358,0.33062226481976903,0.7202344061928372,-0.6937307836156986,0.004227334168,0.0034837865,0.0007435476874987062,17.5890444846142,ICV_113_CASE_25_with_r_theta_phi.csv
16.63409247,0.9568,-1.851845118,0.004227389116,3986.708721,0.6740088005,327.7977044,19.85106764,2.456730498,0.0005436154122,0.03141330891,335.060869437349,152.342283465922,0.29177605993241,831.324796353616,810.003352604872,0.0006312405364473,0.0314163498458109,0.0005436204477675,317.714231223494,163.4521716395746,19.072951650594405,118.58854641466596,63.93657687550305,0.9680400297064216,16.764182917206885,3.292049859854956,96.34208588234436,ICV_113_CASE_25_with_r_theta_phi.csv,0.949073180958151,0.05742550036743359,0.9983497943644551,0.993880083383832,-0.1104643827346495,0.004227389116,0.0024329342,0.0017944548746306336,42.448301421187416,ICV_113_CASE_25_with_r_theta_phi.csv
1.348131597,-1.828440725,-1.848460039,0.004227336962,16105.91144,0.661672307,345.3963365,389.8031171,41.66444995,0.0005436196607,0.03141581828,335.060869437349,152.342283465922,0.29177605993241,831.324796353616,810.003352604872,0.0006312405364473,0.0314163498458109,0.0005436204477675,317.714231223494,163.4521716395746,19.072951650594405,118.58854641466596,63.93657687550305,0.9680400297064216,2.928729895952882,306.4018033646244,129.13482089718514,ICV_113_CASE_25_with_r_theta_phi.csv,0.16580462121218298,-0.8048751193052883,0.5934442200605696,0.7756629772984174,-0.6311473248367253,0.004227336962,0.0034837865,0.0007435504814987054,17.58909895299741,ICV_113_CASE_25_with_r_theta_phi.csv
-1.136271433,0.9568,-1.83161619,0.0,5310.953609,0.6652942886,334.7604286,702.0703258,25.38076526,0.0005436190197,0.03141511411,335.060869437349,152.342283465922,0.29177605993241,831.324796353616,810.003352604872,0.0006312405364473,0.0314163498458109,0.0005436204477675,317.714231223494,163.4521716395746,19.072951650594405,118.58854641466596,63.93657687550305,0.9680400297064216,2.358261409793662,139.9008672119475,140.9576627016263,ICV_113_CASE_25_with_r_theta_phi.csv,0.13350860395507003,0.6441120520638538,-0.7649311500952823,0.6298944719660103,-0.7766807286051721,0.0,1.6147647e-05,-1.61476473294897e-05,0.0,ICV_113_CASE_25_with_r_theta_phi.csv
3.675927608,-1.85424935,-1.822569436,0.004227368161,10343.40152,0.6638151169,342.6691895,523.9433665,43.69503926,0.0005436192415,0.03141538342,335.060869437349,152.342283465922,0.29177605993241,831.324796353616,810.003352604872,0.0006312405364473,0.0314163498458109,0.0005436204477675,317.714231223494,163.4521716395746,19.072951650594405,118.58854641466596,63.93657687550305,0.9680400297064216,4.502493062767935,333.23223786023027,113.8780414590019,ICV_113_CASE_25_with_r_theta_phi.csv,0.2549003094530263,-0.45037524986128735,0.8928393664665458,0.9144091581307088,-0.40479117026769296,0.004227368161,0.003478268,0.0007491002324145901,17.720250607654314,ICV_113_CASE_25_with_r_theta_phi.csv
3.904874228,0.9568,-1.822236607,0.0,2410.992384,0.6674779,331.1086446,325.7999697,7.462199199,0.0005436180625,0.0314143935,335.060869437349,152.342283465922,0.29177605993241,831.324796353616,810.003352604872,0.0006312405364473,0.0314163498458109,0.0005436204477675,317.714231223494,163.4521716395746,19.072951650594405,118.58854641466596,63.93657687550305,0.9680400297064216,4.414074674083966,13.76776535774087,114.38236712758368,ICV_113_CASE_25_with_r_theta_phi.csv,0.24989466606331134,0.2379870590891517,0.9712683252871457,0.9108107512606433,-0.4128241458393908,0.0,1.6845755e-05,-1.684575545368716e-05,0.0,ICV_113_CASE_25_with_r_theta_phi.csv
10.57863688,0.9568,-1.821710395,0.0,3008.016324,0.6716178341,328.5611834,27.57542588,0.6183258618,0.0005436161869,0.03141337949,335.060869437349,152.342283465922,0.29177605993241,831.324796353616,810.003352604872,0.0006312405364473,0.0314163498458109,0.0005436204477675,317.714231223494,163.4521716395746,19.072951650594405,118.58854641466596,63.93657687550305,0.9680400297064216,10.776903694575134,5.168136900279251,99.7319134405513,ICV_113_CASE_25_with_r_theta_phi.csv,0.6101144517930488,0.09007873896334537,0.9959346468452503,0.9856094685131007,-0.16903838492284295,0.0,0.00017265753,-0.00017265752831008285,0.0,ICV_113_CASE_25_with_r_theta_phi.csv
15.62226148,0.9568,-1.820104069,0.0,3467.164693,0.6695125311,330.1078282,78.82797651,4.48506882,0.0005436143776,0.03141305982,335.060869437349,152.342283465922,0.29177605993241,831.324796353616,810.003352604872,0.0006312405364473,0.0314163498458109,0.0005436204477675,317.714231223494,163.4521716395746,19.072951650594405,118.58854641466596,63.93657687550305,0.9680400297064216,15.757007926998138,3.504755733521449,96.63308616625562,ICV_113_CASE_25_with_r_theta_phi.csv,0.8920538334325532,0.061131387715045435,0.9981297277588884,0.9933062280789303,-0.11551076685577004,0.0,1.4726379e-05,-1.4726379049534444e-05,0.0,ICV_113_CASE_25_with_r_theta_phi.csv
11.54922316,-1.85994399,-1.816757649,0.004227475263,2157.74251,0.6771166744,326.3167155,26.12864441,1.537859845,0.0005436086746,0.03141198588,335.060869437349,152.342283465922,0.29177605993241,831.324796353616,810.003352604872,0.0006312405364473,0.0314163498458109,0.0005436204477675,317.714231223494,163.4521716395746,19.072951650594405,118.58854641466596,63.93657687550305,0.9680400297064216,11.83826657921748,350.8513562042256,98.82777267011704,ICV_113_CASE_25_with_r_theta_phi.csv,0.6702015466459997,-0.15899631894366867,0.9872791755944026,0.9881541093649905,-0.15346483683594267,0.004227475263,0.0043640435,-0.0001365682111973878,3.2304910772716897,ICV_113_CASE_25_with_r_theta_phi.csv
12.69111676,-1.86421457,-1.812375248,0.004227387719,2395.565771,0.6725563688,330.0139776,101.913204,7.85152827,0.0005436086651,0.03141210194,335.060869437349,152.342283465922,0.29177605993241,831.324796353616,810.003352604872,0.0006312405364473,0.0314163498458109,0.0005436204477675,317.714231223494,163.4521716395746,19.072951650594405,118.58854641466596,63.93657687550305,0.9680400297064216,12.954707430834407,351.6435096164764,98.04211188575825,ICV_113_CASE_25_with_r_theta_phi.csv,0.7334067786354539,-0.14533174689102224,0.9893829811279371,0.9901655102884186,-0.1399009014812828,0.004227387719,0.0043358346,-0.00010844692573485932,2.5653413625107304,ICV_113_CASE_25_with_r_theta_phi.csv
2.101601415,-1.865617982,-1.810930575,0.004227340221,14256.78756,0.6621249993,346.7235779,399.1536516,44.45660538,0.0005436196155,0.03141576283,335.060869437349,152.342283465922,0.29177605993241,831.324796353616,810.003352604872,0.0006312405364473,0.0314163498458109,0.0005436204477675,317.714231223494,163.4521716395746,19.072951650594405,118.58854641466596,63.93657687550305,0.9680400297064216,3.3431614543365367,318.40413281088394,122.79821735548455,ICV_113_CASE_25_with_r_theta_phi.csv,0.18926689666856125,-0.6638722713834317,0.7478459783192012,0.8405834572651543,-0.5416820574582111,0.004227340221,0.003478268,0.0007490722924145899,17.71970679143009,ICV_113_CASE_25_with_r_theta_phi.csv
2.880567776,-1.869146739,-1.807288153,0.004227353726,12187.84594,0.6629394224,345.2482245,472.8530094,45.6808465,0.0005436194544,0.03141559171,335.060869437349,152.342283465922,0.29177605993241,831.324796353616,810.003352604872,0.0006312405364473,0.0314163498458109,0.0005436204477675,317.714231223494,163.4521716395746,19.072951650594405,118.58854641466596,63.93657687550305,0.9680400297064216,3.880421460617141,327.0212122736496,117.75846885037748,ICV_113_CASE_25_with_r_theta_phi.csv,0.21968287731495262,-0.5443285017098011,0.8388721489156515,0.8849188056288634,-0.46574532466186486,0.004227353726,0.003478268,0.0007490857974145901,17.719969649811848,ICV_113_CASE_25_with_r_theta_phi.csv
16.55854399,0.9568,-1.806618271,0.002142033074,3939.226182,0.6742466007,327.6489997,31.82977419,2.660401303,0.0005436151707,0.0314132469,335.060869437349,152.342283465922,0.29177605993241,831.324796353616,810.003352604872,0.0006312405364473,0.0314163498458109,0.0005436204477675,317.714231223494,163.4521716395746,19.072951650594405,118.58854641466596,63.93657687550305,0.9680400297064216,16.684265488353876,3.307036600579181,96.21633350350773,ICV_113_CASE_25_with_r_theta_phi.csv,0.9445488036717596,0.05768663472883523,0.9983347395406322,0.9941201358318679,-0.10828275732372389,0.002142033074,0.0010870766,0.0010549564612517943,49.25024144418472,ICV_113_CASE_25_with_r_theta_phi.csv
6.768110452,-1.871353635,-1.805002929,0.004227392375,6382.133644,0.6662613699,336.2046293,343.8896934,25.28195978,0.0005436185466,0.03141477846,335.060869437349,152.342283465922,0.29177605993241,831.324796353616,810.003352604872,0.0006312405364473,0.0314163498458109,0.0005436204477675,317.714231223494,163.4521716395746,19.072951650594405,118.58854641466596,63.93657687550305,0.9680400297064216,7.250332343513498,344.54410560577594,104.41565404971776,ICV_113_CASE_25_with_r_theta_phi.csv,0.41046414336121995,-0.266496505775056,0.9638358845828918,0.9685151792437985,-0.2489545090460362,0.004227392375,0.003478268,0.0007491244464145896,17.720721896258386,ICV_113_CASE_25_with_r_theta_phi.csv
9.733722384,0.9568,-1.778164154,0.0,2898.61217,0.6713275981,328.6879125,37.5723952,0.3975607336,0.0005436157685,0.03141324679,335.060869437349,152.342283465922,0.29177605993241,831.324796353616,810.003352604872,0.0006312405364473,0.0314163498458109,0.0005436204477675,317.714231223494,163.4521716395746,19.072951650594405,118.58854641466596,63.93657687550305,0.9680400297064216,9.94095998620622,5.613993325972331,100.3040917752416,ICV_113_CASE_25_with_r_theta_phi.csv,0.5627890462947996,0.09782596084768928,0.9952035376666556,0.9838722662733075,-0.17887247876133952,0.0,0.00017203853,-0.0001720385334920138,0.0,ICV_113_CASE_25_with_r_theta_phi.csv
4.720984386,0.9568,-1.774292505,0.0,2509.856578,0.6673320043,331.0810776,295.8829488,6.296300853,0.0005436181316,0.031414439,335.060869437349,152.342283465922,0.29177605993241,831.324796353616,810.003352604872,0.0006312405364473,0.0314163498458109,0.0005436204477675,317.714231223494,163.4521716395746,19.072951650594405,118.58854641466596,63.93657687550305,0.9680400297064216,5.1333491704885,11.456930343879094,110.22088882771754,ICV_113_CASE_25_with_r_theta_phi.csv,0.2906150601115087,0.19863126159797898,0.9800742940797882,0.9383670719810407,-0.34564033072216604,0.0,1.6845755e-05,-1.684575545368716e-05,0.0,ICV_113_CASE_25_with_r_theta_phi.csv
-1.032294487,0.9568,-1.756606672,0.0,4929.177662,0.6653814892,335.0540163,773.4794396,28.06594057,0.0005436189614,0.03141505958,335.060869437349,152.342283465922,0.29177605993241,831.324796353616,810.003352604872,0.0006312405364473,0.0314163498458109,0.0005436204477675,317.714231223494,163.4521716395746,19.072951650594405,118.58854641466596,63.93657687550305,0.9680400297064216,2.250947611119705,137.17357209740356,141.29587663661687,ICV_113_CASE_25_with_r_theta_phi.csv,0.12743323190913175,0.6797796677445281,-0.7334163915001757,0.6252988193798432,-0.7803854089372598,0.0,1.6147647e-05,-1.61476473294897e-05,0.0,ICV_113_CASE_25_with_r_theta_phi.csv
14.14843361,0.9568,-1.754171199,0.0,3063.735838,0.6707534722,330.0320766,199.3095819,9.21452555,0.0005436127381,0.03141264116,335.060869437349,152.342283465922,0.29177605993241,831.324796353616,810.003352604872,0.0006312405364473,0.0314163498458109,0.0005436204477675,317.714231223494,163.4521716395746,19.072951650594405,118.58854641466596,63.93657687550305,0.9680400297064216,14.288833278192405,3.868785926696205,97.05171602938424,ICV_113_CASE_25_with_r_theta_phi.csv,0.8089358436667667,0.06747175382466443,0.997721184718368,0.9924357462397194,-0.1227651806727434,0.0,3.040545e-05,-3.0405450161197223e-05,0.0,ICV_113_CASE_25_with_r_theta_phi.csv
14.48820214,0.9568,-1.752654718,0.0,3128.868138,0.6706210283,330.0656363,192.1742609,9.22368844,0.000543613132,0.03141274135,335.060869437349,152.342283465922,0.29177605993241,831.324796353616,810.003352604872,0.0006312405364473,0.0314163498458109,0.0005436204477675,317.714231223494,163.4521716395746,19.072951650594405,118.58854641466596,63.93657687550305,0.9680400297064216,14.625158667516338,3.778323447207242,96.88277274208308,ICV_113_CASE_25_with_r_theta_phi.csv,0.8279762829568337,0.06589640021373054,0.99782647010333,0.9927934188826121,-0.11983833870416584,0.0,3.040545e-05,-3.0405450161197223e-05,0.0,ICV_113_CASE_25_with_r_theta_phi.csv
5.303852083,-1.921450188,-1.751579052,0.004227390047,7947.661814,0.6654745918,338.7663318,489.3153105,35.50909988,0.0005436188862,0.03141505671,335.060869437349,152.342283465922,0.29177605993241,831.324796353616,810.003352604872,0.0006312405364473,0.0314163498458109,0.0005436204477675,317.714231223494,163.4521716395746,19.072951650594405,118.58854641466596,63.93657687550305,0.9680400297064216,5.9068474602544025,340.08584141551665,107.2495246954972,ICV_113_CASE_25_with_r_theta_phi.csv,0.33440523383839654,-0.34061189809984876,0.9402039857779897,0.9550224044230733,-0.2965336524746758,0.004227390047,0.003478268,0.0007491221184145903,17.72067658552122,ICV_113_CASE_25_with_r_theta_phi.csv
16.47225009,0.9568,-1.750755607,0.0,3825.261684,0.6737299035,327.83892,46.48733688,3.018930824,0.0005436149683,0.03141319658,335.060869437349,152.342283465922,0.29177605993241,831.324796353616,810.003352604872,0.0006312405364473,0.0314163498458109,0.0005436204477675,317.714231223494,163.4521716395746,19.072951650594405,118.58854641466596,63.93657687550305,0.9680400297064216,16.592637959738255,3.324322564645513,96.05678111678236,ICV_113_CASE_25_with_r_theta_phi.csv,0.9393614807657739,0.057987826682191594,0.9983172902222399,0.9944178174873919,-0.10551400032039404,0.0,0.00010615478,-0.00010615478095132858,0.0,ICV_113_CASE_25_with_r_theta_phi.csv
16.97873142,0.3004987992,-1.750576891,0.004227378406,3997.610985,0.6716348206,329.0028917,18.73476977,2.614860858,0.0005436156102,0.03141337229,335.060869437349,152.342283465922,0.29177605993241,831.324796353616,810.003352604872,0.0006312405364473,0.0314163498458109,0.0005436204477675,317.714231223494,163.4521716395746,19.072951650594405,118.58854641466596,63.93657687550305,0.9680400297064216,17.071383646679582,1.0139459272284626,95.885714359289,ICV_113_CASE_25_with_r_theta_phi.csv,0.9664647815481244,0.01769577119392293,0.9998434175818993,0.9947284156123795,-0.10254452288291747,0.004227378406,0.0044698897,-0.00024251127578629912,5.736682464591563,ICV_113_CASE_25_with_r_theta_phi.csv
9.558790711,-1.924493237,-1.748235047,0.004227289464,4439.909669,0.6699889684,330.9422133,98.72345149,8.178216281,0.000543617673,0.03141429331,335.060869437349,152.342283465922,0.29177605993241,831.324796353616,810.003352604872,0.0006312405364473,0.0314163498458109,0.0005436204477675,317.714231223494,163.4521716395746,19.072951650594405,118.58854641466596,63.93657687550305,0.9680400297064216,9.906082972371962,348.61668764065803,100.16485243909985,ICV_113_CASE_25_with_r_theta_phi.csv,0.5608145487230733,-0.19737182383045768,0.9803287015883186,0.9843040537616708,-0.17648096143307304,0.004227289464,0.004289132,-6.18426132469041e-05,1.4629377467271238,ICV_113_CASE_25_with_r_theta_phi.csv
11.86733699,-1.925702878,-1.746902523,0.004227415659,1901.734125,0.6735514256,328.3022444,57.73741318,3.316715926,0.0005436086945,0.03141199795,335.060869437349,152.342283465922,0.29177605993241,831.324796353616,810.003352604872,0.0006312405364473,0.0314163498458109,0.0005436204477675,317.714231223494,163.4521716395746,19.072951650594405,118.58854641466596,63.93657687550305,0.9680400297064216,12.14881423157929,350.78299977239874,98.26733392561118,ICV_113_CASE_25_with_r_theta_phi.csv,0.6877826270793083,-0.16017407379696855,0.987088783283086,0.9896079301229376,-0.1437920186860002,0.004227415659,0.0042916,-6.4184423069635e-05,1.5182898544127308,ICV_113_CASE_25_with_r_theta_phi.csv
10.12678787,-1.927688117,-1.744711588,0.004227171186,3987.757436,0.6740625383,328.1137079,42.2005372,3.589984843,0.0005436157184,0.03141357074,335.060869437349,152.342283465922,0.29177605993241,831.324796353616,810.003352604872,0.0006312405364473,0.0314163498458109,0.0005436204477675,317.714231223494,163.4521716395746,19.072951650594405,118.58854641466596,63.93657687550305,0.9680400297064216,10.455229914530983,349.2223842493522,99.60614712952952,ICV_113_CASE_25_with_r_theta_phi.csv,0.5919034862383852,-0.1869975414402494,0.9823603816804208,0.9859781391689153,-0.16687453095365737,0.004227171186,0.004297252,-7.008062711368925e-05,1.657861108847713,ICV_113_CASE_25_with_r_theta_phi.csv
8.887828774,0.9568,-1.742056372,0.0,2896.115282,0.6696568213,329.536045,38.69783037,0.6891721265,0.0005436161475,0.03141346348,335.060869437349,152.342283465922,0.29177605993241,831.324796353616,810.003352604872,0.0006312405364473,0.0314163498458109,0.0005436204477675,317.714231223494,163.4521716395746,19.072951650594405,118.58854641466596,63.93657687550305,0.9680400297064216,9.107344671152408,6.144390186420367,101.02751528606228,ICV_113_CASE_25_with_r_theta_phi.csv,0.5155954584736182,0.10703440756995267,0.9942553171073059,0.981535437608579,-0.19128038247174045,0.0,1.7356744e-05,-1.735674413794186e-05,0.0,ICV_113_CASE_25_with_r_theta_phi.csv
13.27435727,0.9568,-1.738884953,0.0,2985.670212,0.6707101542,329.9967908,174.0141817,7.966951579,0.0005436118011,0.03141241289,335.060869437349,152.342283465922,0.29177605993241,831.324796353616,810.003352604872,0.0006312405364473,0.0314163498458109,0.0005436204477675,317.714231223494,163.4521716395746,19.072951650594405,118.58854641466596,63.93657687550305,0.9680400297064216,13.421912980323322,4.122682405919022,97.44391705236852,ICV_113_CASE_25_with_r_theta_phi.csv,0.7598567558997572,0.07189230823560752,0.9974124001718429,0.9915721496212893,-0.12955567179948407,0.0,3.040545e-05,-3.0405450161197223e-05,0.0,ICV_113_CASE_25_with_r_theta_phi.csv
5.582987239,0.9568,-1.737043409,0.0,2634.860468,0.667240102,331.0552669,262.8693439,5.542449377,0.000543618103,0.03141441358,335.060869437349,152.342283465922,0.29177605993241,831.324796353616,810.003352604872,0.0006312405364473,0.0314163498458109,0.0005436204477675,317.714231223494,163.4521716395746,19.072951650594405,118.58854641466596,63.93657687550305,0.9680400297064216,5.924739028479414,9.724751884633008,107.04872172227437,ICV_113_CASE_25_with_r_theta_phi.csv,0.3354181318514702,0.16891518958418672,0.9856305893831311,0.9560557906534468,-0.2931847969421551,0.0,1.6845755e-05,-1.684575545368716e-05,0.0,ICV_113_CASE_25_with_r_theta_phi.csv
13.81328885,0.9568,-1.734121718,0.0,3006.093642,0.6700469621,330.3552104,198.2065122,8.841499994,0.000543612334,0.03141254121,335.060869437349,152.342283465922,0.29177605993241,831.324796353616,810.003352604872,0.0006312405364473,0.0314163498458109,0.0005436204477675,317.714231223494,163.4521716395746,19.072951650594405,118.58854641466596,63.93657687550305,0.9680400297064216,13.954554569257075,3.962356827968733,97.13855656727615,ICV_113_CASE_25_with_r_theta_phi.csv,0.7900112733979584,0.06910106185578822,0.9976096647739549,0.9922485369445289,-0.12426922761263896,0.0,3.040545e-05,-3.0405450161197223e-05,0.0,ICV_113_CASE_25_with_r_theta_phi.csv
12.41212485,-1.938724093,-1.732440156,0.004227393307,2120.202576,0.6726131079,329.8615678,103.8009866,7.696805455,0.00054360855,0.03141205951,335.060869437349,152.342283465922,0.29177605993241,831.324796353616,810.003352604872,0.0006312405364473,0.0314163498458109,0.0005436204477675,317.714231223494,163.4521716395746,19.072951650594405,118.58854641466596,63.93657687550305,0.9680400297064216,12.681515812192464,351.12236183152584,97.85181207864916,ICV_113_CASE_25_with_r_theta_phi.csv,0.7179405408953795,-0.1543247860542069,0.9880201720659975,0.9906247089794935,-0.1366114415387444,0.004227393307,0.0042916,-6.420677506963502e-05,1.5188266241546269,ICV_113_CASE_25_with_r_theta_phi.csv
-0.08630247034,0.9568,-1.721920147,0.0,2494.833841,0.66955522,332.8582543,598.6632343,26.24021715,0.0005436186817,0.03141483823,335.060869437349,152.342283465922,0.29177605993241,831.324796353616,810.003352604872,0.0006312405364473,0.0314163498458109,0.0005436204477675,317.714231223494,163.4521716395746,19.072951650594405,118.58854641466596,63.93657687550305,0.9680400297064216,1.971781770133624,95.15407859200228,150.84221605202907,ICV_113_CASE_25_with_r_theta_phi.csv,0.11162877463089649,0.9959567189244047,-0.08983436997794458,0.48721634983586465,-0.87328129972685,0.0,-3.2901674e-08,3.290167427394408e-08,0.0,ICV_113_CASE_25_with_r_theta_phi.csv
14.80320743,0.9568,-1.720280469,0.0,3153.218336,0.671555638,329.513827,199.8108536,8.965720013,0.0005436134572,0.03141282538,335.060869437349,152.342283465922,0.29177605993241,831.324796353616,810.003352604872,0.0006312405364473,0.0314163498458109,0.0005436204477675,317.714231223494,163.4521716395746,19.072951650594405,118.58854641466596,63.93657687550305,0.9680400297064216,14.933512023219125,3.69814803259726,96.61492867811069,ICV_113_CASE_25_with_r_theta_phi.csv,0.8454331373470101,0.06450005266375762,0.9979177036240877,0.9933427844796836,-0.11519597441815811,0.0,3.040545e-05,-3.0405450161197223e-05,0.0,ICV_113_CASE_25_with_r_theta_phi.csv
8.056123961,0.9568,-1.719075643,0.0,2860.295791,0.6693842288,329.6857817,83.10428497,1.262467303,0.0005436168874,0.03141377911,335.060869437349,152.342283465922,0.29177605993241,831.324796353616,810.003352604872,0.0006312405364473,0.0314163498458109,0.0005436204477675,317.714231223494,163.4521716395746,19.072951650594405,118.58854641466596,63.93657687550305,0.9680400297064216,8.292877702061825,6.7731087047718574,101.96390439944211,ICV_113_CASE_25_with_r_theta_phi.csv,0.4694859188105343,0.11793791522062275,0.9930209706513822,0.9782783882977235,-0.20729542925402036,0.0,1.6845755e-05,-1.684575545368716e-05,0.0,ICV_113_CASE_25_with_r_theta_phi.csv
10.57674806,-1.950915296,-1.718699947,0.00422735326,3674.023759,0.6749998442,327.6086343,33.28266911,2.819913412,0.0005436143205,0.03141310511,335.060869437349,152.342283465922,0.29177605993241,831.324796353616,810.003352604872,0.0006312405364473,0.0314163498458109,0.0005436204477675,317.714231223494,163.4521716395746,19.072951650594405,118.58854641466596,63.93657687550305,0.9680400297064216,10.891629791941073,349.5490759669504,99.07922743378845,ICV_113_CASE_25_with_r_theta_phi.csv,0.6166094574073246,-0.1813932643338592,0.9834106383674659,0.9874710820115011,-0.15780007031378399,0.00422735326,0.0043955143,-0.00016816100097750628,3.9779263902285513,ICV_113_CASE_25_with_r_theta_phi.csv
8.880980015,-1.952910547,-1.716432461,0.004227386788,5154.454902,0.667862761,333.5135864,182.7311251,15.24935646,0.0005436182199,0.03141453714,335.060869437349,152.342283465922,0.29177605993241,831.324796353616,810.003352604872,0.0006312405364473,0.0314163498458109,0.0005436204477675,317.714231223494,163.4521716395746,19.072951650594405,118.58854641466596,63.93657687550305,0.9680400297064216,9.253745513282055,347.5981510162151,100.68941955118396,ICV_113_CASE_25_with_r_theta_phi.csv,0.5238836711244311,-0.21476684510458627,0.9766653481330351,0.9826470656677982,-0.18548515933752135,0.004227386788,0.0042126975,1.4689285774362529e-05,0.3474791048830741,ICV_113_CASE_25_with_r_theta_phi.csv
0.9923958216,0.9568,-1.713479361,0.0,2219.280336,0.6716915528,331.0823038,430.0715041,20.11067242,0.0005436182117,0.03141449733,335.060869437349,152.342283465922,0.29177605993241,831.324796353616,810.003352604872,0.0006312405364473,0.0314163498458109,0.0005436204477675,317.714231223494,163.4521716395746,19.072951650594405,118.58854641466596,63.93657687550305,0.9680400297064216,2.1991651205178084,43.95379230246863,141.18281002424578,ICV_113_CASE_25_with_r_theta_phi.csv,0.12450166206667707,0.6940780140005778,0.7198997919717812,0.6268376014415307,-0.7791499351338154,0.0,7.285371e-07,-7.285370884346776e-07,0.0,ICV_113_CASE_25_with_r_theta_phi.csv
6.422053162,0.9568,-1.712516062,0.0,2698.139318,0.6689339389,330.00507,170.2473639,2.812169651,0.000543617581,0.03141412209,335.060869437349,152.342283465922,0.29177605993241,831.324796353616,810.003352604872,0.0006312405364473,0.0314163498458109,0.0005436204477675,317.714231223494,163.4521716395746,19.072951650594405,118.58854641466596,63.93657687550305,0.9680400297064216,6.7149791003518535,8.47397249695598,104.77531816537692,ICV_113_CASE_25_with_r_theta_phi.csv,0.38015611057888987,0.14736011998578552,0.9890829060487168,0.9669333396335503,-0.2550292467641881,0.0,1.6845755e-05,-1.684575545368716e-05,0.0,ICV_113_CASE_25_with_r_theta_phi.csv
7.241819683,0.9568,-1.704675721,0.0,2777.105352,0.6696888402,329.5682341,121.6566369,1.895722977,0.0005436171742,0.03141389818,335.060869437349,152.342283465922,0.29177605993241,831.324796353616,810.003352604872,0.0006312405364473,0.0314163498458109,0.0005436204477675,317.714231223494,163.4521716395746,19.072951650594405,118.58854641466596,63.93657687550305,0.9680400297064216,7.501022455295884,7.526411819467228,103.1357578745674,ICV_113_CASE_25_with_r_theta_phi.csv,0.42465649994663146,0.13098320785712025,0.991384586958794,0.9738343261966104,-0.22725911449531339,0.0,1.6845755e-05,-1.684575545368716e-05,0.0,ICV_113_CASE_25_with_r_theta_phi.csv
-1.968860073,-0.04814178078,-1.697431112,0.004227323458,8946.122205,0.6651288687,339.862197,310.635234,31.26015512,0.0005436192481,0.03141530859,335.060869437349,152.342283465922,0.29177605993241,831.324796353616,810.003352604872,0.0006312405364473,0.0314163498458109,0.0005436204477675,317.714231223494,163.4521716395746,19.072951650594405,118.58854641466596,63.93657687550305,0.9680400297064216,2.5999999996338063,181.40069443034017,130.75744010804766,ICV_113_CASE_25_with_r_theta_phi.csv,0.14719418669733642,-0.02444429462874762,-0.9997011935874154,0.7574802142828576,-0.6528581200919509,0.004227323458,0.00348951,0.0007378135346164062,17.4534440473344,ICV_113_CASE_25_with_r_theta_phi.csv
1.308163392,0.9568,-1.693885753,0.0,2391.022898,0.6709787253,331.0074651,374.5649946,17.2929585,0.0005436181601,0.03141446075,335.060869437349,152.342283465922,0.29177605993241,831.324796353616,810.003352604872,0.0006312405364473,0.0314163498458109,0.0005436204477675,317.714231223494,163.4521716395746,19.072951650594405,118.58854641466596,63.93657687550305,0.9680400297064216,2.344356339037503,36.18200281861783,136.26439408738008,ICV_113_CASE_25_with_r_theta_phi.csv,0.1327213941161431,0.5903521641268983,0.8071457875196325,0.6913315586410441,-0.7225376640888311,0.0,7.285371e-07,-7.285370884346776e-07,0.0,ICV_113_CASE_25_with_r_theta_phi.csv
0.500766946,0.9568,-1.693779324,0.0,1826.02023,0.6680667241,333.1549181,446.8326083,21.6775335,0.0005436183303,0.03141456095,335.060869437349,152.342283465922,0.29177605993241,831.324796353616,810.003352604872,0.0006312405364473,0.0314163498458109,0.0005436204477675,317.714231223494,163.4521716395746,19.072951650594405,118.58854641466596,63.93657687550305,0.9680400297064216,2.008761352828171,62.373482179548375,147.47915294219274,ICV_113_CASE_25_with_r_theta_phi.csv,0.11372230524624163,0.8859890601347318,0.4637061411298913,0.5376064405816688,-0.8431958936362941,0.0,-3.2901674e-08,3.290167427394408e-08,0.0,ICV_113_CASE_25_with_r_theta_phi.csv
6.009777434,-1.976665483,-1.689021483,0.004227390047,7247.320161,0.6655231649,337.8588552,422.0703024,31.04663543,0.0005436187495,0.03141494145,335.060869437349,152.342283465922,0.29177605993241,831.324796353616,810.003352604872,0.0006312405364473,0.0314163498458109,0.0005436204477675,317.714231223494,163.4521716395746,19.072951650594405,118.58854641466596,63.93657687550305,0.9680400297064216,6.548085583430837,341.7935371313312,104.9479391256757,ICV_113_CASE_25_with_r_theta_phi.csv,0.37070774308207943,-0.31244207179299693,0.9499368146217408,0.9661605992136507,-0.2579412656538681,0.004227390047,0.003478268,0.0007491221184145903,17.72067658552122,ICV_113_CASE_25_with_r_theta_phi.csv
10.98368122,-1.977925574,-1.68754568,0.004227272235,3238.768223,0.677491444,326.6742937,14.63437363,2.203863573,0.000543611911,0.03141248964,335.060869437349,152.342283465922,0.29177605993241,831.324796353616,810.003352604872,0.0006312405364473,0.0314163498458109,0.0005436204477675,317.714231223494,163.4521716395746,19.072951650594405,118.58854641466596,63.93657687550305,0.9680400297064216,11.287216359269037,349.7916660561438,98.59850042062236,ICV_113_CASE_25_with_r_theta_phi.csv,0.6390048585821061,-0.17722789438169773,0.9841698397395796,0.9887602944367151,-0.1495094650696751,0.004227272235,0.004393619,-0.00016634678453816398,3.9350856829501804,ICV_113_CASE_25_with_r_theta_phi.csv
16.3708158,0.9568,-1.685715257,0.0,3709.496172,0.6728653362,328.2098657,52.31383077,2.957105382,0.0005436148565,0.03141317228,335.060869437349,152.342283465922,0.29177605993241,831.324796353616,810.003352604872,0.0006312405364473,0.0314163498458109,0.0005436204477675,317.714231223494,163.4521716395746,19.072951650594405,118.58854641466596,63.93657687550305,0.9680400297064216,16.485166426979504,3.3448735884468874,95.8691240836318,ICV_113_CASE_25_with_r_theta_phi.csv,0.9332771788966321,0.058345902414892736,0.998296426754795,0.9947580661844838,-0.10225649006740853,0.0,0.00017272825,-0.00017272825061809272,0.0,ICV_113_CASE_25_with_r_theta_phi.csv
-0.9107425889,0.9568,-1.66987229,0.0,4358.67358,0.6685638758,333.7132503,765.7232507,29.76075845,0.0005436188974,0.03141500002,335.060869437349,152.342283465922,0.29177605993241,831.324796353616,810.003352604872,0.0006312405364473,0.0314163498458109,0.0005436204477675,317.714231223494,163.4521716395746,19.072951650594405,118.58854641466596,63.93657687550305,0.9680400297064216,2.129176312132492,133.58725553256943,141.65421807993266,ICV_113_CASE_25_with_r_theta_phi.csv,0.12053937524758347,0.7243252376089692,-0.6894584470167222,0.6204059056979809,-0.784280888569311,0.0,1.6147647e-05,-1.61476473294897e-05,0.0,ICV_113_CASE_25_with_r_theta_phi.csv
-1.161067097,-1.623150145,-1.666525369,0.004227327183,13708.61728,0.6631567941,347.6613762,492.0353734,51.81927116,0.0005436194198,0.03141553487,335.060869437349,152.342283465922,0.29177605993241,831.324796353616,810.003352604872,0.0006312405364473,0.0314163498458109,0.0005436204477675,317.714231223494,163.4521716395746,19.072951650594405,118.58854641466596,63.93657687550305,0.9680400297064216,2.600000000475022,234.423210459699,129.8642847558528,ICV_113_CASE_25_with_r_theta_phi.csv,0.14719418674496026,-0.8133365117232685,-0.5817935361430423,0.7675648494752976,-0.640971295652125,0.004227327183,0.0034860861,0.0007412410342313366,17.53450825942354,ICV_113_CASE_25_with_r_theta_phi.csv
13.21348851,-1.996356521,-1.665701246,0.004227395169,2770.390333,0.6721410674,330.1200506,114.1952554,8.001817534,0.0005436090392,0.03141220394,335.060869437349,152.342283465922,0.29177605993241,831.324796353616,810.003352604872,0.0006312405364473,0.0314163498458109,0.0005436204477675,317.714231223494,163.4521716395746,19.072951650594405,118.58854641466596,63.93657687550305,0.9680400297064216,13.466858527651029,351.40846049571337,97.10504912491308,ICV_113_CASE_25_with_r_theta_phi.csv,0.7624012648557189,-0.14938933857961978,0.9887784511804167,0.9923210417938703,-0.12368892437533742,0.004227395169,0.0043684114,-0.00014101620807233442,3.3357706673146055,ICV_113_CASE_25_with_r_theta_phi.csv
11.35605157,-2.009539435,-1.649773093,0.004227526952,2411.430642,0.6789765148,325.5654337,14.48481061,1.422268028,0.0005436092718,0.03141205937,335.060869437349,152.342283465922,0.29177605993241,831.324796353616,810.003352604872,0.0006312405364473,0.0314163498458109,0.0005436204477675,317.714231223494,163.4521716395746,19.072951650594405,118.58854641466596,63.93657687550305,0.9680400297064216,11.649888723061109,349.9649624272765,98.1411814540856,ICV_113_CASE_25_with_r_theta_phi.csv,0.6595368830565266,-0.17425037578861152,0.9847013793722073,0.9899221289627431,-0.14161277693015645,0.004227526952,0.004393619,-0.00016609206753816393,3.928823385036001,ICV_113_CASE_25_with_r_theta_phi.csv
12.13423655,-2.010562786,-1.648525791,0.004227404483,1851.848119,0.6732122894,329.0834413,89.16595477,6.067444866,0.0005436088417,0.03141203867,335.060869437349,152.342283465922,0.29177605993241,831.324796353616,810.003352604872,0.0006312405364473,0.0314163498458109,0.0005436204477675,317.714231223494,163.4521716395746,19.072951650594405,118.58854641466596,63.93657687550305,0.9680400297064216,12.409661423721284,350.5919438471409,97.6338588715612,ICV_113_CASE_25_with_r_theta_phi.csv,0.7025500079658591,-0.16346467897919617,0.9865491871803597,0.9911372104259568,-0.13284212475360627,0.004227404483,0.0042916,-6.419559906963544e-05,1.5185582385741594,ICV_113_CASE_25_with_r_theta_phi.csv
13.52875773,0.9568,-1.647064663,0.0,3022.478444,0.6702885272,330.3311377,237.3750355,9.605854848,0.0005436118008,0.03141241557,335.060869437349,152.342283465922,0.29177605993241,831.324796353616,810.003352604872,0.0006312405364473,0.0314163498458109,0.0005436204477675,317.714231223494,163.4521716395746,19.072951650594405,118.58854641466596,63.93657687550305,0.9680400297064216,13.662195063793304,4.045417595357321,96.92421343350576,ICV_113_CASE_25_with_r_theta_phi.csv,0.7734598812302522,0.07054720737816574,0.997508441834525,0.9927064829553737,-0.12055637145490265,0.0,3.040545e-05,-3.0405450161197223e-05,0.0,ICV_113_CASE_25_with_r_theta_phi.csv
15.48642444,-1.974985771,-1.641417187,0.004227446392,3216.831867,0.6754769088,327.1018907,16.10841354,1.226073145,0.0005436117466,0.0314124297,335.060869437349,152.342283465922,0.29177605993241,831.324796353616,810.003352604872,0.0006312405364473,0.0314163498458109,0.0005436204477675,317.714231223494,163.4521716395746,19.072951650594405,118.58854641466596,63.93657687550305,0.9680400297064216,15.697903080133372,352.7322926740612,96.00197997675951,ICV_113_CASE_25_with_r_theta_phi.csv,0.8887077219458781,-0.1265055433640984,0.9919659003706499,0.9945182825724719,-0.10456283101131567,0.004227446392,0.004435624,-0.00020817760395975844,4.924429185062369,ICV_113_CASE_25_with_r_theta_phi.csv
12.88969462,-2.022203392,-1.634225639,0.004227395635,2517.177628,0.6722724668,330.3535833,124.0938503,9.119845182,0.000543608396,0.03141212222,335.060869437349,152.342283465922,0.29177605993241,831.324796353616,810.003352604872,0.0006312405364473,0.0314163498458109,0.0005436204477675,317.714231223494,163.4521716395746,19.072951650594405,118.58854641466596,63.93657687550305,0.9680400297064216,13.149305205775637,351.0838127154593,97.13931029021684,ICV_113_CASE_25_with_r_theta_phi.csv,0.7444235714122307,-0.15498949993785774,0.9879161173444904,0.992246902103575,-0.1242822805787635,0.004227395635,0.0043684114,-0.00014101574207233455,3.3357592762660113,ICV_113_CASE_25_with_r_theta_phi.csv
0.7458223395,0.9568,-1.633931617,0.0,2037.100541,0.6697683409,332.2960178,402.619097,20.71955799,0.0005436182546,0.03141452231,335.060869437349,152.342283465922,0.29177605993241,831.324796353616,810.003352604872,0.0006312405364473,0.0314163498458109,0.0005436204477675,317.714231223494,163.4521716395746,19.072951650594405,118.58854641466596,63.93657687550305,0.9680400297064216,2.035055215744646,52.063706316847856,143.4072597730095,ICV_113_CASE_25_with_r_theta_phi.csv,0.11521088361842122,0.788694811110738,0.6147849176150935,0.596123147632561,-0.8028930145770655,0.0,-3.2901674e-08,3.290167427394408e-08,0.0,ICV_113_CASE_25_with_r_theta_phi.csv
-1.789852289,0.9568,-1.625103856,0.004227273632,6274.599505,0.6689283347,332.2606435,176.6351715,12.35949871,0.0005436192173,0.03141527877,335.060869437349,152.342283465922,0.29177605993241,831.324796353616,810.003352604872,0.0006312405364473,0.0314163498458109,0.0005436204477675,317.714231223494,163.4521716395746,19.072951650594405,118.58854641466596,63.93657687550305,0.9680400297064216,2.599999999850886,151.87241017341648,128.68511934466392,ICV_113_CASE_25_with_r_theta_phi.csv,0.14719418670962597,0.47143660006831856,-0.8818999558430788,0.7805927668063455,-0.6250399446512314,0.004227273632,0.0029888358,0.0012384378352861712,29.29637262225866,ICV_113_CASE_25_with_r_theta_phi.csv
16.24623082,0.9568,-1.616182731,0.0,3618.195575,0.6717447704,328.7563971,61.44119159,3.09817677,0.0005436147075,0.03141314118,335.060869437349,152.342283465922,0.29177605993241,831.324796353616,810.003352604872,0.0006312405364473,0.0314163498458109,0.0005436204477675,317.714231223494,163.4521716395746,19.072951650594405,118.58854641466596,63.93657687550305,0.9680400297064216,16.354434527573876,3.3704649982686874,95.6713569504106,ICV_113_CASE_25_with_r_theta_phi.csv,0.9258760344308169,0.058791790033256956,0.9982702667237392,0.9951050971038925,-0.0988222936277675,0.0,0.00017272825,-0.00017272825061809272,0.0,ICV_113_CASE_25_with_r_theta_phi.csv
15.02394662,0.9568,-1.61487281,0.0,3209.522569,0.6710788441,329.7354917,199.032195,8.897436454,0.0005436136941,0.03141288863,335.060869437349,152.342283465922,0.29177605993241,831.324796353616,810.003352604872,0.0006312405364473,0.0314163498458109,0.0005436204477675,317.714231223494,163.4521716395746,19.072951650594405,118.58854641466596,63.93657687550305,0.9680400297064216,15.140748081686278,3.643960514602668,96.12266482417442,ICV_113_CASE_25_with_r_theta_phi.csv,0.8571654231488295,0.06355624268916675,0.9979782582878425,0.9942958308415005,-0.10665739904577738,0.0,2.4932991e-05,-2.4932991436799057e-05,0.0,ICV_113_CASE_25_with_r_theta_phi.csv
14.09455726,-2.038352192,-1.614038519,0.004227296449,3016.530559,0.6734457144,328.4744369,61.72886009,3.644774147,0.0005436109103,0.03141238181,335.060869437349,152.342283465922,0.29177605993241,831.324796353616,810.003352604872,0.0006312405364473,0.0314163498458109,0.0005436204477675,317.714231223494,163.4521716395746,19.072951650594405,118.58854641466596,63.93657687550305,0.9680400297064216,14.332360041349284,351.7709486458926,96.46608009853684,ICV_113_CASE_25_with_r_theta_phi.csv,0.8114000307834386,-0.14313077325291934,0.9897037848508115,0.9936386994420303,-0.11261498555321339,0.004227296449,0.004350752,-0.0001234556550737632,2.920439967576989,ICV_113_CASE_25_with_r_theta_phi.csv
8.147426947,-2.045883387,-1.604481588,0.00422738865,6061.264389,0.6670174574,335.3008661,274.9599932,21.80905108,0.0005436183908,0.03141466518,335.060869437349,152.342283465922,0.29177605993241,831.324796353616,810.003352604872,0.0006312405364473,0.0314163498458109,0.0005436204477675,317.714231223494,163.4521716395746,19.072951650594405,118.58854641466596,63.93657687550305,0.9680400297064216,8.55222578374398,345.90402736244545,100.81332910387664,ICV_113_CASE_25_with_r_theta_phi.csv,0.4841684303336481,-0.24354683816759448,0.9698891367669645,0.982243632368613,-0.1876098256257201,0.00422738865,0.003478268,0.0007491207214145902,17.720649395162273,ICV_113_CASE_25_with_r_theta_phi.csv
0.1993536862,0.9568,-1.599930631,0.0,1983.293619,0.667947492,333.5161949,407.8599043,21.88098586,0.0005436184498,0.03141464665,335.060869437349,152.342283465922,0.29177605993241,831.324796353616,810.003352604872,0.0006312405364473,0.0314163498458109,0.0005436204477675,317.714231223494,163.4521716395746,19.072951650594405,118.58854641466596,63.93657687550305,0.9680400297064216,1.8748296339170625,78.23054298627926,148.5805492254658,ICV_113_CASE_25_with_r_theta_phi.csv,0.10614000892282877,0.9789762615449705,0.20397421241773067,0.521299365286584,-0.8533738757143933,0.0,-3.2901674e-08,3.290167427394408e-08,0.0,ICV_113_CASE_25_with_r_theta_phi.csv
16.05526942,-1.803877818,-1.598397438,0.004227452911,3361.079969,0.6754280311,327.0604364,13.05375481,1.363587476,0.0005436118449,0.03141243428,335.060869437349,152.342283465922,0.29177605993241,831.324796353616,810.003352604872,0.0006312405364473,0.0314163498458109,0.0005436204477675,317.714231223494,163.4521716395746,19.072951650594405,118.58854641466596,63.93657687550305,0.9680400297064216,16.23516324835893,353.5894596687261,95.65008333921242,ICV_113_CASE_25_with_r_theta_phi.csv,0.9191237117604832,-0.11165174732876809,0.9937473961316492,0.9951417206905816,-0.09845280971606926,0.004227452911,0.004435624,-0.0002081710849597589,4.924267384950564,ICV_113_CASE_25_with_r_theta_phi.csv
16.53344042,-1.448771736,-1.596424564,0.00422741333,3590.03479,0.6741731046,327.8533716,12.40098267,1.910026332,0.0005436130377,0.03141270668,335.060869437349,152.342283465922,0.29177605993241,831.324796353616,810.003352604872,0.0006312405364473,0.0314163498458109,0.0005436204477675,317.714231223494,163.4521716395746,19.072951650594405,118.58854641466596,63.93657687550305,0.9680400297064216,16.67339686606376,354.99214812616367,95.49430482644289,ICV_113_CASE_25_with_r_theta_phi.csv,0.9439334967414753,-0.08729226149714996,0.9961827448228127,0.9954057204725305,-0.09574681013257058,0.00422741333,0.0044342666,-0.00020685326330725697,4.893140251755926,ICV_113_CASE_25_with_r_theta_phi.csv
1.670769244,0.9568,-1.595439285,0.0,2180.148417,0.6693524793,330.7605734,322.1265934,11.10840661,0.0005436181384,0.03141443973,335.060869437349,152.342283465922,0.29177605993241,831.324796353616,810.003352604872,0.0006312405364473,0.0314163498458109,0.0005436204477675,317.714231223494,163.4521716395746,19.072951650594405,118.58854641466596,63.93657687550305,0.9680400297064216,2.5004724791162256,29.798487558645604,129.6469476163212,ICV_113_CASE_25_with_r_theta_phi.csv,0.1415596203747783,0.49695105437912157,0.8677785717286867,0.7699906850232474,-0.6380551269110141,0.0,1.6845755e-05,-1.684575545368716e-05,0.0,ICV_113_CASE_25_with_r_theta_phi.csv
11.63232757,-2.05666867,-1.590633201,0.004227682948,1905.129297,0.6755778958,326.9820859,34.47719272,1.568009526,0.000543608509,0.03141193371,335.060869437349,152.342283465922,0.29177605993241,831.324796353616,810.003352604872,0.0006312405364473,0.0314163498458109,0.0005436204477675,317.714231223494,163.4521716395746,19.072951650594405,118.58854641466596,63.93657687550305,0.9680400297064216,11.919355884193791,349.97336793401,97.66897695971268,ICV_113_CASE_25_with_r_theta_phi.csv,0.6747922675296619,-0.17410591451151133,0.9847269319624148,0.9910556018291447,-0.1334495937913335,0.004227682948,0.0043544965,-0.00012681353848500478,2.999599071519797,ICV_113_CASE_25_with_r_theta_phi.csv
13.62079051,-2.059133291,-1.587441366,0.00422739191,2954.457165,0.6721434136,329.6875169,95.74563498,6.281586329,0.0005436100192,0.03141231071,335.060869437349,152.342283465922,0.29177605993241,831.324796353616,810.003352604872,0.0006312405364473,0.0314163498458109,0.0005436204477675,317.714231223494,163.4521716395746,19.072951650594405,118.58854641466596,63.93657687550305,0.9680400297064216,13.86672038074968,351.40336235056884,96.57354672115775,ICV_113_CASE_25_with_r_theta_phi.csv,0.7850387034197325,-0.14947731891974794,0.9887651546897089,0.9934257258390463,-0.11447850121819352,0.00422739191,0.004350752,-0.00012336019407376258,2.9181158660206026,ICV_113_CASE_25_with_r_theta_phi.csv
-1.720145537,0.9568,-1.585053243,0.002139816293,5969.626172,0.6675564076,332.7332492,252.763374,12.72522065,0.0005436191771,0.03141523876,335.060869437349,152.342283465922,0.29177605993241,831.324796353616,810.003352604872,0.0006312405364473,0.0314163498458109,0.0005436204477675,317.714231223494,163.4521716395746,19.072951650594405,118.58854641466596,63.93657687550305,0.9680400297064216,2.527204125433052,150.9157876983952,128.84357705446712,ICV_113_CASE_25_with_r_theta_phi.csv,0.14307298304371688,0.48609459637083874,-0.8739061982724871,0.7788611678470516,-0.6271963657579075,0.002139816293,0.002045713,9.41033935833147e-05,4.397732358949629,ICV_113_CASE_25_with_r_theta_phi.csv
12.61655405,-2.060975305,-1.585049145,0.004227395635,2202.060453,0.6723965076,330.3573053,131.7813946,9.619204862,0.0005436082966,0.03141207613,335.060869437349,152.342283465922,0.29177605993241,831.324796353616,810.003352604872,0.0006312405364473,0.0314163498458109,0.0005436204477675,317.714231223494,163.4521716395746,19.072951650594405,118.58854641466596,63.93657687550305,0.9680400297064216,12.88167054758258,350.7224009659424,97.06797850792202,ICV_113_CASE_25_with_r_theta_phi.csv,0.7292719307005788,-0.16121797717924033,0.9869188233255225,0.9924008613569436,-0.12304686252804814,0.004227395635,0.0035270485,0.0007003471254320237,16.56686966954194,ICV_113_CASE_25_with_r_theta_phi.csv
12.93694534,0.9568,-1.572593613,0.0,2995.007931,0.6715208871,329.6659424,203.4468739,8.173212528,0.0005436112445,0.03141228439,335.060869437349,152.342283465922,0.29177605993241,831.324796353616,810.003352604872,0.0006312405364473,0.0314163498458109,0.0005436204477675,317.714231223494,163.4521716395746,19.072951650594405,118.58854641466596,63.93657687550305,0.9680400297064216,13.067251877950318,4.229821869704836,96.91208099255084,ICV_113_CASE_25_with_r_theta_phi.csv,0.7397782741596312,0.07375727921192328,0.9972762223994185,0.9927319886365973,-0.12034616212254949,0.0,3.040545e-05,-3.0405450161197223e-05,0.0,ICV_113_CASE_25_with_r_theta_phi.csv
14.57986557,-2.078670335,-1.561771315,0.004227344878,3069.498817,0.6746129017,327.646248,42.28926422,2.307196727,0.0005436113603,0.0314124178,335.060869437349,152.342283465922,0.29177605993241,831.324796353616,810.003352604872,0.0006312405364473,0.0314163498458109,0.0005436204477675,317.714231223494,163.4521716395746,19.072951650594405,118.58854641466596,63.93657687550305,0.9680400297064216,14.809877786168167,351.8859485299414,96.05336477026437,ICV_113_CASE_25_with_r_theta_phi.csv,0.8384338138957699,-0.14114402547292687,0.9899890727039858,0.994424107149678,-0.10545470648371158,0.004227344878,0.004408176,-0.00018083117904069135,4.277653804377273,ICV_113_CASE_25_with_r_theta_phi.csv
2.08126666,0.9568,-1.55515854,0.0,2147.405752,0.6688766625,330.5181095,310.8715704,8.183750306,0.0005436181293,0.03141443669,335.060869437349,152.342283465922,0.29177605993241,831.324796353616,810.003352604872,0.0006312405364473,0.0314163498458109,0.0005436204477675,317.714231223494,163.4521716395746,19.072951650594405,118.58854641466596,63.93657687550305,0.9680400297064216,2.7686919717734013,24.68918987111823,124.17305207030569,ICV_113_CASE_25_with_r_theta_phi.csv,0.15674437040693434,0.41769565599946096,0.9085870013153281,0.8273448475165829,-0.5616943148081189,0.0,1.6845755e-05,-1.684575545368716e-05,0.0,ICV_113_CASE_25_with_r_theta_phi.csv
-1.678870524,-1.237138416,-1.552701614,0.004227322992,11400.58017,0.6639034751,344.3527217,486.4280152,46.32934302,0.0005436193323,0.03141542863,335.060869437349,152.342283465922,0.29177605993241,831.324796353616,810.003352604872,0.0006312405364473,0.0314163498458109,0.0005436204477675,317.714231223494,163.4521716395746,19.072951650594405,118.58854641466596,63.93657687550305,0.9680400297064216,2.599999999772544,216.38603112535063,126.66911938929104,ICV_113_CASE_25_with_r_theta_phi.csv,0.14719418670519077,-0.5932226335631727,-0.8050384506521249,0.8020976288040823,-0.5971929285137832,0.004227322992,0.0034860861,0.0007412368432313365,17.534426502511074,ICV_113_CASE_25_with_r_theta_phi.csv
15.28935867,0.9568,-1.549395254,0.0,3305.213589,0.6697183426,330.3191031,152.0059974,7.458220934,0.0005436140519,0.03141298297,335.060869437349,152.342283465922,0.29177605993241,831.324796353616,810.003352604872,0.0006312405364473,0.0314163498458109,0.0005436204477675,317.714231223494,163.4521716395746,19.072951650594405,118.58854641466596,63.93657687550305,0.9680400297064216,15.397421226719164,3.5808700721108835,95.77527312380464,ICV_113_CASE_25_with_r_theta_phi.csv,0.8716964980855543,0.06245729464471306,0.9980476373128006,0.9949242285814718,-0.10062693169108947,0.0,9.25392e-06,-9.253920325136278e-06,0.0,ICV_113_CASE_25_with_r_theta_phi.csv
-1.637870927,0.9568,-1.538145609,0.0,5809.768537,0.6653829994,334.2178798,426.0071983,18.21624689,0.0005436191216,0.03141518453,335.060869437349,152.342283465922,0.29177605993241,831.324796353616,810.003352604872,0.0006312405364473,0.0314163498458109,0.0005436204477675,317.714231223494,163.4521716395746,19.072951650594405,118.58854641466596,63.93657687550305,0.9680400297064216,2.4421259852836874,149.70768018736027,129.03822774447508,ICV_113_CASE_25_with_r_theta_phi.csv,0.13825644164111245,0.5044118858089466,-0.8634631720314783,0.7767259059434688,-0.6298387627292383,0.0,8.647877e-05,-8.647877257317305e-05,0.0,ICV_113_CASE_25_with_r_theta_phi.csv
16.10196131,0.9568,-1.534364242,0.0,3550.837505,0.6699895981,329.7972741,71.49009223,3.975301553,0.0005436146068,0.03141312321,335.060869437349,152.342283465922,0.29177605993241,831.324796353616,810.003352604872,0.0006312405364473,0.0314163498458109,0.0005436204477675,317.714231223494,163.4521716395746,19.072951650594405,118.58854641466596,63.93657687550305,0.9680400297064216,16.20317554974534,3.400592959243056,95.43378156386228,ICV_113_CASE_25_with_r_theta_phi.csv,0.9173127874210947,0.05931670444772573,0.9982392141032435,0.9955063053479251,-0.09469527977953138,0.0,4.3876593e-05,-4.3876592826563865e-05,0.0,ICV_113_CASE_25_with_r_theta_phi.csv
-0.6576038844,-2.003106383,-1.52155248,0.004227333236,16689.04705,0.6623010636,350.1915148,438.744812,52.43349786,0.0005436195154,0.03141566,335.060869437349,152.342283465922,0.29177605993241,831.324796353616,810.003352604872,0.0006312405364473,0.0314163498458109,0.0005436204477675,317.714231223494,163.4521716395746,19.072951650594405,118.58854641466596,63.93657687550305,0.9680400297064216,2.599999999959127,251.82540339708672,125.81800303739698,ICV_113_CASE_25_with_r_theta_phi.csv,0.14719418671575385,-0.950110438992529,-0.3119136959439644,0.8108799780708928,-0.585212492316892,0.004227333236,0.0034864836,0.0007408496453226191,17.525224622423565,ICV_113_CASE_25_with_r_theta_phi.csv
11.87778499,-2.108840351,-1.520786761,0.004227461293,1604.102618,0.6740936643,327.9094989,70.44430602,3.148507805,0.0005436089126,0.03141198631,335.060869437349,152.342283465922,0.29177605993241,831.324796353616,810.003352604872,0.0006312405364473,0.0314163498458109,0.0005436204477675,317.714231223494,163.4521716395746,19.072951650594405,118.58854641466596,63.93657687550305,0.9680400297064216,12.15902036625928,349.9323357146829,97.1850740785428,ICV_113_CASE_25_with_r_theta_phi.csv,0.6883604284999837,-0.17481107936445817,0.9846019939708801,0.9921473177685258,-0.12507477701247333,0.004227461293,0.0043463768,-0.00011891545761821918,2.8129283593204,ICV_113_CASE_25_with_r_theta_phi.csv
12.37061497,-2.110889365,-1.517941398,0.004227395635,1853.20986,0.6726924416,330.0300801,130.3882039,9.252446978,0.0005436089585,0.03141207373,335.060869437349,152.342283465922,0.29177605993241,831.324796353616,810.003352604872,0.0006312405364473,0.0314163498458109,0.0005436204477675,317.714231223494,163.4521716395746,19.072951650594405,118.58854641466596,63.93657687550305,0.9680400297064216,12.64089058314407,350.3164648329983,96.89682580871391,ICV_113_CASE_25_with_r_theta_phi.csv,0.7156406187607589,-0.16820611539587102,0.985751846431662,0.992763995997539,-0.1200818398051867,0.004227395635,0.0035270485,0.0007003471254320237,16.56686966954194,ICV_113_CASE_25_with_r_theta_phi.csv
17.15333336,-0.4301793552,-1.508719496,0.004227346741,3989.116256,0.6717318598,328.9988104,15.21359006,2.458694127,0.0005436155572,0.03141335399,335.060869437349,152.342283465922,0.29177605993241,831.324796353616,810.003352604872,0.0006312405364473,0.0314163498458109,0.0005436204477675,317.714231223494,163.4521716395746,19.072951650594405,118.58854641466596,63.93657687550305,0.9680400297064216,17.224927696641856,358.5634106359799,95.02493682065892,ICV_113_CASE_25_with_r_theta_phi.csv,0.9751573936864303,-0.02507058737062343,0.9996856834269919,0.9961566709796662,-0.08758930792459249,0.004227346741,0.0045297975,-0.00030245073105972676,7.154623207384078,ICV_113_CASE_25_with_r_theta_phi.csv
14.59936571,0.9568,-1.49952098,0.0,3082.051554,0.6701895198,330.3724062,282.5644596,11.6010383,0.000543613166,0.03141275511,335.060869437349,152.342283465922,0.29177605993241,831.324796353616,810.003352604872,0.0006312405364473,0.0314163498458109,0.0005436204477675,317.714231223494,163.4521716395746,19.072951650594405,118.58854641466596,63.93657687550305,0.9680400297064216,14.70732839586388,3.749636643285783,95.85189751067004,ICV_113_CASE_25_with_r_theta_phi.csv,0.832628170009511,0.06539680103602416,0.9978593379902072,0.994788765701551,-0.10195740107507992,0.0,2.4932991e-05,-2.4932991436799057e-05,0.0,ICV_113_CASE_25_with_r_theta_phi.csv
14.00674669,0.9568,-1.495830923,0.0,3014.168631,0.6708529968,330.0520157,373.2026253,11.84050701,0.0005436121504,0.03141250148,335.060869437349,152.342283465922,0.29177605993241,831.324796353616,810.003352604872,0.0006312405364473,0.0314163498458109,0.0005436204477675,317.714231223494,163.4521716395746,19.072951650594405,118.58854641466596,63.93657687550305,0.9680400297064216,14.118850138309032,3.9078004445423744,96.08165291206136,ICV_113_CASE_25_with_r_theta_phi.csv,0.799312562885645,0.06815111820463299,0.9976750097539069,0.9943719207254009,-0.10594566188795573,0.0,2.4932991e-05,-2.4932991436799057e-05,0.0,ICV_113_CASE_25_with_r_theta_phi.csv
13.30034672,0.9568,-1.4914895,0.0,3046.644109,0.670951134,330.1594688,302.4377934,10.79481369,0.000543611267,0.03141229216,335.060869437349,152.342283465922,0.29177605993241,831.324796353616,810.003352604872,0.0006312405364473,0.0314163498458109,0.0005436204477675,317.714231223494,163.4521716395746,19.072951650594405,118.58854641466596,63.93657687550305,0.9680400297064216,13.417869802648443,4.114654203150053,96.38201302807136,ICV_113_CASE_25_with_r_theta_phi.csv,0.7596278588806763,0.07175255152978118,0.9974224638281244,0.9938028638422454,-0.11115695128489018,0.0,3.040545e-05,-3.0405450161197223e-05,0.0,ICV_113_CASE_25_with_r_theta_phi.csv
13.29945146,-2.132890501,-1.486868559,0.004227397498,2857.878409,0.6720942331,330.1762788,121.1315166,8.333088689,0.0005436088242,0.03141223303,335.060869437349,152.342283465922,0.29177605993241,831.324796353616,810.003352604872,0.0006312405364473,0.0314163498458109,0.0005436204477675,317.714231223494,163.4521716395746,19.072951650594405,118.58854641466596,63.93657687550305,0.9680400297064216,13.551214304920975,350.88881261218194,96.29929979755588,ICV_113_CASE_25_with_r_theta_phi.csv,0.7671769110211882,-0.15835086345126168,0.9873829064978996,0.9939622964262039,-0.10972216404695635,0.004227397498,0.0043684114,-0.00014101387907233462,3.3357137365410217,ICV_113_CASE_25_with_r_theta_phi.csv
-1.541088603,0.9568,-1.483494868,0.0,5601.801985,0.6652643061,334.7466704,559.7607986,22.70464921,0.0005436190817,0.03141514772,335.060869437349,152.342283465922,0.29177605993241,831.324796353616,810.003352604872,0.0006312405364473,0.0314163498458109,0.0005436204477675,317.714231223494,163.4521716395746,19.072951650594405,118.58854641466596,63.93657687550305,0.9680400297064216,2.343326128749225,148.16551554851776,129.27715694008816,ICV_113_CASE_25_with_r_theta_phi.csv,0.13266307066786168,0.52746722257414,-0.8495753816524597,0.774092668689327,-0.6330723025701218,0.0,8.647877e-05,-8.647877257317305e-05,0.0,ICV_113_CASE_25_with_r_theta_phi.csv
13.03483681,-2.137526294,-1.480196387,0.004227396101,2640.979706,0.6721431188,330.4331808,136.270832,9.587508745,0.0005436080604,0.03141214363,335.060869437349,152.342283465922,0.29177605993241,831.324796353616,810.003352604872,0.0006312405364473,0.0314163498458109,0.0005436204477675,317.714231223494,163.4521716395746,19.072951650594405,118.58854641466596,63.93657687550305,0.9680400297064216,13.29161279397501,350.68720129411406,96.39390339922528,ICV_113_CASE_25_with_r_theta_phi.csv,0.7524800520694679,-0.16182426046308862,0.9868195927957524,0.9937797744708416,-0.11136318894806807,0.004227396101,0.0043684114,-0.00014101527607233467,3.335747885219928,ICV_113_CASE_25_with_r_theta_phi.csv
14.31296795,0.9568,-1.479075541,0.0,3029.343639,0.6703943917,330.3990992,414.4038582,13.7292347,0.0005436126523,0.03141262615,335.060869437349,152.342283465922,0.29177605993241,831.324796353616,810.003352604872,0.0006312405364473,0.0314163498458109,0.0005436204477675,317.714231223494,163.4521716395746,19.072951650594405,118.58854641466596,63.93657687550305,0.9680400297064216,14.42096329076916,3.824445147414792,95.8868516566646,ICV_113_CASE_25_with_r_theta_phi.csv,0.8164161397214912,0.06669960466389545,0.9977731018311128,0.9947263799503172,-0.10256426780773731,0.0,2.4932991e-05,-2.4932991436799057e-05,0.0,ICV_113_CASE_25_with_r_theta_phi.csv
12.4398552,0.9568,-1.474665891,0.0,2996.316804,0.6714333544,329.3508666,139.2105721,5.362387244,0.0005436109441,0.03141221239,335.060869437349,152.342283465922,0.29177605993241,831.324796353616,810.003352604872,0.0006312405364473,0.0314163498458109,0.0005436204477675,317.714231223494,163.4521716395746,19.072951650594405,118.58854641466596,63.93657687550305,0.9680400297064216,12.563443123883111,4.3981928185850165,96.7407762798128,ICV_113_CASE_25_with_r_theta_phi.csv,0.7112560742302598,0.07668757978271513,0.9970551715462238,0.9930873657607656,-0.11737752751844471,0.0,1.2313477e-05,-1.231347687280504e-05,0.0,ICV_113_CASE_25_with_r_theta_phi.csv
13.73496112,0.9568,-1.474264761,0.0,3064.152951,0.670733707,330.1406898,359.619322,11.44325525,0.0005436117001,0.03141239405,335.060869437349,152.342283465922,0.29177605993241,831.324796353616,810.003352604872,0.0006312405364473,0.0314163498458109,0.0005436204477675,317.714231223494,163.4521716395746,19.072951650594405,118.58854641466596,63.93657687550305,0.9680400297064216,13.84695200372407,3.9848807626502776,96.1117820212886,ICV_113_CASE_25_with_r_theta_phi.csv,0.7839195533508784,0.06949323364593181,0.9975824228991969,0.9943160714910683,-0.10646853983486819,0.0,2.4932991e-05,-2.4932991436799057e-05,0.0,ICV_113_CASE_25_with_r_theta_phi.csv
0.9038133395,0.9568,-1.471857061,0.0,2311.710645,0.6723202011,331.0732944,289.7998838,18.09718413,0.0005436181773,0.03141445656,335.060869437349,152.342283465922,0.29177605993241,831.324796353616,810.003352604872,0.0006312405364473,0.0314163498458109,0.0005436204477675,317.714231223494,163.4521716395746,19.072951650594405,118.58854641466596,63.93657687550305,0.9680400297064216,1.9745146240718756,46.6312318328861,138.19581198211233,ICV_113_CASE_25_with_r_theta_phi.csv,0.11178349009738119,0.7269490932526753,0.686691354117054,0.6665869588143197,-0.7454272776996267,0.0,7.285371e-07,-7.285370884346776e-07,0.0,ICV_113_CASE_25_with_r_theta_phi.csv
12.16071268,-2.144830726,-1.469592173,0.004227375612,1535.642224,0.6733979933,328.9487989,108.7350618,6.527300074,0.0005436094438,0.03141206208,335.060869437349,152.342283465922,0.29177605993241,831.324796353616,810.003352604872,0.0006312405364473,0.0314163498458109,0.0005436204477675,317.714231223494,163.4521716395746,19.072951650594405,118.58854641466596,63.93657687550305,0.9680400297064216,12.4355511692747,349.99740009847926,96.78688536274656,ICV_113_CASE_25_with_r_theta_phi.csv,0.7040157079816562,-0.1736928649537166,0.9847998723924419,0.9929925840050297,-0.11817668175665694,0.004227375612,0.0035270485,0.0007003271024320244,16.5664744878213,ICV_113_CASE_25_with_r_theta_phi.csv
0.5931236165,0.9568,-1.468855849,0.0,2035.449914,0.670341954,332.3381265,320.0587678,20.01111068,0.0005436182491,0.03141451299,335.060869437349,152.342283465922,0.29177605993241,831.324796353616,810.003352604872,0.0006312405364473,0.0314163498458109,0.0005436204477675,317.714231223494,163.4521716395746,19.072951650594405,118.58854641466596,63.93657687550305,0.9680400297064216,1.8506213468971848,58.20508342954207,142.53353939515853,ICV_113_CASE_25_with_r_theta_phi.csv,0.10476950156908706,0.8499394425209529,0.5268803887479319,0.608296917210309,-0.7937095567727748,0.0,7.285371e-07,-7.285370884346776e-07,0.0,ICV_113_CASE_25_with_r_theta_phi.csv
-2.102092599,0.4448811399,-1.463997088,0.004227322061,7931.014851,0.6665559464,336.4462964,239.631821,22.50475964,0.0005436192137,0.03141526023,335.060869437349,152.342283465922,0.29177605993241,831.324796353616,810.003352604872,0.0006312405364473,0.0314163498458109,0.0005436204477675,317.714231223494,163.4521716395746,19.072951650594405,118.58854641466596,63.93657687550305,0.9680400297064216,2.5999999994388032,168.05040407143247,124.2687780640258,ICV_113_CASE_25_with_r_theta_phi.csv,0.14719418668629666,0.20705111740139892,-0.9783301256645591,0.8264052515881113,-0.5630758031984597,0.004227322061,0.0034788754,0.0007484466772652966,17.704983587439205,ICV_113_CASE_25_with_r_theta_phi.csv
-0.4255751517,0.9568,-1.459938494,0.0,3045.822959,0.6678150573,334.1518289,510.5058116,25.82989975,0.000543618784,0.03141490586,335.060869437349,152.342283465922,0.29177605993241,831.324796353616,810.003352604872,0.0006312405364473,0.0314163498458109,0.0005436204477675,317.714231223494,163.4521716395746,19.072951650594405,118.58854641466596,63.93657687550305,0.9680400297064216,1.7966638127394523,113.9790239195737,144.3490719498585,ICV_113_CASE_25_with_r_theta_phi.csv,0.10171479566229481,0.9136943033811343,-0.4064021653102547,0.5828454745974501,-0.8125830128308573,0.0,-3.2901674e-08,3.290167427394408e-08,0.0,ICV_113_CASE_25_with_r_theta_phi.csv
1.124214885,0.9568,-1.456366884,0.0,2359.192712,0.67281106,330.2155771,251.9969721,15.19619383,0.0005436182139,0.03141444671,335.060869437349,152.342283465922,0.29177605993241,831.324796353616,810.003352604872,0.0006312405364473,0.0314163498458109,0.0005436204477675,317.714231223494,163.4521716395746,19.072951650594405,118.58854641466596,63.93657687550305,0.9680400297064216,2.073723667335509,40.400536089605225,134.6114669175546,ICV_113_CASE_25_with_r_theta_phi.csv,0.117400026419792,0.6481270263897894,0.7615322433509493,0.7118855060033831,-0.7022955405969109,0.0,7.285371e-07,-7.285370884346776e-07,0.0,ICV_113_CASE_25_with_r_theta_phi.csv
14.83679511,0.9568,-1.455604276,0.0,3089.390598,0.6711703334,329.8410548,308.5465673,11.83458715,0.00054361346,0.0314128308,335.060869437349,152.342283465922,0.29177605993241,831.324796353616,810.003352604872,0.0006312405364473,0.0314163498458109,0.0005436204477675,317.714231223494,163.4521716395746,19.072951650594405,118.58854641466596,63.93657687550305,0.9680400297064216,14.93869938061642,3.689799283227501,95.59168617935757,ICV_113_CASE_25_with_r_theta_phi.csv,0.8457268099828988,0.06435464223259824,0.9979270915368088,0.9952415491290588,-0.09743848770989459,0.0,2.4932991e-05,-2.4932991436799057e-05,0.0,ICV_113_CASE_25_with_r_theta_phi.csv
10.43482605,-2.156085167,-1.453030197,0.004227387719,4420.653993,0.6714399843,329.9804855,62.33954616,6.309822356,0.0005436174653,0.03141420733,335.060869437349,152.342283465922,0.29177605993241,831.324796353616,810.003352604872,0.0006312405364473,0.0314163498458109,0.0005436204477675,317.714231223494,163.4521716395746,19.072951650594405,118.58854641466596,63.93657687550305,0.9680400297064216,10.753864175007507,348.3256084150202,97.76538726499793,ICV_113_CASE_25_with_r_theta_phi.csv,0.6088101120449212,-0.20234961034668805,0.979313348827914,0.9908296462998185,-0.13511703080432338,0.004227387719,0.004289132,-6.174435824690423e-05,1.4605794958145977,ICV_113_CASE_25_with_r_theta_phi.csv
10.82333518,-2.159140468,-1.448486258,0.004227336962,3958.904242,0.6742166855,328.9606284,42.00169205,5.101563501,0.0005436155444,0.0314135512,335.060869437349,152.342283465922,0.29177605993241,831.324796353616,810.003352604872,0.0006312405364473,0.0314163498458109,0.0005436204477675,317.714231223494,163.4521716395746,19.072951650594405,118.58854641466596,63.93657687550305,0.9680400297064216,11.1312436151041,348.71820119125374,97.47698791048924,ICV_113_CASE_25_with_r_theta_phi.csv,0.6301747504176665,-0.19563462180095587,0.9806768554181327,0.9914972055193811,-0.13012798103120665,0.004227336962,0.004297252,-6.991485111368986e-05,1.6538745722336177,ICV_113_CASE_25_with_r_theta_phi.csv
12.77824428,-2.161172799,-1.445452224,0.004227394238,2309.965823,0.672256438,330.5686985,157.8287184,10.8464895,0.0005436079352,0.03141208823,335.060869437349,152.342283465922,0.29177605993241,831.324796353616,810.003352604872,0.0006312405364473,0.0314163498458109,0.0005436204477675,317.714231223494,163.4521716395746,19.072951650594405,118.58854641466596,63.93657687550305,0.9680400297064216,13.040073883163268,350.4004596521251,96.36413995936108,ICV_113_CASE_25_with_r_theta_phi.csv,0.738239642298359,-0.16676083661373356,0.9859973749315399,0.9938374902212037,-0.11084693514400279,0.004227394238,0.004353494,-0.00012609967973343118,2.9829174333941553,ICV_113_CASE_25_with_r_theta_phi.csv
-0.8202434423,0.9568,-1.442757899,0.0,4039.784113,0.6684387681,334.0745239,614.914866,28.52156644,0.0005436188734,0.03141497287,335.060869437349,152.342283465922,0.29177605993241,831.324796353616,810.003352604872,0.0006312405364473,0.0314163498458109,0.0005436204477675,317.714231223494,163.4521716395746,19.072951650594405,118.58854641466596,63.93657687550305,0.9680400297064216,1.9156763556934788,130.60575291338284,138.8624480276717,ICV_113_CASE_25_with_r_theta_phi.csv,0.10845247045820522,0.7592059610385243,-0.6508504503521302,0.6578689942042841,-0.7531323830938645,0.0,1.3107634e-05,-1.3107634003972635e-05,0.0,ICV_113_CASE_25_with_r_theta_phi.csv
0.7463040313,0.9568,-1.439807736,0.0,2247.937406,0.6717713398,331.7302199,287.8564188,19.32132157,0.0005436181916,0.03141447108,335.060869437349,152.342283465922,0.29177605993241,831.324796353616,810.003352604872,0.0006312405364473,0.0314163498458109,0.0005436204477675,317.714231223494,163.4521716395746,19.072951650594405,118.58854641466596,63.93657687550305,0.9680400297064216,1.882945103761678,52.04576795952994,139.87651433466846,ICV_113_CASE_25_with_r_theta_phi.csv,0.10659945122421845,0.7885022935086732,0.6150318147312074,0.6444371185950075,-0.7646573089802805,0.0,7.285371e-07,-7.285370884346776e-07,0.0,ICV_113_CASE_25_with_r_theta_phi.csv
11.47291076,-2.165006752,-1.439703359,0.004227610771,2479.935682,0.6804117737,325.3466826,14.42213388,2.171091785,0.0005436093911,0.03141206524,335.060869437349,152.342283465922,0.29177605993241,831.324796353616,810.003352604872,0.0006312405364473,0.0314163498458109,0.0005436204477675,317.714231223494,163.4521716395746,19.072951650594405,118.58854641466596,63.93657687550305,0.9680400297064216,11.763829363988805,349.31360903895984,97.02970448061468,ICV_113_CASE_25_with_r_theta_phi.csv,0.6659874215086372,-0.18543321746520927,0.9826568688308754,0.9924828361923894,-0.12238390361281447,0.004227610771,0.004393619,-0.00016600824853816448,3.926762833458039,ICV_113_CASE_25_with_r_theta_phi.csv
9.96781078,-2.166621759,-1.437271775,0.004227324389,4774.458287,0.6701336857,331.1080629,87.66567656,8.572226511,0.0005436180041,0.03141443681,335.060869437349,152.342283465922,0.29177605993241,831.324796353616,810.003352604872,0.0006312405364473,0.0314163498458109,0.0005436204477675,317.714231223494,163.4521716395746,19.072951650594405,118.58854641466596,63.93657687550305,0.9680400297064216,10.301322815428518,347.73683791498365,98.02024701343804,ICV_113_CASE_25_with_r_theta_phi.csv,0.5831903207451066,-0.21240215776652263,0.9771823388580686,0.9902188263329599,-0.13952303027018642,0.004227324389,0.004289132,-6.180768824690444e-05,1.4620994876360656,ICV_113_CASE_25_with_r_theta_phi.csv
13.52404881,0.9568,-1.436512966,0.0,3067.469265,0.6705893016,330.2657284,348.6129855,11.36849165,0.0005436113625,0.03141231526,335.060869437349,152.342283465922,0.29177605993241,831.324796353616,810.003352604872,0.0006312405364473,0.0314163498458109,0.0005436204477675,317.714231223494,163.4521716395746,19.072951650594405,118.58854641466596,63.93657687550305,0.9680400297064216,13.63374240466456,4.046821484673728,96.04816953801674,ICV_113_CASE_25_with_r_theta_phi.csv,0.771849086607013,0.07057164879850959,0.99750671295278,0.9944336650520751,-0.10536453773019287,0.0,2.4932991e-05,-2.4932991436799057e-05,0.0,ICV_113_CASE_25_with_r_theta_phi.csv
0.3822250644,0.9568,-1.435333795,0.0,1924.793756,0.6682040666,333.5889939,315.2495076,20.33228028,0.0005436183061,0.03141454405,335.060869437349,152.342283465922,0.29177605993241,831.324796353616,810.003352604872,0.0006312405364473,0.0314163498458109,0.0005436204477675,317.714231223494,163.4521716395746,19.072951650594405,118.58854641466596,63.93657687550305,0.9680400297064216,1.7668461571185778,68.22414514464617,144.32819199143535,ICV_113_CASE_25_with_r_theta_phi.csv,0.10002672428962019,0.9286422433956639,0.37097652726428454,0.5831415606584154,-0.8123705559859168,0.0,-3.2901674e-08,3.290167427394408e-08,0.0,ICV_113_CASE_25_with_r_theta_phi.csv
15.08,-2.168908199,-1.433819104,0.004227387719,3114.825151,0.6739412549,327.9026872,33.99877435,1.883902853,0.0005436116474,0.03141245259,335.060869437349,152.342283465922,0.29177605993241,831.324796353616,810.003352604872,0.0006312405364473,0.0314163498458109,0.0005436204477675,317.714231223494,163.4521716395746,19.072951650594405,118.58854641466596,63.93657687550305,0.9680400297064216,15.302496528301674,351.8154587310336,95.37640819131946,ICV_113_CASE_25_with_r_theta_phi.csv,0.8663225120151619,-0.14236188119442428,0.9898146769889729,0.9956006297511126,-0.09369837799656938,0.004227387719,0.0045471787,-0.00031979102626977524,7.564743227994597,ICV_113_CASE_25_with_r_theta_phi.csv
11.18097809,-2.172312648,-1.428655927,0.00422705058,3315.686859,0.6780878519,327.211589,20.13178761,3.700088225,0.0005436126632,0.03141274259,335.060869437349,152.342283465922,0.29177605993241,831.324796353616,810.003352604872,0.0006312405364473,0.0314163498458109,0.0005436204477675,317.714231223494,163.4521716395746,19.072951650594405,118.58854641466596,63.93657687550305,0.9680400297064216,11.479297497994947,349.00518150049805,97.14928360088965,ICV_113_CASE_25_with_r_theta_phi.csv,0.6498791766585065,-0.19072022188430243,0.9816444351008171,0.9922252536142359,-0.1244549962442862,0.00422705058,0.004281829,-5.4778531278057256e-05,1.295904324501795,ICV_113_CASE_25_with_r_theta_phi.csv
-1.427524942,0.9568,-1.42027805,0.0,5393.880123,0.6652518894,335.1350137,619.4387537,25.30649789,0.0005436190399,0.03141510946,335.060869437349,152.342283465922,0.29177605993241,831.324796353616,810.003352604872,0.0006312405364473,0.0314163498458109,0.0005436204477675,317.714231223494,163.4521716395746,19.072951650594405,118.58854641466596,63.93657687550305,0.9680400297064216,2.2294581044154893,146.16799085886237,129.57225433269457,ICV_113_CASE_25_with_r_theta_phi.csv,0.12621664326978577,0.5567597705228363,-0.8306735567762817,0.7708218270577449,-0.6370507914847606,0.0,8.647877e-05,-8.647877257317305e-05,0.0,ICV_113_CASE_25_with_r_theta_phi.csv
-2.074196339,-0.6750810222,-1.414911715,0.004227322061,9447.377963,0.664696736,341.2850757,411.0291642,37.89607981,0.000543619258,0.03141533028,335.060869437349,152.342283465922,0.29177605993241,831.324796353616,810.003352604872,0.0006312405364473,0.0314163498458109,0.0005436204477675,317.714231223494,163.4521716395746,19.072951650594405,118.58854641466596,63.93657687550305,0.9680400297064216,2.600000000096123,198.0283232818417,122.96979374820728,ICV_113_CASE_25_with_r_theta_phi.csv,0.14719418672350962,-0.3094870966685126,-0.9509036423295973,0.8389575842914857,-0.5441968134414191,0.004227322061,0.0034860861,0.0007412359122313363,17.534408340788875,ICV_113_CASE_25_with_r_theta_phi.csv
11.68542155,-2.183413561,-1.411632113,0.004227892496,1904.398386,0.6787899173,325.6857602,43.3685958,2.267991204,0.0005436086145,0.03141192411,335.060869437349,152.342283465922,0.29177605993241,831.324796353616,810.003352604872,0.0006312405364473,0.0314163498458109,0.0005436204477675,317.714231223494,163.4521716395746,19.072951650594405,118.58854641466596,63.93657687550305,0.9680400297064216,11.971176917998328,349.41636170381344,96.77203131393594,ICV_113_CASE_25_with_r_theta_phi.csv,0.6777260194241804,-0.1836706505906553,0.9829878392490954,0.9930231881824324,-0.11791924241614472,0.004227892496,0.0043544965,-0.00012660399048500422,2.9944940789019356,ICV_113_CASE_25_with_r_theta_phi.csv
-0.09630016696,0.9568,-1.408730926,0.0,2334.278443,0.6681495851,333.8706986,376.1067193,22.56285308,0.0005436186406,0.03141479505,335.060869437349,152.342283465922,0.29177605993241,831.324796353616,810.003352604872,0.0006312405364473,0.0314163498458109,0.0005436204477675,317.714231223494,163.4521716395746,19.072951650594405,118.58854641466596,63.93657687550305,0.9680400297064216,1.705656115407013,95.74736035696742,145.68160388198874,ICV_113_CASE_25_with_r_theta_phi.csv,0.09656256335693617,0.9949731329052909,-0.10014222284646138,0.5637912576030436,-0.8259173190158797,0.0,-3.2901674e-08,3.290167427394408e-08,0.0,ICV_113_CASE_25_with_r_theta_phi.csv
2.375648716,0.9568,-1.407023263,0.0,2114.368478,0.6688482463,330.1610948,239.1071523,4.618452407,0.000543618055,0.03141437786,335.060869437349,152.342283465922,0.29177605993241,831.324796353616,810.003352604872,0.0006312405364473,0.0314163498458109,0.0005436204477675,317.714231223494,163.4521716395746,19.072951650594405,118.58854641466596,63.93657687550305,0.9680400297064216,2.9221374923941577,21.937266277592585,118.78372983610132,ICV_113_CASE_25_with_r_theta_phi.csv,0.16543140448897387,0.3735911861926903,0.9275934592261518,0.8764434473038528,-0.48150481168742076,0.0,1.6845755e-05,-1.684575545368716e-05,0.0,ICV_113_CASE_25_with_r_theta_phi.csv
12.56048191,-2.186708938,-1.406521959,0.004227392841,2020.709441,0.6722197792,330.71886,172.9286486,11.76404889,0.0005436086626,0.03141209032,335.060869437349,152.342283465922,0.29177605993241,831.324796353616,810.003352604872,0.0006312405364473,0.0314163498458109,0.0005436204477675,317.714231223494,163.4521716395746,19.072951650594405,118.58854641466596,63.93657687550305,0.9680400297064216,12.826757416124916,350.12411022025947,96.2954456321832,ICV_113_CASE_25_with_r_theta_phi.csv,0.7261631254217122,-0.17151454837872734,0.9851815871677877,0.9939696749542642,-0.10965530206658583,0.004227392841,0.0035270485,0.0007003443314320236,16.5668145262953,ICV_113_CASE_25_with_r_theta_phi.csv
7.38776355,-2.193673275,-1.395635183,0.004227385856,7425.022989,0.666257996,337.502608,370.6118351,29.48564328,0.0005436186008,0.03141482859,335.060869437349,152.342283465922,0.29177605993241,831.324796353616,810.003352604872,0.0006312405364473,0.0314163498458109,0.0005436204477675,317.714231223494,163.4521716395746,19.072951650594405,118.58854641466596,63.93657687550305,0.9680400297064216,7.831925068090556,343.46209051769006,100.26482934419528,ICV_113_CASE_25_with_r_theta_phi.csv,0.44338993878247585,-0.2846496810461179,0.9586316075950883,0.9839946091818166,-0.17819822979234096,0.004227385856,0.003478268,0.0007491179274145901,17.720595014390472,ICV_113_CASE_25_with_r_theta_phi.csv
1.371387699,0.9568,-1.394290938,0.0,2445.996006,0.6720582374,329.9420771,190.2184248,11.07086457,0.0005436182694,0.03141445856,335.060869437349,152.342283465922,0.29177605993241,831.324796353616,810.003352604872,0.0006312405364473,0.0314163498458109,0.0005436204477675,317.714231223494,163.4521716395746,19.072951650594405,118.58854641466596,63.93657687550305,0.9680400297064216,2.17720409717542,34.90299818611243,129.82197621533845,ICV_113_CASE_25_with_r_theta_phi.csv,0.12325837938576191,0.5721887897493382,0.82012193537619,0.7680379483285613,-0.6404043331577747,0.0,7.285371e-07,-7.285370884346776e-07,0.0,ICV_113_CASE_25_with_r_theta_phi.csv
15.05070181,0.9568,-1.377025349,0.0,3142.711978,0.6709851907,329.8741038,278.4201252,10.98588431,0.0005436137479,0.03141290687,335.060869437349,152.342283465922,0.29177605993241,831.324796353616,810.003352604872,0.0006312405364473,0.0314163498458109,0.0005436204477675,317.714231223494,163.4521716395746,19.072951650594405,118.58854641466596,63.93657687550305,0.9680400297064216,15.14382019258436,3.637500160369712,95.21710311718395,ICV_113_CASE_25_with_r_theta_phi.csv,0.8573393450200414,0.06344371579356096,0.9979854181932248,0.9958572999044569,-0.09092985333214007,0.0,2.4932991e-05,-2.4932991436799057e-05,0.0,ICV_113_CASE_25_with_r_theta_phi.csv
2.766865289,0.9568,-1.371980061,0.0,2167.086292,0.6679614067,330.7024503,278.7947591,5.679602651,0.0005436180799,0.03141439722,335.060869437349,152.342283465922,0.29177605993241,831.324796353616,810.003352604872,0.0006312405364473,0.0314163498458109,0.0005436204477675,317.714231223494,163.4521716395746,19.072951650594405,118.58854641466596,63.93657687550305,0.9680400297064216,3.2331623923419954,19.07571807859989,115.10928478663686,ICV_113_CASE_25_with_r_theta_phi.csv,0.1830395034108548,0.32681740075104504,0.9450875020686342,0.9055000455635459,-0.42434616468682307,0.0,1.6845755e-05,-1.684575545368716e-05,0.0,ICV_113_CASE_25_with_r_theta_phi.csv
9.402810514,-2.211726578,-1.366845105,0.004227380734,5291.025974,0.6683033594,333.1835584,161.1262624,14.29528676,0.0005436182545,0.0314145733,335.060869437349,152.342283465922,0.29177605993241,831.324796353616,810.003352604872,0.0006312405364473,0.0314163498458109,0.0005436204477675,317.714231223494,163.4521716395746,19.072951650594405,118.58854641466596,63.93657687550305,0.9680400297064216,9.755657105448254,346.7635185048443,98.05409281767923,ICV_113_CASE_25_with_r_theta_phi.csv,0.5522984667449212,-0.22897072308757466,0.9734333094612867,0.9901362344236716,-0.1401079486728431,0.004227380734,0.0042126975,1.4683231774362433e-05,0.34733639326107285,ICV_113_CASE_25_with_r_theta_phi.csv
0.9598299956,-2.211932212,-1.366512309,0.004227331374,21202.19397,0.6609420752,340.9538343,303.7946603,27.7463366,0.0005436197682,0.03141595606,335.060869437349,152.342283465922,0.29177605993241,831.324796353616,810.003352604872,0.0006312405364473,0.0314163498458109,0.0005436204477675,317.714231223494,163.4521716395746,19.072951650594405,118.58854641466596,63.93657687550305,0.9680400297064216,2.7715110718857354,293.4576046849723,119.54169326802288,ICV_113_CASE_25_with_r_theta_phi.csv,0.15690396854090044,-0.9173548728319794,0.39807039238233105,0.8699971363926239,-0.4930567742853091,0.004227331374,0.0034837865,0.0007435448934987061,17.588990016158977,ICV_113_CASE_25_with_r_theta_phi.csv
11.99247286,-2.211937055,-1.36650447,0.004227381665,1353.198548,0.674937994,327.7294629,95.52633506,4.701436376,0.0005436094054,0.03141201961,335.060869437349,152.342283465922,0.29177605993241,831.324796353616,810.003352604872,0.0006312405364473,0.0314163498458109,0.0005436204477675,317.714231223494,163.4521716395746,19.072951650594405,118.58854641466596,63.93657687550305,0.9680400297064216,12.271080038026344,349.54959921885444,96.3937054329187,ICV_113_CASE_25_with_r_theta_phi.csv,0.6947044793652324,-0.18138428335957602,0.9834122948947369,0.9937801592429752,-0.11135975527544385,0.004227381665,0.0043463768,-0.00011899508561821932,2.8148649689067207,ICV_113_CASE_25_with_r_theta_phi.csv
12.27574783,-2.212992778,-1.36479411,0.004227388185,1539.242309,0.6718935278,330.3603721,196.6959551,11.01714735,0.0005436107289,0.03141215848,335.060869437349,152.342283465922,0.29177605993241,831.324796353616,810.003352604872,0.0006312405364473,0.0314163498458109,0.0005436204477675,317.714231223494,163.4521716395746,19.072951650594405,118.58854641466596,63.93657687550305,0.9680400297064216,12.548066973997251,349.78084499615267,96.24414469497532,ICV_113_CASE_25_with_r_theta_phi.csv,0.7103855819697582,-0.17741376461165564,0.9841363503734226,0.9940674586111576,-0.10876528734092673,0.004227388185,0.0035270485,0.000700339675432024,16.56672263387983,ICV_113_CASE_25_with_r_theta_phi.csv
11.83002577,-2.217099339,-1.358112853,0.00422780076,1561.667205,0.677264797,326.4216886,85.33911651,3.727911931,0.0005436087342,0.03141193478,335.060869437349,152.342283465922,0.29177605993241,831.324796353616,810.003352604872,0.0006312405364473,0.0314163498458109,0.0005436204477675,317.714231223494,163.4521716395746,19.072951650594405,118.58854641466596,63.93657687550305,0.9680400297064216,12.112370111557116,349.38516623169085,96.43789062266616,ICV_113_CASE_25_with_r_theta_phi.csv,0.6857194106918776,-0.18420582453674458,0.9828876915531795,0.9936939856573614,-0.1121261025291949,0.00422780076,0.0043463768,-0.0001185759906182195,2.8046730988849333,ICV_113_CASE_25_with_r_theta_phi.csv
12.41286365,-2.217509907,-1.35744238,0.00422739191,1835.206391,0.6715339757,331.0453506,220.5373403,13.07517095,0.0005436107025,0.03141218342,335.060869437349,152.342283465922,0.29177605993241,831.324796353616,810.003352604872,0.0006312405364473,0.0314163498458109,0.0005436204477675,317.714231223494,163.4521716395746,19.072951650594405,118.58854641466596,63.93657687550305,0.9680400297064216,12.682238918903654,349.8711812404346,96.14441949755138,ICV_113_CASE_25_with_r_theta_phi.csv,0.7179814782431733,-0.17586189150348958,0.9844148490940264,0.9942552623509691,-0.10703491620684195,0.00422739191,0.003521576,0.0007058158518804649,16.6962483427164,ICV_113_CASE_25_with_r_theta_phi.csv
-1.295369523,0.9568,-1.347610421,0.0,4959.762193,0.6685285255,333.8921203,605.5707112,27.286895,0.0005436189777,0.03141505306,335.060869437349,152.342283465922,0.29177605993241,831.324796353616,810.003352604872,0.0006312405364473,0.0314163498458109,0.0005436204477675,317.714231223494,163.4521716395746,19.072951650594405,118.58854641466596,63.93657687550305,0.9680400297064216,2.0998814937765045,143.54927811961022,129.92284487450183,ICV_113_CASE_25_with_r_theta_phi.csv,0.11888090333875151,0.5941311973360272,-0.8043681497623204,0.7669093331495023,-0.6417554633411279,0.0,8.647877e-05,-8.647877257317305e-05,0.0,ICV_113_CASE_25_with_r_theta_phi.csv
12.13318717,-2.224039284,-1.34671796,0.004227372352,1342.722122,0.6726002732,329.4570194,151.4555663,8.155651895,0.0005436102495,0.03141210401,335.060869437349,152.342283465922,0.29177605993241,831.324796353616,810.003352604872,0.0006312405364473,0.0314163498458109,0.0005436204477675,317.714231223494,163.4521716395746,19.072951650594405,118.58854641466596,63.93657687550305,0.9680400297064216,12.408635336039753,349.6128708166757,96.23062416641284,ICV_113_CASE_25_with_r_theta_phi.csv,0.7024919179113266,-0.18029819304335148,0.9836119974793427,0.9940930971200509,-0.10853070652246365,0.004227372352,0.0035270485,0.0007003238424320244,16.566410146838187,ICV_113_CASE_25_with_r_theta_phi.csv
17.08772843,0.9568,-1.346684937,0.004227390047,4062.412636,0.6728019117,328.4073548,21.52532183,2.535978448,0.000543615662,0.03141340026,335.060869437349,152.342283465922,0.29177605993241,831.324796353616,810.003352604872,0.0006312405364473,0.0314163498458109,0.0005436204477675,317.714231223494,163.4521716395746,19.072951650594405,118.58854641466596,63.93657687550305,0.9680400297064216,17.167396117552975,3.2048389172125558,94.4991515403446,ICV_113_CASE_25_with_r_theta_phi.csv,0.9719003498423556,0.05590582814625674,0.9984360462139181,0.9969184954786366,-0.07844433295408579,0.004227390047,0.0027112828,0.00151610723680372,35.863907034577934,ICV_113_CASE_25_with_r_theta_phi.csv
14.47850947,0.9568,-1.330275534,0.0,3144.812923,0.6701349625,330.9687459,591.3581902,19.35751078,0.0005436129264,0.03141269882,335.060869437349,152.342283465922,0.29177605993241,831.324796353616,810.003352604872,0.0006312405364473,0.0314163498458109,0.0005436204477675,317.714231223494,163.4521716395746,19.072951650594405,118.58854641466596,63.93657687550305,0.9680400297064216,14.570941483282358,3.780845520209425,95.2381964891834,ICV_113_CASE_25_with_r_theta_phi.csv,0.824906877441655,0.06594032295226118,0.9978235684773894,0.9958237567035476,-0.09129647082354007,0.0,2.4932991e-05,-2.4932991436799057e-05,0.0,ICV_113_CASE_25_with_r_theta_phi.csv
0.1484387911,0.9568,-1.327099359,0.0,1861.325575,0.6685602964,333.8219181,290.4488552,21.01469097,0.0005436184141,0.03141461724,335.060869437349,152.342283465922,0.29177605993241,831.324796353616,810.003352604872,0.0006312405364473,0.0314163498458109,0.0005436204477675,317.714231223494,163.4521716395746,19.072951650594405,118.58854641466596,63.93657687550305,0.9680400297064216,1.642769924049451,81.181384897317,143.88567006584947,ICV_113_CASE_25_with_r_theta_phi.csv,0.09300237805206191,0.9881786249827466,0.15330689849843118,0.5893984208556422,-0.8078424979492446,0.0,-3.2901674e-08,3.290167427394408e-08,0.0,ICV_113_CASE_25_with_r_theta_phi.csv
13.80230172,-2.241424382,-1.31757988,0.004227395169,3075.227907,0.671687177,329.8467514,101.959683,6.270285119,0.0005436107313,0.03141243008,335.060869437349,152.342283465922,0.29177605993241,831.324796353616,810.003352604872,0.0006312405364473,0.0314163498458109,0.0005436204477675,317.714231223494,163.4521716395746,19.072951650594405,118.58854641466596,63.93657687550305,0.9680400297064216,14.045053676306113,350.77597677739215,95.38288683972952,ICV_113_CASE_25_with_r_theta_phi.csv,0.7951347128059563,-0.1602950643951512,0.987069142629104,0.9955900285598449,-0.09381095368989256,0.004227395169,0.0043452797,-0.00011788448362532247,2.788584432841713,ICV_113_CASE_25_with_r_theta_phi.csv
1.736919222,-2.242356888,-1.315992244,0.004227332771,19454.64607,0.6612096048,348.2807379,291.4812795,39.58987755,0.0005436197554,0.03141593273,335.060869437349,152.342283465922,0.29177605993241,831.324796353616,810.003352604872,0.0006312405364473,0.0314163498458109,0.0005436204477675,317.714231223494,163.4521716395746,19.072951650594405,118.58854641466596,63.93657687550305,0.9680400297064216,3.126801621974488,307.7611967212785,114.88983437508728,ICV_113_CASE_25_with_r_theta_phi.csv,0.17701808529818078,-0.7905699193591939,0.6123717846246655,0.9071187017149568,-0.42087487570413534,0.004227332771,0.0034837865,0.0007435462904987061,17.58901725039559,ICV_113_CASE_25_with_r_theta_phi.csv
0.6645070265,0.9568,-1.31433024,0.0,2006.350586,0.6722231525,331.8857183,250.176127,19.50613106,0.000543618256,0.03141448212,335.060869437349,152.342283465922,0.29177605993241,831.324796353616,810.003352604872,0.0006312405364473,0.0314163498458109,0.0005436204477675,317.714231223494,163.4521716395746,19.072951650594405,118.58854641466596,63.93657687550305,0.9680400297064216,1.7562744113737834,55.21964040924041,138.44874726323314,ICV_113_CASE_25_with_r_theta_phi.csv,0.0994282244753528,0.8213447956794743,0.5704320525796588,0.6632897456354244,-0.7483626883636663,0.0,7.285371e-07,-7.285370884346776e-07,0.0,ICV_113_CASE_25_with_r_theta_phi.csv
11.3831692,-2.243454883,-1.314119549,0.004226728808,3170.134449,0.680272259,326.5112244,19.36242365,4.110638166,0.0005436121596,0.03141259525,335.060869437349,152.342283465922,0.29177605993241,831.324796353616,810.003352604872,0.0006312405364473,0.0314163498458109,0.0005436204477675,317.714231223494,163.4521716395746,19.072951650594405,118.58854641466596,63.93657687550305,0.9680400297064216,11.676323952209836,348.85073619459826,96.4620824428634,ICV_113_CASE_25_with_r_theta_phi.csv,0.6610334646162392,-0.19336562600472568,0.9811267678948529,0.993646554424785,-0.11254565686757026,0.004226728808,0.004281829,-5.510030327805695e-05,1.3036157692618349,ICV_113_CASE_25_with_r_theta_phi.csv
13.14363645,-2.244788513,-1.311840131,0.004227395169,2783.242818,0.6720508412,330.457335,147.0180088,9.880822461,0.0005436076687,0.03141217159,335.060869437349,152.342283465922,0.29177605993241,831.324796353616,810.003352604872,0.0006312405364473,0.0314163498458109,0.0005436204477675,317.714231223494,163.4521716395746,19.072951650594405,118.58854641466596,63.93657687550305,0.9680400297064216,13.398327474993565,350.3080238708384,95.61887412975229,ICV_113_CASE_25_with_r_theta_phi.csv,0.7585215061784695,-0.16835133707693598,0.9857270551752183,0.9951952006440311,-0.09791073799684404,0.004227395169,0.004362939,-0.00013554375662389387,3.2063185761716677,ICV_113_CASE_25_with_r_theta_phi.csv
17.00531402,0.9568,-1.3114194,0.002138356911,4024.410358,0.6728178528,328.3753134,34.18627568,2.769436913,0.0005436154143,0.03141333266,335.060869437349,152.342283465922,0.29177605993241,831.324796353616,810.003352604872,0.0006312405364473,0.0314163498458109,0.0005436204477675,317.714231223494,163.4521716395746,19.072951650594405,118.58854641466596,63.93657687550305,0.9680400297064216,17.082622515337185,3.2203382098581983,94.40288359561532,ICV_113_CASE_25_with_r_theta_phi.csv,0.967101049291081,0.056175916714923384,0.9984208863907235,0.9970488898306986,-0.07676920793763203,0.002138356911,0.0011671738,0.0009711830643752083,45.41725747115168,ICV_113_CASE_25_with_r_theta_phi.csv
13.45524679,-2.246804973,-1.308383512,0.004227397498,2967.790511,0.6720751683,330.0347477,121.6066438,7.940985361,0.0005436092422,0.0314123129,335.060869437349,152.342283465922,0.29177605993241,831.324796353616,810.003352604872,0.0006312405364473,0.0314163498458109,0.0005436204477675,317.714231223494,163.4521716395746,19.072951650594405,118.58854641466596,63.93657687550305,0.9680400297064216,13.70414777288162,350.5200129219612,95.47857559102988,ICV_113_CASE_25_with_r_theta_phi.csv,0.7758349561898193,-0.16470309473942363,0.9863431910766437,0.9954319680422518,-0.09547354083477497,0.004227397498,0.004362939,-0.00013554142762389407,3.2062617167171217,ICV_113_CASE_25_with_r_theta_phi.csv
0.82351067,0.9568,-1.308030592,0.0,2170.176756,0.6724573039,331.7659245,270.958813,20.12957506,0.0005436184005,0.03141453634,335.060869437349,152.342283465922,0.29177605993241,831.324796353616,810.003352604872,0.0006312405364473,0.0314163498458109,0.0005436204477675,317.714231223494,163.4521716395746,19.072951650594405,118.58854641466596,63.93657687550305,0.9680400297064216,1.8178504045195023,49.28166550409867,136.01717367989727,ICV_113_CASE_25_with_r_theta_phi.csv,0.10291423533398411,0.757925627643672,0.6523409713952865,0.6944427263173653,-0.7195479830177449,0.0,7.285371e-07,-7.285370884346776e-07,0.0,ICV_113_CASE_25_with_r_theta_phi.csv
17.00850584,-1.155700097,-1.305841688,0.004227354657,3667.702814,0.6742037614,327.7386178,10.98836805,1.789241645,0.0005436140553,0.03141296617,335.060869437349,152.342283465922,0.29177605993241,831.324796353616,810.003352604872,0.0006312405364473,0.0314163498458109,0.0005436204477675,317.714231223494,163.4521716395746,19.072951650594405,118.58854641466596,63.93657687550305,0.9680400297064216,17.097664639875198,356.11282067785834,94.38025601498164,ICV_113_CASE_25_with_r_theta_phi.csv,0.9679526313248827,-0.06779204409619641,0.9976994731667744,0.997079130216479,-0.07637544164683883,0.004227354657,0.0044434415,-0.00021608686065108067,5.111633116520044,ICV_113_CASE_25_with_r_theta_phi.csv
12.0434375,0.9568,-1.303742267,0.0,3037.700107,0.6712158777,329.2357057,120.1482873,3.951377734,0.0005436107286,0.03141215832,335.060869437349,152.342283465922,0.29177605993241,831.324796353616,810.003352604872,0.0006312405364473,0.0314163498458109,0.0005436204477675,317.714231223494,163.4521716395746,19.072951650594405,118.58854641466596,63.93657687550305,0.9680400297064216,12.1515265277729,4.5423659898221445,96.15914301648236,ICV_113_CASE_25_with_r_theta_phi.csv,0.6879361787071377,0.0791962208215204,0.9968590465093794,0.9942277243451467,-0.10729041030525961,0.0,1.2313477e-05,-1.231347687280504e-05,0.0,ICV_113_CASE_25_with_r_theta_phi.csv
12.88953061,-2.252897609,-1.297864539,0.004227392375,2455.001856,0.6722105934,330.6584742,179.7444419,11.71004504,0.0005436073084,0.031412095,335.060869437349,152.342283465922,0.29177605993241,831.324796353616,810.003352604872,0.0006312405364473,0.0314163498458109,0.0005436204477675,317.714231223494,163.4521716395746,19.072951650594405,118.58854641466596,63.93657687550305,0.9680400297064216,13.149144433930235,350.0857031563099,95.66450821032424,ICV_113_CASE_25_with_r_theta_phi.csv,0.7444144696118342,-0.17217490629432275,0.9850663945351812,0.9951169025263179,-0.09870334496067829,0.004227392375,0.0043480215,-0.00012062909128499055,2.8535106409765296,ICV_113_CASE_25_with_r_theta_phi.csv
1.561998461,0.9568,-1.294420402,0.0,2260.21,0.6723277539,329.0030868,113.3530083,5.790303971,0.0005436182653,0.03141440434,335.060869437349,152.342283465922,0.29177605993241,831.324796353616,810.003352604872,0.0006312405364473,0.0314163498458109,0.0005436204477675,317.714231223494,163.4521716395746,19.072951650594405,118.58854641466596,63.93657687550305,0.9680400297064216,2.242951093822647,31.489495022828123,125.24724633627966,ICV_113_CASE_25_with_r_theta_phi.csv,0.12698052388600967,0.5223422273963848,0.8527359482738976,0.8166692921040138,-0.5771059411705348,0.0,7.285371e-07,-7.285370884346776e-07,0.0,ICV_113_CASE_25_with_r_theta_phi.csv
0.5180943161,0.9568,-1.292992016,0.0,2094.775549,0.6711300451,333.4524942,782.8413995,33.43825537,0.000543618296,0.03141453477,335.060869437349,152.342283465922,0.29177605993241,831.324796353616,810.003352604872,0.0006312405364473,0.0314163498458109,0.0005436204477675,317.714231223494,163.4521716395746,19.072951650594405,118.58854641466596,63.93657687550305,0.9680400297064216,1.6898864795644917,61.56505156418928,139.91904185587282,ICV_113_CASE_25_with_r_theta_phi.csv,0.09566979461744386,0.8793582949939451,0.47616067563937053,0.6438693778588676,-0.7651354287024192,0.0,7.285371e-07,-7.285370884346776e-07,0.0,ICV_113_CASE_25_with_r_theta_phi.csv
11.56510104,-2.255965598,-1.292524359,0.004227168858,2745.370316,0.6831510571,325.1031083,20.30628848,4.160551526,0.0005436102054,0.03141219676,335.060869437349,152.342283465922,0.29177605993241,831.324796353616,810.003352604872,0.0006312405364473,0.0314163498458109,0.0005436204477675,317.714231223494,163.4521716395746,19.072951650594405,118.58854641466596,63.93657687550305,0.9680400297064216,11.85375729730354,348.962111780705,96.2599333451085,ICV_113_CASE_25_with_r_theta_phi.csv,0.67107852497306,-0.19145807831574,0.9815007917712771,0.9940374490790951,-0.10903921234274147,0.004227168858,0.004281829,-5.466025327805716e-05,1.2930700215980455,ICV_113_CASE_25_with_r_theta_phi.csv
13.41215985,0.9568,-1.290233332,0.0,3121.775051,0.6705133807,330.4862384,452.2699332,13.17420636,0.0005436110177,0.03141223625,335.060869437349,152.342283465922,0.29177605993241,831.324796353616,810.003352604872,0.0006312405364473,0.0314163498458109,0.0005436204477675,317.714231223494,163.4521716395746,19.072951650594405,118.58854641466596,63.93657687550305,0.9680400297064216,13.508005038974328,4.080467926718995,95.48103109247069,ICV_113_CASE_25_with_r_theta_phi.csv,0.764730698421303,0.07115741363085286,0.9974650983795712,0.9954278754581933,-0.09551620156176438,0.0,2.4932991e-05,-2.4932991436799057e-05,0.0,ICV_113_CASE_25_with_r_theta_phi.csv
11.58578305,0.9568,-1.288701216,0.0,3095.520195,0.6731915693,327.9496096,65.87345591,1.971526845,0.0005436121402,0.03141246177,335.060869437349,152.342283465922,0.29177605993241,831.324796353616,810.003352604872,0.0006312405364473,0.0314163498458109,0.0005436204477675,317.714231223494,163.4521716395746,19.072951650594405,118.58854641466596,63.93657687550305,0.9680400297064216,11.696434753624164,4.72100000101193,96.32563290966708,ICV_113_CASE_25_with_r_theta_phi.csv,0.6621720004079432,0.08230378981662412,0.9966072878430204,0.9939117631971215,-0.1101789770255152,0.0,0.00017152754,-0.0001715275429887697,0.0,ICV_113_CASE_25_with_r_theta_phi.csv
15.63422923,0.9568,-1.283643827,0.0,3429.379992,0.6690532419,330.6299584,119.3003804,6.644619899,0.0005436144843,0.03141309875,335.060869437349,152.342283465922,0.29177605993241,831.324796353616,810.003352604872,0.0006312405364473,0.0314163498458109,0.0005436204477675,317.714231223494,163.4521716395746,19.072951650594405,118.58854641466596,63.93657687550305,0.9680400297064216,15.715989670739212,3.5020795792050308,94.68499896493296,ICV_113_CASE_25_with_r_theta_phi.csv,0.8897316607900048,0.06108476730038946,0.9981325819768921,0.9966588055904957,-0.08167756876233817,0.0,9.25392e-06,-9.253920325136278e-06,0.0,ICV_113_CASE_25_with_r_theta_phi.csv
14.20580021,-2.262012959,-1.281911608,0.004227382597,3133.405311,0.6717780595,329.4997446,82.33356846,4.806765094,0.0005436113876,0.03141249191,335.060869437349,152.342283465922,0.29177605993241,831.324796353616,810.003352604872,0.0006312405364473,0.0314163498458109,0.0005436204477675,317.714231223494,163.4521716395746,19.072951650594405,118.58854641466596,63.93657687550305,0.9680400297064216,14.441771345781827,350.9526527546926,95.09251373802717,ICV_113_CASE_25_with_r_theta_phi.csv,0.817594149234866,-0.15725060292835522,0.9875587313566059,0.9960526718302479,-0.08876415346199372,0.004227382597,0.0043452797,-0.00011789705562532254,2.788890120357224,ICV_113_CASE_25_with_r_theta_phi.csv
14.13727845,0.9568,-1.280191136,0.0,3167.624317,0.6705864831,332.0675497,1146.646967,32.60772027,0.0005436120191,0.03141247284,335.060869437349,152.342283465922,0.29177605993241,831.324796353616,810.003352604872,0.0006312405364473,0.0314163498458109,0.0005436204477675,317.714231223494,163.4521716395746,19.072951650594405,118.58854641466596,63.93657687550305,0.9680400297064216,14.227332763295,3.871829349263351,95.16252012824162,ICV_113_CASE_25_with_r_theta_phi.csv,0.8054541058694337,0.0675247504282526,0.9977175993634683,0.9959434725834733,-0.08998110589658548,0.0,2.4932991e-05,-2.4932991436799057e-05,0.0,ICV_113_CASE_25_with_r_theta_phi.csv
13.64335827,0.9568,-1.278527412,0.0,3160.442288,0.6713349014,330.0585745,548.0175168,14.65390589,0.0005436112259,0.03141228468,335.060869437349,152.342283465922,0.29177605993241,831.324796353616,810.003352604872,0.0006312405364473,0.0314163498458109,0.0005436204477675,317.714231223494,163.4521716395746,19.072951650594405,118.58854641466596,63.93657687550305,0.9680400297064216,13.73649604035952,4.011548583611557,95.3405472393959,ICV_113_CASE_25_with_r_theta_phi.csv,0.7776662934679531,0.06995754214173983,0.9975499698248137,0.9956590797743846,-0.09307522152982292,0.0,2.4932991e-05,-2.4932991436799057e-05,0.0,ICV_113_CASE_25_with_r_theta_phi.csv
0.9898105425,0.9568,-1.277336822,0.0,2527.515971,0.6717669692,332.0765512,234.6664178,18.50784715,0.0005436185515,0.03141462376,335.060869437349,152.342283465922,0.29177605993241,831.324796353616,810.003352604872,0.0006312405364473,0.0314163498458109,0.0005436204477675,317.714231223494,163.4521716395746,19.072951650594405,118.58854641466596,63.93657687550305,0.9680400297064216,1.8779724457193727,44.02847361953144,132.8567750292192,ICV_113_CASE_25_with_r_theta_phi.csv,0.1063179333948476,0.6950157666291976,0.7189944952062072,0.7330562383933408,-0.6801680317043763,0.0,1.5646157e-05,-1.564615740790032e-05,0.0,ICV_113_CASE_25_with_r_theta_phi.csv
2.530201823,-2.265652104,-1.275468754,0.004227343015,16757.60329,0.6617494086,350.7789872,309.4506081,44.48570579,0.0005436196938,0.03141584765,335.060869437349,152.342283465922,0.29177605993241,831.324796353616,810.003352604872,0.0006312405364473,0.0314163498458109,0.0005436204477675,317.714231223494,163.4521716395746,19.072951650594405,118.58854641466596,63.93657687550305,0.9680400297064216,3.6279362265484303,318.15735976294286,110.58329270570964,ICV_113_CASE_25_with_r_theta_phi.csv,0.20538889320454307,-0.6670870781981156,0.7449797514705357,0.9361620920141802,-0.3515686810221205,0.004227343015,0.003478268,0.00074907508641459,17.719761173375996,ICV_113_CASE_25_with_r_theta_phi.csv
3.334338686,-2.265901317,-1.275025969,0.004227355588,14177.39943,0.6625140777,348.1553995,366.9949517,44.65960905,0.0005436195675,0.03141569896,335.060869437349,152.342283465922,0.29177605993241,831.324796353616,810.003352604872,0.0006312405364473,0.0314163498458109,0.0005436204477675,317.714231223494,163.4521716395746,19.072951650594405,118.58854641466596,63.93657687550305,0.9680400297064216,4.228216464771279,325.8013272825314,107.55082718864492,ICV_113_CASE_25_with_r_theta_phi.csv,0.23937264761536622,-0.5620642180073957,0.8270935949671807,0.9534498188662376,-0.3015517250886467,0.004227355588,0.003478268,0.0007490876594145896,17.720005891242984,ICV_113_CASE_25_with_r_theta_phi.csv
1.796851094,0.9568,-1.274389725,0.0,2285.212306,0.6711700674,329.2944211,133.3181596,4.865626073,0.0005436182505,0.03141440967,335.060869437349,152.342283465922,0.29177605993241,831.324796353616,810.003352604872,0.0006312405364473,0.0314163498458109,0.0005436204477675,317.714231223494,163.4521716395746,19.072951650594405,118.58854641466596,63.93657687550305,0.9680400297064216,2.4017096546407464,28.03472466948142,122.0472018592052,ICV_113_CASE_25_with_r_theta_phi.csv,0.1359683459029908,0.4700065955866907,0.8826629028711974,0.8476112461725432,-0.5306177299731214,0.0,7.285371e-07,-7.285370884346776e-07,0.0,ICV_113_CASE_25_with_r_theta_phi.csv
8.864123211e-15,-2.26906185,-1.269392895,0.004227334168,21115.50955,0.6612008832,346.642607,324.7206933,38.72969328,0.0005436196925,0.03141588029,335.060869437349,152.342283465922,0.29177605993241,831.324796353616,810.003352604872,0.0006312405364473,0.0314163498458109,0.0005436204477675,317.714231223494,163.4521716395746,19.072951650594405,118.58854641466596,63.93657687550305,0.9680400297064216,2.600000000192673,270.0000000000002,119.2241819504274,ICV_113_CASE_25_with_r_theta_phi.csv,0.14719418672897563,-1.0,4.2571950786285234e-15,0.8727160960891734,-0.488228036502281,0.004227334168,0.0034837865,0.0007435476874987062,17.5890444846142,ICV_113_CASE_25_with_r_theta_phi.csv
16.90930674,0.9568,-1.26790204,0.0,3919.791269,0.672296913,328.5754067,49.66851345,3.16365917,0.0005436151988,0.03141327474,335.060869437349,152.342283465922,0.29177605993241,831.324796353616,810.003352604872,0.0006312405364473,0.0314163498458109,0.0005436204477675,317.714231223494,163.4521716395746,19.072951650594405,118.58854641466596,63.93657687550305,0.9680400297064216,16.983748003619393,3.2385837626354146,94.28133315350868,ICV_113_CASE_25_with_r_theta_phi.csv,0.9615034518528324,0.05649385597025181,0.9984029468293913,0.9972095085160906,-0.07465384199823237,0.0,8.300545e-05,-8.30054486868903e-05,0.0,ICV_113_CASE_25_with_r_theta_phi.csv
12.67849853,-2.271018079,-1.26588976,0.004227388185,2157.35668,0.6719574159,331.0395329,234.57981,14.04820489,0.0005436086531,0.0314121286,335.060869437349,152.342283465922,0.29177605993241,831.324796353616,810.003352604872,0.0006312405364473,0.0314163498458109,0.0005436204477675,317.714231223494,163.4521716395746,19.072951650594405,118.58854641466596,63.93657687550305,0.9680400297064216,12.942346192821065,349.84467280950645,95.6130694429221,ICV_113_CASE_25_with_r_theta_phi.csv,0.7327069700292221,-0.17631732144797485,0.9843333795810297,0.9952051149614385,-0.09780991337584351,0.004227388185,0.0043480215,-0.00012063328128499029,2.8536125848223746,ICV_113_CASE_25_with_r_theta_phi.csv
5.448333965,0.9568,-1.265710194,0.0,2559.919751,0.6680952113,330.4575851,176.8959539,3.17366883,0.0005436178187,0.03141424148,335.060869437349,152.342283465922,0.29177605993241,831.324796353616,810.003352604872,0.0006312405364473,0.0314163498458109,0.0005436204477675,317.714231223494,163.4521716395746,19.072951650594405,118.58854641466596,63.93657687550305,0.9680400297064216,5.674665763669974,9.960338232171978,102.88798896523632,ICV_113_CASE_25_with_r_theta_phi.csv,0.32126069691548653,0.17296642418659844,0.984927721258825,0.9748079731639957,-0.22304576986776192,0.0,1.6845755e-05,-1.684575545368716e-05,0.0,ICV_113_CASE_25_with_r_theta_phi.csv
4.070062638,-2.271888038,-1.264327784,0.004227370489,12250.96758,0.6633651356,345.4124989,444.9276865,44.85846689,0.0005436193992,0.0314155221,335.060869437349,152.342283465922,0.29177605993241,831.324796353616,810.003352604872,0.0006312405364473,0.0314163498458109,0.0005436204477675,317.714231223494,163.4521716395746,19.072951650594405,118.58854641466596,63.93657687550305,0.9680400297064216,4.829638690403802,330.8299697823787,105.17601419921704,ICV_113_CASE_25_with_r_theta_phi.csv,0.2734210535292699,-0.48740299186507874,0.8731771432653113,0.9651261704783302,-0.26178516966748344,0.004227370489,0.003478268,0.0007491025604145895,17.72029591886065,ICV_113_CASE_25_with_r_theta_phi.csv
14.86704778,0.9568,-1.262954697,0.0,3092.287685,0.6695056206,330.8292149,396.8569237,14.47445714,0.0005436136809,0.03141289218,335.060869437349,152.342283465922,0.29177605993241,831.324796353616,810.003352604872,0.0006312405364473,0.0314163498458109,0.0005436204477675,317.714231223494,163.4521716395746,19.072951650594405,118.58854641466596,63.93657687550305,0.9680400297064216,14.951241771153231,3.682311660461892,94.8456381261342,ICV_113_CASE_25_with_r_theta_phi.csv,0.8464368742038859,0.06422422890831725,0.9979354931162294,0.9964258907564445,-0.08447155870602922,0.0,9.25392e-06,-9.253920325136278e-06,0.0,ICV_113_CASE_25_with_r_theta_phi.csv
13.12534683,0.9568,-1.262046025,0.0,3031.352351,0.6711194302,330.3139603,386.3403964,12.32591819,0.0005436107936,0.03141218486,335.060869437349,152.342283465922,0.29177605993241,831.324796353616,810.003352604872,0.0006312405364473,0.0314163498458109,0.0005436204477675,317.714231223494,163.4521716395746,19.072951650594405,118.58854641466596,63.93657687550305,0.9680400297064216,13.220550511117509,4.169322579033803,95.47784963273426,ICV_113_CASE_25_with_r_theta_phi.csv,0.7484569924804143,0.07270420254140245,0.9973535476112865,0.99543317764672,-0.09546092834324175,0.0,2.4932991e-05,-2.4932991436799057e-05,0.0,ICV_113_CASE_25_with_r_theta_phi.csv
4.886723192,-2.273590082,-1.261264499,0.004227380268,10772.11014,0.6641703818,343.0844294,500.8614849,43.9380274,0.0005436191929,0.03141532451,335.060869437349,152.342283465922,0.29177605993241,831.324796353616,810.003352604872,0.0006312405364473,0.0314163498458109,0.0005436204477675,317.714231223494,163.4521716395746,19.072951650594405,118.58854641466596,63.93657687550305,0.9680400297064216,5.535346741861539,335.04939014839147,103.17090520679272,ICV_113_CASE_25_with_r_theta_phi.csv,0.31337340841185213,-0.4218368487381642,0.9066717559550729,0.9736947339016511,-0.22785645738533067,0.004227380268,0.003478268,0.0007491123394145899,17.720486252631222,ICV_113_CASE_25_with_r_theta_phi.csv
14.67569102,0.9568,-1.259206715,0.0,3138.55236,0.669352633,331.3320728,506.115577,18.71697426,0.0005436133826,0.03141281601,335.060869437349,152.342283465922,0.29177605993241,831.324796353616,810.003352604872,0.0006312405364473,0.0314163498458109,0.0005436204477675,317.714231223494,163.4521716395746,19.072951650594405,118.58854641466596,63.93657687550305,0.9680400297064216,14.760656310124212,3.730190739907357,94.89375440329088,ICV_113_CASE_25_with_r_theta_phi.csv,0.8356472311514034,0.06505812876612035,0.9978814758684775,0.9963546012478781,-0.08530831478925005,0.0,9.25392e-06,-9.253920325136278e-06,0.0,ICV_113_CASE_25_with_r_theta_phi.csv
11.73437916,-2.27697242,-1.255148038,0.004227761179,2361.184781,0.6806507737,326.3863427,65.45806289,6.325458442,0.0005436090222,0.03141198149,335.060869437349,152.342283465922,0.29177605993241,831.324796353616,810.003352604872,0.0006312405364473,0.0314163498458109,0.0005436204477675,317.714231223494,163.4521716395746,19.072951650594405,118.58854641466596,63.93657687550305,0.9680400297064216,12.018970599405684,349.0186320009967,95.99436068222656,ICV_113_CASE_25_with_r_theta_phi.csv,0.6804317702184183,-0.19048977018154417,0.9816891806759319,0.9945321787298249,-0.10443057727939409,0.004227761179,0.0042437725,-1.6011297911545062e-05,0.37871812597382953,ICV_113_CASE_25_with_r_theta_phi.csv
12.50611598,-2.277687913,-1.253849182,0.004227384459,1793.381301,0.6714836366,331.2675111,272.3149941,15.08538624,0.0005436120329,0.03141228247,335.060869437349,152.342283465922,0.29177605993241,831.324796353616,810.003352604872,0.0006312405364473,0.0314163498458109,0.0005436204477675,317.714231223494,163.4521716395746,19.072951650594405,118.58854641466596,63.93657687550305,0.9680400297064216,12.773524842636029,349.678086431218,95.63322484469636,ICV_113_CASE_25_with_r_theta_phi.csv,0.7231494618210943,-0.17917850256414888,0.9838165805773296,0.9951706459971628,-0.09815999870410407,0.004227384459,0.003521576,0.0007058084008804647,16.696101515225436,ICV_113_CASE_25_with_r_theta_phi.csv
13.89255097,0.9568,-1.252535798,0.0,3208.887975,0.6713699886,331.1899397,978.2340376,26.77954475,0.0005436115126,0.03141235218,335.060869437349,152.342283465922,0.29177605993241,831.324796353616,810.003352604872,0.0006312405364473,0.0314163498458109,0.0005436204477675,317.714231223494,163.4521716395746,19.072951650594405,118.58854641466596,63.93657687550305,0.9680400297064216,13.981676745631027,3.9398215200859,95.1396805940409,ICV_113_CASE_25_with_r_theta_phi.csv,0.7915467452031076,0.06870868135600286,0.9976367661159643,0.9959792621786104,-0.08958409072011994,0.0,2.4932991e-05,-2.4932991436799057e-05,0.0,ICV_113_CASE_25_with_r_theta_phi.csv
14.33131153,0.9568,-1.240569663,0.0,3069.128897,0.6707452759,332.2719176,1627.985548,41.47381669,0.0005436124235,0.03141257337,335.060869437349,152.342283465922,0.29177605993241,831.324796353616,810.003352604872,0.0006312405364473,0.0314163498458109,0.0005436204477675,317.714231223494,163.4521716395746,19.072951650594405,118.58854641466596,63.93657687550305,0.9680400297064216,14.416690656966558,3.819564490078108,94.93646025936772,ICV_113_CASE_25_with_r_theta_phi.csv,0.8161742524685227,0.06661461057688714,0.9977787799195219,0.9962907392695718,-0.08605093169565436,0.0,2.4932991e-05,-2.4932991436799057e-05,0.0,ICV_113_CASE_25_with_r_theta_phi.csv
12.19833355,-2.287698674,-1.235489692,0.004227361176,1209.966829,0.6725179547,330.435999,255.438907,13.9700774,0.0005436073103,0.03141193032,335.060869437349,152.342283465922,0.29177605993241,831.324796353616,810.003352604872,0.0006312405364473,0.0314163498458109,0.0005436204477675,317.714231223494,163.4521716395746,19.072951650594405,118.58854641466596,63.93657687550305,0.9680400297064216,12.47234305971076,349.3780254759959,95.68494852554905,ICV_113_CASE_25_with_r_theta_phi.csv,0.7060986127472548,-0.1843283201019576,0.9828647264035831,0.9950816267048791,-0.09905834742398886,0.004227361176,0.003461862,0.0007654991930583725,18.10820417293084,ICV_113_CASE_25_with_r_theta_phi.csv
12.04384206,-2.287789574,-1.23532136,0.00422736397,1277.655041,0.6731177637,329.8553158,133.0880925,9.560221478,0.0005436089525,0.03141200645,335.060869437349,152.342283465922,0.29177605993241,831.324796353616,810.003352604872,0.0006312405364473,0.0314163498458109,0.0005436204477675,317.714231223494,163.4521716395746,19.072951650594405,118.58854641466596,63.93657687550305,0.9680400297064216,12.321287739664244,349.2445142660508,95.7540914533119,ICV_113_CASE_25_with_r_theta_phi.csv,0.6975468954458378,-0.18661809900175144,0.9824325346429507,0.9949613613515975,-0.10025911139330804,0.00422736397,0.003521576,0.0007057879118804646,16.695697761588946,ICV_113_CASE_25_with_r_theta_phi.csv
11.89051353,-2.287952082,-1.235020351,0.004227616824,1605.551416,0.6763663343,327.8789968,89.11094481,6.968041381,0.0005436089477,0.03141195945,335.060869437349,152.342283465922,0.29177605993241,831.324796353616,810.003352604872,0.0006312405364473,0.0314163498458109,0.0005436204477675,317.714231223494,163.4521716395746,19.072951650594405,118.58854641466596,63.93657687550305,0.9680400297064216,12.171454802283304,349.1083632035748,95.82374466366156,ICV_113_CASE_25_with_r_theta_phi.csv,0.6890643810760814,-0.1889521089419907,0.9819863036348185,0.9948387433871172,-0.10146858950405113,0.004227616824,0.0042437725,-1.615565291154461e-05,0.3821456290931619,ICV_113_CASE_25_with_r_theta_phi.csv
12.3517095,-2.288051731,-1.234835728,0.004227384925,1422.226984,0.6729486326,330.2880508,363.3719215,16.65429511,0.0005436098492,0.03141210824,335.060869437349,152.342283465922,0.29177605993241,831.324796353616,810.003352604872,0.0006312405364473,0.0314163498458109,0.0005436204477675,317.714231223494,163.4521716395746,19.072951650594405,118.58854641466596,63.93657687550305,0.9680400297064216,12.622389931041887,349.5053920288058,95.61416803784216,ICV_113_CASE_25_with_r_theta_phi.csv,0.7145932385915532,-0.1821429918874261,0.9832720531502444,0.9952032393615836,-0.09782899551876532,0.004227384925,0.003521576,0.0007058088668804646,16.696110698116836,ICV_113_CASE_25_with_r_theta_phi.csv
11.01087104,-2.290622452,-1.23006048,0.004227108322,4192.204709,0.6740597124,330.3081422,43.14390984,6.774728902,0.0005436167755,0.03141395415,335.060869437349,152.342283465922,0.29177605993241,831.324796353616,810.003352604872,0.0006312405364473,0.0314163498458109,0.0005436204477675,317.714231223494,163.4521716395746,19.072951650594405,118.58854641466596,63.93657687550305,0.9680400297064216,11.313676726050424,348.2482144787017,96.24172572207608,ICV_113_CASE_25_with_r_theta_phi.csv,0.6405028632623554,-0.20367226125614293,0.9790391258753705,0.9940720496914116,-0.10872331866860845,0.004227108322,0.004297252,-7.014349111368959e-05,1.6593729271623774,ICV_113_CASE_25_with_r_theta_phi.csv
15.26545685,0.9568,-1.228990313,0.0,3247.385664,0.6709848734,329.8872037,232.9143714,10.0571891,0.0005436141441,0.03141301336,335.060869437349,152.342283465922,0.29177605993241,831.324796353616,810.003352604872,0.0006312405364473,0.0314163498458109,0.0005436204477675,317.714231223494,163.4521716395746,19.072951650594405,118.58854641466596,63.93657687550305,0.9680400297064216,15.344707760940244,3.586462180538547,94.59386132963829,ICV_113_CASE_25_with_r_theta_phi.csv,0.8687122228069316,0.06255470449929565,0.9980415366832213,0.9967874652487425,-0.0800921289702486,0.0,2.4932991e-05,-2.4932991436799057e-05,0.0,ICV_113_CASE_25_with_r_theta_phi.csv
0.3324215934,0.9568,-1.226141499,0.0,2111.698868,0.6716508194,334.6036917,691.9523807,39.0473677,0.0005436183166,0.03141454801,335.060869437349,152.342283465922,0.29177605993241,831.324796353616,810.003352604872,0.0006312405364473,0.0314163498458109,0.0005436204477675,317.714231223494,163.4521716395746,19.072951650594405,118.58854641466596,63.93657687550305,0.9680400297064216,1.5904066559621035,70.84120886786513,140.44026402282844,ICV_113_CASE_25_with_r_theta_phi.csv,0.09003792856743988,0.9446126568559268,0.32818733751866036,0.6368823621016981,-0.7709609956695355,0.0,7.285371e-07,-7.285370884346776e-07,0.0,ICV_113_CASE_25_with_r_theta_phi.csv
11.26332638,-2.297173732,-1.217781936,0.004226606805,3802.781292,0.6763649904,329.3306736,33.52195742,6.362966883,0.0005436153785,0.03141345689,335.060869437349,152.342283465922,0.29177605993241,831.324796353616,810.003352604872,0.0006312405364473,0.0314163498458109,0.0005436204477675,317.714231223494,163.4521716395746,19.072951650594405,118.58854641466596,63.93657687550305,0.9680400297064216,11.559520800666547,348.4725305139824,96.04726423677867,ICV_113_CASE_25_with_r_theta_phi.csv,0.6544208704248847,-0.19983771970249734,0.9798290084418332,0.9944353297389853,-0.10534882518051918,0.004226606805,0.0042917794,-6.517255666524911e-05,1.5419592987152615,ICV_113_CASE_25_with_r_theta_phi.csv
12.11960013,-2.35,-1.217544803,0.0,-2857.422813,0.6817856616,326.9649749,725.8503125,24.90270635,0.0005433125093,0.0313948919,335.060869437349,152.342283465922,0.29177605993241,831.324796353616,810.003352604872,0.0006312405364473,0.0314163498458109,0.0005436204477675,317.714231223494,163.4521716395746,19.072951650594405,118.58854641466596,63.93657687550305,0.9680400297064216,12.40522561900461,349.0264766889629,95.63251880616662,ICV_113_CASE_25_with_r_theta_phi.csv,0.7022988830936626,-0.19035535980014595,0.9817152525021484,0.9951718555175255,-0.09814773551032775,0.0,-0.00050499756,0.0005049975588917732,0.0,ICV_113_CASE_25_with_r_theta_phi.csv
16.79684729,0.9568,-1.2175319,0.0,3806.007403,0.671587398,328.8707798,55.04830746,3.102960461,0.0005436150752,0.03141324346,335.060869437349,152.342283465922,0.29177605993241,831.324796353616,810.003352604872,0.0006312405364473,0.0314163498458109,0.0005436204477675,317.714231223494,163.4521716395746,19.072951650594405,118.58854641466596,63.93657687550305,0.9680400297064216,16.86807425437468,3.2602203411827877,94.13918945453032,ICV_113_CASE_25_with_r_theta_phi.csv,0.9549547966817918,0.056870878373236795,0.9983815418932065,0.9973916464352277,-0.07217966210246271,0.0,0.000106403546,-0.00010640354594215751,0.0,ICV_113_CASE_25_with_r_theta_phi.csv
12.09438849,-2.65,-1.216833,0.0,-1996.100767,0.649851869,392.6780367,1098.634615,25.03875557,0.0003261286425,0.01884522788,335.060869437349,152.342283465922,0.29177605993241,831.324796353616,810.003352604872,0.0006312405364473,0.0314163498458109,0.0005436204477675,317.714231223494,163.4521716395746,19.072951650594405,118.58854641466596,63.93657687550305,0.9680400297064216,12.440957177682652,347.6412362662616,95.61299566104005,ICV_113_CASE_25_with_r_theta_phi.csv,0.704321759139733,-0.21403235215820818,0.9768265722376848,0.9952052409140353,-0.09780863181354209,0.0,-0.00024761684,0.0002476168447174132,0.0,ICV_113_CASE_25_with_r_theta_phi.csv
12.18382014,-2.502662159,-1.213597734,0.0,-2220.393898,0.6549619058,341.6468168,844.8260882,26.35487696,0.0005657673024,0.03269263943,335.060869437349,152.342283465922,0.29177605993241,831.324796353616,810.003352604872,0.0006312405364473,0.0314163498458109,0.0005436204477675,317.714231223494,163.4521716395746,19.072951650594405,118.58854641466596,63.93657687550305,0.9680400297064216,12.497264122436162,348.3924054423869,95.57272217309094,ICV_113_CASE_25_with_r_theta_phi.csv,0.70750947257803,-0.20120776211335217,0.9795485881084902,0.9952737452281917,-0.0971090730027257,0.0,-0.0013726564,0.0013726564357057214,0.0,ICV_113_CASE_25_with_r_theta_phi.csv
8.731057095,-2.300690423,-1.211124922,0.004227381665,6149.853425,0.6672961494,335.2071039,250.2084333,21.17595463,0.0005436183944,0.03141468042,335.060869437349,152.342283465922,0.29177605993241,831.324796353616,810.003352604872,0.0006312405364473,0.0314163498458109,0.0005436204477675,317.714231223494,163.4521716395746,19.072951650594405,118.58854641466596,63.93657687550305,0.9680400297064216,9.109959275173695,345.2377580072242,97.63981473374857,ICV_113_CASE_25_with_r_theta_phi.csv,0.5157434794399656,-0.2548085644071442,0.9669915178039413,0.9911233962113032,-0.1329451521589714,0.004227381665,0.003478268,0.0007491137364145899,17.72051344309799,ICV_113_CASE_25_with_r_theta_phi.csv
12.02564727,-2.50320684,-1.208351124,0.0,-2652.818924,0.6001567974,377.793455,873.9284489,23.95890596,0.0005682694658,0.03283707528,335.060869437349,152.342283465922,0.29177605993241,831.324796353616,810.003352604872,0.0006312405364473,0.0314163498458109,0.0005436204477675,317.714231223494,163.4521716395746,19.072951650594405,118.58854641466596,63.93657687550305,0.9680400297064216,12.34270428978809,348.2414665382473,95.61825766245045,ICV_113_CASE_25_with_r_theta_phi.csv,0.6987593537834479,-0.20378756498064962,0.9790151318336492,0.9951962540456694,-0.0979000303037109,0.0,-0.0013726564,0.0013726564357057214,0.0,ICV_113_CASE_25_with_r_theta_phi.csv
0.7378261886,0.9568,-1.20210602,0.0,4633.928527,0.6744816013,335.0220204,1496.469332,56.68390088,0.0005436187103,0.03141472635,335.060869437349,152.342283465922,0.29177605993241,831.324796353616,810.003352604872,0.0006312405364473,0.0314163498458109,0.0005436204477675,317.714231223494,163.4521716395746,19.072951650594405,118.58854641466596,63.93657687550305,0.9680400297064216,1.7043804176017288,52.36276739744926,134.854094469934,ICV_113_CASE_25_with_r_theta_phi.csv,0.09649034208734124,0.7918929845494067,0.6106598898089125,0.708905156482392,-0.7053038204296609,0.0,1.5646157e-05,-1.564615740790032e-05,0.0,ICV_113_CASE_25_with_r_theta_phi.csv
10.69061251,-2.305629456,-1.201695806,0.00422734255,4561.316732,0.6718545966,330.8518848,53.51359671,7.225802507,0.0005436178811,0.03141437532,335.060869437349,152.342283465922,0.29177605993241,831.324796353616,810.003352604872,0.0006312405364473,0.0314163498458109,0.0005436204477675,317.714231223494,163.4521716395746,19.072951650594405,118.58854641466596,63.93657687550305,0.9680400297064216,11.002235947183706,347.8295093368205,96.27051948201324,ICV_113_CASE_25_with_r_theta_phi.csv,0.6228712201253831,-0.2108213649687837,0.977524604331113,0.99401728570642,-0.10922287176613446,0.00422734255,0.004289132,-6.178952724690458e-05,1.4616635983825808,ICV_113_CASE_25_with_r_theta_phi.csv
12.25104181,-2.65,-1.200367227,0.0,-1379.964253,0.69457261,349.5950061,1151.658716,32.23385601,0.0003002584754,0.01735047445,335.060869437349,152.342283465922,0.29177605993241,831.324796353616,810.003352604872,0.0006312405364473,0.0314163498458109,0.0005436204477675,317.714231223494,163.4521716395746,19.072951650594405,118.58854641466596,63.93657687550305,0.9680400297064216,12.591719775710692,347.7945000480379,95.47030713553966,ICV_113_CASE_25_with_r_theta_phi.csv,0.7128569045259793,-0.21141861985247368,0.9773956042359078,0.9954457356327181,-0.09532988728954202,0.0,-0.00037487372,0.00037487372173927724,0.0,ICV_113_CASE_25_with_r_theta_phi.csv
3.303284299,0.9568,-1.193248191,0.0,2285.042259,0.6684922331,330.4017055,225.7212446,4.966406799,0.0005436180342,0.0314143598,335.060869437349,152.342283465922,0.29177605993241,831.324796353616,810.003352604872,0.0006312405364473,0.0314163498458109,0.0005436204477675,317.714231223494,163.4521716395746,19.072951650594405,118.58854641466596,63.93657687550305,0.9680400297064216,3.640191567121804,16.15371868508055,109.13518868875582,ICV_113_CASE_25_with_r_theta_phi.csv,0.20608270662325484,0.27821532700342827,0.9605187305932016,0.9447477703103366,-0.32779818561677165,0.0,1.6845755e-05,-1.684575545368716e-05,0.0,ICV_113_CASE_25_with_r_theta_phi.csv
12.28250441,-2.35,-1.190779403,0.0,-3087.162284,0.6755247237,330.2536232,1263.72147,33.06339394,0.0005434099272,0.03140079315,335.060869437349,152.342283465922,0.29177605993241,831.324796353616,810.003352604872,0.0006312405364473,0.0314163498458109,0.0005436204477675,317.714231223494,163.4521716395746,19.072951650594405,118.58854641466596,63.93657687550305,0.9680400297064216,12.5618617317768,349.16855465285994,95.4394188496791,ICV_113_CASE_25_with_r_theta_phi.csv,0.7111665466437326,-0.18792038998342606,0.9821842632767424,0.9954969835368056,-0.0947932263883925,0.0,-0.00050499756,0.0005049975588917732,0.0,ICV_113_CASE_25_with_r_theta_phi.csv
-0.06763929797,0.9568,-1.190009257,0.0,2109.786238,0.6687391433,333.9181093,307.3537668,21.76523235,0.0005436185893,0.03141474962,335.060869437349,152.342283465922,0.29177605993241,831.324796353616,810.003352604872,0.0006312405364473,0.0314163498458109,0.0005436204477675,317.714231223494,163.4521716395746,19.072951650594405,118.58854641466596,63.93657687550305,0.9680400297064216,1.5284512901546998,94.04369742817936,141.13000715748598,ICV_113_CASE_25_with_r_theta_phi.csv,0.08653044022788557,0.9975105593942136,-0.07051725956844253,0.6275553871679339,-0.7785719209145066,0.0,-3.2901674e-08,3.290167427394408e-08,0.0,ICV_113_CASE_25_with_r_theta_phi.csv
11.95685646,-2.35,-1.189801029,0.0,-3364.412906,0.6740771972,330.3550257,725.7827603,22.84038803,0.000543234303,0.03139036313,335.060869437349,152.342283465922,0.29177605993241,831.324796353616,810.003352604872,0.0006312405364473,0.0314163498458109,0.0005436204477675,317.714231223494,163.4521716395746,19.072951650594405,118.58854641466596,63.93657687550305,0.9680400297064216,12.243551073673569,348.88081501508725,95.57667710786194,ICV_113_CASE_25_with_r_theta_phi.csv,0.6931459780117333,-0.1928505328948233,0.9812281447054924,0.9952670397447311,-0.09717777316732451,0.0,-0.00050499756,0.0005049975588917732,0.0,ICV_113_CASE_25_with_r_theta_phi.csv
1.179253082,0.9568,-1.185901243,0.0,3843.74842,0.6718396042,333.4389055,225.308326,21.28927845,0.0005436187735,0.03141476873,335.060869437349,152.342283465922,0.29177605993241,831.324796353616,810.003352604872,0.0006312405364473,0.0314163498458109,0.0005436204477675,317.714231223494,163.4521716395746,19.072951650594405,118.58854641466596,63.93657687550305,0.9680400297064216,1.9267760195610293,39.05452865501769,127.9871510180783,ICV_113_CASE_25_with_r_theta_phi.csv,0.10908085737967753,0.6300597192979301,0.7765466825105967,0.7881488002106909,-0.6154847428868147,0.0,1.5646157e-05,-1.564615740790032e-05,0.0,ICV_113_CASE_25_with_r_theta_phi.csv
11.48127377,-2.314049414,-1.185400906,0.004226301797,3367.446806,0.6803563397,327.718256,28.6802248,6.324199392,0.0005436136525,0.03141295815,335.060869437349,152.342283465922,0.29177605993241,831.324796353616,810.003352604872,0.0006312405364473,0.0314163498458109,0.0005436204477675,317.714231223494,163.4521716395746,19.072951650594405,118.58854641466596,63.93657687550305,0.9680400297064216,11.771985702508704,348.60470658987344,95.77929484212176,ICV_113_CASE_25_with_r_theta_phi.csv,0.6664491775144195,-0.19757681485652484,0.9802874079733711,0.9949171629021542,-0.10069676738966622,0.004226301797,0.0042763567,-5.005486282961668e-05,1.1843655569818508,ICV_113_CASE_25_with_r_theta_phi.csv
11.94033781,-2.65,-1.183728095,0.0,-2476.33611,0.6109284459,443.0618882,1016.740878,26.49861197,0.0003376670801,0.01951189009,335.060869437349,152.342283465922,0.29177605993241,831.324796353616,810.003352604872,0.0006312405364473,0.0314163498458109,0.0005436204477675,317.714231223494,163.4521716395746,19.072951650594405,118.58854641466596,63.93657687550305,0.9680400297064216,12.28801770912656,347.4867788120355,95.52798369489152,ICV_113_CASE_25_with_r_theta_phi.csv,0.6956633742584994,-0.21666489166106606,0.9762460369811999,0.9953492678519654,-0.09633190015024291,0.0,-0.00035885756,0.00035885756369680166,0.0,ICV_113_CASE_25_with_r_theta_phi.csv
10.92729438,0.9568,-1.177448732,0.0,3044.172062,0.6719980427,328.4046761,37.01909615,0.9527657335,0.0005436153657,0.03141321109,335.060869437349,152.342283465922,0.29177605993241,831.324796353616,810.003352604872,0.0006312405364473,0.0314163498458109,0.0005436204477675,317.714231223494,163.4521716395746,19.072951650594405,118.58854641466596,63.93657687550305,0.9680400297064216,11.032117395299416,5.004087968718295,96.12680059913004,ICV_113_CASE_25_with_r_theta_phi.csv,0.6245629029920561,0.08722681953697677,0.9961884771234125,0.9942881294118695,-0.10672916991453428,0.0,0.00016656607,-0.00016656606749165803,0.0,ICV_113_CASE_25_with_r_theta_phi.csv
-2.315793185,-0.13473125,-1.174286769,0.004227326252,8643.186318,0.6653733877,339.211968,324.90574,30.74237123,0.0005436192062,0.03141525684,335.060869437349,152.342283465922,0.29177605993241,831.324796353616,810.003352604872,0.0006312405364473,0.0314163498458109,0.0005436204477675,317.714231223494,163.4521716395746,19.072951650594405,118.58854641466596,63.93657687550305,0.9680400297064216,2.600000000243744,183.32967551514253,116.84951580734275,ICV_113_CASE_25_with_r_theta_phi.csv,0.1471941867318669,-0.058081095829978883,-0.9983118682592073,0.8921958305555256,-0.45164875726535086,0.004227326252,0.00348951,0.0007378163286164063,17.453498605479083,ICV_113_CASE_25_with_r_theta_phi.csv
0.8729680826,0.9568,-1.173500637,0.0,7470.178907,0.6739516893,340.578356,1967.599237,92.74070488,0.0005436189457,0.03141490101,335.060869437349,152.342283465922,0.29177605993241,831.324796353616,810.003352604872,0.0006312405364473,0.0314163498458109,0.0005436204477675,317.714231223494,163.4521716395746,19.072951650594405,118.58854641466596,63.93657687550305,0.9680400297064216,1.7477537750717995,47.62320595033032,132.17780861992065,ICV_113_CASE_25_with_r_theta_phi.csv,0.09894584442504858,0.7387283861641881,0.6740032429263632,0.7410647065959254,-0.6714336159575979,0.0,1.5646157e-05,-1.564615740790032e-05,0.0,ICV_113_CASE_25_with_r_theta_phi.csv
12.33852719,-2.502191851,-1.167797808,0.0,-1657.579488,0.6675253794,334.9654592,1026.468888,33.71825795,0.0005408081174,0.03125086642,335.060869437349,152.342283465922,0.29177605993241,831.324796353616,810.003352604872,0.0006312405364473,0.0314163498458109,0.0005436204477675,317.714231223494,163.4521716395746,19.072951650594405,118.58854641466596,63.93657687550305,0.9680400297064216,12.643732399807808,348.536167186104,95.299494012745,ICV_113_CASE_25_with_r_theta_phi.csv,0.7158015029502284,-0.19874933051832203,0.980050357695215,0.9957255138836739,-0.09236179405519099,0.0,-0.001466791,0.0014667910290881991,0.0,ICV_113_CASE_25_with_r_theta_phi.csv
2.082057518,0.9568,-1.167404305,0.0,2280.499,0.6703007802,329.4654182,105.6279237,3.142730163,0.0005436182014,0.0314143908,335.060869437349,152.342283465922,0.29177605993241,831.324796353616,810.003352604872,0.0006312405364473,0.0314163498458109,0.0005436204477675,317.714231223494,163.4521716395746,19.072951650594405,118.58854641466596,63.93657687550305,0.9680400297064216,2.5716264424664894,24.680929802050517,116.99775781886508,ICV_113_CASE_25_with_r_theta_phi.csv,0.14558787028520495,0.41756466484929167,0.908647209135261,0.8910242897175567,-0.45395563123869687,0.0,1.7607195e-05,-1.7607195331947878e-05,0.0,ICV_113_CASE_25_with_r_theta_phi.csv
14.50390413,0.9568,-1.167045836,0.0,3871.448299,0.6697609967,335.2839142,1854.167432,59.38125322,0.0005436128767,0.03141268865,335.060869437349,152.342283465922,0.29177605993241,831.324796353616,810.003352604872,0.0006312405364473,0.0314163498458109,0.0005436204477675,317.714231223494,163.4521716395746,19.072951650594405,118.58854641466596,63.93657687550305,0.9680400297064216,14.582204813935236,3.7742448467785152,94.590416215687,ICV_113_CASE_25_with_r_theta_phi.csv,0.8255445300551886,0.06582536976321693,0.9978311584108485,0.9967922792729327,-0.08003219340910166,0.0,9.25392e-06,-9.253920325136278e-06,0.0,ICV_113_CASE_25_with_r_theta_phi.csv
16.66282386,0.9568,-1.164871599,0.0,3716.970397,0.6708227061,329.2404358,61.42023999,3.190215051,0.0005436149258,0.03141320742,335.060869437349,152.342283465922,0.29177605993241,831.324796353616,810.003352604872,0.0006312405364473,0.0314163498458109,0.0005436204477675,317.714231223494,163.4521716395746,19.072951650594405,118.58854641466596,63.93657687550305,0.9680400297064216,16.730872394216092,3.2863858936274823,93.99239591250064,ICV_113_CASE_25_with_r_theta_phi.csv,0.9471873673655421,0.057326808358460095,0.9983554662761317,0.9975732992999575,-0.06962408005709897,0.0,0.00014119703,-0.00014119702973403037,0.0,ICV_113_CASE_25_with_r_theta_phi.csv
-0.715323546,0.9568,-1.158928584,0.0,3731.494367,0.6667958558,334.9473588,464.6357308,25.35309681,0.0005436188459,0.0314149428,335.060869437349,152.342283465922,0.29177605993241,831.324796353616,810.003352604872,0.0006312405364473,0.0314163498458109,0.0005436204477675,317.714231223494,163.4521716395746,19.072951650594405,118.58854641466596,63.93657687550305,0.9680400297064216,1.664412652641844,126.78255300875144,134.13080780618708,ICV_113_CASE_25_with_r_theta_phi.csv,0.09422764106495311,0.8009137409656881,-0.5987797420858079,0.7177520032917117,-0.6962988307980522,0.0,1.3107634e-05,-1.3107634003972635e-05,0.0,ICV_113_CASE_25_with_r_theta_phi.csv
10.3064955,-2.327746882,-1.158272184,0.004227337893,4793.302504,0.6705358947,331.002829,71.0234164,8.128679358,0.0005436181462,0.03141450146,335.060869437349,152.342283465922,0.29177605993241,831.324796353616,810.003352604872,0.0006312405364473,0.0314163498458109,0.0005436204477675,317.714231223494,163.4521716395746,19.072951650594405,118.58854641466596,63.93657687550305,0.9680400297064216,10.629386129518917,347.27313868467286,96.25587880492742,ICV_113_CASE_25_with_r_theta_phi.csv,0.6017630179410951,-0.22030352871407247,0.9754313687985064,0.9940451627582981,-0.10896886893433627,0.004227337893,0.0042091557,1.8182210525624978e-05,0.4301101776470622,ICV_113_CASE_25_with_r_theta_phi.csv
11.8848199,-2.503400281,-1.158195852,0.0,-2942.671153,0.619512696,366.619527,889.1167772,27.53866519,0.0005582014775,0.03225527113,335.060869437349,152.342283465922,0.29177605993241,831.324796353616,810.003352604872,0.0006312405364473,0.0314163498458109,0.0005436204477675,317.714231223494,163.4521716395746,19.072951650594405,118.58854641466596,63.93657687550305,0.9680400297064216,12.200712055201404,348.10518885171354,95.4472071968258,ICV_113_CASE_25_with_r_theta_phi.csv,0.6907207262871908,-0.20611556828539485,0.9785276554652856,0.9954840888782704,-0.09492854570780947,0.0,-0.0013726564,0.0013726564357057214,0.0,ICV_113_CASE_25_with_r_theta_phi.csv
10.21415814,0.9568,-1.152133419,0.0,2966.99065,0.6708066339,328.9944709,53.23439074,1.010089985,0.0005436158912,0.03141333983,335.060869437349,152.342283465922,0.29177605993241,831.324796353616,810.003352604872,0.0006312405364473,0.0314163498458109,0.0005436204477675,317.714231223494,163.4521716395746,19.072951650594405,118.58854641466596,63.93657687550305,0.9680400297064216,10.32336690058553,5.351502634983262,96.40781186436618,ICV_113_CASE_25_with_r_theta_phi.csv,0.5844383058168874,0.09326559753361155,0.9956412648723929,0.9937527119427031,-0.1116044242246832,0.0,0.00017152754,-0.0001715275429887697,0.0,ICV_113_CASE_25_with_r_theta_phi.csv
6.61835357,-2.331162179,-1.151383036,0.0042273812,8824.237398,0.6654684828,339.7245571,449.168033,36.4303164,0.000543618826,0.03141501028,335.060869437349,152.342283465922,0.29177605993241,831.324796353616,810.003352604872,0.0006312405364473,0.0314163498458109,0.0005436204477675,317.714231223494,163.4521716395746,19.072951650594405,118.58854641466596,63.93657687550305,0.9680400297064216,7.11073863799819,340.59636498207385,99.3184573975352,ICV_113_CASE_25_with_r_theta_phi.csv,0.40256130414803254,-0.3322209721196839,0.943201582740324,0.9868036057658405,-0.16192172074041122,0.0042273812,0.003478268,0.0007491132714145896,17.720504392586705,ICV_113_CASE_25_with_r_theta_phi.csv
15.02088912,0.9568,-1.150835971,0.0,3188.586164,0.66993421,330.6466684,297.1372265,12.59866617,0.000543614063,0.03141299397,335.060869437349,152.342283465922,0.29177605993241,831.324796353616,810.003352604872,0.0006312405364473,0.0314163498458109,0.0005436204477675,317.714231223494,163.4521716395746,19.072951650594405,118.58854641466596,63.93657687550305,0.9680400297064216,15.095264145667736,3.644700243177681,94.37237043084184,ICV_113_CASE_25_with_r_theta_phi.csv,0.854590434313835,0.06356912728097536,0.997977437649136,0.9970896322799013,-0.07623821351481855,0.0,2.4932991e-05,-2.4932991436799057e-05,0.0,ICV_113_CASE_25_with_r_theta_phi.csv
-0.348716815,0.9568,-1.149225378,0.0,2817.885548,0.6676013388,334.4964534,373.4095343,23.45693414,0.0005436187448,0.03141486776,335.060869437349,152.342283465922,0.29177605993241,831.324796353616,810.003352604872,0.0006312405364473,0.0314163498458109,0.0005436204477675,317.714231223494,163.4521716395746,19.072951650594405,118.58854641466596,63.93657687550305,0.9680400297064216,1.535509240122959,110.02485363956735,138.4547982139337,ICV_113_CASE_25_with_r_theta_phi.csv,0.08693001299922201,0.9395441716232299,-0.34242772897185,0.6632107080920636,-0.7484327335652975,0.0,-3.2901674e-08,3.290167427394408e-08,0.0,ICV_113_CASE_25_with_r_theta_phi.csv
-1.087188257,0.9568,-1.143611614,0.0,4560.266919,0.6686478773,333.9616635,518.4232712,26.23194922,0.0005436189383,0.03141501634,335.060869437349,152.342283465922,0.29177605993241,831.324796353616,810.003352604872,0.0006312405364473,0.0314163498458109,0.0005436204477675,317.714231223494,163.4521716395746,19.072951650594405,118.58854641466596,63.93657687550305,0.9680400297064216,1.8453433474110943,138.65001508978548,128.29630089806716,ICV_113_CASE_25_with_r_theta_phi.csv,0.1044706973991434,0.6606568204958042,-0.7506880614025874,0.7848163827664857,-0.6197283641574984,0.0,1.6147647e-05,-1.61476473294897e-05,0.0,ICV_113_CASE_25_with_r_theta_phi.csv
11.64309467,-2.335901822,-1.141736694,0.004226695281,3280.730677,0.6813758681,328.464772,37.18604819,8.610799154,0.0005436118246,0.03141252707,335.060869437349,152.342283465922,0.29177605993241,831.324796353616,810.003352604872,0.0006312405364473,0.0314163498458109,0.0005436204477675,317.714231223494,163.4521716395746,19.072951650594405,118.58854641466596,63.93657687550305,0.9680400297064216,11.929863934472657,348.6556109431543,95.49184547621768,ICV_113_CASE_25_with_r_theta_phi.csv,0.6753871613430428,-0.1967058020491962,0.9804625578981496,0.9954098293685296,-0.09570408348923662,0.004226695281,0.0042668097,-4.011439111723317e-05,0.9490722287945894,ICV_113_CASE_25_with_r_theta_phi.csv
1.383881337,0.9568,-1.138968065,0.0,3678.933994,0.6722939557,331.6614474,167.3315162,15.48777733,0.000543618752,0.03141471612,335.060869437349,152.342283465922,0.29177605993241,831.324796353616,810.003352604872,0.0006312405364473,0.0314163498458109,0.0005436204477675,317.714231223494,163.4521716395746,19.072951650594405,118.58854641466596,63.93657687550305,0.9680400297064216,2.0317091445349043,34.65954614098155,124.09702668627494,ICV_113_CASE_25_with_r_theta_phi.csv,0.1150214519913371,0.5686989042876739,0.8225457776087597,0.8280894273715057,-0.5605960223507939,0.0,1.5646157e-05,-1.564615740790032e-05,0.0,ICV_113_CASE_25_with_r_theta_phi.csv
-1.98646872,-1.2342206,-1.136064055,0.004227323458,10255.12799,0.6642307548,342.8212546,483.7709923,43.47619322,0.0005436192633,0.03141535904,335.060869437349,152.342283465922,0.29177605993241,831.324796353616,810.003352604872,0.0006312405364473,0.0314163498458109,0.0005436204477675,317.714231223494,163.4521716395746,19.072951650594405,118.58854641466596,63.93657687550305,0.9680400297064216,2.6000000003972774,211.8532582694498,115.90929480876572,ICV_113_CASE_25_with_r_theta_phi.csv,0.14719418674055892,-0.5277455703172361,-0.8494025035344169,0.89948690694144,-0.4369477133947737,0.004227323458,0.0034860861,0.0007412373092313363,17.534435593123046,ICV_113_CASE_25_with_r_theta_phi.csv
12.394833,-2.65,-1.135961504,0.0,-1351.486601,0.6816418875,365.44666,1251.685778,33.10780019,0.0002942916538,0.01700673615,335.060869437349,152.342283465922,0.29177605993241,831.324796353616,810.003352604872,0.0006312405364473,0.0314163498458109,0.0005436204477675,317.714231223494,163.4521716395746,19.072951650594405,118.58854641466596,63.93657687550305,0.9680400297064216,12.7257531657839,347.93192078333635,95.1213116068392,ICV_113_CASE_25_with_r_theta_phi.csv,0.7204449567740144,-0.20907378509631325,0.9778998682817688,0.9960079315901912,-0.08926477586052063,0.0,-0.00037487372,0.00037487372173927724,0.0,ICV_113_CASE_25_with_r_theta_phi.csv
12.78310096,-2.339017378,-1.135340348,0.004227382597,2360.138626,0.6716442151,331.2285729,281.0732246,15.32175097,0.0005436079523,0.03141214049,335.060869437349,152.342283465922,0.29177605993241,831.324796353616,810.003352604872,0.0006312405364473,0.0314163498458109,0.0005436204477675,317.714231223494,163.4521716395746,19.072951650594405,118.58854641466596,63.93657687550305,0.9680400297064216,13.044833082639872,349.630878951863,94.99298193452596,ICV_113_CASE_25_with_r_theta_phi.csv,0.7385090755662005,-0.17998903366157132,0.9836686168428744,0.9962053661816582,-0.08703371984965526,0.004227382597,0.0043480215,-0.00012063886928499051,2.8537485427050173,ICV_113_CASE_25_with_r_theta_phi.csv
12.99181591,-2.340375066,-1.132538984,0.004227388185,2674.965764,0.6721208995,330.7468304,196.5325392,12.31980292,0.0005436061428,0.03141209076,335.060869437349,152.342283465922,0.29177605993241,831.324796353616,810.003352604872,0.0006312405364473,0.0314163498458109,0.0005436204477675,317.714231223494,163.4521716395746,19.072951650594405,118.58854641466596,63.93657687550305,0.9680400297064216,13.249425672049462,349.7881314354685,94.90353215492792,ICV_113_CASE_25_with_r_theta_phi.csv,0.7500917062610805,-0.17728860823825712,0.9841589045418132,0.9963400285379461,-0.08547834540399489,0.004227388185,0.004362939,-0.00013555074062389372,3.206489081669911,ICV_113_CASE_25_with_r_theta_phi.csv
12.60001614,-2.343650276,-1.125745701,0.004227372818,1744.149656,0.6718721532,331.0868579,271.6890439,15.36516348,0.0005436146938,0.03141245709,335.060869437349,152.342283465922,0.29177605993241,831.324796353616,810.003352604872,0.0006312405364473,0.0314163498458109,0.0005436204477675,317.714231223494,163.4521716395746,19.072951650594405,118.58854641466596,63.93657687550305,0.9680400297064216,12.865473435819426,349.4631842778074,95.01987512762878,ICV_113_CASE_25_with_r_theta_phi.csv,0.72835496120321,-0.18286728374455144,0.983137608138296,0.9961644050129376,-0.08750130390582865,0.004227372818,0.003521576,0.0007057967598804648,16.695872119635368,ICV_113_CASE_25_with_r_theta_phi.csv
12.74951923,0.9568,-1.121128179,0.0,2993.733567,0.6710572606,330.3085757,297.5739087,10.53071234,0.0005436105519,0.03141212946,335.060869437349,152.342283465922,0.29177605993241,831.324796353616,810.003352604872,0.0006312405364473,0.0314163498458109,0.0005436204477675,317.714231223494,163.4521716395746,19.072951650594405,118.58854641466596,63.93657687550305,0.9680400297064216,12.834431628626476,4.291772305833717,95.01135456781782,ICV_113_CASE_25_with_r_theta_phi.csv,0.7265975867555078,0.0748355299165202,0.9971958902152143,0.9961774064761014,-0.08735316151432759,0.0,2.4932991e-05,-2.4932991436799057e-05,0.0,ICV_113_CASE_25_with_r_theta_phi.csv
13.52143295,0.9568,-1.120236346,0.0,3192.327632,0.6707860073,330.5423419,591.021552,16.11691596,0.0005436108966,0.03141220971,335.060869437349,152.342283465922,0.29177605993241,831.324796353616,810.003352604872,0.0006312405364473,0.0314163498458109,0.0005436204477675,317.714231223494,163.4521716395746,19.072951650594405,118.58854641466596,63.93657687550305,0.9680400297064216,13.60145377274963,4.047601781936123,94.7243187075178,ICV_113_CASE_25_with_r_theta_phi.csv,0.7700211254858756,0.07058523359286892,0.9975057517621841,0.9966025189418474,-0.0823615155200825,0.0,2.4932991e-05,-2.4932991436799057e-05,0.0,ICV_113_CASE_25_with_r_theta_phi.csv
0.6150671204,0.9568,-1.117547054,0.0,26361.8574,0.6658826685,359.0303339,1100.055453,58.46412336,0.0005436193448,0.03141558676,335.060869437349,152.342283465922,0.29177605993241,831.324796353616,810.003352604872,0.0006312405364473,0.0314163498458109,0.0005436204477675,317.714231223494,163.4521716395746,19.072951650594405,118.58854641466596,63.93657687550305,0.9680400297064216,1.5945799511160386,57.26556159281347,134.49451889244529,ICV_113_CASE_25_with_r_theta_phi.csv,0.090274191946716,0.8411859111664848,0.5407460243543274,0.7133174972351607,-0.7008410291486696,0.0,-3.2901674e-08,3.290167427394408e-08,0.0,ICV_113_CASE_25_with_r_theta_phi.csv
14.21871844,0.9568,-1.117547054,0.0,-13714.24834,0.6700410718,340.4226145,3593.984525,108.9948624,0.0005436119136,0.03141244995,335.060869437349,152.342283465922,0.29177605993241,831.324796353616,810.003352604872,0.0006312405364473,0.0314163498458109,0.0005436204477675,317.714231223494,163.4521716395746,19.072951650594405,118.58854641466596,63.93657687550305,0.9680400297064216,14.294625973907122,3.8497197011289472,94.48393236372168,ICV_113_CASE_25_with_r_theta_phi.csv,0.8092637864108564,0.06713974000072195,0.9977435819450985,0.9969392970645143,-0.07817952397215033,0.0,1.0015358e-05,-1.0015358384407591e-05,0.0,ICV_113_CASE_25_with_r_theta_phi.csv
0.6150671204,1.01,-1.117547054,0.0,46296.52087,0.658863728,387.2982037,333.0640417,64.0763107,0.0005436199886,0.03141633758,335.060869437349,152.342283465922,0.29177605993241,831.324796353616,810.003352604872,0.0006312405364473,0.0314163498458109,0.0005436204477675,317.714231223494,163.4521716395746,19.072951650594405,118.58854641466596,63.93657687550305,0.9680400297064216,1.62705838263451,58.65953202895798,133.381370503342,ICV_113_CASE_25_with_r_theta_phi.csv,0.09211289822103902,0.8540916810322836,0.5201224859506153,0.7267980363536704,-0.6868512316014646,0.0,-3.2901674e-08,3.290167427394408e-08,0.0,ICV_113_CASE_25_with_r_theta_phi.csv
14.21871844,1.01,-1.117547054,0.0,-17935.94607,0.6988519622,339.9217257,4047.588298,134.8751906,0.0004801447899,0.02774499112,335.060869437349,152.342283465922,0.29177605993241,831.324796353616,810.003352604872,0.0006312405364473,0.0314163498458109,0.0005436204477675,317.714231223494,163.4521716395746,19.072951650594405,118.58854641466596,63.93657687550305,0.9680400297064216,14.298285403988135,4.063073731282316,94.48278242131664,ICV_113_CASE_25_with_r_theta_phi.csv,0.8094709582703281,0.07085459393590252,0.9974866548070598,0.996940865948751,-0.07815951510439807,0.0,2.4094177e-06,-2.409417675153236e-06,0.0,ICV_113_CASE_25_with_r_theta_phi.csv
15.7295143,-2.258260723,-1.112829581,0.004227426369,3147.77572,0.6734241687,328.1133701,29.7125147,1.644470899,0.0005436113465,0.03141237844,335.060869437349,152.342283465922,0.29177605993241,831.324796353616,810.003352604872,0.0006312405364473,0.0314163498458109,0.0005436204477675,317.714231223494,163.4521716395746,19.072951650594405,118.58854641466596,63.93657687550305,0.9680400297064216,15.92971284371748,351.82996634226345,94.00587344097828,ICV_113_CASE_25_with_r_theta_phi.csv,0.9018312025705205,-0.14211125003155994,0.9898506920816227,0.9975568942206424,-0.06985873454956137,0.004227426369,0.004505192,-0.00027776556063838567,6.570559397782856,ICV_113_CASE_25_with_r_theta_phi.csv
11.81439626,-2.65,-1.112429773,0.0,-3068.043585,0.681021665,442.2347477,1575.825116,35.09171133,0.0002965795091,0.01713765241,335.060869437349,152.342283465922,0.29177605993241,831.324796353616,810.003352604872,0.0006312405364473,0.0314163498458109,0.0005436204477675,317.714231223494,163.4521716395746,19.072951650594405,118.58854641466596,63.93657687550305,0.9680400297064216,12.158945636368264,347.3576539261798,95.2493685795754,ICV_113_CASE_25_with_r_theta_phi.csv,0.6883561978055484,-0.21886446076401456,0.975755270451806,0.9958059358954622,-0.09149064452370355,0.0,-0.00030823707,0.00030823706765659153,0.0,ICV_113_CASE_25_with_r_theta_phi.csv
11.81439626,-2.35,-1.112429773,0.002158113755,-452.8512671,0.6752598262,330.5520854,315.8120488,16.68066659,0.0005433966273,0.03139975499,335.060869437349,152.342283465922,0.29177605993241,831.324796353616,810.003352604872,0.0006312405364473,0.0314163498458109,0.0005436204477675,317.714231223494,163.4521716395746,19.072951650594405,118.58854641466596,63.93657687550305,0.9680400297064216,12.097105397084,348.750137756286,95.27627919885629,ICV_113_CASE_25_with_r_theta_phi.csv,0.6848552271409722,-0.195087963912773,0.9807857494562044,0.9957628548342928,-0.09195834346191259,0.002158113755,0.00055047276,0.0016076409953582932,74.49287559048825,ICV_113_CASE_25_with_r_theta_phi.csv
11.96663081,-2.35,-1.112429773,0.002060940256,-1309.219637,0.6724848322,330.7591612,568.9218875,17.54397692,0.0005434198825,0.03140107292,335.060869437349,152.342283465922,0.29177605993241,831.324796353616,810.003352604872,0.0006312405364473,0.0314163498458109,0.0005436204477675,317.714231223494,163.4521716395746,19.072951650594405,118.58854641466596,63.93657687550305,0.9680400297064216,12.24582593958848,348.88967111802083,95.21202251176068,ICV_113_CASE_25_with_r_theta_phi.csv,0.6932747653341326,-0.1926988639676545,0.9812579415350356,0.9958653590387503,-0.09084154702899445,0.002060940256,0.00055047276,0.0015104674963582932,73.29021262154389,ICV_113_CASE_25_with_r_theta_phi.csv
12.12105331,-2.35,-1.112429773,0.001843173988,-1504.630228,0.6760422982,329.4280288,752.0348474,22.13511847,0.000543475258,0.03140428217,335.060869437349,152.342283465922,0.29177605993241,831.324796353616,810.003352604872,0.0006312405364473,0.0314163498458109,0.0005436204477675,317.714231223494,163.4521716395746,19.072951650594405,118.58854641466596,63.93657687550305,0.9680400297064216,12.396771085396342,349.0277603614051,95.14838763780676,ICV_113_CASE_25_with_r_theta_phi.csv,0.7018202453249897,-0.19033336509890159,0.9817195170363724,0.995965636890116,-0.0897354452491633,0.001843173988,0.00047032262,0.0013728513729986493,74.4830049247537,ICV_113_CASE_25_with_r_theta_phi.csv
12.27561379,-2.35,-1.112429773,0.002064822009,-1442.759848,0.6743655081,330.1912824,1144.832749,28.92632721,0.0005435323399,0.03140772554,335.060869437349,152.342283465922,0.29177605993241,831.324796353616,810.003352604872,0.0006312405364473,0.0314163498458109,0.0005436204477675,317.714231223494,163.4521716395746,19.072951650594405,118.58854641466596,63.93657687550305,0.9680400297064216,12.547935843041875,349.16261862428945,95.0862006654238,ICV_113_CASE_25_with_r_theta_phi.csv,0.7103781582334774,-0.18802214644965576,0.9821647888437379,0.9960624461648044,-0.08865440395257296,0.002064822009,0.00047032262,0.0015944993939986493,77.22212308259196,ICV_113_CASE_25_with_r_theta_phi.csv
12.42780522,-2.35,-1.112429773,0.002163502853,-516.1884137,0.6730935928,331.1802925,816.6807589,27.04610957,0.0005435721464,0.03141010317,335.060869437349,152.342283465922,0.29177605993241,831.324796353616,810.003352604872,0.0006312405364473,0.0314163498458109,0.0005436204477675,317.714231223494,163.4521716395746,19.072951650594405,118.58854641466596,63.93657687550305,0.9680400297064216,12.696863494033323,349.2922467005379,95.02638772233752,ICV_113_CASE_25_with_r_theta_phi.csv,0.7188094214902152,-0.18579958144188155,0.9825876630286081,0.996154452635227,-0.08761453358325583,0.002163502853,0.000703734,0.001459768856511846,67.47247195967165,ICV_113_CASE_25_with_r_theta_phi.csv
-2.149999298,0.9568,-1.105457724,0.00422728667,6415.136682,0.669499614,331.9271363,165.3229147,11.85928743,0.0005436192062,0.03141523647,335.060869437349,152.342283465922,0.29177605993241,831.324796353616,810.003352604872,0.0006312405364473,0.0314163498458109,0.0005436204477675,317.714231223494,163.4521716395746,19.072951650594405,118.58854641466596,63.93657687550305,0.9680400297064216,2.600000000183029,156.00981683707812,115.16180716287067,ICV_113_CASE_25_with_r_theta_phi.csv,0.14719418672842963,0.40658011376396097,-0.9136151329152142,0.9051106719590704,-0.4251760476623774,0.00422728667,0.0035717245,0.0006555621508664324,15.507870695491622,ICV_113_CASE_25_with_r_theta_phi.csv
17.40308741,0.3806075006,-1.10381286,0.004227378406,4045.607099,0.6713898142,329.139708,19.75357182,2.652229882,0.0005436158329,0.03141345609,335.060869437349,152.342283465922,0.29177605993241,831.324796353616,810.003352604872,0.0006312405364473,0.0314163498458109,0.0005436204477675,317.714231223494,163.4521716395746,19.072951650594405,118.58854641466596,63.93657687550305,0.9680400297064216,17.44221076295992,1.252865489347414,93.62833067385104,ICV_113_CASE_25_with_r_theta_phi.csv,0.9874584722380824,0.021864885329496597,0.9997609348186836,0.9979955588012308,-0.06328399966041229,0.004227378406,0.0042546145,-2.7236062663931263e-05,0.6442778488633005,ICV_113_CASE_25_with_r_theta_phi.csv
16.50817944,0.9568,-1.102182055,0.0,3630.42861,0.6702781223,329.6439419,68.88941727,3.874590829,0.0005436148301,0.03141318895,335.060869437349,152.342283465922,0.29177605993241,831.324796353616,810.003352604872,0.0006312405364473,0.0314163498458109,0.0005436204477675,317.714231223494,163.4521716395746,19.072951650594405,118.58854641466596,63.93657687550305,0.9680400297064216,16.572575537483687,3.3171034919838576,93.81334972133618,ICV_113_CASE_25_with_r_theta_phi.csv,0.9382256838706371,0.05786204165104409,0.9983245885662503,0.997785999615259,-0.06650638294012305,0.0,0.00017272825,-0.00017272825061809272,0.0,ICV_113_CASE_25_with_r_theta_phi.csv
13.30465139,0.9568,-1.100555426,0.0,3083.883971,0.6703183807,330.9018353,503.8311338,15.01625076,0.0005436107309,0.0314121719,335.060869437349,152.342283465922,0.29177605993241,831.324796353616,810.003352604872,0.0006312405364473,0.0314163498458109,0.0005436204477675,317.714231223494,163.4521716395746,19.072951650594405,118.58854641466596,63.93657687550305,0.9680400297064216,13.384335511900732,4.113327492503743,94.71659247746312,ICV_113_CASE_25_with_r_theta_phi.csv,0.7577293770907623,0.0717294557256068,0.9974241250247099,0.9966136161789557,-0.08222712476248356,0.0,2.4932991e-05,-2.4932991436799057e-05,0.0,ICV_113_CASE_25_with_r_theta_phi.csv
0.1393453861,0.9568,-1.099647638,0.0,1973.065561,0.6702439252,334.8616129,344.4834062,27.95245241,0.0005436183751,0.03141458812,335.060869437349,152.342283465922,0.29177605993241,831.324796353616,810.003352604872,0.0006312405364473,0.0314163498458109,0.0005436204477675,317.714231223494,163.4521716395746,19.072951650594405,118.58854641466596,63.93657687550305,0.9680400297064216,1.4642774000804415,81.71387575418873,138.6756123172737,ICV_113_CASE_25_with_r_theta_phi.csv,0.0828973542440336,0.9895607198886301,0.14411655579251179,0.6603213802566597,-0.7509831388093475,0.0,7.285371e-07,-7.285370884346776e-07,0.0,ICV_113_CASE_25_with_r_theta_phi.csv
14.82638865,0.9568,-1.098145728,0.0,3188.241418,0.6690841718,331.7460762,529.6053014,20.47822011,0.0005436138573,0.03141294075,335.060869437349,152.342283465922,0.29177605993241,831.324796353616,810.003352604872,0.0006312405364473,0.0314163498458109,0.0005436204477675,317.714231223494,163.4521716395746,19.072951650594405,118.58854641466596,63.93657687550305,0.9680400297064216,14.897757907845511,3.6923819459962033,94.2272289536494,ICV_113_CASE_25_with_r_theta_phi.csv,0.8434089842953781,0.0643996246976291,0.9979241896751498,0.9972795592581493,-0.07371214747835979,0.0,9.25392e-06,-9.253920325136278e-06,0.0,ICV_113_CASE_25_with_r_theta_phi.csv
0.472456978,0.9568,-1.09677805,0.0,23210.45647,0.6655286029,362.0303036,771.2386615,46.79233557,0.0005436194041,0.03141570155,335.060869437349,152.342283465922,0.29177605993241,831.324796353616,810.003352604872,0.0006312405364473,0.0314163498458109,0.0005436204477675,317.714231223494,163.4521716395746,19.072951650594405,118.58854641466596,63.93657687550305,0.9680400297064216,1.530230024219462,63.72036301441619,135.7860333042306,ICV_113_CASE_25_with_r_theta_phi.csv,0.0866311399640588,0.8966438419934203,0.4427525500946079,0.697339839729714,-0.7167406420217405,0.0,-3.2901674e-08,3.290167427394408e-08,0.0,ICV_113_CASE_25_with_r_theta_phi.csv
14.07597923,0.9568,-1.096739624,0.0,-11092.36983,0.6697188457,338.2764663,2459.942284,93.88281,0.0004104967335,0.02372038399,335.060869437349,152.342283465922,0.29177605993241,831.324796353616,810.003352604872,0.0006312405364473,0.0314163498458109,0.0005436204477675,317.714231223494,163.4521716395746,19.072951650594405,118.58854641466596,63.93657687550305,0.9680400297064216,14.151024532741191,3.888639087411264,94.44502306059849,ICV_113_CASE_25_with_r_theta_phi.csv,0.8011340566631788,0.06781746317229562,0.997697745656907,0.9969921585398278,-0.0775024890574161,0.0,1.6479838e-06,-1.6479838222949184e-06,0.0,ICV_113_CASE_25_with_r_theta_phi.csv
0.7578090569,1.01,-1.096738811,0.0,50113.56859,0.6597177352,381.7683801,430.7723056,82.33847528,0.0005436200108,0.03141636416,335.060869437349,152.342283465922,0.29177605993241,831.324796353616,810.003352604872,0.0006312405364473,0.0314163498458109,0.0005436204477675,317.714231223494,163.4521716395746,19.072951650594405,118.58854641466596,63.93657687550305,0.9680400297064216,1.6724863486059791,53.11888330922568,130.976810587415,ICV_113_CASE_25_with_r_theta_phi.csv,0.09468471841543381,0.7998824991004646,0.6001566359149879,0.7549750462232079,-0.6557535204482436,0.0,-3.2901674e-08,3.290167427394408e-08,0.0,ICV_113_CASE_25_with_r_theta_phi.csv
14.36151016,1.01,-1.096723978,0.0,-30247.89531,0.6981488314,337.8837065,5338.849558,136.7999153,0.0004286876824,0.02477160141,335.060869437349,152.342283465922,0.29177605993241,831.324796353616,810.003352604872,0.0006312405364473,0.0314163498458109,0.0005436204477675,317.714231223494,163.4521716395746,19.072951650594405,118.58854641466596,63.93657687550305,0.9680400297064216,14.438693762238444,4.022809235745854,94.35622760767342,ICV_113_CASE_25_with_r_theta_phi.csv,0.8174199175399716,0.07015359472724954,0.9975362014217052,0.9971110724719859,-0.07595728506052671,0.0,2.4094177e-06,-2.409417675153236e-06,0.0,ICV_113_CASE_25_with_r_theta_phi.csv
13.25521555,-2.357877893,-1.095633077,0.004227393772,2955.36272,0.6719913885,330.4471641,156.2051349,10.04460958,0.0005436076567,0.03141224851,335.060869437349,152.342283465922,0.29177605993241,831.324796353616,810.003352604872,0.0006312405364473,0.0314163498458109,0.0005436204477675,317.714231223494,163.4521716395746,19.072951650594405,118.58854641466596,63.93657687550305,0.9680400297064216,13.507802903310235,349.91355641675835,94.6524360288072,ICV_113_CASE_25_with_r_theta_phi.csv,0.7647192548848866,-0.17513378368957533,0.984544644904726,0.996705064477223,-0.08111112405493412,0.004227393772,0.0043760673,-0.00014867354229696102,3.5169078226524846,ICV_113_CASE_25_with_r_theta_phi.csv
0.7700708703,0.9568,-1.09291411,0.0,31084.37096,0.6683482171,360.6814743,1905.204503,103.2330914,0.0005436195548,0.03141571909,335.060869437349,152.342283465922,0.29177605993241,831.324796353616,810.003352604872,0.0006312405364473,0.0314163498458109,0.0005436204477675,317.714231223494,163.4521716395746,19.072951650594405,118.58854641466596,63.93657687550305,0.9680400297064216,1.6440610198899832,51.17149960909512,131.664294047853,ICV_113_CASE_25_with_r_theta_phi.csv,0.0930754710529166,0.7790261797135947,0.6269913965285665,0.7470525998040647,-0.6647649307281394,0.0,-3.2901674e-08,3.290167427394408e-08,0.0,ICV_113_CASE_25_with_r_theta_phi.csv
14.37372684,0.9568,-1.092912593,0.0,-19467.43876,0.6696895311,338.0539738,4381.641491,114.2022536,0.0004225334293,0.02441602431,335.060869437349,152.342283465922,0.29177605993241,831.324796353616,810.003352604872,0.0006312405364473,0.0314163498458109,0.0005436204477675,317.714231223494,163.4521716395746,19.072951650594405,118.58854641466596,63.93657687550305,0.9680400297064216,14.446935572877535,3.8083265857922015,94.33857829157228,ICV_113_CASE_25_with_r_theta_phi.csv,0.8178865123915506,0.06641890653260846,0.9977918264122094,0.9971344229463401,-0.07565013268639585,0.0,1.6479838e-06,-1.6479838222949184e-06,0.0,ICV_113_CASE_25_with_r_theta_phi.csv
0.4599793244,1.01,-1.092886697,0.0,38004.10443,0.6587390585,383.1556314,237.8332192,35.48985292,0.0005436200274,0.03141638566,335.060869437349,152.342283465922,0.29177605993241,831.324796353616,810.003352604872,0.0006312405364473,0.0314163498458109,0.0005436204477675,317.714231223494,163.4521716395746,19.072951650594405,118.58854641466596,63.93657687550305,0.9680400297064216,1.557588620706716,65.5142904737429,134.55977370254368,ICV_113_CASE_25_with_r_theta_phi.csv,0.08817999625624694,0.9100646736264583,0.4144662710247577,0.7125188390190792,-0.7016529797862355,0.0,-3.2901674e-08,3.290167427394408e-08,0.0,ICV_113_CASE_25_with_r_theta_phi.csv
14.06361424,1.01,-1.092881345,0.0,-17931.00638,0.6962992294,335.794812,2915.742177,116.4949586,0.0004221274921,0.02439242855,335.060869437349,152.342283465922,0.29177605993241,831.324796353616,810.003352604872,0.0006312405364473,0.0314163498458109,0.0005436204477675,317.714231223494,163.4521716395746,19.072951650594405,118.58854641466596,63.93657687550305,0.9680400297064216,14.142126259009986,4.107731828942463,94.43214692986584,ICV_113_CASE_25_with_r_theta_phi.csv,0.8006302973689252,0.07163204419774662,0.9974311255640923,0.9970095505659256,-0.0772784321808553,0.0,2.4094177e-06,-2.409417675153236e-06,0.0,ICV_113_CASE_25_with_r_theta_phi.csv
-1.48621404,-1.832446372,-1.092386434,0.004227326252,13322.03877,0.6632330115,347.0949856,486.704106,50.41658363,0.0005436193884,0.03141552353,335.060869437349,152.342283465922,0.29177605993241,831.324796353616,810.003352604872,0.0006312405364473,0.0314163498458109,0.0005436204477675,317.714231223494,163.4521716395746,19.072951650594405,118.58854641466596,63.93657687550305,0.9680400297064216,2.600000000026215,230.95606082861684,114.84397137941124,ICV_113_CASE_25_with_r_theta_phi.csv,0.14719418671955192,-0.7766631177383028,-0.6299161861271858,0.9074553046874804,-0.4201486284573022,0.004227326252,0.0034860861,0.0007412401032313365,17.53449009773735,ICV_113_CASE_25_with_r_theta_phi.csv
4.633584372,0.9568,-1.084546163,0.0,2391.658968,0.6687973825,330.0698107,152.8982832,2.615018404,0.0005436177883,0.03141419399,335.060869437349,152.342283465922,0.29177605993241,831.324796353616,810.003352604872,0.0006312405364473,0.0314163498458109,0.0005436204477675,317.714231223494,163.4521716395746,19.072951650594405,118.58854641466596,63.93657687550305,0.9680400297064216,4.854050963074106,11.667162249970032,102.91064096442592,ICV_113_CASE_25_with_r_theta_phi.csv,0.2748031091529795,0.2022260431902959,0.9793388726358189,0.9747197153994263,-0.22343114467697087,0.0,1.6845755e-05,-1.684575545368716e-05,0.0,ICV_113_CASE_25_with_r_theta_phi.csv
13.72731357,0.9568,-1.083217294,0.0,3412.406109,0.6709132518,331.5117735,1149.532972,28.57876445,0.0005436109951,0.03141223288,335.060869437349,152.342283465922,0.29177605993241,831.324796353616,810.003352604872,0.0006312405364473,0.0314163498458109,0.0005436204477675,317.714231223494,163.4521716395746,19.072951650594405,118.58854641466596,63.93657687550305,0.9680400297064216,13.803186726083467,3.9870936002572535,94.50096492900605,ICV_113_CASE_25_with_r_theta_phi.csv,0.7814418631782634,0.06953176152617224,0.9975797382360307,0.9969160122473549,-0.07847588498915836,0.0,2.4932991e-05,-2.4932991436799057e-05,0.0,ICV_113_CASE_25_with_r_theta_phi.csv
8.38119388,0.9568,-1.083202852,0.0,2890.643111,0.6691184658,329.9107631,83.71667183,1.995091886,0.0005436168291,0.03141378078,335.060869437349,152.342283465922,0.29177605993241,831.324796353616,810.003352604872,0.0006312405364473,0.0314163498458109,0.0005436204477675,317.714231223494,163.4521716395746,19.072951650594405,118.58854641466596,63.93657687550305,0.9680400297064216,8.504893033585454,6.5127112335500215,97.31719694768644,ICV_113_CASE_25_with_r_theta_phi.csv,0.4814887743087582,0.11342363775536418,0.9935467167669269,0.9918562603143214,-0.12736231340270582,0.0,1.6845755e-05,-1.684575545368716e-05,0.0,ICV_113_CASE_25_with_r_theta_phi.csv
1.030981304,0.9568,-1.081117293,0.0,8789.424313,0.6744145503,344.3760332,1444.575843,89.14772125,0.0005436190773,0.03141504884,335.060869437349,152.342283465922,0.29177605993241,831.324796353616,810.003352604872,0.0006312405364473,0.0314163498458109,0.0005436204477675,317.714231223494,163.4521716395746,19.072951650594405,118.58854641466596,63.93657687550305,0.9680400297064216,1.77403587630611,42.86279095014942,127.54693946055647,ICV_113_CASE_25_with_r_theta_phi.csv,0.10043375693136637,0.6802449971210328,0.7329848183228669,0.7928543474446713,-0.6094111778906622,0.0,1.5646157e-05,-1.564615740790032e-05,0.0,ICV_113_CASE_25_with_r_theta_phi.csv
12.46581085,-2.505471708,-1.079727869,0.0,-1409.327723,0.6418416189,349.2833345,1268.547184,34.57792074,0.0005619118847,0.0324709228,335.060869437349,152.342283465922,0.29177605993241,831.324796353616,810.003352604872,0.0006312405364473,0.0314163498458109,0.0005436204477675,317.714231223494,163.4521716395746,19.072951650594405,118.58854641466596,63.93657687550305,0.9680400297064216,12.760863642350444,348.6356764162375,94.8537393006905,ICV_113_CASE_25_with_r_theta_phi.csv,0.7224326714061284,-0.1970469157381722,0.9803940600585428,0.9964139371794094,-0.08461244467941996,0.0,-0.001156604,0.001156604033894837,0.0,ICV_113_CASE_25_with_r_theta_phi.csv
-2.072703361,0.9568,-1.075753271,0.002132439753,6017.964313,0.668047825,332.2737141,237.8631545,11.6759207,0.0005436191762,0.03141520484,335.060869437349,152.342283465922,0.29177605993241,831.324796353616,810.003352604872,0.0006312405364473,0.0314163498458109,0.0005436204477675,317.714231223494,163.4521716395746,19.072951650594405,118.58854641466596,63.93657687550305,0.9680400297064216,2.523650245728971,155.22103836088706,115.23099849416012,ICV_113_CASE_25_with_r_theta_phi.csv,0.14287178672343379,0.41911872857482146,-0.9079314353836555,0.9045965624758047,-0.4262687639939825,0.002132439753,0.0016063917,0.0005260480101744918,24.668833395538535,ICV_113_CASE_25_with_r_theta_phi.csv
16.03216187,0.9568,-1.075446741,0.0,3531.949885,0.6695496103,330.236037,81.1473981,5.034274385,0.0005436147482,0.03141317002,335.060869437349,152.342283465922,0.29177605993241,831.324796353616,810.003352604872,0.0006312405364473,0.0314163498458109,0.0005436204477675,317.714231223494,163.4521716395746,19.072951650594405,118.58854641466596,63.93657687550305,0.9680400297064216,16.096653880810425,3.4153631961065685,93.8308889840755,ICV_113_CASE_25_with_r_theta_phi.csv,0.9112822603338924,0.05957403782678703,0.9982238897246511,0.99776559407207,-0.06681181995731983,0.0,2.8197534e-05,-2.819753353833221e-05,0.0,ICV_113_CASE_25_with_r_theta_phi.csv
11.39377456,-2.367632826,-1.074390433,0.004226580728,3881.494466,0.67697737,330.4673648,42.93066057,8.777143618,0.0005436165311,0.03141384059,335.060869437349,152.342283465922,0.29177605993241,831.324796353616,810.003352604872,0.0006312405364473,0.0314163498458109,0.0005436204477675,317.714231223494,163.4521716395746,19.072951650594405,118.58854641466596,63.93657687550305,0.9680400297064216,11.686663284504174,348.26096961193963,95.27482300275096,ICV_113_CASE_25_with_r_theta_phi.csv,0.6616188067732672,-0.20345430342982435,0.979084442944471,0.9957651916722976,-0.0919330357044323,0.004226580728,0.0041686282,5.79524786825927e-05,1.3711433046803325,ICV_113_CASE_25_with_r_theta_phi.csv
1.58725742,0.9568,-1.0687676,0.0,3138.500434,0.6737569879,329.5444163,123.4642557,10.2305348,0.0005436187036,0.03141463133,335.060869437349,152.342283465922,0.29177605993241,831.324796353616,810.003352604872,0.0006312405364473,0.0314163498458109,0.0005436204477675,317.714231223494,163.4521716395746,19.072951650594405,118.58854641466596,63.93657687550305,0.9680400297064216,2.139419673686025,31.081605219867583,119.97086651939856,ICV_113_CASE_25_with_r_theta_phi.csv,0.12111928419878785,0.5162583981501446,0.8564328732244265,0.8662795293988866,-0.49955958297728953,0.0,1.5646157e-05,-1.564615740790032e-05,0.0,ICV_113_CASE_25_with_r_theta_phi.csv
11.76359278,-2.513647406,-1.067101135,0.0,-2908.195301,0.6880823197,327.3651138,878.0868652,38.87577959,0.0005384873681,0.03111605742,335.060869437349,152.342283465922,0.29177605993241,831.324796353616,810.003352604872,0.0006312405364473,0.0314163498458109,0.0005436204477675,317.714231223494,163.4521716395746,19.072951650594405,118.58854641466596,63.93657687550305,0.9680400297064216,12.076391978056895,347.9384147695606,95.06941442366178,ICV_113_CASE_25_with_r_theta_phi.csv,0.6836825752687241,-0.20896294717322714,0.9779235587246475,0.9960883769568376,-0.08836257856973737,0.0,-0.00012380554,0.00012380554107949138,0.0,ICV_113_CASE_25_with_r_theta_phi.csv
14.65063293,0.9568,-1.057940991,0.0,4355.925262,0.6694009513,336.2650503,1455.063655,57.65150597,0.0005436133383,0.03141280629,335.060869437349,152.342283465922,0.29177605993241,831.324796353616,810.003352604872,0.0006312405364473,0.0314163498458109,0.0005436204477675,317.714231223494,163.4521716395746,19.072951650594405,118.58854641466596,63.93657687550305,0.9680400297064216,14.719910007538717,3.7365527095512334,94.1214831048744,ICV_113_CASE_25_with_r_theta_phi.csv,0.8333404546626186,0.06516893044679412,0.9978742458368294,0.9974139047853037,-0.07187143063090606,0.0,9.25392e-06,-9.253920325136278e-06,0.0,ICV_113_CASE_25_with_r_theta_phi.csv
13.56239621,-2.375264448,-1.057411368,0.004227396101,3068.123655,0.6719940605,329.9884995,121.2521779,7.692686393,0.0005436100779,0.03141245095,335.060869437349,152.342283465922,0.29177605993241,831.324796353616,810.003352604872,0.0006312405364473,0.0314163498458109,0.0005436204477675,317.714231223494,163.4521716395746,19.072951650594405,118.58854641466596,63.93657687550305,0.9680400297064216,13.80936605916907,350.0661914245027,94.39155351112925,ICV_113_CASE_25_with_r_theta_phi.csv,0.7817916946813385,-0.1725103547178791,0.9850077042922616,0.9970640512382728,-0.07657204273312039,0.004227396101,0.0043760673,-0.00014867121329696122,3.516850792066166,ICV_113_CASE_25_with_r_theta_phi.csv
11.18236782,-2.378668412,-1.049731674,0.004227012396,4276.6457,0.6740227166,331.2405475,45.78222957,8.202671514,0.0005436175117,0.03141422115,335.060869437349,152.342283465922,0.29177605993241,831.324796353616,810.003352604872,0.0006312405364473,0.0314163498458109,0.0005436204477675,317.714231223494,163.4521716395746,19.072951650594405,118.58854641466596,63.93657687550305,0.9680400297064216,11.480651116701395,347.9912607195315,95.24615864001692,ICV_113_CASE_25_with_r_theta_phi.csv,0.6499558092756688,-0.20806088448768073,0.9781158767478442,0.9958110600058538,-0.09143485533437315,0.004227012396,0.0041686282,5.8384146682592154e-05,1.3812154117179456,ICV_113_CASE_25_with_r_theta_phi.csv
11.5668387,-2.38102166,-1.044383002,0.004226370249,3829.317937,0.678774845,331.9849712,43.89374432,11.37393145,0.000543615293,0.03141342621,335.060869437349,152.342283465922,0.29177605993241,831.324796353616,810.003352604872,0.0006312405364473,0.0314163498458109,0.0005436204477675,317.714231223494,163.4521716395746,19.072951650594405,118.58854641466596,63.93657687550305,0.9680400297064216,11.855452648974367,348.368201756864,95.0539112084985,ICV_113_CASE_25_with_r_theta_phi.csv,0.6711745041693632,-0.20162153877992453,0.9794635037100746,0.9961122498288126,-0.08809305160443233,0.004226370249,0.0041686282,5.7741999682592825e-05,1.3662314531622688,ICV_113_CASE_25_with_r_theta_phi.csv
9.841995797,-2.381562149,-1.043149908,0.004227372818,5146.953207,0.6689807625,332.4851293,122.9423468,12.01223305,0.0005436182418,0.03141457174,335.060869437349,152.342283465922,0.29177605993241,831.324796353616,810.003352604872,0.0006312405364473,0.0314163498458109,0.0005436204477675,317.714231223494,163.4521716395746,19.072951650594405,118.58854641466596,63.93657687550305,0.9680400297064216,10.179630703924165,346.3970699240577,95.88166605361982,ICV_113_CASE_25_with_r_theta_phi.csv,0.5763009471363036,-0.23519181836797715,0.9719489742639602,0.994735658542162,-0.10247423883440812,0.004227372818,0.0041505373,7.683550969449834e-05,1.8175711720802055,ICV_113_CASE_25_with_r_theta_phi.csv
-0.1974709025,0.9568,-1.042830311,0.0,2506.455823,0.669023046,334.0921353,315.7869918,22.94564093,0.0005436186889,0.03141482452,335.060869437349,152.342283465922,0.29177605993241,831.324796353616,810.003352604872,0.0006312405364473,0.0314163498458109,0.0005436204477675,317.714231223494,163.4521716395746,19.072951650594405,118.58854641466596,63.93657687550305,0.9680400297064216,1.4289702778135454,101.66135933009548,136.86774164478857,ICV_113_CASE_25_with_r_theta_phi.csv,0.080898506879637,0.9793593490783177,-0.20212685465542163,0.6836847573213853,-0.7297774678670192,0.0,-3.2901674e-08,3.290167427394408e-08,0.0,ICV_113_CASE_25_with_r_theta_phi.csv
-1.98171054,0.9568,-1.041096632,0.0,5819.183365,0.6656802792,333.6861572,399.7579043,16.23239479,0.0005436191382,0.03141516683,335.060869437349,152.342283465922,0.29177605993241,831.324796353616,810.003352604872,0.0006312405364473,0.0314163498458109,0.0005436204477675,317.714231223494,163.4521716395746,19.072951650594405,118.58854641466596,63.93657687550305,0.9680400297064216,2.4344455429335103,154.22804270521692,115.31867152922553,ICV_113_CASE_25_with_r_theta_phi.csv,0.1378216276159704,0.4347903974581404,-0.9005316819958042,0.9039432344217627,-0.42765246280493013,0.0,8.647877e-05,-8.647877257317305e-05,0.0,ICV_113_CASE_25_with_r_theta_phi.csv
16.65604152,-1.786800507,-1.040882829,0.004227436613,3240.441337,0.6746464272,327.4923563,14.68598663,1.245243609,0.0005436113296,0.03141233268,335.060869437349,152.342283465922,0.29177605993241,831.324796353616,810.003352604872,0.0006312405364473,0.0314163498458109,0.0005436204477675,317.714231223494,163.4521716395746,19.072951650594405,118.58854641466596,63.93657687550305,0.9680400297064216,16.783915283136004,353.8769307997132,93.55557610671087,ICV_113_CASE_25_with_r_theta_phi.csv,0.9501902923254433,-0.10666441647941452,0.9942950780613902,0.9980751126406104,-0.0620166874916158,0.004227436613,0.0044342666,-0.00020682998030725677,4.892562543038445,ICV_113_CASE_25_with_r_theta_phi.csv
-0.04975592843,0.9568,-1.032251401,0.0,1867.258039,0.6689462898,334.1911885,271.515859,21.80952835,0.0005436185656,0.03141472611,335.060869437349,152.342283465922,0.29177605993241,831.324796353616,810.003352604872,0.0006312405364473,0.0314163498458109,0.0005436204477675,317.714231223494,163.4521716395746,19.072951650594405,118.58854641466596,63.93657687550305,0.9680400297064216,1.4083624701334505,92.97683852478964,137.13380571584173,ICV_113_CASE_25_with_r_theta_phi.csv,0.0797318339982855,0.9986506096557705,-0.05193226197806094,0.6802885347676468,-0.7329444108960026,0.0,-3.2901674e-08,3.290167427394408e-08,0.0,ICV_113_CASE_25_with_r_theta_phi.csv
12.51140438,-2.65,-1.030057961,0.0,-1661.009925,0.6405082904,396.7044741,948.3397704,25.62091268,0.0003539574739,0.02046138914,335.060869437349,152.342283465922,0.29177605993241,831.324796353616,810.003352604872,0.0006312405364473,0.0314163498458109,0.0005436204477675,317.714231223494,163.4521716395746,19.072951650594405,118.58854641466596,63.93657687550305,0.9680400297064216,12.830384209481128,348.04110977741567,94.60481585432166,ICV_113_CASE_25_with_r_theta_phi.csv,0.7263684496134284,-0.2072098155077348,0.9782965257820608,0.9967721340139941,-0.08028270581630949,0.0,-0.0005065966,0.0005065965815447271,0.0,ICV_113_CASE_25_with_r_theta_phi.csv
15.18672671,0.9568,-1.0292429,0.0,3289.355634,0.6703986425,330.4315752,231.297276,11.26672371,0.0005436143913,0.03141308269,335.060869437349,152.342283465922,0.29177605993241,831.324796353616,810.003352604872,0.0006312405364473,0.0314163498458109,0.0005436204477675,317.714231223494,163.4521716395746,19.072951650594405,118.58854641466596,63.93657687550305,0.9680400297064216,15.251605664697337,3.605006002384585,93.86950252537702,ICV_113_CASE_25_with_r_theta_phi.csv,0.8634414199845386,0.06287771810636071,0.9980212385343996,0.9977203407706771,-0.06748423232462519,0.0,2.4932991e-05,-2.4932991436799057e-05,0.0,ICV_113_CASE_25_with_r_theta_phi.csv
0.3308327203,0.9568,-1.028899465,0.0,21971.52816,0.6645680301,362.9878766,437.9451466,51.9891513,0.0005436193444,0.03141564997,335.060869437349,152.342283465922,0.29177605993241,831.324796353616,810.003352604872,0.0006312405364473,0.0314163498458109,0.0005436204477675,317.714231223494,163.4521716395746,19.072951650594405,118.58854641466596,63.93657687550305,0.9680400297064216,1.4434509475206925,70.92615067879268,135.463621891216,ICV_113_CASE_25_with_r_theta_phi.csv,0.08171830318758949,0.9450981610322889,0.3267865756321482,0.7013619783813864,-0.7128052856713029,0.0,-3.2901674e-08,3.290167427394408e-08,0.0,ICV_113_CASE_25_with_r_theta_phi.csv
0.8994024704,1.01,-1.028829693,0.0,49719.66705,0.6586166847,385.8377067,373.8575045,74.30910896,0.0005436199721,0.03141630996,335.060869437349,152.342283465922,0.29177605993241,831.324796353616,810.003352604872,0.0006312405364473,0.0314163498458109,0.0005436204477675,317.714231223494,163.4521716395746,19.072951650594405,118.58854641466596,63.93657687550305,0.9680400297064216,1.6992690607905792,48.315015729964045,127.26153722260744,ICV_113_CASE_25_with_r_theta_phi.csv,0.09620097208394007,0.7468124961745283,0.6650346574108527,0.7958801028743531,-0.6054542607404041,0.0,-3.2901674e-08,3.290167427394408e-08,0.0,ICV_113_CASE_25_with_r_theta_phi.csv
13.93436247,0.9568,-1.028815442,0.0,-9619.426872,0.6694562327,338.5100157,2576.453236,90.54326304,0.0005436111951,0.03141228012,335.060869437349,152.342283465922,0.29177605993241,831.324796353616,810.003352604872,0.0006312405364473,0.0314163498458109,0.0005436204477675,317.714231223494,163.4521716395746,19.072951650594405,118.58854641466596,63.93657687550305,0.9680400297064216,14.005012848942416,3.928036739997253,94.21277222107584,ICV_113_CASE_25_with_r_theta_phi.csv,0.792867875490834,0.06850348276743998,0.9976508772354842,0.99729812638332,-0.07346051396716088,0.0,9.25392e-06,-9.253920325136278e-06,0.0,ICV_113_CASE_25_with_r_theta_phi.csv
14.50311074,1.01,-1.028790315,0.0,-35472.91478,0.6952441661,335.9831785,5105.712954,158.2441147,0.0003480365425,0.02011125958,335.060869437349,152.342283465922,0.29177605993241,831.324796353616,810.003352604872,0.0006312405364473,0.0314163498458109,0.0005436204477675,317.714231223494,163.4521716395746,19.072951650594405,118.58854641466596,63.93657687550305,0.9680400297064216,14.574591954800695,3.983659764763388,94.04775681201102,ICV_113_CASE_25_with_r_theta_phi.csv,0.8251135421286855,0.06947197471648317,0.9975839036035978,0.9975055607700489,-0.07058793262895684,0.0,2.4094177e-06,-2.409417675153236e-06,0.0,ICV_113_CASE_25_with_r_theta_phi.csv
0.9098664158,0.9568,-1.021395263,0.0,32366.32469,0.6679006336,366.4068027,1700.547957,106.9289656,0.0005436196037,0.03141578473,335.060869437349,152.342283465922,0.29177605993241,831.324796353616,810.003352604872,0.0006312405364473,0.0314163498458109,0.0005436204477675,317.714231223494,163.4521716395746,19.072951650594405,118.58854641466596,63.93657687550305,0.9680400297064216,1.6693026741365922,46.44028404253402,127.72479746366736,ICV_113_CASE_25_with_r_theta_phi.csv,0.09450448057916593,0.7246565464442967,0.6891102159273398,0.7909587915671411,-0.6118694223791935,0.0,-3.2901674e-08,3.290167427394408e-08,0.0,ICV_113_CASE_25_with_r_theta_phi.csv
14.513553,0.9568,-1.021369517,0.0,-17025.40295,0.6692376614,342.1839589,4107.457739,146.0363042,0.0004244863614,0.02452894734,335.060869437349,152.342283465922,0.29177605993241,831.324796353616,810.003352604872,0.0006312405364473,0.0314163498458109,0.0005436204477675,317.714231223494,163.4521716395746,19.072951650594405,118.58854641466596,63.93657687550305,0.9680400297064216,14.580873863183434,3.771742906357076,94.0167775267887,ICV_113_CASE_25_with_r_theta_phi.csv,0.8254691807423142,0.06578179730944783,0.9978340318623827,0.9975435811861859,-0.07004858052979579,0.0,1.6479838e-06,-1.6479838222949184e-06,0.0,ICV_113_CASE_25_with_r_theta_phi.csv
13.92381305,1.01,-1.021317798,0.0,-12236.08722,0.6983513402,340.0286646,3623.629342,127.4833064,0.0005436111109,0.03141226166,335.060869437349,152.342283465922,0.29177605993241,831.324796353616,810.003352604872,0.0006312405364473,0.0314163498458109,0.0005436204477675,317.714231223494,163.4521716395746,19.072951650594405,118.58854641466596,63.93657687550305,0.9680400297064216,13.997705522544113,4.148831952766386,94.1842032418724,ICV_113_CASE_25_with_r_theta_phi.csv,0.7924541847345719,0.07234751545330831,0.9973794849543143,0.9973346314889237,-0.07296322932034165,0.0,1.0015358e-05,-1.0015358384407591e-05,0.0,ICV_113_CASE_25_with_r_theta_phi.csv
0.3201265184,1.01,-1.021292074,0.0,37324.80821,0.6586040085,385.0463398,347.4141161,69.55889847,0.0005436199752,0.03141632387,335.060869437349,152.342283465922,0.29177605993241,831.324796353616,810.003352604872,0.0006312405364473,0.0314163498458109,0.0005436204477675,317.714231223494,163.4521716395746,19.072951650594405,118.58854641466596,63.93657687550305,0.9680400297064216,1.4716040527934569,72.41362634976821,133.94752203135045,ICV_113_CASE_25_with_r_theta_phi.csv,0.08331213912382515,0.9532625518547913,0.302143189946905,0.7199757453902706,-0.6939992262601768,0.0,-3.2901674e-08,3.290167427394408e-08,0.0,ICV_113_CASE_25_with_r_theta_phi.csv
2.405268841,0.9568,-1.016659019,0.0,2278.242432,0.668388765,330.2873906,103.9459453,2.367675267,0.0005436181237,0.03141435637,335.060869437349,152.342283465922,0.29177605993241,831.324796353616,810.003352604872,0.0006312405364473,0.0314163498458109,0.0005436204477675,317.714231223494,163.4521716395746,19.072951650594405,118.58854641466596,63.93657687550305,0.9680400297064216,2.7810753313061345,21.692334778628663,111.4422520004029,ICV_113_CASE_25_with_r_theta_phi.csv,0.15744543138203362,0.36962245149655953,0.9291820291792526,0.9307864892599601,-0.3655632796262752,0.0,1.6845755e-05,-1.684575545368716e-05,0.0,ICV_113_CASE_25_with_r_theta_phi.csv
14.52781705,-2.394442825,-1.013234207,0.004227380734,3196.110546,0.671817169,329.432747,69.92776045,4.30824234,0.0005436119071,0.03141256818,335.060869437349,152.342283465922,0.29177605993241,831.324796353616,810.003352604872,0.0006312405364473,0.0314163498458109,0.0005436204477675,317.714231223494,163.4521716395746,19.072951650594405,118.58854641466596,63.93657687550305,0.9680400297064216,14.758640460377764,350.64077789142874,93.93665970980771,ICV_113_CASE_25_with_r_theta_phi.csv,0.8355331075498749,-0.1626237691750692,0.9866881522037719,0.9976405562167736,-0.0686536276644325,0.004227380734,0.004358408,-0.00013102730729838957,3.0994915176096516,ICV_113_CASE_25_with_r_theta_phi.csv
10.93417992,-2.395267385,-1.011283418,0.004227277823,4569.048842,0.6726657141,331.5620345,48.43227448,7.867819921,0.0005436179985,0.03141442801,335.060869437349,152.342283465922,0.29177605993241,831.324796353616,810.003352604872,0.0006312405364473,0.0314163498458109,0.0005436204477675,317.714231223494,163.4521716395746,19.072951650594405,118.58854641466596,63.93657687550305,0.9680400297064216,11.23905202942391,347.64383357748744,95.16242331942676,ICV_113_CASE_25_with_r_theta_phi.csv,0.6362781242127314,-0.21398807079503385,0.9768362736699634,0.9959436246170583,-0.08997942311793355,0.004227277823,0.0041505652,7.671257501725998e-05,1.8147038877296173,ICV_113_CASE_25_with_r_theta_phi.csv
11.7155087,-2.395833021,-1.009942641,0.002074109856,-604.4224925,0.6768546117,333.8860623,303.1964943,23.03093435,0.0005436152063,0.03141280631,335.060869437349,152.342283465922,0.29177605993241,831.324796353616,810.003352604872,0.0006312405364473,0.0314163498458109,0.0005436204477675,317.714231223494,163.4521716395746,19.072951650594405,118.58854641466596,63.93657687550305,0.9680400297064216,12.00054765843625,348.4423150484607,94.8276109753868,ICV_113_CASE_25_with_r_theta_phi.csv,0.6793887895211295,-0.20035441388753364,0.9797234859059891,0.9964524189872681,-0.08415804592801442,0.002074109856,0.00055047276,0.0015236370963582929,73.45980692469622,ICV_113_CASE_25_with_r_theta_phi.csv
5.814057629,-2.397181129,-1.006738614,0.004227378871,10297.35113,0.6645988504,342.1576124,493.857569,42.30787085,0.0005436190563,0.0314152039,335.060869437349,152.342283465922,0.29177605993241,831.324796353616,810.003352604872,0.0006312405364473,0.0314163498458109,0.0005436204477675,317.714231223494,163.4521716395746,19.072951650594405,118.58854641466596,63.93657687550305,0.9680400297064216,6.3689297464711805,337.59326560517985,99.09490704638438,ICV_113_CASE_25_with_r_theta_phi.csv,0.36056516703705194,-0.3811790424202979,0.9245012372190449,0.9874278613322764,-0.15807029659226504,0.004227378871,0.0034215797,0.0008057991505475721,19.061436766048445,ICV_113_CASE_25_with_r_theta_phi.csv
12.31293247,0.9568,-1.004903147,0.0,3018.733122,0.6718323849,329.4662338,191.065171,6.928261469,0.0005436104267,0.03141209833,335.060869437349,152.342283465922,0.29177605993241,831.324796353616,810.003352604872,0.0006312405364473,0.0314163498458109,0.0005436204477675,317.714231223494,163.4521716395746,19.072951650594405,118.58854641466596,63.93657687550305,0.9680400297064216,12.390867709148976,4.44334911812183,94.65181407776151,ICV_113_CASE_25_with_r_theta_phi.csv,0.7014860366074428,0.07747336109315467,0.9969944224121465,0.9967059448873387,-0.08110030472345545,0.0,6.8410236e-06,-6.841023605375085e-06,0.0,ICV_113_CASE_25_with_r_theta_phi.csv
12.5321772,-2.399090332,-1.002180412,0.002077465411,-126.0869221,0.6732500898,330.9476809,996.8402601,27.99845471,0.0005436393078,0.03141423352,335.060869437349,152.342283465922,0.29177605993241,831.324796353616,810.003352604872,0.0006312405364473,0.0314163498458109,0.0005436204477675,317.714231223494,163.4521716395746,19.072951650594405,118.58854641466596,63.93657687550305,0.9680400297064216,12.79904158019233,349.1627300186937,94.49092576079256,ICV_113_CASE_25_with_r_theta_phi.csv,0.7245940446796705,-0.1880202369253797,0.9821651543943738,0.9969297472172083,-0.07830120761158954,0.002077465411,0.00047032262,0.0016071427959986491,77.36074866591565,ICV_113_CASE_25_with_r_theta_phi.csv
-1.875019994,0.9568,-1.000919414,0.0,5643.853307,0.6655075322,334.127316,508.1993522,19.71624274,0.0005436191153,0.03141514579,335.060869437349,152.342283465922,0.29177605993241,831.324796353616,810.003352604872,0.0006312405364473,0.0314163498458109,0.0005436204477675,317.714231223494,163.4521716395746,19.072951650594405,118.58854641466596,63.93657687550305,0.9680400297064216,2.330880926006703,152.9653297106803,115.43055410817544,ICV_113_CASE_25_with_r_theta_phi.csv,0.13195850855392824,0.4545295741729698,-0.8907316465704689,0.9031064262828906,-0.42941679381056574,0.0,8.647877e-05,-8.647877257317305e-05,0.0,ICV_113_CASE_25_with_r_theta_phi.csv
11.70678035,-2.65,-0.9974374124,0.0,-4879.53391,0.669718673,404.3927058,1605.876275,51.63649025,0.0003201534931,0.01849977193,335.060869437349,152.342283465922,0.29177605993241,831.324796353616,810.003352604872,0.0006312405364473,0.0314163498458109,0.0005436204477675,317.714231223494,163.4521716395746,19.072951650594405,118.58854641466596,63.93657687550305,0.9680400297064216,12.044338402535914,347.24522293379977,94.75032143866724,ICV_113_CASE_25_with_r_theta_phi.csv,0.681867921430179,-0.22077875394091048,0.9753239163520491,0.9965650379145294,-0.0828137984058967,0.0,-0.00024761684,0.0002476168447174132,0.0,ICV_113_CASE_25_with_r_theta_phi.csv
13.04861839,0.9568,-0.9952058821,0.0,2941.458173,0.6712765223,330.6421551,472.6449624,15.03601769,0.000543610539,0.03141212859,335.060869437349,152.342283465922,0.29177605993241,831.324796353616,810.003352604872,0.0006312405364473,0.0314163498458109,0.0005436204477675,317.714231223494,163.4521716395746,19.072951650594405,118.58854641466596,63.93657687550305,0.9680400297064216,13.12144591406041,4.19375179887129,94.34981852500988,ICV_113_CASE_25_with_r_theta_phi.csv,0.742846369186629,0.07312943787111603,0.9973224580428611,0.9971195627848647,-0.07584574814529946,0.0,2.4932991e-05,-2.4932991436799057e-05,0.0,ICV_113_CASE_25_with_r_theta_phi.csv
12.69010081,-2.405237587,-0.9873358862,0.00422735,1882.807657,0.6728261269,330.4797903,379.7078427,17.29311234,0.0005436167891,0.03141261796,335.060869437349,152.342283465922,0.29177605993241,831.324796353616,810.003352604872,0.0006312405364473,0.0314163498458109,0.0005436204477675,317.714231223494,163.4521716395746,19.072951650594405,118.58854641466596,63.93657687550305,0.9680400297064216,12.95371215405293,349.2676651074238,94.37134133177403,ICV_113_CASE_25_with_r_theta_phi.csv,0.7333504328829888,-0.1862211236541145,0.9825078590550811,0.9970910014463584,-0.07622030460906044,0.00422735,0.00436115,-0.00013379985495805703,3.1651000018074207,ICV_113_CASE_25_with_r_theta_phi.csv
15.41032657,0.9568,-0.9845718621,0.0,3356.270738,0.6689911936,330.9479014,163.3732331,8.888207463,0.0005436146103,0.03141314048,335.060869437349,152.342283465922,0.29177605993241,831.324796353616,810.003352604872,0.0006312405364473,0.0314163498458109,0.0005436204477675,317.714231223494,163.4521716395746,19.072951650594405,118.58854641466596,63.93657687550305,0.9680400297064216,15.471361057957605,3.552833259731358,93.64867435622108,ICV_113_CASE_25_with_r_theta_phi.csv,0.8758824647490979,0.06196890785755206,0.9980780803418849,0.9979730260075456,-0.06363834819778794,0.0,9.25392e-06,-9.253920325136278e-06,0.0,ICV_113_CASE_25_with_r_theta_phi.csv
13.4041497,0.9568,-0.9813680628,0.0,3110.082797,0.6704365355,331.0546813,633.9655326,17.93803043,0.000543610707,0.03141216722,335.060869437349,152.342283465922,0.29177605993241,831.324796353616,810.003352604872,0.0006312405364473,0.0314163498458109,0.0005436204477675,317.714231223494,163.4521716395746,19.072951650594405,118.58854641466596,63.93657687550305,0.9680400297064216,13.474040919289724,4.08289811857037,94.17677819885417,ICV_113_CASE_25_with_r_theta_phi.csv,0.7628078826618528,0.07119972089862489,0.9974620793513695,0.9973440785248282,-0.07283398266922707,0.0,2.4932991e-05,-2.4932991436799057e-05,0.0,ICV_113_CASE_25_with_r_theta_phi.csv
17.35708045,-0.7840585735,-0.979875897,0.00422731461,3845.343516,0.6733852497,328.1120602,11.7420589,1.995919332,0.0005436153097,0.0314132892,335.060869437349,152.342283465922,0.29177605993241,831.324796353616,810.003352604872,0.0006312405364473,0.0314163498458109,0.0005436204477675,317.714231223494,163.4521716395746,19.072951650594405,118.58854641466596,63.93657687550305,0.9680400297064216,17.402389099430362,357.4135783465856,93.22785923051816,ICV_113_CASE_25_with_r_theta_phi.csv,0.9852040424777001,-0.0451262439641463,0.9989812921700227,0.9984135037687852,-0.05630697551935986,0.00422731461,0.0043863975,-0.0001590829342945953,3.7632149232669274,ICV_113_CASE_25_with_r_theta_phi.csv
12.5487141,-2.528391024,-0.9766740846,0.0,-1389.505348,0.6326402598,356.1106618,1348.736475,33.15530734,0.0005779781249,0.03339040496,335.060869437349,152.342283465922,0.29177605993241,831.324796353616,810.003352604872,0.0006312405364473,0.0314163498458109,0.0005436204477675,317.714231223494,163.4521716395746,19.072951650594405,118.58854641466596,63.93657687550305,0.9680400297064216,12.838102624660385,348.6082205404611,94.36306080026276,ICV_113_CASE_25_with_r_theta_phi.csv,0.7268054133999912,-0.19751669345089257,0.9802995235172902,0.9971020065852394,-0.07607620169073341,0.0,-0.001156604,0.001156604033894837,0.0,ICV_113_CASE_25_with_r_theta_phi.csv
11.68924909,-2.532651136,-0.9695473485,0.0,-5067.238592,0.6486086854,360.7509644,836.9129787,47.65054365,0.0005664435793,0.03273158921,335.060869437349,152.342283465922,0.29177605993241,831.324796353616,810.003352604872,0.0006312405364473,0.0314163498458109,0.0005436204477675,317.714231223494,163.4521716395746,19.072951650594405,118.58854641466596,63.93657687550305,0.9680400297064216,11.999703668246616,347.77496862007627,94.63441370729277,ICV_113_CASE_25_with_r_theta_phi.csv,0.6793410085789905,-0.21175178972661707,0.9773234774359892,0.9967305285800506,-0.08079760761639422,0.0,-0.001156604,0.001156604033894837,0.0,ICV_113_CASE_25_with_r_theta_phi.csv
13.54971695,0.9568,-0.9670260474,0.0,3175.064425,0.6701715675,331.1899239,809.991358,20.34327228,0.0005436107932,0.03141218734,335.060869437349,152.342283465922,0.29177605993241,831.324796353616,810.003352604872,0.0006312405364473,0.0314163498458109,0.0005436204477675,317.714231223494,163.4521716395746,19.072951650594405,118.58854641466596,63.93657687550305,0.9680400297064216,13.617835181902716,4.039180716996668,94.07209975214148,ICV_113_CASE_25_with_r_theta_phi.csv,0.7709485286387927,0.07043862411420428,0.9975161152747848,0.997475480437667,-0.07101173090162864,0.0,2.4932991e-05,-2.4932991436799057e-05,0.0,ICV_113_CASE_25_with_r_theta_phi.csv
1.79790862,0.9568,-0.9651546579,0.0,2530.674473,0.6734292205,328.4355132,89.91080871,5.379968624,0.0005436186805,0.03141459821,335.060869437349,152.342283465922,0.29177605993241,831.324796353616,810.003352604872,0.0006312405364473,0.0314163498458109,0.0005436204477675,317.714231223494,163.4521716395746,19.072951650594405,118.58854641466596,63.93657687550305,0.9680400297064216,2.2537668822521044,28.020741638376307,115.35596086703627,ICV_113_CASE_25_with_r_theta_phi.csv,0.12759283972508223,0.46979116777035096,0.8827775816619778,0.9036647174885933,-0.42824067808448657,0.0,1.5646157e-05,-1.564615740790032e-05,0.0,ICV_113_CASE_25_with_r_theta_phi.csv
12.86794572,-2.414391722,-0.9647344767,0.00422737468,2688.174891,0.6713602384,331.4715132,301.3931788,16.13038096,0.0005436049149,0.03141205232,335.060869437349,152.342283465922,0.29177605993241,831.324796353616,810.003352604872,0.0006312405364473,0.0314163498458109,0.0005436204477675,317.714231223494,163.4521716395746,19.072951650594405,118.58854641466596,63.93657687550305,0.9680400297064216,13.127986405030365,349.37323944666366,94.21428573089544,ICV_113_CASE_25_with_r_theta_phi.csv,0.7432166469747289,-0.18441042008556394,0.9828493256668928,0.9972961855222934,-0.07348685829917814,0.00422737468,0.0043760673,-0.00014869263429696106,3.5173753338037996,ICV_113_CASE_25_with_r_theta_phi.csv
11.50332011,-2.416392036,-0.959713254,0.004226695281,4258.341777,0.6774794145,333.450218,66.15003568,14.32816776,0.0005436167654,0.03141394707,335.060869437349,152.342283465922,0.29177605993241,831.324796353616,810.003352604872,0.0006312405364473,0.0314163498458109,0.0005436204477675,317.714231223494,163.4521716395746,19.072951650594405,118.58854641466596,63.93657687550305,0.9680400297064216,11.793488608324422,348.1369063645169,94.667693468297,ICV_113_CASE_25_with_r_theta_phi.csv,0.6676665247196578,-0.2055738482562725,0.9786416059585383,0.9966834298500162,-0.08137653631365604,0.004226695281,0.0042561153,-2.9420013992923627e-05,0.6960524009907469,ICV_113_CASE_25_with_r_theta_phi.csv
1.201548727,0.9568,-0.9578252354,0.0,7447.742492,0.6724741015,343.2359674,670.7509859,61.79921141,0.0005436191112,0.03141508501,335.060869437349,152.342283465922,0.29177605993241,831.324796353616,810.003352604872,0.0006312405364473,0.0314163498458109,0.0005436204477675,317.714231223494,163.4521716395746,19.072951650594405,118.58854641466596,63.93657687550305,0.9680400297064216,1.8101421946699063,38.53050681185954,121.94761248464364,ICV_113_CASE_25_with_r_theta_phi.csv,0.1024778493032674,0.6229312436384767,0.7822765915576285,0.8485322651358651,-0.5291436430907943,0.0,1.5646157e-05,-1.564615740790032e-05,0.0,ICV_113_CASE_25_with_r_theta_phi.csv
10.62498539,-2.417435419,-0.9570820204,0.004227337427,4732.762435,0.6714855534,331.33116,58.52688302,7.996530997,0.0005436181444,0.03141449971,335.060869437349,152.342283465922,0.29177605993241,831.324796353616,810.003352604872,0.0006312405364473,0.0314163498458109,0.0005436204477675,317.714231223494,163.4521716395746,19.072951650594405,118.58854641466596,63.93657687550305,0.9680400297064216,10.93847862074622,347.18206418880686,95.0196168375938,ICV_113_CASE_25_with_r_theta_phi.csv,0.6192617171206584,-0.22185374649840672,0.9750799532164636,0.9961647994597028,-0.0874968131843106,0.004227337427,0.0041981484,2.9189046035005446e-05,0.6904829938975348,ICV_113_CASE_25_with_r_theta_phi.csv
-1.750641292,0.9568,-0.9545324035,0.0,5543.337935,0.6654351823,334.5360632,538.5422473,21.75783104,0.0005436190919,0.03141512524,335.060869437349,152.342283465922,0.29177605993241,831.324796353616,810.003352604872,0.0006312405364473,0.0314163498458109,0.0005436204477675,317.714231223494,163.4521716395746,19.072951650594405,118.58854641466596,63.93657687550305,0.9680400297064216,2.211638144585799,151.34151720811315,115.5688380996536,ICV_113_CASE_25_with_r_theta_phi.csv,0.12520779923344735,0.4795877808086245,-0.8774939090951337,0.9020673948412858,-0.43159519826366904,0.0,8.647877e-05,-8.647877257317305e-05,0.0,ICV_113_CASE_25_with_r_theta_phi.csv
8.009769263999999,-2.422981172,-0.9429539962,0.004227380734,7345.097974,0.6664577408,337.2959121,357.8079061,28.8996687,0.0005436185749,0.03141482005,335.060869437349,152.342283465922,0.29177605993241,831.324796353616,810.003352604872,0.0006312405364473,0.0314163498458109,0.0005436204477675,317.714231223494,163.4521716395746,19.072951650594405,118.58854641466596,63.93657687550305,0.9680400297064216,8.421187782096723,343.16926382369326,96.42911998213695,ICV_113_CASE_25_with_r_theta_phi.csv,0.4767499564560986,-0.289545306959851,0.9571643094148077,0.9937111378924333,-0.11197398996430158,0.004227380734,0.003472733,0.0007546476554755295,17.851423914281746,ICV_113_CASE_25_with_r_theta_phi.csv
14.97209158,0.9568,-0.9328868966,0.0,3143.143191,0.6695090676,331.4009239,379.9513233,17.00018446,0.0005436143897,0.03141308398,335.060869437349,152.342283465922,0.29177605993241,831.324796353616,810.003352604872,0.0006312405364473,0.0314163498458109,0.0005436204477675,317.714231223494,163.4521716395746,19.072951650594405,118.58854641466596,63.93657687550305,0.9680400297064216,15.031609045000968,3.6565469961361146,93.55815891002923,ICV_113_CASE_25_with_r_theta_phi.csv,0.8509867186318727,0.06377547257066542,0.9979642724558772,0.9980723160121354,-0.06206167907954212,0.0,9.25392e-06,-9.253920325136278e-06,0.0,ICV_113_CASE_25_with_r_theta_phi.csv
14.00709494,-2.428842328,-0.9277526309,0.004227393772,3203.477025,0.6717101828,329.8522212,93.5296712,6.038115454,0.0005436117786,0.03141261369,335.060869437349,152.342283465922,0.29177605993241,831.324796353616,810.003352604872,0.0006312405364473,0.0314163498458109,0.0005436204477675,317.714231223494,163.4521716395746,19.072951650594405,118.58854641466596,63.93657687550305,0.9680400297064216,14.246357732999686,350.1626798600178,93.73386339957824,ICV_113_CASE_25_with_r_theta_phi.csv,0.8065311693090557,-0.17085131763201633,0.9852968219087098,0.9978773035921418,-0.0651220928385785,0.004227393772,0.0043799113,-0.0001525175762236864,3.607839354777003,ICV_113_CASE_25_with_r_theta_phi.csv
14.77197945,0.9568,-0.9250490963,0.0,3872.76332,0.6696898641,337.312831,1453.407813,63.74107788,0.0005436138019,0.03141292819,335.060869437349,152.342283465922,0.29177605993241,831.324796353616,810.003352604872,0.0006312405364473,0.0314163498458109,0.0005436204477675,317.714231223494,163.4521716395746,19.072951650594405,118.58854641466596,63.93657687550305,0.9680400297064216,14.8318090245859,3.7059441577894177,93.57581675884752,ICV_113_CASE_25_with_r_theta_phi.csv,0.8396754103583153,0.06463583678573116,0.9979089179895169,0.9980531419742145,-0.06236926963977169,0.0,9.25392e-06,-9.253920325136278e-06,0.0,ICV_113_CASE_25_with_r_theta_phi.csv
11.34590611,-2.430547946,-0.9232749756,0.004227026831,4377.861958,0.6754748837,332.3062711,56.13055505,11.07349903,0.0005436175477,0.03141424966,335.060869437349,152.342283465922,0.29177605993241,831.324796353616,810.003352604872,0.0006312405364473,0.0314163498458109,0.0005436204477675,317.714231223494,163.4521716395746,19.072951650594405,118.58854641466596,63.93657687550305,0.9680400297064216,11.639999375228047,347.90870792402444,94.5494321283918,ICV_113_CASE_25_with_r_theta_phi.csv,0.6589770159367345,-0.20946995508510982,0.9778150837027634,0.9968492718657763,-0.07931916023680283,0.004227026831,0.0042561153,-2.9088463992923974e-05,0.6881542310712253,ICV_113_CASE_25_with_r_theta_phi.csv
0.2171702365,0.9568,-0.9203309208,0.0,23957.55908,0.6651429183,365.7142903,578.0274427,74.27900894,0.0005436193142,0.03141561584,335.060869437349,152.342283465922,0.29177605993241,831.324796353616,810.003352604872,0.0006312405364473,0.0314163498458109,0.0005436204477675,317.714231223494,163.4521716395746,19.072951650594405,118.58854641466596,63.93657687550305,0.9680400297064216,1.3452279194999046,77.21192395755571,133.16840129426714,ICV_113_CASE_25_with_r_theta_phi.csv,0.07615758829277955,0.9751954401596699,0.2213455522295122,0.7293460452674978,-0.6841449745870104,0.0,-3.2901674e-08,3.290167427394408e-08,0.0,ICV_113_CASE_25_with_r_theta_phi.csv
1.012982293,1.01,-0.9203068858,0.0,42985.7023,0.6599015158,382.7355028,332.5170736,63.94110393,0.0005436200013,0.03141634966,335.060869437349,152.342283465922,0.29177605993241,831.324796353616,810.003352604872,0.0006312405364473,0.0314163498458109,0.0005436204477675,317.714231223494,163.4521716395746,19.072951650594405,118.58854641466596,63.93657687550305,0.9680400297064216,1.70094029583123,44.91553426889709,122.75567179295632,ICV_113_CASE_25_with_r_theta_phi.csv,0.09629558596187213,0.7060635927613439,0.7081484328704987,0.8409854569900813,-0.5410577243984084,0.0,-3.2901674e-08,3.290167427394408e-08,0.0,ICV_113_CASE_25_with_r_theta_phi.csv
13.82079769,0.9568,-0.9202995581,0.0,-7062.642146,0.6701200447,339.8588954,4125.356946,115.6272257,0.0005436109203,0.03141221789,335.060869437349,152.342283465922,0.29177605993241,831.324796353616,810.003352604872,0.0006312405364473,0.0314163498458109,0.0005436204477675,317.714231223494,163.4521716395746,19.072951650594405,118.58854641466596,63.93657687550305,0.9680400297064216,13.884410909525416,3.960210930989149,93.80051900134772,ICV_113_CASE_25_with_r_theta_phi.csv,0.7860402199565621,0.06906369836477774,0.9976122521141062,0.9978008679234124,-0.06628293876470012,0.0,1.0015358e-05,-1.0015358384407591e-05,0.0,ICV_113_CASE_25_with_r_theta_phi.csv
14.61665219,1.01,-0.9202824639,0.0,-28363.75886,0.6986495956,347.447987,4517.714612,187.0614052,0.000477505848,0.02759273936,335.060869437349,152.342283465922,0.29177605993241,831.324796353616,810.003352604872,0.0006312405364473,0.0314163498458109,0.0005436204477675,317.714231223494,163.4521716395746,19.072951650594405,118.58854641466596,63.93657687550305,0.9680400297064216,14.680379458882992,3.9528133656939417,93.59410991845716,ICV_113_CASE_25_with_r_theta_phi.csv,0.8311025058318885,0.06893489420505847,0.9976211607423618,0.9980331781026801,-0.0626879207364867,0.0,2.4094177e-06,-2.409417675153236e-06,0.0,ICV_113_CASE_25_with_r_theta_phi.csv
13.68439051,0.9568,-0.9202255655,0.0,4175.61475,0.6710803389,334.5005095,2898.193388,61.525035,0.0005436108068,0.03141219163,335.060869437349,152.342283465922,0.29177605993241,831.324796353616,810.003352604872,0.0006312405364473,0.0314163498458109,0.0005436204477675,317.714231223494,163.4521716395746,19.072951650594405,118.58854641466596,63.93657687550305,0.9680400297064216,13.748629930344984,3.999559169275756,93.83779970999323,ICV_113_CASE_25_with_r_theta_phi.csv,0.7783532311864673,0.0697487985365483,0.9975645869329505,0.9977575283119791,-0.0669321648893132,0.0,2.4932991e-05,-2.4932991436799057e-05,0.0,ICV_113_CASE_25_with_r_theta_phi.csv
0.04372315908,0.9568,-0.9185187791,0.0,1678.924468,0.6707526417,334.9821192,485.4599734,32.93434957,0.0005436184208,0.03141460943,335.060869437349,152.342283465922,0.29177605993241,831.324796353616,810.003352604872,0.0006312405364473,0.0314163498458109,0.0005436204477675,317.714231223494,163.4521716395746,19.072951650594405,118.58854641466596,63.93657687550305,0.9680400297064216,1.3270473624551948,87.38355886700936,133.80071818450847,ICV_113_CASE_25_with_r_theta_phi.csv,0.07512832971267282,0.9989575116667889,0.045649642764181056,0.72175155224548,-0.6921522208526387,0.0,7.285371e-07,-7.285370884346776e-07,0.0,ICV_113_CASE_25_with_r_theta_phi.csv
13.07732959,-2.433724468,-0.9148689595,0.004227382597,2963.702186,0.6719948392,330.8945975,210.9966557,12.95991203,0.000543604944,0.03141211474,335.060869437349,152.342283465922,0.29177605993241,831.324796353616,810.003352604872,0.0006312405364473,0.0314163498458109,0.0005436204477675,317.714231223494,163.4521716395746,19.072951650594405,118.58854641466596,63.93657687550305,0.9680400297064216,13.333287261762871,349.45771260128856,93.93446476877546,ICV_113_CASE_25_with_r_theta_phi.csv,0.7548393749129073,-0.18296117134369347,0.98312014005438,0.9976431855329619,-0.06861540905397372,0.004227382597,0.004380894,-0.00015351129653990575,3.6313556433839906,ICV_113_CASE_25_with_r_theta_phi.csv
14.62426982,0.9568,-0.9099988918,0.0,-18401.37841,0.6688124957,351.9927963,2941.735972,148.3947377,0.0005436134104,0.03141282644,335.060869437349,152.342283465922,0.29177605993241,831.324796353616,810.003352604872,0.0006312405364473,0.0314163498458109,0.0005436204477675,317.714231223494,163.4521716395746,19.072951650594405,118.58854641466596,63.93657687550305,0.9680400297064216,14.683760825866106,3.743269443766849,93.55307670480364,ICV_113_CASE_25_with_r_theta_phi.csv,0.8312939356638404,0.06528590992546769,0.9978665992832928,0.998077817032064,-0.0619731486089727,0.0,9.25392e-06,-9.253920325136278e-06,0.0,ICV_113_CASE_25_with_r_theta_phi.csv
1.020648332,0.9568,-0.9099575201,0.0,29154.65439,0.6671683799,368.7819365,650.2838052,84.46587737,0.0005436196781,0.03141589081,335.060869437349,152.342283465922,0.29177605993241,831.324796353616,810.003352604872,0.0006312405364473,0.0314163498458109,0.0005436204477675,317.714231223494,163.4521716395746,19.072951650594405,118.58854641466596,63.93657687550305,0.9680400297064216,1.668895426921928,43.15066244095743,123.04143358966844,ICV_113_CASE_25_with_r_theta_phi.csv,0.09448142503202914,0.6839191352483124,0.7295578225481518,0.8382764915757389,-0.5452453793215218,0.0,-3.2901674e-08,3.290167427394408e-08,0.0,ICV_113_CASE_25_with_r_theta_phi.csv
13.81310148,1.01,-0.9099079402,0.0,-15238.36675,0.6952246527,337.7798351,4851.061361,133.3949501,0.0005436108978,0.03141221386,335.060869437349,152.342283465922,0.29177605993241,831.324796353616,810.003352604872,0.0006312405364473,0.0314163498458109,0.0005436204477675,317.714231223494,163.4521716395746,19.072951650594405,118.58854641466596,63.93657687550305,0.9680400297064216,13.879834471506395,4.181967200685335,93.75878394089489,ICV_113_CASE_25_with_r_theta_phi.csv,0.7857811333903024,0.07292430700328399,0.9973374782129121,0.9978488846439684,-0.06555610890518374,0.0,1.0015358e-05,-1.0015358384407591e-05,0.0,ICV_113_CASE_25_with_r_theta_phi.csv
0.2093544684,1.01,-0.9097751228,0.0,37256.96924,0.6586029993,387.451564,482.2107723,98.85804495,0.000543620001,0.03141635345,335.060869437349,152.342283465922,0.29177605993241,831.324796353616,810.003352604872,0.0006312405364473,0.0314163498458109,0.0005436204477675,317.714231223494,163.4521716395746,19.072951650594405,118.58854641466596,63.93657687550305,0.9680400297064216,1.3753617951305763,78.28947355936702,131.4128884907076,ICV_113_CASE_25_with_r_theta_phi.csv,0.07786356187590267,0.9791855378015794,0.20296719577368103,0.7499622907989136,-0.661480583524298,0.0,-3.2901674e-08,3.290167427394408e-08,0.0,ICV_113_CASE_25_with_r_theta_phi.csv
-1.606408536,0.9568,-0.9015090633,0.0,5162.614773,0.6684115951,333.4070871,488.3379928,22.64121221,0.0005436190457,0.03141508874,335.060869437349,152.342283465922,0.29177605993241,831.324796353616,810.003352604872,0.0006312405364473,0.0314163498458109,0.0005436204477675,317.714231223494,163.4521716395746,19.072951650594405,118.58854641466596,63.93657687550305,0.9680400297064216,2.0757488325290483,149.2213645188101,115.74110781280456,ICV_113_CASE_25_with_r_theta_phi.csv,0.11751467739811229,0.5117225392866993,-0.859150768367213,0.9007656534858718,-0.4343054656577216,0.0,8.647877e-05,-8.647877257317305e-05,0.0,ICV_113_CASE_25_with_r_theta_phi.csv
1.403009349,0.9568,-0.89802607,0.0,4835.359303,0.6709181396,335.9526557,260.3521666,27.33504454,0.0005436190527,0.03141500695,335.060869437349,152.342283465922,0.29177605993241,831.324796353616,810.003352604872,0.0006312405364473,0.0314163498458109,0.0005436204477675,317.714231223494,163.4521716395746,19.072951650594405,118.58854641466596,63.93657687550305,0.9680400297064216,1.9210289679703032,34.29252792481867,117.87028338263208,ICV_113_CASE_25_with_r_theta_phi.csv,0.10875549869316842,0.5634183107557585,0.8261717782066437,0.8840082043266911,-0.4674713838119923,0.0,1.5646157e-05,-1.564615740790032e-05,0.0,ICV_113_CASE_25_with_r_theta_phi.csv
12.5892506,-2.65,-0.893148041,0.0,-1636.102876,0.6778212977,444.7667365,1651.97706,27.31843978,0.0003091721671,0.01786327699,335.060869437349,152.342283465922,0.29177605993241,831.324796353616,810.003352604872,0.0006312405364473,0.0314163498458109,0.0005436204477675,317.714231223494,163.4521716395746,19.072951650594405,118.58854641466596,63.93657687550305,0.9680400297064216,12.896101895252784,348.11294810438386,93.97132496013444,ICV_113_CASE_25_with_r_theta_phi.csv,0.7300889347327177,-0.20598304977081403,0.9785555595913368,0.9975988366179895,-0.06925721029924432,0.0,-0.0002638106,0.00026381059433333576,0.0,ICV_113_CASE_25_with_r_theta_phi.csv
-0.3285642757,0.9568,-0.8915988605,0.0,2762.588004,0.6686778796,334.141804,308.6672345,22.25060663,0.0005436187419,0.03141485748,335.060869437349,152.342283465922,0.29177605993241,831.324796353616,810.003352604872,0.0006312405364473,0.0314163498458109,0.0005436204477675,317.714231223494,163.4521716395746,19.072951650594405,118.58854641466596,63.93657687550305,0.9680400297064216,1.3484692251998798,108.95242632377432,131.39094671459085,ICV_113_CASE_25_with_r_theta_phi.csv,0.07634108881447665,0.94578857450223,-0.3247829619007744,0.7502155539147797,-0.6611933322896869,0.0,-3.2901674e-08,3.290167427394408e-08,0.0,ICV_113_CASE_25_with_r_theta_phi.csv
-0.1338134365,0.9568,-0.8889743088,0.0,2165.348978,0.6685031342,334.5429531,265.1025842,21.90204069,0.0005436186465,0.03141478568,335.060869437349,152.342283465922,0.29177605993241,831.324796353616,810.003352604872,0.0006312405364473,0.0314163498458109,0.0005436204477675,317.714231223494,163.4521716395746,19.072951650594405,118.58854641466596,63.93657687550305,0.9680400297064216,1.312877601870935,97.96147218011384,132.61891612215663,ICV_113_CASE_25_with_r_theta_phi.csv,0.07432613494913826,0.9903614300345321,-0.1385071763482183,0.7358735773444041,-0.6771189542217448,0.0,-3.2901674e-08,3.290167427394408e-08,0.0,ICV_113_CASE_25_with_r_theta_phi.csv
-0.6138210984,0.9568,-0.8885731816,0.0,3425.885292,0.6677759156,334.2736775,380.1207716,22.82908218,0.0005436188234,0.03141491717,335.060869437349,152.342283465922,0.29177605993241,831.324796353616,810.003352604872,0.0006312405364473,0.0314163498458109,0.0005436204477675,317.714231223494,163.4521716395746,19.072951650594405,118.58854641466596,63.93657687550305,0.9680400297064216,1.442846104024864,122.68160989609588,128.0135277717102,ICV_113_CASE_25_with_r_theta_phi.csv,0.0816840610927971,0.8416841383770755,-0.539970194737117,0.787865371410668,-0.6158475107783825,0.0,1.3107634e-05,-1.3107634003972635e-05,0.0,ICV_113_CASE_25_with_r_theta_phi.csv
13.23498181,0.9568,-0.8869524356,0.0,2984.799458,0.670516498,331.4076524,577.5380848,18.57855728,0.000543610589,0.03141214101,335.060869437349,152.342283465922,0.29177605993241,831.324796353616,810.003352604872,0.0006312405364473,0.0314163498458109,0.0005436204477675,317.714231223494,163.4521716395746,19.072951650594405,118.58854641466596,63.93657687550305,0.9680400297064216,13.29913133907804,4.134905338895692,93.8240376845598,ICV_113_CASE_25_with_r_theta_phi.csv,0.7529057005816768,0.072105085009012,0.9973970406592568,0.9977735761446827,-0.06669250893054834,0.0,2.4932991e-05,-2.4932991436799057e-05,0.0,ICV_113_CASE_25_with_r_theta_phi.csv
-2.414463889,0.3914661997,-0.8815431595,0.004227322061,7753.708268,0.6668622983,335.6731883,234.662221,20.96184791,0.0005436191822,0.0314152141,335.060869437349,152.342283465922,0.29177605993241,831.324796353616,810.003352604872,0.0006312405364473,0.0314163498458109,0.0005436204477675,317.714231223494,163.4521716395746,19.072951650594405,118.58854641466596,63.93657687550305,0.9680400297064216,2.599999999779578,170.7905569898029,109.81931376625936,ICV_113_CASE_25_with_r_theta_phi.csv,0.147194186705589,0.1600438770459387,-0.9871099013889509,0.9407665307376025,-0.3390550613748977,0.004227322061,0.0034788754,0.0007484466772652966,17.704983587439205,ICV_113_CASE_25_with_r_theta_phi.csv
17.51245049,-0.2741010959,-0.8763864466,0.004227370489,4005.008232,0.6715829184,329.0941595,15.81148426,2.469375223,0.0005436156804,0.03141341114,335.060869437349,152.342283465922,0.29177605993241,831.324796353616,810.003352604872,0.0006312405364473,0.0314163498458109,0.0005436204477675,317.714231223494,163.4521716395746,19.072951650594405,118.58854641466596,63.93657687550305,0.9680400297064216,17.536507827365714,359.1032920433289,92.86454805457448,ICV_113_CASE_25_with_r_theta_phi.csv,0.9927969259708178,-0.015649867379044148,0.9998775333264661,0.9987504705418503,-0.04997496965914705,0.004227370489,0.0043863975,-0.0001590270552945961,3.7618433414052648,ICV_113_CASE_25_with_r_theta_phi.csv
11.13981999,-2.447973524,-0.8760283246,0.004227262456,4513.449392,0.6732378565,332.1024425,47.80870252,8.886369453,0.0005436180005,0.03141442945,335.060869437349,152.342283465922,0.29177605993241,831.324796353616,810.003352604872,0.0006312405364473,0.0314163498458109,0.0005436204477675,317.714231223494,163.4521716395746,19.072951650594405,118.58854641466596,63.93657687550305,0.9680400297064216,11.439212796749176,347.60625427512167,94.39207812938172,ICV_113_CASE_25_with_r_theta_phi.csv,0.6476098555047726,-0.2146287145950317,0.9766957125283618,0.9970633500786705,-0.07658117216325788,0.004227262456,0.004201718,2.5544315606504213e-05,0.6042756007307972,ICV_113_CASE_25_with_r_theta_phi.csv
11.64660452,-2.448271046,-0.8751964836,0.002322072629,-2329.743475,0.6774067387,339.2577784,247.5969045,30.8215226,0.000543599256,0.03141257424,335.060869437349,152.342283465922,0.29177605993241,831.324796353616,810.003352604872,0.0006312405364473,0.0314163498458109,0.0005436204477675,317.714231223494,163.4521716395746,19.072951650594405,118.58854641466596,63.93657687550305,0.9680400297064216,11.93328943941578,348.1285169659914,94.2058921059642,ICV_113_CASE_25_with_r_theta_phi.csv,0.6755810899638895,-0.20571714132642935,0.9786114948050028,0.9973069403802155,-0.07334075721897879,0.002322072629,0.00053232297,0.0017897496583153824,77.07552447725902,ICV_113_CASE_25_with_r_theta_phi.csv
12.59848786,-2.451463872,-0.8662129569,0.002059569117,116.5356943,0.6752945997,329.8351091,1269.465502,30.61409102,0.0005434073276,0.03139192531,335.060869437349,152.342283465922,0.29177605993241,831.324796353616,810.003352604872,0.0006312405364473,0.0314163498458109,0.0005436204477675,317.714231223494,163.4521716395746,19.072951650594405,118.58854641466596,63.93657687550305,0.9680400297064216,12.863976693114385,348.98875597712885,93.8610089246954,ICV_113_CASE_25_with_r_theta_phi.csv,0.7282702258858273,-0.19100163134391254,0.9815897191922723,0.997730333758091,-0.06733632822606528,0.002059569117,0.002833705,-0.0007741358127988413,37.58727036801691,ICV_113_CASE_25_with_r_theta_phi.csv
-1.001719263,0.9568,-0.8646410094,0.0,4414.798268,0.6680293338,334.1532821,433.0975527,23.67735867,0.0005436189236,0.03141499549,335.060869437349,152.342283465922,0.29177605993241,831.324796353616,810.003352604872,0.0006312405364473,0.0314163498458109,0.0005436204477675,317.714231223494,163.4521716395746,19.072951650594405,118.58854641466596,63.93657687550305,0.9680400297064216,1.6329457422099225,136.31386660441154,121.97152250085368,ICV_113_CASE_25_with_r_theta_phi.csv,0.09244620018435427,0.690707419852525,-0.7231343306472648,0.8483113751141359,-0.5294976967390546,0.0,1.6147647e-05,-1.61476473294897e-05,0.0,ICV_113_CASE_25_with_r_theta_phi.csv
7.358706184,0.9568,-0.8637038851,0.0,2768.008506,0.669280421,329.8343042,100.8492807,2.188714202,0.0005436168806,0.03141379394,335.060869437349,152.342283465922,0.29177605993241,831.324796353616,810.003352604872,0.0006312405364473,0.0314163498458109,0.0005436204477675,317.714231223494,163.4521716395746,19.072951650594405,118.58854641466596,63.93657687550305,0.9680400297064216,7.470743426431983,7.408199955485941,96.63889692143256,ICV_113_CASE_25_with_r_theta_phi.csv,0.4229423087819257,0.12893751948804166,0.9916527194881638,0.9932945082372101,-0.11561150421043245,0.0,1.6845755e-05,-1.684575545368716e-05,0.0,ICV_113_CASE_25_with_r_theta_phi.csv
-2.337582291,-0.7453822093,-0.8602990152,0.004227324855,8686.713156,0.6649945281,340.056027,399.9378763,35.18373815,0.000543619202,0.0314152735,335.060869437349,152.342283465922,0.29177605993241,831.324796353616,810.003352604872,0.0006312405364473,0.0314163498458109,0.0005436204477675,317.714231223494,163.4521716395746,19.072951650594405,118.58854641466596,63.93657687550305,0.9680400297064216,2.6000000001330474,197.68586303385527,109.32245383244322,ICV_113_CASE_25_with_r_theta_phi.csv,0.14719418672560003,-0.303797995213223,-0.9527364683397117,0.9436713527339162,-0.3308842365984526,0.004227324855,0.0034860861,0.0007412387062313364,17.534462845439204,ICV_113_CASE_25_with_r_theta_phi.csv
11.64027241,-2.65,-0.8546751466,0.0,-10312.66822,0.6671341289,411.4035241,1323.491706,56.45699911,0.0003262621151,0.01885309019,335.060869437349,152.342283465922,0.29177605993241,831.324796353616,810.003352604872,0.0006312405364473,0.0314163498458109,0.0005436204477675,317.714231223494,163.4521716395746,19.072951650594405,118.58854641466596,63.93657687550305,0.9680400297064216,11.968663725964689,347.1747507088221,94.09494274942917,ICV_113_CASE_25_with_r_theta_phi.csv,0.6775837397097736,-0.22197820809417748,0.9750516269056209,0.9974470898155723,-0.0714094042717469,0.0,-0.00014469636,0.0001446963578928262,0.0,ICV_113_CASE_25_with_r_theta_phi.csv
11.87226863,0.9568,-0.8468040492,0.0,3075.672999,0.6727676834,328.5018825,130.3328669,4.022327561,0.0005436107091,0.03141214706,335.060869437349,152.342283465922,0.29177605993241,831.324796353616,810.003352604872,0.0006312405364473,0.0314163498458109,0.0005436204477675,317.714231223494,163.4521716395746,19.072951650594405,118.58854641466596,63.93657687550305,0.9680400297064216,11.940825170842407,4.607575727901747,94.0666417594465,ICV_113_CASE_25_with_r_theta_phi.csv,0.6760077114479927,0.08033071912137246,0.9967682657295241,0.9974822404853263,-0.07091671112208847,0.0,6.8410236e-06,-6.841023605375085e-06,0.0,ICV_113_CASE_25_with_r_theta_phi.csv
-0.6383522207,-2.376957922,-0.8381989511,0.004227333236,19261.48152,0.66171028,351.5993828,342.4056802,47.81605762,0.000543619596,0.03141579031,335.060869437349,152.342283465922,0.29177605993241,831.324796353616,810.003352604872,0.0006312405364473,0.0314163498458109,0.0005436204477675,317.714231223494,163.4521716395746,19.072951650594405,118.58854641466596,63.93657687550305,0.9680400297064216,2.600000000433908,254.9674335400404,108.8071733538738,ICV_113_CASE_25_with_r_theta_phi.csv,0.1471941867426327,-0.9657785596041855,-0.25936802773060685,0.9466089054686879,-0.3223842119077371,0.004227333236,0.0034809487,0.0007463844953835589,17.656154685199212,ICV_113_CASE_25_with_r_theta_phi.csv
13.32664368,-2.462491435,-0.8343476093,0.004227390978,3113.516249,0.6719756651,330.4369906,158.1204625,10.0461189,0.0005436086779,0.03141242116,335.060869437349,152.342283465922,0.29177605993241,831.324796353616,810.003352604872,0.0006312405364473,0.0314163498458109,0.0005436204477675,317.714231223494,163.4521716395746,19.072951650594405,118.58854641466596,63.93657687550305,0.9680400297064216,13.577902333360514,349.530994321758,93.52298400136608,ICV_113_CASE_25_with_r_theta_phi.csv,0.7686878043447523,-0.18170360419757678,0.9833533445418338,0.9981102287054299,-0.061448932892236074,0.004227390978,0.0043975706,-0.0001701796432222579,4.025642389541038,ICV_113_CASE_25_with_r_theta_phi.csv
9.291309998,-2.463330981,-0.831865662,0.00422737468,5768.497397,0.6677999984,334.2888439,192.6662853,17.54134693,0.0005436183397,0.0314146491,335.060869437349,152.342283465922,0.29177605993241,831.324796353616,810.003352604872,0.0006312405364473,0.0314163498458109,0.0005436204477675,317.714231223494,163.4521716395746,19.072951650594405,118.58854641466596,63.93657687550305,0.9680400297064216,9.648235148487204,345.1512400423087,94.94615246439533,ICV_113_CASE_25_with_r_theta_phi.csv,0.5462169715177885,-0.25626845311984114,0.9666056486155892,0.9962761685628602,-0.08621946389132484,0.00422737468,0.0034672606,0.00076011405292397,17.980758988322332,ICV_113_CASE_25_with_r_theta_phi.csv
15.22313944,0.9568,-0.8306814042,0.0,3340.69899,0.6699455402,330.7512716,195.3927198,10.84858915,0.0005436147701,0.03141318711,335.060869437349,152.342283465922,0.29177605993241,831.324796353616,810.003352604872,0.0006312405364473,0.0314163498458109,0.0005436204477675,317.714231223494,163.4521716395746,19.072951650594405,118.58854641466596,63.93657687550305,0.9680400297064216,15.27578057727222,3.5964057279970234,93.11722378888214,ICV_113_CASE_25_with_r_theta_phi.csv,0.8648100379058618,0.06272791131217759,0.9980306654318852,0.9985203684781399,-0.0543789824682286,0.0,2.4932991e-05,-2.4932991436799057e-05,0.0,ICV_113_CASE_25_with_r_theta_phi.csv
12.74607065,-2.464305285,-0.8289749479,0.004227324855,2479.943991,0.6730235162,330.7070896,622.0268828,22.80960903,0.0005436144737,0.03141256648,335.060869437349,152.342283465922,0.29177605993241,831.324796353616,810.003352604872,0.0006312405364473,0.0314163498458109,0.0005436204477675,317.714231223494,163.4521716395746,19.072951650594405,118.58854641466596,63.93657687550305,0.9680400297064216,13.008547844272096,349.05753310906255,93.65367234757258,ICV_113_CASE_25_with_r_theta_phi.csv,0.7364548539695019,-0.18982320608375167,0.981818287888388,0.9979674709480758,-0.06372540254483586,0.004227324855,0.0042042937,2.303114202640514e-05,0.5448159961900296,ICV_113_CASE_25_with_r_theta_phi.csv
15.08,-2.465602117,-0.8251098108,0.00422739191,3246.603151,0.6714101871,329.5462717,56.39965017,3.657461989,0.0005436121648,0.03141259708,335.060869437349,152.342283465922,0.29177605993241,831.324796353616,810.003352604872,0.0006312405364473,0.0314163498458109,0.0005436204477675,317.714231223494,163.4521716395746,19.072951650594405,118.58854641466596,63.93657687550305,0.9680400297064216,15.302496528319596,350.7142190287808,93.09088438338074,ICV_113_CASE_25_with_r_theta_phi.csv,0.8663225120161764,-0.16135890926279234,0.9868957910547203,0.9985452614938963,-0.05391994758979466,0.00422739191,0.0043799113,-0.0001525194382236859,3.607884989958431,ICV_113_CASE_25_with_r_theta_phi.csv
10.26311804,-2.465633148,-0.825017079,0.004227367695,5004.377225,0.6697971353,331.8662974,92.43430939,10.29121773,0.0005436181947,0.0314145417,335.060869437349,152.342283465922,0.29177605993241,831.324796353616,810.003352604872,0.0006312405364473,0.0314163498458109,0.0005436204477675,317.714231223494,163.4521716395746,19.072951650594405,118.58854641466596,63.93657687550305,0.9680400297064216,10.587331670639752,346.49115098361744,94.4693005642,ICV_113_CASE_25_with_r_theta_phi.csv,0.5993821826054847,-0.23359553822950954,0.9723338544549736,0.9969592295020022,-0.07792492996964455,0.004227367695,0.0041981484,2.9219314035005932e-05,0.6911940511504048,ICV_113_CASE_25_with_r_theta_phi.csv
11.49390166,-2.466712034,-0.821785703,0.004227089696,4553.940398,0.6759009813,336.3737547,71.53114442,16.90404121,0.0005436175129,0.03141423996,335.060869437349,152.342283465922,0.29177605993241,831.324796353616,810.003352604872,0.0006312405364473,0.0314163498458109,0.0005436204477675,317.714231223494,163.4521716395746,19.072951650594405,118.58854641466596,63.93657687550305,0.9680400297064216,11.784302073949323,347.8874519838043,93.99880269817164,ICV_113_CASE_25_with_r_theta_phi.csv,0.6671464460826962,-0.2098326965079699,0.9777373059652548,0.997565507733216,-0.06973562777354969,0.004227089696,0.003521686,0.0007054037418166596,16.687692771631752,ICV_113_CASE_25_with_r_theta_phi.csv
13.41831218,0.9568,-0.8149440967,0.0,3102.805288,0.6711238713,331.5626915,880.5159803,25.14201404,0.0005436106407,0.0314121539,335.060869437349,152.342283465922,0.29177605993241,831.324796353616,810.003352604872,0.0006312405364473,0.0314163498458109,0.0005436204477675,317.714231223494,163.4521716395746,19.072951650594405,118.58854641466596,63.93657687550305,0.9680400297064216,13.477043514090267,4.078603337220386,93.46673657411702,ICV_113_CASE_25_with_r_theta_phi.csv,0.7629778690078951,0.0711249528611059,0.997467413543172,0.9981700723257638,-0.06046905583171707,0.0,2.4932991e-05,-2.4932991436799057e-05,0.0,ICV_113_CASE_25_with_r_theta_phi.csv
2.804798193,0.9568,-0.8138979295,0.0,2297.479115,0.6693750507,329.7402974,117.263337,2.086765381,0.000543618036,0.03141431731,335.060869437349,152.342283465922,0.29177605993241,831.324796353616,810.003352604872,0.0006312405364473,0.0314163498458109,0.0005436204477675,317.714231223494,163.4521716395746,19.072951650594405,118.58854641466596,63.93657687550305,0.9680400297064216,3.073237540949357,18.836033790371346,105.35709196643056,ICV_113_CASE_25_with_r_theta_phi.csv,0.17398565401210583,0.3228609870207809,0.9464463973516763,0.9642940052493846,-0.2648340450925823,0.0,1.6845755e-05,-1.684575545368716e-05,0.0,ICV_113_CASE_25_with_r_theta_phi.csv
12.820642,0.9568,-0.8000678833,0.0,2955.680671,0.6712978836,330.7572683,392.3572211,14.08833211,0.0005436103898,0.03141209526,335.060869437349,152.342283465922,0.29177605993241,831.324796353616,810.003352604872,0.0006312405364473,0.0314163498458109,0.0005436204477675,317.714231223494,163.4521716395746,19.072951650594405,118.58854641466596,63.93657687550305,0.9680400297064216,12.88116594684084,4.268051834838673,93.5610160352906,ICV_113_CASE_25_with_r_theta_phi.csv,0.7292433636637334,0.07442268409840638,0.9972267866897624,0.9980692199884453,-0.06211144911895371,0.0,2.4932991e-05,-2.4932991436799057e-05,0.0,ICV_113_CASE_25_with_r_theta_phi.csv
0.6021517344,-2.474371409,-0.7984272864,0.004227326252,26240.12866,0.6604079719,339.5906997,246.2984127,21.1528966,0.0005436198072,0.03141602603,335.060869437349,152.342283465922,0.29177605993241,831.324796353616,810.003352604872,0.0006312405364473,0.0314163498458109,0.0005436204477675,317.714231223494,163.4521716395746,19.072951650594405,118.58854641466596,63.93657687550305,0.9680400297064216,2.668817474572894,283.6773760855258,107.40769438917908,ICV_113_CASE_25_with_r_theta_phi.csv,0.15109016064181718,-0.9716425625912852,0.23645449998052562,0.954200160998598,-0.2991689368070318,0.004227326252,0.0034782516,0.0007490746215596455,17.719820442721943,ICV_113_CASE_25_with_r_theta_phi.csv
1.569851766,0.9568,-0.7967886027,0.0,4311.349577,0.6714371267,333.228978,214.6405925,19.8044379,0.0005436189981,0.03141493009,335.060869437349,152.342283465922,0.29177605993241,831.324796353616,810.003352604872,0.0006312405364473,0.0314163498458109,0.0005436204477675,317.714231223494,163.4521716395746,19.072951650594405,118.58854641466596,63.93657687550305,0.9680400297064216,2.0036898174632563,31.361651533237197,113.43201587315713,ICV_113_CASE_25_with_r_theta_phi.csv,0.11343518966029913,0.5204382276540165,0.8538993214638048,0.9175325631654223,-0.3976606537376943,0.0,1.5646157e-05,-1.564615740790032e-05,0.0,ICV_113_CASE_25_with_r_theta_phi.csv
15.71765321,0.9568,-0.7939891929,0.0,3455.145734,0.6696150536,330.4986271,114.6139915,7.014111603,0.0005436149026,0.03141321924,335.060869437349,152.342283465922,0.29177605993241,831.324796353616,810.003352604872,0.0006312405364473,0.0314163498458109,0.0005436204477675,317.714231223494,163.4521716395746,19.072951650594405,118.58854641466596,63.93657687550305,0.9680400297064216,15.766753232934969,3.4835376218601937,92.88654733670604,ICV_113_CASE_25_with_r_theta_phi.csv,0.8926055458870495,0.060761750232399867,0.9981522978527352,0.9987312085371577,-0.05035844610299677,0.0,9.25392e-06,-9.253920325136278e-06,0.0,ICV_113_CASE_25_with_r_theta_phi.csv
3.911327616,0.9568,-0.793476954,0.0,2355.166387,0.6687728043,330.0835174,107.0443155,2.345932592,0.0005436178594,0.0314142127,335.060869437349,152.342283465922,0.29177605993241,831.324796353616,810.003352604872,0.0006312405364473,0.0314163498458109,0.0005436204477675,317.714231223494,163.4521716395746,19.072951650594405,118.58854641466596,63.93657687550305,0.9680400297064216,4.104090110635165,13.74591194097627,101.14765591795656,ICV_113_CASE_25_with_r_theta_phi.csv,0.23234546386638769,0.23761658637713956,0.9713590262505802,0.9811321939145312,-0.19333809263685905,0.0,1.6845755e-05,-1.684575545368716e-05,0.0,ICV_113_CASE_25_with_r_theta_phi.csv
13.57549144,0.9568,-0.7910679746,0.0,3447.50611,0.670998804,332.9847038,2110.601876,46.09982315,0.0005436107084,0.03141217022,335.060869437349,152.342283465922,0.29177605993241,831.324796353616,810.003352604872,0.0006312405364473,0.0314163498458109,0.0005436204477675,317.714231223494,163.4521716395746,19.072951650594405,118.58854641466596,63.93657687550305,0.9680400297064216,13.632139326530924,4.031537221285191,93.32672164628372,ICV_113_CASE_25_with_r_theta_phi.csv,0.7717583313061953,0.07030555068185664,0.9975255032044649,0.9983148612881391,-0.05802962804674533,0.0,2.4932991e-05,-2.4932991436799057e-05,0.0,ICV_113_CASE_25_with_r_theta_phi.csv
10.88902041,-2.47719781,-0.7896144707,0.004227345809,4654.326619,0.6723954634,331.8438046,53.13575417,8.355076554,0.0005436181118,0.03141448096,335.060869437349,152.342283465922,0.29177605993241,831.324796353616,810.003352604872,0.0006312405364473,0.0314163498458109,0.0005436204477675,317.714231223494,163.4521716395746,19.072951650594405,118.58854641466596,63.93657687550305,0.9680400297064216,11.195122397348062,347.1836241732953,94.04454460250832,ICV_113_CASE_25_with_r_theta_phi.csv,0.6337911294180282,-0.2218271980453413,0.9750859932371877,0.9975095166182862,-0.07053200873329017,0.004227345809,0.0041981484,2.919742803500578e-05,0.6906799052478221,ICV_113_CASE_25_with_r_theta_phi.csv
2.035024285,0.9568,-0.7861986781,0.0,2365.89169,0.6719086517,328.8421748,83.23410423,3.863488286,0.0005436186519,0.03141458215,335.060869437349,152.342283465922,0.29177605993241,831.324796353616,810.003352604872,0.0006312405364473,0.0314163498458109,0.0005436204477675,317.714231223494,163.4521716395746,19.072951650594405,118.58854641466596,63.93657687550305,0.9680400297064216,2.3822045340368967,25.18133206393975,109.27058913591372,ICV_113_CASE_25_with_r_theta_phi.csv,0.13486409960909795,0.4254844609812009,0.904965730546487,0.9439704856958563,-0.33002988067011335,0.0,7.285371e-07,-7.285370884346776e-07,0.0,ICV_113_CASE_25_with_r_theta_phi.csv
1.087270382,1.01,-0.7819370772,0.0,40262.45657,0.6596245755,387.8058683,427.9687135,90.38943936,0.0005436200156,0.03141637432,335.060869437349,152.342283465922,0.29177605993241,831.324796353616,810.003352604872,0.0006312405364473,0.0314163498458109,0.0005436204477675,317.714231223494,163.4521716395746,19.072951650594405,118.58854641466596,63.93657687550305,0.9680400297064216,1.6774034923877157,42.889988241956814,117.78526958408236,ICV_113_CASE_25_with_r_theta_phi.csv,0.09496309340771401,0.6805928553823033,0.7326618355029578,0.8847008513067031,-0.46615920423949037,0.0,-3.2901674e-08,3.290167427394408e-08,0.0,ICV_113_CASE_25_with_r_theta_phi.csv
0.1428504873,0.9568,-0.7818986634,0.0,25876.54051,0.6653501974,365.7759042,757.0556815,82.82724171,0.0005436192935,0.03141558015,335.060869437349,152.342283465922,0.29177605993241,831.324796353616,810.003352604872,0.0006312405364473,0.0314163498458109,0.0005436204477675,317.714231223494,163.4521716395746,19.072951650594405,118.58854641466596,63.93657687550305,0.9680400297064216,1.2438802279755692,81.50844842071905,128.9466450051142,ICV_113_CASE_25_with_r_theta_phi.csv,0.07041997635828795,0.9890376475154405,0.14766357640638156,0.7777316603571627,-0.6285964241690299,0.0,-3.2901674e-08,3.290167427394408e-08,0.0,ICV_113_CASE_25_with_r_theta_phi.csv
13.74650164,0.9568,-0.7818981823,0.0,-5953.857491,0.6706024199,340.6247949,5370.176052,128.4045332,0.0005436107865,0.03141218938,335.060869437349,152.342283465922,0.29177605993241,831.324796353616,810.003352604872,0.0006312405364473,0.0314163498458109,0.0005436204477675,317.714231223494,163.4521716395746,19.072951650594405,118.58854641466596,63.93657687550305,0.9680400297064216,13.801925168106322,3.9815461231405607,93.24762401360914,ICV_113_CASE_25_with_r_theta_phi.csv,0.781370442408862,0.06943517379350415,0.9975864657463361,0.998394020679948,-0.056651385424608805,0.0,1.0015358e-05,-1.0015358384407591e-05,0.0,ICV_113_CASE_25_with_r_theta_phi.csv
14.69093778,1.01,-0.7818908644,0.0,-35411.40965,0.6943452673,348.5956525,4047.601697,191.2959048,0.0004176423083,0.02413358571,335.060869437349,152.342283465922,0.29177605993241,831.324796353616,810.003352604872,0.0006312405364473,0.0314163498458109,0.0005436204477675,317.714231223494,163.4521716395746,19.072951650594405,118.58854641466596,63.93657687550305,0.9680400297064216,14.7463590821485,3.932888616004959,93.03939869243754,ICV_113_CASE_25_with_r_theta_phi.csv,0.8348378200574773,0.0685879648063949,0.9976450727005656,0.9985933105242523,-0.05302263833698008,0.0,2.4094177e-06,-2.409417675153236e-06,0.0,ICV_113_CASE_25_with_r_theta_phi.csv
12.92312482,-2.481427301,-0.776220684,0.004227370955,3132.068925,0.6711989141,331.8214753,322.8171486,17.47813376,0.00054359965,0.03141185542,335.060869437349,152.342283465922,0.29177605993241,831.324796353616,810.003352604872,0.0006312405364473,0.0314163498458109,0.0005436204477675,317.714231223494,163.4521716395746,19.072951650594405,118.58854641466596,63.93657687550305,0.9680400297064216,13.182077040956694,349.13067362324114,93.37578901731511,ICV_113_CASE_25_with_r_theta_phi.csv,0.7462788881917439,-0.18856971870434644,0.9820598053009622,0.998264799383167,-0.05888455071141499,0.004227370955,0.004316038,-8.86670314275452e-05,2.097450929914209,ICV_113_CASE_25_with_r_theta_phi.csv
14.69497677,0.9568,-0.769790282,0.0,-22221.81363,0.6694691737,346.7006069,3481.489157,156.6965422,0.0004203218965,0.0242884791,335.060869437349,152.342283465922,0.29177605993241,831.324796353616,810.003352604872,0.0006312405364473,0.0314163498458109,0.0005436204477675,317.714231223494,163.4521716395746,19.072951650594405,118.58854641466596,63.93657687550305,0.9680400297064216,14.746199021751377,3.725309016141296,92.99235016434034,ICV_113_CASE_25_with_r_theta_phi.csv,0.834828758534408,0.06497310688000783,0.997887015339091,0.9986365134794157,-0.05220262393478642,0.0,1.6479838e-06,-1.6479838222949184e-06,0.0,ICV_113_CASE_25_with_r_theta_phi.csv
1.091366764,0.9568,-0.7696609905,0.0,26347.68132,0.6654370429,370.754721,675.062423,89.66455261,0.000543619681,0.03141590051,335.060869437349,152.342283465922,0.29177605993241,831.324796353616,810.003352604872,0.0006312405364473,0.0314163498458109,0.0005436204477675,317.714231223494,163.4521716395746,19.072951650594405,118.58854641466596,63.93657687550305,0.9680400297064216,1.642840739043585,41.24100804594917,117.93658162046104,ICV_113_CASE_25_with_r_theta_phi.csv,0.09300638711185767,0.6592278138395347,0.7519432754273077,0.8834666909595196,-0.4684939764447742,0.0,-3.2901674e-08,3.290167427394408e-08,0.0,ICV_113_CASE_25_with_r_theta_phi.csv
13.74241833,1.01,-0.7696595409,0.0,-11946.18811,0.6967389747,340.9486658,6087.630933,174.5645059,0.0005436108312,0.03141220102,335.060869437349,152.342283465922,0.29177605993241,831.324796353616,810.003352604872,0.0006312405364473,0.0314163498458109,0.0005436204477675,317.714231223494,163.4521716395746,19.072951650594405,118.58854641466596,63.93657687550305,0.9680400297064216,13.800961465260976,4.2033999514813445,93.19696088329005,ICV_113_CASE_25_with_r_theta_phi.csv,0.7813158841563395,0.07329737798655307,0.9973101294884638,0.9984437236947814,-0.055768545027631046,0.0,1.0015358e-05,-1.0015358384407591e-05,0.0,ICV_113_CASE_25_with_r_theta_phi.csv
0.1386886428,1.01,-0.7694139238,0.0,42590.07194,0.6585669144,387.078638,504.2711577,101.6193499,0.0005436200063,0.03141635571,335.060869437349,152.342283465922,0.29177605993241,831.324796353616,810.003352604872,0.0006312405364473,0.0314163498458109,0.0005436204477675,317.714231223494,163.4521716395746,19.072951650594405,118.58854641466596,63.93657687550305,0.9680400297064216,1.2772362059458766,82.18129934790772,127.04236309337271,ICV_113_CASE_25_with_r_theta_phi.csv,0.07230836330041301,0.9907034917728516,0.1360389333576214,0.798190324530394,-0.6024053500974774,0.0,-3.2901674e-08,3.290167427394408e-08,0.0,ICV_113_CASE_25_with_r_theta_phi.csv
11.31932342,-2.48375384,-0.7687436923,0.004227287602,4252.971818,0.6751406883,332.4884527,50.89802119,10.62314778,0.0005436179481,0.03141440518,335.060869437349,152.342283465922,0.29177605993241,831.324796353616,810.003352604872,0.0006312405364473,0.0314163498458109,0.0005436204477675,317.714231223494,163.4521716395746,19.072951650594405,118.58854641466596,63.93657687550305,0.9680400297064216,11.614089834710525,347.62395484255546,93.7952173175762,ICV_113_CASE_25_with_r_theta_phi.csv,0.65751019526569,-0.21432697064425363,0.9767619718511041,0.9978069969338806,-0.06619061013308986,0.004227287602,0.004201718,2.556946160650435e-05,0.6048668557199264,ICV_113_CASE_25_with_r_theta_phi.csv
1.254568778,0.9568,-0.765051227,0.0,5562.789194,0.6725730446,343.5207826,709.6338332,64.09063016,0.0005436191428,0.03141513274,335.060869437349,152.342283465922,0.29177605993241,831.324796353616,810.003352604872,0.0006312405364473,0.0314163498458109,0.0005436204477675,317.714231223494,163.4521716395746,19.072951650594405,118.58854641466596,63.93657687550305,0.9680400297064216,1.7534857965397437,37.331044857777385,115.868238932297,ICV_113_CASE_25_with_r_theta_phi.csv,0.0992703522089811,0.6064193266508199,0.7951450183861848,0.8997997753404027,-0.43630306473523756,0.0,1.5646157e-05,-1.564615740790032e-05,0.0,ICV_113_CASE_25_with_r_theta_phi.csv
14.84349123,0.9568,-0.7432977655,0.0,3279.708503,0.6705489537,337.0964807,1661.71641,70.0926122,0.0005436143559,0.03141307745,335.060869437349,152.342283465922,0.29177605993241,831.324796353616,810.003352604872,0.0006312405364473,0.0314163498458109,0.0005436204477675,317.714231223494,163.4521716395746,19.072951650594405,118.58854641466596,63.93657687550305,0.9680400297064216,14.892857002713892,3.688139355021576,92.86080270584772,ICV_113_CASE_25_with_r_theta_phi.csv,0.8431315286242124,0.06432573104772642,0.9979289555500309,0.9987537352051321,-0.04990968256557799,0.0,2.4932991e-05,-2.4932991436799057e-05,0.0,ICV_113_CASE_25_with_r_theta_phi.csv
-0.03906942294,0.9568,-0.7431982146,0.0,2449.543589,0.6697097675,335.8436059,539.0602167,34.96260036,0.0005436185048,0.03141466297,335.060869437349,152.342283465922,0.29177605993241,831.324796353616,810.003352604872,0.0006312405364473,0.0314163498458109,0.0005436204477675,317.714231223494,163.4521716395746,19.072951650594405,118.58854641466596,63.93657687550305,0.9680400297064216,1.2121618068531494,92.3382840127731,127.8152972573244,ICV_113_CASE_25_with_r_theta_phi.csv,0.0686242966655588,0.9991673567182875,-0.040799427307136676,0.7899913456894132,-0.613117993322517,0.0,-3.2901674e-08,3.290167427394408e-08,0.0,ICV_113_CASE_25_with_r_theta_phi.csv
15.43449654,0.9568,-0.7417726499,0.0,3433.326583,0.6695413677,330.7900806,146.0033773,8.782145389,0.0005436149467,0.03141323537,335.060869437349,152.342283465922,0.29177605993241,831.324796353616,810.003352604872,0.0006312405364473,0.0314163498458109,0.0005436204477675,317.714231223494,163.4521716395746,19.072951650594405,118.58854641466596,63.93657687550305,0.9680400297064216,15.481904803589629,3.547283844187291,92.74622019062024,ICV_113_CASE_25_with_r_theta_phi.csv,0.8764793793888164,0.06187223814286203,0.9980840776944561,0.9988515494342632,-0.04791223427029556,0.0,9.25392e-06,-9.253920325136278e-06,0.0,ICV_113_CASE_25_with_r_theta_phi.csv
12.62064821,-2.65,-0.7388149487,0.0,-2453.369938,0.6876970946,455.3826298,3326.909128,40.21149636,0.000273797485,0.01582299086,335.060869437349,152.342283465922,0.29177605993241,831.324796353616,810.003352604872,0.0006312405364473,0.0314163498458109,0.0005436204477675,317.714231223494,163.4521716395746,19.072951650594405,118.58854641466596,63.93657687550305,0.9680400297064216,12.917008506964716,348.1416823858979,93.27893981170126,ICV_113_CASE_25_with_r_theta_phi.csv,0.7312725238511671,-0.20549227062193606,0.978658738639083,0.9983629079597663,-0.057197062950112273,0.0,-0.0002274995,0.00022749950585421175,0.0,ICV_113_CASE_25_with_r_theta_phi.csv
12.56332499,0.9568,-0.7370217368,0.0,3010.35762,0.6709586521,330.5745669,288.8729991,10.87588772,0.0005436102915,0.03141207202,335.060869437349,152.342283465922,0.29177605993241,831.324796353616,810.003352604872,0.0006312405364473,0.0314163498458109,0.0005436204477675,317.714231223494,163.4521716395746,19.072951650594405,118.58854641466596,63.93657687550305,0.9680400297064216,12.621244078333728,4.355135399922233,93.34771052569728,ICV_113_CASE_25_with_r_theta_phi.csv,0.7145283682617547,0.07593827749588473,0.9971125202357847,0.9982935365981453,-0.05839533188849517,0.0,6.8410236e-06,-6.841023605375085e-06,0.0,ICV_113_CASE_25_with_r_theta_phi.csv
1.409199967,0.9568,-0.7337085785,0.0,5263.485809,0.6710226169,337.7582564,275.1193892,31.37104037,0.0005436190954,0.03141506563,335.060869437349,152.342283465922,0.29177605993241,831.324796353616,810.003352604872,0.0006312405364473,0.0314163498458109,0.0005436204477675,317.714231223494,163.4521716395746,19.072951650594405,118.58854641466596,63.93657687550305,0.9680400297064216,1.8546263950341295,34.175202868084284,113.30401792199166,ICV_113_CASE_25_with_r_theta_phi.csv,0.10499623995496563,0.5617253716992183,0.8273237617700673,0.9184186410736173,-0.3956099085317381,0.0,1.5646157e-05,-1.564615740790032e-05,0.0,ICV_113_CASE_25_with_r_theta_phi.csv
11.62115324,-2.496933287,-0.7247924962,0.002357558114,-6473.61074,0.6722569259,345.1870771,260.6907446,35.29465315,0.0005428966616,0.03137237724,335.060869437349,152.342283465922,0.29177605993241,831.324796353616,810.003352604872,0.0006312405364473,0.0314163498458109,0.0005436204477675,317.714231223494,163.4521716395746,19.072951650594405,118.58854641466596,63.93657687550305,0.9680400297064216,11.908450891272087,347.8737290764737,93.4893902924286,ICV_113_CASE_25_with_r_theta_phi.csv,0.6741749015434018,-0.21006686826709425,0.9776870209102989,0.998146085931408,-0.06086370954690759,0.002357558114,0.0005489996,0.001808558532048352,76.71321103566314,ICV_113_CASE_25_with_r_theta_phi.csv
1.295606689,-2.498220151,-0.7203444167,0.00422732532,24375.2907,0.6605052068,344.6545817,237.2210333,28.96404198,0.0005436198156,0.03141602073,335.060869437349,152.342283465922,0.29177605993241,831.324796353616,810.003352604872,0.0006312405364473,0.0314163498458109,0.0005436204477675,317.714231223494,163.4521716395746,19.072951650594405,118.58854641466596,63.93657687550305,0.9680400297064216,2.904926280323628,297.41179175971087,104.35762017597636,ICV_113_CASE_25_with_r_theta_phi.csv,0.16445702358006856,-0.8877206549038135,0.46038249190987324,0.968766843970658,-0.24797338974803462,0.00422732532,0.0034782516,0.0007490736895596458,17.71980230237988,ICV_113_CASE_25_with_r_theta_phi.csv
12.62109556,-2.499679273,-0.7152646588,0.002258677036,138.6854995,0.6623006228,336.9761745,1959.927743,40.23624485,0.000544089929,0.03143989962,335.060869437349,152.342283465922,0.29177605993241,831.324796353616,810.003352604872,0.0006312405364473,0.0314163498458109,0.0005436204477675,317.714231223494,163.4521716395746,19.072951650594405,118.58854641466596,63.93657687550305,0.9680400297064216,12.886118621782348,348.7972258370014,93.18192937499408,ICV_113_CASE_25_with_r_theta_phi.csv,0.7295237501868467,-0.19428184715200258,0.9809457497064789,0.9984583201739707,-0.055506602088151974,0.002258677036,0.0020985124,0.0001601646658606396,7.091083109135961,ICV_113_CASE_25_with_r_theta_phi.csv
13.0488077,0.9568,-0.7072329838,0.0,2878.364567,0.6711201317,331.4495148,492.6089133,18.32488328,0.0005436104572,0.0314121117,335.060869437349,152.342283465922,0.29177605993241,831.324796353616,810.003352604872,0.0006312405364473,0.0314163498458109,0.0005436204477675,317.714231223494,163.4521716395746,19.072951650594405,118.58854641466596,63.93657687550305,0.9680400297064216,13.10293963677441,4.193691173665684,93.09405121062156,ICV_113_CASE_25_with_r_theta_phi.csv,0.7417986705580554,0.07312838259476001,0.9973225354212519,0.9985422797289104,-0.053975138663929695,0.0,2.4932991e-05,-2.4932991436799057e-05,0.0,ICV_113_CASE_25_with_r_theta_phi.csv
17.39218766,0.9568,-0.705919247,0.004227384925,4102.111268,0.6723415522,328.6479981,21.96028217,2.552030735,0.0005436159007,0.03141348663,335.060869437349,152.342283465922,0.29177605993241,831.324796353616,810.003352604872,0.0006312405364473,0.0314163498458109,0.0005436204477675,317.714231223494,163.4521716395746,19.072951650594405,118.58854641466596,63.93657687550305,0.9680400297064216,17.432784626213373,3.1488504568129088,92.32075690378416,ICV_113_CASE_25_with_r_theta_phi.csv,0.986924828956428,0.05493014690159029,0.9984901997322606,0.9991797907477115,-0.04049377435309577,0.004227384925,0.0036073218,0.0006200631615888358,14.667771505150029,ICV_113_CASE_25_with_r_theta_phi.csv
11.62147106,-2.65,-0.6983069315,0.0,-16884.82437,0.6969272919,370.5224219,1231.505455,61.68631283,0.0003023630096,0.01747245846,335.060869437349,152.342283465922,0.29177605993241,831.324796353616,810.003352604872,0.0006312405364473,0.0314163498458109,0.0005436204477675,317.714231223494,163.4521716395746,19.072951650594405,118.58854641466596,63.93657687550305,0.9680400297064216,11.940214494262593,347.15468964880404,93.35277755033712,ICV_113_CASE_25_with_r_theta_phi.csv,0.6759731391239491,-0.22231959081706018,0.9749738455666054,0.9982883684293956,-0.05848361701002427,0.0,-0.00020531658,0.00020531658083200455,0.0,ICV_113_CASE_25_with_r_theta_phi.csv
13.61730561,-2.505052687,-0.6962119179,0.004227395169,3231.841058,0.6718829113,330.1798719,113.3805015,7.783915229,0.0005436116087,0.03141269558,335.060869437349,152.342283465922,0.29177605993241,831.324796353616,810.003352604872,0.0006312405364473,0.0314163498458109,0.0005436204477675,317.714231223494,163.4521716395746,19.072951650594405,118.58854641466596,63.93657687550305,0.9680400297064216,13.863297301703136,349.57635476363265,92.87859302256174,ICV_113_CASE_25_with_r_theta_phi.csv,0.7848449121365295,-0.1809250372497314,0.9834968891136276,0.9987381901239022,-0.05021979279160869,0.004227395169,0.0043975706,-0.00017017545222225774,4.025539259492926,ICV_113_CASE_25_with_r_theta_phi.csv
12.7924484,-2.505404052,-0.6949464264,0.00422736397,3056.843556,0.6712011735,331.9998302,526.6910678,22.43699037,0.0005435977422,0.03141174459,335.060869437349,152.342283465922,0.29177605993241,831.324796353616,810.003352604872,0.0006312405364473,0.0314163498458109,0.0005436204477675,317.714231223494,163.4521716395746,19.072951650594405,118.58854641466596,63.93657687550305,0.9680400297064216,13.053993108087912,348.9188680364679,93.05165850355354,ICV_113_CASE_25_with_r_theta_phi.csv,0.7390276534493316,-0.19219880723385124,0.9813560100686626,0.9985819421943819,-0.0532363101961063,0.00422736397,0.004316038,-8.867401642754548e-05,2.097619628587819,ICV_113_CASE_25_with_r_theta_phi.csv
-0.2429847303,0.9568,-0.6881703706,0.0,2467.99314,0.6680632212,334.8329995,265.1635251,21.78757555,0.0005436187299,0.03141484521,335.060869437349,152.342283465922,0.29177605993241,831.324796353616,810.003352604872,0.0006312405364473,0.0314163498458109,0.0005436204477675,317.714231223494,163.4521716395746,19.072951650594405,118.58854641466596,63.93657687550305,0.9680400297064216,1.203364565761642,104.24935229434811,124.8808618733068,ICV_113_CASE_25_with_r_theta_phi.csv,0.06812625714716374,0.9692336923084067,-0.24614233624919718,0.8203429401835506,-0.5718718916776794,0.0,-3.2901674e-08,3.290167427394408e-08,0.0,ICV_113_CASE_25_with_r_theta_phi.csv
11.4562855,-2.50809627,-0.6851664757,0.004227316473,4249.160406,0.6764038652,334.5523769,57.98751126,14.00622365,0.0005436179256,0.03141439273,335.060869437349,152.342283465922,0.29177605993241,831.324796353616,810.003352604872,0.0006312405364473,0.0314163498458109,0.0005436204477675,317.714231223494,163.4521716395746,19.072951650594405,118.58854641466596,63.93657687550305,0.9680400297064216,11.747615820093936,347.65120595062297,93.34360935305546,ICV_113_CASE_25_with_r_theta_phi.csv,0.6650695217365514,-0.21386237736630717,0.9768637998959891,0.9982977139182029,-0.05832387492005343,0.004227316473,0.0035383624,0.0006889540239649519,16.29766846656373,ICV_113_CASE_25_with_r_theta_phi.csv
9.311995737,0.9568,-0.6841116524,0.0,2938.083916,0.6694262637,329.8221856,97.85607736,2.533015648,0.000543616381,0.03141361355,335.060869437349,152.342283465922,0.29177605993241,831.324796353616,810.003352604872,0.0006312405364473,0.0314163498458109,0.0005436204477675,317.714231223494,163.4521716395746,19.072951650594405,118.58854641466596,63.93657687550305,0.9680400297064216,9.385986341288572,5.866507605766401,94.17979498772615,ICV_113_CASE_25_with_r_theta_phi.csv,0.5313702407895631,0.10221106318619931,0.9947627348078268,0.9973402422220397,-0.07288649562493246,0.0,1.1373296e-05,-1.1373295819794293e-05,0.0,ICV_113_CASE_25_with_r_theta_phi.csv
17.30523543,0.9568,-0.6822917999,0.002136054449,4084.895142,0.672245334,328.689871,35.0185185,2.850445639,0.0005436156638,0.03141342036,335.060869437349,152.342283465922,0.29177605993241,831.324796353616,810.003352604872,0.0006312405364473,0.0314163498458109,0.0005436204477675,317.714231223494,163.4521716395746,19.072951650594405,118.58854641466596,63.93657687550305,0.9680400297064216,17.345090418557582,3.16464015456188,92.25438600755172,ICV_113_CASE_25_with_r_theta_phi.csv,0.9819601837349744,0.055205310951771454,0.9984750240455282,0.9992260279634064,-0.039336306899272436,0.002136054449,0.0015459354,0.0005901190454443684,27.626591889751147,ICV_113_CASE_25_with_r_theta_phi.csv
13.11546108,-2.510005596,-0.6781385622,0.004227380268,3190.241132,0.6719938828,330.9471088,213.7013867,13.17760201,0.0005436055432,0.03141227441,335.060869437349,152.342283465922,0.29177605993241,831.324796353616,810.003352604872,0.0006312405364473,0.0314163498458109,0.0005436204477675,317.714231223494,163.4521716395746,19.072951650594405,118.58854641466596,63.93657687550305,0.9680400297064216,13.37068881331432,349.1658710939305,92.9071916377194,ICV_113_CASE_25_with_r_theta_phi.csv,0.7569567945139108,-0.18796639228170522,0.9821754605835966,0.9987129990045883,-0.05071829669124607,0.004227380268,0.004316038,-8.865771842754555e-05,2.097226007267092,ICV_113_CASE_25_with_r_theta_phi.csv
13.61424575,0.9568,-0.6777814893,0.0,3174.786454,0.6713820608,335.4751386,2739.818577,69.16747754,0.0005436106887,0.03141216772,335.060869437349,152.342283465922,0.29177605993241,831.324796353616,810.003352604872,0.0006312405364473,0.0314163498458109,0.0005436204477675,317.714231223494,163.4521716395746,19.072951650594405,118.58854641466596,63.93657687550305,0.9680400297064216,13.66464567153612,4.020098729024426,92.84310043957504,ICV_113_CASE_25_with_r_theta_phi.csv,0.773598617850894,0.07010640393765612,0.9975395190802869,0.9987691077722004,-0.04960110240632428,0.0,2.4932991e-05,-2.4932991436799057e-05,0.0,ICV_113_CASE_25_with_r_theta_phi.csv
6.099009012,0.9568,-0.676145417,0.0,2644.066627,0.6680895907,330.4520606,123.5204555,2.549952504,0.0005436172775,0.031413975,335.060869437349,152.342283465922,0.29177605993241,831.324796353616,810.003352604872,0.0006312405364473,0.0314163498458109,0.0005436204477675,317.714231223494,163.4521716395746,19.072951650594405,118.58854641466596,63.93657687550305,0.9680400297064216,6.210519285324482,8.915776927855632,96.2502375059255,ICV_113_CASE_25_with_r_theta_phi.csv,0.35159705203854336,0.15498242440429777,0.9879172273656159,0.9940558869322347,-0.10887099547339645,0.0,1.6845755e-05,-1.684575545368716e-05,0.0,ICV_113_CASE_25_with_r_theta_phi.csv
11.12016555,-2.511272887,-0.673430386,0.004227353726,4576.751057,0.6729205013,332.3475718,51.42506122,9.255610969,0.0005436180726,0.03141445806,335.060869437349,152.342283465922,0.29177605993241,831.324796353616,810.003352604872,0.0006312405364473,0.0314163498458109,0.0005436204477675,317.714231223494,163.4521716395746,19.072951650594405,118.58854641466596,63.93657687550305,0.9680400297064216,11.420073636241415,347.274331626932,93.38063634811829,ICV_113_CASE_25_with_r_theta_phi.csv,0.6465263273642317,-0.22028321943393972,0.9754359554762264,0.9982598140668063,-0.05896900558179192,0.004227353726,0.004201718,2.5635585606504675e-05,0.6064215881148256,ICV_113_CASE_25_with_r_theta_phi.csv
16.19868659,0.9568,-0.6643056193,0.0,3589.174426,0.6712830058,329.4347306,82.6563996,5.201546121,0.0005436149875,0.03141324144,335.060869437349,152.342283465922,0.29177605993241,831.324796353616,810.003352604872,0.0006312405364473,0.0314163498458109,0.0005436204477675,317.714231223494,163.4521716395746,19.072951650594405,118.58854641466596,63.93657687550305,0.9680400297064216,16.240511550960438,3.380334632474387,92.34429377986083,ICV_113_CASE_25_with_r_theta_phi.csv,0.9194264960111567,0.05896374881328327,0.9982601245797029,0.9991630717608695,-0.04090422996932724,0.0,0.00017272825,-0.00017272825061809272,0.0,ICV_113_CASE_25_with_r_theta_phi.csv
7.247006242,-2.513908222,-0.6635250206,0.004227377474,8666.027845,0.6655955033,339.4267308,463.9587781,36.49870117,0.0005436187873,0.03141498794,335.060869437349,152.342283465922,0.29177605993241,831.324796353616,810.003352604872,0.0006312405364473,0.0314163498458109,0.0005436204477675,317.714231223494,163.4521716395746,19.072951650594405,118.58854641466596,63.93657687550305,0.9680400297064216,7.69929214104702,340.86889196344094,94.94388308079328,ICV_113_CASE_25_with_r_theta_phi.csv,0.43588117115624114,-0.327730899077914,0.9447711139686596,0.9962795827805109,-0.08618000310217701,0.004227377474,0.0034672606,0.0007601168469239701,17.98081319728776,ICV_113_CASE_25_with_r_theta_phi.csv
10.6124404,-2.5141284,-0.6626902664,0.004227368161,4821.612121,0.6707474428,331.7785259,73.72534519,9.394596133,0.0005436181395,0.03141450543,335.060869437349,152.342283465922,0.29177605993241,831.324796353616,810.003352604872,0.0006312405364473,0.0314163498458109,0.0005436204477675,317.714231223494,163.4521716395746,19.072951650594405,118.58854641466596,63.93657687550305,0.9680400297064216,10.926293573047545,346.6721168736142,93.47717845803078,ICV_113_CASE_25_with_r_theta_phi.csv,0.6185718832029171,-0.23052330972430143,0.973066803294488,0.9981590355510838,-0.06065096658529214,0.004227368161,0.0041981484,2.9219780035005805e-05,0.691204998364318,ICV_113_CASE_25_with_r_theta_phi.csv
1.745013988,0.9568,-0.661600058,0.0,3269.038739,0.6729356819,330.2340696,165.0694251,12.02170077,0.0005436189232,0.03141482869,335.060869437349,152.342283465922,0.29177605993241,831.324796353616,810.003352604872,0.0006312405364473,0.0314163498458109,0.0005436204477675,317.714231223494,163.4521716395746,19.072951650594405,118.58854641466596,63.93657687550305,0.9680400297064216,2.0972016343359234,28.736181544594046,108.38907035180648,ICV_113_CASE_25_with_r_theta_phi.csv,0.11872918805764571,0.4807773081266665,0.8768427338984319,0.9489362070684665,-0.3154680251856161,0.0,1.5646157e-05,-1.564615740790032e-05,0.0,ICV_113_CASE_25_with_r_theta_phi.csv
15.05674639,0.9568,-0.656874617,0.0,3117.607579,0.6705173329,330.995818,331.4534717,16.28545092,0.000543614966,0.03141324445,335.060869437349,152.342283465922,0.29177605993241,831.324796353616,810.003352604872,0.0006312405364473,0.0314163498458109,0.0005436204477675,317.714231223494,163.4521716395746,19.072951650594405,118.58854641466596,63.93657687550305,0.9680400297064216,15.101409283746897,3.6360437923448217,92.49301378468022,ICV_113_CASE_25_with_r_theta_phi.csv,0.8549383299299242,0.06341834856339398,0.9979870305096614,0.9990535327743445,-0.043497570634481716,0.0,2.4932991e-05,-2.4932991436799057e-05,0.0,ICV_113_CASE_25_with_r_theta_phi.csv
17.2013724,0.9568,-0.656167916,0.0,3996.859402,0.6716258141,328.9583462,51.23587236,3.333486836,0.0005436154428,0.03141335855,335.060869437349,152.342283465922,0.29177605993241,831.324796353616,810.003352604872,0.0006312405364473,0.0314163498458109,0.0005436204477675,317.714231223494,163.4521716395746,19.072951650594405,118.58854641466596,63.93657687550305,0.9680400297064216,17.2404534458195,3.183709271452585,92.18119174130192,ICV_113_CASE_25_with_r_theta_phi.csv,0.9760363552338888,0.05553761922254307,0.9984565953766302,0.9992754639849181,-0.038059782943766336,0.0,0.00015009573,-0.0001500957296229899,0.0,ICV_113_CASE_25_with_r_theta_phi.csv
13.48244188,0.9568,-0.6541464051,0.0,2887.504132,0.6713418905,332.7589888,1469.524866,39.1796848,0.0005436106238,0.03141215228,335.060869437349,152.342283465922,0.29177605993241,831.324796353616,810.003352604872,0.0006312405364473,0.0314163498458109,0.0005436204477675,317.714231223494,163.4521716395746,19.072951650594405,118.58854641466596,63.93657687550305,0.9680400297064216,13.532169552842706,4.059268326122094,92.7707634275406,ICV_113_CASE_25_with_r_theta_phi.csv,0.7660987276391081,0.07078834385872536,0.9974913585458968,0.9988309340952604,-0.048340098204177936,0.0,2.4932991e-05,-2.4932991436799057e-05,0.0,ICV_113_CASE_25_with_r_theta_phi.csv
2.104776793,-2.518105514,-0.647413795,0.004227335565,20966.32722,0.6609166204,353.9892258,233.0994068,42.50526903,0.0005436197883,0.03141597374,335.060869437349,152.342283465922,0.29177605993241,831.324796353616,810.003352604872,0.0006312405364473,0.0314163498458109,0.0005436204477675,317.714231223494,163.4521716395746,19.072951650594405,118.58854641466596,63.93657687550305,0.9680400297064216,3.3451584939946977,309.8908092729613,101.1593042598065,ICV_113_CASE_25_with_r_theta_phi.csv,0.18937995537176383,-0.7672680358844801,0.6413265635461953,0.9810928676338926,-0.19353755469651182,0.004227335565,0.0034782516,0.000749083934559646,17.720001709456103,ICV_113_CASE_25_with_r_theta_phi.csv
2.870752158,-2.518220836,-0.6469650833,0.004227344412,17704.54911,0.661507631,352.9008526,251.7806415,42.99078453,0.0005436197382,0.03141589637,335.060869437349,152.342283465922,0.29177605993241,831.324796353616,810.003352604872,0.0006312405364473,0.0314163498458109,0.0005436204477675,317.714231223494,163.4521716395746,19.072951650594405,118.58854641466596,63.93657687550305,0.9680400297064216,3.873140579753796,318.742794419554,99.61569796739848,ICV_113_CASE_25_with_r_theta_phi.csv,0.21927068372369446,-0.6594403620894541,0.7517568814765381,0.9859503085596534,-0.16703888484758372,0.004227344412,0.003472733,0.0007546113334755298,17.85071808095258,ICV_113_CASE_25_with_r_theta_phi.csv
11.32745307,0.9568,-0.6397902692,0.0,3047.815044,0.671779029,328.5793241,49.10275921,1.416066642,0.0005436134472,0.03141276452,335.060869437349,152.342283465922,0.29177605993241,831.324796353616,810.003352604872,0.0006312405364473,0.0314163498458109,0.0005436204477675,317.714231223494,163.4521716395746,19.072951650594405,118.58854641466596,63.93657687550305,0.9680400297064216,11.385780205221575,4.8281621639639525,93.22126373204549,ICV_113_CASE_25_with_r_theta_phi.csv,0.6445848682531787,0.08416763185166458,0.9964516093360894,0.9984199788278783,-0.0561920446089932,0.0,0.00016656607,-0.00016656606749165803,0.0,ICV_113_CASE_25_with_r_theta_phi.csv
-0.8057112317,0.9568,-0.6363743614,0.0,4089.350985,0.6683856731,333.7720152,374.3087435,21.80494196,0.000543618892,0.03141496315,335.060869437349,152.342283465922,0.29177605993241,831.324796353616,810.003352604872,0.0006312405364473,0.0314163498458109,0.0005436204477675,317.714231223494,163.4521716395746,19.072951650594405,118.58854641466596,63.93657687550305,0.9680400297064216,1.4034276457070345,130.10037904501326,116.96479508975044,ICV_113_CASE_25_with_r_theta_phi.csv,0.07945245804903828,0.7649171396480394,-0.6441286901486858,0.8912853066237556,-0.4534429426031438,0.0,1.3107634e-05,-1.3107634003972635e-05,0.0,ICV_113_CASE_25_with_r_theta_phi.csv
15.28432681,0.9568,-0.6321207459,0.0,3463.064314,0.6710868239,330.2982232,171.6925007,10.49401427,0.000543615074,0.03141327293,335.060869437349,152.342283465922,0.29177605993241,831.324796353616,810.003352604872,0.0006312405364473,0.0314163498458109,0.0005436204477675,317.714231223494,163.4521716395746,19.072951650594405,118.58854641466596,63.93657687550305,0.9680400297064216,15.327285764683904,3.582045886439744,92.36363608303782,ICV_113_CASE_25_with_r_theta_phi.csv,0.8677259087415634,0.0624777763969326,0.9980463553645667,0.9991492060951891,-0.04124153197146555,0.0,2.4932991e-05,-2.4932991436799057e-05,0.0,ICV_113_CASE_25_with_r_theta_phi.csv
0.115164714,0.9568,-0.6274255201,0.0,28222.12983,0.6655273612,365.9872834,841.409872,75.93589247,0.0005436192776,0.03141554256,335.060869437349,152.342283465922,0.29177605993241,831.324796353616,810.003352604872,0.0006312405364473,0.0314163498458109,0.0005436204477675,317.714231223494,163.4521716395746,19.072951650594405,118.58854641466596,63.93657687550305,0.9680400297064216,1.149953014093818,83.13664196679576,123.0663383108228,ICV_113_CASE_25_with_r_theta_phi.csv,0.06510246102828088,0.9928339691778663,0.11950192319173618,0.8380394109194319,-0.5456097009271477,0.0,-3.2901674e-08,3.290167427394408e-08,0.0,ICV_113_CASE_25_with_r_theta_phi.csv
-0.4870570712,0.9568,-0.6273985356,0.0,3125.831445,0.6679709031,334.0230347,300.4649762,20.26127197,0.0005436188125,0.03141490169,335.060869437349,152.342283465922,0.29177605993241,831.324796353616,810.003352604872,0.0006312405364473,0.0314163498458109,0.0005436204477675,317.714231223494,163.4521716395746,19.072951650594405,118.58854641466596,63.93657687550305,0.9680400297064216,1.2435110586878375,116.97827558019122,120.30068607189594,ICV_113_CASE_25_with_r_theta_phi.csv,0.0703990765224922,0.8911785963794293,-0.45365263071560624,0.8633895092233953,-0.5045379622614978,0.0,-3.2901674e-08,3.290167427394408e-08,0.0,ICV_113_CASE_25_with_r_theta_phi.csv
1.114970751,1.01,-0.6273633563,0.0,39059.35724,0.6586146753,386.3271214,478.8806359,96.59174078,0.000543620002,0.03141635296,335.060869437349,152.342283465922,0.29177605993241,831.324796353616,810.003352604872,0.0006312405364473,0.0314163498458109,0.0005436204477675,317.714231223494,163.4521716395746,19.072951650594405,118.58854641466596,63.93657687550305,0.9680400297064216,1.629982992676152,42.17196295750506,112.6368811168358,ICV_113_CASE_25_with_r_theta_phi.csv,0.09227846960432633,0.6713580045538089,0.7411332064625953,0.9229626561501706,-0.38488951057702514,0.0,-3.2901674e-08,3.290167427394408e-08,0.0,ICV_113_CASE_25_with_r_theta_phi.csv
13.71881302,0.9568,-0.6272721994,0.0,-5848.680441,0.6695854141,343.3405745,4706.33153,151.808971,0.0005436107432,0.03141218245,335.060869437349,152.342283465922,0.29177605993241,831.324796353616,810.003352604872,0.0006312405364473,0.0314163498458109,0.0005436204477675,317.714231223494,163.4521716395746,19.072951650594405,118.58854641466596,63.93657687550305,0.9680400297064216,13.766436261061235,3.989556136732631,92.61160528649896,ICV_113_CASE_25_with_r_theta_phi.csv,0.7793613036357795,0.06957463681005988,0.9975767488833871,0.9989613610044357,-0.04556532914580517,0.0,9.25392e-06,-9.253920325136278e-06,0.0,ICV_113_CASE_25_with_r_theta_phi.csv
14.7186246,1.01,-0.6272334906,0.0,-40015.99104,0.6964982558,347.0114457,3847.432905,170.5106186,0.0004711362588,0.02722489241,335.060869437349,152.342283465922,0.29177605993241,831.324796353616,810.003352604872,0.0006312405364473,0.0314163498458109,0.0005436204477675,317.714231223494,163.4521716395746,19.072951650594405,118.58854641466596,63.93657687550305,0.9680400297064216,14.766564663707516,3.925513713218209,92.4344624669825,ICV_113_CASE_25_with_r_theta_phi.csv,0.83598172165161,0.06845955102053977,0.9976538928276009,0.9990974618523538,-0.04247660203199329,0.0,2.4094177e-06,-2.409417675153236e-06,0.0,ICV_113_CASE_25_with_r_theta_phi.csv
17.08006273,0.9568,-0.6261936761,0.0,3886.082471,0.6709053576,329.2645075,57.38248798,3.329793097,0.0005436153071,0.0314133213,335.060869437349,152.342283465922,0.29177605993241,831.324796353616,810.003352604872,0.0006312405364473,0.0314163498458109,0.0005436204477675,317.714231223494,163.4521716395746,19.072951650594405,118.58854641466596,63.93657687550305,0.9680400297064216,17.118298035164674,3.206274280115508,92.09636852540903,ICV_113_CASE_25_with_r_theta_phi.csv,0.96912075280137,0.05593084075745764,0.9984346453585051,0.9993307142932183,-0.03658037001188202,0.0,0.00016771075,-0.00016771075024735183,0.0,ICV_113_CASE_25_with_r_theta_phi.csv
4.50898274,-2.524746481,-0.6210114399,0.004227368161,13476.0963,0.6630932933,347.1830367,407.6518712,45.97276239,0.0005436194727,0.03141558953,335.060869437349,152.342283465922,0.29177605993241,831.324796353616,810.003352604872,0.0006312405364473,0.0314163498458109,0.0005436204477675,317.714231223494,163.4521716395746,19.072951650594405,118.58854641466596,63.93657687550305,0.9680400297064216,5.20489436505934,330.7539195758355,96.8524541810076,ICV_113_CASE_25_with_r_theta_phi.csv,0.29466545885321666,-0.48856155333491574,0.8725294313677758,0.992856693385481,-0.11931297666075114,0.004227368161,0.003472733,0.0007546350824755299,17.851179588732727,ICV_113_CASE_25_with_r_theta_phi.csv
3.690214881,-2.525306112,-0.6187317993,0.004227356985,15375.35385,0.6622791925,349.9647599,307.1872967,43.66684367,0.0005436196361,0.03141576578,335.060869437349,152.342283465922,0.29177605993241,831.324796353616,810.003352604872,0.0006312405364473,0.0314163498458109,0.0005436204477675,317.714231223494,163.4521716395746,19.072951650594405,118.58854641466596,63.93657687550305,0.9680400297064216,4.514165024312184,325.615190036758,97.8780172639888,ICV_113_CASE_25_with_r_theta_phi.csv,0.25556109594799176,-0.5647482326546615,0.8252632511589477,0.9905621238369611,-0.1370645060532047,0.004227356985,0.003472733,0.0007546239064755295,17.850962409246822,ICV_113_CASE_25_with_r_theta_phi.csv
1.30723066,0.9568,-0.6166888867,0.0,5611.000252,0.6700551218,343.5256827,559.3716551,54.60046892,0.0005436191295,0.03141511179,335.060869437349,152.342283465922,0.29177605993241,831.324796353616,810.003352604872,0.0006312405364473,0.0314163498458109,0.0005436204477675,317.714231223494,163.4521716395746,19.072951650594405,118.58854641466596,63.93657687550305,0.9680400297064216,1.7333849605391531,36.2014780411032,110.84073237884058,ICV_113_CASE_25_with_r_theta_phi.csv,0.09813238059072718,0.5906264843233637,0.806945076207683,0.9345729896326299,-0.35577145339266353,0.0,1.5646157e-05,-1.564615740790032e-05,0.0,ICV_113_CASE_25_with_r_theta_phi.csv
14.71870861,0.9568,-0.6144124012,0.0,-23303.76499,0.6709702353,356.2804152,2595.423007,148.8254715,0.0005436145804,0.03141314029,335.060869437349,152.342283465922,0.29177605993241,831.324796353616,810.003352604872,0.0006312405364473,0.0314163498458109,0.0005436204477675,317.714231223494,163.4521716395746,19.072951650594405,118.58854641466596,63.93657687550305,0.9680400297064216,14.762565901117478,3.719319354399204,92.38531761809992,ICV_113_CASE_25_with_r_theta_phi.csv,0.8357553391103334,0.06486878809666571,0.9978938021307027,0.9991335281775907,-0.041619621230851916,0.0,1.0015358e-05,-1.0015358384407591e-05,0.0,ICV_113_CASE_25_with_r_theta_phi.csv
13.71872832,1.01,-0.6144036187,0.0,-12786.70977,0.6945771987,346.5096518,5558.913714,207.3554055,0.0005436107797,0.03141219271,335.060869437349,152.342283465922,0.29177605993241,831.324796353616,810.003352604872,0.0006312405364473,0.0314163498458109,0.0005436204477675,317.714231223494,163.4521716395746,19.072951650594405,118.58854641466596,63.93657687550305,0.9680400297064216,13.76957147207718,4.210632455085772,92.55740900406028,ICV_113_CASE_25_with_r_theta_phi.csv,0.7795387978033492,0.07342326885826103,0.9973008691413878,0.9990040145034597,-0.04462038778373967,0.0,1.0015358e-05,-1.0015358384407591e-05,0.0,ICV_113_CASE_25_with_r_theta_phi.csv
1.115057201,0.9568,-0.6143976012,0.0,24797.05007,0.6647572084,369.3273206,758.6540434,94.57563119,0.0005436196189,0.03141581388,335.060869437349,152.342283465922,0.29177605993241,831.324796353616,810.003352604872,0.0006312405364473,0.0314163498458109,0.0005436204477675,317.714231223494,163.4521716395746,19.072951650594405,118.58854641466596,63.93657687550305,0.9680400297064216,1.5925775377865494,40.63198839061056,112.69268060180354,ICV_113_CASE_25_with_r_theta_phi.csv,0.09016082902305923,0.6511980190702374,0.7589078599928971,0.9225873804983363,-0.385788187150952,0.0,-3.2901674e-08,3.290167427394408e-08,0.0,ICV_113_CASE_25_with_r_theta_phi.csv
13.28853457,0.9568,-0.6142758957,0.0,2842.226179,0.6714529208,332.1660998,841.8274142,27.66233714,0.0005436105287,0.03141212988,335.060869437349,152.342283465922,0.29177605993241,831.324796353616,810.003352604872,0.0006312405364473,0.0314163498458109,0.0005436204477675,317.714231223494,163.4521716395746,19.072951650594405,118.58854641466596,63.93657687550305,0.9680400297064216,13.337089342661056,4.118299131549122,92.63984672268708,ICV_113_CASE_25_with_r_theta_phi.csv,0.755054622684309,0.0718160034135653,0.997417897199415,0.9989387802270656,-0.04605771768620657,0.0,2.4932991e-05,-2.4932991436799057e-05,0.0,ICV_113_CASE_25_with_r_theta_phi.csv
0.1150785746,1.01,-0.6141626725,0.0,46676.52991,0.6595745489,388.7295983,411.8108448,87.01592347,0.0005436199815,0.03141632776,335.060869437349,152.342283465922,0.29177605993241,831.324796353616,810.003352604872,0.0006312405364473,0.0314163498458109,0.0005436204477675,317.714231223494,163.4521716395746,19.072951650594405,118.58854641466596,63.93657687550305,0.9680400297064216,1.1876610908101308,83.49979782253212,121.13922875169214,ICV_113_CASE_25_with_r_theta_phi.csv,0.06723723398403479,0.9935714562144679,0.11320671974693806,0.8559132286019662,-0.5171194688891131,0.0,-3.2901674e-08,3.290167427394408e-08,0.0,ICV_113_CASE_25_with_r_theta_phi.csv
14.47365839,-2.527215367,-0.6108866404,0.004227393772,3281.426202,0.6713549095,329.8962947,71.29757065,4.964634526,0.0005436125956,0.03141272698,335.060869437349,152.342283465922,0.29177605993241,831.324796353616,810.003352604872,0.0006312405364473,0.0314163498458109,0.0005436204477675,317.714231223494,163.4521716395746,19.072951650594405,118.58854641466596,63.93657687550305,0.9680400297064216,14.705331930597064,350.0955530137732,92.38085759157708,ICV_113_CASE_25_with_r_theta_phi.csv,0.8325151438244109,-0.17200555857995767,0.9850959789876298,0.9991367649112094,-0.041541846405313144,0.004227393772,0.0043799113,-0.0001525175762236864,3.607839354777003,ICV_113_CASE_25_with_r_theta_phi.csv
1.503280338,0.9568,-0.6101131701,0.0,5278.46813,0.6711388521,336.5654509,242.2955596,27.13198177,0.0005436190689,0.03141503303,335.060869437349,152.342283465922,0.29177605993241,831.324796353616,810.003352604872,0.0006312405364473,0.0314163498458109,0.0005436204477675,317.714231223494,163.4521716395746,19.072951650594405,118.58854641466596,63.93657687550305,0.9680400297064216,1.8834957114224775,32.4757240161465,108.90051773797812,ICV_113_CASE_25_with_r_theta_phi.csv,0.10663062285761542,0.5369422186766671,0.8436190217168993,0.9460824317958567,-0.3239259672320793,0.0,1.5646157e-05,-1.564615740790032e-05,0.0,ICV_113_CASE_25_with_r_theta_phi.csv
5.246323868,0.9568,-0.6085493673,0.0,2519.030988,0.6688334636,330.0743516,133.9374354,2.657656809,0.000543617534,0.03141407483,335.060869437349,152.342283465922,0.29177605993241,831.324796353616,810.003352604872,0.0006312405364473,0.0314163498458109,0.0005436204477675,317.714231223494,163.4521716395746,19.072951650594405,118.58854641466596,63.93657687550305,0.9680400297064216,5.367467997146114,10.33574366998272,96.51004266924576,ICV_113_CASE_25_with_r_theta_phi.csv,0.3038692640673763,0.17941597177703278,0.9837733016662441,0.9935519984217008,-0.11337736296212102,0.0,1.6845755e-05,-1.684575545368716e-05,0.0,ICV_113_CASE_25_with_r_theta_phi.csv
11.31148381,-2.529811877,-0.6000432205,0.00422736397,4232.2425,0.6748041093,332.5347741,53.59302169,10.73167138,0.0005436180289,0.03141443404,335.060869437349,152.342283465922,0.29177605993241,831.324796353616,810.003352604872,0.0006312405364473,0.0314163498458109,0.0005436204477675,317.714231223494,163.4521716395746,19.072951650594405,118.58854641466596,63.93657687550305,0.9680400297064216,11.60644932713577,347.3932670639986,92.9634625244978,ICV_113_CASE_25_with_r_theta_phi.csv,0.6570776420739288,-0.21825792172455327,0.9758911207734594,0.9986627063007435,-0.05169912034140349,0.00422736397,0.0041981484,2.9215589035005637e-05,0.6911065438279393,ICV_113_CASE_25_with_r_theta_phi.csv
17.27341821,-1.261188633,-0.5985981798,0.004227356054,3430.179356,0.6757525191,326.8038924,9.299116787,1.085761583,0.0005436132345,0.03141278258,335.060869437349,152.342283465922,0.29177605993241,831.324796353616,810.003352604872,0.0006312405364473,0.0314163498458109,0.0005436204477675,317.714231223494,163.4521716395746,19.072951650594405,118.58854641466596,63.93657687550305,0.9680400297064216,17.329740136725302,355.8240582014185,91.97948572010426,ICV_113_CASE_25_with_r_theta_phi.csv,0.9810911559464376,-0.07281942349382355,0.9973451416445699,0.9994032584370368,-0.03454167085468547,0.004227356054,0.0044298326,-0.0002024765125295128,4.789672549347461,ICV_113_CASE_25_with_r_theta_phi.csv
9.832738496,-2.531370566,-0.5934332779,0.004227364436,5458.302679,0.6684247215,333.3762298,142.1848215,14.24173019,0.0005436182566,0.03141459411,335.060869437349,152.342283465922,0.29177605993241,831.324796353616,810.003352604872,0.0006312405364473,0.0314163498458109,0.0005436204477675,317.714231223494,163.4521716395746,19.072951650594405,118.58854641466596,63.93657687550305,0.9680400297064216,10.170680720996536,345.56309294825644,93.3449623707292,ICV_113_CASE_25_with_r_theta_phi.csv,0.5757942604216217,-0.24931374795430308,0.9684227667093428,0.9982963363441034,-0.058347449318206256,0.004227364436,0.00420169,2.5674235283742845e-05,0.6073343253548036,ICV_113_CASE_25_with_r_theta_phi.csv
16.93997939,0.9568,-0.593175547,0.0,3798.23727,0.6702416443,329.5877787,63.66572491,3.443710089,0.0005436151565,0.03141328127,335.060869437349,152.342283465922,0.29177605993241,831.324796353616,810.003352604872,0.0006312405364473,0.0314163498458109,0.0005436204477675,317.714231223494,163.4521716395746,19.072951650594405,118.58854641466596,63.93657687550305,0.9680400297064216,16.97734446853169,3.2327322164855445,92.0022786277886,ICV_113_CASE_25_with_r_theta_phi.csv,0.961140927568465,0.056391890034196694,0.9984087112692732,0.9993894382912338,-0.03493924200569028,0.0,0.000106403546,-0.00010640354594215751,0.0,ICV_113_CASE_25_with_r_theta_phi.csv
-2.125871981,-1.374873064,-0.5919395046,0.004227323923,10396.0072,0.664247583,342.9139804,439.7918667,41.69141169,0.0005436192744,0.03141537758,335.060869437349,152.342283465922,0.29177605993241,831.324796353616,810.003352604872,0.0006312405364473,0.0314163498458109,0.0005436204477675,317.714231223494,163.4521716395746,19.072951650594405,118.58854641466596,63.93657687550305,0.9680400297064216,2.5999999997730203,212.8921105903477,103.15987714153783,ICV_113_CASE_25_with_r_theta_phi.csv,0.14719418670521775,-0.5430588323583214,-0.8396946496183101,0.9737385727757478,-0.2276690402506445,0.004227323923,0.0034860861,0.0007412377742313367,17.534444664225276,ICV_113_CASE_25_with_r_theta_phi.csv
5.267371411,-2.532559192,-0.5883399876,0.00422737468,12423.99424,0.6636435719,345.365016,472.8525206,46.69891059,0.0005436193128,0.03141543465,335.060869437349,152.342283465922,0.29177605993241,831.324796353616,810.003352604872,0.0006312405364473,0.0314163498458109,0.0005436204477675,317.714231223494,163.4521716395746,19.072951650594405,118.58854641466596,63.93657687550305,0.9680400297064216,5.874112833731831,334.3216903701162,95.74827471610706,ICV_113_CASE_25_with_r_theta_phi.csv,0.33255202355820057,-0.433317934257716,0.9012411263644295,0.9949715346511654,-0.10015810118959306,0.00422737468,0.0034672606,0.00076011405292397,17.980758988322332,ICV_113_CASE_25_with_r_theta_phi.csv
12.92800763,-2.532860578,-0.5870411344,0.004227370489,3447.282327,0.6712887713,331.8893051,325.3107194,17.93140278,0.000543597344,0.03141183071,335.060869437349,152.342283465922,0.29177605993241,831.324796353616,810.003352604872,0.0006312405364473,0.0314163498458109,0.0005436204477675,317.714231223494,163.4521716395746,19.072951650594405,118.58854641466596,63.93657687550305,0.9680400297064216,13.186863966933243,348.9149959019708,92.55148600078678,ICV_113_CASE_25_with_r_theta_phi.csv,0.7465498911440508,-0.1922651283022124,0.9813430187446863,0.999008621838619,-0.044517114597680985,0.004227370489,0.004316038,-8.866749742754594e-05,2.0974621845256327,ICV_113_CASE_25_with_r_theta_phi.csv
12.60250623,-2.65,-0.5824591085,0.0,-4413.960113,0.6708396586,378.2508043,4236.30316,73.14357396,0.000326426272,0.01886236,335.060869437349,152.342283465922,0.29177605993241,831.324796353616,810.003352604872,0.0006312405364473,0.0314163498458109,0.0005436204477675,317.714231223494,163.4521716395746,19.072951650594405,118.58854641466596,63.93657687550305,0.9680400297064216,12.891273090360912,348.1250960386471,92.5896444499175,ICV_113_CASE_25_with_r_theta_phi.csv,0.7298155608831488,-0.20577557037372599,0.9785992104213899,0.998978752310217,-0.04518243500213469,0.0,-0.00024722016,0.0002472201595082879,0.0,ICV_113_CASE_25_with_r_theta_phi.csv
11.49556053,-2.535417905,-0.5758958648,0.004227323458,4321.381543,0.6752116936,337.5995952,66.03141442,16.97176226,0.0005436179078,0.03141438577,335.060869437349,152.342283465922,0.29177605993241,831.324796353616,810.003352604872,0.0006312405364473,0.0314163498458109,0.0005436204477675,317.714231223494,163.4521716395746,19.072951650594405,118.58854641466596,63.93657687550305,0.9680400297064216,11.785920070108324,347.5621847100712,92.80076114317647,ICV_113_CASE_25_with_r_theta_phi.csv,0.6672380459399028,-0.21537988534056013,0.9765303400256887,0.9988054883107564,-0.04886303838599671,0.004227323458,0.0034637188,0.0007636046506752326,18.06354914832725,ICV_113_CASE_25_with_r_theta_phi.csv
-2.530084273,-0.1755777636,-0.5725783978,0.004227322061,8013.634719,0.6657797252,337.8136752,294.7511675,26.96654217,0.000543619164,0.03141521257,335.060869437349,152.342283465922,0.29177605993241,831.324796353616,810.003352604872,0.0006312405364473,0.0314163498458109,0.0005436204477675,317.714231223494,163.4521716395746,19.072951650594405,118.58854641466596,63.93657687550305,0.9680400297064216,2.6000000002269097,183.9697343883841,102.72209951130566,ICV_113_CASE_25_with_r_theta_phi.csv,0.14719418673091386,-0.06922951621653838,-0.9976007588631958,0.9754496746706567,-0.2202224606730884,0.004227322061,0.00348951,0.0007378121376164061,17.453416768235012,ICV_113_CASE_25_with_r_theta_phi.csv
11.64286564,-2.536382624,-0.5716320341,0.002103573643,-10576.4605,0.669460387,350.2234764,387.7136063,45.3937724,0.0005630337967,0.03253460326,335.060869437349,152.342283465922,0.29177605993241,831.324796353616,810.003352604872,0.0006312405364473,0.0314163498458109,0.0005436204477675,317.714231223494,163.4521716395746,19.072951650594405,118.58854641466596,63.93657687550305,0.9680400297064216,11.929640409871164,347.71020687094983,92.74649093824264,ICV_113_CASE_25_with_r_theta_phi.csv,0.6753745069115319,-0.21285632857303657,0.9770835089112944,0.9988513230168449,-0.047916954280282406,0.002103573643,0.0003701492,0.0017334244333702558,82.40379120143871,ICV_113_CASE_25_with_r_theta_phi.csv
12.74394337,-2.538033126,-0.5642586749,0.004227377474,3456.155272,0.6717202899,331.9922433,575.0335773,24.71530277,0.0005435911696,0.03141143159,335.060869437349,152.342283465922,0.29177605993241,831.324796353616,810.003352604872,0.0006312405364473,0.0314163498458109,0.0005436204477675,317.714231223494,163.4521716395746,19.072951650594405,118.58854641466596,63.93657687550305,0.9680400297064216,13.006463493918712,348.7365713215096,92.48643994578153,ICV_113_CASE_25_with_r_theta_phi.csv,0.7363368523329243,-0.19532018786631913,0.9807395292389646,0.9990585168980519,-0.04338294380819445,0.004227377474,0.004316038,-8.866051242754566e-05,2.0972934863723203,ICV_113_CASE_25_with_r_theta_phi.csv
12.59642751,-2.538441268,-0.5624197096,0.002051014919,-774.6146386,0.6495193795,346.8736386,3101.349175,64.77155403,0.0005630360585,0.03253487775,335.060869437349,152.342283465922,0.29177605993241,831.324796353616,810.003352604872,0.0006312405364473,0.0314163498458109,0.0005436204477675,317.714231223494,163.4521716395746,19.072951650594405,118.58854641466596,63.93657687550305,0.9680400297064216,12.861958871630588,348.6063118736976,92.50619319291178,ICV_113_CASE_25_with_r_theta_phi.csv,0.7281559906580389,-0.19754934958813378,0.9802929431946887,0.9990435008558299,-0.043727375838568165,0.002051014919,0.00027332242,0.0017776924943814728,86.67379632623408,ICV_113_CASE_25_with_r_theta_phi.csv
14.84644458,0.9568,-0.5607732997,0.0,5267.197303,0.6709630452,340.3452157,1250.652916,70.21277252,0.0005436148903,0.03141322456,335.060869437349,152.342283465922,0.29177605993241,831.324796353616,810.003352604872,0.0006312405364473,0.0314163498458109,0.0005436204477675,317.714231223494,163.4521716395746,19.072951650594405,118.58854641466596,63.93657687550305,0.9680400297064216,14.887808757525995,3.687407711045637,92.1586484776692,ICV_113_CASE_25_with_r_theta_phi.csv,0.8428457315685255,0.0643129878925513,0.9979297768822877,0.9992903614180015,-0.037666610905149264,0.0,2.4932991e-05,-2.4932991436799057e-05,0.0,ICV_113_CASE_25_with_r_theta_phi.csv
16.77846824,0.9568,-0.5531512444,0.0,3703.75102,0.6704714933,329.5959082,71.86132838,4.107668976,0.0005436150514,0.03141325665,335.060869437349,152.342283465922,0.29177605993241,831.324796353616,810.003352604872,0.0006312405364473,0.0314163498458109,0.0005436204477675,317.714231223494,163.4521716395746,19.072951650594405,118.58854641466596,63.93657687550305,0.9680400297064216,16.814827950944665,3.2637838539693576,91.8851784244606,ICV_113_CASE_25_with_r_theta_phi.csv,0.9519403557859747,0.056932972634212514,0.9983780028761812,0.9994587592580687,-0.032896634209624326,0.0,0.000106403546,-0.00010640354594215751,0.0,ICV_113_CASE_25_with_r_theta_phi.csv
-0.08561520959,0.9568,-0.5525128222,0.0,2398.261339,0.6687905307,336.7986417,701.9918294,40.43613262,0.0005436186293,0.03141476108,335.060869437349,152.342283465922,0.29177605993241,831.324796353616,810.003352604872,0.0006312405364473,0.0314163498458109,0.0005436204477675,317.714231223494,163.4521716395746,19.072951650594405,118.58854641466596,63.93657687550305,0.9680400297064216,1.1081816740988584,95.11325306712712,119.90583569096464,ICV_113_CASE_25_with_r_theta_phi.csv,0.06273765394417243,0.9960204766554349,-0.08912468840383249,0.8668459724552012,-0.49857603235434067,0.0,-3.2901674e-08,3.290167427394408e-08,0.0,ICV_113_CASE_25_with_r_theta_phi.csv
2.366123721,0.9568,-0.5524040549,0.0,2437.875565,0.6691638881,330.102547,70.33868977,3.066155815,0.0005436185309,0.03141452893,335.060869437349,152.342283465922,0.29177605993241,831.324796353616,810.003352604872,0.0006312405364473,0.0314163498458109,0.0005436204477675,317.714231223494,163.4521716395746,19.072951650594405,118.58854641466596,63.93657687550305,0.9680400297064216,2.611351746308576,22.017150317017865,102.21258641905943,ICV_113_CASE_25_with_r_theta_phi.csv,0.14783684482026804,0.3748841101090773,0.9270716822272834,0.9773694480437574,-0.2115395046572653,0.0,1.6845755e-05,-1.684575545368716e-05,0.0,ICV_113_CASE_25_with_r_theta_phi.csv
13.5908701,0.9568,-0.5496071269,0.0,2445.758375,0.6714366671,335.4330042,2421.735326,65.00888045,0.0005436106383,0.03141215743,335.060869437349,152.342283465922,0.29177605993241,831.324796353616,810.003352604872,0.0006312405364473,0.0314163498458109,0.0005436204477675,317.714231223494,163.4521716395746,19.072951650594405,118.58854641466596,63.93657687550305,0.9680400297064216,13.635588887503658,4.026990378724349,92.31003603546829,ICV_113_CASE_25_with_r_theta_phi.csv,0.7719536218146246,0.07022638945687118,0.9975310793272818,0.9991873502264653,-0.04030681266752541,0.0,1.0015358e-05,-1.0015358384407591e-05,0.0,ICV_113_CASE_25_with_r_theta_phi.csv
16.24797369,-2.257104785,-0.5489220904,0.004227389116,3203.354305,0.6720473592,328.8947532,30.03796208,1.962859064,0.0005436116991,0.03141245521,335.060869437349,152.342283465922,0.29177605993241,831.324796353616,810.003352604872,0.0006312405364473,0.0314163498458109,0.0005436204477675,317.714231223494,163.4521716395746,19.072951650594405,118.58854641466596,63.93657687550305,0.9680400297064216,16.413180267782696,352.09130894754594,91.91655635751044,ICV_113_CASE_25_with_r_theta_phi.csv,0.9292018157589662,-0.137594792340508,0.9904886032260909,0.9994405935968728,-0.033443981083756014,0.004227389116,0.0044912854,-0.00026389630495422724,6.242536413149099,ICV_113_CASE_25_with_r_theta_phi.csv
13.33215405,-2.541915066,-0.546505076,0.004227390978,3302.275059,0.6719456531,330.638862,146.0994139,10.13558298,0.0005436107378,0.03141270651,335.060869437349,152.342283465922,0.29177605993241,831.324796353616,810.003352604872,0.0006312405364473,0.0314163498458109,0.0005436204477675,317.714231223494,163.4521716395746,19.072951650594405,118.58854641466596,63.93657687550305,0.9680400297064216,13.583310775130744,349.20551241938057,92.30583609530557,ICV_113_CASE_25_with_r_theta_phi.csv,0.7689939932631296,-0.1872868079919645,0.9823052741140001,0.9991903021435887,-0.04023356934456561,0.004227390978,0.004316038,-8.864700842754585e-05,2.0969673462404823,ICV_113_CASE_25_with_r_theta_phi.csv
12.21147387,0.9568,-0.5446759276,0.0,3048.400736,0.6724481028,329.2148777,179.4557731,6.691101538,0.0005436101558,0.03141203739,335.060869437349,152.342283465922,0.29177605993241,831.324796353616,810.003352604872,0.0006312405364473,0.0314163498458109,0.0005436204477675,317.714231223494,163.4521716395746,19.072951650594405,118.58854641466596,63.93657687550305,0.9680400297064216,12.26100453404205,4.480116848561067,92.54611319155566,ICV_113_CASE_25_with_r_theta_phi.csv,0.694134073359562,0.0781131343189524,0.9969445010866298,0.9990127919590518,-0.044423434155638666,0.0,6.8410236e-06,-6.841023605375085e-06,0.0,ICV_113_CASE_25_with_r_theta_phi.csv
11.6521589,-2.65,-0.5440721371,0.0,-22881.98713,0.6972233247,357.0045795,1005.107099,78.475211,0.0003464904885,0.0200213627,335.060869437349,152.342283465922,0.29177605993241,831.324796353616,810.003352604872,0.0006312405364473,0.0314163498458109,0.0005436204477675,317.714231223494,163.4521716395746,19.072951650594405,118.58854641466596,63.93657687550305,0.9680400297064216,11.962078478308769,347.18740184816625,92.60688769749174,ICV_113_CASE_25_with_r_theta_phi.csv,0.6772109281047543,-0.22176290735049636,0.9751006168203644,0.9989651093517318,-0.04548307704940994,0.0,-0.000336278,0.00033627799712121487,0.0,ICV_113_CASE_25_with_r_theta_phi.csv
10.90354256,-2.54628163,-0.5257849956,0.00422736397,4705.765451,0.6714881025,332.0834211,63.314022,9.31403059,0.0005436180812,0.03141447048,335.060869437349,152.342283465922,0.29177605993241,831.324796353616,810.003352604872,0.0006312405364473,0.0314163498458109,0.0005436204477675,317.714231223494,163.4521716395746,19.072951650594405,118.58854641466596,63.93657687550305,0.9680400297064216,11.209247983634093,346.85540473720624,92.68852282868836,ICV_113_CASE_25_with_r_theta_phi.csv,0.6345908233354468,-0.22740931747989962,0.9737992618211035,0.9988992910229828,-0.04690635771174582,0.00422736397,0.0041981484,2.9215589035005637e-05,0.6911065438279393,ICV_113_CASE_25_with_r_theta_phi.csv
12.80438275,0.9568,-0.5214628857,0.0,2867.788397,0.6715504216,330.9654326,420.0266429,15.62288736,0.0005436103075,0.03141207797,335.060869437349,152.342283465922,0.29177605993241,831.324796353616,810.003352604872,0.0006312405364473,0.0314163498458109,0.0005436204477675,317.714231223494,163.4521716395746,19.072951650594405,118.58854641466596,63.93657687550305,0.9680400297064216,12.850665639944888,4.273451423820745,92.3256249130228,ICV_113_CASE_25_with_r_theta_phi.csv,0.7275166452528868,0.07451666302447116,0.9972197686225928,0.9991763466773227,-0.04057866730880396,0.0,2.4932991e-05,-2.4932991436799057e-05,0.0,ICV_113_CASE_25_with_r_theta_phi.csv
15.49180937,0.9568,-0.5110879989,0.0,3509.459049,0.6692860329,330.951099,102.4690414,7.615439969,0.0005436152743,0.03141332833,335.060869437349,152.342283465922,0.29177605993241,831.324796353616,810.003352604872,0.0006312405364473,0.0314163498458109,0.0005436204477675,317.714231223494,163.4521716395746,19.072951650594405,118.58854641466596,63.93657687550305,0.9680400297064216,15.52974033070223,3.534193790170491,91.88596031138924,ICV_113_CASE_25_with_r_theta_phi.csv,0.8791874992001892,0.0616442097085573,0.9980981872588525,0.9994583102410447,-0.0329102733218013,0.0,9.25392e-06,-9.253920325136278e-06,0.0,ICV_113_CASE_25_with_r_theta_phi.csv
13.44066396,0.9568,-0.5064947868,0.0,2599.323508,0.6704820401,333.4089004,1301.290099,37.64392686,0.0005436105663,0.03141214015,335.060869437349,152.342283465922,0.29177605993241,831.324796353616,810.003352604872,0.0006312405364473,0.0314163498458109,0.0005436204477675,317.714231223494,163.4521716395746,19.072951650594405,118.58854641466596,63.93657687550305,0.9680400297064216,13.484192630435777,4.071843466611028,92.15265703162883,ICV_113_CASE_25_with_r_theta_phi.csv,0.7633826029949067,0.07100726916682915,0.9974757980650305,0.9992942947692263,-0.03756211444627114,0.0,2.4932991e-05,-2.4932991436799057e-05,0.0,ICV_113_CASE_25_with_r_theta_phi.csv
3.468737028e-15,-2.552106288,-0.4967428852,0.004227326252,25497.69725,0.66069537,350.6473059,247.9289562,39.28199059,0.0005436197508,0.03141597886,335.060869437349,152.342283465922,0.29177605993241,831.324796353616,810.003352604872,0.0006312405364473,0.0314163498458109,0.0005436204477675,317.714231223494,163.4521716395746,19.072951650594405,118.58854641466596,63.93657687550305,0.9680400297064216,2.599999999854992,270.00000000000006,101.01435661219818,ICV_113_CASE_25_with_r_theta_phi.csv,0.14719418670985843,-1.0,7.044813998280222e-16,0.9815793415932063,-0.19105495585681015,0.004227326252,0.0034782516,0.0007490746215596455,17.719820442721943,ICV_113_CASE_25_with_r_theta_phi.csv
13.96018395,-2.552820663,-0.4930584766,0.004227395169,3317.857857,0.6716128774,330.1237626,85.70471005,6.335514849,0.0005436129225,0.03141285084,335.060869437349,152.342283465922,0.29177605993241,831.324796353616,810.003352604872,0.0006312405364473,0.0314163498458109,0.0005436204477675,317.714231223494,163.4521716395746,19.072951650594405,118.58854641466596,63.93657687550305,0.9680400297064216,14.200237178182077,349.6371385473673,91.98981530533888,ICV_113_CASE_25_with_r_theta_phi.csv,0.8039201394793003,-0.17988156624886179,0.9836882748736291,0.9993970148408288,-0.03472184798135338,0.004227395169,0.0043799113,-0.00015251617922368635,3.6078051161629716,ICV_113_CASE_25_with_r_theta_phi.csv
8.680724658,-2.55370196,-0.4884734366,0.004227376077,6592.144873,0.6668799419,336.0331441,286.4563135,23.97007889,0.0005436184688,0.03141474927,335.060869437349,152.342283465922,0.29177605993241,831.324796353616,810.003352604872,0.0006312405364473,0.0314163498458109,0.0005436204477675,317.714231223494,163.4521716395746,19.072951650594405,118.58854641466596,63.93657687550305,0.9680400297064216,9.061731654975272,343.6071328437895,93.0900317155324,ICV_113_CASE_25_with_r_theta_phi.csv,0.513013162004406,-0.2822220281149208,0.9593491162484598,0.9985460638125081,-0.05390508737166197,0.004227376077,0.0034672606,0.00076011544992397,17.980786092814004,ICV_113_CASE_25_with_r_theta_phi.csv
1.975486353,0.9568,-0.4799211791,0.0,2643.214853,0.6719800038,329.4286385,113.4611222,6.770907708,0.0005436188516,0.03141473929,335.060869437349,152.342283465922,0.29177605993241,831.324796353616,810.003352604872,0.0006312405364473,0.0314163498458109,0.0005436204477675,317.714231223494,163.4521716395746,19.072951650594405,118.58854641466596,63.93657687550305,0.9680400297064216,2.2468504420717403,25.842597402713068,102.33324675549608,ICV_113_CASE_25_with_r_theta_phi.csv,0.12720127826841574,0.4359003344583137,0.8999949435519792,0.9769217958012935,-0.2135972960699077,0.0,1.5646157e-05,-1.564615740790032e-05,0.0,ICV_113_CASE_25_with_r_theta_phi.csv
3.264883798,0.9568,-0.4749162553,0.0,2349.465952,0.6689340598,330.0010715,105.233642,2.254055636,0.0005436181315,0.03141435254,335.060869437349,152.342283465922,0.29177605993241,831.324796353616,810.003352604872,0.0006312405364473,0.0314163498458109,0.0005436204477675,317.714231223494,163.4521716395746,19.072951650594405,118.58854641466596,63.93657687550305,0.9680400297064216,3.435182368374506,16.333639767749332,97.94663253690597,ICV_113_CASE_25_with_r_theta_phi.csv,0.19447649036197362,0.28123018591400856,0.9596403401956236,0.990397270263211,-0.1382506674673946,0.0,1.6845755e-05,-1.684575545368716e-05,0.0,ICV_113_CASE_25_with_r_theta_phi.csv
17.51674641,-0.7730413459,-0.4739978915,0.004227370489,3760.169932,0.6735866337,328.0301279,10.39418987,1.803678325,0.00054361497,0.03141321437,335.060869437349,152.342283465922,0.29177605993241,831.324796353616,810.003352604872,0.0006312405364473,0.0314163498458109,0.0005436204477675,317.714231223494,163.4521716395746,19.072951650594405,118.58854641466596,63.93657687550305,0.9680400297064216,17.540201587093154,357.4730874823029,91.54852183935492,ICV_113_CASE_25_with_r_theta_phi.csv,0.9930060413396687,-0.044088647518250645,0.999027622821317,0.999634798146487,-0.02702351447595625,0.004227370489,0.0043849363,-0.00015756581017502443,3.727277051958236,ICV_113_CASE_25_with_r_theta_phi.csv
-2.370658476,0.9568,-0.4738271292,0.00422728993,6576.563484,0.6705031664,330.8527878,141.1055263,9.590484842,0.0005436191803,0.03141519286,335.060869437349,152.342283465922,0.29177605993241,831.324796353616,810.003352604872,0.0006312405364473,0.0314163498458109,0.0005436204477675,317.714231223494,163.4521716395746,19.072951650594405,118.58854641466596,63.93657687550305,0.9680400297064216,2.599999999653184,158.02095052027337,100.50033087010712,ICV_113_CASE_25_with_r_theta_phi.csv,0.14719418669843345,0.37426753844983957,-0.9273207695628831,0.9832538551788103,-0.18224120356277068,0.00422728993,0.0035874036,0.0006398863624921371,15.137035143950172,ICV_113_CASE_25_with_r_theta_phi.csv
11.15780311,-2.556543729,-0.4733752856,0.004227361176,4546.962051,0.6722423275,332.7131807,58.14892808,9.821981977,0.0005436180272,0.0314144382,335.060869437349,152.342283465922,0.29177605993241,831.324796353616,810.003352604872,0.0006312405364473,0.0314163498458109,0.0005436204477675,317.714231223494,163.4521716395746,19.072951650594405,118.58854641466596,63.93657687550305,0.9680400297064216,11.456725982619632,347.0948005604584,92.36805255678576,ICV_113_CASE_25_with_r_theta_phi.csv,0.648601332101328,-0.223338572076375,0.9747409308236142,0.999146024146795,-0.041318548276194626,0.004227361176,0.0041981484,2.9212795035005526e-05,0.6910409073619007,ICV_113_CASE_25_with_r_theta_phi.csv
1.223360412,0.9568,-0.4732714766,0.0,6869.221878,0.6717262256,348.2257795,769.5599616,75.80591795,0.0005436191309,0.03141511792,335.060869437349,152.342283465922,0.29177605993241,831.324796353616,810.003352604872,0.0006312405364473,0.0314163498458109,0.0005436204477675,317.714231223494,163.4521716395746,19.072951650594405,118.58854641466596,63.93657687550305,0.9680400297064216,1.623595648002283,38.029248109853256,106.94753468586362,ICV_113_CASE_25_with_r_theta_phi.csv,0.0919168619102655,0.616063655525137,0.7876963706536964,0.9565720775682183,-0.29149590120072444,0.0,1.5646157e-05,-1.564615740790032e-05,0.0,ICV_113_CASE_25_with_r_theta_phi.csv
0.1367291417,0.9568,-0.4719696588,0.0,24108.02393,0.6665753791,362.65122,1342.503684,81.73073073,0.0005436193211,0.03141558183,335.060869437349,152.342283465922,0.29177605993241,831.324796353616,810.003352604872,0.0006312405364473,0.0314163498458109,0.0005436204477675,317.714231223494,163.4521716395746,19.072951650594405,118.58854641466596,63.93657687550305,0.9680400297064216,1.075600509956093,81.8673491216943,116.02711352623857,ICV_113_CASE_25_with_r_theta_phi.csv,0.060893131652510035,0.9899432022405017,0.14146538918697066,0.8985864995424346,-0.43879642528178614,0.0,-3.2901674e-08,3.290167427394408e-08,0.0,ICV_113_CASE_25_with_r_theta_phi.csv
1.093355953,1.01,-0.4718082727,0.0,35499.07556,0.6586195625,384.2308114,383.0466234,74.46596094,0.0005436199919,0.03141634601,335.060869437349,152.342283465922,0.29177605993241,831.324796353616,810.003352604872,0.0006312405364473,0.0314163498458109,0.0005436204477675,317.714231223494,163.4521716395746,19.072951650594405,118.58854641466596,63.93657687550305,0.9680400297064216,1.561451339667265,42.73055702349825,107.58738925159292,ICV_113_CASE_25_with_r_theta_phi.csv,0.0883986769392925,0.6785515185487213,0.7345528140816182,0.9532571960394426,-0.3021600870383441,0.0,-3.2901674e-08,3.290167427394408e-08,0.0,ICV_113_CASE_25_with_r_theta_phi.csv
13.74045695,0.9568,-0.4717185573,0.0,-8980.402267,0.6705133028,349.7645666,4508.694167,158.5201927,0.0005436106516,0.03141216355,335.060869437349,152.342283465922,0.29177605993241,831.324796353616,810.003352604872,0.0006312405364473,0.0314163498458109,0.0005436204477675,317.714231223494,163.4521716395746,19.072951650594405,118.58854641466596,63.93657687550305,0.9680400297064216,13.78180473784564,3.983292044361974,91.96148204132736,ICV_113_CASE_25_with_r_theta_phi.csv,0.7802313614978471,0.06946557228966276,0.9975843494494436,0.9994140629018725,-0.03422763319267093,0.0,1.0015358e-05,-1.0015358384407591e-05,0.0,ICV_113_CASE_25_with_r_theta_phi.csv
14.69696596,1.01,-0.4716727828,0.0,-40759.08316,0.6917700924,354.7451136,2138.461965,177.8852199,0.0004101105284,0.02369853297,335.060869437349,152.342283465922,0.29177605993241,831.324796353616,810.003352604872,0.0006312405364473,0.0314163498458109,0.0005436204477675,317.714231223494,163.4521716395746,19.072951650594405,118.58854641466596,63.93657687550305,0.9680400297064216,14.73917852675084,3.9312805422200654,91.83385216884652,ICV_113_CASE_25_with_r_theta_phi.csv,0.8344313062067301,0.068559964691042,0.9976469973099519,0.9994878274363385,-0.032001293826784585,0.0,2.4094177e-06,-2.409417675153236e-06,0.0,ICV_113_CASE_25_with_r_theta_phi.csv
0.02192570225,0.9568,-0.4691603438,0.0,1115.92667,0.6717999093,336.1423982,1673.431762,63.87985279,0.0005436185609,0.03141470939,335.060869437349,152.342283465922,0.29177605993241,831.324796353616,810.003352604872,0.0006312405364473,0.0314163498458109,0.0005436204477675,317.714231223494,163.4521716395746,19.072951650594405,118.58854641466596,63.93657687550305,0.9680400297064216,1.0658604057819625,88.68725922459862,116.11476237071878,ICV_113_CASE_25_with_r_theta_phi.csv,0.06034171368617911,0.9997375396573511,0.022909644254468172,0.8979141947585481,-0.44017053382877436,0.0,7.285371e-07,-7.285370884346776e-07,0.0,ICV_113_CASE_25_with_r_theta_phi.csv
13.08142448,-2.55907628,-0.4594873164,0.004227381665,3386.294591,0.672089505,331.0784886,204.3712288,13.35545657,0.0005436074557,0.03141254222,335.060869437349,152.342283465922,0.29177605993241,831.324796353616,810.003352604872,0.0006312405364473,0.0314163498458109,0.0005436204477675,317.714231223494,163.4521716395746,19.072951650594405,118.58854641466596,63.93657687550305,0.9680400297064216,13.33730356656601,348.93120157200786,91.97430420929489,ICV_113_CASE_25_with_r_theta_phi.csv,0.7550667505741034,-0.19198755529917483,0.9813973602013847,0.9994063781063829,-0.0344512902556893,0.004227381665,0.004316038,-8.86563214275455e-05,2.0971922677479267,ICV_113_CASE_25_with_r_theta_phi.csv
13.74436856,1.01,-0.4594578516,0.0,-15862.27887,0.6977401246,353.7488287,5815.011216,220.1738212,0.0005436106608,0.0314121677,335.060869437349,152.342283465922,0.29177605993241,831.324796353616,810.003352604872,0.0006312405364473,0.0314163498458109,0.0005436204477675,317.714231223494,163.4521716395746,19.072951650594405,118.58854641466596,63.93657687550305,0.9680400297064216,13.789085126668606,4.20280565566469,91.90947181568976,ICV_113_CASE_25_with_r_theta_phi.csv,0.7806435272331501,0.07328703346434218,0.9973108897059113,0.999444721257449,-0.033320401417450615,0.0,1.0015358e-05,-1.0015358384407591e-05,0.0,ICV_113_CASE_25_with_r_theta_phi.csv
1.089404525,0.9568,-0.4594204396,0.0,23233.87988,0.6656960057,369.2775883,639.9997333,81.48434806,0.0005436195913,0.03141578943,335.060869437349,152.342283465922,0.29177605993241,831.324796353616,810.003352604872,0.0006312405364473,0.0314163498458109,0.0005436204477675,317.714231223494,163.4521716395746,19.072951650594405,118.58854641466596,63.93657687550305,0.9680400297064216,1.5209653511545662,41.29212512491898,107.58128055690004,ICV_113_CASE_25_with_r_theta_phi.csv,0.08610663764982952,0.6598984061079736,0.7513548386855281,0.9532894059737341,-0.3020584520556329,0.0,-3.2901674e-08,3.290167427394408e-08,0.0,ICV_113_CASE_25_with_r_theta_phi.csv
14.693044,0.9568,-0.4593849178,0.0,-19149.9484,0.6690707064,354.4717046,1440.786902,127.0321524,0.0004293779955,0.02481199189,335.060869437349,152.342283465922,0.29177605993241,831.324796353616,810.003352604872,0.0006312405364473,0.0314163498458109,0.0005436204477675,317.714231223494,163.4521716395746,19.072951650594405,118.58854641466596,63.93657687550305,0.9680400297064216,14.731328613829715,3.725797675019805,91.78701361495462,ICV_113_CASE_25_with_r_theta_phi.csv,0.8339868979189484,0.0649816175629681,0.9978864611662492,0.9995136541032185,-0.031184214936916275,0.0,1.6479838e-06,-1.6479838222949184e-06,0.0,ICV_113_CASE_25_with_r_theta_phi.csv
0.1407881449,1.01,-0.4592452749,0.0,43206.41672,0.6585368869,385.4079317,483.9907186,97.92786708,0.0005436200235,0.03141637772,335.060869437349,152.342283465922,0.29177605993241,831.324796353616,810.003352604872,0.0006312405364473,0.0314163498458109,0.0005436204477675,317.714231223494,163.4521716395746,19.072951650594405,118.58854641466596,63.93657687550305,0.9680400297064216,1.1184040076208417,82.06443482150888,114.24413772703632,ICV_113_CASE_25_with_r_theta_phi.csv,0.06331637243229904,0.9904239565402819,0.1380593579265589,0.9118040619002932,-0.41062556265060557,0.0,-3.2901674e-08,3.290167427394408e-08,0.0,ICV_113_CASE_25_with_r_theta_phi.csv
-2.287096651,0.9568,-0.4590318804,0.002132593654,6372.828841,0.6687983253,331.5228386,205.5861492,9.844586557,0.0005436191664,0.03141517269,335.060869437349,152.342283465922,0.29177605993241,831.324796353616,810.003352604872,0.0006312405364473,0.0314163498458109,0.0005436204477675,317.714231223494,163.4521716395746,19.072951650594405,118.58854641466596,63.93657687550305,0.9680400297064216,2.521306724347313,157.2981505054977,100.48983623392814,ICV_113_CASE_25_with_r_theta_phi.csv,0.14273911259888394,0.3859358214392777,-0.9225256320178805,0.9832872190687678,-0.18206110187519164,0.002132593654,0.0017188361,0.0004137575159750737,19.40161056959882,ICV_113_CASE_25_with_r_theta_phi.csv
-1.186820736,0.9568,-0.4554116734,0.0,4969.520373,0.6677536609,333.6126681,354.4285258,19.64288025,0.0005436190227,0.03141505787,335.060869437349,152.342283465922,0.29177605993241,831.324796353616,810.003352604872,0.0006312405364473,0.0314163498458109,0.0005436204477675,317.714231223494,163.4521716395746,19.072951650594405,118.58854641466596,63.93657687550305,0.9680400297064216,1.5910403802759283,141.12467520301544,106.63269326637771,ICV_113_CASE_25_with_r_theta_phi.csv,0.09007380569627714,0.6276278384788242,-0.7785135171378843,0.9581594032124364,-0.2862351446548583,0.0,1.6147647e-05,-1.61476473294897e-05,0.0,ICV_113_CASE_25_with_r_theta_phi.csv
1.380958336,0.9568,-0.4529457366,0.0,5452.591448,0.6695866343,340.6554772,305.922865,36.60813624,0.0005436191299,0.03141510702,335.060869437349,152.342283465922,0.29177605993241,831.324796353616,810.003352604872,0.0006312405364473,0.0314163498458109,0.0005436204477675,317.714231223494,163.4521716395746,19.072951650594405,118.58854641466596,63.93657687550305,0.9680400297064216,1.740020691276976,34.71623740592486,105.08848965150656,ICV_113_CASE_25_with_r_theta_phi.csv,0.098508050201971,0.5695124930606131,0.8219826763672609,0.965524945053614,-0.2603105462312578,0.0,-3.2901674e-08,3.290167427394408e-08,0.0,ICV_113_CASE_25_with_r_theta_phi.csv
15.21696265,0.9568,-0.4487478247,0.0,3400.144042,0.6713434898,330.2795892,168.0412399,10.77253147,0.0005436153641,0.0314133569,335.060869437349,152.342283465922,0.29177605993241,831.324796353616,810.003352604872,0.0006312405364473,0.0314163498458109,0.0005436204477675,317.714231223494,163.4521716395746,19.072951650594405,118.58854641466596,63.93657687550305,0.9680400297064216,15.253615739937466,3.5978617284590086,91.6858341720266,ICV_113_CASE_25_with_r_theta_phi.csv,0.863555216673082,0.06275327324915922,0.9980290710678303,0.9995671642611257,-0.02941911166183926,0.0,2.4932991e-05,-2.4932991436799057e-05,0.0,ICV_113_CASE_25_with_r_theta_phi.csv
11.37691641,-2.561296102,-0.4469477346,0.004227360711,4188.414953,0.6741532173,333.3108334,61.87514337,11.90763958,0.0005436179455,0.03141439835,335.060869437349,152.342283465922,0.29177605993241,831.324796353616,810.003352604872,0.0006312405364473,0.0314163498458109,0.0005436204477675,317.714231223494,163.4521716395746,19.072951650594405,118.58854641466596,63.93657687550305,0.9680400297064216,11.670228232545917,347.31247486554724,92.19485708455444,ICV_113_CASE_25_with_r_theta_phi.csv,0.6606883667322423,-0.2196337984680741,0.9755823873822679,0.9992663581058332,-0.038298114286536705,0.004227360711,0.0041981484,2.9212330035005216e-05,0.6910299836037559,ICV_113_CASE_25_with_r_theta_phi.csv
14.99294833,0.9568,-0.4437417452,0.0,3151.668878,0.6705689091,331.6567779,344.0357028,18.88370978,0.0005436153664,0.03141335894,335.060869437349,152.342283465922,0.29177605993241,831.324796353616,810.003352604872,0.0006312405364473,0.0314163498458109,0.0005436204477675,317.714231223494,163.4521716395746,19.072951650594405,118.58854641466596,63.93657687550305,0.9680400297064216,15.02999908857226,3.6514741305076086,91.69183138644246,ICV_113_CASE_25_with_r_theta_phi.csv,0.8508955739291131,0.06368711435275194,0.9979699151103802,0.9995640794535968,-0.029523737332585048,0.0,2.4932991e-05,-2.4932991436799057e-05,0.0,ICV_113_CASE_25_with_r_theta_phi.csv
11.55311288,-2.561892051,-0.4435190205,0.004227473401,4545.03232,0.6738169614,338.2970881,85.15993224,18.99556575,0.0005436177734,0.0314143509,335.060869437349,152.342283465922,0.29177605993241,831.324796353616,810.003352604872,0.0006312405364473,0.0314163498458109,0.0005436204477675,317.714231223494,163.4521716395746,19.072951650594405,118.58854641466596,63.93657687550305,0.9680400297064216,11.842061358587202,347.4970286887733,92.14639258397352,ICV_113_CASE_25_with_r_theta_phi.csv,0.6704163810548847,-0.2164902435417899,0.9762847814296894,0.9992983956590394,-0.037452856143021386,0.004227473401,0.0034637188,0.0007637545936752333,18.066455327995772,ICV_113_CASE_25_with_r_theta_phi.csv
-2.188964824,0.9568,-0.441678287,0.0,6180.40252,0.666127926,332.9953937,342.2385568,13.42403882,0.0005436191456,0.03141514808,335.060869437349,152.342283465922,0.29177605993241,831.324796353616,810.003352604872,0.0006312405364473,0.0314163498458109,0.0005436204477675,317.714231223494,163.4521716395746,19.072951650594405,118.58854641466596,63.93657687550305,0.9680400297064216,2.429426465221083,156.3897850715853,100.47482749487534,ICV_113_CASE_25_with_r_theta_phi.csv,0.1375374818229106,0.40051239912882397,-0.9162913391187726,0.9833348765861529,-0.1818035216636228,0.0,0.00019892293,-0.00019892293494194746,0.0,ICV_113_CASE_25_with_r_theta_phi.csv
-0.2603674548,0.9568,-0.4413022685,0.0,2705.691442,0.6675499698,334.5535908,237.5846876,19.45221507,0.0005436187804,0.03141487495,335.060869437349,152.342283465922,0.29177605993241,831.324796353616,810.003352604872,0.0006312405364473,0.0314163498458109,0.0005436204477675,317.714231223494,163.4521716395746,19.072951650594405,118.58854641466596,63.93657687550305,0.9680400297064216,1.0853594536844815,105.22289780148152,113.99114801523422,ICV_113_CASE_25_with_r_theta_phi.csv,0.06144561618532832,0.9649116355970065,-0.2625748188412393,0.9136082860376881,-0.40659549884778345,0.0,-3.2901674e-08,3.290167427394408e-08,0.0,ICV_113_CASE_25_with_r_theta_phi.csv
12.53707622,-2.65,-0.4401224678,0.0,-7306.939366,0.6856724793,367.0249358,5925.538123,142.6365646,0.0003471864459,0.02006204199,335.060869437349,152.342283465922,0.29177605993241,831.324796353616,810.003352604872,0.0006312405364473,0.0314163498458109,0.0005436204477675,317.714231223494,163.4521716395746,19.072951650594405,118.58854641466596,63.93657687550305,0.9680400297064216,12.82164138996064,348.06489473373495,91.96715178730985,ICV_113_CASE_25_with_r_theta_phi.csv,0.7258734910715279,-0.20680368153711184,0.9783824596254252,0.9994106709880232,-0.03432653077823674,0.0,-0.00035846088,0.0003584608784876764,0.0,ICV_113_CASE_25_with_r_theta_phi.csv
12.6836845,-2.563780363,-0.4324699424,0.004227393307,3702.262463,0.6721361852,331.8741933,767.1933737,28.26328375,0.0005435745898,0.03141060863,335.060869437349,152.342283465922,0.29177605993241,831.324796353616,810.003352604872,0.0006312405364473,0.0314163498458109,0.0005436204477675,317.714231223494,163.4521716395746,19.072951650594405,118.58854641466596,63.93657687550305,0.9680400297064216,12.947426481595642,348.5726514609641,91.91414968752396,ICV_113_CASE_25_with_r_theta_phi.csv,0.7329945811732479,-0.19812522289297393,0.9801767167473473,0.99944199750671,-0.0334020002364745,0.004227393307,0.004219211,8.182134687502278e-06,0.19355035340615806,ICV_113_CASE_25_with_r_theta_phi.csv
12.861509,-2.563900628,-0.4317563764,0.004227370489,3676.85326,0.6712339993,332.1105393,359.6313189,19.32273376,0.0005435949151,0.03141182033,335.060869437349,152.342283465922,0.29177605993241,831.324796353616,810.003352604872,0.0006312405364473,0.0314163498458109,0.0005436204477675,317.714231223494,163.4521716395746,19.072951650594405,118.58854641466596,63.93657687550305,0.9680400297064216,13.1216772462937,348.726058346182,91.88560377616956,ICV_113_CASE_25_with_r_theta_phi.csv,0.7428594656327602,-0.19550013658363566,0.980703674203263,0.9994585150128956,-0.032904053978461606,0.004227370489,0.004316038,-8.866749742754594e-05,2.0974621845256327,ICV_113_CASE_25_with_r_theta_phi.csv
11.71111505,-2.563969913,-0.4313447419,0.002104652813,-12484.87237,0.6715195021,347.198582,517.7586246,49.65807989,0.0005683646073,0.03284368937,335.060869437349,152.342283465922,0.29177605993241,831.324796353616,810.003352604872,0.0006312405364473,0.0314163498458109,0.0005436204477675,317.714231223494,163.4521716395746,19.072951650594405,118.58854641466596,63.93657687550305,0.9680400297064216,11.996258404830671,347.6508117320428,92.06060597441136,ICV_113_CASE_25_with_r_theta_phi.csv,0.679145961368783,-0.21386909858684716,0.9768623284115574,0.9993533521508834,-0.0359566064137383,0.002104652813,0.00037091062,0.0017337421889578467,82.3766360620202,ICV_113_CASE_25_with_r_theta_phi.csv
17.62067077,0.3455514196,-0.4307972348,0.00422738865,4074.237078,0.6713040693,329.2062787,19.42735244,2.625284687,0.0005436159967,0.03141351684,335.060869437349,152.342283465922,0.29177605993241,831.324796353616,810.003352604872,0.0006312405364473,0.0314163498458109,0.0005436204477675,317.714231223494,163.4521716395746,19.072951650594405,118.58854641466596,63.93657687550305,0.9680400297064216,17.62932302800738,1.123458963315045,91.40024211438686,ICV_113_CASE_25_with_r_theta_phi.csv,0.9980514867298657,0.019606801473975134,0.9998077681914459,0.999701386529368,-0.02443640258423949,0.00422738865,0.004253153,-2.5764573544358876e-05,0.6094678221332736,ICV_113_CASE_25_with_r_theta_phi.csv
6.55282393,-2.564692799,-0.4270255813,0.00422737468,9938.657635,0.6648285008,341.6446407,523.4529677,42.65593789,0.0005436189897,0.03141515409,335.060869437349,152.342283465922,0.29177605993241,831.324796353616,810.003352604872,0.0006312405364473,0.0314163498458109,0.0005436204477675,317.714231223494,163.4521716395746,19.072951650594405,118.58854641466596,63.93657687550305,0.9680400297064216,7.049787334232693,338.6252505852076,93.47269340930654,ICV_113_CASE_25_with_r_theta_phi.csv,0.39911065892219866,-0.36446642717275757,0.9312165287750884,0.9981637801818968,-0.06057283164081185,0.00422737468,0.0034672606,0.00076011405292397,17.980758988322332,ICV_113_CASE_25_with_r_theta_phi.csv
13.09568669,0.9568,-0.4254329202,0.0,2625.609446,0.6708095515,332.1915089,613.2382309,22.30960445,0.0005436103994,0.03141210054,335.060869437349,152.342283465922,0.29177605993241,831.324796353616,810.003352604872,0.0006312405364473,0.0314163498458109,0.0005436204477675,317.714231223494,163.4521716395746,19.072951650594405,118.58854641466596,63.93657687550305,0.9680400297064216,13.137483369817565,4.178732175559105,91.85574150086188,ICV_113_CASE_25_with_r_theta_phi.csv,0.7437543000547835,0.07286799537811602,0.9973415940637265,0.9994755286928174,-0.03238313672597296,0.0,2.4932991e-05,-2.4932991436799057e-05,0.0,ICV_113_CASE_25_with_r_theta_phi.csv
10.2949284,-2.565014842,-0.4250868877,0.004227355588,5121.473264,0.6691566395,332.5075223,106.326255,11.67211331,0.0005436181705,0.03141453661,335.060869437349,152.342283465922,0.29177605993241,831.324796353616,810.003352604872,0.0006312405364473,0.0314163498458109,0.0005436204477675,317.714231223494,163.4521716395746,19.072951650594405,118.58854641466596,63.93657687550305,0.9680400297064216,10.618170782338233,346.0094271309625,92.29438720221629,ICV_113_CASE_25_with_r_theta_phi.csv,0.6011280818230099,-0.24176224522853285,0.9703355176340083,0.9991983217027448,-0.04003390945708505,0.004227355588,0.0042635715,-3.6215875525295524e-05,0.8567028432510584,ICV_113_CASE_25_with_r_theta_phi.csv
12.525394,-2.565300709,-0.4233583453,0.002067832742,-3061.704499,0.6822985195,336.2460133,3688.791438,103.3159595,0.0005655510287,0.0326803654,335.060869437349,152.342283465922,0.29177605993241,831.324796353616,810.003352604872,0.0006312405364473,0.0314163498458109,0.0005436204477675,317.714231223494,163.4521716395746,19.072951650594405,118.58854641466596,63.93657687550305,0.9680400297064216,12.79239988709574,348.4254321139744,91.89652267307082,ICV_113_CASE_25_with_r_theta_phi.csv,0.7242180375205229,-0.2006430932452395,0.9796644063826051,0.9994522263155174,-0.03309452089025617,0.002067832742,0.00027408384,0.0017937489029690636,86.74535738159862,ICV_113_CASE_25_with_r_theta_phi.csv
-2.074184712,0.9568,-0.4216784482,0.0,5988.942641,0.6658579458,333.3678846,433.7178682,16.10315991,0.0005436191354,0.03141513584,335.060869437349,152.342283465922,0.29177605993241,831.324796353616,810.003352604872,0.0006312405364473,0.0314163498458109,0.0005436204477675,317.714231223494,163.4521716395746,19.072951650594405,118.58854641466596,63.93657687550305,0.9680400297064216,2.3228261177218763,155.23661155784134,100.45928756384478,ICV_113_CASE_25_with_r_theta_phi.csv,0.13150250049444553,0.4188719340980955,-0.9080453198078391,0.9833841497072107,-0.18153681198210547,0.0,8.647877e-05,-8.647877257317305e-05,0.0,ICV_113_CASE_25_with_r_theta_phi.csv
14.84050338,0.9568,-0.4210489304,0.0,3852.955902,0.6721491844,335.8366258,750.9051372,46.72492658,0.0005436152623,0.03141333048,335.060869437349,152.342283465922,0.29177605993241,831.324796353616,810.003352604872,0.0006312405364473,0.0314163498458109,0.0005436204477675,317.714231223494,163.4521716395746,19.072951650594405,118.58854641466596,63.93657687550305,0.9680400297064216,14.87727424676921,3.688879840905372,91.62177210250236,ICV_113_CASE_25_with_r_theta_phi.csv,0.8422493397441725,0.06433862819308472,0.9979281241262979,0.9995994327911258,-0.0283014834180015,0.0,2.4932991e-05,-2.4932991436799057e-05,0.0,ICV_113_CASE_25_with_r_theta_phi.csv
8.298315607,0.9568,-0.4154791149,0.0,2880.804314,0.6690348513,330.1162189,134.1099872,3.725102151,0.0005436170314,0.03141391129,335.060869437349,152.342283465922,0.29177605993241,831.324796353616,810.003352604872,0.0006312405364473,0.0314163498458109,0.0005436204477675,317.714231223494,163.4521716395746,19.072951650594405,118.58854641466596,63.93657687550305,0.9680400297064216,8.36361949447115,6.577188892498668,92.84745160165488,ICV_113_CASE_25_with_r_theta_phi.csv,0.47349083442617623,0.11454165095599209,0.9934184466760599,0.9987653380800455,-0.04967695089125633,0.0,1.1373296e-05,-1.1373295819794293e-05,0.0,ICV_113_CASE_25_with_r_theta_phi.csv
11.72875905,-2.65,-0.4075986776,0.0,-25928.4655,0.6960330481,352.5875638,1025.60479,70.8267313,0.0003491840162,0.02017891989,335.060869437349,152.342283465922,0.29177605993241,831.324796353616,810.003352604872,0.0006312405364473,0.0314163498458109,0.0005436204477675,317.714231223494,163.4521716395746,19.072951650594405,118.58854641466596,63.93657687550305,0.9680400297064216,12.031310216885698,347.26834455957714,91.94144720201854,ICV_113_CASE_25_with_r_theta_phi.csv,0.6811303548181808,-0.2203851454727989,0.9754129318677979,0.9994259703118934,-0.033878162083124566,0.0,-0.000336278,0.00033627799712121487,0.0,ICV_113_CASE_25_with_r_theta_phi.csv
1.607427309,0.9568,-0.3989471582,0.0,4711.638272,0.6705980429,334.8500412,194.292837,20.80752194,0.000543619023,0.03141497742,335.060869437349,152.342283465922,0.29177605993241,831.324796353616,810.003352604872,0.0006312405364473,0.0314163498458109,0.0005436204477675,317.714231223494,163.4521716395746,19.072951650594405,118.58854641466596,63.93657687550305,0.9680400297064216,1.9127068852165603,30.76266769466298,102.03898897591824,ICV_113_CASE_25_with_r_theta_phi.csv,0.10828435938442317,0.5114830823039478,0.859293347185263,0.9780058932784307,-0.20857725837842148,0.0,1.5646157e-05,-1.564615740790032e-05,0.0,ICV_113_CASE_25_with_r_theta_phi.csv
-1.941353298,0.9568,-0.3969548685,0.0,5861.587576,0.6657211906,333.6931382,460.5912166,17.65819657,0.0005436191266,0.03141512565,335.060869437349,152.342283465922,0.29177605993241,831.324796353616,810.003352604872,0.0006312405364473,0.0314163498458109,0.0005436204477675,317.714231223494,163.4521716395746,19.072951650594405,118.58854641466596,63.93657687550305,0.9680400297064216,2.2004299660024014,153.7635214531972,100.39298812743272,ICV_113_CASE_25_with_r_theta_phi.csv,0.12457326895222655,0.44207702142845184,-0.8969770939800794,0.9835935554283685,-0.1803987741637428,0.0,8.647877e-05,-8.647877257317305e-05,0.0,ICV_113_CASE_25_with_r_theta_phi.csv
13.55823623,0.9568,-0.3924280251,0.0,1981.35478,0.6710743491,334.7686538,1840.830028,53.03690099,0.000543610547,0.03141213774,335.060869437349,152.342283465922,0.29177605993241,831.324796353616,810.003352604872,0.0006312405364473,0.0314163498458109,0.0005436204477675,317.714231223494,163.4521716395746,19.072951650594405,118.58854641466596,63.93657687550305,0.9680400297064216,13.597618749743225,4.036651101770246,91.65378897693142,ICV_113_CASE_25_with_r_theta_phi.csv,0.7698040127580015,0.07039458359485336,0.9975192241759089,0.999583461860447,-0.028860055008337812,0.0,1.0015358e-05,-1.0015358384407591e-05,0.0,ICV_113_CASE_25_with_r_theta_phi.csv
-1.243081175,-2.253009104,-0.372423374,0.004227326252,16678.7522,0.6624197955,351.1133107,364.0611807,48.79983351,0.0005436195352,0.0314157192,335.060869437349,152.342283465922,0.29177605993241,831.324796353616,810.003352604872,0.0006312405364473,0.0314163498458109,0.0005436204477675,317.714231223494,163.4521716395746,19.072951650594405,118.58854641466596,63.93657687550305,0.9680400297064216,2.5999999999707324,241.11260584727995,98.23536080394604,ICV_113_CASE_25_with_r_theta_phi.csv,0.14719418671641085,-0.8755708344782887,-0.4830897575099199,0.9896880171928168,-0.14323975923238144,0.004227326252,0.0034860861,0.0007412401032313365,17.53449009773735,ICV_113_CASE_25_with_r_theta_phi.csv
-1.787352189,0.9568,-0.3687983422,0.0,5553.615646,0.668197035,332.5669412,419.7107651,17.67468408,0.000543619113,0.03141511346,335.060869437349,152.342283465922,0.29177605993241,831.324796353616,810.003352604872,0.0006312405364473,0.0314163498458109,0.0005436204477675,317.714231223494,163.4521716395746,19.072951650594405,118.58854641466596,63.93657687550305,0.9680400297064216,2.060608236597282,151.8390999572449,100.31008993656178,ICV_113_CASE_25_with_r_theta_phi.csv,0.11665752058864952,0.4719492331440115,-0.8816257263344687,0.9838535351399904,-0.17897547707030606,0.0,8.647877e-05,-8.647877257317305e-05,0.0,ICV_113_CASE_25_with_r_theta_phi.csv
13.34342631,0.9568,-0.3644559135,0.0,2235.622572,0.6704006043,333.4368218,918.2607725,31.79736081,0.000543610473,0.03141211934,335.060869437349,152.342283465922,0.29177605993241,831.324796353616,810.003352604872,0.0006312405364473,0.0314163498458109,0.0005436204477675,317.714231223494,163.4521716395746,19.072951650594405,118.58854641466596,63.93657687550305,0.9680400297064216,13.382649963414767,4.101415344731549,91.56055547922152,ICV_113_CASE_25_with_r_theta_phi.csv,0.7576339528836217,0.0715220835176162,0.9974390164663197,0.9996291004411331,-0.027233463812947643,0.0,1.0015358e-05,-1.0015358384407591e-05,0.0,ICV_113_CASE_25_with_r_theta_phi.csv
-0.08163628276,0.9568,-0.3586417751,0.0,3657.086,0.6686642072,336.5703233,403.468488,32.09778835,0.0005436187039,0.03141481468,335.060869437349,152.342283465922,0.29177605993241,831.324796353616,810.003352604872,0.0006312405364473,0.0314163498458109,0.0005436204477675,317.714231223494,163.4521716395746,19.072951650594405,118.58854641466596,63.93657687550305,0.9680400297064216,1.025063239761211,94.87679080542466,110.47953693799695,ICV_113_CASE_25_with_r_theta_phi.csv,0.05803205765816891,0.996379814865367,-0.08501331971436563,0.9367972053055462,-0.3498728285130447,0.0,-3.2901674e-08,3.290167427394408e-08,0.0,ICV_113_CASE_25_with_r_theta_phi.csv
0.06774313765,0.9568,-0.3572522008,0.0,2544.512107,0.6726175272,335.0271627,1447.772311,54.67970251,0.0005436186041,0.03141474321,335.060869437349,152.342283465922,0.29177605993241,831.324796353616,810.003352604872,0.0006312405364473,0.0314163498458109,0.0005436204477675,317.714231223494,163.4521716395746,19.072951650594405,118.58854641466596,63.93657687550305,0.9680400297064216,1.0235646084518115,85.95011533850538,110.42784447324078,ICV_113_CASE_25_with_r_theta_phi.csv,0.057947215420946885,0.9975029385889618,0.07062497792131273,0.9371124805629976,-0.3490275043217448,0.0,1.5646157e-05,-1.564615740790032e-05,0.0,ICV_113_CASE_25_with_r_theta_phi.csv
1.286364585,0.9568,-0.3549864148,0.0,5220.227227,0.6701395028,342.7164857,350.890867,43.01096785,0.0005436191563,0.03141513136,335.060869437349,152.342283465922,0.29177605993241,831.324796353616,810.003352604872,0.0006312405364473,0.0314163498458109,0.0005436204477675,317.714231223494,163.4521716395746,19.072951650594405,118.58854641466596,63.93657687550305,0.9680400297064216,1.642015663821384,36.641928558346365,102.48531734084668,ICV_113_CASE_25_with_r_theta_phi.csv,0.0929596770055834,0.5968122101875227,0.8023809480359589,0.97635144003961,-0.2161894204917985,0.0,1.5646157e-05,-1.564615740790032e-05,0.0,ICV_113_CASE_25_with_r_theta_phi.csv
-0.7427202116,0.9568,-0.3438562255,0.0,4263.948074,0.6680042344,333.6706496,306.9455575,19.24175588,0.0005436189266,0.03141498233,335.060869437349,152.342283465922,0.29177605993241,831.324796353616,810.003352604872,0.0006312405364473,0.0314163498458109,0.0005436204477675,317.714231223494,163.4521716395746,19.072951650594405,118.58854641466596,63.93657687550305,0.9680400297064216,1.2591015274926227,127.8205594552506,105.84861030102178,ICV_113_CASE_25_with_r_theta_phi.csv,0.07128170205182827,0.7899350319581916,-0.6131905456586971,0.9619866420243396,-0.2730965041276344,0.0,1.3107634e-05,-1.3107634003972635e-05,0.0,ICV_113_CASE_25_with_r_theta_phi.csv
13.57705391,-2.577468262,-0.3415513956,0.004227396101,3393.819372,0.6716404796,330.585381,97.85917976,7.913944528,0.0005436132132,0.03141297517,335.060869437349,152.342283465922,0.29177605993241,831.324796353616,810.003352604872,0.0006312405364473,0.0314163498458109,0.0005436204477675,317.714231223494,163.4521716395746,19.072951650594405,118.58854641466596,63.93657687550305,0.9680400297064216,13.82376189293276,349.2508796697704,91.41578285462252,ICV_113_CASE_25_with_r_theta_phi.csv,0.7826066881594057,-0.18650895229432018,0.9824532613382049,0.9996947216970433,-0.024707557772289147,0.004227396101,0.0043799113,-0.0001525152472236866,3.6077822740937604,ICV_113_CASE_25_with_r_theta_phi.csv
10.66252629,-2.578271913,-0.3354309772,0.004227352794,4867.252405,0.6698626112,331.9638816,82.4652692,10.20998031,0.0005436180928,0.03141448705,335.060869437349,152.342283465922,0.29177605993241,831.324796353616,810.003352604872,0.0006312405364473,0.0314163498458109,0.0005436204477675,317.714231223494,163.4521716395746,19.072951650594405,118.58854641466596,63.93657687550305,0.9680400297064216,10.97494723826822,346.40642023329576,91.75142278609042,ICV_113_CASE_25_with_r_theta_phi.csv,0.6213263203886903,-0.23503319930474448,0.9719873431401133,0.9995328321869578,-0.030563333920220603,0.004227352794,0.0041981484,2.9204413035005192e-05,0.6908439974432082,ICV_113_CASE_25_with_r_theta_phi.csv
0.2055200942,0.9568,-0.3307174301,0.0,24960.83021,0.665437916,363.0334919,1147.641776,77.89802007,0.0005436193465,0.03141560304,335.060869437349,152.342283465922,0.29177605993241,831.324796353616,810.003352604872,0.0006312405364473,0.0314163498458109,0.0005436204477675,317.714231223494,163.4521716395746,19.072951650594405,118.58854641466596,63.93657687550305,0.9680400297064216,1.0329950472736669,77.87710438185718,108.67223452540026,ICV_113_CASE_25_with_r_theta_phi.csv,0.058481102256630536,0.9776993942933888,0.21000927217230328,0.9473655352389866,-0.3201539358517219,0.0,-3.2901674e-08,3.290167427394408e-08,0.0,ICV_113_CASE_25_with_r_theta_phi.csv
13.80925861,0.9568,-0.3305929657,0.0,-13194.38131,0.6720050069,356.7498846,5626.57785,199.1313998,0.0005436104905,0.03141212852,335.060869437349,152.342283465922,0.29177605993241,831.324796353616,810.003352604872,0.0006312405364473,0.0314163498458109,0.0005436204477675,317.714231223494,163.4521716395746,19.072951650594405,118.58854641466596,63.93657687550305,0.9680400297064216,13.84631291379873,3.9635095588882905,91.36811741031444,ICV_113_CASE_25_with_r_theta_phi.csv,0.7838833724578783,0.06912113270070286,0.9976082743312487,0.9997149304411049,-0.023875884342505597,0.0,1.0015358e-05,-1.0015358384407591e-05,0.0,ICV_113_CASE_25_with_r_theta_phi.csv
1.024490846,1.01,-0.330541457,0.0,37385.13998,0.6599003582,384.7143377,332.3460053,66.49999145,0.000543619992,0.03141633981,335.060869437349,152.342283465922,0.29177605993241,831.324796353616,810.003352604872,0.0006312405364473,0.0314163498458109,0.0005436204477675,317.714231223494,163.4521716395746,19.072951650594405,118.58854641466596,63.93657687550305,0.9680400297064216,1.476123012602093,44.59191250267651,102.93969670650108,ICV_113_CASE_25_with_r_theta_phi.csv,0.08356797166761123,0.7020525410630037,0.712125150227809,0.974606284033458,-0.22392541419520642,0.0,-3.2901674e-08,3.290167427394408e-08,0.0,ICV_113_CASE_25_with_r_theta_phi.csv
14.62808408,1.01,-0.3304586218,0.0,-31287.97209,0.6919185043,345.5477076,1746.899532,123.3379089,0.0003364649881,0.01944290759,335.060869437349,152.342283465922,0.29177605993241,831.324796353616,810.003352604872,0.0006312405364473,0.0314163498458109,0.0005436204477675,317.714231223494,163.4521716395746,19.072951650594405,118.58854641466596,63.93657687550305,0.9680400297064216,14.666633790760288,3.949734011822841,91.29105880505732,ICV_113_CASE_25_with_r_theta_phi.csv,0.8303243202779585,0.06888127709203205,0.9976248641980465,0.999746137582567,-0.02253132017301629,0.0,2.4094177e-06,-2.409417675153236e-06,0.0,ICV_113_CASE_25_with_r_theta_phi.csv
1.172851773,0.9568,-0.3296931168,0.0,5832.687557,0.6713542215,346.9176981,751.3774142,70.63085676,0.0005436191137,0.03141510403,335.060869437349,152.342283465922,0.29177605993241,831.324796353616,810.003352604872,0.0006312405364473,0.0314163498458109,0.0005436204477675,317.714231223494,163.4521716395746,19.072951650594405,118.58854641466596,63.93657687550305,0.9680400297064216,1.5491110588639352,39.20719967414277,102.28809063609732,ICV_113_CASE_25_with_r_theta_phi.csv,0.08770005478670838,0.6321266756639216,0.7748650630361904,0.9770898333157795,-0.21282729531463376,0.0,1.5646157e-05,-1.564615740790032e-05,0.0,ICV_113_CASE_25_with_r_theta_phi.csv
12.43116508,-2.65,-0.3252969975,0.0,-13931.93984,0.6904002685,379.8039686,6440.989137,177.1303275,0.0003531557514,0.02040704083,335.060869437349,152.342283465922,0.29177605993241,831.324796353616,810.003352604872,0.0006312405364473,0.0314163498458109,0.0005436204477675,317.714231223494,163.4521716395746,19.072951650594405,118.58854641466596,63.93657687550305,0.9680400297064216,12.71464444578746,347.9661621007105,91.46604012651407,ICV_113_CASE_25_with_r_theta_phi.csv,0.7198160571565704,-0.2084893316300362,0.9780246410988124,0.999672664762391,-0.0255844352460659,0.0,-0.00035846088,0.0003584608784876764,0.0,ICV_113_CASE_25_with_r_theta_phi.csv
14.90900563,0.9568,-0.3205275363,0.0,3217.016112,0.6708796611,332.7500028,326.2957819,22.54357483,0.0005436155795,0.03141342138,335.060869437349,152.342283465922,0.29177605993241,831.324796353616,810.003352604872,0.0006312405364473,0.0314163498458109,0.0005436204477675,317.714231223494,163.4521716395746,19.072951650594405,118.58854641466596,63.93657687550305,0.9680400297064216,14.943113899616044,3.671977062546944,91.22908007865055,ICV_113_CASE_25_with_r_theta_phi.csv,0.84597672980363,0.06404422748486717,0.9979470611840423,0.9997699255224326,-0.0214498489707851,0.0,2.4932991e-05,-2.4932991436799057e-05,0.0,ICV_113_CASE_25_with_r_theta_phi.csv
13.81680948,1.01,-0.3201093494,0.0,-27603.92549,0.6970435073,355.5399857,6205.157172,225.7163326,0.0005436104675,0.03141212421,335.060869437349,152.342283465922,0.29177605993241,831.324796353616,810.003352604872,0.0006312405364473,0.0314163498458109,0.0005436204477675,317.714231223494,163.4521716395746,19.072951650594405,118.58854641466596,63.93657687550305,0.9680400297064216,13.857373279312036,4.180848871500871,91.32366689672654,ICV_113_CASE_25_with_r_theta_phi.csv,0.7845095345757765,0.07290484043150586,0.9973389013979435,0.9997331526838608,-0.023100290578005975,0.0,1.0015358e-05,-1.0015358384407591e-05,0.0,ICV_113_CASE_25_with_r_theta_phi.csv
14.62057827,0.9568,-0.3200429844,0.0,-19702.1865,0.6682921782,349.8650274,941.931223,83.40260272,0.0004205558435,0.02430225063,335.060869437349,152.342283465922,0.29177605993241,831.324796353616,810.003352604872,0.0006312405364473,0.0314163498458109,0.0005436204477675,317.714231223494,163.4521716395746,19.072951650594405,118.58854641466596,63.93657687550305,0.9680400297064216,14.65534723918406,3.744211893764259,91.25132279484444,ICV_113_CASE_25_with_r_theta_phi.csv,0.8296853530548376,0.06530232368012504,0.9978655252698012,0.9997615231704793,-0.02183796665999843,0.0,1.6479838e-06,-1.6479838222949184e-06,0.0,ICV_113_CASE_25_with_r_theta_phi.csv
1.016919646,0.9568,-0.3200331094,0.0,23611.24101,0.6668950033,368.202382,1002.558245,92.9648577,0.0005436195371,0.03141572283,335.060869437349,152.342283465922,0.29177605993241,831.324796353616,810.003352604872,0.0006312405364473,0.0314163498458109,0.0005436204477675,317.714231223494,163.4521716395746,19.072951650594405,118.58854641466596,63.93657687550305,0.9680400297064216,1.4324849030733269,43.25530578154439,102.90946604814133,ICV_113_CASE_25_with_r_theta_phi.csv,0.08109748088222635,0.6852504369856108,0.7283075165141641,0.9747242969087557,-0.2234111568738943,0.0,-3.2901674e-08,3.290167427394408e-08,0.0,ICV_113_CASE_25_with_r_theta_phi.csv
0.2132811533,1.01,-0.3199432294,0.0,42738.78131,0.6594405173,386.6893287,421.9334337,85.79867783,0.0005436199751,0.03141632543,335.060869437349,152.342283465922,0.29177605993241,831.324796353616,810.003352604872,0.0006312405364473,0.0314163498458109,0.0005436204477675,317.714231223494,163.4521716395746,19.072951650594405,118.58854641466596,63.93657687550305,0.9680400297064216,1.080718520426054,78.07606106315166,107.22031701355615,ICV_113_CASE_25_with_r_theta_phi.csv,0.06118287834048714,0.9784227448516856,0.2066130014226921,0.9551734443520533,-0.2960467719882028,0.0,-3.2901674e-08,3.290167427394408e-08,0.0,ICV_113_CASE_25_with_r_theta_phi.csv
11.82036333,-2.580467338,-0.3181011325,0.00191002572,-13635.52461,0.6697270985,345.5270305,496.6380163,46.66612353,0.0005363770179,0.03099576075,335.060869437349,152.342283465922,0.29177605993241,831.324796353616,810.003352604872,0.0006312405364473,0.0314163498458109,0.0005436204477675,317.714231223494,163.4521716395746,19.072951650594405,118.58854641466596,63.93657687550305,0.9680400297064216,12.102933085256288,347.6851412149226,91.50607718497662,ICV_113_CASE_25_with_r_theta_phi.csv,0.685185150918267,-0.21328376095137402,0.9769902954044309,0.9996545428449771,-0.026282978701048242,0.00191002572,0.00032046827,0.0015895574474518311,83.22178230247147,ICV_113_CASE_25_with_r_theta_phi.csv
12.41395276,-2.581177719,-0.312284508,0.001897862181,-6446.600729,0.6584916987,356.8251506,3811.614988,109.3196551,0.0005713670154,0.03301670922,335.060869437349,152.342283465922,0.29177605993241,831.324796353616,810.003352604872,0.0006312405364473,0.0314163498458109,0.0005436204477675,317.714231223494,163.4521716395746,19.072951650594405,118.58854641466596,63.93657687550305,0.9680400297064216,12.68330489890196,348.25410630838905,91.41086197822608,ICV_113_CASE_25_with_r_theta_phi.csv,0.7180418267273689,-0.20357158379743706,0.9790600646897017,0.999696840030842,-0.024621698405046022,0.001897862181,0.00027332242,0.0016245397563814728,85.59840497319487,ICV_113_CASE_25_with_r_theta_phi.csv
14.77394186,0.9568,-0.3113717217,0.0,2693.761742,0.6705633732,337.2689997,446.3275715,37.81128478,0.000543615574,0.03141342209,335.060869437349,152.342283465922,0.29177605993241,831.324796353616,810.003352604872,0.0006312405364473,0.0314163498458109,0.0005436204477675,317.714231223494,163.4521716395746,19.072951650594405,118.58854641466596,63.93657687550305,0.9680400297064216,14.8081658780463,3.705453271937188,91.20484876791583,ICV_113_CASE_25_with_r_theta_phi.csv,0.8383368973866413,0.0646272871244868,0.9979094717252308,0.9997789076013411,-0.02102702821296845,0.0,2.4932991e-05,-2.4932991436799057e-05,0.0,ICV_113_CASE_25_with_r_theta_phi.csv
-0.4412339316,0.9568,-0.3097169383,0.0,3456.947486,0.6690028801,333.2868357,264.9434056,18.58400929,0.0005436188477,0.03141491927,335.060869437349,152.342283465922,0.29177605993241,831.324796353616,810.003352604872,0.0006312405364473,0.0314163498458109,0.0005436204477675,317.714231223494,163.4521716395746,19.072951650594405,118.58854641466596,63.93657687550305,0.9680400297064216,1.0982159187815117,114.75706634059031,106.38069754220568,ICV_113_CASE_25_with_r_theta_phi.csv,0.06217346115610777,0.9080915332324039,-0.41877173647659394,0.9594090385197837,-0.2820182561582569,0.0,-3.2901674e-08,3.290167427394408e-08,0.0,ICV_113_CASE_25_with_r_theta_phi.csv
11.60057836,-2.58159288,-0.308833615,0.004227384925,4652.455869,0.6741613559,336.413539,89.0687337,17.677375,0.0005436177571,0.03141431408,335.060869437349,152.342283465922,0.29177605993241,831.324796353616,810.003352604872,0.0006312405364473,0.0314163498458109,0.0005436204477675,317.714231223494,163.4521716395746,19.072951650594405,118.58854641466596,63.93657687550305,0.9680400297064216,11.888373239696042,347.4538421403885,91.48858495397953,ICV_113_CASE_25_with_r_theta_phi.csv,0.673038242468423,-0.21722605415032695,0.9761213251426686,0.999662520373006,-0.02597778592354262,0.004227384925,0.0034637188,0.0007636661176752329,18.064740520277685,ICV_113_CASE_25_with_r_theta_phi.csv
12.55124047,0.9568,-0.3065312372,0.0,2921.891296,0.6722233352,329.9913997,282.7979287,10.728967,0.0005436101554,0.03141204221,335.060869437349,152.342283465922,0.29177605993241,831.324796353616,810.003352604872,0.0006312405364473,0.0314163498458109,0.0005436204477675,317.714231223494,163.4521716395746,19.072951650594405,118.58854641466596,63.93657687550305,0.9680400297064216,12.591388524509329,4.359312432728132,91.394975733205,ICV_113_CASE_25_with_r_theta_phi.csv,0.712838151352447,0.07601096976358077,0.9971069814596626,0.9997036283952153,-0.02434451423711864,0.0,6.8410236e-06,-6.841023605375085e-06,0.0,ICV_113_CASE_25_with_r_theta_phi.csv
11.44460871,-2.581984305,-0.3055438608,0.004227369092,4435.213651,0.6736267202,333.5773728,69.88188113,12.57721378,0.0005436178633,0.03141435634,335.060869437349,152.342283465922,0.29177605993241,831.324796353616,810.003352604872,0.0006312405364473,0.0314163498458109,0.0005436204477675,317.714231223494,163.4521716395746,19.072951650594405,118.58854641466596,63.93657687550305,0.9680400297064216,11.736228888665506,347.2865158727876,91.49182092760913,ICV_113_CASE_25_with_r_theta_phi.csv,0.6644248716939276,-0.22007578291957408,0.9754827777938145,0.999661051595003,-0.02603424521611748,0.004227369092,0.0041981484,2.9220711035005988e-05,0.6912268692930519,ICV_113_CASE_25_with_r_theta_phi.csv
15.5383426,-2.541055261,-0.3048937902,0.004227390047,3275.904104,0.6710506904,329.6789295,49.97872198,3.319387212,0.0005436123614,0.03141262986,335.060869437349,152.342283465922,0.29177605993241,831.324796353616,810.003352604872,0.0006312405364473,0.0314163498458109,0.0005436204477675,317.714231223494,163.4521716395746,19.072951650594405,118.58854641466596,63.93657687550305,0.9680400297064216,15.74769865147708,350.7123750239638,91.10938235144256,ICV_113_CASE_25_with_r_theta_phi.csv,0.8915268060328391,-0.16139067138942054,0.9868905973756524,0.999812555079288,-0.019361164888140898,0.004227390047,0.0043713544,-0.00014396430940811882,3.4055128051462638,ICV_113_CASE_25_with_r_theta_phi.csv
12.64675812,-2.582163603,-0.3040248801,0.004227358382,3987.105312,0.6706492396,332.8343272,573.0894599,24.85293957,0.0005435760287,0.03141093879,335.060869437349,152.342283465922,0.29177605993241,831.324796353616,810.003352604872,0.0006312405364473,0.0314163498458109,0.0005436204477675,317.714231223494,163.4521716395746,19.072951650594405,118.58854641466596,63.93657687550305,0.9680400297064216,12.911254429611542,348.4601926191025,91.34928428188306,ICV_113_CASE_25_with_r_theta_phi.csv,0.7309467674141236,-0.20004870839749242,0.9797859532920928,0.9997227244400473,-0.02354727666141657,0.004227358382,0.004316038,-8.86796044275457e-05,2.0977545879281014,ICV_113_CASE_25_with_r_theta_phi.csv
10.52392448,0.9568,-0.3021120433,0.0,2983.169968,0.6692786499,329.8350221,88.02693469,2.147664632,0.0005436160906,0.03141351592,335.060869437349,152.342283465922,0.29177605993241,831.324796353616,810.003352604872,0.0006312405364473,0.0314163498458109,0.0005436204477675,317.714231223494,163.4521716395746,19.072951650594405,118.58854641466596,63.93657687550305,0.9680400297064216,10.571647193670918,5.194858685100144,91.63759740096036,ICV_113_CASE_25_with_r_theta_phi.csv,0.5984942349779748,0.09054321626486533,0.9958925273283327,0.9995915776917367,-0.028577575260065786,0.0,1.1373296e-05,-1.1373295819794293e-05,0.0,ICV_113_CASE_25_with_r_theta_phi.csv
11.84365972,-2.65,-0.3015825336,0.0,-23620.96242,0.6967238109,403.7643755,1461.035471,71.28789728,0.000335397149,0.01938163171,335.060869437349,152.342283465922,0.29177605993241,831.324796353616,810.003352604872,0.0006312405364473,0.0314163498458109,0.0005436204477675,317.714231223494,163.4521716395746,19.072951650594405,118.58854641466596,63.93657687550305,0.9680400297064216,12.140252369194105,347.38789031362626,91.42346168028138,ICV_113_CASE_25_with_r_theta_phi.csv,0.6872979130906238,-0.2183495003350766,0.9758706347172367,0.9996914013925865,-0.024841537426788983,0.0,-0.000336278,0.00033627799712121487,0.0,ICV_113_CASE_25_with_r_theta_phi.csv
1.401192803,0.9568,-0.2991776987,0.0,5895.374346,0.6677463718,340.4935003,203.3181688,28.97668691,0.0005436191377,0.03141511453,335.060869437349,152.342283465922,0.29177605993241,831.324796353616,810.003352604872,0.0006312405364473,0.0314163498458109,0.0005436204477675,317.714231223494,163.4521716395746,19.072951650594405,118.58854641466596,63.93657687550305,0.9680400297064216,1.7228798003860937,34.32708951389037,100.00009323659516,ICV_113_CASE_25_with_r_theta_phi.csv,0.09753765039646847,0.5639165662107789,0.8258317663743895,0.9848074704357306,-0.17364978023014507,0.0,-3.2901674e-08,3.290167427394408e-08,0.0,ICV_113_CASE_25_with_r_theta_phi.csv
15.82174465,0.9568,-0.2991000078,0.0,3584.283213,0.6710634581,329.8484358,96.72311584,6.566285811,0.0005436152758,0.03141332902,335.060869437349,152.342283465922,0.29177605993241,831.324796353616,810.003352604872,0.0006312405364473,0.0314163498458109,0.0005436204477675,317.714231223494,163.4521716395746,19.072951650594405,118.58854641466596,63.93657687550305,0.9680400297064216,15.853470623950756,3.460675270763147,91.08103678492915,ICV_113_CASE_25_with_r_theta_phi.csv,0.8975148904427732,0.06036345938055884,0.9981764637435665,0.9998220111487461,-0.01886653180838112,0.0,2.4932991e-05,-2.4932991436799057e-05,0.0,ICV_113_CASE_25_with_r_theta_phi.csv
11.75639849,0.9568,-0.2980993291,0.0,3069.977676,0.6724752832,328.4810521,86.08197835,2.730639649,0.0005436112446,0.03141225838,335.060869437349,152.342283465922,0.29177605993241,831.324796353616,810.003352604872,0.0006312405364473,0.0314163498458109,0.0005436204477675,317.714231223494,163.4521716395746,19.072951650594405,118.58854641466596,63.93657687550305,0.9680400297064216,11.799035337928444,4.652789215982239,91.44771589311983,ICV_113_CASE_25_with_r_theta_phi.csv,0.6679805425477383,0.08111726802157115,0.9967045644666812,0.9996807960053227,-0.025264720425216134,0.0,2.7052367e-05,-2.7052366931457072e-05,0.0,ICV_113_CASE_25_with_r_theta_phi.csv
11.24030409,-2.583058702,-0.2963237106,0.004227358382,4489.185712,0.6717816125,332.9475834,62.46276842,10.15419901,0.0005436179535,0.03141440248,335.060869437349,152.342283465922,0.29177605993241,831.324796353616,810.003352604872,0.0006312405364473,0.0314163498458109,0.0005436204477675,317.714231223494,163.4521716395746,19.072951650594405,118.58854641466596,63.93657687550305,0.9680400297064216,11.537089582520906,347.05794110433726,91.47177198678662,ICV_113_CASE_25_with_r_theta_phi.csv,0.6531509685356374,-0.2239655950517388,0.9745970512130234,0.9996701002973936,-0.025684442205332433,0.004227358382,0.0041981484,2.9210001035005415e-05,0.6909752708090994,ICV_113_CASE_25_with_r_theta_phi.csv
10.97348746,-2.583224849,-0.2948717993,0.004227353726,4714.585904,0.6709247819,332.508997,68.72288426,9.824734604,0.0005436180187,0.03141444141,335.060869437349,152.342283465922,0.29177605993241,831.324796353616,810.003352604872,0.0006312405364473,0.0314163498458109,0.0005436204477675,317.714231223494,163.4521716395746,19.072951650594405,118.58854641466596,63.93657687550305,0.9680400297064216,11.277296973711865,346.75340583551224,91.49830543291432,ICV_113_CASE_25_with_r_theta_phi.csv,0.6384432909321712,-0.22914252989193815,0.9733928811095355,0.9996580987418782,-0.026147382656267114,0.004227353726,0.0041981484,2.9205345035005804e-05,0.6908658920229932,ICV_113_CASE_25_with_r_theta_phi.csv
12.79485863,-2.583789075,-0.2898862134,0.004227370489,3839.864878,0.6712909775,332.239587,322.6215399,18.65217779,0.0005436008211,0.03141234398,335.060869437349,152.342283465922,0.29177605993241,831.324796353616,810.003352604872,0.0006312405364473,0.0314163498458109,0.0005436204477675,317.714231223494,163.4521716395746,19.072951650594405,118.58854641466596,63.93657687550305,0.9680400297064216,13.056355056542166,348.5832489652997,91.27222501324349,ICV_113_CASE_25_with_r_theta_phi.csv,0.7391613707884832,-0.19794392470295263,0.9802133454882115,0.9997534898785225,-0.022202690731419023,0.004227370489,0.004316038,-8.866749742754594e-05,2.0974621845256327,ICV_113_CASE_25_with_r_theta_phi.csv
13.26974415,-2.584116618,-0.2869517491,0.004227395169,3467.993655,0.6717437713,331.0224882,122.9511305,10.0031152,0.000543612911,0.03141302391,335.060869437349,152.342283465922,0.29177605993241,831.324796353616,810.003352604872,0.0006312405364473,0.0314163498458109,0.0005436204477675,317.714231223494,163.4521716395746,19.072951650594405,118.58854641466596,63.93657687550305,0.9680400297064216,13.522060117015991,348.9802816646119,91.21596548506729,ICV_113_CASE_25_with_r_theta_phi.csv,0.7655264006449959,-0.19114681094325525,0.9815614584254129,0.9997748090492588,-0.021221008235195054,0.004227395169,0.004316038,-8.864281742754568e-05,2.096866128262754,ICV_113_CASE_25_with_r_theta_phi.csv
13.00117001,-2.584760692,-0.281091022,0.004227389116,3564.106777,0.6720414832,331.3659437,182.6957312,13.30918675,0.0005436103724,0.03141289159,335.060869437349,152.342283465922,0.29177605993241,831.324796353616,810.003352604872,0.0006312405364473,0.0314163498458109,0.0005436204477675,317.714231223494,163.4521716395746,19.072951650594405,118.58854641466596,63.93657687550305,0.9680400297064216,13.258598026431027,348.7556502275696,91.21479932517622,ICV_113_CASE_25_with_r_theta_phi.csv,0.7506109821239592,-0.19499360085409392,0.9808045144808186,0.9997752407603536,-0.02120065948448279,0.004227389116,0.004316038,-8.864887042754534e-05,2.0970123159718903,ICV_113_CASE_25_with_r_theta_phi.csv
2.722268391,0.9568,-0.2690371628,0.0,2426.093498,0.6699645412,329.6403995,96.50541145,3.040113012,0.0005436184838,0.0314145213,335.060869437349,152.342283465922,0.29177605993241,831.324796353616,810.003352604872,0.0006312405364473,0.0314163498458109,0.0005436204477675,317.714231223494,163.4521716395746,19.072951650594405,118.58854641466596,63.93657687550305,0.9680400297064216,2.898032509756439,19.365126113987458,95.32669024507584,ICV_113_CASE_25_with_r_theta_phi.csv,0.16406674552158457,0.33158696458879,0.9434246577839656,0.9956815609140096,-0.09283441848711758,0.0,1.2134735e-05,-1.2134734788560309e-05,0.0,ICV_113_CASE_25_with_r_theta_phi.csv
13.68737978,0.9568,-0.2629860097,0.0,2436.040086,0.6720172588,340.7532353,2933.204267,95.81853401,0.0005436104714,0.03141212237,335.060869437349,152.342283465922,0.29177605993241,831.324796353616,810.003352604872,0.0006312405364473,0.0314163498458109,0.0005436204477675,317.714231223494,163.4521716395746,19.072951650594405,118.58854641466596,63.93657687550305,0.9680400297064216,13.723301101529865,3.998688515126105,91.09805291927388,ICV_113_CASE_25_with_r_theta_phi.csv,0.7769192864334047,0.06973363975494339,0.9975656467052821,0.9998163639304285,-0.01916346568178774,0.0,1.0015358e-05,-1.0015358384407591e-05,0.0,ICV_113_CASE_25_with_r_theta_phi.csv
15.08931255,0.9568,-0.2620231377,0.0,3315.386804,0.6722216293,330.1645793,135.8229291,10.64143984,0.0005436156775,0.03141344718,335.060869437349,152.342283465922,0.29177605993241,831.324796353616,810.003352604872,0.0006312405364473,0.0314163498458109,0.0005436204477675,317.714231223494,163.4521716395746,19.072951650594405,118.58854641466596,63.93657687550305,0.9680400297064216,15.121887302723747,3.6282173692251263,90.9928371350266,ICV_113_CASE_25_with_r_theta_phi.csv,0.8560976550641145,0.06328202608536879,0.9979956839458429,0.9998498691658008,-0.017327409764044628,0.0,2.4932991e-05,-2.4932991436799057e-05,0.0,ICV_113_CASE_25_with_r_theta_phi.csv
9.344824409,-2.587831623,-0.2512518489,0.004227369558,5955.951099,0.6674318448,334.7465394,210.1126778,18.86746462,0.0005436183397,0.0314146602,335.060869437349,152.342283465922,0.29177605993241,831.324796353616,810.003352604872,0.0006312405364473,0.0314163498458109,0.0005436204477675,317.714231223494,163.4521716395746,19.072951650594405,118.58854641466596,63.93657687550305,0.9680400297064216,9.699780576673716,344.5211676814857,91.48428933232174,ICV_113_CASE_25_with_r_theta_phi.csv,0.5491351205104609,-0.26688234868573013,0.9637291175221325,0.9996644651893215,-0.025902838411027928,0.004227369558,0.0034672606,0.0007601089309239705,17.980659611500275,ICV_113_CASE_25_with_r_theta_phi.csv
12.29496831,-2.65,-0.2487506506,0.0,-14870.06261,0.6741319756,391.2451476,5432.612195,171.0958515,0.0003259230406,0.01883354473,335.060869437349,152.342283465922,0.29177605993241,831.324796353616,810.003352604872,0.0006312405364473,0.0314163498458109,0.0005436204477675,317.714231223494,163.4521716395746,19.072951650594405,118.58854641466596,63.93657687550305,0.9680400297064216,12.579770372708644,347.8368063158868,91.13303271554533,ICV_113_CASE_25_with_r_theta_phi.csv,0.7121804111964974,-0.2106968693327032,0.9775514458346414,0.9998044780649796,-0.019773862576987586,0.0,-0.00024722016,0.0002472201595082879,0.0,ICV_113_CASE_25_with_r_theta_phi.csv
11.9599928,-2.588505282,-0.2442139076,0.00183251116,-11847.9457,0.6733170574,345.9121334,926.5704182,64.78187141,0.0005754889735,0.03325571234,335.060869437349,152.342283465922,0.29177605993241,831.324796353616,810.003352604872,0.0006312405364473,0.0314163498458109,0.0005436204477675,317.714231223494,163.4521716395746,19.072951650594405,118.58854641466596,63.93657687550305,0.9680400297064216,12.239339353235492,347.7878114467549,91.14330965370686,ICV_113_CASE_25_with_r_theta_phi.csv,0.6929075392561308,-0.21153271773182525,0.9773709169649913,0.9998009152152881,-0.019953193595816248,0.00183251116,0.00027408384,0.0015584273209690636,85.04326489987821,ICV_113_CASE_25_with_r_theta_phi.csv
12.27294404,-2.588791493,-0.2411610262,0.001834172057,-7920.330189,0.6719006257,346.0690057,2817.062733,111.5336414,0.0005367242598,0.03101520164,335.060869437349,152.342283465922,0.29177605993241,831.324796353616,810.003352604872,0.0006312405364473,0.0314163498458109,0.0005436204477675,317.714231223494,163.4521716395746,19.072951650594405,118.58854641466596,63.93657687550305,0.9680400297064216,12.545324046980951,348.08893045747334,91.10147494580212,ICV_113_CASE_25_with_r_theta_phi.csv,0.7102302962346078,-0.20639322944752148,0.9784691281988527,0.9998152175971202,-0.019223180309801136,0.001834172057,0.00022440295,0.0016097691113948934,87.76543641986359,ICV_113_CASE_25_with_r_theta_phi.csv
11.69964221,-2.589122547,-0.2375803802,0.004227377474,4287.586127,0.6736484367,336.9487011,100.2689568,18.8355076,0.0005436175969,0.03141425481,335.060869437349,152.342283465922,0.29177605993241,831.324796353616,810.003352604872,0.0006312405364473,0.0314163498458109,0.0005436204477675,317.714231223494,163.4521716395746,19.072951650594405,118.58854641466596,63.93657687550305,0.9680400297064216,11.985058524782156,347.5215936208273,91.13585133631608,ICV_113_CASE_25_with_r_theta_phi.csv,0.6785119008937518,-0.21607165235022738,0.9763775094965279,0.9998035040955776,-0.019823047147307902,0.004227377474,0.0033941525,0.0008332249705393542,19.71020982788754,ICV_113_CASE_25_with_r_theta_phi.csv
-2.459352298,-0.8094712216,-0.2373659998,0.004227321129,9180.957176,0.6650486053,340.3708241,351.8971464,33.73358009,0.0005436192281,0.03141530823,335.060869437349,152.342283465922,0.29177605993241,831.324796353616,810.003352604872,0.0006312405364473,0.0314163498458109,0.0005436204477675,317.714231223494,163.4521716395746,19.072951650594405,118.58854641466596,63.93657687550305,0.9680400297064216,2.600000000411064,198.21844334726535,95.23808972928327,ICV_113_CASE_25_with_r_theta_phi.csv,0.14719418674133944,-0.3126406956068202,-0.9498714625940099,0.9958239268156073,-0.09129461529325865,0.004227321129,0.0034806137,0.0007467074316797771,17.66384451800039,ICV_113_CASE_25_with_r_theta_phi.csv
11.98573123,-2.65,-0.2362206622,0.0,-18600.64268,0.6956575171,363.2113536,2261.608235,117.4216335,0.0003850639041,0.02225134536,335.060869437349,152.342283465922,0.29177605993241,831.324796353616,810.003352604872,0.0006312405364473,0.0314163498458109,0.0005436204477675,317.714231223494,163.4521716395746,19.072951650594405,118.58854641466596,63.93657687550305,0.9680400297064216,12.277461191917796,347.53268549956204,91.10244959821694,ICV_113_CASE_25_with_r_theta_phi.csv,0.6950657365796074,-0.2158826315717048,0.9764193204692724,0.9998148904489849,-0.01924018805740618,0.0,-0.00035686494,0.00035686494084075093,0.0,ICV_113_CASE_25_with_r_theta_phi.csv
4.587242699,0.9568,-0.2351535715,0.0,2448.690279,0.6685586103,330.2772861,132.5959505,3.14099423,0.0005436178242,0.03141421693,335.060869437349,152.342283465922,0.29177605993241,831.324796353616,810.003352604872,0.0006312405364473,0.0314163498458109,0.0005436204477675,317.714231223494,163.4521716395746,19.072951650594405,118.58854641466596,63.93657687550305,0.9680400297064216,4.691860933757309,11.781748560237702,92.8728375579542,ICV_113_CASE_25_with_r_theta_phi.csv,0.2656210208994928,0.20418422549967036,0.9789324808469171,0.9987432297539295,-0.05011946748210327,0.0,1.1373296e-05,-1.1373295819794293e-05,0.0,ICV_113_CASE_25_with_r_theta_phi.csv
13.53805571,0.9568,-0.2269378141,0.0,1399.768991,0.6704739002,334.7764994,1254.158204,42.71038183,0.0005436104616,0.03141211834,335.060869437349,152.342283465922,0.29177605993241,831.324796353616,810.003352604872,0.0006312405364473,0.0314163498458109,0.0005436204477675,317.714231223494,163.4521716395746,19.072951650594405,118.58854641466596,63.93657687550305,0.9680400297064216,13.573721649515733,4.042648404851775,90.95796754366756,ICV_113_CASE_25_with_r_theta_phi.csv,0.7684511226684223,0.07049899622457435,0.9975118503212518,0.9998602292766303,-0.016718908782698223,0.0,1.0015358e-05,-1.0015358384407591e-05,0.0,ICV_113_CASE_25_with_r_theta_phi.csv
12.5355719,-2.590189252,-0.2256538048,0.004227419384,4228.769904,0.6706754892,332.6255691,377.290714,20.68635204,0.000543571311,0.03141086427,335.060869437349,152.342283465922,0.29177605993241,831.324796353616,810.003352604872,0.0006312405364473,0.0314163498458109,0.0005436204477675,317.714231223494,163.4521716395746,19.072951650594405,118.58854641466596,63.93657687550305,0.9680400297064216,12.802365518171502,348.32543464813887,91.00994462098096,ICV_113_CASE_25_with_r_theta_phi.csv,0.7247822232748803,-0.2023525804114051,0.97931273513666,0.9998446509450668,-0.017625946117513145,0.004227419384,0.0034386741,0.0007887452376905048,18.65784219302161,ICV_113_CASE_25_with_r_theta_phi.csv
12.14139471,-2.65,-0.2179590691,0.0,-19990.21072,0.6942497599,367.7439734,3458.103636,176.0059579,0.0003704861302,0.02140888144,335.060869437349,152.342283465922,0.29177605993241,831.324796353616,810.003352604872,0.0006312405364473,0.0314163498458109,0.0005436204477675,317.714231223494,163.4521716395746,19.072951650594405,118.58854641466596,63.93657687550305,0.9680400297064216,12.429138009524994,347.6876218695322,91.00479815217102,ICV_113_CASE_25_with_r_theta_phi.csv,0.7036526388148675,-0.21324146137969277,0.9769995287351233,0.9998462301239053,-0.017536137174836115,0.0,-0.00037904782,0.00037904782220721245,0.0,ICV_113_CASE_25_with_r_theta_phi.csv
0.3147120862,0.9568,-0.2178135764,0.0,25130.42499,0.6670848242,365.8431575,1478.635237,94.48800217,0.0005436194068,0.03141566222,335.060869437349,152.342283465922,0.29177605993241,831.324796353616,810.003352604872,0.0006312405364473,0.0314163498458109,0.0005436204477675,317.714231223494,163.4521716395746,19.072951650594405,118.58854641466596,63.93657687550305,0.9680400297064216,1.0305108884745056,71.79285324248974,102.20233638962428,ICV_113_CASE_25_with_r_theta_phi.csv,0.0583404662050455,0.949933085210509,0.31245341032295343,0.9774072761360975,-0.21136465304353622,0.0,-3.2901674e-08,3.290167427394408e-08,0.0,ICV_113_CASE_25_with_r_theta_phi.csv
13.91848122,0.9568,-0.2177250776,0.0,-20085.73124,0.6718405346,356.0614621,5531.314921,193.1337694,0.0005436103557,0.03141209797,335.060869437349,152.342283465922,0.29177605993241,831.324796353616,810.003352604872,0.0006312405364473,0.0314163498458109,0.0005436204477675,317.714231223494,163.4521716395746,19.072951650594405,118.58854641466596,63.93657687550305,0.9680400297064216,13.953027983950603,3.9325046496384735,90.89408796100582,ICV_113_CASE_25_with_r_theta_phi.csv,0.7899248485969423,0.06858127910903458,0.9976455323188536,0.9998782479111942,-0.015604145412052187,0.0,1.0015358e-05,-1.0015358384407591e-05,0.0,ICV_113_CASE_25_with_r_theta_phi.csv
0.9152757,1.01,-0.217703574,0.0,42047.61412,0.6597104625,387.0520016,389.8269136,81.44582243,0.0005436199866,0.0314163323,335.060869437349,152.342283465922,0.29177605993241,831.324796353616,810.003352604872,0.0006312405364473,0.0314163498458109,0.0005436204477675,317.714231223494,163.4521716395746,19.072951650594405,118.58854641466596,63.93657687550305,0.9680400297064216,1.380298682583905,47.81670293084039,99.0747020303092,ICV_113_CASE_25_with_r_theta_phi.csv,0.07814305461959935,0.741000385556044,0.6715046005842359,0.987483542484441,-0.15772207620488396,0.0,-3.2901674e-08,3.290167427394408e-08,0.0,ICV_113_CASE_25_with_r_theta_phi.csv
14.51883231,1.01,-0.2176324832,0.0,-40613.49513,0.6947260519,345.1213788,1340.942104,96.64608184,0.0003476388947,0.02008848476,335.060869437349,152.342283465922,0.29177605993241,831.324796353616,810.003352604872,0.0006312405364473,0.0314163498458109,0.0005436204477675,317.714231223494,163.4521716395746,19.072951650594405,118.58854641466596,63.93657687550305,0.9680400297064216,14.555547243015075,3.979359965286619,90.85671031240209,ICV_113_CASE_25_with_r_theta_phi.csv,0.8240353610276991,0.06939711018042438,0.9975891143645294,0.9998882147152789,-0.01495185852970506,0.0,2.4094177e-06,-2.409417675153236e-06,0.0,ICV_113_CASE_25_with_r_theta_phi.csv
12.11623234,-2.590880741,-0.21757072,0.001865400933,-11123.14276,0.6700661422,352.6904016,1745.66514,98.95626284,0.0005787230072,0.03344230488,335.060869437349,152.342283465922,0.29177605993241,831.324796353616,810.003352604872,0.0006312405364473,0.0314163498458109,0.0005436204477675,317.714231223494,163.4521716395746,19.072951650594405,118.58854641466596,63.93657687550305,0.9680400297064216,12.392057381611332,347.92990745980467,91.0060092652543,ICV_113_CASE_25_with_r_theta_phi.csv,0.7015533877115033,-0.20910814751248316,0.9778925210082637,0.9998458592232286,-0.017557271831460327,0.001865400933,0.00028426404,0.0015811368942174333,84.76123633255527,ICV_113_CASE_25_with_r_theta_phi.csv
12.88153533,0.9568,-0.2156738843,0.0,2651.660721,0.6722991994,330.8322041,475.1114812,17.13594397,0.0005436102341,0.03141206275,335.060869437349,152.342283465922,0.29177605993241,831.324796353616,810.003352604872,0.0006312405364473,0.0314163498458109,0.0005436204477675,317.714231223494,163.4521716395746,19.072951650594405,118.58854641466596,63.93657687550305,0.9680400297064216,12.918820918427784,4.247950016410414,90.95657161594649,ICV_113_CASE_25_with_r_theta_phi.csv,0.7313751301708997,0.07407280957024859,0.9972528359861252,0.9998606363115977,-0.016694548648195036,0.0,2.4932991e-05,-2.4932991436799057e-05,0.0,ICV_113_CASE_25_with_r_theta_phi.csv
-2.560344261,0.3997883625,-0.2116755305,0.004227299709,7345.942225,0.6678687998,333.7618575,185.4389872,15.66936696,0.0005436191569,0.03141518321,335.060869437349,152.342283465922,0.29177605993241,831.324796353616,810.003352604872,0.0006312405364473,0.0314163498458109,0.0005436204477675,317.714231223494,163.4521716395746,19.072951650594405,118.58854641466596,63.93657687550305,0.9680400297064216,2.599999999968947,171.12513917772765,94.6698279006648,ICV_113_CASE_25_with_r_theta_phi.csv,0.1471941867163098,0.15427689274543754,-0.9880276516195348,0.9966803976487,-0.08141366557789538,0.004227299709,0.0042078337,1.946603892029157e-05,0.4604840029261036,ICV_113_CASE_25_with_r_theta_phi.csv
13.9289607,1.01,-0.2100664363,0.0,-32338.57998,0.698510249,359.1376074,7486.527239,236.8918218,0.0005436103292,0.03141209267,335.060869437349,152.342283465922,0.29177605993241,831.324796353616,810.003352604872,0.0006312405364473,0.0314163498458109,0.0005436204477675,317.714231223494,163.4521716395746,19.072951650594405,118.58854641466596,63.93657687550305,0.9680400297064216,13.967110441669895,4.147304042594499,90.86176550804402,ICV_113_CASE_25_with_r_theta_phi.csv,0.7907221008703973,0.07232091824585325,0.9973814138954448,0.9998868916238546,-0.015040078416884265,0.0,1.0015358e-05,-1.0015358384407591e-05,0.0,ICV_113_CASE_25_with_r_theta_phi.csv
14.50843356,0.9568,-0.210036139,0.0,-32753.07933,0.668955825,350.3243345,669.1734324,75.6785705,0.0004148001671,0.02396946073,335.060869437349,152.342283465922,0.29177605993241,831.324796353616,810.003352604872,0.0006312405364473,0.0314163498458109,0.0005436204477675,317.714231223494,163.4521716395746,19.072951650594405,118.58854641466596,63.93657687550305,0.9680400297064216,14.541465737147004,3.773069958380063,90.82760589685438,ICV_113_CASE_25_with_r_theta_phi.csv,0.8232381626415389,0.06580490855203454,0.9978325079944321,0.9998956807775466,-0.014443945527681504,0.0,1.6479838e-06,-1.6479838222949184e-06,0.0,ICV_113_CASE_25_with_r_theta_phi.csv
0.9047758885,0.9568,-0.2100316194,0.0,26184.65595,0.6673838176,368.8532962,1502.84551,109.8341834,0.0005436194908,0.03141569321,335.060869437349,152.342283465922,0.29177605993241,831.324796353616,810.003352604872,0.0006312405364473,0.0314163498458109,0.0005436204477675,317.714231223494,163.4521716395746,19.072951650594405,118.58854641466596,63.93657687550305,0.9680400297064216,1.333491255898872,46.600786955648175,99.06211049703973,ICV_113_CASE_25_with_r_theta_phi.csv,0.07549313881064973,0.7265841080268165,0.6870775312603924,0.9875181802275214,-0.1575050593477069,0.0,-3.2901674e-08,3.290167427394408e-08,0.0,ICV_113_CASE_25_with_r_theta_phi.csv
0.3254067972,1.01,-0.2099971836,0.0,41433.27615,0.6599372461,387.1421605,430.8463158,91.25872934,0.0005436200085,0.03141636021,335.060869437349,152.342283465922,0.29177605993241,831.324796353616,810.003352604872,0.0006312405364473,0.0314163498458109,0.0005436204477675,317.714231223494,163.4521716395746,19.072951650594405,118.58854641466596,63.93657687550305,0.9680400297064216,1.0817062451441677,72.14184073833445,101.19420478791318,ICV_113_CASE_25_with_r_theta_phi.csv,0.06123879654686563,0.9518185999548378,0.30666162586801193,0.9809747962681086,-0.19413513099576507,0.0,-3.2901674e-08,3.290167427394408e-08,0.0,ICV_113_CASE_25_with_r_theta_phi.csv
0.03539557033,0.9568,-0.1917822742,0.0,3280.00421,0.6692286167,336.0587155,383.442506,30.61676528,0.0005436187205,0.03141482121,335.060869437349,152.342283465922,0.29177605993241,831.324796353616,810.003352604872,0.0006312405364473,0.0314163498458109,0.0005436204477675,317.714231223494,163.4521716395746,19.072951650594405,118.58854641466596,63.93657687550305,0.9680400297064216,0.9764730037724084,87.88138334465594,101.32669741334382,ICV_113_CASE_25_with_r_theta_phi.csv,0.055281211400934,0.9993164346825787,0.03696841047839875,0.9805232494686834,-0.19640304796864516,0.0,-3.2901674e-08,3.290167427394408e-08,0.0,ICV_113_CASE_25_with_r_theta_phi.csv
1.278814952,0.9568,-0.1887237728,0.0,5667.806653,0.6699703835,341.2585703,238.8162466,34.35098436,0.0005436191476,0.03141512716,335.060869437349,152.342283465922,0.29177605993241,831.324796353616,810.003352604872,0.0006312405364473,0.0314163498458109,0.0005436204477675,317.714231223494,163.4521716395746,19.072951650594405,118.58854641466596,63.93657687550305,0.9680400297064216,1.6082445659409603,36.80356737294159,96.73905438979222,ICV_113_CASE_25_with_r_theta_phi.csv,0.09104778881824292,0.5990734528141591,0.800694072747714,0.9930908928180836,-0.11734768255820602,0.0,1.5646157e-05,-1.564615740790032e-05,0.0,ICV_113_CASE_25_with_r_theta_phi.csv
15.38663245,0.9568,-0.1866387035,0.0,3517.288898,0.6710833949,330.1705646,104.9948682,7.971494683,0.0005436155757,0.03141341835,335.060869437349,152.342283465922,0.29177605993241,831.324796353616,810.003352604872,0.0006312405364473,0.0314163498458109,0.0005436204477675,317.714231223494,163.4521716395746,19.072951650594405,118.58854641466596,63.93657687550305,0.9680400297064216,15.417482232745954,3.558290278240861,90.69361981716293,ICV_113_CASE_25_with_r_theta_phi.csv,0.8728322148035772,0.0620639674673954,0.9980721737140086,0.9999267238874614,-0.012105653872821896,0.0,2.4932991e-05,-2.4932991436799057e-05,0.0,ICV_113_CASE_25_with_r_theta_phi.csv
1.133908402,0.9568,-0.1820415085,0.0,4641.047481,0.6706958296,344.0991845,681.5135192,60.62754942,0.0005436191089,0.03141509284,335.060869437349,152.342283465922,0.29177605993241,831.324796353616,810.003352604872,0.0006312405364473,0.0314163498458109,0.0005436204477675,317.714231223494,163.4521716395746,19.072951650594405,118.58854641466596,63.93657687550305,0.9680400297064216,1.494775439637389,40.15791181200001,96.9951420871024,ICV_113_CASE_25_with_r_theta_phi.csv,0.08462394429367988,0.6448964462844025,0.764269961185018,0.9925564809579251,-0.12178518837863683,0.0,1.5646157e-05,-1.564615740790032e-05,0.0,ICV_113_CASE_25_with_r_theta_phi.csv
2.227870283,0.9568,-0.1776818027,0.0,2532.231523,0.6700176469,330.0597557,101.9298743,5.402086873,0.0005436187892,0.03141469306,335.060869437349,152.342283465922,0.29177605993241,831.324796353616,810.003352604872,0.0006312405364473,0.0314163498458109,0.0005436204477675,317.714231223494,163.4521716395746,19.072951650594405,118.58854641466596,63.93657687550305,0.9680400297064216,2.4311402799684805,23.24199683928288,94.1912441256643,ICV_113_CASE_25_with_r_theta_phi.csv,0.1376345062721139,0.3946155143946882,0.9188463396014677,0.9973256577550139,-0.07308578783545314,0.0,1.0173697e-05,-1.0173696864512749e-05,0.0,ICV_113_CASE_25_with_r_theta_phi.csv
16.9297874,-1.818649817,-0.1754975998,0.004227434285,3159.99579,0.6761146628,326.7071564,14.20486477,0.9048613489,0.0005436110194,0.03141227201,335.060869437349,152.342283465922,0.29177605993241,831.324796353616,810.003352604872,0.0006312405364473,0.0314163498458109,0.0005436204477675,317.714231223494,163.4521716395746,19.072951650594405,118.58854641466596,63.93657687550305,0.9680400297064216,17.028094079303425,353.86862383663293,90.59052115629356,ICV_113_CASE_25_with_r_theta_phi.csv,0.9640140228314665,-0.1068085720928576,0.9942796029927823,0.9999468881024324,-0.010306356012755244,0.004227434285,0.0044387598,-0.00021132547406848938,4.998906186864601,ICV_113_CASE_25_with_r_theta_phi.csv
13.7901519,0.9568,-0.1711696447,0.0,2519.638479,0.6716840351,344.469426,2971.350168,110.3434033,0.0005436103917,0.03141210495,335.060869437349,152.342283465922,0.29177605993241,831.324796353616,810.003352604872,0.0006312405364473,0.0314163498458109,0.0005436204477675,317.714231223494,163.4521716395746,19.072951650594405,118.58854641466596,63.93657687550305,0.9680400297064216,13.824364531953732,3.9689835930976183,90.70943939631104,ICV_113_CASE_25_with_r_theta_phi.csv,0.7826408054519352,0.06921644380013303,0.9976016659507255,0.9999233433573201,-0.012381736918492977,0.0,2.4932991e-05,-2.4932991436799057e-05,0.0,ICV_113_CASE_25_with_r_theta_phi.csv
1.808943512,0.9568,-0.1689375354,0.0,3239.564038,0.6724223799,330.438899,153.8352471,11.67839213,0.0005436189054,0.03141482363,335.060869437349,152.342283465922,0.29177605993241,831.324796353616,810.003352604872,0.0006312405364473,0.0314163498458109,0.0005436204477675,317.714231223494,163.4521716395746,19.072951650594405,118.58854641466596,63.93657687550305,0.9680400297064216,2.0533588971424166,27.875595318931172,94.71927295660625,ICV_113_CASE_25_with_r_theta_phi.csv,0.116247112655841,0.4675533388912976,0.8839648608918793,0.9966097682414101,-0.08227374943323523,0.0,1.0173697e-05,-1.0173696864512749e-05,0.0,ICV_113_CASE_25_with_r_theta_phi.csv
14.38052446,-2.594701025,-0.1659113951,0.004227395169,3368.563773,0.6710955297,330.2462599,66.97641515,5.317885158,0.0005436133268,0.03141289922,335.060869437349,152.342283465922,0.29177605993241,831.324796353616,810.003352604872,0.0006312405364473,0.0314163498458109,0.0005436204477675,317.714231223494,163.4521716395746,19.072951650594405,118.58854641466596,63.93657687550305,0.9680400297064216,14.613674546287749,349.7720753407787,90.65050216535542,ICV_113_CASE_25_with_r_theta_phi.csv,0.8273261306935975,-0.17756439381338937,0.9841091840084024,0.999935550794553,-0.011353160669788592,0.004227395169,0.004390091,-0.00016269600062552084,3.8486111206282336,ICV_113_CASE_25_with_r_theta_phi.csv
16.33400454,0.9568,-0.1641154991,0.0,3644.42723,0.6700917109,330.0064609,84.07660327,5.132799275,0.0005436151367,0.03141328945,335.060869437349,152.342283465922,0.29177605993241,831.324796353616,810.003352604872,0.0006312405364473,0.0314163498458109,0.0005436204477675,317.714231223494,163.4521716395746,19.072951650594405,118.58854641466596,63.93657687550305,0.9680400297064216,16.36282690887444,3.3523946161263893,90.57467350623926,ICV_113_CASE_25_with_r_theta_phi.csv,0.9263511535616493,0.05847694498554828,0.998288759280178,0.9999497005252542,-0.01002977664030618,0.0,0.00017272825,-0.00017272825061809272,0.0,ICV_113_CASE_25_with_r_theta_phi.csv
14.67066738,0.9568,-0.1632877131,0.0,2684.635599,0.671412517,336.729847,265.3434961,29.21744111,0.0005436155043,0.0314134141,335.060869437349,152.342283465922,0.29177605993241,831.324796353616,810.003352604872,0.0006312405364473,0.0314163498458109,0.0005436204477675,317.714231223494,163.4521716395746,19.072951650594405,118.58854641466596,63.93657687550305,0.9680400297064216,14.702741597805678,3.7314644517020383,90.6363363649014,ICV_113_CASE_25_with_r_theta_phi.csv,0.8323684969288121,0.06508031211880595,0.9978800293494798,0.9999383271865647,-0.011105936400621198,0.0,2.4932991e-05,-2.4932991436799057e-05,0.0,ICV_113_CASE_25_with_r_theta_phi.csv
-1.76414152,-1.902980806,-0.1626922001,0.004227320198,14262.27533,0.6631791719,348.1456221,391.3558601,46.81919997,0.0005436194449,0.03141560111,335.060869437349,152.342283465922,0.29177605993241,831.324796353616,810.003352604872,0.0006312405364473,0.0314163498458109,0.0005436204477675,317.714231223494,163.4521716395746,19.072951650594405,118.58854641466596,63.93657687550305,0.9680400297064216,2.600000000493403,227.1682144107108,93.58756548689774,ICV_113_CASE_25_with_r_theta_phi.csv,0.1471941867460009,-0.7333528225911929,-0.6798482460060702,0.9980403319242345,-0.06257392310350947,0.004227320198,0.0034806137,0.0007467065006797769,17.66382638477244,ICV_113_CASE_25_with_r_theta_phi.csv
11.82608658,-2.594991781,-0.1612999024,0.004227493424,4195.242719,0.6728105684,335.97843,134.8268374,19.78570853,0.0005436163333,0.03141411104,335.060869437349,152.342283465922,0.29177605993241,831.324796353616,810.003352604872,0.0006312405364473,0.0314163498458109,0.0005436204477675,317.714231223494,163.4521716395746,19.072951650594405,118.58854641466596,63.93657687550305,0.9680400297064216,12.108522775286335,347.62376565717096,90.7632703979915,ICV_113_CASE_25_with_r_theta_phi.csv,0.6855016008713358,-0.214330195821114,0.9767612641578713,0.999911269045025,-0.013321187513411492,0.004227493424,0.0026295993,0.001597894122855519,37.79767257368399,ICV_113_CASE_25_with_r_theta_phi.csv
1.011288446,0.9568,-0.1563408697,0.0,4131.214586,0.671239326,346.1243641,1560.760973,95.11470733,0.0005436190331,0.0314150387,335.060869437349,152.342283465922,0.29177605993241,831.324796353616,810.003352604872,0.0006312405364473,0.0314163498458109,0.0005436204477675,317.714231223494,163.4521716395746,19.072951650594405,118.58854641466596,63.93657687550305,0.9680400297064216,1.400932913651345,43.414115642487786,96.40742329545508,ICV_113_CASE_25_with_r_theta_phi.csv,0.07931122341210878,0.6872664921111508,0.7264053749947295,0.9937534687995011,-0.11159768478314816,0.0,1.5646157e-05,-1.564615740790032e-05,0.0,ICV_113_CASE_25_with_r_theta_phi.csv
12.40540236,-2.595368006,-0.1551287033,0.004227763973,3972.665979,0.6702255499,333.1547228,212.7118598,16.91224622,0.0005435695327,0.03141101134,335.060869437349,152.342283465922,0.29177605993241,831.324796353616,810.003352604872,0.0006312405364473,0.0314163498458109,0.0005436204477675,317.714231223494,163.4521716395746,19.072951650594405,118.58854641466596,63.93657687550305,0.9680400297064216,12.674936201600762,348.18343014269465,90.701261272917,ICV_113_CASE_25_with_r_theta_phi.csv,0.7175680484223151,-0.2047791303319343,0.9788082078632651,0.9999251004808754,-0.01223901255458804,0.004227763973,0.0034386741,0.0007890898266905049,18.664472083665682,ICV_113_CASE_25_with_r_theta_phi.csv
-0.238646481,0.9568,-0.1543555334,0.0,3179.934067,0.6687451902,333.498807,215.7949238,17.35390092,0.0005436188382,0.03141490723,335.060869437349,152.342283465922,0.29177605993241,831.324796353616,810.003352604872,0.0006312405364473,0.0314163498458109,0.0005436204477675,317.714231223494,163.4521716395746,19.072951650594405,118.58854641466596,63.93657687550305,0.9680400297064216,0.9981202400436944,104.00504278231904,98.89627940538116,ICV_113_CASE_25_with_r_theta_phi.csv,0.056506729607720844,0.9702744302086376,-0.24200729345063912,0.9879699100569137,-0.1546462311927902,0.0,-3.2901674e-08,3.290167427394408e-08,0.0,ICV_113_CASE_25_with_r_theta_phi.csv
11.53553803,-2.595440653,-0.1539084634,0.004227376077,3958.680222,0.6739299271,332.2938883,65.63546566,10.95556635,0.0005436177737,0.03141431299,335.060869437349,152.342283465922,0.29177605993241,831.324796353616,810.003352604872,0.0006312405364473,0.0314163498458109,0.0005436204477675,317.714231223494,163.4521716395746,19.072951650594405,118.58854641466596,63.93657687550305,0.9680400297064216,11.824915967563046,347.3198784330001,90.7457604270814,ICV_113_CASE_25_with_r_theta_phi.csv,0.6694457264826678,-0.2195077351679501,0.9756107595765009,0.9999152933948093,-0.01301560736855866,0.004227376077,0.004208328,1.904787463317091e-05,0.45058386766910474,ICV_113_CASE_25_with_r_theta_phi.csv
0.1996072737,0.9568,-0.1529877243,0.0,2974.311149,0.6696420948,339.1544704,1279.738669,59.62648094,0.0005436186879,0.03141480129,335.060869437349,152.342283465922,0.29177605993241,831.324796353616,810.003352604872,0.0006312405364473,0.0314163498458109,0.0005436204477675,317.714231223494,163.4521716395746,19.072951650594405,118.58854641466596,63.93657687550305,0.9680400297064216,0.989300029061174,78.21599004970165,98.89605683951667,ICV_113_CASE_25_with_r_theta_phi.csv,0.05600738969146936,0.9789244211980429,0.20422286253521366,0.9879705107738487,-0.15464239341545574,0.0,-3.2901674e-08,3.290167427394408e-08,0.0,ICV_113_CASE_25_with_r_theta_phi.csv
0.7488400269,-2.595534055,-0.1523252074,0.004227316938,25984.30266,0.6603184759,346.9094448,223.8336227,31.92465359,0.0005436197957,0.0314160189,335.060869437349,152.342283465922,0.29177605993241,831.324796353616,810.003352604872,0.0006312405364473,0.0314163498458109,0.0005436204477675,317.714231223494,163.4521716395746,19.072951650594405,118.58854641466596,63.93657687550305,0.9680400297064216,2.705690556098717,286.09343054006183,93.22734925445042,ICV_113_CASE_25_with_r_theta_phi.csv,0.15317766189065662,-0.960810944381328,0.2772044897851777,0.9984140049041955,-0.0562980888766656,0.004227316938,0.0034829595,0.0007443574719449642,17.608272166151963,ICV_113_CASE_25_with_r_theta_phi.csv
14.87531883,0.9568,-0.1495511705,0.0,2951.962777,0.6708384951,331.7772,140.0750276,13.25051136,0.0005436158249,0.03141349554,335.060869437349,152.342283465922,0.29177605993241,831.324796353616,810.003352604872,0.0006312405364473,0.0314163498458109,0.0005436204477675,317.714231223494,163.4521716395746,19.072951650594405,118.58854641466596,63.93657687550305,0.9680400297064216,14.906808581542546,3.680269831500766,90.5748242213275,ICV_113_CASE_25_with_r_theta_phi.csv,0.8439213714315649,0.06418866580149389,0.99793778121816,0.9999496741387227,-0.010032406982482193,0.0,2.4932991e-05,-2.4932991436799057e-05,0.0,ICV_113_CASE_25_with_r_theta_phi.csv
5.836709518,-2.595814115,-0.1474756911,0.004227372818,11776.19892,0.6641090052,344.3053793,512.2921686,46.82001977,0.0005436192067,0.03141534189,335.060869437349,152.342283465922,0.29177605993241,831.324796353616,810.003352604872,0.0006312405364473,0.0314163498458109,0.0005436204477675,317.714231223494,163.4521716395746,19.072951650594405,118.58854641466596,63.93657687550305,0.9680400297064216,6.3896148551075,336.0234051469339,91.3225343409855,ICV_113_CASE_25_with_r_theta_phi.csv,0.3617362161689358,-0.40636342868472075,0.9137115320644683,0.9997336091079885,-0.023080529021575435,0.004227372818,0.003477441,0.0007499319038608487,17.739904568867612,ICV_113_CASE_25_with_r_theta_phi.csv
12.69428156,-2.59582122,-0.1473505814,0.004227383062,3833.889816,0.6716601692,331.8937729,214.6825775,15.28260939,0.0005436106105,0.03141311538,335.060869437349,152.342283465922,0.29177605993241,831.324796353616,810.003352604872,0.0006312405364473,0.0314163498458109,0.0005436204477675,317.714231223494,163.4521716395746,19.072951650594405,118.58854641466596,63.93657687550305,0.9680400297064216,12.957807851816495,348.4430593922263,90.651556843959,ICV_113_CASE_25_with_r_theta_phi.csv,0.7335823032296623,-0.20034168603840374,0.9797260886774883,0.9999353416405424,-0.011371567095690916,0.004227383062,0.004326218,-9.883474582937993e-05,2.3379652223718983,ICV_113_CASE_25_with_r_theta_phi.csv
15.08,-2.59592913,-0.1454371006,0.004227393772,3326.385165,0.6710702473,329.9304203,60.14780635,4.292605792,0.0005436128455,0.03141276106,335.060869437349,152.342283465922,0.29177605993241,831.324796353616,810.003352604872,0.0006312405364473,0.0314163498458109,0.0005436204477675,317.714231223494,163.4521716395746,19.072951650594405,118.58854641466596,63.93657687550305,0.9680400297064216,15.302496528286277,350.232614224236,90.544555425267,ICV_113_CASE_25_with_r_theta_phi.csv,0.8663225120142901,-0.16964855222265254,0.9855046264370138,0.9999548346220684,-0.00950414204186629,0.004227393772,0.004390091,-0.0001626973976255209,3.8486454388198976,ICV_113_CASE_25_with_r_theta_phi.csv
0.453552809,0.9568,-0.1443524568,0.0,25063.83751,0.6662586171,365.6440274,1233.089969,92.1119325,0.0005436195106,0.03141577346,335.060869437349,152.342283465922,0.29177605993241,831.324796353616,810.003352604872,0.0006312405364473,0.0314163498458109,0.0005436204477675,317.714231223494,163.4521716395746,19.072951650594405,118.58854641466596,63.93657687550305,0.9680400297064216,1.0686505613791564,64.63760045167163,97.76319933348998,ICV_113_CASE_25_with_r_theta_phi.csv,0.060499673180004425,0.9036165877278073,0.4283422257764858,0.9908348052385684,-0.1350791942819034,0.0,-3.2901674e-08,3.290167427394408e-08,0.0,ICV_113_CASE_25_with_r_theta_phi.csv
14.05733549,0.9568,-0.1443076389,0.0,-21516.64351,0.6714701602,356.0062749,4844.728581,183.3835961,0.0005436102379,0.03141207033,335.060869437349,152.342283465922,0.29177605993241,831.324796353616,810.003352604872,0.0006312405364473,0.0314163498458109,0.0005436204477675,317.714231223494,163.4521716395746,19.072951650594405,118.58854641466596,63.93657687550305,0.9680400297064216,14.090598710241464,3.8937805957120872,90.58679999159664,ICV_113_CASE_25_with_r_theta_phi.csv,0.7977131605864027,0.06790699255182266,0.9976916559551687,0.9999475553560487,-0.010241412864530052,0.0,1.0015358e-05,-1.0015358384407591e-05,0.0,ICV_113_CASE_25_with_r_theta_phi.csv
0.7763601305,1.01,-0.1442769783,0.0,39635.24434,0.658558633,386.8769276,502.3685205,101.5802406,0.0005436200014,0.03141635152,335.060869437349,152.342283465922,0.29177605993241,831.324796353616,810.003352604872,0.0006312405364473,0.0314163498458109,0.0005436204477675,317.714231223494,163.4521716395746,19.072951650594405,118.58854641466596,63.93657687550305,0.9680400297064216,1.2820494915163594,52.45147669367168,96.4615371540736,ICV_113_CASE_25_with_r_theta_phi.csv,0.07258085855233187,0.7928375009913692,0.6094330947870821,0.9936476254863406,-0.11253620024399726,0.0,-3.2901674e-08,3.290167427394408e-08,0.0,ICV_113_CASE_25_with_r_theta_phi.csv
14.37984557,1.01,-0.1442204795,0.0,-56242.02035,0.6976690291,351.4121676,3791.788475,163.7010831,0.0004739379753,0.02738624644,335.060869437349,152.342283465922,0.29177605993241,831.324796353616,810.003352604872,0.0006312405364473,0.0314163498458109,0.0005436204477675,317.714231223494,163.4521716395746,19.072951650594405,118.58854641466596,63.93657687550305,0.9680400297064216,14.415993138308435,4.017696652937048,90.57320800292814,ICV_113_CASE_25_with_r_theta_phi.csv,0.816134763740983,0.07006458289298773,0.9975424573540876,0.9999499567383596,-0.01000420006560284,0.0,2.4094177e-06,-2.409417675153236e-06,0.0,ICV_113_CASE_25_with_r_theta_phi.csv
14.06965828,1.01,-0.1402829034,0.0,-33666.29044,0.6967145138,355.3729476,7076.094542,246.6997133,0.0005436102274,0.03141206913,335.060869437349,152.342283465922,0.29177605993241,831.324796353616,810.003352604872,0.0006312405364473,0.0314163498458109,0.0005436204477675,317.714231223494,163.4521716395746,19.072951650594405,118.58854641466596,63.93657687550305,0.9680400297064216,14.10656100575044,4.105973267156912,90.5697881137114,ICV_113_CASE_25_with_r_theta_phi.csv,0.7986168363962478,0.07160143031642871,0.9974333236746412,0.999950552091064,-0.009944514707930355,0.0,1.0015358e-05,-1.0015358384407591e-05,0.0,ICV_113_CASE_25_with_r_theta_phi.csv
0.7640595107,0.9568,-0.1402617438,0.0,27402.49795,0.6653906146,372.5380889,1158.328709,108.4699325,0.0005436195246,0.03141575071,335.060869437349,152.342283465922,0.29177605993241,831.324796353616,810.003352604872,0.0006312405364473,0.0314163498458109,0.0005436204477675,317.714231223494,163.4521716395746,19.072951650594405,118.58854641466596,63.93657687550305,0.9680400297064216,1.2324473752111853,51.39063421314484,96.53484775428608,ICV_113_CASE_25_with_r_theta_phi.csv,0.06977272656424145,0.7814184802373556,0.624007338693658,0.9935028208054515,-0.11380749119285125,0.0,-3.2901674e-08,3.290167427394408e-08,0.0,ICV_113_CASE_25_with_r_theta_phi.csv
14.36769565,0.9568,-0.1402570048,0.0,-37616.80814,0.6718351053,356.3997711,2856.024366,143.9981596,0.0005436110119,0.03141226796,335.060869437349,152.342283465922,0.29177605993241,831.324796353616,810.003352604872,0.0006312405364473,0.0314163498458109,0.0005436204477675,317.714231223494,163.4521716395746,19.072951650594405,118.58854641466596,63.93657687550305,0.9680400297064216,14.400201962417905,3.809920516295847,90.55806588743025,ICV_113_CASE_25_with_r_theta_phi.csv,0.815240775551549,0.06644666441231863,0.9977899782962729,0.9999525657258819,-0.009739933173579749,0.0,1.0015358e-05,-1.0015358384407591e-05,0.0,ICV_113_CASE_25_with_r_theta_phi.csv
0.4661317839,1.01,-0.1402439373,0.0,39262.3065,0.6592841713,383.5151502,338.6086181,65.5677428,0.000543620025,0.03141637874,335.060869437349,152.342283465922,0.29177605993241,831.324796353616,810.003352604872,0.0006312405364473,0.0314163498458109,0.0005436204477675,317.714231223494,163.4521716395746,19.072951650594405,118.58854641466596,63.93657687550305,0.9680400297064216,1.121181163733677,65.22589121231715,97.18571551535314,ICV_113_CASE_25_with_r_theta_phi.csv,0.06347359598438285,0.9079669307437604,0.4190418268809874,0.9921459174711739,-0.1250858842766943,0.0,-3.2901674e-08,3.290167427394408e-08,0.0,ICV_113_CASE_25_with_r_theta_phi.csv
13.19713857,0.9568,-0.1372075491,0.0,2152.391998,0.6718098101,331.8820786,631.0609586,23.28461768,0.000543610327,0.03141208557,335.060869437349,152.342283465922,0.29177605993241,831.324796353616,810.003352604872,0.0006312405364473,0.0314163498458109,0.0005436204477675,317.714231223494,163.4521716395746,19.072951650594405,118.58854641466596,63.93657687550305,0.9680400297064216,13.232488752585876,4.146721017117272,90.59411003521792,ICV_113_CASE_25_with_r_theta_phi.csv,0.7491328539203298,0.0723107691738924,0.9973821497608026,0.9999462405738035,-0.01036899041937132,0.0,1.0015358e-05,-1.0015358384407591e-05,0.0,ICV_113_CASE_25_with_r_theta_phi.csv
11.3264677,-2.596629325,-0.1323485826,0.004227375146,4361.26968,0.6717502645,332.6848659,63.32236321,9.87714349,0.0005436178721,0.03141436107,335.060869437349,152.342283465922,0.29177605993241,831.324796353616,810.003352604872,0.0006312405364473,0.0314163498458109,0.0005436204477675,317.714231223494,163.4521716395746,19.072951650594405,118.58854641466596,63.93657687550305,0.9680400297064216,11.621052902293728,347.08787908078307,90.65253804480938,ICV_113_CASE_25_with_r_theta_phi.csv,0.6579043964464487,-0.22345632169444443,0.9747139438290544,0.9999351467537204,-0.011388691172198574,0.004227375146,0.004208328,1.9046943633170728e-05,0.4505619437794061,ICV_113_CASE_25_with_r_theta_phi.csv
1.492773185,0.9568,-0.1192674826,0.0,5129.162949,0.669913797,336.0611852,198.9453386,22.94837325,0.0005436190688,0.03141504268,335.060869437349,152.342283465922,0.29177605993241,831.324796353616,810.003352604872,0.0006312405364473,0.0314163498458109,0.0005436204477675,317.714231223494,163.4521716395746,19.072951650594405,118.58854641466596,63.93657687550305,0.9680400297064216,1.7770939069899443,32.658032086169726,93.84822871678377,ICV_113_CASE_25_with_r_theta_phi.csv,0.1006068816773148,0.5396237872394736,0.8419062704632431,0.9977453287569276,-0.06711377610990574,0.0,1.0173697e-05,-1.0173696864512749e-05,0.0,ICV_113_CASE_25_with_r_theta_phi.csv
0.6084816499,0.9568,-0.1175904247,0.0,27377.23787,0.66713275,369.871146,931.8170621,86.57997718,0.0005436195042,0.03141574781,335.060869437349,152.342283465922,0.29177605993241,831.324796353616,810.003352604872,0.0006312405364473,0.0314163498458109,0.0005436204477675,317.714231223494,163.4521716395746,19.072951650594405,118.58854641466596,63.93657687550305,0.9680400297064216,1.1399752919454669,57.54547945192354,95.92069029911164,ICV_113_CASE_25_with_r_theta_phi.csv,0.06453759076023265,0.8438176703291004,0.5366299835458039,0.9946656324538006,-0.10315173103385601,0.0,-5.505369e-06,5.505368790181819e-06,0.0,ICV_113_CASE_25_with_r_theta_phi.csv
14.21219132,0.9568,-0.1175896594,0.0,-27481.54518,0.6721655121,362.0432177,4652.65484,209.0071613,0.0005436101696,0.03141205439,335.060869437349,152.342283465922,0.29177605993241,831.324796353616,810.003352604872,0.0006312405364473,0.0314163498458109,0.0005436204477675,317.714231223494,163.4521716395746,19.072951650594405,118.58854641466596,63.93657687550305,0.9680400297064216,14.244847338047578,3.851482411189125,90.4729757756179,ICV_113_CASE_25_with_r_theta_phi.csv,0.8064456610949793,0.0671704356443374,0.9977415159124882,0.9999659278083892,-0.008254890811354488,0.0,1.0015358e-05,-1.0015358384407591e-05,0.0,ICV_113_CASE_25_with_r_theta_phi.csv
0.6215590401,1.01,-0.1175892011,0.0,39533.37789,0.6600029706,388.9142361,378.3259883,80.16144518,0.0005436199635,0.03141630709,335.060869437349,152.342283465922,0.29177605993241,831.324796353616,810.003352604872,0.0006312405364473,0.0314163498458109,0.0005436204477675,317.714231223494,163.4521716395746,19.072951650594405,118.58854641466596,63.93657687550305,0.9680400297064216,1.1917478175123164,58.39165102734006,95.66256144838394,ICV_113_CASE_25_with_r_theta_phi.csv,0.06746859645067603,0.8516505714139754,0.524110011553156,0.9951202556354908,-0.09866953341308272,0.0,-5.505369e-06,5.505368790181819e-06,0.0,ICV_113_CASE_25_with_r_theta_phi.csv
14.22506281,1.01,-0.1175873071,0.0,-51856.33704,0.6961387022,360.5587064,6903.007577,282.1078742,0.0005436101941,0.03141206056,335.060869437349,152.342283465922,0.29177605993241,831.324796353616,810.003352604872,0.0006312405364473,0.0314163498458109,0.0005436204477675,317.714231223494,163.4521716395746,19.072951650594405,118.58854641466596,63.93657687550305,0.9680400297064216,14.261358235569157,4.061267667754805,90.47241873098324,ICV_113_CASE_25_with_r_theta_phi.csv,0.8073803949921616,0.0708231513707027,0.9974888877726521,0.9999660080173487,-0.008245168879267942,0.0,1.0015358e-05,-1.0015358384407591e-05,0.0,ICV_113_CASE_25_with_r_theta_phi.csv
9.925987821,-2.597697477,-0.1093975315,0.004227360711,5439.04937,0.6680875916,333.5657619,151.004465,14.68069638,0.0005436182153,0.03141457604,335.060869437349,152.342283465922,0.29177605993241,831.324796353616,810.003352604872,0.0006312405364473,0.0314163498458109,0.0005436204477675,317.714231223494,163.4521716395746,19.072951650594405,118.58854641466596,63.93657687550305,0.9680400297064216,10.260859331681278,345.3342272582095,90.61087823111166,ICV_113_CASE_25_with_r_theta_phi.csv,0.5808995555212778,-0.2531800745271727,0.9674191696790049,0.999943163160045,-0.010661634465860981,0.004227360711,0.00421187,1.5490688881908063e-05,0.36643877675106856,ICV_113_CASE_25_with_r_theta_phi.csv
11.08072869,-2.59773367,-0.1085346864,0.00422736397,4576.37152,0.6710525187,332.670308,69.09110968,9.636216188,0.0005436179411,0.03141440033,335.060869437349,152.342283465922,0.29177605993241,831.324796353616,810.003352604872,0.0006312405364473,0.0314163498458109,0.0005436204477675,317.714231223494,163.4521716395746,19.072951650594405,118.58854641466596,63.93657687550305,0.9680400297064216,11.38167598817471,346.80601766674334,90.5463759219802,ICV_113_CASE_25_with_r_theta_phi.csv,0.6443525156030526,-0.22824861571100402,0.9736028807609447,0.9999545321359147,-0.009535914263661047,0.00422736397,0.004208328,1.903576763317115e-05,0.4502987621543304,ICV_113_CASE_25_with_r_theta_phi.csv
13.87284777,-2.598029963,-0.101194424,0.004227395635,3411.103984,0.6713080021,330.5083039,75.85918574,6.483964517,0.0005436138438,0.03141305225,335.060869437349,152.342283465922,0.29177605993241,831.324796353616,810.003352604872,0.0006312405364473,0.0314163498458109,0.0005436204477675,317.714231223494,163.4521716395746,19.072951650594405,118.58854641466596,63.93657687550305,0.9680400297064216,14.114386463806651,349.392829292796,90.41079101058348,ICV_113_CASE_25_with_r_theta_phi.csv,0.7990598602171249,-0.18407436593930834,0.9829123194894047,0.999974298128869,-0.007169594247649318,0.004227395635,0.004390091,-0.00016269553462552096,3.848599673047516,ICV_113_CASE_25_with_r_theta_phi.csv
12.90493416,-2.598169167,-0.09755501389,0.004227397963,3602.150677,0.6720430609,331.3778041,135.4828434,11.66657155,0.0005436140401,0.03141330459,335.060869437349,152.342283465922,0.29177605993241,831.324796353616,810.003352604872,0.0006312405364473,0.0314163498458109,0.0005436204477675,317.714231223494,163.4521716395746,19.072951650594405,118.58854641466596,63.93657687550305,0.9680400297064216,13.164244212070036,348.61673371437564,90.42460027611112,ICV_113_CASE_25_with_r_theta_phi.csv,0.7452693155975693,-0.19737103551076304,0.9803288603021993,0.9999725410898214,-0.007410604993225406,0.004227397963,0.004326218,-9.881984482938005e-05,2.3376044950325867,ICV_113_CASE_25_with_r_theta_phi.csv
11.96774705,-2.598682496,-0.0827604096,0.004227431491,3756.254206,0.6719386413,334.9738906,134.7828308,17.97721767,0.0005436166333,0.03141404898,335.060869437349,152.342283465922,0.29177605993241,831.324796353616,810.003352604872,0.0006312405364473,0.0314163498458109,0.0005436204477675,317.714231223494,163.4521716395746,19.072951650594405,118.58854641466596,63.93657687550305,0.9680400297064216,12.246916732516706,347.7489489261062,90.38718792452562,ICV_113_CASE_25_with_r_theta_phi.csv,0.6933365185564203,-0.2121955991323473,0.9772272139624767,0.9999771668044946,-0.006757652673530624,0.004227431491,0.002704243,0.0015231885481452375,36.03106404036878,ICV_113_CASE_25_with_r_theta_phi.csv
17.66094655,-0.3034945027,-0.08127725557,0.004227419384,3924.963475,0.672502038,328.6751337,13.06359921,2.177874105,0.0005436153495,0.03141333676,335.060869437349,152.342283465922,0.29177605993241,831.324796353616,810.003352604872,0.0006312405364473,0.0314163498458109,0.0005436204477675,317.714231223494,163.4521716395746,19.072951650594405,118.58854641466596,63.93657687550305,0.9680400297064216,17.663741051866644,359.01549768745525,90.26363951633503,ICV_113_CASE_25_with_r_theta_phi.csv,0.9999999994338684,-0.01718196132588945,0.9998523792065485,0.9999894136807769,-0.004601361361182832,0.004227419384,0.0043849363,-0.0001575169151750242,3.7260773258961675,ICV_113_CASE_25_with_r_theta_phi.csv
12.26176405,-2.598781733,-0.07958333185,0.004227451049,3767.032522,0.6708139317,333.6896775,181.8544786,17.4195128,0.000543607027,0.03141328674,335.060869437349,152.342283465922,0.29177605993241,831.324796353616,810.003352604872,0.0006312405364473,0.0314163498458109,0.0005436204477675,317.714231223494,163.4521716395746,19.072951650594405,118.58854641466596,63.93657687550305,0.9680400297064216,12.534387006166488,348.0336986424565,90.36378481603202,ICV_113_CASE_25_with_r_theta_phi.csv,0.709611115916228,-0.20733635516399254,0.9782697152765748,0.9999798436255928,-0.006349200149224981,0.004227451049,0.0034386741,0.0007887769026905054,18.658451472560643,ICV_113_CASE_25_with_r_theta_phi.csv
13.42949655,0.9568,-0.07597565734,0.0,1666.505897,0.6715696426,333.0631096,842.0245157,31.33508319,0.0005436103652,0.03141209578,335.060869437349,152.342283465922,0.29177605993241,831.324796353616,810.003352604872,0.0006312405364473,0.0314163498458109,0.0005436204477675,317.714231223494,163.4521716395746,19.072951650594405,118.58854641466596,63.93657687550305,0.9680400297064216,13.46375193350539,4.075218038760454,90.32332054510778,ICV_113_CASE_25_with_r_theta_phi.csv,0.7622253907792841,0.07106601776957204,0.9974716141917899,0.999984078272316,-0.0056429781026291976,0.0,1.0015358e-05,-1.0015358384407591e-05,0.0,ICV_113_CASE_25_with_r_theta_phi.csv
10.3807982,-2.599059705,-0.069918899,0.00422735326,5015.662774,0.668839143,332.581595,110.6043292,11.69500902,0.0005436181102,0.03141450704,335.060869437349,152.342283465922,0.29177605993241,831.324796353616,810.003352604872,0.0006312405364473,0.0314163498458109,0.0005436204477675,317.714231223494,163.4521716395746,19.072951650594405,118.58854641466596,63.93657687550305,0.9680400297064216,10.701447157824743,345.9437058258488,90.37434996071318,ICV_113_CASE_25_with_r_theta_phi.csv,0.6058426196547658,-0.24287511236205733,0.9700575651965805,0.9999786558542261,-0.006533592884106491,0.00422735326,0.00421187,1.548323788190878e-05,0.36626316576737056,ICV_113_CASE_25_with_r_theta_phi.csv
13.1748478,-2.599105804,-0.06818370655,0.004227399826,3522.480229,0.6715976426,331.2191041,99.15521069,9.317522278,0.0005436145179,0.03141329644,335.060869437349,152.342283465922,0.29177605993241,831.324796353616,810.003352604872,0.0006312405364473,0.0314163498458109,0.0005436204477675,317.714231223494,163.4521716395746,19.072951650594405,118.58854641466596,63.93657687550305,0.9680400297064216,13.428946889141764,348.8401140268993,90.29091301310712,ICV_113_CASE_25_with_r_theta_phi.csv,0.7602549676259033,-0.19354751553825708,0.9810909026328641,0.9999871100835142,-0.005077368099887214,0.004227399826,0.0043085585,-8.115870883080873e-05,1.91982571207142,ICV_113_CASE_25_with_r_theta_phi.csv
13.46880008,-2.59921974,-0.06369256254,0.004227397498,3468.598065,0.671401687,330.9007451,83.42014509,7.752659795,0.0005436143215,0.03141320447,335.060869437349,152.342283465922,0.29177605993241,831.324796353616,810.003352604872,0.0006312405364473,0.0314163498458109,0.0005436204477675,317.714231223494,163.4521716395746,19.072951650594405,118.58854641466596,63.93657687550305,0.9680400297064216,13.717455142785653,349.07728706844,90.26603536112977,ICV_113_CASE_25_with_r_theta_phi.csv,0.7765883283015041,-0.18948469171566065,0.9818836751904072,0.9999892203988492,-0.0046431762945116665,0.004227397498,0.0043085585,-8.116103683080897e-05,1.91988183864914,ICV_113_CASE_25_with_r_theta_phi.csv
13.85516931,0.9568,-0.06138137669,0.0,462.7546048,0.6714954246,338.9528935,1822.463761,69.80476776,0.0005436103223,0.03141208774,335.060869437349,152.342283465922,0.29177605993241,831.324796353616,810.003352604872,0.0006312405364473,0.0314163498458109,0.0005436204477675,317.714231223494,163.4521716395746,19.072951650594405,118.58854641466596,63.93657687550305,0.9680400297064216,13.888302650870273,3.950417665298403,90.25322786829712,ICV_113_CASE_25_with_r_theta_phi.csv,0.7862605436881672,0.06889318075108952,0.9976240422353492,0.9999902333183769,-0.004419645671111055,0.0,1.0015358e-05,-1.0015358384407591e-05,0.0,ICV_113_CASE_25_with_r_theta_phi.csv
0.3267706737,0.9568,-0.05955373995,0.0,3345.872893,0.670518265,340.2794251,1328.516405,70.5046355,0.0005436187637,0.03141486585,335.060869437349,152.342283465922,0.29177605993241,831.324796353616,810.003352604872,0.0006312405364473,0.0314163498458109,0.0005436204477675,317.714231223494,163.4521716395746,19.072951650594405,118.58854641466596,63.93657687550305,0.9680400297064216,1.012813882770366,71.14370510893184,93.3709522836504,ICV_113_CASE_25_with_r_theta_phi.csv,0.057338582988904804,0.9463321671337969,0.32319565196309735,0.9982697666790828,-0.05880028005451628,0.0,1.0173697e-05,-1.0173696864512749e-05,0.0,ICV_113_CASE_25_with_r_theta_phi.csv
10.7837187,-2.59932434,-0.0592703638,0.004227354657,4729.269713,0.6699800887,332.4227249,83.23784615,10.02139928,0.0005436180152,0.03141444608,335.060869437349,152.342283465922,0.29177605993241,831.324796353616,810.003352604872,0.0006312405364473,0.0314163498458109,0.0005436204477675,317.714231223494,163.4521716395746,19.072951650594405,118.58854641466596,63.93657687550305,0.9680400297064216,11.092726851467637,346.44785345441665,90.30614274563555,ICV_113_CASE_25_with_r_theta_phi.csv,0.6279941951490199,-0.23433024902792413,0.9721570523277148,0.99998572514676,-0.005343173467951688,0.004227354657,0.004208328,1.90264546331715e-05,0.4500794509200958,ICV_113_CASE_25_with_r_theta_phi.csv
13.66565707,0.9568,-0.05846792281,0.0,774.4344197,0.6709952395,334.6214387,1138.208602,41.52230353,0.0005436103733,0.03141209868,335.060869437349,152.342283465922,0.29177605993241,831.324796353616,810.003352604872,0.0006312405364473,0.0314163498458109,0.0005436204477675,317.714231223494,163.4521716395746,19.072951650594405,118.58854641466596,63.93657687550305,0.9680400297064216,13.699236033182242,4.005024098034312,90.2445373870579,ICV_113_CASE_25_with_r_theta_phi.csv,0.7755568871396574,0.06984394692722239,0.9975579296851023,0.9999908921763088,-0.004267969591032112,0.0,1.0015358e-05,-1.0015358384407591e-05,0.0,ICV_113_CASE_25_with_r_theta_phi.csv
-0.6588406313,-2.514469206,-0.05808300455,0.004227322061,21424.66675,0.6612987683,355.8475134,277.564345,48.26235297,0.0005436196695,0.03141588391,335.060869437349,152.342283465922,0.29177605993241,831.324796353616,810.003352604872,0.0006312405364473,0.0314163498458109,0.0005436204477675,317.714231223494,163.4521716395746,19.072951650594405,118.58854641466596,63.93657687550305,0.9680400297064216,2.6000000001522325,255.317440793086,91.28007226455831,ICV_113_CASE_25_with_r_theta_phi.csv,0.14719418672668616,-0.9673449516931371,-0.2534634972413234,0.9997504396129753,-0.02233961713330728,0.004227322061,0.0034754763,0.0007518457718319995,17.785391337708763,ICV_113_CASE_25_with_r_theta_phi.csv
11.66782403,-2.599420745,-0.05487976419,0.00422738865,3821.563748,0.6740223671,331.8747856,84.35336198,11.71952426,0.0005436176016,0.03141423897,335.060869437349,152.342283465922,0.29177605993241,831.324796353616,810.003352604872,0.0006312405364473,0.0314163498458109,0.0005436204477675,317.714231223494,163.4521716395746,19.072951650594405,118.58854641466596,63.93657687550305,0.9680400297064216,11.954000066634572,347.44044719276627,90.2630408145174,ICV_113_CASE_25_with_r_theta_phi.csv,0.6767535837830785,-0.21745425165262242,0.9760705140706781,0.9999894617072712,-0.004590912153596278,0.00422738865,0.0041833585,4.403013718118701e-05,1.0415445755329724,ICV_113_CASE_25_with_r_theta_phi.csv
-1.395258702,0.9568,-0.05266880848,0.0,5530.490396,0.6684517992,332.281189,329.7063636,15.57413819,0.0005436191249,0.03141511199,335.060869437349,152.342283465922,0.29177605993241,831.324796353616,810.003352604872,0.0006312405364473,0.0314163498458109,0.0005436204477675,317.714231223494,163.4521716395746,19.072951650594405,118.58854641466596,63.93657687550305,0.9680400297064216,1.6926272740604849,145.55958131272416,91.78313777302144,ICV_113_CASE_25_with_r_theta_phi.csv,0.09582495962390504,0.5655489301836034,-0.8247147431495218,0.9995157613100599,-0.031116601562050584,0.0,8.1006314e-05,-8.100631384877488e-05,0.0,ICV_113_CASE_25_with_r_theta_phi.csv
0.9145304405,0.9568,-0.05194991578,0.0,5298.182912,0.6713950847,342.9512261,1305.409503,76.41962415,0.0005436189836,0.03141498359,335.060869437349,152.342283465922,0.29177605993241,831.324796353616,810.003352604872,0.0006312405364473,0.0314163498458109,0.0005436204477675,317.714231223494,163.4521716395746,19.072951650594405,118.58854641466596,63.93657687550305,0.9680400297064216,1.3245870905118595,46.29397542126014,92.24770008793324,ICV_113_CASE_25_with_r_theta_phi.csv,0.07498904597120955,0.7228944965014497,0.6909584263383113,0.9992306113654512,-0.03921970563666394,0.0,1.0173697e-05,-1.0173696864512749e-05,0.0,ICV_113_CASE_25_with_r_theta_phi.csv
12.54963213,-2.599617689,-0.04458553782,0.004227403551,3754.402821,0.6722428798,331.4666114,173.1689475,13.46267941,0.0005436142793,0.03141349493,335.060869437349,152.342283465922,0.29177605993241,831.324796353616,810.003352604872,0.0006312405364473,0.0314163498458109,0.0005436204477675,317.714231223494,163.4521716395746,19.072951650594405,118.58854641466596,63.93657687550305,0.9680400297064216,12.816133059447877,348.29687511082545,90.199324420661,ICV_113_CASE_25_with_r_theta_phi.csv,0.7255616471369124,-0.2028407014800404,0.9792117492264302,0.9999939487468394,-0.0034788604029926283,0.004227403551,0.0034386741,0.0007887294046905052,18.65753754020844,ICV_113_CASE_25_with_r_theta_phi.csv
7.954903412,-2.599821377,-0.03047637633,0.004227376543,7835.399616,0.6659876915,338.1442752,389.4729847,31.42382606,0.0005436186615,0.0314148975,335.060869437349,152.342283465922,0.29177605993241,831.324796353616,810.003352604872,0.0006312405364473,0.0314163498458109,0.0005436204477675,317.714231223494,163.4521716395746,19.072951650594405,118.58854641466596,63.93657687550305,0.9680400297064216,8.369019554049903,341.9015737534513,90.2086470926062,ICV_113_CASE_25_with_r_theta_phi.csv,0.4737965488023007,-0.3106503215274749,0.9505242646744356,0.999993369459465,-0.0036415706921430506,0.004227376543,0.0038656427,0.00036173383706774014,8.556934384781885,ICV_113_CASE_25_with_r_theta_phi.csv
1.270726553,0.9568,-0.02935698877,0.0,5695.043325,0.6709361566,338.557508,224.2836415,29.9203263,0.0005436191433,0.03141512855,335.060869437349,152.342283465922,0.29177605993241,831.324796353616,810.003352604872,0.0006312405364473,0.0314163498458109,0.0005436204477675,317.714231223494,163.4521716395746,19.072951650594405,118.58854641466596,63.93657687550305,0.9680400297064216,1.5909349594778863,36.97810435888204,91.05731979542144,ICV_113_CASE_25_with_r_theta_phi.csv,0.09006783749295755,0.6015097798328873,0.7988654359561387,0.9998297350945872,-0.018452664324903754,0.0,1.0173697e-05,-1.0173696864512749e-05,0.0,ICV_113_CASE_25_with_r_theta_phi.csv
15.11443085,0.9568,-0.02611567806,0.0,3444.071715,0.6735044471,329.2963404,103.2496542,8.802713653,0.0005436158362,0.03141349762,335.060869437349,152.342283465922,0.29177605993241,831.324796353616,810.003352604872,0.0006312405364473,0.0314163498458109,0.0005436204477675,317.714231223494,163.4521716395746,19.072951650594405,118.58854641466596,63.93657687550305,0.9680400297064216,15.144707596651454,3.6222037904451554,90.09880143700263,ICV_113_CASE_25_with_r_theta_phi.csv,0.8573895837584823,0.0631772793539658,0.9980023203246728,0.9999985132047867,-0.0017244095267826322,0.0,2.4932991e-05,-2.4932991436799057e-05,0.0,ICV_113_CASE_25_with_r_theta_phi.csv
12.10784382,-2.599876458,-0.0253456336,0.004227429163,3771.944231,0.671764175,333.5476939,142.3629889,15.95746044,0.0005436159422,0.03141393356,335.060869437349,152.342283465922,0.29177605993241,831.324796353616,810.003352604872,0.0006312405364473,0.0314163498458109,0.0005436204477675,317.714231223494,163.4521716395746,19.072951650594405,118.58854641466596,63.93657687550305,0.9680400297064216,12.3838556987522,347.881091776877,90.1172654852844,ICV_113_CASE_25_with_r_theta_phi.csv,0.7010890646198997,-0.20994123046200686,0.9777140071371068,0.9999979055741075,-0.002046667388296219,0.004227429163,0.0030924447,0.0011349844283521301,26.848100448789207,ICV_113_CASE_25_with_r_theta_phi.csv
-0.9727241996,0.9568,-0.01854142378,0.0,5291.458471,0.6684375449,332.8189032,274.2043648,16.16374582,0.0005436190767,0.03141508063,335.060869437349,152.342283465922,0.29177605993241,831.324796353616,810.003352604872,0.0006312405364473,0.0314163498458109,0.0005436204477675,317.714231223494,163.4521716395746,19.072951650594405,118.58854641466596,63.93657687550305,0.9680400297064216,1.364552085075264,135.47284647467643,90.7785543941526,ICV_113_CASE_25_with_r_theta_phi.csv,0.07725159015272966,0.701247208101782,-0.7129181952576719,0.9999076799613872,-0.013587919422641823,0.0,1.0675187e-05,-1.0675186786102131e-05,0.0,ICV_113_CASE_25_with_r_theta_phi.csv
1.086307855,0.9568,-0.01764819531,0.0,4723.454588,0.6705206009,340.3230864,294.5501533,36.50994413,0.0005436191394,0.03141511788,335.060869437349,152.342283465922,0.29177605993241,831.324796353616,810.003352604872,0.0006312405364473,0.0314163498458109,0.0005436204477675,317.714231223494,163.4521716395746,19.072951650594405,118.58854641466596,63.93657687550305,0.9680400297064216,1.447702474485832,41.37300635326415,90.69848064181411,ICV_113_CASE_25_with_r_theta_phi.csv,0.08195899551602935,0.6609583936062955,0.750422548915866,0.999925693276901,-0.012190485007126621,0.0,1.0173697e-05,-1.0173696864512749e-05,0.0,ICV_113_CASE_25_with_r_theta_phi.csv
-0.5653702548,0.9568,-0.01488973827,0.0,4385.925252,0.6703286324,332.0397114,249.0253318,16.30120267,0.0005436189758,0.03141500632,335.060869437349,152.342283465922,0.29177605993241,831.324796353616,810.003352604872,0.0006312405364473,0.0314163498458109,0.0005436204477675,317.714231223494,163.4521716395746,19.072951650594405,118.58854641466596,63.93657687550305,0.9680400297064216,1.1114546636360685,120.57871363211711,90.76759287539323,ICV_113_CASE_25_with_r_theta_phi.csv,0.0629229481876595,0.8609310852418057,-0.5087216001551012,0.9999102612297031,-0.013396622243941994,0.0,1.0173697e-05,-1.0173696864512749e-05,0.0,ICV_113_CASE_25_with_r_theta_phi.csv
14.71222308,0.9568,-0.009416221057,0.0,3681.843671,0.6724475603,332.9822532,143.7263856,17.32017339,0.0005436155925,0.03141344049,335.060869437349,152.342283465922,0.29177605993241,831.324796353616,810.003352604872,0.0006312405364473,0.0314163498458109,0.0005436204477675,317.714231223494,163.4521716395746,19.072951650594405,118.58854641466596,63.93657687550305,0.9680400297064216,14.743305696515408,3.7209543218362455,90.03659354104923,ICV_113_CASE_25_with_r_theta_phi.csv,0.8346649582824776,0.06489726353364442,0.997891950656906,0.9999997960453559,-0.0006386777328523056,0.0,2.4932991e-05,-2.4932991436799057e-05,0.0,ICV_113_CASE_25_with_r_theta_phi.csv
14.54023052,0.9568,-0.007705749127,0.0,3259.913455,0.6717463024,337.9967664,170.5763737,25.13599932,0.0005436141623,0.03141307172,335.060869437349,152.342283465922,0.29177605993241,831.324796353616,810.003352604872,0.0006312405364473,0.0314163498458109,0.0005436204477675,317.714231223494,163.4521716395746,19.072951650594405,118.58854641466596,63.93657687550305,0.9680400297064216,14.571679010783525,3.764842664906439,90.03029897400393,ICV_113_CASE_25_with_r_theta_phi.csv,0.8249486311957768,0.06566162575192598,0.997841946855119,0.9999998601763694,-0.000528816831697557,0.0,2.4932991e-05,-2.4932991436799057e-05,0.0,ICV_113_CASE_25_with_r_theta_phi.csv
0.1345083802,0.9568,0.001119270974,0.0,2549.027281,0.6678017769,335.5503672,218.7779546,21.38752927,0.0005436188205,0.03141488384,335.060869437349,152.342283465922,0.29177605993241,831.324796353616,810.003352604872,0.0006312405364473,0.0314163498458109,0.0005436204477675,317.714231223494,163.4521716395746,19.072951650594405,118.58854641466596,63.93657687550305,0.9680400297064216,0.9662090856080484,81.9977151333128,89.93362770207841,ICV_113_CASE_25_with_r_theta_phi.csv,0.05470013867526332,0.9902625179470815,0.13921259120175145,0.9999993290372673,0.0011584148717619465,0.0,-5.505369e-06,5.505368790181819e-06,0.0,ICV_113_CASE_25_with_r_theta_phi.csv
14.12098288,0.9568,0.01128143264,0.0,1079.517932,0.6722686407,343.33968,1283.835217,71.61629678,0.0005436101605,0.0314120504,335.060869437349,152.342283465922,0.29177605993241,831.324796353616,810.003352604872,0.0006312405364473,0.0314163498458109,0.0005436204477675,317.714231223494,163.4521716395746,19.072951650594405,118.58854641466596,63.93657687550305,0.9680400297064216,14.153365359799608,3.876283814734677,89.95433039922682,ICV_113_CASE_25_with_r_theta_phi.csv,0.8012665782536063,0.06760231786755524,0.9977123466304975,0.9999996823278466,0.0007970848171594391,0.0,1.0015358e-05,-1.0015358384407591e-05,0.0,ICV_113_CASE_25_with_r_theta_phi.csv
17.49751251,0.9568,0.01292467129,0.004227387719,4137.257304,0.6720200675,328.8354542,21.87913354,2.558393307,0.0005436161061,0.03141356141,335.060869437349,152.342283465922,0.29177605993241,831.324796353616,810.003352604872,0.0006312405364473,0.0314163498458109,0.0005436204477675,317.714231223494,163.4521716395746,19.072951650594405,118.58854641466596,63.93657687550305,0.9680400297064216,17.523657646870827,3.129934008057376,89.95774117489776,ICV_113_CASE_25_with_r_theta_phi.csv,0.9920694367911542,0.054600488067336965,0.9985082807382263,0.9999997280058542,0.0007375555691882728,0.004227387719,0.0030915728,0.0011358149351126138,26.868009521317664,ICV_113_CASE_25_with_r_theta_phi.csv
11.81823157,-2.599926471,0.0195536945,0.004227403086,3763.969005,0.6732863828,332.0634514,94.30302325,12.0078933,0.0005436174298,0.031414168,335.060869437349,152.342283465922,0.29177605993241,831.324796353616,810.003352604872,0.0006312405364473,0.0314163498458109,0.0005436204477675,317.714231223494,163.4521716395746,19.072951650594405,118.58854641466596,63.93657687550305,0.9680400297064216,12.100851104105024,347.59297210556593,89.90741604481718,ICV_113_CASE_25_with_r_theta_phi.csv,0.6850672834096814,-0.2148551240727803,0.9766459315738074,0.999998694442197,0.0016158941492442323,0.004227403086,0.003782354,0.0004450490235768899,10.527716766482312,ICV_113_CASE_25_with_r_theta_phi.csv
0.5054821761,0.9568,0.02458327015,0.0,5936.600319,0.6720661019,341.8786904,1269.777192,77.92247651,0.0005436188369,0.03141490367,335.060869437349,152.342283465922,0.29177605993241,831.324796353616,810.003352604872,0.0006312405364473,0.0314163498458109,0.0005436204477675,317.714231223494,163.4521716395746,19.072951650594405,118.58854641466596,63.93657687550305,0.9680400297064216,1.0823967883941912,62.15228453072581,88.69859300953595,ICV_113_CASE_25_with_r_theta_phi.csv,0.061277890374589035,0.8841922654296864,0.4671231505227705,0.9997420518971204,0.022711883861436136,0.0,1.0173697e-05,-1.0173696864512749e-05,0.0,ICV_113_CASE_25_with_r_theta_phi.csv
17.40425966,0.9568,0.02467084452,0.002139013028,4130.804156,0.6720261681,328.8464288,34.7960159,2.898928403,0.0005436158813,0.03141349826,335.060869437349,152.342283465922,0.29177605993241,831.324796353616,810.003352604872,0.0006312405364473,0.0314163498458109,0.0005436204477675,317.714231223494,163.4521716395746,19.072951650594405,118.58854641466596,63.93657687550305,0.9680400297064216,17.43055734058073,3.14667073143346,89.91890473079229,ICV_113_CASE_25_with_r_theta_phi.csv,0.9867987353036258,0.05489216091510095,0.9984922887384111,0.9999989983506657,0.0014153789828943927,0.002139013028,0.0019535425,0.00018547056265592844,8.670847729367825,ICV_113_CASE_25_with_r_theta_phi.csv
12.64067478,0.9568,0.02959912385,0.0,2890.135032,0.6723599136,329.8359943,281.8595155,10.23969355,0.0005436100375,0.03141201577,335.060869437349,152.342283465922,0.29177605993241,831.324796353616,810.003352604872,0.0006312405364473,0.0314163498458109,0.0005436204477675,317.714231223494,163.4521716395746,19.072951650594405,118.58854641466596,63.93657687550305,0.9680400297064216,12.676868747520452,4.3285874054359965,89.86622040122018,ICV_113_CASE_25_with_r_theta_phi.csv,0.717677455931909,0.07547625736061608,0.997147599192233,0.9999972741351437,0.002334892349168978,0.0,6.8410236e-06,-6.841023605375085e-06,0.0,ICV_113_CASE_25_with_r_theta_phi.csv
17.29412252,0.9568,0.0325759762,0.0,4059.455531,0.6714533623,329.1159761,51.51141875,3.473993515,0.0005436156559,0.03141343444,335.060869437349,152.342283465922,0.29177605993241,831.324796353616,810.003352604872,0.0006312405364473,0.0314163498458109,0.0005436204477675,317.714231223494,163.4521716395746,19.072951650594405,118.58854641466596,63.93657687550305,0.9680400297064216,17.320600485289084,3.1666695613736806,89.89224004954485,ICV_113_CASE_25_with_r_theta_phi.csv,0.980573731500268,0.055240676733472896,0.9984730680564339,0.999998231360266,0.0018807648284289986,0.0,0.00024639184,-0.0002463918353896588,0.0,ICV_113_CASE_25_with_r_theta_phi.csv
17.16553654,0.9568,0.0413836887,0.0,3943.529192,0.6706260645,329.4745342,59.68310824,3.554091394,0.0005436155045,0.0314133916,335.060869437349,152.342283465922,0.29177605993241,831.324796353616,810.003352604872,0.0006312405364473,0.0314163498458109,0.0005436204477675,317.714231223494,163.4521716395746,19.072951650594405,118.58854641466596,63.93657687550305,0.9680400297064216,17.19223148854638,3.190342068842199,89.86208230184877,ICV_113_CASE_25_with_r_theta_phi.csv,0.9733063583943617,0.05565320433228305,0.9984501594208642,0.9999971028930356,0.002407115604950889,0.0,0.00010898336,-0.00010898336040554568,0.0,ICV_113_CASE_25_with_r_theta_phi.csv
11.48015052,-2.599647379,0.04281947047,0.004227387253,4231.907129,0.6717501854,332.4532015,62.74375234,9.546560509,0.0005436177511,0.03141430112,335.060869437349,152.342283465922,0.29177605993241,831.324796353616,810.003352604872,0.0006312405364473,0.0314163498458109,0.0005436204477675,317.714231223494,163.4521716395746,19.072951650594405,118.58854641466596,63.93657687550305,0.9680400297064216,11.770890194205757,347.24072070187765,89.79157223375125,ICV_113_CASE_25_with_r_theta_phi.csv,0.6663871573399213,-0.2208553930136287,0.9753065648178503,0.9999933833919511,0.0036377427504237824,0.004227387253,0.003862101,0.0003652863668190034,8.640948767429938,ICV_113_CASE_25_with_r_theta_phi.csv
7.130371993,-2.599617292,0.04460867532,0.004227375612,9064.345598,0.6652900524,340.0925438,495.4819929,38.7818499,0.0005436188616,0.03141505261,335.060869437349,152.342283465922,0.29177605993241,831.324796353616,810.003352604872,0.0006312405364473,0.0314163498458109,0.0005436204477675,317.714231223494,163.4521716395746,19.072951650594405,118.58854641466596,63.93657687550305,0.9680400297064216,7.589611634157443,339.9689695669206,89.6632365837736,ICV_113_CASE_25_with_r_theta_phi.csv,0.42967181230607315,-0.3425290149020145,0.9395072506107952,0.9999827267800893,0.005877596571508242,0.004227375612,0.003477441,0.0007499346978608488,17.739958937044868,ICV_113_CASE_25_with_r_theta_phi.csv
12.22240129,0.9568,0.04586035013,0.0,3081.79889,0.6728024541,328.8161204,115.2750911,4.780629884,0.0005436103298,0.03141208131,335.060869437349,152.342283465922,0.29177605993241,831.324796353616,810.003352604872,0.0006312405364473,0.0314163498458109,0.0005436204477675,317.714231223494,163.4521716395746,19.072951650594405,118.58854641466596,63.93657687550305,0.9680400297064216,12.259880207632852,4.47612769141756,89.78567403654279,ICV_113_CASE_25_with_r_theta_phi.csv,0.6940704217013284,0.07804372293898033,0.9969499372134107,0.9999930036133493,0.003740685011053519,0.0,6.8410236e-06,-6.841023605375085e-06,0.0,ICV_113_CASE_25_with_r_theta_phi.csv
12.39841618,-2.599567173,0.04743959343,0.004227406811,3763.803221,0.6727919787,331.4344854,133.1599901,12.41582494,0.0005436158795,0.03141373471,335.060869437349,152.342283465922,0.29177605993241,831.324796353616,810.003352604872,0.0006312405364473,0.0314163498458109,0.0005436204477675,317.714231223494,163.4521716395746,19.072951650594405,118.58854641466596,63.93657687550305,0.9680400297064216,12.668098664537224,348.1583698024637,89.78543782218122,ICV_113_CASE_25_with_r_theta_phi.csv,0.7171809539195375,-0.20520722719773005,0.9787185468283612,0.9999929881830603,0.0037448077005274054,0.004227406811,0.0034386741,0.0007887326646905052,18.657600268126387,ICV_113_CASE_25_with_r_theta_phi.csv
14.24554639,0.9568,0.04755926535,0.0,1038.062836,0.6732964309,342.1904388,790.0167384,52.99593501,0.0005436102253,0.03141206945,335.060869437349,152.342283465922,0.29177605993241,831.324796353616,810.003352604872,0.0006312405364473,0.0314163498458109,0.0005436204477675,317.714231223494,163.4521716395746,19.072951650594405,118.58854641466596,63.93657687550305,0.9680400297064216,14.277721109244382,3.8424914490162223,89.80914669787683,ICV_113_CASE_25_with_r_theta_phi.csv,0.8083067487933137,0.06701386733071998,0.9977520441399159,0.9999944521629716,0.0033310123503679507,0.0,1.0015358e-05,-1.0015358384407591e-05,0.0,ICV_113_CASE_25_with_r_theta_phi.csv
17.01702141,0.9568,0.05492866838,0.0,3846.165067,0.6697835913,329.8838634,67.87827204,3.721793041,0.0005436153424,0.03141334643,335.060869437349,152.342283465922,0.29177605993241,831.324796353616,810.003352604872,0.0006312405364473,0.0314163498458109,0.0005436204477675,317.714231223494,163.4521716395746,19.072951650594405,118.58854641466596,63.93657687550305,0.9680400297064216,17.043987240872028,3.218127336116652,89.81534917411875,ICV_113_CASE_25_with_r_theta_phi.csv,0.9649137847512624,0.05613739058027338,0.9984230533089857,0.9999948068977648,0.0032227592994367262,0.0,0.00014439491,-0.00014439491496887058,0.0,ICV_113_CASE_25_with_r_theta_phi.csv
15.64760109,0.9568,0.05627670019,0.0,3663.450887,0.6702680906,330.4043107,94.73707648,6.93992734,0.0005436155514,0.03141341274,335.060869437349,152.342283465922,0.29177605993241,831.324796353616,810.003352604872,0.0006312405364473,0.0314163498458109,0.0005436204477675,317.714231223494,163.4521716395746,19.072951650594405,118.58854641466596,63.93657687550305,0.9680400297064216,15.676927415114015,3.4990942706320425,89.79432038908402,ICV_113_CASE_25_with_r_theta_phi.csv,0.8875202235022647,0.0610327610526581,0.998135763350001,0.9999935567236677,0.0035897787047062223,0.0,2.4932991e-05,-2.4932991436799057e-05,0.0,ICV_113_CASE_25_with_r_theta_phi.csv
12.75068483,-2.599312123,0.05980375508,0.004227404483,3604.285012,0.6721070944,331.3275499,102.9223744,10.24792743,0.0005436154246,0.03141357272,335.060869437349,152.342283465922,0.29177605993241,831.324796353616,810.003352604872,0.0006312405364473,0.0314163498458109,0.0005436204477675,317.714231223494,163.4521716395746,19.072951650594405,118.58854641466596,63.93657687550305,0.9680400297064216,13.013068955319056,348.4777540468996,89.73668664644862,ICV_113_CASE_25_with_r_theta_phi.csv,0.7367108083016632,-0.19974838997003913,0.9798472231446989,0.9999894398583503,0.004595668806900011,0.004227404483,0.0043085585,-8.115405183080869e-05,1.9197134349921527,ICV_113_CASE_25_with_r_theta_phi.csv
1.682721585,0.9568,0.06144905456,0.0,3665.53096,0.6717172407,331.5198634,188.8230929,14.81708878,0.0005436189318,0.03141486671,335.060869437349,152.342283465922,0.29177605993241,831.324796353616,810.003352604872,0.0006312405364473,0.0314163498458109,0.0005436204477675,317.714231223494,163.4521716395746,19.072951650594405,118.58854641466596,63.93657687550305,0.9680400297064216,1.936696713202981,29.62267616940653,88.1817687500702,ICV_113_CASE_25_with_r_theta_phi.csv,0.10964249908441069,0.4942859512183637,0.869299372154471,0.9994965150096414,0.03172879581045673,0.0,1.0173697e-05,-1.0173696864512749e-05,0.0,ICV_113_CASE_25_with_r_theta_phi.csv
3.788111531,0.9568,0.06405039084,0.0,2418.330966,0.668218971,330.6200879,132.6036672,4.332881397,0.000543618171,0.03141439156,335.060869437349,152.342283465922,0.29177605993241,831.324796353616,810.003352604872,0.0006312405364473,0.0314163498458109,0.0005436204477675,317.714231223494,163.4521716395746,19.072951650594405,118.58854641466596,63.93657687550305,0.9680400297064216,3.907602546813317,14.17526921057879,89.0608099526849,ICV_113_CASE_25_with_r_theta_phi.csv,0.2212216841906295,0.24488891775519567,0.9695511425194078,0.9998656548543862,0.016391224561012233,0.0,1.1373296e-05,-1.1373295819794293e-05,0.0,ICV_113_CASE_25_with_r_theta_phi.csv
-0.07695212502,0.9568,0.07176870979,0.0,3395.607713,0.6685722806,333.6161827,173.948231,15.99987936,0.0005436189044,0.03141494677,335.060869437349,152.342283465922,0.29177605993241,831.324796353616,810.003352604872,0.0006312405364473,0.0314163498458109,0.0005436204477675,317.714231223494,163.4521716395746,19.072951650594405,118.58854641466596,63.93657687550305,0.9680400297064216,0.9625687597517462,94.59820464941332,85.72408351067247,ICV_113_CASE_25_with_r_theta_phi.csv,0.05449404836610672,0.996781390982461,-0.08016769044365796,0.9972165617313058,0.07455956684955184,0.0,-5.505369e-06,5.505368790181819e-06,0.0,ICV_113_CASE_25_with_r_theta_phi.csv
16.84381363,0.9568,0.07273633989,0.0,3734.642029,0.6693796475,330.1672636,74.61542613,4.204490082,0.0005436152266,0.03141331605,335.060869437349,152.342283465922,0.29177605993241,831.324796353616,810.003352604872,0.0006312405364473,0.0314163498458109,0.0005436204477675,317.714231223494,163.4521716395746,19.072951650594405,118.58854641466596,63.93657687550305,0.9680400297064216,16.87112368567412,3.251149254546533,89.7529804012454,ICV_113_CASE_25_with_r_theta_phi.csv,0.9551274345895125,0.056712813567436446,0.9983905331969375,0.9999907063376349,0.004311291959276192,0.0,7.307099e-05,-7.307098712772131e-05,0.0,ICV_113_CASE_25_with_r_theta_phi.csv
11.30562789,0.9568,0.07375197496,0.0,3048.502142,0.6706812519,329.1929371,81.30485624,2.356911144,0.0005436149148,0.0314131993,335.060869437349,152.342283465922,0.29177605993241,831.324796353616,810.003352604872,0.0006312405364473,0.0314163498458109,0.0005436204477675,317.714231223494,163.4521716395746,19.072951650594405,118.58854641466596,63.93657687550305,0.9680400297064216,11.346282544558653,4.837438600063194,89.62756906179095,ICV_113_CASE_25_with_r_theta_phi.csv,0.6423487813152768,0.08432896060070465,0.9964379691701861,0.9999788741246712,0.006500100334216223,0.0,2.7052367e-05,-2.7052366931457072e-05,0.0,ICV_113_CASE_25_with_r_theta_phi.csv
0.7448709508,0.9568,0.07477826377,0.0,5713.188253,0.6722154164,342.8671045,906.8710936,68.37063154,0.0005436189804,0.03141499411,335.060869437349,152.342283465922,0.29177605993241,831.324796353616,810.003352604872,0.0006312405364473,0.0314163498458109,0.0005436204477675,317.714231223494,163.4521716395746,19.072951650594405,118.58854641466596,63.93657687550305,0.9680400297064216,1.2148624457436126,52.09916207738382,86.47104985008684,ICV_113_CASE_25_with_r_theta_phi.csv,0.06877718833675146,0.7890751011311595,0.6142967400001813,0.9981038246822803,0.06155286471484368,0.0,1.0173697e-05,-1.0173696864512749e-05,0.0,ICV_113_CASE_25_with_r_theta_phi.csv
13.94815547,0.9568,0.07766439842,0.0,741.8038117,0.6713341792,335.8144092,795.9153718,39.04104431,0.0005436102252,0.03141206488,335.060869437349,152.342283465922,0.29177605993241,831.324796353616,810.003352604872,0.0006312405364473,0.0314163498458109,0.0005436204477675,317.714231223494,163.4521716395746,19.072951650594405,118.58854641466596,63.93657687550305,0.9680400297064216,13.981149416770885,3.924164539427864,89.68172394124457,ICV_113_CASE_25_with_r_theta_phi.csv,0.7915168914559148,0.06843605872175576,0.9976555046039852,0.999984571220735,0.005554936586746699,0.0,1.0015358e-05,-1.0015358384407591e-05,0.0,ICV_113_CASE_25_with_r_theta_phi.csv
-2.587988168,-0.2362586338,0.08061699188,0.004227309022,8709.489548,0.6657665786,338.2156772,264.3256152,26.32193874,0.0005436192091,0.03141527096,335.060869437349,152.342283465922,0.29177605993241,831.324796353616,810.003352604872,0.0006312405364473,0.0314163498458109,0.0005436204477675,317.714231223494,163.4521716395746,19.072951650594405,118.58854641466596,63.93657687550305,0.9680400297064216,2.5999999998332344,185.2160999717935,88.22317160138948,ICV_113_CASE_25_with_r_theta_phi.csv,0.14719418670862666,-0.09091241765944519,-0.9958588917689667,0.9995191817900152,0.031006535340450503,0.004227309022,0.0034840375,0.0007432715500648472,17.582616885135323,ICV_113_CASE_25_with_r_theta_phi.csv
14.41697802,0.9568,0.1070845156,0.0,2360.625545,0.6733383639,335.4180671,179.400802,21.71185381,0.0005436124324,0.03141263115,335.060869437349,152.342283465922,0.29177605993241,831.324796353616,810.003352604872,0.0006312405364473,0.0314163498458109,0.0005436204477675,317.714231223494,163.4521716395746,19.072951650594405,118.58854641466596,63.93657687550305,0.9680400297064216,14.44908954095878,3.7969350110990376,89.5753679188793,ICV_113_CASE_25_with_r_theta_phi.csv,0.8180084553069105,0.0662205237659215,0.9978050121302092,0.9999725369760246,0.0074111600801177,0.0,1.0015358e-05,-1.0015358384407591e-05,0.0,ICV_113_CASE_25_with_r_theta_phi.csv
11.99112774,-2.597602036,0.1116407661,0.00422741333,3837.990559,0.6729374501,331.9661062,85.71652822,11.13244981,0.0005436172321,0.03141409126,335.060869437349,152.342283465922,0.29177605993241,831.324796353616,810.003352604872,0.0006312405364473,0.0314163498458109,0.0005436204477675,317.714231223494,163.4521716395746,19.072951650594405,118.58854641466596,63.93657687550305,0.9680400297064216,12.269765461290785,347.77704813426993,89.47866705331177,ICV_113_CASE_25_with_r_theta_phi.csv,0.694630057036975,-0.21171631824772458,0.9773311621899857,0.9999586045996645,0.009098850866563354,0.00422741333,0.0042032255,2.4187844019489015e-05,0.5721665265640667,ICV_113_CASE_25_with_r_theta_phi.csv
13.31468555,0.9568,0.1151494761,0.0,2042.749719,0.6716323173,331.6378499,474.0467931,19.33490241,0.0005436102375,0.03141206558,335.060869437349,152.342283465922,0.29177605993241,831.324796353616,810.003352604872,0.0006312405364473,0.0314163498458109,0.0005436204477675,317.714231223494,163.4521716395746,19.072951650594405,118.58854641466596,63.93657687550305,0.9680400297064216,13.349515981383927,4.110238251238513,89.5057752790924,ICV_113_CASE_25_with_r_theta_phi.csv,0.7557581338306368,0.07167567707446659,0.9974279910429208,0.9999627975984249,0.008625741656894205,0.0,1.0015358e-05,-1.0015358384407591e-05,0.0,ICV_113_CASE_25_with_r_theta_phi.csv
13.77249562,0.9568,0.1256908219,0.0,1005.144097,0.6712554541,333.0402005,642.4270298,27.20963247,0.0005436102581,0.03141207195,335.060869437349,152.342283465922,0.29177605993241,831.324796353616,810.003352604872,0.0006312405364473,0.0314163498458109,0.0005436204477675,317.714231223494,163.4521716395746,19.072951650594405,118.58854641466596,63.93657687550305,0.9680400297064216,13.80626307244756,3.974055519891067,89.47837781570945,ICV_113_CASE_25_with_r_theta_phi.csv,0.7816160248325426,0.06930475304588983,0.9975955348763587,0.9999585586545728,0.009103898805958282,0.0,1.0015358e-05,-1.0015358384407591e-05,0.0,ICV_113_CASE_25_with_r_theta_phi.csv
0.9828167936,0.9568,0.1262013884,0.0,5604.278601,0.6705093639,339.3220018,252.6671592,32.30370247,0.0005436191469,0.03141512764,335.060869437349,152.342283465922,0.29177605993241,831.324796353616,810.003352604872,0.0006312405364473,0.0314163498458109,0.0005436204477675,317.714231223494,163.4521716395746,19.072951650594405,118.58854641466596,63.93657687550305,0.9680400297064216,1.3774330764927465,44.23151671727664,84.74314812207916,ICV_113_CASE_25_with_r_theta_phi.csv,0.07798082363573688,0.697559348727725,0.7165270092624229,0.9957939779740741,0.09162070415888147,0.0,1.0173697e-05,-1.0173696864512749e-05,0.0,ICV_113_CASE_25_with_r_theta_phi.csv
11.2277587,-2.596859355,0.127755597,0.004227373283,4344.199387,0.6710087058,332.3057892,65.16666361,8.878046104,0.0005436178258,0.03141433999,335.060869437349,152.342283465922,0.29177605993241,831.324796353616,810.003352604872,0.0006312405364473,0.0314163498458109,0.0005436204477675,317.714231223494,163.4521716395746,19.072951650594405,118.58854641466596,63.93657687550305,0.9680400297064216,11.524867262907696,346.9771005961787,89.36485112829598,ICV_113_CASE_25_with_r_theta_phi.csv,0.6524590245374547,-0.22534046284448261,0.9742800807801801,0.9999385571497313,0.011085212010308342,0.004227373283,0.004208328,1.90450806331708e-05,0.45051807242226966,ICV_113_CASE_25_with_r_theta_phi.csv
13.55447207,0.9568,0.1303635533,0.0,1612.649752,0.6718317212,332.2682547,622.0357843,24.91378371,0.0005436102635,0.03141207265,335.060869437349,152.342283465922,0.29177605993241,831.324796353616,810.003352604872,0.0006312405364473,0.0314163498458109,0.0005436204477675,317.714231223494,163.4521716395746,19.072951650594405,118.58854641466596,63.93657687550305,0.9680400297064216,13.588825335268648,4.037768397197908,89.45032806013404,ICV_113_CASE_25_with_r_theta_phi.csv,0.7693061898764398,0.07041403568906877,0.9975178512578001,0.999953981914871,0.00959343799656101,0.0,1.0015358e-05,-1.0015358384407591e-05,0.0,ICV_113_CASE_25_with_r_theta_phi.csv
0.3527613169,0.9568,0.1321287766,0.0,3579.266639,0.6695624663,335.8897395,249.4074963,24.91826788,0.0005436189312,0.03141495533,335.060869437349,152.342283465922,0.29177605993241,831.324796353616,810.003352604872,0.0006312405364473,0.0314163498458109,0.0005436204477675,317.714231223494,163.4521716395746,19.072951650594405,118.58854641466596,63.93657687550305,0.9680400297064216,1.0282824516186373,69.76164105183642,82.61738840844242,ICV_113_CASE_25_with_r_theta_phi.csv,0.058214307377871616,0.938261638781086,0.34592643320774275,0.9917102042434034,0.12849463334905123,0.0,-3.2901674e-08,3.290167427394408e-08,0.0,ICV_113_CASE_25_with_r_theta_phi.csv
13.01055248,-2.596556442,0.1337708629,0.004227401223,3567.40593,0.6715026654,331.3827293,79.48440745,8.643248766,0.0005436154736,0.03141352617,335.060869437349,152.342283465922,0.29177605993241,831.324796353616,810.003352604872,0.0006312405364473,0.0314163498458109,0.0005436204477675,317.714231223494,163.4521716395746,19.072951650594405,118.58854641466596,63.93657687550305,0.9680400297064216,13.267798454720618,348.7135876323874,89.4223129215477,ICV_113_CASE_25_with_r_theta_phi.csv,0.7511318473391684,-0.19571358702486155,0.9806610993885002,0.9999491716083863,0.010082370738183634,0.004227401223,0.0043085585,-8.115731183080867e-05,1.919792031332597,ICV_113_CASE_25_with_r_theta_phi.csv
12.20877468,-2.596553245,0.1338329125,0.004227412399,3831.854903,0.6727757979,331.6479935,98.02547941,11.12001929,0.0005436168309,0.03141395721,335.060869437349,152.342283465922,0.29177605993241,831.324796353616,810.003352604872,0.0006312405364473,0.0314163498458109,0.0005436204477675,317.714231223494,163.4521716395746,19.072951650594405,118.58854641466596,63.93657687550305,0.9680400297064216,12.482554994455157,347.9932736016243,89.38568602599224,ICV_113_CASE_25_with_r_theta_phi.csv,0.7066767425278392,-0.2080265217596424,0.9781231856185524,0.9999425220370597,0.010721596064222887,0.004227412399,0.0042032255,2.41869130194897e-05,0.572144629643649,ICV_113_CASE_25_with_r_theta_phi.csv
14.61935196,0.9568,0.1416866121,0.0,3521.463061,0.6710849646,332.9246347,101.7819022,13.361657,0.0005436151701,0.03141333431,335.060869437349,152.342283465922,0.29177605993241,831.324796353616,810.003352604872,0.0006312405364473,0.0314163498458109,0.0005436204477675,317.714231223494,163.4521716395746,19.072951650594405,118.58854641466596,63.93657687550305,0.9680400297064216,14.651313697631492,3.7445250746722536,89.44590829239195,ICV_113_CASE_25_with_r_theta_phi.csv,0.8294570015669823,0.06530777805002837,0.9978651683099116,0.9999532389067541,0.009670573917402484,0.0,2.4932991e-05,-2.4932991436799057e-05,0.0,ICV_113_CASE_25_with_r_theta_phi.csv
2.497442271,0.9568,0.142550428,0.0,2522.681576,0.6698659585,330.1664955,129.8044106,6.106259083,0.0005436187223,0.03141467012,335.060869437349,152.342283465922,0.29177605993241,831.324796353616,810.003352604872,0.0006312405364473,0.0314163498458109,0.0005436204477675,317.714231223494,163.4521716395746,19.072951650594405,118.58854641466596,63.93657687550305,0.9680400297064216,2.6782465834012785,20.962433796936807,86.94897429836635,ICV_113_CASE_25_with_r_theta_phi.csv,0.15162397218238266,0.35775576688471133,0.933815191170465,0.9985825301006825,0.05322528137755143,0.0,2.7052367e-05,-2.7052366931457072e-05,0.0,ICV_113_CASE_25_with_r_theta_phi.csv
1.453473945,0.9568,0.1430453104,0.0,4966.064255,0.6699489106,334.8739698,210.4155328,21.07793483,0.0005436190375,0.03141500963,335.060869437349,152.342283465922,0.29177605993241,831.324796353616,810.003352604872,0.0006312405364473,0.0314163498458109,0.0005436204477675,317.714231223494,163.4521716395746,19.072951650594405,118.58854641466596,63.93657687550305,0.9680400297064216,1.7459996304757042,33.35630774375176,85.3006353231321,ICV_113_CASE_25_with_r_theta_phi.csv,0.09884653677612237,0.5498439470409182,0.8352674026337098,0.9966382953303187,0.0819274574308053,0.0,1.0173697e-05,-1.0173696864512749e-05,0.0,ICV_113_CASE_25_with_r_theta_phi.csv
14.87494564,0.9568,0.1483675279,0.0,3292.269228,0.6702774809000001,331.2612674,84.40423383,8.721743133,0.0005436159628,0.03141353954,335.060869437349,152.342283465922,0.29177605993241,831.324796353616,810.003352604872,0.0006312405364473,0.0314163498458109,0.0005436204477675,317.714231223494,163.4521716395746,19.072951650594405,118.58854641466596,63.93657687550305,0.9680400297064216,14.906424351811877,3.680361910165289,89.4297107522018,ICV_113_CASE_25_with_r_theta_phi.csv,0.8438996189766731,0.06419026956313571,0.9979376780608156,0.9999504650737165,0.009953260714865466,0.0,2.4932991e-05,-2.4932991436799057e-05,0.0,ICV_113_CASE_25_with_r_theta_phi.csv
2.010699424,0.9568,0.1504013126,0.0,2654.07775,0.6709120375,330.0650962,138.6146043,7.992120658,0.0005436188376,0.03141474657,335.060869437349,152.342283465922,0.29177605993241,831.324796353616,810.003352604872,0.0006312405364473,0.0314163498458109,0.0005436204477675,317.714231223494,163.4521716395746,19.072951650594405,118.58854641466596,63.93657687550305,0.9680400297064216,2.231815173464356,25.447642651783497,86.13592722686371,ICV_113_CASE_25_with_r_theta_phi.csv,0.12635008437043432,0.4296861274185618,0.9029783119787759,0.997726731572407,0.06738968100415726,0.0,1.0173697e-05,-1.0173696864512749e-05,0.0,ICV_113_CASE_25_with_r_theta_phi.csv
12.97552258,0.9568,0.1530997212,0.0,2568.372032,0.6729637085,330.0993252,365.8808616,13.84555614,0.0005436100956,0.03141203123,335.060869437349,152.342283465922,0.29177605993241,831.324796353616,810.003352604872,0.0006312405364473,0.0314163498458109,0.0005436204477675,317.714231223494,163.4521716395746,19.072951650594405,118.58854641466596,63.93657687550305,0.9680400297064216,13.01165216214764,4.217291718916783,89.32582194930933,ICV_113_CASE_25_with_r_theta_phi.csv,0.7366305991791193,0.07353918073229297,0.9972923287066953,0.9999307740464277,0.011766355209324423,0.0,2.4932991e-05,-2.4932991436799057e-05,0.0,ICV_113_CASE_25_with_r_theta_phi.csv
-2.209704994,-1.361143213,0.1565023725,0.00422731461,12497.30409,0.6638469414,345.2951133,359.4031655,41.45454017,0.0005436193791,0.0314155105,335.060869437349,152.342283465922,0.29177605993241,831.324796353616,810.003352604872,0.0006312405364473,0.0314163498458109,0.0005436204477675,317.714231223494,163.4521716395746,19.072951650594405,118.58854641466596,63.93657687550305,0.9680400297064216,2.5999999998851218,211.6324102263176,86.54909648497733,ICV_113_CASE_25_with_r_theta_phi.csv,0.14719418671156417,-0.5244676143656034,-0.851430397320681,0.998186744172933,0.060193220194967076,0.00422731461,0.0034806137,0.0007467009126797776,17.663717546282655,ICV_113_CASE_25_with_r_theta_phi.csv
15.3382562,0.9568,0.1585672683,0.0,3562.518305,0.6704375974,330.4536746,92.19367408,7.332503027,0.0005436158002,0.03141348855,335.060869437349,152.342283465922,0.29177605993241,831.324796353616,810.003352604872,0.0006312405364473,0.0314163498458109,0.0005436204477675,317.714231223494,163.4521716395746,19.072951650594405,118.58854641466596,63.93657687550305,0.9680400297064216,15.36888782818765,3.5694840138603467,89.40884489901094,ICV_113_CASE_25_with_r_theta_phi.csv,0.8700811325504971,0.06225895718918603,0.9980600293818579,0.9999467740073504,0.010317419846683593,0.0,2.4932991e-05,-2.4932991436799057e-05,0.0,ICV_113_CASE_25_with_r_theta_phi.csv
11.64729529,-2.594972462,0.1616104009,0.004227398895,4096.00035,0.6714655044,332.3823124,61.4668267,9.172605828,0.0005436176255,0.03141424165,335.060869437349,152.342283465922,0.29177605993241,831.324796353616,810.003352604872,0.0006312405364473,0.0314163498458109,0.0005436204477675,317.714231223494,163.4521716395746,19.072951650594405,118.58854641466596,63.93657687550305,0.9680400297064216,11.93396361535737,347.4398603335147,89.2240736410734,ICV_113_CASE_25_with_r_theta_phi.csv,0.6756192571867462,-0.21746424916662266,0.9760682867168654,0.9999083021584417,0.013542055775335887,0.004227398895,0.004128582,9.881705072977039e-05,2.3375378846616983,ICV_113_CASE_25_with_r_theta_phi.csv
12.56722819,-2.594863513,0.1633503797,0.004227406811,3656.924736,0.6719947299,331.504499,81.8878557,9.465092396,0.0005436162384,0.03141377506,335.060869437349,152.342283465922,0.29177605993241,831.324796353616,810.003352604872,0.0006312405364473,0.0314163498458109,0.0005436204477675,317.714231223494,163.4521716395746,19.072951650594405,118.58854641466596,63.93657687550305,0.9680400297064216,12.833363720286956,348.3335973431638,89.27068691516757,ICV_113_CASE_25_with_r_theta_phi.csv,0.7265371291018443,-0.2022130596842181,0.9793415535415347,0.9999189884602838,0.012728570876689091,0.004227406811,0.0042032255,2.4181325019489476e-05,0.5720132008787961,ICV_113_CASE_25_with_r_theta_phi.csv
6.656496776,0.9568,0.1660954236,0.0,2711.559601,0.6672337055,331.1563699,204.8683961,5.410130914,0.0005436173798,0.03141407386,335.060869437349,152.342283465922,0.29177605993241,831.324796353616,810.003352604872,0.0006312405364473,0.0314163498458109,0.0005436204477675,317.714231223494,163.4521716395746,19.072951650594405,118.58854641466596,63.93657687550305,0.9680400297064216,6.7269609229308935,8.179627651370708,88.58516585738846,ICV_113_CASE_25_with_r_theta_phi.csv,0.380834439282706,0.1422769953469263,0.9898268821339673,0.9996951306714035,0.024691004675501387,0.0,1.1373296e-05,-1.1373295819794293e-05,0.0,ICV_113_CASE_25_with_r_theta_phi.csv
15.9760649,0.9568,0.1674630752,0.0,3658.483999,0.6695347025,330.4980174,86.93909685,5.775979912,0.0005436153724,0.03141336209,335.060869437349,152.342283465922,0.29177605993241,831.324796353616,810.003352604872,0.0006312405364473,0.0314163498458109,0.0005436204477675,317.714231223494,163.4521716395746,19.072951650594405,118.58854641466596,63.93657687550305,0.9680400297064216,16.0055665257612,3.42732706921322,89.40051465930691,ICV_113_CASE_25_with_r_theta_phi.csv,0.9061255183543653,0.05978247463575514,0.998211428368973,0.9999452633879665,0.010462802108908075,0.0,2.8197534e-05,-2.819753353833221e-05,0.0,ICV_113_CASE_25_with_r_theta_phi.csv
1.206518465,0.9568,0.1679175716,0.0,5881.321333,0.6702059464,337.4612992,222.3221212,27.01357958,0.0005436191365,0.03141512624,335.060869437349,152.342283465922,0.29177605993241,831.324796353616,810.003352604872,0.0006312405364473,0.0314163498458109,0.0005436204477675,317.714231223494,163.4521716395746,19.072951650594405,118.58854641466596,63.93657687550305,0.9680400297064216,1.5489833302001663,38.4153162917292,83.7766197802348,ICV_113_CASE_25_with_r_theta_phi.csv,0.08769282366486836,0.6213572547977338,0.7835273842758937,0.9941068107902113,0.10840502174952481,0.0,1.5646157e-05,-1.564615740790032e-05,0.0,ICV_113_CASE_25_with_r_theta_phi.csv
3.066407624,0.9568,0.1706323093,0.0,2410.995331,0.6687378843,330.439165,133.5485109,4.786876637,0.0005436185109,0.03141455795,335.060869437349,152.342283465922,0.29177605993241,831.324796353616,810.003352604872,0.0006312405364473,0.0314163498458109,0.0005436204477675,317.714231223494,163.4521716395746,19.072951650594405,118.58854641466596,63.93657687550305,0.9680400297064216,3.216743281877243,17.329297948852343,86.9593153850413,ICV_113_CASE_25_with_r_theta_phi.csv,0.18210996586797273,0.29786304798074864,0.9546086133319865,0.9985921202548224,0.05304505033439353,0.0,1.1373296e-05,-1.1373295819794293e-05,0.0,ICV_113_CASE_25_with_r_theta_phi.csv
2.512624824,-2.594113486,0.1748577191,0.004227336962,19337.68255,0.661738906,354.0262488,273.6781391,46.01444693,0.0005436197361,0.03141590421,335.060869437349,152.342283465922,0.29177605993241,831.324796353616,810.003352604872,0.0006312405364473,0.0314163498458109,0.0005436204477675,317.714231223494,163.4521716395746,19.072951650594405,118.58854641466596,63.93657687550305,0.9680400297064216,3.615699587404484,314.085803911492,87.22805549139457,ICV_113_CASE_25_with_r_theta_phi.csv,0.20469613853263705,-0.7182987009783777,0.695734846168262,0.9988299374121858,0.04836068784838423,0.004227336962,0.003477441,0.000749896047860848,17.739206844033358,ICV_113_CASE_25_with_r_theta_phi.csv
17.46371668,-1.023382523,0.1748799463,0.00422742404,3418.661079,0.6772994879,326.1411838,6.694331087,0.9464991831,0.0005436127472,0.03141266771,335.060869437349,152.342283465922,0.29177605993241,831.324796353616,810.003352604872,0.0006312405364473,0.0314163498458109,0.0005436204477675,317.714231223494,163.4521716395746,19.072951650594405,118.58854641466596,63.93657687550305,0.9680400297064216,17.494550439017,356.6462741031874,89.42724737284288,ICV_113_CASE_25_with_r_theta_phi.csv,0.9904215861035859,-0.05850014043993,0.9982874002853629,0.9999500362182241,0.009996252656483004,0.00422742404,0.0044444646,-0.0002170405354992959,5.134108464027062,ICV_113_CASE_25_with_r_theta_phi.csv
5.08370128,-2.593890471,0.1781354097,0.004227364436,13169.8477,0.6635812535,346.4576212,462.5945898,48.00695452,0.0005436193812,0.03141549966,335.060869437349,152.342283465922,0.29177605993241,831.324796353616,810.003352604872,0.0006312405364473,0.0314163498458109,0.0005436204477675,317.714231223494,163.4521716395746,19.072951650594405,118.58854641466596,63.93657687550305,0.9680400297064216,5.70999288125714,332.96766128922627,88.21224585062163,ICV_113_CASE_25_with_r_theta_phi.csv,0.3232606762779236,-0.45449332661027875,0.8907501423332598,0.9995132509711183,0.03119713341232416,0.004227364436,0.003477441,0.0007499235218608484,17.73974146390465,ICV_113_CASE_25_with_r_theta_phi.csv
14.08827242,0.9568,0.179283859,0.0,1550.953807,0.6717835454,334.196736,402.7224582,25.38071848,0.0005436101307,0.0314120442,335.060869437349,152.342283465922,0.29177605993241,831.324796353616,810.003352604872,0.0006312405364473,0.0314163498458109,0.0005436204477675,317.714231223494,163.4521716395746,19.072951650594405,118.58854641466596,63.93657687550305,0.9680400297064216,14.121863500339838,3.885256322951648,89.27258294113085,ICV_113_CASE_25_with_r_theta_phi.csv,0.7994831587984956,0.06775855860245804,0.9977017478866704,0.999919409125332,0.012695481654788694,0.0,1.0015358e-05,-1.0015358384407591e-05,0.0,ICV_113_CASE_25_with_r_theta_phi.csv
3.338888185,-2.59358915,0.1824700553,0.004227346741,16881.12625,0.6623116454,351.6946695,309.4177754,45.99088441,0.0005436196804,0.03141581998,335.060869437349,152.342283465922,0.29177605993241,831.324796353616,810.003352604872,0.0006312405364473,0.0314163498458109,0.0005436204477675,317.714231223494,163.4521716395746,19.072951650594405,118.58854641466596,63.93657687550305,0.9680400297064216,4.231805089085685,322.16057273698016,87.52871264731618,ICV_113_CASE_25_with_r_theta_phi.csv,0.23957581093744149,-0.613450642252742,0.7897330621923451,0.9990699551284389,0.043118728641498676,0.004227346741,0.003477441,0.0007499058268608484,17.739397135567366,ICV_113_CASE_25_with_r_theta_phi.csv
13.33530672,-2.592741933,0.1941372396,0.004227397498,3531.852171,0.671292055,331.1386617,72.37320802,7.589053948,0.0005436150556,0.03141338895,335.060869437349,152.342283465922,0.29177605993241,831.324796353616,810.003352604872,0.0006312405364473,0.0314163498458109,0.0005436204477675,317.714231223494,163.4521716395746,19.072951650594405,118.58854641466596,63.93657687550305,0.9680400297064216,13.586405165289795,348.9974294628925,89.18126812097569,ICV_113_CASE_25_with_r_theta_phi.csv,0.7691691764334565,-0.19085303523635272,0.9816186219408592,0.9998979058750108,0.014289080683091746,0.004227397498,0.0043085585,-8.116103683080897e-05,1.91988183864914,ICV_113_CASE_25_with_r_theta_phi.csv
10.92745984,-2.592559406,0.1965597317,0.004227360245,4493.06339,0.6701957922,332.5314482,77.37767924,9.158256635,0.0005436179031,0.03141438499,335.060869437349,152.342283465922,0.29177605993241,831.324796353616,810.003352604872,0.0006312405364473,0.0314163498458109,0.0005436204477675,317.714231223494,163.4521716395746,19.072951650594405,118.58854641466596,63.93657687550305,0.9680400297064216,11.23251434704527,346.6532443542844,88.9973199624668,ICV_113_CASE_25_with_r_theta_phi.csv,0.6359080054278295,-0.2308438133524701,0.9729908189890025,0.999846877717914,0.01749917477307327,0.004227360245,0.004208328,1.9032042633170855e-05,0.4502110424863671,ICV_113_CASE_25_with_r_theta_phi.csv
8.807976341,-2.592538962,0.1968291914,0.004227373749,6790.003703,0.6666015836,336.3200972,285.8102479,24.27953704,0.0005436184544,0.03141474897,335.060869437349,152.342283465922,0.29177605993241,831.324796353616,810.003352604872,0.0006312405364473,0.0314163498458109,0.0005436204477675,317.714231223494,163.4521716395746,19.072951650594405,118.58854641466596,63.93657687550305,0.9680400297064216,9.183705527927764,343.5987395632524,88.77191777540838,ICV_113_CASE_25_with_r_theta_phi.csv,0.519918487015981,-0.28236256050324643,0.9593077631428042,0.9997702989379234,0.02143243713569022,0.004227373749,0.003477441,0.000749932834860848,17.73992268511503,ICV_113_CASE_25_with_r_theta_phi.csv
1.607022412,-2.59228692,0.20012127,0.004227324855,21472.58174,0.661016403,352.1926069,248.2071618,41.82417552,0.0005436197601,0.03141595429,335.060869437349,152.342283465922,0.29177605993241,831.324796353616,810.003352604872,0.0006312405364473,0.0314163498458109,0.0005436204477675,317.714231223494,163.4521716395746,19.072951650594405,118.58854641466596,63.93657687550305,0.9680400297064216,3.0565537834266547,301.7957918412061,86.24599704012712,ICV_113_CASE_25_with_r_theta_phi.csv,0.17304113396596907,-0.8499313936091796,0.526893372664297,0.9978543514248059,0.06547284431411071,0.004227324855,0.0034829595,0.0007443653889449642,17.608426470666398,ICV_113_CASE_25_with_r_theta_phi.csv
-2.408701677,0.9568,0.2066155605,0.004227358382,6633.212232,0.6725875022,328.7958098,94.39971241,4.893992494,0.0005436191674,0.0314151725,335.060869437349,152.342283465922,0.29177605993241,831.324796353616,810.003352604872,0.0006312405364473,0.0314163498458109,0.0005436204477675,317.714231223494,163.4521716395746,19.072951650594405,118.58854641466596,63.93657687550305,0.9680400297064216,2.599999999735258,158.33571544661413,85.44204037736847,ICV_113_CASE_25_with_r_theta_phi.csv,0.1471941867030799,0.3691675087012398,-0.9293628734349786,0.9968374555283164,0.07946752327732279,0.004227358382,0.003581931,0.0006454272659405774,15.267862515184753,ICV_113_CASE_25_with_r_theta_phi.csv
11.78281818,0.9568,0.2069255386,0.0,3125.752909,0.6719188803,328.734767,97.68720573,3.087764549,0.000543613619,0.03141290465,335.060869437349,152.342283465922,0.29177605993241,831.324796353616,810.003352604872,0.0006312405364473,0.0314163498458109,0.0005436204477675,317.714231223494,163.4521716395746,19.072951650594405,118.58854641466596,63.93657687550305,0.9680400297064216,11.823412734124751,4.64240228277049,88.99719601896794,ICV_113_CASE_25_with_r_theta_phi.csv,0.6693606237044382,0.08093657792281612,0.9967192535283664,0.9998468398609723,0.017501337663936453,0.0,2.7052367e-05,-2.7052366931457072e-05,0.0,ICV_113_CASE_25_with_r_theta_phi.csv
-2.320770556,0.9568,0.2077390145,0.00213551335,6533.043457,0.6703949665,329.8319096,117.9529759,4.80911735,0.0005436191655,0.03141516216,335.060869437349,152.342283465922,0.29177605993241,831.324796353616,810.003352604872,0.0006312405364473,0.0314163498458109,0.0005436204477675,317.714231223494,163.4521716395746,19.072951650594405,118.58854641466596,63.93657687550305,0.9680400297064216,2.518848489239077,157.59477920397683,85.26922572178125,ICV_113_CASE_25_with_r_theta_phi.csv,0.1425999441690691,0.38115461947688134,-0.9245113066109217,0.9965932328647231,0.08247380316342721,0.00213551335,0.0017290427,0.00040647061504921894,19.033859697429676,ICV_113_CASE_25_with_r_theta_phi.csv
-2.217248989,0.9568,0.2090778619,0.0,6458.042025,0.6668501861,331.7928316,179.7917396,7.101341321,0.0005436191572,0.03141514659,335.060869437349,152.342283465922,0.29177605993241,831.324796353616,810.003352604872,0.0006312405364473,0.0314163498458109,0.0005436204477675,317.714231223494,163.4521716395746,19.072951650594405,118.58854641466596,63.93657687550305,0.9680400297064216,2.4239168450172124,156.65855921129446,85.05173470492656,ICV_113_CASE_25_with_r_theta_phi.csv,0.13722556487482052,0.3962096912963363,-0.9181600516918942,0.9962729884692998,0.08625620236510839,0.0,0.00019345047,-0.00019345046894159168,0.0,ICV_113_CASE_25_with_r_theta_phi.csv
-2.095979063,0.9568,0.2104258749,0.0,6386.59764,0.6664200147,332.3421459,235.1548725,9.563280518,0.000543619154,0.03141513891,335.060869437349,152.342283465922,0.29177605993241,831.324796353616,810.003352604872,0.0006312405364473,0.0314163498458109,0.0005436204477675,317.714231223494,163.4521716395746,19.072951650594405,118.58854641466596,63.93657687550305,0.9680400297064216,2.313627783668278,155.46362898453526,84.78170225057914,ICV_113_CASE_25_with_r_theta_phi.csv,0.13098175384052996,0.41527079699399594,-0.9096978427829602,0.9958554037763719,0.09095061720185958,0.0,8.1006314e-05,-8.100631384877488e-05,0.0,ICV_113_CASE_25_with_r_theta_phi.csv
-1.954172519,0.9568,0.2140925211,0.0,6359.408244,0.6661749528,332.8378298,269.8561646,11.59334667,0.0005436191529,0.03141513401,335.060869437349,152.342283465922,0.29177605993241,831.324796353616,810.003352604872,0.0006312405364473,0.0314163498458109,0.0005436204477675,317.714231223494,163.4521716395746,19.072951650594405,118.58854641466596,63.93657687550305,0.9680400297064216,2.186342169379203,153.91275168333277,84.3804373794685,ICV_113_CASE_25_with_r_theta_phi.csv,0.12377571442661069,0.4397392949690269,-0.8981254658788733,0.9951940240345567,0.09792269668420191,0.0,8.1006314e-05,-8.100631384877488e-05,0.0,ICV_113_CASE_25_with_r_theta_phi.csv
14.69168205,-2.591110078,0.2148221727,0.004227397032,3418.642196,0.6707941586,330.3720366,60.89210653,4.998943458,0.0005436133623,0.0314128988,335.060869437349,152.342283465922,0.29177605993241,831.324796353616,810.003352604872,0.0006312405364473,0.0314163498458109,0.0005436204477675,317.714231223494,163.4521716395746,19.072951650594405,118.58854641466596,63.93657687550305,0.9680400297064216,14.91997055829833,349.99784358118995,89.17500982250772,ICV_113_CASE_25_with_r_theta_phi.csv,0.8446665123793224,-0.17368524236757288,0.9848012167862698,0.9998963391437807,0.014398297359945259,0.004227397032,0.004390091,-0.0001626941376255209,3.8485653548861,ICV_113_CASE_25_with_r_theta_phi.csv
14.19421882,-2.591076483,0.215226989,0.004227397032,3469.533062,0.6706781374,330.7460321,67.07587475,5.914254662,0.0005436138668,0.03141304058,335.060869437349,152.342283465922,0.29177605993241,831.324796353616,810.003352604872,0.0006312405364473,0.0314163498458109,0.0005436204477675,317.714231223494,163.4521716395746,19.072951650594405,118.58854641466596,63.93657687550305,0.9680400297064216,14.430379340391292,349.6548757679411,89.1454101751774,ICV_113_CASE_25_with_r_theta_phi.csv,0.8169492119392707,-0.1795770344030885,0.9837439141946404,0.9998887673911631,0.014914853166580479,0.004227397032,0.004390091,-0.0001626941376255209,3.8485653548861,ICV_113_CASE_25_with_r_theta_phi.csv
-1.789004528,0.9568,0.2179898843,0.0,6132.789221,0.6681248124,332.0588146,297.4044275,13.11177707,0.0005436191501,0.03141512349,335.060869437349,152.342283465922,0.29177605993241,831.324796353616,810.003352604872,0.0006312405364473,0.0314163498458109,0.0005436204477675,317.714231223494,163.4521716395746,19.072951650594405,118.58854641466596,63.93657687550305,0.9680400297064216,2.0404712766568487,151.86112309609234,83.86721005492711,ICV_113_CASE_25_with_r_theta_phi.csv,0.11551750388041629,0.47161032226723837,-0.8818070672947635,0.9942769671730174,0.10683310605438076,0.0,8.1006314e-05,-8.100631384877488e-05,0.0,ICV_113_CASE_25_with_r_theta_phi.csv
15.10351834,0.9568,0.2193873573,0.0,3441.915123,0.6711743892,330.2275131,85.64739974,7.394386197,0.0005436159497,0.03141353446,335.060869437349,152.342283465922,0.29177605993241,831.324796353616,810.003352604872,0.0006312405364473,0.0314163498458109,0.0005436204477675,317.714231223494,163.4521716395746,19.072951650594405,118.58854641466596,63.93657687550305,0.9680400297064216,15.135384478078496,3.624813909864145,89.16946874521432,ICV_113_CASE_25_with_r_theta_phi.csv,0.856861772660012,0.06322274346147394,0.9979994412369201,0.9998949420078964,0.01449499731029372,0.0,2.4932991e-05,-2.4932991436799057e-05,0.0,ICV_113_CASE_25_with_r_theta_phi.csv
7.735365151,0.9568,0.2201913584,0.0,2943.980306,0.668759527,330.5223487,184.112903,5.802480548,0.000543617369,0.03141408143,335.060869437349,152.342283465922,0.29177605993241,831.324796353616,810.003352604872,0.0006312405364473,0.0314163498458109,0.0005436204477675,317.714231223494,163.4521716395746,19.072951650594405,118.58854641466596,63.93657687550305,0.9680400297064216,7.797424221729845,7.051194269749374,88.38181013104378,ICV_113_CASE_25_with_r_theta_phi.csv,0.4414367372358797,0.12275614312741935,0.9924368641502997,0.9996012002962574,0.028238986636942683,0.0,1.1373296e-05,-1.1373295819794293e-05,0.0,ICV_113_CASE_25_with_r_theta_phi.csv
5.490254558,0.9568,0.2223664751,0.0,2603.878882,0.667392872,331.0957732,201.9669756,5.492288989,0.00054361769,0.03141419917,335.060869437349,152.342283465922,0.29177605993241,831.324796353616,810.003352604872,0.0006312405364473,0.0314163498458109,0.0005436204477675,317.714231223494,163.4521716395746,19.072951650594405,118.58854641466596,63.93657687550305,0.9680400297064216,5.577437422408984,9.885792512762976,87.71507284428066,ICV_113_CASE_25_with_r_theta_phi.csv,0.31575629437015645,0.17168481996755178,0.9851519286854741,0.9992049180402636,0.039868932317658784,0.0,1.1373296e-05,-1.1373295819794293e-05,0.0,ICV_113_CASE_25_with_r_theta_phi.csv
-0.3543270271,0.9568,0.2280702093,0.0,5015.953224,0.6692476267,333.1142603,212.6462227,16.76770561,0.0005436190479,0.03141504898,335.060869437349,152.342283465922,0.29177605993241,831.324796353616,810.003352604872,0.0006312405364473,0.0314163498458109,0.0005436204477675,317.714231223494,163.4521716395746,19.072951650594405,118.58854641466596,63.93657687550305,0.9680400297064216,1.0454807040322027,110.3208543729603,77.3996821751225,ICV_113_CASE_25_with_r_theta_phi.csv,0.05918795459978962,0.9377625957278449,-0.34727699902782855,0.9759155518634184,0.21814865489184096,0.0,-3.2901674e-08,3.290167427394408e-08,0.0,ICV_113_CASE_25_with_r_theta_phi.csv
13.73590661,-2.589782899,0.2302705757,0.004227396101,3491.225054,0.6708915317,330.9583102,69.7256663,6.692543668,0.0005436144597,0.03141321027,335.060869437349,152.342283465922,0.29177605993241,831.324796353616,810.003352604872,0.0006312405364473,0.0314163498458109,0.0005436204477675,317.714231223494,163.4521716395746,19.072951650594405,118.58854641466596,63.93657687550305,0.9680400297064216,13.97981152951025,349.3227310146902,89.05620123849224,ICV_113_CASE_25_with_r_theta_phi.csv,0.7914411494454341,-0.18527676777905447,0.982686378923279,0.9998643331549338,0.016471650938491757,0.004227396101,0.004390091,-0.0001626950686255211,3.8485882254693218,ICV_113_CASE_25_with_r_theta_phi.csv
0.600029802,0.9568,0.2333446366,0.0,4854.767539,0.669000287,338.131372,211.0358341,26.80781375,0.0005436190768,0.03141506357,335.060869437349,152.342283465922,0.29177605993241,831.324796353616,810.003352604872,0.0006312405364473,0.0314163498458109,0.0005436204477675,317.714231223494,163.4521716395746,19.072951650594405,118.58854641466596,63.93657687550305,0.9680400297064216,1.1532353284209365,57.907293341480056,78.32622139757427,ICV_113_CASE_25_with_r_theta_phi.csv,0.06528828317748599,0.8471895577437529,0.5312907426729213,0.9793155136220897,0.20233913308873963,0.0,-3.2901674e-08,3.290167427394408e-08,0.0,ICV_113_CASE_25_with_r_theta_phi.csv
4.179996798,-2.589484891,0.233597942,0.004227356054,14902.10186,0.6630137579,348.9642835,380.4595543,47.14375105,0.0005436195647,0.03141568293,335.060869437349,152.342283465922,0.29177605993241,831.324796353616,810.003352604872,0.0006312405364473,0.0314163498458109,0.0005436204477675,317.714231223494,163.4521716395746,19.072951650594405,118.58854641466596,63.93657687550305,0.9680400297064216,4.9226388482717445,328.22201424164075,87.28007580640843,ICV_113_CASE_25_with_r_theta_phi.csv,0.27868608529927896,-0.5266292099890747,0.8500950977310027,0.998873433638824,0.047453804595479085,0.004227356054,0.003477441,0.000749915139860848,17.739578358294875,ICV_113_CASE_25_with_r_theta_phi.csv
11.81081151,-2.588786942,0.2412097979,0.004227408208,4008.831847,0.6712599847,332.2976492,60.49987829,8.848757005,0.0005436174997,0.03141418599,335.060869437349,152.342283465922,0.29177605993241,831.324796353616,810.003352604872,0.0006312405364473,0.0314163498458109,0.0005436204477675,317.714231223494,163.4521716395746,19.072951650594405,118.58854641466596,63.93657687550305,0.9680400297064216,12.093604447079503,347.6369709902927,88.8571463589521,ICV_113_CASE_25_with_r_theta_phi.csv,0.6846570273376443,-0.21410506957223283,0.9768106362972658,0.9998010739895403,0.019945236257355198,0.004227408208,0.004118402,0.00010900618513160539,2.5785582972454644,ICV_113_CASE_25_with_r_theta_phi.csv
0.130157945,0.9568,0.2424342779,0.0,4566.865449,0.669847376,334.5208437,202.3387995,20.2927903,0.0005436190129,0.03141501995,335.060869437349,152.342283465922,0.29177605993241,831.324796353616,810.003352604872,0.0006312405364473,0.0314163498458109,0.0005436204477675,317.714231223494,163.4521716395746,19.072951650594405,118.58854641466596,63.93657687550305,0.9680400297064216,0.9955810914975824,82.25334069449445,75.90618418885617,ICV_113_CASE_25_with_r_theta_phi.csv,0.05636298041341265,0.9908737583368864,0.13479315650037133,0.9698983040893052,0.2435103277577556,0.0,1.5646157e-05,-1.564615740790032e-05,0.0,ICV_113_CASE_25_with_r_theta_phi.csv
16.07299205,-2.390423643,0.2446254206,0.004227387719,3237.182156,0.6716291705,329.2122443,34.20763023,2.363628889,0.0005436120622,0.03141254209,335.060869437349,152.342283465922,0.29177605993241,831.324796353616,810.003352604872,0.0006312405364473,0.0314163498458109,0.0005436204477675,317.714231223494,163.4521716395746,19.072951650594405,118.58854641466596,63.93657687550305,0.9680400297064216,16.251616542017604,351.54080428379126,89.13752989084475,ICV_113_CASE_25_with_r_theta_phi.csv,0.9200551845216071,-0.1471050271674459,0.9891208778415634,0.9998867065912392,0.015052374634088407,0.004227387719,0.0043713544,-0.00014396663740811905,3.4055697500138224,ICV_113_CASE_25_with_r_theta_phi.csv
14.26715806,0.9568,0.245552449,0.0,2863.599773,0.6729189143,333.863617,183.352616,18.39335744,0.0005436114617,0.03141238449,335.060869437349,152.342283465922,0.29177605993241,831.324796353616,810.003352604872,0.0006312405364473,0.0314163498458109,0.0005436204477675,317.714231223494,163.4521716395746,19.072951650594405,118.58854641466596,63.93657687550305,0.9680400297064216,14.30131327376031,3.8366882996643312,89.01618752931398,ICV_113_CASE_25_with_r_theta_phi.csv,0.8096423755120987,0.06691281060609106,0.9977588264589762,0.9998525860050945,0.017169923090247355,0.0,2.4932991e-05,-2.4932991436799057e-05,0.0,ICV_113_CASE_25_with_r_theta_phi.csv
10.54501559,-2.587397979,0.2556788923,0.004227351863,4739.702633,0.6690377361,332.5260645,103.9614834,10.6507781,0.0005436179954,0.03141444372,335.060869437349,152.342283465922,0.29177605993241,831.324796353616,810.003352604872,0.0006312405364473,0.0314163498458109,0.0005436204477675,317.714231223494,163.4521716395746,19.072951650594405,118.58854641466596,63.93657687550305,0.9680400297064216,10.860817362935633,346.213868567255,88.65105227435828,ICV_113_CASE_25_with_r_theta_phi.csv,0.6148650687810693,-0.23829838544192417,0.9711919889989683,0.9997228627398452,0.023541404275201707,0.004227351863,0.0042635715,-3.621960052529495e-05,0.8567917147787001,ICV_113_CASE_25_with_r_theta_phi.csv
13.89287147,0.9568,0.262924595,0.0,1651.163485,0.6709303407,332.6921845,396.5848687,20.22925311,0.0005436101432,0.03141204607,335.060869437349,152.342283465922,0.29177605993241,831.324796353616,810.003352604872,0.0006312405364473,0.0314163498458109,0.0005436204477675,317.714231223494,163.4521716395746,19.072951650594405,118.58854641466596,63.93657687550305,0.9680400297064216,13.928261674185904,3.939730917048905,88.91836003611053,ICV_113_CASE_25_with_r_theta_phi.csv,0.7885227498185491,0.06870710377164119,0.9976368747652188,0.9998218124767052,0.018877057392401732,0.0,1.0015358e-05,-1.0015358384407591e-05,0.0,ICV_113_CASE_25_with_r_theta_phi.csv
12.39769568,-2.586328536,0.2662793681,0.004227408674,3752.321914,0.6715833023,331.8198032,67.34094998,8.818529619,0.0005436167997,0.03141393042,335.060869437349,152.342283465922,0.29177605993241,831.324796353616,810.003352604872,0.0006312405364473,0.0314163498458109,0.0005436204477675,317.714231223494,163.4521716395746,19.072951650594405,118.58854641466596,63.93657687550305,0.9680400297064216,12.66739350347554,348.21631911163337,88.79550534394991,ICV_113_CASE_25_with_r_theta_phi.csv,0.7171410325314682,-0.20421724035925617,0.9789255940775324,0.9997790375380697,0.021020849161032838,0.004227408674,0.0041930457,3.436300942132389e-05,0.8128622535251784,ICV_113_CASE_25_with_r_theta_phi.csv
11.42647162,-2.585194012,0.2770774589,0.004227390978,4097.627632,0.6711655749,331.8991895,59.68398283,8.108409463,0.0005436176934,0.03141427346,335.060869437349,152.342283465922,0.29177605993241,831.324796353616,810.003352604872,0.0006312405364473,0.0314163498458109,0.0005436204477675,317.714231223494,163.4521716395746,19.072951650594405,118.58854641466596,63.93657687550305,0.9680400297064216,11.71854315521245,347.2516816710548,88.64515167474718,ICV_113_CASE_25_with_r_theta_phi.csv,0.6634236266354141,-0.22066880794967728,0.9753487977119101,0.9997204330294207,0.02364436050028585,0.004227390978,0.0041981484,2.924259703500527e-05,0.6917410095321412,ICV_113_CASE_25_with_r_theta_phi.csv
14.48774152,0.9568,0.2774785021,0.0,3148.991074,0.6733876335,331.3827868,87.5546113,11.52693966,0.0005436143573,0.03141312619,335.060869437349,152.342283465922,0.29177605993241,831.324796353616,810.003352604872,0.0006312405364473,0.0314163498458109,0.0005436204477675,317.714231223494,163.4521716395746,19.072951650594405,118.58854641466596,63.93657687550305,0.9680400297064216,14.52195286142534,3.778443226401066,88.90515312961452,ICV_113_CASE_25_with_r_theta_phi.csv,0.8221334773060078,0.06589848621104014,0.997826332342003,0.9998174346781484,0.019107519818293055,0.0,2.4932991e-05,-2.4932991436799057e-05,0.0,ICV_113_CASE_25_with_r_theta_phi.csv
9.501504215,-2.584565335,0.282881656,0.004227366298,5902.840566,0.6672582779,334.6930755,208.296418,18.48252196,0.0005436182772,0.03141462743,335.060869437349,152.342283465922,0.29177605993241,831.324796353616,810.003352604872,0.0006312405364473,0.0314163498458109,0.0005436204477675,317.714231223494,163.4521716395746,19.072951650594405,118.58854641466596,63.93657687550305,0.9680400297064216,9.850816329109367,344.7827963280325,88.35443552118795,ICV_113_CASE_25_with_r_theta_phi.csv,0.5576857300278136,-0.26247892336421597,0.9649377258608776,0.9995875942664321,0.028716569931780647,0.004227366298,0.0034672606,0.0007601056709239705,17.98059636099612,ICV_113_CASE_25_with_r_theta_phi.csv
12.79952932,-2.583917945,0.2887352619,0.00422739936,3647.549243,0.6712797969,331.6426873,67.42121517,8.2741756,0.0005436161475,0.03141371509,335.060869437349,152.342283465922,0.29177605993241,831.324796353616,810.003352604872,0.0006312405364473,0.0314163498458109,0.0005436204477675,317.714231223494,163.4521716395746,19.072951650594405,118.58854641466596,63.93657687550305,0.9680400297064216,13.060932233630842,348.58675143414,88.73327114906465,ICV_113_CASE_25_with_r_theta_phi.csv,0.7394204991958032,-0.1978840042704734,0.9802254438923136,0.9997556150969065,0.02210678814767403,0.00422739936,0.0042983787,-7.097935342897412e-05,1.679031181293073,ICV_113_CASE_25_with_r_theta_phi.csv
16.38560162,0.9568,0.2887486288,0.0,3660.794416,0.6698434658,330.056488,88.41887849,4.930203972,0.0005436152396,0.03141332531,335.060869437349,152.342283465922,0.29177605993241,831.324796353616,810.003352604872,0.0006312405364473,0.0314163498458109,0.0005436204477675,317.714231223494,163.4521716395746,19.072951650594405,118.58854641466596,63.93657687550305,0.9680400297064216,16.416052584588673,3.341862130054324,88.992149245885,ICV_113_CASE_25_with_r_theta_phi.csv,0.9293644266575248,0.058293432009666905,0.9982994920285867,0.9998452944153321,0.017589406912053164,0.0,0.00017272825,-0.00017272825061809272,0.0,ICV_113_CASE_25_with_r_theta_phi.csv
10.07954796,-2.583643408,0.2911816248,0.004227356054,5219.092723,0.6680644752,333.2628388,147.69342,13.82631225,0.0005436181203,0.03141452438,335.060869437349,152.342283465922,0.29177605993241,831.324796353616,810.003352604872,0.0006312405364473,0.0314163498458109,0.0005436204477675,317.714231223494,163.4521716395746,19.072951650594405,118.58854641466596,63.93657687550305,0.9680400297064216,10.409480634319042,345.62317150851544,88.3970713567569,ICV_113_CASE_25_with_r_theta_phi.csv,0.589313475433103,-0.24829815329228117,0.9686836568620547,0.999608686534833,0.02797273322551787,0.004227356054,0.00420169,2.566585328374251e-05,0.6071372496145824,ICV_113_CASE_25_with_r_theta_phi.csv
17.6429268,0.3198091901,0.2985436585,0.004227403086,4094.076142,0.6714302574,329.1952949,18.16651372,2.568095869,0.0005436160469,0.03141354508,335.060869437349,152.342283465922,0.29177605993241,831.324796353616,810.003352604872,0.0006312405364473,0.0314163498458109,0.0005436204477675,317.714231223494,163.4521716395746,19.072951650594405,118.58854641466596,63.93657687550305,0.9680400297064216,17.648350413119672,1.0384734070613604,89.03072484721139,ICV_113_CASE_25_with_r_theta_phi.csv,0.9991286869133177,0.018123787809085263,0.9998357506688043,0.9998569102444691,0.0169162358810633,0.004227403086,0.0042678113,-4.040822354623233e-05,0.9558639835054916,ICV_113_CASE_25_with_r_theta_phi.csv
0.8551242186,0.9568,0.3036261499,0.0,6073.289284,0.6705381373,337.958124,242.1712998,29.2372151,0.0005436191548,0.03141514097,335.060869437349,152.342283465922,0.29177605993241,831.324796353616,810.003352604872,0.0006312405364473,0.0314163498458109,0.0005436204477675,317.714231223494,163.4521716395746,19.072951650594405,118.58854641466596,63.93657687550305,0.9680400297064216,1.3186707353010296,48.21177339421416,76.68811045287066,ICV_113_CASE_25_with_r_theta_phi.csv,0.07465410247367366,0.7456129460302872,0.666379272420771,0.9731311138021773,0.23025167827864748,0.0,1.5646157e-05,-1.564615740790032e-05,0.0,ICV_113_CASE_25_with_r_theta_phi.csv
1.099809425,0.9568,0.3091467405,0.0,6119.597714,0.6694381933,337.290897,228.7485891,26.19436625,0.0005436191413,0.0314151349,335.060869437349,152.342283465922,0.29177605993241,831.324796353616,810.003352604872,0.0006312405364473,0.0314163498458109,0.0005436204477675,317.714231223494,163.4521716395746,19.072951650594405,118.58854641466596,63.93657687550305,0.9680400297064216,1.490174056437907,41.0222549086036,78.02664430547298,ICV_113_CASE_25_with_r_theta_phi.csv,0.08436344550220837,0.6563521248672095,0.7544546959110925,0.9782441803181514,0.2074567995358748,0.0,-3.2901674e-08,3.290167427394408e-08,0.0,ICV_113_CASE_25_with_r_theta_phi.csv
-0.1203272381,0.9568,0.3094595933,0.0,5495.428809,0.6684575706,334.6930585,220.3311864,19.86280013,0.0005436190761,0.03141506742,335.060869437349,152.342283465922,0.29177605993241,831.324796353616,810.003352604872,0.0006312405364473,0.0314163498458109,0.0005436204477675,317.714231223494,163.4521716395746,19.072951650594405,118.58854641466596,63.93657687550305,0.9680400297064216,1.012773481146784,97.1678913357946,72.2083482526449,ICV_113_CASE_25_with_r_theta_phi.csv,0.0573362957257797,0.9921847825071718,-0.12477723094056936,0.9521739238153915,0.30555657218590665,0.0,-3.2901674e-08,3.290167427394408e-08,0.0,ICV_113_CASE_25_with_r_theta_phi.csv
8.716449086,0.9568,0.318829963,0.0,3025.473678,0.6685859371,330.5921259,202.2541677,5.973503187,0.0005436171198,0.03141398482,335.060869437349,152.342283465922,0.29177605993241,831.324796353616,810.003352604872,0.0006312405364473,0.0314163498458109,0.0005436204477675,317.714231223494,163.4521716395746,19.072951650594405,118.58854641466596,63.93657687550305,0.9680400297064216,8.774599902795387,6.264247700695989,87.91766763622866,ICV_113_CASE_25_with_r_theta_phi.csv,0.4967577294109245,0.10911406276528983,0.9940292356399043,0.999339645664187,0.03633555564150854,0.0,1.1373296e-05,-1.1373295819794293e-05,0.0,ICV_113_CASE_25_with_r_theta_phi.csv
1.703030594,0.9568,0.3215688192,0.0,3147.273963,0.6717823944,330.4888983,187.1911114,11.86013894,0.0005436188902,0.03141481609,335.060869437349,152.342283465922,0.29177605993241,831.324796353616,810.003352604872,0.0006312405364473,0.0314163498458109,0.0005436204477675,317.714231223494,163.4521716395746,19.072951650594405,118.58854641466596,63.93657687550305,0.9680400297064216,1.979693397872932,29.32823406641478,80.65181786056849,ICV_113_CASE_25_with_r_theta_phi.csv,0.1120766767888594,0.48981212835946025,0.8718280099377259,0.9867194688547399,0.16243364732412996,0.0,1.5646157e-05,-1.564615740790032e-05,0.0,ICV_113_CASE_25_with_r_theta_phi.csv
13.68925336,0.9568,0.3247185778,0.0,1860.553943,0.6724091975,331.0444178,373.7632687,16.82341909,0.0005436101086,0.03141203676,335.060869437349,152.342283465922,0.29177605993241,831.324796353616,810.003352604872,0.0006312405364473,0.0314163498458109,0.0005436204477675,317.714231223494,163.4521716395746,19.072951650594405,118.58854641466596,63.93657687550305,0.9680400297064216,13.726491392524157,3.9981430095170936,88.64446498095845,ICV_113_CASE_25_with_r_theta_phi.csv,0.7770998988519812,0.06972414205997633,0.9975663105849156,0.9997201495783617,0.023656342215524984,0.0,1.0015358e-05,-1.0015358384407591e-05,0.0,ICV_113_CASE_25_with_r_theta_phi.csv
12.02630847,-2.579559861,0.3253781227,0.004227408674,3892.154302,0.6712154923,332.065256,59.76917927,8.43653629,0.0005436172972,0.03141410457,335.060869437349,152.342283465922,0.29177605993241,831.324796353616,810.003352604872,0.0006312405364473,0.0314163498458109,0.0005436204477675,317.714231223494,163.4521716395746,19.072951650594405,118.58854641466596,63.93657687550305,0.9680400297064216,12.304149520174398,347.89388421977054,88.48466026054678,ICV_113_CASE_25_with_r_theta_phi.csv,0.6965766468767595,-0.20972293078236146,0.9777608563979522,0.9996502808213819,0.026444584582338834,0.004227408674,0.0041930457,3.436300942132389e-05,0.8128622535251784,ICV_113_CASE_25_with_r_theta_phi.csv
-2.2797946200000003e-15,-2.579420689,0.3264795654,0.004227313679,22737.71536,0.6608141008,355.0095921,271.4927798,46.6132288,0.0005436197217,0.03141594143,335.060869437349,152.342283465922,0.29177605993241,831.324796353616,810.003352604872,0.0006312405364473,0.0314163498458109,0.0005436204477675,317.714231223494,163.4521716395746,19.072951650594405,118.58854641466596,63.93657687550305,0.9680400297064216,2.599999999512501,269.99999999999994,82.78638033389586,ICV_113_CASE_25_with_r_theta_phi.csv,0.14719418669046894,-1.0,-1.0718754395722282e-15,0.9920848805706307,0.12556906363892886,0.004227313679,0.0034782516,0.0007490620485596459,17.719575722605136,ICV_113_CASE_25_with_r_theta_phi.csv
13.45524424,0.9568,0.3510660241,0.0,2229.590858,0.6723275272,330.7881365,318.8431129,14.64691916,0.0005436101116,0.03141203691,335.060869437349,152.342283465922,0.29177605993241,831.324796353616,810.003352604872,0.0006312405364473,0.0314163498458109,0.0005436204477675,317.714231223494,163.4521716395746,19.072951650594405,118.58854641466596,63.93657687550305,0.9680400297064216,13.49378787262237,4.06744598065734,88.50917536436987,ICV_113_CASE_25_with_r_theta_phi.csv,0.7639258198679907,0.07093071208309756,0.9974812449782626,0.9996615041423074,0.02601686253066774,0.0,1.0015358e-05,-1.0015358384407591e-05,0.0,ICV_113_CASE_25_with_r_theta_phi.csv
13.21986145,0.9568,0.3555262493,0.0,2541.3539,0.6724472486,330.3466687,310.6722492,12.99429306,0.0005436100661,0.03141202594,335.060869437349,152.342283465922,0.29177605993241,831.324796353616,810.003352604872,0.0006312405364473,0.0314163498458109,0.0005436204477675,317.714231223494,163.4521716395746,19.072951650594405,118.58854641466596,63.93657687550305,0.9680400297064216,13.259208193219436,4.139618249968351,88.4635134322437,ICV_113_CASE_25_with_r_theta_phi.csv,0.7506455255871062,0.07218712647201543,0.9973911062224855,0.9996404525203881,0.02681353547806906,0.0,2.4932991e-05,-2.4932991436799057e-05,0.0,ICV_113_CASE_25_with_r_theta_phi.csv
-1.242607626,0.9568,0.3615572572,0.0,6049.245357,0.6683063702,332.5020476,274.509278,14.76947318,0.0005436191562,0.03141512365,335.060869437349,152.342283465922,0.29177605993241,831.324796353616,810.003352604872,0.0006312405364473,0.0314163498458109,0.0005436204477675,317.714231223494,163.4521716395746,19.072951650594405,118.58854641466596,63.93657687550305,0.9680400297064216,1.6094295891486967,142.40395672303566,77.01774242291151,ICV_113_CASE_25_with_r_theta_phi.csv,0.09111487671336015,0.6100904486313855,-0.792331776775837,0.9744396772423193,0.22464931652663608,0.0,1.6147647e-05,-1.61476473294897e-05,0.0,ICV_113_CASE_25_with_r_theta_phi.csv
14.69420357,0.9568,0.3630890952,0.0,3334.039262,0.6717238895,330.7277055,77.87754544,8.692126328,0.0005436158831,0.03141352469,335.060869437349,152.342283465922,0.29177605993241,831.324796353616,810.003352604872,0.0006312405364473,0.0314163498458109,0.0005436204477675,317.714231223494,163.4521716395746,19.072951650594405,118.58854641466596,63.93657687550305,0.9680400297064216,14.729796960163908,3.725504487591479,88.58751752339657,ICV_113_CASE_25_with_r_theta_phi.csv,0.8339001861821513,0.06497651129132748,0.9978867936697068,0.9996961432547095,0.024649972853119196,0.0,2.4932991e-05,-2.4932991436799057e-05,0.0,ICV_113_CASE_25_with_r_theta_phi.csv
11.61703924,-2.574348049,0.364324199,0.004227403551,3983.480017,0.6711163588,331.8062416,57.43349744,7.81946328,0.0005436175725,0.03141421652,335.060869437349,152.342283465922,0.29177605993241,831.324796353616,810.003352604872,0.0006312405364473,0.0314163498458109,0.0005436204477675,317.714231223494,163.4521716395746,19.072951650594405,118.58854641466596,63.93657687550305,0.9680400297064216,11.904436177453634,347.50511265533777,88.2462421117225,ICV_113_CASE_25_with_r_theta_phi.csv,0.6739476159528582,-0.2163524955779122,0.9763153167175088,0.9995315857414073,0.030604070076834192,0.004227403551,0.0041981484,2.9255170035005773e-05,0.692036368781614,ICV_113_CASE_25_with_r_theta_phi.csv
12.22238699,-2.574279562,0.3648078099,0.004227404483,3839.982566,0.6709574671,332.0964446,59.33649919,8.259179197,0.0005436170911,0.03141402633,335.060869437349,152.342283465922,0.29177605993241,831.324796353616,810.003352604872,0.0006312405364473,0.0314163498458109,0.0005436204477675,317.714231223494,163.4521716395746,19.072951650594405,118.58854641466596,63.93657687550305,0.9680400297064216,12.495869066808288,348.1062002958528,88.3270536839546,ICV_113_CASE_25_with_r_theta_phi.csv,0.7074304940862718,-0.20609829427480192,0.9785312938772154,0.9995737563772169,0.029194272759228094,0.004227404483,0.0041930457,3.4358818421323725e-05,0.8127639205419295,ICV_113_CASE_25_with_r_theta_phi.csv
12.5932871,-2.572525694,0.3769768579,0.00422739936,3735.043548,0.6709339051,331.9359055,61.61308507,8.125564526,0.0005436165755,0.03141384778,335.060869437349,152.342283465922,0.29177605993241,831.324796353616,810.003352604872,0.0006312405364473,0.0314163498458109,0.0005436204477675,317.714231223494,163.4521716395746,19.072951650594405,118.58854641466596,63.93657687550305,0.9680400297064216,12.858883310019916,348.4546039697885,88.32005023086572,ICV_113_CASE_25_with_r_theta_phi.csv,0.727981873431122,-0.2001442760921542,0.9797664358139381,0.999570180397168,0.02931645375506692,0.00422739936,0.0041930457,3.435369542132381e-05,0.8126437198778724,ICV_113_CASE_25_with_r_theta_phi.csv
0.4159958841,0.9568,0.3887533256,0.0,5822.036991,0.6688234775,336.7839835,245.0618729,25.602192,0.0005436191359,0.03141511999,335.060869437349,152.342283465922,0.29177605993241,831.324796353616,810.003352604872,0.0006312405364473,0.0314163498458109,0.0005436204477675,317.714231223494,163.4521716395746,19.072951650594405,118.58854641466596,63.93657687550305,0.9680400297064216,1.1133947924043834,66.50164161101156,69.56403246518778,ICV_113_CASE_25_with_r_theta_phi.csv,0.06303278498619044,0.9170714987745131,0.398722793599097,0.9370629880605726,0.3491603591574953,0.0,-3.2901674e-08,3.290167427394408e-08,0.0,ICV_113_CASE_25_with_r_theta_phi.csv
-0.7068703912,0.9568,0.3942037773,0.0,6357.531467,0.6688611991,333.5503821,288.2778756,19.2749305,0.0005436191452,0.03141512455,335.060869437349,152.342283465922,0.29177605993241,831.324796353616,810.003352604872,0.0006312405364473,0.0314163498458109,0.0005436204477675,317.714231223494,163.4521716395746,19.072951650594405,118.58854641466596,63.93657687550305,0.9680400297064216,1.2532073284149072,126.45646782260457,71.66599315087842,ICV_113_CASE_25_with_r_theta_phi.csv,0.07094801288275183,0.8043085629078636,-0.5942118608990292,0.9492389460124306,0.3145559145417706,0.0,1.3107634e-05,-1.3107634003972635e-05,0.0,ICV_113_CASE_25_with_r_theta_phi.csv
12.56678504,0.9568,0.4088554519,0.0,3131.201179,0.6721388972,329.4434539,157.1196823,6.778459992,0.0005436113345,0.0314123517,335.060869437349,152.342283465922,0.29177605993241,831.324796353616,810.003352604872,0.0006312405364473,0.0314163498458109,0.0005436204477675,317.714231223494,163.4521716395746,19.072951650594405,118.58854641466596,63.93657687550305,0.9680400297064216,12.609786487570522,4.3539408991865685,88.14193536595758,ICV_113_CASE_25_with_r_theta_phi.csv,0.7138797179717015,0.07591748970672225,0.9971141031780815,0.9994742148541266,0.03242366175692265,0.0,6.8410236e-06,-6.841023605375085e-06,0.0,ICV_113_CASE_25_with_r_theta_phi.csv
1.370475563,0.9568,0.4089421642,0.0,4652.909999,0.6710355579,333.1821994,220.4485667,18.68121978,0.0005436190163,0.03141498746,335.060869437349,152.342283465922,0.29177605993241,831.324796353616,810.003352604872,0.0006312405364473,0.0314163498458109,0.0005436204477675,317.714231223494,163.4521716395746,19.072951650594405,118.58854641466596,63.93657687550305,0.9680400297064216,1.7207275212655682,34.92088916351645,76.25173085433573,ICV_113_CASE_25_with_r_theta_phi.csv,0.09741580309849308,0.5724448502238321,0.8199432257493287,0.9713492496486028,0.23765654884117196,0.0,1.5646157e-05,-1.564615740790032e-05,0.0,ICV_113_CASE_25_with_r_theta_phi.csv
13.07624098,-2.565844206,0.4200517965,0.004227397032,3620.312765,0.6708861456,331.5619114,64.94066282,7.591520321,0.0005436157186,0.03141357766,335.060869437349,152.342283465922,0.29177605993241,831.324796353616,810.003352604872,0.0006312405364473,0.0314163498458109,0.0005436204477675,317.714231223494,163.4521716395746,19.072951650594405,118.58854641466596,63.93657687550305,0.9680400297064216,13.332219551456465,348.898364110223,88.19451078175933,ICV_113_CASE_25_with_r_theta_phi.csv,0.7547789284705219,-0.19254998398469103,0.9812871667700007,0.9995035464730814,0.03150651659153848,0.004227397032,0.0042983787,-7.098168142897435e-05,1.679087175273001,ICV_113_CASE_25_with_r_theta_phi.csv
11.14140853,-2.564816552,0.426281662,0.004227374215,4217.259451,0.6706126959,331.9100374,66.10632755,7.951375571,0.0005436177645,0.0314143127,335.060869437349,152.342283465922,0.29177605993241,831.324796353616,810.003352604872,0.0006312405364473,0.0314163498458109,0.0005436204477675,317.714231223494,163.4521716395746,19.072951650594405,118.58854641466596,63.93657687550305,0.9680400297064216,11.440759766428425,347.0360384707536,87.8646702237595,ICV_113_CASE_25_with_r_theta_phi.csv,0.6476974343293166,-0.22433814088596615,0.9745113639890652,0.999305608519742,0.03725990849409094,0.004227374215,0.0041981484,2.92258340350059e-05,0.6913472179583804,ICV_113_CASE_25_with_r_theta_phi.csv
15.2277828,0.9568,0.4295992646,0.0,3590.548099,0.6692316112,331.0720964,83.20357127,6.903825221,0.000543615935,0.03141353272,335.060869437349,152.342283465922,0.29177605993241,831.324796353616,810.003352604872,0.0006312405364473,0.0314163498458109,0.0005436204477675,317.714231223494,163.4521716395746,19.072951650594405,118.58854641466596,63.93657687550305,0.9680400297064216,15.26385897380216,3.595311964190728,88.38720499384135,ICV_113_CASE_25_with_r_theta_phi.csv,0.8641351183954191,0.06270885911525308,0.9980318627120396,0.9996038547949961,0.028144865943620617,0.0,9.25392e-06,-9.253920325136278e-06,0.0,ICV_113_CASE_25_with_r_theta_phi.csv
14.95049185,0.9568,0.4331687722,0.0,3515.033681,0.6702372717,330.8236029,78.5309809,7.312892013,0.0005436160302,0.03141356222,335.060869437349,152.342283465922,0.29177605993241,831.324796353616,810.003352604872,0.0006312405364473,0.0314163498458109,0.0005436204477675,317.714231223494,163.4521716395746,19.072951650594405,118.58854641466596,63.93657687550305,0.9680400297064216,14.987338255411656,3.661815430818251,88.34378868987397,ICV_113_CASE_25_with_r_theta_phi.csv,0.8484804098361168,0.06386723664428648,0.9979584039845663,0.999582240830664,0.028902315062088704,0.0,2.4932991e-05,-2.4932991436799057e-05,0.0,ICV_113_CASE_25_with_r_theta_phi.csv
14.08907925,0.9568,0.4404663754,0.0,2720.08899,0.6720380391,331.6383743,150.1281052,12.24270977,0.0005436116862,0.03141244267,335.060869437349,152.342283465922,0.29177605993241,831.324796353616,810.003352604872,0.0006312405364473,0.0314163498458109,0.0005436204477675,317.714231223494,163.4521716395746,19.072951650594405,118.58854641466596,63.93657687550305,0.9680400297064216,14.128398033062297,3.8850345099164656,88.21345957414337,ICV_113_CASE_25_with_r_theta_phi.csv,0.7998530992714437,0.06775469613154171,0.997702010197495,0.9995139116104493,0.031175960244697067,0.0,2.4932991e-05,-2.4932991436799057e-05,0.0,ICV_113_CASE_25_with_r_theta_phi.csv
14.42075821,0.9568,0.453645026,0.0,3210.573134,0.6735218159,330.344453,77.57686508,9.286863428,0.0005436146735,0.03141321167,335.060869437349,152.342283465922,0.29177605993241,831.324796353616,810.003352604872,0.0006312405364473,0.0314163498458109,0.0005436204477675,317.714231223494,163.4521716395746,19.072951650594405,118.58854641466596,63.93657687550305,0.9680400297064216,14.459582545872372,3.795942610636814,88.20214649301789,ICV_113_CASE_25_with_r_theta_phi.csv,0.8186024973547892,0.06620324111905386,0.9978061589634193,0.9995077364172316,0.031373314171473106,0.0,2.4932991e-05,-2.4932991436799057e-05,0.0,ICV_113_CASE_25_with_r_theta_phi.csv
15.57696091,0.9568,0.462851171,0.0,3700.137869,0.6685651444,331.2106722,88.5887594,6.58001785,0.0005436157388,0.03141347348,335.060869437349,152.342283465922,0.29177605993241,831.324796353616,810.003352604872,0.0006312405364473,0.0314163498458109,0.0005436204477675,317.714231223494,163.4521716395746,19.072951650594405,118.58854641466596,63.93657687550305,0.9680400297064216,15.61318060608293,3.514922669521411,88.30122348888108,ICV_113_CASE_25_with_r_theta_phi.csv,0.8839113159210329,0.06130850138644652,0.9981188644934771,0.9995604933817762,0.029644899567719398,0.0,9.25392e-06,-9.253920325136278e-06,0.0,ICV_113_CASE_25_with_r_theta_phi.csv
6.433392673,-2.558144093,0.4646491149,0.004227373749,10557.67163,0.6646238112,342.4818975,502.9475944,43.4019007,0.0005436190443,0.03141520246,335.060869437349,152.342283465922,0.29177605993241,831.324796353616,810.003352604872,0.0006312405364473,0.0314163498458109,0.0005436204477675,317.714231223494,163.4521716395746,19.072951650594405,118.58854641466596,63.93657687550305,0.9680400297064216,6.938914993393292,338.31548457257185,86.1604415939326,ICV_113_CASE_25_with_r_theta_phi.csv,0.39283382659935856,-0.36949563940197255,0.9292324641675663,0.997755473356663,0.06696279106206164,0.004227373749,0.0034672606,0.0007601131219239698,17.980740925118575,ICV_113_CASE_25_with_r_theta_phi.csv
-2.414385573,-0.8447255096,0.4660269525,0.004227309022,11470.39135,0.6644115695,343.1252349,305.9408905,35.69228791,0.0005436193445,0.03141545767,335.060869437349,152.342283465922,0.29177605993241,831.324796353616,810.003352604872,0.0006312405364473,0.0314163498458109,0.0005436204477675,317.714231223494,163.4521716395746,19.072951650594405,118.58854641466596,63.93657687550305,0.9680400297064216,2.600000000410761,199.2835040044507,79.67443877316299,ICV_113_CASE_25_with_r_theta_phi.csv,0.14719418674132226,-0.330242649819092,-0.9438960706775215,0.9838051714273749,0.17924113554860555,0.004227309022,0.0034860861,0.0007412228732313368,17.534153978298754,ICV_113_CASE_25_with_r_theta_phi.csv
2.280554181,0.9568,0.469005372,0.0,2586.551245,0.6695225151,330.5944649,156.5163001,7.82548514,0.0005436187897,0.03141472053,335.060869437349,152.342283465922,0.29177605993241,831.324796353616,810.003352604872,0.0006312405364473,0.0314163498458109,0.0005436204477675,317.714231223494,163.4521716395746,19.072951650594405,118.58854641466596,63.93657687550305,0.9680400297064216,2.5172126750518,22.76034625624169,79.26193823086771,ICV_113_CASE_25_with_r_theta_phi.csv,0.1425073355771775,0.3868774829119431,0.922131125825237,0.9824892408148371,0.18631932718611086,0.0,1.6845755e-05,-1.684575545368716e-05,0.0,ICV_113_CASE_25_with_r_theta_phi.csv
-2.53492116,0.3296258558,0.4748910474,0.004227301572,8462.632707,0.6678826268,334.4018497,173.3982388,16.14349063,0.0005436192152,0.03141525959,335.060869437349,152.342283465922,0.29177605993241,831.324796353616,810.003352604872,0.0006312405364473,0.0314163498458109,0.0005436204477675,317.714231223494,163.4521716395746,19.072951650594405,118.58854641466596,63.93657687550305,0.9680400297064216,2.599999999832365,172.5911740280401,79.47582351012448,ICV_113_CASE_25_with_r_theta_phi.csv,0.14719418670857745,0.12894835432619497,-0.991651310651363,0.9831779240482547,0.18265040285793052,0.004227301572,0.0034788754,0.0007484261882652965,17.70458471772003,ICV_113_CASE_25_with_r_theta_phi.csv
13.8445961,0.9568,0.4764253905,0.0,2367.129554,0.6708725074,331.6507857,188.8075166,11.83516986,0.0005436104969,0.03141213763,335.060869437349,152.342283465922,0.29177605993241,831.324796353616,810.003352604872,0.0006312405364473,0.0314163498458109,0.0005436204477675,317.714231223494,163.4521716395746,19.072951650594405,118.58854641466596,63.93657687550305,0.9680400297064216,13.88579448806759,3.953425062344252,88.03378030180647,ICV_113_CASE_25_with_r_theta_phi.csv,0.7861185486943606,0.06894554492492627,0.9976204247282655,0.9994112292806034,0.03431027233691196,0.0,1.0015358e-05,-1.0015358384407591e-05,0.0,ICV_113_CASE_25_with_r_theta_phi.csv
1.966363351,0.9568,0.4995687008,0.0,2574.512005,0.6691392134,330.8343631,167.2209605,8.264663512,0.0005436188272,0.0314147437,335.060869437349,152.342283465922,0.29177605993241,831.324796353616,810.003352604872,0.0006312405364473,0.0314163498458109,0.0005436204477675,317.714231223494,163.4521716395746,19.072951650594405,118.58854641466596,63.93657687550305,0.9680400297064216,2.2431272712387385,25.94679092968829,77.13169777921087,ICV_113_CASE_25_with_r_theta_phi.csv,0.12699049784427105,0.4375362716911156,0.8992007623187596,0.9748845538137045,0.2227108141412407,0.0,-3.2901674e-08,3.290167427394408e-08,0.0,ICV_113_CASE_25_with_r_theta_phi.csv
0.7334415656,0.9568,0.5045391685,0.0,6279.964524,0.6688561569,337.0652399,254.9217535,26.39920155,0.0005436191567,0.03141515374,335.060869437349,152.342283465922,0.29177605993241,831.324796353616,810.003352604872,0.0006312405364473,0.0314163498458109,0.0005436204477675,317.714231223494,163.4521716395746,19.072951650594405,118.58854641466596,63.93657687550305,0.9680400297064216,1.3068904095984677,52.52778451402429,67.29038763243653,ICV_113_CASE_25_with_r_theta_phi.csv,0.07398718114249575,0.7936484544390505,0.6083766356185175,0.9224733339960713,0.38606080876744353,0.0,-3.2901674e-08,3.290167427394408e-08,0.0,ICV_113_CASE_25_with_r_theta_phi.csv
-1.789489626,-1.812247519,0.5229587057,0.004227311816,16008.98235,0.6629202842,350.0951203,335.898006,46.59814836,0.0005436194906,0.03141565443,335.060869437349,152.342283465922,0.29177605993241,831.324796353616,810.003352604872,0.0006312405364473,0.0314163498458109,0.0005436204477675,317.714231223494,163.4521716395746,19.072951650594405,118.58854641466596,63.93657687550305,0.9680400297064216,2.599999999913595,225.36202360540904,78.39648806079032,ICV_113_CASE_25_with_r_theta_phi.csv,0.14719418671317613,-0.7115604933626615,-0.7026248389329015,0.9795629227076487,0.2011379637374533,0.004227311816,0.0034860861,0.0007412256672313369,17.53420848328532,ICV_113_CASE_25_with_r_theta_phi.csv
14.47419482,-2.546526976,0.5245954246,0.004227394238,3438.158181,0.6707737021,330.5403256,62.18777267,5.370301589,0.0005436136305,0.03141296778,335.060869437349,152.342283465922,0.29177605993241,831.324796353616,810.003352604872,0.0006312405364473,0.0314163498458109,0.0005436204477675,317.714231223494,163.4521716395746,19.072951650594405,118.58854641466596,63.93657687550305,0.9680400297064216,14.705859909788405,350.0217465662873,87.95568009066733,ICV_113_CASE_25_with_r_theta_phi.csv,0.8325450343889008,-0.17327438219044858,0.9848735901000282,0.9993635322811806,0.035672543313894724,0.004227394238,0.0043799113,-0.00015251711022368653,3.60782793373359,ICV_113_CASE_25_with_r_theta_phi.csv
-1.195744179,-2.248233982,0.525014113,0.004227312747,18795.96798,0.6621182055,353.767296,328.4343184,50.12118129,0.0005436195853,0.03141577231,335.060869437349,152.342283465922,0.29177605993241,831.324796353616,810.003352604872,0.0006312405364473,0.0314163498458109,0.0005436204477675,317.714231223494,163.4521716395746,19.072951650594405,118.58854641466596,63.93657687550305,0.9680400297064216,2.5999999996694494,241.9933056206152,78.35024454057123,ICV_113_CASE_25_with_r_theta_phi.csv,0.14719418669935427,-0.8828927342624249,-0.46957472226113184,0.979400264885658,0.20192850502567194,0.004227312747,0.0034864836,0.000740829156322619,17.524824882500486,ICV_113_CASE_25_with_r_theta_phi.csv
1.047235794,0.9568,0.5279729906,0.0,5865.59426,0.6688145065,336.0271452,233.3722348,23.16888852,0.0005436191001,0.03141509337,335.060869437349,152.342283465922,0.29177605993241,831.324796353616,810.003352604872,0.0006312405364473,0.0314163498458109,0.0005436204477675,317.714231223494,163.4521716395746,19.072951650594405,118.58854641466596,63.93657687550305,0.9680400297064216,1.5135800365484209,42.41617574738234,69.584599537982,ICV_113_CASE_25_with_r_theta_phi.csv,0.08568853173555697,0.6745108414577229,0.7382649421149527,0.9371882633835775,0.3488239655988019,0.0,-3.2901674e-08,3.290167427394408e-08,0.0,ICV_113_CASE_25_with_r_theta_phi.csv
11.76947275,-2.545473943,0.5296814181,0.004227400757,3961.018823,0.6706718307,331.9362747,56.51075363,7.573229742,0.0005436174203,0.03141415141,335.060869437349,152.342283465922,0.29177605993241,831.324796353616,810.003352604872,0.0006312405364473,0.0314163498458109,0.0005436204477675,317.714231223494,163.4521716395746,19.072951650594405,118.58854641466596,63.93657687550305,0.9680400297064216,12.05323561589024,347.79616846053096,87.48131644736503,ICV_113_CASE_25_with_r_theta_phi.csv,0.6823716206931587,-0.21139015869554206,0.9774017601818985,0.9990339446409011,0.04394516418493487,0.004227400757,0.0041930457,3.435509242132387e-05,0.8126764976400627,ICV_113_CASE_25_with_r_theta_phi.csv
11.44517742,-2.544197201,0.5357803679,0.004227394238,4054.970326,0.6706245387,331.8064283,56.42084475,7.301063326,0.0005436176151,0.03141423772,335.060869437349,152.342283465922,0.29177605993241,831.324796353616,810.003352604872,0.0006312405364473,0.0314163498458109,0.0005436204477675,317.714231223494,163.4521716395746,19.072951650594405,118.58854641466596,63.93657687550305,0.9680400297064216,11.736783468032508,347.4672593342656,87.38355693483925,ICV_113_CASE_25_with_r_theta_phi.csv,0.6644562681781185,-0.21699746575661838,0.9761721671176684,0.9989575101273578,0.04564967645175542,0.004227394238,0.0041981484,2.9245857035005256e-05,0.6918175921516,ICV_113_CASE_25_with_r_theta_phi.csv
12.44183377,-2.54413717,0.5360653487,0.004227400757,3789.099753,0.6704019076,332.1057374,58.41316905,7.734246349,0.0005436167481,0.03141390278,335.060869437349,152.342283465922,0.29177605993241,831.324796353616,810.003352604872,0.0006312405364473,0.0314163498458109,0.0005436204477675,317.714231223494,163.4521716395746,19.072951650594405,118.58854641466596,63.93657687550305,0.9680400297064216,12.710595090638554,348.44333188402663,87.58285159977265,ICV_113_CASE_25_with_r_theta_phi.csv,0.7195868104112335,-0.2003370265773089,0.979727041467246,0.9991102521317116,0.042174685361098384,0.004227400757,0.0041930457,3.435509242132387e-05,0.8126764976400627,ICV_113_CASE_25_with_r_theta_phi.csv
12.98882319,0.9568,0.5385248685,0.0,3004.086205,0.6729047373,329.4807893,193.3840272,8.920619792,0.000543611663,0.03141243725,335.060869437349,152.342283465922,0.29177605993241,831.324796353616,810.003352604872,0.0006312405364473,0.0314163498458109,0.0005436204477675,317.714231223494,163.4521716395746,19.072951650594405,118.58854641466596,63.93657687550305,0.9680400297064216,13.035144921905346,4.212988751508988,87.63224833477221,ICV_113_CASE_25_with_r_theta_phi.csv,0.7379605982815418,0.07346428292478858,0.997297848756502,0.9991462411193726,0.041313301211942585,0.0,2.4932991e-05,-2.4932991436799057e-05,0.0,ICV_113_CASE_25_with_r_theta_phi.csv
5.765820475,-2.542891407,0.541943994,0.004227369558,11862.36574,0.664126701,344.2981298,496.2910389,46.29405072,0.0005436192082,0.03141533989,335.060869437349,152.342283465922,0.29177605993241,831.324796353616,810.003352604872,0.0006312405364473,0.0314163498458109,0.0005436204477675,317.714231223494,163.4521716395746,19.072951650594405,118.58854641466596,63.93657687550305,0.9680400297064216,6.324925750580503,336.2011515697403,85.08464989862682,ICV_113_CASE_25_with_r_theta_phi.csv,0.3580739622726391,-0.4035269067860723,0.9149677783942255,0.996322376402903,0.08568385074722179,0.004227369558,0.0034672606,0.0007601089309239705,17.980659611500275,ICV_113_CASE_25_with_r_theta_phi.csv
10.7773884,-2.54276868,0.5425195295,0.004227358848,4470.352335,0.6693860396,332.1767928,88.55044952,9.185391761,0.0005436178749,0.03141437797,335.060869437349,152.342283465922,0.29177605993241,831.324796353616,810.003352604872,0.0006312405364473,0.0314163498458109,0.0005436204477675,317.714231223494,163.4521716395746,19.072951650594405,118.58854641466596,63.93657687550305,0.9680400297064216,11.086572992784218,346.7246635545353,87.19512075581656,ICV_113_CASE_25_with_r_theta_phi.csv,0.6276458058320645,-0.22963080108415035,0.973277809874165,0.9988019737282618,0.04893482682638817,0.004227358848,0.0042635715,-3.621261552529554e-05,0.8566250658815442,ICV_113_CASE_25_with_r_theta_phi.csv
-0.2874366704,0.9568,0.5609810866,0.0,7165.962194,0.667462563,336.0887576,314.2601591,24.94934052,0.0005436191665,0.03141515523,335.060869437349,152.342283465922,0.29177605993241,831.324796353616,810.003352604872,0.0006312405364473,0.0314163498458109,0.0005436204477675,317.714231223494,163.4521716395746,19.072951650594405,118.58854641466596,63.93657687550305,0.9680400297064216,1.1457686760483352,106.72103413156871,60.684975066400966,ICV_113_CASE_25_with_r_theta_phi.csv,0.06486557247614307,0.9577169359887521,-0.2877121313401931,0.8719409094563213,0.48961112162254167,0.0,-3.2901674e-08,3.290167427394408e-08,0.0,ICV_113_CASE_25_with_r_theta_phi.csv
12.16273479,0.9568,0.5619932931,0.0,3219.16835,0.6708604687,329.5772649,106.209648,4.637878346,0.0005436142689,0.03141311934,335.060869437349,152.342283465922,0.29177605993241,831.324796353616,810.003352604872,0.0006312405364473,0.0314163498458109,0.0005436204477675,317.714231223494,163.4521716395746,19.072951650594405,118.58854641466596,63.93657687550305,0.9680400297064216,12.21324773650996,4.4979962566216045,87.36260013781322,ICV_113_CASE_25_with_r_theta_phi.csv,0.6914304106776407,0.07842423156731088,0.9969200769886605,0.9989407462465347,0.04601505719236242,0.0,6.8410236e-06,-6.841023605375085e-06,0.0,ICV_113_CASE_25_with_r_theta_phi.csv
15.08,-2.538399089,0.5626100453,0.004227390978,3347.722003,0.6709093724,330.0619797,54.60280217,4.199502443,0.0005436129992,0.03141279296,335.060869437349,152.342283465922,0.29177605993241,831.324796353616,810.003352604872,0.0006312405364473,0.0314163498458109,0.0005436204477675,317.714231223494,163.4521716395746,19.072951650594405,118.58854641466596,63.93657687550305,0.9680400297064216,15.302496528282845,350.44504058647715,87.89299427800995,ICV_113_CASE_25_with_r_theta_phi.csv,0.8663225120140958,-0.1659935973431022,0.9861268304032175,0.9993239057752675,0.03676589922828305,0.004227390978,0.0043799113,-0.00015252037022368652,3.607907832072953,ICV_113_CASE_25_with_r_theta_phi.csv
0.105995472,0.9568,0.5641224796,0.0,6852.731673,0.6683149648,336.3713175,311.8724443,26.53278858,0.0005436191603,0.03141515416,335.060869437349,152.342283465922,0.29177605993241,831.324796353616,810.003352604872,0.0006312405364473,0.0314163498458109,0.0005436204477675,317.714231223494,163.4521716395746,19.072951650594405,118.58854641466596,63.93657687550305,0.9680400297064216,1.1157667552291362,83.67847975170702,59.62935728471109,ICV_113_CASE_25_with_r_theta_phi.csv,0.06316706927038851,0.9939196692265498,0.11010763427022578,0.862772838202682,0.5055917618590009,0.0,-3.2901674e-08,3.290167427394408e-08,0.0,ICV_113_CASE_25_with_r_theta_phi.csv
12.79918233,-2.535814814,0.5741456509,0.004227397498,3701.514184,0.6705045448,331.8753239,60.21479813,7.539935847,0.0005436162198,0.03141372946,335.060869437349,152.342283465922,0.29177605993241,831.324796353616,810.003352604872,0.0006312405364473,0.0314163498458109,0.0005436204477675,317.714231223494,163.4521716395746,19.072951650594405,118.58854641466596,63.93657687550305,0.9680400297064216,13.06059218856226,348.7935022220645,87.48045673287959,ICV_113_CASE_25_with_r_theta_phi.csv,0.7394012481737581,-0.19434559775923313,0.9809331213857581,0.9990332851379108,0.043960154532871075,0.004227397498,0.0042983787,-7.098121542897448e-05,1.679075966851124,ICV_113_CASE_25_with_r_theta_phi.csv
14.00897177,-2.533261752,0.5853075217,0.004227393772,3469.150612,0.6708347039,330.775801,66.26327466,6.075824887,0.0005436141703,0.03141311803,335.060869437349,152.342283465922,0.29177605993241,831.324796353616,810.003352604872,0.0006312405364473,0.0314163498458109,0.0005436204477675,317.714231223494,163.4521716395746,19.072951650594405,118.58854641466596,63.93657687550305,0.9680400297064216,14.24820304641121,349.7498931188454,87.64566171854102,ICV_113_CASE_25_with_r_theta_phi.csv,0.8066356383116899,-0.17794538113065803,0.9840403657036966,0.999155885501834,0.04107939224289968,0.004227393772,0.0043799113,-0.0001525175762236864,3.607839354777003,ICV_113_CASE_25_with_r_theta_phi.csv
12.11567189,-2.532857935,0.5870525351,0.004227398895,3840.623161,0.6704467775,332.0027803,57.73652996,7.571458838,0.0005436170928,0.03141402294,335.060869437349,152.342283465922,0.29177605993241,831.324796353616,810.003352604872,0.0006312405364473,0.0314163498458109,0.0005436204477675,317.714231223494,163.4521716395746,19.072951650594405,118.58854641466596,63.93657687550305,0.9680400297064216,12.39150940539513,348.1920151477072,87.28457394826586,ICV_113_CASE_25_with_r_theta_phi.csv,0.7015223650524708,-0.20463246673612595,0.9788388802849467,0.9988771560347243,0.04737538550746703,0.004227398895,0.0041930457,3.43532304213235e-05,0.8126328095943066,ICV_113_CASE_25_with_r_theta_phi.csv
13.63614031,0.9568,0.5880688861,0.0,2741.832437,0.6715123186,330.8407737,167.226753,10.28578118,0.0005436115096,0.03141239571,335.060869437349,152.342283465922,0.29177605993241,831.324796353616,810.003352604872,0.0006312405364473,0.0314163498458109,0.0005436204477675,317.714231223494,163.4521716395746,19.072951650594405,118.58854641466596,63.93657687550305,0.9680400297064216,13.682310251152977,4.013665061421193,87.53665521151379,ICV_113_CASE_25_with_r_theta_phi.csv,0.7745986653241325,0.06999439109742037,0.997547384947152,0.9990759228152313,0.042980233257789456,0.0,2.4932991e-05,-2.4932991436799057e-05,0.0,ICV_113_CASE_25_with_r_theta_phi.csv
13.50113519,-2.529201396,0.6026112347,0.004227396101,3538.396218,0.6707500935,331.2149475,66.67826834,6.867377037,0.0005436149533,0.03141334344,335.060869437349,152.342283465922,0.29177605993241,831.324796353616,810.003352604872,0.0006312405364473,0.0314163498458109,0.0005436204477675,317.714231223494,163.4521716395746,19.072951650594405,118.58854641466596,63.93657687550305,0.9680400297064216,13.749205483240528,349.38961615993054,87.48798981456207,ICV_113_CASE_25_with_r_theta_phi.csv,0.7783858150481492,-0.18412948712482097,0.9829019950997914,0.9990390562558129,0.04382880417596166,0.004227396101,0.0043799113,-0.0001525152472236866,3.6077822740937604,ICV_113_CASE_25_with_r_theta_phi.csv
0.8672473669,-2.525737639,0.6169678906,0.004227316473,19705.06922,0.6610039249,351.4154788,267.7011458,42.59739039,0.0005436197087,0.03141590814,335.060869437349,152.342283465922,0.29177605993241,831.324796353616,810.003352604872,0.0006312405364473,0.0314163498458109,0.0005436204477675,317.714231223494,163.4521716395746,19.072951650594405,118.58854641466596,63.93657687550305,0.9680400297064216,2.740824327549595,288.950626219426,76.99106259193769,ICV_113_CASE_25_with_r_theta_phi.csv,0.15516669531952218,-0.9457987779846193,0.3247532471936204,0.9743349634466959,0.22510304086201435,0.004227316473,0.0034782516,0.000749064842559646,17.71963010497912,ICV_113_CASE_25_with_r_theta_phi.csv
13.36503166,0.9568,0.6197911566,0.0,2931.137059,0.6723545546,330.1107976,177.6861438,9.769219682,0.0005436118864,0.03141249289,335.060869437349,152.342283465922,0.29177605993241,831.324796353616,810.003352604872,0.0006312405364473,0.0314163498458109,0.0005436204477675,317.714231223494,163.4521716395746,19.072951650594405,118.58854641466596,63.93657687550305,0.9680400297064216,13.413563232437603,4.094807740145882,87.35163093717699,ICV_113_CASE_25_with_r_theta_phi.csv,0.7593840503807806,0.07140705393060125,0.9974472580788181,0.9989319184183242,0.04620630222260297,0.0,2.4932991e-05,-2.4932991436799057e-05,0.0,ICV_113_CASE_25_with_r_theta_phi.csv
10.32118043,-2.523816884,0.6247786293,0.00422735326,4939.592343,0.668346334,332.7293416,130.2379163,12.17130493,0.0005436180257,0.03141447196,335.060869437349,152.342283465922,0.29177605993241,831.324796353616,810.003352604872,0.0006312405364473,0.0314163498458109,0.0005436204477675,317.714231223494,163.4521716395746,19.072951650594405,118.58854641466596,63.93657687550305,0.9680400297064216,10.643625579106418,346.25921812563905,86.63481510292206,ICV_113_CASE_25_with_r_theta_phi.csv,0.6025691580185356,-0.2375296132855828,0.9713802977271062,0.9982756804510562,0.05869979403695403,0.00422735326,0.00420169,2.5663059283743267e-05,0.6070715575275236,ICV_113_CASE_25_with_r_theta_phi.csv
14.68972953,0.9568,0.6302807034,0.0,3513.704789,0.6724632994,329.8825794,82.97620931,7.785770794,0.0005436160648,0.03141357965,335.060869437349,152.342283465922,0.29177605993241,831.324796353616,810.003352604872,0.0006312405364473,0.0314163498458109,0.0005436204477675,317.714231223494,163.4521716395746,19.072951650594405,118.58854641466596,63.93657687550305,0.9680400297064216,14.734343340292854,3.726635964777188,87.54835043444336,ICV_113_CASE_25_with_r_theta_phi.csv,0.8341575710766096,0.06499621754935467,0.9978855103188325,0.9990846751334295,0.042776300839713954,0.0,2.4932991e-05,-2.4932991436799057e-05,0.0,ICV_113_CASE_25_with_r_theta_phi.csv
16.98122327,-1.656533166,0.6334413661,0.004227380734,3178.013359,0.6760179325,326.7525963,12.09185575,0.8448077993,0.0005436112551,0.03141231764,335.060869437349,152.342283465922,0.29177605993241,831.324796353616,810.003352604872,0.0006312405364473,0.0314163498458109,0.0005436204477675,317.714231223494,163.4521716395746,19.072951650594405,118.58854641466596,63.93657687550305,0.9680400297064216,17.07358468043352,354.4283755378757,87.87380044790075,ICV_113_CASE_25_with_r_theta_phi.csv,0.9665893889994128,-0.09709000486306005,0.9952756055262738,0.9993115332904796,0.03710066620198002,0.004227380734,0.0044387598,-0.0002113790250684892,5.0002362767660475,ICV_113_CASE_25_with_r_theta_phi.csv
2.699929672,0.9568,0.6411520777,0.0,2492.959661,0.6692550711,330.5511337,184.9821413,7.402160993,0.000543618664,0.03141466157,335.060869437349,152.342283465922,0.29177605993241,831.324796353616,810.003352604872,0.0006312405364473,0.0314163498458109,0.0005436204477675,317.714231223494,163.4521716395746,19.072951650594405,118.58854641466596,63.93657687550305,0.9680400297064216,2.9353300428546456,19.513288256482497,77.38340523519298,ICV_113_CASE_25_with_r_theta_phi.csv,0.1661782763104233,0.3340254712768442,0.9425640479767314,0.9758535394625598,0.21842589021998776,0.0,1.6845755e-05,-1.684575545368716e-05,0.0,ICV_113_CASE_25_with_r_theta_phi.csv
16.09100314,0.9568,0.6564522032,0.0,3711.533363,0.6697576002,330.2742068,82.4743022,5.318691067,0.00054361559,0.03141343174,335.060869437349,152.342283465922,0.29177605993241,831.324796353616,810.003352604872,0.0006312405364473,0.0314163498458109,0.0005436204477675,317.714231223494,163.4521716395746,19.072951650594405,118.58854641466596,63.93657687550305,0.9680400297064216,16.132785803653878,3.4029033644048923,87.66795840168544,ICV_113_CASE_25_with_r_theta_phi.csv,0.9133278022560085,0.0593569575743759,0.9982368213943592,0.9991717959136709,0.040690567096683214,0.0,2.8197534e-05,-2.819753353833221e-05,0.0,ICV_113_CASE_25_with_r_theta_phi.csv
17.57207787,-0.331886401,0.6628719971,0.004227408208,3769.072025,0.6738046186,328.0269062,10.58880644,1.757852897,0.0005436145868,0.03141314896,335.060869437349,152.342283465922,0.29177605993241,831.324796353616,810.003352604872,0.0006312405364473,0.0314163498458109,0.0005436204477675,317.714231223494,163.4521716395746,19.072951650594405,118.58854641466596,63.93657687550305,0.9680400297064216,17.58770788184327,358.91797489402785,87.84003887822178,ICV_113_CASE_25_with_r_theta_phi.csv,0.9956955222703349,-0.018883778191629768,0.9998216855625853,0.9992894982151449,0.03768950459907911,0.004227408208,0.0043849363,-0.0001575280911750238,3.7263515465493042,ICV_113_CASE_25_with_r_theta_phi.csv
9.751418741,0.9568,0.6689702647,0.0,3178.35288,0.6694171249,330.2694736,221.4678395,6.706518991,0.0005436168722,0.03141389265,335.060869437349,152.342283465922,0.29177605993241,831.324796353616,810.003352604872,0.0006312405364473,0.0314163498458109,0.0005436204477675,317.714231223494,163.4521716395746,19.072951650594405,118.58854641466596,63.93657687550305,0.9680400297064216,9.821056710832028,5.60387025530423,86.09422124513355,ICV_113_CASE_25_with_r_theta_phi.csv,0.5560009443319008,0.09765012585150594,0.9952208061134901,0.9976774138546686,0.06811591505852568,0.0,1.1373296e-05,-1.1373295819794293e-05,0.0,ICV_113_CASE_25_with_r_theta_phi.csv
11.60971755,0.9568,0.6833080702,0.0,3223.685573,0.6703637107,329.7689821,139.83577,5.359207047,0.0005436164999,0.0314137242,335.060869437349,152.342283465922,0.29177605993241,831.324796353616,810.003352604872,0.0006312405364473,0.0314163498458109,0.0005436204477675,317.714231223494,163.4521716395746,19.072951650594405,118.58854641466596,63.93657687550305,0.9680400297064216,11.66910098291974,4.7113110827799005,86.64300811901654,ICV_113_CASE_25_with_r_theta_phi.csv,0.6606245495814911,0.08213525883612427,0.9966211914543674,0.9982840640281573,0.05855704490004562,0.0,2.7052367e-05,-2.7052366931457072e-05,0.0,ICV_113_CASE_25_with_r_theta_phi.csv
1.723026754,0.9568,0.6928434864,0.0,2794.829652,0.6708644668,330.2682265,220.3503984,10.39676927,0.0005436188568,0.03141478346,335.060869437349,152.342283465922,0.29177605993241,831.324796353616,810.003352604872,0.0006312405364473,0.0314163498458109,0.0005436204477675,317.714231223494,163.4521716395746,19.072951650594405,118.58854641466596,63.93657687550305,0.9680400297064216,2.0890953859617523,29.043496428623257,70.63119090318315,ICV_113_CASE_25_with_r_theta_phi.csv,0.11827026781273386,0.48547345318461893,0.8742514090654939,0.9434033413662283,0.33164760740737403,0.0,1.5646157e-05,-1.564615740790032e-05,0.0,ICV_113_CASE_25_with_r_theta_phi.csv
-0.5166060805,-2.451894297,0.6937813149,0.004227309953,20241.2975,0.6614013968,355.216252,347.3121724,52.50084085,0.0005436196482,0.03141584726,335.060869437349,152.342283465922,0.29177605993241,831.324796353616,810.003352604872,0.0006312405364473,0.0314163498458109,0.0005436204477675,317.714231223494,163.4521716395746,19.072951650594405,118.58854641466596,63.93657687550305,0.9680400297064216,2.599999999802898,258.1019933298626,74.52374678320575,ICV_113_CASE_25_with_r_theta_phi.csv,0.14719418670690923,-0.9785161583881006,-0.20617014277870996,0.9637411299388934,0.2668389672894591,0.004227309953,0.0034809487,0.0007463612123835596,17.655701155230677,ICV_113_CASE_25_with_r_theta_phi.csv
14.28646806,0.9568,0.697785934,0.0,3315.253039,0.6725979452,330.0090928,80.69854199,7.980328216,0.0005436154626,0.03141342391,335.060869437349,152.342283465922,0.29177605993241,831.324796353616,810.003352604872,0.0006312405364473,0.0314163498458109,0.0005436204477675,317.714231223494,163.4521716395746,19.072951650594405,118.58854641466596,63.93657687550305,0.9680400297064216,14.335464452855668,3.831517978637805,87.20999667990685,ICV_113_CASE_25_with_r_theta_phi.csv,0.8115757812937926,0.06682277345001641,0.9977648605500435,0.998814645201345,0.04867550237348629,0.0,2.4932991e-05,-2.4932991436799057e-05,0.0,ICV_113_CASE_25_with_r_theta_phi.csv
16.68350112,0.9568,0.7086536672,0.0,3807.611917,0.6691240374,330.4083124,72.03414865,4.435226049,0.0005436155445,0.03141341685,335.060869437349,152.342283465922,0.29177605993241,831.324796353616,810.003352604872,0.0006312405364473,0.0314163498458109,0.0005436204477675,317.714231223494,163.4521716395746,19.072951650594405,118.58854641466596,63.93657687550305,0.9680400297064216,16.725933931505207,3.282321711535076,87.57173369690997,ICV_113_CASE_25_with_r_theta_phi.csv,0.9469077854415551,0.05725599150768617,0.9983595301475675,0.9991020495768702,0.04236855592650389,0.0,7.307099e-05,-7.307098712772131e-05,0.0,ICV_113_CASE_25_with_r_theta_phi.csv
16.87102248,0.9568,0.7153998225,0.0,3907.993945,0.6693278625,330.2351442,73.5766148,4.214392755,0.0005436155741,0.03141342516,335.060869437349,152.342283465922,0.29177605993241,831.324796353616,810.003352604872,0.0006312405364473,0.0314163498458109,0.0005436204477675,317.714231223494,163.4521716395746,19.072951650594405,118.58854641466596,63.93657687550305,0.9680400297064216,16.913268834459483,3.2459171632424955,87.57577182019514,ICV_113_CASE_25_with_r_theta_phi.csv,0.9575134041662715,0.05662164308311752,0.9983957078906981,0.9991050331697422,0.04229814056064848,0.0,7.307099e-05,-7.307098712772131e-05,0.0,ICV_113_CASE_25_with_r_theta_phi.csv
17.02978771,0.9568,0.7229743734,0.0,4010.964108,0.6701734764,329.8262419,60.64582438,3.897376507,0.0005436157259,0.0314134697,335.060869437349,152.342283465922,0.29177605993241,831.324796353616,810.003352604872,0.0006312405364473,0.0314163498458109,0.0005436204477675,317.714231223494,163.4521716395746,19.072951650594405,118.58854641466596,63.93657687550305,0.9680400297064216,17.071960275031692,3.215719947006789,87.57287557323696,ICV_113_CASE_25_with_r_theta_phi.csv,0.9664974262947889,0.05609543992274735,0.9984254111449055,0.9991028937626572,0.0423486443122391,0.0,0.00014439491,-0.00014439491496887058,0.0,ICV_113_CASE_25_with_r_theta_phi.csv
17.16473251,0.9568,0.7352148733,0.0,4129.315383,0.671042434,329.4420544,50.32691953,3.698460272,0.0005436158734,0.0314135127,335.060869437349,152.342283465922,0.29177605993241,831.324796353616,810.003352604872,0.0006312405364473,0.0314163498458109,0.0005436204477675,317.714231223494,163.4521716395746,19.072951650594405,118.58854641466596,63.93657687550305,0.9680400297064216,17.207092993581817,3.1904912020461325,87.55115305000453,ICV_113_CASE_25_with_r_theta_phi.csv,0.9741477149893992,0.055655803163500744,0.9984500145596802,0.9990867663353523,0.042727430692344914,0.0,0.00048807234,-0.00048807234270498157,0.0,ICV_113_CASE_25_with_r_theta_phi.csv
17.28001454,0.9568,0.7453427073,0.00213869568,4174.471766,0.6717196845,329.0826919,33.75589667,3.001740003,0.0005436160837,0.03141357218,335.060869437349,152.342283465922,0.29177605993241,831.324796353616,810.003352604872,0.0006312405364473,0.0314163498458109,0.0005436204477675,317.714231223494,163.4521716395746,19.072951650594405,118.58854641466596,63.93657687550305,0.9680400297064216,17.322525927067815,3.1692496678405178,87.53395205747609,ICV_113_CASE_25_with_r_theta_phi.csv,0.9806827368220732,0.05528563927053566,0.9984705794816632,0.999073893941568,0.043027368551104235,0.00213869568,0.0011718371,0.0009668585848287867,45.20786166158563,ICV_113_CASE_25_with_r_theta_phi.csv
15.11919073,0.9568,0.7464314358,0.0,3686.401194,0.6708937386,330.250408,88.095653,6.977467052,0.0005436160153,0.03141356296,335.060869437349,152.342283465922,0.29177605993241,831.324796353616,810.003352604872,0.0006312405364473,0.0314163498458109,0.0005436204477675,317.714231223494,163.4521716395746,19.072951650594405,118.58854641466596,63.93657687550305,0.9680400297064216,15.167813107316045,3.621066469317441,87.17924715535571,ICV_113_CASE_25_with_r_theta_phi.csv,0.8586976594703977,0.06315746899712757,0.9980035741969449,0.998788378169994,0.04921153962794835,0.0,2.4932991e-05,-2.4932991436799057e-05,0.0,ICV_113_CASE_25_with_r_theta_phi.csv
17.37920105,0.9568,0.7471333693,0.004227397498,4157.196476,0.6717930055,328.9943171,21.1859752,2.564590095,0.0005436162816,0.03141362722,335.060869437349,152.342283465922,0.29177605993241,831.324796353616,810.003352604872,0.0006312405364473,0.0314163498458109,0.0005436204477675,317.714231223494,163.4521716395746,19.072951650594405,118.58854641466596,63.93657687550305,0.9680400297064216,17.42154710833233,3.151198695350672,87.54208273424098,ICV_113_CASE_25_with_r_theta_phi.csv,0.9862886376851858,0.05497106947115097,0.998487947609383,0.9990799897702922,0.04288559245938931,0.004227397498,0.0036073218,0.0006200757345888354,14.668025297727871,ICV_113_CASE_25_with_r_theta_phi.csv
13.11369067,-2.488896254,0.7519278139,0.004227400292,3625.311549,0.6703882725,331.629423,64.76017556,7.190237892,0.000543615607,0.03141353317,335.060869437349,152.342283465922,0.29177605993241,831.324796353616,810.003352604872,0.0006312405364473,0.0314163498458109,0.0005436204477675,317.714231223494,163.4521716395746,19.072951650594405,118.58854641466596,63.93657687550305,0.9680400297064216,13.368952202358146,349.2534400163271,86.77573555664435,ICV_113_CASE_25_with_r_theta_phi.csv,0.7568584794995494,-0.18646504973265102,0.9824615947853635,0.9984170345524348,0.05624433407483973,0.004227400292,0.0043799113,-0.00015251105622368644,3.6076795584327326,ICV_113_CASE_25_with_r_theta_phi.csv
9.766468784,-2.486834492,0.7587187944,0.004227363504,5705.997552,0.6675077964,334.2135962,188.9208224,16.88222047,0.0005436182058,0.03141458966,335.060869437349,152.342283465922,0.29177605993241,831.324796353616,810.003352604872,0.0006312405364473,0.0314163498458109,0.0005436204477675,317.714231223494,163.4521716395746,19.072951650594405,118.58854641466596,63.93657687550305,0.9680400297064216,10.106627157881263,345.71436303805865,85.69467439032104,ICV_113_CASE_25_with_r_theta_phi.csv,0.5721679865257959,-0.24675608986752634,0.9690776192407341,0.9971781599880489,0.07507141428565904,0.004227363504,0.0034672606,0.0007601028769239704,17.980542151744064,ICV_113_CASE_25_with_r_theta_phi.csv
13.939073,0.9568,0.7631468854,0.0,3169.800556,0.6714128137,330.7406007,90.11458156,8.248353176,0.0005436141653,0.03141308823,335.060869437349,152.342283465922,0.29177605993241,831.324796353616,810.003352604872,0.0006312405364473,0.0314163498458109,0.0005436204477675,317.714231223494,163.4521716395746,19.072951650594405,118.58854641466596,63.93657687550305,0.9680400297064216,13.992698649939715,3.9267134639748074,86.87359797236479,ICV_113_CASE_25_with_r_theta_phi.csv,0.7921707299111083,0.06848044147988767,0.9976524590932053,0.998511644671048,0.054538935232718154,0.0,2.4932991e-05,-2.4932991436799057e-05,0.0,ICV_113_CASE_25_with_r_theta_phi.csv
0.4811070067,0.9568,0.7678077322,0.0,6583.250202,0.6686207357,336.0960257,295.3500273,25.56512394,0.0005436191521,0.03141516125,335.060869437349,152.342283465922,0.29177605993241,831.324796353616,810.003352604872,0.0006312405364473,0.0314163498458109,0.0005436204477675,317.714231223494,163.4521716395746,19.072951650594405,118.58854641466596,63.93657687550305,0.9680400297064216,1.317747663827161,63.30541331454072,54.36167382619908,ICV_113_CASE_25_with_r_theta_phi.csv,0.07460184449102798,0.8934138360722946,0.4492345907369412,0.8127111866767757,0.5826667375528031,0.0,-3.2901674e-08,3.290167427394408e-08,0.0,ICV_113_CASE_25_with_r_theta_phi.csv
11.57358512,-2.48208939,0.774100935,0.004227400757,4026.584554,0.6706244252,331.688453,59.43106147,7.201620919,0.0005436174705,0.03141417596,335.060869437349,152.342283465922,0.29177605993241,831.324796353616,810.003352604872,0.0006312405364473,0.0314163498458109,0.0005436204477675,317.714231223494,163.4521716395746,19.072951650594405,118.58854641466596,63.93657687550305,0.9680400297064216,11.862034923545112,347.8956090998089,86.25829311223515,ICV_113_CASE_25_with_r_theta_phi.csv,0.6715471474586693,-0.20969349535722662,0.977767169629288,0.9978683793730289,0.06525869633577575,0.004227400757,0.004272792,-4.539126567527571e-05,1.073739356018626,ICV_113_CASE_25_with_r_theta_phi.csv
10.83965734,0.9568,0.7911707908,0.0,3260.51081,0.6691216692,330.5066223,168.8631492,6.37113068,0.0005436166713,0.03141380973,335.060869437349,152.342283465922,0.29177605993241,831.324796353616,810.003352604872,0.0006312405364473,0.0314163498458109,0.0005436204477675,317.714231223494,163.4521716395746,19.072951650594405,118.58854641466596,63.93657687550305,0.9680400297064216,10.910526509240102,5.044337381174671,85.84157841512484,ICV_113_CASE_25_with_r_theta_phi.csv,0.6176792600744292,0.08792660518945136,0.996126955814297,0.9973673621336049,0.07251444649623082,0.0,1.1373296e-05,-1.1373295819794293e-05,0.0,ICV_113_CASE_25_with_r_theta_phi.csv
-2.458036469,-0.3018328815,0.791804035,0.004227290396,11264.65789,0.6649669194,341.2630266,255.194622,30.45559507,0.0005436193285,0.03141542768,335.060869437349,152.342283465922,0.29177605993241,831.324796353616,810.003352604872,0.0006312405364473,0.0314163498458109,0.0005436204477675,317.714231223494,163.4521716395746,19.072951650594405,118.58854641466596,63.93657687550305,0.9680400297064216,2.6000000002174737,187.00055004041093,72.2695078387519,ICV_113_CASE_25_with_r_theta_phi.csv,0.14719418673037965,-0.12187887185865648,-0.9925449816479156,0.9524995434205525,0.3045400134360656,0.004227290396,0.00348951,0.0007377804726164065,17.45279844365531,ICV_113_CASE_25_with_r_theta_phi.csv
4.48465845,0.9568,0.8031919129,0.0,2651.377786,0.6670667168,331.599425,250.5671019,8.087869509,0.0005436181573,0.03141443583,335.060869437349,152.342283465922,0.29177605993241,831.324796353616,810.003352604872,0.0006312405364473,0.0314163498458109,0.0005436204477675,317.714231223494,163.4521716395746,19.072951650594405,118.58854641466596,63.93657687550305,0.9680400297064216,4.6553995426928045,12.043465524483736,80.0651008043119,ICV_113_CASE_25_with_r_theta_phi.csv,0.2635568267439739,0.20865366984250966,0.9779895940454852,0.9850044203941828,0.17252910422279502,0.0,1.6845755e-05,-1.684575545368716e-05,0.0,ICV_113_CASE_25_with_r_theta_phi.csv
12.71319381,-2.471533027,0.8071706741,0.004227410536,3685.326392,0.6702765638,331.7935823,61.52256313,7.225058594,0.0005436161947,0.0314137138,335.060869437349,152.342283465922,0.29177605993241,831.324796353616,810.003352604872,0.0006312405364473,0.0314163498458109,0.0005436204477675,317.714231223494,163.4521716395746,19.072951650594405,118.58854641466596,63.93657687550305,0.9680400297064216,12.976336033384044,348.9985300681347,86.4337122030106,ICV_113_CASE_25_with_r_theta_phi.csv,0.7346312419285854,-0.19083417910719763,0.9816222878910615,0.9980635009142147,0.06220328080464353,0.004227410536,0.0042983787,-7.096817742897454e-05,1.678762372564303,ICV_113_CASE_25_with_r_theta_phi.csv
-1.596331527,0.9568,0.8107242361,0.0,6948.985614,0.6671822047,333.7795971,337.6520226,18.15904187,0.0005436191896,0.03141519409,335.060869437349,152.342283465922,0.29177605993241,831.324796353616,810.003352604872,0.0006312405364473,0.0314163498458109,0.0005436204477675,317.714231223494,163.4521716395746,19.072951650594405,118.58854641466596,63.93657687550305,0.9680400297064216,2.030028170024761,149.06261343398785,66.46144975695967,ICV_113_CASE_25_with_r_theta_phi.csv,0.11492628673137006,0.5141010460640528,-0.8577296278174414,0.9167915770244425,0.39936600293094027,0.0,8.647877e-05,-8.647877257317305e-05,0.0,ICV_113_CASE_25_with_r_theta_phi.csv
11.14643479,-2.470204351,0.8112277524,0.004227378406,4252.69385,0.6700120125,331.7081609,72.23202569,7.972213392,0.000543617704,0.03141429177,335.060869437349,152.342283465922,0.29177605993241,831.324796353616,810.003352604872,0.0006312405364473,0.0314163498458109,0.0005436204477675,317.714231223494,163.4521716395746,19.072951650594405,118.58854641466596,63.93657687550305,0.9680400297064216,11.44565456973456,347.50441327606995,85.93566890216783,ICV_113_CASE_25_with_r_theta_phi.csv,0.6479745445569287,-0.2163644129263398,0.9763126757443233,0.9974850996496125,0.07087648394921031,0.004227378406,0.0041981484,2.92300250350052e-05,0.6914456720175323,ICV_113_CASE_25_with_r_theta_phi.csv
8.312187804,-2.468702811,0.8157857759,0.004227377474,7835.568651,0.6662174278,337.8810591,333.4906944,28.99768695,0.0005436186044,0.03141486265,335.060869437349,152.342283465922,0.29177605993241,831.324796353616,810.003352604872,0.0006312405364473,0.0314163498458109,0.0005436204477675,317.714231223494,163.4521716395746,19.072951650594405,118.58854641466596,63.93657687550305,0.9680400297064216,8.709332126527638,343.4586879590337,84.62533966962371,ICV_113_CASE_25_with_r_theta_phi.csv,0.4930627150852983,-0.28470660969848594,0.9586147017410039,0.9956034876438568,0.09366800623152409,0.004227377474,0.0034672606,0.0007601168469239701,17.98081319728776,ICV_113_CASE_25_with_r_theta_phi.csv
9.077797115,-2.468638516,0.8159803164,0.004227373283,6750.765609,0.666784059,336.0484221,258.7402318,22.81463474,0.0005436184028,0.03141472174,335.060869437349,152.342283465922,0.29177605993241,831.324796353616,810.003352604872,0.0006312405364473,0.0314163498458109,0.0005436204477675,317.714231223494,163.4521716395746,19.072951650594405,118.58854641466596,63.93657687550305,0.9680400297064216,9.442796220428209,344.78674280540827,85.04271739598761,ICV_113_CASE_25_with_r_theta_phi.csv,0.5345864269270671,-0.26241245877278757,0.964955802863955,0.9962594009806005,0.08641299646335007,0.004227373283,0.0034672606,0.0007601126559239699,17.980731883812744,ICV_113_CASE_25_with_r_theta_phi.csv
-0.998200873,0.9568,0.8173391312,0.0,7306.694043,0.6661603876,335.8495465,409.8426231,24.92839256,0.0005436191779,0.03141518844,335.060869437349,152.342283465922,0.29177605993241,831.324796353616,810.003352604872,0.0006312405364473,0.0314163498458109,0.0005436204477675,317.714231223494,163.4521716395746,19.072951650594405,118.58854641466596,63.93657687550305,0.9680400297064216,1.6062112184419377,136.21316610210056,59.41197208607048,ICV_113_CASE_25_with_r_theta_phi.csv,0.09093267461384529,0.6919773009932232,-0.7219192578883972,0.8608483735976403,0.5088615505953435,0.0,1.6147647e-05,-1.61476473294897e-05,0.0,ICV_113_CASE_25_with_r_theta_phi.csv
7.377973715,-2.466560045,0.8222417802,0.004227377009,9124.451094,0.6655507609,339.9320382,427.4293465,36.18405032,0.0005436188244,0.03141502687,335.060869437349,152.342283465922,0.29177605993241,831.324796353616,810.003352604872,0.0006312405364473,0.0314163498458109,0.0005436204477675,317.714231223494,163.4521716395746,19.072951650594405,118.58854641466596,63.93657687550305,0.9680400297064216,7.822691106002318,341.5144958272873,83.96650527613798,ICV_113_CASE_25_with_r_theta_phi.csv,0.44286717511333595,-0.3170647204493045,0.9484039029055101,0.9944606188029776,0.10510983612392662,0.004227377009,0.0034672606,0.0007601163819239698,17.98080417539977,ICV_113_CASE_25_with_r_theta_phi.csv
-0.5305890959,0.9568,0.8245290402,0.0,7441.34781,0.6676456782,336.0743308,426.2908029,28.33821313,0.0005436191814,0.03141519991,335.060869437349,152.342283465922,0.29177605993241,831.324796353616,810.003352604872,0.0006312405364473,0.0314163498458109,0.0005436204477675,317.714231223494,163.4521716395746,19.072951650594405,118.58854641466596,63.93657687550305,0.9680400297064216,1.369977797929993,119.01036049126446,52.99707679797445,ICV_113_CASE_25_with_r_theta_phi.csv,0.07755875684158259,0.8745320272941903,-0.48496776515219386,0.7986048047062845,0.6018557683532137,0.0,-3.2901674e-08,3.290167427394408e-08,0.0,ICV_113_CASE_25_with_r_theta_phi.csv
-0.1740446971,0.9568,0.8271882549,0.0,7204.928782,0.6658118473,337.332883,377.5933875,27.84716481,0.0005436191719,0.03141519511,335.060869437349,152.342283465922,0.29177605993241,831.324796353616,810.003352604872,0.0006312405364473,0.0314163498458109,0.0005436204477675,317.714231223494,163.4521716395746,19.072951650594405,118.58854641466596,63.93657687550305,0.9680400297064216,1.2767138307518793,100.30954520310333,49.61622661984632,ICV_113_CASE_25_with_r_theta_phi.csv,0.07227878999585835,0.9838552366856146,-0.1789661231805988,0.761721829697891,0.6479042013767907,0.0,-3.2901674e-08,3.290167427394408e-08,0.0,ICV_113_CASE_25_with_r_theta_phi.csv
12.33541295,-2.464542715,0.8282688005,0.004227414727,3781.622635,0.6703601984,331.814451,61.4668701,7.325740228,0.0005436167249,0.03141389031,335.060869437349,152.342283465922,0.29177605993241,831.324796353616,810.003352604872,0.0006312405364473,0.0314163498458109,0.0005436204477675,317.714231223494,163.4521716395746,19.072951650594405,118.58854641466596,63.93657687550305,0.9680400297064216,12.606443298844008,348.7014114976887,86.23283785766284,ICV_113_CASE_25_with_r_theta_phi.csv,0.713690449531069,-0.1959219864643628,0.9806194854375768,0.9978392878895185,0.06570202085277699,0.004227414727,0.0041930457,3.436906242132356e-05,0.8130042740704468,ICV_113_CASE_25_with_r_theta_phi.csv
-1.771917734,0.9568,0.8315649385,0.0,7229.671627,0.6658403385,333.8916437,318.2090739,15.52336739,0.000543619202,0.03141521686,335.060869437349,152.342283465922,0.29177605993241,831.324796353616,810.003352604872,0.0006312405364473,0.0314163498458109,0.0005436204477675,317.714231223494,163.4521716395746,19.072951650594405,118.58854641466596,63.93657687550305,0.9680400297064216,2.178682845897081,151.63184437543674,67.5620654482438,ICV_113_CASE_25_with_r_theta_phi.csv,0.12334209600708702,0.475135236458646,-0.8799127837890449,0.9242935308390803,0.3816824188366895,0.0,8.647877e-05,-8.647877257317305e-05,0.0,ICV_113_CASE_25_with_r_theta_phi.csv
12.64250086,0.9568,0.8350581556,0.0,3286.320884,0.6713514427,329.7098186,114.2457533,6.473072935,0.0005436152346,0.03141337625,335.060869437349,152.342283465922,0.29177605993241,831.324796353616,810.003352604872,0.0006312405364473,0.0314163498458109,0.0005436204477675,317.714231223494,163.4521716395746,19.072951650594405,118.58854641466596,63.93657687550305,0.9680400297064216,12.70612515121486,4.327964560980945,86.2317530277237,ICV_113_CASE_25_with_r_theta_phi.csv,0.7193337530657913,0.07546541767724314,0.9971484196120451,0.9978380437181729,0.06572091378465308,0.0,2.4932991e-05,-2.4932991436799057e-05,0.0,ICV_113_CASE_25_with_r_theta_phi.csv
11.92751381,-2.461392898,0.8375828318,0.004227413796,3888.374418,0.670614388,331.6736876,59.9520169,7.211535398,0.0005436171721,0.03141405362,335.060869437349,152.342283465922,0.29177605993241,831.324796353616,810.003352604872,0.0006312405364473,0.0314163498458109,0.0005436204477675,317.714231223494,163.4521716395746,19.072951650594405,118.58854641466596,63.93657687550305,0.9680400297064216,12.207603601288488,348.3399706605964,86.06575579344053,ICV_113_CASE_25_with_r_theta_phi.csv,0.6911108784108517,-0.20210412100995367,0.9793640407278562,0.9976434496631172,0.06861156858923505,0.004227413796,0.004176369,5.104485910367544e-05,1.2074725010336016,ICV_113_CASE_25_with_r_theta_phi.csv
-1.921445305,0.9568,0.8489878547,0.0,7327.726051,0.6660403175,333.0713019,270.5590405,12.03628743,0.000543619214,0.03141523313,335.060869437349,152.342283465922,0.29177605993241,831.324796353616,810.003352604872,0.0006312405364473,0.0314163498458109,0.0005436204477675,317.714231223494,163.4521716395746,19.072951650594405,118.58854641466596,63.93657687550305,0.9680400297064216,2.308289123471029,153.52860120631522,68.4200222063613,ICV_113_CASE_25_with_r_theta_phi.csv,0.13067951547672296,0.44575101952886625,-0.8951569854438809,0.9299050715001376,0.3677996166369997,0.0,8.647877e-05,-8.647877257317305e-05,0.0,ICV_113_CASE_25_with_r_theta_phi.csv
-2.055416296,-1.345596766,0.8512538961,0.004227306228,14720.86933,0.663445693,348.0370524,326.8615272,43.67427547,0.0005436194451,0.03141558975,335.060869437349,152.342283465922,0.29177605993241,831.324796353616,810.003352604872,0.0006312405364473,0.0314163498458109,0.0005436204477675,317.714231223494,163.4521716395746,19.072951650594405,118.58854641466596,63.93657687550305,0.9680400297064216,2.600000000414894,213.2111242893964,70.88863408182533,ICV_113_CASE_25_with_r_theta_phi.csv,0.14719418674155624,-0.5477256755453046,-0.8366579852893533,0.9448839824689097,0.32740534460160103,0.004227306228,0.0034860861,0.0007412200792313367,17.53409947324014,ICV_113_CASE_25_with_r_theta_phi.csv
1.336229137,0.9568,0.8544537774,0.0,3662.32685,0.6701938895,331.5858474,232.3499925,13.90223731,0.0005436189205,0.03141487242,335.060869437349,152.342283465922,0.29177605993241,831.324796353616,810.003352604872,0.0006312405364473,0.0314163498458109,0.0005436204477675,317.714231223494,163.4521716395746,19.072951650594405,118.58854641466596,63.93657687550305,0.9680400297064216,1.8523136355058485,35.60436252733177,62.529619069487694,ICV_113_CASE_25_with_r_theta_phi.csv,0.10486530735579647,0.582184878340403,0.8130564355761353,0.8872494157229909,0.46129001105509687,0.0,1.5646157e-05,-1.564615740790032e-05,0.0,ICV_113_CASE_25_with_r_theta_phi.csv
-2.0480735,0.9568,0.8658564235,0.0,7455.917799,0.6664567891,332.1111818,204.1760093,7.745792521,0.0005436192271,0.03141525109,335.060869437349,152.342283465922,0.29177605993241,831.324796353616,810.003352604872,0.0006312405364473,0.0314163498458109,0.0005436204477675,317.714231223494,163.4521716395746,19.072951650594405,118.58854641466596,63.93657687550305,0.9680400297064216,2.420697967016633,154.9593950171252,69.04167824210396,ICV_113_CASE_25_with_r_theta_phi.csv,0.13704333405580515,0.4232604474076783,-0.906008053860589,0.9338408644032951,0.3576887473355944,0.0,8.647877e-05,-8.647877257317305e-05,0.0,ICV_113_CASE_25_with_r_theta_phi.csv
-2.155698633,0.9568,0.8802492682,0.002137470758,7587.369446,0.6704844366,329.6067899,136.4203282,3.783537067,0.0005436192452,0.03141527709,335.060869437349,152.342283465922,0.29177605993241,831.324796353616,810.003352604872,0.0006312405364473,0.0314163498458109,0.0005436204477675,317.714231223494,163.4521716395746,19.072951650594405,118.58854641466596,63.93657687550305,0.9680400297064216,2.5174077163790343,156.0661102912252,69.53317605984364,ICV_113_CASE_25_with_r_theta_phi.csv,0.14251837748084623,0.40568228520737376,-0.914014159337219,0.936874813311804,0.34966495990014845,0.002137470758,0.0017345152,0.0004029555716007784,18.851980543083464,ICV_113_CASE_25_with_r_theta_phi.csv
2.197930884,0.9568,0.8811515825,0.0,2584.616366,0.6691334057,330.8446321,213.1291527,9.057245988,0.0005436187918,0.03141473616,335.060869437349,152.342283465922,0.29177605993241,831.324796353616,810.003352604872,0.0006312405364473,0.0314163498458109,0.0005436204477675,317.714231223494,163.4521716395746,19.072951650594405,118.58854641466596,63.93657687550305,0.9680400297064216,2.5539762180144265,23.524384013127133,69.81749227261474,ICV_113_CASE_25_with_r_theta_phi.csv,0.1445886355030462,0.399139316434257,0.9168902911888609,0.9385983977844959,0.3450116631019553,0.0,1.6845755e-05,-1.684575545368716e-05,0.0,ICV_113_CASE_25_with_r_theta_phi.csv
5.336634332,-2.444999293,0.8842954578,0.004227363504,11939.60665,0.6639832952,344.5356591,475.9070606,45.72072976,0.0005436192756,0.03141539437,335.060869437349,152.342283465922,0.29177605993241,831.324796353616,810.003352604872,0.0006312405364473,0.0314163498458109,0.0005436204477675,317.714231223494,163.4521716395746,19.072951650594405,118.58854641466596,63.93657687550305,0.9680400297064216,5.936300699336019,335.3849365936157,81.43310285702546,ICV_113_CASE_25_with_r_theta_phi.csv,0.33607267444333166,-0.4165198215340805,0.9091266348915412,0.9888426106389312,0.14896406071527132,0.004227363504,0.003472733,0.0007546304254755299,17.851089090942267,ICV_113_CASE_25_with_r_theta_phi.csv
0.9005840656,0.9568,0.8870572413,0.0,5255.36377,0.6697548028,333.7250253,252.0087037,19.55241491,0.0005436190485,0.03141503647,335.060869437349,152.342283465922,0.29177605993241,831.324796353616,810.003352604872,0.0006312405364473,0.0314163498458109,0.0005436204477675,317.714231223494,163.4521716395746,19.072951650594405,118.58854641466596,63.93657687550305,0.9680400297064216,1.5853669759886484,46.73359558643756,55.9768366999192,ICV_113_CASE_25_with_r_theta_phi.csv,0.08975261641551216,0.7281747645846508,0.6853915028814468,0.8288114366251755,0.5595280176356789,0.0,-3.2901674e-08,3.290167427394408e-08,0.0,ICV_113_CASE_25_with_r_theta_phi.csv
-2.246787337,0.9568,0.8924575179,0.004227252211,7946.604108,0.6726474049,328.8688309,116.1344959,4.991806634,0.0005436192615,0.0314153047,335.060869437349,152.342283465922,0.29177605993241,831.324796353616,810.003352604872,0.0006312405364473,0.0314163498458109,0.0005436204477675,317.714231223494,163.4521716395746,19.072951650594405,118.58854641466596,63.93657687550305,0.9680400297064216,2.599999999799958,156.93314892681167,69.92481779854472,ICV_113_CASE_25_with_r_theta_phi.csv,0.14719418670674278,0.3918048809609761,-0.920048333108188,0.9392430209795326,0.3432528915264098,0.004227252211,0.0035874036,0.0006398486434921373,15.136277927202544,ICV_113_CASE_25_with_r_theta_phi.csv
4.611686694,-2.432972875,0.9168658507,0.00422735652,12707.7538,0.6637417104,345.7749993,480.704914,47.90414728,0.0005436194036,0.03141551066,335.060869437349,152.342283465922,0.29177605993241,831.324796353616,810.003352604872,0.0006312405364473,0.0314163498458109,0.0005436204477675,317.714231223494,163.4521716395746,19.072951650594405,118.58854641466596,63.93657687550305,0.9680400297064216,5.294115049966543,332.18535820134105,80.0268965608185,ICV_113_CASE_25_with_r_theta_phi.csv,0.29971652275834926,-0.4666126776496513,0.8844617623485046,0.9848891607786388,0.17318585675726733,0.00422735652,0.003472733,0.00075462344147553,17.850953373031814,ICV_113_CASE_25_with_r_theta_phi.csv
3.433519243,0.9568,0.9337545113,0.0,2532.824016,0.6688898867,330.7496658,248.5848497,8.439282974,0.0005436184632,0.03141457693,335.060869437349,152.342283465922,0.29177605993241,831.324796353616,810.003352604872,0.0006312405364473,0.0314163498458109,0.0005436204477675,317.714231223494,163.4521716395746,19.072951650594405,118.58854641466596,63.93657687550305,0.9680400297064216,3.684619128135824,15.57126747683384,75.32004393181228,ICV_113_CASE_25_with_r_theta_phi.csv,0.20859789074299562,0.2684367828203095,0.9632973028245652,0.9673564663884103,0.25341954726604726,0.0,1.6845755e-05,-1.684575545368716e-05,0.0,ICV_113_CASE_25_with_r_theta_phi.csv
3.795320332,-2.423505695,0.9416050896,0.004227349069,14220.95879,0.6632444703,347.8843089,452.1695404,49.63777902,0.0005436195285,0.03141563617,335.060869437349,152.342283465922,0.29177605993241,831.324796353616,810.003352604872,0.0006312405364473,0.0314163498458109,0.0005436204477675,317.714231223494,163.4521716395746,19.072951650594405,118.58854641466596,63.93657687550305,0.9680400297064216,4.60048436808024,327.439691855806,78.18951336852547,ICV_113_CASE_25_with_r_theta_phi.csv,0.26044790579567495,-0.5381870438678589,0.8428254302124345,0.9788299442217189,0.2046752068397802,0.004227349069,0.003472733,0.0007546159904755299,17.85080857956047,ICV_113_CASE_25_with_r_theta_phi.csv
15.71638354,-2.334045335,0.9524958585,0.004227383528,3300.175061,0.6711062281,329.6584985,40.07279697,3.006505434,0.0005436125866,0.03141267335,335.060869437349,152.342283465922,0.29177605993241,831.324796353616,810.003352604872,0.0006312405364473,0.0314163498458109,0.0005436204477675,317.714231223494,163.4521716395746,19.072951650594405,118.58854641466596,63.93657687550305,0.9680400297064216,15.917277642947548,351.5527261198601,86.56934955109398,ICV_113_CASE_25_with_r_theta_phi.csv,0.901127206699749,-0.1468992123686896,0.9891514653507109,0.9982079590720039,0.059840374708926246,0.004227383528,0.0043533994,-0.0001260158604921074,2.9809422217699,ICV_113_CASE_25_with_r_theta_phi.csv
13.13991981,0.9568,0.9580871554,0.0,3353.863341,0.6726255956,329.4346275,102.1416223,7.352581204,0.0005436155163,0.0314134465,335.060869437349,152.342283465922,0.29177605993241,831.324796353616,810.003352604872,0.0006312405364473,0.0314163498458109,0.0005436204477675,317.714231223494,163.4521716395746,19.072951650594405,118.58854641466596,63.93657687550305,0.9680400297064216,13.209499984881068,4.164714822925021,85.84067568600477,ICV_113_CASE_25_with_r_theta_phi.csv,0.7478313873949607,0.07262399462022065,0.9973593912955361,0.9973662195015327,0.07253016060385167,0.0,2.4932991e-05,-2.4932991436799057e-05,0.0,ICV_113_CASE_25_with_r_theta_phi.csv
14.6595303,0.9568,0.9601937048,0.0,3660.128484,0.6711204672,330.3417984,91.00368991,7.54441345,0.0005436162019,0.03141362853,335.060869437349,152.342283465922,0.29177605993241,831.324796353616,810.003352604872,0.0006312405364473,0.0314163498458109,0.0005436204477675,317.714231223494,163.4521716395746,19.072951650594405,118.58854641466596,63.93657687550305,0.9680400297064216,14.722067341489634,3.7342912868118106,86.26043513572131,ICV_113_CASE_25_with_r_theta_phi.csv,0.8334625881304589,0.06512954502543163,0.9978768172298524,0.9978708183957032,0.06522139061910093,0.0,2.4932991e-05,-2.4932991436799057e-05,0.0,ICV_113_CASE_25_with_r_theta_phi.csv
10.63828335,-2.412312524,0.969921793,0.00422735652,4808.356495,0.6686843112,332.3803519,110.8452136,10.89075928,0.0005436179525,0.03141443538,335.060869437349,152.342283465922,0.29177605993241,831.324796353616,810.003352604872,0.0006312405364473,0.0314163498458109,0.0005436204477675,317.714231223494,163.4521716395746,19.072951650594405,118.58854641466596,63.93657687550305,0.9680400297064216,10.951395921656326,347.22379730809035,84.91888208550608,ICV_113_CASE_25_with_r_theta_phi.csv,0.619993006198372,-0.22114345864378807,0.9752412884507419,0.9960703068431612,0.0885660421683761,0.00422735652,0.00420169,2.566631928374325e-05,0.6071482061246106,ICV_113_CASE_25_with_r_theta_phi.csv
13.80017045,-2.411407907,0.9721686616,0.004227394704,3440.711364,0.6710089284,330.7397381,65.80592294,6.131865879,0.000543614431,0.03141318397,335.060869437349,152.342283465922,0.29177605993241,831.324796353616,810.003352604872,0.0006312405364473,0.0314163498458109,0.0005436204477675,317.714231223494,163.4521716395746,19.072951650594405,118.58854641466596,63.93657687550305,0.9680400297064216,14.042959248306335,350.0883458582185,86.03034173763541,ICV_113_CASE_25_with_r_theta_phi.csv,0.7950161406420845,-0.1721294710571123,0.9850743348568162,0.9976008508440902,0.0692281907545415,0.004227394704,0.0043632346,-0.00013583991654133373,3.213324660237367,ICV_113_CASE_25_with_r_theta_phi.csv
2.984420118,-2.41017232,0.9752278635,0.004227341618,15845.2592,0.6626442646,349.953898,418.5696328,50.63951139,0.0005436196064,0.03141573211,335.060869437349,152.342283465922,0.29177605993241,831.324796353616,810.003352604872,0.0006312405364473,0.0314163498458109,0.0005436204477675,317.714231223494,163.4521716395746,19.072951650594405,118.58854641466596,63.93657687550305,0.9680400297064216,3.95812625348966,321.0761844774134,75.73622871717612,ICV_113_CASE_25_with_r_theta_phi.csv,0.22408199031147813,-0.6282864873811147,0.7779820626301742,0.9691717177264217,0.24638624466316497,0.004227341618,0.003472733,0.0007546085394755297,17.850663785578707,ICV_113_CASE_25_with_r_theta_phi.csv
13.61075094,0.9568,0.9914381073,0.0,3444.704965,0.6716293933,330.2355701,89.40851968,7.844106906,0.0005436156801,0.03141348987,335.060869437349,152.342283465922,0.29177605993241,831.324796353616,810.003352604872,0.0006312405364473,0.0314163498458109,0.0005436204477675,317.714231223494,163.4521716395746,19.072951650594405,118.58854641466596,63.93657687550305,0.9680400297064216,13.680312749031636,4.021127577380014,85.84402321140942,ICV_113_CASE_25_with_r_theta_phi.csv,0.774485580439433,0.07012431653531873,0.9975382600333956,0.9973704553985665,0.07247188901950936,0.0,2.4932991e-05,-2.4932991436799057e-05,0.0,ICV_113_CASE_25_with_r_theta_phi.csv
2.166778058,-2.402239763,0.9946075217,0.004227331374,16853.67706,0.662179486,350.8005121,380.3510456,49.59658966,0.0005436196319,0.03141578225,335.060869437349,152.342283465922,0.29177605993241,831.324796353616,810.003352604872,0.0006312405364473,0.0314163498458109,0.0005436204477675,317.714231223494,163.4521716395746,19.072951650594405,118.58854641466596,63.93657687550305,0.9680400297064216,3.3845128384733245,312.0499047341392,72.9101970057394,ICV_113_CASE_25_with_r_theta_phi.csv,0.19160792872920776,-0.7425617296148742,0.6697776330330585,0.9558453304072495,0.29387021682820474,0.004227331374,0.003472733,0.0007545982954755299,17.850464714882442,ICV_113_CASE_25_with_r_theta_phi.csv
14.28095198,0.9568,1.00172819,0.0,3564.65455,0.6710392769,330.4992424,88.82560121,7.749888415,0.0005436162555,0.03141364797,335.060869437349,152.342283465922,0.29177605993241,831.324796353616,810.003352604872,0.0006312405364473,0.0314163498458109,0.0005436204477675,317.714231223494,163.4521716395746,19.072951650594405,118.58854641466596,63.93657687550305,0.9680400297064216,14.347979476626897,3.832993508428615,85.99654241223158,ICV_113_CASE_25_with_r_theta_phi.csv,0.8122842961960093,0.06684846871969789,0.9977631393421144,0.9975598388989796,0.06981667290727808,0.0,2.4932991e-05,-2.4932991436799057e-05,0.0,ICV_113_CASE_25_with_r_theta_phi.csv
6.106109144,0.9568,1.004090172,0.0,2995.450042,0.667105536,331.6798356,296.8426092,9.208761623,0.0005436179213,0.03141435596,335.060869437349,152.342283465922,0.29177605993241,831.324796353616,810.003352604872,0.0006312405364473,0.0314163498458109,0.0005436204477675,317.714231223494,163.4521716395746,19.072951650594405,118.58854641466596,63.93657687550305,0.9680400297064216,6.261647721801939,8.905576001158295,80.7724638650966,ICV_113_CASE_25_with_r_theta_phi.csv,0.3544915938175686,0.15480653340518663,0.9879448047411702,0.9870593127811438,0.16035558316446677,0.0,1.6845755e-05,-1.684575545368716e-05,0.0,ICV_113_CASE_25_with_r_theta_phi.csv
17.27315008,-0.9696770031,1.004897623,0.004227305297,3338.97533,0.675801818,326.9284574,8.839548321,0.9544383842,0.0005436121965,0.03141253618,335.060869437349,152.342283465922,0.29177605993241,831.324796353616,810.003352604872,0.0006312405364473,0.0314163498458109,0.0005436204477675,317.714231223494,163.4521716395746,19.072951650594405,118.58854641466596,63.93657687550305,0.9680400297064216,17.329506813791788,356.7869122680521,86.6756867568468,ICV_113_CASE_25_with_r_theta_phi.csv,0.9810779468004986,-0.05604957138207122,0.9984279871617613,0.9983172996563088,0.05798766426521997,0.004227305297,0.0044298326,-0.0002025272695295125,4.790930752631732,ICV_113_CASE_25_with_r_theta_phi.csv
0.1362141603,0.9568,1.01278717,0.0,6867.295432,0.6672466861,336.3825686,364.1739031,26.7351636,0.0005436191561,0.03141517652,335.060869437349,152.342283465922,0.29177605993241,831.324796353616,810.003352604872,0.0006312405364473,0.0314163498458109,0.0005436204477675,317.714231223494,163.4521716395746,19.072951650594405,118.58854641466596,63.93657687550305,0.9680400297064216,1.399913707763033,81.89757272643789,43.65877976241222,ICV_113_CASE_25_with_r_theta_phi.csv,0.07925352295755941,0.9900176877002765,0.14094317308971627,0.6903621088962508,0.7234639995192028,0.0,-3.2901674e-08,3.290167427394408e-08,0.0,ICV_113_CASE_25_with_r_theta_phi.csv
8.221263422,0.9568,1.019499312,0.0,3315.620359,0.6676839572,331.4058486,255.3796499,8.748994974,0.0005436176499,0.03141423363,335.060869437349,152.342283465922,0.29177605993241,831.324796353616,810.003352604872,0.0006312405364473,0.0314163498458109,0.0005436204477675,317.714231223494,163.4521716395746,19.072951650594405,118.58854641466596,63.93657687550305,0.9680400297064216,8.339305567077131,6.638284659668443,82.97789271996322,ICV_113_CASE_25_with_r_theta_phi.csv,0.4721143464382206,0.11560088987493941,0.9932957436031437,0.9924990551037096,0.12225230312040541,0.0,1.6845755e-05,-1.684575545368716e-05,0.0,ICV_113_CASE_25_with_r_theta_phi.csv
14.39156558,-2.391325876,1.020568741,0.004227390978,3390.660403,0.6709583719,330.4384353,60.90317008,5.275259025,0.0005436137544,0.03141299331,335.060869437349,152.342283465922,0.29177605993241,831.324796353616,810.003352604872,0.0006312405364473,0.0314163498458109,0.0005436204477675,317.714231223494,163.4521716395746,19.072951650594405,118.58854641466596,63.93657687550305,0.9680400297064216,14.624539645533265,350.56583495956755,85.9983802601854,ICV_113_CASE_25_with_r_theta_phi.csv,0.827941238173234,-0.16391421869633147,0.9864745961803432,0.9975620778601487,0.06978467464524352,0.004227390978,0.0043632346,-0.00013584364254133445,3.213415631914619,ICV_113_CASE_25_with_r_theta_phi.csv
15.63928248,0.9568,1.022226563,0.0,3734.035006,0.6702459938,330.1747343,87.63824891,5.915331657,0.0005436159291,0.03141353959,335.060869437349,152.342283465922,0.29177605993241,831.324796353616,810.003352604872,0.0006312405364473,0.0314163498458109,0.0005436204477675,317.714231223494,163.4521716395746,19.072951650594405,118.58854641466596,63.93657687550305,0.9680400297064216,15.701833328479122,3.500950827880729,86.26726903903273,ICV_113_CASE_25_with_r_theta_phi.csv,0.8889302256800522,0.061065103650424245,0.9981337851792028,0.9978785905212234,0.0651023699981544,0.0,2.4932991e-05,-2.4932991436799057e-05,0.0,ICV_113_CASE_25_with_r_theta_phi.csv
12.98009446,-2.389089469,1.025793112,0.004227410536,3596.700356,0.6704139822,331.4850097,65.72441762,6.975359796,0.0005436156635,0.03141354435,335.060869437349,152.342283465922,0.29177605993241,831.324796353616,810.003352604872,0.0006312405364473,0.0314163498458109,0.0005436204477675,317.714231223494,163.4521716395746,19.072951650594405,118.58854641466596,63.93657687550305,0.9680400297064216,13.237932323064507,349.57098040897984,85.55575658985481,ICV_113_CASE_25_with_r_theta_phi.csv,0.7494410315855008,-0.1810172886426905,0.9834799139852571,0.9969932130601198,0.07748892251192117,0.004227410536,0.0043632346,-0.00013582408454133454,3.2129381178512815,ICV_113_CASE_25_with_r_theta_phi.csv
1.348747214,-2.388648571,1.026819364,0.004227318335,17227.71122,0.6617077171,350.258867,352.9062109,46.89294756,0.00054361963,0.03141579397,335.060869437349,152.342283465922,0.29177605993241,831.324796353616,810.003352604872,0.0006312405364473,0.0314163498458109,0.0005436204477675,317.714231223494,163.4521716395746,19.072951650594405,118.58854641466596,63.93657687550305,0.9680400297064216,2.929013323509893,299.45118677838445,69.47791820978387,ICV_113_CASE_25_with_r_theta_phi.csv,0.1658206669386244,-0.8707749009868412,0.491681880702713,0.9365371497831919,0.3505683486511228,0.004227318335,0.0034782516,0.0007490667045596455,17.719666346879194,ICV_113_CASE_25_with_r_theta_phi.csv
7.181778699,0.9568,1.077007269,0.0,3198.834219,0.6682840574,331.1669217,291.172581,9.547328851,0.000543617799,0.0314143029,335.060869437349,152.342283465922,0.29177605993241,831.324796353616,810.003352604872,0.0006312405364473,0.0314163498458109,0.0005436204477675,317.714231223494,163.4521716395746,19.072951650594405,118.58854641466596,63.93657687550305,0.9680400297064216,7.324845130027595,7.588603707600328,81.54487120840406,ICV_113_CASE_25_with_r_theta_phi.csv,0.41468254682700434,0.13205923207120157,0.9912418268136007,0.9891313170448146,0.14703481778541563,0.0,1.6845755e-05,-1.684575545368716e-05,0.0,ICV_113_CASE_25_with_r_theta_phi.csv
-1.514331923,-1.816049741,1.081093042,0.004227305297,17572.99358,0.6627716339,352.0542507,368.7873027,51.24103732,0.0005436195225,0.03141568341,335.060869437349,152.342283465922,0.29177605993241,831.324796353616,810.003352604872,0.0006312405364473,0.0314163498458109,0.0005436204477675,317.714231223494,163.4521716395746,19.072951650594405,118.58854641466596,63.93657687550305,0.9680400297064216,2.600000000050742,230.1766120986617,65.42997758201523,ICV_113_CASE_25_with_r_theta_phi.csv,0.14719418672094048,-0.7680221694492813,-0.6404232563191468,0.9094537858231435,0.41580501614573123,0.004227305297,0.0034860861,0.0007412191482313365,17.534081311373892,ICV_113_CASE_25_with_r_theta_phi.csv
16.39919567,-1.959432947,1.086436974,0.00422736723,3279.787229,0.6720711587,328.9419977,25.51656988,1.954278809,0.0005436122806,0.03141258657,335.060869437349,152.342283465922,0.29177605993241,831.324796353616,810.003352604872,0.0006312405364473,0.0314163498458109,0.0005436204477675,317.714231223494,163.4521716395746,19.072951650594405,118.58854641466596,63.93657687550305,0.9680400297064216,16.55153592254236,353.1864027454367,86.23641935177824,ICV_113_CASE_25_with_r_theta_phi.csv,0.9370345650205795,-0.1186396124279,0.9929373808871119,0.9978433928987739,0.06563964692366281,0.00422736723,0.0045038345,-0.00027646729698588366,6.539940390285995,ICV_113_CASE_25_with_r_theta_phi.csv
8.99330852,0.9568,1.087549114,0.0,3316.703763,0.66813332,331.0905224,273.9587679,8.463601706,0.0005436173741,0.03141411678,335.060869437349,152.342283465922,0.29177605993241,831.324796353616,810.003352604872,0.0006312405364473,0.0314163498458109,0.0005436204477675,317.714231223494,163.4521716395746,19.072951650594405,118.58854641466596,63.93657687550305,0.9680400297064216,9.109216621162698,6.072866205137359,83.14310257199952,ICV_113_CASE_25_with_r_theta_phi.csv,0.5157014354579803,0.10579316678165103,0.9943881565376318,0.9928474377634549,0.1193899716330586,0.0,1.6845755e-05,-1.684575545368716e-05,0.0,ICV_113_CASE_25_with_r_theta_phi.csv
17.41851864,0.3255941099,1.088723585,0.004227403086,4048.095737,0.671802167,329.0412227,16.65707931,2.423265024,0.0005436159727,0.03141354185,335.060869437349,152.342283465922,0.29177605993241,831.324796353616,810.003352604872,0.0006312405364473,0.0314163498458109,0.0005436204477675,317.714231223494,163.4521716395746,19.072951650594405,118.58854641466596,63.93657687550305,0.9680400297064216,17.455547031845327,1.0708715493250909,86.42407186492011,ICV_113_CASE_25_with_r_theta_phi.csv,0.9882134804120981,0.018689146260069466,0.9998253426534405,0.9980530207338305,0.06237120973715495,0.004227403086,0.0042692726,-4.1869468665804016e-05,0.9904300064159935,ICV_113_CASE_25_with_r_theta_phi.csv
5.297813602,0.9568,1.103773233,0.0,2967.647838,0.6672034059,331.7576939,306.2922149,10.02897622,0.0005436181223,0.03141444671,335.060869437349,152.342283465922,0.29177605993241,831.324796353616,810.003352604872,0.0006312405364473,0.0314163498458109,0.0005436204477675,317.714231223494,163.4521716395746,19.072951650594405,118.58854641466596,63.93657687550305,0.9680400297064216,5.49550821593631,10.23742449906689,78.41332654761817,ICV_113_CASE_25_with_r_theta_phi.csv,0.3111180240181557,0.17772756010301613,0.9840797296864867,0.979621992244604,0.20085007421137022,0.0,1.6845755e-05,-1.684575545368716e-05,0.0,ICV_113_CASE_25_with_r_theta_phi.csv
12.60894867,-2.351690267,1.108852059,0.004227420315,3679.234159,0.6703219349,331.6146092,64.54226368,7.043975984,0.0005436162518,0.03141373136,335.060869437349,152.342283465922,0.29177605993241,831.324796353616,810.003352604872,0.0006312405364473,0.0314163498458109,0.0005436204477675,317.714231223494,163.4521716395746,19.072951650594405,118.58854641466596,63.93657687550305,0.9680400297064216,12.874221784766092,349.4351717775144,85.05901340954023,ICV_113_CASE_25_with_r_theta_phi.csv,0.728850232783337,-0.18334792803343483,0.9830480849306642,0.9962839381903991,0.08612963777834616,0.004227420315,0.0042955102,-6.808992489915847e-05,1.6106731720394767,ICV_113_CASE_25_with_r_theta_phi.csv
10.09396236,-2.350367152,1.111653835,0.004227359314,5521.898083,0.6678937848,333.7116187,162.2614939,15.06749102,0.0005436181522,0.03141456257,335.060869437349,152.342283465922,0.29177605993241,831.324796353616,810.003352604872,0.0006312405364473,0.0314163498458109,0.0005436204477675,317.714231223494,163.4521716395746,19.072951650594405,118.58854641466596,63.93657687550305,0.9680400297064216,10.423438785888637,346.8923081052915,83.87779422274741,ICV_113_CASE_25_with_r_theta_phi.csv,0.5901036903440161,-0.22678206058493725,0.9739455308162002,0.9942966853358929,0.10664943286326713,0.004227359314,0.00420169,2.5669113283742495e-05,0.6072138981103501,ICV_113_CASE_25_with_r_theta_phi.csv
13.37768986,-2.348962779,1.114618258,0.004227400292,3535.596864,0.6707187682,331.1855246,67.85207148,6.77327913,0.0005436150893,0.03141337287,335.060869437349,152.342283465922,0.29177605993241,831.324796353616,810.003352604872,0.0006312405364473,0.0314163498458109,0.0005436204477675,317.714231223494,163.4521716395746,19.072951650594405,118.58854641466596,63.93657687550305,0.9680400297064216,13.62800741078978,350.04106489922214,85.30860704334702,ICV_113_CASE_25_with_r_theta_phi.csv,0.7715244105457701,-0.1729423039810627,0.9849319567836764,0.9966496844775219,0.0817887915967466,0.004227400292,0.0043632346,-0.00013583432854133437,3.2131882274374997,ICV_113_CASE_25_with_r_theta_phi.csv
-7.845172259e-15,-2.344740433,1.123473319,0.004227305297,17794.08522,0.6617766379,351.418938,483.6061627,55.52741662,0.0005436196068,0.03141578881,335.060869437349,152.342283465922,0.29177605993241,831.324796353616,810.003352604872,0.0006312405364473,0.0314163498458109,0.0005436204477675,317.714231223494,163.4521716395746,19.072951650594405,118.58854641466596,63.93657687550305,0.9680400297064216,2.5999999993557505,269.99999999999983,64.39876911293004,ICV_113_CASE_25_with_r_theta_phi.csv,0.1471941866815948,-1.0,-2.848232278972479e-15,0.9018232436849998,0.43210512279937807,0.004227305297,0.0034782516,0.0007490536665596455,17.71941257505186,ICV_113_CASE_25_with_r_theta_phi.csv
-2.187351835,-0.8206787011,1.14104269,0.004227299709,13860.33904,0.6639803358,345.9483206,303.4966053,39.66842126,0.0005436194081,0.03141553499,335.060869437349,152.342283465922,0.29177605993241,831.324796353616,810.003352604872,0.0006312405364473,0.0314163498458109,0.0005436204477675,317.714231223494,163.4521716395746,19.072951650594405,118.58854641466596,63.93657687550305,0.9680400297064216,2.600000000176824,200.56573027297304,63.968668676251866,ICV_113_CASE_25_with_r_theta_phi.csv,0.14719418672807835,-0.3512817099755688,-0.9362698116657614,0.8985541953485608,0.4388625730470762,0.004227299709,0.0034860861,0.0007412135602313363,17.5339723009925,ICV_113_CASE_25_with_r_theta_phi.csv
11.61827791,-2.324600036,1.16457489,0.004227405414,4092.950896,0.6701394387,331.4431391,68.86908829,7.573709212,0.0005436174334,0.03141417481,335.060869437349,152.342283465922,0.29177605993241,831.324796353616,810.003352604872,0.0006312405364473,0.0314163498458109,0.0005436204477675,317.714231223494,163.4521716395746,19.072951650594405,118.58854641466596,63.93657687550305,0.9680400297064216,11.90564494665382,348.68558913967803,84.38652054447743,ICV_113_CASE_25_with_r_theta_phi.csv,0.674016048183378,-0.19619277926056394,0.9805653437512544,0.9952044150013841,0.0978170351306596,0.004227405414,0.0042836596,-5.625421179846369e-05,1.3307030264676822,ICV_113_CASE_25_with_r_theta_phi.csv
-0.7237099182,0.9568,1.173403097,0.0,7617.817839,0.6678070561,336.3341363,482.7642224,30.60605556,0.0005436191953,0.03141523594,335.060869437349,152.342283465922,0.29177605993241,831.324796353616,810.003352604872,0.0006312405364473,0.0314163498458109,0.0005436204477675,317.714231223494,163.4521716395746,19.072951650594405,118.58854641466596,63.93657687550305,0.9680400297064216,1.6781230925501984,127.10334302361092,45.63430661986166,ICV_113_CASE_25_with_r_theta_phi.csv,0.09500383223874433,0.7975487322305135,-0.6032545231637313,0.7148914843830938,0.6992354149759127,0.0,1.3107634e-05,-1.3107634003972635e-05,0.0,ICV_113_CASE_25_with_r_theta_phi.csv
-0.2975090004,0.9568,1.173905828,0.0,7126.270283,0.6667046281,336.7335993,422.974144,28.56233266,0.0005436191825,0.03141521495,335.060869437349,152.342283465922,0.29177605993241,831.324796353616,810.003352604872,0.0006312405364473,0.0314163498458109,0.0005436204477675,317.714231223494,163.4521716395746,19.072951650594405,118.58854641466596,63.93657687550305,0.9680400297064216,1.5433835357199366,107.27264700141836,40.48240362658942,ICV_113_CASE_25_with_r_theta_phi.csv,0.08737580166705847,0.9549026574281774,-0.29691903751124626,0.6492144858922495,0.760605384748006,0.0,-3.2901674e-08,3.290167427394408e-08,0.0,ICV_113_CASE_25_with_r_theta_phi.csv
6.647294223,-2.319428785,1.174840462,0.004227373749,9595.085519,0.665061683,340.8938159,438.965342,38.10184307,0.0005436189649,0.03141513483,335.060869437349,152.342283465922,0.29177605993241,831.324796353616,810.003352604872,0.0006312405364473,0.0314163498458109,0.0005436204477675,317.714231223494,163.4521716395746,19.072951650594405,118.58854641466596,63.93657687550305,0.9680400297064216,7.137683131588858,340.7646770560226,80.52618206710548,ICV_113_CASE_25_with_r_theta_phi.csv,0.40408671677134356,-0.32944879381786807,0.9441734439455242,0.9863609192534445,0.16459689234460015,0.004227373749,0.003478268,0.0007491058204145895,17.720359370036526,ICV_113_CASE_25_with_r_theta_phi.csv
5.979960991,-2.313140399,1.187173742,0.004227368627,10405.1115,0.6646149891,342.2243064,475.6389125,41.80660342,0.0005436191082,0.03141524887,335.060869437349,152.342283465922,0.29177605993241,831.324796353616,810.003352604872,0.0006312405364473,0.0314163498458109,0.0005436204477675,317.714231223494,163.4521716395746,19.072951650594405,118.58854641466596,63.93657687550305,0.9680400297064216,6.520731052041777,338.8527671880663,79.51014355598443,ICV_113_CASE_25_with_r_theta_phi.csv,0.3691591169279,-0.36076578282637506,0.9326564479708875,0.9832871548498268,0.1820614487126059,0.004227368627,0.003478268,0.00074910069841459,17.720259677685007,ICV_113_CASE_25_with_r_theta_phi.csv
14.02945057,0.9568,1.187926413,0.0,3597.08197,0.6707378754,330.6137435,100.1071111,8.029402004,0.0005436163336,0.03141368128,335.060869437349,152.342283465922,0.29177605993241,831.324796353616,810.003352604872,0.0006312405364473,0.0314163498458109,0.0005436204477675,317.714231223494,163.4521716395746,19.072951650594405,118.58854641466596,63.93657687550305,0.9680400297064216,14.112126654008472,3.9014959917897727,85.17125871886981,ICV_113_CASE_25_with_r_theta_phi.csv,0.7989319252689017,0.06804134016093683,0.9976825026174929,0.9964507585607411,0.08417770348330762,0.0,2.4932991e-05,-2.4932991436799057e-05,0.0,ICV_113_CASE_25_with_r_theta_phi.csv
12.15419896,0.9568,1.192489091,0.0,3402.211061,0.6702484387,330.2862848,158.0646319,7.660311457,0.0005436166204,0.03141378763,335.060869437349,152.342283465922,0.29177605993241,831.324796353616,810.003352604872,0.0006312405364473,0.0314163498458109,0.0005436204477675,317.714231223494,163.4521716395746,19.072951650594405,118.58854641466596,63.93657687550305,0.9680400297064216,12.24998158494204,4.501142199162644,84.41362708623524,ICV_113_CASE_25_with_r_theta_phi.csv,0.6935100295026349,0.07847896939498351,0.996915769442284,0.9952505807083476,0.09734619458251538,0.0,6.8410236e-06,-6.841023605375085e-06,0.0,ICV_113_CASE_25_with_r_theta_phi.csv
1.763400744,0.9568,1.193404688,0.0,2681.371391,0.6678017996,331.6253428,268.8701848,10.67049938,0.0005436188484,0.03141478201,335.060869437349,152.342283465922,0.29177605993241,831.324796353616,810.003352604872,0.0006312405364473,0.0314163498458109,0.0005436204477675,317.714231223494,163.4521716395746,19.072951650594405,118.58854641466596,63.93657687550305,0.9680400297064216,2.334365689706763,28.48372446311896,59.25400827079113,ICV_113_CASE_25_with_r_theta_phi.csv,0.1321557919995955,0.47690910272336834,0.8789526197353255,0.8594421781960654,0.5112329628824833,0.0,-3.2901674e-08,3.290167427394408e-08,0.0,ICV_113_CASE_25_with_r_theta_phi.csv
12.19508629,-2.30778696,1.197547221,0.004227425437,3832.091386,0.6702247486,331.5148417,64.89636717,7.158213154,0.0005436168595,0.03141394331,335.060869437349,152.342283465922,0.29177605993241,831.324796353616,810.003352604872,0.0006312405364473,0.0314163498458109,0.0005436204477675,317.714231223494,163.4521716395746,19.072951650594405,118.58854641466596,63.93657687550305,0.9680400297064216,12.469167158227403,349.2841170214946,84.48878004872813,ICV_113_CASE_25_with_r_theta_phi.csv,0.7059188149642012,-0.1859389986068433,0.9825612900970017,0.9953774102785702,0.09604067423298832,0.004227425437,0.004301045,-7.361965296009791e-05,1.7414772664784701,ICV_113_CASE_25_with_r_theta_phi.csv
-2.262441099,0.3483946073,1.232875285,0.004227228463,11688.61147,0.6667872278,337.9912038,212.0300531,23.35001907,0.0005436193393,0.03141542888,335.060869437349,152.342283465922,0.29177605993241,831.324796353616,810.003352604872,0.0006312405364473,0.0314163498458109,0.0005436204477675,317.714231223494,163.4521716395746,19.072951650594405,118.58854641466596,63.93657687550305,0.9680400297064216,2.599999999462285,171.24575447479685,61.69384432212763,ICV_113_CASE_25_with_r_theta_phi.csv,0.14719418668762604,0.15219662177212442,-0.9883502356559404,0.8804264138855539,0.4741828020211439,0.004227228463,0.0034788754,0.0007483530792652968,17.703161436350907,ICV_113_CASE_25_with_r_theta_phi.csv
16.86538115,-1.423301613,1.243634453,0.004227329977,3278.539611,0.6736807862,328.0064917,15.41808648,1.27137587,0.0005436120632,0.03141252051,335.060869437349,152.342283465922,0.29177605993241,831.324796353616,810.003352604872,0.0006312405364473,0.0314163498458109,0.0005436204477675,317.714231223494,163.4521716395746,19.072951650594405,118.58854641466596,63.93657687550305,0.9680400297064216,16.970960357888774,355.176130310389,85.79759003019501,ICV_113_CASE_25_with_r_theta_phi.csv,0.9607795029630796,-0.08409297964267438,0.996457912194397,0.997311395803925,0.07328014601259161,0.004227329977,0.0043446966,-0.0001173666676936129,2.77637819390528,ICV_113_CASE_25_with_r_theta_phi.csv
0.6594220948,-2.282076872,1.245843148,0.004227306228,16840.38437,0.6619240999,349.4633872,453.5162251,51.53257672,0.0005436196028,0.03141577127,335.060869437349,152.342283465922,0.29177605993241,831.324796353616,810.003352604872,0.0006312405364473,0.0314163498458109,0.0005436204477675,317.714231223494,163.4521716395746,19.072951650594405,118.58854641466596,63.93657687550305,0.9680400297064216,2.6823194250958022,286.1170202333344,62.32440502835345,ICV_113_CASE_25_with_r_theta_phi.csv,0.1518545485750199,-0.9606967329228356,0.2776000492640263,0.8855915440147814,0.4644648718358748,0.004227306228,0.0034837865,0.0007435197474987059,17.58849979682193,ICV_113_CASE_25_with_r_theta_phi.csv
0.5922760437,0.9568,1.250872216,0.0,5237.780448,0.6700174713,332.9670992,327.159315,20.09040882,0.0005436190495,0.03141504322,335.060869437349,152.342283465922,0.29177605993241,831.324796353616,810.003352604872,0.0006312405364473,0.0314163498458109,0.0005436204477675,317.714231223494,163.4521716395746,19.072951650594405,118.58854641466596,63.93657687550305,0.9680400297064216,1.6825392871198208,58.241763207767065,41.97445364326035,ICV_113_CASE_25_with_r_theta_phi.csv,0.09525384691876906,0.850276568145474,0.5263361641220894,0.6687991953342828,0.7434430955494952,0.0,1.5646157e-05,-1.564615740790032e-05,0.0,ICV_113_CASE_25_with_r_theta_phi.csv
15.08,-2.276975026,1.25514331,0.004227390047,3357.969337,0.6709196267,330.0928169,49.69949989,4.082427569,0.0005436132379,0.03141284678,335.060869437349,152.342283465922,0.29177605993241,831.324796353616,810.003352604872,0.0006312405364473,0.0314163498458109,0.0005436204477675,317.714231223494,163.4521716395746,19.072951650594405,118.58854641466596,63.93657687550305,0.9680400297064216,15.302496528268367,351.4135975878731,85.29519285290485,ICV_113_CASE_25_with_r_theta_phi.csv,0.8663225120132763,-0.14930068492189735,0.9887918413305463,0.9966305086247447,0.08202212676090923,0.004227390047,0.0043533994,-0.000126009341492107,2.9807834162764957,ICV_113_CASE_25_with_r_theta_phi.csv
2.727748126,0.9568,1.259413676,0.0,2583.702943,0.6695864514,330.5511526,269.6398957,9.552437232,0.0005436186916,0.03141470245,335.060869437349,152.342283465922,0.29177605993241,831.324796353616,810.003352604872,0.0006312405364473,0.0314163498458109,0.0005436204477675,317.714231223494,163.4521716395746,19.072951650594405,118.58854641466596,63.93657687550305,0.9680400297064216,3.153125256977962,19.329111524075078,66.45822603298717,ICV_113_CASE_25_with_r_theta_phi.csv,0.17850834916194988,0.3309938876917639,0.9436328980650749,0.9167691054059002,0.39941758520784415,0.0,1.6845755e-05,-1.684575545368716e-05,0.0,ICV_113_CASE_25_with_r_theta_phi.csv
11.41833753,0.9568,1.273430135,0.0,3450.511584,0.668144514,331.3749368,198.5539072,8.659635437,0.000543616798,0.03141387602,335.060869437349,152.342283465922,0.29177605993241,831.324796353616,810.003352604872,0.0006312405364473,0.0314163498458109,0.0005436204477675,317.714231223494,163.4521716395746,19.072951650594405,118.58854641466596,63.93657687550305,0.9680400297064216,11.528899448678208,4.789911838719263,83.65842728481982,ICV_113_CASE_25_with_r_theta_phi.csv,0.6526872992702188,0.08350238791433136,0.9965075770974371,0.9938810727134213,0.11045548108635872,0.0,1.6845755e-05,-1.684575545368716e-05,0.0,ICV_113_CASE_25_with_r_theta_phi.csv
-0.7747334391,-2.124421025,1.283208248,0.004227303434,17481.92604,0.6623112452,351.9891824,516.3845403,57.90564158,0.0005436195512,0.03141571649,335.060869437349,152.342283465922,0.29177605993241,831.324796353616,810.003352604872,0.0006312405364473,0.0314163498458109,0.0005436204477675,317.714231223494,163.4521716395746,19.072951650594405,118.58854641466596,63.93657687550305,0.9680400297064216,2.600000000164807,249.9641087044872,60.42637008121471,ICV_113_CASE_25_with_r_theta_phi.csv,0.14719418672739804,-0.9394781877347351,-0.3426087196360562,0.869722171553278,0.49354163381486926,0.004227303434,0.0034864836,0.0007408198433226194,17.524643184801786,ICV_113_CASE_25_with_r_theta_phi.csv
15.09081113,0.9568,1.284570379,0.0,3762.481521,0.6708276192,330.102007,102.5619622,6.903161509,0.000543616167,0.0314136226,335.060869437349,152.342283465922,0.29177605993241,831.324796353616,810.003352604872,0.0006312405364473,0.0314163498458109,0.0005436204477675,317.714231223494,163.4521716395746,19.072951650594405,118.58854641466596,63.93657687550305,0.9680400297064216,15.175578007441302,3.627858034496796,85.14426146781307,ICV_113_CASE_25_with_r_theta_phi.csv,0.8591372549161224,0.06327576708021489,0.9979960808041334,0.9964109841762305,0.08464721267091868,0.0,2.4932991e-05,-2.4932991436799057e-05,0.0,ICV_113_CASE_25_with_r_theta_phi.csv
16.28509504,0.9568,1.285663607,0.0,3841.418702,0.6699980287,330.1095627,78.89751549,5.038782778,0.0005436158546,0.03141351847,335.060869437349,152.342283465922,0.29177605993241,831.324796353616,810.003352604872,0.0006312405364473,0.0314163498458109,0.0005436204477675,317.714231223494,163.4521716395746,19.072951650594405,118.58854641466596,63.93657687550305,0.9680400297064216,16.36376233059491,3.36243989389078,85.49375662935012,ICV_113_CASE_25_with_r_theta_phi.csv,0.9264041107306428,0.05865196723702938,0.9982784915739827,0.9969087783328536,0.07856772672603682,0.0,0.00017272825,-0.00017272825061809272,0.0,ICV_113_CASE_25_with_r_theta_phi.csv
9.467214023,-2.253384945,1.29701823,0.004227371421,6406.478935,0.667232409,335.2728266,220.6604858,20.05957151,0.0005436183343,0.03141468266,335.060869437349,152.342283465922,0.29177605993241,831.324796353616,810.003352604872,0.0006312405364473,0.0314163498458109,0.0005436204477675,317.714231223494,163.4521716395746,19.072951650594405,118.58854641466596,63.93657687550305,0.9680400297064216,9.81774624629262,346.6115895295759,82.40848667785053,ICV_113_CASE_25_with_r_theta_phi.csv,0.5558135285105404,-0.2315511300761005,0.9728227352197731,0.9912351192568212,0.1321095694940963,0.004227371421,0.003478268,0.0007491034924145901,17.720314058900076,ICV_113_CASE_25_with_r_theta_phi.csv
11.0567462,-2.249791288,1.303241789,0.004227362573,4644.472654,0.6688909422,332.1252899,94.79325312,9.787921808,0.000543617827,0.03141437525,335.060869437349,152.342283465922,0.29177605993241,831.324796353616,810.003352604872,0.0006312405364473,0.0314163498458109,0.0005436204477675,317.714231223494,163.4521716395746,19.072951650594405,118.58854641466596,63.93657687550305,0.9680400297064216,11.358328949778263,348.4986522584742,83.4114364973322,ICV_113_CASE_25_with_r_theta_phi.csv,0.6430307662457294,-0.19939098466745123,0.9799200147120908,0.9933956877875681,0.11473886649720916,0.004227362573,0.004273453,-4.609022304196547e-05,1.0902831785813476,ICV_113_CASE_25_with_r_theta_phi.csv
16.4913057,0.9568,1.321928816,0.0,3974.018481,0.6694011189,330.3547304,78.2689105,4.755706188,0.000543615851,0.03141351981,335.060869437349,152.342283465922,0.29177605993241,831.324796353616,810.003352604872,0.0006312405364473,0.0314163498458109,0.0005436204477675,317.714231223494,163.4521716395746,19.072951650594405,118.58854641466596,63.93657687550305,0.9680400297064216,16.571847384206254,3.320489928794359,85.42468038394065,ICV_113_CASE_25_with_r_theta_phi.csv,0.938184460820838,0.057921046997889275,0.998321166917074,0.9968133319838071,0.07976955045216427,0.0,0.00013939569,-0.00013939569180365652,0.0,ICV_113_CASE_25_with_r_theta_phi.csv
-1.192231172,0.9568,1.339191805,0.0,7898.085438,0.6664795139,336.471241,514.2150888,29.33696766,0.0005436192152,0.03141526377,335.060869437349,152.342283465922,0.29177605993241,831.324796353616,810.003352604872,0.0006312405364473,0.0314163498458109,0.0005436204477675,317.714231223494,163.4521716395746,19.072951650594405,118.58854641466596,63.93657687550305,0.9680400297064216,2.032317912647441,141.2519490336648,48.78031014573378,ICV_113_CASE_25_with_r_theta_phi.csv,0.11505591627103894,0.6258969424488096,-0.7799057747146328,0.7521885040029197,0.6589479906986967,0.0,1.6147647e-05,-1.61476473294897e-05,0.0,ICV_113_CASE_25_with_r_theta_phi.csv
12.8436896,0.9568,1.351335093,0.0,3522.086702,0.6708223786,330.3284214,141.1896888,8.461523152,0.0005436165912,0.03141377692,335.060869437349,152.342283465922,0.29177605993241,831.324796353616,810.003352604872,0.0006312405364473,0.0314163498458109,0.0005436204477675,317.714231223494,163.4521716395746,19.072951650594405,118.58854641466596,63.93657687550305,0.9680400297064216,12.94997819746124,4.260421174579335,84.01025976175868,ICV_113_CASE_25_with_r_theta_phi.csv,0.7331390418430833,0.07428987263010921,0.9972366894697579,0.9945405969825143,0.10435037591529871,0.0,2.4932991e-05,-2.4932991436799057e-05,0.0,ICV_113_CASE_25_with_r_theta_phi.csv
16.66227912,0.9568,1.353816132,0.0,4066.557722,0.6701010888,330.012331,61.32224573,4.271666398,0.0005436159933,0.03141356272,335.060869437349,152.342283465922,0.29177605993241,831.324796353616,810.003352604872,0.0006312405364473,0.0314163498458109,0.0005436204477675,317.714231223494,163.4521716395746,19.072951650594405,118.58854641466596,63.93657687550305,0.9680400297064216,16.74454627131029,3.2864930999529065,85.3625074072454,ICV_113_CASE_25_with_r_theta_phi.csv,0.9479614886032972,0.057328676384624785,0.9983553590100005,0.9967261853450773,0.08085116849774476,0.0,0.00014119703,-0.00014119702973403037,0.0,ICV_113_CASE_25_with_r_theta_phi.csv
12.94413121,-2.205049454,1.37759098,0.004227408674,3659.654947,0.6702457933,331.635001,67.98681257,7.100511938,0.0005436158015,0.03141359034,335.060869437349,152.342283465922,0.29177605993241,831.324796353616,810.003352604872,0.0006312405364473,0.0314163498458109,0.0005436204477675,317.714231223494,163.4521716395746,19.072951650594405,118.58854641466596,63.93657687550305,0.9680400297064216,13.202671426058409,350.3323937109019,84.01075173419565,ICV_113_CASE_25_with_r_theta_phi.csv,0.7474448011786692,-0.1679320586821134,0.98579857154836,0.9945414929544084,0.10434183624997398,0.004227408674,0.0043452797,-0.00011787097862532223,2.7882560615061,ICV_113_CASE_25_with_r_theta_phi.csv
-1.382518453,0.9568,1.387186357,0.0,8047.852655,0.6649473261,336.1285978,502.0824831,25.08963919,0.0005436192478,0.03141530487,335.060869437349,152.342283465922,0.29177605993241,831.324796353616,810.003352604872,0.0006312405364473,0.0314163498458109,0.0005436204477675,317.714231223494,163.4521716395746,19.072951650594405,118.58854641466596,63.93657687550305,0.9680400297064216,2.1797039941084764,145.31404105038564,50.47532787724117,ICV_113_CASE_25_with_r_theta_phi.csv,0.123399906422662,0.5690780296155219,-0.822283525439319,0.7713506103573304,0.6364104303838631,0.0,8.647877e-05,-8.647877257317305e-05,0.0,ICV_113_CASE_25_with_r_theta_phi.csv
16.80343493,0.9568,1.387532395,0.0,4155.561289,0.6709411816,329.6090768,50.10743615,3.924161471,0.00054361612,0.03141360065,335.060869437349,152.342283465922,0.29177605993241,831.324796353616,810.003352604872,0.0006312405364473,0.0314163498458109,0.0005436204477675,317.714231223494,163.4521716395746,19.072951650594405,118.58854641466596,63.93657687550305,0.9680400297064216,16.887751118308163,3.2589449557520997,85.28714820317992,ICV_113_CASE_25_with_r_theta_phi.csv,0.9560687659063499,0.05684865471050305,0.9983828075731302,0.9966189824331645,0.08216205848129572,0.0,8.300545e-05,-8.30054486868903e-05,0.0,ICV_113_CASE_25_with_r_theta_phi.csv
10.93092934,0.9568,1.395339378,0.0,3480.567295,0.6680776442,331.376611,220.2506719,8.964140801,0.000543616983,0.03141395397,335.060869437349,152.342283465922,0.29177605993241,831.324796353616,810.003352604872,0.0006312405364473,0.0314163498458109,0.0005436204477675,317.714231223494,163.4521716395746,19.072951650594405,118.58854641466596,63.93657687550305,0.9680400297064216,11.061087399341451,5.002432359515467,82.75291603900416,ICV_113_CASE_25_with_r_theta_phi.csv,0.6262029861398202,0.08719803380597287,0.9961909971990173,0.9920113712260729,0.1261484813946115,0.0,1.6845755e-05,-1.684575545368716e-05,0.0,ICV_113_CASE_25_with_r_theta_phi.csv
14.4899898,0.9568,1.399062051,0.0,3771.809522,0.6708700182,330.3814552,108.6338961,7.82618633,0.0005436163591,0.03141369323,335.060869437349,152.342283465922,0.29177605993241,831.324796353616,810.003352604872,0.0006312405364473,0.0314163498458109,0.0005436204477675,317.714231223494,163.4521716395746,19.072951650594405,118.58854641466596,63.93657687550305,0.9680400297064216,14.58878491398966,3.777858657588695,84.49688702183414,ICV_113_CASE_25_with_r_theta_phi.csv,0.8259170502382787,0.06588830573430153,0.9978270046292911,0.9953909894335597,0.09589983396481457,0.0,2.4932991e-05,-2.4932991436799057e-05,0.0,ICV_113_CASE_25_with_r_theta_phi.csv
-2.178027809,-0.2031706682,1.405317239,0.004227295518,13702.48703,0.6646581507,344.0570356,274.6303677,35.73638228,0.0005436193859,0.03141549823,335.060869437349,152.342283465922,0.29177605993241,831.324796353616,810.003352604872,0.0006312405364473,0.0314163498458109,0.0005436204477675,317.714231223494,163.4521716395746,19.072951650594405,118.58854641466596,63.93657687550305,0.9680400297064216,2.5999999998893766,185.32923990565263,57.28186596543037,ICV_113_CASE_25_with_r_theta_phi.csv,0.14719418671180506,-0.09287872619664087,-0.9956774287991516,0.8413397544900684,0.5405066304076126,0.004227295518,0.00348951,0.0007377855946164068,17.452898461921006,ICV_113_CASE_25_with_r_theta_phi.csv
13.77630485,0.9568,1.410411908,0.0,3727.327271,0.6691332057,331.4353244,110.5259429,8.442073241,0.0005436164952,0.03141374535,335.060869437349,152.342283465922,0.29177605993241,831.324796353616,810.003352604872,0.0006312405364473,0.0314163498458109,0.0005436204477675,317.714231223494,163.4521716395746,19.072951650594405,118.58854641466596,63.93657687550305,0.9680400297064216,13.881329306315074,3.972960189399657,84.16840129487741,ICV_113_CASE_25_with_r_theta_phi.csv,0.7858657606956644,0.06928568187621086,0.9975968596015871,0.994824824839425,0.10160495993408653,0.0,9.25392e-06,-9.253920325136278e-06,0.0,ICV_113_CASE_25_with_r_theta_phi.csv
13.38882422,0.9568,1.413359526,0.0,3653.587458,0.6701936919,330.8778625,117.6253709,8.632171365,0.0005436165505,0.03141376443,335.060869437349,152.342283465922,0.29177605993241,831.324796353616,810.003352604872,0.0006312405364473,0.0314163498458109,0.0005436204477675,317.714231223494,163.4521716395746,19.072951650594405,118.58854641466596,63.93657687550305,0.9680400297064216,13.497172495889409,4.087555764197248,83.98923998845027,ICV_113_CASE_25_with_r_theta_phi.csv,0.7641174340484287,0.07128080560411637,0.9974562881412038,0.9945022476334401,0.10471523027733717,0.0,2.4932991e-05,-2.4932991436799057e-05,0.0,ICV_113_CASE_25_with_r_theta_phi.csv
16.92316141,0.9568,1.415758187,0.002142352983,4168.3269,0.6717039766,329.1686626,32.72262351,3.062854751,0.0005436162923,0.03141364951,335.060869437349,152.342283465922,0.29177605993241,831.324796353616,810.003352604872,0.0006312405364473,0.0314163498458109,0.0005436204477675,317.714231223494,163.4521716395746,19.072951650594405,118.58854641466596,63.93657687550305,0.9680400297064216,17.009210140184955,3.235938032593822,85.22547343686506,ICV_113_CASE_25_with_r_theta_phi.csv,0.9629449435773986,0.056447752956338595,0.9984055544648077,0.9965299635420225,0.08323479899017797,0.002142352983,0.0010517621,0.0010905908417126733,50.90621619582151,ICV_113_CASE_25_with_r_theta_phi.csv
1.21130257,0.9568,1.418321603,0.0,3160.581868,0.6692779655,331.2115622,340.9355236,12.95054613,0.0005436188979,0.0314148484,335.060869437349,152.342283465922,0.29177605993241,831.324796353616,810.003352604872,0.0006312405364473,0.0314163498458109,0.0005436204477675,317.714231223494,163.4521716395746,19.072951650594405,118.58854641466596,63.93657687550305,0.9680400297064216,2.096272006592917,38.304977440578114,47.42207227643274,ICV_113_CASE_25_with_r_theta_phi.csv,0.11867655890396017,0.619847205119289,0.7847225256775837,0.7363577880606801,0.6765923499141729,0.0,-3.2901674e-08,3.290167427394408e-08,0.0,ICV_113_CASE_25_with_r_theta_phi.csv
2.224906266,0.9568,1.418563159,0.0,2648.281006,0.6687685042,331.0882129,284.0642818,10.51050979,0.0005436188051,0.03141476442,335.060869437349,152.342283465922,0.29177605993241,831.324796353616,810.003352604872,0.0006312405364473,0.0314163498458109,0.0005436204477675,317.714231223494,163.4521716395746,19.072951650594405,118.58854641466596,63.93657687550305,0.9680400297064216,2.806776722248872,23.269667436271504,59.641660501240665,ICV_113_CASE_25_with_r_theta_phi.csv,0.15890046805024105,0.3950592187878967,0.9186556556461712,0.862881384857451,0.505406485580159,0.0,1.6845755e-05,-1.684575545368716e-05,0.0,ICV_113_CASE_25_with_r_theta_phi.csv
8.713476605,-2.176060361,1.422941075,0.004227378871,7351.217592,0.6666827267,336.8698898,284.3019429,25.36040715,0.0005436185079,0.031414799,335.060869437349,152.342283465922,0.29177605993241,831.324796353616,810.003352604872,0.0006312405364473,0.0314163498458109,0.0005436204477675,317.714231223494,163.4521716395746,19.072951650594405,118.58854641466596,63.93657687550305,0.9680400297064216,9.093111378594234,345.9780459247857,80.99703310730422,ICV_113_CASE_25_with_r_theta_phi.csv,0.5147896669649948,-0.24229366691461265,0.9702029576192142,0.9876802387742778,0.1564856093536579,0.004227378871,0.003478268,0.0007491109424145898,17.72045906214648,ICV_113_CASE_25_with_r_theta_phi.csv
-1.542037985,0.9568,1.427184931,0.0,8303.981613,0.6650007407,335.0117405,439.2754621,20.20388229,0.0005436192703,0.03141533329,335.060869437349,152.342283465922,0.29177605993241,831.324796353616,810.003352604872,0.0006312405364473,0.0314163498458109,0.0005436204477675,317.714231223494,163.4521716395746,19.072951650594405,118.58854641466596,63.93657687550305,0.9680400297064216,2.308723503249433,148.18132585675306,51.81733724440528,ICV_113_CASE_25_with_r_theta_phi.csv,0.1307041070837264,0.5272327690211126,-0.8497208996313614,0.7860439826272546,0.6181705730423313,0.0,8.647877e-05,-8.647877257317305e-05,0.0,ICV_113_CASE_25_with_r_theta_phi.csv
17.02707409,0.9568,1.432981591,0.004227400757,4134.719089,0.6718263658,329.034468,19.81064087,2.539214344,0.0005436164451,0.03141369073,335.060869437349,152.342283465922,0.29177605993241,831.324796353616,810.003352604872,0.0006312405364473,0.0314163498458109,0.0005436204477675,317.714231223494,163.4521716395746,19.072951650594405,118.58854641466596,63.93657687550305,0.9680400297064216,17.11403384788327,3.216231363352108,85.1969220424798,ICV_113_CASE_25_with_r_theta_phi.csv,0.9688793437325625,0.056104351764965754,0.998424910402897,0.9964883625966274,0.08373137529918113,0.004227400757,0.0030142798,0.0012131209947170325,28.69661676672842,ICV_113_CASE_25_with_r_theta_phi.csv
5.077834368,-2.167504553,1.435940115,0.004227360245,10634.6233,0.6644710064,342.776362,498.5714861,43.74582404,0.0005436192219,0.0314153377,335.060869437349,152.342283465922,0.29177605993241,831.324796353616,810.003352604872,0.0006312405364473,0.0314163498458109,0.0005436204477675,317.714231223494,163.4521716395746,19.072951650594405,118.58854641466596,63.93657687550305,0.9680400297064216,5.704770097907883,336.88449180954854,75.42135424688195,ICV_113_CASE_25_with_r_theta_phi.csv,0.3229649980673472,-0.39258606937939305,0.9197152701402964,0.9678030500022724,0.2517086736811012,0.004227360245,0.003478268,0.0007490923164145897,17.720096533608494,ICV_113_CASE_25_with_r_theta_phi.csv
17.21771682,-0.3382476914,1.440748176,0.00422734255,3656.396043,0.6737604372,328.0413945,10.70183367,1.553543009,0.0005436141848,0.03141306034,335.060869437349,152.342283465922,0.29177605993241,831.324796353616,810.003352604872,0.0006312405364473,0.0314163498458109,0.0005436204477675,317.714231223494,163.4521716395746,19.072951650594405,118.58854641466596,63.93657687550305,0.9680400297064216,17.281201905570565,358.8745503982647,85.21765215092819,ICV_113_CASE_25_with_r_theta_phi.csv,0.9783432538466087,-0.01964153797803734,0.9998070863850973,0.9965185921086501,0.08337083172065544,0.00422734255,0.0045297975,-0.0003024549220597269,7.154729440796786,ICV_113_CASE_25_with_r_theta_phi.csv
13.80415913,-2.154680893,1.455111765,0.004227394238,3505.712731,0.6707345755,330.9860207,63.77661466,6.176313889,0.0005436146538,0.03141324397,335.060869437349,152.342283465922,0.29177605993241,831.324796353616,810.003352604872,0.0006312405364473,0.0314163498458109,0.0005436204477675,317.714231223494,163.4521716395746,19.072951650594405,118.58854641466596,63.93657687550305,0.9680400297064216,14.046878987364527,351.12833167204855,84.05408165611158,ICV_113_CASE_25_with_r_theta_phi.csv,0.795238049412399,-0.15422184006243775,0.9880362463228543,0.9946201170439277,0.10358968467720854,0.004227394238,0.0043452797,-0.00011788541462532266,2.7886070699951735,ICV_113_CASE_25_with_r_theta_phi.csv
-1.751458963,-1.253888463,1.456075281,0.004227301572,16845.54404,0.6634244084,350.6678218,375.7732574,50.38596229,0.0005436194692,0.03141560826,335.060869437349,152.342283465922,0.29177605993241,831.324796353616,810.003352604872,0.0006312405364473,0.0314163498458109,0.0005436204477675,317.714231223494,163.4521716395746,19.072951650594405,118.58854641466596,63.93657687550305,0.9680400297064216,2.6000000001263013,215.59928633652632,55.94219985784014,ICV_113_CASE_25_with_r_theta_phi.csv,0.1471941867252181,-0.582112842310076,-0.8131080117780691,0.8284730354415053,0.5600289542035646,0.004227301572,0.0034860861,0.0007412154232313362,17.534008644320966,ICV_113_CASE_25_with_r_theta_phi.csv
10.48448851,-2.153959163,1.456179908,0.004227356985,5309.899314,0.6683041501,333.2108878,139.3299885,13.40466438,0.0005436180611,0.03141451527,335.060869437349,152.342283465922,0.29177605993241,831.324796353616,810.003352604872,0.0006312405364473,0.0314163498458109,0.0005436204477675,317.714231223494,163.4521716395746,19.072951650594405,118.58854641466596,63.93657687550305,0.9680400297064216,10.802059957094135,348.3905469453273,82.25261188383979,ICV_113_CASE_25_with_r_theta_phi.csv,0.6115386270247222,-0.2012395355200698,0.9795420610385582,0.9908720436681543,0.13480576054789137,0.004227356985,0.0042115715,1.5785451767072467e-05,0.3734118462043807,ICV_113_CASE_25_with_r_theta_phi.csv
-1.675144833,0.9568,1.462687803,0.0,8628.738947,0.6652411589,333.6827163,333.8509613,13.59033519,0.0005436192944,0.03141536331,335.060869437349,152.342283465922,0.29177605993241,831.324796353616,810.003352604872,0.0006312405364473,0.0314163498458109,0.0005436204477675,317.714231223494,163.4521716395746,19.072951650594405,118.58854641466596,63.93657687550305,0.9680400297064216,2.420956848143222,150.266094129046,52.83031703794131,ICV_113_CASE_25_with_r_theta_phi.csv,0.13705799013153014,0.49597261092546124,-0.8683381652396611,0.7968497193210908,0.6041775606706183,0.0,8.647877e-05,-8.647877257317305e-05,0.0,ICV_113_CASE_25_with_r_theta_phi.csv
-1.787312183,0.9568,1.492713674,0.002141047735,8885.974619,0.6685402247,331.0950664,216.8099239,7.047112898,0.0005436193264,0.03141540313,335.060869437349,152.342283465922,0.29177605993241,831.324796353616,810.003352604872,0.0006312405364473,0.0314163498458109,0.0005436204477675,317.714231223494,163.4521716395746,19.072951650594405,118.58854641466596,63.93657687550305,0.9680400297064216,2.517567316289041,151.838566346309,53.63557088184109,ICV_113_CASE_25_with_r_theta_phi.csv,0.14252741293428997,0.47195744393999406,-0.8816213309066582,0.8052620538751772,0.5929190708593637,0.002141047735,0.0015788891,0.0005621586462948181,26.256240663978268,ICV_113_CASE_25_with_r_theta_phi.csv
0.105516731,0.9568,1.494152983,0.0,5853.013832,0.6694654564,333.8078455,453.7378041,24.23793719,0.0005436191015,0.03141511411,335.060869437349,152.342283465922,0.29177605993241,831.324796353616,810.003352604872,0.0006312405364473,0.0314163498458109,0.0005436204477675,317.714231223494,163.4521716395746,19.072951650594405,118.58854641466596,63.93657687550305,0.9680400297064216,1.777383795675184,83.70680204430346,32.79145824686469,ICV_113_CASE_25_with_r_theta_phi.csv,0.10062329318856965,0.9939739758962278,0.1096163091927708,0.541582891151626,0.8406473529440547,0.0,-3.2901674e-08,3.290167427394408e-08,0.0,ICV_113_CASE_25_with_r_theta_phi.csv
7.906666834,-2.118197889,1.507726004,0.004227380268,8039.637533,0.6661967763,338.1571447,349.3568121,30.06711519,0.0005436186688,0.03141491121,335.060869437349,152.342283465922,0.29177605993241,831.324796353616,810.003352604872,0.0006312405364473,0.0314163498458109,0.0005436204477675,317.714231223494,163.4521716395746,19.072951650594405,118.58854641466596,63.93657687550305,0.9680400297064216,8.32318331072778,345.0026172771592,79.56337935005331,ICV_113_CASE_25_with_r_theta_phi.csv,0.4712016147415271,-0.2587749212404302,0.9659376481621416,0.9834558909429385,0.18114775894178506,0.004227380268,0.003478268,0.0007491123394145899,17.720486252631222,ICV_113_CASE_25_with_r_theta_phi.csv
-1.881570639,0.9568,1.517967618,0.004227175377,9744.048223,0.6704364154,331.0518079,176.6721946,9.160413485,0.0005436193522,0.03141543779,335.060869437349,152.342283465922,0.29177605993241,831.324796353616,810.003352604872,0.0006312405364473,0.0314163498458109,0.0005436204477675,317.714231223494,163.4521716395746,19.072951650594405,118.58854641466596,63.93657687550305,0.9680400297064216,2.5999999997775887,153.0461475795612,54.27936112160546,ICV_113_CASE_25_with_r_theta_phi.csv,0.14719418670547638,0.4532727116678156,-0.8913718914444775,0.8118732731062155,0.5838336992807116,0.004227175377,0.0030045148,0.001222660531911876,28.923818450379795,ICV_113_CASE_25_with_r_theta_phi.csv
15.75489818,-1.999304366,1.518978109,0.004227384925,3372.739332,0.6710822109,329.7402491,35.72408853,2.992474234,0.0005436129942,0.03141277517,335.060869437349,152.342283465922,0.29177605993241,831.324796353616,810.003352604872,0.0006312405364473,0.0314163498458109,0.0005436204477675,317.714231223494,163.4521716395746,19.072951650594405,118.58854641466596,63.93657687550305,0.9680400297064216,15.953724615452504,352.76779378414614,84.53650674259814,ICV_113_CASE_25_with_r_theta_phi.csv,0.9031905845752116,-0.12589088587903435,0.9920440942078088,0.9954570656628742,0.09521150362146465,0.004227384925,0.0043533994,-0.00012601446349210736,2.9809081902400516,ICV_113_CASE_25_with_r_theta_phi.csv
12.50646458,-2.106827909,1.523573484,0.004227410536,3879.48485,0.669910228,331.7713357,69.06193296,7.531727579,0.0005436165847,0.03141385639,335.060869437349,152.342283465922,0.29177605993241,831.324796353616,810.003352604872,0.0006312405364473,0.0314163498458109,0.0005436204477675,317.714231223494,163.4521716395746,19.072951650594405,118.58854641466596,63.93657687550305,0.9680400297064216,12.773866144988515,350.4377830777365,83.14987019193114,ICV_113_CASE_25_with_r_theta_phi.csv,0.7231687840219402,-0.16611850615548912,0.986105796511038,0.9928615328526412,0.11927269839113946,0.004227410536,0.0043065175,-7.91070054085392e-05,1.8712875107861615,ICV_113_CASE_25_with_r_theta_phi.csv
4.185437585,-2.102406995,1.529668209,0.004227350466,11817.79771,0.6640961396,344.4731417,534.6348799,48.27570674,0.0005436193468,0.03141544301,335.060869437349,152.342283465922,0.29177605993241,831.324796353616,810.003352604872,0.0006312405364473,0.0314163498458109,0.0005436204477675,317.714231223494,163.4521716395746,19.072951650594405,118.58854641466596,63.93657687550305,0.9680400297064216,4.927259662345879,333.32894719473114,71.91364286927853,ICV_113_CASE_25_with_r_theta_phi.csv,0.27894768413374726,-0.4488675887517154,0.8935982809787746,0.9505896807740746,0.3104500906842241,0.004227350466,0.003478268,0.0007490825374145901,17.71990619803489,ICV_113_CASE_25_with_r_theta_phi.csv
3.369187588,-2.090358256,1.546092611,0.004227340687,12969.43429,0.6635155869,346.1130918,538.0041785,51.10515941,0.0005436194587,0.03141555152,335.060869437349,152.342283465922,0.29177605993241,831.324796353616,810.003352604872,0.0006312405364473,0.0314163498458109,0.0005436204477675,317.714231223494,163.4521716395746,19.072951650594405,118.58854641466596,63.93657687550305,0.9680400297064216,4.255751990347818,328.183132217646,68.69731998202838,ICV_113_CASE_25_with_r_theta_phi.csv,0.24093152042040206,-0.5272059796549756,0.8497375212476129,0.9316742354400301,0.3632948100609686,0.004227340687,0.003478268,0.0007490727584145897,17.719715861580674,ICV_113_CASE_25_with_r_theta_phi.csv
14.07899536,0.9568,1.561777183,0.0,3820.837694,0.670819839,330.5284017,118.3675289,8.509911643,0.000543616485,0.03141374429,335.060869437349,152.342283465922,0.29177605993241,831.324796353616,810.003352604872,0.0006312405364473,0.0314163498458109,0.0005436204477675,317.714231223494,163.4521716395746,19.072951650594405,118.58854641466596,63.93657687550305,0.9680400297064216,14.197630948726657,3.8878085829265383,83.68453104078606,ICV_113_CASE_25_with_r_theta_phi.csv,0.803772592623496,0.06780300149872419,0.997698728568782,0.9939312926919951,0.1100026609115418,0.0,3.040545e-05,-3.0405450161197223e-05,0.0,ICV_113_CASE_25_with_r_theta_phi.csv
13.24220459,-2.076358161,1.564844014,0.004227395635,3679.23046,0.6701673561,331.7089747,69.53784445,7.175801719,0.0005436154623,0.03141348619,335.060869437349,152.342283465922,0.29177605993241,831.324796353616,810.003352604872,0.0006312405364473,0.0314163498458109,0.0005436204477675,317.714231223494,163.4521716395746,19.072951650594405,118.58854641466596,63.93657687550305,0.9680400297064216,13.495035472510622,351.0886641973541,83.34117279600423,ICV_113_CASE_25_with_r_theta_phi.csv,0.7639964504260295,-0.1549058482443756,0.9879292374353997,0.9932542327921278,0.11595701376165937,0.004227395635,0.004350752,-0.00012335646907376315,2.918025178984292,ICV_113_CASE_25_with_r_theta_phi.csv
11.49362435,-2.076122397,1.565156795,0.004227374215,4477.976845,0.6692819617,331.8459256,83.10293158,9.010859369,0.0005436176691,0.0314143016,335.060869437349,152.342283465922,0.29177605993241,831.324796353616,810.003352604872,0.0006312405364473,0.0314163498458109,0.0005436204477675,317.714231223494,163.4521716395746,19.072951650594405,118.58854641466596,63.93657687550305,0.9680400297064216,11.784031597851929,349.76092645428906,82.36741168825245,ICV_113_CASE_25_with_r_theta_phi.csv,0.6671311335791644,-0.17775588311688645,0.9840746140498371,0.9911401560164336,0.13282014580521947,0.004227374215,0.0043705846,-0.00014321040330019918,3.387691649302503,ICV_113_CASE_25_with_r_theta_phi.csv
2.566363803,-2.061043871,1.584959988,0.004227330908,13958.93001,0.6629975396,347.3985309,518.6865299,52.30548162,0.000543619515,0.03141562374,335.060869437349,152.342283465922,0.29177605993241,831.324796353616,810.003352604872,0.0006312405364473,0.0314163498458109,0.0005436204477675,317.714231223494,163.4521716395746,19.072951650594405,118.58854641466596,63.93657687550305,0.9680400297064216,3.653248304057124,321.23209175249644,64.28789099183012,ICV_113_CASE_25_with_r_theta_phi.csv,0.2068218896134034,-0.6261672006484934,0.779688807686778,0.9009853507942427,0.4338495103767844,0.004227330908,0.003478268,0.0007490629794145902,17.719525524245874,ICV_113_CASE_25_with_r_theta_phi.csv
7.143632468,-2.058342166,1.588467037,0.004227377474,8367.464116,0.6657126357,338.893346,395.4385793,32.84957408,0.0005436187959,0.03141500177,335.060869437349,152.342283465922,0.29177605993241,831.324796353616,810.003352604872,0.0006312405364473,0.0314163498458109,0.0005436204477675,317.714231223494,163.4521716395746,19.072951650594405,118.58854641466596,63.93657687550305,0.9680400297064216,7.602071088712135,343.9263711287241,77.93906325427321,ICV_113_CASE_25_with_r_theta_phi.csv,0.4303771812599688,-0.2768724128259355,0.9609066900672223,0.9779259237450568,0.20895187883189112,0.004227377474,0.003478268,0.0007491095454145898,17.720431871643772,ICV_113_CASE_25_with_r_theta_phi.csv
1.768029328,-2.040827073,1.610908085,0.004227322061,14171.9206,0.662818401,347.2237752,525.0820251,52.14696186,0.000543619506,0.0314156239,335.060869437349,152.342283465922,0.29177605993241,831.324796353616,810.003352604872,0.0006312405364473,0.0314163498458109,0.0005436204477675,317.714231223494,163.4521716395746,19.072951650594405,118.58854641466596,63.93657687550305,0.9680400297064216,3.1441895147837773,310.90335950457984,59.1798802656665,ICV_113_CASE_25_with_r_theta_phi.csv,0.17800246866002858,-0.7558150775230068,0.6547851316186794,0.8587800372511577,0.5123444618797983,0.004227322061,0.003478268,0.0007490541324145896,17.719353326493476,ICV_113_CASE_25_with_r_theta_phi.csv
11.97675296,-2.039345535,1.612783244,0.004227404483,4168.021299,0.6697310833,331.4874701,71.95963546,8.071126482,0.0005436172836,0.03141412773,335.060869437349,152.342283465922,0.29177605993241,831.324796353616,810.003352604872,0.0006312405364473,0.0314163498458109,0.0005436204477675,317.714231223494,163.4521716395746,19.072951650594405,118.58854641466596,63.93657687550305,0.9680400297064216,12.25571750115514,350.3366233620986,82.43826626694124,ICV_113_CASE_25_with_r_theta_phi.csv,0.6938347577803542,-0.16785928525347912,0.9858109658317822,0.9913036495636535,0.13159435535683614,0.004227404483,0.0042908383,-6.343377720359998e-05,1.5005372077284285,ICV_113_CASE_25_with_r_theta_phi.csv
14.45164636,-2.031960279,1.622078119,0.004227394238,3434.588809,0.6708745687,330.53421,52.5587898,4.992408755,0.0005436141194,0.03141308766,335.060869437349,152.342283465922,0.29177605993241,831.324796353616,810.003352604872,0.0006312405364473,0.0314163498458109,0.0005436204477675,317.714231223494,163.4521716395746,19.072951650594405,118.58854641466596,63.93657687550305,0.9680400297064216,14.683667202510197,351.99644715968964,83.6576947104104,ICV_113_CASE_25_with_r_theta_phi.csv,0.831288635350867,-0.13923450598867154,0.9902594368861579,0.9938796603665758,0.11046818867719256,0.004227394238,0.004350752,-0.0001233578660737632,2.9180591896473747,ICV_113_CASE_25_with_r_theta_phi.csv
0.9709304215,-2.026330359,1.629105667,0.004227309022,13846.76267,0.6627902252,346.1589972,587.1666773,52.86481794,0.0005436194942,0.03141561876,335.060869437349,152.342283465922,0.29177605993241,831.324796353616,810.003352604872,0.0006312405364473,0.0314163498458109,0.0005436204477675,317.714231223494,163.4521716395746,19.072951650594405,118.58854641466596,63.93657687550305,0.9680400297064216,2.7753749082692867,295.60173816176734,54.056597934971705,ICV_113_CASE_25_with_r_theta_phi.csv,0.15712271248478063,-0.9018194179578273,0.43211310717705115,0.809597225778742,0.5869858022229879,0.004227309022,0.0034837865,0.000743522541498706,17.588554265925165,ICV_113_CASE_25_with_r_theta_phi.csv
9.864304858,-2.024698728,1.63113306,0.004227368627,6016.710277,0.667636168,334.4926646,190.3043256,17.52642533,0.0005436182342,0.03141462323,335.060869437349,152.342283465922,0.29177605993241,831.324796353616,810.003352604872,0.0006312405364473,0.0314163498458109,0.0005436204477675,317.714231223494,163.4521716395746,19.072951650594405,118.58854641466596,63.93657687550305,0.9680400297064216,10.201201416017245,348.4008486448125,80.79913025190012,ICV_113_CASE_25_with_r_theta_phi.csv,0.5775221330684076,-0.2010634120019259,0.9795782277869103,0.9871338379679405,0.1598961723703346,0.004227368627,0.003477142,0.0007502266674073001,17.74689489906722,ICV_113_CASE_25_with_r_theta_phi.csv
6.384545072,-1.984820832,1.67943034,0.004227370489,8560.305524,0.6654008577,339.4709428,428.8574883,35.04096785,0.0005436189129,0.031415087,335.060869437349,152.342283465922,0.29177605993241,831.324796353616,810.003352604872,0.0006312405364473,0.0314163498458109,0.0005436204477675,317.714231223494,163.4521716395746,19.072951650594405,118.58854641466596,63.93657687550305,0.9680400297064216,6.893650395723094,342.7306290692762,75.89971191151966,ICV_113_CASE_25_with_r_theta_phi.csv,0.3902712551989027,-0.2968644373915443,0.954919633169306,0.9698707903536685,0.2436198883891675,0.004227370489,0.003478268,0.0007491025604145895,17.72029591886065,ICV_113_CASE_25_with_r_theta_phi.csv
16.32991552,-1.526055948,1.693772248,0.004227370489,3371.829618,0.6718358434,329.1354141,23.23026666,2.042422292,0.0005436128883,0.03141273875,335.060869437349,152.342283465922,0.29177605993241,831.324796353616,810.003352604872,0.0006312405364473,0.0314163498458109,0.0005436204477675,317.714231223494,163.4521716395746,19.072951650594405,118.58854641466596,63.93657687550305,0.9680400297064216,16.488294395566147,354.6611262604915,84.1038475248111,ICV_113_CASE_25_with_r_theta_phi.csv,0.9334542630474747,-0.09304614019701617,0.9956617978984817,0.9947097175963825,0.10272574029582321,0.004227370489,0.0045038345,-0.0002764640379858841,6.53985825561942,ICV_113_CASE_25_with_r_theta_phi.csv
15.67298796,0.9568,1.694945085,0.0,3900.458703,0.6705564434,330.0175665,91.03527048,5.896396761,0.0005436161333,0.03141361572,335.060869437349,152.342283465922,0.29177605993241,831.324796353616,810.003352604872,0.0006312405364473,0.0314163498458109,0.0005436204477675,317.714231223494,163.4521716395746,19.072951650594405,118.58854641466596,63.93657687550305,0.9680400297064216,15.79338015357924,3.493440538286279,83.83915349945914,ICV_113_CASE_25_with_r_theta_phi.csv,0.8941129797059112,0.06093426846709124,0.9981417809742164,0.994224534011017,0.1073199700455427,0.0,3.040545e-05,-3.0405450161197223e-05,0.0,ICV_113_CASE_25_with_r_theta_phi.csv
7.966243046,0.9568,1.698065951,0.0,3569.435903,0.668434454,331.2813968,325.6772962,11.03391754,0.0005436179412,0.03141438322,335.060869437349,152.342283465922,0.29177605993241,831.324796353616,810.003352604872,0.0006312405364473,0.0314163498458109,0.0005436204477675,317.714231223494,163.4521716395746,19.072951650594405,118.58854641466596,63.93657687550305,0.9680400297064216,8.20121469551242,6.848805941821809,78.0504377466334,ICV_113_CASE_25_with_r_theta_phi.csv,0.46429658738700635,0.1192497574746076,0.9928642884816874,0.9783302473572626,0.2070505423945501,0.0,1.6845755e-05,-1.684575545368716e-05,0.0,ICV_113_CASE_25_with_r_theta_phi.csv
8.745737363,0.9568,1.702836711,0.0,3585.248375,0.6673590059,331.7211744,320.6461273,10.36309213,0.0005436177554,0.03141429748,335.060869437349,152.342283465922,0.29177605993241,831.324796353616,810.003352604872,0.0006312405364473,0.0314163498458109,0.0005436204477675,317.714231223494,163.4521716395746,19.072951650594405,118.58854641466596,63.93657687550305,0.9680400297064216,8.9611964115794,6.243435538302549,79.04585214962208,ICV_113_CASE_25_with_r_theta_phi.csv,0.5073215453166527,0.1087529836415135,0.994068804735904,0.981779567999573,0.19002336661203476,0.0,1.6845755e-05,-1.684575545368716e-05,0.0,ICV_113_CASE_25_with_r_theta_phi.csv
7.191551283,0.9568,1.702953676,0.0,3588.366295,0.6688444445,331.2494712,385.781349,12.75242265,0.0005436180368,0.03141443264,335.060869437349,152.342283465922,0.29177605993241,831.324796353616,810.003352604872,0.0006312405364473,0.0314163498458109,0.0005436204477675,317.714231223494,163.4521716395746,19.072951650594405,118.58854641466596,63.93657687550305,0.9680400297064216,7.452108917522667,7.578411502901076,76.79006418798667,ICV_113_CASE_25_with_r_theta_phi.csv,0.42188735055738824,0.1318829004224487,0.9912653028206739,0.9735392893089089,0.2285196975577918,0.0,1.6845755e-05,-1.684575545368716e-05,0.0,ICV_113_CASE_25_with_r_theta_phi.csv
-0.6028925079,0.9568,1.711918218,0.0,7089.225264,0.6663830758,336.3649729,479.9367439,27.90400046,0.0005436191886,0.03141522622,335.060869437349,152.342283465922,0.29177605993241,831.324796353616,810.003352604872,0.0006312405364473,0.0314163498458109,0.0005436204477675,317.714231223494,163.4521716395746,19.072951650594405,118.58854641466596,63.93657687550305,0.9680400297064216,2.051733316296796,122.21557903376583,33.44902134024977,ICV_113_CASE_25_with_r_theta_phi.csv,0.1161550834056427,0.8460482428938908,-0.533106340889095,0.5511948208152513,0.834376575358179,0.0,1.3107634e-05,-1.3107634003972635e-05,0.0,ICV_113_CASE_25_with_r_theta_phi.csv
-1.085899218,-1.624464481,1.715207871,0.004227299709,15773.7583,0.6632350251,349.8668974,552.0956123,57.03833847,0.0005436194627,0.03141559553,335.060869437349,152.342283465922,0.29177605993241,831.324796353616,810.003352604872,0.0006312405364473,0.0314163498458109,0.0005436204477675,317.714231223494,163.4521716395746,19.072951650594405,118.58854641466596,63.93657687550305,0.9680400297064216,2.6000000004661468,236.23862018151647,48.72335856285417,ICV_113_CASE_25_with_r_theta_phi.csv,0.14719418674445783,-0.8313592511543925,-0.5557353646476061,0.7515331430717402,0.659695334881725,0.004227299709,0.0034860861,0.0007412135602313363,17.5339723009925,ICV_113_CASE_25_with_r_theta_phi.csv
6.41542882,0.9568,1.716067454,0.0,3507.426603,0.6664683155,332.4555311,413.3786868,13.2377188,0.0005436181447,0.03141448831,335.060869437349,152.342283465922,0.29177605993241,831.324796353616,810.003352604872,0.0006312405364473,0.0314163498458109,0.0005436204477675,317.714231223494,163.4521716395746,19.072951650594405,118.58854641466596,63.93657687550305,0.9680400297064216,6.70955145230772,8.482595183710316,75.18108888332665,ICV_113_CASE_25_with_r_theta_phi.csv,0.37984883433287137,0.14750896963057922,0.9890607179938574,0.9667390231964406,0.255764854953123,0.0,1.6845755e-05,-1.684575545368716e-05,0.0,ICV_113_CASE_25_with_r_theta_phi.csv
9.537657142,0.9568,1.719765129,0.0,3604.644674,0.6688142397,331.0457482,315.8197801,10.45831476,0.0005436174792,0.03141417553,335.060869437349,152.342283465922,0.29177605993241,831.324796353616,810.003352604872,0.0006312405364473,0.0314163498458109,0.0005436204477675,317.714231223494,163.4521716395746,19.072951650594405,118.58854641466596,63.93657687550305,0.9680400297064216,9.738581113143123,5.728640026325877,79.8286265432688,ICV_113_CASE_25_with_r_theta_phi.csv,0.5513317410527067,0.09981712853558404,0.9950057994056671,0.9842839615187021,0.17659298711174845,0.0,1.6845755e-05,-1.684575545368716e-05,0.0,ICV_113_CASE_25_with_r_theta_phi.csv
16.7942611,-0.9244379925,1.722417859,0.004227332771,3411.404579,0.6734884272,328.1872506,14.15490393,1.403938185,0.0005436129518,0.03141274495,335.060869437349,152.342283465922,0.29177605993241,831.324796353616,810.003352604872,0.0006312405364473,0.0314163498458109,0.0005436204477675,317.714231223494,163.4521716395746,19.072951650594405,118.58854641466596,63.93657687550305,0.9680400297064216,16.907646636298995,356.8493405485085,84.1530141332297,ICV_113_CASE_25_with_r_theta_phi.csv,0.9571951138255789,-0.05496167211870603,0.9984884649298238,0.9947975022790789,0.10187212307253618,0.004227332771,0.0043446966,-0.00011736387369361279,2.776310265209771,ICV_113_CASE_25_with_r_theta_phi.csv
-1.85028844,-0.5770096344,1.733058732,0.004227301572,15471.04702,0.664089149,347.7055691,358.3696803,45.64814776,0.0005436194243,0.03141554343,335.060869437349,152.342283465922,0.29177605993241,831.324796353616,810.003352604872,0.0006312405364473,0.0314163498458109,0.0005436204477675,317.714231223494,163.4521716395746,19.072951650594405,118.58854641466596,63.93657687550305,0.9680400297064216,2.5999999996056737,197.32001001136115,48.19780331356009,ICV_113_CASE_25_with_r_theta_phi.csv,0.14719418669574375,-0.29770829715267233,-0.9546568859053268,0.7454504446726482,0.6665610508703242,0.004227301572,0.0034860861,0.0007412154232313362,17.534008644320966,ICV_113_CASE_25_with_r_theta_phi.csv
5.62222256,0.9568,1.733300079,0.0,3432.909196,0.6667929889,332.3474461,429.0479828,13.75614433,0.0005436183118,0.03141457208,335.060869437349,152.342283465922,0.29177605993241,831.324796353616,810.003352604872,0.0006312405364473,0.0314163498458109,0.0005436204477675,317.714231223494,163.4521716395746,19.072951650594405,118.58854641466596,63.93657687550305,0.9680400297064216,5.960636033011441,9.658169250039007,73.0946743333854,ICV_113_CASE_25_with_r_theta_phi.csv,0.33745037430828034,0.16776968808215462,0.9858262178299056,0.9567865590341152,0.2907911285642282,0.0,1.6845755e-05,-1.684575545368716e-05,0.0,ICV_113_CASE_25_with_r_theta_phi.csv
10.34564915,0.9568,1.743139731,0.0,3657.910276,0.668352334,331.3891583,260.7277395,10.14528998,0.0005436172887,0.03141408737,335.060869437349,152.342283465922,0.29177605993241,831.324796353616,810.003352604872,0.0006312405364473,0.0314163498458109,0.0005436204477675,317.714231223494,163.4521716395746,19.072951650594405,118.58854641466596,63.93657687550305,0.9680400297064216,10.53501109143633,5.2838736098609616,80.4759495391022,ICV_113_CASE_25_with_r_theta_phi.csv,0.5964201498729977,0.09209032850760651,0.9957506572407377,0.9862162343100226,0.16546159428507468,0.0,1.6845755e-05,-1.684575545368716e-05,0.0,ICV_113_CASE_25_with_r_theta_phi.csv
4.808036725,0.9568,1.757103306,0.0,3217.104849,0.6666333544,332.3926135,433.4775404,13.63631171,0.0005436183655,0.03141458572,335.060869437349,152.342283465922,0.29177605993241,831.324796353616,810.003352604872,0.0006312405364473,0.0314163498458109,0.0005436204477675,317.714231223494,163.4521716395746,19.072951650594405,118.58854641466596,63.93657687550305,0.9680400297064216,5.207695787668944,11.254837727709912,70.28114043001699,ICV_113_CASE_25_with_r_theta_phi.csv,0.2948240562080914,0.1951731332165149,0.9807688045969083,0.9413595349992994,0.3374051360988786,0.0,1.6845755e-05,-1.684575545368716e-05,0.0,ICV_113_CASE_25_with_r_theta_phi.csv
10.95936832,-1.909672956,1.764411858,0.004227355588,5012.854507,0.6687122853,332.7124796,118.7718375,11.81887651,0.0005436178974,0.03141443077,335.060869437349,152.342283465922,0.29177605993241,831.324796353616,810.003352604872,0.0006312405364473,0.0314163498458109,0.0005436204477675,317.714231223494,163.4521716395746,19.072951650594405,118.58854641466596,63.93657687550305,0.9680400297064216,11.263558672859498,350.1154393689751,80.98762334730077,ICV_113_CASE_25_with_r_theta_phi.csv,0.6376655224626125,-0.17166363877490565,0.9851556197487576,0.9876545256204801,0.15664781524612637,0.004227355588,0.0043087034,-8.134776749116161e-05,1.9243180702100529,ICV_113_CASE_25_with_r_theta_phi.csv
15.90261211,0.9568,1.769110537,0.0,4032.141715,0.6697162318,330.3977528,80.31162586,5.341767357,0.0005436161661,0.03141362826,335.060869437349,152.342283465922,0.29177605993241,831.324796353616,810.003352604872,0.0006312405364473,0.0314163498458109,0.0005436204477675,317.714231223494,163.4521716395746,19.072951650594405,118.58854641466596,63.93657687550305,0.9680400297064216,16.0292947522105,3.443119599148872,83.6635087760003,ICV_113_CASE_25_with_r_theta_phi.csv,0.9074688479676217,0.060057611019006966,0.9981949125089196,0.9938908649633962,0.11036733458008402,0.0,6.656751e-05,-6.656751065747812e-05,0.0,ICV_113_CASE_25_with_r_theta_phi.csv
11.12266088,0.9568,1.773305472,0.0,3703.862603,0.6679295717,331.7546225,240.7535151,10.44347732,0.0005436172226,0.03141405627,335.060869437349,152.342283465922,0.29177605993241,831.324796353616,810.003352604872,0.0006312405364473,0.0314163498458109,0.0005436204477675,317.714231223494,163.4521716395746,19.072951650594405,118.58854641466596,63.93657687550305,0.9680400297064216,11.3037013225097,4.916627199988113,80.9742520989385,ICV_113_CASE_25_with_r_theta_phi.csv,0.6399381242579856,0.0857060583289686,0.9963204662987263,0.9876179414633308,0.1568783021954692,0.0,1.6845755e-05,-1.684575545368716e-05,0.0,ICV_113_CASE_25_with_r_theta_phi.csv
4.01683973,0.9568,1.788082987,0.0,3001.604203,0.6673998173,331.8965543,435.1459286,13.05768481,0.0005436184671,0.03141462275,335.060869437349,152.342283465922,0.29177605993241,831.324796353616,810.003352604872,0.0006312405364473,0.0314163498458109,0.0005436204477675,317.714231223494,163.4521716395746,19.072951650594405,118.58854641466596,63.93657687550305,0.9680400297064216,4.499745373341176,13.398026518961103,66.58586693048534,ICV_113_CASE_25_with_r_theta_phi.csv,0.2547447541028241,0.23171439731546317,0.9727838598973215,0.9176566338516391,0.3973742597955721,0.0,1.6845755e-05,-1.684575545368716e-05,0.0,ICV_113_CASE_25_with_r_theta_phi.csv
-0.8121170842,0.9568,1.793576999,0.0,7372.690395,0.6650689331,336.2036221,510.8440306,25.7395694,0.0005436192046,0.03141524969,335.060869437349,152.342283465922,0.29177605993241,831.324796353616,810.003352604872,0.0006312405364473,0.0314163498458109,0.0005436204477675,317.714231223494,163.4521716395746,19.072951650594405,118.58854641466596,63.93657687550305,0.9680400297064216,2.189045191354293,130.32408354926667,34.98100518653189,ICV_113_CASE_25_with_r_theta_phi.csv,0.12392874101172778,0.7623963925037971,-0.6471103002558345,0.5733048378826588,0.8193421524981722,0.0,1.3107634e-05,-1.3107634003972635e-05,0.0,ICV_113_CASE_25_with_r_theta_phi.csv
-1.2560748250000002e-14,-1.877344982,1.79877064,0.004227299709,13482.89116,0.6631303678,346.4596,757.1910171,60.53086754,0.0005436194417,0.03141556334,335.060869437349,152.342283465922,0.29177605993241,831.324796353616,810.003352604872,0.0006312405364473,0.0314163498458109,0.0005436204477675,317.714231223494,163.4521716395746,19.072951650594405,118.58854641466596,63.93657687550305,0.9680400297064216,2.5999999993781904,269.9999999999996,46.2244698573212,ICV_113_CASE_25_with_r_theta_phi.csv,0.14719418668286519,-1.0,-7.289124377473105e-15,0.7220557624803772,0.6918348617039193,0.004227299709,0.0034837865,0.0007435132284987055,17.588372708466075,ICV_113_CASE_25_with_r_theta_phi.csv
11.85713629,0.9568,1.804843745,0.0,3790.970072,0.6687495279,331.5685357,210.8696644,10.52312932,0.0005436170034,0.03141396516,335.060869437349,152.342283465922,0.29177605993241,831.324796353616,810.003352604872,0.0006312405364473,0.0314163498458109,0.0005436204477675,317.714231223494,163.4521716395746,19.072951650594405,118.58854641466596,63.93657687550305,0.9680400297064216,12.031816495587876,4.613430650939904,81.3727301648488,ICV_113_CASE_25_with_r_theta_phi.csv,0.68115901684965,0.08043257614280036,0.9967600517150718,0.988685097950811,0.1500059235163573,0.0,-3.3655829e-06,3.3655828701739665e-06,0.0,ICV_113_CASE_25_with_r_theta_phi.csv
12.88646249,-1.871221755,1.805139647,0.004227399826,3883.525276,0.6702140148,332.086806,70.32213169,7.795027666,0.0005436162321,0.03141374181,335.060869437349,152.342283465922,0.29177605993241,831.324796353616,810.003352604872,0.0006312405364473,0.0314163498458109,0.0005436204477675,317.714231223494,163.4521716395746,19.072951650594405,118.58854641466596,63.93657687550305,0.9680400297064216,13.146136904343177,351.73792223380514,82.1075909171688,ICV_113_CASE_25_with_r_theta_phi.csv,0.744244203891989,-0.143701234133551,0.9896211170485876,0.9905276640917636,0.13731331570140734,0.004227399826,0.004350752,-0.00012335227807376298,2.917923147129915,ICV_113_CASE_25_with_r_theta_phi.csv
5.553917369,-1.869745927,1.806668251,0.00422736397,9216.6568,0.6650163816,340.6034205,480.3837321,39.08443282,0.0005436190262,0.03141516946,335.060869437349,152.342283465922,0.29177605993241,831.324796353616,810.003352604872,0.0006312405364473,0.0314163498458109,0.0005436204477675,317.714231223494,163.4521716395746,19.072951650594405,118.58854641466596,63.93657687550305,0.9680400297064216,6.1323729617811376,341.39401175504054,72.86575092418934,ICV_113_CASE_25_with_r_theta_phi.csv,0.34717294260047815,-0.31905836318354164,0.9477350689315233,0.9556170787571974,0.2946116066748906,0.00422736397,0.003478268,0.00074909604141459,17.720169035678946,ICV_113_CASE_25_with_r_theta_phi.csv
3.263412222,0.9568,1.825079863,0.0,2895.248282,0.6678435654,331.6255824,391.1963362,12.23562173,0.00054361865,0.03141471393,335.060869437349,152.342283465922,0.29177605993241,831.324796353616,810.003352604872,0.0006312405364473,0.0314163498458109,0.0005436204477675,317.714231223494,163.4521716395746,19.072951650594405,118.58854641466596,63.93657687550305,0.9680400297064216,3.859565011374608,16.340612264688104,61.77911976193184,ICV_113_CASE_25_with_r_theta_phi.csv,0.2185021280518444,0.2813469653707535,0.9596061093368821,0.881131182389742,0.4728719059327328,0.0,1.6845755e-05,-1.684575545368716e-05,0.0,ICV_113_CASE_25_with_r_theta_phi.csv
9.184990591,-1.848094942,1.828809746,0.004227378871,6593.383816,0.6671325455,335.5653203,236.8338368,21.09934276,0.0005436183737,0.03141471137,335.060869437349,152.342283465922,0.29177605993241,831.324796353616,810.003352604872,0.0006312405364473,0.0314163498458109,0.0005436204477675,317.714231223494,163.4521716395746,19.072951650594405,118.58854641466596,63.93657687550305,0.9680400297064216,9.545891899580107,348.6235236365006,78.95494688007665,ICV_113_CASE_25_with_r_theta_phi.csv,0.5404229979451097,-0.1972548587859404,0.9803522431684127,0.9814768420525433,0.19158081457851434,0.004227378871,0.003477142,0.0007502369114072999,17.74709421898487,ICV_113_CASE_25_with_r_theta_phi.csv
16.89697403,0.3287186888,1.830450603,0.004227407742,3957.003544,0.6721302699,328.8625326,15.72469169,2.277845079,0.0005436159929,0.03141356682,335.060869437349,152.342283465922,0.29177605993241,831.324796353616,810.003352604872,0.0006312405364473,0.0314163498458109,0.0005436204477675,317.714231223494,163.4521716395746,19.072951650594405,118.58854641466596,63.93657687550305,0.9680400297064216,16.999009875780526,1.1145083116765022,83.81841449340288,ICV_113_CASE_25_with_r_theta_phi.csv,0.9623674744915066,0.01945061292420923,0.9998108189336984,0.9941856229221436,0.10767983643611845,0.004227407742,0.0042756014,-4.819361522160302e-05,1.1400276044203435,ICV_113_CASE_25_with_r_theta_phi.csv
16.09101671,0.9568,1.831635395,0.0,4086.251859,0.6704711808,329.9883214,63.84905592,4.720522703,0.0005436162754,0.03141366207,335.060869437349,152.342283465922,0.29177605993241,831.324796353616,810.003352604872,0.0006312405364473,0.0314163498458109,0.0005436204477675,317.714231223494,163.4521716395746,19.072951650594405,118.58854641466596,63.93657687550305,0.9680400297064216,16.22316779244165,3.402900501386,83.5173436694518,ICV_113_CASE_25_with_r_theta_phi.csv,0.9184446112304615,0.059356907693374074,0.9982368243603721,0.9936060772367236,0.11290245027567013,0.0,0.00024673122,-0.0002467312151566148,0.0,ICV_113_CASE_25_with_r_theta_phi.csv
12.54828826,0.9568,1.838262032,0.0,3844.295892,0.670162795,330.9983293,180.2018025,10.22896748,0.0005436168407,0.03141389534,335.060869437349,152.342283465922,0.29177605993241,831.324796353616,810.003352604872,0.0006312405364473,0.0314163498458109,0.0005436204477675,317.714231223494,163.4521716395746,19.072951650594405,118.58854641466596,63.93657687550305,0.9680400297064216,12.718262923620763,4.360334084359238,81.68951997252145,ICV_113_CASE_25_with_r_theta_phi.csv,0.7200209105803513,0.07602874935031896,0.9971056259355006,0.9894993681811725,0.14453719372210216,0.0,1.2313477e-05,-1.231347687280504e-05,0.0,ICV_113_CASE_25_with_r_theta_phi.csv
15.08,-1.81955416,1.857208297,0.004227393307,3436.390999,0.6709746218,330.1684688,43.40894491,4.026757726,0.0005436138339,0.0314130037,335.060869437349,152.342283465922,0.29177605993241,831.324796353616,810.003352604872,0.0006312405364473,0.0314163498458109,0.0005436204477675,317.714231223494,163.4521716395746,19.072951650594405,118.58854641466596,63.93657687550305,0.9680400297064216,15.302496528332195,353.11994600438965,83.02903436957172,ICV_113_CASE_25_with_r_theta_phi.csv,0.8663225120168897,-0.11979122945183275,0.9927991042232152,0.9926077809228006,0.12136635963690094,0.004227393307,0.004358872,-0.00013147853294054757,3.1101561496947787,ICV_113_CASE_25_with_r_theta_phi.csv
-0.9867482541,0.9568,1.861298781,0.0,7677.825843,0.665114039,335.3572005,481.596268,22.48500608,0.0005436192232,0.03141527465,335.060869437349,152.342283465922,0.29177605993241,831.324796353616,810.003352604872,0.0006312405364473,0.0314163498458109,0.0005436204477675,317.714231223494,163.4521716395746,19.072951650594405,118.58854641466596,63.93657687550305,0.9680400297064216,2.313778621459167,135.88280430983514,36.44367951248665,ICV_113_CASE_25_with_r_theta_phi.csv,0.1309902932428208,0.6961282903250738,-0.7179174070943605,0.5940323259424868,0.8044411698411259,0.0,1.6147647e-05,-1.61476473294897e-05,0.0,ICV_113_CASE_25_with_r_theta_phi.csv
2.549580292,0.9568,1.864190261,0.0,2793.656683,0.6672025049,331.8631358,348.7819786,11.31839131,0.0005436188013,0.03141478926,335.060869437349,152.342283465922,0.29177605993241,831.324796353616,810.003352604872,0.0006312405364473,0.0314163498458109,0.0005436204477675,317.714231223494,163.4521716395746,19.072951650594405,118.58854641466596,63.93657687550305,0.9680400297064216,3.300156243962103,20.56998097943915,55.60608332855611,ICV_113_CASE_25_with_r_theta_phi.csv,0.18683223629713655,0.35135116976446495,0.9362437479124451,0.8251734784977953,0.5648793945470559,0.0,1.6845755e-05,-1.684575545368716e-05,0.0,ICV_113_CASE_25_with_r_theta_phi.csv
13.18909674,0.9568,1.871764264,0.0,3886.184135,0.6711742229,330.5404833,149.519685,9.650548896,0.0005436167558,0.03141385769,335.060869437349,152.342283465922,0.29177605993241,831.324796353616,810.003352604872,0.0006312405364473,0.0314163498458109,0.0005436204477675,317.714231223494,163.4521716395746,19.072951650594405,118.58854641466596,63.93657687550305,0.9680400297064216,13.35556964404986,4.149240582625339,81.94355535942458,ICV_113_CASE_25_with_r_theta_phi.csv,0.7561008507355512,0.07235462869858217,0.9973789689510654,0.9901304825711629,0.14014859072925479,0.0,3.040545e-05,-3.0405450161197223e-05,0.0,ICV_113_CASE_25_with_r_theta_phi.csv
14.96398433,0.9568,1.882869384,0.0,3925.653245,0.6710123597,330.0671249,111.2014107,7.099437472,0.0005436163642,0.03141370129,335.060869437349,152.342283465922,0.29177605993241,831.324796353616,810.003352604872,0.0006312405364473,0.0314163498458109,0.0005436204477675,317.714231223494,163.4521716395746,19.072951650594405,118.58854641466596,63.93657687550305,0.9680400297064216,15.11229599980394,3.6585226764610175,82.84281196064205,ICV_113_CASE_25_with_r_theta_phi.csv,0.855554661205327,0.06380988446316499,0.9979620727486579,0.9922080745502951,0.12459188094412872,0.0,3.040545e-05,-3.0405450161197223e-05,0.0,ICV_113_CASE_25_with_r_theta_phi.csv
-1.770291286,0.2691073432,1.885112729,0.004227304365,12962.81563,0.665791226,340.633425,278.8419426,30.7062395,0.0005436193632,0.03141545854,335.060869437349,152.342283465922,0.29177605993241,831.324796353616,810.003352604872,0.0006312405364473,0.0314163498458109,0.0005436204477675,317.714231223494,163.4521716395746,19.072951650594405,118.58854641466596,63.93657687550305,0.9680400297064216,2.6000000000941395,171.35646769016637,43.52754523359039,ICV_113_CASE_25_with_r_theta_phi.csv,0.14719418672339732,0.15028653964713518,-0.9886424813859104,0.6887032235020089,0.7250433572814401,0.004227304365,0.0034788754,0.0007484289812652971,17.704639090690378,ICV_113_CASE_25_with_r_theta_phi.csv
0.08627194987,0.9568,1.889496161,0.0,4770.024889,0.668331832,332.7608603,601.4281673,20.35629495,0.0005436190537,0.03141505515,335.060869437349,152.342283465922,0.29177605993241,831.324796353616,810.003352604872,0.0006312405364473,0.0314163498458109,0.0005436204477675,317.714231223494,163.4521716395746,19.072951650594405,118.58854641466596,63.93657687550305,0.9680400297064216,2.1196945137845007,84.84773431219281,26.95027103619105,ICV_113_CASE_25_with_r_theta_phi.csv,0.12000258078740758,0.9959595608883738,0.08980285671980473,0.45321699384686776,0.8914002223964319,0.0,-3.2901674e-08,3.290167427394408e-08,0.0,ICV_113_CASE_25_with_r_theta_phi.csv
7.97514005,0.9568,1.889663478,0.0,3751.002514,0.6673123943,331.9899012,347.6990716,11.9349959,0.0005436180501,0.03141444682,335.060869437349,152.342283465922,0.29177605993241,831.324796353616,810.003352604872,0.0006312405364473,0.0314163498458109,0.0005436204477675,317.714231223494,163.4521716395746,19.072951650594405,118.58854641466596,63.93657687550305,0.9680400297064216,8.251615182326491,6.8412379198923645,76.76148426102668,ICV_113_CASE_25_with_r_theta_phi.csv,0.4671499176434648,0.11911861206820233,0.9928800311512691,0.9734251794134109,0.22900528396517142,0.0,1.6845755e-05,-1.684575545368716e-05,0.0,ICV_113_CASE_25_with_r_theta_phi.csv
16.24226992,0.9568,1.889865358,0.0,4140.029148,0.6713731502,329.5097285,51.46157295,4.191227087,0.0005436163765,0.0314136931,335.060869437349,152.342283465922,0.29177605993241,831.324796353616,810.003352604872,0.0006312405364473,0.0314163498458109,0.0005436204477675,317.714231223494,163.4521716395746,19.072951650594405,118.58854641466596,63.93657687550305,0.9680400297064216,16.379816527223532,3.3712850367641067,83.37459002351989,ICV_113_CASE_25_with_r_theta_phi.csv,0.9273129893522436,0.058806077642387405,0.9982694251715403,0.9933216946945594,0.11537768783057013,0.0,0.00014055998,-0.00014055997598916292,0.0,ICV_113_CASE_25_with_r_theta_phi.csv
7.184977768,0.9568,1.893094583,0.0,3827.106672,0.6670383404,332.3579927,419.8923244,14.12506447,0.0005436181609,0.03141450493,335.060869437349,152.342283465922,0.29177605993241,831.324796353616,810.003352604872,0.0006312405364473,0.0314163498458109,0.0005436204477675,317.714231223494,163.4521716395746,19.072951650594405,118.58854641466596,63.93657687550305,0.9680400297064216,7.49154048689842,7.585264275866734,75.3627979114475,ICV_113_CASE_25_with_r_theta_phi.csv,0.42411969585941944,0.13200145823008963,0.9912495220806565,0.9675452981400908,0.2526976375967982,0.0,1.6845755e-05,-1.684575545368716e-05,0.0,ICV_113_CASE_25_with_r_theta_phi.csv
8.770784958,0.9568,1.893274248,0.0,3809.439579,0.6670836153,332.096315,356.9992579,11.84733935,0.0005436178792,0.03141436643,335.060869437349,152.342283465922,0.29177605993241,831.324796353616,810.003352604872,0.0006312405364473,0.0314163498458109,0.0005436204477675,317.714231223494,163.4521716395746,19.072951650594405,118.58854641466596,63.93657687550305,0.9680400297064216,9.023670117951951,6.225745756221045,77.88866497828104,ICV_113_CASE_25_with_r_theta_phi.csv,0.5108583785477187,0.10844606474828639,0.9941023342898911,0.9777417480611631,0.20981199703139258,0.0,1.6845755e-05,-1.684575545368716e-05,0.0,ICV_113_CASE_25_with_r_theta_phi.csv
13.77293113,0.9568,1.89803074,0.0,3890.158898,0.6711784228,330.429711,131.4404218,8.914142644,0.0005436166183,0.03141380199,335.060869437349,152.342283465922,0.29177605993241,831.324796353616,810.003352604872,0.0006312405364473,0.0314163498458109,0.0005436204477675,317.714231223494,163.4521716395746,19.072951650594405,118.58854641466596,63.93657687550305,0.9680400297064216,13.935982880360754,3.973930260016914,82.17219224157122,ICV_113_CASE_25_with_r_theta_phi.csv,0.7889598716121604,0.0693025721051346,0.9975956863878335,0.9906818560068085,0.13619640295876081,0.0,3.040545e-05,-3.0405450161197223e-05,0.0,ICV_113_CASE_25_with_r_theta_phi.csv
1.885899252,0.9568,1.898095608,0.0,2729.555464,0.6673204148,331.7792766,391.2118875,11.78764551,0.0005436188709,0.03141482362,335.060869437349,152.342283465922,0.29177605993241,831.324796353616,810.003352604872,0.0006312405364473,0.0314163498458109,0.0005436204477675,317.714231223494,163.4521716395746,19.072951650594405,118.58854641466596,63.93657687550305,0.9680400297064216,2.841627907697109,26.90069350179021,48.090139190612376,ICV_113_CASE_25_with_r_theta_phi.csv,0.1608735033957079,0.4524455034974914,0.891792053320112,0.7441965988277993,0.6679606442696573,0.0,1.6845755e-05,-1.684575545368716e-05,0.0,ICV_113_CASE_25_with_r_theta_phi.csv
6.391914451,0.9568,1.902355464,0.0,3823.899107,0.6662030642,332.9135031,521.6491627,16.17973347,0.0005436182688,0.03141456457,335.060869437349,152.342283465922,0.29177605993241,831.324796353616,810.003352604872,0.0006312405364473,0.0314163498458109,0.0005436204477675,317.714231223494,163.4521716395746,19.072951650594405,118.58854641466596,63.93657687550305,0.9680400297064216,6.737283792472549,8.513344225513038,73.59875054240115,ICV_113_CASE_25_with_r_theta_phi.csv,0.38141884943146775,0.1480397495772699,0.9889814116276904,0.9593078172497482,0.2823623766784868,0.0,1.6845755e-05,-1.684575545368716e-05,0.0,ICV_113_CASE_25_with_r_theta_phi.csv
9.580576624,0.9568,1.905655622,0.0,3850.01985,0.6675874654,331.9304869,343.8930431,11.96354452,0.0005436177169,0.03141428861,335.060869437349,152.342283465922,0.29177605993241,831.324796353616,810.003352604872,0.0006312405364473,0.0314163498458109,0.0005436204477675,317.714231223494,163.4521716395746,19.072951650594405,118.58854641466596,63.93657687550305,0.9680400297064216,9.815010852668246,5.703146172214758,78.80450267333731,ICV_113_CASE_25_with_r_theta_phi.csv,0.5556586692644275,0.09937438915394393,0.9950501147079379,0.9809704165130303,0.19415726081259957,0.0,1.6845755e-05,-1.684575545368716e-05,0.0,ICV_113_CASE_25_with_r_theta_phi.csv
14.32584925,0.9568,1.913445972,0.0,3863.314573,0.6717743797,329.8765402,129.0713247,8.108852475,0.0005436165123,0.03141376031,335.060869437349,152.342283465922,0.29177605993241,831.324796353616,810.003352604872,0.0006312405364473,0.0314163498458109,0.0005436204477675,317.714231223494,163.4521716395746,19.072951650594405,118.58854641466596,63.93657687550305,0.9680400297064216,14.48470567396827,3.82101653227096,82.40897456152885,ICV_113_CASE_25_with_r_theta_phi.csv,0.820024796742439,0.06663989718043904,0.9977770913905473,0.9912362441571935,0.13210112894726045,0.0,3.040545e-05,-3.0405450161197223e-05,0.0,ICV_113_CASE_25_with_r_theta_phi.csv
5.580786546,0.9568,1.91452653,0.0,3677.708043,0.666311114,332.8285827,547.1507221,16.45456065,0.0005436184021,0.03141463454,335.060869437349,152.342283465922,0.29177605993241,831.324796353616,810.003352604872,0.0006312405364473,0.0314163498458109,0.0005436204477675,317.714231223494,163.4521716395746,19.072951650594405,118.58854641466596,63.93657687550305,0.9680400297064216,5.977127783985252,9.728513415881594,71.31840016832427,ICV_113_CASE_25_with_r_theta_phi.csv,0.33838402425910613,0.16897989695763865,0.9856194977901898,0.9473131916842766,0.3203087836150437,0.0,1.6845755e-05,-1.684575545368716e-05,0.0,ICV_113_CASE_25_with_r_theta_phi.csv
-1.130284026,0.9568,1.919052374,0.0,8053.091023,0.6652840682,334.1668311,388.8249954,16.67571026,0.0005436192465,0.03141530411,335.060869437349,152.342283465922,0.29177605993241,831.324796353616,810.003352604872,0.0006312405364473,0.0314163498458109,0.0005436204477675,317.714231223494,163.4521716395746,19.072951650594405,118.58854641466596,63.93657687550305,0.9680400297064216,2.423998810557836,139.75165540155172,37.65639925422687,ICV_113_CASE_25_with_r_theta_phi.csv,0.13723020520216322,0.646101927902385,-0.7632511374120718,0.6109247606105059,0.7916886615791564,0.0,1.6147647e-05,-1.61476473294897e-05,0.0,ICV_113_CASE_25_with_r_theta_phi.csv
1.282974842,0.9568,1.91938481,0.0,2788.988175,0.6693921564,330.7318459,591.271342,14.00926738,0.0005436189013,0.03141485302,335.060869437349,152.342283465922,0.29177605993241,831.324796353616,810.003352604872,0.0006312405364473,0.0314163498458109,0.0005436204477675,317.714231223494,163.4521716395746,19.072951650594405,118.58854641466596,63.93657687550305,0.9680400297064216,2.499105586817744,36.71435227861906,39.82280381808039,ICV_113_CASE_25_with_r_theta_phi.csv,0.1414822362977759,0.5978259686264782,0.8016259172680316,0.6404154269327361,0.7680286979967358,0.0,1.6845755e-05,-1.684575545368716e-05,0.0,ICV_113_CASE_25_with_r_theta_phi.csv
10.40793387,0.9568,1.922337947,0.0,3937.648924,0.6677161139,332.0528845,287.0916709,11.83578174,0.0005436176196,0.03141423819,335.060869437349,152.342283465922,0.29177605993241,831.324796353616,810.003352604872,0.0006312405364473,0.0314163498458109,0.0005436204477675,317.714231223494,163.4521716395746,19.072951650594405,118.58854641466596,63.93657687550305,0.9680400297064216,10.627132109123767,5.25243044545482,79.57841774831576,ICV_113_CASE_25_with_r_theta_phi.csv,0.6016354107492067,0.09154385990460982,0.995801045246371,0.9835034028404128,0.1808896254662731,0.0,1.6845755e-05,-1.684575545368716e-05,0.0,ICV_113_CASE_25_with_r_theta_phi.csv
0.7159486481,0.9568,1.926904135,0.0,3424.938382,0.6691572863,331.1567676,638.1047559,16.11788415,0.0005436189505,0.0314149201,335.060869437349,152.342283465922,0.29177605993241,831.324796353616,810.003352604872,0.0006312405364473,0.0314163498458109,0.0005436204477675,317.714231223494,163.4521716395746,19.072951650594405,118.58854641466596,63.93657687550305,0.9680400297064216,2.267379159337122,53.193442758028255,31.805986293365265,ICV_113_CASE_25_with_r_theta_phi.csv,0.12836347359235536,0.800662810172353,0.5991152346643429,0.5270445898586821,0.8498376317277869,0.0,-4.0050313e-06,4.005031314591179e-06,0.0,ICV_113_CASE_25_with_r_theta_phi.csv
4.746973311,0.9568,1.931413155,0.0,3502.483292,0.6662840436,332.7880866,569.687243,16.47404559,0.0005436184906,0.03141467146,335.060869437349,152.342283465922,0.29177605993241,831.324796353616,810.003352604872,0.0006312405364473,0.0314163498458109,0.0005436204477675,317.714231223494,163.4521716395746,19.072951650594405,118.58854641466596,63.93657687550305,0.9680400297064216,5.21340374713616,11.395850992891496,68.25535264222731,ICV_113_CASE_25_with_r_theta_phi.csv,0.29514720176639775,0.1975863546661224,0.980285485177534,0.9288441667505697,0.3704706653615638,0.0,1.2873633e-05,-1.2873632840637583e-05,0.0,ICV_113_CASE_25_with_r_theta_phi.csv
16.36862072,0.9568,1.938176806,0.00214254437,4112.948493,0.6720265445,329.0709637,31.94115516,3.09859342,0.0005436165189,0.03141373452,335.060869437349,152.342283465922,0.29177605993241,831.324796353616,810.003352604872,0.0006312405364473,0.0314163498458109,0.0005436204477675,317.714231223494,163.4521716395746,19.072951650594405,118.58854641466596,63.93657687550305,0.9680400297064216,16.510715909570052,3.345321127129523,83.2585605052816,ICV_113_CASE_25_with_r_theta_phi.csv,0.9347236155547026,0.05835370013000406,0.9982959709831236,0.9930860070160482,0.11738902277862909,0.00214254437,0.0010963975,0.001046146848094399,48.82731308878919,ICV_113_CASE_25_with_r_theta_phi.csv
13.98809691,-1.72842279,1.94230653,0.004227397963,3544.028607,0.6709764718,330.8915655,53.07537518,5.679576231,0.0005436150813,0.03141336819,335.060869437349,152.342283465922,0.29177605993241,831.324796353616,810.003352604872,0.0006312405364473,0.0314163498458109,0.0005436204477675,317.714231223494,163.4521716395746,19.072951650594405,118.58854641466596,63.93657687550305,0.9680400297064216,14.227679190965178,352.9560186103332,82.15370528067541,ICV_113_CASE_25_with_r_theta_phi.csv,0.8054737182306524,-0.12263120576091471,0.9924523098736907,0.9906378595336276,0.1365160476231005,0.004227397963,0.004350752,-0.0001233541410737629,2.917968502710924,ICV_113_CASE_25_with_r_theta_phi.csv
11.20428163,0.9568,1.943848875,0.0,4025.253964,0.6676175405,332.3264351,230.6565867,11.49517611,0.0005436175142,0.03141418281,335.060869437349,152.342283465922,0.29177605993241,831.324796353616,810.003352604872,0.0006312405364473,0.0314163498458109,0.0005436204477675,317.714231223494,163.4521716395746,19.072951650594405,118.58854641466596,63.93657687550305,0.9680400297064216,11.411833399291906,4.8809843063575045,80.19263025130954,ICV_113_CASE_25_with_r_theta_phi.csv,0.6460598216041751,0.08508624492227039,0.9963735900379072,0.9853859969002219,0.17033624720814966,0.0,1.2873633e-05,-1.2873632840637583e-05,0.0,ICV_113_CASE_25_with_r_theta_phi.csv
13.42687713,-1.725090554,1.945266712,0.004227397498,3737.714503,0.6705956378,331.6016279,63.82042388,6.994635937,0.0005436156964,0.03141356348,335.060869437349,152.342283465922,0.29177605993241,831.324796353616,810.003352604872,0.0006312405364473,0.0314163498458109,0.0005436204477675,317.714231223494,163.4521716395746,19.072951650594405,118.58854641466596,63.93657687550305,0.9680400297064216,13.676294434693643,352.6787240973506,81.82272292433231,ICV_113_CASE_25_with_r_theta_phi.csv,0.7742580910121414,-0.1274329245114895,0.9918471907256929,0.9898327182553204,0.14223638729693439,0.004227397498,0.004350752,-0.00012335460607376322,2.9179798233533285,ICV_113_CASE_25_with_r_theta_phi.csv
10.33204275,-1.716345927,1.9529866,0.004227365367,5586.57381,0.6680922298,333.7019803,162.9708447,15.12310508,0.0005436180861,0.0314145386,335.060869437349,152.342283465922,0.29177605993241,831.324796353616,810.003352604872,0.0006312405364473,0.0314163498458109,0.0005436204477675,317.714231223494,163.4521716395746,19.072951650594405,118.58854641466596,63.93657687550305,0.9680400297064216,10.654159159161113,350.56822588525813,79.43753178825426,ICV_113_CASE_25_with_r_theta_phi.csv,0.6031654971529127,-0.16387305343683878,0.9864814353840051,0.9830556361901532,0.18330743616878475,0.004227365367,0.0043087034,-8.133798849116122e-05,1.9240822926465628,ICV_113_CASE_25_with_r_theta_phi.csv
3.936124982,0.9568,1.953551471,0.0,3264.88127,0.6661831948,332.6513317,563.343482,15.42080481,0.0005436185807,0.03141470452,335.060869437349,152.342283465922,0.29177605993241,831.324796353616,810.003352604872,0.0006312405364473,0.0314163498458109,0.0005436204477675,317.714231223494,163.4521716395746,19.072951650594405,118.58854641466596,63.93657687550305,0.9680400297064216,4.497211298546107,13.662568766345316,64.25340391121404,ICV_113_CASE_25_with_r_theta_phi.csv,0.25460129214953836,0.23620338421000947,0.97170363860991,0.9007240478904025,0.4343917466434276,0.0,1.2873633e-05,-1.2873632840637583e-05,0.0,ICV_113_CASE_25_with_r_theta_phi.csv
12.35521463,-1.7126355,1.956241203,0.004227397032,4175.277671,0.6696905539,331.9850922,73.84427695,8.454282919,0.0005436170579,0.0314140501,335.060869437349,152.342283465922,0.29177605993241,831.324796353616,810.003352604872,0.0006312405364473,0.0314163498458109,0.0005436204477675,317.714231223494,163.4521716395746,19.072951650594405,118.58854641466596,63.93657687550305,0.9680400297064216,12.625819916090247,352.10815428519135,81.08669885070668,ICV_113_CASE_25_with_r_theta_phi.csv,0.7147874208452641,-0.13730357620582115,0.990529014194482,0.9879239233094276,0.1549397358746565,0.004227397032,0.0042908383,-6.344122820360013e-05,1.500716107532929,ICV_113_CASE_25_with_r_theta_phi.csv
11.95810299,0.9568,1.966265859,0.0,4101.966254,0.667347187,332.6412207,193.1409053,11.1136518,0.0005436173264,0.03141409665,335.060869437349,152.342283465922,0.29177605993241,831.324796353616,810.003352604872,0.0006312405364473,0.0314163498458109,0.0005436204477675,317.714231223494,163.4521716395746,19.072951650594405,118.58854641466596,63.93657687550305,0.9680400297064216,12.156393165232686,4.574643778254938,80.69165970394766,ICV_113_CASE_25_with_r_theta_phi.csv,0.6882116943775012,0.07975779244036375,0.9968142728437629,0.9868321819899772,0.16174747166153927,0.0,-7.3377078e-06,7.337707756960299e-06,0.0,ICV_113_CASE_25_with_r_theta_phi.csv
-1.24954663,0.9568,1.967037375,0.002138663083,8339.167116,0.6678236375,331.8717655,253.5386785,9.782877319,0.0005436192818,0.03141534775,335.060869437349,152.342283465922,0.29177605993241,831.324796353616,810.003352604872,0.0006312405364473,0.0314163498458109,0.0005436204477675,317.714231223494,163.4521716395746,19.072951650594405,118.58854641466596,63.93657687550305,0.9680400297064216,2.5191405389916715,142.55807926220325,38.66275354841344,ICV_113_CASE_25_with_r_theta_phi.csv,0.14261647802515154,0.6079569144508399,-0.7939700184335767,0.6247351873552941,0.78083669591032,0.002138663083,0.0017312737,0.0004073893648217277,19.04878649982475,ICV_113_CASE_25_with_r_theta_phi.csv
16.47795466,0.9568,1.972373326,0.004227404483,4064.315923,0.672147812,328.9113331,18.24070497,2.471407204,0.0005436166157,0.03141375971,335.060869437349,152.342283465922,0.29177605993241,831.324796353616,810.003352604872,0.0006312405364473,0.0314163498458109,0.0005436204477675,317.714231223494,163.4521716395746,19.072951650594405,118.58854641466596,63.93657687550305,0.9680400297064216,16.623137867265978,3.3231742836606486,83.1856713768019,ICV_113_CASE_25_with_r_theta_phi.csv,0.9410881765671275,0.05796781911028793,0.99831845217225,0.9929358663963935,0.1186522870561012,0.004227404483,0.0026274314,0.0015999730679785804,37.84764561882364,ICV_113_CASE_25_with_r_theta_phi.csv
8.421291287,-1.692396841,1.973776313,0.004227383062,6948.314824,0.6667347771,336.3178583,283.1864671,24.03759644,0.0005436184922,0.03141478712,335.060869437349,152.342283465922,0.29177605993241,831.324796353616,810.003352604872,0.0006312405364473,0.0314163498458109,0.0005436204477675,317.714231223494,163.4521716395746,19.072951650594405,118.58854641466596,63.93657687550305,0.9680400297064216,8.813520689355009,348.6368348129697,77.05893560162247,ICV_113_CASE_25_with_r_theta_phi.csv,0.49896115768941335,-0.19702709425057796,0.9803980437205971,0.9746009384934918,0.22394867869135754,0.004227383062,0.003477142,0.0007502411024073001,17.747175763979257,ICV_113_CASE_25_with_r_theta_phi.csv
3.164030398,0.9568,1.980252531,0.0,3074.817184,0.6661111736,332.509237,462.5990099,13.19982068,0.0005436187485,0.03141478803,335.060869437349,152.342283465922,0.29177605993241,831.324796353616,810.003352604872,0.0006312405364473,0.0314163498458109,0.0005436204477675,317.714231223494,163.4521716395746,19.072951650594405,118.58854641466596,63.93657687550305,0.9680400297064216,3.853304385329551,16.82527026928244,59.07535917967584,ICV_113_CASE_25_with_r_theta_phi.csv,0.21814769429836436,0.28945399401064975,0.9571919271239613,0.8578439710589074,0.5139102269053266,0.0,1.2873633e-05,-1.2873632840637583e-05,0.0,ICV_113_CASE_25_with_r_theta_phi.csv
12.66895243,0.9568,1.990088407,0.0,4100.374742,0.6679171415,332.3683494,167.4739099,10.34311384,0.0005436170963,0.03141399759,335.060869437349,152.342283465922,0.29177605993241,831.324796353616,810.003352604872,0.0006312405364473,0.0314163498458109,0.0005436204477675,317.714231223494,163.4521716395746,19.072951650594405,118.58854641466596,63.93657687550305,0.9680400297064216,12.859948436182732,4.318962409285405,81.09765128482383,ICV_113_CASE_25_with_r_theta_phi.csv,0.7280421735770018,0.0753087475918627,0.997160264218418,0.9879535229253645,0.15475088542351284,0.0,1.0754259e-05,-1.0754259164968971e-05,0.0,ICV_113_CASE_25_with_r_theta_phi.csv
15.19361454,0.9568,1.994032723,0.0,4082.602852,0.6686370819,331.2493775,85.18819428,6.214440582,0.0005436164438,0.03141372912,335.060869437349,152.342283465922,0.29177605993241,831.324796353616,810.003352604872,0.0006312405364473,0.0314163498458109,0.0005436204477675,317.714231223494,163.4521716395746,19.072951650594405,118.58854641466596,63.93657687550305,0.9680400297064216,15.353747279752074,3.603376026113949,82.53776339003207,ICV_113_CASE_25_with_r_theta_phi.csv,0.8692239784299431,0.0628493259209705,0.9980230269043293,0.9915306752473421,0.1298727070771606,0.0,1.0754259e-05,-1.0754259164968971e-05,0.0,ICV_113_CASE_25_with_r_theta_phi.csv
-0.1252543404,0.9568,2.002616614,0.0,5110.260317,0.6658407372,333.8534933,613.2272203,19.50352501,0.0005436190698,0.03141507702,335.060869437349,152.342283465922,0.29177605993241,831.324796353616,810.003352604872,0.0006312405364473,0.0314163498458109,0.0005436204477675,317.714231223494,163.4521716395746,19.072951650594405,118.58854641466596,63.93657687550305,0.9680400297064216,2.2229773261232024,97.45815833778016,25.72715853801742,ICV_113_CASE_25_with_r_theta_phi.csv,0.12584974600438836,0.9915399169809971,-0.12980213031116825,0.4340861516860013,0.9008713631337373,0.0,-4.0050313e-06,4.005031314591179e-06,0.0,ICV_113_CASE_25_with_r_theta_phi.csv
-1.348449398,0.9568,2.00654379,0.004227275494,8971.983504,0.6693588117,331.5680009,199.9242535,10.66954189,0.0005436193105,0.03141538411,335.060869437349,152.342283465922,0.29177605993241,831.324796353616,810.003352604872,0.0006312405364473,0.0314163498458109,0.0005436204477675,317.714231223494,163.4521716395746,19.072951650594405,118.58854641466596,63.93657687550305,0.9680400297064216,2.6000000000296395,144.64217522587592,39.48891673968393,ICV_113_CASE_25_with_r_theta_phi.csv,0.14719418671974577,0.5786810026967993,-0.8155539817313302,0.6359289457936784,0.7717476115296639,0.004227275494,0.0031412207,0.0010860548349824369,25.691602931179126,ICV_113_CASE_25_with_r_theta_phi.csv
-1.336091084,-0.9719560389,2.007526357,0.0042273039,13573.58353,0.6641578421,346.4694186,472.3938354,48.66967838,0.0005436193858,0.03141549127,335.060869437349,152.342283465922,0.29177605993241,831.324796353616,810.003352604872,0.0006312405364473,0.0314163498458109,0.0005436204477675,317.714231223494,163.4521716395746,19.072951650594405,118.58854641466596,63.93657687550305,0.9680400297064216,2.600000000066955,216.0344809867835,39.454855569347785,ICV_113_CASE_25_with_r_theta_phi.csv,0.14719418672185833,-0.5882720177106298,-0.8086631147632891,0.6354700452623405,0.7721255219031935,0.0042273039,0.0034860861,0.0007412177512313364,17.534054058805562,ICV_113_CASE_25_with_r_theta_phi.csv
2.432423795,0.9568,2.008629563,0.0,2869.06714,0.6661289373,332.2731369,405.8681466,11.25870098,0.0005436188573,0.03141484028,335.060869437349,152.342283465922,0.29177605993241,831.324796353616,810.003352604872,0.0006312405364473,0.0314163498458109,0.0005436204477675,317.714231223494,163.4521716395746,19.072951650594405,118.58854641466596,63.93657687550305,0.9680400297064216,3.296474553191602,21.472319742535035,52.459173828401845,ICV_113_CASE_25_with_r_theta_phi.csv,0.18662380418993993,0.36605168842329516,0.9305945204021216,0.7929193652884291,0.6093265792254551,0.0,1.2873633e-05,-1.2873632840637583e-05,0.0,ICV_113_CASE_25_with_r_theta_phi.csv
4.692535111,-1.647901044,2.011074874,0.00422735326,9450.619655,0.6649016456,341.0656121,514.5440548,41.28445578,0.0005436190941,0.03141521218,335.060869437349,152.342283465922,0.29177605993241,831.324796353616,810.003352604872,0.0006312405364473,0.0314163498458109,0.0005436204477675,317.714231223494,163.4521716395746,19.072951650594405,118.58854641466596,63.93657687550305,0.9680400297064216,5.364688785718905,340.6499999433947,67.98356057112244,ICV_113_CASE_25_with_r_theta_phi.csv,0.30371192415747417,-0.33133788939471365,0.9435121637008483,0.9270763334700386,0.3748726075878974,0.00422735326,0.003478268,0.0007490853314145902,17.719960579717213,ICV_113_CASE_25_with_r_theta_phi.csv
13.33048508,0.9568,2.013657071,0.0,4063.838479,0.6684864093,331.9783042,142.4607399,9.342307568,0.000543616884,0.03141391146,335.060869437349,152.342283465922,0.29177605993241,831.324796353616,810.003352604872,0.0006312405364473,0.0314163498458109,0.0005436204477675,317.714231223494,163.4521716395746,19.072951650594405,118.58854641466596,63.93657687550305,0.9680400297064216,13.515624791613998,4.105383389720885,81.43175363637573,ICV_113_CASE_25_with_r_theta_phi.csv,0.7651620766108372,0.07159116143390395,0.9974340607802326,0.9888391025080151,0.14898734627861265,0.0,1.0754259e-05,-1.0754259164968971e-05,0.0,ICV_113_CASE_25_with_r_theta_phi.csv
11.61924377,-1.641455204,2.016339459,0.004227372352,4647.517731,0.6692247315,332.2189936,95.31827937,10.21084569,0.0005436176133,0.03141429243,335.060869437349,152.342283465922,0.29177605993241,831.324796353616,810.003352604872,0.0006312405364473,0.0314163498458109,0.0005436204477675,317.714231223494,163.4521716395746,19.072951650594405,118.58854641466596,63.93657687550305,0.9680400297064216,11.906587495472534,351.95901281949193,80.25017199502912,ICV_113_CASE_25_with_r_theta_phi.csv,0.6740694088398443,-0.1398814646937619,0.9901682563257256,0.9855565674204505,0.16934654532767734,0.004227372352,0.0043705846,-0.0001432122663001991,3.3877372121849394,ICV_113_CASE_25_with_r_theta_phi.csv
13.93802716,0.9568,2.031404944,0.0,3974.000307,0.6688929006,331.4944343,120.2631741,8.077282665,0.0005436167428,0.03141385324,335.060869437349,152.342283465922,0.29177605993241,831.324796353616,810.003352604872,0.0006312405364473,0.0314163498458109,0.0005436204477675,317.714231223494,163.4521716395746,19.072951650594405,118.58854641466596,63.93657687550305,0.9680400297064216,14.117743211979928,3.9270071831163023,81.72698138156409,ICV_113_CASE_25_with_r_theta_phi.csv,0.7992498963007337,0.06848555581072895,0.997652108024283,0.9895936586959703,0.14389020351894516,0.0,1.0754259e-05,-1.0754259164968971e-05,0.0,ICV_113_CASE_25_with_r_theta_phi.csv
1.750834933,0.9568,2.033096035,0.0,2817.517855,0.6662246163,332.151678,463.5856551,11.55066648,0.0005436189032,0.03141486281,335.060869437349,152.342283465922,0.29177605993241,831.324796353616,810.003352604872,0.0006312405364473,0.0314163498458109,0.0005436204477675,317.714231223494,163.4521716395746,19.072951650594405,118.58854641466596,63.93657687550305,0.9680400297064216,2.84857309720952,28.6558159454205,44.46124615385276,ICV_113_CASE_25_with_r_theta_phi.csv,0.16126669244258568,0.47954693711446156,0.8775162306784636,0.7004266740888567,0.7137243685238878,0.0,1.2873633e-05,-1.2873632840637583e-05,0.0,ICV_113_CASE_25_with_r_theta_phi.csv
3.76282361,-1.619503708,2.034012719,0.004227343015,10589.92444,0.664370463,342.7697084,549.5524268,45.86737301,0.0005436192762,0.0314153583,335.060869437349,152.342283465922,0.29177605993241,831.324796353616,810.003352604872,0.0006312405364473,0.0314163498458109,0.0005436204477675,317.714231223494,163.4521716395746,19.072951650594405,118.58854641466596,63.93657687550305,0.9680400297064216,4.573712006811639,336.71315609403314,63.59469282963113,ICV_113_CASE_25_with_r_theta_phi.csv,0.25893223812511573,-0.3953346010899659,0.9185371811641799,0.8956705709087801,0.4447181449052195,0.004227343015,0.003478268,0.00074907508641459,17.719761173375996,ICV_113_CASE_25_with_r_theta_phi.csv
7.671679738,-1.614660028,2.037859906,0.004227381665,7117.991994,0.6663691402,336.8505685,330.2133821,26.54601564,0.0005436185979,0.03141485552,335.060869437349,152.342283465922,0.29177605993241,831.324796353616,810.003352604872,0.0006312405364473,0.0314163498458109,0.0005436204477675,317.714231223494,163.4521716395746,19.072951650594405,118.58854641466596,63.93657687550305,0.9680400297064216,8.100288266780574,348.11442031564553,75.42904942834133,ICV_113_CASE_25_with_r_theta_phi.csv,0.45858282446564363,-0.20595790578249434,0.9785608519891286,0.9678368473222839,0.2515786894100177,0.004227381665,0.003477142,0.0007502397054073,17.74714858233243,ICV_113_CASE_25_with_r_theta_phi.csv
14.52235106,0.9568,2.0410699,0.0,4037.488181,0.6685497413,331.5165447,99.78051928,7.151369414,0.0005436166286,0.0314138041,335.060869437349,152.342283465922,0.29177605993241,831.324796353616,810.003352604872,0.0006312405364473,0.0314163498458109,0.0005436204477675,317.714231223494,163.4521716395746,19.072951650594405,118.58854641466596,63.93657687550305,0.9680400297064216,14.696261867786962,3.7694644652573857,82.01674927921295,ICV_113_CASE_25_with_r_theta_phi.csv,0.8320016590094822,0.06574211709098023,0.9978366469720361,0.9903087109106768,0.13888360988408013,0.0,1.0754259e-05,-1.0754259164968971e-05,0.0,ICV_113_CASE_25_with_r_theta_phi.csv
2.965423999,-1.606312218,2.044446394,0.004227331374,11361.06069,0.663923843,343.8604702,556.9757947,48.18123108,0.0005436193802,0.03141545592,335.060869437349,152.342283465922,0.29177605993241,831.324796353616,810.003352604872,0.0006312405364473,0.0314163498458109,0.0005436204477675,317.714231223494,163.4521716395746,19.072951650594405,118.58854641466596,63.93657687550305,0.9680400297064216,3.943822954124695,331.5564606224346,58.77554615525816,ICV_113_CASE_25_with_r_theta_phi.csv,0.22327223549708927,-0.476292521462079,0.8792868894731087,0.8551430882790966,0.5183920317370717,0.004227331374,0.003478268,0.0007490634454145901,17.719534594436425,ICV_113_CASE_25_with_r_theta_phi.csv
15.68831319,-1.483023045,2.047094944,0.004227389116,3463.242115,0.6710300319,329.8201554,31.79437798,2.958957726,0.0005436136746,0.03141295294,335.060869437349,152.342283465922,0.29177605993241,831.324796353616,810.003352604872,0.0006312405364473,0.0314163498458109,0.0005436204477675,317.714231223494,163.4521716395746,19.072951650594405,118.58854641466596,63.93657687550305,0.9680400297064216,15.890661591301964,354.59985222482345,82.59837218490611,ICV_113_CASE_25_with_r_theta_phi.csv,0.8996203882091267,-0.09411088103516682,0.9955617218790529,0.9916675028055613,0.12882377063019929,0.004227389116,0.0043716617,-0.0001442725768577421,3.412805702639606,ICV_113_CASE_25_with_r_theta_phi.csv
1.12701085,0.9568,2.047930458,0.0,2938.674437,0.6665821142,332.011639,723.7328313,14.33259186,0.0005436189257,0.03141488428,335.060869437349,152.342283465922,0.29177605993241,831.324796353616,810.003352604872,0.0006312405364473,0.0314163498458109,0.0005436204477675,317.714231223494,163.4521716395746,19.072951650594405,118.58854641466596,63.93657687550305,0.9680400297064216,2.5257946980746104,40.33030533974181,35.82520801159251,ICV_113_CASE_25_with_r_theta_phi.csv,0.14299319092303842,0.647193085620498,0.7623261178295144,0.5853144562702948,0.8108063808832594,0.0,1.2873633e-05,-1.2873632840637583e-05,0.0,ICV_113_CASE_25_with_r_theta_phi.csv
0.5312311738,0.9568,2.052377207,0.0,3377.94494,0.6665383054,332.0800036,825.9156692,15.60127472,0.0005436189589,0.03141493265,335.060869437349,152.342283465922,0.29177605993241,831.324796353616,810.003352604872,0.0006312405364473,0.0314163498458109,0.0005436204477675,317.714231223494,163.4521716395746,19.072951650594405,118.58854641466596,63.93657687550305,0.9680400297064216,2.325924547320924,60.96024156197245,28.06773133853176,ICV_113_CASE_25_with_r_theta_phi.csv,0.13167791235018975,0.8742830796111413,0.4854164157768655,0.4705149976457394,0.8823919973517608,0.0,-4.0050313e-06,4.005031314591179e-06,0.0,ICV_113_CASE_25_with_r_theta_phi.csv
7.983964409,0.9568,2.053569255,0.0,3893.317198,0.6673204303,332.1143214,338.1785804,12.25858819,0.000543618106,0.03141448054,335.060869437349,152.342283465922,0.29177605993241,831.324796353616,810.003352604872,0.0006312405364473,0.0314163498458109,0.0005436204477675,317.714231223494,163.4521716395746,19.072951650594405,118.58854641466596,63.93657687550305,0.9680400297064216,8.299174694465709,6.833748116501113,75.67377090223715,ICV_113_CASE_25_with_r_theta_phi.csv,0.4698424113780957,0.11898882005594993,0.9928955940589589,0.9689025576496615,0.24744258683570314,0.0,1.2873633e-05,-1.2873632840637583e-05,0.0,ICV_113_CASE_25_with_r_theta_phi.csv
7.178338105,0.9568,2.055762621,0.0,3998.451786,0.6670666699,332.4887391,395.2482986,14.26558648,0.0005436182235,0.03141454372,335.060869437349,152.342283465922,0.29177605993241,831.324796353616,810.003352604872,0.0006312405364473,0.0314163498458109,0.0005436204477675,317.714231223494,163.4521716395746,19.072951650594405,118.58854641466596,63.93657687550305,0.9680400297064216,7.527958829828693,7.592198525588003,74.15215412676747,ICV_113_CASE_25_with_r_theta_phi.csv,0.4261814529245122,0.13212142372099725,0.9912335392801924,0.9619902855326941,0.2730836694874409,0.0,1.2873633e-05,-1.2873632840637583e-05,0.0,ICV_113_CASE_25_with_r_theta_phi.csv
8.794011891,0.9568,2.055836038,0.0,3990.69659,0.6670567824,332.3179142,367.8071304,12.85700312,0.0005436179414,0.03141440246,335.060869437349,152.342283465922,0.29177605993241,831.324796353616,810.003352604872,0.0006312405364473,0.0314163498458109,0.0005436204477675,317.714231223494,163.4521716395746,19.072951650594405,118.58854641466596,63.93657687550305,0.9680400297064216,9.081661367513597,6.209430803470241,76.91641599247737,ICV_113_CASE_25_with_r_theta_phi.csv,0.5141414457846382,0.10816299007097588,0.994133173965594,0.9740408658743872,0.2263722412458603,0.0,1.2873633e-05,-1.2873632840637583e-05,0.0,ICV_113_CASE_25_with_r_theta_phi.csv
6.369080405,0.9568,2.061621819,0.0,4049.274641,0.6662094716,333.1267828,525.6501881,17.1238272,0.0005436183235,0.03141460126,335.060869437349,152.342283465922,0.29177605993241,831.324796353616,810.003352604872,0.0006312405364473,0.0314163498458109,0.0005436204477675,317.714231223494,163.4521716395746,19.072951650594405,118.58854641466596,63.93657687550305,0.9680400297064216,6.762465228741057,8.543416140267652,72.25011033539926,ICV_113_CASE_25_with_r_theta_phi.csv,0.38284444982836624,0.14855879993855597,0.988903576169495,0.9523963867235704,0.3048624649836172,0.0,1.2873633e-05,-1.2873632840637583e-05,0.0,ICV_113_CASE_25_with_r_theta_phi.csv
9.619674678,0.9568,2.063919667,0.0,4014.129779,0.667612593,332.1309125,340.411943,12.69713831,0.0005436178043,0.03141433438,335.060869437349,152.342283465922,0.29177605993241,831.324796353616,810.003352604872,0.0006312405364473,0.0314163498458109,0.0005436204477675,317.714231223494,163.4521716395746,19.072951650594405,118.58854641466596,63.93657687550305,0.9680400297064216,9.885007412358569,5.680118278104146,77.94837572097867,ICV_113_CASE_25_with_r_theta_phi.csv,0.5596213949093043,0.09897445798765193,0.9950899741561315,0.9779598724466121,0.20879293063752472,0.0,1.2873633e-05,-1.2873632840637583e-05,0.0,ICV_113_CASE_25_with_r_theta_phi.csv
5.541866439,0.9568,2.069357381,0.0,3886.062043,0.6662890802,332.9897043,561.9271019,17.29300374,0.0005436184467,0.03141466762,335.060869437349,152.342283465922,0.29177605993241,831.324796353616,810.003352604872,0.0006312405364473,0.0314163498458109,0.0005436204477675,317.714231223494,163.4521716395746,19.072951650594405,118.58854641466596,63.93657687550305,0.9680400297064216,5.992494458738674,9.79551694072842,69.7983715919845,ICV_113_CASE_25_with_r_theta_phi.csv,0.3392539801025258,0.17013239624674112,0.9854212133637787,0.9384832086322862,0.34532487184569954,0.0,1.2873633e-05,-1.2873632840637583e-05,0.0,ICV_113_CASE_25_with_r_theta_phi.csv
2.160797401,-1.573287875,2.069967454,0.004227323923,11458.36466,0.663799396,343.9226638,579.4085885,49.26526041,0.0005436193932,0.03141546999,335.060869437349,152.342283465922,0.29177605993241,831.324796353616,810.003352604872,0.0006312405364473,0.0314163498458109,0.0005436204477675,317.714231223494,163.4521716395746,19.072951650594405,118.58854641466596,63.93657687550305,0.9680400297064216,3.3806871204548954,323.94144154959315,52.24459017448498,ICV_113_CASE_25_with_r_theta_phi.csv,0.19139134278600184,-0.5886117910800649,0.8084158332204522,0.790631765112486,0.6122919336355125,0.004227323923,0.003478268,0.0007490559944145899,17.719389568467566,ICV_113_CASE_25_with_r_theta_phi.csv
10.46410308,0.9568,2.074820955,0.0,4092.623419,0.6677814142,332.2316489,266.7933324,12.08874216,0.00054361772,0.03141428784,335.060869437349,152.342283465922,0.29177605993241,831.324796353616,810.003352604872,0.0006312405364473,0.0314163498458109,0.0005436204477675,317.714231223494,163.4521716395746,19.072951650594405,118.58854641466596,63.93657687550305,0.9680400297064216,10.710639640290983,5.224392883968335,78.83028151790427,ICV_113_CASE_25_with_r_theta_phi.csv,0.6063630350318959,0.09105655595039787,0.9958457227996975,0.9810576735640233,0.1937158773594625,0.0,1.2873633e-05,-1.2873632840637583e-05,0.0,ICV_113_CASE_25_with_r_theta_phi.csv
4.691796014,0.9568,2.08028539,0.0,3702.008062,0.6662295322,332.9037067,596.0027391,17.16623617,0.0005436185469,0.03141471273,335.060869437349,152.342283465922,0.29177605993241,831.324796353616,810.003352604872,0.0006312405364473,0.0314163498458109,0.0005436204477675,317.714231223494,163.4521716395746,19.072951650594405,118.58854641466596,63.93657687550305,0.9680400297064216,5.220728242384748,11.526303776658722,66.51765211181532,ICV_113_CASE_25_with_r_theta_phi.csv,0.2955618645053348,0.19981778458293625,0.9798330740306571,0.9171828804527291,0.3984665152863348,0.0,1.2873633e-05,-1.2873632840637583e-05,0.0,ICV_113_CASE_25_with_r_theta_phi.csv
11.27710483,0.9568,2.089183664,0.0,4205.7593,0.667625771,332.5514591,206.2382601,11.51050701,0.0005436176114,0.03141422888,335.060869437349,152.342283465922,0.29177605993241,831.324796353616,810.003352604872,0.0006312405364473,0.0314163498458109,0.0005436204477675,317.714231223494,163.4521716395746,19.072951650594405,118.58854641466596,63.93657687550305,0.9680400297064216,11.508833475584474,4.849615600670575,79.54118464277849,ICV_113_CASE_25_with_r_theta_phi.csv,0.6515513013508962,0.08454073041424884,0.9964200243376411,0.9833856458204006,0.1815287073561472,0.0,1.2873633e-05,-1.2873632840637583e-05,0.0,ICV_113_CASE_25_with_r_theta_phi.csv
15.39086543,0.9568,2.090101121,0.0,4111.366114,0.6691829055,330.9008455,68.49094307,5.431737442,0.0005436165147,0.0314137515,335.060869437349,152.342283465922,0.29177605993241,831.324796353616,810.003352604872,0.0006312405364473,0.0314163498458109,0.0005436204477675,317.714231223494,163.4521716395746,19.072951650594405,118.58854641466596,63.93657687550305,0.9680400297064216,15.561578570966846,3.55731414803887,82.28118280655997,ICV_113_CASE_25_with_r_theta_phi.csv,0.8809899622318371,0.06204696361620733,0.9980732309334867,0.9909391422628989,0.13431163885259628,0.0,1.0754259e-05,-1.0754259164968971e-05,0.0,ICV_113_CASE_25_with_r_theta_phi.csv
6.923607265,-1.543335198,2.092394912,0.004227377474,7414.951524,0.6660558738,337.5069882,372.0774737,29.21718057,0.000543618712,0.03141493259,335.060869437349,152.342283465922,0.29177605993241,831.324796353616,810.003352604872,0.0006312405364473,0.0314163498458109,0.0005436204477675,317.714231223494,163.4521716395746,19.072951650594405,118.58854641466596,63.93657687550305,0.9680400297064216,7.395697232926046,347.4336935072053,73.56540865197661,ICV_113_CASE_25_with_r_theta_phi.csv,0.4186937074667745,-0.21756930352593906,0.9760448750765703,0.9591433408876299,0.28292057477482235,0.004227377474,0.003478268,0.0007491095454145898,17.720431871643772,ICV_113_CASE_25_with_r_theta_phi.csv
1.373181436,-1.54327697,2.092437859,0.00422731787,10570.49443,0.6639538184,342.5476959,623.6907077,48.25734748,0.0005436193628,0.03141543689,335.060869437349,152.342283465922,0.29177605993241,831.324796353616,810.003352604872,0.0006312405364473,0.0314163498458109,0.0005436204477675,317.714231223494,163.4521716395746,19.072951650594405,118.58854641466596,63.93657687550305,0.9680400297064216,2.940344751229676,311.6621404472056,44.63229919078225,ICV_113_CASE_25_with_r_theta_phi.csv,0.16646217474153518,-0.7470775860763642,0.6647368504771739,0.7025543298728127,0.7116301100831548,0.00422731787,0.003478268,0.0007490499414145903,17.719271752738987,ICV_113_CASE_25_with_r_theta_phi.csv
16.58702485,-0.3282898915,2.093108178,0.004227400757,3635.895591,0.6729154765,328.459316,14.17871101,1.735020577,0.0005436146434,0.03141319976,335.060869437349,152.342283465922,0.29177605993241,831.324796353616,810.003352604872,0.0006312405364473,0.0314163498458109,0.0005436204477675,317.714231223494,163.4521716395746,19.072951650594405,118.58854641466596,63.93657687550305,0.9680400297064216,16.72179025918544,358.866151709632,82.80928284660172,ICV_113_CASE_25_with_r_theta_phi.csv,0.9466731991041957,-0.019788094257785518,0.9998041964933159,0.992134994312143,0.12517249322931936,0.004227400757,0.0043645715,-0.00013717077709719458,3.244801828584868,ICV_113_CASE_25_with_r_theta_phi.csv
3.865276793,0.9568,2.09503278,0.0,3436.076464,0.6661255079,332.6987511,598.4231546,15.87104328,0.0005436186387,0.03141474642,335.060869437349,152.342283465922,0.29177605993241,831.324796353616,810.003352604872,0.0006312405364473,0.0314163498458109,0.0005436204477675,317.714231223494,163.4521716395746,19.072951650594405,118.58854641466596,63.93657687550305,0.9680400297064216,4.499443662918661,13.903361998813637,62.24961902298577,ICV_113_CASE_25_with_r_theta_phi.csv,0.25472767332579854,0.24028500171561928,0.9707023838182972,0.884984541431324,0.46562040486601236,0.0,1.2873633e-05,-1.2873632840637583e-05,0.0,ICV_113_CASE_25_with_r_theta_phi.csv
-0.3080606266,0.9568,2.100056916,0.0,5420.115478,0.6658822258,333.5540429,548.7009812,17.41971728,0.0005436190893,0.03141510267,335.060869437349,152.342283465922,0.29177605993241,831.324796353616,810.003352604872,0.0006312405364473,0.0314163498458109,0.0005436204477675,317.714231223494,163.4521716395746,19.072951650594405,118.58854641466596,63.93657687550305,0.9680400297064216,2.3282196288367247,107.84698652272078,25.577623324715432,ICV_113_CASE_25_with_r_theta_phi.csv,0.13180784414140898,0.9518783812063685,-0.30647601438276284,0.4317335081781365,0.9020012072698124,0.0,-4.0050313e-06,4.005031314591179e-06,0.0,ICV_113_CASE_25_with_r_theta_phi.csv
0.595514807,-1.531160864,2.101320159,0.004227306228,11208.81413,0.6639092889,343.2678402,798.4269407,56.06232642,0.0005436193675,0.03141545277,335.060869437349,152.342283465922,0.29177605993241,831.324796353616,810.003352604872,0.0006312405364473,0.0314163498458109,0.0005436204477675,317.714231223494,163.4521716395746,19.072951650594405,118.58854641466596,63.93657687550305,0.9680400297064216,2.667327855255379,291.2525649337755,38.01963452841926,ICV_113_CASE_25_with_r_theta_phi.csv,0.15100582860183215,-0.9319916432521629,0.3624797606875909,0.6159314803439271,0.7877997280536079,0.004227306228,0.0034837865,0.0007435197474987059,17.58849979682193,ICV_113_CASE_25_with_r_theta_phi.csv
12.04701522,0.9568,2.104181314,0.0,4237.833899,0.6674047092,332.7701081,167.6149054,10.74564635,0.0005436174327,0.03141414269,335.060869437349,152.342283465922,0.29177605993241,831.324796353616,810.003352604872,0.0006312405364473,0.0314163498458109,0.0005436204477675,317.714231223494,163.4521716395746,19.072951650594405,118.58854641466596,63.93657687550305,0.9680400297064216,12.266768969581944,4.541022641790278,80.1229155917398,ICV_113_CASE_25_with_r_theta_phi.csv,0.694460416206171,0.07917284859591123,0.9968609030577982,0.9851780108408342,0.17153508957556504,0.0,-7.3377078e-06,7.337707756960299e-06,0.0,ICV_113_CASE_25_with_r_theta_phi.csv
9.636541388,-1.514804989,2.113141227,0.004227376543,5994.767675,0.6675415828,334.5327257,204.093324,17.93485186,0.0005436182187,0.03141461644,335.060869437349,152.342283465922,0.29177605993241,831.324796353616,810.003352604872,0.0006312405364473,0.0314163498458109,0.0005436204477675,317.714231223494,163.4521716395746,19.072951650594405,118.58854641466596,63.93657687550305,0.9680400297064216,9.981128689811754,351.06655895962314,77.77720431895489,ICV_113_CASE_25_with_r_theta_phi.csv,0.5650631230866211,-0.15528698887548106,0.9878693998125391,0.9773317393116988,0.2117136541037675,0.004227376543,0.0035742742,0.0006531022954877784,15.449352303729356,ICV_113_CASE_25_with_r_theta_phi.csv
3.077338699,0.9568,2.113338452,0.0,3162.76453,0.6660540655,332.4027076,480.3593208,12.60246923,0.0005436187901,0.03141482013,335.060869437349,152.342283465922,0.29177605993241,831.324796353616,810.003352604872,0.0006312405364473,0.0314163498458109,0.0005436204477675,317.714231223494,163.4521716395746,19.072951650594405,118.58854641466596,63.93657687550305,0.9680400297064216,3.853787633103927,17.271409897709646,56.744083592489005,ICV_113_CASE_25_with_r_theta_phi.csv,0.2181750524764923,0.2968984196298873,0.9549090681427606,0.8362295341967315,0.5483795821665112,0.0,1.2873633e-05,-1.2873632840637583e-05,0.0,ICV_113_CASE_25_with_r_theta_phi.csv
12.77356591,0.9568,2.120250604,0.0,4177.449834,0.6681483828,332.3245782,141.0160952,9.655823507,0.0005436172002,0.03141403989,335.060869437349,152.342283465922,0.29177605993241,831.324796353616,810.003352604872,0.0006312405364473,0.0314163498458109,0.0005436204477675,317.714231223494,163.4521716395746,19.072951650594405,118.58854641466596,63.93657687550305,0.9680400297064216,12.983640280016868,4.283722998728422,80.60140871022116,ICV_113_CASE_25_with_r_theta_phi.csv,0.7350447583296265,0.07469543620771417,0.9972063937870331,0.9865761769440351,0.1633017057060088,0.0,1.0754259e-05,-1.0754259164968971e-05,0.0,ICV_113_CASE_25_with_r_theta_phi.csv
2.330833048,0.9568,2.133109246,0.0,2922.592831,0.6661539256,332.06848,402.0924461,10.02404396,0.0005436188917,0.0314148703,335.060869437349,152.342283465922,0.29177605993241,831.324796353616,810.003352604872,0.0006312405364473,0.0314163498458109,0.0005436204477675,317.714231223494,163.4521716395746,19.072951650594405,118.58854641466596,63.93657687550305,0.9680400297064216,3.30127308670756,22.318003511380084,49.74823671206167,ICV_113_CASE_25_with_r_theta_phi.csv,0.18689546428160175,0.37974686069854546,0.9250904397893212,0.7632125848392037,0.6461474679537647,0.0,1.2873633e-05,-1.2873632840637583e-05,0.0,ICV_113_CASE_25_with_r_theta_phi.csv
13.45226361,0.9568,2.136179175,0.0,4092.34045,0.6687531931,331.8303526,117.0252985,8.439509206,0.0005436169788,0.03141394812,335.060869437349,152.342283465922,0.29177605993241,831.324796353616,810.003352604872,0.0006312405364473,0.0314163498458109,0.0005436204477675,317.714231223494,163.4521716395746,19.072951650594405,118.58854641466596,63.93657687550305,0.9680400297064216,13.65438112624054,4.06834418242596,80.99930593801827,ICV_113_CASE_25_with_r_theta_phi.csv,0.7730175096213503,0.07094634916713069,0.9974801329048392,0.987686445527686,0.15644642955620736,0.0,1.0754259e-05,-1.0754259164968971e-05,0.0,ICV_113_CASE_25_with_r_theta_phi.csv
14.4516506,-1.466119072,2.147206293,0.004227398895,3501.765011,0.6709256258,330.5564418,44.69139715,4.790626794,0.0005436149355,0.03141332114,335.060869437349,152.342283465922,0.29177605993241,831.324796353616,810.003352604872,0.0006312405364473,0.0314163498458109,0.0005436204477675,317.714231223494,163.4521716395746,19.072951650594405,118.58854641466596,63.93657687550305,0.9680400297064216,14.683671375458568,354.207165867974,81.59143636110036,ICV_113_CASE_25_with_r_theta_phi.csv,0.8312888715946137,-0.10093186866245574,0.9948933399557486,0.9892504878040072,0.14623088722815697,0.004227398895,0.004358872,-0.00013147294494054822,3.1100198532234327,ICV_113_CASE_25_with_r_theta_phi.csv
14.0811238,0.9568,2.147959781,0.0,4050.710939,0.6694161123,331.2568595,95.98113768,7.297249643,0.0005436168238,0.03141388374,335.060869437349,152.342283465922,0.29177605993241,831.324796353616,810.003352604872,0.0006312405364473,0.0314163498458109,0.0005436204477675,317.714231223494,163.4521716395746,19.072951650594405,118.58854641466596,63.93657687550305,0.9680400297064216,14.276107485295844,3.887222720875286,81.34650963305228,ICV_113_CASE_25_with_r_theta_phi.csv,0.8082153964607084,0.06779279980443366,0.9976994218173507,0.9886163465207999,0.1504583643134067,0.0,1.0754259e-05,-1.0754259164968971e-05,0.0,ICV_113_CASE_25_with_r_theta_phi.csv
1.633712,0.9568,2.150214904,0.0,2877.351935,0.6663022399,331.896558,455.2626732,9.989030685,0.0005436189286,0.03141488965,335.060869437349,152.342283465922,0.29177605993241,831.324796353616,810.003352604872,0.0006312405364473,0.0314163498458109,0.0005436204477675,317.714231223494,163.4521716395746,19.072951650594405,118.58854641466596,63.93657687550305,0.9680400297064216,2.864944200560934,30.3558055518194,41.364044071500985,ICV_113_CASE_25_with_r_theta_phi.csv,0.16219351215161984,0.5053683235378252,0.8629037359778714,0.6608410034311257,0.7505259277227821,0.0,1.2873633e-05,-1.2873632840637583e-05,0.0,ICV_113_CASE_25_with_r_theta_phi.csv
14.69571269,0.9568,2.154004574,0.0,4097.625871,0.6689985197,331.2821492,78.17675994,6.348547388,0.0005436166871,0.03141382496,335.060869437349,152.342283465922,0.29177605993241,831.324796353616,810.003352604872,0.0006312405364473,0.0314163498458109,0.0005436204477675,317.714231223494,163.4521716395746,19.072951650594405,118.58854641466596,63.93657687550305,0.9680400297064216,14.883520195566636,3.7251229884127497,81.6786952585062,ICV_113_CASE_25_with_r_theta_phi.csv,0.8426029425724493,0.06496986694373315,0.9978872262882783,0.9894720435580829,0.14472413418981378,0.0,1.0754259e-05,-1.0754259164968971e-05,0.0,ICV_113_CASE_25_with_r_theta_phi.csv
16.14794603,-0.9762303662,2.160200348,0.004227382597,3507.424725,0.6717843727,329.2312728,21.87688397,2.181430791,0.0005436138102,0.03141298245,335.060869437349,152.342283465922,0.29177605993241,831.324796353616,810.003352604872,0.0006312405364473,0.0314163498458109,0.0005436204477675,317.714231223494,163.4521716395746,19.072951650594405,118.58854641466596,63.93657687550305,0.9680400297064216,16.321018726145226,356.5403720469957,82.39418693677874,ICV_113_CASE_25_with_r_theta_phi.csv,0.9239842606943467,-0.06034521355994981,0.998177566969126,0.9912021168011408,0.13235695542334608,0.004227382597,0.004496758,-0.0002693752754026682,6.372152724716974,ICV_113_CASE_25_with_r_theta_phi.csv
0.9909353972,0.9568,2.160384978,0.0,3090.04871,0.6665775022,331.8325107,719.223434,12.89248908,0.0005436189461,0.0314149106,335.060869437349,152.342283465922,0.29177605993241,831.324796353616,810.003352604872,0.0006312405364473,0.0314163498458109,0.0005436204477675,317.714231223494,163.4521716395746,19.072951650594405,118.58854641466596,63.93657687550305,0.9680400297064216,2.56216362759914,43.9959550004952,32.52171522270146,ICV_113_CASE_25_with_r_theta_phi.csv,0.1450521505396422,0.6946075843741293,0.719388840426328,0.5376192169073242,0.8431877475461533,0.0,1.2873633e-05,-1.2873632840637583e-05,0.0,ICV_113_CASE_25_with_r_theta_phi.csv
0.3683619866,0.9568,2.163127207,0.0,3620.150289,0.6665022191,331.9206238,760.9477891,13.62234707,0.0005436189784,0.0314149584,335.060869437349,152.342283465922,0.29177605993241,831.324796353616,810.003352604872,0.0006312405364473,0.0314163498458109,0.0005436204477675,317.714231223494,163.4521716395746,19.072951650594405,118.58854641466596,63.93657687550305,0.9680400297064216,2.3937995126650686,68.94360802331983,25.35959097362013,ICV_113_CASE_25_with_r_theta_phi.csv,0.1355205278587853,0.9332272594410542,0.3592866296373123,0.42829793099246477,0.9036375834965995,0.0,-4.0050313e-06,4.005031314591179e-06,0.0,ICV_113_CASE_25_with_r_theta_phi.csv
-1.40693935,-0.307339431,2.164731886,0.004227313679,11704.86622,0.6650090746,342.7406769,369.3727009,38.71802943,0.0005436193235,0.03141540762,335.060869437349,152.342283465922,0.29177605993241,831.324796353616,810.003352604872,0.0006312405364473,0.0314163498458109,0.0005436204477675,317.714231223494,163.4521716395746,19.072951650594405,118.58854641466596,63.93657687550305,0.9680400297064216,2.5999999997482584,192.32243098227025,33.63436390341661,ICV_113_CASE_25_with_r_theta_phi.csv,0.1471941867038159,-0.21341287790366772,-0.9769620993390041,0.553891005238876,0.8325891870036912,0.004227313679,0.00348951,0.0007378037556164067,17.45325309326008,ICV_113_CASE_25_with_r_theta_phi.csv
15.55112817,0.9568,2.17681046,0.0,4143.513985,0.6699112667,330.4524688,53.14682094,4.64136313,0.0005436165782,0.03141377014,335.060869437349,152.342283465922,0.29177605993241,831.324796353616,810.003352604872,0.0006312405364473,0.0314163498458109,0.0005436204477675,317.714231223494,163.4521716395746,19.072951650594405,118.58854641466596,63.93657687550305,0.9680400297064216,15.73186439613986,3.5207468048243413,82.04649187053974,ICV_113_CASE_25_with_r_theta_phi.csv,0.8906303789802821,0.0614099601885872,0.9981126273069769,0.9903806728131783,0.13836951585561114,0.0,2.643333e-05,-2.643333027663175e-05,0.0,ICV_113_CASE_25_with_r_theta_phi.csv
-0.4621317585,0.9568,2.184158914,0.0,5744.981444,0.6660300722,332.9726344,419.1676388,13.4593954,0.0005436191076,0.03141512594,335.060869437349,152.342283465922,0.29177605993241,831.324796353616,810.003352604872,0.0006312405364473,0.0314163498458109,0.0005436204477675,317.714231223494,163.4521716395746,19.072951650594405,118.58854641466596,63.93657687550305,0.9680400297064216,2.428905548558849,115.78041435480044,25.94219748674243,ICV_113_CASE_25_with_r_theta_phi.csv,0.13750799109043157,0.9004674955833418,-0.4349233143875644,0.4374641807274753,0.8992358370196546,0.0,-4.0050313e-06,4.005031314591179e-06,0.0,ICV_113_CASE_25_with_r_theta_phi.csv
5.351066084,-1.395447193,2.193792864,0.004227358382,8282.185474,0.6652736796,339.2183622,439.8089501,34.77982258,0.0005436188882,0.03141504805,335.060869437349,152.342283465922,0.29177605993241,831.324796353616,810.003352604872,0.0006312405364473,0.0314163498458109,0.0005436204477675,317.714231223494,163.4521716395746,19.072951650594405,118.58854641466596,63.93657687550305,0.9680400297064216,5.949277959040408,345.3839691507727,68.36148786840494,ICV_113_CASE_25_with_r_theta_phi.csv,0.3368073579771843,-0.2523401047873675,0.9676386058420263,0.9295288359814907,0.3687494312929783,0.004227358382,0.003478268,0.0007490904534145897,17.72006027279352,ICV_113_CASE_25_with_r_theta_phi.csv
7.985543352,0.9568,2.195258969,0.0,4104.637029,0.6674506477,332.2435766,274.9829596,11.71022502,0.0005436181604,0.03141451312,335.060869437349,152.342283465922,0.29177605993241,831.324796353616,810.003352604872,0.0006312405364473,0.0314163498458109,0.0005436204477675,317.714231223494,163.4521716395746,19.072951650594405,118.58854641466596,63.93657687550305,0.9680400297064216,8.336877761347251,6.832409686786036,74.73290394090657,ICV_113_CASE_25_with_r_theta_phi.csv,0.4719769007113286,0.11896562597711262,0.9928983733675233,0.964708796964757,0.26331907841782237,0.0,1.2873633e-05,-1.2873632840637583e-05,0.0,ICV_113_CASE_25_with_r_theta_phi.csv
8.805330007,0.9568,2.196626282,0.0,4238.196857,0.6670922073,332.5818755,324.0633181,13.07262266,0.000543617996,0.03141443385,335.060869437349,152.342283465922,0.29177605993241,831.324796353616,810.003352604872,0.0006312405364473,0.0314163498458109,0.0005436204477675,317.714231223494,163.4521716395746,19.072951650594405,118.58854641466596,63.93657687550305,0.9680400297064216,9.125484633428943,6.201511610696912,76.07135135405781,ICV_113_CASE_25_with_r_theta_phi.csv,0.5166224188560763,0.10802558393942092,0.9941481143242928,0.9705962430454811,0.2407133834791856,0.0,1.2873633e-05,-1.2873632840637583e-05,0.0,ICV_113_CASE_25_with_r_theta_phi.csv
7.175330854,0.9568,2.196638346,0.0,4214.497578,0.6672214851,332.5916554,303.141691,13.10630842,0.0005436182802,0.03141457879,335.060869437349,152.342283465922,0.29177605993241,831.324796353616,810.003352604872,0.0006312405364473,0.0314163498458109,0.0005436204477675,317.714231223494,163.4521716395746,19.072951650594405,118.58854641466596,63.93657687550305,0.9680400297064216,7.564790752392428,7.595343350236988,73.11949513365926,ICV_113_CASE_25_with_r_theta_phi.csv,0.42826662403490906,0.13217582989697219,0.9912262859665529,0.9569124413319318,0.2903766168687869,0.0,1.2873633e-05,-1.2873632840637583e-05,0.0,ICV_113_CASE_25_with_r_theta_phi.csv
6.356554189,0.9568,2.20025424,0.0,4339.674224,0.6663006932,333.3365219,439.7116606,16.59579956,0.0005436183751,0.03141463632,335.060869437349,152.342283465922,0.29177605993241,831.324796353616,810.003352604872,0.0006312405364473,0.0314163498458109,0.0005436204477675,317.714231223494,163.4521716395746,19.072951650594405,118.58854641466596,63.93657687550305,0.9680400297064216,6.7942892283395935,8.560002619359238,71.10476317603002,ICV_113_CASE_25_with_r_theta_phi.csv,0.38464610665106724,0.14884507009213832,0.988860528643583,0.9461122838188639,0.32383876606585194,0.0,1.2873633e-05,-1.2873632840637583e-05,0.0,ICV_113_CASE_25_with_r_theta_phi.csv
9.643405378,0.9568,2.20161948,0.0,4233.936441,0.6677338865,332.338956,286.6765172,12.53435222,0.000543617862,0.03141436549,335.060869437349,152.342283465922,0.29177605993241,831.324796353616,810.003352604872,0.0006312405364473,0.0314163498458109,0.0005436204477675,317.714231223494,163.4521716395746,19.072951650594405,118.58854641466596,63.93657687550305,0.9680400297064216,9.93769902236704,5.666231589356471,77.20037134850696,ICV_113_CASE_25_with_r_theta_phi.csv,0.5626044328639438,0.09873327667747327,0.9951139332139458,0.9751507901971945,0.22154217742404506,0.0,1.2873633e-05,-1.2873632840637583e-05,0.0,ICV_113_CASE_25_with_r_theta_phi.csv
5.517594158,0.9568,2.204989501,0.0,4171.728208,0.6663637185,333.1304479,480.6575168,16.67440827,0.0005436184964,0.03141470422,335.060869437349,152.342283465922,0.29177605993241,831.324796353616,810.003352604872,0.0006312405364473,0.0314163498458109,0.0005436204477675,317.714231223494,163.4521716395746,19.072951650594405,118.58854641466596,63.93657687550305,0.9680400297064216,6.018412600671041,9.83776794363564,68.50783856526482,ICV_113_CASE_25_with_r_theta_phi.csv,0.34072128772674815,0.17085901836008693,0.9852954865648312,0.9304676998576719,0.3663739340094672,0.0,1.2873633e-05,-1.2873632840637583e-05,0.0,ICV_113_CASE_25_with_r_theta_phi.csv
10.50204119,0.9568,2.208349339,0.0,4270.932032,0.6680020841,332.3434785,211.4092663,11.39815558,0.000543617785,0.03141432084,335.060869437349,152.342283465922,0.29177605993241,831.324796353616,810.003352604872,0.0006312405364473,0.0314163498458109,0.0005436204477675,317.714231223494,163.4521716395746,19.072951650594405,118.58854641466596,63.93657687550305,0.9680400297064216,10.77428151662645,5.205623894898224,78.17255672110952,ICV_113_CASE_25_with_r_theta_phi.csv,0.6099660020428233,0.09073033127494287,0.995875497733898,0.9787693278668796,0.20496488193594695,0.0,1.2873633e-05,-1.2873632840637583e-05,0.0,ICV_113_CASE_25_with_r_theta_phi.csv
4.653068253,0.9568,2.211649798,0.0,3971.720887,0.6662505541,332.9715666,518.9373189,16.24498721,0.0005436186029,0.03141475444,335.060869437349,152.342283465922,0.29177605993241,831.324796353616,810.003352604872,0.0006312405364473,0.0314163498458109,0.0005436204477675,317.714231223494,163.4521716395746,19.072951650594405,118.58854641466596,63.93657687550305,0.9680400297064216,5.240029125498246,11.61963933937443,65.0347677267468,ICV_113_CASE_25_with_r_theta_phi.csv,0.2966545482718086,0.2014136794469845,0.9795062683472869,0.9065640696996017,0.42206822615507994,0.0,1.2873633e-05,-1.2873632840637583e-05,0.0,ICV_113_CASE_25_with_r_theta_phi.csv
6.060260114,-1.365184807,2.212751781,0.004227366298,7890.718176,0.6657721136,338.3964736,403.7567518,32.11914326,0.0005436187996,0.03141498926,335.060869437349,152.342283465922,0.29177605993241,831.324796353616,810.003352604872,0.0006312405364473,0.0314163498458109,0.0005436204477675,317.714231223494,163.4521716395746,19.072951650594405,118.58854641466596,63.93657687550305,0.9680400297064216,6.594448623722957,347.30498280133367,70.3941559190601,ICV_113_CASE_25_with_r_theta_phi.csv,0.37333250077807,-0.219761364902264,0.9755536594653796,0.9420232323453636,0.3355476564090312,0.004227366298,0.003478268,0.0007490983694145902,17.72021434697514,ICV_113_CASE_25_with_r_theta_phi.csv
-0.6133420009,-1.215735789,2.214903628,0.004227305297,9580.130903,0.6644856044,342.0941434,617.6781501,47.35805775,0.0005436192812,0.03141535317,335.060869437349,152.342283465922,0.29177605993241,831.324796353616,810.003352604872,0.0006312405364473,0.0314163498458109,0.0005436204477675,317.714231223494,163.4521716395746,19.072951650594405,118.58854641466596,63.93657687550305,0.9680400297064216,2.6000000000098136,243.22893171644853,31.582601308273183,ICV_113_CASE_25_with_r_theta_phi.csv,0.14719418671862336,-0.8928133769345211,-0.4504267687058316,0.5237272426188694,0.8518860107660156,0.004227305297,0.0034864836,0.0007408217063226193,17.524679532209632,ICV_113_CASE_25_with_r_theta_phi.csv
10.89866082,-1.359886745,2.216011742,0.004227360245,5133.600964,0.6684656832,333.0462366,135.9275096,12.92262288,0.0005436178781,0.03141442785,335.060869437349,152.342283465922,0.29177605993241,831.324796353616,810.003352604872,0.0006312405364473,0.0314163498458109,0.0005436204477675,317.714231223494,163.4521716395746,19.072951650594405,118.58854641466596,63.93657687550305,0.9680400297064216,11.20449943858768,352.88764439581473,78.59290444112526,ICV_113_CASE_25_with_r_theta_phi.csv,0.6343219932484464,-0.12381546625228532,0.9923052606515442,0.980246689048857,0.19777873649296446,0.004227360245,0.0043087034,-8.134311049116157e-05,1.9242057870069107,ICV_113_CASE_25_with_r_theta_phi.csv
11.33000018,0.9568,2.217269711,0.0,4348.994515,0.6678023039,332.6375888,157.8344754,10.51222777,0.0005436176826,0.03141426297,335.060869437349,152.342283465922,0.29177605993241,831.324796353616,810.003352604872,0.0006312405364473,0.0314163498458109,0.0005436204477675,317.714231223494,163.4521716395746,19.072951650594405,118.58854641466596,63.93657687550305,0.9680400297064216,11.58450064914833,4.82708186880717,78.96552083379333,ICV_113_CASE_25_with_r_theta_phi.csv,0.6558350583024295,0.08414884403319332,0.9964531961150395,0.9815121816365782,0.19139967946421654,0.0,1.2873633e-05,-1.2873632840637583e-05,0.0,ICV_113_CASE_25_with_r_theta_phi.csv
3.811237552,0.9568,2.220643324,0.0,3667.045557,0.6661179142,332.6643654,533.9220315,14.63337417,0.0005436186922,0.03141478619,335.060869437349,152.342283465922,0.29177605993241,831.324796353616,810.003352604872,0.0006312405364473,0.0314163498458109,0.0005436204477675,317.714231223494,163.4521716395746,19.072951650594405,118.58854641466596,63.93657687550305,0.9680400297064216,4.513563413778599,14.092692962174624,60.52831486806952,ICV_113_CASE_25_with_r_theta_phi.csv,0.2555270368813718,0.2434913202148025,0.9699030760751574,0.8705989393045507,0.4919933809329057,0.0,1.2873633e-05,-1.2873632840637583e-05,0.0,ICV_113_CASE_25_with_r_theta_phi.csv
12.11529665,0.9568,2.226579508,0.0,4347.001411,0.667577895,332.8092916,124.2175485,9.545454933,0.0005436175016,0.03141417335,335.060869437349,152.342283465922,0.29177605993241,831.324796353616,810.003352604872,0.0006312405364473,0.0314163498458109,0.0005436204477675,317.714231223494,163.4521716395746,19.072951650594405,118.58854641466596,63.93657687550305,0.9680400297064216,12.355303940532856,4.51553572292994,79.6178657458862,ICV_113_CASE_25_with_r_theta_phi.csv,0.6994726596851046,0.07872940649363173,0.9968960229397851,0.9836277117703731,0.18021244307033807,0.0,-7.3377078e-06,7.337707756960299e-06,0.0,ICV_113_CASE_25_with_r_theta_phi.csv
3.008414975,0.9568,2.23183457,0.0,3319.920645,0.6660889512,332.1930244,430.2813171,10.73414365,0.0005436188301,0.03141485192,335.060869437349,152.342283465922,0.29177605993241,831.324796353616,810.003352604872,0.0006312405364473,0.0314163498458109,0.0005436204477675,317.714231223494,163.4521716395746,19.072951650594405,118.58854641466596,63.93657687550305,0.9680400297064216,3.866149563797466,17.642809356686996,54.740836078100926,ICV_113_CASE_25_with_r_theta_phi.csv,0.21887490029753098,0.3030819962509614,0.9529644817875073,0.8165492357633348,0.5772757968028054,0.0,1.2873633e-05,-1.2873632840637583e-05,0.0,ICV_113_CASE_25_with_r_theta_phi.csv
12.8579895,0.9568,2.236595128,0.0,4283.599506,0.6684112131,332.311743,102.9442383,8.518997142,0.0005436172625,0.03141406559,335.060869437349,152.342283465922,0.29177605993241,831.324796353616,810.003352604872,0.0006312405364473,0.0314163498458109,0.0005436204477675,317.714231223494,163.4521716395746,19.072951650594405,118.58854641466596,63.93657687550305,0.9680400297064216,13.086088720037916,4.2557004018503335,80.15903765303818,ICV_113_CASE_25_with_r_theta_phi.csv,0.7408446871024853,0.07420770702820034,0.997242807052333,0.9852859591553074,0.170913951131574,0.0,1.0754259e-05,-1.0754259164968971e-05,0.0,ICV_113_CASE_25_with_r_theta_phi.csv
12.89406234,-1.313611579,2.243752353,0.004227397963,3998.713421,0.6699702598,331.8292046,65.35753057,7.760945116,0.0005436166813,0.03141390748,335.060869437349,152.342283465922,0.29177605993241,831.324796353616,810.003352604872,0.0006312405364473,0.0314163498458109,0.0005436204477675,317.714231223494,163.4521716395746,19.072951650594405,118.58854641466596,63.93657687550305,0.9680400297064216,13.153586721114594,354.18293335598065,80.17839700319053,ICV_113_CASE_25_with_r_theta_phi.csv,0.744665961476938,-0.10135263694699637,0.9948505631419677,0.985343652069231,0.17058102862531418,0.004227397963,0.004350752,-0.0001233541410737629,2.917968502710924,ICV_113_CASE_25_with_r_theta_phi.csv
2.247683641,0.9568,2.243906034,0.0,3044.033449,0.6662627883,331.7562391,352.5153328,7.683244654,0.0005436189205,0.03141489613,335.060869437349,152.342283465922,0.29177605993241,831.324796353616,810.003352604872,0.0006312405364473,0.0314163498458109,0.0005436204477675,317.714231223494,163.4521716395746,19.072951650594405,118.58854641466596,63.93657687550305,0.9680400297064216,3.317026119800781,23.05861443763149,47.43071496355037,ICV_113_CASE_25_with_r_theta_phi.csv,0.18778729308717848,0.39167261406776266,0.9201046480641892,0.7364598391370801,0.6764812675441841,0.0,1.2873633e-05,-1.2873632840637583e-05,0.0,ICV_113_CASE_25_with_r_theta_phi.csv
13.55314285,0.9568,2.246472845,0.0,4183.046702,0.6690223297,331.7599552,84.82674016,7.339277561,0.0005436170296,0.03141396712,335.060869437349,152.342283465922,0.29177605993241,831.324796353616,810.003352604872,0.0006312405364473,0.0314163498458109,0.0005436204477675,317.714231223494,163.4521716395746,19.072951650594405,118.58854641466596,63.93657687550305,0.9680400297064216,13.771339353738568,4.038163089980685,80.61157334089461,ICV_113_CASE_25_with_r_theta_phi.csv,0.7796388831507961,0.0704209072772416,0.9975173661737675,0.9866051321655367,0.16312667833504102,0.0,1.0754259e-05,-1.0754259164968971e-05,0.0,ICV_113_CASE_25_with_r_theta_phi.csv
15.68715571,0.9568,2.249638461,0.002136605326,4072.131743,0.6715965519,329.416246,33.21250286,3.359203589,0.0005436167109,0.03141381151,335.060869437349,152.342283465922,0.29177605993241,831.324796353616,810.003352604872,0.0006312405364473,0.0314163498458109,0.0005436204477675,317.714231223494,163.4521716395746,19.072951650594405,118.58854641466596,63.93657687550305,0.9680400297064216,15.876498156551904,3.490293263935257,81.85399370150668,ICV_113_CASE_25_with_r_theta_phi.csv,0.8988185515709847,0.06087944014782862,0.9981451266059895,0.9899102003229514,0.14169613719708196,0.002136605326,0.0009344676,0.0012021377332577061,56.26391163901212,ICV_113_CASE_25_with_r_theta_phi.csv
14.20064035,0.9568,2.253563328,0.0,4124.372236,0.6700031581,330.9916392,68.28168067,6.235756475,0.000543616858,0.03141389611,335.060869437349,152.342283465922,0.29177605993241,831.324796353616,810.003352604872,0.0006312405364473,0.0314163498458109,0.0005436204477675,317.714231223494,163.4521716395746,19.072951650594405,118.58854641466596,63.93657687550305,0.9680400297064216,14.410142270753422,3.8546058123982334,81.00273568779198,ICV_113_CASE_25_with_r_theta_phi.csv,0.8158035277058464,0.06722482606128666,0.9977378527253689,0.987695808708037,0.15638730594449402,0.0,0.0004496394,-0.0004496393958106637,0.0,ICV_113_CASE_25_with_r_theta_phi.csv
1.535774504,0.9568,2.254240101,0.0,3012.246823,0.6664387188,331.5419793,395.6915366,7.105933055,0.0005436189495,0.03141491271,335.060869437349,152.342283465922,0.29177605993241,831.324796353616,810.003352604872,0.0006312405364473,0.0314163498458109,0.0005436204477675,317.714231223494,163.4521716395746,19.072951650594405,118.58854641466596,63.93657687550305,0.9680400297064216,2.8906172351407817,31.923241729052847,38.75340180323883,ICV_113_CASE_25_with_r_theta_phi.csv,0.16364694347683734,0.5287826720982637,0.8487572595793336,0.6259697749025369,0.7798473189724173,0.0,0.00043607972,-0.00043607971747405827,0.0,ICV_113_CASE_25_with_r_theta_phi.csv
-0.5925392311,0.9568,2.254912244,0.002132942434,5968.218464,0.6680613426,331.325192,262.6124051,7.986368904,0.0005436191339,0.03141515851,335.060869437349,152.342283465922,0.29177605993241,831.324796353616,810.003352604872,0.0006312405364473,0.0314163498458109,0.0005436204477675,317.714231223494,163.4521716395746,19.072951650594405,118.58854641466596,63.93657687550305,0.9680400297064216,2.5201583697326826,121.76962967205554,26.52363624545524,ICV_113_CASE_25_with_r_theta_phi.csv,0.14267410062828223,0.8501718929358382,-0.5265052254839392,0.44656696267813106,0.894750215336341,0.002132942434,0.0016730853,0.0004598571682070938,21.559755231138894,ICV_113_CASE_25_with_r_theta_phi.csv
14.84028214,0.9568,2.25692989,0.0,4132.628658,0.6696235703,330.9058282,56.44811223,5.315097754,0.0005436167288,0.03141383779,335.060869437349,152.342283465922,0.29177605993241,831.324796353616,810.003352604872,0.0006312405364473,0.0314163498458109,0.0005436204477675,317.714231223494,163.4521716395746,19.072951650594405,118.58854641466596,63.93657687550305,0.9680400297064216,15.041382009748252,3.688934683141838,81.37028944166559,ICV_113_CASE_25_with_r_theta_phi.csv,0.8515399969387193,0.06433958338749757,0.9979280625423474,0.9886787070030711,0.1500480400363013,0.0,0.00043396035,-0.00043396034743636847,0.0,ICV_113_CASE_25_with_r_theta_phi.csv
0.8754257724,0.9568,2.260106916,0.0,3332.170331,0.6666296971,331.5359188,605.4754259,9.572230566,0.0005436189656,0.03141493546,335.060869437349,152.342283465922,0.29177605993241,831.324796353616,810.003352604872,0.0006312405364473,0.0314163498458109,0.0005436204477675,317.714231223494,163.4521716395746,19.072951650594405,118.58854641466596,63.93657687550305,0.9680400297064216,2.6057474541354093,47.54299332349444,29.84733837689868,ICV_113_CASE_25_with_r_theta_phi.csv,0.14751956819389894,0.7377840752326028,0.6750367829482873,0.497690748286184,0.8673545521125362,0.0,0.00043607972,-0.00043607971747405827,0.0,ICV_113_CASE_25_with_r_theta_phi.csv
0.2280137553,0.9568,2.261274277,0.0,3885.670081,0.6665571712,331.622081,587.1650555,9.885911047,0.000543618995,0.03141498,335.060869437349,152.342283465922,0.29177605993241,831.324796353616,810.003352604872,0.0006312405364473,0.0314163498458109,0.0005436204477675,317.714231223494,163.4521716395746,19.072951650594405,118.58854641466596,63.93657687550305,0.9680400297064216,2.4659314403340336,76.59592897978871,23.507748248433984,ICV_113_CASE_25_with_r_theta_phi.csv,0.13960414340864677,0.9727594094380945,0.23181702126817522,0.3988730815561311,0.9170061421876715,0.0,0.00038266391,-0.0003826639149338007,0.0,ICV_113_CASE_25_with_r_theta_phi.csv
8.918995118,-1.276259111,2.265206984,0.004227383062,6063.954203,0.667158095,334.8648143,234.5156667,19.33603549,0.0005436183135,0.03141467093,335.060869437349,152.342283465922,0.29177605993241,831.324796353616,810.003352604872,0.0006312405364473,0.0314163498458109,0.0005436204477675,317.714231223494,163.4521716395746,19.072951650594405,118.58854641466596,63.93657687550305,0.9680400297064216,9.290235406795713,351.8565707437467,75.88749695612705,ICV_113_CASE_25_with_r_theta_phi.csv,0.5259494788933433,-0.14165161299943807,0.9899165725123796,0.9698188306997015,0.24382665075881993,0.004227383062,0.0035742742,0.0006531088144877788,15.449482688334712,ICV_113_CASE_25_with_r_theta_phi.csv
-1.5935391160000003e-14,-1.245913045,2.282038712,0.004227306228,9656.921044,0.6644818629,341.9940817,756.6152436,52.02790544,0.0005436192825,0.0314153463,335.060869437349,152.342283465922,0.29177605993241,831.324796353616,810.003352604872,0.0006312405364473,0.0314163498458109,0.0005436204477675,317.714231223494,163.4521716395746,19.072951650594405,118.58854641466596,63.93657687550305,0.9680400297064216,2.5999999997630368,269.99999999999926,28.632991163638167,ICV_113_CASE_25_with_r_theta_phi.csv,0.14719418670465256,-1.0,-1.2618194895673856e-14,0.47919732504367424,0.8777071970030708,0.004227306228,0.0034837865,0.0007435197474987059,17.58849979682193,ICV_113_CASE_25_with_r_theta_phi.csv
15.80749573,0.9568,2.30548991,0.004227415659,3992.514245,0.6725606388,328.7885922,20.17534394,2.699426836,0.0005436167892,0.03141383573,335.060869437349,152.342283465922,0.29177605993241,831.324796353616,810.003352604872,0.0006312405364473,0.0314163498458109,0.0005436204477675,317.714231223494,163.4521716395746,19.072951650594405,118.58854641466596,63.93657687550305,0.9680400297064216,16.00336437187756,3.463787141342777,81.71698666116532,ICV_113_CASE_25_with_r_theta_phi.csv,0.9060008474890073,0.06041767263840374,0.9981731837877427,0.9895685433204754,0.1440628268173035,0.004227415659,0.0030873471,0.0011400685184642882,26.968450943957755,ICV_113_CASE_25_with_r_theta_phi.csv
15.08,-1.200181608,2.306418025,0.004227397498,3526.013387,0.6710000003,330.1062737,36.53406232,3.781225057,0.0005436145975,0.03141321478,335.060869437349,152.342283465922,0.29177605993241,831.324796353616,810.003352604872,0.0006312405364473,0.0314163498458109,0.0005436204477675,317.714231223494,163.4521716395746,19.072951650594405,118.58854641466596,63.93657687550305,0.9680400297064216,15.302496528286696,355.4495557601261,81.33124857293313,ICV_113_CASE_25_with_r_theta_phi.csv,0.8663225120143139,-0.0793367692455897,0.9968478705628417,0.9885762360024585,0.1507216826180342,0.004227397498,0.004358872,-0.00013147434194054827,3.1100539273074936,ICV_113_CASE_25_with_r_theta_phi.csv
16.22622126,0.3521456098,2.306982942,0.004227420781,3869.789802,0.6723546332,328.7125125,16.39690392,2.250794435,0.0005436162271,0.03141365328,335.060869437349,152.342283465922,0.29177605993241,831.324796353616,810.003352604872,0.0006312405364473,0.0314163498458109,0.0005436204477675,317.714231223494,163.4521716395746,19.072951650594405,118.58854641466596,63.93657687550305,0.9680400297064216,16.393182522123528,1.2432525210062408,81.91001422432902,ICV_113_CASE_25_with_r_theta_phi.csv,0.9280696804095446,0.02169714718396363,0.9997645891929147,0.9900482694790895,0.14072819227667285,0.004227420781,0.0043182364,-9.081559236492551e-05,2.148250601208439,ICV_113_CASE_25_with_r_theta_phi.csv
-0.7021572403,0.9568,2.313332871,0.004227336496,6160.789815,0.6695962966,330.5364507,195.2496887,7.504712041,0.0005436191524,0.03141518145,335.060869437349,152.342283465922,0.29177605993241,831.324796353616,810.003352604872,0.0006312405364473,0.0314163498458109,0.0005436204477675,317.714231223494,163.4521716395746,19.072951650594405,118.58854641466596,63.93657687550305,0.9680400297064216,2.6000000004143877,126.2734554862999,27.1589781819568,ICV_113_CASE_25_with_r_theta_phi.csv,0.1471941867415276,0.8062024690374928,-0.5916397374398126,0.45646101826095237,0.8897434117812699,0.004227336496,0.003365919,0.0008614175020501096,20.37731092997751,ICV_113_CASE_25_with_r_theta_phi.csv
7.98673132,0.9568,2.315898937,0.002107209992,4434.275173,0.6695017308,331.5864183,160.1778413,9.715384912,0.0005436182508,0.03141456886,335.060869437349,152.342283465922,0.29177605993241,831.324796353616,810.003352604872,0.0006312405364473,0.0314163498458109,0.0005436204477675,317.714231223494,163.4521716395746,19.072951650594405,118.58854641466596,63.93657687550305,0.9680400297064216,8.370587273558927,6.831403020538062,73.93837904518944,ICV_113_CASE_25_with_r_theta_phi.csv,0.4738853023400441,0.11894818109128265,0.992900463397553,0.9609646952414949,0.2766710221534248,0.002107209992,0.0016651971,0.000442012911998765,20.976215634279455,ICV_113_CASE_25_with_r_theta_phi.csv
8.814624327,0.9568,2.316546953,0.002105731284,4645.960699,0.6685126872,332.3997467,191.6209611,11.07368625,0.0005436181182,0.03141450483,335.060869437349,152.342283465922,0.29177605993241,831.324796353616,810.003352604872,0.0006312405364473,0.0314163498458109,0.0005436204477675,317.714231223494,163.4521716395746,19.072951650594405,118.58854641466596,63.93657687550305,0.9680400297064216,9.164030666229452,6.1950234812899225,75.35751161700409,ICV_113_CASE_25_with_r_theta_phi.csv,0.5188046311442605,0.10791300668957358,0.9941603406831395,0.9675219793183956,0.252786905388341,0.002105731284,0.0016651971,0.00044053420399876517,20.92072275018534,ICV_113_CASE_25_with_r_theta_phi.csv
7.171608092,0.9568,2.316664677,0.002107089851,4465.243414,0.6691229682,331.8916092,171.8951553,10.47062333,0.0005436183657,0.03141463435,335.060869437349,152.342283465922,0.29177605993241,831.324796353616,810.003352604872,0.0006312405364473,0.0314163498458109,0.0005436204477675,317.714231223494,163.4521716395746,19.072951650594405,118.58854641466596,63.93657687550305,0.9680400297064216,7.596997044286604,7.59924000808121,72.24515755845789,ICV_113_CASE_25_with_r_theta_phi.csv,0.4300899236282044,0.13224324240446428,0.9912172944608837,0.9523700301634156,0.30494479114511025,0.002107089851,0.0016651971,0.000441892770998765,20.971709895490733,ICV_113_CASE_25_with_r_theta_phi.csv
6.344825869,0.9568,2.318567395,0.002105987864,4707.752678,0.6677600713,333.0077895,259.5257716,13.66327312,0.0005436184772,0.03141470674,335.060869437349,152.342283465922,0.29177605993241,831.324796353616,810.003352604872,0.0006312405364473,0.0314163498458109,0.0005436204477675,317.714231223494,163.4521716395746,19.072951650594405,118.58854641466596,63.93657687550305,0.9680400297064216,6.822612132687061,8.575590620633932,70.13313364458531,ICV_113_CASE_25_with_r_theta_phi.csv,0.3862495554475746,0.14911409590002778,0.9888199969680616,0.9404848082690971,0.33983573298733566,0.002105987864,0.0016651971,0.00044079078399876515,20.93035726009585,ICV_113_CASE_25_with_r_theta_phi.csv
9.663162603,0.9568,2.319001443,0.002104405314,4554.79744,0.6691309953,332.0587007,162.5212559,10.17086977,0.0005436179986,0.03141444032,335.060869437349,152.342283465922,0.29177605993241,831.324796353616,810.003352604872,0.0006312405364473,0.0314163498458109,0.0005436204477675,317.714231223494,163.4521716395746,19.072951650594405,118.58854641466596,63.93657687550305,0.9680400297064216,9.98348363171162,5.654721616531901,76.56843444525737,ICV_113_CASE_25_with_r_theta_phi.csv,0.5651964437626668,0.09853336931091618,0.9951337473587349,0.9726480553714354,0.23228379276687652,0.002104405314,0.0016651971,0.0004392082339987652,20.87089549090809,ICV_113_CASE_25_with_r_theta_phi.csv
5.495878773,0.9568,2.320987919,0.002105337568,4581.833648,0.6679897576,332.7113247,288.7493609,13.80154139,0.0005436186014,0.03141478017,335.060869437349,152.342283465922,0.29177605993241,831.324796353616,810.003352604872,0.0006312405364473,0.0314163498458109,0.0005436204477675,317.714231223494,163.4521716395746,19.072951650594405,118.58854641466596,63.93657687550305,0.9680400297064216,6.042113425586773,9.8758751635184,67.40994253350141,ICV_113_CASE_25_with_r_theta_phi.csv,0.3420630660529091,0.17151429705771637,0.9851816309213227,0.9232768899589283,0.3841351122557908,0.002105337568,0.0016651971,0.000440140487998765,20.905934253945997,ICV_113_CASE_25_with_r_theta_phi.csv
10.53386273,0.9568,2.322310684,0.002098568715,4503.903378,0.669734003,331.7756635,117.6628011,8.988738254,0.0005436179185,0.03141439115,335.060869437349,152.342283465922,0.29177605993241,831.324796353616,810.003352604872,0.0006312405364473,0.0314163498458109,0.0005436204477675,317.714231223494,163.4521716395746,19.072951650594405,118.58854641466596,63.93657687550305,0.9680400297064216,10.829166965538189,5.189984335841132,77.61676057455225,ICV_113_CASE_25_with_r_theta_phi.csv,0.6130732401255999,0.09045849193069688,0.9959002265476317,0.9767350524715337,0.2144496147663368,0.002098568715,0.0016651971,0.00043337163499876504,20.650819374873645,ICV_113_CASE_25_with_r_theta_phi.csv
4.619199684,0.9568,2.324272164,0.002099513775,4337.083138,0.6677194981,332.4916336,319.7859256,13.21806184,0.0005436187115,0.03141483683,335.060869437349,152.342283465922,0.29177605993241,831.324796353616,810.003352604872,0.0006312405364473,0.0314163498458109,0.0005436204477675,317.714231223494,163.4521716395746,19.072951650594405,118.58854641466596,63.93657687550305,0.9680400297064216,5.258774862362045,11.702494480851897,63.76973264356195,ICV_113_CASE_25_with_r_theta_phi.csv,0.29771580346107696,0.20282992749380555,0.9792139809627197,0.8970250123882724,0.44197978138125243,0.002099513775,0.0016651971,0.00043431669499876483,20.68653704317322,ICV_113_CASE_25_with_r_theta_phi.csv
13.79171967,-1.161010653,2.326382226,0.00422740262,3723.422192,0.6707405094,330.9583438,50.14808072,5.956530182,0.0005436159447,0.03141363817,335.060869437349,152.342283465922,0.29177605993241,831.324796353616,810.003352604872,0.0006312405364473,0.0314163498458109,0.0005436204477675,317.714231223494,163.4521716395746,19.072951650594405,118.58854641466596,63.93657687550305,0.9680400297064216,14.034654661005844,355.18808809487655,80.45862157068927,ICV_113_CASE_25_with_r_theta_phi.csv,0.7945459918060364,-0.08388501434554695,0.9964754409257899,0.9861661486424097,0.16575984818947184,0.00422740262,0.004358872,-0.00013146921994054792,3.109928997239648,ICV_113_CASE_25_with_r_theta_phi.csv
-1.104450816,0.3560627577,2.326673099,0.004227333236,8743.295021,0.6669448357,336.0844228,267.9194794,22.83670587,0.0005436192166,0.03141526627,335.060869437349,152.342283465922,0.29177605993241,831.324796353616,810.003352604872,0.0006312405364473,0.0314163498458109,0.0005436204477675,317.714231223494,163.4521716395746,19.072951650594405,118.58854641466596,63.93657687550305,0.9680400297064216,2.6000000003835115,162.13125121533324,26.507715420974197,ICV_113_CASE_25_with_r_theta_phi.csv,0.14719418673977958,0.3068375376871701,-0.9517619058704097,0.4463183204768816,0.8948742687141561,0.004227333236,0.0034788754,0.0007484578522652966,17.705201135183103,ICV_113_CASE_25_with_r_theta_phi.csv
11.37459245,0.9568,2.326686176,0.002093627816,4486.174903,0.66981875,331.8114212,88.90215606,8.185875649,0.0005436178117,0.03141432799,335.060869437349,152.342283465922,0.29177605993241,831.324796353616,810.003352604872,0.0006312405364473,0.0314163498458109,0.0005436204477675,317.714231223494,163.4521716395746,19.072951650594405,118.58854641466596,63.93657687550305,0.9680400297064216,11.649475876844695,4.808246962338387,78.47914882568028,ICV_113_CASE_25_with_r_theta_phi.csv,0.659513510532271,0.0838212743050274,0.9964808046188754,0.9798520854257149,0.19972453701755682,0.002093627816,0.0016808761,0.0004127516876244698,19.71466390888471,ICV_113_CASE_25_with_r_theta_phi.csv
3.764315457,0.9568,2.328527676,0.002094089752,3959.726711,0.6674782765,332.0655441,337.2368699,11.42994887,0.0005436187944,0.03141486698,335.060869437349,152.342283465922,0.29177605993241,831.324796353616,810.003352604872,0.0006312405364473,0.0314163498458109,0.0005436204477675,317.714231223494,163.4521716395746,19.072951650594405,118.58854641466596,63.93657687550305,0.9680400297064216,4.528529368095903,14.261233256890876,59.05662456579592,ICV_113_CASE_25_with_r_theta_phi.csv,0.2563743066791392,0.24634331311003096,0.9691826309246226,0.8576758864792917,0.514190697846588,0.002094089752,0.0016651971,0.00042889267199876496,20.4811026549522,ICV_113_CASE_25_with_r_theta_phi.csv
12.15436562,-1.15237853,2.330670231,0.004227377009,4372.591767,0.6692726627,332.0461033,84.46244061,9.360067896,0.000543617341,0.03141417287,335.060869437349,152.342283465922,0.29177605993241,831.324796353616,810.003352604872,0.0006312405364473,0.0314163498458109,0.0005436204477675,317.714231223494,163.4521716395746,19.072951650594405,118.58854641466596,63.93657687550305,0.9680400297064216,12.429344456837317,354.58386848031955,79.19228802643778,ICV_113_CASE_25_with_r_theta_phi.csv,0.7036643264472665,-0.09438860819605852,0.9955354291248559,0.9822620204312367,0.18751352809422808,0.004227377009,0.0042908383,-6.346125120360036e-05,1.5011968663660862,ICV_113_CASE_25_with_r_theta_phi.csv
12.17334344,0.9568,2.331247947,0.002088724868,4424.49415,0.6697626015,331.8290077,71.28574598,7.43852664,0.0005436176347,0.03141423574,335.060869437349,152.342283465922,0.29177605993241,831.324796353616,810.003352604872,0.0006312405364473,0.0314163498458109,0.0005436204477675,317.714231223494,163.4521716395746,19.072951650594405,118.58854641466596,63.93657687550305,0.9680400297064216,12.431430880577777,4.494092472254806,79.19141301285651,ICV_113_CASE_25_with_r_theta_phi.csv,0.703782445464815,0.07835630734198053,0.996925418022697,0.9822591566348423,0.18752852904827105,0.002088724868,0.0016449858,0.0004437391176824266,21.244498223208858,ICV_113_CASE_25_with_r_theta_phi.csv
2.948785123,0.9568,2.333649478,0.002089071088,3512.674506,0.66773676,331.2814001,280.9706832,7.690684402,0.0005436189,0.03141491335,335.060869437349,152.342283465922,0.29177605993241,831.324796353616,810.003352604872,0.0006312405364473,0.0314163498458109,0.0005436204477675,317.714231223494,163.4521716395746,19.072951650594405,118.58854641466596,63.93657687550305,0.9680400297064216,3.8802989353651354,17.976826836048986,53.02907207507724,ICV_113_CASE_25_with_r_theta_phi.csv,0.2196759407746367,0.30863231619670467,0.951181419813832,0.7989407702338097,0.6014097153008146,0.002089071088,0.0016651971,0.00042387400799876514,20.29007103830372,ICV_113_CASE_25_with_r_theta_phi.csv
12.92990596,0.9568,2.336163033,0.002080464037,4331.865895,0.6703166137,331.4405511,60.77833079,6.708822243,0.0005436174053,0.03141412749,335.060869437349,152.342283465922,0.29177605993241,831.324796353616,810.003352604872,0.0006312405364473,0.0314163498458109,0.0005436204477675,317.714231223494,163.4521716395746,19.072951650594405,118.58854641466596,63.93657687550305,0.9680400297064216,13.174049950231677,4.232116331031307,79.7856829887292,ICV_113_CASE_25_with_r_theta_phi.csv,0.7458244493105973,0.07379721598133963,0.9972732679227914,0.9841513274880604,0.17733066458875194,0.002080464037,0.0016787567,0.00040170736597365097,19.308546489456358,ICV_113_CASE_25_with_r_theta_phi.csv
2.175837454,0.9568,2.339044242,0.002081835642,3186.599128,0.6682307573,330.6210013,233.2320693,4.722036494,0.0005436189646,0.03141494181,335.060869437349,152.342283465922,0.29177605993241,831.324796353616,810.003352604872,0.0006312405364473,0.0314163498458109,0.0005436204477675,317.714231223494,163.4521716395746,19.072951650594405,118.58854641466596,63.93657687550305,0.9680400297064216,3.334795770697593,23.736951701342207,45.46011994366688,ICV_113_CASE_25_with_r_theta_phi.csv,0.18879328897641703,0.4025382302490316,0.9154031752118722,0.7127624167346149,0.7014055440974438,0.002081835642,0.0016651971,0.0004166385619987648,20.013038176172913,ICV_113_CASE_25_with_r_theta_phi.csv
13.6395033,0.9568,2.340952494,0.002070167568,4222.757745,0.6710342864,330.8126486,51.01682915,5.822535425,0.0005436171668,0.03141402226,335.060869437349,152.342283465922,0.29177605993241,831.324796353616,810.003352604872,0.0006312405364473,0.0314163498458109,0.0005436204477675,317.714231223494,163.4521716395746,19.072951650594405,118.58854641466596,63.93657687550305,0.9680400297064216,13.871970843750924,4.0126786753021975,80.28461003842949,ICV_113_CASE_25_with_r_theta_phi.csv,0.7853359486625638,0.06997721762502565,0.9975485898007475,0.9856581763564416,0.16875413885796653,0.002070167568,0.0016792677,0.0003908998337108305,18.882521374811017,ICV_113_CASE_25_with_r_theta_phi.csv
1.451338477,0.9568,2.343535341,0.00207266747,3138.22908,0.668525006,330.2786269,261.8117486,3.564749678,0.0005436189829,0.03141495222,335.060869437349,152.342283465922,0.29177605993241,831.324796353616,810.003352604872,0.0006312405364473,0.0314163498458109,0.0005436204477675,317.714231223494,163.4521716395746,19.072951650594405,118.58854641466596,63.93657687550305,0.9680400297064216,2.917877226570142,33.39500843819877,36.56664073676643,ICV_113_CASE_25_with_r_theta_phi.csv,0.16519021742621665,0.5504080067279229,0.8348958175304239,0.5957573503354405,0.803164478498206,0.00207266747,0.0016651971,0.0004074703899987651,19.659226368915455,ICV_113_CASE_25_with_r_theta_phi.csv
14.30359318,0.9568,2.34424423,0.002076593926,4122.60175,0.672307048,329.8126811,41.05077643,4.84758682,0.0005436169757,0.03141393898,335.060869437349,152.342283465922,0.29177605993241,831.324796353616,810.003352604872,0.0006312405364473,0.0314163498458109,0.0005436204477675,317.714231223494,163.4521716395746,19.072951650594405,118.58854641466596,63.93657687550305,0.9680400297064216,14.525967269301924,3.826944294918576,80.71282018400467,ICV_113_CASE_25_with_r_theta_phi.csv,0.8223607455762187,0.0667431258192365,0.9977701915550883,0.9868918512720444,0.16138300372975167,0.002076593926,0.0016792677,0.00039732619171083073,19.133552619256537,ICV_113_CASE_25_with_r_theta_phi.csv
14.96609501,0.9568,2.345653085,0.002129907487,4081.385448,0.6717514469,329.6871505,35.30064746,3.992490862,0.0005436168412,0.03141387357,335.060869437349,152.342283465922,0.29177605993241,831.324796353616,810.003352604872,0.0006312405364473,0.0314163498458109,0.0005436204477675,317.714231223494,163.4521716395746,19.072951650594405,118.58854641466596,63.93657687550305,0.9680400297064216,15.178983974018712,3.658008113201959,81.11029043291296,ICV_113_CASE_25_with_r_theta_phi.csv,0.8593300774085649,0.06380092193977553,0.9979626457736956,0.9879876361198663,0.15453294430081496,0.002129907487,0.0016792677,0.0004506397527108308,21.157714842065044,ICV_113_CASE_25_with_r_theta_phi.csv
0.7756846812,0.9568,2.345875139,0.002077973681,3511.278784,0.6688732471,330.1901027,380.3688415,4.835746785,0.0005436189998,0.03141497799,335.060869437349,152.342283465922,0.29177605993241,831.324796353616,810.003352604872,0.0006312405364473,0.0314163498458109,0.0005436204477675,317.714231223494,163.4521716395746,19.072951650594405,118.58854641466596,63.93657687550305,0.9680400297064216,2.6495816900836657,50.9680678792916,27.702214286252342,ICV_113_CASE_25_with_r_theta_phi.csv,0.15000116231344182,0.7767951075366037,0.6297534127793165,0.4648762628180994,0.8853756605352766,0.002077973681,0.0017559096,0.0003220640360013902,15.498946824553197,ICV_113_CASE_25_with_r_theta_phi.csv
0.1059967999,0.9568,2.346009937,0.002115707379,4082.735387,0.6686835176,330.3626924,347.2592383,5.221120105,0.0005436190222,0.03141501396,335.060869437349,152.342283465922,0.29177605993241,831.324796353616,810.003352604872,0.0006312405364473,0.0314163498458109,0.0005436204477675,317.714231223494,163.4521716395746,19.072951650594405,118.58854641466596,63.93657687550305,0.9680400297064216,2.5358359935318733,83.67840119751952,22.31013036985217,ICV_113_CASE_25_with_r_theta_phi.csv,0.1435616602762798,0.9939195182648325,0.11010899696302422,0.37961973836222035,0.9251426129228938,0.002115707379,0.0017559096,0.00035979773400138986,17.00602537962456,ICV_113_CASE_25_with_r_theta_phi.csv
10.19857351,-1.090367344,2.360317575,0.004227372352,5369.263945,0.6679638761,333.4840811,168.9959004,14.61218242,0.0005436180232,0.03141450542,335.060869437349,152.342283465922,0.29177605993241,831.324796353616,810.003352604872,0.0006312405364473,0.0314163498458109,0.0005436204477675,317.714231223494,163.4521716395746,19.072951650594405,118.58854641466596,63.93657687550305,0.9680400297064216,10.524775609892554,353.8974768317439,77.04045728454582,ICV_113_CASE_25_with_r_theta_phi.csv,0.5958406870339579,-0.10630785948351472,0.9943332635550484,0.9745286626876064,0.22426298312540446,0.004227372352,0.0043087034,-8.133100349116094e-05,1.923913880769067,ICV_113_CASE_25_with_r_theta_phi.csv
15.59079192,-0.9310868123,2.373219114,0.004227394704,3560.540146,0.6710224479,329.79686,27.86445774,2.869974601,0.000543614422,0.03141315659,335.060869437349,152.342283465922,0.29177605993241,831.324796353616,810.003352604872,0.0006312405364473,0.0314163498458109,0.0005436204477675,317.714231223494,163.4521716395746,19.072951650594405,118.58854641466596,63.93657687550305,0.9680400297064216,15.797844293061988,356.5823378960315,81.36007832766245,ICV_113_CASE_25_with_r_theta_phi.csv,0.8943657086984339,-0.05961409002643187,0.9982214986015481,0.9886519501067283,0.15022423755893444,0.004227394704,0.0043716617,-0.00014426698885774188,3.412669005974493,ICV_113_CASE_25_with_r_theta_phi.csv
8.159519744,-1.06011694,2.374058144,0.004227385856,6121.983288,0.6669056748,335.1467036,267.5763272,20.86649923,0.0005436184011,0.0314147205,335.060869437349,152.342283465922,0.29177605993241,831.324796353616,810.003352604872,0.0006312405364473,0.0314163498458109,0.0005436204477675,317.714231223494,163.4521716395746,19.072951650594405,118.58854641466596,63.93657687550305,0.9680400297064216,8.56374698658791,352.59737349958573,73.90553170333396,ICV_113_CASE_25_with_r_theta_phi.csv,0.48482068190388894,-0.1288410557193436,0.9916652572118906,0.960805923421282,0.27722189220654553,0.004227385856,0.0035742742,0.0006531116084877789,15.449538570185428,ICV_113_CASE_25_with_r_theta_phi.csv
4.156956166,-1.024834512,2.389500831,0.004227341618,8822.435215,0.6651435308,340.1134895,482.9949524,38.38493852,0.0005436190841,0.03141517997,335.060869437349,152.342283465922,0.29177605993241,831.324796353616,810.003352604872,0.0006312405364473,0.0314163498458109,0.0005436204477675,317.714231223494,163.4521716395746,19.072951650594405,118.58854641466596,63.93657687550305,0.9680400297064216,4.903089287824706,346.15076876793665,60.83371100321051,ICV_113_CASE_25_with_r_theta_phi.csv,0.27757932312593375,-0.23936781372882288,0.9709289622576327,0.8732089671725349,0.48734597530858387,0.004227341618,0.003478268,0.0007490736894145899,17.719733982412027,ICV_113_CASE_25_with_r_theta_phi.csv
3.394601223,-1.012201444,2.394879587,0.004227334168,9323.856593,0.6647728401,340.9210777,501.931597,40.64014824,0.0005436192183,0.03141528297,335.060869437349,152.342283465922,0.29177605993241,831.324796353616,810.003352604872,0.0006312405364473,0.0314163498458109,0.0005436204477675,317.714231223494,163.4521716395746,19.072951650594405,118.58854641466596,63.93657687550305,0.9680400297064216,4.275899608580406,343.39648340985707,55.938123903258656,ICV_113_CASE_25_with_r_theta_phi.csv,0.24207214052811435,-0.2857471849464212,0.9583050382290578,0.8284331935419696,0.560087889386883,0.004227334168,0.003478268,0.0007490662394145902,17.719588976609955,ICV_113_CASE_25_with_r_theta_phi.csv
4.946005905,-0.9976253145,2.400988074,0.004227347672,7880.325705,0.6655666396,338.6339396,426.484895,33.33348768,0.0005436188819,0.03141503007,335.060869437349,152.342283465922,0.29177605993241,831.324796353616,810.003352604872,0.0006312405364473,0.0314163498458109,0.0005436204477675,317.714231223494,163.4521716395746,19.072951650594405,118.58854641466596,63.93657687550305,0.9680400297064216,5.587752178820775,348.5962644049066,64.55226106097297,ICV_113_CASE_25_with_r_theta_phi.csv,0.3163402452090905,-0.19772125210435998,0.9802582855892034,0.902977589877319,0.4296876448995807,0.004227347672,0.003477142,0.0007502057124073001,17.746487169693932,ICV_113_CASE_25_with_r_theta_phi.csv
2.581511398,-0.9956103855,2.401824298,0.004227328114,9210.581113,0.6646964384,340.8133596,523.8177064,41.33052665,0.0005436192689,0.03141531539,335.060869437349,152.342283465922,0.29177605993241,831.324796353616,810.003352604872,0.0006312405364473,0.0314163498458109,0.0005436204477675,317.714231223494,163.4521716395746,19.072951650594405,118.58854641466596,63.93657687550305,0.9680400297064216,3.663905170195125,338.9098908500218,49.03964220474575,ICV_113_CASE_25_with_r_theta_phi.csv,0.207425208361152,-0.35983574894852594,0.9330156664165149,0.7551633182544323,0.6555366982579656,0.004227328114,0.003478268,0.0007490601854145901,17.719471141988468,ICV_113_CASE_25_with_r_theta_phi.csv
1.785921336,-0.9705751408,2.412049729,0.004227324855,8359.006453,0.6648907235,339.732155,520.0593175,39.1336619,0.0005436192562,0.03141529276,335.060869437349,152.342283465922,0.29177605993241,831.324796353616,810.003352604872,0.0006312405364473,0.0314163498458109,0.0005436204477675,317.714231223494,163.4521716395746,19.072951650594405,118.58854641466596,63.93657687550305,0.9680400297064216,3.154285183284469,331.477730423897,40.12059620928807,ICV_113_CASE_25_with_r_theta_phi.csv,0.17857401624246494,-0.47750030058208015,0.8786315854463821,0.6443985557086463,0.7646898073079114,0.004227324855,0.003478268,0.0007490569264145897,17.71940770890662,ICV_113_CASE_25_with_r_theta_phi.csv
-0.8553334245,-0.4392037067,2.41567896,0.004227322061,7754.321199,0.6656067828,338.7831497,405.2018615,33.40697936,0.0005436191999,0.03141524717,335.060869437349,152.342283465922,0.29177605993241,831.324796353616,810.003352604872,0.0006312405364473,0.0314163498458109,0.0005436204477675,317.714231223494,163.4521716395746,19.072951650594405,118.58854641466596,63.93657687550305,0.9680400297064216,2.600000000160115,207.17996792999395,21.703916929173943,ICV_113_CASE_25_with_r_theta_phi.csv,0.14719418672713241,-0.4567869364144162,-0.8895761320545488,0.36981027498839164,0.9291072922504753,0.004227322061,0.0034860861,0.0007412359122313363,17.534408340788875,ICV_113_CASE_25_with_r_theta_phi.csv
7.420611369,-0.9596109947,2.416432647,0.004227382597,6508.852218,0.6666485368,335.9010983,311.8850479,23.93378458,0.0005436185127,0.03141478958,335.060869437349,152.342283465922,0.29177605993241,831.324796353616,810.003352604872,0.0006312405364473,0.0314163498458109,0.0005436204477675,317.714231223494,163.4521716395746,19.072951650594405,118.58854641466596,63.93657687550305,0.9680400297064216,7.862917593894051,352.63157544870444,72.10219853666399,ICV_113_CASE_25_with_r_theta_phi.csv,0.44514452325554665,-0.12824907148980863,0.9917419904703048,0.9516061969758882,0.3073201032752122,0.004227382597,0.0035742742,0.0006531083494877785,15.449473388019525,ICV_113_CASE_25_with_r_theta_phi.csv
-1.6881640850000003e-14,0.9568,2.417547054,0.004227345809,4341.149494,0.6699414225,330.0763212,259.5537212,6.798555462,0.0005436190496,0.03141504856,335.060869437349,152.342283465922,0.29177605993241,831.324796353616,810.003352604872,0.0006312405364473,0.0314163498458109,0.0005436204477675,317.714231223494,163.4521716395746,19.072951650594405,118.58854641466596,63.93657687550305,0.9680400297064216,2.599999999673861,90.00000000000102,21.592324874414658,ICV_113_CASE_25_with_r_theta_phi.csv,0.14719418669960405,1.0,-1.7924380658970168e-14,0.36800000004616107,0.9298257901166355,0.004227345809,0.0035739841,0.0006533616684697716,15.455600223767158,ICV_113_CASE_25_with_r_theta_phi.csv
0.6893749102,0.9568,2.417547054,0.004227309953,3908.233008,0.670507952,329.9316125,264.2232868,6.89651354,0.0005436190368,0.03141502416,335.060869437349,152.342283465922,0.29177605993241,831.324796353616,810.003352604872,0.0006312405364473,0.0314163498458109,0.0005436204477675,317.714231223494,163.4521716395746,19.072951650594405,118.58854641466596,63.93657687550305,0.9680400297064216,2.68983972851866,54.22722995063276,26.00315237017645,ICV_113_CASE_25_with_r_theta_phi.csv,0.15228029663125095,0.8113417298602562,0.5845721490007602,0.43842059708983616,0.8987699260919846,0.004227309953,0.0035739841,0.0006533258124697718,15.454883119028837,ICV_113_CASE_25_with_r_theta_phi.csv
1.378077259,0.9568,2.417547054,0.004227330443,3461.763065,0.6699753006,329.9318809,182.7242153,4.766891963,0.000543619018,0.03141499435,335.060869437349,152.342283465922,0.29177605993241,831.324796353616,810.003352604872,0.0006312405364473,0.0314163498458109,0.0005436204477675,317.714231223494,163.4521716395746,19.072951650594405,118.58854641466596,63.93657687550305,0.9680400297064216,2.9426343520860745,34.77227446338304,34.758861774068635,ICV_113_CASE_25_with_r_theta_phi.csv,0.1665917962553685,0.5703161452173168,0.8214252823625898,0.570123837556014,0.8215587683485606,0.004227330443,0.0034832717,0.0007440587510518246,17.60114949395294,ICV_113_CASE_25_with_r_theta_phi.csv
2.112660637,0.9568,2.417547054,0.004227330443,3580.404586,0.6695950678,330.3876097,175.2294328,6.511633563,0.0005436190063,0.03141498978,335.060869437349,152.342283465922,0.29177605993241,831.324796353616,810.003352604872,0.0006312405364473,0.0314163498458109,0.0005436204477675,317.714231223494,163.4521716395746,19.072951650594405,118.58854641466596,63.93657687550305,0.9680400297064216,3.350124619388557,24.36523203158231,43.81086263691003,ICV_113_CASE_25_with_r_theta_phi.csv,0.18966110336733655,0.41255173681872576,0.9109341713032028,0.6922799990711803,0.7216289925481144,0.004227330443,0.0034675926,0.0007597377994261198,17.97204664954552,ICV_113_CASE_25_with_r_theta_phi.csv
2.895132723,0.9568,2.417547054,0.004227337893,3979.542242,0.668912376,331.1978184,206.7441811,9.466907395,0.0005436189609,0.03141497301,335.060869437349,152.342283465922,0.29177605993241,831.324796353616,810.003352604872,0.0006312405364473,0.0314163498458109,0.0005436204477675,317.714231223494,163.4521716395746,19.072951650594405,118.58854641466596,63.93657687550305,0.9680400297064216,3.89124574938277,18.287982590631884,51.59044749920741,ICV_113_CASE_25_with_r_theta_phi.csv,0.2202956743848212,0.31379331337151184,0.9494913145907803,0.7835898870672904,0.6212784310483273,0.004227337893,0.0034675926,0.0007597452494261196,17.97219121055951,ICV_113_CASE_25_with_r_theta_phi.csv
3.720280798,0.9568,2.417547054,0.004227326252,4484.194806,0.6684415574,332.1269016,226.8001462,12.50188075,0.0005436188888,0.03141494783,335.060869437349,152.342283465922,0.29177605993241,831.324796353616,810.003352604872,0.0006312405364473,0.0314163498458109,0.0005436204477675,317.714231223494,163.4521716395746,19.072951650594405,118.58854641466596,63.93657687550305,0.9680400297064216,4.538776180235328,14.423031930647369,57.81579834184612,ICV_113_CASE_25_with_r_theta_phi.csv,0.25695441097887595,0.24907922104845454,0.9684831137618741,0.8463400655759022,0.5326429323674327,0.004227326252,0.0034675926,0.0007597336084261197,17.97196532647464,ICV_113_CASE_25_with_r_theta_phi.csv
4.584785135,0.9568,2.417547054,0.004227318335,4828.957827,0.6687351703,332.5100559,205.4595716,13.60723085,0.0005436188103,0.03141491534,335.060869437349,152.342283465922,0.29177605993241,831.324796353616,810.003352604872,0.0006312405364473,0.0314163498458109,0.0005436204477675,317.714231223494,163.4521716395746,19.072951650594405,118.58854641466596,63.93657687550305,0.9680400297064216,5.270697746259128,11.787887221939512,62.69823986391003,ICV_113_CASE_25_with_r_theta_phi.csv,0.29839079546052505,0.20428910701490408,0.9789105989594009,0.8886031424433356,0.4586768527403895,0.004227318335,0.0034675926,0.0007597256914261196,17.971811702853493,ICV_113_CASE_25_with_r_theta_phi.csv
5.471100461,0.9568,2.417547054,0.004227343481,5122.393402,0.669111103,332.7183072,187.237365,14.07404298,0.0005436186943,0.03141485027,335.060869437349,152.342283465922,0.29177605993241,831.324796353616,810.003352604872,0.0006312405364473,0.0314163498458109,0.0005436204477675,317.714231223494,163.4521716395746,19.072951650594405,118.58854641466596,63.93657687550305,0.9680400297064216,6.057469789661232,9.919715951570993,66.4779607779621,ICV_113_CASE_25_with_r_theta_phi.csv,0.342932438176327,0.17226807435967467,0.9850501056070242,0.9169066249280698,0.3991017929839653,0.004227343481,0.0034675926,0.0007597508374261198,17.972299640687673,ICV_113_CASE_25_with_r_theta_phi.csv
6.329553868,0.9568,2.417547054,0.004227365367,5017.028107,0.6689156094,332.779567,158.59714,12.95330618,0.0005436185674,0.03141477136,335.060869437349,152.342283465922,0.29177605993241,831.324796353616,810.003352604872,0.0006312405364473,0.0314163498458109,0.0005436204477675,317.714231223494,163.4521716395746,19.072951650594405,118.58854641466596,63.93657687550305,0.9680400297064216,6.842751797794352,8.59597315105168,69.31068331854942,ICV_113_CASE_25_with_r_theta_phi.csv,0.38738972530382154,0.1494658515232919,0.9887668882140104,0.9355099231636904,0.3533004155987734,0.004227365367,0.0034675926,0.0007597727234261199,17.972724316128236,ICV_113_CASE_25_with_r_theta_phi.csv
7.165798175,0.9568,2.417547054,0.004227375146,4735.009082,0.6701944841,331.6510888,116.5972817,10.33210529,0.000543618419,0.03141467517,335.060869437349,152.342283465922,0.29177605993241,831.324796353616,810.003352604872,0.0006312405364473,0.0314163498458109,0.0005436204477675,317.714231223494,163.4521716395746,19.072951650594405,118.58854641466596,63.93657687550305,0.9680400297064216,7.622903874714505,7.605329263464341,71.50979480303278,ICV_113_CASE_25_with_r_theta_phi.csv,0.43155659087254206,0.13234858580838327,0.9912032343745257,0.9483778850756258,0.3171425343587378,0.004227375146,0.0034832717,0.0007441034540518242,17.602020832711872,ICV_113_CASE_25_with_r_theta_phi.csv
7.989988451,0.9568,2.417547054,0.004227392841,4787.275939,0.6708481942,331.2766142,100.2250303,9.508179327,0.0005436183274,0.03141461905,335.060869437349,152.342283465922,0.29177605993241,831.324796353616,810.003352604872,0.0006312405364473,0.0314163498458109,0.0005436204477675,317.714231223494,163.4521716395746,19.072951650594405,118.58854641466596,63.93657687550305,0.9680400297064216,8.402375583453614,6.828644490419151,73.27838439708432,ICV_113_CASE_25_with_r_theta_phi.csv,0.4756849386562327,0.11890037733061526,0.9929061890584816,0.9577140160671145,0.28772185080142737,0.004227392841,0.0034832717,0.0007441211490518242,17.602365733764568,ICV_113_CASE_25_with_r_theta_phi.csv
8.826784393,0.9568,2.417547054,0.004227400757,4982.688076,0.6696600542,332.2088463,103.9506111,10.23523204,0.000543618243,0.03141457827,335.060869437349,152.342283465922,0.29177605993241,831.324796353616,810.003352604872,0.0006312405364473,0.0314163498458109,0.0005436204477675,317.714231223494,163.4521716395746,19.072951650594405,118.58854641466596,63.93657687550305,0.9680400297064216,9.201745634324634,6.18655523973797,74.76806540815102,ICV_113_CASE_25_with_r_theta_phi.csv,0.5209397942426713,0.10776606990855997,0.9941762792264073,0.9648702098367244,0.2627270031223197,0.004227400757,0.0034675926,0.0007598081134261199,17.973411013570146,ICV_113_CASE_25_with_r_theta_phi.csv
9.685093707,0.9568,2.417547054,0.004227375146,4773.614363,0.6701440972,331.8064812,83.08733058,8.946243743,0.0005436181404,0.03141451909,335.060869437349,152.342283465922,0.29177605993241,831.324796353616,810.003352604872,0.0006312405364473,0.0314163498458109,0.0005436204477675,317.714231223494,163.4521716395746,19.072951650594405,118.58854641466596,63.93657687550305,0.9680400297064216,10.028012769820103,5.641999668164601,76.04974528700944,ICV_113_CASE_25_with_r_theta_phi.csv,0.5677173784815648,0.09831240749970492,0.9951556011657735,0.9705054017404031,0.2410793752951477,0.004227375146,0.0034832717,0.0007441034540518242,17.602020832711872,ICV_113_CASE_25_with_r_theta_phi.csv
10.56643489,0.9568,2.417547054,0.004227348138,4673.534386,0.6709804041,331.3236123,63.35728199,7.880718268,0.0005436180516,0.03141446254,335.060869437349,152.342283465922,0.29177605993241,831.324796353616,810.003352604872,0.0006312405364473,0.0314163498458109,0.0005436204477675,317.714231223494,163.4521716395746,19.072951650594405,118.58854641466596,63.93657687550305,0.9680400297064216,10.881615058570736,5.174072626804957,77.16359579107461,ICV_113_CASE_25_with_r_theta_phi.csv,0.6160424918174612,0.09018191528880579,0.9959253095261926,0.9750083914798476,0.222168036728689,0.004227348138,0.0034832717,0.0007440764460518246,17.60149440230015,ICV_113_CASE_25_with_r_theta_phi.csv
11.4178129,0.9568,2.417547054,0.00422735,4586.454835,0.6713595119,331.1483564,52.0264458,7.275724248,0.0005436179252,0.03141438743,335.060869437349,152.342283465922,0.29177605993241,831.324796353616,810.003352604872,0.0006312405364473,0.0314163498458109,0.0005436204477675,317.714231223494,163.4521716395746,19.072951650594405,118.58854641466596,63.93657687550305,0.9680400297064216,11.710100401692142,4.790130903314207,78.0856220207362,ICV_113_CASE_25_with_r_theta_phi.csv,0.662945655774613,0.083506197959253,0.9965072578272524,0.9784572087798112,0.20644972895797378,0.00422735,0.0034837825,0.0007435674776196484,17.589446756094333,ICV_113_CASE_25_with_r_theta_phi.csv
12.22728666,0.9568,2.417547054,0.004227365367,4479.731318,0.6715781143,330.9651633,45.3264298,6.736211197,0.0005436177611,0.03141429725,335.060869437349,152.342283465922,0.29177605993241,831.324796353616,810.003352604872,0.0006312405364473,0.0314163498458109,0.0005436204477675,317.714231223494,163.4521716395746,19.072951650594405,118.58854641466596,63.93657687550305,0.9680400297064216,12.500661545059046,4.474346533666676,78.84910669880372,ICV_113_CASE_25_with_r_theta_phi.csv,0.7077018113703042,0.078012730651531,0.9969523628821447,0.9811212681667545,0.19339352923730246,0.004227365367,0.0034635712,0.0007637941743033096,18.06785332739447,ICV_113_CASE_25_with_r_theta_phi.csv
12.99429461,0.9568,2.417547054,0.004227379803,4357.834231,0.6719618528,330.6397435,40.46267015,6.183908299,0.0005436175512,0.03141419246,335.060869437349,152.342283465922,0.29177605993241,831.324796353616,810.003352604872,0.0006312405364473,0.0314163498458109,0.0005436204477675,317.714231223494,163.4521716395746,19.072951650594405,118.58854641466596,63.93657687550305,0.9680400297064216,13.251856187333876,4.211221199954025,79.48861940034851,ICV_113_CASE_25_with_r_theta_phi.csv,0.7502293053843864,0.07343351665577243,0.9973001146252648,0.983218690919486,0.18243082477084932,0.004227379803,0.003481663,0.0007457167379688288,17.640164180734892,ICV_113_CASE_25_with_r_theta_phi.csv
13.71571383,0.9568,2.417547054,0.004227397963,4205.043897,0.6728498078,329.878132,34.82661637,5.366678445,0.0005436173115,0.03141408144,335.060869437349,152.342283465922,0.29177605993241,831.324796353616,810.003352604872,0.0006312405364473,0.0314163498458109,0.0005436204477675,317.714231223494,163.4521716395746,19.072951650594405,118.58854641466596,63.93657687550305,0.9680400297064216,13.959971556731674,3.990454701136628,80.02740738481674,ICV_113_CASE_25_with_r_theta_phi.csv,0.7903179461155683,0.06959028170527129,0.9975756576281225,0.9848907047885084,0.17317707591132073,0.004227397963,0.003481663,0.0007457348979688291,17.64051798102321,ICV_113_CASE_25_with_r_theta_phi.csv
14.39499627,0.9568,2.417547054,0.004227417987,4075.431438,0.674021223,328.889381,28.65548408,4.441888481,0.0005436170975,0.03141398125,335.060869437349,152.342283465922,0.29177605993241,831.324796353616,810.003352604872,0.0006312405364473,0.0314163498458109,0.0005436204477675,317.714231223494,163.4521716395746,19.072951650594405,118.58854641466596,63.93657687550305,0.9680400297064216,14.627915696079809,3.802716087687145,80.48711437635848,ICV_113_CASE_25_with_r_theta_phi.csv,0.8281323670249715,0.06632120077775402,0.9977983254783488,0.9862484579565574,0.1652694139225791,0.004227417987,0.0034844014,0.0007430166007688158,17.576132828075,ICV_113_CASE_25_with_r_theta_phi.csv
15.08,0.9568,2.417547054,0.00422742404,4009.119802,0.6735469084,328.6412769,24.56948176,3.4543772,0.000543616973,0.03141391674,335.060869437349,152.342283465922,0.29177605993241,831.324796353616,810.003352604872,0.0006312405364473,0.0314163498458109,0.0005436204477675,317.714231223494,163.4521716395746,19.072951650594405,118.58854641466596,63.93657687550305,0.9680400297064216,15.302496528289234,3.6304519593369946,80.91011000034598,ICV_113_CASE_25_with_r_theta_phi.csv,0.8663225120144575,0.0633209488218752,0.9979932151273863,0.98744169881168,0.15798383286875772,0.00422742404,0.0034844014,0.0007430226537688163,17.576250845965614,ICV_113_CASE_25_with_r_theta_phi.csv
11.4617523,-0.9536959865,2.418773236,0.004227356985,4776.970521,0.6686292949,332.6586854,112.8761536,11.24986493,0.0005436176372,0.0314143084,335.060869437349,152.342283465922,0.29177605993241,831.324796353616,810.003352604872,0.0006312405364473,0.0314163498458109,0.0005436204477675,317.714231223494,163.4521716395746,19.072951650594405,118.58854641466596,63.93657687550305,0.9680400297064216,11.752947110763811,355.2435569447389,78.1235824141126,ICV_113_CASE_25_with_r_theta_phi.csv,0.6653713428882092,-0.08292027329865696,0.996556184204421,0.978593773956088,0.2058014226733646,0.004227356985,0.0043087034,-8.134637049116156e-05,1.924284387634197,ICV_113_CASE_25_with_r_theta_phi.csv
6.651964757,-0.9406931273,2.423859823,0.004227376077,6831.555424,0.6664487728,336.5828751,350.252184,26.70101025,0.0005436186141,0.03141485446,335.060869437349,152.342283465922,0.29177605993241,831.324796353616,810.003352604872,0.0006312405364473,0.0314163498458109,0.0005436204477675,317.714231223494,163.4521716395746,19.072951650594405,118.58854641466596,63.93657687550305,0.9680400297064216,7.142032982958922,351.9508433614156,70.1609235755912,ICV_113_CASE_25_with_r_theta_phi.csv,0.40433297555394393,-0.14002264536414688,0.9901483014100597,0.940649526734647,0.3393795336402664,0.004227376077,0.0035742742,0.0006531018294877785,15.449342983384751,ICV_113_CASE_25_with_r_theta_phi.csv
0.8799352853,-0.9319595929,2.427231204,0.004227318801,8169.390826,0.6650139852,339.6851081,608.4314862,42.27414211,0.0005436192407,0.03141528058,335.060869437349,152.342283465922,0.29177605993241,831.324796353616,810.003352604872,0.0006312405364473,0.0314163498458109,0.0005436204477675,317.714231223494,163.4521716395746,19.072951650594405,118.58854641466596,63.93657687550305,0.9680400297064216,2.744865407772413,313.3553380686801,27.83687985239783,ICV_113_CASE_25_with_r_theta_phi.csv,0.15539547359523764,-0.7271100333472642,0.6865209387962907,0.4669559262128429,0.8842805906355211,0.004227318801,0.003478268,0.0007490508724145896,17.719289873765938,ICV_113_CASE_25_with_r_theta_phi.csv
5.588118707,-0.9293962871,2.428213858,0.004227356985,7354.421213,0.6658720415,337.6313375,366.7274379,29.17527171,0.0005436187483,0.03141493506,335.060869437349,152.342283465922,0.29177605993241,831.324796353616,810.003352604872,0.0006312405364473,0.0314163498458109,0.0005436204477675,317.714231223494,163.4521716395746,19.072951650594405,118.58854641466596,63.93657687550305,0.9680400297064216,6.163365207594132,350.5572003036888,66.79791650266952,ICV_113_CASE_25_with_r_theta_phi.csv,0.3489275112224051,-0.1640628816879684,0.9864498825851417,0.9191210133879104,0.39397533266535933,0.004227356985,0.0035742742,0.0006530827374877785,15.448961127499594,ICV_113_CASE_25_with_r_theta_phi.csv
15.91603722,-0.3183351108,2.441250606,0.004227414727,3652.652855,0.671718246,329.1359873,18.88180587,2.223390155,0.0005436151201,0.03141334442,335.060869437349,152.342283465922,0.29177605993241,831.324796353616,810.003352604872,0.0006312405364473,0.0314163498458109,0.0005436204477675,317.714231223494,163.4521716395746,19.072951650594405,118.58854641466596,63.93657687550305,0.9680400297064216,16.10531845548199,358.8541854652286,81.28147586192051,ICV_113_CASE_25_with_r_theta_phi.csv,0.9117727891885227,-0.019996903295007907,0.9998000419376917,0.9884449314347641,0.15158039952752625,0.004227414727,0.0043716617,-0.00014424696585774253,3.412179195533675,ICV_113_CASE_25_with_r_theta_phi.csv
9.456935049,-0.8338034403,2.462675745,0.004227378406,5371.616002,0.6676509395,333.6348542,193.1539689,15.44973983,0.0005436181186,0.03141455422,335.060869437349,152.342283465922,0.29177605993241,831.324796353616,810.003352604872,0.0006312405364473,0.0314163498458109,0.0005436204477675,317.714231223494,163.4521716395746,19.072951650594405,118.58854641466596,63.93657687550305,0.9680400297064216,9.807834650067877,354.96134843851127,75.45781767242039,ICV_113_CASE_25_with_r_theta_phi.csv,0.5552524018392409,-0.0878277528289509,0.9961356764181357,0.9679630431243951,0.25109270627670666,0.004227378406,0.0043087034,-8.132494949116172e-05,1.9237679162219772,ICV_113_CASE_25_with_r_theta_phi.csv
14.37440203,-0.737553083,2.493193825,0.004227407277,3634.864219,0.6710939861,330.1596946,39.33482267,4.662687519,0.0005436157415,0.03141356093,335.060869437349,152.342283465922,0.29177605993241,831.324796353616,810.003352604872,0.0006312405364473,0.0314163498458109,0.0005436204477675,317.714231223494,163.4521716395746,19.072951650594405,118.58854641466596,63.93657687550305,0.9680400297064216,14.607649835593987,357.0627194147955,80.17280059156593,ICV_113_CASE_25_with_r_theta_phi.csv,0.8269850528509899,-0.051242765005452814,0.9986862265169155,0.9853269857288947,0.1706772720499443,0.004227407277,0.004358872,-0.00013146456294054788,3.1098154091919947,ICV_113_CASE_25_with_r_theta_phi.csv
13.26678974,-0.6706191862,2.512025061,0.004227394238,3971.755976,0.6709424483,330.8347771,54.97730432,7.008043068,0.0005436167106,0.03141390565,335.060869437349,152.342283465922,0.29177605993241,831.324796353616,810.003352604872,0.0006312405364473,0.0314163498458109,0.0005436204477675,317.714231223494,163.4521716395746,19.072951650594405,118.58854641466596,63.93657687550305,0.9680400297064216,13.519160846937242,357.10623492865864,79.29151071686158,ICV_113_CASE_25_with_r_theta_phi.csv,0.7653622638367968,-0.0504842591032462,0.9987248567963032,0.9825852762890467,0.18581220309758378,0.004227394238,0.004350752,-0.0001233578660737632,2.9180591896473747,ICV_113_CASE_25_with_r_theta_phi.csv
15.63169374,0.1849100823,2.534056488,0.004227429163,3834.789408,0.6721130615,328.9331116,19.92401,2.657047602,0.0005436161821,0.03141365596,335.060869437349,152.342283465922,0.29177605993241,831.324796353616,810.003352604872,0.0006312405364473,0.0314163498458109,0.0005436204477675,317.714231223494,163.4521716395746,19.072951650594405,118.58854641466596,63.93657687550305,0.9680400297064216,15.836839432287816,0.6777303444483209,80.79250937698538,ICV_113_CASE_25_with_r_theta_phi.csv,0.8965733463154736,0.011828350116784138,0.9999300426197398,0.9871153544045341,0.16001024060606567,0.004227429163,0.0043097185,-8.2289334097492e-05,1.9465573734091783,ICV_113_CASE_25_with_r_theta_phi.csv
10.75179234,-0.5693388765,2.536898351,0.004227360711,4897.983981,0.6683756655,332.7563682,126.3204388,11.68785451,0.0005436177984,0.03141438167,335.060869437349,152.342283465922,0.29177605993241,831.324796353616,810.003352604872,0.0006312405364473,0.0314163498458109,0.0005436204477675,317.714231223494,163.4521716395746,19.072951650594405,118.58854641466596,63.93657687550305,0.9680400297064216,11.061692389597692,356.9688517720125,76.74172983862121,ICV_113_CASE_25_with_r_theta_phi.csv,0.6262372365431816,-0.052878842578430105,0.9986009353127833,0.9733461651819292,0.22934088760103932,0.004227360711,0.0043087034,-8.13426444911617e-05,1.9241945514670264,ICV_113_CASE_25_with_r_theta_phi.csv
8.713231568,-0.5646402232,2.537948269,0.004227384925,5504.817718,0.667356227,333.9549227,217.63175,16.71857899,0.0005436182167,0.03141460289,335.060869437349,152.342283465922,0.29177605993241,831.324796353616,810.003352604872,0.0006312405364473,0.0314163498458109,0.0005436204477675,317.714231223494,163.4521716395746,19.072951650594405,118.58854641466596,63.93657687550305,0.9680400297064216,9.09287657209572,356.2922677043676,73.79267320504141,ICV_113_CASE_25_with_r_theta_phi.csv,0.5147763738297699,-0.06466698038673434,0.9979069002906342,0.9602580013647085,0.27911390294117455,0.004227384925,0.0035742742,0.0006531106774877787,15.449519949576946,ICV_113_CASE_25_with_r_theta_phi.csv
12.70273675,-0.5552819009,2.540012207,0.004227378406,4194.548758,0.6700458343,331.483866,66.08774457,8.075115958,0.0005436171481,0.0314140785,335.060869437349,152.342283465922,0.29177605993241,831.324796353616,810.003352604872,0.0006312405364473,0.0314163498458109,0.0005436204477675,317.714231223494,163.4521716395746,19.072951650594405,118.58854641466596,63.93657687550305,0.9680400297064216,12.966091197464896,357.4969907543502,78.7028991663974,ICV_113_CASE_25_with_r_theta_phi.csv,0.7340512495089012,-0.04367185856115411,0.9990459292594183,0.9806245721659871,0.19589652489075676,0.004227378406,0.004350752,-0.00012337369807376326,2.918444629169514,ICV_113_CASE_25_with_r_theta_phi.csv
-0.4684739434,0.2539903527,2.544802756,0.004227366298,6316.183279,0.6666887409,335.1981103,325.266911,22.26295365,0.0005436191032,0.03141511884,335.060869437349,152.342283465922,0.29177605993241,831.324796353616,810.003352604872,0.0006312405364473,0.0314163498458109,0.0005436204477675,317.714231223494,163.4521716395746,19.072951650594405,118.58854641466596,63.93657687550305,0.9680400297064216,2.600000000356657,151.53498382606347,11.827174144167316,ICV_113_CASE_25_with_r_theta_phi.csv,0.14719418673825926,0.4766220806028644,-0.8791082938306274,0.2049602843731963,0.9787702906349673,0.004227366298,0.0034761783,0.0007511880244413837,17.769645952352885,ICV_113_CASE_25_with_r_theta_phi.csv
-1.7820154270000002e-14,-0.4975579076,2.551947517,0.004227322061,7675.894094,0.6654660853,339.2865737,551.7716576,39.78914849,0.0005436191813,0.03141521325,335.060869437349,152.342283465922,0.29177605993241,831.324796353616,810.003352604872,0.0006312405364473,0.0314163498458109,0.0005436204477675,317.714231223494,163.4521716395746,19.072951650594405,118.58854641466596,63.93657687550305,0.9680400297064216,2.6000000001803376,269.99999999999795,11.032654749933954,ICV_113_CASE_25_with_r_theta_phi.csv,0.14719418672827728,-1.0,-3.571083380787711e-14,0.19136842598672707,0.981518275701152,0.004227322061,0.0034837865,0.0007435355804987056,17.588808460619852,ICV_113_CASE_25_with_r_theta_phi.csv
6.1793648,-0.4681954871,2.557497407,0.004227366298,6329.653518,0.6664389637,335.9479285,322.2208412,24.13340795,0.0005436185452,0.03141479317,335.060869437349,152.342283465922,0.29177605993241,831.324796353616,810.003352604872,0.0006312405364473,0.0314163498458109,0.0005436204477675,317.714231223494,163.4521716395746,19.072951650594405,118.58854641466596,63.93657687550305,0.9680400297064216,6.704069609754329,355.6671163614364,67.57434507070263,ICV_113_CASE_25_with_r_theta_phi.csv,0.37953848996503947,-0.07555102667912361,0.997141936921585,0.924375311726677,0.3814843156280593,0.004227366298,0.0035742742,0.000653092050487779,15.449147395679205,ICV_113_CASE_25_with_r_theta_phi.csv
15.08,-0.463704337,2.558315518,0.004227414727,3689.730407,0.6712694116,329.704493,28.09051991,3.444139282,0.0005436154837,0.03141346627,335.060869437349,152.342283465922,0.29177605993241,831.324796353616,810.003352604872,0.0006312405364473,0.0314163498458109,0.0005436204477675,317.714231223494,163.4521716395746,19.072951650594405,118.58854641466596,63.93657687550305,0.9680400297064216,15.302496528403209,358.23873127271395,80.37593375525313,ICV_113_CASE_25_with_r_theta_phi.csv,0.86632251202091,-0.03073509727989505,0.9995275653003249,0.9859259013476818,0.1671828850443765,0.004227414727,0.0043716617,-0.00014424696585774253,3.412179195533675,ICV_113_CASE_25_with_r_theta_phi.csv
13.78688748,-0.4535883895,2.560128429,0.004227403086,3873.737676,0.6710204871,330.4280596,46.11833617,5.858768546,0.0005436164396,0.03141379635,335.060869437349,152.342283465922,0.29177605993241,831.324796353616,810.003352604872,0.0006312405364473,0.0314163498458109,0.0005436204477675,317.714231223494,163.4521716395746,19.072951650594405,118.58854641466596,63.93657687550305,0.9680400297064216,14.029906143173015,358.1156494041098,79.48595664211905,ICV_113_CASE_25_with_r_theta_phi.csv,0.7942771632596828,-0.03288219369202353,0.9994592344553129,0.9832102115861046,0.18247651857926117,0.004227403086,0.004358872,-0.00013146875394054805,3.109917631106372,ICV_113_CASE_25_with_r_theta_phi.csv
9.995310852,-0.4413202502,2.562271734,0.004227369558,4982.791646,0.667924744,332.9294063,149.8156079,12.45841035,0.0005436179554,0.03141445909,335.060869437349,152.342283465922,0.29177605993241,831.324796353616,810.003352604872,0.0006312405364473,0.0314163498458109,0.0005436204477675,317.714231223494,163.4521716395746,19.072951650594405,118.58854641466596,63.93657687550305,0.9680400297064216,10.32793488700432,357.4718769554053,75.6354007570286,ICV_113_CASE_25_with_r_theta_phi.csv,0.5846969139114463,-0.0441097546443814,0.9990266911075061,0.9687366317161641,0.24809139116708817,0.004227369558,0.0043087034,-8.133379749116106e-05,1.9239812454532803,ICV_113_CASE_25_with_r_theta_phi.csv
11.99279762,-0.4182729854,2.56613478,0.004227360711,4524.566902,0.6692353588,332.1499804,84.65029703,9.462011613,0.0005436174342,0.03141420354,335.060869437349,152.342283465922,0.29177605993241,831.324796353616,810.003352604872,0.0006312405364473,0.0314163498458109,0.0005436204477675,317.714231223494,163.4521716395746,19.072951650594405,118.58854641466596,63.93657687550305,0.9680400297064216,12.271397424650493,358.0025038842212,77.92949876691586,ICV_113_CASE_25_with_r_theta_phi.csv,0.6947224476213927,-0.034855822266924276,0.9993923512085214,0.9778910294073291,0.2091151228502476,0.004227360711,0.0042908383,-6.347754920360028e-05,1.501588190082992,ICV_113_CASE_25_with_r_theta_phi.csv
7.748468823,0.3800434471,2.57207445,0.004227388185,5431.816582,0.668547934,333.1944841,166.3241967,14.36416869,0.0005436183455,0.03141464855,335.060869437349,152.342283465922,0.29177605993241,831.324796353616,810.003352604872,0.0006312405364473,0.0314163498458109,0.0005436204477675,317.714231223494,163.4521716395746,19.072951650594405,118.58854641466596,63.93657687550305,0.9680400297064216,8.173051394615689,2.807967638264472,71.65718389237577,ICV_113_CASE_25_with_r_theta_phi.csv,0.46270217424439464,0.04898866482379994,0.9987993345606421,0.9491905716432276,0.31470185684803775,0.004227388185,0.004205135,2.225302208024027e-05,0.526401198591992,ICV_113_CASE_25_with_r_theta_phi.csv
4.585778358,-0.3728580698,2.573125893,0.004227340221,7512.754182,0.6659017718,337.9470083,414.8390546,31.71972892,0.0005436188845,0.03141501677,335.060869437349,152.342283465922,0.29177605993241,831.324796353616,810.003352604872,0.0006312405364473,0.0314163498458109,0.0005436204477675,317.714231223494,163.4521716395746,19.072951650594405,118.58854641466596,63.93657687550305,0.9680400297064216,5.271561737297895,355.3516499796422,60.7832695715274,ICV_113_CASE_25_with_r_theta_phi.csv,0.29843970871371084,-0.08104004452405623,0.9967108463258233,0.8727795845185174,0.4881145325102338,0.004227340221,0.0035742742,0.0006530659734877787,15.44862583070747,ICV_113_CASE_25_with_r_theta_phi.csv
1.033726085,0.3582960812,2.575193957,0.004227337427,5242.1475,0.6674139406,334.3487994,335.931219,21.49074832,0.0005436190567,0.03141504427,335.060869437349,152.342283465922,0.29177605993241,831.324796353616,810.003352604872,0.0006312405364473,0.0314163498458109,0.0005436204477675,317.714231223494,163.4521716395746,19.072951650594405,118.58854641466596,63.93657687550305,0.9680400297064216,2.7979616896558865,19.11664391550397,23.017988277759287,ICV_113_CASE_25_with_r_theta_phi.csv,0.15840142129892654,0.3274923844425617,0.9448538183931552,0.39102010602869447,0.920382136224573,0.004227337427,0.0034600708,0.0007672666102000016,18.15011513199702,ICV_113_CASE_25_with_r_theta_phi.csv
1.780714449,0.3481167689,2.576589745,0.00422733603,5123.428507,0.6671968132,334.226756,278.5157614,19.23266359,0.0005436190494,0.03141503739,335.060869437349,152.342283465922,0.29177605993241,831.324796353616,810.003352604872,0.0006312405364473,0.0314163498458109,0.0005436204477675,317.714231223494,163.4521716395746,19.072951650594405,118.58854641466596,63.93657687550305,0.9680400297064216,3.1513400241335296,11.061404897794487,35.15302916965732,ICV_113_CASE_25_with_r_theta_phi.csv,0.17840728150939655,0.19186091276729833,0.9814221263819658,0.5757622307184416,0.8176171803956446,0.00422733603,0.0034600708,0.0007672652132000015,18.15008808321539,ICV_113_CASE_25_with_r_theta_phi.csv
4.965052675,0.3471874981,2.576715126,0.004227340221,6189.011254,0.6671841808,335.1666361,303.8639676,22.60347128,0.0005436187373,0.03141489307,335.060869437349,152.342283465922,0.29177605993241,831.324796353616,810.003352604872,0.0006312405364473,0.0314163498458109,0.0005436204477675,317.714231223494,163.4521716395746,19.072951650594405,118.58854641466596,63.93657687550305,0.9680400297064216,5.604618458460736,3.999967770021556,62.62911787709595,ICV_113_CASE_25_with_r_theta_phi.csv,0.3172950984069996,0.06975591259514118,0.9975640894990251,0.8880491453096356,0.4597485350871992,0.004227340221,0.0034600708,0.0007672694042000017,18.150169229506638,ICV_113_CASE_25_with_r_theta_phi.csv
5.403896632,-0.3443816746,2.577091629,0.004227350466,6716.686994,0.6662515774,336.642464,357.0876637,26.87245643,0.0005436186939,0.03141488735,335.060869437349,152.342283465922,0.29177605993241,831.324796353616,810.003352604872,0.0006312405364473,0.0314163498458109,0.0005436204477675,317.714231223494,163.4521716395746,19.072951650594405,118.58854641466596,63.93657687550305,0.9680400297064216,5.996840735871107,356.353562867767,64.54884066489262,ICV_113_CASE_25_with_r_theta_phi.csv,0.3395000365362795,-0.06359938037168923,0.9979755101285488,0.9029519371305271,0.42974154934358927,0.004227350466,0.0035742742,0.0006530762184877789,15.448830741285658,ICV_113_CASE_25_with_r_theta_phi.csv
11.76971399,0.3440737106,2.577132764,0.004227356054,4570.540794,0.6699269478,331.7646772,61.0525098,8.056431682,0.0005436176645,0.03141427995,335.060869437349,152.342283465922,0.29177605993241,831.324796353616,810.003352604872,0.0006312405364473,0.0314163498458109,0.0005436204477675,317.714231223494,163.4521716395746,19.072951650594405,118.58854641466596,63.93657687550305,0.9680400297064216,12.053471176719594,1.6744976465128616,77.65437488442478,ICV_113_CASE_25_with_r_theta_phi.csv,0.6823849565334278,0.029221337032069743,0.9995729655518192,0.9768756267725113,0.21380834833516973,0.004227356054,0.0042139357,1.3420358411410892e-05,0.3174645862994593,ICV_113_CASE_25_with_r_theta_phi.csv
2.556784603,0.3408868835,2.577556233,0.004227338824,5630.03438,0.6669217498,334.8744759,321.2942631,22.12174199,0.0005436190196,0.03141503045,335.060869437349,152.342283465922,0.29177605993241,831.324796353616,810.003352604872,0.0006312405364473,0.0314163498458109,0.0005436204477675,317.714231223494,163.4521716395746,19.072951650594405,118.58854641466596,63.93657687550305,0.9680400297064216,3.646525402044714,7.594252986064021,45.02058617930544,ICV_113_CASE_25_with_r_theta_phi.csv,0.2064412849618257,0.13215696639585617,0.9912288011519058,0.7073607966083248,0.7068526744814907,0.004227338824,0.0034600708,0.0007672680072000016,18.150142180760767,ICV_113_CASE_25_with_r_theta_phi.csv
3.787992953,-0.3396908247,2.577714131,0.004227333236,7788.668805,0.6655590271,338.5537094,442.0145317,33.84649019,0.0005436190259,0.03141510808,335.060869437349,152.342283465922,0.29177605993241,831.324796353616,810.003352604872,0.0006312405364473,0.0314163498458109,0.0005436204477675,317.714231223494,163.4521716395746,19.072951650594405,118.58854641466596,63.93657687550305,0.9680400297064216,4.594441272833957,354.8756691242701,55.871513609286296,ICV_113_CASE_25_with_r_theta_phi.csv,0.26010578714566096,-0.08931726155293543,0.996003226294315,0.8277814930604378,0.5610506213762109,0.004227333236,0.0035742742,0.0006530589884877784,15.448486122925878,ICV_113_CASE_25_with_r_theta_phi.csv
2.98625206,-0.333597683,2.578509761,0.004227331374,7681.695851,0.6655150563,338.4994606,448.8202097,34.12710054,0.000543619112,0.03141515253,335.060869437349,152.342283465922,0.29177605993241,831.324796353616,810.003352604872,0.0006312405364473,0.0314163498458109,0.0005436204477675,317.714231223494,163.4521716395746,19.072951650594405,118.58854641466596,63.93657687550305,0.9680400297064216,3.959507717826736,353.62584947218465,49.36636838278355,ICV_113_CASE_25_with_r_theta_phi.csv,0.22416019935746886,-0.11102057413321684,0.9938181081662433,0.7588891835074348,0.6512197840632753,0.004227331374,0.0035742742,0.0006530571264877789,15.448448880773602,ICV_113_CASE_25_with_r_theta_phi.csv
3.346376338,0.3293845917,2.579051335,0.004227336496,6139.25069,0.6666614686,335.5253353,354.1623936,24.51039482,0.0005436189549,0.03141500798,335.060869437349,152.342283465922,0.29177605993241,831.324796353616,810.003352604872,0.0006312405364473,0.0314163498458109,0.0005436204477675,317.714231223494,163.4521716395746,19.072951650594405,118.58854641466596,63.93657687550305,0.9680400297064216,4.237715728236257,5.621528662132505,52.51204011080449,ICV_113_CASE_25_with_r_theta_phi.csv,0.23991043083080776,0.09795684561394012,0.9951906633391245,0.7934812476420726,0.6085947006344862,0.004227336496,0.0034600708,0.0007672656792000014,18.150097105931934,ICV_113_CASE_25_with_r_theta_phi.csv
2.186583999,-0.3280817496,2.579217394,0.004227333236,6927.349758,0.6656555994,337.6036354,414.7164316,31.15821856,0.0005436191447,0.0314151585,335.060869437349,152.342283465922,0.29177605993241,831.324796353616,810.003352604872,0.0006312405364473,0.0314163498458109,0.0005436204477675,317.714231223494,163.4521716395746,19.072951650594405,118.58854641466596,63.93657687550305,0.9680400297064216,3.397226749072776,351.46682165531075,40.60516740404057,ICV_113_CASE_25_with_r_theta_phi.csv,0.19232770324101256,-0.1483820970719103,0.9889301053504955,0.6508426919424566,0.7592126120824761,0.004227333236,0.0035742742,0.0006530589884877784,15.448486122925878,ICV_113_CASE_25_with_r_theta_phi.csv
6.544635164,0.3197172068,2.580267604,0.00422737468,5318.313369,0.667779645,333.6375218,204.3991967,15.95455845,0.0005436184431,0.03141470452,335.060869437349,152.342283465922,0.29177605993241,831.324796353616,810.003352604872,0.0006312405364473,0.0314163498458109,0.0005436204477675,317.714231223494,163.4521716395746,19.072951650594405,118.58854641466596,63.93657687550305,0.9680400297064216,7.042176469703184,2.7967785285369477,68.50610978965511,ICV_113_CASE_25_with_r_theta_phi.csv,0.39867978391656694,0.04879361155990637,0.9988088823548482,0.9304566448970101,0.36640200868308465,0.00422737468,0.004205135,2.2239517080240023e-05,0.5260834148483661,ICV_113_CASE_25_with_r_theta_phi.csv
7.948224286,-0.3160087378,2.580724409,0.004227389116,5989.066536,0.6669711713,334.7971687,250.9127609,19.4708891,0.0005436183373,0.03141466954,335.060869437349,152.342283465922,0.29177605993241,831.324796353616,810.003352604872,0.0006312405364473,0.0314163498458109,0.0005436204477675,317.714231223494,163.4521716395746,19.072951650594405,118.58854641466596,63.93657687550305,0.9680400297064216,8.362671181992903,357.7232102251533,72.02509036167532,ICV_113_CASE_25_with_r_theta_phi.csv,0.4734371474707954,-0.03972702074811521,0.999210570311623,0.9511917465546323,0.3086004881498862,0.004227389116,0.0035742742,0.0006531148684877789,15.449603772251438,ICV_113_CASE_25_with_r_theta_phi.csv
1.397873149,-0.3096529006,2.581494738,0.004227329977,6242.352959,0.6659106367,336.8224991,384.7434802,28.67011965,0.0005436191338,0.03141513793,335.060869437349,152.342283465922,0.29177605993241,831.324796353616,810.003352604872,0.0006312405364473,0.0314163498458109,0.0005436204477675,317.714231223494,163.4521716395746,19.072951650594405,118.58854641466596,63.93657687550305,0.9680400297064216,2.951956866532243,347.5096936698826,29.01380560495136,ICV_113_CASE_25_with_r_theta_phi.csv,0.16711957315231896,-0.21627443477969774,0.9763326117982141,0.48502034864176635,0.874502865291715,0.004227329977,0.003478268,0.00074906204841459,17.7195074033227,ICV_113_CASE_25_with_r_theta_phi.csv
4.151932863,0.2968539154,2.582997823,0.004227331374,6309.436188,0.6666965868,335.6906081,341.5889943,24.62225815,0.0005436188627,0.03141496773,335.060869437349,152.342283465922,0.29177605993241,831.324796353616,810.003352604872,0.0006312405364473,0.0314163498458109,0.0005436204477675,317.714231223494,163.4521716395746,19.072951650594405,118.58854641466596,63.93657687550305,0.9680400297064216,4.898831136053826,4.08956107081832,58.1789374711654,ICV_113_CASE_25_with_r_theta_phi.csv,0.27733825574638116,0.07131571573561364,0.9974537927589012,0.8496989210937371,0.5272681893421403,0.004227331374,0.0034600708,0.0007672605572000019,18.149997933388928,ICV_113_CASE_25_with_r_theta_phi.csv
15.08,0.2923675967,2.583509471,0.0042274273,3950.49975,0.672828196,328.9602283,25.06687378,3.691670164,0.0005436165826,0.03141379709,335.060869437349,152.342283465922,0.29177605993241,831.324796353616,810.003352604872,0.0006312405364473,0.0314163498458109,0.0005436204477675,317.714231223494,163.4521716395746,19.072951650594405,118.58854641466596,63.93657687550305,0.9680400297064216,15.30249652829063,1.110698339279395,80.28024209603916,ICV_113_CASE_25_with_r_theta_phi.csv,0.8663225120145366,0.019384128898405954,0.9998121101221219,0.9856453085244763,0.1688292799951773,0.0042274273,0.0043097185,-8.229119709749193e-05,1.9466023006007909,ICV_113_CASE_25_with_r_theta_phi.csv
11.02014319,0.2865774683,2.584158152,0.004227350932,4660.499842,0.6695434053,331.9580323,74.32052875,8.74748726,0.0005436178238,0.03141436357,335.060869437349,152.342283465922,0.29177605993241,831.324796353616,810.003352604872,0.0006312405364473,0.0314163498458109,0.0005436204477675,317.714231223494,163.4521716395746,19.072951650594405,118.58854641466596,63.93657687550305,0.9680400297064216,11.32270091135453,1.4896339698967154,76.80722688872106,ICV_113_CASE_25_with_r_theta_phi.csv,0.6410137508072136,0.025996088522007663,0.9996620445838463,0.9736076977094427,0.228228067863965,0.004227350932,0.0042670164,-3.966549372879779e-05,0.9383061486368863,ICV_113_CASE_25_with_r_theta_phi.csv
5.824368599,0.2858605764,2.584237553,0.004227360711,5769.815722,0.6673438449,334.51341,266.0650141,19.80817801,0.000543618572,0.03141478925,335.060869437349,152.342283465922,0.29177605993241,831.324796353616,810.003352604872,0.0006312405364473,0.0314163498458109,0.0005436204477675,317.714231223494,163.4521716395746,19.072951650594405,118.58854641466596,63.93657687550305,0.9680400297064216,6.378343795727257,2.8098277127937763,66.09896610837478,ICV_113_CASE_25_with_r_theta_phi.csv,0.3610981260078104,0.04902109024393461,0.998797743645477,0.9142466443812572,0.40515808425552974,0.004227360711,0.0034707054,0.0007566553545511109,17.89900143612611,ICV_113_CASE_25_with_r_theta_phi.csv
11.43965793,-0.2786874065,2.585020953,0.004227353726,4680.491725,0.668830892,332.3700007,95.64514015,9.996649055,0.0005436175821,0.03141427136,335.060869437349,152.342283465922,0.29177605993241,831.324796353616,810.003352604872,0.0006312405364473,0.0314163498458109,0.0005436204477675,317.714231223494,163.4521716395746,19.072951650594405,118.58854641466596,63.93657687550305,0.9680400297064216,11.731401176048946,358.60446399882846,77.27037543064989,ICV_113_CASE_25_with_r_theta_phi.csv,0.6641515596815033,-0.02435428985858839,0.9997033902940831,0.9754207428918027,0.22035057144560274,0.004227353726,0.0043705846,-0.00014323089230019927,3.3881927453902714,ICV_113_CASE_25_with_r_theta_phi.csv
-1.8051823440000002e-14,0.2777311992,2.585123862,0.004227336962,6067.20866,0.6668754961,335.5483731,433.5539197,27.07585228,0.0005436190903,0.03141509632,335.060869437349,152.342283465922,0.29177605993241,831.324796353616,810.003352604872,0.0006312405364473,0.0314163498458109,0.0005436204477675,317.714231223494,163.4521716395746,19.072951650594405,118.58854641466596,63.93657687550305,0.9680400297064216,2.6000000001713204,90.00000000000375,6.132016952663491,ICV_113_CASE_25_with_r_theta_phi.csv,0.14719418672776677,1.0,-6.544192611292687e-14,0.10681969199296076,0.9942784083960231,0.004227336962,0.0034765757,0.0007507612465326658,17.759673598384634,ICV_113_CASE_25_with_r_theta_phi.csv
8.44824795,0.2602014624,2.586947081,0.00422739191,5482.903951,0.668000221,333.4827588,171.3336862,14.57873266,0.0005436182618,0.03141460545,335.060869437349,152.342283465922,0.29177605993241,831.324796353616,810.003352604872,0.0006312405364473,0.0314163498458109,0.0005436204477675,317.714231223494,163.4521716395746,19.072951650594405,118.58854641466596,63.93657687550305,0.9680400297064216,8.83928127313577,1.7641213071156017,72.98243471355175,ICV_113_CASE_25_with_r_theta_phi.csv,0.500419545450564,0.030784860630919682,0.9995260338560146,0.9562150780221955,0.29266486731927105,0.00422739191,0.004205135,2.2256747080240565e-05,0.5264888505446298,ICV_113_CASE_25_with_r_theta_phi.csv
12.50574294,0.2448239784,2.588447647,0.004227367695,4404.575023,0.6703850413,331.4369169,53.85279536,7.509864475,0.0005436174699,0.03141418668,335.060869437349,152.342283465922,0.29177605993241,831.324796353616,810.003352604872,0.0006312405364473,0.0314163498458109,0.0005436204477675,317.714231223494,163.4521716395746,19.072951650594405,118.58854641466596,63.93657687550305,0.9680400297064216,12.773159612367618,1.121531854562761,78.30818508087339,ICV_113_CASE_25_with_r_theta_phi.csv,0.7231287849855852,0.019573173535719954,0.9998084270887801,0.9792517701353965,0.20264740483581914,0.004227367695,0.0042139357,1.3431999411411648e-05,0.3177390843981045,ICV_113_CASE_25_with_r_theta_phi.csv
0.6865173238,-0.2281786321,2.589968052,0.00422732858,6609.747203,0.6659532659,337.5949557,503.5657383,34.78085382,0.0005436191294,0.03141513828,335.060869437349,152.342283465922,0.29177605993241,831.324796353616,810.003352604872,0.0006312405364473,0.0314163498458109,0.0005436204477675,317.714231223494,163.4521716395746,19.072951650594405,118.58854641466596,63.93657687550305,0.9680400297064216,2.689108780693934,341.61467564099,15.606405567936749,ICV_113_CASE_25_with_r_theta_phi.csv,0.1522389153733302,-0.31540598314945323,0.9489568303108034,0.269027498824802,0.9631324960129167,0.00422732858,0.003478268,0.00074906065141459,17.71948021219101,ICV_113_CASE_25_with_r_theta_phi.csv
10.22576759,0.2128404594,2.591273613,0.004227360711,4862.521513,0.6688976372,332.340118,96.38641469,9.941047211,0.0005436179916,0.03141445339,335.060869437349,152.342283465922,0.29177605993241,831.324796353616,810.003352604872,0.0006312405364473,0.0314163498458109,0.0005436204477675,317.714231223494,163.4521716395746,19.072951650594405,118.58854641466596,63.93657687550305,0.9680400297064216,10.551128982401934,1.1923896501514832,75.78317405501565,ICV_113_CASE_25_with_r_theta_phi.csv,0.5973326344315719,0.02080962316778487,0.9997834563462304,0.9693732691295434,0.24559207050941603,0.004227360711,0.0042670164,-3.9655714728798266e-05,0.9380726517192995,ICV_113_CASE_25_with_r_theta_phi.csv
13.34762799,0.1454421422,2.595928848,0.00422738865,4155.125928,0.6712964462,330.6514917,44.67096361,6.463674831,0.0005436171294,0.031414041,335.060869437349,152.342283465922,0.29177605993241,831.324796353616,810.003352604872,0.0006312405364473,0.0314163498458109,0.0005436204477675,317.714231223494,163.4521716395746,19.072951650594405,118.58854641466596,63.93657687550305,0.9680400297064216,13.598498923044328,0.6242975254493217,78.99479375489813,ICV_113_CASE_25_with_r_theta_phi.csv,0.7698538421400117,0.010895831728980104,0.9999406386635827,0.9816098413223894,0.19089819124086427,0.00422738865,0.0042539737,-2.6585068732595113e-05,0.62887685347564,ICV_113_CASE_25_with_r_theta_phi.csv
14.24238337,0.1197063784,2.597242843,0.004227412399,3966.840305,0.6719093747,329.8429305,33.77709483,4.96323496,0.0005436166817,0.03141385954,335.060869437349,152.342283465922,0.29177605993241,831.324796353616,810.003352604872,0.0006312405364473,0.0314163498458109,0.0005436204477675,317.714231223494,163.4521716395746,19.072951650594405,118.58854641466596,63.93657687550305,0.9680400297064216,14.477758253976925,0.4815562526344479,79.6654560144068,ICV_113_CASE_25_with_r_theta_phi.csv,0.8196314814211256,0.008404643190988988,0.9999646803626777,0.983777058141615,0.17939537305691422,0.004227412399,0.0042539737,-2.6561319732595033e-05,0.6283115347959671,ICV_113_CASE_25_with_r_theta_phi.csv
7.167810066,-0.07160102518,2.599013908,0.004227383994,5894.645713,0.6673146715,334.5993949,247.0329487,19.2341287,0.0005436184079,0.03141470099,335.060869437349,152.342283465922,0.29177605993241,831.324796353616,810.003352604872,0.0006312405364473,0.0314163498458109,0.0005436204477675,317.714231223494,163.4521716395746,19.072951650594405,118.58854641466596,63.93657687550305,0.9680400297064216,7.624795154168746,359.42767734244256,70.0705117566402,ICV_113_CASE_25_with_r_theta_phi.csv,0.43166366215758956,-0.00998874864595133,0.9999501112057981,0.9401128203848157,0.3408634403219377,0.004227383994,0.0035742742,0.0006531097464877785,15.449501328960263,ICV_113_CASE_25_with_r_theta_phi.csv
9.335830554,0.05222636898,2.59947541,0.004227377474,5057.625256,0.6682567619,332.8686235,140.9521839,12.25139165,0.0005436181105,0.03141452579,335.060869437349,152.342283465922,0.29177605993241,831.324796353616,810.003352604872,0.0006312405364473,0.0314163498458109,0.0005436204477675,317.714231223494,163.4521716395746,19.072951650594405,118.58854641466596,63.93657687550305,0.9680400297064216,9.691116144893291,0.3205198819761108,74.44086364699393,ICV_113_CASE_25_with_r_theta_phi.csv,0.5486445997453478,0.005594098081287134,0.9999843529109128,0.9633541168297409,0.2682328197428306,0.004227377474,0.004205135,2.2242311080240135e-05,0.526149160130067,ICV_113_CASE_25_with_r_theta_phi.csv
