solid Visualization Toolkit generated SLA File
 facet normal 0 1 0
  outer loop
   vertex -0.81211709976196289 0.95679998397827148 1.7935769557952881
   vertex -0.12525433301925659 0.95679998397827148 2.0026166439056396
   vertex 0.086271949112415314 0.95679998397827148 1.8894962072372437
  endloop
 endfacet
 facet normal -0 1 0
  outer loop
   vertex 0.25321307778358459 0.95679998397827148 -2.1165299415588379
   vertex -0.15700781345367432 0.95679998397827148 -2.0835459232330322
   vertex -0.052390251308679581 0.95679998397827148 -1.9775068759918213
  endloop
 endfacet
 facet normal 0 1 0
  outer loop
   vertex -1.3825184106826782 0.95679998397827148 1.3871864080429077
   vertex -0.81211709976196289 0.95679998397827148 1.7935769557952881
   vertex -0.60289251804351807 0.95679998397827148 1.7119182348251343
  endloop
 endfacet
 facet normal -0 1 -0
  outer loop
   vertex 14.414498329162598 0.95679998397827148 -2.1363370418548584
   vertex 14.009438514709473 0.95679998397827148 -2.1307928562164307
   vertex 13.935232162475586 0.95679998397827148 -2.0268821716308594
  endloop
 endfacet
 facet normal 0 1 0
  outer loop
   vertex 8.8878288269042969 0.95679998397827148 -1.7420563697814941
   vertex 8.9064626693725586 0.95679998397827148 -1.9252805709838867
   vertex 8.0622224807739258 0.95679998397827148 -1.9079453945159912
  endloop
 endfacet
 facet normal -0 1 0
  outer loop
   vertex -0.15700781345367432 0.95679998397827148 -2.0835459232330322
   vertex -0.60360246896743774 0.95679998397827148 -1.9716912508010864
   vertex -0.49024975299835205 0.95679998397827148 -1.873676061630249
  endloop
 endfacet
 facet normal 0 1 0
  outer loop
   vertex 9.5805768966674805 0.95679998397827148 1.9056556224822998
   vertex 10.407934188842773 0.95679998397827148 1.9223378896713257
   vertex 10.345648765563965 0.95679998397827148 1.7431397438049316
  endloop
 endfacet
 facet normal 0 1 0
  outer loop
   vertex -0.12525433301925659 0.95679998397827148 2.0026166439056396
   vertex 0.53123116493225098 0.95679998397827148 2.0523772239685059
   vertex 0.71594864130020142 0.95679998397827148 1.9269040822982788
  endloop
 endfacet
 facet normal 0 1 0
  outer loop
   vertex 15.193614959716797 0.95679998397827148 1.9940327405929565
   vertex 15.90261173248291 0.95679998397827148 1.7691105604171753
   vertex 15.672987937927246 0.95679998397827148 1.6949450969696045
  endloop
 endfacet
 facet normal -0 1 0
  outer loop
   vertex -1.0322945117950439 0.95679998397827148 -1.7566066980361938
   vertex -1.4275249242782593 0.95679998397827148 -1.4202780723571777
   vertex -1.2953695058822632 0.95679998397827148 -1.3476104736328125
  endloop
 endfacet
 facet normal -0 1 0
  outer loop
   vertex -1.9413533210754395 0.95679998397827148 -0.39695486426353455
   vertex -1.9541724920272827 0.95679998397827148 0.21409252285957336
   vertex -1.7890045642852783 0.95679998397827148 0.21798987686634064
  endloop
 endfacet
 facet normal -0 1 0
  outer loop
   vertex -0.60360246896743774 0.95679998397827148 -1.9716912508010864
   vertex -1.0322945117950439 0.95679998397827148 -1.7566066980361938
   vertex -0.91074258089065552 0.95679998397827148 -1.6698722839355469
  endloop
 endfacet
 facet normal 0 1 0
  outer loop
   vertex 2.4804978370666504 0.95679998397827148 -2.0563666820526123
   vertex 1.9559355974197388 0.95679998397827148 -2.0851430892944336
   vertex 2.0201723575592041 0.95679998397827148 -1.9630851745605469
  endloop
 endfacet
 facet normal 0 1 0
  outer loop
   vertex 13.080867767333984 0.95679998397827148 -1.9765044450759888
   vertex 13.146768569946289 0.95679998397827148 -2.0952250957489014
   vertex 12.651013374328613 0.95679998397827148 -2.0702376365661621
  endloop
 endfacet
 facet normal 0 1 0
  outer loop
   vertex -1.7890045642852783 0.95679998397827148 0.21798987686634064
   vertex -1.9541724920272827 0.95679998397827148 0.21409252285957336
   vertex -1.7719177007675171 0.95679998397827148 0.83156496286392212
  endloop
 endfacet
 facet normal 0 1 -0
  outer loop
   vertex -1.2953695058822632 0.95679998397827148 -1.3476104736328125
   vertex -1.4275249242782593 0.95679998397827148 -1.4202780723571777
   vertex -1.7506413459777832 0.95679998397827148 -0.95453238487243652
  endloop
 endfacet
 facet normal -0 1 0
  outer loop
   vertex 0.65650522708892822 0.95679998397827148 -2.1199531555175781
   vertex 0.25321307778358459 0.95679998397827148 -2.1165299415588379
   vertex 0.3455193042755127 0.95679998397827148 -2.0086770057678223
  endloop
 endfacet
 facet normal 0 1 0
  outer loop
   vertex 15.672987937927246 0.95679998397827148 1.6949450969696045
   vertex 15.90261173248291 0.95679998397827148 1.7691105604171753
   vertex 16.491306304931641 0.95679998397827148 1.321928858757019
  endloop
 endfacet
 facet normal 0 1 -0
  outer loop
   vertex -1.6064084768295288 0.95679998397827148 -0.90150904655456543
   vertex -1.7506413459777832 0.95679998397827148 -0.95453238487243652
   vertex -1.9413533210754395 0.95679998397827148 -0.39695486426353455
  endloop
 endfacet
 facet normal 0 1 0
  outer loop
   vertex 16.871023178100586 0.95679998397827148 0.71539980173110962
   vertex 17.017021179199219 0.95679998397827148 0.054928667843341827
   vertex 16.843812942504883 0.95679998397827148 0.072736337780952454
  endloop
 endfacet
 facet normal 0 1 0
  outer loop
   vertex 16.491306304931641 0.95679998397827148 1.321928858757019
   vertex 16.871023178100586 0.95679998397827148 0.71539980173110962
   vertex 16.683500289916992 0.95679998397827148 0.70865368843078613
  endloop
 endfacet
 facet normal 0 1 0
  outer loop
   vertex -1.7719177007675171 0.95679998397827148 0.83156496286392212
   vertex -1.3825184106826782 0.95679998397827148 1.3871864080429077
   vertex -1.1922311782836914 0.95679998397827148 1.3391917943954468
  endloop
 endfacet
 facet normal -0 1 -0
  outer loop
   vertex 13.594319343566895 0.95679998397827148 -2.1160290241241455
   vertex 13.146768569946289 0.95679998397827148 -2.0952250957489014
   vertex 13.080867767333984 0.95679998397827148 -1.9765044450759888
  endloop
 endfacet
 facet normal 0 1 0
  outer loop
   vertex 4.0168395042419434 0.95679998397827148 1.7880829572677612
   vertex 3.9361250400543213 0.95679998397827148 1.9535514116287231
   vertex 4.7469735145568848 0.95679998397827148 1.9314131736755371
  endloop
 endfacet
 facet normal 0 1 0
  outer loop
   vertex 1.9559355974197388 0.95679998397827148 -2.0851430892944336
   vertex 1.4881490468978882 0.95679998397827148 -2.1064128875732422
   vertex 1.5556927919387817 0.95679998397827148 -1.9924113750457764
  endloop
 endfacet
 facet normal 0 1 -0
  outer loop
   vertex 15.753325462341309 0.95679998397827148 -1.9161654710769653
   vertex 15.252142906188965 0.95679998397827148 -2.0748054981231689
   vertex 15.138922691345215 0.95679998397827148 -1.9724177122116089
  endloop
 endfacet
 facet normal 0 1 -0
  outer loop
   vertex 17.017021179199219 0.95679998397827148 0.054928667843341827
   vertex 16.939979553222656 0.95679998397827148 -0.59317553043365479
   vertex 16.778469085693359 0.95679998397827148 -0.55315124988555908
  endloop
 endfacet
 facet normal 0 1 0
  outer loop
   vertex 8.7707853317260742 0.95679998397827148 1.8932743072509766
   vertex 9.5805768966674805 0.95679998397827148 1.9056556224822998
   vertex 9.5376567840576172 0.95679998397827148 1.7197651863098145
  endloop
 endfacet
 facet normal 0 1 -0
  outer loop
   vertex 16.939979553222656 0.95679998397827148 -0.59317553043365479
   vertex 16.662824630737305 0.95679998397827148 -1.1648715734481812
   vertex 16.5081787109375 0.95679998397827148 -1.1021820306777954
  endloop
 endfacet
 facet normal 0 1 -0
  outer loop
   vertex 16.662824630737305 0.95679998397827148 -1.1648715734481812
   vertex 16.246231079101562 0.95679998397827148 -1.6161826848983765
   vertex 16.101961135864258 0.95679998397827148 -1.5343642234802246
  endloop
 endfacet
 facet normal 0 1 0
  outer loop
   vertex 1.1270108222961426 0.95679998397827148 2.0479304790496826
   vertex 1.7508349418640137 0.95679998397827148 2.0330960750579834
   vertex 1.8858993053436279 0.95679998397827148 1.8980956077575684
  endloop
 endfacet
 facet normal 0 1 0
  outer loop
   vertex 0.53123116493225098 0.95679998397827148 2.0523772239685059
   vertex 1.1270108222961426 0.95679998397827148 2.0479304790496826
   vertex 1.2829748392105103 0.95679998397827148 1.9193848371505737
  endloop
 endfacet
 facet normal 0 1 0
  outer loop
   vertex 9.7337226867675781 0.95679998397827148 -1.7781641483306885
   vertex 9.7649908065795898 0.95679998397827148 -1.952173113822937
   vertex 8.9064626693725586 0.95679998397827148 -1.9252805709838867
  endloop
 endfacet
 facet normal 0 1 0
  outer loop
   vertex 1.4881490468978882 0.95679998397827148 -2.1064128875732422
   vertex 1.061712384223938 0.95679998397827148 -2.1190612316131592
   vertex 1.1342730522155762 0.95679998397827148 -2.0102403163909912
  endloop
 endfacet
 facet normal 0 1 0
  outer loop
   vertex 1.061712384223938 0.95679998397827148 -2.1190612316131592
   vertex 0.65650522708892822 0.95679998397827148 -2.1199531555175781
   vertex 0.73739790916442871 0.95679998397827148 -2.0126748085021973
  endloop
 endfacet
 facet normal -0 1 0
  outer loop
   vertex 8.0622224807739258 0.95679998397827148 -1.9079453945159912
   vertex 7.2362279891967773 0.95679998397827148 -1.8966008424758911
   vertex 7.2418198585510254 0.95679998397827148 -1.7046756744384766
  endloop
 endfacet
 facet normal 0 1 0
  outer loop
   vertex 11.339533805847168 0.95679998397827148 -1.8615568876266479
   vertex 11.390381813049316 0.95679998397827148 -2.0126957893371582
   vertex 10.620794296264648 0.95679998397827148 -1.9840856790542603
  endloop
 endfacet
 facet normal 0 1 -0
  outer loop
   vertex 16.246231079101562 0.95679998397827148 -1.6161826848983765
   vertex 15.753325462341309 0.95679998397827148 -1.9161654710769653
   vertex 15.622261047363281 0.95679998397827148 -1.8201041221618652
  endloop
 endfacet
 facet normal 0 1 0
  outer loop
   vertex 5.6222224235534668 0.95679998397827148 1.7333000898361206
   vertex 5.5807867050170898 0.95679998397827148 1.9145265817642212
   vertex 6.3919143676757812 0.95679998397827148 1.902355432510376
  endloop
 endfacet
 facet normal 0 1 0
  outer loop
   vertex 6.4041776657104492 0.95679998397827148 -1.9013800621032715
   vertex 5.5526566505432129 0.95679998397827148 -1.9188600778579712
   vertex 5.5829873085021973 0.95679998397827148 -1.7370433807373047
  endloop
 endfacet
 facet normal 0 1 0
  outer loop
   vertex 6.415428638458252 0.95679998397827148 1.7160674333572388
   vertex 6.3919143676757812 0.95679998397827148 1.902355432510376
   vertex 7.1849775314331055 0.95679998397827148 1.893094539642334
  endloop
 endfacet
 facet normal -0 1 -0
  outer loop
   vertex 14.588667869567871 0.95679998397827148 -2.3635025024414062
   vertex 14.165687561035156 0.95679998397827148 -2.3628735542297363
   vertex 14.123640060424805 0.95679998397827148 -2.297231912612915
  endloop
 endfacet
 facet normal 0 1 -0
  outer loop
   vertex 14.974880218505859 0.95679998397827148 -2.2942178249359131
   vertex 14.541380882263184 0.95679998397827148 -2.2988929748535156
   vertex 14.4849853515625 0.95679998397827148 -2.2229366302490234
  endloop
 endfacet
 facet normal 0 1 0
  outer loop
   vertex 3.2634122371673584 0.95679998397827148 1.8250799179077148
   vertex 3.1640303134918213 0.95679998397827148 1.9802525043487549
   vertex 3.9361250400543213 0.95679998397827148 1.9535514116287231
  endloop
 endfacet
 facet normal 0 1 -0
  outer loop
   vertex 15.031100273132324 0.95679998397827148 -2.3611793518066406
   vertex 14.588667869567871 0.95679998397827148 -2.3635025024414062
   vertex 14.541380882263184 0.95679998397827148 -2.2988929748535156
  endloop
 endfacet
 facet normal 0 1 0
  outer loop
   vertex 10.407934188842773 0.95679998397827148 1.9223378896713257
   vertex 11.204281806945801 0.95679998397827148 1.9438488483428955
   vertex 11.122660636901855 0.95679998397827148 1.7733054161071777
  endloop
 endfacet
 facet normal 0 1 0
  outer loop
   vertex 7.1849775314331055 0.95679998397827148 1.893094539642334
   vertex 7.9751400947570801 0.95679998397827148 1.8896634578704834
   vertex 7.9662432670593262 0.95679998397827148 1.6980659961700439
  endloop
 endfacet
 facet normal 0 1 0
  outer loop
   vertex 3.8533093929290771 0.95679998397827148 -1.9817894697189331
   vertex 3.111325740814209 0.95679998397827148 -2.0205352306365967
   vertex 3.1691076755523682 0.95679998397827148 -1.8748869895935059
  endloop
 endfacet
 facet normal 0 1 0
  outer loop
   vertex 12.009194374084473 0.95679998397827148 -1.9024224281311035
   vertex 12.066623687744141 0.95679998397827148 -2.0419881343841553
   vertex 11.390381813049316 0.95679998397827148 -2.0126957893371582
  endloop
 endfacet
 facet normal -0 1 -0
  outer loop
   vertex 14.009438514709473 0.95679998397827148 -2.1307928562164307
   vertex 13.594319343566895 0.95679998397827148 -2.1160290241241455
   vertex 13.524556159973145 0.95679998397827148 -2.0056607723236084
  endloop
 endfacet
 facet normal 0 1 0
  outer loop
   vertex 10.57863712310791 0.95679998397827148 -1.8217103481292725
   vertex 10.620794296264648 0.95679998397827148 -1.9840856790542603
   vertex 9.7649908065795898 0.95679998397827148 -1.952173113822937
  endloop
 endfacet
 facet normal 0 1 0
  outer loop
   vertex 4.8080368041992188 0.95679998397827148 1.7571033239364624
   vertex 4.7469735145568848 0.95679998397827148 1.9314131736755371
   vertex 5.5807867050170898 0.95679998397827148 1.9145265817642212
  endloop
 endfacet
 facet normal 0 1 0
  outer loop
   vertex 13.938027381896973 0.95679998397827148 2.031404972076416
   vertex 14.522351264953613 0.95679998397827148 2.0410699844360352
   vertex 14.325849533081055 0.95679998397827148 1.9134459495544434
  endloop
 endfacet
 facet normal 0 1 0
  outer loop
   vertex 7.9751400947570801 0.95679998397827148 1.8896634578704834
   vertex 8.7707853317260742 0.95679998397827148 1.8932743072509766
   vertex 8.7457370758056641 0.95679998397827148 1.7028367519378662
  endloop
 endfacet
 facet normal 0 1 0
  outer loop
   vertex 14.325849533081055 0.95679998397827148 1.9134459495544434
   vertex 14.522351264953613 0.95679998397827148 2.0410699844360352
   vertex 15.193614959716797 0.95679998397827148 1.9940327405929565
  endloop
 endfacet
 facet normal 0 1 0
  outer loop
   vertex 4.6788558959960938 0.95679998397827148 -1.9463040828704834
   vertex 3.8533093929290771 0.95679998397827148 -1.9817894697189331
   vertex 3.904874324798584 0.95679998397827148 -1.8222366571426392
  endloop
 endfacet
 facet normal 0 1 0
  outer loop
   vertex 16.368619918823242 0.95679998397827148 1.9381767511367798
   vertex 16.477954864501953 0.95679998397827148 1.972373366355896
   vertex 17.027074813842773 0.95679998397827148 1.4329816102981567
  endloop
 endfacet
 facet normal 0 1 0
  outer loop
   vertex 12.588722229003906 0.95679998397827148 -1.9417496919631958
   vertex 12.651013374328613 0.95679998397827148 -2.0702376365661621
   vertex 12.066623687744141 0.95679998397827148 -2.0419881343841553
  endloop
 endfacet
 facet normal 0 1 0
  outer loop
   vertex 7.2362279891967773 0.95679998397827148 -1.8966008424758911
   vertex 6.4041776657104492 0.95679998397827148 -1.9013800621032715
   vertex 6.422053337097168 0.95679998397827148 -1.7125160694122314
  endloop
 endfacet
 facet normal 0 1 0
  outer loop
   vertex 5.5526566505432129 0.95679998397827148 -1.9188600778579712
   vertex 4.6788558959960938 0.95679998397827148 -1.9463040828704834
   vertex 4.7209844589233398 0.95679998397827148 -1.7742924690246582
  endloop
 endfacet
 facet normal 0 1 0
  outer loop
   vertex 17.027074813842773 0.95679998397827148 1.4329816102981567
   vertex 17.379201889038086 0.95679998397827148 0.74713337421417236
   vertex 17.280014038085938 0.95679998397827148 0.74534273147583008
  endloop
 endfacet
 facet normal 0 1 0
  outer loop
   vertex 3.111325740814209 0.95679998397827148 -2.0205352306365967
   vertex 2.4804978370666504 0.95679998397827148 -2.0563666820526123
   vertex 2.5420293807983398 0.95679998397827148 -1.9237422943115234
  endloop
 endfacet
 facet normal 0 1 0
  outer loop
   vertex 13.330485343933105 0.95679998397827148 2.0136570930480957
   vertex 13.938027381896973 0.95679998397827148 2.031404972076416
   vertex 13.772931098937988 0.95679998397827148 1.8980307579040527
  endloop
 endfacet
 facet normal 0 1 0
  outer loop
   vertex 1.7508349418640137 0.95679998397827148 2.0330960750579834
   vertex 2.4324238300323486 0.95679998397827148 2.0086295604705811
   vertex 2.5495803356170654 0.95679998397827148 1.8641902208328247
  endloop
 endfacet
 facet normal 0 1 0
  outer loop
   vertex 16.66227912902832 0.95679998397827148 1.3538161516189575
   vertex 17.029787063598633 0.95679998397827148 0.72297435998916626
   vertex 16.871023178100586 0.95679998397827148 0.71539980173110962
  endloop
 endfacet
 facet normal 0 1 -0
  outer loop
   vertex 17.201372146606445 0.95679998397827148 -0.65616792440414429
   vertex 16.909307479858398 0.95679998397827148 -1.2679020166397095
   vertex 16.796846389770508 0.95679998397827148 -1.2175319194793701
  endloop
 endfacet
 facet normal 0 1 -0
  outer loop
   vertex 14.825772285461426 0.95679998397827148 -2.1279189586639404
   vertex 14.414498329162598 0.95679998397827148 -2.1363370418548584
   vertex 14.333206176757812 0.95679998397827148 -2.035996675491333
  endloop
 endfacet
 facet normal 0 1 -0
  outer loop
   vertex 15.252142906188965 0.95679998397827148 -2.0748054981231689
   vertex 14.825772285461426 0.95679998397827148 -2.1279189586639404
   vertex 14.731174468994141 0.95679998397827148 -2.0267190933227539
  endloop
 endfacet
 facet normal 0 1 -0
  outer loop
   vertex 16.909307479858398 0.95679998397827148 -1.2679020166397095
   vertex 16.472249984741211 0.95679998397827148 -1.7507555484771729
   vertex 16.370815277099609 0.95679998397827148 -1.6857151985168457
  endloop
 endfacet
 facet normal 0 1 0
  outer loop
   vertex 16.803434371948242 0.95679998397827148 1.3875323534011841
   vertex 17.164731979370117 0.95679998397827148 0.73521488904953003
   vertex 17.029787063598633 0.95679998397827148 0.72297435998916626
  endloop
 endfacet
 facet normal 0 1 0
  outer loop
   vertex 2.5495803356170654 0.95679998397827148 1.8641902208328247
   vertex 2.4324238300323486 0.95679998397827148 2.0086295604705811
   vertex 3.1640303134918213 0.95679998397827148 1.9802525043487549
  endloop
 endfacet
 facet normal 0 1 0
  outer loop
   vertex 11.204281806945801 0.95679998397827148 1.9438488483428955
   vertex 11.958103179931641 0.95679998397827148 1.9662659168243408
   vertex 11.857136726379395 0.95679998397827148 1.8048437833786011
  endloop
 endfacet
 facet normal 0 1 0
  outer loop
   vertex -1.2495466470718384 0.95679998397827148 1.9670373201370239
   vertex -0.59253925085067749 0.95679998397827148 2.2549121379852295
   vertex -0.46213176846504211 0.95679998397827148 2.1841588020324707
  endloop
 endfacet
 facet normal 0 1 0
  outer loop
   vertex 11.958103179931641 0.95679998397827148 1.9662659168243408
   vertex 12.668951988220215 0.95679998397827148 1.9900884628295898
   vertex 12.548288345336914 0.95679998397827148 1.8382620811462402
  endloop
 endfacet
 facet normal 0 1 0
  outer loop
   vertex 15.90261173248291 0.95679998397827148 1.7691105604171753
   vertex 16.09101676940918 0.95679998397827148 1.8316353559494019
   vertex 16.66227912902832 0.95679998397827148 1.3538161516189575
  endloop
 endfacet
 facet normal 0 1 0
  outer loop
   vertex 16.09101676940918 0.95679998397827148 1.8316353559494019
   vertex 16.242269515991211 0.95679998397827148 1.8898653984069824
   vertex 16.803434371948242 0.95679998397827148 1.3875323534011841
  endloop
 endfacet
 facet normal 0 1 0
  outer loop
   vertex 16.242269515991211 0.95679998397827148 1.8898653984069824
   vertex 16.368619918823242 0.95679998397827148 1.9381767511367798
   vertex 16.923160552978516 0.95679998397827148 1.4157581329345703
  endloop
 endfacet
 facet normal 0 1 0
  outer loop
   vertex 12.668951988220215 0.95679998397827148 1.9900884628295898
   vertex 13.330485343933105 0.95679998397827148 2.0136570930480957
   vertex 13.189096450805664 0.95679998397827148 1.8717643022537231
  endloop
 endfacet
 facet normal 0 1 0
  outer loop
   vertex -1.1302840709686279 0.95679998397827148 1.9190523624420166
   vertex -0.46213176846504211 0.95679998397827148 2.1841588020324707
   vertex -0.30806061625480652 0.95679998397827148 2.1000568866729736
  endloop
 endfacet
 facet normal 0 1 -0
  outer loop
   vertex 17.305234909057617 0.95679998397827148 -0.68229180574417114
   vertex 17.005313873291016 0.95679998397827148 -1.3114193677902222
   vertex 16.909307479858398 0.95679998397827148 -1.2679020166397095
  endloop
 endfacet
 facet normal 0 1 0
  outer loop
   vertex 17.029787063598633 0.95679998397827148 0.72297435998916626
   vertex 17.165536880493164 0.95679998397827148 0.041383687406778336
   vertex 17.017021179199219 0.95679998397827148 0.054928667843341827
  endloop
 endfacet
 facet normal 0 1 -0
  outer loop
   vertex 15.429537773132324 0.95679998397827148 -2.2439332008361816
   vertex 14.974880218505859 0.95679998397827148 -2.2942178249359131
   vertex 14.908395767211914 0.95679998397827148 -2.2160966396331787
  endloop
 endfacet
 facet normal 0 1 0
  outer loop
   vertex 16.923160552978516 0.95679998397827148 1.4157581329345703
   vertex 17.280014038085938 0.95679998397827148 0.74534273147583008
   vertex 17.164731979370117 0.95679998397827148 0.73521488904953003
  endloop
 endfacet
 facet normal 0 1 -0
  outer loop
   vertex 16.796846389770508 0.95679998397827148 -1.2175319194793701
   vertex 16.370815277099609 0.95679998397827148 -1.6857151985168457
   vertex 16.246231079101562 0.95679998397827148 -1.6161826848983765
  endloop
 endfacet
 facet normal 0 1 -0
  outer loop
   vertex 17.080062866210938 0.95679998397827148 -0.62619370222091675
   vertex 16.796846389770508 0.95679998397827148 -1.2175319194793701
   vertex 16.662824630737305 0.95679998397827148 -1.1648715734481812
  endloop
 endfacet
 facet normal 0 1 -0
  outer loop
   vertex 15.555911064147949 0.95679998397827148 -2.3702409267425537
   vertex 15.079999923706055 0.95679998397827148 -2.4175469875335693
   vertex 15.031100273132324 0.95679998397827148 -2.3611793518066406
  endloop
 endfacet
 facet normal 0 1 -0
  outer loop
   vertex 15.496635437011719 0.95679998397827148 -2.3126165866851807
   vertex 15.031100273132324 0.95679998397827148 -2.3611793518066406
   vertex 14.974880218505859 0.95679998397827148 -2.2942178249359131
  endloop
 endfacet
 facet normal 0 1 -0
  outer loop
   vertex 17.005313873291016 0.95679998397827148 -1.3114193677902222
   vertex 16.558544158935547 0.95679998397827148 -1.8066182136535645
   vertex 16.472249984741211 0.95679998397827148 -1.7507555484771729
  endloop
 endfacet
 facet normal -0 1 0
  outer loop
   vertex 0.17348836362361908 0.95679998397827148 -2.2108101844787598
   vertex -0.24683301150798798 0.95679998397827148 -2.1756980419158936
   vertex -0.15700781345367432 0.95679998397827148 -2.0835459232330322
  endloop
 endfacet
 facet normal 0 1 0
  outer loop
   vertex 15.807496070861816 0.95679998397827148 2.3054900169372559
   vertex 16.477954864501953 0.95679998397827148 1.972373366355896
   vertex 16.368619918823242 0.95679998397827148 1.9381767511367798
  endloop
 endfacet
 facet normal 0 1 0
  outer loop
   vertex -1.7873121500015259 0.95679998397827148 1.4927136898040771
   vertex -1.2495466470718384 0.95679998397827148 1.9670373201370239
   vertex -1.1302840709686279 0.95679998397827148 1.9190523624420166
  endloop
 endfacet
 facet normal 0 1 0
  outer loop
   vertex -1.5420379638671875 0.95679998397827148 1.4271849393844604
   vertex -0.98674827814102173 0.95679998397827148 1.8612987995147705
   vertex -0.81211709976196289 0.95679998397827148 1.7935769557952881
  endloop
 endfacet
 facet normal 0 1 0
  outer loop
   vertex -1.6751447916030884 0.95679998397827148 1.4626878499984741
   vertex -1.1302840709686279 0.95679998397827148 1.9190523624420166
   vertex -0.98674827814102173 0.95679998397827148 1.8612987995147705
  endloop
 endfacet
 facet normal 0 1 0
  outer loop
   vertex 17.164731979370117 0.95679998397827148 0.73521488904953003
   vertex 17.294122695922852 0.95679998397827148 0.032575976103544235
   vertex 17.165536880493164 0.95679998397827148 0.041383687406778336
  endloop
 endfacet
 facet normal -0 1 0
  outer loop
   vertex 0.048364710062742233 0.95679998397827148 -2.3594739437103271
   vertex -0.3867354691028595 0.95679998397827148 -2.3206748962402344
   vertex -0.32281577587127686 0.95679998397827148 -2.2540559768676758
  endloop
 endfacet
 facet normal -0 1 0
  outer loop
   vertex 0.10562144219875336 0.95679998397827148 -2.2910714149475098
   vertex -0.32281577587127686 0.95679998397827148 -2.2540559768676758
   vertex -0.24683301150798798 0.95679998397827148 -2.1756980419158936
  endloop
 endfacet
 facet normal 0 1 0
  outer loop
   vertex 17.379201889038086 0.95679998397827148 0.74713337421417236
   vertex 17.497512817382812 0.95679998397827148 0.012924671173095703
   vertex 17.404258728027344 0.95679998397827148 0.024670844897627831
  endloop
 endfacet
 facet normal 0 1 0
  outer loop
   vertex -0.98674827814102173 0.95679998397827148 1.8612987995147705
   vertex -0.30806061625480652 0.95679998397827148 2.1000568866729736
   vertex -0.12525433301925659 0.95679998397827148 2.0026166439056396
  endloop
 endfacet
 facet normal 0 1 0
  outer loop
   vertex 15.687155723571777 0.95679998397827148 2.249638557434082
   vertex 16.368619918823242 0.95679998397827148 1.9381767511367798
   vertex 16.242269515991211 0.95679998397827148 1.8898653984069824
  endloop
 endfacet
 facet normal 0 1 -0
  outer loop
   vertex 13.770896911621094 0.95679998397827148 -2.4175469875335693
   vertex 13.310384750366211 0.95679998397827148 -2.4175469875335693
   vertex 13.279542922973633 0.95679998397827148 -2.3565309047698975
  endloop
 endfacet
 facet normal 0 1 0
  outer loop
   vertex 15.390865325927734 0.95679998397827148 2.0901010036468506
   vertex 16.09101676940918 0.95679998397827148 1.8316353559494019
   vertex 15.90261173248291 0.95679998397827148 1.7691105604171753
  endloop
 endfacet
 facet normal 0 1 0
  outer loop
   vertex 1.4324077367782593 0.95679998397827148 -2.2052061557769775
   vertex 1.0001816749572754 0.95679998397827148 -2.2136685848236084
   vertex 1.061712384223938 0.95679998397827148 -2.1190612316131592
  endloop
 endfacet
 facet normal -0 1 0
  outer loop
   vertex 0.52710103988647461 0.95679998397827148 -2.2929258346557617
   vertex 0.10562144219875336 0.95679998397827148 -2.2910714149475098
   vertex 0.17348836362361908 0.95679998397827148 -2.2108101844787598
  endloop
 endfacet
 facet normal 0 1 0
  outer loop
   vertex -2.0480735301971436 0.95679998397827148 0.86585640907287598
   vertex -1.6751447916030884 0.95679998397827148 1.4626878499984741
   vertex -1.5420379638671875 0.95679998397827148 1.4271849393844604
  endloop
 endfacet
 facet normal -0 1 0
  outer loop
   vertex 0.47674110531806946 0.95679998397827148 -2.3603739738464355
   vertex 0.048364710062742233 0.95679998397827148 -2.3594739437103271
   vertex 0.10562144219875336 0.95679998397827148 -2.2910714149475098
  endloop
 endfacet
 facet normal 0 1 0
  outer loop
   vertex 15.551128387451172 0.95679998397827148 2.1768105030059814
   vertex 16.242269515991211 0.95679998397827148 1.8898653984069824
   vertex 16.09101676940918 0.95679998397827148 1.8316353559494019
  endloop
 endfacet
 facet normal 0 1 0
  outer loop
   vertex -2.1556985378265381 0.95679998397827148 0.8802492618560791
   vertex -1.7873121500015259 0.95679998397827148 1.4927136898040771
   vertex -1.6751447916030884 0.95679998397827148 1.4626878499984741
  endloop
 endfacet
 facet normal -0 1 -0
  outer loop
   vertex 14.165687561035156 0.95679998397827148 -2.3628735542297363
   vertex 13.738080978393555 0.95679998397827148 -2.3603217601776123
   vertex 13.699825286865234 0.95679998397827148 -2.2914361953735352
  endloop
 endfacet
 facet normal 0 1 -0
  outer loop
   vertex 14.908395767211914 0.95679998397827148 -2.2160966396331787
   vertex 14.4849853515625 0.95679998397827148 -2.2229366302490234
   vertex 14.414498329162598 0.95679998397827148 -2.1363370418548584
  endloop
 endfacet
 facet normal 0 1 -0
  outer loop
   vertex 15.079999923706055 0.95679998397827148 -2.4175469875335693
   vertex 14.628809928894043 0.95679998397827148 -2.4175469875335693
   vertex 14.588667869567871 0.95679998397827148 -2.3635025024414062
  endloop
 endfacet
 facet normal -0 1 -0
  outer loop
   vertex 14.541380882263184 0.95679998397827148 -2.2988929748535156
   vertex 14.123640060424805 0.95679998397827148 -2.297231912612915
   vertex 14.073185920715332 0.95679998397827148 -2.2197403907775879
  endloop
 endfacet
 facet normal 0 1 -0
  outer loop
   vertex 17.497512817382812 0.95679998397827148 0.012924671173095703
   vertex 17.392187118530273 0.95679998397827148 -0.70591926574707031
   vertex 17.305234909057617 0.95679998397827148 -0.68229180574417114
  endloop
 endfacet
 facet normal -0 1 0
  outer loop
   vertex -1.1362714767456055 0.95679998397827148 -1.8316161632537842
   vertex -1.5410885810852051 0.95679998397827148 -1.4834948778152466
   vertex -1.4275249242782593 0.95679998397827148 -1.4202780723571777
  endloop
 endfacet
 facet normal -0 1 0
  outer loop
   vertex -0.70011234283447266 0.95679998397827148 -2.0562741756439209
   vertex -1.1362714767456055 0.95679998397827148 -1.8316161632537842
   vertex -1.0322945117950439 0.95679998397827148 -1.7566066980361938
  endloop
 endfacet
 facet normal 0 1 -0
  outer loop
   vertex 17.087728500366211 0.95679998397827148 -1.3466849327087402
   vertex 16.634092330932617 0.95679998397827148 -1.8518451452255249
   vertex 16.558544158935547 0.95679998397827148 -1.8066182136535645
  endloop
 endfacet
 facet normal -0 1 -0
  outer loop
   vertex 14.4849853515625 0.95679998397827148 -2.2229366302490234
   vertex 14.073185920715332 0.95679998397827148 -2.2197403907775879
   vertex 14.009438514709473 0.95679998397827148 -2.1307928562164307
  endloop
 endfacet
 facet normal 0 1 0
  outer loop
   vertex -2.0959789752960205 0.95679998397827148 0.21042586863040924
   vertex -2.2172489166259766 0.95679998397827148 0.2090778648853302
   vertex -2.0480735301971436 0.95679998397827148 0.86585640907287598
  endloop
 endfacet
 facet normal 0 1 0
  outer loop
   vertex 6.3619265556335449 0.95679998397827148 -2.4175469875335693
   vertex 5.480006217956543 0.95679998397827148 -2.4175469875335693
   vertex 5.4952292442321777 0.95679998397827148 -2.321866512298584
  endloop
 endfacet
 facet normal 0 1 0
  outer loop
   vertex -2.2172489166259766 0.95679998397827148 0.2090778648853302
   vertex -2.3207705020904541 0.95679998397827148 0.20773901045322418
   vertex -2.1556985378265381 0.95679998397827148 0.8802492618560791
  endloop
 endfacet
 facet normal 0 1 -0
  outer loop
   vertex 17.392187118530273 0.95679998397827148 -0.70591926574707031
   vertex 17.087728500366211 0.95679998397827148 -1.3466849327087402
   vertex 17.005313873291016 0.95679998397827148 -1.3114193677902222
  endloop
 endfacet
 facet normal 0 1 -0
  outer loop
   vertex 17.404258728027344 0.95679998397827148 0.024670844897627831
   vertex 17.305234909057617 0.95679998397827148 -0.68229180574417114
   vertex 17.201372146606445 0.95679998397827148 -0.65616792440414429
  endloop
 endfacet
 facet normal 0 1 -0
  outer loop
   vertex 17.165536880493164 0.95679998397827148 0.041383687406778336
   vertex 17.080062866210938 0.95679998397827148 -0.62619370222091675
   vertex 16.939979553222656 0.95679998397827148 -0.59317553043365479
  endloop
 endfacet
 facet normal 0 1 -0
  outer loop
   vertex 15.86640453338623 0.95679998397827148 -1.9988224506378174
   vertex 15.350318908691406 0.95679998397827148 -2.1640570163726807
   vertex 15.252142906188965 0.95679998397827148 -2.0748054981231689
  endloop
 endfacet
 facet normal 0 1 -0
  outer loop
   vertex 17.294122695922852 0.95679998397827148 0.032575976103544235
   vertex 17.201372146606445 0.95679998397827148 -0.65616792440414429
   vertex 17.080062866210938 0.95679998397827148 -0.62619370222091675
  endloop
 endfacet
 facet normal 0 1 0
  outer loop
   vertex 17.280014038085938 0.95679998397827148 0.74534273147583008
   vertex 17.404258728027344 0.95679998397827148 0.024670844897627831
   vertex 17.294122695922852 0.95679998397827148 0.032575976103544235
  endloop
 endfacet
 facet normal -0 1 0
  outer loop
   vertex -1.2241573333740234 0.95679998397827148 -1.8960272073745728
   vertex -1.6378709077835083 0.95679998397827148 -1.5381456613540649
   vertex -1.5410885810852051 0.95679998397827148 -1.4834948778152466
  endloop
 endfacet
 facet normal 0 1 -0
  outer loop
   vertex 16.370815277099609 0.95679998397827148 -1.6857151985168457
   vertex 15.86640453338623 0.95679998397827148 -1.9988224506378174
   vertex 15.753325462341309 0.95679998397827148 -1.9161654710769653
  endloop
 endfacet
 facet normal 0 1 0
  outer loop
   vertex -1.8815706968307495 0.95679998397827148 1.5179675817489624
   vertex -1.3484493494033813 0.95679998397827148 2.0065438747406006
   vertex -1.2495466470718384 0.95679998397827148 1.9670373201370239
  endloop
 endfacet
 facet normal 0 1 0
  outer loop
   vertex -1.3484493494033813 0.95679998397827148 2.0065438747406006
   vertex -0.70215725898742676 0.95679998397827148 2.3133327960968018
   vertex -0.59253925085067749 0.95679998397827148 2.2549121379852295
  endloop
 endfacet
 facet normal -0 1 0
  outer loop
   vertex -0.78125232458114624 0.95679998397827148 -2.1282331943511963
   vertex -1.2241573333740234 0.95679998397827148 -1.8960272073745728
   vertex -1.1362714767456055 0.95679998397827148 -1.8316161632537842
  endloop
 endfacet
 facet normal 0 1 -0
  outer loop
   vertex 15.956809043884277 0.95679998397827148 -2.0739707946777344
   vertex 15.429537773132324 0.95679998397827148 -2.2439332008361816
   vertex 15.350318908691406 0.95679998397827148 -2.1640570163726807
  endloop
 endfacet
 facet normal 0 1 -0
  outer loop
   vertex 16.634092330932617 0.95679998397827148 -1.8518451452255249
   vertex 16.100934982299805 0.95679998397827148 -2.1913979053497314
   vertex 16.033298492431641 0.95679998397827148 -2.1383962631225586
  endloop
 endfacet
 facet normal 0 1 -0
  outer loop
   vertex 16.558544158935547 0.95679998397827148 -1.8066182136535645
   vertex 16.033298492431641 0.95679998397827148 -2.1383962631225586
   vertex 15.956809043884277 0.95679998397827148 -2.0739707946777344
  endloop
 endfacet
 facet normal 0 1 -0
  outer loop
   vertex 16.472249984741211 0.95679998397827148 -1.7507555484771729
   vertex 15.956809043884277 0.95679998397827148 -2.0739707946777344
   vertex 15.86640453338623 0.95679998397827148 -1.9988224506378174
  endloop
 endfacet
 facet normal 0 1 0
  outer loop
   vertex 3.9361250400543213 0.95679998397827148 1.9535514116287231
   vertex 3.8652768135070801 0.95679998397827148 2.0950326919555664
   vertex 4.691795825958252 0.95679998397827148 2.0802853107452393
  endloop
 endfacet
 facet normal 0 1 -0
  outer loop
   vertex 16.033298492431641 0.95679998397827148 -2.1383962631225586
   vertex 15.496635437011719 0.95679998397827148 -2.3126165866851807
   vertex 15.429537773132324 0.95679998397827148 -2.2439332008361816
  endloop
 endfacet
 facet normal 0 1 0
  outer loop
   vertex -1.9214452505111694 0.95679998397827148 0.848987877368927
   vertex -1.5420379638671875 0.95679998397827148 1.4271849393844604
   vertex -1.3825184106826782 0.95679998397827148 1.3871864080429077
  endloop
 endfacet
 facet normal -0 1 0
  outer loop
   vertex -2.18896484375 0.95679998397827148 -0.44167828559875488
   vertex -2.2172489166259766 0.95679998397827148 0.2090778648853302
   vertex -2.0959789752960205 0.95679998397827148 0.21042586863040924
  endloop
 endfacet
 facet normal -0 1 0
  outer loop
   vertex -1.2985577583312988 0.95679998397827148 -1.9510266780853271
   vertex -1.720145583152771 0.95679998397827148 -1.5850532054901123
   vertex -1.6378709077835083 0.95679998397827148 -1.5381456613540649
  endloop
 endfacet
 facet normal 0 1 -0
  outer loop
   vertex -1.720145583152771 0.95679998397827148 -1.5850532054901123
   vertex -1.7898522615432739 0.95679998397827148 -1.6251038312911987
   vertex -2.1499993801116943 0.95679998397827148 -1.1054577827453613
  endloop
 endfacet
 facet normal -0 1 0
  outer loop
   vertex -1.3613758087158203 0.95679998397827148 -1.9977961778640747
   vertex -1.7898522615432739 0.95679998397827148 -1.6251038312911987
   vertex -1.720145583152771 0.95679998397827148 -1.5850532054901123
  endloop
 endfacet
 facet normal 0 1 -0
  outer loop
   vertex -1.6378709077835083 0.95679998397827148 -1.5381456613540649
   vertex -1.720145583152771 0.95679998397827148 -1.5850532054901123
   vertex -2.0727033615112305 0.95679998397827148 -1.0757532119750977
  endloop
 endfacet
 facet normal 0 1 -0
  outer loop
   vertex 16.100934982299805 0.95679998397827148 -2.1913979053497314
   vertex 15.555911064147949 0.95679998397827148 -2.3702409267425537
   vertex 15.496635437011719 0.95679998397827148 -2.3126165866851807
  endloop
 endfacet
 facet normal 0 1 -0
  outer loop
   vertex -1.9817105531692505 0.95679998397827148 -1.0410966873168945
   vertex -2.0727033615112305 0.95679998397827148 -1.0757532119750977
   vertex -2.2870967388153076 0.95679998397827148 -0.45903187990188599
  endloop
 endfacet
 facet normal 0 1 0
  outer loop
   vertex -1.9541724920272827 0.95679998397827148 0.21409252285957336
   vertex -2.0959789752960205 0.95679998397827148 0.21042586863040924
   vertex -1.9214452505111694 0.95679998397827148 0.848987877368927
  endloop
 endfacet
 facet normal 0 1 -0
  outer loop
   vertex -1.8750200271606445 0.95679998397827148 -1.0009194612503052
   vertex -1.9817105531692505 0.95679998397827148 -1.0410966873168945
   vertex -2.18896484375 0.95679998397827148 -0.44167828559875488
  endloop
 endfacet
 facet normal -0 1 0
  outer loop
   vertex -2.2870967388153076 0.95679998397827148 -0.45903187990188599
   vertex -2.3207705020904541 0.95679998397827148 0.20773901045322418
   vertex -2.2172489166259766 0.95679998397827148 0.2090778648853302
  endloop
 endfacet
 facet normal -0 1 0
  outer loop
   vertex -2.0741846561431885 0.95679998397827148 -0.42167845368385315
   vertex -2.0959789752960205 0.95679998397827148 0.21042586863040924
   vertex -1.9541724920272827 0.95679998397827148 0.21409252285957336
  endloop
 endfacet
 facet normal 0 1 0
  outer loop
   vertex -2.2467873096466064 0.95679998397827148 0.89245754480361938
   vertex -1.8815706968307495 0.95679998397827148 1.5179675817489624
   vertex -1.7873121500015259 0.95679998397827148 1.4927136898040771
  endloop
 endfacet
 facet normal 0 1 0
  outer loop
   vertex 9.6434049606323242 0.95679998397827148 2.2016193866729736
   vertex 10.502040863037109 0.95679998397827148 2.2083492279052734
   vertex 10.464102745056152 0.95679998397827148 2.0748209953308105
  endloop
 endfacet
 facet normal 0 1 0
  outer loop
   vertex 2.3505051136016846 0.95679998397827148 -2.3491079807281494
   vertex 1.8175398111343384 0.95679998397827148 -2.3545985221862793
   vertex 1.8571141958236694 0.95679998397827148 -2.2796206474304199
  endloop
 endfacet
 facet normal -0 1 0
  outer loop
   vertex -2.3706583976745605 0.95679998397827148 -0.47382712364196777
   vertex -2.4087016582489014 0.95679998397827148 0.20661556720733643
   vertex -2.3207705020904541 0.95679998397827148 0.20773901045322418
  endloop
 endfacet
 facet normal 0 1 -0
  outer loop
   vertex 15.350318908691406 0.95679998397827148 -2.1640570163726807
   vertex 14.908395767211914 0.95679998397827148 -2.2160966396331787
   vertex 14.825772285461426 0.95679998397827148 -2.1279189586639404
  endloop
 endfacet
 facet normal 0 1 -0
  outer loop
   vertex -2.0727033615112305 0.95679998397827148 -1.0757532119750977
   vertex -2.1499993801116943 0.95679998397827148 -1.1054577827453613
   vertex -2.3706583976745605 0.95679998397827148 -0.47382712364196777
  endloop
 endfacet
 facet normal 0 1 0
  outer loop
   vertex 13.146768569946289 0.95679998397827148 -2.0952250957489014
   vertex 13.202700614929199 0.95679998397827148 -2.1959052085876465
   vertex 12.703339576721191 0.95679998397827148 -2.1788957118988037
  endloop
 endfacet
 facet normal 0 1 0
  outer loop
   vertex 13.279542922973633 0.95679998397827148 -2.3565309047698975
   vertex 13.310384750366211 0.95679998397827148 -2.4175469875335693
   vertex 12.801203727722168 0.95679998397827148 -2.4175469875335693
  endloop
 endfacet
 facet normal -0 1 0
  outer loop
   vertex -0.84938240051269531 0.95679998397827148 -2.1893789768218994
   vertex -1.2985577583312988 0.95679998397827148 -1.9510266780853271
   vertex -1.2241573333740234 0.95679998397827148 -1.8960272073745728
  endloop
 endfacet
 facet normal 0 1 0
  outer loop
   vertex -2.3207705020904541 0.95679998397827148 0.20773901045322418
   vertex -2.4087016582489014 0.95679998397827148 0.20661556720733643
   vertex -2.2467873096466064 0.95679998397827148 0.89245754480361938
  endloop
 endfacet
 facet normal 0 1 0
  outer loop
   vertex -0.59253925085067749 0.95679998397827148 2.2549121379852295
   vertex 0.10599680244922638 0.95679998397827148 2.3460099697113037
   vertex 0.22801375389099121 0.95679998397827148 2.2612743377685547
  endloop
 endfacet
 facet normal 0 1 0
  outer loop
   vertex 1.8175398111343384 0.95679998397827148 -2.3545985221862793
   vertex 1.340700626373291 0.95679998397827148 -2.3585314750671387
   vertex 1.3826532363891602 0.95679998397827148 -2.2884109020233154
  endloop
 endfacet
 facet normal 0 1 0
  outer loop
   vertex 5.480006217956543 0.95679998397827148 -2.4175469875335693
   vertex 4.5763754844665527 0.95679998397827148 -2.4175469875335693
   vertex 4.597592830657959 0.95679998397827148 -2.3273730278015137
  endloop
 endfacet
 facet normal 0 1 -0
  outer loop
   vertex -1.7506413459777832 0.95679998397827148 -0.95453238487243652
   vertex -1.8750200271606445 0.95679998397827148 -1.0009194612503052
   vertex -2.0741846561431885 0.95679998397827148 -0.42167845368385315
  endloop
 endfacet
 facet normal 0 1 -0
  outer loop
   vertex -1.5410885810852051 0.95679998397827148 -1.4834948778152466
   vertex -1.6378709077835083 0.95679998397827148 -1.5381456613540649
   vertex -1.9817105531692505 0.95679998397827148 -1.0410966873168945
  endloop
 endfacet
 facet normal -0 1 0
  outer loop
   vertex -0.24683301150798798 0.95679998397827148 -2.1756980419158936
   vertex -0.70011234283447266 0.95679998397827148 -2.0562741756439209
   vertex -0.60360246896743774 0.95679998397827148 -1.9716912508010864
  endloop
 endfacet
 facet normal 0 1 0
  outer loop
   vertex 1.784621000289917 0.95679998397827148 -2.4175469875335693
   vertex 1.3058599233627319 0.95679998397827148 -2.4175469875335693
   vertex 1.340700626373291 0.95679998397827148 -2.3585314750671387
  endloop
 endfacet
 facet normal 0 1 -0
  outer loop
   vertex -1.4275249242782593 0.95679998397827148 -1.4202780723571777
   vertex -1.5410885810852051 0.95679998397827148 -1.4834948778152466
   vertex -1.8750200271606445 0.95679998397827148 -1.0009194612503052
  endloop
 endfacet
 facet normal 0 1 0
  outer loop
   vertex 1.340700626373291 0.95679998397827148 -2.3585314750671387
   vertex 0.90146815776824951 0.95679998397827148 -2.3607053756713867
   vertex 0.94657349586486816 0.95679998397827148 -2.2933545112609863
  endloop
 endfacet
 facet normal -0 1 0
  outer loop
   vertex 0.58690959215164185 0.95679998397827148 -2.2135679721832275
   vertex 0.17348836362361908 0.95679998397827148 -2.2108101844787598
   vertex 0.25321307778358459 0.95679998397827148 -2.1165299415588379
  endloop
 endfacet
 facet normal -0 1 -0
  outer loop
   vertex 13.738080978393555 0.95679998397827148 -2.3603217601776123
   vertex 13.279542922973633 0.95679998397827148 -2.3565309047698975
   vertex 13.244795799255371 0.95679998397827148 -2.2829725742340088
  endloop
 endfacet
 facet normal 0 1 0
  outer loop
   vertex 1.3826532363891602 0.95679998397827148 -2.2884109020233154
   vertex 0.94657349586486816 0.95679998397827148 -2.2933545112609863
   vertex 1.0001816749572754 0.95679998397827148 -2.2136685848236084
  endloop
 endfacet
 facet normal 0 1 0
  outer loop
   vertex 1.3058599233627319 0.95679998397827148 -2.4175469875335693
   vertex 0.86378216743469238 0.95679998397827148 -2.4175469875335693
   vertex 0.90146815776824951 0.95679998397827148 -2.3607053756713867
  endloop
 endfacet
 facet normal -0 1 -0
  outer loop
   vertex 13.653605461120605 0.95679998397827148 -2.2099571228027344
   vertex 13.202700614929199 0.95679998397827148 -2.1959052085876465
   vertex 13.146768569946289 0.95679998397827148 -2.0952250957489014
  endloop
 endfacet
 facet normal 0 1 0
  outer loop
   vertex 1.9038399457931519 0.95679998397827148 -2.1905272006988525
   vertex 1.4324077367782593 0.95679998397827148 -2.2052061557769775
   vertex 1.4881490468978882 0.95679998397827148 -2.1064128875732422
  endloop
 endfacet
 facet normal -0 1 0
  outer loop
   vertex -0.90663993358612061 0.95679998397827148 -2.2411019802093506
   vertex -1.3613758087158203 0.95679998397827148 -1.9977961778640747
   vertex -1.2985577583312988 0.95679998397827148 -1.9510266780853271
  endloop
 endfacet
 facet normal 0 1 0
  outer loop
   vertex 0.43430176377296448 0.95679998397827148 -2.4175469875335693
   vertex 0 0.95679998397827148 -2.4175469875335693
   vertex 0.048364710062742233 0.95679998397827148 -2.3594739437103271
  endloop
 endfacet
 facet normal -0 1 0
  outer loop
   vertex 1.0001816749572754 0.95679998397827148 -2.2136685848236084
   vertex 0.58690959215164185 0.95679998397827148 -2.2135679721832275
   vertex 0.65650522708892822 0.95679998397827148 -2.1199531555175781
  endloop
 endfacet
 facet normal -0 1 0
  outer loop
   vertex 0.90146815776824951 0.95679998397827148 -2.3607053756713867
   vertex 0.47674110531806946 0.95679998397827148 -2.3603739738464355
   vertex 0.52710103988647461 0.95679998397827148 -2.2929258346557617
  endloop
 endfacet
 facet normal 0 1 0
  outer loop
   vertex 3.1640303134918213 0.95679998397827148 1.9802525043487549
   vertex 3.077338695526123 0.95679998397827148 2.1133384704589844
   vertex 3.8652768135070801 0.95679998397827148 2.0950326919555664
  endloop
 endfacet
 facet normal 0 1 0
  outer loop
   vertex -0.46213176846504211 0.95679998397827148 2.1841588020324707
   vertex 0.22801375389099121 0.95679998397827148 2.2612743377685547
   vertex 0.36836197972297668 0.95679998397827148 2.1631271839141846
  endloop
 endfacet
 facet normal 0 1 0
  outer loop
   vertex 9.6631622314453125 0.95679998397827148 2.3190014362335205
   vertex 10.533863067626953 0.95679998397827148 2.3223106861114502
   vertex 10.502040863037109 0.95679998397827148 2.2083492279052734
  endloop
 endfacet
 facet normal 0 1 0
  outer loop
   vertex 0.86378216743469238 0.95679998397827148 -2.4175469875335693
   vertex 0.43430176377296448 0.95679998397827148 -2.4175469875335693
   vertex 0.47674110531806946 0.95679998397827148 -2.3603739738464355
  endloop
 endfacet
 facet normal -0 1 -0
  outer loop
   vertex 14.123640060424805 0.95679998397827148 -2.297231912612915
   vertex 13.699825286865234 0.95679998397827148 -2.2914361953735352
   vertex 13.653605461120605 0.95679998397827148 -2.2099571228027344
  endloop
 endfacet
 facet normal 0 1 -0
  outer loop
   vertex 14.201231956481934 0.95679998397827148 -2.4175469875335693
   vertex 13.770896911621094 0.95679998397827148 -2.4175469875335693
   vertex 13.738080978393555 0.95679998397827148 -2.3603217601776123
  endloop
 endfacet
 facet normal 0 1 0
  outer loop
   vertex 8.9317903518676758 0.95679998397827148 -2.3237435817718506
   vertex 8.9412546157836914 0.95679998397827148 -2.4175469875335693
   vertex 8.0746030807495117 0.95679998397827148 -2.4175469875335693
  endloop
 endfacet
 facet normal -0 1 0
  outer loop
   vertex 0.94657349586486816 0.95679998397827148 -2.2933545112609863
   vertex 0.52710103988647461 0.95679998397827148 -2.2929258346557617
   vertex 0.58690959215164185 0.95679998397827148 -2.2135679721832275
  endloop
 endfacet
 facet normal -0 1 0
  outer loop
   vertex -0.3867354691028595 0.95679998397827148 -2.3206748962402344
   vertex -0.84938240051269531 0.95679998397827148 -2.1893789768218994
   vertex -0.78125232458114624 0.95679998397827148 -2.1282331943511963
  endloop
 endfacet
 facet normal 0 1 0
  outer loop
   vertex 8.7940120697021484 0.95679998397827148 2.0558359622955322
   vertex 9.6196746826171875 0.95679998397827148 2.0639197826385498
   vertex 9.5805768966674805 0.95679998397827148 1.9056556224822998
  endloop
 endfacet
 facet normal -0 1 -0
  outer loop
   vertex 14.073185920715332 0.95679998397827148 -2.2197403907775879
   vertex 13.653605461120605 0.95679998397827148 -2.2099571228027344
   vertex 13.594319343566895 0.95679998397827148 -2.1160290241241455
  endloop
 endfacet
 facet normal 0 1 -0
  outer loop
   vertex 14.628809928894043 0.95679998397827148 -2.4175469875335693
   vertex 14.201231956481934 0.95679998397827148 -2.4175469875335693
   vertex 14.165687561035156 0.95679998397827148 -2.3628735542297363
  endloop
 endfacet
 facet normal -0 1 0
  outer loop
   vertex 4.6191997528076172 0.95679998397827148 2.3242721557617188
   vertex 4.584784984588623 0.95679998397827148 2.4175469875335693
   vertex 5.4711003303527832 0.95679998397827148 2.4175469875335693
  endloop
 endfacet
 facet normal 0 1 0
  outer loop
   vertex 7.2231755256652832 0.95679998397827148 -2.4175469875335693
   vertex 6.3619265556335449 0.95679998397827148 -2.4175469875335693
   vertex 6.3704948425292969 0.95679998397827148 -2.3184404373168945
  endloop
 endfacet
 facet normal -0 1 0
  outer loop
   vertex -0.44054818153381348 0.95679998397827148 -2.3770678043365479
   vertex -0.90663993358612061 0.95679998397827148 -2.2411019802093506
   vertex -0.84938240051269531 0.95679998397827148 -2.1893789768218994
  endloop
 endfacet
 facet normal -0 1 0
  outer loop
   vertex -0.32281577587127686 0.95679998397827148 -2.2540559768676758
   vertex -0.78125232458114624 0.95679998397827148 -2.1282331943511963
   vertex -0.70011234283447266 0.95679998397827148 -2.0562741756439209
  endloop
 endfacet
 facet normal 0 1 0
  outer loop
   vertex 8.9266738891601562 0.95679998397827148 -2.2121181488037109
   vertex 8.9317903518676758 0.95679998397827148 -2.3237435817718506
   vertex 8.0709638595581055 0.95679998397827148 -2.3201084136962891
  endloop
 endfacet
 facet normal 0 1 0
  outer loop
   vertex 6.3704948425292969 0.95679998397827148 -2.3184404373168945
   vertex 5.4952292442321777 0.95679998397827148 -2.321866512298584
   vertex 5.5098471641540527 0.95679998397827148 -2.2081890106201172
  endloop
 endfacet
 facet normal -0 1 0
  outer loop
   vertex 0 0.95679998397827148 -2.4175469875335693
   vertex -0.44054818153381348 0.95679998397827148 -2.3770678043365479
   vertex -0.3867354691028595 0.95679998397827148 -2.3206748962402344
  endloop
 endfacet
 facet normal 0 1 0
  outer loop
   vertex 9.6196746826171875 0.95679998397827148 2.0639197826385498
   vertex 10.464102745056152 0.95679998397827148 2.0748209953308105
   vertex 10.407934188842773 0.95679998397827148 1.9223378896713257
  endloop
 endfacet
 facet normal 0 1 0
  outer loop
   vertex 7.9839644432067871 0.95679998397827148 2.0535693168640137
   vertex 8.7940120697021484 0.95679998397827148 2.0558359622955322
   vertex 8.7707853317260742 0.95679998397827148 1.8932743072509766
  endloop
 endfacet
 facet normal 0 1 0
  outer loop
   vertex 6.3690805435180664 0.95679998397827148 2.0616219043731689
   vertex 6.3565540313720703 0.95679998397827148 2.2002542018890381
   vertex 7.175330638885498 0.95679998397827148 2.1966383457183838
  endloop
 endfacet
 facet normal 0 1 0
  outer loop
   vertex 8.8053302764892578 0.95679998397827148 2.1966261863708496
   vertex 9.6434049606323242 0.95679998397827148 2.2016193866729736
   vertex 9.6196746826171875 0.95679998397827148 2.0639197826385498
  endloop
 endfacet
 facet normal -0 1 0
  outer loop
   vertex 5.4958786964416504 0.95679998397827148 2.3209879398345947
   vertex 5.4711003303527832 0.95679998397827148 2.4175469875335693
   vertex 6.3295540809631348 0.95679998397827148 2.4175469875335693
  endloop
 endfacet
 facet normal 0 1 0
  outer loop
   vertex 9.685093879699707 0.95679998397827148 2.4175469875335693
   vertex 10.566434860229492 0.95679998397827148 2.4175469875335693
   vertex 10.533863067626953 0.95679998397827148 2.3223106861114502
  endloop
 endfacet
 facet normal 0 1 0
  outer loop
   vertex 8.8146247863769531 0.95679998397827148 2.3165469169616699
   vertex 9.6631622314453125 0.95679998397827148 2.3190014362335205
   vertex 9.6434049606323242 0.95679998397827148 2.2016193866729736
  endloop
 endfacet
 facet normal 0 1 0
  outer loop
   vertex 8.9064626693725586 0.95679998397827148 -1.9252805709838867
   vertex 8.9204339981079102 0.95679998397827148 -2.0801055431365967
   vertex 8.0657968521118164 0.95679998397827148 -2.067873477935791
  endloop
 endfacet
 facet normal 0 1 0
  outer loop
   vertex 5.5418663024902344 0.95679998397827148 2.0693573951721191
   vertex 5.5175943374633789 0.95679998397827148 2.2049894332885742
   vertex 6.3565540313720703 0.95679998397827148 2.2002542018890381
  endloop
 endfacet
 facet normal 0 1 0
  outer loop
   vertex 6.3919143676757812 0.95679998397827148 1.902355432510376
   vertex 6.3690805435180664 0.95679998397827148 2.0616219043731689
   vertex 7.1783380508422852 0.95679998397827148 2.0557625293731689
  endloop
 endfacet
 facet normal 0 1 0
  outer loop
   vertex 6.386836051940918 0.95679998397827148 -2.0623717308044434
   vertex 5.525761604309082 0.95679998397827148 -2.0741240978240967
   vertex 5.5526566505432129 0.95679998397827148 -1.9188600778579712
  endloop
 endfacet
 facet normal 0 1 0
  outer loop
   vertex 8.9204339981079102 0.95679998397827148 -2.0801055431365967
   vertex 8.9266738891601562 0.95679998397827148 -2.2121181488037109
   vertex 8.0686483383178711 0.95679998397827148 -2.2044646739959717
  endloop
 endfacet
 facet normal 0 1 0
  outer loop
   vertex 5.5807867050170898 0.95679998397827148 1.9145265817642212
   vertex 5.5418663024902344 0.95679998397827148 2.0693573951721191
   vertex 6.3690805435180664 0.95679998397827148 2.0616219043731689
  endloop
 endfacet
 facet normal 0 1 0
  outer loop
   vertex 4.7469735145568848 0.95679998397827148 1.9314131736755371
   vertex 4.691795825958252 0.95679998397827148 2.0802853107452393
   vertex 5.5418663024902344 0.95679998397827148 2.0693573951721191
  endloop
 endfacet
 facet normal 0 1 0
  outer loop
   vertex 8.8267841339111328 0.95679998397827148 2.4175469875335693
   vertex 9.685093879699707 0.95679998397827148 2.4175469875335693
   vertex 9.6631622314453125 0.95679998397827148 2.3190014362335205
  endloop
 endfacet
 facet normal 0 1 0
  outer loop
   vertex 3.8652768135070801 0.95679998397827148 2.0950326919555664
   vertex 3.8112375736236572 0.95679998397827148 2.2206432819366455
   vertex 4.6530680656433105 0.95679998397827148 2.2116498947143555
  endloop
 endfacet
 facet normal 0 1 0
  outer loop
   vertex 7.1657981872558594 0.95679998397827148 2.4175469875335693
   vertex 7.9899883270263672 0.95679998397827148 2.4175469875335693
   vertex 7.9867315292358398 0.95679998397827148 2.3158988952636719
  endloop
 endfacet
 facet normal 0 1 0
  outer loop
   vertex 7.2250385284423828 0.95679998397827148 -2.3176441192626953
   vertex 6.3704948425292969 0.95679998397827148 -2.3184404373168945
   vertex 6.3783974647521973 0.95679998397827148 -2.200916051864624
  endloop
 endfacet
 facet normal 0 1 0
  outer loop
   vertex 14.966094970703125 0.95679998397827148 2.3456530570983887
   vertex 15.079999923706055 0.95679998397827148 2.4175469875335693
   vertex 15.807496070861816 0.95679998397827148 2.3054900169372559
  endloop
 endfacet
 facet normal 0 1 0
  outer loop
   vertex 8.0746030807495117 0.95679998397827148 -2.4175469875335693
   vertex 7.2231755256652832 0.95679998397827148 -2.4175469875335693
   vertex 7.2250385284423828 0.95679998397827148 -2.3176441192626953
  endloop
 endfacet
 facet normal 0 1 0
  outer loop
   vertex 6.3783974647521973 0.95679998397827148 -2.200916051864624
   vertex 5.5098471641540527 0.95679998397827148 -2.2081890106201172
   vertex 5.525761604309082 0.95679998397827148 -2.0741240978240967
  endloop
 endfacet
 facet normal 0 1 0
  outer loop
   vertex 10.502040863037109 0.95679998397827148 2.2083492279052734
   vertex 11.329999923706055 0.95679998397827148 2.2172696590423584
   vertex 11.277104377746582 0.95679998397827148 2.0891835689544678
  endloop
 endfacet
 facet normal 0 1 0
  outer loop
   vertex 4.6530680656433105 0.95679998397827148 2.2116498947143555
   vertex 4.6191997528076172 0.95679998397827148 2.3242721557617188
   vertex 5.4958786964416504 0.95679998397827148 2.3209879398345947
  endloop
 endfacet
 facet normal 0 1 0
  outer loop
   vertex 7.9899883270263672 0.95679998397827148 2.4175469875335693
   vertex 8.8267841339111328 0.95679998397827148 2.4175469875335693
   vertex 8.8146247863769531 0.95679998397827148 2.3165469169616699
  endloop
 endfacet
 facet normal 0 1 0
  outer loop
   vertex 3.8112375736236572 0.95679998397827148 2.2206432819366455
   vertex 3.7643153667449951 0.95679998397827148 2.3285276889801025
   vertex 4.6191997528076172 0.95679998397827148 2.3242721557617188
  endloop
 endfacet
 facet normal 0 1 0
  outer loop
   vertex 9.8107109069824219 0.95679998397827148 -2.3291370868682861
   vertex 9.8257465362548828 0.95679998397827148 -2.4175469875335693
   vertex 8.9412546157836914 0.95679998397827148 -2.4175469875335693
  endloop
 endfacet
 facet normal 0 1 0
  outer loop
   vertex 7.2290711402893066 0.95679998397827148 -2.0595657825469971
   vertex 6.386836051940918 0.95679998397827148 -2.0623717308044434
   vertex 6.4041776657104492 0.95679998397827148 -1.9013800621032715
  endloop
 endfacet
 facet normal 0 1 0
  outer loop
   vertex 7.1783380508422852 0.95679998397827148 2.0557625293731689
   vertex 7.9839644432067871 0.95679998397827148 2.0535693168640137
   vertex 7.9751400947570801 0.95679998397827148 1.8896634578704834
  endloop
 endfacet
 facet normal 0 1 0
  outer loop
   vertex 7.1716079711914062 0.95679998397827148 2.3166646957397461
   vertex 7.9867315292358398 0.95679998397827148 2.3158988952636719
   vertex 7.9855432510375977 0.95679998397827148 2.1952588558197021
  endloop
 endfacet
 facet normal 0 1 0
  outer loop
   vertex 4.691795825958252 0.95679998397827148 2.0802853107452393
   vertex 4.6530680656433105 0.95679998397827148 2.2116498947143555
   vertex 5.5175943374633789 0.95679998397827148 2.2049894332885742
  endloop
 endfacet
 facet normal 0 1 0
  outer loop
   vertex 7.175330638885498 0.95679998397827148 2.1966383457183838
   vertex 7.9855432510375977 0.95679998397827148 2.1952588558197021
   vertex 7.9839644432067871 0.95679998397827148 2.0535693168640137
  endloop
 endfacet
 facet normal 0 1 0
  outer loop
   vertex 9.7889413833618164 0.95679998397827148 -2.0986793041229248
   vertex 9.800938606262207 0.95679998397827148 -2.2235970497131348
   vertex 8.9266738891601562 0.95679998397827148 -2.2121181488037109
  endloop
 endfacet
 facet normal 0 1 0
  outer loop
   vertex 14.840282440185547 0.95679998397827148 2.256929874420166
   vertex 14.966094970703125 0.95679998397827148 2.3456530570983887
   vertex 15.687155723571777 0.95679998397827148 2.249638557434082
  endloop
 endfacet
 facet normal 0 1 0
  outer loop
   vertex 6.3565540313720703 0.95679998397827148 2.2002542018890381
   vertex 6.3448257446289062 0.95679998397827148 2.3185672760009766
   vertex 7.1716079711914062 0.95679998397827148 2.3166646957397461
  endloop
 endfacet
 facet normal -0 1 0
  outer loop
   vertex 8.0709638595581055 0.95679998397827148 -2.3201084136962891
   vertex 7.2250385284423828 0.95679998397827148 -2.3176441192626953
   vertex 7.2270255088806152 0.95679998397827148 -2.1992402076721191
  endloop
 endfacet
 facet normal 0 1 0
  outer loop
   vertex 14.522351264953613 0.95679998397827148 2.0410699844360352
   vertex 14.695713043212891 0.95679998397827148 2.1540045738220215
   vertex 15.390865325927734 0.95679998397827148 2.0901010036468506
  endloop
 endfacet
 facet normal 0 1 0
  outer loop
   vertex 9.800938606262207 0.95679998397827148 -2.2235970497131348
   vertex 9.8107109069824219 0.95679998397827148 -2.3291370868682861
   vertex 8.9317903518676758 0.95679998397827148 -2.3237435817718506
  endloop
 endfacet
 facet normal 0 1 0
  outer loop
   vertex 7.9867315292358398 0.95679998397827148 2.3158988952636719
   vertex 8.8146247863769531 0.95679998397827148 2.3165469169616699
   vertex 8.8053302764892578 0.95679998397827148 2.1966261863708496
  endloop
 endfacet
 facet normal 0 1 0
  outer loop
   vertex 10.533863067626953 0.95679998397827148 2.3223106861114502
   vertex 11.374592781066895 0.95679998397827148 2.3266861438751221
   vertex 11.329999923706055 0.95679998397827148 2.2172696590423584
  endloop
 endfacet
 facet normal 0 1 0
  outer loop
   vertex 9.7649908065795898 0.95679998397827148 -1.952173113822937
   vertex 9.7889413833618164 0.95679998397827148 -2.0986793041229248
   vertex 8.9204339981079102 0.95679998397827148 -2.0801055431365967
  endloop
 endfacet
 facet normal 0 1 0
  outer loop
   vertex -0.70215725898742676 0.95679998397827148 2.3133327960968018
   vertex -1.6881641077453116e-14 0.95679998397827148 2.4175469875335693
   vertex 0.10599680244922638 0.95679998397827148 2.3460099697113037
  endloop
 endfacet
 facet normal 0 1 0
  outer loop
   vertex 7.2270255088806152 0.95679998397827148 -2.1992402076721191
   vertex 6.3783974647521973 0.95679998397827148 -2.200916051864624
   vertex 6.386836051940918 0.95679998397827148 -2.0623717308044434
  endloop
 endfacet
 facet normal -0 1 0
  outer loop
   vertex 6.3448257446289062 0.95679998397827148 2.3185672760009766
   vertex 6.3295540809631348 0.95679998397827148 2.4175469875335693
   vertex 7.1657981872558594 0.95679998397827148 2.4175469875335693
  endloop
 endfacet
 facet normal 0 1 0
  outer loop
   vertex 7.9855432510375977 0.95679998397827148 2.1952588558197021
   vertex 8.8053302764892578 0.95679998397827148 2.1966261863708496
   vertex 8.7940120697021484 0.95679998397827148 2.0558359622955322
  endloop
 endfacet
 facet normal 0 1 0
  outer loop
   vertex -0.30806061625480652 0.95679998397827148 2.1000568866729736
   vertex 0.36836197972297668 0.95679998397827148 2.1631271839141846
   vertex 0.53123116493225098 0.95679998397827148 2.0523772239685059
  endloop
 endfacet
 facet normal -0 1 0
  outer loop
   vertex 3.7643153667449951 0.95679998397827148 2.3285276889801025
   vertex 3.7202808856964111 0.95679998397827148 2.4175469875335693
   vertex 4.584784984588623 0.95679998397827148 2.4175469875335693
  endloop
 endfacet
 facet normal 0 1 0
  outer loop
   vertex 5.5175943374633789 0.95679998397827148 2.2049894332885742
   vertex 5.4958786964416504 0.95679998397827148 2.3209879398345947
   vertex 6.3448257446289062 0.95679998397827148 2.3185672760009766
  endloop
 endfacet
 facet normal 0 1 0
  outer loop
   vertex 5.4952292442321777 0.95679998397827148 -2.321866512298584
   vertex 4.597592830657959 0.95679998397827148 -2.3273730278015137
   vertex 4.6193122863769531 0.95679998397827148 -2.2199809551239014
  endloop
 endfacet
 facet normal -0 1 0
  outer loop
   vertex 8.0657968521118164 0.95679998397827148 -2.067873477935791
   vertex 7.2290711402893066 0.95679998397827148 -2.0595657825469971
   vertex 7.2362279891967773 0.95679998397827148 -1.8966008424758911
  endloop
 endfacet
 facet normal 0 1 0
  outer loop
   vertex 5.5098471641540527 0.95679998397827148 -2.2081890106201172
   vertex 4.6193122863769531 0.95679998397827148 -2.2199809551239014
   vertex 4.6433353424072266 0.95679998397827148 -2.0931453704833984
  endloop
 endfacet
 facet normal 0 1 0
  outer loop
   vertex 14.695713043212891 0.95679998397827148 2.1540045738220215
   vertex 14.840282440185547 0.95679998397827148 2.256929874420166
   vertex 15.551128387451172 0.95679998397827148 2.1768105030059814
  endloop
 endfacet
 facet normal 0 1 0
  outer loop
   vertex 5.525761604309082 0.95679998397827148 -2.0741240978240967
   vertex 4.6433353424072266 0.95679998397827148 -2.0931453704833984
   vertex 4.6788558959960938 0.95679998397827148 -1.9463040828704834
  endloop
 endfacet
 facet normal 0 1 0
  outer loop
   vertex 10.464102745056152 0.95679998397827148 2.0748209953308105
   vertex 11.277104377746582 0.95679998397827148 2.0891835689544678
   vertex 11.204281806945801 0.95679998397827148 1.9438488483428955
  endloop
 endfacet
 facet normal -0 1 0
  outer loop
   vertex 8.0686483383178711 0.95679998397827148 -2.2044646739959717
   vertex 7.2270255088806152 0.95679998397827148 -2.1992402076721191
   vertex 7.2290711402893066 0.95679998397827148 -2.0595657825469971
  endloop
 endfacet
 facet normal 0 1 0
  outer loop
   vertex 10.566434860229492 0.95679998397827148 2.4175469875335693
   vertex 11.417813301086426 0.95679998397827148 2.4175469875335693
   vertex 11.374592781066895 0.95679998397827148 2.3266861438751221
  endloop
 endfacet
 facet normal 0 1 0
  outer loop
   vertex 12.703339576721191 0.95679998397827148 -2.1788957118988037
   vertex 12.741047859191895 0.95679998397827148 -2.2726492881774902
   vertex 12.146378517150879 0.95679998397827148 -2.2609212398529053
  endloop
 endfacet
 facet normal 0 1 0
  outer loop
   vertex 3.0084149837493896 0.95679998397827148 2.2318346500396729
   vertex 2.9487850666046143 0.95679998397827148 2.3336493968963623
   vertex 3.7643153667449951 0.95679998397827148 2.3285276889801025
  endloop
 endfacet
 facet normal 0 1 0
  outer loop
   vertex 3.077338695526123 0.95679998397827148 2.1133384704589844
   vertex 3.0084149837493896 0.95679998397827148 2.2318346500396729
   vertex 3.8112375736236572 0.95679998397827148 2.2206432819366455
  endloop
 endfacet
 facet normal 0 1 0
  outer loop
   vertex 2.992487907409668 0.95679998397827148 -2.3421404361724854
   vertex 2.3505051136016846 0.95679998397827148 -2.3491079807281494
   vertex 2.3875491619110107 0.95679998397827148 -2.2674384117126465
  endloop
 endfacet
 facet normal 0 1 0
  outer loop
   vertex 3.0259678363800049 0.95679998397827148 -2.2520828247070312
   vertex 2.3875491619110107 0.95679998397827148 -2.2674384117126465
   vertex 2.4309346675872803 0.95679998397827148 -2.1704175472259521
  endloop
 endfacet
 facet normal 0 1 0
  outer loop
   vertex 12.651013374328613 0.95679998397827148 -2.0702376365661621
   vertex 12.703339576721191 0.95679998397827148 -2.1788957118988037
   vertex 12.114072799682617 0.95679998397827148 -2.1596472263336182
  endloop
 endfacet
 facet normal -0 1 0
  outer loop
   vertex 2.9487850666046143 0.95679998397827148 2.3336493968963623
   vertex 2.8951327800750732 0.95679998397827148 2.4175469875335693
   vertex 3.7202808856964111 0.95679998397827148 2.4175469875335693
  endloop
 endfacet
 facet normal 0 1 0
  outer loop
   vertex 13.202700614929199 0.95679998397827148 -2.1959052085876465
   vertex 13.244795799255371 0.95679998397827148 -2.2829725742340088
   vertex 12.741047859191895 0.95679998397827148 -2.2726492881774902
  endloop
 endfacet
 facet normal 0 1 0
  outer loop
   vertex 13.244795799255371 0.95679998397827148 -2.2829725742340088
   vertex 13.279542922973633 0.95679998397827148 -2.3565309047698975
   vertex 12.772120475769043 0.95679998397827148 -2.3518574237823486
  endloop
 endfacet
 facet normal 0 1 0
  outer loop
   vertex 11.277104377746582 0.95679998397827148 2.0891835689544678
   vertex 12.047015190124512 0.95679998397827148 2.1041812896728516
   vertex 11.958103179931641 0.95679998397827148 1.9662659168243408
  endloop
 endfacet
 facet normal 0 1 0
  outer loop
   vertex 11.417813301086426 0.95679998397827148 2.4175469875335693
   vertex 12.227286338806152 0.95679998397827148 2.4175469875335693
   vertex 12.173343658447266 0.95679998397827148 2.3312480449676514
  endloop
 endfacet
 facet normal 0 1 0
  outer loop
   vertex 11.374592781066895 0.95679998397827148 2.3266861438751221
   vertex 12.173343658447266 0.95679998397827148 2.3312480449676514
   vertex 12.115296363830566 0.95679998397827148 2.2265794277191162
  endloop
 endfacet
 facet normal 0 1 0
  outer loop
   vertex 2.3308329582214355 0.95679998397827148 2.1331093311309814
   vertex 2.2476835250854492 0.95679998397827148 2.2439060211181641
   vertex 3.0084149837493896 0.95679998397827148 2.2318346500396729
  endloop
 endfacet
 facet normal 0 1 0
  outer loop
   vertex 2.3193027973175049 0.95679998397827148 -2.4175469875335693
   vertex 1.784621000289917 0.95679998397827148 -2.4175469875335693
   vertex 1.8175398111343384 0.95679998397827148 -2.3545985221862793
  endloop
 endfacet
 facet normal 0 1 0
  outer loop
   vertex 2.3875491619110107 0.95679998397827148 -2.2674384117126465
   vertex 1.8571141958236694 0.95679998397827148 -2.2796206474304199
   vertex 1.9038399457931519 0.95679998397827148 -2.1905272006988525
  endloop
 endfacet
 facet normal -0 1 0
  outer loop
   vertex 2.175837516784668 0.95679998397827148 2.3390443325042725
   vertex 2.1126606464385986 0.95679998397827148 2.4175469875335693
   vertex 2.8951327800750732 0.95679998397827148 2.4175469875335693
  endloop
 endfacet
 facet normal 0 1 0
  outer loop
   vertex 2.2476835250854492 0.95679998397827148 2.2439060211181641
   vertex 2.175837516784668 0.95679998397827148 2.3390443325042725
   vertex 2.9487850666046143 0.95679998397827148 2.3336493968963623
  endloop
 endfacet
 facet normal 0 1 0
  outer loop
   vertex 2.4309346675872803 0.95679998397827148 -2.1704175472259521
   vertex 1.9038399457931519 0.95679998397827148 -2.1905272006988525
   vertex 1.9559355974197388 0.95679998397827148 -2.0851430892944336
  endloop
 endfacet
 facet normal 0 1 0
  outer loop
   vertex 12.173343658447266 0.95679998397827148 2.3312480449676514
   vertex 12.929905891418457 0.95679998397827148 2.3361630439758301
   vertex 12.857989311218262 0.95679998397827148 2.2365951538085938
  endloop
 endfacet
 facet normal 0 1 0
  outer loop
   vertex 11.329999923706055 0.95679998397827148 2.2172696590423584
   vertex 12.115296363830566 0.95679998397827148 2.2265794277191162
   vertex 12.047015190124512 0.95679998397827148 2.1041812896728516
  endloop
 endfacet
 facet normal 0 1 0
  outer loop
   vertex 2.4324238300323486 0.95679998397827148 2.0086295604705811
   vertex 2.3308329582214355 0.95679998397827148 2.1331093311309814
   vertex 3.077338695526123 0.95679998397827148 2.1133384704589844
  endloop
 endfacet
 facet normal -0 1 -0
  outer loop
   vertex 13.699825286865234 0.95679998397827148 -2.2914361953735352
   vertex 13.244795799255371 0.95679998397827148 -2.2829725742340088
   vertex 13.202700614929199 0.95679998397827148 -2.1959052085876465
  endloop
 endfacet
 facet normal 0 1 0
  outer loop
   vertex 4.6193122863769531 0.95679998397827148 -2.2199809551239014
   vertex 3.779080867767334 0.95679998397827148 -2.2353498935699463
   vertex 3.8111510276794434 0.95679998397827148 -2.1180100440979004
  endloop
 endfacet
 facet normal 0 1 0
  outer loop
   vertex 1.8571141958236694 0.95679998397827148 -2.2796206474304199
   vertex 1.3826532363891602 0.95679998397827148 -2.2884109020233154
   vertex 1.4324077367782593 0.95679998397827148 -2.2052061557769775
  endloop
 endfacet
 facet normal 0 1 0
  outer loop
   vertex 12.115296363830566 0.95679998397827148 2.2265794277191162
   vertex 12.857989311218262 0.95679998397827148 2.2365951538085938
   vertex 12.773566246032715 0.95679998397827148 2.1202507019042969
  endloop
 endfacet
 facet normal 0 1 0
  outer loop
   vertex 4.597592830657959 0.95679998397827148 -2.3273730278015137
   vertex 3.7507665157318115 0.95679998397827148 -2.3344826698303223
   vertex 3.779080867767334 0.95679998397827148 -2.2353498935699463
  endloop
 endfacet
 facet normal 0 1 0
  outer loop
   vertex 12.227286338806152 0.95679998397827148 2.4175469875335693
   vertex 12.994294166564941 0.95679998397827148 2.4175469875335693
   vertex 12.929905891418457 0.95679998397827148 2.3361630439758301
  endloop
 endfacet
 facet normal 0 1 0
  outer loop
   vertex 12.047015190124512 0.95679998397827148 2.1041812896728516
   vertex 12.773566246032715 0.95679998397827148 2.1202507019042969
   vertex 12.668951988220215 0.95679998397827148 1.9900884628295898
  endloop
 endfacet
 facet normal 0 1 0
  outer loop
   vertex 10.620794296264648 0.95679998397827148 -1.9840856790542603
   vertex 10.653725624084473 0.95679998397827148 -2.1204218864440918
   vertex 9.7889413833618164 0.95679998397827148 -2.0986793041229248
  endloop
 endfacet
 facet normal 0 1 0
  outer loop
   vertex 10.653725624084473 0.95679998397827148 -2.1204218864440918
   vertex 10.672698974609375 0.95679998397827148 -2.2369527816772461
   vertex 9.800938606262207 0.95679998397827148 -2.2235970497131348
  endloop
 endfacet
 facet normal 0 1 0
  outer loop
   vertex 1.5357744693756104 0.95679998397827148 2.2542400360107422
   vertex 2.2476835250854492 0.95679998397827148 2.2439060211181641
   vertex 2.3308329582214355 0.95679998397827148 2.1331093311309814
  endloop
 endfacet
 facet normal 0 1 0
  outer loop
   vertex 4.6433353424072266 0.95679998397827148 -2.0931453704833984
   vertex 3.8111510276794434 0.95679998397827148 -2.1180100440979004
   vertex 3.8533093929290771 0.95679998397827148 -1.9817894697189331
  endloop
 endfacet
 facet normal 0 1 0
  outer loop
   vertex 1.6337120532989502 0.95679998397827148 2.1502149105072021
   vertex 2.3308329582214355 0.95679998397827148 2.1331093311309814
   vertex 2.4324238300323486 0.95679998397827148 2.0086295604705811
  endloop
 endfacet
 facet normal 0 1 0
  outer loop
   vertex 10.688192367553711 0.95679998397827148 -2.3353872299194336
   vertex 10.70826530456543 0.95679998397827148 -2.4175469875335693
   vertex 9.8257465362548828 0.95679998397827148 -2.4175469875335693
  endloop
 endfacet
 facet normal 0 1 0
  outer loop
   vertex 10.672698974609375 0.95679998397827148 -2.2369527816772461
   vertex 10.688192367553711 0.95679998397827148 -2.3353872299194336
   vertex 9.8107109069824219 0.95679998397827148 -2.3291370868682861
  endloop
 endfacet
 facet normal 0 1 0
  outer loop
   vertex 4.5763754844665527 0.95679998397827148 -2.4175469875335693
   vertex 3.7248580455780029 0.95679998397827148 -2.4175469875335693
   vertex 3.7507665157318115 0.95679998397827148 -2.3344826698303223
  endloop
 endfacet
 facet normal 0 1 0
  outer loop
   vertex 1.451338529586792 0.95679998397827148 2.3435354232788086
   vertex 2.175837516784668 0.95679998397827148 2.3390443325042725
   vertex 2.2476835250854492 0.95679998397827148 2.2439060211181641
  endloop
 endfacet
 facet normal 0 1 0
  outer loop
   vertex 1.3780772686004639 0.95679998397827148 2.4175469875335693
   vertex 2.1126606464385986 0.95679998397827148 2.4175469875335693
   vertex 2.175837516784668 0.95679998397827148 2.3390443325042725
  endloop
 endfacet
 facet normal 0 1 0
  outer loop
   vertex 0.36836197972297668 0.95679998397827148 2.1631271839141846
   vertex 0.99093538522720337 0.95679998397827148 2.1603848934173584
   vertex 1.1270108222961426 0.95679998397827148 2.0479304790496826
  endloop
 endfacet
 facet normal 0 1 0
  outer loop
   vertex 0.10599680244922638 0.95679998397827148 2.3460099697113037
   vertex 0.775684654712677 0.95679998397827148 2.3458750247955322
   vertex 0.87542575597763062 0.95679998397827148 2.2601068019866943
  endloop
 endfacet
 facet normal 0 1 0
  outer loop
   vertex 12.929905891418457 0.95679998397827148 2.3361630439758301
   vertex 13.639503479003906 0.95679998397827148 2.3409523963928223
   vertex 13.553142547607422 0.95679998397827148 2.2464728355407715
  endloop
 endfacet
 facet normal 0 1 0
  outer loop
   vertex 0.22801375389099121 0.95679998397827148 2.2612743377685547
   vertex 0.87542575597763062 0.95679998397827148 2.2601068019866943
   vertex 0.99093538522720337 0.95679998397827148 2.1603848934173584
  endloop
 endfacet
 facet normal 0 1 0
  outer loop
   vertex 0.99093538522720337 0.95679998397827148 2.1603848934173584
   vertex 1.6337120532989502 0.95679998397827148 2.1502149105072021
   vertex 1.7508349418640137 0.95679998397827148 2.0330960750579834
  endloop
 endfacet
 facet normal 0 1 0
  outer loop
   vertex -1.6881641077453116e-14 0.95679998397827148 2.4175469875335693
   vertex 0.68937492370605469 0.95679998397827148 2.4175469875335693
   vertex 0.775684654712677 0.95679998397827148 2.3458750247955322
  endloop
 endfacet
 facet normal 0 1 0
  outer loop
   vertex 0.87542575597763062 0.95679998397827148 2.2601068019866943
   vertex 1.5357744693756104 0.95679998397827148 2.2542400360107422
   vertex 1.6337120532989502 0.95679998397827148 2.1502149105072021
  endloop
 endfacet
 facet normal 0 1 0
  outer loop
   vertex 0.775684654712677 0.95679998397827148 2.3458750247955322
   vertex 1.451338529586792 0.95679998397827148 2.3435354232788086
   vertex 1.5357744693756104 0.95679998397827148 2.2542400360107422
  endloop
 endfacet
 facet normal 0 1 0
  outer loop
   vertex 0.68937492370605469 0.95679998397827148 2.4175469875335693
   vertex 1.3780772686004639 0.95679998397827148 2.4175469875335693
   vertex 1.451338529586792 0.95679998397827148 2.3435354232788086
  endloop
 endfacet
 facet normal 0 1 0
  outer loop
   vertex 12.857989311218262 0.95679998397827148 2.2365951538085938
   vertex 13.553142547607422 0.95679998397827148 2.2464728355407715
   vertex 13.452263832092285 0.95679998397827148 2.1361792087554932
  endloop
 endfacet
 facet normal 0 1 0
  outer loop
   vertex 12.773566246032715 0.95679998397827148 2.1202507019042969
   vertex 13.452263832092285 0.95679998397827148 2.1361792087554932
   vertex 13.330485343933105 0.95679998397827148 2.0136570930480957
  endloop
 endfacet
 facet normal 0 1 0
  outer loop
   vertex 3.7507665157318115 0.95679998397827148 -2.3344826698303223
   vertex 2.992487907409668 0.95679998397827148 -2.3421404361724854
   vertex 3.0259678363800049 0.95679998397827148 -2.2520828247070312
  endloop
 endfacet
 facet normal 0 1 0
  outer loop
   vertex 3.779080867767334 0.95679998397827148 -2.2353498935699463
   vertex 3.0259678363800049 0.95679998397827148 -2.2520828247070312
   vertex 3.0646884441375732 0.95679998397827148 -2.145249605178833
  endloop
 endfacet
 facet normal 0 1 0
  outer loop
   vertex 12.994294166564941 0.95679998397827148 2.4175469875335693
   vertex 13.715713500976562 0.95679998397827148 2.4175469875335693
   vertex 13.639503479003906 0.95679998397827148 2.3409523963928223
  endloop
 endfacet
 facet normal 0 1 0
  outer loop
   vertex 3.7248580455780029 0.95679998397827148 -2.4175469875335693
   vertex 2.9633395671844482 0.95679998397827148 -2.4175469875335693
   vertex 2.992487907409668 0.95679998397827148 -2.3421404361724854
  endloop
 endfacet
 facet normal 0 1 0
  outer loop
   vertex 11.47877025604248 0.95679998397827148 -2.3408820629119873
   vertex 11.50279426574707 0.95679998397827148 -2.4175469875335693
   vertex 10.70826530456543 0.95679998397827148 -2.4175469875335693
  endloop
 endfacet
 facet normal 0 1 0
  outer loop
   vertex 11.390381813049316 0.95679998397827148 -2.0126957893371582
   vertex 11.431404113769531 0.95679998397827148 -2.139742374420166
   vertex 10.653725624084473 0.95679998397827148 -2.1204218864440918
  endloop
 endfacet
 facet normal 0 1 0
  outer loop
   vertex 11.457432746887207 0.95679998397827148 -2.248762845993042
   vertex 11.47877025604248 0.95679998397827148 -2.3408820629119873
   vertex 10.688192367553711 0.95679998397827148 -2.3353872299194336
  endloop
 endfacet
 facet normal 0 1 0
  outer loop
   vertex 3.8111510276794434 0.95679998397827148 -2.1180100440979004
   vertex 3.0646884441375732 0.95679998397827148 -2.145249605178833
   vertex 3.111325740814209 0.95679998397827148 -2.0205352306365967
  endloop
 endfacet
 facet normal 0 1 0
  outer loop
   vertex 11.431404113769531 0.95679998397827148 -2.139742374420166
   vertex 11.457432746887207 0.95679998397827148 -2.248762845993042
   vertex 10.672698974609375 0.95679998397827148 -2.2369527816772461
  endloop
 endfacet
 facet normal 0 1 0
  outer loop
   vertex 14.394996643066406 0.95679998397827148 2.4175469875335693
   vertex 15.079999923706055 0.95679998397827148 2.4175469875335693
   vertex 14.966094970703125 0.95679998397827148 2.3456530570983887
  endloop
 endfacet
 facet normal 0 1 0
  outer loop
   vertex 13.715713500976562 0.95679998397827148 2.4175469875335693
   vertex 14.394996643066406 0.95679998397827148 2.4175469875335693
   vertex 14.303593635559082 0.95679998397827148 2.3442442417144775
  endloop
 endfacet
 facet normal 0 1 0
  outer loop
   vertex 13.639503479003906 0.95679998397827148 2.3409523963928223
   vertex 14.303593635559082 0.95679998397827148 2.3442442417144775
   vertex 14.200640678405762 0.95679998397827148 2.253563404083252
  endloop
 endfacet
 facet normal 0 1 0
  outer loop
   vertex 14.303593635559082 0.95679998397827148 2.3442442417144775
   vertex 14.966094970703125 0.95679998397827148 2.3456530570983887
   vertex 14.840282440185547 0.95679998397827148 2.256929874420166
  endloop
 endfacet
 facet normal 0 1 0
  outer loop
   vertex 14.081123352050781 0.95679998397827148 2.1479597091674805
   vertex 14.695713043212891 0.95679998397827148 2.1540045738220215
   vertex 14.522351264953613 0.95679998397827148 2.0410699844360352
  endloop
 endfacet
 facet normal 0 1 0
  outer loop
   vertex 13.452263832092285 0.95679998397827148 2.1361792087554932
   vertex 14.081123352050781 0.95679998397827148 2.1479597091674805
   vertex 13.938027381896973 0.95679998397827148 2.031404972076416
  endloop
 endfacet
 facet normal 0 1 0
  outer loop
   vertex 12.066623687744141 0.95679998397827148 -2.0419881343841553
   vertex 12.114072799682617 0.95679998397827148 -2.1596472263336182
   vertex 11.431404113769531 0.95679998397827148 -2.139742374420166
  endloop
 endfacet
 facet normal 0 1 0
  outer loop
   vertex 13.553142547607422 0.95679998397827148 2.2464728355407715
   vertex 14.200640678405762 0.95679998397827148 2.253563404083252
   vertex 14.081123352050781 0.95679998397827148 2.1479597091674805
  endloop
 endfacet
 facet normal 0 1 0
  outer loop
   vertex 14.200640678405762 0.95679998397827148 2.253563404083252
   vertex 14.840282440185547 0.95679998397827148 2.256929874420166
   vertex 14.695713043212891 0.95679998397827148 2.1540045738220215
  endloop
 endfacet
 facet normal 0 1 0
  outer loop
   vertex 12.114072799682617 0.95679998397827148 -2.1596472263336182
   vertex 12.146378517150879 0.95679998397827148 -2.2609212398529053
   vertex 11.457432746887207 0.95679998397827148 -2.248762845993042
  endloop
 endfacet
 facet normal 0 1 0
  outer loop
   vertex 2.9633395671844482 0.95679998397827148 -2.4175469875335693
   vertex 2.3193027973175049 0.95679998397827148 -2.4175469875335693
   vertex 2.3505051136016846 0.95679998397827148 -2.3491079807281494
  endloop
 endfacet
 facet normal 0 1 0
  outer loop
   vertex 12.172937393188477 0.95679998397827148 -2.34649658203125
   vertex 12.199911117553711 0.95679998397827148 -2.4175469875335693
   vertex 11.50279426574707 0.95679998397827148 -2.4175469875335693
  endloop
 endfacet
 facet normal 0 1 0
  outer loop
   vertex 12.146378517150879 0.95679998397827148 -2.2609212398529053
   vertex 12.172937393188477 0.95679998397827148 -2.34649658203125
   vertex 11.47877025604248 0.95679998397827148 -2.3408820629119873
  endloop
 endfacet
 facet normal 0 1 0
  outer loop
   vertex 3.0646884441375732 0.95679998397827148 -2.145249605178833
   vertex 2.4309346675872803 0.95679998397827148 -2.1704175472259521
   vertex 2.4804978370666504 0.95679998397827148 -2.0563666820526123
  endloop
 endfacet
 facet normal 0 1 0
  outer loop
   vertex 12.741047859191895 0.95679998397827148 -2.2726492881774902
   vertex 12.772120475769043 0.95679998397827148 -2.3518574237823486
   vertex 12.172937393188477 0.95679998397827148 -2.34649658203125
  endloop
 endfacet
 facet normal 0 1 0
  outer loop
   vertex 12.772120475769043 0.95679998397827148 -2.3518574237823486
   vertex 12.801203727722168 0.95679998397827148 -2.4175469875335693
   vertex 12.199911117553711 0.95679998397827148 -2.4175469875335693
  endloop
 endfacet
 facet normal 0 1 0
  outer loop
   vertex -0.81211709976196289 0.95679998397827148 1.7935769557952881
   vertex 0.086271949112415314 0.95679998397827148 1.8894962072372437
   vertex -0.60289251804351807 0.95679998397827148 1.7119182348251343
  endloop
 endfacet
 facet normal 0 1 0
  outer loop
   vertex 0.25321307778358459 0.95679998397827148 -2.1165299415588379
   vertex -0.052390251308679581 0.95679998397827148 -1.9775068759918213
   vertex 0.3455193042755127 0.95679998397827148 -2.0086770057678223
  endloop
 endfacet
 facet normal 0 1 0
  outer loop
   vertex -1.3825184106826782 0.95679998397827148 1.3871864080429077
   vertex -0.60289251804351807 0.95679998397827148 1.7119182348251343
   vertex -1.1922311782836914 0.95679998397827148 1.3391917943954468
  endloop
 endfacet
 facet normal 0 1 0
  outer loop
   vertex 14.414498329162598 0.95679998397827148 -2.1363370418548584
   vertex 13.935232162475586 0.95679998397827148 -2.0268821716308594
   vertex 14.333206176757812 0.95679998397827148 -2.035996675491333
  endloop
 endfacet
 facet normal 0 1 -0
  outer loop
   vertex 8.8878288269042969 0.95679998397827148 -1.7420563697814941
   vertex 8.0622224807739258 0.95679998397827148 -1.9079453945159912
   vertex 8.0561237335205078 0.95679998397827148 -1.7190756797790527
  endloop
 endfacet
 facet normal 0 1 0
  outer loop
   vertex -0.15700781345367432 0.95679998397827148 -2.0835459232330322
   vertex -0.49024975299835205 0.95679998397827148 -1.873676061630249
   vertex -0.052390251308679581 0.95679998397827148 -1.9775068759918213
  endloop
 endfacet
 facet normal 0 1 0
  outer loop
   vertex 9.5805768966674805 0.95679998397827148 1.9056556224822998
   vertex 10.345648765563965 0.95679998397827148 1.7431397438049316
   vertex 9.5376567840576172 0.95679998397827148 1.7197651863098145
  endloop
 endfacet
 facet normal 0 1 0
  outer loop
   vertex -0.12525433301925659 0.95679998397827148 2.0026166439056396
   vertex 0.71594864130020142 0.95679998397827148 1.9269040822982788
   vertex 0.086271949112415314 0.95679998397827148 1.8894962072372437
  endloop
 endfacet
 facet normal 0 1 0
  outer loop
   vertex 15.193614959716797 0.95679998397827148 1.9940327405929565
   vertex 15.672987937927246 0.95679998397827148 1.6949450969696045
   vertex 14.963984489440918 0.95679998397827148 1.8828693628311157
  endloop
 endfacet
 facet normal 0 1 0
  outer loop
   vertex -1.0322945117950439 0.95679998397827148 -1.7566066980361938
   vertex -1.2953695058822632 0.95679998397827148 -1.3476104736328125
   vertex -0.91074258089065552 0.95679998397827148 -1.6698722839355469
  endloop
 endfacet
 facet normal 0 1 0
  outer loop
   vertex -1.9413533210754395 0.95679998397827148 -0.39695486426353455
   vertex -1.7890045642852783 0.95679998397827148 0.21798987686634064
   vertex -1.7873522043228149 0.95679998397827148 -0.36879834532737732
  endloop
 endfacet
 facet normal 0 1 0
  outer loop
   vertex -0.60360246896743774 0.95679998397827148 -1.9716912508010864
   vertex -0.91074258089065552 0.95679998397827148 -1.6698722839355469
   vertex -0.49024975299835205 0.95679998397827148 -1.873676061630249
  endloop
 endfacet
 facet normal -0 1 0
  outer loop
   vertex 2.4804978370666504 0.95679998397827148 -2.0563666820526123
   vertex 2.0201723575592041 0.95679998397827148 -1.9630851745605469
   vertex 2.5420293807983398 0.95679998397827148 -1.9237422943115234
  endloop
 endfacet
 facet normal 0 1 -0
  outer loop
   vertex 13.080867767333984 0.95679998397827148 -1.9765044450759888
   vertex 12.651013374328613 0.95679998397827148 -2.0702376365661621
   vertex 12.588722229003906 0.95679998397827148 -1.9417496919631958
  endloop
 endfacet
 facet normal 0 1 0
  outer loop
   vertex -1.7890045642852783 0.95679998397827148 0.21798987686634064
   vertex -1.7719177007675171 0.95679998397827148 0.83156496286392212
   vertex -1.5963314771652222 0.95679998397827148 0.81072425842285156
  endloop
 endfacet
 facet normal -0 1 0
  outer loop
   vertex -1.2953695058822632 0.95679998397827148 -1.3476104736328125
   vertex -1.7506413459777832 0.95679998397827148 -0.95453238487243652
   vertex -1.6064084768295288 0.95679998397827148 -0.90150904655456543
  endloop
 endfacet
 facet normal 0 1 0
  outer loop
   vertex 0.65650522708892822 0.95679998397827148 -2.1199531555175781
   vertex 0.3455193042755127 0.95679998397827148 -2.0086770057678223
   vertex 0.73739790916442871 0.95679998397827148 -2.0126748085021973
  endloop
 endfacet
 facet normal 0 1 0
  outer loop
   vertex 15.672987937927246 0.95679998397827148 1.6949450969696045
   vertex 16.491306304931641 0.95679998397827148 1.321928858757019
   vertex 16.28509521484375 0.95679998397827148 1.2856636047363281
  endloop
 endfacet
 facet normal -0 1 0
  outer loop
   vertex -1.6064084768295288 0.95679998397827148 -0.90150904655456543
   vertex -1.9413533210754395 0.95679998397827148 -0.39695486426353455
   vertex -1.7873522043228149 0.95679998397827148 -0.36879834532737732
  endloop
 endfacet
 facet normal 0 1 -0
  outer loop
   vertex 16.871023178100586 0.95679998397827148 0.71539980173110962
   vertex 16.843812942504883 0.95679998397827148 0.072736337780952454
   vertex 16.683500289916992 0.95679998397827148 0.70865368843078613
  endloop
 endfacet
 facet normal 0 1 0
  outer loop
   vertex 16.491306304931641 0.95679998397827148 1.321928858757019
   vertex 16.683500289916992 0.95679998397827148 0.70865368843078613
   vertex 16.28509521484375 0.95679998397827148 1.2856636047363281
  endloop
 endfacet
 facet normal 0 1 0
  outer loop
   vertex -1.7719177007675171 0.95679998397827148 0.83156496286392212
   vertex -1.1922311782836914 0.95679998397827148 1.3391917943954468
   vertex -1.5963314771652222 0.95679998397827148 0.81072425842285156
  endloop
 endfacet
 facet normal 0 1 0
  outer loop
   vertex 13.594319343566895 0.95679998397827148 -2.1160290241241455
   vertex 13.080867767333984 0.95679998397827148 -1.9765044450759888
   vertex 13.524556159973145 0.95679998397827148 -2.0056607723236084
  endloop
 endfacet
 facet normal 0 1 0
  outer loop
   vertex 4.0168395042419434 0.95679998397827148 1.7880829572677612
   vertex 4.7469735145568848 0.95679998397827148 1.9314131736755371
   vertex 4.8080368041992188 0.95679998397827148 1.7571033239364624
  endloop
 endfacet
 facet normal -0 1 0
  outer loop
   vertex 1.9559355974197388 0.95679998397827148 -2.0851430892944336
   vertex 1.5556927919387817 0.95679998397827148 -1.9924113750457764
   vertex 2.0201723575592041 0.95679998397827148 -1.9630851745605469
  endloop
 endfacet
 facet normal 0 1 0
  outer loop
   vertex 15.753325462341309 0.95679998397827148 -1.9161654710769653
   vertex 15.138922691345215 0.95679998397827148 -1.9724177122116089
   vertex 15.622261047363281 0.95679998397827148 -1.8201041221618652
  endloop
 endfacet
 facet normal 0 1 0
  outer loop
   vertex 17.017021179199219 0.95679998397827148 0.054928667843341827
   vertex 16.778469085693359 0.95679998397827148 -0.55315124988555908
   vertex 16.843812942504883 0.95679998397827148 0.072736337780952454
  endloop
 endfacet
 facet normal 0 1 0
  outer loop
   vertex 8.7707853317260742 0.95679998397827148 1.8932743072509766
   vertex 9.5376567840576172 0.95679998397827148 1.7197651863098145
   vertex 8.7457370758056641 0.95679998397827148 1.7028367519378662
  endloop
 endfacet
 facet normal 0 1 0
  outer loop
   vertex 16.939979553222656 0.95679998397827148 -0.59317553043365479
   vertex 16.5081787109375 0.95679998397827148 -1.1021820306777954
   vertex 16.778469085693359 0.95679998397827148 -0.55315124988555908
  endloop
 endfacet
 facet normal 0 1 0
  outer loop
   vertex 16.662824630737305 0.95679998397827148 -1.1648715734481812
   vertex 16.101961135864258 0.95679998397827148 -1.5343642234802246
   vertex 16.5081787109375 0.95679998397827148 -1.1021820306777954
  endloop
 endfacet
 facet normal 0 1 0
  outer loop
   vertex 1.1270108222961426 0.95679998397827148 2.0479304790496826
   vertex 1.8858993053436279 0.95679998397827148 1.8980956077575684
   vertex 1.2829748392105103 0.95679998397827148 1.9193848371505737
  endloop
 endfacet
 facet normal 0 1 0
  outer loop
   vertex 0.53123116493225098 0.95679998397827148 2.0523772239685059
   vertex 1.2829748392105103 0.95679998397827148 1.9193848371505737
   vertex 0.71594864130020142 0.95679998397827148 1.9269040822982788
  endloop
 endfacet
 facet normal 0 1 -0
  outer loop
   vertex 9.7337226867675781 0.95679998397827148 -1.7781641483306885
   vertex 8.9064626693725586 0.95679998397827148 -1.9252805709838867
   vertex 8.8878288269042969 0.95679998397827148 -1.7420563697814941
  endloop
 endfacet
 facet normal -0 1 0
  outer loop
   vertex 1.4881490468978882 0.95679998397827148 -2.1064128875732422
   vertex 1.1342730522155762 0.95679998397827148 -2.0102403163909912
   vertex 1.5556927919387817 0.95679998397827148 -1.9924113750457764
  endloop
 endfacet
 facet normal -0 1 0
  outer loop
   vertex 1.061712384223938 0.95679998397827148 -2.1190612316131592
   vertex 0.73739790916442871 0.95679998397827148 -2.0126748085021973
   vertex 1.1342730522155762 0.95679998397827148 -2.0102403163909912
  endloop
 endfacet
 facet normal 0 1 0
  outer loop
   vertex 8.0622224807739258 0.95679998397827148 -1.9079453945159912
   vertex 7.2418198585510254 0.95679998397827148 -1.7046756744384766
   vertex 8.0561237335205078 0.95679998397827148 -1.7190756797790527
  endloop
 endfacet
 facet normal 0 1 -0
  outer loop
   vertex 11.339533805847168 0.95679998397827148 -1.8615568876266479
   vertex 10.620794296264648 0.95679998397827148 -1.9840856790542603
   vertex 10.57863712310791 0.95679998397827148 -1.8217103481292725
  endloop
 endfacet
 facet normal 0 1 0
  outer loop
   vertex 16.246231079101562 0.95679998397827148 -1.6161826848983765
   vertex 15.622261047363281 0.95679998397827148 -1.8201041221618652
   vertex 16.101961135864258 0.95679998397827148 -1.5343642234802246
  endloop
 endfacet
 facet normal 0 1 0
  outer loop
   vertex 5.6222224235534668 0.95679998397827148 1.7333000898361206
   vertex 6.3919143676757812 0.95679998397827148 1.902355432510376
   vertex 6.415428638458252 0.95679998397827148 1.7160674333572388
  endloop
 endfacet
 facet normal -0 1 0
  outer loop
   vertex 6.4041776657104492 0.95679998397827148 -1.9013800621032715
   vertex 5.5829873085021973 0.95679998397827148 -1.7370433807373047
   vertex 6.422053337097168 0.95679998397827148 -1.7125160694122314
  endloop
 endfacet
 facet normal 0 1 0
  outer loop
   vertex 6.415428638458252 0.95679998397827148 1.7160674333572388
   vertex 7.1849775314331055 0.95679998397827148 1.893094539642334
   vertex 7.1915512084960938 0.95679998397827148 1.7029536962509155
  endloop
 endfacet
 facet normal 0 1 0
  outer loop
   vertex 14.588667869567871 0.95679998397827148 -2.3635025024414062
   vertex 14.123640060424805 0.95679998397827148 -2.297231912612915
   vertex 14.541380882263184 0.95679998397827148 -2.2988929748535156
  endloop
 endfacet
 facet normal -0 1 0
  outer loop
   vertex 14.974880218505859 0.95679998397827148 -2.2942178249359131
   vertex 14.4849853515625 0.95679998397827148 -2.2229366302490234
   vertex 14.908395767211914 0.95679998397827148 -2.2160966396331787
  endloop
 endfacet
 facet normal 0 1 0
  outer loop
   vertex 3.2634122371673584 0.95679998397827148 1.8250799179077148
   vertex 3.9361250400543213 0.95679998397827148 1.9535514116287231
   vertex 4.0168395042419434 0.95679998397827148 1.7880829572677612
  endloop
 endfacet
 facet normal -0 1 0
  outer loop
   vertex 15.031100273132324 0.95679998397827148 -2.3611793518066406
   vertex 14.541380882263184 0.95679998397827148 -2.2988929748535156
   vertex 14.974880218505859 0.95679998397827148 -2.2942178249359131
  endloop
 endfacet
 facet normal 0 1 0
  outer loop
   vertex 10.407934188842773 0.95679998397827148 1.9223378896713257
   vertex 11.122660636901855 0.95679998397827148 1.7733054161071777
   vertex 10.345648765563965 0.95679998397827148 1.7431397438049316
  endloop
 endfacet
 facet normal 0 1 0
  outer loop
   vertex 7.1849775314331055 0.95679998397827148 1.893094539642334
   vertex 7.9662432670593262 0.95679998397827148 1.6980659961700439
   vertex 7.1915512084960938 0.95679998397827148 1.7029536962509155
  endloop
 endfacet
 facet normal -0 1 0
  outer loop
   vertex 3.8533093929290771 0.95679998397827148 -1.9817894697189331
   vertex 3.1691076755523682 0.95679998397827148 -1.8748869895935059
   vertex 3.904874324798584 0.95679998397827148 -1.8222366571426392
  endloop
 endfacet
 facet normal 0 1 -0
  outer loop
   vertex 12.009194374084473 0.95679998397827148 -1.9024224281311035
   vertex 11.390381813049316 0.95679998397827148 -2.0126957893371582
   vertex 11.339533805847168 0.95679998397827148 -1.8615568876266479
  endloop
 endfacet
 facet normal 0 1 0
  outer loop
   vertex 14.009438514709473 0.95679998397827148 -2.1307928562164307
   vertex 13.524556159973145 0.95679998397827148 -2.0056607723236084
   vertex 13.935232162475586 0.95679998397827148 -2.0268821716308594
  endloop
 endfacet
 facet normal 0 1 -0
  outer loop
   vertex 10.57863712310791 0.95679998397827148 -1.8217103481292725
   vertex 9.7649908065795898 0.95679998397827148 -1.952173113822937
   vertex 9.7337226867675781 0.95679998397827148 -1.7781641483306885
  endloop
 endfacet
 facet normal 0 1 0
  outer loop
   vertex 4.8080368041992188 0.95679998397827148 1.7571033239364624
   vertex 5.5807867050170898 0.95679998397827148 1.9145265817642212
   vertex 5.6222224235534668 0.95679998397827148 1.7333000898361206
  endloop
 endfacet
 facet normal 0 1 0
  outer loop
   vertex 13.938027381896973 0.95679998397827148 2.031404972076416
   vertex 14.325849533081055 0.95679998397827148 1.9134459495544434
   vertex 13.772931098937988 0.95679998397827148 1.8980307579040527
  endloop
 endfacet
 facet normal 0 1 0
  outer loop
   vertex 7.9751400947570801 0.95679998397827148 1.8896634578704834
   vertex 8.7457370758056641 0.95679998397827148 1.7028367519378662
   vertex 7.9662432670593262 0.95679998397827148 1.6980659961700439
  endloop
 endfacet
 facet normal 0 1 0
  outer loop
   vertex 14.325849533081055 0.95679998397827148 1.9134459495544434
   vertex 15.193614959716797 0.95679998397827148 1.9940327405929565
   vertex 14.963984489440918 0.95679998397827148 1.8828693628311157
  endloop
 endfacet
 facet normal -0 1 0
  outer loop
   vertex 4.6788558959960938 0.95679998397827148 -1.9463040828704834
   vertex 3.904874324798584 0.95679998397827148 -1.8222366571426392
   vertex 4.7209844589233398 0.95679998397827148 -1.7742924690246582
  endloop
 endfacet
 facet normal 0 1 0
  outer loop
   vertex 16.368619918823242 0.95679998397827148 1.9381767511367798
   vertex 17.027074813842773 0.95679998397827148 1.4329816102981567
   vertex 16.923160552978516 0.95679998397827148 1.4157581329345703
  endloop
 endfacet
 facet normal 0 1 -0
  outer loop
   vertex 12.588722229003906 0.95679998397827148 -1.9417496919631958
   vertex 12.066623687744141 0.95679998397827148 -2.0419881343841553
   vertex 12.009194374084473 0.95679998397827148 -1.9024224281311035
  endloop
 endfacet
 facet normal -0 1 0
  outer loop
   vertex 7.2362279891967773 0.95679998397827148 -1.8966008424758911
   vertex 6.422053337097168 0.95679998397827148 -1.7125160694122314
   vertex 7.2418198585510254 0.95679998397827148 -1.7046756744384766
  endloop
 endfacet
 facet normal -0 1 0
  outer loop
   vertex 5.5526566505432129 0.95679998397827148 -1.9188600778579712
   vertex 4.7209844589233398 0.95679998397827148 -1.7742924690246582
   vertex 5.5829873085021973 0.95679998397827148 -1.7370433807373047
  endloop
 endfacet
 facet normal 0 1 0
  outer loop
   vertex 17.027074813842773 0.95679998397827148 1.4329816102981567
   vertex 17.280014038085938 0.95679998397827148 0.74534273147583008
   vertex 16.923160552978516 0.95679998397827148 1.4157581329345703
  endloop
 endfacet
 facet normal -0 1 0
  outer loop
   vertex 3.111325740814209 0.95679998397827148 -2.0205352306365967
   vertex 2.5420293807983398 0.95679998397827148 -1.9237422943115234
   vertex 3.1691076755523682 0.95679998397827148 -1.8748869895935059
  endloop
 endfacet
 facet normal 0 1 0
  outer loop
   vertex 13.330485343933105 0.95679998397827148 2.0136570930480957
   vertex 13.772931098937988 0.95679998397827148 1.8980307579040527
   vertex 13.189096450805664 0.95679998397827148 1.8717643022537231
  endloop
 endfacet
 facet normal 0 1 0
  outer loop
   vertex 1.7508349418640137 0.95679998397827148 2.0330960750579834
   vertex 2.5495803356170654 0.95679998397827148 1.8641902208328247
   vertex 1.8858993053436279 0.95679998397827148 1.8980956077575684
  endloop
 endfacet
 facet normal 0 1 0
  outer loop
   vertex 16.66227912902832 0.95679998397827148 1.3538161516189575
   vertex 16.871023178100586 0.95679998397827148 0.71539980173110962
   vertex 16.491306304931641 0.95679998397827148 1.321928858757019
  endloop
 endfacet
 facet normal 0 1 0
  outer loop
   vertex 17.201372146606445 0.95679998397827148 -0.65616792440414429
   vertex 16.796846389770508 0.95679998397827148 -1.2175319194793701
   vertex 17.080062866210938 0.95679998397827148 -0.62619370222091675
  endloop
 endfacet
 facet normal -0 1 0
  outer loop
   vertex 14.825772285461426 0.95679998397827148 -2.1279189586639404
   vertex 14.333206176757812 0.95679998397827148 -2.035996675491333
   vertex 14.731174468994141 0.95679998397827148 -2.0267190933227539
  endloop
 endfacet
 facet normal -0 1 0
  outer loop
   vertex 15.252142906188965 0.95679998397827148 -2.0748054981231689
   vertex 14.731174468994141 0.95679998397827148 -2.0267190933227539
   vertex 15.138922691345215 0.95679998397827148 -1.9724177122116089
  endloop
 endfacet
 facet normal 0 1 0
  outer loop
   vertex 16.909307479858398 0.95679998397827148 -1.2679020166397095
   vertex 16.370815277099609 0.95679998397827148 -1.6857151985168457
   vertex 16.796846389770508 0.95679998397827148 -1.2175319194793701
  endloop
 endfacet
 facet normal 0 1 0
  outer loop
   vertex 16.803434371948242 0.95679998397827148 1.3875323534011841
   vertex 17.029787063598633 0.95679998397827148 0.72297435998916626
   vertex 16.66227912902832 0.95679998397827148 1.3538161516189575
  endloop
 endfacet
 facet normal 0 1 0
  outer loop
   vertex 2.5495803356170654 0.95679998397827148 1.8641902208328247
   vertex 3.1640303134918213 0.95679998397827148 1.9802525043487549
   vertex 3.2634122371673584 0.95679998397827148 1.8250799179077148
  endloop
 endfacet
 facet normal 0 1 0
  outer loop
   vertex 11.204281806945801 0.95679998397827148 1.9438488483428955
   vertex 11.857136726379395 0.95679998397827148 1.8048437833786011
   vertex 11.122660636901855 0.95679998397827148 1.7733054161071777
  endloop
 endfacet
 facet normal 0 1 0
  outer loop
   vertex -1.2495466470718384 0.95679998397827148 1.9670373201370239
   vertex -0.46213176846504211 0.95679998397827148 2.1841588020324707
   vertex -1.1302840709686279 0.95679998397827148 1.9190523624420166
  endloop
 endfacet
 facet normal 0 1 0
  outer loop
   vertex 11.958103179931641 0.95679998397827148 1.9662659168243408
   vertex 12.548288345336914 0.95679998397827148 1.8382620811462402
   vertex 11.857136726379395 0.95679998397827148 1.8048437833786011
  endloop
 endfacet
 facet normal 0 1 0
  outer loop
   vertex 15.90261173248291 0.95679998397827148 1.7691105604171753
   vertex 16.66227912902832 0.95679998397827148 1.3538161516189575
   vertex 16.491306304931641 0.95679998397827148 1.321928858757019
  endloop
 endfacet
 facet normal 0 1 0
  outer loop
   vertex 16.09101676940918 0.95679998397827148 1.8316353559494019
   vertex 16.803434371948242 0.95679998397827148 1.3875323534011841
   vertex 16.66227912902832 0.95679998397827148 1.3538161516189575
  endloop
 endfacet
 facet normal 0 1 0
  outer loop
   vertex 16.242269515991211 0.95679998397827148 1.8898653984069824
   vertex 16.923160552978516 0.95679998397827148 1.4157581329345703
   vertex 16.803434371948242 0.95679998397827148 1.3875323534011841
  endloop
 endfacet
 facet normal 0 1 0
  outer loop
   vertex 12.668951988220215 0.95679998397827148 1.9900884628295898
   vertex 13.189096450805664 0.95679998397827148 1.8717643022537231
   vertex 12.548288345336914 0.95679998397827148 1.8382620811462402
  endloop
 endfacet
 facet normal 0 1 0
  outer loop
   vertex -1.1302840709686279 0.95679998397827148 1.9190523624420166
   vertex -0.30806061625480652 0.95679998397827148 2.1000568866729736
   vertex -0.98674827814102173 0.95679998397827148 1.8612987995147705
  endloop
 endfacet
 facet normal 0 1 0
  outer loop
   vertex 17.305234909057617 0.95679998397827148 -0.68229180574417114
   vertex 16.909307479858398 0.95679998397827148 -1.2679020166397095
   vertex 17.201372146606445 0.95679998397827148 -0.65616792440414429
  endloop
 endfacet
 facet normal 0 1 -0
  outer loop
   vertex 17.029787063598633 0.95679998397827148 0.72297435998916626
   vertex 17.017021179199219 0.95679998397827148 0.054928667843341827
   vertex 16.871023178100586 0.95679998397827148 0.71539980173110962
  endloop
 endfacet
 facet normal -0 1 0
  outer loop
   vertex 15.429537773132324 0.95679998397827148 -2.2439332008361816
   vertex 14.908395767211914 0.95679998397827148 -2.2160966396331787
   vertex 15.350318908691406 0.95679998397827148 -2.1640570163726807
  endloop
 endfacet
 facet normal 0 1 0
  outer loop
   vertex 16.923160552978516 0.95679998397827148 1.4157581329345703
   vertex 17.164731979370117 0.95679998397827148 0.73521488904953003
   vertex 16.803434371948242 0.95679998397827148 1.3875323534011841
  endloop
 endfacet
 facet normal 0 1 0
  outer loop
   vertex 16.796846389770508 0.95679998397827148 -1.2175319194793701
   vertex 16.246231079101562 0.95679998397827148 -1.6161826848983765
   vertex 16.662824630737305 0.95679998397827148 -1.1648715734481812
  endloop
 endfacet
 facet normal 0 1 0
  outer loop
   vertex 17.080062866210938 0.95679998397827148 -0.62619370222091675
   vertex 16.662824630737305 0.95679998397827148 -1.1648715734481812
   vertex 16.939979553222656 0.95679998397827148 -0.59317553043365479
  endloop
 endfacet
 facet normal -0 1 0
  outer loop
   vertex 15.555911064147949 0.95679998397827148 -2.3702409267425537
   vertex 15.031100273132324 0.95679998397827148 -2.3611793518066406
   vertex 15.496635437011719 0.95679998397827148 -2.3126165866851807
  endloop
 endfacet
 facet normal -0 1 0
  outer loop
   vertex 15.496635437011719 0.95679998397827148 -2.3126165866851807
   vertex 14.974880218505859 0.95679998397827148 -2.2942178249359131
   vertex 15.429537773132324 0.95679998397827148 -2.2439332008361816
  endloop
 endfacet
 facet normal 0 1 0
  outer loop
   vertex 17.005313873291016 0.95679998397827148 -1.3114193677902222
   vertex 16.472249984741211 0.95679998397827148 -1.7507555484771729
   vertex 16.909307479858398 0.95679998397827148 -1.2679020166397095
  endloop
 endfacet
 facet normal 0 1 0
  outer loop
   vertex 0.17348836362361908 0.95679998397827148 -2.2108101844787598
   vertex -0.15700781345367432 0.95679998397827148 -2.0835459232330322
   vertex 0.25321307778358459 0.95679998397827148 -2.1165299415588379
  endloop
 endfacet
 facet normal 0 1 0
  outer loop
   vertex 15.807496070861816 0.95679998397827148 2.3054900169372559
   vertex 16.368619918823242 0.95679998397827148 1.9381767511367798
   vertex 15.687155723571777 0.95679998397827148 2.249638557434082
  endloop
 endfacet
 facet normal 0 1 0
  outer loop
   vertex -1.7873121500015259 0.95679998397827148 1.4927136898040771
   vertex -1.1302840709686279 0.95679998397827148 1.9190523624420166
   vertex -1.6751447916030884 0.95679998397827148 1.4626878499984741
  endloop
 endfacet
 facet normal 0 1 0
  outer loop
   vertex -1.5420379638671875 0.95679998397827148 1.4271849393844604
   vertex -0.81211709976196289 0.95679998397827148 1.7935769557952881
   vertex -1.3825184106826782 0.95679998397827148 1.3871864080429077
  endloop
 endfacet
 facet normal 0 1 0
  outer loop
   vertex -1.6751447916030884 0.95679998397827148 1.4626878499984741
   vertex -0.98674827814102173 0.95679998397827148 1.8612987995147705
   vertex -1.5420379638671875 0.95679998397827148 1.4271849393844604
  endloop
 endfacet
 facet normal 0 1 0
  outer loop
   vertex 17.164731979370117 0.95679998397827148 0.73521488904953003
   vertex 17.165536880493164 0.95679998397827148 0.041383687406778336
   vertex 17.029787063598633 0.95679998397827148 0.72297435998916626
  endloop
 endfacet
 facet normal 0 1 0
  outer loop
   vertex 0.048364710062742233 0.95679998397827148 -2.3594739437103271
   vertex -0.32281577587127686 0.95679998397827148 -2.2540559768676758
   vertex 0.10562144219875336 0.95679998397827148 -2.2910714149475098
  endloop
 endfacet
 facet normal 0 1 0
  outer loop
   vertex 0.10562144219875336 0.95679998397827148 -2.2910714149475098
   vertex -0.24683301150798798 0.95679998397827148 -2.1756980419158936
   vertex 0.17348836362361908 0.95679998397827148 -2.2108101844787598
  endloop
 endfacet
 facet normal 0 1 0
  outer loop
   vertex 17.379201889038086 0.95679998397827148 0.74713337421417236
   vertex 17.404258728027344 0.95679998397827148 0.024670844897627831
   vertex 17.280014038085938 0.95679998397827148 0.74534273147583008
  endloop
 endfacet
 facet normal 0 1 0
  outer loop
   vertex -0.98674827814102173 0.95679998397827148 1.8612987995147705
   vertex -0.12525433301925659 0.95679998397827148 2.0026166439056396
   vertex -0.81211709976196289 0.95679998397827148 1.7935769557952881
  endloop
 endfacet
 facet normal 0 1 0
  outer loop
   vertex 15.687155723571777 0.95679998397827148 2.249638557434082
   vertex 16.242269515991211 0.95679998397827148 1.8898653984069824
   vertex 15.551128387451172 0.95679998397827148 2.1768105030059814
  endloop
 endfacet
 facet normal 0 1 0
  outer loop
   vertex 13.770896911621094 0.95679998397827148 -2.4175469875335693
   vertex 13.279542922973633 0.95679998397827148 -2.3565309047698975
   vertex 13.738080978393555 0.95679998397827148 -2.3603217601776123
  endloop
 endfacet
 facet normal 0 1 0
  outer loop
   vertex 15.390865325927734 0.95679998397827148 2.0901010036468506
   vertex 15.90261173248291 0.95679998397827148 1.7691105604171753
   vertex 15.193614959716797 0.95679998397827148 1.9940327405929565
  endloop
 endfacet
 facet normal -0 1 0
  outer loop
   vertex 1.4324077367782593 0.95679998397827148 -2.2052061557769775
   vertex 1.061712384223938 0.95679998397827148 -2.1190612316131592
   vertex 1.4881490468978882 0.95679998397827148 -2.1064128875732422
  endloop
 endfacet
 facet normal 0 1 0
  outer loop
   vertex 0.52710103988647461 0.95679998397827148 -2.2929258346557617
   vertex 0.17348836362361908 0.95679998397827148 -2.2108101844787598
   vertex 0.58690959215164185 0.95679998397827148 -2.2135679721832275
  endloop
 endfacet
 facet normal 0 1 0
  outer loop
   vertex -2.0480735301971436 0.95679998397827148 0.86585640907287598
   vertex -1.5420379638671875 0.95679998397827148 1.4271849393844604
   vertex -1.9214452505111694 0.95679998397827148 0.848987877368927
  endloop
 endfacet
 facet normal 0 1 0
  outer loop
   vertex 0.47674110531806946 0.95679998397827148 -2.3603739738464355
   vertex 0.10562144219875336 0.95679998397827148 -2.2910714149475098
   vertex 0.52710103988647461 0.95679998397827148 -2.2929258346557617
  endloop
 endfacet
 facet normal 0 1 0
  outer loop
   vertex 15.551128387451172 0.95679998397827148 2.1768105030059814
   vertex 16.09101676940918 0.95679998397827148 1.8316353559494019
   vertex 15.390865325927734 0.95679998397827148 2.0901010036468506
  endloop
 endfacet
 facet normal 0 1 0
  outer loop
   vertex -2.1556985378265381 0.95679998397827148 0.8802492618560791
   vertex -1.6751447916030884 0.95679998397827148 1.4626878499984741
   vertex -2.0480735301971436 0.95679998397827148 0.86585640907287598
  endloop
 endfacet
 facet normal 0 1 0
  outer loop
   vertex 14.165687561035156 0.95679998397827148 -2.3628735542297363
   vertex 13.699825286865234 0.95679998397827148 -2.2914361953735352
   vertex 14.123640060424805 0.95679998397827148 -2.297231912612915
  endloop
 endfacet
 facet normal -0 1 0
  outer loop
   vertex 14.908395767211914 0.95679998397827148 -2.2160966396331787
   vertex 14.414498329162598 0.95679998397827148 -2.1363370418548584
   vertex 14.825772285461426 0.95679998397827148 -2.1279189586639404
  endloop
 endfacet
 facet normal -0 1 0
  outer loop
   vertex 15.079999923706055 0.95679998397827148 -2.4175469875335693
   vertex 14.588667869567871 0.95679998397827148 -2.3635025024414062
   vertex 15.031100273132324 0.95679998397827148 -2.3611793518066406
  endloop
 endfacet
 facet normal 0 1 0
  outer loop
   vertex 14.541380882263184 0.95679998397827148 -2.2988929748535156
   vertex 14.073185920715332 0.95679998397827148 -2.2197403907775879
   vertex 14.4849853515625 0.95679998397827148 -2.2229366302490234
  endloop
 endfacet
 facet normal 0 1 0
  outer loop
   vertex 17.497512817382812 0.95679998397827148 0.012924671173095703
   vertex 17.305234909057617 0.95679998397827148 -0.68229180574417114
   vertex 17.404258728027344 0.95679998397827148 0.024670844897627831
  endloop
 endfacet
 facet normal 0 1 0
  outer loop
   vertex -1.1362714767456055 0.95679998397827148 -1.8316161632537842
   vertex -1.4275249242782593 0.95679998397827148 -1.4202780723571777
   vertex -1.0322945117950439 0.95679998397827148 -1.7566066980361938
  endloop
 endfacet
 facet normal 0 1 0
  outer loop
   vertex -0.70011234283447266 0.95679998397827148 -2.0562741756439209
   vertex -1.0322945117950439 0.95679998397827148 -1.7566066980361938
   vertex -0.60360246896743774 0.95679998397827148 -1.9716912508010864
  endloop
 endfacet
 facet normal 0 1 0
  outer loop
   vertex 17.087728500366211 0.95679998397827148 -1.3466849327087402
   vertex 16.558544158935547 0.95679998397827148 -1.8066182136535645
   vertex 17.005313873291016 0.95679998397827148 -1.3114193677902222
  endloop
 endfacet
 facet normal 0 1 0
  outer loop
   vertex 14.4849853515625 0.95679998397827148 -2.2229366302490234
   vertex 14.009438514709473 0.95679998397827148 -2.1307928562164307
   vertex 14.414498329162598 0.95679998397827148 -2.1363370418548584
  endloop
 endfacet
 facet normal 0 1 0
  outer loop
   vertex -2.0959789752960205 0.95679998397827148 0.21042586863040924
   vertex -2.0480735301971436 0.95679998397827148 0.86585640907287598
   vertex -1.9214452505111694 0.95679998397827148 0.848987877368927
  endloop
 endfacet
 facet normal -0 1 0
  outer loop
   vertex 6.3619265556335449 0.95679998397827148 -2.4175469875335693
   vertex 5.4952292442321777 0.95679998397827148 -2.321866512298584
   vertex 6.3704948425292969 0.95679998397827148 -2.3184404373168945
  endloop
 endfacet
 facet normal 0 1 0
  outer loop
   vertex -2.2172489166259766 0.95679998397827148 0.2090778648853302
   vertex -2.1556985378265381 0.95679998397827148 0.8802492618560791
   vertex -2.0480735301971436 0.95679998397827148 0.86585640907287598
  endloop
 endfacet
 facet normal 0 1 0
  outer loop
   vertex 17.392187118530273 0.95679998397827148 -0.70591926574707031
   vertex 17.005313873291016 0.95679998397827148 -1.3114193677902222
   vertex 17.305234909057617 0.95679998397827148 -0.68229180574417114
  endloop
 endfacet
 facet normal 0 1 0
  outer loop
   vertex 17.404258728027344 0.95679998397827148 0.024670844897627831
   vertex 17.201372146606445 0.95679998397827148 -0.65616792440414429
   vertex 17.294122695922852 0.95679998397827148 0.032575976103544235
  endloop
 endfacet
 facet normal 0 1 0
  outer loop
   vertex 17.165536880493164 0.95679998397827148 0.041383687406778336
   vertex 16.939979553222656 0.95679998397827148 -0.59317553043365479
   vertex 17.017021179199219 0.95679998397827148 0.054928667843341827
  endloop
 endfacet
 facet normal 0 1 0
  outer loop
   vertex 15.86640453338623 0.95679998397827148 -1.9988224506378174
   vertex 15.252142906188965 0.95679998397827148 -2.0748054981231689
   vertex 15.753325462341309 0.95679998397827148 -1.9161654710769653
  endloop
 endfacet
 facet normal 0 1 0
  outer loop
   vertex 17.294122695922852 0.95679998397827148 0.032575976103544235
   vertex 17.080062866210938 0.95679998397827148 -0.62619370222091675
   vertex 17.165536880493164 0.95679998397827148 0.041383687406778336
  endloop
 endfacet
 facet normal 0 1 0
  outer loop
   vertex 17.280014038085938 0.95679998397827148 0.74534273147583008
   vertex 17.294122695922852 0.95679998397827148 0.032575976103544235
   vertex 17.164731979370117 0.95679998397827148 0.73521488904953003
  endloop
 endfacet
 facet normal 0 1 0
  outer loop
   vertex -1.2241573333740234 0.95679998397827148 -1.8960272073745728
   vertex -1.5410885810852051 0.95679998397827148 -1.4834948778152466
   vertex -1.1362714767456055 0.95679998397827148 -1.8316161632537842
  endloop
 endfacet
 facet normal 0 1 0
  outer loop
   vertex 16.370815277099609 0.95679998397827148 -1.6857151985168457
   vertex 15.753325462341309 0.95679998397827148 -1.9161654710769653
   vertex 16.246231079101562 0.95679998397827148 -1.6161826848983765
  endloop
 endfacet
 facet normal 0 1 0
  outer loop
   vertex -1.8815706968307495 0.95679998397827148 1.5179675817489624
   vertex -1.2495466470718384 0.95679998397827148 1.9670373201370239
   vertex -1.7873121500015259 0.95679998397827148 1.4927136898040771
  endloop
 endfacet
 facet normal 0 1 0
  outer loop
   vertex -1.3484493494033813 0.95679998397827148 2.0065438747406006
   vertex -0.59253925085067749 0.95679998397827148 2.2549121379852295
   vertex -1.2495466470718384 0.95679998397827148 1.9670373201370239
  endloop
 endfacet
 facet normal 0 1 0
  outer loop
   vertex -0.78125232458114624 0.95679998397827148 -2.1282331943511963
   vertex -1.1362714767456055 0.95679998397827148 -1.8316161632537842
   vertex -0.70011234283447266 0.95679998397827148 -2.0562741756439209
  endloop
 endfacet
 facet normal 0 1 0
  outer loop
   vertex 15.956809043884277 0.95679998397827148 -2.0739707946777344
   vertex 15.350318908691406 0.95679998397827148 -2.1640570163726807
   vertex 15.86640453338623 0.95679998397827148 -1.9988224506378174
  endloop
 endfacet
 facet normal 0 1 0
  outer loop
   vertex 16.634092330932617 0.95679998397827148 -1.8518451452255249
   vertex 16.033298492431641 0.95679998397827148 -2.1383962631225586
   vertex 16.558544158935547 0.95679998397827148 -1.8066182136535645
  endloop
 endfacet
 facet normal 0 1 0
  outer loop
   vertex 16.558544158935547 0.95679998397827148 -1.8066182136535645
   vertex 15.956809043884277 0.95679998397827148 -2.0739707946777344
   vertex 16.472249984741211 0.95679998397827148 -1.7507555484771729
  endloop
 endfacet
 facet normal 0 1 0
  outer loop
   vertex 16.472249984741211 0.95679998397827148 -1.7507555484771729
   vertex 15.86640453338623 0.95679998397827148 -1.9988224506378174
   vertex 16.370815277099609 0.95679998397827148 -1.6857151985168457
  endloop
 endfacet
 facet normal 0 1 0
  outer loop
   vertex 3.9361250400543213 0.95679998397827148 1.9535514116287231
   vertex 4.691795825958252 0.95679998397827148 2.0802853107452393
   vertex 4.7469735145568848 0.95679998397827148 1.9314131736755371
  endloop
 endfacet
 facet normal 0 1 0
  outer loop
   vertex 16.033298492431641 0.95679998397827148 -2.1383962631225586
   vertex 15.429537773132324 0.95679998397827148 -2.2439332008361816
   vertex 15.956809043884277 0.95679998397827148 -2.0739707946777344
  endloop
 endfacet
 facet normal 0 1 0
  outer loop
   vertex -1.9214452505111694 0.95679998397827148 0.848987877368927
   vertex -1.3825184106826782 0.95679998397827148 1.3871864080429077
   vertex -1.7719177007675171 0.95679998397827148 0.83156496286392212
  endloop
 endfacet
 facet normal 0 1 0
  outer loop
   vertex -2.18896484375 0.95679998397827148 -0.44167828559875488
   vertex -2.0959789752960205 0.95679998397827148 0.21042586863040924
   vertex -2.0741846561431885 0.95679998397827148 -0.42167845368385315
  endloop
 endfacet
 facet normal 0 1 0
  outer loop
   vertex -1.2985577583312988 0.95679998397827148 -1.9510266780853271
   vertex -1.6378709077835083 0.95679998397827148 -1.5381456613540649
   vertex -1.2241573333740234 0.95679998397827148 -1.8960272073745728
  endloop
 endfacet
 facet normal -0 1 0
  outer loop
   vertex -1.720145583152771 0.95679998397827148 -1.5850532054901123
   vertex -2.1499993801116943 0.95679998397827148 -1.1054577827453613
   vertex -2.0727033615112305 0.95679998397827148 -1.0757532119750977
  endloop
 endfacet
 facet normal 0 1 0
  outer loop
   vertex -1.3613758087158203 0.95679998397827148 -1.9977961778640747
   vertex -1.720145583152771 0.95679998397827148 -1.5850532054901123
   vertex -1.2985577583312988 0.95679998397827148 -1.9510266780853271
  endloop
 endfacet
 facet normal -0 1 0
  outer loop
   vertex -1.6378709077835083 0.95679998397827148 -1.5381456613540649
   vertex -2.0727033615112305 0.95679998397827148 -1.0757532119750977
   vertex -1.9817105531692505 0.95679998397827148 -1.0410966873168945
  endloop
 endfacet
 facet normal 0 1 0
  outer loop
   vertex 16.100934982299805 0.95679998397827148 -2.1913979053497314
   vertex 15.496635437011719 0.95679998397827148 -2.3126165866851807
   vertex 16.033298492431641 0.95679998397827148 -2.1383962631225586
  endloop
 endfacet
 facet normal -0 1 0
  outer loop
   vertex -1.9817105531692505 0.95679998397827148 -1.0410966873168945
   vertex -2.2870967388153076 0.95679998397827148 -0.45903187990188599
   vertex -2.18896484375 0.95679998397827148 -0.44167828559875488
  endloop
 endfacet
 facet normal 0 1 0
  outer loop
   vertex -1.9541724920272827 0.95679998397827148 0.21409252285957336
   vertex -1.9214452505111694 0.95679998397827148 0.848987877368927
   vertex -1.7719177007675171 0.95679998397827148 0.83156496286392212
  endloop
 endfacet
 facet normal -0 1 0
  outer loop
   vertex -1.8750200271606445 0.95679998397827148 -1.0009194612503052
   vertex -2.18896484375 0.95679998397827148 -0.44167828559875488
   vertex -2.0741846561431885 0.95679998397827148 -0.42167845368385315
  endloop
 endfacet
 facet normal 0 1 0
  outer loop
   vertex -2.2870967388153076 0.95679998397827148 -0.45903187990188599
   vertex -2.2172489166259766 0.95679998397827148 0.2090778648853302
   vertex -2.18896484375 0.95679998397827148 -0.44167828559875488
  endloop
 endfacet
 facet normal 0 1 0
  outer loop
   vertex -2.0741846561431885 0.95679998397827148 -0.42167845368385315
   vertex -1.9541724920272827 0.95679998397827148 0.21409252285957336
   vertex -1.9413533210754395 0.95679998397827148 -0.39695486426353455
  endloop
 endfacet
 facet normal 0 1 0
  outer loop
   vertex -2.2467873096466064 0.95679998397827148 0.89245754480361938
   vertex -1.7873121500015259 0.95679998397827148 1.4927136898040771
   vertex -2.1556985378265381 0.95679998397827148 0.8802492618560791
  endloop
 endfacet
 facet normal 0 1 0
  outer loop
   vertex 9.6434049606323242 0.95679998397827148 2.2016193866729736
   vertex 10.464102745056152 0.95679998397827148 2.0748209953308105
   vertex 9.6196746826171875 0.95679998397827148 2.0639197826385498
  endloop
 endfacet
 facet normal -0 1 0
  outer loop
   vertex 2.3505051136016846 0.95679998397827148 -2.3491079807281494
   vertex 1.8571141958236694 0.95679998397827148 -2.2796206474304199
   vertex 2.3875491619110107 0.95679998397827148 -2.2674384117126465
  endloop
 endfacet
 facet normal 0 1 0
  outer loop
   vertex -2.3706583976745605 0.95679998397827148 -0.47382712364196777
   vertex -2.3207705020904541 0.95679998397827148 0.20773901045322418
   vertex -2.2870967388153076 0.95679998397827148 -0.45903187990188599
  endloop
 endfacet
 facet normal -0 1 0
  outer loop
   vertex 15.350318908691406 0.95679998397827148 -2.1640570163726807
   vertex 14.825772285461426 0.95679998397827148 -2.1279189586639404
   vertex 15.252142906188965 0.95679998397827148 -2.0748054981231689
  endloop
 endfacet
 facet normal -0 1 0
  outer loop
   vertex -2.0727033615112305 0.95679998397827148 -1.0757532119750977
   vertex -2.3706583976745605 0.95679998397827148 -0.47382712364196777
   vertex -2.2870967388153076 0.95679998397827148 -0.45903187990188599
  endloop
 endfacet
 facet normal 0 1 -0
  outer loop
   vertex 13.146768569946289 0.95679998397827148 -2.0952250957489014
   vertex 12.703339576721191 0.95679998397827148 -2.1788957118988037
   vertex 12.651013374328613 0.95679998397827148 -2.0702376365661621
  endloop
 endfacet
 facet normal 0 1 -0
  outer loop
   vertex 13.279542922973633 0.95679998397827148 -2.3565309047698975
   vertex 12.801203727722168 0.95679998397827148 -2.4175469875335693
   vertex 12.772120475769043 0.95679998397827148 -2.3518574237823486
  endloop
 endfacet
 facet normal 0 1 0
  outer loop
   vertex -0.84938240051269531 0.95679998397827148 -2.1893789768218994
   vertex -1.2241573333740234 0.95679998397827148 -1.8960272073745728
   vertex -0.78125232458114624 0.95679998397827148 -2.1282331943511963
  endloop
 endfacet
 facet normal 0 1 0
  outer loop
   vertex -2.3207705020904541 0.95679998397827148 0.20773901045322418
   vertex -2.2467873096466064 0.95679998397827148 0.89245754480361938
   vertex -2.1556985378265381 0.95679998397827148 0.8802492618560791
  endloop
 endfacet
 facet normal 0 1 0
  outer loop
   vertex -0.59253925085067749 0.95679998397827148 2.2549121379852295
   vertex 0.22801375389099121 0.95679998397827148 2.2612743377685547
   vertex -0.46213176846504211 0.95679998397827148 2.1841588020324707
  endloop
 endfacet
 facet normal -0 1 0
  outer loop
   vertex 1.8175398111343384 0.95679998397827148 -2.3545985221862793
   vertex 1.3826532363891602 0.95679998397827148 -2.2884109020233154
   vertex 1.8571141958236694 0.95679998397827148 -2.2796206474304199
  endloop
 endfacet
 facet normal -0 1 0
  outer loop
   vertex 5.480006217956543 0.95679998397827148 -2.4175469875335693
   vertex 4.597592830657959 0.95679998397827148 -2.3273730278015137
   vertex 5.4952292442321777 0.95679998397827148 -2.321866512298584
  endloop
 endfacet
 facet normal -0 1 0
  outer loop
   vertex -1.7506413459777832 0.95679998397827148 -0.95453238487243652
   vertex -2.0741846561431885 0.95679998397827148 -0.42167845368385315
   vertex -1.9413533210754395 0.95679998397827148 -0.39695486426353455
  endloop
 endfacet
 facet normal -0 1 0
  outer loop
   vertex -1.5410885810852051 0.95679998397827148 -1.4834948778152466
   vertex -1.9817105531692505 0.95679998397827148 -1.0410966873168945
   vertex -1.8750200271606445 0.95679998397827148 -1.0009194612503052
  endloop
 endfacet
 facet normal 0 1 0
  outer loop
   vertex -0.24683301150798798 0.95679998397827148 -2.1756980419158936
   vertex -0.60360246896743774 0.95679998397827148 -1.9716912508010864
   vertex -0.15700781345367432 0.95679998397827148 -2.0835459232330322
  endloop
 endfacet
 facet normal -0 1 0
  outer loop
   vertex 1.784621000289917 0.95679998397827148 -2.4175469875335693
   vertex 1.340700626373291 0.95679998397827148 -2.3585314750671387
   vertex 1.8175398111343384 0.95679998397827148 -2.3545985221862793
  endloop
 endfacet
 facet normal -0 1 0
  outer loop
   vertex -1.4275249242782593 0.95679998397827148 -1.4202780723571777
   vertex -1.8750200271606445 0.95679998397827148 -1.0009194612503052
   vertex -1.7506413459777832 0.95679998397827148 -0.95453238487243652
  endloop
 endfacet
 facet normal -0 1 0
  outer loop
   vertex 1.340700626373291 0.95679998397827148 -2.3585314750671387
   vertex 0.94657349586486816 0.95679998397827148 -2.2933545112609863
   vertex 1.3826532363891602 0.95679998397827148 -2.2884109020233154
  endloop
 endfacet
 facet normal 0 1 0
  outer loop
   vertex 0.58690959215164185 0.95679998397827148 -2.2135679721832275
   vertex 0.25321307778358459 0.95679998397827148 -2.1165299415588379
   vertex 0.65650522708892822 0.95679998397827148 -2.1199531555175781
  endloop
 endfacet
 facet normal 0 1 0
  outer loop
   vertex 13.738080978393555 0.95679998397827148 -2.3603217601776123
   vertex 13.244795799255371 0.95679998397827148 -2.2829725742340088
   vertex 13.699825286865234 0.95679998397827148 -2.2914361953735352
  endloop
 endfacet
 facet normal -0 1 0
  outer loop
   vertex 1.3826532363891602 0.95679998397827148 -2.2884109020233154
   vertex 1.0001816749572754 0.95679998397827148 -2.2136685848236084
   vertex 1.4324077367782593 0.95679998397827148 -2.2052061557769775
  endloop
 endfacet
 facet normal -0 1 0
  outer loop
   vertex 1.3058599233627319 0.95679998397827148 -2.4175469875335693
   vertex 0.90146815776824951 0.95679998397827148 -2.3607053756713867
   vertex 1.340700626373291 0.95679998397827148 -2.3585314750671387
  endloop
 endfacet
 facet normal 0 1 0
  outer loop
   vertex 13.653605461120605 0.95679998397827148 -2.2099571228027344
   vertex 13.146768569946289 0.95679998397827148 -2.0952250957489014
   vertex 13.594319343566895 0.95679998397827148 -2.1160290241241455
  endloop
 endfacet
 facet normal -0 1 0
  outer loop
   vertex 1.9038399457931519 0.95679998397827148 -2.1905272006988525
   vertex 1.4881490468978882 0.95679998397827148 -2.1064128875732422
   vertex 1.9559355974197388 0.95679998397827148 -2.0851430892944336
  endloop
 endfacet
 facet normal 0 1 0
  outer loop
   vertex -0.90663993358612061 0.95679998397827148 -2.2411019802093506
   vertex -1.2985577583312988 0.95679998397827148 -1.9510266780853271
   vertex -0.84938240051269531 0.95679998397827148 -2.1893789768218994
  endloop
 endfacet
 facet normal 0 1 0
  outer loop
   vertex 0.43430176377296448 0.95679998397827148 -2.4175469875335693
   vertex 0.048364710062742233 0.95679998397827148 -2.3594739437103271
   vertex 0.47674110531806946 0.95679998397827148 -2.3603739738464355
  endloop
 endfacet
 facet normal -0 1 0
  outer loop
   vertex 1.0001816749572754 0.95679998397827148 -2.2136685848236084
   vertex 0.65650522708892822 0.95679998397827148 -2.1199531555175781
   vertex 1.061712384223938 0.95679998397827148 -2.1190612316131592
  endloop
 endfacet
 facet normal 0 1 0
  outer loop
   vertex 0.90146815776824951 0.95679998397827148 -2.3607053756713867
   vertex 0.52710103988647461 0.95679998397827148 -2.2929258346557617
   vertex 0.94657349586486816 0.95679998397827148 -2.2933545112609863
  endloop
 endfacet
 facet normal 0 1 0
  outer loop
   vertex 3.1640303134918213 0.95679998397827148 1.9802525043487549
   vertex 3.8652768135070801 0.95679998397827148 2.0950326919555664
   vertex 3.9361250400543213 0.95679998397827148 1.9535514116287231
  endloop
 endfacet
 facet normal 0 1 0
  outer loop
   vertex -0.46213176846504211 0.95679998397827148 2.1841588020324707
   vertex 0.36836197972297668 0.95679998397827148 2.1631271839141846
   vertex -0.30806061625480652 0.95679998397827148 2.1000568866729736
  endloop
 endfacet
 facet normal 0 1 0
  outer loop
   vertex 9.6631622314453125 0.95679998397827148 2.3190014362335205
   vertex 10.502040863037109 0.95679998397827148 2.2083492279052734
   vertex 9.6434049606323242 0.95679998397827148 2.2016193866729736
  endloop
 endfacet
 facet normal 0 1 0
  outer loop
   vertex 0.86378216743469238 0.95679998397827148 -2.4175469875335693
   vertex 0.47674110531806946 0.95679998397827148 -2.3603739738464355
   vertex 0.90146815776824951 0.95679998397827148 -2.3607053756713867
  endloop
 endfacet
 facet normal 0 1 0
  outer loop
   vertex 14.123640060424805 0.95679998397827148 -2.297231912612915
   vertex 13.653605461120605 0.95679998397827148 -2.2099571228027344
   vertex 14.073185920715332 0.95679998397827148 -2.2197403907775879
  endloop
 endfacet
 facet normal 0 1 0
  outer loop
   vertex 14.201231956481934 0.95679998397827148 -2.4175469875335693
   vertex 13.738080978393555 0.95679998397827148 -2.3603217601776123
   vertex 14.165687561035156 0.95679998397827148 -2.3628735542297363
  endloop
 endfacet
 facet normal 0 1 -0
  outer loop
   vertex 8.9317903518676758 0.95679998397827148 -2.3237435817718506
   vertex 8.0746030807495117 0.95679998397827148 -2.4175469875335693
   vertex 8.0709638595581055 0.95679998397827148 -2.3201084136962891
  endloop
 endfacet
 facet normal 0 1 0
  outer loop
   vertex 0.94657349586486816 0.95679998397827148 -2.2933545112609863
   vertex 0.58690959215164185 0.95679998397827148 -2.2135679721832275
   vertex 1.0001816749572754 0.95679998397827148 -2.2136685848236084
  endloop
 endfacet
 facet normal 0 1 0
  outer loop
   vertex -0.3867354691028595 0.95679998397827148 -2.3206748962402344
   vertex -0.78125232458114624 0.95679998397827148 -2.1282331943511963
   vertex -0.32281577587127686 0.95679998397827148 -2.2540559768676758
  endloop
 endfacet
 facet normal 0 1 0
  outer loop
   vertex 8.7940120697021484 0.95679998397827148 2.0558359622955322
   vertex 9.5805768966674805 0.95679998397827148 1.9056556224822998
   vertex 8.7707853317260742 0.95679998397827148 1.8932743072509766
  endloop
 endfacet
 facet normal 0 1 0
  outer loop
   vertex 14.073185920715332 0.95679998397827148 -2.2197403907775879
   vertex 13.594319343566895 0.95679998397827148 -2.1160290241241455
   vertex 14.009438514709473 0.95679998397827148 -2.1307928562164307
  endloop
 endfacet
 facet normal 0 1 0
  outer loop
   vertex 14.628809928894043 0.95679998397827148 -2.4175469875335693
   vertex 14.165687561035156 0.95679998397827148 -2.3628735542297363
   vertex 14.588667869567871 0.95679998397827148 -2.3635025024414062
  endloop
 endfacet
 facet normal 0 1 0
  outer loop
   vertex 4.6191997528076172 0.95679998397827148 2.3242721557617188
   vertex 5.4711003303527832 0.95679998397827148 2.4175469875335693
   vertex 5.4958786964416504 0.95679998397827148 2.3209879398345947
  endloop
 endfacet
 facet normal -0 1 0
  outer loop
   vertex 7.2231755256652832 0.95679998397827148 -2.4175469875335693
   vertex 6.3704948425292969 0.95679998397827148 -2.3184404373168945
   vertex 7.2250385284423828 0.95679998397827148 -2.3176441192626953
  endloop
 endfacet
 facet normal 0 1 0
  outer loop
   vertex -0.44054818153381348 0.95679998397827148 -2.3770678043365479
   vertex -0.84938240051269531 0.95679998397827148 -2.1893789768218994
   vertex -0.3867354691028595 0.95679998397827148 -2.3206748962402344
  endloop
 endfacet
 facet normal 0 1 0
  outer loop
   vertex -0.32281577587127686 0.95679998397827148 -2.2540559768676758
   vertex -0.70011234283447266 0.95679998397827148 -2.0562741756439209
   vertex -0.24683301150798798 0.95679998397827148 -2.1756980419158936
  endloop
 endfacet
 facet normal 0 1 -0
  outer loop
   vertex 8.9266738891601562 0.95679998397827148 -2.2121181488037109
   vertex 8.0709638595581055 0.95679998397827148 -2.3201084136962891
   vertex 8.0686483383178711 0.95679998397827148 -2.2044646739959717
  endloop
 endfacet
 facet normal -0 1 0
  outer loop
   vertex 6.3704948425292969 0.95679998397827148 -2.3184404373168945
   vertex 5.5098471641540527 0.95679998397827148 -2.2081890106201172
   vertex 6.3783974647521973 0.95679998397827148 -2.200916051864624
  endloop
 endfacet
 facet normal 0 1 0
  outer loop
   vertex 0 0.95679998397827148 -2.4175469875335693
   vertex -0.3867354691028595 0.95679998397827148 -2.3206748962402344
   vertex 0.048364710062742233 0.95679998397827148 -2.3594739437103271
  endloop
 endfacet
 facet normal 0 1 0
  outer loop
   vertex 9.6196746826171875 0.95679998397827148 2.0639197826385498
   vertex 10.407934188842773 0.95679998397827148 1.9223378896713257
   vertex 9.5805768966674805 0.95679998397827148 1.9056556224822998
  endloop
 endfacet
 facet normal 0 1 0
  outer loop
   vertex 7.9839644432067871 0.95679998397827148 2.0535693168640137
   vertex 8.7707853317260742 0.95679998397827148 1.8932743072509766
   vertex 7.9751400947570801 0.95679998397827148 1.8896634578704834
  endloop
 endfacet
 facet normal 0 1 0
  outer loop
   vertex 6.3690805435180664 0.95679998397827148 2.0616219043731689
   vertex 7.175330638885498 0.95679998397827148 2.1966383457183838
   vertex 7.1783380508422852 0.95679998397827148 2.0557625293731689
  endloop
 endfacet
 facet normal 0 1 0
  outer loop
   vertex 8.8053302764892578 0.95679998397827148 2.1966261863708496
   vertex 9.6196746826171875 0.95679998397827148 2.0639197826385498
   vertex 8.7940120697021484 0.95679998397827148 2.0558359622955322
  endloop
 endfacet
 facet normal 0 1 0
  outer loop
   vertex 5.4958786964416504 0.95679998397827148 2.3209879398345947
   vertex 6.3295540809631348 0.95679998397827148 2.4175469875335693
   vertex 6.3448257446289062 0.95679998397827148 2.3185672760009766
  endloop
 endfacet
 facet normal 0 1 0
  outer loop
   vertex 9.685093879699707 0.95679998397827148 2.4175469875335693
   vertex 10.533863067626953 0.95679998397827148 2.3223106861114502
   vertex 9.6631622314453125 0.95679998397827148 2.3190014362335205
  endloop
 endfacet
 facet normal 0 1 0
  outer loop
   vertex 8.8146247863769531 0.95679998397827148 2.3165469169616699
   vertex 9.6434049606323242 0.95679998397827148 2.2016193866729736
   vertex 8.8053302764892578 0.95679998397827148 2.1966261863708496
  endloop
 endfacet
 facet normal 0 1 -0
  outer loop
   vertex 8.9064626693725586 0.95679998397827148 -1.9252805709838867
   vertex 8.0657968521118164 0.95679998397827148 -2.067873477935791
   vertex 8.0622224807739258 0.95679998397827148 -1.9079453945159912
  endloop
 endfacet
 facet normal 0 1 0
  outer loop
   vertex 5.5418663024902344 0.95679998397827148 2.0693573951721191
   vertex 6.3565540313720703 0.95679998397827148 2.2002542018890381
   vertex 6.3690805435180664 0.95679998397827148 2.0616219043731689
  endloop
 endfacet
 facet normal 0 1 0
  outer loop
   vertex 6.3919143676757812 0.95679998397827148 1.902355432510376
   vertex 7.1783380508422852 0.95679998397827148 2.0557625293731689
   vertex 7.1849775314331055 0.95679998397827148 1.893094539642334
  endloop
 endfacet
 facet normal -0 1 0
  outer loop
   vertex 6.386836051940918 0.95679998397827148 -2.0623717308044434
   vertex 5.5526566505432129 0.95679998397827148 -1.9188600778579712
   vertex 6.4041776657104492 0.95679998397827148 -1.9013800621032715
  endloop
 endfacet
 facet normal 0 1 -0
  outer loop
   vertex 8.9204339981079102 0.95679998397827148 -2.0801055431365967
   vertex 8.0686483383178711 0.95679998397827148 -2.2044646739959717
   vertex 8.0657968521118164 0.95679998397827148 -2.067873477935791
  endloop
 endfacet
 facet normal 0 1 0
  outer loop
   vertex 5.5807867050170898 0.95679998397827148 1.9145265817642212
   vertex 6.3690805435180664 0.95679998397827148 2.0616219043731689
   vertex 6.3919143676757812 0.95679998397827148 1.902355432510376
  endloop
 endfacet
 facet normal 0 1 0
  outer loop
   vertex 4.7469735145568848 0.95679998397827148 1.9314131736755371
   vertex 5.5418663024902344 0.95679998397827148 2.0693573951721191
   vertex 5.5807867050170898 0.95679998397827148 1.9145265817642212
  endloop
 endfacet
 facet normal 0 1 0
  outer loop
   vertex 8.8267841339111328 0.95679998397827148 2.4175469875335693
   vertex 9.6631622314453125 0.95679998397827148 2.3190014362335205
   vertex 8.8146247863769531 0.95679998397827148 2.3165469169616699
  endloop
 endfacet
 facet normal 0 1 0
  outer loop
   vertex 3.8652768135070801 0.95679998397827148 2.0950326919555664
   vertex 4.6530680656433105 0.95679998397827148 2.2116498947143555
   vertex 4.691795825958252 0.95679998397827148 2.0802853107452393
  endloop
 endfacet
 facet normal 0 1 0
  outer loop
   vertex 7.1657981872558594 0.95679998397827148 2.4175469875335693
   vertex 7.9867315292358398 0.95679998397827148 2.3158988952636719
   vertex 7.1716079711914062 0.95679998397827148 2.3166646957397461
  endloop
 endfacet
 facet normal -0 1 0
  outer loop
   vertex 7.2250385284423828 0.95679998397827148 -2.3176441192626953
   vertex 6.3783974647521973 0.95679998397827148 -2.200916051864624
   vertex 7.2270255088806152 0.95679998397827148 -2.1992402076721191
  endloop
 endfacet
 facet normal 0 1 0
  outer loop
   vertex 14.966094970703125 0.95679998397827148 2.3456530570983887
   vertex 15.807496070861816 0.95679998397827148 2.3054900169372559
   vertex 15.687155723571777 0.95679998397827148 2.249638557434082
  endloop
 endfacet
 facet normal 0 1 0
  outer loop
   vertex 8.0746030807495117 0.95679998397827148 -2.4175469875335693
   vertex 7.2250385284423828 0.95679998397827148 -2.3176441192626953
   vertex 8.0709638595581055 0.95679998397827148 -2.3201084136962891
  endloop
 endfacet
 facet normal -0 1 0
  outer loop
   vertex 6.3783974647521973 0.95679998397827148 -2.200916051864624
   vertex 5.525761604309082 0.95679998397827148 -2.0741240978240967
   vertex 6.386836051940918 0.95679998397827148 -2.0623717308044434
  endloop
 endfacet
 facet normal 0 1 0
  outer loop
   vertex 10.502040863037109 0.95679998397827148 2.2083492279052734
   vertex 11.277104377746582 0.95679998397827148 2.0891835689544678
   vertex 10.464102745056152 0.95679998397827148 2.0748209953308105
  endloop
 endfacet
 facet normal 0 1 0
  outer loop
   vertex 4.6530680656433105 0.95679998397827148 2.2116498947143555
   vertex 5.4958786964416504 0.95679998397827148 2.3209879398345947
   vertex 5.5175943374633789 0.95679998397827148 2.2049894332885742
  endloop
 endfacet
 facet normal 0 1 0
  outer loop
   vertex 7.9899883270263672 0.95679998397827148 2.4175469875335693
   vertex 8.8146247863769531 0.95679998397827148 2.3165469169616699
   vertex 7.9867315292358398 0.95679998397827148 2.3158988952636719
  endloop
 endfacet
 facet normal 0 1 0
  outer loop
   vertex 3.8112375736236572 0.95679998397827148 2.2206432819366455
   vertex 4.6191997528076172 0.95679998397827148 2.3242721557617188
   vertex 4.6530680656433105 0.95679998397827148 2.2116498947143555
  endloop
 endfacet
 facet normal 0 1 -0
  outer loop
   vertex 9.8107109069824219 0.95679998397827148 -2.3291370868682861
   vertex 8.9412546157836914 0.95679998397827148 -2.4175469875335693
   vertex 8.9317903518676758 0.95679998397827148 -2.3237435817718506
  endloop
 endfacet
 facet normal -0 1 0
  outer loop
   vertex 7.2290711402893066 0.95679998397827148 -2.0595657825469971
   vertex 6.4041776657104492 0.95679998397827148 -1.9013800621032715
   vertex 7.2362279891967773 0.95679998397827148 -1.8966008424758911
  endloop
 endfacet
 facet normal 0 1 0
  outer loop
   vertex 7.1783380508422852 0.95679998397827148 2.0557625293731689
   vertex 7.9751400947570801 0.95679998397827148 1.8896634578704834
   vertex 7.1849775314331055 0.95679998397827148 1.893094539642334
  endloop
 endfacet
 facet normal 0 1 0
  outer loop
   vertex 7.1716079711914062 0.95679998397827148 2.3166646957397461
   vertex 7.9855432510375977 0.95679998397827148 2.1952588558197021
   vertex 7.175330638885498 0.95679998397827148 2.1966383457183838
  endloop
 endfacet
 facet normal 0 1 0
  outer loop
   vertex 4.691795825958252 0.95679998397827148 2.0802853107452393
   vertex 5.5175943374633789 0.95679998397827148 2.2049894332885742
   vertex 5.5418663024902344 0.95679998397827148 2.0693573951721191
  endloop
 endfacet
 facet normal 0 1 0
  outer loop
   vertex 7.175330638885498 0.95679998397827148 2.1966383457183838
   vertex 7.9839644432067871 0.95679998397827148 2.0535693168640137
   vertex 7.1783380508422852 0.95679998397827148 2.0557625293731689
  endloop
 endfacet
 facet normal 0 1 -0
  outer loop
   vertex 9.7889413833618164 0.95679998397827148 -2.0986793041229248
   vertex 8.9266738891601562 0.95679998397827148 -2.2121181488037109
   vertex 8.9204339981079102 0.95679998397827148 -2.0801055431365967
  endloop
 endfacet
 facet normal 0 1 0
  outer loop
   vertex 14.840282440185547 0.95679998397827148 2.256929874420166
   vertex 15.687155723571777 0.95679998397827148 2.249638557434082
   vertex 15.551128387451172 0.95679998397827148 2.1768105030059814
  endloop
 endfacet
 facet normal 0 1 0
  outer loop
   vertex 6.3565540313720703 0.95679998397827148 2.2002542018890381
   vertex 7.1716079711914062 0.95679998397827148 2.3166646957397461
   vertex 7.175330638885498 0.95679998397827148 2.1966383457183838
  endloop
 endfacet
 facet normal 0 1 0
  outer loop
   vertex 8.0709638595581055 0.95679998397827148 -2.3201084136962891
   vertex 7.2270255088806152 0.95679998397827148 -2.1992402076721191
   vertex 8.0686483383178711 0.95679998397827148 -2.2044646739959717
  endloop
 endfacet
 facet normal 0 1 0
  outer loop
   vertex 14.522351264953613 0.95679998397827148 2.0410699844360352
   vertex 15.390865325927734 0.95679998397827148 2.0901010036468506
   vertex 15.193614959716797 0.95679998397827148 1.9940327405929565
  endloop
 endfacet
 facet normal 0 1 -0
  outer loop
   vertex 9.800938606262207 0.95679998397827148 -2.2235970497131348
   vertex 8.9317903518676758 0.95679998397827148 -2.3237435817718506
   vertex 8.9266738891601562 0.95679998397827148 -2.2121181488037109
  endloop
 endfacet
 facet normal 0 1 0
  outer loop
   vertex 7.9867315292358398 0.95679998397827148 2.3158988952636719
   vertex 8.8053302764892578 0.95679998397827148 2.1966261863708496
   vertex 7.9855432510375977 0.95679998397827148 2.1952588558197021
  endloop
 endfacet
 facet normal 0 1 0
  outer loop
   vertex 10.533863067626953 0.95679998397827148 2.3223106861114502
   vertex 11.329999923706055 0.95679998397827148 2.2172696590423584
   vertex 10.502040863037109 0.95679998397827148 2.2083492279052734
  endloop
 endfacet
 facet normal 0 1 -0
  outer loop
   vertex 9.7649908065795898 0.95679998397827148 -1.952173113822937
   vertex 8.9204339981079102 0.95679998397827148 -2.0801055431365967
   vertex 8.9064626693725586 0.95679998397827148 -1.9252805709838867
  endloop
 endfacet
 facet normal 0 1 0
  outer loop
   vertex -0.70215725898742676 0.95679998397827148 2.3133327960968018
   vertex 0.10599680244922638 0.95679998397827148 2.3460099697113037
   vertex -0.59253925085067749 0.95679998397827148 2.2549121379852295
  endloop
 endfacet
 facet normal -0 1 0
  outer loop
   vertex 7.2270255088806152 0.95679998397827148 -2.1992402076721191
   vertex 6.386836051940918 0.95679998397827148 -2.0623717308044434
   vertex 7.2290711402893066 0.95679998397827148 -2.0595657825469971
  endloop
 endfacet
 facet normal 0 1 0
  outer loop
   vertex 6.3448257446289062 0.95679998397827148 2.3185672760009766
   vertex 7.1657981872558594 0.95679998397827148 2.4175469875335693
   vertex 7.1716079711914062 0.95679998397827148 2.3166646957397461
  endloop
 endfacet
 facet normal 0 1 0
  outer loop
   vertex 7.9855432510375977 0.95679998397827148 2.1952588558197021
   vertex 8.7940120697021484 0.95679998397827148 2.0558359622955322
   vertex 7.9839644432067871 0.95679998397827148 2.0535693168640137
  endloop
 endfacet
 facet normal 0 1 0
  outer loop
   vertex -0.30806061625480652 0.95679998397827148 2.1000568866729736
   vertex 0.53123116493225098 0.95679998397827148 2.0523772239685059
   vertex -0.12525433301925659 0.95679998397827148 2.0026166439056396
  endloop
 endfacet
 facet normal 0 1 0
  outer loop
   vertex 3.7643153667449951 0.95679998397827148 2.3285276889801025
   vertex 4.584784984588623 0.95679998397827148 2.4175469875335693
   vertex 4.6191997528076172 0.95679998397827148 2.3242721557617188
  endloop
 endfacet
 facet normal 0 1 0
  outer loop
   vertex 5.5175943374633789 0.95679998397827148 2.2049894332885742
   vertex 6.3448257446289062 0.95679998397827148 2.3185672760009766
   vertex 6.3565540313720703 0.95679998397827148 2.2002542018890381
  endloop
 endfacet
 facet normal -0 1 0
  outer loop
   vertex 5.4952292442321777 0.95679998397827148 -2.321866512298584
   vertex 4.6193122863769531 0.95679998397827148 -2.2199809551239014
   vertex 5.5098471641540527 0.95679998397827148 -2.2081890106201172
  endloop
 endfacet
 facet normal 0 1 0
  outer loop
   vertex 8.0657968521118164 0.95679998397827148 -2.067873477935791
   vertex 7.2362279891967773 0.95679998397827148 -1.8966008424758911
   vertex 8.0622224807739258 0.95679998397827148 -1.9079453945159912
  endloop
 endfacet
 facet normal -0 1 0
  outer loop
   vertex 5.5098471641540527 0.95679998397827148 -2.2081890106201172
   vertex 4.6433353424072266 0.95679998397827148 -2.0931453704833984
   vertex 5.525761604309082 0.95679998397827148 -2.0741240978240967
  endloop
 endfacet
 facet normal 0 1 0
  outer loop
   vertex 14.695713043212891 0.95679998397827148 2.1540045738220215
   vertex 15.551128387451172 0.95679998397827148 2.1768105030059814
   vertex 15.390865325927734 0.95679998397827148 2.0901010036468506
  endloop
 endfacet
 facet normal -0 1 0
  outer loop
   vertex 5.525761604309082 0.95679998397827148 -2.0741240978240967
   vertex 4.6788558959960938 0.95679998397827148 -1.9463040828704834
   vertex 5.5526566505432129 0.95679998397827148 -1.9188600778579712
  endloop
 endfacet
 facet normal 0 1 0
  outer loop
   vertex 10.464102745056152 0.95679998397827148 2.0748209953308105
   vertex 11.204281806945801 0.95679998397827148 1.9438488483428955
   vertex 10.407934188842773 0.95679998397827148 1.9223378896713257
  endloop
 endfacet
 facet normal 0 1 0
  outer loop
   vertex 8.0686483383178711 0.95679998397827148 -2.2044646739959717
   vertex 7.2290711402893066 0.95679998397827148 -2.0595657825469971
   vertex 8.0657968521118164 0.95679998397827148 -2.067873477935791
  endloop
 endfacet
 facet normal 0 1 0
  outer loop
   vertex 10.566434860229492 0.95679998397827148 2.4175469875335693
   vertex 11.374592781066895 0.95679998397827148 2.3266861438751221
   vertex 10.533863067626953 0.95679998397827148 2.3223106861114502
  endloop
 endfacet
 facet normal 0 1 -0
  outer loop
   vertex 12.703339576721191 0.95679998397827148 -2.1788957118988037
   vertex 12.146378517150879 0.95679998397827148 -2.2609212398529053
   vertex 12.114072799682617 0.95679998397827148 -2.1596472263336182
  endloop
 endfacet
 facet normal 0 1 0
  outer loop
   vertex 3.0084149837493896 0.95679998397827148 2.2318346500396729
   vertex 3.7643153667449951 0.95679998397827148 2.3285276889801025
   vertex 3.8112375736236572 0.95679998397827148 2.2206432819366455
  endloop
 endfacet
 facet normal 0 1 0
  outer loop
   vertex 3.077338695526123 0.95679998397827148 2.1133384704589844
   vertex 3.8112375736236572 0.95679998397827148 2.2206432819366455
   vertex 3.8652768135070801 0.95679998397827148 2.0950326919555664
  endloop
 endfacet
 facet normal -0 1 0
  outer loop
   vertex 2.992487907409668 0.95679998397827148 -2.3421404361724854
   vertex 2.3875491619110107 0.95679998397827148 -2.2674384117126465
   vertex 3.0259678363800049 0.95679998397827148 -2.2520828247070312
  endloop
 endfacet
 facet normal -0 1 0
  outer loop
   vertex 3.0259678363800049 0.95679998397827148 -2.2520828247070312
   vertex 2.4309346675872803 0.95679998397827148 -2.1704175472259521
   vertex 3.0646884441375732 0.95679998397827148 -2.145249605178833
  endloop
 endfacet
 facet normal 0 1 -0
  outer loop
   vertex 12.651013374328613 0.95679998397827148 -2.0702376365661621
   vertex 12.114072799682617 0.95679998397827148 -2.1596472263336182
   vertex 12.066623687744141 0.95679998397827148 -2.0419881343841553
  endloop
 endfacet
 facet normal 0 1 0
  outer loop
   vertex 2.9487850666046143 0.95679998397827148 2.3336493968963623
   vertex 3.7202808856964111 0.95679998397827148 2.4175469875335693
   vertex 3.7643153667449951 0.95679998397827148 2.3285276889801025
  endloop
 endfacet
 facet normal 0 1 -0
  outer loop
   vertex 13.202700614929199 0.95679998397827148 -2.1959052085876465
   vertex 12.741047859191895 0.95679998397827148 -2.2726492881774902
   vertex 12.703339576721191 0.95679998397827148 -2.1788957118988037
  endloop
 endfacet
 facet normal 0 1 -0
  outer loop
   vertex 13.244795799255371 0.95679998397827148 -2.2829725742340088
   vertex 12.772120475769043 0.95679998397827148 -2.3518574237823486
   vertex 12.741047859191895 0.95679998397827148 -2.2726492881774902
  endloop
 endfacet
 facet normal 0 1 0
  outer loop
   vertex 11.277104377746582 0.95679998397827148 2.0891835689544678
   vertex 11.958103179931641 0.95679998397827148 1.9662659168243408
   vertex 11.204281806945801 0.95679998397827148 1.9438488483428955
  endloop
 endfacet
 facet normal 0 1 0
  outer loop
   vertex 11.417813301086426 0.95679998397827148 2.4175469875335693
   vertex 12.173343658447266 0.95679998397827148 2.3312480449676514
   vertex 11.374592781066895 0.95679998397827148 2.3266861438751221
  endloop
 endfacet
 facet normal 0 1 0
  outer loop
   vertex 11.374592781066895 0.95679998397827148 2.3266861438751221
   vertex 12.115296363830566 0.95679998397827148 2.2265794277191162
   vertex 11.329999923706055 0.95679998397827148 2.2172696590423584
  endloop
 endfacet
 facet normal 0 1 0
  outer loop
   vertex 2.3308329582214355 0.95679998397827148 2.1331093311309814
   vertex 3.0084149837493896 0.95679998397827148 2.2318346500396729
   vertex 3.077338695526123 0.95679998397827148 2.1133384704589844
  endloop
 endfacet
 facet normal -0 1 0
  outer loop
   vertex 2.3193027973175049 0.95679998397827148 -2.4175469875335693
   vertex 1.8175398111343384 0.95679998397827148 -2.3545985221862793
   vertex 2.3505051136016846 0.95679998397827148 -2.3491079807281494
  endloop
 endfacet
 facet normal -0 1 0
  outer loop
   vertex 2.3875491619110107 0.95679998397827148 -2.2674384117126465
   vertex 1.9038399457931519 0.95679998397827148 -2.1905272006988525
   vertex 2.4309346675872803 0.95679998397827148 -2.1704175472259521
  endloop
 endfacet
 facet normal 0 1 0
  outer loop
   vertex 2.175837516784668 0.95679998397827148 2.3390443325042725
   vertex 2.8951327800750732 0.95679998397827148 2.4175469875335693
   vertex 2.9487850666046143 0.95679998397827148 2.3336493968963623
  endloop
 endfacet
 facet normal 0 1 0
  outer loop
   vertex 2.2476835250854492 0.95679998397827148 2.2439060211181641
   vertex 2.9487850666046143 0.95679998397827148 2.3336493968963623
   vertex 3.0084149837493896 0.95679998397827148 2.2318346500396729
  endloop
 endfacet
 facet normal -0 1 0
  outer loop
   vertex 2.4309346675872803 0.95679998397827148 -2.1704175472259521
   vertex 1.9559355974197388 0.95679998397827148 -2.0851430892944336
   vertex 2.4804978370666504 0.95679998397827148 -2.0563666820526123
  endloop
 endfacet
 facet normal 0 1 0
  outer loop
   vertex 12.173343658447266 0.95679998397827148 2.3312480449676514
   vertex 12.857989311218262 0.95679998397827148 2.2365951538085938
   vertex 12.115296363830566 0.95679998397827148 2.2265794277191162
  endloop
 endfacet
 facet normal 0 1 0
  outer loop
   vertex 11.329999923706055 0.95679998397827148 2.2172696590423584
   vertex 12.047015190124512 0.95679998397827148 2.1041812896728516
   vertex 11.277104377746582 0.95679998397827148 2.0891835689544678
  endloop
 endfacet
 facet normal 0 1 0
  outer loop
   vertex 2.4324238300323486 0.95679998397827148 2.0086295604705811
   vertex 3.077338695526123 0.95679998397827148 2.1133384704589844
   vertex 3.1640303134918213 0.95679998397827148 1.9802525043487549
  endloop
 endfacet
 facet normal 0 1 0
  outer loop
   vertex 13.699825286865234 0.95679998397827148 -2.2914361953735352
   vertex 13.202700614929199 0.95679998397827148 -2.1959052085876465
   vertex 13.653605461120605 0.95679998397827148 -2.2099571228027344
  endloop
 endfacet
 facet normal -0 1 0
  outer loop
   vertex 4.6193122863769531 0.95679998397827148 -2.2199809551239014
   vertex 3.8111510276794434 0.95679998397827148 -2.1180100440979004
   vertex 4.6433353424072266 0.95679998397827148 -2.0931453704833984
  endloop
 endfacet
 facet normal -0 1 0
  outer loop
   vertex 1.8571141958236694 0.95679998397827148 -2.2796206474304199
   vertex 1.4324077367782593 0.95679998397827148 -2.2052061557769775
   vertex 1.9038399457931519 0.95679998397827148 -2.1905272006988525
  endloop
 endfacet
 facet normal 0 1 0
  outer loop
   vertex 12.115296363830566 0.95679998397827148 2.2265794277191162
   vertex 12.773566246032715 0.95679998397827148 2.1202507019042969
   vertex 12.047015190124512 0.95679998397827148 2.1041812896728516
  endloop
 endfacet
 facet normal -0 1 0
  outer loop
   vertex 4.597592830657959 0.95679998397827148 -2.3273730278015137
   vertex 3.779080867767334 0.95679998397827148 -2.2353498935699463
   vertex 4.6193122863769531 0.95679998397827148 -2.2199809551239014
  endloop
 endfacet
 facet normal 0 1 0
  outer loop
   vertex 12.227286338806152 0.95679998397827148 2.4175469875335693
   vertex 12.929905891418457 0.95679998397827148 2.3361630439758301
   vertex 12.173343658447266 0.95679998397827148 2.3312480449676514
  endloop
 endfacet
 facet normal 0 1 0
  outer loop
   vertex 12.047015190124512 0.95679998397827148 2.1041812896728516
   vertex 12.668951988220215 0.95679998397827148 1.9900884628295898
   vertex 11.958103179931641 0.95679998397827148 1.9662659168243408
  endloop
 endfacet
 facet normal 0 1 -0
  outer loop
   vertex 10.620794296264648 0.95679998397827148 -1.9840856790542603
   vertex 9.7889413833618164 0.95679998397827148 -2.0986793041229248
   vertex 9.7649908065795898 0.95679998397827148 -1.952173113822937
  endloop
 endfacet
 facet normal 0 1 -0
  outer loop
   vertex 10.653725624084473 0.95679998397827148 -2.1204218864440918
   vertex 9.800938606262207 0.95679998397827148 -2.2235970497131348
   vertex 9.7889413833618164 0.95679998397827148 -2.0986793041229248
  endloop
 endfacet
 facet normal 0 1 0
  outer loop
   vertex 1.5357744693756104 0.95679998397827148 2.2542400360107422
   vertex 2.3308329582214355 0.95679998397827148 2.1331093311309814
   vertex 1.6337120532989502 0.95679998397827148 2.1502149105072021
  endloop
 endfacet
 facet normal -0 1 0
  outer loop
   vertex 4.6433353424072266 0.95679998397827148 -2.0931453704833984
   vertex 3.8533093929290771 0.95679998397827148 -1.9817894697189331
   vertex 4.6788558959960938 0.95679998397827148 -1.9463040828704834
  endloop
 endfacet
 facet normal 0 1 0
  outer loop
   vertex 1.6337120532989502 0.95679998397827148 2.1502149105072021
   vertex 2.4324238300323486 0.95679998397827148 2.0086295604705811
   vertex 1.7508349418640137 0.95679998397827148 2.0330960750579834
  endloop
 endfacet
 facet normal 0 1 -0
  outer loop
   vertex 10.688192367553711 0.95679998397827148 -2.3353872299194336
   vertex 9.8257465362548828 0.95679998397827148 -2.4175469875335693
   vertex 9.8107109069824219 0.95679998397827148 -2.3291370868682861
  endloop
 endfacet
 facet normal 0 1 -0
  outer loop
   vertex 10.672698974609375 0.95679998397827148 -2.2369527816772461
   vertex 9.8107109069824219 0.95679998397827148 -2.3291370868682861
   vertex 9.800938606262207 0.95679998397827148 -2.2235970497131348
  endloop
 endfacet
 facet normal -0 1 0
  outer loop
   vertex 4.5763754844665527 0.95679998397827148 -2.4175469875335693
   vertex 3.7507665157318115 0.95679998397827148 -2.3344826698303223
   vertex 4.597592830657959 0.95679998397827148 -2.3273730278015137
  endloop
 endfacet
 facet normal 0 1 0
  outer loop
   vertex 1.451338529586792 0.95679998397827148 2.3435354232788086
   vertex 2.2476835250854492 0.95679998397827148 2.2439060211181641
   vertex 1.5357744693756104 0.95679998397827148 2.2542400360107422
  endloop
 endfacet
 facet normal 0 1 0
  outer loop
   vertex 1.3780772686004639 0.95679998397827148 2.4175469875335693
   vertex 2.175837516784668 0.95679998397827148 2.3390443325042725
   vertex 1.451338529586792 0.95679998397827148 2.3435354232788086
  endloop
 endfacet
 facet normal 0 1 0
  outer loop
   vertex 0.36836197972297668 0.95679998397827148 2.1631271839141846
   vertex 1.1270108222961426 0.95679998397827148 2.0479304790496826
   vertex 0.53123116493225098 0.95679998397827148 2.0523772239685059
  endloop
 endfacet
 facet normal 0 1 0
  outer loop
   vertex 0.10599680244922638 0.95679998397827148 2.3460099697113037
   vertex 0.87542575597763062 0.95679998397827148 2.2601068019866943
   vertex 0.22801375389099121 0.95679998397827148 2.2612743377685547
  endloop
 endfacet
 facet normal 0 1 0
  outer loop
   vertex 12.929905891418457 0.95679998397827148 2.3361630439758301
   vertex 13.553142547607422 0.95679998397827148 2.2464728355407715
   vertex 12.857989311218262 0.95679998397827148 2.2365951538085938
  endloop
 endfacet
 facet normal 0 1 0
  outer loop
   vertex 0.22801375389099121 0.95679998397827148 2.2612743377685547
   vertex 0.99093538522720337 0.95679998397827148 2.1603848934173584
   vertex 0.36836197972297668 0.95679998397827148 2.1631271839141846
  endloop
 endfacet
 facet normal 0 1 0
  outer loop
   vertex 0.99093538522720337 0.95679998397827148 2.1603848934173584
   vertex 1.7508349418640137 0.95679998397827148 2.0330960750579834
   vertex 1.1270108222961426 0.95679998397827148 2.0479304790496826
  endloop
 endfacet
 facet normal 0 1 0
  outer loop
   vertex -1.6881641077453116e-14 0.95679998397827148 2.4175469875335693
   vertex 0.775684654712677 0.95679998397827148 2.3458750247955322
   vertex 0.10599680244922638 0.95679998397827148 2.3460099697113037
  endloop
 endfacet
 facet normal 0 1 0
  outer loop
   vertex 0.87542575597763062 0.95679998397827148 2.2601068019866943
   vertex 1.6337120532989502 0.95679998397827148 2.1502149105072021
   vertex 0.99093538522720337 0.95679998397827148 2.1603848934173584
  endloop
 endfacet
 facet normal 0 1 0
  outer loop
   vertex 0.775684654712677 0.95679998397827148 2.3458750247955322
   vertex 1.5357744693756104 0.95679998397827148 2.2542400360107422
   vertex 0.87542575597763062 0.95679998397827148 2.2601068019866943
  endloop
 endfacet
 facet normal 0 1 0
  outer loop
   vertex 0.68937492370605469 0.95679998397827148 2.4175469875335693
   vertex 1.451338529586792 0.95679998397827148 2.3435354232788086
   vertex 0.775684654712677 0.95679998397827148 2.3458750247955322
  endloop
 endfacet
 facet normal 0 1 0
  outer loop
   vertex 12.857989311218262 0.95679998397827148 2.2365951538085938
   vertex 13.452263832092285 0.95679998397827148 2.1361792087554932
   vertex 12.773566246032715 0.95679998397827148 2.1202507019042969
  endloop
 endfacet
 facet normal 0 1 0
  outer loop
   vertex 12.773566246032715 0.95679998397827148 2.1202507019042969
   vertex 13.330485343933105 0.95679998397827148 2.0136570930480957
   vertex 12.668951988220215 0.95679998397827148 1.9900884628295898
  endloop
 endfacet
 facet normal -0 1 0
  outer loop
   vertex 3.7507665157318115 0.95679998397827148 -2.3344826698303223
   vertex 3.0259678363800049 0.95679998397827148 -2.2520828247070312
   vertex 3.779080867767334 0.95679998397827148 -2.2353498935699463
  endloop
 endfacet
 facet normal -0 1 0
  outer loop
   vertex 3.779080867767334 0.95679998397827148 -2.2353498935699463
   vertex 3.0646884441375732 0.95679998397827148 -2.145249605178833
   vertex 3.8111510276794434 0.95679998397827148 -2.1180100440979004
  endloop
 endfacet
 facet normal 0 1 0
  outer loop
   vertex 12.994294166564941 0.95679998397827148 2.4175469875335693
   vertex 13.639503479003906 0.95679998397827148 2.3409523963928223
   vertex 12.929905891418457 0.95679998397827148 2.3361630439758301
  endloop
 endfacet
 facet normal -0 1 0
  outer loop
   vertex 3.7248580455780029 0.95679998397827148 -2.4175469875335693
   vertex 2.992487907409668 0.95679998397827148 -2.3421404361724854
   vertex 3.7507665157318115 0.95679998397827148 -2.3344826698303223
  endloop
 endfacet
 facet normal 0 1 -0
  outer loop
   vertex 11.47877025604248 0.95679998397827148 -2.3408820629119873
   vertex 10.70826530456543 0.95679998397827148 -2.4175469875335693
   vertex 10.688192367553711 0.95679998397827148 -2.3353872299194336
  endloop
 endfacet
 facet normal 0 1 -0
  outer loop
   vertex 11.390381813049316 0.95679998397827148 -2.0126957893371582
   vertex 10.653725624084473 0.95679998397827148 -2.1204218864440918
   vertex 10.620794296264648 0.95679998397827148 -1.9840856790542603
  endloop
 endfacet
 facet normal 0 1 -0
  outer loop
   vertex 11.457432746887207 0.95679998397827148 -2.248762845993042
   vertex 10.688192367553711 0.95679998397827148 -2.3353872299194336
   vertex 10.672698974609375 0.95679998397827148 -2.2369527816772461
  endloop
 endfacet
 facet normal -0 1 0
  outer loop
   vertex 3.8111510276794434 0.95679998397827148 -2.1180100440979004
   vertex 3.111325740814209 0.95679998397827148 -2.0205352306365967
   vertex 3.8533093929290771 0.95679998397827148 -1.9817894697189331
  endloop
 endfacet
 facet normal 0 1 -0
  outer loop
   vertex 11.431404113769531 0.95679998397827148 -2.139742374420166
   vertex 10.672698974609375 0.95679998397827148 -2.2369527816772461
   vertex 10.653725624084473 0.95679998397827148 -2.1204218864440918
  endloop
 endfacet
 facet normal 0 1 0
  outer loop
   vertex 14.394996643066406 0.95679998397827148 2.4175469875335693
   vertex 14.966094970703125 0.95679998397827148 2.3456530570983887
   vertex 14.303593635559082 0.95679998397827148 2.3442442417144775
  endloop
 endfacet
 facet normal 0 1 0
  outer loop
   vertex 13.715713500976562 0.95679998397827148 2.4175469875335693
   vertex 14.303593635559082 0.95679998397827148 2.3442442417144775
   vertex 13.639503479003906 0.95679998397827148 2.3409523963928223
  endloop
 endfacet
 facet normal 0 1 0
  outer loop
   vertex 13.639503479003906 0.95679998397827148 2.3409523963928223
   vertex 14.200640678405762 0.95679998397827148 2.253563404083252
   vertex 13.553142547607422 0.95679998397827148 2.2464728355407715
  endloop
 endfacet
 facet normal 0 1 0
  outer loop
   vertex 14.303593635559082 0.95679998397827148 2.3442442417144775
   vertex 14.840282440185547 0.95679998397827148 2.256929874420166
   vertex 14.200640678405762 0.95679998397827148 2.253563404083252
  endloop
 endfacet
 facet normal 0 1 0
  outer loop
   vertex 14.081123352050781 0.95679998397827148 2.1479597091674805
   vertex 14.522351264953613 0.95679998397827148 2.0410699844360352
   vertex 13.938027381896973 0.95679998397827148 2.031404972076416
  endloop
 endfacet
 facet normal 0 1 0
  outer loop
   vertex 13.452263832092285 0.95679998397827148 2.1361792087554932
   vertex 13.938027381896973 0.95679998397827148 2.031404972076416
   vertex 13.330485343933105 0.95679998397827148 2.0136570930480957
  endloop
 endfacet
 facet normal 0 1 -0
  outer loop
   vertex 12.066623687744141 0.95679998397827148 -2.0419881343841553
   vertex 11.431404113769531 0.95679998397827148 -2.139742374420166
   vertex 11.390381813049316 0.95679998397827148 -2.0126957893371582
  endloop
 endfacet
 facet normal 0 1 0
  outer loop
   vertex 13.553142547607422 0.95679998397827148 2.2464728355407715
   vertex 14.081123352050781 0.95679998397827148 2.1479597091674805
   vertex 13.452263832092285 0.95679998397827148 2.1361792087554932
  endloop
 endfacet
 facet normal 0 1 0
  outer loop
   vertex 14.200640678405762 0.95679998397827148 2.253563404083252
   vertex 14.695713043212891 0.95679998397827148 2.1540045738220215
   vertex 14.081123352050781 0.95679998397827148 2.1479597091674805
  endloop
 endfacet
 facet normal 0 1 -0
  outer loop
   vertex 12.114072799682617 0.95679998397827148 -2.1596472263336182
   vertex 11.457432746887207 0.95679998397827148 -2.248762845993042
   vertex 11.431404113769531 0.95679998397827148 -2.139742374420166
  endloop
 endfacet
 facet normal -0 1 0
  outer loop
   vertex 2.9633395671844482 0.95679998397827148 -2.4175469875335693
   vertex 2.3505051136016846 0.95679998397827148 -2.3491079807281494
   vertex 2.992487907409668 0.95679998397827148 -2.3421404361724854
  endloop
 endfacet
 facet normal 0 1 -0
  outer loop
   vertex 12.172937393188477 0.95679998397827148 -2.34649658203125
   vertex 11.50279426574707 0.95679998397827148 -2.4175469875335693
   vertex 11.47877025604248 0.95679998397827148 -2.3408820629119873
  endloop
 endfacet
 facet normal 0 1 -0
  outer loop
   vertex 12.146378517150879 0.95679998397827148 -2.2609212398529053
   vertex 11.47877025604248 0.95679998397827148 -2.3408820629119873
   vertex 11.457432746887207 0.95679998397827148 -2.248762845993042
  endloop
 endfacet
 facet normal -0 1 0
  outer loop
   vertex 3.0646884441375732 0.95679998397827148 -2.145249605178833
   vertex 2.4804978370666504 0.95679998397827148 -2.0563666820526123
   vertex 3.111325740814209 0.95679998397827148 -2.0205352306365967
  endloop
 endfacet
 facet normal 0 1 -0
  outer loop
   vertex 12.741047859191895 0.95679998397827148 -2.2726492881774902
   vertex 12.172937393188477 0.95679998397827148 -2.34649658203125
   vertex 12.146378517150879 0.95679998397827148 -2.2609212398529053
  endloop
 endfacet
 facet normal 0 1 -0
  outer loop
   vertex 12.772120475769043 0.95679998397827148 -2.3518574237823486
   vertex 12.199911117553711 0.95679998397827148 -2.4175469875335693
   vertex 12.172937393188477 0.95679998397827148 -2.34649658203125
  endloop
 endfacet
 facet normal -0.14424741588485962 -0 -0.98954165299422359
  outer loop
   vertex 14.075979232788086 0.95679998397827148 -1.096739649772644
   vertex 14.218718528747559 1.0099999904632568 -1.1175470352172852
   vertex 14.218718528747559 0.95679998397827148 -1.1175470352172852
  endloop
 endfacet
 facet normal 0.14430150036168674 0 -0.98953376748515565
  outer loop
   vertex 14.361510276794434 1.0099999904632568 -1.0967240333557129
   vertex 14.218718528747559 0.95679998397827148 -1.1175470352172852
   vertex 14.218718528747559 1.0099999904632568 -1.1175470352172852
  endloop
 endfacet
 facet normal -0.15695602465792757 0.035099321602220589 -0.98698168369359518
  outer loop
   vertex 14.075979232788086 0.95679998397827148 -1.096739649772644
   vertex 14.063613891601562 1.0099999904632568 -1.0928813219070435
   vertex 14.218718528747559 1.0099999904632568 -1.1175470352172852
  endloop
 endfacet
 facet normal -0.43219639379115971 -0.035103982404226838 -0.90109599245212513
  outer loop
   vertex 14.075979232788086 0.95679998397827148 -1.096739649772644
   vertex 13.934362411499023 0.95679998397827148 -1.0288153886795044
   vertex 14.063613891601562 1.0099999904632568 -1.0928813219070435
  endloop
 endfacet
 facet normal -0.4553840997957726 0.035070575922448596 -0.88960405594717329
  outer loop
   vertex 13.923812866210938 1.0099999904632568 -1.0213178396224976
   vertex 14.063613891601562 1.0099999904632568 -1.0928813219070435
   vertex 13.934362411499023 0.95679998397827148 -1.0288153886795044
  endloop
 endfacet
 facet normal -0.69042811475167731 -0.035081757057088742 -0.72254985203945077
  outer loop
   vertex 13.934362411499023 0.95679998397827148 -1.0288153886795044
   vertex 13.820797920227051 0.95679998397827148 -0.92029953002929688
   vertex 13.923812866210938 1.0099999904632568 -1.0213178396224976
  endloop
 endfacet
 facet normal -0.70889206971794216 0.035048329377766467 -0.70444563175509856
  outer loop
   vertex 13.813101768493652 1.0099999904632568 -0.90990793704986572
   vertex 13.923812866210938 1.0099999904632568 -1.0213178396224976
   vertex 13.820797920227051 0.95679998397827148 -0.92029953002929688
  endloop
 endfacet
 facet normal 0.15685940959169509 -0.034693401434689262 -0.9870113948275554
  outer loop
   vertex 14.361510276794434 1.0099999904632568 -1.0967240333557129
   vertex 14.373726844787598 0.95679998397827148 -1.0929125547409058
   vertex 14.218718528747559 0.95679998397827148 -1.1175470352172852
  endloop
 endfacet
 facet normal -0.88053428884251805 -0.035052247549387711 -0.47268457359463029
  outer loop
   vertex 13.813101768493652 1.0099999904632568 -0.90990793704986572
   vertex 13.820797920227051 0.95679998397827148 -0.92029953002929688
   vertex 13.746501922607422 0.95679998397827148 -0.78189820051193237
  endloop
 endfacet
 facet normal -0.89245210030199185 0.03496854342018111 -0.44978489262939292
  outer loop
   vertex 13.813101768493652 1.0099999904632568 -0.90990793704986572
   vertex 13.746501922607422 0.95679998397827148 -0.78189820051193237
   vertex 13.74241828918457 1.0099999904632568 -0.76965951919555664
  endloop
 endfacet
 facet normal -0.98373979380665955 -0.034986458003730375 -0.1761589221061034
  outer loop
   vertex 13.718812942504883 0.95679998397827148 -0.62727218866348267
   vertex 13.74241828918457 1.0099999904632568 -0.76965951919555664
   vertex 13.746501922607422 0.95679998397827148 -0.78189820051193237
  endloop
 endfacet
 facet normal 0.4322912481276352 0.034712833936129069 -0.90106564464104066
  outer loop
   vertex 14.361510276794434 1.0099999904632568 -1.0967240333557129
   vertex 14.503110885620117 1.0099999904632568 -1.0287903547286987
   vertex 14.373726844787598 0.95679998397827148 -1.0929125547409058
  endloop
 endfacet
 facet normal -0.98795600428514141 0.034888904449245341 -0.15075044923073785
  outer loop
   vertex 13.718728065490723 1.0099999904632568 -0.61440360546112061
   vertex 13.74241828918457 1.0099999904632568 -0.76965951919555664
   vertex 13.718812942504883 0.95679998397827148 -0.62727218866348267
  endloop
 endfacet
 facet normal -0.9898552537401093 -0.034894325626231508 0.13772785732085727
  outer loop
   vertex 13.718812942504883 0.95679998397827148 -0.62727218866348267
   vertex 13.740456581115723 0.95679998397827148 -0.47171854972839355
   vertex 13.718728065490723 1.0099999904632568 -0.61440360546112061
  endloop
 endfacet
 facet normal -0.9859820422442177 0.034899785482666756 0.16316071017615053
  outer loop
   vertex 13.740456581115723 0.95679998397827148 -0.47171854972839355
   vertex 13.744368553161621 1.0099999904632568 -0.45945784449577332
   vertex 13.718728065490723 1.0099999904632568 -0.61440360546112061
  endloop
 endfacet
 facet normal -0.89832166813676673 -0.034875744730003988 0.43795189574370441
  outer loop
   vertex 13.744368553161621 1.0099999904632568 -0.45945784449577332
   vertex 13.740456581115723 0.95679998397827148 -0.47171854972839355
   vertex 13.809258460998535 0.95679998397827148 -0.33059296011924744
  endloop
 endfacet
 facet normal -0.88672491571586731 0.035022686230136831 0.46096890925301404
  outer loop
   vertex 13.81680965423584 1.0099999904632568 -0.32010933756828308
   vertex 13.744368553161621 1.0099999904632568 -0.45945784449577332
   vertex 13.809258460998535 0.95679998397827148 -0.33059296011924744
  endloop
 endfacet
 facet normal -0.71817599143729116 -0.035015447505606298 0.69497997363884234
  outer loop
   vertex 13.91848087310791 0.95679998397827148 -0.21772508323192596
   vertex 13.81680965423584 1.0099999904632568 -0.32010933756828308
   vertex 13.809258460998535 0.95679998397827148 -0.33059296011924744
  endloop
 endfacet
 facet normal 0.45522175309962049 -0.034754462427266729 -0.88969954638984716
  outer loop
   vertex 14.513552665710449 0.95679998397827148 -1.0213695764541626
   vertex 14.373726844787598 0.95679998397827148 -1.0929125547409058
   vertex 14.503110885620117 1.0099999904632568 -1.0287903547286987
  endloop
 endfacet
 facet normal -0.6999322753860947 0.035188092854209284 0.7133418591349644
  outer loop
   vertex 13.91848087310791 0.95679998397827148 -0.21772508323192596
   vertex 13.928960800170898 1.0099999904632568 -0.21006643772125244
   vertex 13.81680965423584 1.0099999904632568 -0.32010933756828308
  endloop
 endfacet
 facet normal -0.46713100291357951 -0.03516590989383752 0.88348853127717053
  outer loop
   vertex 13.91848087310791 0.95679998397827148 -0.21772508323192596
   vertex 14.05733585357666 0.95679998397827148 -0.14430764317512512
   vertex 13.928960800170898 1.0099999904632568 -0.21006643772125244
  endloop
 endfacet
 facet normal -0.44405810201413853 0.035121837968908019 0.89530936470768951
  outer loop
   vertex 14.069658279418945 1.0099999904632568 -0.14028289914131165
   vertex 13.928960800170898 1.0099999904632568 -0.21006643772125244
   vertex 14.05733585357666 0.95679998397827148 -0.14430764317512512
  endloop
 endfacet
 facet normal -0.16991754466280726 -0.035148443146805014 0.98483126217648009
  outer loop
   vertex 14.069658279418945 1.0099999904632568 -0.14028289914131165
   vertex 14.05733585357666 0.95679998397827148 -0.14430764317512512
   vertex 14.212191581726074 0.95679998397827148 -0.11758965998888016
  endloop
 endfacet
 facet normal -0.14442148290874507 0.034896426583366426 0.988900740563051
  outer loop
   vertex 14.212191581726074 0.95679998397827148 -0.11758965998888016
   vertex 14.225062370300293 1.0099999904632568 -0.11758730560541153
   vertex 14.069658279418945 1.0099999904632568 -0.14028289914131165
  endloop
 endfacet
 facet normal 0.69048250619059637 0.034741498511895827 -0.72251431606986227
  outer loop
   vertex 14.513552665710449 0.95679998397827148 -1.0213695764541626
   vertex 14.503110885620117 1.0099999904632568 -1.0287903547286987
   vertex 14.616652488708496 1.0099999904632568 -0.92028248310089111
  endloop
 endfacet
 facet normal 0.14415437938444503 -0.034919335602621671 0.98893890352506442
  outer loop
   vertex 14.367695808410645 0.95679998397827148 -0.14025700092315674
   vertex 14.225062370300293 1.0099999904632568 -0.11758730560541153
   vertex 14.212191581726074 0.95679998397827148 -0.11758965998888016
  endloop
 endfacet
 facet normal 0.70875793224791972 -0.034721369029377121 -0.70459677831251755
  outer loop
   vertex 14.616652488708496 1.0099999904632568 -0.92028248310089111
   vertex 14.624269485473633 0.95679998397827148 -0.90999889373779297
   vertex 14.513552665710449 0.95679998397827148 -1.0213695764541626
  endloop
 endfacet
 facet normal 0.88055882459318491 0.034709194484845017 -0.47266418126327497
  outer loop
   vertex 14.624269485473633 0.95679998397827148 -0.90999889373779297
   vertex 14.616652488708496 1.0099999904632568 -0.92028248310089111
   vertex 14.690937995910645 1.0099999904632568 -0.781890869140625
  endloop
 endfacet
 facet normal 0.169473597385567 0.034674092928835797 0.9849245692278964
  outer loop
   vertex 14.367695808410645 0.95679998397827148 -0.14025700092315674
   vertex 14.37984561920166 1.0099999904632568 -0.14422048628330231
   vertex 14.225062370300293 1.0099999904632568 -0.11758730560541153
  endloop
 endfacet
 facet normal 0.89235082758433892 -0.03461249066984165 -0.45001330646901511
  outer loop
   vertex 14.694976806640625 0.95679998397827148 -0.76979029178619385
   vertex 14.624269485473633 0.95679998397827148 -0.90999889373779297
   vertex 14.690937995910645 1.0099999904632568 -0.781890869140625
  endloop
 endfacet
 facet normal 0.98376043305750493 0.034626532381420154 -0.17611477395649924
  outer loop
   vertex 14.690937995910645 1.0099999904632568 -0.781890869140625
   vertex 14.718625068664551 1.0099999904632568 -0.62723350524902344
   vertex 14.694976806640625 0.95679998397827148 -0.76979029178619385
  endloop
 endfacet
 facet normal 0.44394107697141022 -0.034679623528258735 0.89538463460649265
  outer loop
   vertex 14.37984561920166 1.0099999904632568 -0.14422048628330231
   vertex 14.367695808410645 0.95679998397827148 -0.14025700092315674
   vertex 14.50843334197998 0.95679998397827148 -0.21003614366054535
  endloop
 endfacet
 facet normal 0.46676180060805322 0.034944331420102635 0.88369243246433316
  outer loop
   vertex 14.518832206726074 1.0099999904632568 -0.2176324874162674
   vertex 14.37984561920166 1.0099999904632568 -0.14422048628330231
   vertex 14.50843334197998 0.95679998397827148 -0.21003614366054535
  endloop
 endfacet
 facet normal 0.69984312416266492 -0.034925211524506034 0.71344224094330799
  outer loop
   vertex 14.518832206726074 1.0099999904632568 -0.2176324874162674
   vertex 14.50843334197998 0.95679998397827148 -0.21003614366054535
   vertex 14.620577812194824 0.95679998397827148 -0.32004299759864807
  endloop
 endfacet
 facet normal 0.98793667131721363 -0.034807106931668809 -0.15089598660571157
  outer loop
   vertex 14.718708992004395 0.95679998397827148 -0.61441242694854736
   vertex 14.694976806640625 0.95679998397827148 -0.76979029178619385
   vertex 14.718625068664551 1.0099999904632568 -0.62723350524902344
  endloop
 endfacet
 facet normal 0.71795864457923819 0.034808755468870474 0.69521488420246846
  outer loop
   vertex 14.620577812194824 0.95679998397827148 -0.32004299759864807
   vertex 14.628084182739258 1.0099999904632568 -0.33045861124992371
   vertex 14.518832206726074 1.0099999904632568 -0.2176324874162674
  endloop
 endfacet
 facet normal 0.88665748183923887 -0.034827070650588737 0.46111341885527313
  outer loop
   vertex 14.69304370880127 0.95679998397827148 -0.45938491821289062
   vertex 14.628084182739258 1.0099999904632568 -0.33045861124992371
   vertex 14.620577812194824 0.95679998397827148 -0.32004299759864807
  endloop
 endfacet
 facet normal 0.98984696689306928 0.0347751921354581 0.13781751755322319
  outer loop
   vertex 14.718625068664551 1.0099999904632568 -0.62723350524902344
   vertex 14.696966171264648 1.0099999904632568 -0.47167277336120605
   vertex 14.718708992004395 0.95679998397827148 -0.61441242694854736
  endloop
 endfacet
 facet normal 0.89822608229139145 0.034972646114867965 0.4381401820367346
  outer loop
   vertex 14.696966171264648 1.0099999904632568 -0.47167277336120605
   vertex 14.628084182739258 1.0099999904632568 -0.33045861124992371
   vertex 14.69304370880127 0.95679998397827148 -0.45938491821289062
  endloop
 endfacet
 facet normal 0.9859672513603811 -0.034993865104397608 0.16322992571801981
  outer loop
   vertex 14.696966171264648 1.0099999904632568 -0.47167277336120605
   vertex 14.69304370880127 0.95679998397827148 -0.45938491821289062
   vertex 14.718708992004395 0.95679998397827148 -0.61441242694854736
  endloop
 endfacet
 facet normal -0.14411453360616769 -0 -0.98956101439147082
  outer loop
   vertex 0.47245699167251587 0.95679998397827148 -1.0967780351638794
   vertex 0.61506712436676025 1.0099999904632568 -1.1175470352172852
   vertex 0.61506712436676025 0.95679998397827148 -1.1175470352172852
  endloop
 endfacet
 facet normal 0.14425048522710313 0 -0.98954120556535963
  outer loop
   vertex 0.61506712436676025 0.95679998397827148 -1.1175470352172852
   vertex 0.61506712436676025 1.0099999904632568 -1.1175470352172852
   vertex 0.75780904293060303 1.0099999904632568 -1.0967388153076172
  endloop
 endfacet
 facet normal -0.15693777013781901 0.035384293204737446 -0.98697441106574302
  outer loop
   vertex 0.61506712436676025 1.0099999904632568 -1.1175470352172852
   vertex 0.47245699167251587 0.95679998397827148 -1.0967780351638794
   vertex 0.45997932553291321 1.0099999904632568 -1.0928866863250732
  endloop
 endfacet
 facet normal -0.43193735799935173 -0.035388177291204283 -0.9012090743398814
  outer loop
   vertex 0.47245699167251587 0.95679998397827148 -1.0967780351638794
   vertex 0.33083271980285645 0.95679998397827148 -1.0288994312286377
   vertex 0.45997932553291321 1.0099999904632568 -1.0928866863250732
  endloop
 endfacet
 facet normal -0.45539942500291403 0.035558446296718366 -0.88957684356326339
  outer loop
   vertex 0.33083271980285645 0.95679998397827148 -1.0288994312286377
   vertex 0.32012650370597839 1.0099999904632568 -1.0212920904159546
   vertex 0.45997932553291321 1.0099999904632568 -1.0928866863250732
  endloop
 endfacet
 facet normal -0.69027973074831483 -0.035577191787882795 -0.72266739011977166
  outer loop
   vertex 0.32012650370597839 1.0099999904632568 -1.0212920904159546
   vertex 0.33083271980285645 0.95679998397827148 -1.0288994312286377
   vertex 0.21717023849487305 0.95679998397827148 -0.92033094167709351
  endloop
 endfacet
 facet normal -0.70902325009709133 0.03557814972242053 -0.70428703387474534
  outer loop
   vertex 0.20935447514057159 1.0099999904632568 -0.90977513790130615
   vertex 0.32012650370597839 1.0099999904632568 -1.0212920904159546
   vertex 0.21717023849487305 0.95679998397827148 -0.92033094167709351
  endloop
 endfacet
 facet normal -0.88049946221595132 -0.035562540292544152 -0.47271133132744092
  outer loop
   vertex 0.21717023849487305 0.95679998397827148 -0.92033094167709351
   vertex 0.14285048842430115 0.95679998397827148 -0.78189867734909058
   vertex 0.20935447514057159 1.0099999904632568 -0.90977513790130615
  endloop
 endfacet
 facet normal -0.89262144253719222 0.035632300565838701 -0.44939659486828326
  outer loop
   vertex 0.14285048842430115 0.95679998397827148 -0.78189867734909058
   vertex 0.13868863880634308 1.0099999904632568 -0.76941394805908203
   vertex 0.20935447514057159 1.0099999904632568 -0.90977513790130615
  endloop
 endfacet
 facet normal -0.98369244981665871 -0.035580228759775914 -0.17630431502122304
  outer loop
   vertex 0.11516471207141876 0.95679998397827148 -0.62742549180984497
   vertex 0.13868863880634308 1.0099999904632568 -0.76941394805908203
   vertex 0.14285048842430115 0.95679998397827148 -0.78189867734909058
  endloop
 endfacet
 facet normal -0.98799736465722277 0.035858074685531996 -0.15025114279175814
  outer loop
   vertex 0.11516471207141876 0.95679998397827148 -0.62742549180984497
   vertex 0.11507857590913773 1.0099999904632568 -0.61416268348693848
   vertex 0.13868863880634308 1.0099999904632568 -0.76941394805908203
  endloop
 endfacet
 facet normal -0.98987921749361263 -0.035835076333126853 0.13731344463828743
  outer loop
   vertex 0.13672913610935211 0.95679998397827148 -0.47196966409683228
   vertex 0.11507857590913773 1.0099999904632568 -0.61416268348693848
   vertex 0.11516471207141876 0.95679998397827148 -0.62742549180984497
  endloop
 endfacet
 facet normal -0.98586476102333165 0.036086059643842684 0.16361072480675054
  outer loop
   vertex 0.13672913610935211 0.95679998397827148 -0.47196966409683228
   vertex 0.14078813791275024 1.0099999904632568 -0.45924526453018188
   vertex 0.11507857590913773 1.0099999904632568 -0.61416268348693848
  endloop
 endfacet
 facet normal 0.15685369689887196 -0.034806603144373012 -0.98700831716187021
  outer loop
   vertex 0.61506712436676025 0.95679998397827148 -1.1175470352172852
   vertex 0.75780904293060303 1.0099999904632568 -1.0967388153076172
   vertex 0.77007085084915161 0.95679998397827148 -1.0929141044616699
  endloop
 endfacet
 facet normal -0.89846437860034867 -0.036105466416531611 0.43755931675732129
  outer loop
   vertex 0.20552009344100952 0.95679998397827148 -0.33071744441986084
   vertex 0.14078813791275024 1.0099999904632568 -0.45924526453018188
   vertex 0.13672913610935211 0.95679998397827148 -0.47196966409683228
  endloop
 endfacet
 facet normal -0.88649923913603612 0.035895491683824728 0.46133568330230573
  outer loop
   vertex 0.14078813791275024 1.0099999904632568 -0.45924526453018188
   vertex 0.20552009344100952 0.95679998397827148 -0.33071744441986084
   vertex 0.21328115463256836 1.0099999904632568 -0.31994321942329407
  endloop
 endfacet
 facet normal -0.71836078294343708 -0.035903794974007502 0.69474362396164258
  outer loop
   vertex 0.31471207737922668 0.95679998397827148 -0.21781358122825623
   vertex 0.21328115463256836 1.0099999904632568 -0.31994321942329407
   vertex 0.20552009344100952 0.95679998397827148 -0.33071744441986084
  endloop
 endfacet
 facet normal -0.69968369643043737 0.035817413006159975 0.7135543692494537
  outer loop
   vertex 0.31471207737922668 0.95679998397827148 -0.21781358122825623
   vertex 0.32540678977966309 1.0099999904632568 -0.20999717712402344
   vertex 0.21328115463256836 1.0099999904632568 -0.31994321942329407
  endloop
 endfacet
 facet normal -0.46737467751739958 -0.035828008085896812 0.88333304288479064
  outer loop
   vertex 0.45355281233787537 0.95679998397827148 -0.14435245096683502
   vertex 0.32540678977966309 1.0099999904632568 -0.20999717712402344
   vertex 0.31471207737922668 0.95679998397827148 -0.21781358122825623
  endloop
 endfacet
 facet normal 0.43218023280458778 0.034827226317682758 -0.90111448256033977
  outer loop
   vertex 0.89940249919891357 1.0099999904632568 -1.0288296937942505
   vertex 0.77007085084915161 0.95679998397827148 -1.0929141044616699
   vertex 0.75780904293060303 1.0099999904632568 -1.0967388153076172
  endloop
 endfacet
 facet normal -0.4438231739297519 0.035790806376675505 0.8953993569697426
  outer loop
   vertex 0.4661317765712738 1.0099999904632568 -0.14024393260478973
   vertex 0.32540678977966309 1.0099999904632568 -0.20999717712402344
   vertex 0.45355281233787537 0.95679998397827148 -0.14435245096683502
  endloop
 endfacet
 facet normal -0.17010740894807425 -0.035830571740269448 0.98477390275623067
  outer loop
   vertex 0.45355281233787537 0.95679998397827148 -0.14435245096683502
   vertex 0.60848164558410645 0.95679998397827148 -0.11759042739868164
   vertex 0.4661317765712738 1.0099999904632568 -0.14024393260478973
  endloop
 endfacet
 facet normal -0.14414325919156901 0.035409773832346482 0.98892308535435358
  outer loop
   vertex 0.60848164558410645 0.95679998397827148 -0.11759042739868164
   vertex 0.6215590238571167 1.0099999904632568 -0.11758919805288315
   vertex 0.4661317765712738 1.0099999904632568 -0.14024393260478973
  endloop
 endfacet
 facet normal 0 1 0
  outer loop
   vertex 13.855169296264648 0.95679998397827148 -0.061381377279758453
   vertex 14.05733585357666 0.95679998397827148 -0.14430764317512512
   vertex 13.91848087310791 0.95679998397827148 -0.21772508323192596
  endloop
 endfacet
 facet normal 0.14410962925771176 -0.03544721123173402 0.98892664539443842
  outer loop
   vertex 0.60848164558410645 0.95679998397827148 -0.11759042739868164
   vertex 0.76405948400497437 0.95679998397827148 -0.14026173949241638
   vertex 0.6215590238571167 1.0099999904632568 -0.11758919805288315
  endloop
 endfacet
 facet normal 0.16978958075098646 0.035073393187746965 0.98485600742377666
  outer loop
   vertex 0.6215590238571167 1.0099999904632568 -0.11758919805288315
   vertex 0.76405948400497437 0.95679998397827148 -0.14026173949241638
   vertex 0.7763601541519165 1.0099999904632568 -0.14427697658538818
  endloop
 endfacet
 facet normal 0.44394114022628772 -0.035068659267102571 0.89536945064693352
  outer loop
   vertex 0.7763601541519165 1.0099999904632568 -0.14427697658538818
   vertex 0.76405948400497437 0.95679998397827148 -0.14026173949241638
   vertex 0.90477591753005981 0.95679998397827148 -0.21003161370754242
  endloop
 endfacet
 facet normal 0.46701611005748389 0.035243846786350369 0.88354616416488185
  outer loop
   vertex 0.9152756929397583 1.0099999904632568 -0.21770358085632324
   vertex 0.7763601541519165 1.0099999904632568 -0.14427697658538818
   vertex 0.90477591753005981 0.95679998397827148 -0.21003161370754242
  endloop
 endfacet
 facet normal 0.69982062823508817 -0.035233094074558741 0.71344916944277093
  outer loop
   vertex 1.0169196128845215 0.95679998397827148 -0.32003310322761536
   vertex 0.9152756929397583 1.0099999904632568 -0.21770358085632324
   vertex 0.90477591753005981 0.95679998397827148 -0.21003161370754242
  endloop
 endfacet
 facet normal 0.71810486674110829 0.035092103400649777 0.69504959869181515
  outer loop
   vertex 1.0169196128845215 0.95679998397827148 -0.32003310322761536
   vertex 1.0244908332824707 1.0099999904632568 -0.3305414617061615
   vertex 0.9152756929397583 1.0099999904632568 -0.21770358085632324
  endloop
 endfacet
 facet normal 0.88666054280566087 -0.035109854601270904 0.46108608734318651
  outer loop
   vertex 1.0894045829772949 0.95679998397827148 -0.45942044258117676
   vertex 1.0244908332824707 1.0099999904632568 -0.3305414617061615
   vertex 1.0169196128845215 0.95679998397827148 -0.32003310322761536
  endloop
 endfacet
 facet normal 0.8983240829761453 0.035249781251411622 0.43791699540757173
  outer loop
   vertex 1.0244908332824707 1.0099999904632568 -0.3305414617061615
   vertex 1.0894045829772949 0.95679998397827148 -0.45942044258117676
   vertex 1.0933558940887451 1.0099999904632568 -0.47180828452110291
  endloop
 endfacet
 facet normal 0.45517761852549876 -0.034806063603750236 -0.88972010965801329
  outer loop
   vertex 0.90986639261245728 0.95679998397827148 -1.021395206451416
   vertex 0.77007085084915161 0.95679998397827148 -1.0929141044616699
   vertex 0.89940249919891357 1.0099999904632568 -1.0288296937942505
  endloop
 endfacet
 facet normal 0.98596354259878038 -0.035227975313319601 0.16320196819091035
  outer loop
   vertex 1.0933558940887451 1.0099999904632568 -0.47180828452110291
   vertex 1.0894045829772949 0.95679998397827148 -0.45942044258117676
   vertex 1.1150572299957275 0.95679998397827148 -0.61439758539199829
  endloop
 endfacet
 facet normal 0.98987217050356591 0.035130567240456254 0.13754609884661689
  outer loop
   vertex 1.1149708032608032 1.0099999904632568 -0.62736338376998901
   vertex 1.0933558940887451 1.0099999904632568 -0.47180828452110291
   vertex 1.1150572299957275 0.95679998397827148 -0.61439758539199829
  endloop
 endfacet
 facet normal 0.98794837996205476 -0.035133920881662048 -0.15074351108366973
  outer loop
   vertex 1.1150572299957275 0.95679998397827148 -0.61439758539199829
   vertex 1.0913667678833008 0.95679998397827148 -0.76966100931167603
   vertex 1.1149708032608032 1.0099999904632568 -0.62736338376998901
  endloop
 endfacet
 facet normal 0.98371401933415192 0.035067086303856146 -0.17628677665555467
  outer loop
   vertex 1.1149708032608032 1.0099999904632568 -0.62736338376998901
   vertex 1.0913667678833008 0.95679998397827148 -0.76966100931167603
   vertex 1.0872703790664673 1.0099999904632568 -0.78193706274032593
  endloop
 endfacet
 facet normal 0.69040917561188586 0.034818626103755246 -0.72258067612354748
  outer loop
   vertex 0.89940249919891357 1.0099999904632568 -1.0288296937942505
   vertex 1.0129822492599487 1.0099999904632568 -0.92030686140060425
   vertex 0.90986639261245728 0.95679998397827148 -1.021395206451416
  endloop
 endfacet
 facet normal 0.89242113501839748 -0.035085000995217525 -0.44983725999258972
  outer loop
   vertex 1.0872703790664673 1.0099999904632568 -0.78193706274032593
   vertex 1.0913667678833008 0.95679998397827148 -0.76966100931167603
   vertex 1.0206483602523804 0.95679998397827148 -0.90995752811431885
  endloop
 endfacet
 facet normal 0.88051439121537933 0.034918507724567768 -0.47273153552613684
  outer loop
   vertex 1.0206483602523804 0.95679998397827148 -0.90995752811431885
   vertex 1.0129822492599487 1.0099999904632568 -0.92030686140060425
   vertex 1.0872703790664673 1.0099999904632568 -0.78193706274032593
  endloop
 endfacet
 facet normal 0.70875725406825951 -0.034935943179388973 -0.70458685389367537
  outer loop
   vertex 0.90986639261245728 0.95679998397827148 -1.021395206451416
   vertex 1.0129822492599487 1.0099999904632568 -0.92030686140060425
   vertex 1.0206483602523804 0.95679998397827148 -0.90995752811431885
  endloop
 endfacet
 facet normal 0 1 0
  outer loop
   vertex 14.624269485473633 0.95679998397827148 -0.90999889373779297
   vertex 14.694976806640625 0.95679998397827148 -0.76979029178619385
   vertex 14.771979331970215 0.95679998397827148 -0.9250490665435791
  endloop
 endfacet
 facet normal 0 1 0
  outer loop
   vertex 14.659530639648438 0.95679998397827148 0.9601936936378479
   vertex 14.489990234375 0.95679998397827148 1.3990620374679565
   vertex 15.090810775756836 0.95679998397827148 1.2845703363418579
  endloop
 endfacet
 facet normal 0 1 0
  outer loop
   vertex 13.772931098937988 0.95679998397827148 1.8980307579040527
   vertex 14.078995704650879 0.95679998397827148 1.5617772340774536
   vertex 13.776305198669434 0.95679998397827148 1.4104119539260864
  endloop
 endfacet
 facet normal 0 1 0
  outer loop
   vertex 15.576960563659668 0.95679998397827148 0.46285116672515869
   vertex 16.09100341796875 0.95679998397827148 0.65645217895507812
   vertex 15.976064682006836 0.95679998397827148 0.16746307909488678
  endloop
 endfacet
 facet normal -0 1 0
  outer loop
   vertex 12.881535530090332 0.95679998397827148 -0.21567387878894806
   vertex 12.640674591064453 0.95679998397827148 0.029599124565720558
   vertex 12.975522994995117 0.95679998397827148 0.15309971570968628
  endloop
 endfacet
 facet normal 0 1 0
  outer loop
   vertex 14.712223052978516 0.95679998397827148 -0.0094162207096815109
   vertex 14.874945640563965 0.95679998397827148 0.14836752414703369
   vertex 14.87531852722168 0.95679998397827148 -0.14955116808414459
  endloop
 endfacet
 facet normal 0 1 0
  outer loop
   vertex -0.71532356739044189 0.95679998397827148 -1.1589286327362061
   vertex -0.61382108926773071 0.95679998397827148 -0.88857316970825195
   vertex -0.34871682524681091 0.95679998397827148 -1.1492253541946411
  endloop
 endfacet
 facet normal -0 1 0
  outer loop
   vertex 1.0863078832626343 0.95679998397827148 -0.017648195847868919
   vertex 0.98281681537628174 0.95679998397827148 0.12620139122009277
   vertex 1.2065184116363525 0.95679998397827148 0.16791756451129913
  endloop
 endfacet
 facet normal 0 1 0
  outer loop
   vertex 13.665657043457031 0.95679998397827148 -0.05846792459487915
   vertex 13.554471969604492 0.95679998397827148 0.13036355376243591
   vertex 13.772495269775391 0.95679998397827148 0.12569081783294678
  endloop
 endfacet
 facet normal 0 1 0
  outer loop
   vertex 13.665657043457031 0.95679998397827148 -0.05846792459487915
   vertex 13.772495269775391 0.95679998397827148 0.12569081783294678
   vertex 13.855169296264648 0.95679998397827148 -0.061381377279758453
  endloop
 endfacet
 facet normal 0 1 0
  outer loop
   vertex 0.33242160081863403 0.95679998397827148 -1.2261414527893066
   vertex 0.33083271980285645 0.95679998397827148 -1.0288994312286377
   vertex 0.47245699167251587 0.95679998397827148 -1.0967780351638794
  endloop
 endfacet
 facet normal -0 1 0
  outer loop
   vertex 8.8878288269042969 0.95679998397827148 -1.7420563697814941
   vertex 8.0561237335205078 0.95679998397827148 -1.7190756797790527
   vertex 8.3811941146850586 0.95679998397827148 -1.0832028388977051
  endloop
 endfacet
 facet normal 0 1 0
  outer loop
   vertex 0.33083271980285645 0.95679998397827148 -1.0288994312286377
   vertex 0.13934539258480072 0.95679998397827148 -1.0996476411819458
   vertex 0.21717023849487305 0.95679998397827148 -0.92033094167709351
  endloop
 endfacet
 facet normal 0 1 0
  outer loop
   vertex -1.242607593536377 0.95679998397827148 0.3615572452545166
   vertex -0.99820089340209961 0.95679998397827148 0.81733912229537964
   vertex -0.70687037706375122 0.95679998397827148 0.394203782081604
  endloop
 endfacet
 facet normal -0 1 0
  outer loop
   vertex 14.712223052978516 0.95679998397827148 -0.0094162207096815109
   vertex 14.619352340698242 0.95679998397827148 0.14168661832809448
   vertex 14.874945640563965 0.95679998397827148 0.14836752414703369
  endloop
 endfacet
 facet normal 0 1 0
  outer loop
   vertex 11.327452659606934 0.95679998397827148 -0.63979029655456543
   vertex 11.585783004760742 0.95679998397827148 -1.2887011766433716
   vertex 10.927294731140137 0.95679998397827148 -1.1774487495422363
  endloop
 endfacet
 facet normal 0 1 -0
  outer loop
   vertex 11.872268676757812 0.95679998397827148 -0.84680402278900146
   vertex 11.585783004760742 0.95679998397827148 -1.2887011766433716
   vertex 11.327452659606934 0.95679998397827148 -0.63979029655456543
  endloop
 endfacet
 facet normal 0 1 0
  outer loop
   vertex 15.050702095031738 0.95679998397827148 -1.3770253658294678
   vertex 14.836794853210449 0.95679998397827148 -1.4556043148040771
   vertex 14.867047309875488 0.95679998397827148 -1.2629547119140625
  endloop
 endfacet
 facet normal 0 1 0
  outer loop
   vertex -0.12032724171876907 0.95679998397827148 0.30945959687232971
   vertex 0.10599546879529953 0.95679998397827148 0.56412249803543091
   vertex 0.1301579475402832 0.95679998397827148 0.24243427813053131
  endloop
 endfacet
 facet normal 0 1 -0
  outer loop
   vertex 0.35276132822036743 0.95679998397827148 0.13212877511978149
   vertex 0.13450838625431061 0.95679998397827148 0.001119270920753479
   vertex 0.1301579475402832 0.95679998397827148 0.24243427813053131
  endloop
 endfacet
 facet normal 0 1 0
  outer loop
   vertex -0.12032724171876907 0.95679998397827148 0.30945959687232971
   vertex 0.1301579475402832 0.95679998397827148 0.24243427813053131
   vertex -0.076952122151851654 0.95679998397827148 0.071768708527088165
  endloop
 endfacet
 facet normal 0 1 0
  outer loop
   vertex 0.1301579475402832 0.95679998397827148 0.24243427813053131
   vertex 0.13450838625431061 0.95679998397827148 0.001119270920753479
   vertex -0.076952122151851654 0.95679998397827148 0.071768708527088165
  endloop
 endfacet
 facet normal 0 1 0
  outer loop
   vertex 13.665657043457031 0.95679998397827148 -0.05846792459487915
   vertex 13.429496765136719 0.95679998397827148 -0.075975656509399414
   vertex 13.554471969604492 0.95679998397827148 0.13036355376243591
  endloop
 endfacet
 facet normal 0 1 0
  outer loop
   vertex 0.74487096071243286 0.95679998397827148 0.074778266251087189
   vertex 0.76405948400497437 0.95679998397827148 -0.14026173949241638
   vertex 0.60848164558410645 0.95679998397827148 -0.11759042739868164
  endloop
 endfacet
 facet normal 0 1 0
  outer loop
   vertex 0.086271949112415314 0.95679998397827148 1.8894962072372437
   vertex 0.10551673173904419 0.95679998397827148 1.4941530227661133
   vertex -0.60289251804351807 0.95679998397827148 1.7119182348251343
  endloop
 endfacet
 facet normal 0 1 0
  outer loop
   vertex 13.772931098937988 0.95679998397827148 1.8980307579040527
   vertex 13.776305198669434 0.95679998397827148 1.4104119539260864
   vertex 13.388824462890625 0.95679998397827148 1.413359522819519
  endloop
 endfacet
 facet normal 0 1 0
  outer loop
   vertex 4.6335844993591309 0.95679998397827148 -1.0845462083816528
   vertex 3.904874324798584 0.95679998397827148 -1.8222366571426392
   vertex 3.911327600479126 0.95679998397827148 -0.79347693920135498
  endloop
 endfacet
 facet normal -0 1 0
  outer loop
   vertex -0.12032724171876907 0.95679998397827148 0.30945959687232971
   vertex -0.28743666410446167 0.95679998397827148 0.56098109483718872
   vertex 0.10599546879529953 0.95679998397827148 0.56412249803543091
  endloop
 endfacet
 facet normal 0 1 0
  outer loop
   vertex -0.99820089340209961 0.95679998397827148 0.81733912229537964
   vertex -0.53058910369873047 0.95679998397827148 0.82452905178070068
   vertex -0.70687037706375122 0.95679998397827148 0.394203782081604
  endloop
 endfacet
 facet normal 0 1 -0
  outer loop
   vertex 2.8047981262207031 0.95679998397827148 -0.81389790773391724
   vertex 2.4052689075469971 0.95679998397827148 -1.0166590213775635
   vertex 2.3661236763000488 0.95679998397827148 -0.55240404605865479
  endloop
 endfacet
 facet normal 0 1 0
  outer loop
   vertex -0.28743666410446167 0.95679998397827148 0.56098109483718872
   vertex -0.17404469847679138 0.95679998397827148 0.82718825340270996
   vertex 0.10599546879529953 0.95679998397827148 0.56412249803543091
  endloop
 endfacet
 facet normal -0 1 0
  outer loop
   vertex 0.10599546879529953 0.95679998397827148 0.56412249803543091
   vertex -0.17404469847679138 0.95679998397827148 0.82718825340270996
   vertex 0.13621416687965393 0.95679998397827148 1.0127872228622437
  endloop
 endfacet
 facet normal 0 1 0
  outer loop
   vertex 11.872268676757812 0.95679998397827148 -0.84680402278900146
   vertex 12.21147346496582 0.95679998397827148 -0.54467594623565674
   vertex 12.312932014465332 0.95679998397827148 -1.0049031972885132
  endloop
 endfacet
 facet normal 0 1 0
  outer loop
   vertex 14.312968254089355 0.95679998397827148 -1.47907555103302
   vertex 14.599365234375 0.95679998397827148 -1.499521017074585
   vertex 14.488202095031738 0.95679998397827148 -1.7526546716690063
  endloop
 endfacet
 facet normal 0 1 0
  outer loop
   vertex 0.10551673173904419 0.95679998397827148 1.4941530227661133
   vertex 0.59227603673934937 0.95679998397827148 1.2508722543716431
   vertex 0.13621416687965393 0.95679998397827148 1.0127872228622437
  endloop
 endfacet
 facet normal 0 1 -0
  outer loop
   vertex 11.585783004760742 0.95679998397827148 -1.2887011766433716
   vertex 11.339533805847168 0.95679998397827148 -1.8615568876266479
   vertex 10.927294731140137 0.95679998397827148 -1.1774487495422363
  endloop
 endfacet
 facet normal 0 1 0
  outer loop
   vertex -0.53058910369873047 0.95679998397827148 0.82452905178070068
   vertex -0.28743666410446167 0.95679998397827148 0.56098109483718872
   vertex -0.70687037706375122 0.95679998397827148 0.394203782081604
  endloop
 endfacet
 facet normal 0 1 0
  outer loop
   vertex 13.934362411499023 0.95679998397827148 -1.0288153886795044
   vertex 13.727313995361328 0.95679998397827148 -1.0832172632217407
   vertex 13.820797920227051 0.95679998397827148 -0.92029953002929688
  endloop
 endfacet
 facet normal 0 1 0
  outer loop
   vertex 2.7222683429718018 0.95679998397827148 -0.2690371572971344
   vertex 2.8047981262207031 0.95679998397827148 -0.81389790773391724
   vertex 2.3661236763000488 0.95679998397827148 -0.55240404605865479
  endloop
 endfacet
 facet normal 0 1 0
  outer loop
   vertex 12.21147346496582 0.95679998397827148 -0.54467594623565674
   vertex 12.563324928283691 0.95679998397827148 -0.73702174425125122
   vertex 12.312932014465332 0.95679998397827148 -1.0049031972885132
  endloop
 endfacet
 facet normal 0 1 0
  outer loop
   vertex 14.874945640563965 0.95679998397827148 0.14836752414703369
   vertex 14.619352340698242 0.95679998397827148 0.14168661832809448
   vertex 14.69420337677002 0.95679998397827148 0.36308908462524414
  endloop
 endfacet
 facet normal -0 1 0
  outer loop
   vertex -0.28743666410446167 0.95679998397827148 0.56098109483718872
   vertex -0.53058910369873047 0.95679998397827148 0.82452905178070068
   vertex -0.17404469847679138 0.95679998397827148 0.82718825340270996
  endloop
 endfacet
 facet normal -0 1 0
  outer loop
   vertex 14.599365234375 0.95679998397827148 -1.499521017074585
   vertex 14.312968254089355 0.95679998397827148 -1.47907555103302
   vertex 14.478509902954102 0.95679998397827148 -1.3302755355834961
  endloop
 endfacet
 facet normal 0 1 -0
  outer loop
   vertex 3.2648837566375732 0.95679998397827148 -0.4749162495136261
   vertex 2.8047981262207031 0.95679998397827148 -0.81389790773391724
   vertex 2.7222683429718018 0.95679998397827148 -0.2690371572971344
  endloop
 endfacet
 facet normal 0 1 0
  outer loop
   vertex 8.3811941146850586 0.95679998397827148 -1.0832028388977051
   vertex 9.3119955062866211 0.95679998397827148 -0.68411165475845337
   vertex 8.8878288269042969 0.95679998397827148 -1.7420563697814941
  endloop
 endfacet
 facet normal 0 1 0
  outer loop
   vertex 9.5376567840576172 0.95679998397827148 1.7197651863098145
   vertex 10.345648765563965 0.95679998397827148 1.7431397438049316
   vertex 9.7514190673828125 0.95679998397827148 0.66897028684616089
  endloop
 endfacet
 facet normal 0 1 0
  outer loop
   vertex 12.563324928283691 0.95679998397827148 -0.73702174425125122
   vertex 12.749519348144531 0.95679998397827148 -1.1211282014846802
   vertex 12.312932014465332 0.95679998397827148 -1.0049031972885132
  endloop
 endfacet
 facet normal 0 1 0
  outer loop
   vertex 13.610751152038574 0.95679998397827148 0.99143809080123901
   vertex 13.388824462890625 0.95679998397827148 1.413359522819519
   vertex 13.776305198669434 0.95679998397827148 1.4104119539260864
  endloop
 endfacet
 facet normal 0 1 0
  outer loop
   vertex 10.927294731140137 0.95679998397827148 -1.1774487495422363
   vertex 11.339533805847168 0.95679998397827148 -1.8615568876266479
   vertex 10.57863712310791 0.95679998397827148 -1.8217103481292725
  endloop
 endfacet
 facet normal 0 1 0
  outer loop
   vertex 10.523924827575684 0.95679998397827148 -0.30211204290390015
   vertex 11.327452659606934 0.95679998397827148 -0.63979029655456543
   vertex 10.927294731140137 0.95679998397827148 -1.1774487495422363
  endloop
 endfacet
 facet normal 0 1 0
  outer loop
   vertex 0.021925702691078186 0.95679998397827148 -0.46916034817695618
   vertex 0.13672913610935211 0.95679998397827148 -0.47196966409683228
   vertex 0.11516471207141876 0.95679998397827148 -0.62742549180984497
  endloop
 endfacet
 facet normal 0 1 0
  outer loop
   vertex 0.13934539258480072 0.95679998397827148 -1.0996476411819458
   vertex 0.33083271980285645 0.95679998397827148 -1.0288994312286377
   vertex 0.33242160081863403 0.95679998397827148 -1.2261414527893066
  endloop
 endfacet
 facet normal 0 1 -0
  outer loop
   vertex 0.71594864130020142 0.95679998397827148 1.9269040822982788
   vertex 0.10551673173904419 0.95679998397827148 1.4941530227661133
   vertex 0.086271949112415314 0.95679998397827148 1.8894962072372437
  endloop
 endfacet
 facet normal 0 1 0
  outer loop
   vertex -0.60289251804351807 0.95679998397827148 1.7119182348251343
   vertex 0.10551673173904419 0.95679998397827148 1.4941530227661133
   vertex -0.29750901460647583 0.95679998397827148 1.1739058494567871
  endloop
 endfacet
 facet normal -0 1 0
  outer loop
   vertex 14.874945640563965 0.95679998397827148 0.14836752414703369
   vertex 14.69420337677002 0.95679998397827148 0.36308908462524414
   vertex 14.950491905212402 0.95679998397827148 0.43316876888275146
  endloop
 endfacet
 facet normal -0 1 0
  outer loop
   vertex 0.59227603673934937 0.95679998397827148 1.2508722543716431
   vertex 0.10551673173904419 0.95679998397827148 1.4941530227661133
   vertex 0.71594864130020142 0.95679998397827148 1.9269040822982788
  endloop
 endfacet
 facet normal 0 1 0
  outer loop
   vertex 0.10551673173904419 0.95679998397827148 1.4941530227661133
   vertex 0.13621416687965393 0.95679998397827148 1.0127872228622437
   vertex -0.29750901460647583 0.95679998397827148 1.1739058494567871
  endloop
 endfacet
 facet normal 0 1 0
  outer loop
   vertex -0.052390251308679581 0.95679998397827148 -1.9775068759918213
   vertex -0.086302466690540314 0.95679998397827148 -1.7219201326370239
   vertex 0.3455193042755127 0.95679998397827148 -2.0086770057678223
  endloop
 endfacet
 facet normal 0 1 0
  outer loop
   vertex 1.2113025188446045 0.95679998397827148 1.4183216094970703
   vertex 1.2829748392105103 0.95679998397827148 1.9193848371505737
   vertex 1.8858993053436279 0.95679998397827148 1.8980956077575684
  endloop
 endfacet
 facet normal 0 1 -0
  outer loop
   vertex 0.13621416687965393 0.95679998397827148 1.0127872228622437
   vertex -0.17404469847679138 0.95679998397827148 0.82718825340270996
   vertex -0.29750901460647583 0.95679998397827148 1.1739058494567871
  endloop
 endfacet
 facet normal 0 1 0
  outer loop
   vertex 14.075979232788086 0.95679998397827148 -1.096739649772644
   vertex 13.892551422119141 0.95679998397827148 -1.2525358200073242
   vertex 13.934362411499023 0.95679998397827148 -1.0288153886795044
  endloop
 endfacet
 facet normal 0 1 0
  outer loop
   vertex 10.57863712310791 0.95679998397827148 -1.8217103481292725
   vertex 10.214158058166504 0.95679998397827148 -1.1521334648132324
   vertex 10.927294731140137 0.95679998397827148 -1.1774487495422363
  endloop
 endfacet
 facet normal 0 1 0
  outer loop
   vertex 12.640674591064453 0.95679998397827148 0.029599124565720558
   vertex 12.881535530090332 0.95679998397827148 -0.21567387878894806
   vertex 12.551240921020508 0.95679998397827148 -0.30653125047683716
  endloop
 endfacet
 facet normal 0 1 0
  outer loop
   vertex -0.17404469847679138 0.95679998397827148 0.82718825340270996
   vertex -0.53058910369873047 0.95679998397827148 0.82452905178070068
   vertex -0.29750901460647583 0.95679998397827148 1.1739058494567871
  endloop
 endfacet
 facet normal -0 1 0
  outer loop
   vertex 16.032161712646484 0.95679998397827148 -1.0754467248916626
   vertex 15.717653274536133 0.95679998397827148 -0.79398918151855469
   vertex 16.198686599731445 0.95679998397827148 -0.66430562734603882
  endloop
 endfacet
 facet normal 0 1 0
  outer loop
   vertex 1.2113025188446045 0.95679998397827148 1.4183216094970703
   vertex 0.59227603673934937 0.95679998397827148 1.2508722543716431
   vertex 0.71594864130020142 0.95679998397827148 1.9269040822982788
  endloop
 endfacet
 facet normal -0 1 0
  outer loop
   vertex 14.620577812194824 0.95679998397827148 -0.32004299759864807
   vertex 14.50843334197998 0.95679998397827148 -0.21003614366054535
   vertex 14.67066764831543 0.95679998397827148 -0.16328771412372589
  endloop
 endfacet
 facet normal 0 1 0
  outer loop
   vertex 13.740456581115723 0.95679998397827148 -0.47171854972839355
   vertex 13.687379837036133 0.95679998397827148 -0.26298600435256958
   vertex 13.809258460998535 0.95679998397827148 -0.33059296011924744
  endloop
 endfacet
 facet normal 0 1 0
  outer loop
   vertex 13.809258460998535 0.95679998397827148 -0.33059296011924744
   vertex 13.790151596069336 0.95679998397827148 -0.17116963863372803
   vertex 13.91848087310791 0.95679998397827148 -0.21772508323192596
  endloop
 endfacet
 facet normal 0 1 0
  outer loop
   vertex 11.60971736907959 0.95679998397827148 0.68330806493759155
   vertex 12.162734985351562 0.95679998397827148 0.5619933009147644
   vertex 11.782817840576172 0.95679998397827148 0.20692554116249084
  endloop
 endfacet
 facet normal 0 1 0
  outer loop
   vertex 1.0913667678833008 0.95679998397827148 -0.76966100931167603
   vertex 1.1150572299957275 0.95679998397827148 -0.61439758539199829
   vertex 1.2545688152313232 0.95679998397827148 -0.76505124568939209
  endloop
 endfacet
 facet normal 0 1 -0
  outer loop
   vertex 14.773941993713379 0.95679998397827148 -0.31137171387672424
   vertex 14.69304370880127 0.95679998397827148 -0.45938491821289062
   vertex 14.620577812194824 0.95679998397827148 -0.32004299759864807
  endloop
 endfacet
 facet normal 0 1 0
  outer loop
   vertex 10.214158058166504 0.95679998397827148 -1.1521334648132324
   vertex 10.523924827575684 0.95679998397827148 -0.30211204290390015
   vertex 10.927294731140137 0.95679998397827148 -1.1774487495422363
  endloop
 endfacet
 facet normal 0 1 0
  outer loop
   vertex 1.0913667678833008 0.95679998397827148 -0.76966100931167603
   vertex 1.20154869556427 0.95679998397827148 -0.95782524347305298
   vertex 1.0206483602523804 0.95679998397827148 -0.90995752811431885
  endloop
 endfacet
 facet normal 0 1 0
  outer loop
   vertex 0.50548219680786133 0.95679998397827148 0.024583270773291588
   vertex 0.60848164558410645 0.95679998397827148 -0.11759042739868164
   vertex 0.45355281233787537 0.95679998397827148 -0.14435245096683502
  endloop
 endfacet
 facet normal 0 1 0
  outer loop
   vertex 11.585783004760742 0.95679998397827148 -1.2887011766433716
   vertex 11.872268676757812 0.95679998397827148 -0.84680402278900146
   vertex 12.043437957763672 0.95679998397827148 -1.3037422895431519
  endloop
 endfacet
 facet normal 0 1 0
  outer loop
   vertex 1.2113025188446045 0.95679998397827148 1.4183216094970703
   vertex 0.71594864130020142 0.95679998397827148 1.9269040822982788
   vertex 1.2829748392105103 0.95679998397827148 1.9193848371505737
  endloop
 endfacet
 facet normal 0 1 0
  outer loop
   vertex 13.610751152038574 0.95679998397827148 0.99143809080123901
   vertex 13.139920234680176 0.95679998397827148 0.95808714628219604
   vertex 13.388824462890625 0.95679998397827148 1.413359522819519
  endloop
 endfacet
 facet normal 0 1 0
  outer loop
   vertex 0.11516471207141876 0.95679998397827148 -0.62742549180984497
   vertex 0.14285048842430115 0.95679998397827148 -0.78189867734909058
   vertex -0.039069421589374542 0.95679998397827148 -0.7431982159614563
  endloop
 endfacet
 facet normal 0 1 0
  outer loop
   vertex 11.585783004760742 0.95679998397827148 -1.2887011766433716
   vertex 12.009194374084473 0.95679998397827148 -1.9024224281311035
   vertex 11.339533805847168 0.95679998397827148 -1.8615568876266479
  endloop
 endfacet
 facet normal 0 1 0
  outer loop
   vertex 14.218718528747559 0.95679998397827148 -1.1175470352172852
   vertex 14.373726844787598 0.95679998397827148 -1.0929125547409058
   vertex 14.331311225891113 0.95679998397827148 -1.2405697107315063
  endloop
 endfacet
 facet normal 0 1 0
  outer loop
   vertex 14.771979331970215 0.95679998397827148 -0.9250490665435791
   vertex 14.972091674804688 0.95679998397827148 -0.93288689851760864
   vertex 14.826388359069824 0.95679998397827148 -1.0981457233428955
  endloop
 endfacet
 facet normal 0 1 -0
  outer loop
   vertex 13.610751152038574 0.95679998397827148 0.99143809080123901
   vertex 13.365031242370605 0.95679998397827148 0.61979115009307861
   vertex 13.139920234680176 0.95679998397827148 0.95808714628219604
  endloop
 endfacet
 facet normal 0 1 0
  outer loop
   vertex 15.576960563659668 0.95679998397827148 0.46285116672515869
   vertex 15.976064682006836 0.95679998397827148 0.16746307909488678
   vertex 15.647601127624512 0.95679998397827148 0.056276701390743256
  endloop
 endfacet
 facet normal 0 1 -0
  outer loop
   vertex 12.749519348144531 0.95679998397827148 -1.1211282014846802
   vertex 12.439855575561523 0.95679998397827148 -1.4746658802032471
   vertex 12.312932014465332 0.95679998397827148 -1.0049031972885132
  endloop
 endfacet
 facet normal 0 1 0
  outer loop
   vertex 11.872268676757812 0.95679998397827148 -0.84680402278900146
   vertex 12.312932014465332 0.95679998397827148 -1.0049031972885132
   vertex 12.043437957763672 0.95679998397827148 -1.3037422895431519
  endloop
 endfacet
 facet normal -0 1 0
  outer loop
   vertex 14.503904342651367 0.95679998397827148 -1.1670458316802979
   vertex 14.373726844787598 0.95679998397827148 -1.0929125547409058
   vertex 14.513552665710449 0.95679998397827148 -1.0213695764541626
  endloop
 endfacet
 facet normal 0 1 -0
  outer loop
   vertex 15.050702095031738 0.95679998397827148 -1.3770253658294678
   vertex 15.023946762084961 0.95679998397827148 -1.6148728132247925
   vertex 14.836794853210449 0.95679998397827148 -1.4556043148040771
  endloop
 endfacet
 facet normal 0 1 0
  outer loop
   vertex 9.3119955062866211 0.95679998397827148 -0.68411165475845337
   vertex 9.7514190673828125 0.95679998397827148 0.66897028684616089
   vertex 10.523924827575684 0.95679998397827148 -0.30211204290390015
  endloop
 endfacet
 facet normal -0 1 0
  outer loop
   vertex 3.904874324798584 0.95679998397827148 -1.8222366571426392
   vertex 3.3032844066619873 0.95679998397827148 -1.1932481527328491
   vertex 3.911327600479126 0.95679998397827148 -0.79347693920135498
  endloop
 endfacet
 facet normal 0 1 0
  outer loop
   vertex 0.76405948400497437 0.95679998397827148 -0.14026173949241638
   vertex 0.91453045606613159 0.95679998397827148 -0.051949914544820786
   vertex 0.90477591753005981 0.95679998397827148 -0.21003161370754242
  endloop
 endfacet
 facet normal 0 1 0
  outer loop
   vertex 14.624269485473633 0.95679998397827148 -0.90999889373779297
   vertex 14.650632858276367 0.95679998397827148 -1.0579409599304199
   vertex 14.513552665710449 0.95679998397827148 -1.0213695764541626
  endloop
 endfacet
 facet normal -0 1 0
  outer loop
   vertex 13.820797920227051 0.95679998397827148 -0.92029953002929688
   vertex 13.684390068054199 0.95679998397827148 -0.92022556066513062
   vertex 13.746501922607422 0.95679998397827148 -0.78189820051193237
  endloop
 endfacet
 facet normal 0 1 0
  outer loop
   vertex 0.66450703144073486 0.95679998397827148 -1.3143302202224731
   vertex 0.74630403518676758 0.95679998397827148 -1.4398077726364136
   vertex 0.59312361478805542 0.95679998397827148 -1.4688558578491211
  endloop
 endfacet
 facet normal 0 1 0
  outer loop
   vertex 2.4052689075469971 0.95679998397827148 -1.0166590213775635
   vertex 2.8047981262207031 0.95679998397827148 -0.81389790773391724
   vertex 2.7668652534484863 0.95679998397827148 -1.3719800710678101
  endloop
 endfacet
 facet normal 0 1 0
  outer loop
   vertex 3.3032844066619873 0.95679998397827148 -1.1932481527328491
   vertex 3.2648837566375732 0.95679998397827148 -0.4749162495136261
   vertex 3.911327600479126 0.95679998397827148 -0.79347693920135498
  endloop
 endfacet
 facet normal 0 1 -0
  outer loop
   vertex 9.3119955062866211 0.95679998397827148 -0.68411165475845337
   vertex 8.3811941146850586 0.95679998397827148 -1.0832028388977051
   vertex 8.2983160018920898 0.95679998397827148 -0.41547912359237671
  endloop
 endfacet
 facet normal 0 1 0
  outer loop
   vertex -0.086302466690540314 0.95679998397827148 -1.7219201326370239
   vertex 0.19935368001461029 0.95679998397827148 -1.5999306440353394
   vertex 0.3455193042755127 0.95679998397827148 -2.0086770057678223
  endloop
 endfacet
 facet normal 0 1 0
  outer loop
   vertex 2.8047981262207031 0.95679998397827148 -0.81389790773391724
   vertex 3.2648837566375732 0.95679998397827148 -0.4749162495136261
   vertex 3.3032844066619873 0.95679998397827148 -1.1932481527328491
  endloop
 endfacet
 facet normal 0 1 -0
  outer loop
   vertex 1.179253101348877 0.95679998397827148 -1.1859012842178345
   vertex 1.1242148876190186 0.95679998397827148 -1.4563668966293335
   vertex 0.9898105263710022 0.95679998397827148 -1.2773368358612061
  endloop
 endfacet
 facet normal 0 1 0
  outer loop
   vertex 16.09100341796875 0.95679998397827148 0.65645217895507812
   vertex 16.385601043701172 0.95679998397827148 0.28874862194061279
   vertex 15.976064682006836 0.95679998397827148 0.16746307909488678
  endloop
 endfacet
 facet normal -0 1 0
  outer loop
   vertex 15.717653274536133 0.95679998397827148 -0.79398918151855469
   vertex 15.434496879577637 0.95679998397827148 -0.74177265167236328
   vertex 15.491809844970703 0.95679998397827148 -0.51108801364898682
  endloop
 endfacet
 facet normal 0 1 0
  outer loop
   vertex 0.74487096071243286 0.95679998397827148 0.074778266251087189
   vertex 0.85512423515319824 0.95679998397827148 0.30362614989280701
   vertex 0.98281681537628174 0.95679998397827148 0.12620139122009277
  endloop
 endfacet
 facet normal -0 1 0
  outer loop
   vertex 10.214158058166504 0.95679998397827148 -1.1521334648132324
   vertex 9.3119955062866211 0.95679998397827148 -0.68411165475845337
   vertex 10.523924827575684 0.95679998397827148 -0.30211204290390015
  endloop
 endfacet
 facet normal -0 1 0
  outer loop
   vertex 12.563324928283691 0.95679998397827148 -0.73702174425125122
   vertex 12.21147346496582 0.95679998397827148 -0.54467594623565674
   vertex 12.551240921020508 0.95679998397827148 -0.30653125047683716
  endloop
 endfacet
 facet normal -0 1 0
  outer loop
   vertex 15.11919116973877 0.95679998397827148 0.74643141031265259
   vertex 14.659530639648438 0.95679998397827148 0.9601936936378479
   vertex 15.090810775756836 0.95679998397827148 1.2845703363418579
  endloop
 endfacet
 facet normal 0 1 0
  outer loop
   vertex 13.288534164428711 0.95679998397827148 -0.61427587270736694
   vertex 13.482441902160645 0.95679998397827148 -0.65414643287658691
   vertex 13.418312072753906 0.95679998397827148 -0.81494408845901489
  endloop
 endfacet
 facet normal 0 1 0
  outer loop
   vertex 12.439855575561523 0.95679998397827148 -1.4746658802032471
   vertex 12.749519348144531 0.95679998397827148 -1.1211282014846802
   vertex 12.936944961547852 0.95679998397827148 -1.5725935697555542
  endloop
 endfacet
 facet normal 0 1 0
  outer loop
   vertex 12.009194374084473 0.95679998397827148 -1.9024224281311035
   vertex 11.585783004760742 0.95679998397827148 -1.2887011766433716
   vertex 12.043437957763672 0.95679998397827148 -1.3037422895431519
  endloop
 endfacet
 facet normal -0 1 0
  outer loop
   vertex 14.367695808410645 0.95679998397827148 -0.14025700092315674
   vertex 14.212191581726074 0.95679998397827148 -0.11758965998888016
   vertex 14.245546340942383 0.95679998397827148 0.047559265047311783
  endloop
 endfacet
 facet normal 0 1 0
  outer loop
   vertex 16.09100341796875 0.95679998397827148 0.65645217895507812
   vertex 15.576960563659668 0.95679998397827148 0.46285116672515869
   vertex 15.6392822265625 0.95679998397827148 1.0222265720367432
  endloop
 endfacet
 facet normal -0 1 0
  outer loop
   vertex 15.434496879577637 0.95679998397827148 -0.74177265167236328
   vertex 15.284326553344727 0.95679998397827148 -0.63212072849273682
   vertex 15.491809844970703 0.95679998397827148 -0.51108801364898682
  endloop
 endfacet
 facet normal 0 1 0
  outer loop
   vertex 14.13727855682373 0.95679998397827148 -1.28019118309021
   vertex 14.075979232788086 0.95679998397827148 -1.096739649772644
   vertex 14.218718528747559 0.95679998397827148 -1.1175470352172852
  endloop
 endfacet
 facet normal 0 1 0
  outer loop
   vertex 14.05733585357666 0.95679998397827148 -0.14430764317512512
   vertex 14.120983123779297 0.95679998397827148 0.011281432583928108
   vertex 14.212191581726074 0.95679998397827148 -0.11758965998888016
  endloop
 endfacet
 facet normal 0 1 -0
  outer loop
   vertex 9.7514190673828125 0.95679998397827148 0.66897028684616089
   vertex 9.3119955062866211 0.95679998397827148 -0.68411165475845337
   vertex 8.7164487838745117 0.95679998397827148 0.31882995367050171
  endloop
 endfacet
 facet normal 0 1 0
  outer loop
   vertex 9.5376567840576172 0.95679998397827148 1.7197651863098145
   vertex 9.7514190673828125 0.95679998397827148 0.66897028684616089
   vertex 8.9933080673217773 0.95679998397827148 1.087549090385437
  endloop
 endfacet
 facet normal 0 1 0
  outer loop
   vertex 15.284326553344727 0.95679998397827148 -0.63212072849273682
   vertex 15.434496879577637 0.95679998397827148 -0.74177265167236328
   vertex 15.223139762878418 0.95679998397827148 -0.83068138360977173
  endloop
 endfacet
 facet normal -0 1 0
  outer loop
   vertex 4.6335844993591309 0.95679998397827148 -1.0845462083816528
   vertex 3.911327600479126 0.95679998397827148 -0.79347693920135498
   vertex 4.587242603302002 0.95679998397827148 -0.23515357077121735
  endloop
 endfacet
 facet normal 0 1 0
  outer loop
   vertex 0.14843879640102386 0.95679998397827148 -1.3270993232727051
   vertex 0.13934539258480072 0.95679998397827148 -1.0996476411819458
   vertex 0.33242160081863403 0.95679998397827148 -1.2261414527893066
  endloop
 endfacet
 facet normal 0 1 0
  outer loop
   vertex 9.7514190673828125 0.95679998397827148 0.66897028684616089
   vertex 10.345648765563965 0.95679998397827148 1.7431397438049316
   vertex 10.839657783508301 0.95679998397827148 0.79117077589035034
  endloop
 endfacet
 facet normal -0 1 0
  outer loop
   vertex 12.439855575561523 0.95679998397827148 -1.4746658802032471
   vertex 12.043437957763672 0.95679998397827148 -1.3037422895431519
   vertex 12.312932014465332 0.95679998397827148 -1.0049031972885132
  endloop
 endfacet
 facet normal 0 1 -0
  outer loop
   vertex 0.19935368001461029 0.95679998397827148 -1.5999306440353394
   vertex -0.086302466690540314 0.95679998397827148 -1.7219201326370239
   vertex -0.096300169825553894 0.95679998397827148 -1.4087309837341309
  endloop
 endfacet
 facet normal 0 1 0
  outer loop
   vertex 7.358705997467041 0.95679998397827148 -0.86370390653610229
   vertex 8.3811941146850586 0.95679998397827148 -1.0832028388977051
   vertex 8.0561237335205078 0.95679998397827148 -1.7190756797790527
  endloop
 endfacet
 facet normal 0 1 -0
  outer loop
   vertex 1.1728518009185791 0.95679998397827148 -0.32969310879707336
   vertex 1.0894045829772949 0.95679998397827148 -0.45942044258117676
   vertex 1.0169196128845215 0.95679998397827148 -0.32003310322761536
  endloop
 endfacet
 facet normal 0 1 0
  outer loop
   vertex 2.6999297142028809 0.95679998397827148 0.64115208387374878
   vertex 2.7277481555938721 0.95679998397827148 1.2594137191772461
   vertex 3.4335191249847412 0.95679998397827148 0.93375450372695923
  endloop
 endfacet
 facet normal 0 1 0
  outer loop
   vertex 12.22240161895752 0.95679998397827148 0.045860350131988525
   vertex 12.640674591064453 0.95679998397827148 0.029599124565720558
   vertex 12.551240921020508 0.95679998397827148 -0.30653125047683716
  endloop
 endfacet
 facet normal -0 1 0
  outer loop
   vertex 3.911327600479126 0.95679998397827148 -0.79347693920135498
   vertex 3.2648837566375732 0.95679998397827148 -0.4749162495136261
   vertex 3.7881114482879639 0.95679998397827148 0.064050391316413879
  endloop
 endfacet
 facet normal 0 1 0
  outer loop
   vertex 13.855169296264648 0.95679998397827148 -0.061381377279758453
   vertex 13.91848087310791 0.95679998397827148 -0.21772508323192596
   vertex 13.790151596069336 0.95679998397827148 -0.17116963863372803
  endloop
 endfacet
 facet normal -0 1 0
  outer loop
   vertex 12.22240161895752 0.95679998397827148 0.045860350131988525
   vertex 11.782817840576172 0.95679998397827148 0.20692554116249084
   vertex 12.162734985351562 0.95679998397827148 0.5619933009147644
  endloop
 endfacet
 facet normal 0 1 0
  outer loop
   vertex 14.874945640563965 0.95679998397827148 0.14836752414703369
   vertex 15.11443042755127 0.95679998397827148 -0.026115678250789642
   vertex 14.87531852722168 0.95679998397827148 -0.14955116808414459
  endloop
 endfacet
 facet normal 0 1 0
  outer loop
   vertex 3.904874324798584 0.95679998397827148 -1.8222366571426392
   vertex 3.1691076755523682 0.95679998397827148 -1.8748869895935059
   vertex 3.3032844066619873 0.95679998397827148 -1.1932481527328491
  endloop
 endfacet
 facet normal 0 1 0
  outer loop
   vertex 12.439855575561523 0.95679998397827148 -1.4746658802032471
   vertex 12.936944961547852 0.95679998397827148 -1.5725935697555542
   vertex 12.588722229003906 0.95679998397827148 -1.9417496919631958
  endloop
 endfacet
 facet normal 0 1 0
  outer loop
   vertex 12.009194374084473 0.95679998397827148 -1.9024224281311035
   vertex 12.439855575561523 0.95679998397827148 -1.4746658802032471
   vertex 12.588722229003906 0.95679998397827148 -1.9417496919631958
  endloop
 endfacet
 facet normal -0 1 0
  outer loop
   vertex 1.0309813022613525 0.95679998397827148 -1.0811172723770142
   vertex 0.90986639261245728 0.95679998397827148 -1.021395206451416
   vertex 1.0206483602523804 0.95679998397827148 -0.90995752811431885
  endloop
 endfacet
 facet normal 0 1 0
  outer loop
   vertex 2.7668652534484863 0.95679998397827148 -1.3719800710678101
   vertex 2.8047981262207031 0.95679998397827148 -0.81389790773391724
   vertex 3.3032844066619873 0.95679998397827148 -1.1932481527328491
  endloop
 endfacet
 facet normal -0 1 0
  outer loop
   vertex 0.38222506642341614 0.95679998397827148 -1.4353338479995728
   vertex 0.14843879640102386 0.95679998397827148 -1.3270993232727051
   vertex 0.33242160081863403 0.95679998397827148 -1.2261414527893066
  endloop
 endfacet
 facet normal 0 1 0
  outer loop
   vertex -0.61382108926773071 0.95679998397827148 -0.88857316970825195
   vertex -0.32856428623199463 0.95679998397827148 -0.89159888029098511
   vertex -0.34871682524681091 0.95679998397827148 -1.1492253541946411
  endloop
 endfacet
 facet normal -0 1 0
  outer loop
   vertex 10.523924827575684 0.95679998397827148 -0.30211204290390015
   vertex 9.7514190673828125 0.95679998397827148 0.66897028684616089
   vertex 10.839657783508301 0.95679998397827148 0.79117077589035034
  endloop
 endfacet
 facet normal 0 1 0
  outer loop
   vertex -0.44123393297195435 0.95679998397827148 -0.30971693992614746
   vertex -0.56537026166915894 0.95679998397827148 -0.014889738522469997
   vertex -0.23864647746086121 0.95679998397827148 -0.15435552597045898
  endloop
 endfacet
 facet normal 0 1 0
  outer loop
   vertex 0.14843879640102386 0.95679998397827148 -1.3270993232727051
   vertex 0.19935368001461029 0.95679998397827148 -1.5999306440353394
   vertex -0.096300169825553894 0.95679998397827148 -1.4087309837341309
  endloop
 endfacet
 facet normal 0 1 0
  outer loop
   vertex 1.0863078832626343 0.95679998397827148 -0.017648195847868919
   vertex 0.91453045606613159 0.95679998397827148 -0.051949914544820786
   vertex 0.98281681537628174 0.95679998397827148 0.12620139122009277
  endloop
 endfacet
 facet normal 0 1 0
  outer loop
   vertex 0.19935368001461029 0.95679998397827148 -1.5999306440353394
   vertex 0.14843879640102386 0.95679998397827148 -1.3270993232727051
   vertex 0.38222506642341614 0.95679998397827148 -1.4353338479995728
  endloop
 endfacet
 facet normal -0 1 0
  outer loop
   vertex 13.746501922607422 0.95679998397827148 -0.78189820051193237
   vertex 13.614245414733887 0.95679998397827148 -0.67778146266937256
   vertex 13.718812942504883 0.95679998397827148 -0.62727218866348267
  endloop
 endfacet
 facet normal 0 1 0
  outer loop
   vertex 1.1242148876190186 0.95679998397827148 -1.4563668966293335
   vertex 0.90381336212158203 0.95679998397827148 -1.4718570709228516
   vertex 0.9898105263710022 0.95679998397827148 -1.2773368358612061
  endloop
 endfacet
 facet normal -0 1 0
  outer loop
   vertex 14.489990234375 0.95679998397827148 1.3990620374679565
   vertex 14.078995704650879 0.95679998397827148 1.5617772340774536
   vertex 14.325849533081055 0.95679998397827148 1.9134459495544434
  endloop
 endfacet
 facet normal -0 1 0
  outer loop
   vertex 2.0106995105743408 0.95679998397827148 0.15040130913257599
   vertex 1.7030305862426758 0.95679998397827148 0.3215688169002533
   vertex 1.9663633108139038 0.95679998397827148 0.49956870079040527
  endloop
 endfacet
 facet normal 0 1 0
  outer loop
   vertex 4.6335844993591309 0.95679998397827148 -1.0845462083816528
   vertex 5.2463240623474121 0.95679998397827148 -0.60854935646057129
   vertex 5.448333740234375 0.95679998397827148 -1.2657102346420288
  endloop
 endfacet
 facet normal -0 1 0
  outer loop
   vertex 14.078995704650879 0.95679998397827148 1.5617772340774536
   vertex 13.772931098937988 0.95679998397827148 1.8980307579040527
   vertex 14.325849533081055 0.95679998397827148 1.9134459495544434
  endloop
 endfacet
 facet normal 0 1 0
  outer loop
   vertex -0.085615210235118866 0.95679998397827148 -0.55251282453536987
   vertex 0.021925702691078186 0.95679998397827148 -0.46916034817695618
   vertex 0.11516471207141876 0.95679998397827148 -0.62742549180984497
  endloop
 endfacet
 facet normal 0 1 0
  outer loop
   vertex 13.590869903564453 0.95679998397827148 -0.54960709810256958
   vertex 13.740456581115723 0.95679998397827148 -0.47171854972839355
   vertex 13.718812942504883 0.95679998397827148 -0.62727218866348267
  endloop
 endfacet
 facet normal -0 1 0
  outer loop
   vertex 9.3119955062866211 0.95679998397827148 -0.68411165475845337
   vertex 8.2983160018920898 0.95679998397827148 -0.41547912359237671
   vertex 8.7164487838745117 0.95679998397827148 0.31882995367050171
  endloop
 endfacet
 facet normal 0 1 0
  outer loop
   vertex 12.439855575561523 0.95679998397827148 -1.4746658802032471
   vertex 12.009194374084473 0.95679998397827148 -1.9024224281311035
   vertex 12.043437957763672 0.95679998397827148 -1.3037422895431519
  endloop
 endfacet
 facet normal 0 1 0
  outer loop
   vertex 10.523924827575684 0.95679998397827148 -0.30211204290390015
   vertex 11.305627822875977 0.95679998397827148 0.073751978576183319
   vertex 11.327452659606934 0.95679998397827148 -0.63979029655456543
  endloop
 endfacet
 facet normal 0 1 0
  outer loop
   vertex 15.223139762878418 0.95679998397827148 -0.83068138360977173
   vertex 14.972091674804688 0.95679998397827148 -0.93288689851760864
   vertex 15.056746482849121 0.95679998397827148 -0.65687459707260132
  endloop
 endfacet
 facet normal 0 1 0
  outer loop
   vertex 9.7514190673828125 0.95679998397827148 0.66897028684616089
   vertex 8.7164487838745117 0.95679998397827148 0.31882995367050171
   vertex 8.9933080673217773 0.95679998397827148 1.087549090385437
  endloop
 endfacet
 facet normal 0 1 0
  outer loop
   vertex 12.21147346496582 0.95679998397827148 -0.54467594623565674
   vertex 12.22240161895752 0.95679998397827148 0.045860350131988525
   vertex 12.551240921020508 0.95679998397827148 -0.30653125047683716
  endloop
 endfacet
 facet normal 0 1 -0
  outer loop
   vertex 0.74487096071243286 0.95679998397827148 0.074778266251087189
   vertex 0.60848164558410645 0.95679998397827148 -0.11759042739868164
   vertex 0.50548219680786133 0.95679998397827148 0.024583270773291588
  endloop
 endfacet
 facet normal 0 1 -0
  outer loop
   vertex 0.20552009344100952 0.95679998397827148 -0.33071744441986084
   vertex 0.13672913610935211 0.95679998397827148 -0.47196966409683228
   vertex 0.06774313747882843 0.95679998397827148 -0.35725221037864685
  endloop
 endfacet
 facet normal 0 1 0
  outer loop
   vertex 14.367695808410645 0.95679998397827148 -0.14025700092315674
   vertex 14.540230751037598 0.95679998397827148 -0.00770574901252985
   vertex 14.50843334197998 0.95679998397827148 -0.21003614366054535
  endloop
 endfacet
 facet normal 0 1 -0
  outer loop
   vertex 0.85512423515319824 0.95679998397827148 0.30362614989280701
   vertex 0.74487096071243286 0.95679998397827148 0.074778266251087189
   vertex 0.60002982616424561 0.95679998397827148 0.23334462940692902
  endloop
 endfacet
 facet normal 0 1 -0
  outer loop
   vertex -1.242607593536377 0.95679998397827148 0.3615572452545166
   vertex -1.3952586650848389 0.95679998397827148 -0.05266880989074707
   vertex -1.7890045642852783 0.95679998397827148 0.21798987686634064
  endloop
 endfacet
 facet normal 0 1 0
  outer loop
   vertex 15.284326553344727 0.95679998397827148 -0.63212072849273682
   vertex 15.216962814331055 0.95679998397827148 -0.44874781370162964
   vertex 15.491809844970703 0.95679998397827148 -0.51108801364898682
  endloop
 endfacet
 facet normal 0 1 0
  outer loop
   vertex 15.338255882263184 0.95679998397827148 0.15856726467609406
   vertex 15.576960563659668 0.95679998397827148 0.46285116672515869
   vertex 15.647601127624512 0.95679998397827148 0.056276701390743256
  endloop
 endfacet
 facet normal 0 1 0
  outer loop
   vertex 0.73344159126281738 0.95679998397827148 0.50453919172286987
   vertex 0.85512423515319824 0.95679998397827148 0.30362614989280701
   vertex 0.60002982616424561 0.95679998397827148 0.23334462940692902
  endloop
 endfacet
 facet normal -0 1 0
  outer loop
   vertex 11.872268676757812 0.95679998397827148 -0.84680402278900146
   vertex 11.327452659606934 0.95679998397827148 -0.63979029655456543
   vertex 11.75639820098877 0.95679998397827148 -0.2980993390083313
  endloop
 endfacet
 facet normal 0 1 0
  outer loop
   vertex 0.043723158538341522 0.95679998397827148 -0.9185187816619873
   vertex 0.14285048842430115 0.95679998397827148 -0.78189867734909058
   vertex 0.21717023849487305 0.95679998397827148 -0.92033094167709351
  endloop
 endfacet
 facet normal 0 1 -0
  outer loop
   vertex 15.284326553344727 0.95679998397827148 -0.63212072849273682
   vertex 15.223139762878418 0.95679998397827148 -0.83068138360977173
   vertex 15.056746482849121 0.95679998397827148 -0.65687459707260132
  endloop
 endfacet
 facet normal -0 1 0
  outer loop
   vertex 3.2648837566375732 0.95679998397827148 -0.4749162495136261
   vertex 2.7222683429718018 0.95679998397827148 -0.2690371572971344
   vertex 3.0664076805114746 0.95679998397827148 0.17063230276107788
  endloop
 endfacet
 facet normal -0 1 0
  outer loop
   vertex 1.7634007930755615 0.95679998397827148 1.1934046745300293
   vertex 1.2113025188446045 0.95679998397827148 1.4183216094970703
   vertex 1.8858993053436279 0.95679998397827148 1.8980956077575684
  endloop
 endfacet
 facet normal 0 1 0
  outer loop
   vertex -0.71532356739044189 0.95679998397827148 -1.1589286327362061
   vertex -1.0017192363739014 0.95679998397827148 -0.86464101076126099
   vertex -0.61382108926773071 0.95679998397827148 -0.88857316970825195
  endloop
 endfacet
 facet normal 0 1 0
  outer loop
   vertex 7.7353649139404297 0.95679998397827148 0.2201913595199585
   vertex 8.7164487838745117 0.95679998397827148 0.31882995367050171
   vertex 8.2983160018920898 0.95679998397827148 -0.41547912359237671
  endloop
 endfacet
 facet normal 0 1 0
  outer loop
   vertex 10.839657783508301 0.95679998397827148 0.79117077589035034
   vertex 10.345648765563965 0.95679998397827148 1.7431397438049316
   vertex 10.930929183959961 0.95679998397827148 1.3953393697738647
  endloop
 endfacet
 facet normal -0 1 0
  outer loop
   vertex 15.090810775756836 0.95679998397827148 1.2845703363418579
   vertex 14.489990234375 0.95679998397827148 1.3990620374679565
   vertex 14.963984489440918 0.95679998397827148 1.8828693628311157
  endloop
 endfacet
 facet normal 0 1 0
  outer loop
   vertex 11.782817840576172 0.95679998397827148 0.20692554116249084
   vertex 11.305627822875977 0.95679998397827148 0.073751978576183319
   vertex 11.60971736907959 0.95679998397827148 0.68330806493759155
  endloop
 endfacet
 facet normal 0 1 0
  outer loop
   vertex 14.67066764831543 0.95679998397827148 -0.16328771412372589
   vertex 14.712223052978516 0.95679998397827148 -0.0094162207096815109
   vertex 14.87531852722168 0.95679998397827148 -0.14955116808414459
  endloop
 endfacet
 facet normal 0 1 0
  outer loop
   vertex 14.718708992004395 0.95679998397827148 -0.61441242694854736
   vertex 14.69304370880127 0.95679998397827148 -0.45938491821289062
   vertex 14.846444129943848 0.95679998397827148 -0.56077331304550171
  endloop
 endfacet
 facet normal 0 1 0
  outer loop
   vertex 0.76405948400497437 0.95679998397827148 -0.14026173949241638
   vertex 0.74487096071243286 0.95679998397827148 0.074778266251087189
   vertex 0.91453045606613159 0.95679998397827148 -0.051949914544820786
  endloop
 endfacet
 facet normal 0 1 -0
  outer loop
   vertex 2.7277481555938721 0.95679998397827148 1.2594137191772461
   vertex 2.6999297142028809 0.95679998397827148 0.64115208387374878
   vertex 2.1979308128356934 0.95679998397827148 0.88115155696868896
  endloop
 endfacet
 facet normal 0 1 -0
  outer loop
   vertex 5.2463240623474121 0.95679998397827148 -0.60854935646057129
   vertex 4.6335844993591309 0.95679998397827148 -1.0845462083816528
   vertex 4.587242603302002 0.95679998397827148 -0.23515357077121735
  endloop
 endfacet
 facet normal 0 1 0
  outer loop
   vertex 14.089078903198242 0.95679998397827148 0.44046637415885925
   vertex 14.420758247375488 0.95679998397827148 0.4536450207233429
   vertex 14.267158508300781 0.95679998397827148 0.24555245041847229
  endloop
 endfacet
 facet normal 0 1 0
  outer loop
   vertex 14.843491554260254 0.95679998397827148 -0.7432977557182312
   vertex 14.694976806640625 0.95679998397827148 -0.76979029178619385
   vertex 14.718708992004395 0.95679998397827148 -0.61441242694854736
  endloop
 endfacet
 facet normal -0 1 0
  outer loop
   vertex -1.242607593536377 0.95679998397827148 0.3615572452545166
   vertex -1.5963314771652222 0.95679998397827148 0.81072425842285156
   vertex -0.99820089340209961 0.95679998397827148 0.81733912229537964
  endloop
 endfacet
 facet normal 0 1 0
  outer loop
   vertex 10.839657783508301 0.95679998397827148 0.79117077589035034
   vertex 11.418337821960449 0.95679998397827148 1.2734301090240479
   vertex 11.60971736907959 0.95679998397827148 0.68330806493759155
  endloop
 endfacet
 facet normal 0 1 0
  outer loop
   vertex 0.20552009344100952 0.95679998397827148 -0.33071744441986084
   vertex 0.19960726797580719 0.95679998397827148 -0.15298771858215332
   vertex 0.31471207737922668 0.95679998397827148 -0.21781358122825623
  endloop
 endfacet
 facet normal 0 1 0
  outer loop
   vertex 0.59312361478805542 0.95679998397827148 -1.4688558578491211
   vertex 0.74630403518676758 0.95679998397827148 -1.4398077726364136
   vertex 0.74582231044769287 0.95679998397827148 -1.6339316368103027
  endloop
 endfacet
 facet normal 0 1 0
  outer loop
   vertex 11.75639820098877 0.95679998397827148 -0.2980993390083313
   vertex 12.21147346496582 0.95679998397827148 -0.54467594623565674
   vertex 11.872268676757812 0.95679998397827148 -0.84680402278900146
  endloop
 endfacet
 facet normal 0 1 0
  outer loop
   vertex 7.358705997467041 0.95679998397827148 -0.86370390653610229
   vertex 8.2983160018920898 0.95679998397827148 -0.41547912359237671
   vertex 8.3811941146850586 0.95679998397827148 -1.0832028388977051
  endloop
 endfacet
 facet normal -0 1 0
  outer loop
   vertex -0.4255751371383667 0.95679998397827148 -1.4599385261535645
   vertex -0.71532356739044189 0.95679998397827148 -1.1589286327362061
   vertex -0.34871682524681091 0.95679998397827148 -1.1492253541946411
  endloop
 endfacet
 facet normal -0 1 0
  outer loop
   vertex 1.20154869556427 0.95679998397827148 -0.95782524347305298
   vertex 1.0913667678833008 0.95679998397827148 -0.76966100931167603
   vertex 1.2545688152313232 0.95679998397827148 -0.76505124568939209
  endloop
 endfacet
 facet normal 0 1 0
  outer loop
   vertex 13.948155403137207 0.95679998397827148 0.077664397656917572
   vertex 14.05733585357666 0.95679998397827148 -0.14430764317512512
   vertex 13.855169296264648 0.95679998397827148 -0.061381377279758453
  endloop
 endfacet
 facet normal -0 1 0
  outer loop
   vertex 3.1691076755523682 0.95679998397827148 -1.8748869895935059
   vertex 2.7668652534484863 0.95679998397827148 -1.3719800710678101
   vertex 3.3032844066619873 0.95679998397827148 -1.1932481527328491
  endloop
 endfacet
 facet normal 0 1 0
  outer loop
   vertex 2.7668652534484863 0.95679998397827148 -1.3719800710678101
   vertex 3.1691076755523682 0.95679998397827148 -1.8748869895935059
   vertex 2.5420293807983398 0.95679998397827148 -1.9237422943115234
  endloop
 endfacet
 facet normal 0 1 0
  outer loop
   vertex 15.284326553344727 0.95679998397827148 -0.63212072849273682
   vertex 15.056746482849121 0.95679998397827148 -0.65687459707260132
   vertex 15.216962814331055 0.95679998397827148 -0.44874781370162964
  endloop
 endfacet
 facet normal 0 1 0
  outer loop
   vertex 14.650632858276367 0.95679998397827148 -1.0579409599304199
   vertex 14.624269485473633 0.95679998397827148 -0.90999889373779297
   vertex 14.771979331970215 0.95679998397827148 -0.9250490665435791
  endloop
 endfacet
 facet normal 0 1 0
  outer loop
   vertex 3.911327600479126 0.95679998397827148 -0.79347693920135498
   vertex 3.7881114482879639 0.95679998397827148 0.064050391316413879
   vertex 4.587242603302002 0.95679998397827148 -0.23515357077121735
  endloop
 endfacet
 facet normal 0 1 0
  outer loop
   vertex 2.5420293807983398 0.95679998397827148 -1.9237422943115234
   vertex 2.0201723575592041 0.95679998397827148 -1.9630851745605469
   vertex 2.0812666416168213 0.95679998397827148 -1.5551584959030151
  endloop
 endfacet
 facet normal 0 1 0
  outer loop
   vertex 12.588722229003906 0.95679998397827148 -1.9417496919631958
   vertex 12.936944961547852 0.95679998397827148 -1.5725935697555542
   vertex 13.080867767333984 0.95679998397827148 -1.9765044450759888
  endloop
 endfacet
 facet normal 0 1 0
  outer loop
   vertex -0.56537026166915894 0.95679998397827148 -0.014889738522469997
   vertex -0.44123393297195435 0.95679998397827148 -0.30971693992614746
   vertex -0.74272018671035767 0.95679998397827148 -0.34385621547698975
  endloop
 endfacet
 facet normal 0 1 -0
  outer loop
   vertex 14.69420337677002 0.95679998397827148 0.36308908462524414
   vertex 14.619352340698242 0.95679998397827148 0.14168661832809448
   vertex 14.487741470336914 0.95679998397827148 0.27747851610183716
  endloop
 endfacet
 facet normal 0 1 0
  outer loop
   vertex 0.98281681537628174 0.95679998397827148 0.12620139122009277
   vertex 1.0998094081878662 0.95679998397827148 0.30914673209190369
   vertex 1.2065184116363525 0.95679998397827148 0.16791756451129913
  endloop
 endfacet
 facet normal 0 1 -0
  outer loop
   vertex 0.11516471207141876 0.95679998397827148 -0.62742549180984497
   vertex -0.039069421589374542 0.95679998397827148 -0.7431982159614563
   vertex -0.085615210235118866 0.95679998397827148 -0.55251282453536987
  endloop
 endfacet
 facet normal 0 1 -0
  outer loop
   vertex 2.0820574760437012 0.95679998397827148 -1.1674042940139771
   vertex 2.0812666416168213 0.95679998397827148 -1.5551584959030151
   vertex 1.7968510389328003 0.95679998397827148 -1.2743897438049316
  endloop
 endfacet
 facet normal 0 1 0
  outer loop
   vertex 15.976064682006836 0.95679998397827148 0.16746307909488678
   vertex 16.385601043701172 0.95679998397827148 0.28874862194061279
   vertex 16.334005355834961 0.95679998397827148 -0.16411550343036652
  endloop
 endfacet
 facet normal -0 1 0
  outer loop
   vertex 0.85512423515319824 0.95679998397827148 0.30362614989280701
   vertex 0.73344159126281738 0.95679998397827148 0.50453919172286987
   vertex 1.0472358465194702 0.95679998397827148 0.5279729962348938
  endloop
 endfacet
 facet normal 0 1 0
  outer loop
   vertex -0.35432702302932739 0.95679998397827148 0.2280702143907547
   vertex -0.12032724171876907 0.95679998397827148 0.30945959687232971
   vertex -0.076952122151851654 0.95679998397827148 0.071768708527088165
  endloop
 endfacet
 facet normal 0 1 0
  outer loop
   vertex 2.2249062061309814 0.95679998397827148 1.4185631275177002
   vertex 2.7277481555938721 0.95679998397827148 1.2594137191772461
   vertex 2.1979308128356934 0.95679998397827148 0.88115155696868896
  endloop
 endfacet
 facet normal 0 1 0
  outer loop
   vertex 12.749519348144531 0.95679998397827148 -1.1211282014846802
   vertex 12.563324928283691 0.95679998397827148 -0.73702174425125122
   vertex 12.820642471313477 0.95679998397827148 -0.80006790161132812
  endloop
 endfacet
 facet normal 0 1 0
  outer loop
   vertex 0.51809430122375488 0.95679998397827148 -1.2929919958114624
   vertex 0.47245699167251587 0.95679998397827148 -1.0967780351638794
   vertex 0.61506712436676025 0.95679998397827148 -1.1175470352172852
  endloop
 endfacet
 facet normal 0 1 0
  outer loop
   vertex 13.790151596069336 0.95679998397827148 -0.17116963863372803
   vertex 13.665657043457031 0.95679998397827148 -0.05846792459487915
   vertex 13.855169296264648 0.95679998397827148 -0.061381377279758453
  endloop
 endfacet
 facet normal 0 1 0
  outer loop
   vertex -0.70687037706375122 0.95679998397827148 0.394203782081604
   vertex -0.28743666410446167 0.95679998397827148 0.56098109483718872
   vertex -0.35432702302932739 0.95679998397827148 0.2280702143907547
  endloop
 endfacet
 facet normal -0 1 0
  outer loop
   vertex 0.50548219680786133 0.95679998397827148 0.024583270773291588
   vertex 0.35276132822036743 0.95679998397827148 0.13212877511978149
   vertex 0.60002982616424561 0.95679998397827148 0.23334462940692902
  endloop
 endfacet
 facet normal 0 1 0
  outer loop
   vertex 14.489990234375 0.95679998397827148 1.3990620374679565
   vertex 14.029450416564941 0.95679998397827148 1.1879264116287231
   vertex 14.078995704650879 0.95679998397827148 1.5617772340774536
  endloop
 endfacet
 facet normal 0 1 0
  outer loop
   vertex 14.489990234375 0.95679998397827148 1.3990620374679565
   vertex 14.659530639648438 0.95679998397827148 0.9601936936378479
   vertex 14.280952453613281 0.95679998397827148 1.0017281770706177
  endloop
 endfacet
 facet normal 0 1 0
  outer loop
   vertex -0.53058910369873047 0.95679998397827148 0.82452905178070068
   vertex -0.99820089340209961 0.95679998397827148 0.81733912229537964
   vertex -0.72370994091033936 0.95679998397827148 1.1734031438827515
  endloop
 endfacet
 facet normal -0 1 0
  outer loop
   vertex 14.029450416564941 0.95679998397827148 1.1879264116287231
   vertex 13.776305198669434 0.95679998397827148 1.4104119539260864
   vertex 14.078995704650879 0.95679998397827148 1.5617772340774536
  endloop
 endfacet
 facet normal -0 1 0
  outer loop
   vertex 0.87296807765960693 0.95679998397827148 -1.173500657081604
   vertex 0.77007085084915161 0.95679998397827148 -1.0929141044616699
   vertex 0.90986639261245728 0.95679998397827148 -1.021395206451416
  endloop
 endfacet
 facet normal -0 1 0
  outer loop
   vertex 0.91453045606613159 0.95679998397827148 -0.051949914544820786
   vertex 0.74487096071243286 0.95679998397827148 0.074778266251087189
   vertex 0.98281681537628174 0.95679998397827148 0.12620139122009277
  endloop
 endfacet
 facet normal 0 1 0
  outer loop
   vertex -0.28743666410446167 0.95679998397827148 0.56098109483718872
   vertex -0.12032724171876907 0.95679998397827148 0.30945959687232971
   vertex -0.35432702302932739 0.95679998397827148 0.2280702143907547
  endloop
 endfacet
 facet normal 0 1 0
  outer loop
   vertex 15.434496879577637 0.95679998397827148 -0.74177265167236328
   vertex 15.717653274536133 0.95679998397827148 -0.79398918151855469
   vertex 15.410326957702637 0.95679998397827148 -0.98457187414169312
  endloop
 endfacet
 facet normal 0 1 0
  outer loop
   vertex 15.216962814331055 0.95679998397827148 -0.44874781370162964
   vertex 15.386632919311523 0.95679998397827148 -0.18663869798183441
   vertex 15.491809844970703 0.95679998397827148 -0.51108801364898682
  endloop
 endfacet
 facet normal 0 1 0
  outer loop
   vertex 0.74630403518676758 0.95679998397827148 -1.4398077726364136
   vertex 0.90381336212158203 0.95679998397827148 -1.4718570709228516
   vertex 0.74582231044769287 0.95679998397827148 -1.6339316368103027
  endloop
 endfacet
 facet normal 0 1 0
  outer loop
   vertex 11.305627822875977 0.95679998397827148 0.073751978576183319
   vertex 10.839657783508301 0.95679998397827148 0.79117077589035034
   vertex 11.60971736907959 0.95679998397827148 0.68330806493759155
  endloop
 endfacet
 facet normal 0 1 0
  outer loop
   vertex 13.365031242370605 0.95679998397827148 0.61979115009307861
   vertex 12.988822937011719 0.95679998397827148 0.53852486610412598
   vertex 13.139920234680176 0.95679998397827148 0.95808714628219604
  endloop
 endfacet
 facet normal 0 1 0
  outer loop
   vertex 2.2249062061309814 0.95679998397827148 1.4185631275177002
   vertex 1.7634007930755615 0.95679998397827148 1.1934046745300293
   vertex 1.8858993053436279 0.95679998397827148 1.8980956077575684
  endloop
 endfacet
 facet normal 0 1 0
  outer loop
   vertex 13.197138786315918 0.95679998397827148 -0.13720755279064178
   vertex 12.881535530090332 0.95679998397827148 -0.21567387878894806
   vertex 12.975522994995117 0.95679998397827148 0.15309971570968628
  endloop
 endfacet
 facet normal -0 1 0
  outer loop
   vertex -0.97272419929504395 0.95679998397827148 -0.018541423603892326
   vertex -1.242607593536377 0.95679998397827148 0.3615572452545166
   vertex -0.70687037706375122 0.95679998397827148 0.394203782081604
  endloop
 endfacet
 facet normal 0 1 -0
  outer loop
   vertex 0.77007085084915161 0.95679998397827148 -1.0929141044616699
   vertex 0.73782616853713989 0.95679998397827148 -1.2021059989929199
   vertex 0.61506712436676025 0.95679998397827148 -1.1175470352172852
  endloop
 endfacet
 facet normal 0 1 0
  outer loop
   vertex 1.2113025188446045 0.95679998397827148 1.4183216094970703
   vertex 1.7634007930755615 0.95679998397827148 1.1934046745300293
   vertex 1.3362290859222412 0.95679998397827148 0.85445380210876465
  endloop
 endfacet
 facet normal 0 1 0
  outer loop
   vertex 0.32677066326141357 0.95679998397827148 -0.059553738683462143
   vertex 0.45355281233787537 0.95679998397827148 -0.14435245096683502
   vertex 0.31471207737922668 0.95679998397827148 -0.21781358122825623
  endloop
 endfacet
 facet normal 0 1 -0
  outer loop
   vertex -0.44123393297195435 0.95679998397827148 -0.30971693992614746
   vertex -0.48705706000328064 0.95679998397827148 -0.62739855051040649
   vertex -0.74272018671035767 0.95679998397827148 -0.34385621547698975
  endloop
 endfacet
 facet normal 0 1 0
  outer loop
   vertex 14.972091674804688 0.95679998397827148 -0.93288689851760864
   vertex 15.223139762878418 0.95679998397827148 -0.83068138360977173
   vertex 15.186726570129395 0.95679998397827148 -1.0292428731918335
  endloop
 endfacet
 facet normal 0 1 0
  outer loop
   vertex 7.7353649139404297 0.95679998397827148 0.2201913595199585
   vertex 8.2212638854980469 0.95679998397827148 1.0194993019104004
   vertex 8.7164487838745117 0.95679998397827148 0.31882995367050171
  endloop
 endfacet
 facet normal 0 1 -0
  outer loop
   vertex 15.6392822265625 0.95679998397827148 1.0222265720367432
   vertex 15.11919116973877 0.95679998397827148 0.74643141031265259
   vertex 15.090810775756836 0.95679998397827148 1.2845703363418579
  endloop
 endfacet
 facet normal 0 1 0
  outer loop
   vertex 1.179253101348877 0.95679998397827148 -1.1859012842178345
   vertex 1.3713877201080322 0.95679998397827148 -1.3942909240722656
   vertex 1.1242148876190186 0.95679998397827148 -1.4563668966293335
  endloop
 endfacet
 facet normal 0 1 0
  outer loop
   vertex 12.936944961547852 0.95679998397827148 -1.5725935697555542
   vertex 13.274356842041016 0.95679998397827148 -1.7388849258422852
   vertex 13.080867767333984 0.95679998397827148 -1.9765044450759888
  endloop
 endfacet
 facet normal -0 1 0
  outer loop
   vertex 3.0664076805114746 0.95679998397827148 0.17063230276107788
   vertex 2.6999297142028809 0.95679998397827148 0.64115208387374878
   vertex 3.4335191249847412 0.95679998397827148 0.93375450372695923
  endloop
 endfacet
 facet normal 0 1 0
  outer loop
   vertex 11.418337821960449 0.95679998397827148 1.2734301090240479
   vertex 10.839657783508301 0.95679998397827148 0.79117077589035034
   vertex 10.930929183959961 0.95679998397827148 1.3953393697738647
  endloop
 endfacet
 facet normal -0 1 0
  outer loop
   vertex 15.576960563659668 0.95679998397827148 0.46285116672515869
   vertex 15.11919116973877 0.95679998397827148 0.74643141031265259
   vertex 15.6392822265625 0.95679998397827148 1.0222265720367432
  endloop
 endfacet
 facet normal 0 1 0
  outer loop
   vertex -0.48705706000328064 0.95679998397827148 -0.62739855051040649
   vertex -0.32856428623199463 0.95679998397827148 -0.89159888029098511
   vertex -0.61382108926773071 0.95679998397827148 -0.88857316970825195
  endloop
 endfacet
 facet normal 0 1 0
  outer loop
   vertex 11.305627822875977 0.95679998397827148 0.073751978576183319
   vertex 10.523924827575684 0.95679998397827148 -0.30211204290390015
   vertex 10.839657783508301 0.95679998397827148 0.79117077589035034
  endloop
 endfacet
 facet normal 0 1 0
  outer loop
   vertex 3.2648837566375732 0.95679998397827148 -0.4749162495136261
   vertex 3.0664076805114746 0.95679998397827148 0.17063230276107788
   vertex 3.7881114482879639 0.95679998397827148 0.064050391316413879
  endloop
 endfacet
 facet normal 0 1 0
  outer loop
   vertex 15.223139762878418 0.95679998397827148 -0.83068138360977173
   vertex 15.434496879577637 0.95679998397827148 -0.74177265167236328
   vertex 15.410326957702637 0.95679998397827148 -0.98457187414169312
  endloop
 endfacet
 facet normal 0 1 0
  outer loop
   vertex -0.72370994091033936 0.95679998397827148 1.1734031438827515
   vertex -0.60289251804351807 0.95679998397827148 1.7119182348251343
   vertex -0.29750901460647583 0.95679998397827148 1.1739058494567871
  endloop
 endfacet
 facet normal 0 1 0
  outer loop
   vertex 3.4335191249847412 0.95679998397827148 0.93375450372695923
   vertex 4.4846582412719727 0.95679998397827148 0.8031919002532959
   vertex 3.7881114482879639 0.95679998397827148 0.064050391316413879
  endloop
 endfacet
 facet normal 0 1 0
  outer loop
   vertex 14.088272094726562 0.95679998397827148 0.17928385734558105
   vertex 14.089078903198242 0.95679998397827148 0.44046637415885925
   vertex 14.267158508300781 0.95679998397827148 0.24555245041847229
  endloop
 endfacet
 facet normal -0 1 0
  outer loop
   vertex 8.7164487838745117 0.95679998397827148 0.31882995367050171
   vertex 8.2212638854980469 0.95679998397827148 1.0194993019104004
   vertex 8.9933080673217773 0.95679998397827148 1.087549090385437
  endloop
 endfacet
 facet normal -0 1 0
  outer loop
   vertex 1.3704755306243896 0.95679998397827148 0.40894216299057007
   vertex 1.0472358465194702 0.95679998397827148 0.5279729962348938
   vertex 1.3362290859222412 0.95679998397827148 0.85445380210876465
  endloop
 endfacet
 facet normal 0 1 -0
  outer loop
   vertex -0.067639298737049103 0.95679998397827148 -1.1900092363357544
   vertex -0.096300169825553894 0.95679998397827148 -1.4087309837341309
   vertex -0.34871682524681091 0.95679998397827148 -1.1492253541946411
  endloop
 endfacet
 facet normal 0 1 0
  outer loop
   vertex 0.19935368001461029 0.95679998397827148 -1.5999306440353394
   vertex 0.50076693296432495 0.95679998397827148 -1.6937793493270874
   vertex 0.3455193042755127 0.95679998397827148 -2.0086770057678223
  endloop
 endfacet
 facet normal 0 1 0
  outer loop
   vertex 14.836794853210449 0.95679998397827148 -1.4556043148040771
   vertex 14.675690650939941 0.95679998397827148 -1.2592067718505859
   vertex 14.867047309875488 0.95679998397827148 -1.2629547119140625
  endloop
 endfacet
 facet normal -0 1 0
  outer loop
   vertex 14.803207397460938 0.95679998397827148 -1.7202805280685425
   vertex 14.599365234375 0.95679998397827148 -1.499521017074585
   vertex 14.836794853210449 0.95679998397827148 -1.4556043148040771
  endloop
 endfacet
 facet normal 0 1 0
  outer loop
   vertex 0.10599546879529953 0.95679998397827148 0.56412249803543091
   vertex 0.13621416687965393 0.95679998397827148 1.0127872228622437
   vertex 0.48110699653625488 0.95679998397827148 0.7678077220916748
  endloop
 endfacet
 facet normal 0 1 -0
  outer loop
   vertex -1.3952586650848389 0.95679998397827148 -0.05266880989074707
   vertex -1.7873522043228149 0.95679998397827148 -0.36879834532737732
   vertex -1.7890045642852783 0.95679998397827148 0.21798987686634064
  endloop
 endfacet
 facet normal 0 1 0
  outer loop
   vertex -0.56537026166915894 0.95679998397827148 -0.014889738522469997
   vertex -0.70687037706375122 0.95679998397827148 0.394203782081604
   vertex -0.35432702302932739 0.95679998397827148 0.2280702143907547
  endloop
 endfacet
 facet normal 0 1 0
  outer loop
   vertex 13.482441902160645 0.95679998397827148 -0.65414643287658691
   vertex 13.575491905212402 0.95679998397827148 -0.79106795787811279
   vertex 13.418312072753906 0.95679998397827148 -0.81494408845901489
  endloop
 endfacet
 facet normal 0 1 0
  outer loop
   vertex 12.988822937011719 0.95679998397827148 0.53852486610412598
   vertex 13.219861030578613 0.95679998397827148 0.35552623867988586
   vertex 12.975522994995117 0.95679998397827148 0.15309971570968628
  endloop
 endfacet
 facet normal 0 1 0
  outer loop
   vertex 14.420758247375488 0.95679998397827148 0.4536450207233429
   vertex 14.69420337677002 0.95679998397827148 0.36308908462524414
   vertex 14.487741470336914 0.95679998397827148 0.27747851610183716
  endloop
 endfacet
 facet normal -0 1 0
  outer loop
   vertex -0.53058910369873047 0.95679998397827148 0.82452905178070068
   vertex -0.72370994091033936 0.95679998397827148 1.1734031438827515
   vertex -0.29750901460647583 0.95679998397827148 1.1739058494567871
  endloop
 endfacet
 facet normal 0 1 0
  outer loop
   vertex 12.749519348144531 0.95679998397827148 -1.1211282014846802
   vertex 13.125347137451172 0.95679998397827148 -1.2620459794998169
   vertex 12.936944961547852 0.95679998397827148 -1.5725935697555542
  endloop
 endfacet
 facet normal 0 1 0
  outer loop
   vertex 1.0894045829772949 0.95679998397827148 -0.45942044258117676
   vertex 1.2233604192733765 0.95679998397827148 -0.47327148914337158
   vertex 1.1150572299957275 0.95679998397827148 -0.61439758539199829
  endloop
 endfacet
 facet normal 0 1 0
  outer loop
   vertex 7.358705997467041 0.95679998397827148 -0.86370390653610229
   vertex 7.7353649139404297 0.95679998397827148 0.2201913595199585
   vertex 8.2983160018920898 0.95679998397827148 -0.41547912359237671
  endloop
 endfacet
 facet normal 0 1 0
  outer loop
   vertex 7.1817789077758789 0.95679998397827148 1.0770072937011719
   vertex 8.2212638854980469 0.95679998397827148 1.0194993019104004
   vertex 7.7353649139404297 0.95679998397827148 0.2201913595199585
  endloop
 endfacet
 facet normal 0 1 -0
  outer loop
   vertex 13.934362411499023 0.95679998397827148 -1.0288153886795044
   vertex 13.892551422119141 0.95679998397827148 -1.2525358200073242
   vertex 13.727313995361328 0.95679998397827148 -1.0832172632217407
  endloop
 endfacet
 facet normal -0 1 0
  outer loop
   vertex 1.0169196128845215 0.95679998397827148 -0.32003310322761536
   vertex 0.90477591753005981 0.95679998397827148 -0.21003161370754242
   vertex 1.0112884044647217 0.95679998397827148 -0.15634086728096008
  endloop
 endfacet
 facet normal 0 1 0
  outer loop
   vertex 11.60971736907959 0.95679998397827148 0.68330806493759155
   vertex 12.15419864654541 0.95679998397827148 1.1924891471862793
   vertex 12.162734985351562 0.95679998397827148 0.5619933009147644
  endloop
 endfacet
 facet normal 0 1 0
  outer loop
   vertex -0.23864647746086121 0.95679998397827148 -0.15435552597045898
   vertex -0.35432702302932739 0.95679998397827148 0.2280702143907547
   vertex -0.076952122151851654 0.95679998397827148 0.071768708527088165
  endloop
 endfacet
 facet normal 0 1 0
  outer loop
   vertex -0.096300169825553894 0.95679998397827148 -1.4087309837341309
   vertex -0.4255751371383667 0.95679998397827148 -1.4599385261535645
   vertex -0.34871682524681091 0.95679998397827148 -1.1492253541946411
  endloop
 endfacet
 facet normal -0 1 0
  outer loop
   vertex 12.21147346496582 0.95679998397827148 -0.54467594623565674
   vertex 11.75639820098877 0.95679998397827148 -0.2980993390083313
   vertex 12.22240161895752 0.95679998397827148 0.045860350131988525
  endloop
 endfacet
 facet normal 0 1 0
  outer loop
   vertex -0.49024975299835205 0.95679998397827148 -1.873676061630249
   vertex -0.086302466690540314 0.95679998397827148 -1.7219201326370239
   vertex -0.052390251308679581 0.95679998397827148 -1.9775068759918213
  endloop
 endfacet
 facet normal 0 1 0
  outer loop
   vertex 15.020889282226562 0.95679998397827148 -1.1508359909057617
   vertex 15.050702095031738 0.95679998397827148 -1.3770253658294678
   vertex 14.867047309875488 0.95679998397827148 -1.2629547119140625
  endloop
 endfacet
 facet normal 0 1 0
  outer loop
   vertex 14.599365234375 0.95679998397827148 -1.499521017074585
   vertex 14.803207397460938 0.95679998397827148 -1.7202805280685425
   vertex 14.488202095031738 0.95679998397827148 -1.7526546716690063
  endloop
 endfacet
 facet normal 0 1 0
  outer loop
   vertex 14.599365234375 0.95679998397827148 -1.499521017074585
   vertex 14.675690650939941 0.95679998397827148 -1.2592067718505859
   vertex 14.836794853210449 0.95679998397827148 -1.4556043148040771
  endloop
 endfacet
 facet normal 0 1 0
  outer loop
   vertex 0.90381336212158203 0.95679998397827148 -1.4718570709228516
   vertex 1.1242148876190186 0.95679998397827148 -1.4563668966293335
   vertex 0.99239581823348999 0.95679998397827148 -1.7134793996810913
  endloop
 endfacet
 facet normal 0 1 0
  outer loop
   vertex 0.13621416687965393 0.95679998397827148 1.0127872228622437
   vertex 0.59227603673934937 0.95679998397827148 1.2508722543716431
   vertex 0.48110699653625488 0.95679998397827148 0.7678077220916748
  endloop
 endfacet
 facet normal -0 1 0
  outer loop
   vertex 13.772495269775391 0.95679998397827148 0.12569081783294678
   vertex 13.554471969604492 0.95679998397827148 0.13036355376243591
   vertex 13.689253807067871 0.95679998397827148 0.32471856474876404
  endloop
 endfacet
 facet normal 0 1 0
  outer loop
   vertex 13.080867767333984 0.95679998397827148 -1.9765044450759888
   vertex 13.274356842041016 0.95679998397827148 -1.7388849258422852
   vertex 13.524556159973145 0.95679998397827148 -2.0056607723236084
  endloop
 endfacet
 facet normal 0 1 0
  outer loop
   vertex 11.327452659606934 0.95679998397827148 -0.63979029655456543
   vertex 11.305627822875977 0.95679998397827148 0.073751978576183319
   vertex 11.75639820098877 0.95679998397827148 -0.2980993390083313
  endloop
 endfacet
 facet normal 0 1 -0
  outer loop
   vertex 15.11443042755127 0.95679998397827148 -0.026115678250789642
   vertex 15.089312553405762 0.95679998397827148 -0.26202315092086792
   vertex 14.87531852722168 0.95679998397827148 -0.14955116808414459
  endloop
 endfacet
 facet normal 0 1 0
  outer loop
   vertex 0.50076693296432495 0.95679998397827148 -1.6937793493270874
   vertex 0.38222506642341614 0.95679998397827148 -1.4353338479995728
   vertex 0.59312361478805542 0.95679998397827148 -1.4688558578491211
  endloop
 endfacet
 facet normal 0 1 0
  outer loop
   vertex 14.029450416564941 0.95679998397827148 1.1879264116287231
   vertex 13.610751152038574 0.95679998397827148 0.99143809080123901
   vertex 13.776305198669434 0.95679998397827148 1.4104119539260864
  endloop
 endfacet
 facet normal 0 1 -0
  outer loop
   vertex 12.881535530090332 0.95679998397827148 -0.21567387878894806
   vertex 12.80438232421875 0.95679998397827148 -0.52146285772323608
   vertex 12.551240921020508 0.95679998397827148 -0.30653125047683716
  endloop
 endfacet
 facet normal 0 1 0
  outer loop
   vertex 14.773941993713379 0.95679998397827148 -0.31137171387672424
   vertex 14.620577812194824 0.95679998397827148 -0.32004299759864807
   vertex 14.67066764831543 0.95679998397827148 -0.16328771412372589
  endloop
 endfacet
 facet normal 0 1 0
  outer loop
   vertex 0.74487096071243286 0.95679998397827148 0.074778266251087189
   vertex 0.50548219680786133 0.95679998397827148 0.024583270773291588
   vertex 0.60002982616424561 0.95679998397827148 0.23334462940692902
  endloop
 endfacet
 facet normal 0 1 0
  outer loop
   vertex 3.0664076805114746 0.95679998397827148 0.17063230276107788
   vertex 3.4335191249847412 0.95679998397827148 0.93375450372695923
   vertex 3.7881114482879639 0.95679998397827148 0.064050391316413879
  endloop
 endfacet
 facet normal -0 1 0
  outer loop
   vertex 0.98281681537628174 0.95679998397827148 0.12620139122009277
   vertex 0.85512423515319824 0.95679998397827148 0.30362614989280701
   vertex 1.0998094081878662 0.95679998397827148 0.30914673209190369
  endloop
 endfacet
 facet normal 0 1 0
  outer loop
   vertex -1.5963314771652222 0.95679998397827148 0.81072425842285156
   vertex -1.242607593536377 0.95679998397827148 0.3615572452545166
   vertex -1.7890045642852783 0.95679998397827148 0.21798987686634064
  endloop
 endfacet
 facet normal 0 1 0
  outer loop
   vertex 15.386632919311523 0.95679998397827148 -0.18663869798183441
   vertex 15.338255882263184 0.95679998397827148 0.15856726467609406
   vertex 15.647601127624512 0.95679998397827148 0.056276701390743256
  endloop
 endfacet
 facet normal 0 1 0
  outer loop
   vertex 13.772495269775391 0.95679998397827148 0.12569081783294678
   vertex 13.948155403137207 0.95679998397827148 0.077664397656917572
   vertex 13.855169296264648 0.95679998397827148 -0.061381377279758453
  endloop
 endfacet
 facet normal 0 1 0
  outer loop
   vertex 0.13934539258480072 0.95679998397827148 -1.0996476411819458
   vertex 0.043723158538341522 0.95679998397827148 -0.9185187816619873
   vertex 0.21717023849487305 0.95679998397827148 -0.92033094167709351
  endloop
 endfacet
 facet normal 0 1 0
  outer loop
   vertex 11.75639820098877 0.95679998397827148 -0.2980993390083313
   vertex 11.782817840576172 0.95679998397827148 0.20692554116249084
   vertex 12.22240161895752 0.95679998397827148 0.045860350131988525
  endloop
 endfacet
 facet normal 0 1 0
  outer loop
   vertex 14.148433685302734 0.95679998397827148 -1.7541712522506714
   vertex 14.312968254089355 0.95679998397827148 -1.47907555103302
   vertex 14.488202095031738 0.95679998397827148 -1.7526546716690063
  endloop
 endfacet
 facet normal 0 1 -0
  outer loop
   vertex 1.20154869556427 0.95679998397827148 -0.95782524347305298
   vertex 1.0309813022613525 0.95679998397827148 -1.0811172723770142
   vertex 1.0206483602523804 0.95679998397827148 -0.90995752811431885
  endloop
 endfacet
 facet normal 0 1 -0
  outer loop
   vertex 2.7222683429718018 0.95679998397827148 -0.2690371572971344
   vertex 2.3661236763000488 0.95679998397827148 -0.55240404605865479
   vertex 2.2278702259063721 0.95679998397827148 -0.17768180370330811
  endloop
 endfacet
 facet normal 0 1 -0
  outer loop
   vertex 0.13450838625431061 0.95679998397827148 0.001119270920753479
   vertex 0.03539557009935379 0.95679998397827148 -0.19178228080272675
   vertex -0.076952122151851654 0.95679998397827148 0.071768708527088165
  endloop
 endfacet
 facet normal 0 1 0
  outer loop
   vertex 5.448333740234375 0.95679998397827148 -1.2657102346420288
   vertex 5.2463240623474121 0.95679998397827148 -0.60854935646057129
   vertex 6.0990090370178223 0.95679998397827148 -0.67614543437957764
  endloop
 endfacet
 facet normal 0 1 0
  outer loop
   vertex 9.3119955062866211 0.95679998397827148 -0.68411165475845337
   vertex 9.7337226867675781 0.95679998397827148 -1.7781641483306885
   vertex 8.8878288269042969 0.95679998397827148 -1.7420563697814941
  endloop
 endfacet
 facet normal 0 1 0
  outer loop
   vertex 1.7634007930755615 0.95679998397827148 1.1934046745300293
   vertex 2.2249062061309814 0.95679998397827148 1.4185631275177002
   vertex 2.1979308128356934 0.95679998397827148 0.88115155696868896
  endloop
 endfacet
 facet normal 0 1 0
  outer loop
   vertex 3.7881114482879639 0.95679998397827148 0.064050391316413879
   vertex 4.4846582412719727 0.95679998397827148 0.8031919002532959
   vertex 4.587242603302002 0.95679998397827148 -0.23515357077121735
  endloop
 endfacet
 facet normal -0 1 0
  outer loop
   vertex -0.71532356739044189 0.95679998397827148 -1.1589286327362061
   vertex -1.0871882438659668 0.95679998397827148 -1.1436116695404053
   vertex -1.0017192363739014 0.95679998397827148 -0.86464101076126099
  endloop
 endfacet
 facet normal -0 1 0
  outer loop
   vertex 2.4052689075469971 0.95679998397827148 -1.0166590213775635
   vertex 2.0350241661071777 0.95679998397827148 -0.78619867563247681
   vertex 2.3661236763000488 0.95679998397827148 -0.55240404605865479
  endloop
 endfacet
 facet normal 0 1 0
  outer loop
   vertex 14.619352340698242 0.95679998397827148 0.14168661832809448
   vertex 14.416977882385254 0.95679998397827148 0.10708451271057129
   vertex 14.487741470336914 0.95679998397827148 0.27747851610183716
  endloop
 endfacet
 facet normal 0 1 0
  outer loop
   vertex 12.640674591064453 0.95679998397827148 0.029599124565720558
   vertex 12.566784858703613 0.95679998397827148 0.40885543823242188
   vertex 12.975522994995117 0.95679998397827148 0.15309971570968628
  endloop
 endfacet
 facet normal 0 1 -0
  outer loop
   vertex 14.675690650939941 0.95679998397827148 -1.2592067718505859
   vertex 14.599365234375 0.95679998397827148 -1.499521017074585
   vertex 14.478509902954102 0.95679998397827148 -1.3302755355834961
  endloop
 endfacet
 facet normal -0 1 0
  outer loop
   vertex 14.867047309875488 0.95679998397827148 -1.2629547119140625
   vertex 14.675690650939941 0.95679998397827148 -1.2592067718505859
   vertex 14.826388359069824 0.95679998397827148 -1.0981457233428955
  endloop
 endfacet
 facet normal 0 1 0
  outer loop
   vertex -0.56537026166915894 0.95679998397827148 -0.014889738522469997
   vertex -0.97272419929504395 0.95679998397827148 -0.018541423603892326
   vertex -0.70687037706375122 0.95679998397827148 0.394203782081604
  endloop
 endfacet
 facet normal 0 1 0
  outer loop
   vertex 14.420758247375488 0.95679998397827148 0.4536450207233429
   vertex 14.487741470336914 0.95679998397827148 0.27747851610183716
   vertex 14.267158508300781 0.95679998397827148 0.24555245041847229
  endloop
 endfacet
 facet normal -0 1 0
  outer loop
   vertex 0.50076693296432495 0.95679998397827148 -1.6937793493270874
   vertex 0.19935368001461029 0.95679998397827148 -1.5999306440353394
   vertex 0.38222506642341614 0.95679998397827148 -1.4353338479995728
  endloop
 endfacet
 facet normal -0 1 0
  outer loop
   vertex 2.0201723575592041 0.95679998397827148 -1.9630851745605469
   vertex 1.670769214630127 0.95679998397827148 -1.5954393148422241
   vertex 2.0812666416168213 0.95679998397827148 -1.5551584959030151
  endloop
 endfacet
 facet normal 0 1 0
  outer loop
   vertex 13.095686912536621 0.95679998397827148 -0.42543292045593262
   vertex 13.343426704406738 0.95679998397827148 -0.36445590853691101
   vertex 13.288534164428711 0.95679998397827148 -0.61427587270736694
  endloop
 endfacet
 facet normal -0 1 0
  outer loop
   vertex 13.809258460998535 0.95679998397827148 -0.33059296011924744
   vertex 13.687379837036133 0.95679998397827148 -0.26298600435256958
   vertex 13.790151596069336 0.95679998397827148 -0.17116963863372803
  endloop
 endfacet
 facet normal 0 1 0
  outer loop
   vertex 6.6564970016479492 0.95679998397827148 0.16609542071819305
   vertex 7.1817789077758789 0.95679998397827148 1.0770072937011719
   vertex 7.7353649139404297 0.95679998397827148 0.2201913595199585
  endloop
 endfacet
 facet normal 0 1 0
  outer loop
   vertex 6.415428638458252 0.95679998397827148 1.7160674333572388
   vertex 7.1817789077758789 0.95679998397827148 1.0770072937011719
   vertex 6.1061091423034668 0.95679998397827148 1.0040901899337769
  endloop
 endfacet
 facet normal 0 1 0
  outer loop
   vertex 2.0812666416168213 0.95679998397827148 -1.5551584959030151
   vertex 1.670769214630127 0.95679998397827148 -1.5954393148422241
   vertex 1.7968510389328003 0.95679998397827148 -1.2743897438049316
  endloop
 endfacet
 facet normal 0 1 0
  outer loop
   vertex 14.478509902954102 0.95679998397827148 -1.3302755355834961
   vertex 14.312968254089355 0.95679998397827148 -1.47907555103302
   vertex 14.331311225891113 0.95679998397827148 -1.2405697107315063
  endloop
 endfacet
 facet normal 0 1 0
  outer loop
   vertex 5.6222224235534668 0.95679998397827148 1.7333000898361206
   vertex 6.415428638458252 0.95679998397827148 1.7160674333572388
   vertex 6.1061091423034668 0.95679998397827148 1.0040901899337769
  endloop
 endfacet
 facet normal 0 1 0
  outer loop
   vertex 1.0998094081878662 0.95679998397827148 0.30914673209190369
   vertex 1.3704755306243896 0.95679998397827148 0.40894216299057007
   vertex 1.2065184116363525 0.95679998397827148 0.16791756451129913
  endloop
 endfacet
 facet normal 0 1 0
  outer loop
   vertex 1.0309813022613525 0.95679998397827148 -1.0811172723770142
   vertex 1.179253101348877 0.95679998397827148 -1.1859012842178345
   vertex 0.9898105263710022 0.95679998397827148 -1.2773368358612061
  endloop
 endfacet
 facet normal -0 1 0
  outer loop
   vertex 0.14843879640102386 0.95679998397827148 -1.3270993232727051
   vertex -0.067639298737049103 0.95679998397827148 -1.1900092363357544
   vertex 0.13934539258480072 0.95679998397827148 -1.0996476411819458
  endloop
 endfacet
 facet normal 0 1 -0
  outer loop
   vertex 13.746501922607422 0.95679998397827148 -0.78189820051193237
   vertex 13.684390068054199 0.95679998397827148 -0.92022556066513062
   vertex 13.575491905212402 0.95679998397827148 -0.79106795787811279
  endloop
 endfacet
 facet normal -0 1 0
  outer loop
   vertex -0.086302466690540314 0.95679998397827148 -1.7219201326370239
   vertex -0.4255751371383667 0.95679998397827148 -1.4599385261535645
   vertex -0.096300169825553894 0.95679998397827148 -1.4087309837341309
  endloop
 endfacet
 facet normal 0 1 0
  outer loop
   vertex 14.694976806640625 0.95679998397827148 -0.76979029178619385
   vertex 14.843491554260254 0.95679998397827148 -0.7432977557182312
   vertex 14.771979331970215 0.95679998397827148 -0.9250490665435791
  endloop
 endfacet
 facet normal 0 1 -0
  outer loop
   vertex 1.3713877201080322 0.95679998397827148 -1.3942909240722656
   vertex 1.3081634044647217 0.95679998397827148 -1.6938858032226562
   vertex 1.1242148876190186 0.95679998397827148 -1.4563668966293335
  endloop
 endfacet
 facet normal 0 1 0
  outer loop
   vertex 11.305627822875977 0.95679998397827148 0.073751978576183319
   vertex 11.782817840576172 0.95679998397827148 0.20692554116249084
   vertex 11.75639820098877 0.95679998397827148 -0.2980993390083313
  endloop
 endfacet
 facet normal 0 1 -0
  outer loop
   vertex 15.020889282226562 0.95679998397827148 -1.1508359909057617
   vertex 14.867047309875488 0.95679998397827148 -1.2629547119140625
   vertex 14.826388359069824 0.95679998397827148 -1.0981457233428955
  endloop
 endfacet
 facet normal 0 1 0
  outer loop
   vertex 0.10599546879529953 0.95679998397827148 0.56412249803543091
   vertex 0.41599589586257935 0.95679998397827148 0.38875332474708557
   vertex 0.1301579475402832 0.95679998397827148 0.24243427813053131
  endloop
 endfacet
 facet normal 0 1 -0
  outer loop
   vertex 0.41599589586257935 0.95679998397827148 0.38875332474708557
   vertex 0.35276132822036743 0.95679998397827148 0.13212877511978149
   vertex 0.1301579475402832 0.95679998397827148 0.24243427813053131
  endloop
 endfacet
 facet normal 0 1 0
  outer loop
   vertex 1.1242148876190186 0.95679998397827148 -1.4563668966293335
   vertex 1.3081634044647217 0.95679998397827148 -1.6938858032226562
   vertex 0.99239581823348999 0.95679998397827148 -1.7134793996810913
  endloop
 endfacet
 facet normal 0 1 -0
  outer loop
   vertex 12.80438232421875 0.95679998397827148 -0.52146285772323608
   vertex 12.563324928283691 0.95679998397827148 -0.73702174425125122
   vertex 12.551240921020508 0.95679998397827148 -0.30653125047683716
  endloop
 endfacet
 facet normal 0 1 -0
  outer loop
   vertex 13.820797920227051 0.95679998397827148 -0.92029953002929688
   vertex 13.727313995361328 0.95679998397827148 -1.0832172632217407
   vertex 13.684390068054199 0.95679998397827148 -0.92022556066513062
  endloop
 endfacet
 facet normal 0 1 0
  outer loop
   vertex 0.50076693296432495 0.95679998397827148 -1.6937793493270874
   vertex 0.59312361478805542 0.95679998397827148 -1.4688558578491211
   vertex 0.74582231044769287 0.95679998397827148 -1.6339316368103027
  endloop
 endfacet
 facet normal -0 1 0
  outer loop
   vertex 7.358705997467041 0.95679998397827148 -0.86370390653610229
   vertex 6.6564970016479492 0.95679998397827148 0.16609542071819305
   vertex 7.7353649139404297 0.95679998397827148 0.2201913595199585
  endloop
 endfacet
 facet normal 0 1 0
  outer loop
   vertex -0.82024341821670532 0.95679998397827148 -1.4427578449249268
   vertex -1.0871882438659668 0.95679998397827148 -1.1436116695404053
   vertex -0.71532356739044189 0.95679998397827148 -1.1589286327362061
  endloop
 endfacet
 facet normal 0 1 0
  outer loop
   vertex -0.085615210235118866 0.95679998397827148 -0.55251282453536987
   vertex -0.081636279821395874 0.95679998397827148 -0.35864177346229553
   vertex 0.021925702691078186 0.95679998397827148 -0.46916034817695618
  endloop
 endfacet
 facet normal 0 1 0
  outer loop
   vertex 12.881535530090332 0.95679998397827148 -0.21567387878894806
   vertex 13.095686912536621 0.95679998397827148 -0.42543292045593262
   vertex 12.80438232421875 0.95679998397827148 -0.52146285772323608
  endloop
 endfacet
 facet normal -0 1 0
  outer loop
   vertex 15.6392822265625 0.95679998397827148 1.0222265720367432
   vertex 15.090810775756836 0.95679998397827148 1.2845703363418579
   vertex 15.672987937927246 0.95679998397827148 1.6949450969696045
  endloop
 endfacet
 facet normal 0 1 0
  outer loop
   vertex -0.067639298737049103 0.95679998397827148 -1.1900092363357544
   vertex 0.14843879640102386 0.95679998397827148 -1.3270993232727051
   vertex -0.096300169825553894 0.95679998397827148 -1.4087309837341309
  endloop
 endfacet
 facet normal 0 1 0
  outer loop
   vertex 11.418337821960449 0.95679998397827148 1.2734301090240479
   vertex 12.15419864654541 0.95679998397827148 1.1924891471862793
   vertex 11.60971736907959 0.95679998397827148 0.68330806493759155
  endloop
 endfacet
 facet normal 0 1 0
  outer loop
   vertex 15.186726570129395 0.95679998397827148 -1.0292428731918335
   vertex 15.223139762878418 0.95679998397827148 -0.83068138360977173
   vertex 15.410326957702637 0.95679998397827148 -0.98457187414169312
  endloop
 endfacet
 facet normal 0 1 0
  outer loop
   vertex 12.988822937011719 0.95679998397827148 0.53852486610412598
   vertex 13.365031242370605 0.95679998397827148 0.61979115009307861
   vertex 13.219861030578613 0.95679998397827148 0.35552623867988586
  endloop
 endfacet
 facet normal 0 1 -0
  outer loop
   vertex 1.2113025188446045 0.95679998397827148 1.4183216094970703
   vertex 0.90058404207229614 0.95679998397827148 0.88705724477767944
   vertex 0.59227603673934937 0.95679998397827148 1.2508722543716431
  endloop
 endfacet
 facet normal 0 1 0
  outer loop
   vertex 0.3455193042755127 0.95679998397827148 -2.0086770057678223
   vertex 0.50076693296432495 0.95679998397827148 -1.6937793493270874
   vertex 0.73739790916442871 0.95679998397827148 -2.0126748085021973
  endloop
 endfacet
 facet normal -0 1 0
  outer loop
   vertex 0.13672913610935211 0.95679998397827148 -0.47196966409683228
   vertex 0.021925702691078186 0.95679998397827148 -0.46916034817695618
   vertex 0.06774313747882843 0.95679998397827148 -0.35725221037864685
  endloop
 endfacet
 facet normal 0 1 0
  outer loop
   vertex 1.1339083909988403 0.95679998397827148 -0.18204151093959808
   vertex 1.1728518009185791 0.95679998397827148 -0.32969310879707336
   vertex 1.0169196128845215 0.95679998397827148 -0.32003310322761536
  endloop
 endfacet
 facet normal 0 1 -0
  outer loop
   vertex 14.416977882385254 0.95679998397827148 0.10708451271057129
   vertex 14.367695808410645 0.95679998397827148 -0.14025700092315674
   vertex 14.245546340942383 0.95679998397827148 0.047559265047311783
  endloop
 endfacet
 facet normal 0 1 0
  outer loop
   vertex 9.7337226867675781 0.95679998397827148 -1.7781641483306885
   vertex 10.214158058166504 0.95679998397827148 -1.1521334648132324
   vertex 10.57863712310791 0.95679998397827148 -1.8217103481292725
  endloop
 endfacet
 facet normal 0 1 0
  outer loop
   vertex -0.97272419929504395 0.95679998397827148 -0.018541423603892326
   vertex -1.3952586650848389 0.95679998397827148 -0.05266880989074707
   vertex -1.242607593536377 0.95679998397827148 0.3615572452545166
  endloop
 endfacet
 facet normal -0 1 0
  outer loop
   vertex 13.429496765136719 0.95679998397827148 -0.075975656509399414
   vertex 13.314685821533203 0.95679998397827148 0.11514947563409805
   vertex 13.554471969604492 0.95679998397827148 0.13036355376243591
  endloop
 endfacet
 facet normal 0 1 0
  outer loop
   vertex -0.56537026166915894 0.95679998397827148 -0.014889738522469997
   vertex -0.35432702302932739 0.95679998397827148 0.2280702143907547
   vertex -0.23864647746086121 0.95679998397827148 -0.15435552597045898
  endloop
 endfacet
 facet normal -0 1 0
  outer loop
   vertex 0.66450703144073486 0.95679998397827148 -1.3143302202224731
   vertex 0.51809430122375488 0.95679998397827148 -1.2929919958114624
   vertex 0.61506712436676025 0.95679998397827148 -1.1175470352172852
  endloop
 endfacet
 facet normal 0 1 0
  outer loop
   vertex 15.023946762084961 0.95679998397827148 -1.6148728132247925
   vertex 14.803207397460938 0.95679998397827148 -1.7202805280685425
   vertex 14.836794853210449 0.95679998397827148 -1.4556043148040771
  endloop
 endfacet
 facet normal 0 1 -0
  outer loop
   vertex 0.73782616853713989 0.95679998397827148 -1.2021059989929199
   vertex 0.66450703144073486 0.95679998397827148 -1.3143302202224731
   vertex 0.61506712436676025 0.95679998397827148 -1.1175470352172852
  endloop
 endfacet
 facet normal 0 1 -0
  outer loop
   vertex -1.0871882438659668 0.95679998397827148 -1.1436116695404053
   vertex -1.2953695058822632 0.95679998397827148 -1.3476104736328125
   vertex -1.6064084768295288 0.95679998397827148 -0.90150904655456543
  endloop
 endfacet
 facet normal 0 1 0
  outer loop
   vertex 14.420758247375488 0.95679998397827148 0.4536450207233429
   vertex 14.089078903198242 0.95679998397827148 0.44046637415885925
   vertex 14.286468505859375 0.95679998397827148 0.69778591394424438
  endloop
 endfacet
 facet normal -0 1 0
  outer loop
   vertex 13.274356842041016 0.95679998397827148 -1.7388849258422852
   vertex 12.936944961547852 0.95679998397827148 -1.5725935697555542
   vertex 13.300346374511719 0.95679998397827148 -1.4914895296096802
  endloop
 endfacet
 facet normal 0 1 0
  outer loop
   vertex 3.904874324798584 0.95679998397827148 -1.8222366571426392
   vertex 4.6335844993591309 0.95679998397827148 -1.0845462083816528
   vertex 4.7209844589233398 0.95679998397827148 -1.7742924690246582
  endloop
 endfacet
 facet normal 0 1 0
  outer loop
   vertex 14.650632858276367 0.95679998397827148 -1.0579409599304199
   vertex 14.771979331970215 0.95679998397827148 -0.9250490665435791
   vertex 14.826388359069824 0.95679998397827148 -1.0981457233428955
  endloop
 endfacet
 facet normal 0 1 0
  outer loop
   vertex 6.1061091423034668 0.95679998397827148 1.0040901899337769
   vertex 7.1817789077758789 0.95679998397827148 1.0770072937011719
   vertex 6.6564970016479492 0.95679998397827148 0.16609542071819305
  endloop
 endfacet
 facet normal 0 1 0
  outer loop
   vertex 0.74582231044769287 0.95679998397827148 -1.6339316368103027
   vertex 0.90381336212158203 0.95679998397827148 -1.4718570709228516
   vertex 0.99239581823348999 0.95679998397827148 -1.7134793996810913
  endloop
 endfacet
 facet normal 0 1 0
  outer loop
   vertex 13.189096450805664 0.95679998397827148 1.8717643022537231
   vertex 13.772931098937988 0.95679998397827148 1.8980307579040527
   vertex 13.388824462890625 0.95679998397827148 1.413359522819519
  endloop
 endfacet
 facet normal -0 1 0
  outer loop
   vertex 0.51809430122375488 0.95679998397827148 -1.2929919958114624
   vertex 0.33242160081863403 0.95679998397827148 -1.2261414527893066
   vertex 0.47245699167251587 0.95679998397827148 -1.0967780351638794
  endloop
 endfacet
 facet normal 0 1 -0
  outer loop
   vertex 5.4902544021606445 0.95679998397827148 0.22236648201942444
   vertex 5.2463240623474121 0.95679998397827148 -0.60854935646057129
   vertex 4.587242603302002 0.95679998397827148 -0.23515357077121735
  endloop
 endfacet
 facet normal 0 1 0
  outer loop
   vertex 14.373726844787598 0.95679998397827148 -1.0929125547409058
   vertex 14.503904342651367 0.95679998397827148 -1.1670458316802979
   vertex 14.331311225891113 0.95679998397827148 -1.2405697107315063
  endloop
 endfacet
 facet normal 0 1 0
  outer loop
   vertex 15.089312553405762 0.95679998397827148 -0.26202315092086792
   vertex 15.386632919311523 0.95679998397827148 -0.18663869798183441
   vertex 15.216962814331055 0.95679998397827148 -0.44874781370162964
  endloop
 endfacet
 facet normal 0 1 0
  outer loop
   vertex 14.650632858276367 0.95679998397827148 -1.0579409599304199
   vertex 14.503904342651367 0.95679998397827148 -1.1670458316802979
   vertex 14.513552665710449 0.95679998397827148 -1.0213695764541626
  endloop
 endfacet
 facet normal -0 1 0
  outer loop
   vertex 1.2707265615463257 0.95679998397827148 -0.029356988146901131
   vertex 1.0863078832626343 0.95679998397827148 -0.017648195847868919
   vertex 1.2065184116363525 0.95679998397827148 0.16791756451129913
  endloop
 endfacet
 facet normal 0 1 0
  outer loop
   vertex 1.670769214630127 0.95679998397827148 -1.5954393148422241
   vertex 2.0201723575592041 0.95679998397827148 -1.9630851745605469
   vertex 1.5556927919387817 0.95679998397827148 -1.9924113750457764
  endloop
 endfacet
 facet normal 0 1 0
  outer loop
   vertex 9.7337226867675781 0.95679998397827148 -1.7781641483306885
   vertex 9.3119955062866211 0.95679998397827148 -0.68411165475845337
   vertex 10.214158058166504 0.95679998397827148 -1.1521334648132324
  endloop
 endfacet
 facet normal 0 1 0
  outer loop
   vertex 14.619352340698242 0.95679998397827148 0.14168661832809448
   vertex 14.712223052978516 0.95679998397827148 -0.0094162207096815109
   vertex 14.540230751037598 0.95679998397827148 -0.00770574901252985
  endloop
 endfacet
 facet normal 0 1 0
  outer loop
   vertex 16.198686599731445 0.95679998397827148 -0.66430562734603882
   vertex 15.717653274536133 0.95679998397827148 -0.79398918151855469
   vertex 15.821744918823242 0.95679998397827148 -0.29910001158714294
  endloop
 endfacet
 facet normal -0 1 0
  outer loop
   vertex 13.139920234680176 0.95679998397827148 0.95808714628219604
   vertex 12.843689918518066 0.95679998397827148 1.3513350486755371
   vertex 13.388824462890625 0.95679998397827148 1.413359522819519
  endloop
 endfacet
 facet normal -0 1 0
  outer loop
   vertex 0.03539557009935379 0.95679998397827148 -0.19178228080272675
   vertex -0.23864647746086121 0.95679998397827148 -0.15435552597045898
   vertex -0.076952122151851654 0.95679998397827148 0.071768708527088165
  endloop
 endfacet
 facet normal 0 1 0
  outer loop
   vertex 12.749519348144531 0.95679998397827148 -1.1211282014846802
   vertex 12.820642471313477 0.95679998397827148 -0.80006790161132812
   vertex 13.048618316650391 0.95679998397827148 -0.99520587921142578
  endloop
 endfacet
 facet normal 0 1 0
  outer loop
   vertex 1.403009295463562 0.95679998397827148 -0.89802604913711548
   vertex 1.5698517560958862 0.95679998397827148 -0.79678857326507568
   vertex 1.5872573852539062 0.95679998397827148 -1.0687675476074219
  endloop
 endfacet
 facet normal -0 1 0
  outer loop
   vertex 16.5081787109375 0.95679998397827148 -1.1021820306777954
   vertex 16.032161712646484 0.95679998397827148 -1.0754467248916626
   vertex 16.198686599731445 0.95679998397827148 -0.66430562734603882
  endloop
 endfacet
 facet normal 0 1 0
  outer loop
   vertex 14.972091674804688 0.95679998397827148 -0.93288689851760864
   vertex 15.020889282226562 0.95679998397827148 -1.1508359909057617
   vertex 14.826388359069824 0.95679998397827148 -1.0981457233428955
  endloop
 endfacet
 facet normal 0 1 0
  outer loop
   vertex 14.489990234375 0.95679998397827148 1.3990620374679565
   vertex 14.325849533081055 0.95679998397827148 1.9134459495544434
   vertex 14.963984489440918 0.95679998397827148 1.8828693628311157
  endloop
 endfacet
 facet normal -0 1 0
  outer loop
   vertex -0.26036745309829712 0.95679998397827148 -0.44130226969718933
   vertex -0.44123393297195435 0.95679998397827148 -0.30971693992614746
   vertex -0.23864647746086121 0.95679998397827148 -0.15435552597045898
  endloop
 endfacet
 facet normal 0 1 -0
  outer loop
   vertex 13.575491905212402 0.95679998397827148 -0.79106795787811279
   vertex 13.549716949462891 0.95679998397827148 -0.96702605485916138
   vertex 13.418312072753906 0.95679998397827148 -0.81494408845901489
  endloop
 endfacet
 facet normal 0 1 0
  outer loop
   vertex 15.717653274536133 0.95679998397827148 -0.79398918151855469
   vertex 16.032161712646484 0.95679998397827148 -1.0754467248916626
   vertex 15.63422966003418 0.95679998397827148 -1.2836438417434692
  endloop
 endfacet
 facet normal 0 1 0
  outer loop
   vertex 1.403009295463562 0.95679998397827148 -0.89802604913711548
   vertex 1.20154869556427 0.95679998397827148 -0.95782524347305298
   vertex 1.2545688152313232 0.95679998397827148 -0.76505124568939209
  endloop
 endfacet
 facet normal -0 1 0
  outer loop
   vertex 13.125347137451172 0.95679998397827148 -1.2620459794998169
   vertex 12.749519348144531 0.95679998397827148 -1.1211282014846802
   vertex 13.048618316650391 0.95679998397827148 -0.99520587921142578
  endloop
 endfacet
 facet normal 0 1 0
  outer loop
   vertex 15.11443042755127 0.95679998397827148 -0.026115678250789642
   vertex 15.338255882263184 0.95679998397827148 0.15856726467609406
   vertex 15.386632919311523 0.95679998397827148 -0.18663869798183441
  endloop
 endfacet
 facet normal -0 1 0
  outer loop
   vertex 14.773941993713379 0.95679998397827148 -0.31137171387672424
   vertex 14.67066764831543 0.95679998397827148 -0.16328771412372589
   vertex 14.87531852722168 0.95679998397827148 -0.14955116808414459
  endloop
 endfacet
 facet normal 0 1 0
  outer loop
   vertex 2.7277481555938721 0.95679998397827148 1.2594137191772461
   vertex 3.2634122371673584 0.95679998397827148 1.8250799179077148
   vertex 3.4335191249847412 0.95679998397827148 0.93375450372695923
  endloop
 endfacet
 facet normal 0 1 0
  outer loop
   vertex -0.99820089340209961 0.95679998397827148 0.81733912229537964
   vertex -1.5963314771652222 0.95679998397827148 0.81072425842285156
   vertex -1.1922311782836914 0.95679998397827148 1.3391917943954468
  endloop
 endfacet
 facet normal 0 1 0
  outer loop
   vertex 5.2463240623474121 0.95679998397827148 -0.60854935646057129
   vertex 5.4902544021606445 0.95679998397827148 0.22236648201942444
   vertex 6.0990090370178223 0.95679998397827148 -0.67614543437957764
  endloop
 endfacet
 facet normal 0 1 0
  outer loop
   vertex 0.13450838625431061 0.95679998397827148 0.001119270920753479
   vertex 0.35276132822036743 0.95679998397827148 0.13212877511978149
   vertex 0.32677066326141357 0.95679998397827148 -0.059553738683462143
  endloop
 endfacet
 facet normal 0 1 0
  outer loop
   vertex -0.32856428623199463 0.95679998397827148 -0.89159888029098511
   vertex -0.19747090339660645 0.95679998397827148 -1.0428303480148315
   vertex -0.34871682524681091 0.95679998397827148 -1.1492253541946411
  endloop
 endfacet
 facet normal 0 1 0
  outer loop
   vertex 4.4846582412719727 0.95679998397827148 0.8031919002532959
   vertex 5.4902544021606445 0.95679998397827148 0.22236648201942444
   vertex 4.587242603302002 0.95679998397827148 -0.23515357077121735
  endloop
 endfacet
 facet normal 0 1 0
  outer loop
   vertex -0.99820089340209961 0.95679998397827148 0.81733912229537964
   vertex -1.1922311782836914 0.95679998397827148 1.3391917943954468
   vertex -0.72370994091033936 0.95679998397827148 1.1734031438827515
  endloop
 endfacet
 facet normal 0 1 -0
  outer loop
   vertex 15.976064682006836 0.95679998397827148 0.16746307909488678
   vertex 15.821744918823242 0.95679998397827148 -0.29910001158714294
   vertex 15.647601127624512 0.95679998397827148 0.056276701390743256
  endloop
 endfacet
 facet normal 0 1 0
  outer loop
   vertex 1.3838813304901123 0.95679998397827148 -1.1389681100845337
   vertex 1.179253101348877 0.95679998397827148 -1.1859012842178345
   vertex 1.20154869556427 0.95679998397827148 -0.95782524347305298
  endloop
 endfacet
 facet normal 0 1 -0
  outer loop
   vertex 14.487741470336914 0.95679998397827148 0.27747851610183716
   vertex 14.416977882385254 0.95679998397827148 0.10708451271057129
   vertex 14.267158508300781 0.95679998397827148 0.24555245041847229
  endloop
 endfacet
 facet normal 0 1 0
  outer loop
   vertex 2.0350241661071777 0.95679998397827148 -0.78619867563247681
   vertex 2.4052689075469971 0.95679998397827148 -1.0166590213775635
   vertex 2.0820574760437012 0.95679998397827148 -1.1674042940139771
  endloop
 endfacet
 facet normal 0 1 0
  outer loop
   vertex 13.048808097839355 0.95679998397827148 -0.7072330117225647
   vertex 13.095686912536621 0.95679998397827148 -0.42543292045593262
   vertex 13.288534164428711 0.95679998397827148 -0.61427587270736694
  endloop
 endfacet
 facet normal -0 1 0
  outer loop
   vertex 7.358705997467041 0.95679998397827148 -0.86370390653610229
   vertex 6.0990090370178223 0.95679998397827148 -0.67614543437957764
   vertex 6.6564970016479492 0.95679998397827148 0.16609542071819305
  endloop
 endfacet
 facet normal 0 1 -0
  outer loop
   vertex 15.672987937927246 0.95679998397827148 1.6949450969696045
   vertex 15.090810775756836 0.95679998397827148 1.2845703363418579
   vertex 14.963984489440918 0.95679998397827148 1.8828693628311157
  endloop
 endfacet
 facet normal 0 1 0
  outer loop
   vertex 13.429496765136719 0.95679998397827148 -0.075975656509399414
   vertex 13.665657043457031 0.95679998397827148 -0.05846792459487915
   vertex 13.538055419921875 0.95679998397827148 -0.22693781554698944
  endloop
 endfacet
 facet normal 0 1 -0
  outer loop
   vertex 15.821744918823242 0.95679998397827148 -0.29910001158714294
   vertex 15.717653274536133 0.95679998397827148 -0.79398918151855469
   vertex 15.491809844970703 0.95679998397827148 -0.51108801364898682
  endloop
 endfacet
 facet normal -0 1 0
  outer loop
   vertex 13.095686912536621 0.95679998397827148 -0.42543292045593262
   vertex 12.881535530090332 0.95679998397827148 -0.21567387878894806
   vertex 13.197138786315918 0.95679998397827148 -0.13720755279064178
  endloop
 endfacet
 facet normal -0 1 0
  outer loop
   vertex -0.72370994091033936 0.95679998397827148 1.1734031438827515
   vertex -1.1922311782836914 0.95679998397827148 1.3391917943954468
   vertex -0.60289251804351807 0.95679998397827148 1.7119182348251343
  endloop
 endfacet
 facet normal 0 1 -0
  outer loop
   vertex 0.14285048842430115 0.95679998397827148 -0.78189867734909058
   vertex 0.043723158538341522 0.95679998397827148 -0.9185187816619873
   vertex -0.039069421589374542 0.95679998397827148 -0.7431982159614563
  endloop
 endfacet
 facet normal 0 1 0
  outer loop
   vertex 1.9663633108139038 0.95679998397827148 0.49956870079040527
   vertex 1.7030305862426758 0.95679998397827148 0.3215688169002533
   vertex 1.7230267524719238 0.95679998397827148 0.69284349679946899
  endloop
 endfacet
 facet normal 0 1 0
  outer loop
   vertex 1.179253101348877 0.95679998397827148 -1.1859012842178345
   vertex 1.3838813304901123 0.95679998397827148 -1.1389681100845337
   vertex 1.3713877201080322 0.95679998397827148 -1.3942909240722656
  endloop
 endfacet
 facet normal -0 1 0
  outer loop
   vertex 6.422053337097168 0.95679998397827148 -1.7125160694122314
   vertex 5.448333740234375 0.95679998397827148 -1.2657102346420288
   vertex 6.0990090370178223 0.95679998397827148 -0.67614543437957764
  endloop
 endfacet
 facet normal 0 1 0
  outer loop
   vertex 15.821744918823242 0.95679998397827148 -0.29910001158714294
   vertex 15.976064682006836 0.95679998397827148 0.16746307909488678
   vertex 16.334005355834961 0.95679998397827148 -0.16411550343036652
  endloop
 endfacet
 facet normal 0 1 0
  outer loop
   vertex -0.82024341821670532 0.95679998397827148 -1.4427578449249268
   vertex -0.71532356739044189 0.95679998397827148 -1.1589286327362061
   vertex -0.4255751371383667 0.95679998397827148 -1.4599385261535645
  endloop
 endfacet
 facet normal -0 1 0
  outer loop
   vertex 12.820642471313477 0.95679998397827148 -0.80006790161132812
   vertex 12.563324928283691 0.95679998397827148 -0.73702174425125122
   vertex 12.80438232421875 0.95679998397827148 -0.52146285772323608
  endloop
 endfacet
 facet normal 0 1 0
  outer loop
   vertex 1.1342730522155762 0.95679998397827148 -2.0102403163909912
   vertex 1.3081634044647217 0.95679998397827148 -1.6938858032226562
   vertex 1.5556927919387817 0.95679998397827148 -1.9924113750457764
  endloop
 endfacet
 facet normal -0 1 0
  outer loop
   vertex 1.179253101348877 0.95679998397827148 -1.1859012842178345
   vertex 1.0309813022613525 0.95679998397827148 -1.0811172723770142
   vertex 1.20154869556427 0.95679998397827148 -0.95782524347305298
  endloop
 endfacet
 facet normal 0 1 0
  outer loop
   vertex -0.19747090339660645 0.95679998397827148 -1.0428303480148315
   vertex -0.067639298737049103 0.95679998397827148 -1.1900092363357544
   vertex -0.34871682524681091 0.95679998397827148 -1.1492253541946411
  endloop
 endfacet
 facet normal -0 1 0
  outer loop
   vertex 6.6564970016479492 0.95679998397827148 0.16609542071819305
   vertex 5.4902544021606445 0.95679998397827148 0.22236648201942444
   vertex 6.1061091423034668 0.95679998397827148 1.0040901899337769
  endloop
 endfacet
 facet normal 0 1 0
  outer loop
   vertex -1.7873522043228149 0.95679998397827148 -0.36879834532737732
   vertex -1.3952586650848389 0.95679998397827148 -0.05266880989074707
   vertex -1.1868207454681396 0.95679998397827148 -0.45541167259216309
  endloop
 endfacet
 facet normal 0 1 0
  outer loop
   vertex 0.60002982616424561 0.95679998397827148 0.23334462940692902
   vertex 0.35276132822036743 0.95679998397827148 0.13212877511978149
   vertex 0.41599589586257935 0.95679998397827148 0.38875332474708557
  endloop
 endfacet
 facet normal 0 1 0
  outer loop
   vertex 0.73739790916442871 0.95679998397827148 -2.0126748085021973
   vertex 0.74582231044769287 0.95679998397827148 -1.6339316368103027
   vertex 0.99239581823348999 0.95679998397827148 -1.7134793996810913
  endloop
 endfacet
 facet normal 0 1 0
  outer loop
   vertex -0.48705706000328064 0.95679998397827148 -0.62739855051040649
   vertex -0.44123393297195435 0.95679998397827148 -0.30971693992614746
   vertex -0.26036745309829712 0.95679998397827148 -0.44130226969718933
  endloop
 endfacet
 facet normal 0 1 0
  outer loop
   vertex 14.416977882385254 0.95679998397827148 0.10708451271057129
   vertex 14.540230751037598 0.95679998397827148 -0.00770574901252985
   vertex 14.367695808410645 0.95679998397827148 -0.14025700092315674
  endloop
 endfacet
 facet normal 0 1 0
  outer loop
   vertex 0.85512423515319824 0.95679998397827148 0.30362614989280701
   vertex 1.0472358465194702 0.95679998397827148 0.5279729962348938
   vertex 1.0998094081878662 0.95679998397827148 0.30914673209190369
  endloop
 endfacet
 facet normal 0 1 0
  outer loop
   vertex 12.936944961547852 0.95679998397827148 -1.5725935697555542
   vertex 13.125347137451172 0.95679998397827148 -1.2620459794998169
   vertex 13.300346374511719 0.95679998397827148 -1.4914895296096802
  endloop
 endfacet
 facet normal 0 1 0
  outer loop
   vertex 13.892551422119141 0.95679998397827148 -1.2525358200073242
   vertex 14.075979232788086 0.95679998397827148 -1.096739649772644
   vertex 14.13727855682373 0.95679998397827148 -1.28019118309021
  endloop
 endfacet
 facet normal 0 1 0
  outer loop
   vertex 1.3081634044647217 0.95679998397827148 -1.6938858032226562
   vertex 1.670769214630127 0.95679998397827148 -1.5954393148422241
   vertex 1.5556927919387817 0.95679998397827148 -1.9924113750457764
  endloop
 endfacet
 facet normal 0 1 -0
  outer loop
   vertex 14.659530639648438 0.95679998397827148 0.9601936936378479
   vertex 14.286468505859375 0.95679998397827148 0.69778591394424438
   vertex 14.280952453613281 0.95679998397827148 1.0017281770706177
  endloop
 endfacet
 facet normal 0 1 0
  outer loop
   vertex 13.614245414733887 0.95679998397827148 -0.67778146266937256
   vertex 13.746501922607422 0.95679998397827148 -0.78189820051193237
   vertex 13.575491905212402 0.95679998397827148 -0.79106795787811279
  endloop
 endfacet
 facet normal 0 1 0
  outer loop
   vertex -0.80571120977401733 0.95679998397827148 -0.63637435436248779
   vertex -0.48705706000328064 0.95679998397827148 -0.62739855051040649
   vertex -0.61382108926773071 0.95679998397827148 -0.88857316970825195
  endloop
 endfacet
 facet normal -0 1 0
  outer loop
   vertex 15.338255882263184 0.95679998397827148 0.15856726467609406
   vertex 15.227783203125 0.95679998397827148 0.42959925532341003
   vertex 15.576960563659668 0.95679998397827148 0.46285116672515869
  endloop
 endfacet
 facet normal 0 1 0
  outer loop
   vertex -0.32856428623199463 0.95679998397827148 -0.89159888029098511
   vertex -0.48705706000328064 0.95679998397827148 -0.62739855051040649
   vertex -0.24298472702503204 0.95679998397827148 -0.68817037343978882
  endloop
 endfacet
 facet normal 0 1 0
  outer loop
   vertex 15.089312553405762 0.95679998397827148 -0.26202315092086792
   vertex 15.11443042755127 0.95679998397827148 -0.026115678250789642
   vertex 15.386632919311523 0.95679998397827148 -0.18663869798183441
  endloop
 endfacet
 facet normal 0 1 -0
  outer loop
   vertex 1.3081634044647217 0.95679998397827148 -1.6938858032226562
   vertex 1.1342730522155762 0.95679998397827148 -2.0102403163909912
   vertex 0.99239581823348999 0.95679998397827148 -1.7134793996810913
  endloop
 endfacet
 facet normal -0 1 0
  outer loop
   vertex 15.265457153320312 0.95679998397827148 -1.2289903163909912
   vertex 15.186726570129395 0.95679998397827148 -1.0292428731918335
   vertex 15.410326957702637 0.95679998397827148 -0.98457187414169312
  endloop
 endfacet
 facet normal 0 1 0
  outer loop
   vertex 5.4902544021606445 0.95679998397827148 0.22236648201942444
   vertex 6.6564970016479492 0.95679998397827148 0.16609542071819305
   vertex 6.0990090370178223 0.95679998397827148 -0.67614543437957764
  endloop
 endfacet
 facet normal -0 1 0
  outer loop
   vertex 8.2212638854980469 0.95679998397827148 1.0194993019104004
   vertex 7.1817789077758789 0.95679998397827148 1.0770072937011719
   vertex 7.9662432670593262 0.95679998397827148 1.6980659961700439
  endloop
 endfacet
 facet normal 0 1 0
  outer loop
   vertex 1.3081634044647217 0.95679998397827148 -1.6938858032226562
   vertex 1.3713877201080322 0.95679998397827148 -1.3942909240722656
   vertex 1.670769214630127 0.95679998397827148 -1.5954393148422241
  endloop
 endfacet
 facet normal 0 1 0
  outer loop
   vertex 6.415428638458252 0.95679998397827148 1.7160674333572388
   vertex 7.1915512084960938 0.95679998397827148 1.7029536962509155
   vertex 7.1817789077758789 0.95679998397827148 1.0770072937011719
  endloop
 endfacet
 facet normal 0 1 0
  outer loop
   vertex 13.687379837036133 0.95679998397827148 -0.26298600435256958
   vertex 13.665657043457031 0.95679998397827148 -0.05846792459487915
   vertex 13.790151596069336 0.95679998397827148 -0.17116963863372803
  endloop
 endfacet
 facet normal 0 1 0
  outer loop
   vertex -0.97272419929504395 0.95679998397827148 -0.018541423603892326
   vertex -0.56537026166915894 0.95679998397827148 -0.014889738522469997
   vertex -0.74272018671035767 0.95679998397827148 -0.34385621547698975
  endloop
 endfacet
 facet normal 0 1 0
  outer loop
   vertex 0.90058404207229614 0.95679998397827148 0.88705724477767944
   vertex 1.2113025188446045 0.95679998397827148 1.4183216094970703
   vertex 1.3362290859222412 0.95679998397827148 0.85445380210876465
  endloop
 endfacet
 facet normal -0 1 0
  outer loop
   vertex 1.7030305862426758 0.95679998397827148 0.3215688169002533
   vertex 1.3704755306243896 0.95679998397827148 0.40894216299057007
   vertex 1.7230267524719238 0.95679998397827148 0.69284349679946899
  endloop
 endfacet
 facet normal 0 1 0
  outer loop
   vertex 15.050702095031738 0.95679998397827148 -1.3770253658294678
   vertex 15.020889282226562 0.95679998397827148 -1.1508359909057617
   vertex 15.265457153320312 0.95679998397827148 -1.2289903163909912
  endloop
 endfacet
 facet normal 0 1 0
  outer loop
   vertex 5.448333740234375 0.95679998397827148 -1.2657102346420288
   vertex 6.422053337097168 0.95679998397827148 -1.7125160694122314
   vertex 5.5829873085021973 0.95679998397827148 -1.7370433807373047
  endloop
 endfacet
 facet normal 0 1 0
  outer loop
   vertex 13.274356842041016 0.95679998397827148 -1.7388849258422852
   vertex 13.52875804901123 0.95679998397827148 -1.6470646858215332
   vertex 13.524556159973145 0.95679998397827148 -2.0056607723236084
  endloop
 endfacet
 facet normal 0 1 0
  outer loop
   vertex -1.6064084768295288 0.95679998397827148 -0.90150904655456543
   vertex -1.7873522043228149 0.95679998397827148 -0.36879834532737732
   vertex -1.1868207454681396 0.95679998397827148 -0.45541167259216309
  endloop
 endfacet
 facet normal 0 1 -0
  outer loop
   vertex 2.1979308128356934 0.95679998397827148 0.88115155696868896
   vertex 1.9663633108139038 0.95679998397827148 0.49956870079040527
   vertex 1.7230267524719238 0.95679998397827148 0.69284349679946899
  endloop
 endfacet
 facet normal 0 1 0
  outer loop
   vertex -0.081636279821395874 0.95679998397827148 -0.35864177346229553
   vertex -0.26036745309829712 0.95679998397827148 -0.44130226969718933
   vertex -0.23864647746086121 0.95679998397827148 -0.15435552597045898
  endloop
 endfacet
 facet normal 0 1 0
  outer loop
   vertex 1.1342730522155762 0.95679998397827148 -2.0102403163909912
   vertex 0.73739790916442871 0.95679998397827148 -2.0126748085021973
   vertex 0.99239581823348999 0.95679998397827148 -1.7134793996810913
  endloop
 endfacet
 facet normal 0 1 0
  outer loop
   vertex 12.566784858703613 0.95679998397827148 0.40885543823242188
   vertex 12.640674591064453 0.95679998397827148 0.029599124565720558
   vertex 12.22240161895752 0.95679998397827148 0.045860350131988525
  endloop
 endfacet
 facet normal 0 1 0
  outer loop
   vertex 14.13727855682373 0.95679998397827148 -1.28019118309021
   vertex 14.218718528747559 0.95679998397827148 -1.1175470352172852
   vertex 14.331311225891113 0.95679998397827148 -1.2405697107315063
  endloop
 endfacet
 facet normal 0 1 0
  outer loop
   vertex 2.3756487369537354 0.95679998397827148 -1.4070233106613159
   vertex 2.4052689075469971 0.95679998397827148 -1.0166590213775635
   vertex 2.7668652534484863 0.95679998397827148 -1.3719800710678101
  endloop
 endfacet
 facet normal -0 1 0
  outer loop
   vertex 0.73739790916442871 0.95679998397827148 -2.0126748085021973
   vertex 0.50076693296432495 0.95679998397827148 -1.6937793493270874
   vertex 0.74582231044769287 0.95679998397827148 -1.6339316368103027
  endloop
 endfacet
 facet normal 0 1 0
  outer loop
   vertex 15.103518486022949 0.95679998397827148 0.21938735246658325
   vertex 14.874945640563965 0.95679998397827148 0.14836752414703369
   vertex 14.950491905212402 0.95679998397827148 0.43316876888275146
  endloop
 endfacet
 facet normal -0 1 0
  outer loop
   vertex 14.212191581726074 0.95679998397827148 -0.11758965998888016
   vertex 14.120983123779297 0.95679998397827148 0.011281432583928108
   vertex 14.245546340942383 0.95679998397827148 0.047559265047311783
  endloop
 endfacet
 facet normal 0 1 -0
  outer loop
   vertex 2.4052689075469971 0.95679998397827148 -1.0166590213775635
   vertex 2.3756487369537354 0.95679998397827148 -1.4070233106613159
   vertex 2.0820574760437012 0.95679998397827148 -1.1674042940139771
  endloop
 endfacet
 facet normal 0 1 0
  outer loop
   vertex -0.24298472702503204 0.95679998397827148 -0.68817037343978882
   vertex -0.085615210235118866 0.95679998397827148 -0.55251282453536987
   vertex -0.039069421589374542 0.95679998397827148 -0.7431982159614563
  endloop
 endfacet
 facet normal 0 1 -0
  outer loop
   vertex 13.429496765136719 0.95679998397827148 -0.075975656509399414
   vertex 13.343426704406738 0.95679998397827148 -0.36445590853691101
   vertex 13.197138786315918 0.95679998397827148 -0.13720755279064178
  endloop
 endfacet
 facet normal 0 1 -0
  outer loop
   vertex 5.448333740234375 0.95679998397827148 -1.2657102346420288
   vertex 4.7209844589233398 0.95679998397827148 -1.7742924690246582
   vertex 4.6335844993591309 0.95679998397827148 -1.0845462083816528
  endloop
 endfacet
 facet normal 0 1 0
  outer loop
   vertex 13.288534164428711 0.95679998397827148 -0.61427587270736694
   vertex 13.418312072753906 0.95679998397827148 -0.81494408845901489
   vertex 13.234981536865234 0.95679998397827148 -0.88695245981216431
  endloop
 endfacet
 facet normal 0 1 0
  outer loop
   vertex 13.948155403137207 0.95679998397827148 0.077664397656917572
   vertex 14.120983123779297 0.95679998397827148 0.011281432583928108
   vertex 14.05733585357666 0.95679998397827148 -0.14430764317512512
  endloop
 endfacet
 facet normal 0 1 0
  outer loop
   vertex 0.66450703144073486 0.95679998397827148 -1.3143302202224731
   vertex 0.82351064682006836 0.95679998397827148 -1.3080306053161621
   vertex 0.74630403518676758 0.95679998397827148 -1.4398077726364136
  endloop
 endfacet
 facet normal 0 1 -0
  outer loop
   vertex 15.089312553405762 0.95679998397827148 -0.26202315092086792
   vertex 14.909005165100098 0.95679998397827148 -0.32052752375602722
   vertex 14.87531852722168 0.95679998397827148 -0.14955116808414459
  endloop
 endfacet
 facet normal 0 1 0
  outer loop
   vertex 1.0472358465194702 0.95679998397827148 0.5279729962348938
   vertex 1.3704755306243896 0.95679998397827148 0.40894216299057007
   vertex 1.0998094081878662 0.95679998397827148 0.30914673209190369
  endloop
 endfacet
 facet normal 0 1 0
  outer loop
   vertex 14.089078903198242 0.95679998397827148 0.44046637415885925
   vertex 13.939072608947754 0.95679998397827148 0.76314687728881836
   vertex 14.286468505859375 0.95679998397827148 0.69778591394424438
  endloop
 endfacet
 facet normal 0 1 0
  outer loop
   vertex 13.892871856689453 0.95679998397827148 0.26292458176612854
   vertex 14.089078903198242 0.95679998397827148 0.44046637415885925
   vertex 14.088272094726562 0.95679998397827148 0.17928385734558105
  endloop
 endfacet
 facet normal 0 1 -0
  outer loop
   vertex 7.358705997467041 0.95679998397827148 -0.86370390653610229
   vertex 6.422053337097168 0.95679998397827148 -1.7125160694122314
   vertex 6.0990090370178223 0.95679998397827148 -0.67614543437957764
  endloop
 endfacet
 facet normal 0 1 0
  outer loop
   vertex -0.086302466690540314 0.95679998397827148 -1.7219201326370239
   vertex -0.49024975299835205 0.95679998397827148 -1.873676061630249
   vertex -0.4255751371383667 0.95679998397827148 -1.4599385261535645
  endloop
 endfacet
 facet normal 0 1 -0
  outer loop
   vertex 0.20552009344100952 0.95679998397827148 -0.33071744441986084
   vertex 0.06774313747882843 0.95679998397827148 -0.35725221037864685
   vertex 0.03539557009935379 0.95679998397827148 -0.19178228080272675
  endloop
 endfacet
 facet normal 0 1 -0
  outer loop
   vertex 15.576960563659668 0.95679998397827148 0.46285116672515869
   vertex 15.227783203125 0.95679998397827148 0.42959925532341003
   vertex 15.11919116973877 0.95679998397827148 0.74643141031265259
  endloop
 endfacet
 facet normal 0 1 -0
  outer loop
   vertex -1.0017192363739014 0.95679998397827148 -0.86464101076126099
   vertex -1.0871882438659668 0.95679998397827148 -1.1436116695404053
   vertex -1.6064084768295288 0.95679998397827148 -0.90150904655456543
  endloop
 endfacet
 facet normal 0 1 0
  outer loop
   vertex 1.1150572299957275 0.95679998397827148 -0.61439758539199829
   vertex 1.3072307109832764 0.95679998397827148 -0.61668890714645386
   vertex 1.2545688152313232 0.95679998397827148 -0.76505124568939209
  endloop
 endfacet
 facet normal 0 1 0
  outer loop
   vertex 14.50843334197998 0.95679998397827148 -0.21003614366054535
   vertex 14.540230751037598 0.95679998397827148 -0.00770574901252985
   vertex 14.67066764831543 0.95679998397827148 -0.16328771412372589
  endloop
 endfacet
 facet normal 0 1 -0
  outer loop
   vertex 0.50548219680786133 0.95679998397827148 0.024583270773291588
   vertex 0.45355281233787537 0.95679998397827148 -0.14435245096683502
   vertex 0.32677066326141357 0.95679998397827148 -0.059553738683462143
  endloop
 endfacet
 facet normal -0 1 0
  outer loop
   vertex 16.385601043701172 0.95679998397827148 0.28874862194061279
   vertex 16.09100341796875 0.95679998397827148 0.65645217895507812
   vertex 16.683500289916992 0.95679998397827148 0.70865368843078613
  endloop
 endfacet
 facet normal 0 1 -0
  outer loop
   vertex 14.950491905212402 0.95679998397827148 0.43316876888275146
   vertex 14.69420337677002 0.95679998397827148 0.36308908462524414
   vertex 14.689729690551758 0.95679998397827148 0.63028073310852051
  endloop
 endfacet
 facet normal 0 1 0
  outer loop
   vertex 13.687379837036133 0.95679998397827148 -0.26298600435256958
   vertex 13.740456581115723 0.95679998397827148 -0.47171854972839355
   vertex 13.558236122131348 0.95679998397827148 -0.39242801070213318
  endloop
 endfacet
 facet normal 0 1 0
  outer loop
   vertex 1.3704755306243896 0.95679998397827148 0.40894216299057007
   vertex 1.3362290859222412 0.95679998397827148 0.85445380210876465
   vertex 1.7230267524719238 0.95679998397827148 0.69284349679946899
  endloop
 endfacet
 facet normal 0 1 0
  outer loop
   vertex 14.029450416564941 0.95679998397827148 1.1879264116287231
   vertex 14.489990234375 0.95679998397827148 1.3990620374679565
   vertex 14.280952453613281 0.95679998397827148 1.0017281770706177
  endloop
 endfacet
 facet normal -0 1 0
  outer loop
   vertex 16.198686599731445 0.95679998397827148 -0.66430562734603882
   vertex 15.821744918823242 0.95679998397827148 -0.29910001158714294
   vertex 16.334005355834961 0.95679998397827148 -0.16411550343036652
  endloop
 endfacet
 facet normal 0 1 0
  outer loop
   vertex 15.023946762084961 0.95679998397827148 -1.6148728132247925
   vertex 15.050702095031738 0.95679998397827148 -1.3770253658294678
   vertex 15.289359092712402 0.95679998397827148 -1.5493952035903931
  endloop
 endfacet
 facet normal 0 1 0
  outer loop
   vertex 1.3838813304901123 0.95679998397827148 -1.1389681100845337
   vertex 1.403009295463562 0.95679998397827148 -0.89802604913711548
   vertex 1.5872573852539062 0.95679998397827148 -1.0687675476074219
  endloop
 endfacet
 facet normal 0 1 -0
  outer loop
   vertex 1.403009295463562 0.95679998397827148 -0.89802604913711548
   vertex 1.3838813304901123 0.95679998397827148 -1.1389681100845337
   vertex 1.20154869556427 0.95679998397827148 -0.95782524347305298
  endloop
 endfacet
 facet normal 0 1 0
  outer loop
   vertex 1.7979086637496948 0.95679998397827148 -0.96515464782714844
   vertex 2.0820574760437012 0.95679998397827148 -1.1674042940139771
   vertex 1.7968510389328003 0.95679998397827148 -1.2743897438049316
  endloop
 endfacet
 facet normal 0 1 0
  outer loop
   vertex 16.778469085693359 0.95679998397827148 -0.55315124988555908
   vertex 16.198686599731445 0.95679998397827148 -0.66430562734603882
   vertex 16.334005355834961 0.95679998397827148 -0.16411550343036652
  endloop
 endfacet
 facet normal 0 1 0
  outer loop
   vertex 12.975522994995117 0.95679998397827148 0.15309971570968628
   vertex 13.219861030578613 0.95679998397827148 0.35552623867988586
   vertex 13.314685821533203 0.95679998397827148 0.11514947563409805
  endloop
 endfacet
 facet normal 0 1 0
  outer loop
   vertex 15.386632919311523 0.95679998397827148 -0.18663869798183441
   vertex 15.821744918823242 0.95679998397827148 -0.29910001158714294
   vertex 15.491809844970703 0.95679998397827148 -0.51108801364898682
  endloop
 endfacet
 facet normal -0 1 0
  outer loop
   vertex 16.09100341796875 0.95679998397827148 0.65645217895507812
   vertex 15.6392822265625 0.95679998397827148 1.0222265720367432
   vertex 16.28509521484375 0.95679998397827148 1.2856636047363281
  endloop
 endfacet
 facet normal -0 1 0
  outer loop
   vertex 14.909005165100098 0.95679998397827148 -0.32052752375602722
   vertex 14.773941993713379 0.95679998397827148 -0.31137171387672424
   vertex 14.87531852722168 0.95679998397827148 -0.14955116808414459
  endloop
 endfacet
 facet normal 0 1 0
  outer loop
   vertex 15.020889282226562 0.95679998397827148 -1.1508359909057617
   vertex 14.972091674804688 0.95679998397827148 -0.93288689851760864
   vertex 15.186726570129395 0.95679998397827148 -1.0292428731918335
  endloop
 endfacet
 facet normal 0 1 0
  outer loop
   vertex 0.73344159126281738 0.95679998397827148 0.50453919172286987
   vertex 0.90058404207229614 0.95679998397827148 0.88705724477767944
   vertex 1.0472358465194702 0.95679998397827148 0.5279729962348938
  endloop
 endfacet
 facet normal 0 1 0
  outer loop
   vertex 1.0309813022613525 0.95679998397827148 -1.0811172723770142
   vertex 0.87296807765960693 0.95679998397827148 -1.173500657081604
   vertex 0.90986639261245728 0.95679998397827148 -1.021395206451416
  endloop
 endfacet
 facet normal 0 1 -0
  outer loop
   vertex 2.2805542945861816 0.95679998397827148 0.46900537610054016
   vertex 2.0106995105743408 0.95679998397827148 0.15040130913257599
   vertex 1.9663633108139038 0.95679998397827148 0.49956870079040527
  endloop
 endfacet
 facet normal 0 1 0
  outer loop
   vertex 14.69304370880127 0.95679998397827148 -0.45938491821289062
   vertex 14.773941993713379 0.95679998397827148 -0.31137171387672424
   vertex 14.840503692626953 0.95679998397827148 -0.42104893922805786
  endloop
 endfacet
 facet normal 0 1 0
  outer loop
   vertex 0.19960726797580719 0.95679998397827148 -0.15298771858215332
   vertex 0.20552009344100952 0.95679998397827148 -0.33071744441986084
   vertex 0.03539557009935379 0.95679998397827148 -0.19178228080272675
  endloop
 endfacet
 facet normal 0 1 0
  outer loop
   vertex 0.51809430122375488 0.95679998397827148 -1.2929919958114624
   vertex 0.66450703144073486 0.95679998397827148 -1.3143302202224731
   vertex 0.59312361478805542 0.95679998397827148 -1.4688558578491211
  endloop
 endfacet
 facet normal 0 1 0
  outer loop
   vertex 7.1817789077758789 0.95679998397827148 1.0770072937011719
   vertex 7.1915512084960938 0.95679998397827148 1.7029536962509155
   vertex 7.9662432670593262 0.95679998397827148 1.6980659961700439
  endloop
 endfacet
 facet normal -0 1 0
  outer loop
   vertex 12.988822937011719 0.95679998397827148 0.53852486610412598
   vertex 12.642500877380371 0.95679998397827148 0.83505815267562866
   vertex 13.139920234680176 0.95679998397827148 0.95808714628219604
  endloop
 endfacet
 facet normal 0 1 -0
  outer loop
   vertex -0.081636279821395874 0.95679998397827148 -0.35864177346229553
   vertex -0.085615210235118866 0.95679998397827148 -0.55251282453536987
   vertex -0.26036745309829712 0.95679998397827148 -0.44130226969718933
  endloop
 endfacet
 facet normal 0 1 0
  outer loop
   vertex 14.843491554260254 0.95679998397827148 -0.7432977557182312
   vertex 14.972091674804688 0.95679998397827148 -0.93288689851760864
   vertex 14.771979331970215 0.95679998397827148 -0.9250490665435791
  endloop
 endfacet
 facet normal 0 1 0
  outer loop
   vertex 14.659530639648438 0.95679998397827148 0.9601936936378479
   vertex 15.11919116973877 0.95679998397827148 0.74643141031265259
   vertex 14.689729690551758 0.95679998397827148 0.63028073310852051
  endloop
 endfacet
 facet normal 0 1 0
  outer loop
   vertex -1.0871882438659668 0.95679998397827148 -1.1436116695404053
   vertex -0.82024341821670532 0.95679998397827148 -1.4427578449249268
   vertex -1.2953695058822632 0.95679998397827148 -1.3476104736328125
  endloop
 endfacet
 facet normal 0 1 0
  outer loop
   vertex 0.74630403518676758 0.95679998397827148 -1.4398077726364136
   vertex 0.82351064682006836 0.95679998397827148 -1.3080306053161621
   vertex 0.90381336212158203 0.95679998397827148 -1.4718570709228516
  endloop
 endfacet
 facet normal 0 1 0
  outer loop
   vertex 1.7634007930755615 0.95679998397827148 1.1934046745300293
   vertex 2.1979308128356934 0.95679998397827148 0.88115155696868896
   vertex 1.7230267524719238 0.95679998397827148 0.69284349679946899
  endloop
 endfacet
 facet normal 0 1 0
  outer loop
   vertex 13.52875804901123 0.95679998397827148 -1.6470646858215332
   vertex 13.274356842041016 0.95679998397827148 -1.7388849258422852
   vertex 13.300346374511719 0.95679998397827148 -1.4914895296096802
  endloop
 endfacet
 facet normal 0 1 0
  outer loop
   vertex 12.566784858703613 0.95679998397827148 0.40885543823242188
   vertex 12.988822937011719 0.95679998397827148 0.53852486610412598
   vertex 12.975522994995117 0.95679998397827148 0.15309971570968628
  endloop
 endfacet
 facet normal 0 1 0
  outer loop
   vertex 1.3362290859222412 0.95679998397827148 0.85445380210876465
   vertex 1.7634007930755615 0.95679998397827148 1.1934046745300293
   vertex 1.7230267524719238 0.95679998397827148 0.69284349679946899
  endloop
 endfacet
 facet normal 0 1 -0
  outer loop
   vertex 15.717653274536133 0.95679998397827148 -0.79398918151855469
   vertex 15.63422966003418 0.95679998397827148 -1.2836438417434692
   vertex 15.410326957702637 0.95679998397827148 -0.98457187414169312
  endloop
 endfacet
 facet normal 0 1 -0
  outer loop
   vertex 0.73344159126281738 0.95679998397827148 0.50453919172286987
   vertex 0.60002982616424561 0.95679998397827148 0.23334462940692902
   vertex 0.41599589586257935 0.95679998397827148 0.38875332474708557
  endloop
 endfacet
 facet normal -0 1 0
  outer loop
   vertex 0.90381336212158203 0.95679998397827148 -1.4718570709228516
   vertex 0.82351064682006836 0.95679998397827148 -1.3080306053161621
   vertex 0.9898105263710022 0.95679998397827148 -1.2773368358612061
  endloop
 endfacet
 facet normal 0 1 0
  outer loop
   vertex 13.610751152038574 0.95679998397827148 0.99143809080123901
   vertex 14.029450416564941 0.95679998397827148 1.1879264116287231
   vertex 13.939072608947754 0.95679998397827148 0.76314687728881836
  endloop
 endfacet
 facet normal 0 1 0
  outer loop
   vertex -0.80571120977401733 0.95679998397827148 -0.63637435436248779
   vertex -0.61382108926773071 0.95679998397827148 -0.88857316970825195
   vertex -1.0017192363739014 0.95679998397827148 -0.86464101076126099
  endloop
 endfacet
 facet normal 0 1 -0
  outer loop
   vertex 0.03539557009935379 0.95679998397827148 -0.19178228080272675
   vertex -0.081636279821395874 0.95679998397827148 -0.35864177346229553
   vertex -0.23864647746086121 0.95679998397827148 -0.15435552597045898
  endloop
 endfacet
 facet normal 0 1 -0
  outer loop
   vertex 12.566784858703613 0.95679998397827148 0.40885543823242188
   vertex 12.22240161895752 0.95679998397827148 0.045860350131988525
   vertex 12.162734985351562 0.95679998397827148 0.5619933009147644
  endloop
 endfacet
 facet normal -0 1 0
  outer loop
   vertex 14.089078903198242 0.95679998397827148 0.44046637415885925
   vertex 13.844595909118652 0.95679998397827148 0.47642537951469421
   vertex 13.939072608947754 0.95679998397827148 0.76314687728881836
  endloop
 endfacet
 facet normal 0 1 -0
  outer loop
   vertex 13.892871856689453 0.95679998397827148 0.26292458176612854
   vertex 13.772495269775391 0.95679998397827148 0.12569081783294678
   vertex 13.689253807067871 0.95679998397827148 0.32471856474876404
  endloop
 endfacet
 facet normal -0 1 0
  outer loop
   vertex 14.69420337677002 0.95679998397827148 0.36308908462524414
   vertex 14.420758247375488 0.95679998397827148 0.4536450207233429
   vertex 14.689729690551758 0.95679998397827148 0.63028073310852051
  endloop
 endfacet
 facet normal 0 1 0
  outer loop
   vertex 13.365031242370605 0.95679998397827148 0.61979115009307861
   vertex 13.610751152038574 0.95679998397827148 0.99143809080123901
   vertex 13.636139869689941 0.95679998397827148 0.58806890249252319
  endloop
 endfacet
 facet normal 0 1 -0
  outer loop
   vertex 2.6999297142028809 0.95679998397827148 0.64115208387374878
   vertex 2.2805542945861816 0.95679998397827148 0.46900537610054016
   vertex 2.1979308128356934 0.95679998397827148 0.88115155696868896
  endloop
 endfacet
 facet normal 0 1 0
  outer loop
   vertex 13.727313995361328 0.95679998397827148 -1.0832172632217407
   vertex 13.521432876586914 0.95679998397827148 -1.1202363967895508
   vertex 13.549716949462891 0.95679998397827148 -0.96702605485916138
  endloop
 endfacet
 facet normal 0 1 0
  outer loop
   vertex -1.0017192363739014 0.95679998397827148 -0.86464101076126099
   vertex -1.6064084768295288 0.95679998397827148 -0.90150904655456543
   vertex -1.1868207454681396 0.95679998397827148 -0.45541167259216309
  endloop
 endfacet
 facet normal -0 1 0
  outer loop
   vertex -0.24298472702503204 0.95679998397827148 -0.68817037343978882
   vertex -0.48705706000328064 0.95679998397827148 -0.62739855051040649
   vertex -0.26036745309829712 0.95679998397827148 -0.44130226969718933
  endloop
 endfacet
 facet normal 0 1 0
  outer loop
   vertex 1.0472358465194702 0.95679998397827148 0.5279729962348938
   vertex 0.90058404207229614 0.95679998397827148 0.88705724477767944
   vertex 1.3362290859222412 0.95679998397827148 0.85445380210876465
  endloop
 endfacet
 facet normal 0 1 0
  outer loop
   vertex 0.90477591753005981 0.95679998397827148 -0.21003161370754242
   vertex 0.91453045606613159 0.95679998397827148 -0.051949914544820786
   vertex 1.0112884044647217 0.95679998397827148 -0.15634086728096008
  endloop
 endfacet
 facet normal 0 1 0
  outer loop
   vertex 1.3704755306243896 0.95679998397827148 0.40894216299057007
   vertex 1.4534739255905151 0.95679998397827148 0.14304530620574951
   vertex 1.2065184116363525 0.95679998397827148 0.16791756451129913
  endloop
 endfacet
 facet normal 0 1 0
  outer loop
   vertex 15.056746482849121 0.95679998397827148 -0.65687459707260132
   vertex 14.992948532104492 0.95679998397827148 -0.44374173879623413
   vertex 15.216962814331055 0.95679998397827148 -0.44874781370162964
  endloop
 endfacet
 facet normal 0 1 0
  outer loop
   vertex 13.52875804901123 0.95679998397827148 -1.6470646858215332
   vertex 13.813288688659668 0.95679998397827148 -1.7341216802597046
   vertex 13.524556159973145 0.95679998397827148 -2.0056607723236084
  endloop
 endfacet
 facet normal 0 1 0
  outer loop
   vertex 0.38222506642341614 0.95679998397827148 -1.4353338479995728
   vertex 0.51809430122375488 0.95679998397827148 -1.2929919958114624
   vertex 0.59312361478805542 0.95679998397827148 -1.4688558578491211
  endloop
 endfacet
 facet normal 0 1 0
  outer loop
   vertex 7.358705997467041 0.95679998397827148 -0.86370390653610229
   vertex 8.0561237335205078 0.95679998397827148 -1.7190756797790527
   vertex 7.2418198585510254 0.95679998397827148 -1.7046756744384766
  endloop
 endfacet
 facet normal -0 1 0
  outer loop
   vertex 2.2805542945861816 0.95679998397827148 0.46900537610054016
   vertex 1.9663633108139038 0.95679998397827148 0.49956870079040527
   vertex 2.1979308128356934 0.95679998397827148 0.88115155696868896
  endloop
 endfacet
 facet normal 0 1 0
  outer loop
   vertex 13.892871856689453 0.95679998397827148 0.26292458176612854
   vertex 13.948155403137207 0.95679998397827148 0.077664397656917572
   vertex 13.772495269775391 0.95679998397827148 0.12569081783294678
  endloop
 endfacet
 facet normal 0 1 0
  outer loop
   vertex 1.5872573852539062 0.95679998397827148 -1.0687675476074219
   vertex 1.7979086637496948 0.95679998397827148 -0.96515464782714844
   vertex 1.7968510389328003 0.95679998397827148 -1.2743897438049316
  endloop
 endfacet
 facet normal -0 1 0
  outer loop
   vertex 2.5420293807983398 0.95679998397827148 -1.9237422943115234
   vertex 2.3756487369537354 0.95679998397827148 -1.4070233106613159
   vertex 2.7668652534484863 0.95679998397827148 -1.3719800710678101
  endloop
 endfacet
 facet normal 0 1 0
  outer loop
   vertex 12.162734985351562 0.95679998397827148 0.5619933009147644
   vertex 12.15419864654541 0.95679998397827148 1.1924891471862793
   vertex 12.642500877380371 0.95679998397827148 0.83505815267562866
  endloop
 endfacet
 facet normal 0 1 0
  outer loop
   vertex 13.288534164428711 0.95679998397827148 -0.61427587270736694
   vertex 13.440664291381836 0.95679998397827148 -0.50649476051330566
   vertex 13.482441902160645 0.95679998397827148 -0.65414643287658691
  endloop
 endfacet
 facet normal 0 1 0
  outer loop
   vertex 14.286468505859375 0.95679998397827148 0.69778591394424438
   vertex 14.659530639648438 0.95679998397827148 0.9601936936378479
   vertex 14.689729690551758 0.95679998397827148 0.63028073310852051
  endloop
 endfacet
 facet normal 0 1 0
  outer loop
   vertex 2.0812666416168213 0.95679998397827148 -1.5551584959030151
   vertex 2.3756487369537354 0.95679998397827148 -1.4070233106613159
   vertex 2.5420293807983398 0.95679998397827148 -1.9237422943115234
  endloop
 endfacet
 facet normal 0 1 0
  outer loop
   vertex 14.503904342651367 0.95679998397827148 -1.1670458316802979
   vertex 14.675690650939941 0.95679998397827148 -1.2592067718505859
   vertex 14.478509902954102 0.95679998397827148 -1.3302755355834961
  endloop
 endfacet
 facet normal 0 1 0
  outer loop
   vertex 13.524048805236816 0.95679998397827148 -1.4365129470825195
   vertex 13.300346374511719 0.95679998397827148 -1.4914895296096802
   vertex 13.41215991973877 0.95679998397827148 -1.2902333736419678
  endloop
 endfacet
 facet normal -0 1 0
  outer loop
   vertex 15.289359092712402 0.95679998397827148 -1.5493952035903931
   vertex 15.050702095031738 0.95679998397827148 -1.3770253658294678
   vertex 15.265457153320312 0.95679998397827148 -1.2289903163909912
  endloop
 endfacet
 facet normal 0 1 0
  outer loop
   vertex 0.59227603673934937 0.95679998397827148 1.2508722543716431
   vertex 0.90058404207229614 0.95679998397827148 0.88705724477767944
   vertex 0.48110699653625488 0.95679998397827148 0.7678077220916748
  endloop
 endfacet
 facet normal 0 1 -0
  outer loop
   vertex -0.085615210235118866 0.95679998397827148 -0.55251282453536987
   vertex -0.24298472702503204 0.95679998397827148 -0.68817037343978882
   vertex -0.26036745309829712 0.95679998397827148 -0.44130226969718933
  endloop
 endfacet
 facet normal -0 1 0
  outer loop
   vertex 14.245546340942383 0.95679998397827148 0.047559265047311783
   vertex 14.088272094726562 0.95679998397827148 0.17928385734558105
   vertex 14.267158508300781 0.95679998397827148 0.24555245041847229
  endloop
 endfacet
 facet normal 0 1 0
  outer loop
   vertex 13.300346374511719 0.95679998397827148 -1.4914895296096802
   vertex 13.125347137451172 0.95679998397827148 -1.2620459794998169
   vertex 13.41215991973877 0.95679998397827148 -1.2902333736419678
  endloop
 endfacet
 facet normal 0 1 0
  outer loop
   vertex 2.3756487369537354 0.95679998397827148 -1.4070233106613159
   vertex 2.0812666416168213 0.95679998397827148 -1.5551584959030151
   vertex 2.0820574760437012 0.95679998397827148 -1.1674042940139771
  endloop
 endfacet
 facet normal 0 1 0
  outer loop
   vertex 13.304651260375977 0.95679998397827148 -1.100555419921875
   vertex 13.521432876586914 0.95679998397827148 -1.1202363967895508
   vertex 13.41215991973877 0.95679998397827148 -1.2902333736419678
  endloop
 endfacet
 facet normal 0 1 -0
  outer loop
   vertex 0.51809430122375488 0.95679998397827148 -1.2929919958114624
   vertex 0.38222506642341614 0.95679998397827148 -1.4353338479995728
   vertex 0.33242160081863403 0.95679998397827148 -1.2261414527893066
  endloop
 endfacet
 facet normal 0 1 -0
  outer loop
   vertex 14.503904342651367 0.95679998397827148 -1.1670458316802979
   vertex 14.478509902954102 0.95679998397827148 -1.3302755355834961
   vertex 14.331311225891113 0.95679998397827148 -1.2405697107315063
  endloop
 endfacet
 facet normal 0 1 -0
  outer loop
   vertex 14.089078903198242 0.95679998397827148 0.44046637415885925
   vertex 13.892871856689453 0.95679998397827148 0.26292458176612854
   vertex 13.844595909118652 0.95679998397827148 0.47642537951469421
  endloop
 endfacet
 facet normal 0 1 0
  outer loop
   vertex 15.11919116973877 0.95679998397827148 0.74643141031265259
   vertex 15.227783203125 0.95679998397827148 0.42959925532341003
   vertex 14.950491905212402 0.95679998397827148 0.43316876888275146
  endloop
 endfacet
 facet normal 0 1 0
  outer loop
   vertex 13.125347137451172 0.95679998397827148 -1.2620459794998169
   vertex 13.304651260375977 0.95679998397827148 -1.100555419921875
   vertex 13.41215991973877 0.95679998397827148 -1.2902333736419678
  endloop
 endfacet
 facet normal 0 1 0
  outer loop
   vertex 13.125347137451172 0.95679998397827148 -1.2620459794998169
   vertex 13.048618316650391 0.95679998397827148 -0.99520587921142578
   vertex 13.304651260375977 0.95679998397827148 -1.100555419921875
  endloop
 endfacet
 facet normal 0 1 0
  outer loop
   vertex 1.1728518009185791 0.95679998397827148 -0.32969310879707336
   vertex 1.2233604192733765 0.95679998397827148 -0.47327148914337158
   vertex 1.0894045829772949 0.95679998397827148 -0.45942044258117676
  endloop
 endfacet
 facet normal -0 1 0
  outer loop
   vertex 15.821744918823242 0.95679998397827148 -0.29910001158714294
   vertex 15.386632919311523 0.95679998397827148 -0.18663869798183441
   vertex 15.647601127624512 0.95679998397827148 0.056276701390743256
  endloop
 endfacet
 facet normal -0 1 0
  outer loop
   vertex 2.7222683429718018 0.95679998397827148 -0.2690371572971344
   vertex 2.4974422454833984 0.95679998397827148 0.14255042374134064
   vertex 3.0664076805114746 0.95679998397827148 0.17063230276107788
  endloop
 endfacet
 facet normal 0 1 0
  outer loop
   vertex 0.35276132822036743 0.95679998397827148 0.13212877511978149
   vertex 0.50548219680786133 0.95679998397827148 0.024583270773291588
   vertex 0.32677066326141357 0.95679998397827148 -0.059553738683462143
  endloop
 endfacet
 facet normal -0 1 0
  outer loop
   vertex 13.048618316650391 0.95679998397827148 -0.99520587921142578
   vertex 12.820642471313477 0.95679998397827148 -0.80006790161132812
   vertex 13.048808097839355 0.95679998397827148 -0.7072330117225647
  endloop
 endfacet
 facet normal 0 1 0
  outer loop
   vertex 14.675690650939941 0.95679998397827148 -1.2592067718505859
   vertex 14.650632858276367 0.95679998397827148 -1.0579409599304199
   vertex 14.826388359069824 0.95679998397827148 -1.0981457233428955
  endloop
 endfacet
 facet normal 0 1 0
  outer loop
   vertex 13.549716949462891 0.95679998397827148 -0.96702605485916138
   vertex 13.404150009155273 0.95679998397827148 -0.98136806488037109
   vertex 13.418312072753906 0.95679998397827148 -0.81494408845901489
  endloop
 endfacet
 facet normal 0 1 -0
  outer loop
   vertex 1.1339083909988403 0.95679998397827148 -0.18204151093959808
   vertex 1.0169196128845215 0.95679998397827148 -0.32003310322761536
   vertex 1.0112884044647217 0.95679998397827148 -0.15634086728096008
  endloop
 endfacet
 facet normal 0 1 0
  outer loop
   vertex -1.3952586650848389 0.95679998397827148 -0.05266880989074707
   vertex -0.97272419929504395 0.95679998397827148 -0.018541423603892326
   vertex -1.1868207454681396 0.95679998397827148 -0.45541167259216309
  endloop
 endfacet
 facet normal 0 1 0
  outer loop
   vertex -1.1868207454681396 0.95679998397827148 -0.45541167259216309
   vertex -0.97272419929504395 0.95679998397827148 -0.018541423603892326
   vertex -0.74272018671035767 0.95679998397827148 -0.34385621547698975
  endloop
 endfacet
 facet normal 0 1 0
  outer loop
   vertex 1.7030305862426758 0.95679998397827148 0.3215688169002533
   vertex 2.0106995105743408 0.95679998397827148 0.15040130913257599
   vertex 1.6827216148376465 0.95679998397827148 0.061449054628610611
  endloop
 endfacet
 facet normal 0 1 0
  outer loop
   vertex 0.10599546879529953 0.95679998397827148 0.56412249803543091
   vertex 0.48110699653625488 0.95679998397827148 0.7678077220916748
   vertex 0.41599589586257935 0.95679998397827148 0.38875332474708557
  endloop
 endfacet
 facet normal 0 1 -0
  outer loop
   vertex 13.314685821533203 0.95679998397827148 0.11514947563409805
   vertex 13.197138786315918 0.95679998397827148 -0.13720755279064178
   vertex 12.975522994995117 0.95679998397827148 0.15309971570968628
  endloop
 endfacet
 facet normal 0 1 0
  outer loop
   vertex 8.7457370758056641 0.95679998397827148 1.7028367519378662
   vertex 9.5376567840576172 0.95679998397827148 1.7197651863098145
   vertex 8.9933080673217773 0.95679998397827148 1.087549090385437
  endloop
 endfacet
 facet normal 0 1 0
  outer loop
   vertex 12.80438232421875 0.95679998397827148 -0.52146285772323608
   vertex 13.095686912536621 0.95679998397827148 -0.42543292045593262
   vertex 13.048808097839355 0.95679998397827148 -0.7072330117225647
  endloop
 endfacet
 facet normal 0 1 0
  outer loop
   vertex 13.614245414733887 0.95679998397827148 -0.67778146266937256
   vertex 13.590869903564453 0.95679998397827148 -0.54960709810256958
   vertex 13.718812942504883 0.95679998397827148 -0.62727218866348267
  endloop
 endfacet
 facet normal 0 1 -0
  outer loop
   vertex 11.122660636901855 0.95679998397827148 1.7733054161071777
   vertex 10.930929183959961 0.95679998397827148 1.3953393697738647
   vertex 10.345648765563965 0.95679998397827148 1.7431397438049316
  endloop
 endfacet
 facet normal 0 1 -0
  outer loop
   vertex 15.056746482849121 0.95679998397827148 -0.65687459707260132
   vertex 14.972091674804688 0.95679998397827148 -0.93288689851760864
   vertex 14.843491554260254 0.95679998397827148 -0.7432977557182312
  endloop
 endfacet
 facet normal 0 1 -0
  outer loop
   vertex 13.740456581115723 0.95679998397827148 -0.47171854972839355
   vertex 13.590869903564453 0.95679998397827148 -0.54960709810256958
   vertex 13.558236122131348 0.95679998397827148 -0.39242801070213318
  endloop
 endfacet
 facet normal 0 1 0
  outer loop
   vertex 14.416977882385254 0.95679998397827148 0.10708451271057129
   vertex 14.619352340698242 0.95679998397827148 0.14168661832809448
   vertex 14.540230751037598 0.95679998397827148 -0.00770574901252985
  endloop
 endfacet
 facet normal -0 1 0
  outer loop
   vertex 0.021925702691078186 0.95679998397827148 -0.46916034817695618
   vertex -0.081636279821395874 0.95679998397827148 -0.35864177346229553
   vertex 0.06774313747882843 0.95679998397827148 -0.35725221037864685
  endloop
 endfacet
 facet normal -0 1 0
  outer loop
   vertex 13.52875804901123 0.95679998397827148 -1.6470646858215332
   vertex 13.300346374511719 0.95679998397827148 -1.4914895296096802
   vertex 13.524048805236816 0.95679998397827148 -1.4365129470825195
  endloop
 endfacet
 facet normal 0 1 0
  outer loop
   vertex 14.540230751037598 0.95679998397827148 -0.00770574901252985
   vertex 14.712223052978516 0.95679998397827148 -0.0094162207096815109
   vertex 14.67066764831543 0.95679998397827148 -0.16328771412372589
  endloop
 endfacet
 facet normal -0 1 0
  outer loop
   vertex 15.11443042755127 0.95679998397827148 -0.026115678250789642
   vertex 14.874945640563965 0.95679998397827148 0.14836752414703369
   vertex 15.103518486022949 0.95679998397827148 0.21938735246658325
  endloop
 endfacet
 facet normal 0 1 0
  outer loop
   vertex 13.343426704406738 0.95679998397827148 -0.36445590853691101
   vertex 13.429496765136719 0.95679998397827148 -0.075975656509399414
   vertex 13.538055419921875 0.95679998397827148 -0.22693781554698944
  endloop
 endfacet
 facet normal 0 1 0
  outer loop
   vertex 2.2249062061309814 0.95679998397827148 1.4185631275177002
   vertex 1.8858993053436279 0.95679998397827148 1.8980956077575684
   vertex 2.5495803356170654 0.95679998397827148 1.8641902208328247
  endloop
 endfacet
 facet normal 0 1 0
  outer loop
   vertex -0.48705706000328064 0.95679998397827148 -0.62739855051040649
   vertex -0.80571120977401733 0.95679998397827148 -0.63637435436248779
   vertex -0.74272018671035767 0.95679998397827148 -0.34385621547698975
  endloop
 endfacet
 facet normal 0 1 0
  outer loop
   vertex 1.5872573852539062 0.95679998397827148 -1.0687675476074219
   vertex 1.5698517560958862 0.95679998397827148 -0.79678857326507568
   vertex 1.7979086637496948 0.95679998397827148 -0.96515464782714844
  endloop
 endfacet
 facet normal 0 1 -0
  outer loop
   vertex 0.32677066326141357 0.95679998397827148 -0.059553738683462143
   vertex 0.31471207737922668 0.95679998397827148 -0.21781358122825623
   vertex 0.19960726797580719 0.95679998397827148 -0.15298771858215332
  endloop
 endfacet
 facet normal 0 1 0
  outer loop
   vertex 14.416977882385254 0.95679998397827148 0.10708451271057129
   vertex 14.245546340942383 0.95679998397827148 0.047559265047311783
   vertex 14.267158508300781 0.95679998397827148 0.24555245041847229
  endloop
 endfacet
 facet normal 0 1 0
  outer loop
   vertex 0.91453045606613159 0.95679998397827148 -0.051949914544820786
   vertex 1.0863078832626343 0.95679998397827148 -0.017648195847868919
   vertex 1.0112884044647217 0.95679998397827148 -0.15634086728096008
  endloop
 endfacet
 facet normal 0 1 0
  outer loop
   vertex 2.0106995105743408 0.95679998397827148 0.15040130913257599
   vertex 2.2278702259063721 0.95679998397827148 -0.17768180370330811
   vertex 1.808943510055542 0.95679998397827148 -0.16893753409385681
  endloop
 endfacet
 facet normal 0 1 0
  outer loop
   vertex 0.19960726797580719 0.95679998397827148 -0.15298771858215332
   vertex 0.03539557009935379 0.95679998397827148 -0.19178228080272675
   vertex 0.13450838625431061 0.95679998397827148 0.001119270920753479
  endloop
 endfacet
 facet normal 0 1 0
  outer loop
   vertex 12.642500877380371 0.95679998397827148 0.83505815267562866
   vertex 12.843689918518066 0.95679998397827148 1.3513350486755371
   vertex 13.139920234680176 0.95679998397827148 0.95808714628219604
  endloop
 endfacet
 facet normal 0 1 0
  outer loop
   vertex -0.91074258089065552 0.95679998397827148 -1.6698722839355469
   vertex -1.2953695058822632 0.95679998397827148 -1.3476104736328125
   vertex -0.82024341821670532 0.95679998397827148 -1.4427578449249268
  endloop
 endfacet
 facet normal 0 1 0
  outer loop
   vertex 13.343426704406738 0.95679998397827148 -0.36445590853691101
   vertex 13.095686912536621 0.95679998397827148 -0.42543292045593262
   vertex 13.197138786315918 0.95679998397827148 -0.13720755279064178
  endloop
 endfacet
 facet normal 0 1 -0
  outer loop
   vertex 15.11919116973877 0.95679998397827148 0.74643141031265259
   vertex 14.950491905212402 0.95679998397827148 0.43316876888275146
   vertex 14.689729690551758 0.95679998397827148 0.63028073310852051
  endloop
 endfacet
 facet normal 0 1 0
  outer loop
   vertex 14.803207397460938 0.95679998397827148 -1.7202805280685425
   vertex 15.023946762084961 0.95679998397827148 -1.6148728132247925
   vertex 15.138922691345215 0.95679998397827148 -1.9724177122116089
  endloop
 endfacet
 facet normal 0 1 0
  outer loop
   vertex 13.048808097839355 0.95679998397827148 -0.7072330117225647
   vertex 13.288534164428711 0.95679998397827148 -0.61427587270736694
   vertex 13.234981536865234 0.95679998397827148 -0.88695245981216431
  endloop
 endfacet
 facet normal 0 1 0
  outer loop
   vertex 14.992948532104492 0.95679998397827148 -0.44374173879623413
   vertex 15.089312553405762 0.95679998397827148 -0.26202315092086792
   vertex 15.216962814331055 0.95679998397827148 -0.44874781370162964
  endloop
 endfacet
 facet normal 0 1 0
  outer loop
   vertex 12.820642471313477 0.95679998397827148 -0.80006790161132812
   vertex 12.80438232421875 0.95679998397827148 -0.52146285772323608
   vertex 13.048808097839355 0.95679998397827148 -0.7072330117225647
  endloop
 endfacet
 facet normal 0 1 0
  outer loop
   vertex 16.334005355834961 0.95679998397827148 -0.16411550343036652
   vertex 16.385601043701172 0.95679998397827148 0.28874862194061279
   vertex 16.843812942504883 0.95679998397827148 0.072736337780952454
  endloop
 endfacet
 facet normal 0 1 0
  outer loop
   vertex 14.006746292114258 0.95679998397827148 -1.4958308935165405
   vertex 14.312968254089355 0.95679998397827148 -1.47907555103302
   vertex 14.148433685302734 0.95679998397827148 -1.7541712522506714
  endloop
 endfacet
 facet normal 0 1 0
  outer loop
   vertex 2.4974422454833984 0.95679998397827148 0.14255042374134064
   vertex 2.6999297142028809 0.95679998397827148 0.64115208387374878
   vertex 3.0664076805114746 0.95679998397827148 0.17063230276107788
  endloop
 endfacet
 facet normal 0 1 0
  outer loop
   vertex 14.69304370880127 0.95679998397827148 -0.45938491821289062
   vertex 14.840503692626953 0.95679998397827148 -0.42104893922805786
   vertex 14.846444129943848 0.95679998397827148 -0.56077331304550171
  endloop
 endfacet
 facet normal -0 1 0
  outer loop
   vertex 14.843491554260254 0.95679998397827148 -0.7432977557182312
   vertex 14.718708992004395 0.95679998397827148 -0.61441242694854736
   vertex 14.846444129943848 0.95679998397827148 -0.56077331304550171
  endloop
 endfacet
 facet normal -0 1 0
  outer loop
   vertex 16.5081787109375 0.95679998397827148 -1.1021820306777954
   vertex 16.198686599731445 0.95679998397827148 -0.66430562734603882
   vertex 16.778469085693359 0.95679998397827148 -0.55315124988555908
  endloop
 endfacet
 facet normal 0 1 0
  outer loop
   vertex 1.1339083909988403 0.95679998397827148 -0.18204151093959808
   vertex 1.0863078832626343 0.95679998397827148 -0.017648195847868919
   vertex 1.2707265615463257 0.95679998397827148 -0.029356988146901131
  endloop
 endfacet
 facet normal 0 1 0
  outer loop
   vertex 0.73782616853713989 0.95679998397827148 -1.2021059989929199
   vertex 0.77007085084915161 0.95679998397827148 -1.0929141044616699
   vertex 0.87296807765960693 0.95679998397827148 -1.173500657081604
  endloop
 endfacet
 facet normal 0 1 0
  outer loop
   vertex 13.665657043457031 0.95679998397827148 -0.05846792459487915
   vertex 13.687379837036133 0.95679998397827148 -0.26298600435256958
   vertex 13.538055419921875 0.95679998397827148 -0.22693781554698944
  endloop
 endfacet
 facet normal 0 1 0
  outer loop
   vertex 1.0863078832626343 0.95679998397827148 -0.017648195847868919
   vertex 1.1339083909988403 0.95679998397827148 -0.18204151093959808
   vertex 1.0112884044647217 0.95679998397827148 -0.15634086728096008
  endloop
 endfacet
 facet normal 0 1 -0
  outer loop
   vertex 0.90058404207229614 0.95679998397827148 0.88705724477767944
   vertex 0.73344159126281738 0.95679998397827148 0.50453919172286987
   vertex 0.48110699653625488 0.95679998397827148 0.7678077220916748
  endloop
 endfacet
 facet normal 0 1 -0
  outer loop
   vertex 13.727313995361328 0.95679998397827148 -1.0832172632217407
   vertex 13.64335823059082 0.95679998397827148 -1.2785273790359497
   vertex 13.521432876586914 0.95679998397827148 -1.1202363967895508
  endloop
 endfacet
 facet normal -0 1 0
  outer loop
   vertex 15.265457153320312 0.95679998397827148 -1.2289903163909912
   vertex 15.020889282226562 0.95679998397827148 -1.1508359909057617
   vertex 15.186726570129395 0.95679998397827148 -1.0292428731918335
  endloop
 endfacet
 facet normal -0 1 0
  outer loop
   vertex 2.7277481555938721 0.95679998397827148 1.2594137191772461
   vertex 2.2249062061309814 0.95679998397827148 1.4185631275177002
   vertex 2.5495803356170654 0.95679998397827148 1.8641902208328247
  endloop
 endfacet
 facet normal 0 1 0
  outer loop
   vertex 13.521432876586914 0.95679998397827148 -1.1202363967895508
   vertex 13.64335823059082 0.95679998397827148 -1.2785273790359497
   vertex 13.41215991973877 0.95679998397827148 -1.2902333736419678
  endloop
 endfacet
 facet normal -0 1 0
  outer loop
   vertex 14.333206176757812 0.95679998397827148 -2.035996675491333
   vertex 14.148433685302734 0.95679998397827148 -1.7541712522506714
   vertex 14.488202095031738 0.95679998397827148 -1.7526546716690063
  endloop
 endfacet
 facet normal 0 1 0
  outer loop
   vertex 13.314685821533203 0.95679998397827148 0.11514947563409805
   vertex 13.429496765136719 0.95679998397827148 -0.075975656509399414
   vertex 13.197138786315918 0.95679998397827148 -0.13720755279064178
  endloop
 endfacet
 facet normal 0 1 0
  outer loop
   vertex 13.41215991973877 0.95679998397827148 -1.2902333736419678
   vertex 13.64335823059082 0.95679998397827148 -1.2785273790359497
   vertex 13.524048805236816 0.95679998397827148 -1.4365129470825195
  endloop
 endfacet
 facet normal 0 1 0
  outer loop
   vertex 0.87296807765960693 0.95679998397827148 -1.173500657081604
   vertex 1.0309813022613525 0.95679998397827148 -1.0811172723770142
   vertex 0.9898105263710022 0.95679998397827148 -1.2773368358612061
  endloop
 endfacet
 facet normal -0 1 0
  outer loop
   vertex 14.312968254089355 0.95679998397827148 -1.47907555103302
   vertex 14.13727855682373 0.95679998397827148 -1.28019118309021
   vertex 14.331311225891113 0.95679998397827148 -1.2405697107315063
  endloop
 endfacet
 facet normal 0 1 0
  outer loop
   vertex 16.683500289916992 0.95679998397827148 0.70865368843078613
   vertex 16.09100341796875 0.95679998397827148 0.65645217895507812
   vertex 16.28509521484375 0.95679998397827148 1.2856636047363281
  endloop
 endfacet
 facet normal 0 1 0
  outer loop
   vertex 1.5619984865188599 0.95679998397827148 -1.2944203615188599
   vertex 1.5872573852539062 0.95679998397827148 -1.0687675476074219
   vertex 1.7968510389328003 0.95679998397827148 -1.2743897438049316
  endloop
 endfacet
 facet normal 0 1 0
  outer loop
   vertex 14.488202095031738 0.95679998397827148 -1.7526546716690063
   vertex 14.803207397460938 0.95679998397827148 -1.7202805280685425
   vertex 14.731174468994141 0.95679998397827148 -2.0267190933227539
  endloop
 endfacet
 facet normal 0 1 -0
  outer loop
   vertex 1.7030305862426758 0.95679998397827148 0.3215688169002533
   vertex 1.4534739255905151 0.95679998397827148 0.14304530620574951
   vertex 1.3704755306243896 0.95679998397827148 0.40894216299057007
  endloop
 endfacet
 facet normal 0 1 0
  outer loop
   vertex -0.067639298737049103 0.95679998397827148 -1.1900092363357544
   vertex -0.049755927175283432 0.95679998397827148 -1.0322513580322266
   vertex 0.13934539258480072 0.95679998397827148 -1.0996476411819458
  endloop
 endfacet
 facet normal 0 1 0
  outer loop
   vertex 2.2278702259063721 0.95679998397827148 -0.17768180370330811
   vertex 2.3661236763000488 0.95679998397827148 -0.55240404605865479
   vertex 1.9754863977432251 0.95679998397827148 -0.47992119193077087
  endloop
 endfacet
 facet normal 0 1 0
  outer loop
   vertex 13.343426704406738 0.95679998397827148 -0.36445590853691101
   vertex 13.440664291381836 0.95679998397827148 -0.50649476051330566
   vertex 13.288534164428711 0.95679998397827148 -0.61427587270736694
  endloop
 endfacet
 facet normal -0 1 0
  outer loop
   vertex 15.63422966003418 0.95679998397827148 -1.2836438417434692
   vertex 15.265457153320312 0.95679998397827148 -1.2289903163909912
   vertex 15.410326957702637 0.95679998397827148 -0.98457187414169312
  endloop
 endfacet
 facet normal 0 1 0
  outer loop
   vertex 1.1728518009185791 0.95679998397827148 -0.32969310879707336
   vertex 1.1339083909988403 0.95679998397827148 -0.18204151093959808
   vertex 1.2788149118423462 0.95679998397827148 -0.18872377276420593
  endloop
 endfacet
 facet normal 0 1 0
  outer loop
   vertex 5.448333740234375 0.95679998397827148 -1.2657102346420288
   vertex 5.5829873085021973 0.95679998397827148 -1.7370433807373047
   vertex 4.7209844589233398 0.95679998397827148 -1.7742924690246582
  endloop
 endfacet
 facet normal 0 1 0
  outer loop
   vertex 1.7979086637496948 0.95679998397827148 -0.96515464782714844
   vertex 2.0350241661071777 0.95679998397827148 -0.78619867563247681
   vertex 2.0820574760437012 0.95679998397827148 -1.1674042940139771
  endloop
 endfacet
 facet normal -0 1 0
  outer loop
   vertex 6.1061091423034668 0.95679998397827148 1.0040901899337769
   vertex 5.2978134155273438 0.95679998397827148 1.1037732362747192
   vertex 5.6222224235534668 0.95679998397827148 1.7333000898361206
  endloop
 endfacet
 facet normal 0 1 0
  outer loop
   vertex 13.219861030578613 0.95679998397827148 0.35552623867988586
   vertex 13.365031242370605 0.95679998397827148 0.61979115009307861
   vertex 13.455244064331055 0.95679998397827148 0.35106602311134338
  endloop
 endfacet
 facet normal -0 1 0
  outer loop
   vertex 1.670769214630127 0.95679998397827148 -1.5954393148422241
   vertex 1.5619984865188599 0.95679998397827148 -1.2944203615188599
   vertex 1.7968510389328003 0.95679998397827148 -1.2743897438049316
  endloop
 endfacet
 facet normal -0 1 0
  outer loop
   vertex 2.7222683429718018 0.95679998397827148 -0.2690371572971344
   vertex 2.2278702259063721 0.95679998397827148 -0.17768180370330811
   vertex 2.4974422454833984 0.95679998397827148 0.14255042374134064
  endloop
 endfacet
 facet normal 0 1 0
  outer loop
   vertex 3.4335191249847412 0.95679998397827148 0.93375450372695923
   vertex 4.0168395042419434 0.95679998397827148 1.7880829572677612
   vertex 4.4846582412719727 0.95679998397827148 0.8031919002532959
  endloop
 endfacet
 facet normal 0 1 -0
  outer loop
   vertex 2.3661236763000488 0.95679998397827148 -0.55240404605865479
   vertex 2.0350241661071777 0.95679998397827148 -0.78619867563247681
   vertex 1.9754863977432251 0.95679998397827148 -0.47992119193077087
  endloop
 endfacet
 facet normal 0 1 0
  outer loop
   vertex 1.2233604192733765 0.95679998397827148 -0.47327148914337158
   vertex 1.3072307109832764 0.95679998397827148 -0.61668890714645386
   vertex 1.1150572299957275 0.95679998397827148 -0.61439758539199829
  endloop
 endfacet
 facet normal 0 1 -0
  outer loop
   vertex 13.614245414733887 0.95679998397827148 -0.67778146266937256
   vertex 13.575491905212402 0.95679998397827148 -0.79106795787811279
   vertex 13.482441902160645 0.95679998397827148 -0.65414643287658691
  endloop
 endfacet
 facet normal 0 1 0
  outer loop
   vertex 12.843689918518066 0.95679998397827148 1.3513350486755371
   vertex 13.189096450805664 0.95679998397827148 1.8717643022537231
   vertex 13.388824462890625 0.95679998397827148 1.413359522819519
  endloop
 endfacet
 facet normal 0 1 0
  outer loop
   vertex 14.006746292114258 0.95679998397827148 -1.4958308935165405
   vertex 14.13727855682373 0.95679998397827148 -1.28019118309021
   vertex 14.312968254089355 0.95679998397827148 -1.47907555103302
  endloop
 endfacet
 facet normal -0 1 0
  outer loop
   vertex -0.80571120977401733 0.95679998397827148 -0.63637435436248779
   vertex -1.1868207454681396 0.95679998397827148 -0.45541167259216309
   vertex -0.74272018671035767 0.95679998397827148 -0.34385621547698975
  endloop
 endfacet
 facet normal 0 1 0
  outer loop
   vertex 0.48110699653625488 0.95679998397827148 0.7678077220916748
   vertex 0.73344159126281738 0.95679998397827148 0.50453919172286987
   vertex 0.41599589586257935 0.95679998397827148 0.38875332474708557
  endloop
 endfacet
 facet normal 0 1 0
  outer loop
   vertex -0.49024975299835205 0.95679998397827148 -1.873676061630249
   vertex -0.82024341821670532 0.95679998397827148 -1.4427578449249268
   vertex -0.4255751371383667 0.95679998397827148 -1.4599385261535645
  endloop
 endfacet
 facet normal 0 1 0
  outer loop
   vertex 13.727313995361328 0.95679998397827148 -1.0832172632217407
   vertex 13.892551422119141 0.95679998397827148 -1.2525358200073242
   vertex 13.64335823059082 0.95679998397827148 -1.2785273790359497
  endloop
 endfacet
 facet normal 0 1 0
  outer loop
   vertex 13.684390068054199 0.95679998397827148 -0.92022556066513062
   vertex 13.549716949462891 0.95679998397827148 -0.96702605485916138
   vertex 13.575491905212402 0.95679998397827148 -0.79106795787811279
  endloop
 endfacet
 facet normal -0 1 0
  outer loop
   vertex 11.418337821960449 0.95679998397827148 1.2734301090240479
   vertex 10.930929183959961 0.95679998397827148 1.3953393697738647
   vertex 11.122660636901855 0.95679998397827148 1.7733054161071777
  endloop
 endfacet
 facet normal 0 1 -0
  outer loop
   vertex 13.418312072753906 0.95679998397827148 -0.81494408845901489
   vertex 13.404150009155273 0.95679998397827148 -0.98136806488037109
   vertex 13.234981536865234 0.95679998397827148 -0.88695245981216431
  endloop
 endfacet
 facet normal 0 1 0
  outer loop
   vertex -0.91074258089065552 0.95679998397827148 -1.6698722839355469
   vertex -0.82024341821670532 0.95679998397827148 -1.4427578449249268
   vertex -0.49024975299835205 0.95679998397827148 -1.873676061630249
  endloop
 endfacet
 facet normal -0 1 0
  outer loop
   vertex 12.566784858703613 0.95679998397827148 0.40885543823242188
   vertex 12.162734985351562 0.95679998397827148 0.5619933009147644
   vertex 12.642500877380371 0.95679998397827148 0.83505815267562866
  endloop
 endfacet
 facet normal -0 1 0
  outer loop
   vertex 14.286468505859375 0.95679998397827148 0.69778591394424438
   vertex 13.939072608947754 0.95679998397827148 0.76314687728881836
   vertex 14.280952453613281 0.95679998397827148 1.0017281770706177
  endloop
 endfacet
 facet normal 0 1 0
  outer loop
   vertex 0.19960726797580719 0.95679998397827148 -0.15298771858215332
   vertex 0.13450838625431061 0.95679998397827148 0.001119270920753479
   vertex 0.32677066326141357 0.95679998397827148 -0.059553738683462143
  endloop
 endfacet
 facet normal 0 1 0
  outer loop
   vertex 13.684390068054199 0.95679998397827148 -0.92022556066513062
   vertex 13.727313995361328 0.95679998397827148 -1.0832172632217407
   vertex 13.549716949462891 0.95679998397827148 -0.96702605485916138
  endloop
 endfacet
 facet normal 0 1 0
  outer loop
   vertex 13.610751152038574 0.95679998397827148 0.99143809080123901
   vertex 13.939072608947754 0.95679998397827148 0.76314687728881836
   vertex 13.636139869689941 0.95679998397827148 0.58806890249252319
  endloop
 endfacet
 facet normal 0 1 0
  outer loop
   vertex 14.420758247375488 0.95679998397827148 0.4536450207233429
   vertex 14.286468505859375 0.95679998397827148 0.69778591394424438
   vertex 14.689729690551758 0.95679998397827148 0.63028073310852051
  endloop
 endfacet
 facet normal 0 1 0
  outer loop
   vertex 13.554471969604492 0.95679998397827148 0.13036355376243591
   vertex 13.455244064331055 0.95679998397827148 0.35106602311134338
   vertex 13.689253807067871 0.95679998397827148 0.32471856474876404
  endloop
 endfacet
 facet normal 0 1 0
  outer loop
   vertex 16.032161712646484 0.95679998397827148 -1.0754467248916626
   vertex 16.5081787109375 0.95679998397827148 -1.1021820306777954
   vertex 16.101961135864258 0.95679998397827148 -1.5343642234802246
  endloop
 endfacet
 facet normal 0 1 0
  outer loop
   vertex -0.32856428623199463 0.95679998397827148 -0.89159888029098511
   vertex -0.24298472702503204 0.95679998397827148 -0.68817037343978882
   vertex -0.13381344079971313 0.95679998397827148 -0.88897430896759033
  endloop
 endfacet
 facet normal 0 1 0
  outer loop
   vertex 5.2978134155273438 0.95679998397827148 1.1037732362747192
   vertex 5.4902544021606445 0.95679998397827148 0.22236648201942444
   vertex 4.4846582412719727 0.95679998397827148 0.8031919002532959
  endloop
 endfacet
 facet normal 0 1 0
  outer loop
   vertex 15.63422966003418 0.95679998397827148 -1.2836438417434692
   vertex 16.032161712646484 0.95679998397827148 -1.0754467248916626
   vertex 16.101961135864258 0.95679998397827148 -1.5343642234802246
  endloop
 endfacet
 facet normal 0 1 0
  outer loop
   vertex -0.13381344079971313 0.95679998397827148 -0.88897430896759033
   vertex -0.24298472702503204 0.95679998397827148 -0.68817037343978882
   vertex -0.039069421589374542 0.95679998397827148 -0.7431982159614563
  endloop
 endfacet
 facet normal 0 1 0
  outer loop
   vertex 13.52875804901123 0.95679998397827148 -1.6470646858215332
   vertex 13.524048805236816 0.95679998397827148 -1.4365129470825195
   vertex 13.73496150970459 0.95679998397827148 -1.4742647409439087
  endloop
 endfacet
 facet normal 0 1 0
  outer loop
   vertex 8.2212638854980469 0.95679998397827148 1.0194993019104004
   vertex 8.7457370758056641 0.95679998397827148 1.7028367519378662
   vertex 8.9933080673217773 0.95679998397827148 1.087549090385437
  endloop
 endfacet
 facet normal 0 1 0
  outer loop
   vertex 1.1728518009185791 0.95679998397827148 -0.32969310879707336
   vertex 1.2788149118423462 0.95679998397827148 -0.18872377276420593
   vertex 1.2863645553588867 0.95679998397827148 -0.35498642921447754
  endloop
 endfacet
 facet normal 0 1 0
  outer loop
   vertex 5.4902544021606445 0.95679998397827148 0.22236648201942444
   vertex 5.2978134155273438 0.95679998397827148 1.1037732362747192
   vertex 6.1061091423034668 0.95679998397827148 1.0040901899337769
  endloop
 endfacet
 facet normal 0 1 0
  outer loop
   vertex 14.333206176757812 0.95679998397827148 -2.035996675491333
   vertex 14.488202095031738 0.95679998397827148 -1.7526546716690063
   vertex 14.731174468994141 0.95679998397827148 -2.0267190933227539
  endloop
 endfacet
 facet normal -0 1 0
  outer loop
   vertex 1.7979086637496948 0.95679998397827148 -0.96515464782714844
   vertex 1.5698517560958862 0.95679998397827148 -0.79678857326507568
   vertex 1.745013952255249 0.95679998397827148 -0.66160005331039429
  endloop
 endfacet
 facet normal -0 1 0
  outer loop
   vertex 13.521432876586914 0.95679998397827148 -1.1202363967895508
   vertex 13.404150009155273 0.95679998397827148 -0.98136806488037109
   vertex 13.549716949462891 0.95679998397827148 -0.96702605485916138
  endloop
 endfacet
 facet normal 0 1 0
  outer loop
   vertex 13.455244064331055 0.95679998397827148 0.35106602311134338
   vertex 13.554471969604492 0.95679998397827148 0.13036355376243591
   vertex 13.314685821533203 0.95679998397827148 0.11514947563409805
  endloop
 endfacet
 facet normal 0 1 0
  outer loop
   vertex 13.948155403137207 0.95679998397827148 0.077664397656917572
   vertex 13.892871856689453 0.95679998397827148 0.26292458176612854
   vertex 14.088272094726562 0.95679998397827148 0.17928385734558105
  endloop
 endfacet
 facet normal 0 1 0
  outer loop
   vertex 0.82351064682006836 0.95679998397827148 -1.3080306053161621
   vertex 0.87296807765960693 0.95679998397827148 -1.173500657081604
   vertex 0.9898105263710022 0.95679998397827148 -1.2773368358612061
  endloop
 endfacet
 facet normal 0 1 0
  outer loop
   vertex 13.524556159973145 0.95679998397827148 -2.0056607723236084
   vertex 13.813288688659668 0.95679998397827148 -1.7341216802597046
   vertex 13.935232162475586 0.95679998397827148 -2.0268821716308594
  endloop
 endfacet
 facet normal 0 1 0
  outer loop
   vertex -0.049755927175283432 0.95679998397827148 -1.0322513580322266
   vertex 0.043723158538341522 0.95679998397827148 -0.9185187816619873
   vertex 0.13934539258480072 0.95679998397827148 -1.0996476411819458
  endloop
 endfacet
 facet normal 0 1 0
  outer loop
   vertex 0.06774313747882843 0.95679998397827148 -0.35725221037864685
   vertex -0.081636279821395874 0.95679998397827148 -0.35864177346229553
   vertex 0.03539557009935379 0.95679998397827148 -0.19178228080272675
  endloop
 endfacet
 facet normal -0 1 0
  outer loop
   vertex 13.813288688659668 0.95679998397827148 -1.7341216802597046
   vertex 13.52875804901123 0.95679998397827148 -1.6470646858215332
   vertex 13.73496150970459 0.95679998397827148 -1.4742647409439087
  endloop
 endfacet
 facet normal 0 1 0
  outer loop
   vertex 13.304651260375977 0.95679998397827148 -1.100555419921875
   vertex 13.404150009155273 0.95679998397827148 -0.98136806488037109
   vertex 13.521432876586914 0.95679998397827148 -1.1202363967895508
  endloop
 endfacet
 facet normal 0 1 0
  outer loop
   vertex 13.524048805236816 0.95679998397827148 -1.4365129470825195
   vertex 13.64335823059082 0.95679998397827148 -1.2785273790359497
   vertex 13.73496150970459 0.95679998397827148 -1.4742647409439087
  endloop
 endfacet
 facet normal 0 1 0
  outer loop
   vertex 2.2278702259063721 0.95679998397827148 -0.17768180370330811
   vertex 2.0106995105743408 0.95679998397827148 0.15040130913257599
   vertex 2.4974422454833984 0.95679998397827148 0.14255042374134064
  endloop
 endfacet
 facet normal -0 1 0
  outer loop
   vertex 1.670769214630127 0.95679998397827148 -1.5954393148422241
   vertex 1.3713877201080322 0.95679998397827148 -1.3942909240722656
   vertex 1.5619984865188599 0.95679998397827148 -1.2944203615188599
  endloop
 endfacet
 facet normal -0 1 0
  outer loop
   vertex 16.778469085693359 0.95679998397827148 -0.55315124988555908
   vertex 16.334005355834961 0.95679998397827148 -0.16411550343036652
   vertex 16.843812942504883 0.95679998397827148 0.072736337780952454
  endloop
 endfacet
 facet normal 0 1 0
  outer loop
   vertex 13.939072608947754 0.95679998397827148 0.76314687728881836
   vertex 14.029450416564941 0.95679998397827148 1.1879264116287231
   vertex 14.280952453613281 0.95679998397827148 1.0017281770706177
  endloop
 endfacet
 facet normal -0 1 0
  outer loop
   vertex 13.304651260375977 0.95679998397827148 -1.100555419921875
   vertex 13.048618316650391 0.95679998397827148 -0.99520587921142578
   vertex 13.234981536865234 0.95679998397827148 -0.88695245981216431
  endloop
 endfacet
 facet normal 0 1 0
  outer loop
   vertex 1.403009295463562 0.95679998397827148 -0.89802604913711548
   vertex 1.4091999530792236 0.95679998397827148 -0.73370856046676636
   vertex 1.5698517560958862 0.95679998397827148 -0.79678857326507568
  endloop
 endfacet
 facet normal 0 1 0
  outer loop
   vertex 13.048618316650391 0.95679998397827148 -0.99520587921142578
   vertex 13.048808097839355 0.95679998397827148 -0.7072330117225647
   vertex 13.234981536865234 0.95679998397827148 -0.88695245981216431
  endloop
 endfacet
 facet normal 0 1 0
  outer loop
   vertex 1.3838813304901123 0.95679998397827148 -1.1389681100845337
   vertex 1.5872573852539062 0.95679998397827148 -1.0687675476074219
   vertex 1.5619984865188599 0.95679998397827148 -1.2944203615188599
  endloop
 endfacet
 facet normal -0 1 0
  outer loop
   vertex -0.19747090339660645 0.95679998397827148 -1.0428303480148315
   vertex -0.32856428623199463 0.95679998397827148 -0.89159888029098511
   vertex -0.13381344079971313 0.95679998397827148 -0.88897430896759033
  endloop
 endfacet
 facet normal 0 1 -0
  outer loop
   vertex 2.0106995105743408 0.95679998397827148 0.15040130913257599
   vertex 1.808943510055542 0.95679998397827148 -0.16893753409385681
   vertex 1.6827216148376465 0.95679998397827148 0.061449054628610611
  endloop
 endfacet
 facet normal 0 1 -0
  outer loop
   vertex 1.4091999530792236 0.95679998397827148 -0.73370856046676636
   vertex 1.403009295463562 0.95679998397827148 -0.89802604913711548
   vertex 1.2545688152313232 0.95679998397827148 -0.76505124568939209
  endloop
 endfacet
 facet normal 0 1 0
  outer loop
   vertex 2.2805542945861816 0.95679998397827148 0.46900537610054016
   vertex 2.6999297142028809 0.95679998397827148 0.64115208387374878
   vertex 2.4974422454833984 0.95679998397827148 0.14255042374134064
  endloop
 endfacet
 facet normal 0 1 0
  outer loop
   vertex 15.023946762084961 0.95679998397827148 -1.6148728132247925
   vertex 15.289359092712402 0.95679998397827148 -1.5493952035903931
   vertex 15.138922691345215 0.95679998397827148 -1.9724177122116089
  endloop
 endfacet
 facet normal 0 1 -0
  outer loop
   vertex 1.4534739255905151 0.95679998397827148 0.14304530620574951
   vertex 1.2707265615463257 0.95679998397827148 -0.029356988146901131
   vertex 1.2065184116363525 0.95679998397827148 0.16791756451129913
  endloop
 endfacet
 facet normal 0 1 -0
  outer loop
   vertex 15.338255882263184 0.95679998397827148 0.15856726467609406
   vertex 15.11443042755127 0.95679998397827148 -0.026115678250789642
   vertex 15.103518486022949 0.95679998397827148 0.21938735246658325
  endloop
 endfacet
 facet normal 0 1 0
  outer loop
   vertex 14.120983123779297 0.95679998397827148 0.011281432583928108
   vertex 14.088272094726562 0.95679998397827148 0.17928385734558105
   vertex 14.245546340942383 0.95679998397827148 0.047559265047311783
  endloop
 endfacet
 facet normal 0 1 0
  outer loop
   vertex 6.422053337097168 0.95679998397827148 -1.7125160694122314
   vertex 7.358705997467041 0.95679998397827148 -0.86370390653610229
   vertex 7.2418198585510254 0.95679998397827148 -1.7046756744384766
  endloop
 endfacet
 facet normal 0 1 0
  outer loop
   vertex 2.5495803356170654 0.95679998397827148 1.8641902208328247
   vertex 3.2634122371673584 0.95679998397827148 1.8250799179077148
   vertex 2.7277481555938721 0.95679998397827148 1.2594137191772461
  endloop
 endfacet
 facet normal 0 1 -0
  outer loop
   vertex -0.80571120977401733 0.95679998397827148 -0.63637435436248779
   vertex -1.0017192363739014 0.95679998397827148 -0.86464101076126099
   vertex -1.1868207454681396 0.95679998397827148 -0.45541167259216309
  endloop
 endfacet
 facet normal 0 1 0
  outer loop
   vertex 2.0106995105743408 0.95679998397827148 0.15040130913257599
   vertex 2.2805542945861816 0.95679998397827148 0.46900537610054016
   vertex 2.4974422454833984 0.95679998397827148 0.14255042374134064
  endloop
 endfacet
 facet normal 0 1 0
  outer loop
   vertex 0.66450703144073486 0.95679998397827148 -1.3143302202224731
   vertex 0.73782616853713989 0.95679998397827148 -1.2021059989929199
   vertex 0.82351064682006836 0.95679998397827148 -1.3080306053161621
  endloop
 endfacet
 facet normal 0 1 0
  outer loop
   vertex 1.6074273586273193 0.95679998397827148 -0.39894714951515198
   vertex 1.492773175239563 0.95679998397827148 -0.11926748603582382
   vertex 1.808943510055542 0.95679998397827148 -0.16893753409385681
  endloop
 endfacet
 facet normal -0 1 0
  outer loop
   vertex 14.120983123779297 0.95679998397827148 0.011281432583928108
   vertex 13.948155403137207 0.95679998397827148 0.077664397656917572
   vertex 14.088272094726562 0.95679998397827148 0.17928385734558105
  endloop
 endfacet
 facet normal 0 1 0
  outer loop
   vertex 13.64335823059082 0.95679998397827148 -1.2785273790359497
   vertex 13.892551422119141 0.95679998397827148 -1.2525358200073242
   vertex 13.73496150970459 0.95679998397827148 -1.4742647409439087
  endloop
 endfacet
 facet normal 0 1 0
  outer loop
   vertex 1.3713877201080322 0.95679998397827148 -1.3942909240722656
   vertex 1.3838813304901123 0.95679998397827148 -1.1389681100845337
   vertex 1.5619984865188599 0.95679998397827148 -1.2944203615188599
  endloop
 endfacet
 facet normal 0 1 0
  outer loop
   vertex 3.2634122371673584 0.95679998397827148 1.8250799179077148
   vertex 4.0168395042419434 0.95679998397827148 1.7880829572677612
   vertex 3.4335191249847412 0.95679998397827148 0.93375450372695923
  endloop
 endfacet
 facet normal 0 1 0
  outer loop
   vertex 15.6392822265625 0.95679998397827148 1.0222265720367432
   vertex 15.672987937927246 0.95679998397827148 1.6949450969696045
   vertex 16.28509521484375 0.95679998397827148 1.2856636047363281
  endloop
 endfacet
 facet normal 0 1 0
  outer loop
   vertex 12.15419864654541 0.95679998397827148 1.1924891471862793
   vertex 12.843689918518066 0.95679998397827148 1.3513350486755371
   vertex 12.642500877380371 0.95679998397827148 0.83505815267562866
  endloop
 endfacet
 facet normal 0 1 -0
  outer loop
   vertex 15.089312553405762 0.95679998397827148 -0.26202315092086792
   vertex 14.992948532104492 0.95679998397827148 -0.44374173879623413
   vertex 14.909005165100098 0.95679998397827148 -0.32052752375602722
  endloop
 endfacet
 facet normal -0 1 0
  outer loop
   vertex 14.675690650939941 0.95679998397827148 -1.2592067718505859
   vertex 14.503904342651367 0.95679998397827148 -1.1670458316802979
   vertex 14.650632858276367 0.95679998397827148 -1.0579409599304199
  endloop
 endfacet
 facet normal -0 1 0
  outer loop
   vertex 12.15419864654541 0.95679998397827148 1.1924891471862793
   vertex 11.418337821960449 0.95679998397827148 1.2734301090240479
   vertex 11.857136726379395 0.95679998397827148 1.8048437833786011
  endloop
 endfacet
 facet normal 0 1 0
  outer loop
   vertex 14.950491905212402 0.95679998397827148 0.43316876888275146
   vertex 15.227783203125 0.95679998397827148 0.42959925532341003
   vertex 15.103518486022949 0.95679998397827148 0.21938735246658325
  endloop
 endfacet
 facet normal -0 1 0
  outer loop
   vertex 8.2212638854980469 0.95679998397827148 1.0194993019104004
   vertex 7.9662432670593262 0.95679998397827148 1.6980659961700439
   vertex 8.7457370758056641 0.95679998397827148 1.7028367519378662
  endloop
 endfacet
 facet normal 0 1 0
  outer loop
   vertex 13.844595909118652 0.95679998397827148 0.47642537951469421
   vertex 13.892871856689453 0.95679998397827148 0.26292458176612854
   vertex 13.689253807067871 0.95679998397827148 0.32471856474876404
  endloop
 endfacet
 facet normal -0 1 0
  outer loop
   vertex 0.043723158538341522 0.95679998397827148 -0.9185187816619873
   vertex -0.13381344079971313 0.95679998397827148 -0.88897430896759033
   vertex -0.039069421589374542 0.95679998397827148 -0.7431982159614563
  endloop
 endfacet
 facet normal 0 1 0
  outer loop
   vertex 1.2788149118423462 0.95679998397827148 -0.18872377276420593
   vertex 1.4011927843093872 0.95679998397827148 -0.29917770624160767
   vertex 1.2863645553588867 0.95679998397827148 -0.35498642921447754
  endloop
 endfacet
 facet normal -0 1 0
  outer loop
   vertex 16.843812942504883 0.95679998397827148 0.072736337780952454
   vertex 16.385601043701172 0.95679998397827148 0.28874862194061279
   vertex 16.683500289916992 0.95679998397827148 0.70865368843078613
  endloop
 endfacet
 facet normal 0 1 -0
  outer loop
   vertex 1.492773175239563 0.95679998397827148 -0.11926748603582382
   vertex 1.4011927843093872 0.95679998397827148 -0.29917770624160767
   vertex 1.2788149118423462 0.95679998397827148 -0.18872377276420593
  endloop
 endfacet
 facet normal 0 1 0
  outer loop
   vertex 14.992948532104492 0.95679998397827148 -0.44374173879623413
   vertex 15.056746482849121 0.95679998397827148 -0.65687459707260132
   vertex 14.846444129943848 0.95679998397827148 -0.56077331304550171
  endloop
 endfacet
 facet normal 0 1 0
  outer loop
   vertex 13.590869903564453 0.95679998397827148 -0.54960709810256958
   vertex 13.614245414733887 0.95679998397827148 -0.67778146266937256
   vertex 13.482441902160645 0.95679998397827148 -0.65414643287658691
  endloop
 endfacet
 facet normal 0 1 0
  outer loop
   vertex 1.5698517560958862 0.95679998397827148 -0.79678857326507568
   vertex 1.5032802820205688 0.95679998397827148 -0.61011314392089844
   vertex 1.745013952255249 0.95679998397827148 -0.66160005331039429
  endloop
 endfacet
 facet normal 0 1 -0
  outer loop
   vertex 2.0350241661071777 0.95679998397827148 -0.78619867563247681
   vertex 1.7979086637496948 0.95679998397827148 -0.96515464782714844
   vertex 1.745013952255249 0.95679998397827148 -0.66160005331039429
  endloop
 endfacet
 facet normal 0 1 -0
  outer loop
   vertex -0.049755927175283432 0.95679998397827148 -1.0322513580322266
   vertex -0.067639298737049103 0.95679998397827148 -1.1900092363357544
   vertex -0.19747090339660645 0.95679998397827148 -1.0428303480148315
  endloop
 endfacet
 facet normal 0 1 0
  outer loop
   vertex 13.440664291381836 0.95679998397827148 -0.50649476051330566
   vertex 13.590869903564453 0.95679998397827148 -0.54960709810256958
   vertex 13.482441902160645 0.95679998397827148 -0.65414643287658691
  endloop
 endfacet
 facet normal 0 1 0
  outer loop
   vertex 12.988822937011719 0.95679998397827148 0.53852486610412598
   vertex 12.566784858703613 0.95679998397827148 0.40885543823242188
   vertex 12.642500877380371 0.95679998397827148 0.83505815267562866
  endloop
 endfacet
 facet normal 0 1 -0
  outer loop
   vertex 13.404150009155273 0.95679998397827148 -0.98136806488037109
   vertex 13.304651260375977 0.95679998397827148 -1.100555419921875
   vertex 13.234981536865234 0.95679998397827148 -0.88695245981216431
  endloop
 endfacet
 facet normal 0 1 0
  outer loop
   vertex 13.813288688659668 0.95679998397827148 -1.7341216802597046
   vertex 14.006746292114258 0.95679998397827148 -1.4958308935165405
   vertex 14.148433685302734 0.95679998397827148 -1.7541712522506714
  endloop
 endfacet
 facet normal 0 1 0
  outer loop
   vertex 13.365031242370605 0.95679998397827148 0.61979115009307861
   vertex 13.636139869689941 0.95679998397827148 0.58806890249252319
   vertex 13.455244064331055 0.95679998397827148 0.35106602311134338
  endloop
 endfacet
 facet normal 0 1 -0
  outer loop
   vertex 14.006746292114258 0.95679998397827148 -1.4958308935165405
   vertex 13.813288688659668 0.95679998397827148 -1.7341216802597046
   vertex 13.73496150970459 0.95679998397827148 -1.4742647409439087
  endloop
 endfacet
 facet normal -0 1 0
  outer loop
   vertex 1.6074273586273193 0.95679998397827148 -0.39894714951515198
   vertex 1.4011927843093872 0.95679998397827148 -0.29917770624160767
   vertex 1.492773175239563 0.95679998397827148 -0.11926748603582382
  endloop
 endfacet
 facet normal 0 1 0
  outer loop
   vertex 13.813288688659668 0.95679998397827148 -1.7341216802597046
   vertex 14.148433685302734 0.95679998397827148 -1.7541712522506714
   vertex 13.935232162475586 0.95679998397827148 -2.0268821716308594
  endloop
 endfacet
 facet normal 0 1 -0
  outer loop
   vertex 15.63422966003418 0.95679998397827148 -1.2836438417434692
   vertex 15.289359092712402 0.95679998397827148 -1.5493952035903931
   vertex 15.265457153320312 0.95679998397827148 -1.2289903163909912
  endloop
 endfacet
 facet normal 0 1 0
  outer loop
   vertex 12.843689918518066 0.95679998397827148 1.3513350486755371
   vertex 12.15419864654541 0.95679998397827148 1.1924891471862793
   vertex 12.548288345336914 0.95679998397827148 1.8382620811462402
  endloop
 endfacet
 facet normal 0 1 0
  outer loop
   vertex 13.892551422119141 0.95679998397827148 -1.2525358200073242
   vertex 14.006746292114258 0.95679998397827148 -1.4958308935165405
   vertex 13.73496150970459 0.95679998397827148 -1.4742647409439087
  endloop
 endfacet
 facet normal 0 1 0
  outer loop
   vertex 1.4534739255905151 0.95679998397827148 0.14304530620574951
   vertex 1.7030305862426758 0.95679998397827148 0.3215688169002533
   vertex 1.6827216148376465 0.95679998397827148 0.061449054628610611
  endloop
 endfacet
 facet normal 0 1 -0
  outer loop
   vertex 1.4011927843093872 0.95679998397827148 -0.29917770624160767
   vertex 1.3809583187103271 0.95679998397827148 -0.45294573903083801
   vertex 1.2863645553588867 0.95679998397827148 -0.35498642921447754
  endloop
 endfacet
 facet normal 0 1 0
  outer loop
   vertex 15.227783203125 0.95679998397827148 0.42959925532341003
   vertex 15.338255882263184 0.95679998397827148 0.15856726467609406
   vertex 15.103518486022949 0.95679998397827148 0.21938735246658325
  endloop
 endfacet
 facet normal 0 1 0
  outer loop
   vertex 1.4011927843093872 0.95679998397827148 -0.29917770624160767
   vertex 1.6074273586273193 0.95679998397827148 -0.39894714951515198
   vertex 1.3809583187103271 0.95679998397827148 -0.45294573903083801
  endloop
 endfacet
 facet normal 0 1 0
  outer loop
   vertex 15.056746482849121 0.95679998397827148 -0.65687459707260132
   vertex 14.843491554260254 0.95679998397827148 -0.7432977557182312
   vertex 14.846444129943848 0.95679998397827148 -0.56077331304550171
  endloop
 endfacet
 facet normal -0 1 0
  outer loop
   vertex 1.2788149118423462 0.95679998397827148 -0.18872377276420593
   vertex 1.1339083909988403 0.95679998397827148 -0.18204151093959808
   vertex 1.2707265615463257 0.95679998397827148 -0.029356988146901131
  endloop
 endfacet
 facet normal 0 1 0
  outer loop
   vertex 5.2978134155273438 0.95679998397827148 1.1037732362747192
   vertex 4.4846582412719727 0.95679998397827148 0.8031919002532959
   vertex 4.8080368041992188 0.95679998397827148 1.7571033239364624
  endloop
 endfacet
 facet normal 0 1 -0
  outer loop
   vertex 13.939072608947754 0.95679998397827148 0.76314687728881836
   vertex 13.844595909118652 0.95679998397827148 0.47642537951469421
   vertex 13.636139869689941 0.95679998397827148 0.58806890249252319
  endloop
 endfacet
 facet normal 0 1 0
  outer loop
   vertex 14.731174468994141 0.95679998397827148 -2.0267190933227539
   vertex 14.803207397460938 0.95679998397827148 -1.7202805280685425
   vertex 15.138922691345215 0.95679998397827148 -1.9724177122116089
  endloop
 endfacet
 facet normal 0 1 -0
  outer loop
   vertex 5.6222224235534668 0.95679998397827148 1.7333000898361206
   vertex 5.2978134155273438 0.95679998397827148 1.1037732362747192
   vertex 4.8080368041992188 0.95679998397827148 1.7571033239364624
  endloop
 endfacet
 facet normal 0 1 0
  outer loop
   vertex -0.049755927175283432 0.95679998397827148 -1.0322513580322266
   vertex -0.19747090339660645 0.95679998397827148 -1.0428303480148315
   vertex -0.13381344079971313 0.95679998397827148 -0.88897430896759033
  endloop
 endfacet
 facet normal 0 1 0
  outer loop
   vertex 1.6074273586273193 0.95679998397827148 -0.39894714951515198
   vertex 1.808943510055542 0.95679998397827148 -0.16893753409385681
   vertex 1.9754863977432251 0.95679998397827148 -0.47992119193077087
  endloop
 endfacet
 facet normal 0 1 0
  outer loop
   vertex 1.2233604192733765 0.95679998397827148 -0.47327148914337158
   vertex 1.1728518009185791 0.95679998397827148 -0.32969310879707336
   vertex 1.2863645553588867 0.95679998397827148 -0.35498642921447754
  endloop
 endfacet
 facet normal 0 1 0
  outer loop
   vertex 1.808943510055542 0.95679998397827148 -0.16893753409385681
   vertex 2.2278702259063721 0.95679998397827148 -0.17768180370330811
   vertex 1.9754863977432251 0.95679998397827148 -0.47992119193077087
  endloop
 endfacet
 facet normal -0 1 0
  outer loop
   vertex 13.558236122131348 0.95679998397827148 -0.39242801070213318
   vertex 13.343426704406738 0.95679998397827148 -0.36445590853691101
   vertex 13.538055419921875 0.95679998397827148 -0.22693781554698944
  endloop
 endfacet
 facet normal 0 1 -0
  outer loop
   vertex 1.492773175239563 0.95679998397827148 -0.11926748603582382
   vertex 1.2788149118423462 0.95679998397827148 -0.18872377276420593
   vertex 1.2707265615463257 0.95679998397827148 -0.029356988146901131
  endloop
 endfacet
 facet normal 0 1 0
  outer loop
   vertex 1.745013952255249 0.95679998397827148 -0.66160005331039429
   vertex 1.6074273586273193 0.95679998397827148 -0.39894714951515198
   vertex 1.9754863977432251 0.95679998397827148 -0.47992119193077087
  endloop
 endfacet
 facet normal 0 1 0
  outer loop
   vertex 13.892551422119141 0.95679998397827148 -1.2525358200073242
   vertex 14.13727855682373 0.95679998397827148 -1.28019118309021
   vertex 14.006746292114258 0.95679998397827148 -1.4958308935165405
  endloop
 endfacet
 facet normal 0 1 0
  outer loop
   vertex 13.314685821533203 0.95679998397827148 0.11514947563409805
   vertex 13.219861030578613 0.95679998397827148 0.35552623867988586
   vertex 13.455244064331055 0.95679998397827148 0.35106602311134338
  endloop
 endfacet
 facet normal 0 1 0
  outer loop
   vertex 1.5032802820205688 0.95679998397827148 -0.61011314392089844
   vertex 1.6074273586273193 0.95679998397827148 -0.39894714951515198
   vertex 1.745013952255249 0.95679998397827148 -0.66160005331039429
  endloop
 endfacet
 facet normal -0 1 0
  outer loop
   vertex 1.5698517560958862 0.95679998397827148 -0.79678857326507568
   vertex 1.4091999530792236 0.95679998397827148 -0.73370856046676636
   vertex 1.5032802820205688 0.95679998397827148 -0.61011314392089844
  endloop
 endfacet
 facet normal 0 1 0
  outer loop
   vertex 11.122660636901855 0.95679998397827148 1.7733054161071777
   vertex 11.857136726379395 0.95679998397827148 1.8048437833786011
   vertex 11.418337821960449 0.95679998397827148 1.2734301090240479
  endloop
 endfacet
 facet normal 0 1 0
  outer loop
   vertex 1.3072307109832764 0.95679998397827148 -0.61668890714645386
   vertex 1.4091999530792236 0.95679998397827148 -0.73370856046676636
   vertex 1.2545688152313232 0.95679998397827148 -0.76505124568939209
  endloop
 endfacet
 facet normal 0 1 0
  outer loop
   vertex 13.440664291381836 0.95679998397827148 -0.50649476051330566
   vertex 13.343426704406738 0.95679998397827148 -0.36445590853691101
   vertex 13.558236122131348 0.95679998397827148 -0.39242801070213318
  endloop
 endfacet
 facet normal -0 1 0
  outer loop
   vertex 2.0350241661071777 0.95679998397827148 -0.78619867563247681
   vertex 1.745013952255249 0.95679998397827148 -0.66160005331039429
   vertex 1.9754863977432251 0.95679998397827148 -0.47992119193077087
  endloop
 endfacet
 facet normal -0 1 0
  outer loop
   vertex 1.808943510055542 0.95679998397827148 -0.16893753409385681
   vertex 1.492773175239563 0.95679998397827148 -0.11926748603582382
   vertex 1.6827216148376465 0.95679998397827148 0.061449054628610611
  endloop
 endfacet
 facet normal 0 1 0
  outer loop
   vertex 4.4846582412719727 0.95679998397827148 0.8031919002532959
   vertex 4.0168395042419434 0.95679998397827148 1.7880829572677612
   vertex 4.8080368041992188 0.95679998397827148 1.7571033239364624
  endloop
 endfacet
 facet normal 0 1 0
  outer loop
   vertex 14.840503692626953 0.95679998397827148 -0.42104893922805786
   vertex 14.773941993713379 0.95679998397827148 -0.31137171387672424
   vertex 14.909005165100098 0.95679998397827148 -0.32052752375602722
  endloop
 endfacet
 facet normal 0 1 0
  outer loop
   vertex 14.148433685302734 0.95679998397827148 -1.7541712522506714
   vertex 14.333206176757812 0.95679998397827148 -2.035996675491333
   vertex 13.935232162475586 0.95679998397827148 -2.0268821716308594
  endloop
 endfacet
 facet normal 0 1 0
  outer loop
   vertex 1.3809583187103271 0.95679998397827148 -0.45294573903083801
   vertex 1.6074273586273193 0.95679998397827148 -0.39894714951515198
   vertex 1.5032802820205688 0.95679998397827148 -0.61011314392089844
  endloop
 endfacet
 facet normal 0 1 -0
  outer loop
   vertex 13.189096450805664 0.95679998397827148 1.8717643022537231
   vertex 12.843689918518066 0.95679998397827148 1.3513350486755371
   vertex 12.548288345336914 0.95679998397827148 1.8382620811462402
  endloop
 endfacet
 facet normal 0 1 -0
  outer loop
   vertex 0.043723158538341522 0.95679998397827148 -0.9185187816619873
   vertex -0.049755927175283432 0.95679998397827148 -1.0322513580322266
   vertex -0.13381344079971313 0.95679998397827148 -0.88897430896759033
  endloop
 endfacet
 facet normal 0 1 0
  outer loop
   vertex 1.3809583187103271 0.95679998397827148 -0.45294573903083801
   vertex 1.2233604192733765 0.95679998397827148 -0.47327148914337158
   vertex 1.2863645553588867 0.95679998397827148 -0.35498642921447754
  endloop
 endfacet
 facet normal 0 1 0
  outer loop
   vertex 15.138922691345215 0.95679998397827148 -1.9724177122116089
   vertex 15.289359092712402 0.95679998397827148 -1.5493952035903931
   vertex 15.622261047363281 0.95679998397827148 -1.8201041221618652
  endloop
 endfacet
 facet normal 0 1 0
  outer loop
   vertex 13.636139869689941 0.95679998397827148 0.58806890249252319
   vertex 13.844595909118652 0.95679998397827148 0.47642537951469421
   vertex 13.689253807067871 0.95679998397827148 0.32471856474876404
  endloop
 endfacet
 facet normal -0 1 0
  outer loop
   vertex 12.15419864654541 0.95679998397827148 1.1924891471862793
   vertex 11.857136726379395 0.95679998397827148 1.8048437833786011
   vertex 12.548288345336914 0.95679998397827148 1.8382620811462402
  endloop
 endfacet
 facet normal 0 1 0
  outer loop
   vertex 15.622261047363281 0.95679998397827148 -1.8201041221618652
   vertex 15.63422966003418 0.95679998397827148 -1.2836438417434692
   vertex 16.101961135864258 0.95679998397827148 -1.5343642234802246
  endloop
 endfacet
 facet normal 0 1 -0
  outer loop
   vertex 13.687379837036133 0.95679998397827148 -0.26298600435256958
   vertex 13.558236122131348 0.95679998397827148 -0.39242801070213318
   vertex 13.538055419921875 0.95679998397827148 -0.22693781554698944
  endloop
 endfacet
 facet normal 0 1 0
  outer loop
   vertex 15.289359092712402 0.95679998397827148 -1.5493952035903931
   vertex 15.63422966003418 0.95679998397827148 -1.2836438417434692
   vertex 15.622261047363281 0.95679998397827148 -1.8201041221618652
  endloop
 endfacet
 facet normal -0 1 0
  outer loop
   vertex 14.992948532104492 0.95679998397827148 -0.44374173879623413
   vertex 14.840503692626953 0.95679998397827148 -0.42104893922805786
   vertex 14.909005165100098 0.95679998397827148 -0.32052752375602722
  endloop
 endfacet
 facet normal 0 1 0
  outer loop
   vertex 1.3809583187103271 0.95679998397827148 -0.45294573903083801
   vertex 1.5032802820205688 0.95679998397827148 -0.61011314392089844
   vertex 1.3072307109832764 0.95679998397827148 -0.61668890714645386
  endloop
 endfacet
 facet normal -0 1 0
  outer loop
   vertex 0.82351064682006836 0.95679998397827148 -1.3080306053161621
   vertex 0.73782616853713989 0.95679998397827148 -1.2021059989929199
   vertex 0.87296807765960693 0.95679998397827148 -1.173500657081604
  endloop
 endfacet
 facet normal 0 1 0
  outer loop
   vertex 1.492773175239563 0.95679998397827148 -0.11926748603582382
   vertex 1.4534739255905151 0.95679998397827148 0.14304530620574951
   vertex 1.6827216148376465 0.95679998397827148 0.061449054628610611
  endloop
 endfacet
 facet normal 0 1 0
  outer loop
   vertex 1.2233604192733765 0.95679998397827148 -0.47327148914337158
   vertex 1.3809583187103271 0.95679998397827148 -0.45294573903083801
   vertex 1.3072307109832764 0.95679998397827148 -0.61668890714645386
  endloop
 endfacet
 facet normal 0 1 0
  outer loop
   vertex 1.4534739255905151 0.95679998397827148 0.14304530620574951
   vertex 1.492773175239563 0.95679998397827148 -0.11926748603582382
   vertex 1.2707265615463257 0.95679998397827148 -0.029356988146901131
  endloop
 endfacet
 facet normal 0 1 0
  outer loop
   vertex 14.840503692626953 0.95679998397827148 -0.42104893922805786
   vertex 14.992948532104492 0.95679998397827148 -0.44374173879623413
   vertex 14.846444129943848 0.95679998397827148 -0.56077331304550171
  endloop
 endfacet
 facet normal 0 1 0
  outer loop
   vertex 13.455244064331055 0.95679998397827148 0.35106602311134338
   vertex 13.636139869689941 0.95679998397827148 0.58806890249252319
   vertex 13.689253807067871 0.95679998397827148 0.32471856474876404
  endloop
 endfacet
 facet normal -0 1 0
  outer loop
   vertex 1.4091999530792236 0.95679998397827148 -0.73370856046676636
   vertex 1.3072307109832764 0.95679998397827148 -0.61668890714645386
   vertex 1.5032802820205688 0.95679998397827148 -0.61011314392089844
  endloop
 endfacet
 facet normal 0 1 0
  outer loop
   vertex 13.558236122131348 0.95679998397827148 -0.39242801070213318
   vertex 13.590869903564453 0.95679998397827148 -0.54960709810256958
   vertex 13.440664291381836 0.95679998397827148 -0.50649476051330566
  endloop
 endfacet
 facet normal -0.49235052418907899 -0.03498751471046159 -0.86969352943730949
  outer loop
   vertex 11.814395904541016 -2.6500000953674316 -1.1124297380447388
   vertex 11.884819984436035 -2.5034003257751465 -1.1581958532333374
   vertex 11.940338134765625 -2.6500000953674316 -1.1837280988693237
  endloop
 endfacet
 facet normal -0.60242935101305051 0.040541975418918144 -0.79714191036924309
  outer loop
   vertex 11.884819984436035 -2.5034003257751465 -1.1581958532333374
   vertex 11.814395904541016 -2.6500000953674316 -1.1124297380447388
   vertex 11.763592720031738 -2.5136473178863525 -1.0671011209487915
  endloop
 endfacet
 facet normal -0.59840473414399409 -0.035928548433035036 -0.80038797689717378
  outer loop
   vertex 11.814395904541016 -2.3499999046325684 -1.1124297380447388
   vertex 11.884819984436035 -2.5034003257751465 -1.1581958532333374
   vertex 11.763592720031738 -2.5136473178863525 -1.0671011209487915
  endloop
 endfacet
 facet normal -0.33532066883573564 0.036965443428997664 -0.94137856627589123
  outer loop
   vertex 11.940338134765625 -2.6500000953674316 -1.1837280988693237
   vertex 11.884819984436035 -2.5034003257751465 -1.1581958532333374
   vertex 12.025647163391113 -2.503206729888916 -1.2083511352539062
  endloop
 endfacet
 facet normal -0.72712991912894087 0.035838376004797494 -0.68556377640076538
  outer loop
   vertex 11.814395904541016 -2.3499999046325684 -1.1124297380447388
   vertex 11.763592720031738 -2.5136473178863525 -1.0671011209487915
   vertex 11.715508460998535 -2.3958330154418945 -1.0099426507949829
  endloop
 endfacet
 facet normal -0.47681830143823678 0.043029742702335741 -0.87794803300453128
  outer loop
   vertex 11.956856727600098 -2.3499999046325684 -1.1898009777069092
   vertex 11.884819984436035 -2.5034003257751465 -1.1581958532333374
   vertex 11.814395904541016 -2.3499999046325684 -1.1124297380447388
  endloop
 endfacet
 facet normal -0.33523630740115312 -0.036535331514866917 -0.94142540211699099
  outer loop
   vertex 12.025647163391113 -2.503206729888916 -1.2083511352539062
   vertex 11.884819984436035 -2.5034003257751465 -1.1581958532333374
   vertex 11.956856727600098 -2.3499999046325684 -1.1898009777069092
  endloop
 endfacet
 facet normal -0.7294039102220885 -0.044840894862642852 -0.68261206398703855
  outer loop
   vertex 11.814395904541016 -2.6500000953674316 -1.1124297380447388
   vertex 11.706780433654785 -2.6500000953674316 -0.99743741750717163
   vertex 11.763592720031738 -2.5136473178863525 -1.0671011209487915
  endloop
 endfacet
 facet normal -0.20991531201828573 -0.041859379455895789 -0.97682309254635924
  outer loop
   vertex 11.940338134765625 -2.6500000953674316 -1.1837280988693237
   vertex 12.025647163391113 -2.503206729888916 -1.2083511352539062
   vertex 12.094388961791992 -2.6500000953674316 -1.2168329954147339
  endloop
 endfacet
 facet normal -0.79243846037983245 -0.027807750184717699 -0.60931766389996056
  outer loop
   vertex 11.763592720031738 -2.5136473178863525 -1.0671011209487915
   vertex 11.689249038696289 -2.5326511859893799 -0.9695473313331604
   vertex 11.715508460998535 -2.3958330154418945 -1.0099426507949829
  endloop
 endfacet
 facet normal -0.03326753317691046 0.042118826829292702 -0.99855859901302102
  outer loop
   vertex 12.094388961791992 -2.6500000953674316 -1.2168329954147339
   vertex 12.025647163391113 -2.503206729888916 -1.2083511352539062
   vertex 12.183819770812988 -2.502662181854248 -1.2135977745056152
  endloop
 endfacet
 facet normal -0.16788948262638109 0.043859370065611615 -0.98482966917172732
  outer loop
   vertex 12.025647163391113 -2.503206729888916 -1.2083511352539062
   vertex 11.956856727600098 -2.3499999046325684 -1.1898009777069092
   vertex 12.119600296020508 -2.3499999046325684 -1.2175447940826416
  endloop
 endfacet
 facet normal -0.79739760039447571 0.024179041915541405 -0.60296968482435231
  outer loop
   vertex 11.706780433654785 -2.6500000953674316 -0.99743741750717163
   vertex 11.689249038696289 -2.5326511859893799 -0.9695473313331604
   vertex 11.763592720031738 -2.5136473178863525 -1.0671011209487915
  endloop
 endfacet
 facet normal -0.03298945613063755 -0.039697585397963572 -0.99866701031814209
  outer loop
   vertex 12.183819770812988 -2.502662181854248 -1.2135977745056152
   vertex 12.025647163391113 -2.503206729888916 -1.2083511352539062
   vertex 12.119600296020508 -2.3499999046325684 -1.2175447940826416
  endloop
 endfacet
 facet normal 0.10444402172878373 -0.041576531822770615 -0.99366132979335953
  outer loop
   vertex 12.251041412353516 -2.6500000953674316 -1.2003672122955322
   vertex 12.094388961791992 -2.6500000953674316 -1.2168329954147339
   vertex 12.183819770812988 -2.502662181854248 -1.2135977745056152
  endloop
 endfacet
 facet normal -0.905904063213818 -0.035034608125786633 -0.42203128377665028
  outer loop
   vertex 11.64027214050293 -2.6500000953674316 -0.85467517375946045
   vertex 11.689249038696289 -2.5326511859893799 -0.9695473313331604
   vertex 11.706780433654785 -2.6500000953674316 -0.99743741750717163
  endloop
 endfacet
 facet normal 0.73466791022404321 -0.032796661906117311 0.67763370684673951
  outer loop
   vertex 12.525394439697266 -2.5653007030487061 -0.42335835099220276
   vertex 12.431164741516113 -2.6500000953674316 -0.32529699802398682
   vertex 12.537075996398926 -2.6500000953674316 -0.44012245535850525
  endloop
 endfacet
 facet normal 0.88762732644511921 0.03147608125900532 0.45948556632006005
  outer loop
   vertex 12.537075996398926 -2.6500000953674316 -0.44012245535850525
   vertex 12.596427917480469 -2.5384411811828613 -0.56241971254348755
   vertex 12.525394439697266 -2.5653007030487061 -0.42335835099220276
  endloop
 endfacet
 facet normal 0.70237680640401634 0.041301806262928904 0.71060606711814267
  outer loop
   vertex 12.525394439697266 -2.5653007030487061 -0.42335835099220276
   vertex 12.413952827453613 -2.5811777114868164 -0.31228449940681458
   vertex 12.431164741516113 -2.6500000953674316 -0.32529699802398682
  endloop
 endfacet
 facet normal 0.48951250459149453 -0.042254761632607919 0.87097189562461397
  outer loop
   vertex 12.431164741516113 -2.6500000953674316 -0.32529699802398682
   vertex 12.413952827453613 -2.5811777114868164 -0.31228449940681458
   vertex 12.294968605041504 -2.6500000953674316 -0.24875065684318542
  endloop
 endfacet
 facet normal 0.44760771612724998 0.050353816658171763 0.8928111925885015
  outer loop
   vertex 12.272944450378418 -2.5887916088104248 -0.2411610335111618
   vertex 12.294968605041504 -2.6500000953674316 -0.24875065684318542
   vertex 12.413952827453613 -2.5811777114868164 -0.31228449940681458
  endloop
 endfacet
 facet normal -0.89602703989742816 0.041456511114854717 -0.44205983922862391
  outer loop
   vertex 11.689249038696289 -2.5326511859893799 -0.9695473313331604
   vertex 11.646604537963867 -2.4482710361480713 -0.87519645690917969
   vertex 11.715508460998535 -2.3958330154418945 -1.0099426507949829
  endloop
 endfacet
 facet normal 0.19633390334404113 -0.050774574263338028 0.97922159954020083
  outer loop
   vertex 12.14139461517334 -2.6500000953674316 -0.21795907616615295
   vertex 12.294968605041504 -2.6500000953674316 -0.24875065684318542
   vertex 12.272944450378418 -2.5887916088104248 -0.2411610335111618
  endloop
 endfacet
 facet normal 0.14788195052989248 0.056456041586701297 0.98739234556271249
  outer loop
   vertex 12.14139461517334 -2.6500000953674316 -0.21795907616615295
   vertex 12.272944450378418 -2.5887916088104248 -0.2411610335111618
   vertex 12.116231918334961 -2.5908806324005127 -0.2175707221031189
  endloop
 endfacet
 facet normal -0.91523987935369111 -0.012237898579702916 -0.40272347470565173
  outer loop
   vertex 11.689249038696289 -2.5326511859893799 -0.9695473313331604
   vertex 11.64027214050293 -2.6500000953674316 -0.85467517375946045
   vertex 11.646604537963867 -2.4482710361480713 -0.87519645690917969
  endloop
 endfacet
 facet normal -0.116332416447439 -0.056027917505237688 0.99162878202658378
  outer loop
   vertex 12.116231918334961 -2.5908806324005127 -0.2175707221031189
   vertex 11.98573112487793 -2.6500000953674316 -0.23622065782546997
   vertex 12.14139461517334 -2.6500000953674316 -0.21795907616615295
  endloop
 endfacet
 facet normal 0.2834779753829248 0.0433084182223544 -0.95800032274727109
  outer loop
   vertex 12.338526725769043 -2.5021917819976807 -1.1677978038787842
   vertex 12.251041412353516 -2.6500000953674316 -1.2003672122955322
   vertex 12.183819770812988 -2.502662181854248 -1.2135977745056152
  endloop
 endfacet
 facet normal 0.1619802908100384 0.042649917831645526 -0.98587188310553275
  outer loop
   vertex 12.282504081726074 -2.3499999046325684 -1.190779447555542
   vertex 12.183819770812988 -2.502662181854248 -1.2135977745056152
   vertex 12.119600296020508 -2.3499999046325684 -1.2175447940826416
  endloop
 endfacet
 facet normal -0.16695992892882749 0.058054436379059722 0.98425304904216093
  outer loop
   vertex 11.959992408752441 -2.5885052680969238 -0.24421390891075134
   vertex 11.98573112487793 -2.6500000953674316 -0.23622065782546997
   vertex 12.116231918334961 -2.5908806324005127 -0.2175707221031189
  endloop
 endfacet
 facet normal -0.41727880090095237 -0.056757729655275306 0.90700438942876238
  outer loop
   vertex 11.959992408752441 -2.5885052680969238 -0.24421390891075134
   vertex 11.843659400939941 -2.6500000953674316 -0.30158254504203796
   vertex 11.98573112487793 -2.6500000953674316 -0.23622065782546997
  endloop
 endfacet
 facet normal 0.90830188567735703 -0.025509967085808553 0.41753673617328413
  outer loop
   vertex 12.602506637573242 -2.6500000953674316 -0.58245909214019775
   vertex 12.596427917480469 -2.5384411811828613 -0.56241971254348755
   vertex 12.537075996398926 -2.6500000953674316 -0.44012245535850525
  endloop
 endfacet
 facet normal -0.46458328377052333 0.054320428543626835 0.88386178980869745
  outer loop
   vertex 11.843659400939941 -2.6500000953674316 -0.30158254504203796
   vertex 11.959992408752441 -2.5885052680969238 -0.24421390891075134
   vertex 11.82036304473877 -2.5804672241210938 -0.31810113787651062
  endloop
 endfacet
 facet normal -0 1 0
  outer loop
   vertex 11.956856727600098 -2.3499999046325684 -1.1898009777069092
   vertex 11.814395904541016 -2.3499999046325684 -1.1124297380447388
   vertex 11.966630935668945 -2.3499999046325684 -1.1124297380447388
  endloop
 endfacet
 facet normal -0.67718522974863204 -0.052527237011438938 0.73393532002638784
  outer loop
   vertex 11.82036304473877 -2.5804672241210938 -0.31810113787651062
   vertex 11.728758811950684 -2.6500000953674316 -0.40759867429733276
   vertex 11.843659400939941 -2.6500000953674316 -0.30158254504203796
  endloop
 endfacet
 facet normal -0.71561000187931256 0.045623977502555417 0.69700844893525982
  outer loop
   vertex 11.711114883422852 -2.5639698505401611 -0.43134474754333496
   vertex 11.728758811950684 -2.6500000953674316 -0.40759867429733276
   vertex 11.82036304473877 -2.5804672241210938 -0.31810113787651062
  endloop
 endfacet
 facet normal 0 1 -0
  outer loop
   vertex 12.121053695678711 -2.3499999046325684 -1.1124297380447388
   vertex 12.119600296020508 -2.3499999046325684 -1.2175447940826416
   vertex 11.956856727600098 -2.3499999046325684 -1.1898009777069092
  endloop
 endfacet
 facet normal -0.8711959181747434 -0.043703373675872743 0.48898638762752178
  outer loop
   vertex 11.652158737182617 -2.6500000953674316 -0.54407215118408203
   vertex 11.728758811950684 -2.6500000953674316 -0.40759867429733276
   vertex 11.711114883422852 -2.5639698505401611 -0.43134474754333496
  endloop
 endfacet
 facet normal 0.28374812100548391 -0.040221312467301547 -0.958054930496819
  outer loop
   vertex 12.338526725769043 -2.5021917819976807 -1.1677978038787842
   vertex 12.183819770812988 -2.502662181854248 -1.2135977745056152
   vertex 12.282504081726074 -2.3499999046325684 -1.190779447555542
  endloop
 endfacet
 facet normal -0.89605608626993638 0.03407327325977532 0.44263133904861396
  outer loop
   vertex 11.652158737182617 -2.6500000953674316 -0.54407215118408203
   vertex 11.711114883422852 -2.5639698505401611 -0.43134474754333496
   vertex 11.642865180969238 -2.5363826751708984 -0.5716320276260376
  endloop
 endfacet
 facet normal 0.98596307960755225 0.024044934093546789 0.16522302138391146
  outer loop
   vertex 12.621095657348633 -2.4996793270111084 -0.71526467800140381
   vertex 12.596427917480469 -2.5384411811828613 -0.56241971254348755
   vertex 12.602506637573242 -2.6500000953674316 -0.58245909214019775
  endloop
 endfacet
 facet normal 0.40843805448905074 -0.040817518164747706 -0.91187295488794373
  outer loop
   vertex 12.394832611083984 -2.6500000953674316 -1.1359615325927734
   vertex 12.251041412353516 -2.6500000953674316 -1.2003672122955322
   vertex 12.338526725769043 -2.5021917819976807 -1.1677978038787842
  endloop
 endfacet
 facet normal -0.98024534579147704 -0.032872036865302011 0.19503458987183267
  outer loop
   vertex 11.642865180969238 -2.5363826751708984 -0.5716320276260376
   vertex 11.621471405029297 -2.6500000953674316 -0.69830691814422607
   vertex 11.652158737182617 -2.6500000953674316 -0.54407215118408203
  endloop
 endfacet
 facet normal -0.99259317050592055 -0.02271581398734019 -0.11934315925052888
  outer loop
   vertex 11.64027214050293 -2.6500000953674316 -0.85467517375946045
   vertex 11.621471405029297 -2.6500000953674316 -0.69830691814422607
   vertex 11.621152877807617 -2.4969332218170166 -0.72479248046875
  endloop
 endfacet
 facet normal -0.98663849063570885 0.014462767312049034 -0.16228159833378469
  outer loop
   vertex 11.646604537963867 -2.4482710361480713 -0.87519645690917969
   vertex 11.64027214050293 -2.6500000953674316 -0.85467517375946045
   vertex 11.621152877807617 -2.4969332218170166 -0.72479248046875
  endloop
 endfacet
 facet normal 0 1 0
  outer loop
   vertex 12.282504081726074 -2.3499999046325684 -1.190779447555542
   vertex 12.119600296020508 -2.3499999046325684 -1.2175447940826416
   vertex 12.121053695678711 -2.3499999046325684 -1.1124297380447388
  endloop
 endfacet
 facet normal 0.99311668286091381 -0.021007677391945031 0.11522990807047938
  outer loop
   vertex 12.620648384094238 -2.6500000953674316 -0.73881494998931885
   vertex 12.621095657348633 -2.4996793270111084 -0.71526467800140381
   vertex 12.602506637573242 -2.6500000953674316 -0.58245909214019775
  endloop
 endfacet
 facet normal 0 1 0
  outer loop
   vertex 12.121053695678711 -2.3499999046325684 -1.1124297380447388
   vertex 11.956856727600098 -2.3499999046325684 -1.1898009777069092
   vertex 11.966630935668945 -2.3499999046325684 -1.1124297380447388
  endloop
 endfacet
 facet normal 0.98967016442232525 0.019310817640996389 -0.1420565309104927
  outer loop
   vertex 12.598487854003906 -2.4514639377593994 -0.86621296405792236
   vertex 12.621095657348633 -2.4996793270111084 -0.71526467800140381
   vertex 12.620648384094238 -2.6500000953674316 -0.73881494998931885
  endloop
 endfacet
 facet normal -0.98898428391292181 0.023236779084364549 0.14618528746433215
  outer loop
   vertex 11.621152877807617 -2.4969332218170166 -0.72479248046875
   vertex 11.621471405029297 -2.6500000953674316 -0.69830691814422607
   vertex 11.642865180969238 -2.5363826751708984 -0.5716320276260376
  endloop
 endfacet
 facet normal 0.9797582095478502 -0.018543232152539356 -0.19932385548380321
  outer loop
   vertex 12.598487854003906 -2.4514639377593994 -0.86621296405792236
   vertex 12.620648384094238 -2.6500000953674316 -0.73881494998931885
   vertex 12.589250564575195 -2.6500000953674316 -0.89314806461334229
  endloop
 endfacet
 facet normal 0.56923405538964722 0.03996504718953435 -0.82120361980923728
  outer loop
   vertex 12.394832611083984 -2.6500000953674316 -1.1359615325927734
   vertex 12.338526725769043 -2.5021917819976807 -1.1677978038787842
   vertex 12.465810775756836 -2.5054717063903809 -1.0797278881072998
  endloop
 endfacet
 facet normal 0.4742059411274151 0.041761003455064831 -0.87942296080434945
  outer loop
   vertex 12.427804946899414 -2.3499999046325684 -1.1124297380447388
   vertex 12.338526725769043 -2.5021917819976807 -1.1677978038787842
   vertex 12.282504081726074 -2.3499999046325684 -1.190779447555542
  endloop
 endfacet
 facet normal 0.90775906843194698 0.014641862444248919 -0.41923631706202097
  outer loop
   vertex 12.598487854003906 -2.4514639377593994 -0.86621296405792236
   vertex 12.589250564575195 -2.6500000953674316 -0.89314806461334229
   vertex 12.548713684082031 -2.5283911228179932 -0.97667407989501953
  endloop
 endfacet
 facet normal 0.86822889595383135 -0.049660756864703622 -0.49367235435905865
  outer loop
   vertex 12.548713684082031 -2.5283911228179932 -0.97667407989501953
   vertex 12.589250564575195 -2.6500000953674316 -0.89314806461334229
   vertex 12.511404037475586 -2.6500000953674316 -1.0300579071044922
  endloop
 endfacet
 facet normal 0.90302381806318843 0.030968529943544938 -0.42847279279286471
  outer loop
   vertex 12.598487854003906 -2.4514639377593994 -0.86621296405792236
   vertex 12.548713684082031 -2.5283911228179932 -0.97667407989501953
   vertex 12.532176971435547 -2.3990902900695801 -1.0021804571151733
  endloop
 endfacet
 facet normal 0.67182879211115865 -0.042207833512616401 -0.73950292283440822
  outer loop
   vertex 12.511404037475586 -2.6500000953674316 -1.0300579071044922
   vertex 12.394832611083984 -2.6500000953674316 -1.1359615325927734
   vertex 12.465810775756836 -2.5054717063903809 -1.0797278881072998
  endloop
 endfacet
 facet normal 0.5680674915191738 -0.034090155475498291 -0.82227561460788179
  outer loop
   vertex 12.465810775756836 -2.5054717063903809 -1.0797278881072998
   vertex 12.338526725769043 -2.5021917819976807 -1.1677978038787842
   vertex 12.427804946899414 -2.3499999046325684 -1.1124297380447388
  endloop
 endfacet
 facet normal 0.78231964984666402 0.033029748822587225 -0.6220008047876705
  outer loop
   vertex 12.548713684082031 -2.5283911228179932 -0.97667407989501953
   vertex 12.511404037475586 -2.6500000953674316 -1.0300579071044922
   vertex 12.465810775756836 -2.5054717063903809 -1.0797278881072998
  endloop
 endfacet
 facet normal 0.77620321840982032 -0.025002413621778921 -0.62998685942114885
  outer loop
   vertex 12.548713684082031 -2.5283911228179932 -0.97667407989501953
   vertex 12.465810775756836 -2.5054717063903809 -1.0797278881072998
   vertex 12.532176971435547 -2.3990902900695801 -1.0021804571151733
  endloop
 endfacet
 facet normal 0.73381616631459456 0.036699859657455466 -0.67835606753125921
  outer loop
   vertex 12.465810775756836 -2.5054717063903809 -1.0797278881072998
   vertex 12.427804946899414 -2.3499999046325684 -1.1124297380447388
   vertex 12.532176971435547 -2.3990902900695801 -1.0021804571151733
  endloop
 endfacet
 facet normal 0 1 0
  outer loop
   vertex 12.275613784790039 -2.3499999046325684 -1.1124297380447388
   vertex 12.427804946899414 -2.3499999046325684 -1.1124297380447388
   vertex 12.282504081726074 -2.3499999046325684 -1.190779447555542
  endloop
 endfacet
 facet normal -0 1 0
  outer loop
   vertex 12.282504081726074 -2.3499999046325684 -1.190779447555542
   vertex 12.121053695678711 -2.3499999046325684 -1.1124297380447388
   vertex 12.275613784790039 -2.3499999046325684 -1.1124297380447388
  endloop
 endfacet
 facet normal 0.0018837237543096973 -0.46551759122848368 -0.88503662288158891
  outer loop
   vertex 14.596383094787598 -0.97117286920547485 -2.4118092060089111
   vertex 14.717711448669434 -1.4389581680297852 -2.1655020713806152
   vertex 14.241359710693359 -1.4315060377120972 -2.1704356670379639
  endloop
 endfacet
 facet normal 0.033244511304974647 -0.98156508602068082 -0.18821472942707443
  outer loop
   vertex 15.079999923706055 -2.5959291458129883 -0.14543710649013519
   vertex 14.473658561706543 -2.5272154808044434 -0.61088663339614868
   vertex 15.079999923706055 -2.4656021595001221 -0.82510983943939209
  endloop
 endfacet
 facet normal -0.020450365827924696 -0.069418297752960309 -0.99737800380526997
  outer loop
   vertex 12.899888038635254 -0.39086896181106567 -2.5704514980316162
   vertex 12.224398612976074 -0.51892685890197754 -2.5476882457733154
   vertex 12.634940147399902 0.089558415114879608 -2.5984570980072021
  endloop
 endfacet
 facet normal -0.0084363451454735512 -0.88293154862397227 0.46942593507928437
  outer loop
   vertex 14.391565322875977 -2.3913259506225586 1.0205687284469604
   vertex 13.804159164428711 -2.1546809673309326 1.4551117420196533
   vertex 13.8001708984375 -2.4114079475402832 0.9721686840057373
  endloop
 endfacet
 facet normal -0.0076492831149809369 -0.61669978014072646 -0.78716127295631522
  outer loop
   vertex 15.079999923706055 -1.7290257215499878 -1.9417698383331299
   vertex 14.447958946228027 -1.7764909267425537 -1.8984414339065552
   vertex 14.717711448669434 -1.4389581680297852 -2.1655020713806152
  endloop
 endfacet
 facet normal -0.011043799534539094 -0.33216592196803091 -0.94315631513284637
  outer loop
   vertex 14.596383094787598 -0.97117286920547485 -2.4118092060089111
   vertex 13.999790191650391 -1.0659550428390503 -2.3714425563812256
   vertex 14.210877418518066 -0.68423604965209961 -2.508350133895874
  endloop
 endfacet
 facet normal 0.0021360960448776065 -0.031612481591295448 -0.99949791800749999
  outer loop
   vertex 1.6709548234939575 -0.32509452104568481 -2.5795955657958984
   vertex 1.1014589071273804 -0.31183439493179321 -2.5812320709228516
   vertex 1.3638828992843628 0.15433351695537567 -2.5954153537750244
  endloop
 endfacet
 facet normal 0.0054783421087539648 0.12287552314957199 -0.99240696973492615
  outer loop
   vertex 12.461849212646484 0.53617024421691895 -2.5441150665283203
   vertex 13.016107559204102 0.5688396692276001 -2.5370104312896729
   vertex 12.634940147399902 0.089558415114879608 -2.5984570980072021
  endloop
 endfacet
 facet normal 0.0060002356907184412 -0.34053532024535293 -0.94021257853586004
  outer loop
   vertex 14.210877418518066 -0.68423604965209961 -2.508350133895874
   vertex 13.999790191650391 -1.0659550428390503 -2.3714425563812256
   vertex 13.737095832824707 -0.72136825323104858 -2.4979248046875
  endloop
 endfacet
 facet normal -0.014548542879691361 -0.0430704401801172 -0.99896610407098818
  outer loop
   vertex 12.899888038635254 -0.39086896181106567 -2.5704514980316162
   vertex 13.206907272338867 0.12311731278896332 -2.5970833301544189
   vertex 13.459725379943848 -0.30152463912963867 -2.5824568271636963
  endloop
 endfacet
 facet normal -0.0015664295859938206 -0.61971372791590706 -0.78482637680631084
  outer loop
   vertex 14.717711448669434 -1.4389581680297852 -2.1655020713806152
   vertex 14.447958946228027 -1.7764909267425537 -1.8984414339065552
   vertex 14.241359710693359 -1.4315060377120972 -2.1704356670379639
  endloop
 endfacet
 facet normal -0.014918522936991663 -0.9489250754091888 -0.31514859817718366
  outer loop
   vertex 15.079999923706055 -2.4656021595001221 -0.82510983943939209
   vertex 14.473658561706543 -2.5272154808044434 -0.61088663339614868
   vertex 14.527816772460938 -2.3944427967071533 -1.0132342576980591
  endloop
 endfacet
 facet normal -0.014330417807926096 -0.1973127329128464 -0.98023585149489101
  outer loop
   vertex 0.76034849882125854 -0.76389366388320923 -2.4852497577667236
   vertex 0.52992862462997437 -0.22595831751823425 -2.5901627540588379
   vertex 1.1014589071273804 -0.31183439493179321 -2.5812320709228516
  endloop
 endfacet
 facet normal 0.015695984304656591 -0.47379016976052785 -0.88049787683730274
  outer loop
   vertex 14.596383094787598 -0.97117286920547485 -2.4118092060089111
   vertex 14.241359710693359 -1.4315060377120972 -2.1704356670379639
   vertex 13.999790191650391 -1.0659550428390503 -2.3714425563812256
  endloop
 endfacet
 facet normal -0.00097635129008036314 -0.033603908558588705 -0.99943475228138046
  outer loop
   vertex 1.6709548234939575 -0.32509452104568481 -2.5795955657958984
   vertex 1.3638828992843628 0.15433351695537567 -2.5954153537750244
   vertex 1.9004960060119629 0.14863426983356476 -2.5957479476928711
  endloop
 endfacet
 facet normal -0.0051847738834314211 0.12647342563666039 -0.99195644598314192
  outer loop
   vertex 2.725693941116333 0.51369398832321167 -2.5487484931945801
   vertex 2.4847054481506348 0.12567414343357086 -2.5969610214233398
   vertex 2.090984582901001 0.55400174856185913 -2.5402917861938477
  endloop
 endfacet
 facet normal 0.0056309114564459129 -0.055098264976186494 -0.9984650589944466
  outer loop
   vertex 12.899888038635254 -0.39086896181106567 -2.5704514980316162
   vertex 12.634940147399902 0.089558415114879608 -2.5984570980072021
   vertex 13.206907272338867 0.12311731278896332 -2.5970833301544189
  endloop
 endfacet
 facet normal 0.0032110404751813284 0.13406012478443505 -0.99096799754676668
  outer loop
   vertex 2.4847054481506348 0.12567414343357086 -2.5969610214233398
   vertex 1.9004960060119629 0.14863426983356476 -2.5957479476928711
   vertex 2.090984582901001 0.55400174856185913 -2.5402917861938477
  endloop
 endfacet
 facet normal 0.014935095411805207 -0.22451011549640706 -0.97435730148895083
  outer loop
   vertex 13.459725379943848 -0.30152463912963867 -2.5824568271636963
   vertex 13.209934234619141 -0.82472854852676392 -2.4657297134399414
   vertex 12.899888038635254 -0.39086896181106567 -2.5704514980316162
  endloop
 endfacet
 facet normal -0.0067194093456805102 -0.18991140421485903 -0.98177823773354511
  outer loop
   vertex 14.210877418518066 -0.68423604965209961 -2.508350133895874
   vertex 13.737095832824707 -0.72136825323104858 -2.4979248046875
   vertex 14.02336311340332 -0.28452959656715393 -2.5843844413757324
  endloop
 endfacet
 facet normal 0.054091303452257815 -0.25238010623610746 -0.9661151136728412
  outer loop
   vertex 14.613606452941895 -0.32528385519981384 -2.5795717239379883
   vertex 14.596383094787598 -0.97117286920547485 -2.4118092060089111
   vertex 14.210877418518066 -0.68423604965209961 -2.508350133895874
  endloop
 endfacet
 facet normal -0.005324388415237611 0.13132806483592069 -0.99132466441345846
  outer loop
   vertex 12.634940147399902 0.089558415114879608 -2.5984570980072021
   vertex 13.016107559204102 0.5688396692276001 -2.5370104312896729
   vertex 13.206907272338867 0.12311731278896332 -2.5970833301544189
  endloop
 endfacet
 facet normal 0.0025489108881064271 -0.19576143001731167 -0.98064823742811147
  outer loop
   vertex 13.737095832824707 -0.72136825323104858 -2.4979248046875
   vertex 13.459725379943848 -0.30152463912963867 -2.5824568271636963
   vertex 14.02336311340332 -0.28452959656715393 -2.5843844413757324
  endloop
 endfacet
 facet normal -0.043638604586033948 -0.25006738103315868 -0.96724452809669637
  outer loop
   vertex 14.596383094787598 -0.97117286920547485 -2.4118092060089111
   vertex 14.613606452941895 -0.32528385519981384 -2.5795717239379883
   vertex 15.079999923706055 -0.59008502960205078 -2.5321531295776367
  endloop
 endfacet
 facet normal -0.018692549160389978 -0.20919987404570453 -0.97769422689568308
  outer loop
   vertex 13.209934234619141 -0.82472854852676392 -2.4657297134399414
   vertex 13.459725379943848 -0.30152463912963867 -2.5824568271636963
   vertex 13.737095832824707 -0.72136825323104858 -2.4979248046875
  endloop
 endfacet
 facet normal 0.027669517878096541 -0.88274846191329837 0.46903043693357438
  outer loop
   vertex 13.804159164428711 -2.1546809673309326 1.4551117420196533
   vertex 13.377690315246582 -2.3489627838134766 1.1146183013916016
   vertex 13.8001708984375 -2.4114079475402832 0.9721686840057373
  endloop
 endfacet
 facet normal 0.017495884005409166 -0.26372491875961263 -0.96443924705919404
  outer loop
   vertex 12.899888038635254 -0.39086896181106567 -2.5704514980316162
   vertex 12.673141479492188 -0.93756484985351562 -2.4250714778900146
   vertex 12.224398612976074 -0.51892685890197754 -2.5476882457733154
  endloop
 endfacet
 facet normal 0.010588756705678009 -0.028124558403708675 -0.99954834172541362
  outer loop
   vertex 13.459725379943848 -0.30152463912963867 -2.5824568271636963
   vertex 13.206907272338867 0.12311731278896332 -2.5970833301544189
   vertex 13.713375091552734 0.1845041811466217 -2.5934453010559082
  endloop
 endfacet
 facet normal -0.0050543541277365128 -0.18915977617615273 -0.98193331371399106
  outer loop
   vertex 14.613606452941895 -0.32528385519981384 -2.5795717239379883
   vertex 14.210877418518066 -0.68423604965209961 -2.508350133895874
   vertex 14.02336311340332 -0.28452959656715393 -2.5843844413757324
  endloop
 endfacet
 facet normal -0.0027813904624723077 -0.021151984468551693 -0.99977240280982815
  outer loop
   vertex 13.459725379943848 -0.30152463912963867 -2.5824568271636963
   vertex 13.713375091552734 0.1845041811466217 -2.5934453010559082
   vertex 14.02336311340332 -0.28452959656715393 -2.5843844413757324
  endloop
 endfacet
 facet normal -0.0015876768038697289 -0.029518205061552803 -0.99956298193376014
  outer loop
   vertex 1.1014589071273804 -0.31183439493179321 -2.5812320709228516
   vertex 0.85576218366622925 0.1632317453622818 -2.5948710441589355
   vertex 1.3638828992843628 0.15433351695537567 -2.5954153537750244
  endloop
 endfacet
 facet normal 0.00086104049036176387 0.13886344384289404 -0.9903111645202054
  outer loop
   vertex 1.9004960060119629 0.14863426983356476 -2.5957479476928711
   vertex 1.3638828992843628 0.15433351695537567 -2.5954153537750244
   vertex 1.570356011390686 0.56761366128921509 -2.5372848510742188
  endloop
 endfacet
 facet normal 0.017600585624653244 -0.0022142514720690518 -0.99984264585788085
  outer loop
   vertex 0.52992862462997437 -0.22595831751823425 -2.5901627540588379
   vertex 1.8155421081995395e-14 -0.014481829479336739 -2.5999596118927002
   vertex 0.4084697961807251 0.18768706917762756 -2.5932168960571289
  endloop
 endfacet
 facet normal 0.01226125529726085 -0.022358966279925924 -0.99967481625047883
  outer loop
   vertex 1.1014589071273804 -0.31183439493179321 -2.5812320709228516
   vertex 0.52992862462997437 -0.22595831751823425 -2.5901627540588379
   vertex 0.85576218366622925 0.1632317453622818 -2.5948710441589355
  endloop
 endfacet
 facet normal -0.0021517744704495465 0.13653436666820823 -0.99063299792866755
  outer loop
   vertex 1.9004960060119629 0.14863426983356476 -2.5957479476928711
   vertex 1.570356011390686 0.56761366128921509 -2.5372848510742188
   vertex 2.090984582901001 0.55400174856185913 -2.5402917861938477
  endloop
 endfacet
 facet normal 0.0020624691131021977 0.13443563135298089 -0.99092018207516741
  outer loop
   vertex 13.206907272338867 0.12311731278896332 -2.5970833301544189
   vertex 13.016107559204102 0.5688396692276001 -2.5370104312896729
   vertex 13.517409324645996 0.58031302690505981 -2.5344104766845703
  endloop
 endfacet
 facet normal 0.033771121657511255 -0.11823258470963545 -0.9924114908921966
  outer loop
   vertex 15.079999923706055 -0.59008502960205078 -2.5321531295776367
   vertex 14.613606452941895 -0.32528385519981384 -2.5795717239379883
   vertex 15.079999923706055 -0.021332483738660812 -2.5999124050140381
  endloop
 endfacet
 facet normal 0.012777791713932563 -0.43511233415452322 -0.90028550177458588
  outer loop
   vertex 10.216328620910645 -0.89560079574584961 -2.4408807754516602
   vertex 10.487378120422363 -1.3843048810958862 -2.2008407115936279
   vertex 9.9118328094482422 -1.319164514541626 -2.2404921054840088
  endloop
 endfacet
 facet normal -0.02105119013331656 -0.2487726801365546 -0.96833310436628495
  outer loop
   vertex 12.899888038635254 -0.39086896181106567 -2.5704514980316162
   vertex 13.209934234619141 -0.82472854852676392 -2.4657297134399414
   vertex 12.673141479492188 -0.93756484985351562 -2.4250714778900146
  endloop
 endfacet
 facet normal -0.013820621647645056 -0.35381119440198711 -0.93521475027563161
  outer loop
   vertex 13.737095832824707 -0.72136825323104858 -2.4979248046875
   vertex 13.999790191650391 -1.0659550428390503 -2.3714425563812256
   vertex 13.479578971862793 -1.1490033864974976 -2.3323359489440918
  endloop
 endfacet
 facet normal -0.005475857515396765 -0.48460268170069182 -0.87471724338380863
  outer loop
   vertex 13.999790191650391 -1.0659550428390503 -2.3714425563812256
   vertex 14.241359710693359 -1.4315060377120972 -2.1704356670379639
   vertex 13.702115058898926 -1.4607819318771362 -2.1508407592773438
  endloop
 endfacet
 facet normal 0.0098075798669184071 -0.74224997550672556 -0.67005133030046238
  outer loop
   vertex 15.079999923706055 -1.7290257215499878 -1.9417698383331299
   vertex 14.579865455627441 -2.0786702632904053 -1.5617712736129761
   vertex 14.447958946228027 -1.7764909267425537 -1.8984414339065552
  endloop
 endfacet
 facet normal -0.01849610471504734 -0.44903723370914461 -0.89332158646996151
  outer loop
   vertex 10.216328620910645 -0.89560079574584961 -2.4408807754516602
   vertex 10.813343048095703 -1.0091292858123779 -2.3961756229400635
   vertex 10.487378120422363 -1.3843048810958862 -2.2008407115936279
  endloop
 endfacet
 facet normal 0.00063855951961917041 -0.68741947386338487 -0.7262603246736854
  outer loop
   vertex 9.5587911605834961 -1.9244931936264038 -1.7482351064682007
   vertex 9.7221164703369141 -1.6388570070266724 -2.0184516906738281
   vertex 10.126788139343262 -1.9276881217956543 -1.7447116374969482
  endloop
 endfacet
 facet normal -0.0041685557060267301 -0.0086071556364393995 -0.99995426896192396
  outer loop
   vertex 0.52992862462997437 -0.22595831751823425 -2.5901627540588379
   vertex 0.4084697961807251 0.18768706917762756 -2.5932168960571289
   vertex 0.85576218366622925 0.1632317453622818 -2.5948710441589355
  endloop
 endfacet
 facet normal -0.031330953236388473 -0.90194200806209868 -0.43071914917055687
  outer loop
   vertex 9.2913103103637695 -2.4633309841156006 -0.83186566829681396
   vertex 9.4028100967407227 -2.2117266654968262 -1.3668451309204102
   vertex 9.8419961929321289 -2.3815622329711914 -1.0431499481201172
  endloop
 endfacet
 facet normal 0.0074616866420281697 -0.95261627647350622 0.30408313506376589
  outer loop
   vertex 14.391565322875977 -2.3913259506225586 1.0205687284469604
   vertex 13.8001708984375 -2.4114079475402832 0.9721686840057373
   vertex 14.00897216796875 -2.533261775970459 0.5853075385093689
  endloop
 endfacet
 facet normal -2.584319603342808e-05 -0.61914571349980074 -0.78527612009213155
  outer loop
   vertex 14.241359710693359 -1.4315060377120972 -2.1704356670379639
   vertex 14.447958946228027 -1.7764909267425537 -1.8984414339065552
   vertex 13.914228439331055 -1.7766100168228149 -1.8983299732208252
  endloop
 endfacet
 facet normal -0.019887468968108456 -0.99973084010401869 0.011947214024840985
  outer loop
   vertex 9.3448247909545898 -2.5878317356109619 -0.25125184655189514
   vertex 9.9259881973266602 -2.5976974964141846 -0.1093975305557251
   vertex 9.5015039443969727 -2.5845654010772705 0.28288164734840393
  endloop
 endfacet
 facet normal 0.015645518054411698 -0.36922894466129252 -0.92920676073149466
  outer loop
   vertex 13.737095832824707 -0.72136825323104858 -2.4979248046875
   vertex 13.479578971862793 -1.1490033864974976 -2.3323359489440918
   vertex 13.209934234619141 -0.82472854852676392 -2.4657297134399414
  endloop
 endfacet
 facet normal 0.0026372458187468749 -0.98877232279783844 -0.14940662168544908
  outer loop
   vertex 15.079999923706055 -2.5959291458129883 -0.14543710649013519
   vertex 14.380524635314941 -2.5947010517120361 -0.16591139137744904
   vertex 14.473658561706543 -2.5272154808044434 -0.61088663339614868
  endloop
 endfacet
 facet normal -0.010172377330460263 0.14258181350322841 -0.98973074580795828
  outer loop
   vertex 13.206907272338867 0.12311731278896332 -2.5970833301544189
   vertex 13.517409324645996 0.58031302690505981 -2.5344104766845703
   vertex 13.713375091552734 0.1845041811466217 -2.5934453010559082
  endloop
 endfacet
 facet normal -0.031838365203472017 -0.97787544955574057 -0.20675087341370182
  outer loop
   vertex 9.3448247909545898 -2.5878317356109619 -0.25125184655189514
   vertex 9.2913103103637695 -2.4633309841156006 -0.83186566829681396
   vertex 9.8327388763427734 -2.5313706398010254 -0.59343326091766357
  endloop
 endfacet
 facet normal -0.039360938534565106 -0.0064707959815238003 -0.99920410593484033
  outer loop
   vertex 14.613606452941895 -0.32528385519981384 -2.5795717239379883
   vertex 14.720761299133301 0.25418263673782349 -2.5875453948974609
   vertex 15.079999923706055 -0.021332483738660812 -2.5999124050140381
  endloop
 endfacet
 facet normal -0.030235893767053514 0.094277785403096906 -0.995086674570409
  outer loop
   vertex 1.8155421081995395e-14 -0.014481829479336739 -2.5999596118927002
   vertex 1.7813392566025897e-14 0.50249910354614258 -2.5509791374206543
   vertex 0.4084697961807251 0.18768706917762756 -2.5932168960571289
  endloop
 endfacet
 facet normal 0.036253575833353341 0.091937435093165279 -0.99510461071577061
  outer loop
   vertex 15.079999923706055 -0.021332483738660812 -2.5999124050140381
   vertex 14.720761299133301 0.25418263673782349 -2.5875453948974609
   vertex 15.079999923706055 0.49731659889221191 -2.5519945621490479
  endloop
 endfacet
 facet normal -0.0056088381345609254 -0.02301964007537291 -0.9997192791506927
  outer loop
   vertex 14.02336311340332 -0.28452959656715393 -2.5843844413757324
   vertex 13.713375091552734 0.1845041811466217 -2.5934453010559082
   vertex 14.261478424072266 0.14930124580860138 -2.5957098007202148
  endloop
 endfacet
 facet normal 0.0061166153835853759 -0.029450867264715581 -0.99954751434516875
  outer loop
   vertex 14.613606452941895 -0.32528385519981384 -2.5795717239379883
   vertex 14.02336311340332 -0.28452959656715393 -2.5843844413757324
   vertex 14.261478424072266 0.14930124580860138 -2.5957098007202148
  endloop
 endfacet
 facet normal -0.0013369274938009907 -0.97940487561655909 0.20190171431513093
  outer loop
   vertex 9.5015039443969727 -2.5845654010772705 0.28288164734840393
   vertex 10.079547882080078 -2.5836434364318848 0.29118162393569946
   vertex 9.7664690017700195 -2.4868345260620117 0.75871878862380981
  endloop
 endfacet
 facet normal -0.024649858869783031 -0.88603527779876534 0.46296206211067076
  outer loop
   vertex 10.484488487243652 -2.1539592742919922 1.4561798572540283
   vertex 10.638283729553223 -2.4123125076293945 0.9699217677116394
   vertex 11.056746482849121 -2.2497913837432861 1.3032417297363281
  endloop
 endfacet
 facet normal 0.023527246893166189 -0.87974741777861298 0.47485887331447268
  outer loop
   vertex 10.484488487243652 -2.1539592742919922 1.4561798572540283
   vertex 10.093962669372559 -2.3503670692443848 1.1116538047790527
   vertex 10.638283729553223 -2.4123125076293945 0.9699217677116394
  endloop
 endfacet
 facet normal 0.021832366445974787 -0.017792144905273925 -0.9996033149980238
  outer loop
   vertex 14.261478424072266 0.14930124580860138 -2.5957098007202148
   vertex 14.720761299133301 0.25418263673782349 -2.5875453948974609
   vertex 14.613606452941895 -0.32528385519981384 -2.5795717239379883
  endloop
 endfacet
 facet normal -0.031785856413067658 -0.36226077080119773 -0.9315346441601674
  outer loop
   vertex 11.217568397521973 -0.66076081991195679 -2.5146362781524658
   vertex 11.733355522155762 -0.89694565534591675 -2.4403870105743408
   vertex 11.324883460998535 -1.1835813522338867 -2.3149805068969727
  endloop
 endfacet
 facet normal -0.0012251383425370722 0.13988540461683258 -0.99016694178872022
  outer loop
   vertex 1.3638828992843628 0.15433351695537567 -2.5954153537750244
   vertex 1.0848211050033569 0.57477468252182007 -2.5356724262237549
   vertex 1.570356011390686 0.56761366128921509 -2.5372848510742188
  endloop
 endfacet
 facet normal 0.0053386084701978944 -0.62226766209189577 -0.78278634120319701
  outer loop
   vertex 14.241359710693359 -1.4315060377120972 -2.1704356670379639
   vertex 13.914228439331055 -1.7766100168228149 -1.8983299732208252
   vertex 13.702115058898926 -1.4607819318771362 -2.1508407592773438
  endloop
 endfacet
 facet normal 0.013844259314294591 -0.49564691505521385 -0.86841376778600665
  outer loop
   vertex 13.999790191650391 -1.0659550428390503 -2.3714425563812256
   vertex 13.702115058898926 -1.4607819318771362 -2.1508407592773438
   vertex 13.479578971862793 -1.1490033864974976 -2.3323359489440918
  endloop
 endfacet
 facet normal 0.028668931615230809 -0.35146591879435041 -0.93576161509547096
  outer loop
   vertex 11.217568397521973 -0.66076081991195679 -2.5146362781524658
   vertex 11.324883460998535 -1.1835813522338867 -2.3149805068969727
   vertex 10.813343048095703 -1.0091292858123779 -2.3961756229400635
  endloop
 endfacet
 facet normal 0.020472380851819891 -0.93875178996436637 0.34398540443012432
  outer loop
   vertex 9.7664690017700195 -2.4868345260620117 0.75871878862380981
   vertex 10.32118034362793 -2.5238168239593506 0.6247786283493042
   vertex 10.093962669372559 -2.3503670692443848 1.1116538047790527
  endloop
 endfacet
 facet normal -0.022698657174343467 0.17739966839428342 -0.9838770901977949
  outer loop
   vertex 14.720761299133301 0.25418263673782349 -2.5875453948974609
   vertex 14.792351722717285 0.64493048191070557 -2.518742561340332
   vertex 15.079999923706055 0.49731659889221191 -2.5519945621490479
  endloop
 endfacet
 facet normal 0.0014193818254023066 0.14160587576396891 -0.98992209860390168
  outer loop
   vertex 1.3638828992843628 0.15433351695537567 -2.5954153537750244
   vertex 0.85576218366622925 0.1632317453622818 -2.5948710441589355
   vertex 1.0848211050033569 0.57477468252182007 -2.5356724262237549
  endloop
 endfacet
 facet normal -0.011785951908024762 -0.79642327690293191 -0.60462472273701917
  outer loop
   vertex 9.4028100967407227 -2.2117266654968262 -1.3668451309204102
   vertex 9.5587911605834961 -1.9244931936264038 -1.7482351064682007
   vertex 9.9678106307983398 -2.1666216850280762 -1.4372718334197998
  endloop
 endfacet
 facet normal -0.0020814807247609935 -0.99993586591960559 0.01113245191325931
  outer loop
   vertex 14.380524635314941 -2.5947010517120361 -0.16591139137744904
   vertex 15.079999923706055 -2.5959291458129883 -0.14543710649013519
   vertex 14.691681861877441 -2.5911099910736084 0.21482217311859131
  endloop
 endfacet
 facet normal 0.011550372330479865 -0.95002836744677988 -0.31194981959512885
  outer loop
   vertex 14.473658561706543 -2.5272154808044434 -0.61088663339614868
   vertex 14.007095336914062 -2.428842306137085 -0.92775261402130127
   vertex 14.527816772460938 -2.3944427967071533 -1.0132342576980591
  endloop
 endfacet
 facet normal 0.0041273108356651477 0.14243860844153608 -0.9897950333935327
  outer loop
   vertex 0.4084697961807251 0.18768706917762756 -2.5932168960571289
   vertex 0.60082656145095825 0.56181615591049194 -2.5385749340057373
   vertex 0.85576218366622925 0.1632317453622818 -2.5948710441589355
  endloop
 endfacet
 facet normal 0.0072582211770022154 -0.82830620884480388 -0.56022865208278472
  outer loop
   vertex 14.20580005645752 -2.2620129585266113 -1.2819116115570068
   vertex 13.802301406860352 -2.2414243221282959 -1.3175798654556274
   vertex 14.09455680847168 -2.0383522510528564 -1.6140384674072266
  endloop
 endfacet
 facet normal 0.01201412026294698 -0.95372415561514212 0.30044283301568658
  outer loop
   vertex 14.00897216796875 -2.533261775970459 0.5853075385093689
   vertex 14.474194526672363 -2.5465269088745117 0.52459543943405151
   vertex 14.391565322875977 -2.3913259506225586 1.0205687284469604
  endloop
 endfacet
 facet normal -0.0080730431250563995 -0.90287173712004087 -0.42983421488353002
  outer loop
   vertex 14.20580005645752 -2.2620129585266113 -1.2819116115570068
   vertex 14.007095336914062 -2.428842306137085 -0.92775261402130127
   vertex 13.802301406860352 -2.2414243221282959 -1.3175798654556274
  endloop
 endfacet
 facet normal 0.0011765732507539981 0.14808776250918573 -0.9889735235436834
  outer loop
   vertex 13.713375091552734 0.1845041811466217 -2.5934453010559082
   vertex 13.517409324645996 0.58031302690505981 -2.5344104766845703
   vertex 13.986064910888672 0.58722400665283203 -2.532818078994751
  endloop
 endfacet
 facet normal 0.040892610183506289 -0.32163695989939972 -0.94597963004445917
  outer loop
   vertex 11.733355522155762 -0.89694565534591675 -2.4403870105743408
   vertex 12.224398612976074 -0.51892685890197754 -2.5476882457733154
   vertex 12.197166442871094 -1.1335123777389526 -2.3399038314819336
  endloop
 endfacet
 facet normal 0.0064932694756188545 0.14124528188081914 -0.98995333617192527
  outer loop
   vertex 1.7813392566025897e-14 0.50249910354614258 -2.5509791374206543
   vertex 0.60082656145095825 0.56181615591049194 -2.5385749340057373
   vertex 0.4084697961807251 0.18768706917762756 -2.5932168960571289
  endloop
 endfacet
 facet normal -0.016282983976727179 0.14827755220614378 -0.98881172724870536
  outer loop
   vertex 14.720761299133301 0.25418263673782349 -2.5875453948974609
   vertex 14.261478424072266 0.14930124580860138 -2.5957098007202148
   vertex 14.415020942687988 0.59023994207382202 -2.5321171283721924
  endloop
 endfacet
 facet normal 0.0052502272569824697 0.14538771466837785 -0.98936082777582024
  outer loop
   vertex 13.713375091552734 0.1845041811466217 -2.5934453010559082
   vertex 13.986064910888672 0.58722400665283203 -2.532818078994751
   vertex 14.261478424072266 0.14930124580860138 -2.5957098007202148
  endloop
 endfacet
 facet normal 0.019771642125286114 -0.94868127501327104 -0.31561514635211008
  outer loop
   vertex 9.2913103103637695 -2.4633309841156006 -0.83186566829681396
   vertex 9.8419961929321289 -2.3815622329711914 -1.0431499481201172
   vertex 9.8327388763427734 -2.5313706398010254 -0.59343326091766357
  endloop
 endfacet
 facet normal 0.010043033866725481 0.17161843283143749 -0.98511230374167646
  outer loop
   vertex 14.415020942687988 0.59023994207382202 -2.5321171283721924
   vertex 14.792351722717285 0.64493048191070557 -2.518742561340332
   vertex 14.720761299133301 0.25418263673782349 -2.5875453948974609
  endloop
 endfacet
 facet normal 0.0076448414975354637 -0.57349058967031818 -0.81917647668745242
  outer loop
   vertex 9.9118328094482422 -1.319164514541626 -2.2404921054840088
   vertex 10.287391662597656 -1.6797664165496826 -1.9845364093780518
   vertex 9.7221164703369141 -1.6388570070266724 -2.0184516906738281
  endloop
 endfacet
 facet normal 0.029634714807663127 -0.78590939985549513 0.61763111878939836
  outer loop
   vertex 12.886462211608887 -1.8712217807769775 1.8051396608352661
   vertex 12.506464958190918 -2.106827974319458 1.5235735177993774
   vertex 12.944130897521973 -2.2050495147705078 1.3775910139083862
  endloop
 endfacet
 facet normal 0.017113509354460935 -0.99014790459695745 -0.13897573464396237
  outer loop
   vertex 9.3448247909545898 -2.5878317356109619 -0.25125184655189514
   vertex 9.8327388763427734 -2.5313706398010254 -0.59343326091766357
   vertex 9.9259881973266602 -2.5976974964141846 -0.1093975305557251
  endloop
 endfacet
 facet normal 0.05551859414510929 -0.86758986694250295 -0.49417153750781806
  outer loop
   vertex 14.579865455627441 -2.0786702632904053 -1.5617712736129761
   vertex 14.527816772460938 -2.3944427967071533 -1.0132342576980591
   vertex 14.20580005645752 -2.2620129585266113 -1.2819116115570068
  endloop
 endfacet
 facet normal -0.0299482128945225 -0.94507811697131139 0.32546959514889351
  outer loop
   vertex 13.377690315246582 -2.3489627838134766 1.1146183013916016
   vertex 13.501134872436523 -2.5292015075683594 0.602611243724823
   vertex 13.8001708984375 -2.4114079475402832 0.9721686840057373
  endloop
 endfacet
 facet normal 0.0021562768380173048 0.14120380051186859 -0.98997820036160511
  outer loop
   vertex 0.85576218366622925 0.1632317453622818 -2.5948710441589355
   vertex 0.60082656145095825 0.56181615591049194 -2.5385749340057373
   vertex 1.0848211050033569 0.57477468252182007 -2.5356724262237549
  endloop
 endfacet
 facet normal -0.038348356074042453 -0.31851834521006067 -0.94714067981006012
  outer loop
   vertex 12.224398612976074 -0.51892685890197754 -2.5476882457733154
   vertex 12.673141479492188 -0.93756484985351562 -2.4250714778900146
   vertex 12.197166442871094 -1.1335123777389526 -2.3399038314819336
  endloop
 endfacet
 facet normal 0.00061525967830312347 0.14253432970178037 -0.98978966771329369
  outer loop
   vertex 14.261478424072266 0.14930124580860138 -2.5957098007202148
   vertex 13.986064910888672 0.58722400665283203 -2.532818078994751
   vertex 14.415020942687988 0.59023994207382202 -2.5321171283721924
  endloop
 endfacet
 facet normal 2.2698840904408184e-05 -0.73567358020409468 -0.67733624063270981
  outer loop
   vertex 14.447958946228027 -1.7764909267425537 -1.8984414339065552
   vertex 14.09455680847168 -2.0383522510528564 -1.6140384674072266
   vertex 13.914228439331055 -1.7766100168228149 -1.8983299732208252
  endloop
 endfacet
 facet normal -0.00063255448740811941 -0.78942534466824565 -0.61384625523842862
  outer loop
   vertex 9.5587911605834961 -1.9244931936264038 -1.7482351064682007
   vertex 10.126788139343262 -1.9276881217956543 -1.7447116374969482
   vertex 9.9678106307983398 -2.1666216850280762 -1.4372718334197998
  endloop
 endfacet
 facet normal 0.010528253745044684 -0.74210369978542001 -0.6702023982632942
  outer loop
   vertex 14.447958946228027 -1.7764909267425537 -1.8984414339065552
   vertex 14.579865455627441 -2.0786702632904053 -1.5617712736129761
   vertex 14.09455680847168 -2.0383522510528564 -1.6140384674072266
  endloop
 endfacet
 facet normal -0.017144530159136535 -0.84375465883323097 0.53645516195003706
  outer loop
   vertex 11.976753234863281 -2.0393455028533936 1.6127831935882568
   vertex 12.195086479187012 -2.3077869415283203 1.1975471973419189
   vertex 12.506464958190918 -2.106827974319458 1.5235735177993774
  endloop
 endfacet
 facet normal -0.01119643723610955 -0.90216191763072229 -0.43125226279994822
  outer loop
   vertex 14.527816772460938 -2.3944427967071533 -1.0132342576980591
   vertex 14.007095336914062 -2.428842306137085 -0.92775261402130127
   vertex 14.20580005645752 -2.2620129585266113 -1.2819116115570068
  endloop
 endfacet
 facet normal -0.015355017892899121 -0.96110071782880047 -0.27577098037043907
  outer loop
   vertex 14.007095336914062 -2.428842306137085 -0.92775261402130127
   vertex 14.473658561706543 -2.5272154808044434 -0.61088663339614868
   vertex 13.960184097290039 -2.5528206825256348 -0.4930584728717804
  endloop
 endfacet
 facet normal 0.015651271930339251 -0.98905343340765095 -0.14672540186177652
  outer loop
   vertex 14.473658561706543 -2.5272154808044434 -0.61088663339614868
   vertex 14.380524635314941 -2.5947010517120361 -0.16591139137744904
   vertex 13.960184097290039 -2.5528206825256348 -0.4930584728717804
  endloop
 endfacet
 facet normal -0.0086815915050608896 -0.99572880805861519 -0.091917195187346631
  outer loop
   vertex 11.959992408752441 -2.5885052680969238 -0.24421390891075134
   vertex 11.82608699798584 -2.5949916839599609 -0.16129989922046661
   vertex 11.82036304473877 -2.5804672241210938 -0.31810113787651062
  endloop
 endfacet
 facet normal -0.0068931727340817203 -0.69294561276182309 -0.72095690711983595
  outer loop
   vertex 9.7221164703369141 -1.6388570070266724 -2.0184516906738281
   vertex 10.287391662597656 -1.6797664165496826 -1.9845364093780518
   vertex 10.126788139343262 -1.9276881217956543 -1.7447116374969482
  endloop
 endfacet
 facet normal 0.0026585329223739358 -0.95338846195234717 0.30173394376310803
  outer loop
   vertex 13.8001708984375 -2.4114079475402832 0.9721686840057373
   vertex 13.501134872436523 -2.5292015075683594 0.602611243724823
   vertex 14.00897216796875 -2.533261775970459 0.5853075385093689
  endloop
 endfacet
 facet normal 0.0010965869111793261 -0.99939915293565618 0.034642901273408584
  outer loop
   vertex 9.5015039443969727 -2.5845654010772705 0.28288164734840393
   vertex 9.9259881973266602 -2.5976974964141846 -0.1093975305557251
   vertex 10.079547882080078 -2.5836434364318848 0.29118162393569946
  endloop
 endfacet
 facet normal -0.0045284131190884546 -0.91122764055497918 -0.41187823511716243
  outer loop
   vertex 11.715508460998535 -2.3958330154418945 -1.0099426507949829
   vertex 11.643095016479492 -2.3359017372131348 -1.1417367458343506
   vertex 11.814395904541016 -2.3499999046325684 -1.1124297380447388
  endloop
 endfacet
 facet normal 0.01085415761388483 -0.87932906218892193 -0.47609094472846686
  outer loop
   vertex 9.4028100967407227 -2.2117266654968262 -1.3668451309204102
   vertex 9.9678106307983398 -2.1666216850280762 -1.4372718334197998
   vertex 9.8419961929321289 -2.3815622329711914 -1.0431499481201172
  endloop
 endfacet
 facet normal -0.010509160261552231 -0.58603734307251987 -0.81021589102849534
  outer loop
   vertex 9.9118328094482422 -1.319164514541626 -2.2404921054840088
   vertex 10.487378120422363 -1.3843048810958862 -2.2008407115936279
   vertex 10.287391662597656 -1.6797664165496826 -1.9845364093780518
  endloop
 endfacet
 facet normal -0.019521483308401786 -0.98155700534314605 0.19017033667539962
  outer loop
   vertex 9.7664690017700195 -2.4868345260620117 0.75871878862380981
   vertex 10.079547882080078 -2.5836434364318848 0.29118162393569946
   vertex 10.32118034362793 -2.5238168239593506 0.6247786283493042
  endloop
 endfacet
 facet normal -0.013824404631574097 -0.88656984604046274 0.46238814207154216
  outer loop
   vertex 12.944130897521973 -2.2050495147705078 1.3775910139083862
   vertex 12.980094909667969 -2.3890895843505859 1.0257930755615234
   vertex 13.377690315246582 -2.3489627838134766 1.1146183013916016
  endloop
 endfacet
 facet normal 4.9064536199036869e-05 -0.98979658397620074 0.14248761329222609
  outer loop
   vertex 14.691681861877441 -2.5911099910736084 0.21482217311859131
   vertex 14.474194526672363 -2.5465269088745117 0.52459543943405151
   vertex 14.194218635559082 -2.5910763740539551 0.21522699296474457
  endloop
 endfacet
 facet normal 0.028225110570133521 -0.43415600839395191 -0.90039541508646881
  outer loop
   vertex 11.733355522155762 -0.89694565534591675 -2.4403870105743408
   vertex 11.760897636413574 -1.3576750755310059 -2.21736741065979
   vertex 11.324883460998535 -1.1835813522338867 -2.3149805068969727
  endloop
 endfacet
 facet normal -0.019959821791721868 -0.39450447031386782 -0.91867721666340318
  outer loop
   vertex 13.209934234619141 -0.82472854852676392 -2.4657297134399414
   vertex 13.479578971862793 -1.1490033864974976 -2.3323359489440918
   vertex 12.986137390136719 -1.2627190351486206 -2.272782564163208
  endloop
 endfacet
 facet normal 0.014984409028968125 -0.47196583451271379 -0.88148948861502041
  outer loop
   vertex 10.813343048095703 -1.0091292858123779 -2.3961756229400635
   vertex 11.001822471618652 -1.4586300849914551 -2.1523005962371826
   vertex 10.487378120422363 -1.3843048810958862 -2.2008407115936279
  endloop
 endfacet
 facet normal -0.02263600622156332 -0.94505926832381448 0.32611438265981707
  outer loop
   vertex 10.093962669372559 -2.3503670692443848 1.1116538047790527
   vertex 10.32118034362793 -2.5238168239593506 0.6247786283493042
   vertex 10.638283729553223 -2.4123125076293945 0.9699217677116394
  endloop
 endfacet
 facet normal 0.017219494860301533 -0.41043922844941999 -0.91172535817898637
  outer loop
   vertex 13.209934234619141 -0.82472854852676392 -2.4657297134399414
   vertex 12.986137390136719 -1.2627190351486206 -2.272782564163208
   vertex 12.673141479492188 -0.93756484985351562 -2.4250714778900146
  endloop
 endfacet
 facet normal -0.0018094276639526699 0.29554360686523479 -0.95532753671848925
  outer loop
   vertex 13.016107559204102 0.5688396692276001 -2.5370104312896729
   vertex 13.310384750366211 0.95679998397827148 -2.4175469875335693
   vertex 13.517409324645996 0.58031302690505981 -2.5344104766845703
  endloop
 endfacet
 facet normal -0.0062441962347555271 -0.99927889157470651 0.037452728426750174
  outer loop
   vertex 9.9259881973266602 -2.5976974964141846 -0.1093975305557251
   vertex 10.38079833984375 -2.5990598201751709 -0.069918900728225708
   vertex 10.079547882080078 -2.5836434364318848 0.29118162393569946
  endloop
 endfacet
 facet normal -0.028049467479800083 -0.43688362173488077 -0.8990806017448677
  outer loop
   vertex 12.197166442871094 -1.1335123777389526 -2.3399038314819336
   vertex 11.760897636413574 -1.3576750755310059 -2.21736741065979
   vertex 11.733355522155762 -0.89694565534591675 -2.4403870105743408
  endloop
 endfacet
 facet normal -0.0081976449995891688 -0.50744084022027114 -0.86164760331182133
  outer loop
   vertex 13.702115058898926 -1.4607819318771362 -2.1508407592773438
   vertex 13.242402076721191 -1.502579927444458 -2.1218514442443848
   vertex 13.479578971862793 -1.1490033864974976 -2.3323359489440918
  endloop
 endfacet
 facet normal -0.0090937382083330787 -0.83083033439159604 -0.55645148879318052
  outer loop
   vertex 14.579865455627441 -2.0786702632904053 -1.5617712736129761
   vertex 14.20580005645752 -2.2620129585266113 -1.2819116115570068
   vertex 14.09455680847168 -2.0383522510528564 -1.6140384674072266
  endloop
 endfacet
 facet normal -0.026817842248075957 -0.48537371716575251 -0.87389539306593056
  outer loop
   vertex 10.813343048095703 -1.0091292858123779 -2.3961756229400635
   vertex 11.324883460998535 -1.1835813522338867 -2.3149805068969727
   vertex 11.001822471618652 -1.4586300849914551 -2.1523005962371826
  endloop
 endfacet
 facet normal -0.008595473937596184 -0.98862701193868963 0.1501424293561483
  outer loop
   vertex 14.474194526672363 -2.5465269088745117 0.52459543943405151
   vertex 14.00897216796875 -2.533261775970459 0.5853075385093689
   vertex 14.194218635559082 -2.5910763740539551 0.21522699296474457
  endloop
 endfacet
 facet normal 0.0054137396078133195 -0.99529747799982748 -0.096714123635804172
  outer loop
   vertex 9.9259881973266602 -2.5976974964141846 -0.1093975305557251
   vertex 10.294928550720215 -2.5650148391723633 -0.42508688569068909
   vertex 10.38079833984375 -2.5990598201751709 -0.069918900728225708
  endloop
 endfacet
 facet normal -5.9858967882912626e-05 -0.99995505775045113 0.0094804481010059647
  outer loop
   vertex 14.691681861877441 -2.5911099910736084 0.21482217311859131
   vertex 14.194218635559082 -2.5910763740539551 0.21522699296474457
   vertex 14.380524635314941 -2.5947010517120361 -0.16591139137744904
  endloop
 endfacet
 facet normal 0.033149577825060735 0.28067636303524385 -0.95922983936245854
  outer loop
   vertex 15.079999923706055 0.49731659889221191 -2.5519945621490479
   vertex 14.792351722717285 0.64493048191070557 -2.518742561340332
   vertex 15.079999923706055 0.95679998397827148 -2.4175469875335693
  endloop
 endfacet
 facet normal 0.013691608385842042 -0.95509583777065754 0.29598054080120645
  outer loop
   vertex 10.638283729553223 -2.4123125076293945 0.9699217677116394
   vertex 10.32118034362793 -2.5238168239593506 0.6247786283493042
   vertex 10.777388572692871 -2.5427687168121338 0.54251950979232788
  endloop
 endfacet
 facet normal 0.016671151026137337 -0.51968594933172796 -0.85419470075073889
  outer loop
   vertex 13.479578971862793 -1.1490033864974976 -2.3323359489440918
   vertex 13.242402076721191 -1.502579927444458 -2.1218514442443848
   vertex 12.986137390136719 -1.2627190351486206 -2.272782564163208
  endloop
 endfacet
 facet normal 0.020855676675811664 -0.8967329290031415 -0.44208041665724196
  outer loop
   vertex 14.007095336914062 -2.428842306137085 -0.92775261402130127
   vertex 13.562396049499512 -2.3752644062042236 -1.0574113130569458
   vertex 13.802301406860352 -2.2414243221282959 -1.3175798654556274
  endloop
 endfacet
 facet normal -0.024389153577775588 -0.99106825575510149 -0.13110637521608301
  outer loop
   vertex 9.8327388763427734 -2.5313706398010254 -0.59343326091766357
   vertex 10.294928550720215 -2.5650148391723633 -0.42508688569068909
   vertex 9.9259881973266602 -2.5976974964141846 -0.1093975305557251
  endloop
 endfacet
 facet normal 0.0076868882388714888 -0.95179281515864422 -0.30664531426647629
  outer loop
   vertex 11.621152877807617 -2.4969332218170166 -0.72479248046875
   vertex 11.493901252746582 -2.4667119979858398 -0.82178568840026855
   vertex 11.646604537963867 -2.4482710361480713 -0.87519645690917969
  endloop
 endfacet
 facet normal 0.004735498814276008 -0.82716745210739917 -0.56193556679136569
  outer loop
   vertex 14.09455680847168 -2.0383522510528564 -1.6140384674072266
   vertex 13.802301406860352 -2.2414243221282959 -1.3175798654556274
   vertex 13.620790481567383 -2.0591332912445068 -1.5874413251876831
  endloop
 endfacet
 facet normal 0.026350425599563923 -0.45163101657193133 -0.89181560871119869
  outer loop
   vertex 12.673141479492188 -0.93756484985351562 -2.4250714778900146
   vertex 12.547656059265137 -1.369887113571167 -2.209843635559082
   vertex 12.197166442871094 -1.1335123777389526 -2.3399038314819336
  endloop
 endfacet
 facet normal -0.0015303342153460801 -0.98170599512965717 -0.19039694641374613
  outer loop
   vertex 12.596427917480469 -2.5384411811828613 -0.56241971254348755
   vertex 12.683684349060059 -2.5637803077697754 -0.4324699342250824
   vertex 12.525394439697266 -2.5653007030487061 -0.42335835099220276
  endloop
 endfacet
 facet normal -0.021118126419142198 -0.44064854956178268 -0.89743126784486527
  outer loop
   vertex 12.673141479492188 -0.93756484985351562 -2.4250714778900146
   vertex 12.986137390136719 -1.2627190351486206 -2.272782564163208
   vertex 12.547656059265137 -1.369887113571167 -2.209843635559082
  endloop
 endfacet
 facet normal -0.0063760127665961125 -0.84130021969412805 0.54053056047166503
  outer loop
   vertex 11.618277549743652 -2.3245999813079834 1.1645748615264893
   vertex 12.195086479187012 -2.3077869415283203 1.1975471973419189
   vertex 11.976753234863281 -2.0393455028533936 1.6127831935882568
  endloop
 endfacet
 facet normal -0.025869349327045987 -0.86360621951850836 0.50350280473334552
  outer loop
   vertex 12.944130897521973 -2.2050495147705078 1.3775910139083862
   vertex 12.506464958190918 -2.106827974319458 1.5235735177993774
   vertex 12.608948707580566 -2.3516902923583984 1.1088520288467407
  endloop
 endfacet
 facet normal -0.018351955877615411 -0.87530633456791662 -0.4832204738840693
  outer loop
   vertex 9.8419961929321289 -2.3815622329711914 -1.0431499481201172
   vertex 9.9678106307983398 -2.1666216850280762 -1.4372718334197998
   vertex 10.306495666503906 -2.3277468681335449 -1.1582721471786499
  endloop
 endfacet
 facet normal 0.014775558950181178 -0.88535681250040865 0.46467730460699946
  outer loop
   vertex 12.944130897521973 -2.2050495147705078 1.3775910139083862
   vertex 12.608948707580566 -2.3516902923583984 1.1088520288467407
   vertex 12.980094909667969 -2.3890895843505859 1.0257930755615234
  endloop
 endfacet
 facet normal -0.0020777279094985886 -0.89938581490856873 -0.43715081949824125
  outer loop
   vertex 11.010870933532715 -2.2906224727630615 -1.2300604581832886
   vertex 11.263326644897461 -2.2971737384796143 -1.2177819013595581
   vertex 11.182368278503418 -2.3786683082580566 -1.0497317314147949
  endloop
 endfacet
 facet normal -0.002660186295287084 -0.9335962551882373 -0.35831683704142925
  outer loop
   vertex 12.532176971435547 -2.3990902900695801 -1.0021804571151733
   vertex 12.69010066986084 -2.4052376747131348 -0.98733586072921753
   vertex 12.598487854003906 -2.4514639377593994 -0.86621296405792236
  endloop
 endfacet
 facet normal -0.0078814991349083225 -0.93052119039524006 -0.36615324141240596
  outer loop
   vertex 11.646604537963867 -2.4482710361480713 -0.87519645690917969
   vertex 11.566838264465332 -2.3810217380523682 -1.0443830490112305
   vertex 11.715508460998535 -2.3958330154418945 -1.0099426507949829
  endloop
 endfacet
 facet normal 0.018550136726572276 -0.85894691303840687 0.51172853448798117
  outer loop
   vertex 12.506464958190918 -2.106827974319458 1.5235735177993774
   vertex 12.195086479187012 -2.3077869415283203 1.1975471973419189
   vertex 12.608948707580566 -2.3516902923583984 1.1088520288467407
  endloop
 endfacet
 facet normal 0.011962692479756268 -0.98091056419847134 -0.19409111013251354
  outer loop
   vertex 10.294928550720215 -2.5650148391723633 -0.42508688569068909
   vertex 10.61244010925293 -2.5141284465789795 -0.66269028186798096
   vertex 10.66252613067627 -2.5782718658447266 -0.33543097972869873
  endloop
 endfacet
 facet normal -0.0065837840287878459 -0.93926803361935862 -0.34312128294334321
  outer loop
   vertex 11.493901252746582 -2.4667119979858398 -0.82178568840026855
   vertex 11.50331974029541 -2.4163920879364014 -0.95971328020095825
   vertex 11.646604537963867 -2.4482710361480713 -0.87519645690917969
  endloop
 endfacet
 facet normal -0.0003831792598904066 -0.96930050448420879 -0.24587880181160957
  outer loop
   vertex 12.621095657348633 -2.4996793270111084 -0.71526467800140381
   vertex 12.743943214416504 -2.5380330085754395 -0.56425869464874268
   vertex 12.596427917480469 -2.5384411811828613 -0.56241971254348755
  endloop
 endfacet
 facet normal 0.0020398831971005327 -0.98101773300670125 -0.19390731394904789
  outer loop
   vertex 11.711114883422852 -2.5639698505401611 -0.43134474754333496
   vertex 11.553112983703613 -2.561892032623291 -0.44351902604103088
   vertex 11.642865180969238 -2.5363826751708984 -0.5716320276260376
  endloop
 endfacet
 facet normal 0.0086559445502441875 -0.99595303124261525 -0.089457443416349272
  outer loop
   vertex 12.413952827453613 -2.5811777114868164 -0.31228449940681458
   vertex 12.405402183532715 -2.5953679084777832 -0.15512870252132416
   vertex 12.272944450378418 -2.5887916088104248 -0.2411610335111618
  endloop
 endfacet
 facet normal 0 -0.89219608683324281 -0.45164825100895578
  outer loop
   vertex 11.966630935668945 -2.3499999046325684 -1.1124297380447388
   vertex 12.043842315673828 -2.2877895832061768 -1.2353214025497437
   vertex 12.121053695678711 -2.3499999046325684 -1.1124297380447388
  endloop
 endfacet
 facet normal -0.0088263150142720136 0.28955270132850774 -0.9571213764808687
  outer loop
   vertex 1.7813392566025897e-14 0.50249910354614258 -2.5509791374206543
   vertex 0.43430176377296448 0.95679998397827148 -2.4175469875335693
   vertex 0.60082656145095825 0.56181615591049194 -2.5385749340057373
  endloop
 endfacet
 facet normal -0.00635443470218746 -0.95284155520463509 -0.30340170044814851
  outer loop
   vertex 12.598487854003906 -2.4514639377593994 -0.86621296405792236
   vertex 12.746070861816406 -2.4643054008483887 -0.82897496223449707
   vertex 12.621095657348633 -2.4996793270111084 -0.71526467800140381
  endloop
 endfacet
 facet normal 0 -0.89217964263822114 -0.4516807337732438
  outer loop
   vertex 12.121053695678711 -2.3499999046325684 -1.1124297380447388
   vertex 12.198333740234375 -2.2876987457275391 -1.2354897260665894
   vertex 12.275613784790039 -2.3499999046325684 -1.1124297380447388
  endloop
 endfacet
 facet normal 0.0017075226223952791 -0.88987174809339042 -0.45620758028742503
  outer loop
   vertex 13.802301406860352 -2.2414243221282959 -1.3175798654556274
   vertex 13.562396049499512 -2.3752644062042236 -1.0574113130569458
   vertex 13.455246925354004 -2.24680495262146 -1.3083834648132324
  endloop
 endfacet
 facet normal -0.016830258057192599 -0.54532366246097508 -0.83805658852721687
  outer loop
   vertex 12.986137390136719 -1.2627190351486206 -2.272782564163208
   vertex 13.242402076721191 -1.502579927444458 -2.1218514442443848
   vertex 12.822882652282715 -1.5949622392654419 -2.0533132553100586
  endloop
 endfacet
 facet normal -0.0029406260992710766 -0.78884326536155536 -0.61458738631041143
  outer loop
   vertex 10.126788139343262 -1.9276881217956543 -1.7447116374969482
   vertex 10.434825897216797 -2.1560852527618408 -1.4530302286148071
   vertex 9.9678106307983398 -2.1666216850280762 -1.4372718334197998
  endloop
 endfacet
 facet normal -0.015366293011528139 -0.99144596417299335 -0.12961009669067991
  outer loop
   vertex 11.82036304473877 -2.5804672241210938 -0.31810113787651062
   vertex 11.699642181396484 -2.5891225337982178 -0.23758037388324738
   vertex 11.711114883422852 -2.5639698505401611 -0.43134474754333496
  endloop
 endfacet
 facet normal -0.0019520825923122619 -0.8292639965517149 -0.55885366009057313
  outer loop
   vertex 13.802301406860352 -2.2414243221282959 -1.3175798654556274
   vertex 13.455246925354004 -2.24680495262146 -1.3083834648132324
   vertex 13.620790481567383 -2.0591332912445068 -1.5874413251876831
  endloop
 endfacet
 facet normal 0.0054628478965635888 -0.69708803890495263 -0.71696472947314926
  outer loop
   vertex 10.287391662597656 -1.6797664165496826 -1.9845364093780518
   vertex 10.576747894287109 -1.9509153366088867 -1.7186999320983887
   vertex 10.126788139343262 -1.9276881217956543 -1.7447116374969482
  endloop
 endfacet
 facet normal 0 -0.89222607904662055 -0.45158899883532766
  outer loop
   vertex 11.814395904541016 -2.3499999046325684 -1.1124297380447388
   vertex 11.89051342010498 -2.287952184677124 -1.2350203990936279
   vertex 11.966630935668945 -2.3499999046325684 -1.1124297380447388
  endloop
 endfacet
 facet normal 0.016902363708441389 -0.55686270863221055 -0.83043255827060714
  outer loop
   vertex 12.986137390136719 -1.2627190351486206 -2.272782564163208
   vertex 12.822882652282715 -1.5949622392654419 -2.0533132553100586
   vertex 12.547656059265137 -1.369887113571167 -2.209843635559082
  endloop
 endfacet
 facet normal 0.016037433218242116 -0.99193888918826167 -0.12569821339910853
  outer loop
   vertex 12.525394439697266 -2.5653007030487061 -0.42335835099220276
   vertex 12.535572052001953 -2.5901892185211182 -0.22565379738807678
   vertex 12.413952827453613 -2.5811777114868164 -0.31228449940681458
  endloop
 endfacet
 facet normal 0.026828969588364462 -0.96206613917978412 -0.27149392301584024
  outer loop
   vertex 14.007095336914062 -2.428842306137085 -0.92775261402130127
   vertex 13.960184097290039 -2.5528206825256348 -0.4930584728717804
   vertex 13.617305755615234 -2.5050528049468994 -0.69621193408966064
  endloop
 endfacet
 facet normal -0.011969672568684574 -0.93070118323831819 0.36558451069129416
  outer loop
   vertex 12.980094909667969 -2.3890895843505859 1.0257930755615234
   vertex 12.608948707580566 -2.3516902923583984 1.1088520288467407
   vertex 12.713193893432617 -2.4715330600738525 0.80717068910598755
  endloop
 endfacet
 facet normal -0.023536916932397171 -0.97065231733025736 -0.23933259786898822
  outer loop
   vertex 10.294928550720215 -2.5650148391723633 -0.42508688569068909
   vertex 10.263117790222168 -2.4656331539154053 -0.82501709461212158
   vertex 10.61244010925293 -2.5141284465789795 -0.66269028186798096
  endloop
 endfacet
 facet normal -0.0055708476789550678 -0.73742765380593689 -0.67540315446288002
  outer loop
   vertex 13.914228439331055 -1.7766100168228149 -1.8983299732208252
   vertex 14.09455680847168 -2.0383522510528564 -1.6140384674072266
   vertex 13.620790481567383 -2.0591332912445068 -1.5874413251876831
  endloop
 endfacet
 facet normal -0.026284617537696519 -0.53817123495555608 -0.84242556985606065
  outer loop
   vertex 11.324883460998535 -1.1835813522338867 -2.3149805068969727
   vertex 11.760897636413574 -1.3576750755310059 -2.21736741065979
   vertex 11.436602592468262 -1.5770347118377686 -2.0671143531799316
  endloop
 endfacet
 facet normal 0 -0.89224428184817328 -0.45155303288676651
  outer loop
   vertex 12.275613784790039 -2.3499999046325684 -1.1124297380447388
   vertex 12.351709365844727 -2.2880518436431885 -1.2348357439041138
   vertex 12.427804946899414 -2.3499999046325684 -1.1124297380447388
  endloop
 endfacet
 facet normal 0.022414429727418549 -0.52832520976448694 -0.848746172932347
  outer loop
   vertex 11.324883460998535 -1.1835813522338867 -2.3149805068969727
   vertex 11.436602592468262 -1.5770347118377686 -2.0671143531799316
   vertex 11.001822471618652 -1.4586300849914551 -2.1523005962371826
  endloop
 endfacet
 facet normal 0.0020764340216687114 -0.9127984933764004 -0.40840494476870265
  outer loop
   vertex 12.427804946899414 -2.3499999046325684 -1.1124297380447388
   vertex 12.600016593933105 -2.3436503410339355 -1.1257456541061401
   vertex 12.532176971435547 -2.3990902900695801 -1.0021804571151733
  endloop
 endfacet
 facet normal 0.0025535904465029797 -0.86461699012888138 -0.50242505864686449
  outer loop
   vertex 9.9678106307983398 -2.1666216850280762 -1.4372718334197998
   vertex 10.434825897216797 -2.1560852527618408 -1.4530302286148071
   vertex 10.306495666503906 -2.3277468681335449 -1.1582721471786499
  endloop
 endfacet
 facet normal -0.0044821222621198673 -0.99802269642969355 -0.06269456109768326
  outer loop
   vertex 12.116231918334961 -2.5908806324005127 -0.2175707221031189
   vertex 11.967746734619141 -2.5986824035644531 -0.082760408520698547
   vertex 11.959992408752441 -2.5885052680969238 -0.24421390891075134
  endloop
 endfacet
 facet normal 0.016702432095774843 -0.64355850043979557 -0.76521466613870359
  outer loop
   vertex 13.242402076721191 -1.502579927444458 -2.1218514442443848
   vertex 13.04120922088623 -1.8004952669143677 -1.8756910562515259
   vertex 12.822882652282715 -1.5949622392654419 -2.0533132553100586
  endloop
 endfacet
 facet normal -0.013421231434688008 -0.9956505916190348 -0.092194196972708684
  outer loop
   vertex 10.294928550720215 -2.5650148391723633 -0.42508688569068909
   vertex 10.66252613067627 -2.5782718658447266 -0.33543097972869873
   vertex 10.38079833984375 -2.5990598201751709 -0.069918900728225708
  endloop
 endfacet
 facet normal -0.0053465820042226655 -0.79006335266597927 -0.61300188648573084
  outer loop
   vertex 10.126788139343262 -1.9276881217956543 -1.7447116374969482
   vertex 10.576747894287109 -1.9509153366088867 -1.7186999320983887
   vertex 10.434825897216797 -2.1560852527618408 -1.4530302286148071
  endloop
 endfacet
 facet normal -0.0041567763233398211 -0.89898565395654295 -0.43795834869417033
  outer loop
   vertex 11.263326644897461 -2.2971737384796143 -1.2177819013595581
   vertex 11.39377498626709 -2.3676328659057617 -1.0743904113769531
   vertex 11.182368278503418 -2.3786683082580566 -1.0497317314147949
  endloop
 endfacet
 facet normal 0.0030358515506141953 -0.62321880359656567 -0.78204162705640401
  outer loop
   vertex 13.702115058898926 -1.4607819318771362 -2.1508407592773438
   vertex 13.914228439331055 -1.7766100168228149 -1.8983299732208252
   vertex 13.452569007873535 -1.7630661725997925 -1.9109153747558594
  endloop
 endfacet
 facet normal 0.00088023474596762787 -0.96836269260420094 -0.24954542824731057
  outer loop
   vertex 11.642865180969238 -2.5363826751708984 -0.5716320276260376
   vertex 11.495560646057129 -2.5354177951812744 -0.57589584589004517
   vertex 11.621152877807617 -2.4969332218170166 -0.72479248046875
  endloop
 endfacet
 facet normal -0.01666301026633266 -0.94972324795419971 -0.31264691967807701
  outer loop
   vertex 10.61244010925293 -2.5141284465789795 -0.66269028186798096
   vertex 10.624985694885254 -2.4174354076385498 -0.95708203315734863
   vertex 10.889019966125488 -2.4771978855133057 -0.78961449861526489
  endloop
 endfacet
 facet normal -0.018226005047140659 -0.86343425799532292 -0.50413202126039147
  outer loop
   vertex 11.180977821350098 -2.1723127365112305 -1.4286559820175171
   vertex 11.383169174194336 -2.2434549331665039 -1.3141195774078369
   vertex 11.263326644897461 -2.2971737384796143 -1.2177819013595581
  endloop
 endfacet
 facet normal 0.015366810689432601 -0.92666244828084321 -0.37558030842336332
  outer loop
   vertex 11.50331974029541 -2.4163920879364014 -0.95971328020095825
   vertex 11.566838264465332 -2.3810217380523682 -1.0443830490112305
   vertex 11.646604537963867 -2.4482710361480713 -0.87519645690917969
  endloop
 endfacet
 facet normal -0.020588067706185816 -0.63260069330190838 -0.77420442668720924
  outer loop
   vertex 11.001822471618652 -1.4586300849914551 -2.1523005962371826
   vertex 11.436602592468262 -1.5770347118377686 -2.0671143531799316
   vertex 11.195816040039062 -1.7822946310043335 -1.8929938077926636
  endloop
 endfacet
 facet normal 0.0023156648203871378 -0.98783624079296217 0.15548054242402343
  outer loop
   vertex 14.00897216796875 -2.533261775970459 0.5853075385093689
   vertex 13.735906600952148 -2.5897829532623291 0.23027057945728302
   vertex 14.194218635559082 -2.5910763740539551 0.21522699296474457
  endloop
 endfacet
 facet normal 0.023767496569814934 -0.51473759750130932 -0.85701826808148251
  outer loop
   vertex 11.760897636413574 -1.3576750755310059 -2.21736741065979
   vertex 12.197166442871094 -1.1335123777389526 -2.3399038314819336
   vertex 12.163290023803711 -1.5256893634796143 -2.1052961349487305
  endloop
 endfacet
 facet normal 0.02508249302861152 -0.91060871723321068 0.41250773646364042
  outer loop
   vertex 11.056746482849121 -2.2497913837432861 1.3032417297363281
   vertex 10.638283729553223 -2.4123125076293945 0.9699217677116394
   vertex 11.146434783935547 -2.4702043533325195 0.81122773885726929
  endloop
 endfacet
 facet normal -0.0051330306738844207 -0.99925009034174295 0.038378495907467988
  outer loop
   vertex 10.079547882080078 -2.5836434364318848 0.29118162393569946
   vertex 10.38079833984375 -2.5990598201751709 -0.069918900728225708
   vertex 10.545015335083008 -2.5873980522155762 0.25567889213562012
  endloop
 endfacet
 facet normal -0.025415494406448903 -0.9482813131218617 -0.31641207914356478
  outer loop
   vertex 9.8327388763427734 -2.5313706398010254 -0.59343326091766357
   vertex 9.8419961929321289 -2.3815622329711914 -1.0431499481201172
   vertex 10.263117790222168 -2.4656331539154053 -0.82501709461212158
  endloop
 endfacet
 facet normal 0.011798021692193522 -0.59585659613273645 -0.80300418649547489
  outer loop
   vertex 10.487378120422363 -1.3843048810958862 -2.2008407115936279
   vertex 10.769158363342285 -1.7347444295883179 -1.9366625547409058
   vertex 10.287391662597656 -1.6797664165496826 -1.9845364093780518
  endloop
 endfacet
 facet normal 0.022009948651549833 -0.58691338074918253 -0.80935050853009383
  outer loop
   vertex 11.760897636413574 -1.3576750755310059 -2.21736741065979
   vertex 11.801526069641113 -1.6942192316055298 -1.9722121953964233
   vertex 11.436602592468262 -1.5770347118377686 -2.0671143531799316
  endloop
 endfacet
 facet normal -0.0024732520469431794 -0.98726378132273196 0.15907265356639191
  outer loop
   vertex 14.00897216796875 -2.533261775970459 0.5853075385093689
   vertex 13.501134872436523 -2.5292015075683594 0.602611243724823
   vertex 13.735906600952148 -2.5897829532623291 0.23027057945728302
  endloop
 endfacet
 facet normal 0.0040576295949103025 -0.99810307685275068 -0.061431129072664875
  outer loop
   vertex 12.272944450378418 -2.5887916088104248 -0.2411610335111618
   vertex 12.261764526367188 -2.5987818241119385 -0.079583331942558289
   vertex 12.116231918334961 -2.5908806324005127 -0.2175707221031189
  endloop
 endfacet
 facet normal -0.013068969366278447 -0.6085927198829657 -0.79337513406027371
  outer loop
   vertex 10.487378120422363 -1.3843048810958862 -2.2008407115936279
   vertex 11.001822471618652 -1.4586300849914551 -2.1523005962371826
   vertex 10.769158363342285 -1.7347444295883179 -1.9366625547409058
  endloop
 endfacet
 facet normal -0.015484860363305184 -0.94172332416756932 -0.33603184345878889
  outer loop
   vertex 13.617305755615234 -2.5050528049468994 -0.69621193408966064
   vertex 13.562396049499512 -2.3752644062042236 -1.0574113130569458
   vertex 14.007095336914062 -2.428842306137085 -0.92775261402130127
  endloop
 endfacet
 facet normal -0.026267172975219386 -0.51152235904492172 -0.85886839027933037
  outer loop
   vertex 12.197166442871094 -1.1335123777389526 -2.3399038314819336
   vertex 12.547656059265137 -1.369887113571167 -2.209843635559082
   vertex 12.163290023803711 -1.5256893634796143 -2.1052961349487305
  endloop
 endfacet
 facet normal 0.012858353498856973 -0.95014967056536626 -0.3115289172289219
  outer loop
   vertex 10.263117790222168 -2.4656331539154053 -0.82501709461212158
   vertex 10.624985694885254 -2.4174354076385498 -0.95708203315734863
   vertex 10.61244010925293 -2.5141284465789795 -0.66269028186798096
  endloop
 endfacet
 facet normal -0.015172843007107075 -0.9224540718847144 0.38580859256682182
  outer loop
   vertex 12.195086479187012 -2.3077869415283203 1.1975471973419189
   vertex 12.335412979125977 -2.4645426273345947 0.82826882600784302
   vertex 12.608948707580566 -2.3516902923583984 1.1088520288467407
  endloop
 endfacet
 facet normal 0.0076803953840868444 -0.62554919209194049 -0.78014692193192992
  outer loop
   vertex 13.702115058898926 -1.4607819318771362 -2.1508407592773438
   vertex 13.452569007873535 -1.7630661725997925 -1.9109153747558594
   vertex 13.242402076721191 -1.502579927444458 -2.1218514442443848
  endloop
 endfacet
 facet normal 0.016477813288611871 -0.93681113502081104 0.3494472477645883
  outer loop
   vertex 13.377690315246582 -2.3489627838134766 1.1146183013916016
   vertex 12.980094909667969 -2.3890895843505859 1.0257930755615234
   vertex 13.113690376281738 -2.488896369934082 0.75192779302597046
  endloop
 endfacet
 facet normal -0.0068777647321874077 -0.90115219122034795 -0.43344829519915534
  outer loop
   vertex 11.010870933532715 -2.2906224727630615 -1.2300604581832886
   vertex 11.182368278503418 -2.3786683082580566 -1.0497317314147949
   vertex 10.93418025970459 -2.3952674865722656 -1.0112833976745605
  endloop
 endfacet
 facet normal -0.011610719944159962 -0.98657323400638042 0.1629062464258807
  outer loop
   vertex 10.32118034362793 -2.5238168239593506 0.6247786283493042
   vertex 10.545015335083008 -2.5873980522155762 0.25567889213562012
   vertex 10.777388572692871 -2.5427687168121338 0.54251950979232788
  endloop
 endfacet
 facet normal -0.016826010950578254 -0.97927002746501013 -0.20185910597287793
  outer loop
   vertex 13.960184097290039 -2.5528206825256348 -0.4930584728717804
   vertex 13.577054023742676 -2.5774681568145752 -0.34155139327049255
   vertex 13.617305755615234 -2.5050528049468994 -0.69621193408966064
  endloop
 endfacet
 facet normal 0.032794572871117318 -0.94025147406727927 0.33889774490915325
  outer loop
   vertex 13.501134872436523 -2.5292015075683594 0.602611243724823
   vertex 13.377690315246582 -2.3489627838134766 1.1146183013916016
   vertex 13.113690376281738 -2.488896369934082 0.75192779302597046
  endloop
 endfacet
 facet normal 0.0040012637048653142 -0.87549659216602016 -0.48320772654671962
  outer loop
   vertex 11.263326644897461 -2.2971737384796143 -1.2177819013595581
   vertex 11.383169174194336 -2.2434549331665039 -1.3141195774078369
   vertex 11.481273651123047 -2.3140494823455811 -1.1854009628295898
  endloop
 endfacet
 facet normal 0.012716580514760439 -0.92453789929349406 -0.38087788246363752
  outer loop
   vertex 9.8419961929321289 -2.3815622329711914 -1.0431499481201172
   vertex 10.306495666503906 -2.3277468681335449 -1.1582721471786499
   vertex 10.263117790222168 -2.4656331539154053 -0.82501709461212158
  endloop
 endfacet
 facet normal -0.021787995887977626 -0.59037064428045327 -0.80683814089758288
  outer loop
   vertex 12.163290023803711 -1.5256893634796143 -2.1052961349487305
   vertex 11.801526069641113 -1.6942192316055298 -1.9722121953964233
   vertex 11.760897636413574 -1.3576750755310059 -2.21736741065979
  endloop
 endfacet
 facet normal 0.017700116859554801 -0.97000215922453348 -0.24245106096468388
  outer loop
   vertex 9.8327388763427734 -2.5313706398010254 -0.59343326091766357
   vertex 10.263117790222168 -2.4656331539154053 -0.82501709461212158
   vertex 10.294928550720215 -2.5650148391723633 -0.42508688569068909
  endloop
 endfacet
 facet normal 0.0045738581771760465 -0.92097188036199695 0.38960220148744379
  outer loop
   vertex 12.195086479187012 -2.3077869415283203 1.1975471973419189
   vertex 11.618277549743652 -2.3245999813079834 1.1645748615264893
   vertex 11.92751407623291 -2.461392879486084 0.83758282661437988
  endloop
 endfacet
 facet normal -0.019839724430822509 -0.95803486111453251 0.28596431634693098
  outer loop
   vertex 10.638283729553223 -2.4123125076293945 0.9699217677116394
   vertex 10.777388572692871 -2.5427687168121338 0.54251950979232788
   vertex 11.146434783935547 -2.4702043533325195 0.81122773885726929
  endloop
 endfacet
 facet normal -0.021623141659236365 -0.91386106774635079 0.40545084609886317
  outer loop
   vertex 11.618277549743652 -2.3245999813079834 1.1645748615264893
   vertex 11.056746482849121 -2.2497913837432861 1.3032417297363281
   vertex 11.146434783935547 -2.4702043533325195 0.81122773885726929
  endloop
 endfacet
 facet normal 0.0034871516301674876 -0.9289358481062695 0.3702242967129441
  outer loop
   vertex 12.608948707580566 -2.3516902923583984 1.1088520288467407
   vertex 12.335412979125977 -2.4645426273345947 0.82826882600784302
   vertex 12.713193893432617 -2.4715330600738525 0.80717068910598755
  endloop
 endfacet
 facet normal 0.0052384119205105394 -0.98493562395739687 0.17284205420037277
  outer loop
   vertex 10.079547882080078 -2.5836434364318848 0.29118162393569946
   vertex 10.545015335083008 -2.5873980522155762 0.25567889213562012
   vertex 10.32118034362793 -2.5238168239593506 0.6247786283493042
  endloop
 endfacet
 facet normal -0.0093662815347817611 -0.83405452082121012 -0.55160251002684246
  outer loop
   vertex 12.370615005493164 -2.1108894348144531 -1.5179413557052612
   vertex 12.560482025146484 -2.186708927154541 -1.4065219163894653
   vertex 12.412863731384277 -2.2175099849700928 -1.3574423789978027
  endloop
 endfacet
 facet normal -0.019330361957946591 -0.98169885558231362 -0.18945631173162469
  outer loop
   vertex 10.61244010925293 -2.5141284465789795 -0.66269028186798096
   vertex 10.903542518615723 -2.5462815761566162 -0.52578496932983398
   vertex 10.66252613067627 -2.5782718658447266 -0.33543097972869873
  endloop
 endfacet
 facet normal 0.0013703716656056541 -0.9970602255123453 -0.076609586754982861
  outer loop
   vertex 10.38079833984375 -2.5990598201751709 -0.069918900728225708
   vertex 10.66252613067627 -2.5782718658447266 -0.33543097972869873
   vertex 10.783719062805176 -2.5993242263793945 -0.059270363301038742
  endloop
 endfacet
 facet normal -0.0083309672404928026 -0.99316307832162654 -0.11643751476027164
  outer loop
   vertex 14.380524635314941 -2.5947010517120361 -0.16591139137744904
   vertex 13.872847557067871 -2.5980298519134521 -0.10119442641735077
   vertex 13.960184097290039 -2.5528206825256348 -0.4930584728717804
  endloop
 endfacet
 facet normal 0.010968644507866165 -0.62119646992139343 -0.78357809731695494
  outer loop
   vertex 11.001822471618652 -1.4586300849914551 -2.1523005962371826
   vertex 11.195816040039062 -1.7822946310043335 -1.8929938077926636
   vertex 10.769158363342285 -1.7347444295883179 -1.9366625547409058
  endloop
 endfacet
 facet normal 0.01260392126497482 -0.96713819993180494 -0.25393866070650672
  outer loop
   vertex 10.61244010925293 -2.5141284465789795 -0.66269028186798096
   vertex 10.889019966125488 -2.4771978855133057 -0.78961449861526489
   vertex 10.903542518615723 -2.5462815761566162 -0.52578496932983398
  endloop
 endfacet
 facet normal -0.013120665170311378 -0.92680671868956499 0.3753094114692172
  outer loop
   vertex 11.618277549743652 -2.3245999813079834 1.1645748615264893
   vertex 11.573585510253906 -2.4820892810821533 0.77410095930099487
   vertex 11.92751407623291 -2.461392879486084 0.83758282661437988
  endloop
 endfacet
 facet normal -0.014453248517655545 -0.98599259323254651 0.16616169744512449
  outer loop
   vertex 13.076240539550781 -2.5658442974090576 0.42005178332328796
   vertex 12.799181938171387 -2.5358147621154785 0.57414567470550537
   vertex 12.799529075622559 -2.5839178562164307 0.28873527050018311
  endloop
 endfacet
 facet normal -0.016802123477272484 -0.99066382284498711 0.13528813234282808
  outer loop
   vertex 10.777388572692871 -2.5427687168121338 0.54251950979232788
   vertex 10.927459716796875 -2.5925593376159668 0.19655972719192505
   vertex 11.141408920288086 -2.5648164749145508 0.42628166079521179
  endloop
 endfacet
 facet normal 0.0018296870238800299 -0.92024738057512345 0.39133286443898174
  outer loop
   vertex 11.92751407623291 -2.461392879486084 0.83758282661437988
   vertex 12.335412979125977 -2.4645426273345947 0.82826882600784302
   vertex 12.195086479187012 -2.3077869415283203 1.1975471973419189
  endloop
 endfacet
 facet normal 0.0022575846111948777 -0.83268031053642588 -0.55374940519758975
  outer loop
   vertex 12.370615005493164 -2.1108894348144531 -1.5179413557052612
   vertex 12.412863731384277 -2.2175099849700928 -1.3574423789978027
   vertex 12.275748252868652 -2.2129926681518555 -1.364794135093689
  endloop
 endfacet
 facet normal -0.010094349364246434 -0.70551331939211293 -0.70862476690504894
  outer loop
   vertex 10.287391662597656 -1.6797664165496826 -1.9845364093780518
   vertex 10.769158363342285 -1.7347444295883179 -1.9366625547409058
   vertex 10.576747894287109 -1.9509153366088867 -1.7186999320983887
  endloop
 endfacet
 facet normal -0.015968469493854259 -0.98736999430631223 0.1576245613017743
  outer loop
   vertex 11.44517707824707 -2.5441970825195312 0.53578037023544312
   vertex 11.426471710205078 -2.5851941108703613 0.27707746624946594
   vertex 11.617039680480957 -2.574347972869873 0.36432421207427979
  endloop
 endfacet
 facet normal 0.0089082213522538797 -0.99973065015122387 0.021430602897501285
  outer loop
   vertex 10.927459716796875 -2.5925593376159668 0.19655972719192505
   vertex 10.783719062805176 -2.5993242263793945 -0.059270363301038742
   vertex 11.080728530883789 -2.597733736038208 -0.10853468626737595
  endloop
 endfacet
 facet normal 0.0082844904048502647 -0.99987375898211339 0.013558514583479484
  outer loop
   vertex 14.380524635314941 -2.5947010517120361 -0.16591139137744904
   vertex 14.194218635559082 -2.5910763740539551 0.21522699296474457
   vertex 13.872847557067871 -2.5980298519134521 -0.10119442641735077
  endloop
 endfacet
 facet normal -0.0032855762131527161 -0.73851237782487489 -0.6742319132082053
  outer loop
   vertex 13.452569007873535 -1.7630661725997925 -1.9109153747558594
   vertex 13.914228439331055 -1.7766100168228149 -1.8983299732208252
   vertex 13.620790481567383 -2.0591332912445068 -1.5874413251876831
  endloop
 endfacet
 facet normal -0.0068823980283891657 -0.99725748073624887 -0.073689549550589956
  outer loop
   vertex 10.783719062805176 -2.5993242263793945 -0.059270363301038742
   vertex 10.973487854003906 -2.5832247734069824 -0.29487180709838867
   vertex 11.080728530883789 -2.597733736038208 -0.10853468626737595
  endloop
 endfacet
 facet normal -0.0016233566626394122 -0.99932826774975836 0.036611173013345544
  outer loop
   vertex 10.38079833984375 -2.5990598201751709 -0.069918900728225708
   vertex 10.783719062805176 -2.5993242263793945 -0.059270363301038742
   vertex 10.545015335083008 -2.5873980522155762 0.25567889213562012
  endloop
 endfacet
 facet normal 0.0069570034707123534 -0.93843212617577298 0.34539360831365468
  outer loop
   vertex 13.113690376281738 -2.488896369934082 0.75192779302597046
   vertex 12.980094909667969 -2.3890895843505859 1.0257930755615234
   vertex 12.713193893432617 -2.4715330600738525 0.80717068910598755
  endloop
 endfacet
 facet normal -0.00861228103742895 -0.63348179027070839 -0.77370966777645389
  outer loop
   vertex 13.242402076721191 -1.502579927444458 -2.1218514442443848
   vertex 13.452569007873535 -1.7630661725997925 -1.9109153747558594
   vertex 13.04120922088623 -1.8004952669143677 -1.8756910562515259
  endloop
 endfacet
 facet normal -0.0091019579576931096 -0.71945754224503577 -0.69447678094236442
  outer loop
   vertex 10.769158363342285 -1.7347444295883179 -1.9366625547409058
   vertex 11.195816040039062 -1.7822946310043335 -1.8929938077926636
   vertex 10.983681678771973 -1.9779255390167236 -1.6875456571578979
  endloop
 endfacet
 facet normal 0.0096224639815242728 -0.99467248031264244 0.10263559370715539
  outer loop
   vertex 11.426471710205078 -2.5851941108703613 0.27707746624946594
   vertex 11.647294998168945 -2.5949723720550537 0.16161039471626282
   vertex 11.617039680480957 -2.574347972869873 0.36432421207427979
  endloop
 endfacet
 facet normal -0.01178920588626183 -0.99986960996998031 0.0110352926128256
  outer loop
   vertex 10.927459716796875 -2.5925593376159668 0.19655972719192505
   vertex 11.080728530883789 -2.597733736038208 -0.10853468626737595
   vertex 11.227758407592773 -2.5968594551086426 0.12775559723377228
  endloop
 endfacet
 facet normal 0.017322757600494537 -0.97100571727090979 0.23842780688569176
  outer loop
   vertex 10.777388572692871 -2.5427687168121338 0.54251950979232788
   vertex 11.141408920288086 -2.5648164749145508 0.42628166079521179
   vertex 11.146434783935547 -2.4702043533325195 0.81122773885726929
  endloop
 endfacet
 facet normal 0.009279596287479458 -0.98918359521967725 0.14638887949914423
  outer loop
   vertex 10.777388572692871 -2.5427687168121338 0.54251950979232788
   vertex 10.545015335083008 -2.5873980522155762 0.25567889213562012
   vertex 10.927459716796875 -2.5925593376159668 0.19655972719192505
  endloop
 endfacet
 facet normal 0.0063793212417892469 -0.71281455143213546 -0.7013235483905399
  outer loop
   vertex 10.769158363342285 -1.7347444295883179 -1.9366625547409058
   vertex 10.983681678771973 -1.9779255390167236 -1.6875456571578979
   vertex 10.576747894287109 -1.9509153366088867 -1.7186999320983887
  endloop
 endfacet
 facet normal 0.0042141297793114188 -0.84946725110967281 -0.5276245164910166
  outer loop
   vertex 11.47291088104248 -2.1650066375732422 -1.4397033452987671
   vertex 11.56510066986084 -2.2559657096862793 -1.2925243377685547
   vertex 11.383169174194336 -2.2434549331665039 -1.3141195774078369
  endloop
 endfacet
 facet normal -0.014811667547320785 -0.69956860563353995 -0.71441191235617874
  outer loop
   vertex 12.163309097290039 -1.7982432842254639 -1.8778501749038696
   vertex 11.867337226867676 -1.9257029294967651 -1.7469024658203125
   vertex 11.801526069641113 -1.6942192316055298 -1.9722121953964233
  endloop
 endfacet
 facet normal 0.024650121130486216 -0.93960498297833139 -0.3413720074794388
  outer loop
   vertex 13.562396049499512 -2.3752644062042236 -1.0574113130569458
   vertex 13.617305755615234 -2.5050528049468994 -0.69621193408966064
   vertex 13.326643943786621 -2.462491512298584 -0.83434760570526123
  endloop
 endfacet
 facet normal 0.016029601216695881 -0.64062942613601348 -0.7676828708871104
  outer loop
   vertex 11.801526069641113 -1.6942192316055298 -1.9722121953964233
   vertex 12.163290023803711 -1.5256893634796143 -2.1052961349487305
   vertex 12.163309097290039 -1.7982432842254639 -1.8778501749038696
  endloop
 endfacet
 facet normal 0.0012103179387446697 -0.84851219788700805 -0.52917443737150238
  outer loop
   vertex 11.180977821350098 -2.1723127365112305 -1.4286559820175171
   vertex 11.47291088104248 -2.1650066375732422 -1.4397033452987671
   vertex 11.383169174194336 -2.2434549331665039 -1.3141195774078369
  endloop
 endfacet
 facet normal 0.00019788926500290805 -0.99697346943939191 -0.077742279834210226
  outer loop
   vertex 11.080728530883789 -2.597733736038208 -0.10853468626737595
   vertex 10.973487854003906 -2.5832247734069824 -0.29487180709838867
   vertex 11.240303993225098 -2.5830585956573486 -0.29632371664047241
  endloop
 endfacet
 facet normal 0.0066431461619361077 -0.9276514658404762 0.37338803747989435
  outer loop
   vertex 11.146434783935547 -2.4702043533325195 0.81122773885726929
   vertex 11.573585510253906 -2.4820892810821533 0.77410095930099487
   vertex 11.618277549743652 -2.3245999813079834 1.1645748615264893
  endloop
 endfacet
 facet normal 0.020388811959777854 -0.99371138486194588 -0.11009986349956256
  outer loop
   vertex 13.960184097290039 -2.5528206825256348 -0.4930584728717804
   vertex 13.872847557067871 -2.5980298519134521 -0.10119442641735077
   vertex 13.577054023742676 -2.5774681568145752 -0.34155139327049255
  endloop
 endfacet
 facet normal 0.016076878058119935 -0.99455078092752736 0.10300620441677324
  outer loop
   vertex 12.799529075622559 -2.5839178562164307 0.28873527050018311
   vertex 13.010552406311035 -2.5965564250946045 0.13377086818218231
   vertex 13.076240539550781 -2.5658442974090576 0.42005178332328796
  endloop
 endfacet
 facet normal 0.0048989397273394913 -0.92920250290090323 -0.36953850813175743
  outer loop
   vertex 10.93418025970459 -2.3952674865722656 -1.0112833976745605
   vertex 11.182368278503418 -2.3786683082580566 -1.0497317314147949
   vertex 11.139820098876953 -2.4479734897613525 -0.87602829933166504
  endloop
 endfacet
 facet normal 0.023005700297722857 -0.98003401944334445 -0.19749445178924291
  outer loop
   vertex 13.617305755615234 -2.5050528049468994 -0.69621193408966064
   vertex 13.577054023742676 -2.5774681568145752 -0.34155139327049255
   vertex 13.332154273986816 -2.5419151782989502 -0.54650509357452393
  endloop
 endfacet
 facet normal 0.0009191949872392074 -0.79169553017346039 -0.61091516807486368
  outer loop
   vertex 10.576747894287109 -1.9509153366088867 -1.7186999320983887
   vertex 10.823335647583008 -2.1591405868530273 -1.4484862089157104
   vertex 10.434825897216797 -2.1560852527618408 -1.4530302286148071
  endloop
 endfacet
 facet normal -0.0063060793086626441 -0.79485997165492939 -0.60676013285686259
  outer loop
   vertex 10.576747894287109 -1.9509153366088867 -1.7186999320983887
   vertex 10.983681678771973 -1.9779255390167236 -1.6875456571578979
   vertex 10.823335647583008 -2.1591405868530273 -1.4484862089157104
  endloop
 endfacet
 facet normal -0.013198937874972788 -0.77854694146603398 -0.62744756591515793
  outer loop
   vertex 12.412124633789062 -1.9387240409851074 -1.7324401140213013
   vertex 12.616554260253906 -2.0609753131866455 -1.5850491523742676
   vertex 12.370615005493164 -2.1108894348144531 -1.5179413557052612
  endloop
 endfacet
 facet normal -0.0068118836027749822 -0.98766982023790373 0.15640308319534127
  outer loop
   vertex 13.501134872436523 -2.5292015075683594 0.602611243724823
   vertex 13.335307121276855 -2.5927419662475586 0.19413724541664124
   vertex 13.735906600952148 -2.5897829532623291 0.23027057945728302
  endloop
 endfacet
 facet normal -0.021547080932610173 -0.58844998764056033 -0.808246457059422
  outer loop
   vertex 12.547656059265137 -1.369887113571167 -2.209843635559082
   vertex 12.822882652282715 -1.5949622392654419 -2.0533132553100586
   vertex 12.443321228027344 -1.7037068605422974 -1.964022159576416
  endloop
 endfacet
 facet normal 0.0051544715843691424 -0.88903947729696531 -0.45780152820870362
  outer loop
   vertex 11.643095016479492 -2.3359017372131348 -1.1417367458343506
   vertex 11.734378814697266 -2.2769725322723389 -1.2551480531692505
   vertex 11.814395904541016 -2.3499999046325684 -1.1124297380447388
  endloop
 endfacet
 facet normal -0.014783816344532229 -0.66273759350246841 -0.74870576392388488
  outer loop
   vertex 12.822882652282715 -1.5949622392654419 -2.0533132553100586
   vertex 13.04120922088623 -1.8004952669143677 -1.8756910562515259
   vertex 12.691116333007812 -1.8642145395278931 -1.8123753070831299
  endloop
 endfacet
 facet normal -0.014879503245483114 -0.96394272819690208 -0.265693464615675
  outer loop
   vertex 13.617305755615234 -2.5050528049468994 -0.69621193408966064
   vertex 13.332154273986816 -2.5419151782989502 -0.54650509357452393
   vertex 13.326643943786621 -2.462491512298584 -0.83434760570526123
  endloop
 endfacet
 facet normal -0.017260396468043337 -0.92309558838141148 -0.38418304676877874
  outer loop
   vertex 10.263117790222168 -2.4656331539154053 -0.82501709461212158
   vertex 10.306495666503906 -2.3277468681335449 -1.1582721471786499
   vertex 10.624985694885254 -2.4174354076385498 -0.95708203315734863
  endloop
 endfacet
 facet normal 0.016645655987121828 -0.98595277356158395 0.16619281104481742
  outer loop
   vertex 12.799181938171387 -2.5358147621154785 0.57414567470550537
   vertex 12.593287467956543 -2.5725257396697998 0.37697684764862061
   vertex 12.799529075622559 -2.5839178562164307 0.28873527050018311
  endloop
 endfacet
 facet normal 0.0077062762149564586 -0.72813802038558062 -0.68538721652498491
  outer loop
   vertex 11.195816040039062 -1.7822946310043335 -1.8929938077926636
   vertex 11.356051445007324 -2.0095393657684326 -1.649773120880127
   vertex 10.983681678771973 -1.9779255390167236 -1.6875456571578979
  endloop
 endfacet
 facet normal -0.0020324550762625538 -0.99970909428555044 0.024033225524827364
  outer loop
   vertex 14.194218635559082 -2.5910763740539551 0.21522699296474457
   vertex 13.735906600952148 -2.5897829532623291 0.23027057945728302
   vertex 13.872847557067871 -2.5980298519134521 -0.10119442641735077
  endloop
 endfacet
 facet normal 0.0034888568683922273 -0.92357066688053358 -0.38341237741575152
  outer loop
   vertex 11.182368278503418 -2.3786683082580566 -1.0497317314147949
   vertex 11.39377498626709 -2.3676328659057617 -1.0743904113769531
   vertex 11.345906257629395 -2.4305479526519775 -0.92327499389648438
  endloop
 endfacet
 facet normal 0.012205306152334868 -0.99784341164343349 0.064494622578330121
  outer loop
   vertex 12.799529075622559 -2.5839178562164307 0.28873527050018311
   vertex 12.567228317260742 -2.5948634147644043 0.16335037350654602
   vertex 12.75068473815918 -2.5993120670318604 0.059803754091262817
  endloop
 endfacet
 facet normal -0.0074922012388755057 -0.86269047895160578 -0.50567677863121741
  outer loop
   vertex 10.434825897216797 -2.1560852527618408 -1.4530302286148071
   vertex 10.69061279296875 -2.3056294918060303 -1.2016957998275757
   vertex 10.306495666503906 -2.3277468681335449 -1.1582721471786499
  endloop
 endfacet
 facet normal -0.0064171389776507687 -0.92244269812836543 -0.3860806767982603
  outer loop
   vertex 11.345906257629395 -2.4305479526519775 -0.92327499389648438
   vertex 11.39377498626709 -2.3676328659057617 -1.0743904113769531
   vertex 11.50331974029541 -2.4163920879364014 -0.95971328020095825
  endloop
 endfacet
 facet normal 0.017543550124678446 -0.6586810262991627 -0.75221774071242486
  outer loop
   vertex 11.436602592468262 -1.5770347118377686 -2.0671143531799316
   vertex 11.549222946166992 -1.8599439859390259 -1.8167576789855957
   vertex 11.195816040039062 -1.7822946310043335 -1.8929938077926636
  endloop
 endfacet
 facet normal -0.0032425835039587869 -0.96513905245530862 0.26171758648950005
  outer loop
   vertex 12.713193893432617 -2.4715330600738525 0.80717068910598755
   vertex 12.335412979125977 -2.4645426273345947 0.82826882600784302
   vertex 12.44183349609375 -2.5441372394561768 0.53606534004211426
  endloop
 endfacet
 facet normal -0.0090656616612143637 -0.99757443949311464 0.069014863968876641
  outer loop
   vertex 13.010552406311035 -2.5965564250946045 0.13377086818218231
   vertex 12.799529075622559 -2.5839178562164307 0.28873527050018311
   vertex 12.75068473815918 -2.5993120670318604 0.059803754091262817
  endloop
 endfacet
 facet normal 0.0024968828756026123 -0.86004251599621295 -0.51021626420059285
  outer loop
   vertex 11.010870933532715 -2.2906224727630615 -1.2300604581832886
   vertex 11.180977821350098 -2.1723127365112305 -1.4286559820175171
   vertex 11.263326644897461 -2.2971737384796143 -1.2177819013595581
  endloop
 endfacet
 facet normal -0.013692060597349022 -0.97372602773583228 0.22731069131564352
  outer loop
   vertex 13.501134872436523 -2.5292015075683594 0.602611243724823
   vertex 13.113690376281738 -2.488896369934082 0.75192779302597046
   vertex 13.076240539550781 -2.5658442974090576 0.42005178332328796
  endloop
 endfacet
 facet normal 0.023250734075571419 -0.98923994579017205 0.14444283650636577
  outer loop
   vertex 13.501134872436523 -2.5292015075683594 0.602611243724823
   vertex 13.076240539550781 -2.5658442974090576 0.42005178332328796
   vertex 13.335307121276855 -2.5927419662475586 0.19413724541664124
  endloop
 endfacet
 facet normal -0.0099218117373384672 -0.99440272963805221 0.10518920543591707
  outer loop
   vertex 12.593287467956543 -2.5725257396697998 0.37697684764862061
   vertex 12.567228317260742 -2.5948634147644043 0.16335037350654602
   vertex 12.799529075622559 -2.5839178562164307 0.28873527050018311
  endloop
 endfacet
 facet normal -0.0068010504203549569 -0.92820521482827978 -0.37200648499557992
  outer loop
   vertex 11.182368278503418 -2.3786683082580566 -1.0497317314147949
   vertex 11.345906257629395 -2.4305479526519775 -0.92327499389648438
   vertex 11.139820098876953 -2.4479734897613525 -0.87602829933166504
  endloop
 endfacet
 facet normal -0.020585430832674903 -0.66715145729410597 -0.74463761190782185
  outer loop
   vertex 11.436602592468262 -1.5770347118377686 -2.0671143531799316
   vertex 11.801526069641113 -1.6942192316055298 -1.9722121953964233
   vertex 11.549222946166992 -1.8599439859390259 -1.8167576789855957
  endloop
 endfacet
 facet normal -0.00063295208508446529 -0.98499549851634471 0.17257887261827715
  outer loop
   vertex 11.44517707824707 -2.5441970825195312 0.53578037023544312
   vertex 11.617039680480957 -2.574347972869873 0.36432421207427979
   vertex 11.769473075866699 -2.5454740524291992 0.52968144416809082
  endloop
 endfacet
 facet normal 0.0075662894086881705 -0.7281550289251576 -0.68537070634481223
  outer loop
   vertex 13.452569007873535 -1.7630661725997925 -1.9109153747558594
   vertex 13.213488578796387 -1.9963564872741699 -1.6657012701034546
   vertex 13.04120922088623 -1.8004952669143677 -1.8756910562515259
  endloop
 endfacet
 facet normal -0.017937582399076286 -0.99466602705485951 0.10157626573456029
  outer loop
   vertex 11.141408920288086 -2.5648164749145508 0.42628166079521179
   vertex 11.227758407592773 -2.5968594551086426 0.12775559723377228
   vertex 11.426471710205078 -2.5851941108703613 0.27707746624946594
  endloop
 endfacet
 facet normal 0.024311624121955679 -0.59770349453855598 -0.80134853687328278
  outer loop
   vertex 12.547656059265137 -1.369887113571167 -2.209843635559082
   vertex 12.443321228027344 -1.7037068605422974 -1.964022159576416
   vertex 12.163290023803711 -1.5256893634796143 -2.1052961349487305
  endloop
 endfacet
 facet normal 0.014038676990279567 -0.69536476916656387 -0.7185198350430515
  outer loop
   vertex 11.801526069641113 -1.6942192316055298 -1.9722121953964233
   vertex 11.867337226867676 -1.9257029294967651 -1.7469024658203125
   vertex 11.549222946166992 -1.8599439859390259 -1.8167576789855957
  endloop
 endfacet
 facet normal -0.0074762704599138623 -0.9867243175389776 -0.16223201458790137
  outer loop
   vertex 13.577054023742676 -2.5774681568145752 -0.34155139327049255
   vertex 13.269743919372559 -2.5841166973114014 -0.28695175051689148
   vertex 13.332154273986816 -2.5419151782989502 -0.54650509357452393
  endloop
 endfacet
 facet normal 0.0067187970697401376 -0.9384048950965731 -0.34547230080677299
  outer loop
   vertex 10.624985694885254 -2.4174354076385498 -0.95708203315734863
   vertex 10.93418025970459 -2.3952674865722656 -1.0112833976745605
   vertex 10.889019966125488 -2.4771978855133057 -0.78961449861526489
  endloop
 endfacet
 facet normal 0.0096352402773803598 -0.9956586898193337 -0.092579347221964675
  outer loop
   vertex 11.82608699798584 -2.5949916839599609 -0.16129989922046661
   vertex 11.699642181396484 -2.5891225337982178 -0.23758037388324738
   vertex 11.82036304473877 -2.5804672241210938 -0.31810113787651062
  endloop
 endfacet
 facet normal 0.005955002468031231 -0.90904865747062391 -0.41664742444477199
  outer loop
   vertex 11.566838264465332 -2.3810217380523682 -1.0443830490112305
   vertex 11.643095016479492 -2.3359017372131348 -1.1417367458343506
   vertex 11.715508460998535 -2.3958330154418945 -1.0099426507949829
  endloop
 endfacet
 facet normal 0.0052284044397358908 -0.93953529022808913 -0.34241218173866839
  outer loop
   vertex 11.345906257629395 -2.4305479526519775 -0.92327499389648438
   vertex 11.50331974029541 -2.4163920879364014 -0.95971328020095825
   vertex 11.493901252746582 -2.4667119979858398 -0.82178568840026855
  endloop
 endfacet
 facet normal -0.0053897584545652853 -0.96448781417716423 0.26407235146368019
  outer loop
   vertex 13.113690376281738 -2.488896369934082 0.75192779302597046
   vertex 12.713193893432617 -2.4715330600738525 0.80717068910598755
   vertex 12.799181938171387 -2.5358147621154785 0.57414567470550537
  endloop
 endfacet
 facet normal 0.0014829671960638793 -0.99652733232873203 -0.083253088411639933
  outer loop
   vertex 11.326467514038086 -2.5966293811798096 -0.13234858214855194
   vertex 11.240303993225098 -2.5830585956573486 -0.29632371664047241
   vertex 11.444608688354492 -2.581984281539917 -0.30554386973381042
  endloop
 endfacet
 facet normal -0.0063307988636386097 -0.99729368348623748 -0.073247729413275495
  outer loop
   vertex 10.66252613067627 -2.5782718658447266 -0.33543097972869873
   vertex 10.973487854003906 -2.5832247734069824 -0.29487180709838867
   vertex 10.783719062805176 -2.5993242263793945 -0.059270363301038742
  endloop
 endfacet
 facet normal 0.010935489191492525 -0.99388863286049944 0.10984443794216481
  outer loop
   vertex 11.141408920288086 -2.5648164749145508 0.42628166079521179
   vertex 10.927459716796875 -2.5925593376159668 0.19655972719192505
   vertex 11.227758407592773 -2.5968594551086426 0.12775559723377228
  endloop
 endfacet
 facet normal -0.0013021594436643082 -0.98955429090587232 -0.1441548116802194
  outer loop
   vertex 11.240303993225098 -2.5830585956573486 -0.29632371664047241
   vertex 11.376916885375977 -2.5612959861755371 -0.44694772362709045
   vertex 11.444608688354492 -2.581984281539917 -0.30554386973381042
  endloop
 endfacet
 facet normal -0.0035391426147028454 -0.87792187062489191 -0.47879083486220109
  outer loop
   vertex 11.383169174194336 -2.2434549331665039 -1.3141195774078369
   vertex 11.56510066986084 -2.2559657096862793 -1.2925243377685547
   vertex 11.481273651123047 -2.3140494823455811 -1.1854009628295898
  endloop
 endfacet
 facet normal -0.0056672686814993609 -0.96451239914100884 0.26397672997623672
  outer loop
   vertex 12.799181938171387 -2.5358147621154785 0.57414567470550537
   vertex 12.713193893432617 -2.4715330600738525 0.80717068910598755
   vertex 12.44183349609375 -2.5441372394561768 0.53606534004211426
  endloop
 endfacet
 facet normal 0.01769864452082414 -0.73294932810427971 -0.68005296882934818
  outer loop
   vertex 13.620790481567383 -2.0591332912445068 -1.5874413251876831
   vertex 13.213488578796387 -1.9963564872741699 -1.6657012701034546
   vertex 13.452569007873535 -1.7630661725997925 -1.9109153747558594
  endloop
 endfacet
 facet normal -0.010851997201905524 -0.99496740163322928 0.099609757774779123
  outer loop
   vertex 11.617039680480957 -2.574347972869873 0.36432421207427979
   vertex 11.647294998168945 -2.5949723720550537 0.16161039471626282
   vertex 11.810811042785645 -2.5887868404388428 0.24120980501174927
  endloop
 endfacet
 facet normal 0.0055454823138636035 -0.91004679823609014 -0.41446842177197013
  outer loop
   vertex 10.306495666503906 -2.3277468681335449 -1.1582721471786499
   vertex 10.69061279296875 -2.3056294918060303 -1.2016957998275757
   vertex 10.624985694885254 -2.4174354076385498 -0.95708203315734863
  endloop
 endfacet
 facet normal -0.0086515365855179428 -0.99947290730275884 0.031289910234458936
  outer loop
   vertex 10.545015335083008 -2.5873980522155762 0.25567889213562012
   vertex 10.783719062805176 -2.5993242263793945 -0.059270363301038742
   vertex 10.927459716796875 -2.5925593376159668 0.19655972719192505
  endloop
 endfacet
 facet normal 0.0013757290873213921 -0.98996726385999834 -0.14129021146217666
  outer loop
   vertex 12.683684349060059 -2.5637803077697754 -0.4324699342250824
   vertex 12.646758079528809 -2.5821635723114014 -0.30402487516403198
   vertex 12.525394439697266 -2.5653007030487061 -0.42335835099220276
  endloop
 endfacet
 facet normal 0.006654573352865698 -0.88899404327054921 -0.45787040489965297
  outer loop
   vertex 13.562396049499512 -2.3752644062042236 -1.0574113130569458
   vertex 13.255215644836426 -2.3578779697418213 -1.0956330299377441
   vertex 13.455246925354004 -2.24680495262146 -1.3083834648132324
  endloop
 endfacet
 facet normal 3.248296438094811e-05 -0.89218786236444136 -0.4516644962739772
  outer loop
   vertex 12.043842315673828 -2.2877895832061768 -1.2353214025497437
   vertex 12.198333740234375 -2.2876987457275391 -1.2354897260665894
   vertex 12.121053695678711 -2.3499999046325684 -1.1124297380447388
  endloop
 endfacet
 facet normal 0.022701532140907997 -0.98817754995196472 0.15162377850913633
  outer loop
   vertex 11.769473075866699 -2.5454740524291992 0.52968144416809082
   vertex 11.617039680480957 -2.574347972869873 0.36432421207427979
   vertex 11.810811042785645 -2.5887868404388428 0.24120980501174927
  endloop
 endfacet
 facet normal -0.0047782824009710498 -0.96703718405308092 0.25459036249627409
  outer loop
   vertex 11.146434783935547 -2.4702043533325195 0.81122773885726929
   vertex 11.44517707824707 -2.5441970825195312 0.53578037023544312
   vertex 11.573585510253906 -2.4820892810821533 0.77410095930099487
  endloop
 endfacet
 facet normal -0.015580856532476635 -0.73570867930713579 -0.67711887885500899
  outer loop
   vertex 11.195816040039062 -1.7822946310043335 -1.8929938077926636
   vertex 11.549222946166992 -1.8599439859390259 -1.8167576789855957
   vertex 11.356051445007324 -2.0095393657684326 -1.649773120880127
  endloop
 endfacet
 facet normal 0.010907221833267101 -0.98773791995610982 0.15573963526558465
  outer loop
   vertex 11.141408920288086 -2.5648164749145508 0.42628166079521179
   vertex 11.426471710205078 -2.5851941108703613 0.27707746624946594
   vertex 11.44517707824707 -2.5441970825195312 0.53578037023544312
  endloop
 endfacet
 facet normal 0.0045765572616864383 -0.99998916432937823 0.00085226020818119372
  outer loop
   vertex 11.227758407592773 -2.5968594551086426 0.12775559723377228
   vertex 11.080728530883789 -2.597733736038208 -0.10853468626737595
   vertex 11.326467514038086 -2.5966293811798096 -0.13234858214855194
  endloop
 endfacet
 facet normal -0.015721712192820377 -0.96747743433714684 -0.25246829863200188
  outer loop
   vertex 10.903542518615723 -2.5462815761566162 -0.52578496932983398
   vertex 10.889019966125488 -2.4771978855133057 -0.78961449861526489
   vertex 11.120165824890137 -2.5112729072570801 -0.67343038320541382
  endloop
 endfacet
 facet normal -0.004187028161421788 -0.89116836424274959 -0.45365340885755229
  outer loop
   vertex 11.734378814697266 -2.2769725322723389 -1.2551480531692505
   vertex 11.89051342010498 -2.287952184677124 -1.2350203990936279
   vertex 11.814395904541016 -2.3499999046325684 -1.1124297380447388
  endloop
 endfacet
 facet normal 0.0072986714811715935 -0.93607317501493137 -0.35172964107688698
  outer loop
   vertex 12.69010066986084 -2.4052376747131348 -0.98733586072921753
   vertex 12.746070861816406 -2.4643054008483887 -0.82897496223449707
   vertex 12.598487854003906 -2.4514639377593994 -0.86621296405792236
  endloop
 endfacet
 facet normal 0.00032717765001366442 -0.98147327323227074 -0.19159881754728461
  outer loop
   vertex 12.743943214416504 -2.5380330085754395 -0.56425869464874268
   vertex 12.683684349060059 -2.5637803077697754 -0.4324699342250824
   vertex 12.596427917480469 -2.5384411811828613 -0.56241971254348755
  endloop
 endfacet
 facet normal 0.0029416040703176536 -0.95577131370538582 -0.29409614561121789
  outer loop
   vertex 12.746070861816406 -2.4643054008483887 -0.82897496223449707
   vertex 12.792448043823242 -2.505403995513916 -0.69494640827178955
   vertex 12.621095657348633 -2.4996793270111084 -0.71526467800140381
  endloop
 endfacet
 facet normal 0.017344896881547459 -0.98827191538737924 0.15171610266787489
  outer loop
   vertex 12.44183349609375 -2.5441372394561768 0.53606534004211426
   vertex 12.222387313842773 -2.5742795467376709 0.36480781435966492
   vertex 12.397695541381836 -2.5863285064697266 0.26627936959266663
  endloop
 endfacet
 facet normal 0.013390854488035205 -0.78105677546205798 -0.62431642499688633
  outer loop
   vertex 12.134236335754395 -2.0105628967285156 -1.6485258340835571
   vertex 12.412124633789062 -1.9387240409851074 -1.7324401140213013
   vertex 12.370615005493164 -2.1108894348144531 -1.5179413557052612
  endloop
 endfacet
 facet normal 0.018196913016017228 -0.67165808042686592 -0.74063776257627123
  outer loop
   vertex 12.822882652282715 -1.5949622392654419 -2.0533132553100586
   vertex 12.691116333007812 -1.8642145395278931 -1.8123753070831299
   vertex 12.443321228027344 -1.7037068605422974 -1.964022159576416
  endloop
 endfacet
 facet normal -0.0065217142240223108 -0.92894907842143759 -0.37015007354253243
  outer loop
   vertex 13.326643943786621 -2.462491512298584 -0.83434760570526123
   vertex 13.255215644836426 -2.3578779697418213 -1.0956330299377441
   vertex 13.562396049499512 -2.3752644062042236 -1.0574113130569458
  endloop
 endfacet
 facet normal -0.0033443225341369324 -0.9967301296096821 -0.080733290748326983
  outer loop
   vertex 11.080728530883789 -2.597733736038208 -0.10853468626737595
   vertex 11.240303993225098 -2.5830585956573486 -0.29632371664047241
   vertex 11.326467514038086 -2.5966293811798096 -0.13234858214855194
  endloop
 endfacet
 facet normal -0.00078751402368146684 -0.85973413906136575 -0.5107412162280176
  outer loop
   vertex 10.434825897216797 -2.1560852527618408 -1.4530302286148071
   vertex 10.823335647583008 -2.1591405868530273 -1.4484862089157104
   vertex 10.69061279296875 -2.3056294918060303 -1.2016957998275757
  endloop
 endfacet
 facet normal 0.0091189664557082169 -0.99795013926563536 -0.063343223713973121
  outer loop
   vertex 11.967746734619141 -2.5986824035644531 -0.082760408520698547
   vertex 11.82608699798584 -2.5949916839599609 -0.16129989922046661
   vertex 11.959992408752441 -2.5885052680969238 -0.24421390891075134
  endloop
 endfacet
 facet normal -0.00059631722723284763 -0.88623014755489404 -0.46324482724645233
  outer loop
   vertex 13.455246925354004 -2.24680495262146 -1.3083834648132324
   vertex 13.255215644836426 -2.3578779697418213 -1.0956330299377441
   vertex 13.143636703491211 -2.2447884082794189 -1.3118401765823364
  endloop
 endfacet
 facet normal -0.0019123909656980568 -0.98956532985525381 -0.14407220658148123
  outer loop
   vertex 11.600578308105469 -2.5815927982330322 -0.30883362889289856
   vertex 11.553112983703613 -2.561892032623291 -0.44351902604103088
   vertex 11.711114883422852 -2.5639698505401611 -0.43134474754333496
  endloop
 endfacet
 facet normal -0.0035337016783436922 -0.96990233674291904 -0.24346862248157033
  outer loop
   vertex 12.792448043823242 -2.505403995513916 -0.69494640827178955
   vertex 12.743943214416504 -2.5380330085754395 -0.56425869464874268
   vertex 12.621095657348633 -2.4996793270111084 -0.71526467800140381
  endloop
 endfacet
 facet normal 0.0082771245242374281 -0.99716149476997529 -0.074836104640200213
  outer loop
   vertex 13.577054023742676 -2.5774681568145752 -0.34155139327049255
   vertex 13.46880054473877 -2.599219799041748 -0.063692562282085419
   vertex 13.269743919372559 -2.5841166973114014 -0.28695175051689148
  endloop
 endfacet
 facet normal -0.019960917487501496 -0.64058557617813783 -0.76762730629230513
  outer loop
   vertex 12.163290023803711 -1.5256893634796143 -2.1052961349487305
   vertex 12.443321228027344 -1.7037068605422974 -1.964022159576416
   vertex 12.163309097290039 -1.7982432842254639 -1.8778501749038696
  endloop
 endfacet
 facet normal 0.01010253775811238 -0.96593429318807678 0.25859017764427245
  outer loop
   vertex 11.573585510253906 -2.4820892810821533 0.77410095930099487
   vertex 11.769473075866699 -2.5454740524291992 0.52968144416809082
   vertex 11.92751407623291 -2.461392879486084 0.83758282661437988
  endloop
 endfacet
 facet normal 0.0063739930458638593 -0.97506046771720389 -0.221847822860083
  outer loop
   vertex 10.903542518615723 -2.5462815761566162 -0.52578496932983398
   vertex 11.120165824890137 -2.5112729072570801 -0.67343038320541382
   vertex 11.157803535461426 -2.5565438270568848 -0.47337529063224792
  endloop
 endfacet
 facet normal -0.012901945070190986 -0.75672938810757584 -0.65360092792753854
  outer loop
   vertex 11.549222946166992 -1.8599439859390259 -1.8167576789855957
   vertex 11.867337226867676 -1.9257029294967651 -1.7469024658203125
   vertex 11.632328033447266 -2.056668758392334 -1.5906331539154053
  endloop
 endfacet
 facet normal -0.0052218359171781158 -0.95664174714230688 -0.29122036339200008
  outer loop
   vertex 11.45628547668457 -2.5080962181091309 -0.68516647815704346
   vertex 11.493901252746582 -2.4667119979858398 -0.82178568840026855
   vertex 11.621152877807617 -2.4969332218170166 -0.72479248046875
  endloop
 endfacet
 facet normal 0.007592555171372313 -0.99539640991216394 0.095542347887966353
  outer loop
   vertex 12.026308059692383 -2.5795598030090332 0.32537811994552612
   vertex 12.208774566650391 -2.5965533256530762 0.13383291661739349
   vertex 12.222387313842773 -2.5742795467376709 0.36480781435966492
  endloop
 endfacet
 facet normal 0.0096562152956599524 -0.81897078056124162 -0.57375397000201622
  outer loop
   vertex 12.370615005493164 -2.1108894348144531 -1.5179413557052612
   vertex 12.616554260253906 -2.0609753131866455 -1.5850491523742676
   vertex 12.560482025146484 -2.186708927154541 -1.4065219163894653
  endloop
 endfacet
 facet normal 0.005076974082027297 -0.9871888108804886 -0.15947562825252456
  outer loop
   vertex 10.66252613067627 -2.5782718658447266 -0.33543097972869873
   vertex 10.903542518615723 -2.5462815761566162 -0.52578496932983398
   vertex 10.973487854003906 -2.5832247734069824 -0.29487180709838867
  endloop
 endfacet
 facet normal 0.014158770202623844 -0.92692022290902121 -0.37499123934918749
  outer loop
   vertex 13.255215644836426 -2.3578779697418213 -1.0956330299377441
   vertex 13.326643943786621 -2.462491512298584 -0.83434760570526123
   vertex 13.077329635620117 -2.4337244033813477 -0.91486895084381104
  endloop
 endfacet
 facet normal 0.016511664026156232 -0.99166875000048382 -0.12775153706928541
  outer loop
   vertex 11.699642181396484 -2.5891225337982178 -0.23758037388324738
   vertex 11.600578308105469 -2.5815927982330322 -0.30883362889289856
   vertex 11.711114883422852 -2.5639698505401611 -0.43134474754333496
  endloop
 endfacet
 facet normal 0.0048899023251668013 -0.99960580683098355 0.027646334386836866
  outer loop
   vertex 13.735906600952148 -2.5897829532623291 0.23027057945728302
   vertex 13.335307121276855 -2.5927419662475586 0.19413724541664124
   vertex 13.46880054473877 -2.599219799041748 -0.063692562282085419
  endloop
 endfacet
 facet normal -0.0046010667031888136 -0.89914272410941742 -0.43763134241766638
  outer loop
   vertex 11.263326644897461 -2.2971737384796143 -1.2177819013595581
   vertex 11.481273651123047 -2.3140494823455811 -1.1854009628295898
   vertex 11.39377498626709 -2.3676328659057617 -1.0743904113769531
  endloop
 endfacet
 facet normal -0.020208169268602326 -0.97083954556957319 0.23887696970004491
  outer loop
   vertex 11.146434783935547 -2.4702043533325195 0.81122773885726929
   vertex 11.141408920288086 -2.5648164749145508 0.42628166079521179
   vertex 11.44517707824707 -2.5441970825195312 0.53578037023544312
  endloop
 endfacet
 facet normal 0.0028197312892505777 -0.91294883007455196 -0.40806431206485494
  outer loop
   vertex 12.600016593933105 -2.3436503410339355 -1.1257456541061401
   vertex 12.69010066986084 -2.4052376747131348 -0.98733586072921753
   vertex 12.532176971435547 -2.3990902900695801 -1.0021804571151733
  endloop
 endfacet
 facet normal -0.00012837153917868952 -0.89221211949397861 -0.45161656009142354
  outer loop
   vertex 12.198333740234375 -2.2876987457275391 -1.2354897260665894
   vertex 12.351709365844727 -2.2880518436431885 -1.2348357439041138
   vertex 12.275613784790039 -2.3499999046325684 -1.1124297380447388
  endloop
 endfacet
 facet normal -0.0044685931435766157 -0.99680297930955541 -0.079773755802965307
  outer loop
   vertex 13.872847557067871 -2.5980298519134521 -0.10119442641735077
   vertex 13.46880054473877 -2.599219799041748 -0.063692562282085419
   vertex 13.577054023742676 -2.5774681568145752 -0.34155139327049255
  endloop
 endfacet
 facet normal -0.0073737403856770963 -0.73427015635930803 -0.67881732847121845
  outer loop
   vertex 13.04120922088623 -1.8004952669143677 -1.8756910562515259
   vertex 13.213488578796387 -1.9963564872741699 -1.6657012701034546
   vertex 12.889694213867188 -2.0222034454345703 -1.634225606918335
  endloop
 endfacet
 facet normal -0.003839094287908591 -0.99639560168518648 0.084741172386648439
  outer loop
   vertex 12.208774566650391 -2.5965533256530762 0.13383291661739349
   vertex 12.026308059692383 -2.5795598030090332 0.32537811994552612
   vertex 11.991127967834473 -2.5976021289825439 0.11164076626300812
  endloop
 endfacet
 facet normal 0.0040019978785336731 -0.79820060462129772 -0.60237843486895759
  outer loop
   vertex 10.983681678771973 -1.9779255390167236 -1.6875456571578979
   vertex 11.180977821350098 -2.1723127365112305 -1.4286559820175171
   vertex 10.823335647583008 -2.1591405868530273 -1.4484862089157104
  endloop
 endfacet
 facet normal 0.0039750038050459131 -0.89123945965194229 -0.45351562807037171
  outer loop
   vertex 12.351709365844727 -2.2880518436431885 -1.2348357439041138
   vertex 12.506115913391113 -2.2776880264282227 -1.2538491487503052
   vertex 12.427804946899414 -2.3499999046325684 -1.1124297380447388
  endloop
 endfacet
 facet normal 0.010506934043749003 -0.99789615961507483 0.063975455938082779
  outer loop
   vertex 11.227758407592773 -2.5968594551086426 0.12775559723377228
   vertex 11.48015022277832 -2.5996472835540771 0.042819470167160034
   vertex 11.426471710205078 -2.5851941108703613 0.27707746624946594
  endloop
 endfacet
 facet normal 0.00546175974815834 -0.99961707191155369 0.027127084683488286
  outer loop
   vertex 13.735906600952148 -2.5897829532623291 0.23027057945728302
   vertex 13.46880054473877 -2.599219799041748 -0.063692562282085419
   vertex 13.872847557067871 -2.5980298519134521 -0.10119442641735077
  endloop
 endfacet
 facet normal -0.00018950690433338106 -0.98898444647654438 -0.14801935250032808
  outer loop
   vertex 10.973487854003906 -2.5832247734069824 -0.29487180709838867
   vertex 11.157803535461426 -2.5565438270568848 -0.47337529063224792
   vertex 11.240303993225098 -2.5830585956573486 -0.29632371664047241
  endloop
 endfacet
 facet normal -0.013998156613103394 -0.99520575862758487 0.096796433849230548
  outer loop
   vertex 12.222387313842773 -2.5742795467376709 0.36480781435966492
   vertex 12.208774566650391 -2.5965533256530762 0.13383291661739349
   vertex 12.397695541381836 -2.5863285064697266 0.26627936959266663
  endloop
 endfacet
 facet normal -0.0032512932529425781 -0.99625010321373109 -0.086459013057134354
  outer loop
   vertex 11.326467514038086 -2.5966293811798096 -0.13234858214855194
   vertex 11.444608688354492 -2.581984281539917 -0.30554386973381042
   vertex 11.535537719726562 -2.5954406261444092 -0.15390846133232117
  endloop
 endfacet
 facet normal 0.018858058617744391 -0.97445130011555625 0.2238058027135843
  outer loop
   vertex 13.113690376281738 -2.488896369934082 0.75192779302597046
   vertex 12.799181938171387 -2.5358147621154785 0.57414567470550537
   vertex 13.076240539550781 -2.5658442974090576 0.42005178332328796
  endloop
 endfacet
 facet normal 0.013326680272532011 -0.74068604173483521 -0.67171912818684532
  outer loop
   vertex 13.04120922088623 -1.8004952669143677 -1.8756910562515259
   vertex 12.889694213867188 -2.0222034454345703 -1.634225606918335
   vertex 12.691116333007812 -1.8642145395278931 -1.8123753070831299
  endloop
 endfacet
 facet normal -0.0024790525735549633 -0.88979611660595492 -0.45635153683459795
  outer loop
   vertex 12.506115913391113 -2.2776880264282227 -1.2538491487503052
   vertex 12.600016593933105 -2.3436503410339355 -1.1257456541061401
   vertex 12.427804946899414 -2.3499999046325684 -1.1124297380447388
  endloop
 endfacet
 facet normal -0.004021879335215711 -0.92163919055516808 -0.38802709559955662
  outer loop
   vertex 11.39377498626709 -2.3676328659057617 -1.0743904113769531
   vertex 11.566838264465332 -2.3810217380523682 -1.0443830490112305
   vertex 11.50331974029541 -2.4163920879364014 -0.95971328020095825
  endloop
 endfacet
 facet normal -0.01584641350153225 -0.99214532011405843 -0.12408285520131634
  outer loop
   vertex 12.646758079528809 -2.5821635723114014 -0.30402487516403198
   vertex 12.535572052001953 -2.5901892185211182 -0.22565379738807678
   vertex 12.525394439697266 -2.5653007030487061 -0.42335835099220276
  endloop
 endfacet
 facet normal 0.0087641499650787536 -0.95470169463592836 -0.29743547860784225
  outer loop
   vertex 10.889019966125488 -2.4771978855133057 -0.78961449861526489
   vertex 11.139820098876953 -2.4479734897613525 -0.87602829933166504
   vertex 11.120165824890137 -2.5112729072570801 -0.67343038320541382
  endloop
 endfacet
 facet normal 0.00065326598416544748 -0.99768007469848541 -0.068073796670806985
  outer loop
   vertex 13.46880054473877 -2.599219799041748 -0.063692562282085419
   vertex 13.174847602844238 -2.5991058349609375 -0.06818370521068573
   vertex 13.269743919372559 -2.5841166973114014 -0.28695175051689148
  endloop
 endfacet
 facet normal 5.9585209875132369e-05 -0.89221117019266516 -0.45161844983684835
  outer loop
   vertex 11.89051342010498 -2.287952184677124 -1.2350203990936279
   vertex 12.043842315673828 -2.2877895832061768 -1.2353214025497437
   vertex 11.966630935668945 -2.3499999046325684 -1.1124297380447388
  endloop
 endfacet
 facet normal -0.0075956519378547055 -0.80242152712017045 -0.59670930852951543
  outer loop
   vertex 11.356051445007324 -2.0095393657684326 -1.649773120880127
   vertex 11.180977821350098 -2.1723127365112305 -1.4286559820175171
   vertex 10.983681678771973 -1.9779255390167236 -1.6875456571578979
  endloop
 endfacet
 facet normal -0.011141986639286288 -0.80671721217503756 -0.59083262918889778
  outer loop
   vertex 11.356051445007324 -2.0095393657684326 -1.649773120880127
   vertex 11.632328033447266 -2.056668758392334 -1.5906331539154053
   vertex 11.47291088104248 -2.1650066375732422 -1.4397033452987671
  endloop
 endfacet
 facet normal -0.008036288063825137 -0.90865282176834528 -0.41747511011625466
  outer loop
   vertex 10.69061279296875 -2.3056294918060303 -1.2016957998275757
   vertex 10.93418025970459 -2.3952674865722656 -1.0112833976745605
   vertex 10.624985694885254 -2.4174354076385498 -0.95708203315734863
  endloop
 endfacet
 facet normal 0.01027704441895963 -0.86059911928127164 -0.50917927908577576
  outer loop
   vertex 12.560482025146484 -2.186708927154541 -1.4065219163894653
   vertex 12.506115913391113 -2.2776880264282227 -1.2538491487503052
   vertex 12.412863731384277 -2.2175099849700928 -1.3574423789978027
  endloop
 endfacet
 facet normal 0.0041879240233015681 -0.90267689723564437 -0.43029859457056679
  outer loop
   vertex 10.69061279296875 -2.3056294918060303 -1.2016957998275757
   vertex 11.010870933532715 -2.2906224727630615 -1.2300604581832886
   vertex 10.93418025970459 -2.3952674865722656 -1.0112833976745605
  endloop
 endfacet
 facet normal -0.00076526778130357937 -0.99969410775419465 0.024720543820225819
  outer loop
   vertex 13.335307121276855 -2.5927419662475586 0.19413724541664124
   vertex 13.174847602844238 -2.5991058349609375 -0.06818370521068573
   vertex 13.46880054473877 -2.599219799041748 -0.063692562282085419
  endloop
 endfacet
 facet normal 0.019528168096348688 -0.83497017627707848 -0.54994859339635116
  outer loop
   vertex 13.620790481567383 -2.0591332912445068 -1.5874413251876831
   vertex 13.455246925354004 -2.24680495262146 -1.3083834648132324
   vertex 13.29945182800293 -2.1328904628753662 -1.4868685007095337
  endloop
 endfacet
 facet normal -0.0086249530492142398 -0.80043743811923695 -0.59935425070821979
  outer loop
   vertex 12.134236335754395 -2.0105628967285156 -1.6485258340835571
   vertex 12.370615005493164 -2.1108894348144531 -1.5179413557052612
   vertex 12.160712242126465 -2.1448307037353516 -1.4695922136306763
  endloop
 endfacet
 facet normal -0.0077790587748681108 -0.98777759749767957 -0.15567563754900501
  outer loop
   vertex 10.903542518615723 -2.5462815761566162 -0.52578496932983398
   vertex 11.157803535461426 -2.5565438270568848 -0.47337529063224792
   vertex 10.973487854003906 -2.5832247734069824 -0.29487180709838867
  endloop
 endfacet
 facet normal 0.018560405961468289 -0.70301001387805973 -0.71093771296627362
  outer loop
   vertex 12.443321228027344 -1.7037068605422974 -1.964022159576416
   vertex 12.412124633789062 -1.9387240409851074 -1.7324401140213013
   vertex 12.163309097290039 -1.7982432842254639 -1.8778501749038696
  endloop
 endfacet
 facet normal 0.014104726559458514 -0.7766949387658062 -0.62971900779971979
  outer loop
   vertex 11.867337226867676 -1.9257029294967651 -1.7469024658203125
   vertex 11.877784729003906 -2.1088404655456543 -1.5207867622375488
   vertex 11.632328033447266 -2.056668758392334 -1.5906331539154053
  endloop
 endfacet
 facet normal -0.0051508590295793258 -0.8586906328513052 -0.51246840459162202
  outer loop
   vertex 10.69061279296875 -2.3056294918060303 -1.2016957998275757
   vertex 10.823335647583008 -2.1591405868530273 -1.4484862089157104
   vertex 11.010870933532715 -2.2906224727630615 -1.2300604581832886
  endloop
 endfacet
 facet normal 0.015972118850508331 -0.75859901259600393 -0.65136198039783766
  outer loop
   vertex 12.691116333007812 -1.8642145395278931 -1.8123753070831299
   vertex 12.616554260253906 -2.0609753131866455 -1.5850491523742676
   vertex 12.412124633789062 -1.9387240409851074 -1.7324401140213013
  endloop
 endfacet
 facet normal -0.00053516088145429521 -0.98950255070972615 -0.14451441361254169
  outer loop
   vertex 11.444608688354492 -2.581984281539917 -0.30554386973381042
   vertex 11.376916885375977 -2.5612959861755371 -0.44694772362709045
   vertex 11.553112983703613 -2.561892032623291 -0.44351902604103088
  endloop
 endfacet
 facet normal -0.0093749681436422708 -0.99585869059611354 -0.090429963709491745
  outer loop
   vertex 12.535572052001953 -2.5901892185211182 -0.22565379738807678
   vertex 12.405402183532715 -2.5953679084777832 -0.15512870252132416
   vertex 12.413952827453613 -2.5811777114868164 -0.31228449940681458
  endloop
 endfacet
 facet normal -0.0025501910149834557 -0.84411789225855227 -0.53615154620197292
  outer loop
   vertex 13.034836769104004 -2.137526273727417 -1.4801963567733765
   vertex 13.143636703491211 -2.2447884082794189 -1.3118401765823364
   vertex 12.889530181884766 -2.2528975009918213 -1.297864556312561
  endloop
 endfacet
 facet normal 0.00051787148232858185 -0.84274301363207171 -0.5383158411039578
  outer loop
   vertex 13.455246925354004 -2.24680495262146 -1.3083834648132324
   vertex 13.143636703491211 -2.2447884082794189 -1.3118401765823364
   vertex 13.29945182800293 -2.1328904628753662 -1.4868685007095337
  endloop
 endfacet
 facet normal 0.010457209128759986 -0.99887335087092366 -0.046289045109293395
  outer loop
   vertex 12.107843399047852 -2.5998764038085938 -0.025345632806420326
   vertex 11.967746734619141 -2.5986824035644531 -0.082760408520698547
   vertex 12.116231918334961 -2.5908806324005127 -0.2175707221031189
  endloop
 endfacet
 facet normal 0.0058674968838105792 -0.81529137368884641 -0.57902119863513846
  outer loop
   vertex 11.632328033447266 -2.056668758392334 -1.5906331539154053
   vertex 11.685421943664551 -2.1834135055541992 -1.4116320610046387
   vertex 11.47291088104248 -2.1650066375732422 -1.4397033452987671
  endloop
 endfacet
 facet normal 0.0009230869343720005 -0.96780036044850448 0.25171732206238079
  outer loop
   vertex 11.44517707824707 -2.5441970825195312 0.53578037023544312
   vertex 11.769473075866699 -2.5454740524291992 0.52968144416809082
   vertex 11.573585510253906 -2.4820892810821533 0.77410095930099487
  endloop
 endfacet
 facet normal 0.012767987749211581 -0.75205907597688271 -0.65897202120396081
  outer loop
   vertex 11.549222946166992 -1.8599439859390259 -1.8167576789855957
   vertex 11.632328033447266 -2.056668758392334 -1.5906331539154053
   vertex 11.356051445007324 -2.0095393657684326 -1.649773120880127
  endloop
 endfacet
 facet normal 0.00062777561726036805 -0.99605217096096277 -0.088767553879371963
  outer loop
   vertex 11.444608688354492 -2.581984281539917 -0.30554386973381042
   vertex 11.600578308105469 -2.5815927982330322 -0.30883362889289856
   vertex 11.535537719726562 -2.5954406261444092 -0.15390846133232117
  endloop
 endfacet
 facet normal -0.010619551723556851 -0.97571233547848257 -0.21879822557853595
  outer loop
   vertex 11.120165824890137 -2.5112729072570801 -0.67343038320541382
   vertex 11.311483383178711 -2.5298118591308594 -0.60004323720932007
   vertex 11.157803535461426 -2.5565438270568848 -0.47337529063224792
  endloop
 endfacet
 facet normal 0.00090911950452833654 -0.99768740655140042 -0.067963315917245179
  outer loop
   vertex 13.174847602844238 -2.5991058349609375 -0.06818370521068573
   vertex 13.00117015838623 -2.5847606658935547 -0.28109103441238403
   vertex 13.269743919372559 -2.5841166973114014 -0.28695175051689148
  endloop
 endfacet
 facet normal -0.0017691618816749238 -0.86639172679569343 -0.49936183855618455
  outer loop
   vertex 12.412863731384277 -2.2175099849700928 -1.3574423789978027
   vertex 12.351709365844727 -2.2880518436431885 -1.2348357439041138
   vertex 12.275748252868652 -2.2129926681518555 -1.364794135093689
  endloop
 endfacet
 facet normal -0.0011825559320366285 -0.96187379504234116 0.27349114057371587
  outer loop
   vertex 11.92751407623291 -2.461392879486084 0.83758282661437988
   vertex 12.11567211151123 -2.5328578948974609 0.58705252408981323
   vertex 12.335412979125977 -2.4645426273345947 0.82826882600784302
  endloop
 endfacet
 facet normal -0.010910494085599399 -0.93720104361341516 -0.34861893948655964
  outer loop
   vertex 10.889019966125488 -2.4771978855133057 -0.78961449861526489
   vertex 10.93418025970459 -2.3952674865722656 -1.0112833976745605
   vertex 11.139820098876953 -2.4479734897613525 -0.87602829933166504
  endloop
 endfacet
 facet normal -0.0031114104620174974 -0.85792806820281486 -0.51376040029835224
  outer loop
   vertex 10.823335647583008 -2.1591405868530273 -1.4484862089157104
   vertex 11.180977821350098 -2.1723127365112305 -1.4286559820175171
   vertex 11.010870933532715 -2.2906224727630615 -1.2300604581832886
  endloop
 endfacet
 facet normal 0.016363111276148628 -0.73472403037837541 -0.67816874579555808
  outer loop
   vertex 12.163309097290039 -1.7982432842254639 -1.8778501749038696
   vertex 12.134236335754395 -2.0105628967285156 -1.6485258340835571
   vertex 11.867337226867676 -1.9257029294967651 -1.7469024658203125
  endloop
 endfacet
 facet normal 0.0051506043697655962 -0.79815123669508281 -0.60243512068664795
  outer loop
   vertex 13.213488578796387 -1.9963564872741699 -1.6657012701034546
   vertex 13.034836769104004 -2.137526273727417 -1.4801963567733765
   vertex 12.889694213867188 -2.0222034454345703 -1.634225606918335
  endloop
 endfacet
 facet normal -0.00075614526241477747 -0.98064516643218191 -0.19579194518043999
  outer loop
   vertex 11.553112983703613 -2.561892032623291 -0.44351902604103088
   vertex 11.495560646057129 -2.5354177951812744 -0.57589584589004517
   vertex 11.642865180969238 -2.5363826751708984 -0.5716320276260376
  endloop
 endfacet
 facet normal 0.0079132439797432383 -0.83426700140183385 -0.55130386443567536
  outer loop
   vertex 12.370615005493164 -2.1108894348144531 -1.5179413557052612
   vertex 12.275748252868652 -2.2129926681518555 -1.364794135093689
   vertex 12.160712242126465 -2.1448307037353516 -1.4695922136306763
  endloop
 endfacet
 facet normal -0.0034394514371188191 -0.86602712873342347 -0.4999851822519884
  outer loop
   vertex 12.412863731384277 -2.2175099849700928 -1.3574423789978027
   vertex 12.506115913391113 -2.2776880264282227 -1.2538491487503052
   vertex 12.351709365844727 -2.2880518436431885 -1.2348357439041138
  endloop
 endfacet
 facet normal -0.00056498664093748989 -0.98949917998321513 -0.14453737787382387
  outer loop
   vertex 11.444608688354492 -2.581984281539917 -0.30554386973381042
   vertex 11.553112983703613 -2.561892032623291 -0.44351902604103088
   vertex 11.600578308105469 -2.5815927982330322 -0.30883362889289856
  endloop
 endfacet
 facet normal 0.0037808178485762979 -0.84087892741737069 -0.54121006535522609
  outer loop
   vertex 12.160712242126465 -2.1448307037353516 -1.4695922136306763
   vertex 12.133187294006348 -2.2240393161773682 -1.3467179536819458
   vertex 11.992472648620605 -2.2119369506835938 -1.366504430770874
  endloop
 endfacet
 facet normal -0.011357202488278418 -0.9541209400055497 -0.29920602566553817
  outer loop
   vertex 11.120165824890137 -2.5112729072570801 -0.67343038320541382
   vertex 11.139820098876953 -2.4479734897613525 -0.87602829933166504
   vertex 11.319323539733887 -2.4837539196014404 -0.76874369382858276
  endloop
 endfacet
 facet normal -0.017269299623931186 -0.70061333427279404 -0.71333212960699932
  outer loop
   vertex 12.443321228027344 -1.7037068605422974 -1.964022159576416
   vertex 12.691116333007812 -1.8642145395278931 -1.8123753070831299
   vertex 12.412124633789062 -1.9387240409851074 -1.7324401140213013
  endloop
 endfacet
 facet normal -0.0036745380991712964 -0.84011873521741598 -0.54239008887188123
  outer loop
   vertex 12.160712242126465 -2.1448307037353516 -1.4695922136306763
   vertex 12.275748252868652 -2.2129926681518555 -1.364794135093689
   vertex 12.133187294006348 -2.2240393161773682 -1.3467179536819458
  endloop
 endfacet
 facet normal -0.0094653108461798703 -0.98383609115202331 0.17882101005556578
  outer loop
   vertex 12.11567211151123 -2.5328578948974609 0.58705252408981323
   vertex 12.026308059692383 -2.5795598030090332 0.32537811994552612
   vertex 12.222387313842773 -2.5742795467376709 0.36480781435966492
  endloop
 endfacet
 facet normal 0.007416286209438629 -0.96475404692817701 -0.26304871722660866
  outer loop
   vertex 11.120165824890137 -2.5112729072570801 -0.67343038320541382
   vertex 11.319323539733887 -2.4837539196014404 -0.76874369382858276
   vertex 11.311483383178711 -2.5298118591308594 -0.60004323720932007
  endloop
 endfacet
 facet normal -0.013631194119141762 -0.99819651301598611 0.05846291088897787
  outer loop
   vertex 11.426471710205078 -2.5851941108703613 0.27707746624946594
   vertex 11.48015022277832 -2.5996472835540771 0.042819470167160034
   vertex 11.647294998168945 -2.5949723720550537 0.16161039471626282
  endloop
 endfacet
 facet normal -0.0065213505195069578 -0.79632308556388653 -0.60483635421939785
  outer loop
   vertex 13.620790481567383 -2.0591332912445068 -1.5874413251876831
   vertex 13.29945182800293 -2.1328904628753662 -1.4868685007095337
   vertex 13.213488578796387 -1.9963564872741699 -1.6657012701034546
  endloop
 endfacet
 facet normal 0.0012065438713607089 -0.84302046101753247 -0.53788014144200691
  outer loop
   vertex 13.29945182800293 -2.1328904628753662 -1.4868685007095337
   vertex 13.143636703491211 -2.2447884082794189 -1.3118401765823364
   vertex 13.034836769104004 -2.137526273727417 -1.4801963567733765
  endloop
 endfacet
 facet normal -0.0043099464229256522 -0.86642163529931182 -0.49929447648366559
  outer loop
   vertex 11.992472648620605 -2.2119369506835938 -1.366504430770874
   vertex 12.133187294006348 -2.2240393161773682 -1.3467179536819458
   vertex 12.043842315673828 -2.2877895832061768 -1.2353214025497437
  endloop
 endfacet
 facet normal -0.0046255607284144181 -0.85194145263775423 -0.52361662069248793
  outer loop
   vertex 11.47291088104248 -2.1650066375732422 -1.4397033452987671
   vertex 11.685421943664551 -2.1834135055541992 -1.4116320610046387
   vertex 11.56510066986084 -2.2559657096862793 -1.2925243377685547
  endloop
 endfacet
 facet normal 0.012944991789464268 -0.98744391940554799 -0.15743866493520695
  outer loop
   vertex 13.332154273986816 -2.5419151782989502 -0.54650509357452393
   vertex 13.269743919372559 -2.5841166973114014 -0.28695175051689148
   vertex 13.081424713134766 -2.5590763092041016 -0.45948731899261475
  endloop
 endfacet
 facet normal -3.0875164544925061e-05 -0.86791312393221609 -0.49671602385361618
  outer loop
   vertex 12.133187294006348 -2.2240393161773682 -1.3467179536819458
   vertex 12.198333740234375 -2.2876987457275391 -1.2354897260665894
   vertex 12.043842315673828 -2.2877895832061768 -1.2353214025497437
  endloop
 endfacet
 facet normal 0.010487623635843936 -0.99654451418511769 0.082395637008403994
  outer loop
   vertex 12.026308059692383 -2.5795598030090332 0.32537811994552612
   vertex 11.810811042785645 -2.5887868404388428 0.24120980501174927
   vertex 11.991127967834473 -2.5976021289825439 0.11164076626300812
  endloop
 endfacet
 facet normal -0.0023472846047011041 -0.80443501344600721 -0.5940360253360959
  outer loop
   vertex 11.180977821350098 -2.1723127365112305 -1.4286559820175171
   vertex 11.356051445007324 -2.0095393657684326 -1.649773120880127
   vertex 11.47291088104248 -2.1650066375732422 -1.4397033452987671
  endloop
 endfacet
 facet normal 0.0081627077415672173 -0.99978115869247586 0.019261488152690191
  outer loop
   vertex 13.335307121276855 -2.5927419662475586 0.19413724541664124
   vertex 13.010552406311035 -2.5965564250946045 0.13377086818218231
   vertex 13.174847602844238 -2.5991058349609375 -0.06818370521068573
  endloop
 endfacet
 facet normal 0.0039684500778331246 -0.86689467895253369 -0.49847554303873665
  outer loop
   vertex 12.275748252868652 -2.2129926681518555 -1.364794135093689
   vertex 12.198333740234375 -2.2876987457275391 -1.2354897260665894
   vertex 12.133187294006348 -2.2240393161773682 -1.3467179536819458
  endloop
 endfacet
 facet normal 0.0067937964240043763 -0.96953456518599257 -0.24486030964563704
  outer loop
   vertex 11.495560646057129 -2.5354177951812744 -0.57589584589004517
   vertex 11.45628547668457 -2.5080962181091309 -0.68516647815704346
   vertex 11.621152877807617 -2.4969332218170166 -0.72479248046875
  endloop
 endfacet
 facet normal -0.0085100055607015921 -0.99404975887556535 0.10859399930376974
  outer loop
   vertex 13.076240539550781 -2.5658442974090576 0.42005178332328796
   vertex 13.010552406311035 -2.5965564250946045 0.13377086818218231
   vertex 13.335307121276855 -2.5927419662475586 0.19413724541664124
  endloop
 endfacet
 facet normal -0.0098784095761108824 -0.81746674626891236 -0.57589107977877574
  outer loop
   vertex 11.877784729003906 -2.1088404655456543 -1.5207867622375488
   vertex 11.685421943664551 -2.1834135055541992 -1.4116320610046387
   vertex 11.632328033447266 -2.056668758392334 -1.5906331539154053
  endloop
 endfacet
 facet normal -0.019520097507767023 -0.98731056408206397 0.15759700455669806
  outer loop
   vertex 12.44183349609375 -2.5441372394561768 0.53606534004211426
   vertex 12.397695541381836 -2.5863285064697266 0.26627936959266663
   vertex 12.593287467956543 -2.5725257396697998 0.37697684764862061
  endloop
 endfacet
 facet normal -0.0095145512113256232 -0.99884207449172413 -0.04715912997836285
  outer loop
   vertex 12.261764526367188 -2.5987818241119385 -0.079583331942558289
   vertex 12.107843399047852 -2.5998764038085938 -0.025345632806420326
   vertex 12.116231918334961 -2.5908806324005127 -0.2175707221031189
  endloop
 endfacet
 facet normal -0.011129963073104187 -0.75425293280611228 -0.65648963226799673
  outer loop
   vertex 12.691116333007812 -1.8642145395278931 -1.8123753070831299
   vertex 12.889694213867188 -2.0222034454345703 -1.634225606918335
   vertex 12.616554260253906 -2.0609753131866455 -1.5850491523742676
  endloop
 endfacet
 facet normal 0.008178006926425882 -0.96405377006188153 0.26558134089612595
  outer loop
   vertex 12.335412979125977 -2.4645426273345947 0.82826882600784302
   vertex 12.11567211151123 -2.5328578948974609 0.58705252408981323
   vertex 12.44183349609375 -2.5441372394561768 0.53606534004211426
  endloop
 endfacet
 facet normal -0.0013603339268898685 -0.79514502627306294 -0.60641779054115619
  outer loop
   vertex 13.213488578796387 -1.9963564872741699 -1.6657012701034546
   vertex 13.29945182800293 -2.1328904628753662 -1.4868685007095337
   vertex 13.034836769104004 -2.137526273727417 -1.4801963567733765
  endloop
 endfacet
 facet normal -0.016046463403570219 -0.73267953709247791 -0.68038460222009001
  outer loop
   vertex 12.163309097290039 -1.7982432842254639 -1.8778501749038696
   vertex 12.412124633789062 -1.9387240409851074 -1.7324401140213013
   vertex 12.134236335754395 -2.0105628967285156 -1.6485258340835571
  endloop
 endfacet
 facet normal 0.0042268232214399378 -0.99749174918779482 -0.070656523178882588
  outer loop
   vertex 13.174847602844238 -2.5991058349609375 -0.06818370521068573
   vertex 12.904933929443359 -2.5981690883636475 -0.097555011510848999
   vertex 13.00117015838623 -2.5847606658935547 -0.28109103441238403
  endloop
 endfacet
 facet normal -0.0090635887012605835 -0.9980142200558213 -0.062333521689580049
  outer loop
   vertex 12.405402183532715 -2.5953679084777832 -0.15512870252132416
   vertex 12.261764526367188 -2.5987818241119385 -0.079583331942558289
   vertex 12.272944450378418 -2.5887916088104248 -0.2411610335111618
  endloop
 endfacet
 facet normal -0.0057916132602534197 -0.98355204705543198 0.18053206903182895
  outer loop
   vertex 12.44183349609375 -2.5441372394561768 0.53606534004211426
   vertex 12.11567211151123 -2.5328578948974609 0.58705252408981323
   vertex 12.222387313842773 -2.5742795467376709 0.36480781435966492
  endloop
 endfacet
 facet normal -0.015353927052186554 -0.77734633046344304 -0.62888547402456019
  outer loop
   vertex 12.134236335754395 -2.0105628967285156 -1.6485258340835571
   vertex 11.877784729003906 -2.1088404655456543 -1.5207867622375488
   vertex 11.867337226867676 -1.9257029294967651 -1.7469024658203125
  endloop
 endfacet
 facet normal -0.0065717619310902455 -0.80344030911028808 -0.59534904185854332
  outer loop
   vertex 12.889694213867188 -2.0222034454345703 -1.634225606918335
   vertex 13.034836769104004 -2.137526273727417 -1.4801963567733765
   vertex 12.778244018554688 -2.1611728668212891 -1.4454522132873535
  endloop
 endfacet
 facet normal 0.012169203816652954 -0.99465640400730349 0.10252096588370929
  outer loop
   vertex 12.593287467956543 -2.5725257396697998 0.37697684764862061
   vertex 12.397695541381836 -2.5863285064697266 0.26627936959266663
   vertex 12.567228317260742 -2.5948634147644043 0.16335037350654602
  endloop
 endfacet
 facet normal 0.0038173464266849245 -0.98380719938435857 0.17918934763474001
  outer loop
   vertex 12.799181938171387 -2.5358147621154785 0.57414567470550537
   vertex 12.44183349609375 -2.5441372394561768 0.53606534004211426
   vertex 12.593287467956543 -2.5725257396697998 0.37697684764862061
  endloop
 endfacet
 facet normal 0.0061518124963964036 -0.84723216016762326 -0.531187181679596
  outer loop
   vertex 13.034836769104004 -2.137526273727417 -1.4801963567733765
   vertex 12.889530181884766 -2.2528975009918213 -1.297864556312561
   vertex 12.778244018554688 -2.1611728668212891 -1.4454522132873535
  endloop
 endfacet
 facet normal -0.0044500310242767968 -0.9999495718713125 0.009002829458656823
  outer loop
   vertex 13.010552406311035 -2.5965564250946045 0.13377086818218231
   vertex 12.904933929443359 -2.5981690883636475 -0.097555011510848999
   vertex 13.174847602844238 -2.5991058349609375 -0.06818370521068573
  endloop
 endfacet
 facet normal -0.00074367567352040065 -0.98974667453546039 -0.14283195438167898
  outer loop
   vertex 13.269743919372559 -2.5841166973114014 -0.28695175051689148
   vertex 13.00117015838623 -2.5847606658935547 -0.28109103441238403
   vertex 13.081424713134766 -2.5590763092041016 -0.45948731899261475
  endloop
 endfacet
 facet normal -0.0061921210773648507 -0.9199114326043718 -0.39207730589812978
  outer loop
   vertex 13.077329635620117 -2.4337244033813477 -0.91486895084381104
   vertex 12.991815567016602 -2.3403751850128174 -1.1325390338897705
   vertex 13.255215644836426 -2.3578779697418213 -1.0956330299377441
  endloop
 endfacet
 facet normal -0.013072957193067012 -0.99867603281600836 0.049752178536291887
  outer loop
   vertex 11.810811042785645 -2.5887868404388428 0.24120980501174927
   vertex 11.818231582641602 -2.5999264717102051 0.019553694874048233
   vertex 11.991127967834473 -2.5976021289825439 0.11164076626300812
  endloop
 endfacet
 facet normal 0.00652176871833732 -0.88469887210470088 -0.46611733740492267
  outer loop
   vertex 13.255215644836426 -2.3578779697418213 -1.0956330299377441
   vertex 12.991815567016602 -2.3403751850128174 -1.1325390338897705
   vertex 13.143636703491211 -2.2447884082794189 -1.3118401765823364
  endloop
 endfacet
 facet normal -0.011365674662685992 -0.95227797021034177 -0.30502047290556294
  outer loop
   vertex 13.326643943786621 -2.462491512298584 -0.83434760570526123
   vertex 13.115461349487305 -2.5100057125091553 -0.67813855409622192
   vertex 13.077329635620117 -2.4337244033813477 -0.91486895084381104
  endloop
 endfacet
 facet normal 0.0085020546532785131 -0.80767480247138845 -0.58956689910431392
  outer loop
   vertex 12.889694213867188 -2.0222034454345703 -1.634225606918335
   vertex 12.778244018554688 -2.1611728668212891 -1.4454522132873535
   vertex 12.616554260253906 -2.0609753131866455 -1.5850491523742676
  endloop
 endfacet
 facet normal 0.0071673838138226788 -0.98483950278369781 0.17331988450845551
  outer loop
   vertex 11.769473075866699 -2.5454740524291992 0.52968144416809082
   vertex 12.026308059692383 -2.5795598030090332 0.32537811994552612
   vertex 12.11567211151123 -2.5328578948974609 0.58705252408981323
  endloop
 endfacet
 facet normal -0.0038001904856623009 -0.98922224493710786 -0.14637249971856423
  outer loop
   vertex 11.157803535461426 -2.5565438270568848 -0.47337529063224792
   vertex 11.376916885375977 -2.5612959861755371 -0.44694772362709045
   vertex 11.240303993225098 -2.5830585956573486 -0.29632371664047241
  endloop
 endfacet
 facet normal 0.019851375794082568 -0.96368898131318947 -0.26628832151378551
  outer loop
   vertex 13.332154273986816 -2.5419151782989502 -0.54650509357452393
   vertex 13.115461349487305 -2.5100057125091553 -0.67813855409622192
   vertex 13.326643943786621 -2.462491512298584 -0.83434760570526123
  endloop
 endfacet
 facet normal 0.0055338316143717569 -0.94580319017179404 -0.32469324318273229
  outer loop
   vertex 11.139820098876953 -2.4479734897613525 -0.87602829933166504
   vertex 11.345906257629395 -2.4305479526519775 -0.92327499389648438
   vertex 11.319323539733887 -2.4837539196014404 -0.76874369382858276
  endloop
 endfacet
 facet normal -0.0092786720090678072 -0.96341580432384943 0.26785050723263182
  outer loop
   vertex 11.92751407623291 -2.461392879486084 0.83758282661437988
   vertex 11.769473075866699 -2.5454740524291992 0.52968144416809082
   vertex 12.11567211151123 -2.5328578948974609 0.58705252408981323
  endloop
 endfacet
 facet normal -0.014824145866102758 -0.98911627427785953 0.14638729677819173
  outer loop
   vertex 11.769473075866699 -2.5454740524291992 0.52968144416809082
   vertex 11.810811042785645 -2.5887868404388428 0.24120980501174927
   vertex 12.026308059692383 -2.5795598030090332 0.32537811994552612
  endloop
 endfacet
 facet normal 0.094969676604912609 0.27956139887903214 -0.95541937639047114
  outer loop
   vertex 15.079999923706055 0.49731659889221191 -2.5519945621490479
   vertex 15.079999923706055 0.95679998397827148 -2.4175469875335693
   vertex 15.555911064147949 0.95679998397827148 -2.3702409267425537
  endloop
 endfacet
 facet normal 0.002401063258736191 -0.88327570881533224 -0.46884779738418314
  outer loop
   vertex 13.143636703491211 -2.2447884082794189 -1.3118401765823364
   vertex 12.991815567016602 -2.3403751850128174 -1.1325390338897705
   vertex 12.889530181884766 -2.2528975009918213 -1.297864556312561
  endloop
 endfacet
 facet normal -0.013002746888345915 -0.99989852889468134 -0.0058189765087765131
  outer loop
   vertex 11.227758407592773 -2.5968594551086426 0.12775559723377228
   vertex 11.326467514038086 -2.5966293811798096 -0.13234858214855194
   vertex 11.48015022277832 -2.5996472835540771 0.042819470167160034
  endloop
 endfacet
 facet normal 0.01004302200774447 -0.83381502735727986 -0.55195256848947694
  outer loop
   vertex 11.877784729003906 -2.1088404655456543 -1.5207867622375488
   vertex 11.830025672912598 -2.2170994281768799 -1.3581128120422363
   vertex 11.685421943664551 -2.1834135055541992 -1.4116320610046387
  endloop
 endfacet
 facet normal -0.0069732468632933949 -0.94513219341512344 -0.32661370271086498
  outer loop
   vertex 11.319323539733887 -2.4837539196014404 -0.76874369382858276
   vertex 11.345906257629395 -2.4305479526519775 -0.92327499389648438
   vertex 11.493901252746582 -2.4667119979858398 -0.82178568840026855
  endloop
 endfacet
 facet normal -0.0077472570605104122 -0.94288703178260203 -0.33302255975268802
  outer loop
   vertex 12.867945671081543 -2.4143917560577393 -0.96473449468612671
   vertex 13.077329635620117 -2.4337244033813477 -0.91486895084381104
   vertex 12.923125267028809 -2.4814271926879883 -0.77622067928314209
  endloop
 endfacet
 facet normal 0.0039702439291555069 -0.99003677015878744 -0.14075308485677709
  outer loop
   vertex 13.081424713134766 -2.5590763092041016 -0.45948731899261475
   vertex 13.00117015838623 -2.5847606658935547 -0.28109103441238403
   vertex 12.861509323120117 -2.5639007091522217 -0.43175637722015381
  endloop
 endfacet
 facet normal 0.0054821023434601804 -0.88508079812116403 -0.46540512174996446
  outer loop
   vertex 12.889530181884766 -2.2528975009918213 -1.297864556312561
   vertex 12.783101081848145 -2.339017391204834 -1.1353403329849243
   vertex 12.678498268127441 -2.2710180282592773 -1.2658897638320923
  endloop
 endfacet
 facet normal 0.0099231861146526889 -0.91758686293980085 -0.39741147358578982
  outer loop
   vertex 13.077329635620117 -2.4337244033813477 -0.91486895084381104
   vertex 12.867945671081543 -2.4143917560577393 -0.96473449468612671
   vertex 12.991815567016602 -2.3403751850128174 -1.1325390338897705
  endloop
 endfacet
 facet normal 0.011662104031415965 -0.9981049995322121 0.060418583551448191
  outer loop
   vertex 12.397695541381836 -2.5863285064697266 0.26627936959266663
   vertex 12.208774566650391 -2.5965533256530762 0.13383291661739349
   vertex 12.398416519165039 -2.599567174911499 0.047439593821763992
  endloop
 endfacet
 facet normal -0.013616465716284385 -0.99808536034829298 0.060334114063401521
  outer loop
   vertex 12.397695541381836 -2.5863285064697266 0.26627936959266663
   vertex 12.398416519165039 -2.599567174911499 0.047439593821763992
   vertex 12.567228317260742 -2.5948634147644043 0.16335037350654602
  endloop
 endfacet
 facet normal 0.0012302848029648815 -0.99039480937386248 -0.13826282206223828
  outer loop
   vertex 13.00117015838623 -2.5847606658935547 -0.28109103441238403
   vertex 12.794858932495117 -2.5837891101837158 -0.28988620638847351
   vertex 12.861509323120117 -2.5639007091522217 -0.43175637722015381
  endloop
 endfacet
 facet normal -0.0063424709060233711 -0.85145446143716497 -0.52439019170990753
  outer loop
   vertex 12.778244018554688 -2.1611728668212891 -1.4454522132873535
   vertex 12.889530181884766 -2.2528975009918213 -1.297864556312561
   vertex 12.678498268127441 -2.2710180282592773 -1.2658897638320923
  endloop
 endfacet
 facet normal 0.0099067343542679157 -0.99994793102976265 0.0024478242851520139
  outer loop
   vertex 13.010552406311035 -2.5965564250946045 0.13377086818218231
   vertex 12.75068473815918 -2.5993120670318604 0.059803754091262817
   vertex 12.904933929443359 -2.5981690883636475 -0.097555011510848999
  endloop
 endfacet
 facet normal 0.0028756071232306649 -0.99981441232680712 0.019049193874657672
  outer loop
   vertex 11.991127967834473 -2.5976021289825439 0.11164076626300812
   vertex 12.107843399047852 -2.5998764038085938 -0.025345632806420326
   vertex 12.208774566650391 -2.5965533256530762 0.13383291661739349
  endloop
 endfacet
 facet normal 0.0032167224485333888 -0.97922470747137835 -0.20275262014159612
  outer loop
   vertex 11.157803535461426 -2.5565438270568848 -0.47337529063224792
   vertex 11.311483383178711 -2.5298118591308594 -0.60004323720932007
   vertex 11.376916885375977 -2.5612959861755371 -0.44694772362709045
  endloop
 endfacet
 facet normal 0.013131256866100584 -0.99863129232305958 0.050627187224774439
  outer loop
   vertex 11.810811042785645 -2.5887868404388428 0.24120980501174927
   vertex 11.647294998168945 -2.5949723720550537 0.16161039471626282
   vertex 11.818231582641602 -2.5999264717102051 0.019553694874048233
  endloop
 endfacet
 facet normal -0.0015556411906387031 -0.99728122756610493 -0.07367315063663854
  outer loop
   vertex 12.904933929443359 -2.5981690883636475 -0.097555011510848999
   vertex 12.794858932495117 -2.5837891101837158 -0.28988620638847351
   vertex 13.00117015838623 -2.5847606658935547 -0.28109103441238403
  endloop
 endfacet
 facet normal 0.0072885357519504763 -0.85726499013860891 -0.51482386689939263
  outer loop
   vertex 11.685421943664551 -2.1834135055541992 -1.4116320610046387
   vertex 11.734378814697266 -2.2769725322723389 -1.2551480531692505
   vertex 11.56510066986084 -2.2559657096862793 -1.2925243377685547
  endloop
 endfacet
 facet normal -0.0074754216612994123 -0.81645395394669207 -0.57736215597820273
  outer loop
   vertex 12.616554260253906 -2.0609753131866455 -1.5850491523742676
   vertex 12.778244018554688 -2.1611728668212891 -1.4454522132873535
   vertex 12.560482025146484 -2.186708927154541 -1.4065219163894653
  endloop
 endfacet
 facet normal 0.0082018609931152741 -0.88173625967959857 -0.47167138755968763
  outer loop
   vertex 11.481273651123047 -2.3140494823455811 -1.1854009628295898
   vertex 11.56510066986084 -2.2559657096862793 -1.2925243377685547
   vertex 11.643095016479492 -2.3359017372131348 -1.1417367458343506
  endloop
 endfacet
 facet normal -0.0076541678795226569 -0.99986168833532252 -0.014765429669010646
  outer loop
   vertex 12.75068473815918 -2.5993120670318604 0.059803754091262817
   vertex 12.694281578063965 -2.5958211421966553 -0.14735057950019836
   vertex 12.904933929443359 -2.5981690883636475 -0.097555011510848999
  endloop
 endfacet
 facet normal 0.0070396901159572546 -0.79933479923151451 -0.60084467335625558
  outer loop
   vertex 12.134236335754395 -2.0105628967285156 -1.6485258340835571
   vertex 12.160712242126465 -2.1448307037353516 -1.4695922136306763
   vertex 11.877784729003906 -2.1088404655456543 -1.5207867622375488
  endloop
 endfacet
 facet normal -0.011349048188078177 -0.85979832295408676 -0.5105076326075495
  outer loop
   vertex 11.685421943664551 -2.1834135055541992 -1.4116320610046387
   vertex 11.830025672912598 -2.2170994281768799 -1.3581128120422363
   vertex 11.734378814697266 -2.2769725322723389 -1.2551480531692505
  endloop
 endfacet
 facet normal -0.0070400324664680455 -0.88500824163942349 -0.46552212640557378
  outer loop
   vertex 11.56510066986084 -2.2559657096862793 -1.2925243377685547
   vertex 11.734378814697266 -2.2769725322723389 -1.2551480531692505
   vertex 11.643095016479492 -2.3359017372131348 -1.1417367458343506
  endloop
 endfacet
 facet normal 0.00053132878432006112 -0.88375705756655609 -0.46794570293039967
  outer loop
   vertex 12.991815567016602 -2.3403751850128174 -1.1325390338897705
   vertex 12.783101081848145 -2.339017391204834 -1.1353403329849243
   vertex 12.889530181884766 -2.2528975009918213 -1.297864556312561
  endloop
 endfacet
 facet normal 0.0075254576037539524 -0.99685896664220897 -0.078838874376044185
  outer loop
   vertex 12.904933929443359 -2.5981690883636475 -0.097555011510848999
   vertex 12.694281578063965 -2.5958211421966553 -0.14735057950019836
   vertex 12.794858932495117 -2.5837891101837158 -0.28988620638847351
  endloop
 endfacet
 facet normal -0.0097367797261569654 -0.97535879309243922 -0.22040966371242587
  outer loop
   vertex 13.332154273986816 -2.5419151782989502 -0.54650509357452393
   vertex 13.081424713134766 -2.5590763092041016 -0.45948731899261475
   vertex 13.115461349487305 -2.5100057125091553 -0.67813855409622192
  endloop
 endfacet
 facet normal 0.0075007080178316251 -0.85486921234379165 -0.5187893302352472
  outer loop
   vertex 12.778244018554688 -2.1611728668212891 -1.4454522132873535
   vertex 12.678498268127441 -2.2710180282592773 -1.2658897638320923
   vertex 12.560482025146484 -2.186708927154541 -1.4065219163894653
  endloop
 endfacet
 facet normal -0.0005302410827274168 -0.91480297156400991 -0.40390003969057942
  outer loop
   vertex 12.991815567016602 -2.3403751850128174 -1.1325390338897705
   vertex 12.867945671081543 -2.4143917560577393 -0.96473449468612671
   vertex 12.783101081848145 -2.339017391204834 -1.1353403329849243
  endloop
 endfacet
 facet normal -0.0021957621267354567 -0.83220013650355662 -0.55447101947003918
  outer loop
   vertex 11.877784729003906 -2.1088404655456543 -1.5207867622375488
   vertex 11.992472648620605 -2.2119369506835938 -1.366504430770874
   vertex 11.830025672912598 -2.2170994281768799 -1.3581128120422363
  endloop
 endfacet
 facet normal 0.016301287765112603 -0.95091051597832743 -0.30903633867076197
  outer loop
   vertex 13.077329635620117 -2.4337244033813477 -0.91486895084381104
   vertex 13.115461349487305 -2.5100057125091553 -0.67813855409622192
   vertex 12.923125267028809 -2.4814271926879883 -0.77622067928314209
  endloop
 endfacet
 facet normal 0.0045597928255491282 -0.91385593514254082 -0.40601297774103262
  outer loop
   vertex 12.867945671081543 -2.4143917560577393 -0.96473449468612671
   vertex 12.69010066986084 -2.4052376747131348 -0.98733586072921753
   vertex 12.783101081848145 -2.339017391204834 -1.1353403329849243
  endloop
 endfacet
 facet normal -0.0060601427290989766 -0.83350883448601554 -0.55247289300369029
  outer loop
   vertex 11.877784729003906 -2.1088404655456543 -1.5207867622375488
   vertex 12.160712242126465 -2.1448307037353516 -1.4695922136306763
   vertex 11.992472648620605 -2.2119369506835938 -1.366504430770874
  endloop
 endfacet
 facet normal -0.00011322575772359588 -0.99030893542231557 -0.13888196284128468
  outer loop
   vertex 12.794858932495117 -2.5837891101837158 -0.28988620638847351
   vertex 12.683684349060059 -2.5637803077697754 -0.4324699342250824
   vertex 12.861509323120117 -2.5639007091522217 -0.43175637722015381
  endloop
 endfacet
 facet normal 0.003584144177337047 -0.9997860967222828 -0.020369455352027933
  outer loop
   vertex 11.48015022277832 -2.5996472835540771 0.042819470167160034
   vertex 11.326467514038086 -2.5966293811798096 -0.13234858214855194
   vertex 11.535537719726562 -2.5954406261444092 -0.15390846133232117
  endloop
 endfacet
 facet normal -0.010823199104633393 -0.99965880807123031 0.023772374865557049
  outer loop
   vertex 12.75068473815918 -2.5993120670318604 0.059803754091262817
   vertex 12.567228317260742 -2.5948634147644043 0.16335037350654602
   vertex 12.54963207244873 -2.5996177196502686 -0.044585537165403366
  endloop
 endfacet
 facet normal 0.011200607656432755 -0.99992841108744746 0.0042094047392901872
  outer loop
   vertex 11.991127967834473 -2.5976021289825439 0.11164076626300812
   vertex 11.818231582641602 -2.5999264717102051 0.019553694874048233
   vertex 11.967746734619141 -2.5986824035644531 -0.082760408520698547
  endloop
 endfacet
 facet normal -0.003387071348823031 -0.98031561016464008 -0.19740778154674554
  outer loop
   vertex 13.081424713134766 -2.5590763092041016 -0.45948731899261475
   vertex 12.861509323120117 -2.5639007091522217 -0.43175637722015381
   vertex 12.928008079528809 -2.5328605175018311 -0.58704113960266113
  endloop
 endfacet
 facet normal -0.0025801379872096909 -0.85863225617032635 -0.5125855943662696
  outer loop
   vertex 12.560482025146484 -2.186708927154541 -1.4065219163894653
   vertex 12.678498268127441 -2.2710180282592773 -1.2658897638320923
   vertex 12.506115913391113 -2.2776880264282227 -1.2538491487503052
  endloop
 endfacet
 facet normal -0.010438944195378464 -0.96451712724335426 -0.2638138353049605
  outer loop
   vertex 11.319323539733887 -2.4837539196014404 -0.76874369382858276
   vertex 11.45628547668457 -2.5080962181091309 -0.68516647815704346
   vertex 11.311483383178711 -2.5298118591308594 -0.60004323720932007
  endloop
 endfacet
 facet normal -0.0016962566219576967 -0.88745546696005007 -0.46089035233577197
  outer loop
   vertex 12.783101081848145 -2.339017391204834 -1.1353403329849243
   vertex 12.600016593933105 -2.3436503410339355 -1.1257456541061401
   vertex 12.678498268127441 -2.2710180282592773 -1.2658897638320923
  endloop
 endfacet
 facet normal 0.005833374010144758 -0.95748283014033997 -0.28843127731593676
  outer loop
   vertex 11.319323539733887 -2.4837539196014404 -0.76874369382858276
   vertex 11.493901252746582 -2.4667119979858398 -0.82178568840026855
   vertex 11.45628547668457 -2.5080962181091309 -0.68516647815704346
  endloop
 endfacet
 facet normal 0.011957575849960152 -0.99972640630903231 -0.020102957698308832
  outer loop
   vertex 12.75068473815918 -2.5993120670318604 0.059803754091262817
   vertex 12.54963207244873 -2.5996177196502686 -0.044585537165403366
   vertex 12.694281578063965 -2.5958211421966553 -0.14735057950019836
  endloop
 endfacet
 facet normal 0.0099237141769342261 -0.99959037921333982 -0.026843876044008369
  outer loop
   vertex 11.818231582641602 -2.5999264717102051 0.019553694874048233
   vertex 11.667823791503906 -2.5994207859039307 -0.054879765957593918
   vertex 11.82608699798584 -2.5949916839599609 -0.16129989922046661
  endloop
 endfacet
 facet normal 0.012910986356117161 -0.99967975768319928 0.021764386271430871
  outer loop
   vertex 12.567228317260742 -2.5948634147644043 0.16335037350654602
   vertex 12.398416519165039 -2.599567174911499 0.047439593821763992
   vertex 12.54963207244873 -2.5996177196502686 -0.044585537165403366
  endloop
 endfacet
 facet normal 0.00010469937549075104 -0.98145418663130479 -0.19169681421955029
  outer loop
   vertex 12.861509323120117 -2.5639007091522217 -0.43175637722015381
   vertex 12.683684349060059 -2.5637803077697754 -0.4324699342250824
   vertex 12.743943214416504 -2.5380330085754395 -0.56425869464874268
  endloop
 endfacet
 facet normal -0.010663737829652005 -0.99955836805689824 -0.027737223057306831
  outer loop
   vertex 11.818231582641602 -2.5999264717102051 0.019553694874048233
   vertex 11.82608699798584 -2.5949916839599609 -0.16129989922046661
   vertex 11.967746734619141 -2.5986824035644531 -0.082760408520698547
  endloop
 endfacet
 facet normal -0.0027229064281921859 -0.99628948650263383 -0.086022350961256044
  outer loop
   vertex 12.794858932495117 -2.5837891101837158 -0.28988620638847351
   vertex 12.694281578063965 -2.5958211421966553 -0.14735057950019836
   vertex 12.646758079528809 -2.5821635723114014 -0.30402487516403198
  endloop
 endfacet
 facet normal 0.0050229041159073479 -0.9021095808828129 -0.4314777798608847
  outer loop
   vertex 11.481273651123047 -2.3140494823455811 -1.1854009628295898
   vertex 11.566838264465332 -2.3810217380523682 -1.0443830490112305
   vertex 11.39377498626709 -2.3676328659057617 -1.0743904113769531
  endloop
 endfacet
 facet normal 0.0095378587102912787 -0.94127415130250425 -0.33750852039759366
  outer loop
   vertex 12.867945671081543 -2.4143917560577393 -0.96473449468612671
   vertex 12.923125267028809 -2.4814271926879883 -0.77622067928314209
   vertex 12.746070861816406 -2.4643054008483887 -0.82897496223449707
  endloop
 endfacet
 facet normal -0.0039950235726174191 -0.9373995718982191 -0.34823279913254823
  outer loop
   vertex 12.746070861816406 -2.4643054008483887 -0.82897496223449707
   vertex 12.69010066986084 -2.4052376747131348 -0.98733586072921753
   vertex 12.867945671081543 -2.4143917560577393 -0.96473449468612671
  endloop
 endfacet
 facet normal 0.0034802446766733805 -0.98088050593562792 -0.19457985757127308
  outer loop
   vertex 12.861509323120117 -2.5639007091522217 -0.43175637722015381
   vertex 12.743943214416504 -2.5380330085754395 -0.56425869464874268
   vertex 12.928008079528809 -2.5328605175018311 -0.58704113960266113
  endloop
 endfacet
 facet normal -0.0074583393311477885 -0.90502645375775725 -0.42528989074874529
  outer loop
   vertex 11.481273651123047 -2.3140494823455811 -1.1854009628295898
   vertex 11.643095016479492 -2.3359017372131348 -1.1417367458343506
   vertex 11.566838264465332 -2.3810217380523682 -1.0443830490112305
  endloop
 endfacet
 facet normal -0.012920796783473156 -0.99972991468218164 0.019317108997937267
  outer loop
   vertex 11.647294998168945 -2.5949723720550537 0.16161039471626282
   vertex 11.667823791503906 -2.5994207859039307 -0.054879765957593918
   vertex 11.818231582641602 -2.5999264717102051 0.019553694874048233
  endloop
 endfacet
 facet normal 0.012517894165786903 -0.99968553928878157 0.021728434424782825
  outer loop
   vertex 11.48015022277832 -2.5996472835540771 0.042819470167160034
   vertex 11.667823791503906 -2.5994207859039307 -0.054879765957593918
   vertex 11.647294998168945 -2.5949723720550537 0.16161039471626282
  endloop
 endfacet
 facet normal 0.0017541048455384197 -0.91320945028609368 -0.4074867151507659
  outer loop
   vertex 12.69010066986084 -2.4052376747131348 -0.98733586072921753
   vertex 12.600016593933105 -2.3436503410339355 -1.1257456541061401
   vertex 12.783101081848145 -2.339017391204834 -1.1353403329849243
  endloop
 endfacet
 facet normal 0.0025895257858981123 -0.99001362858905728 -0.14094789662897475
  outer loop
   vertex 12.794858932495117 -2.5837891101837158 -0.28988620638847351
   vertex 12.646758079528809 -2.5821635723114014 -0.30402487516403198
   vertex 12.683684349060059 -2.5637803077697754 -0.4324699342250824
  endloop
 endfacet
 facet normal -0.0056937156777905635 -0.95659621285556651 -0.29136105977321036
  outer loop
   vertex 12.923125267028809 -2.4814271926879883 -0.77622067928314209
   vertex 12.792448043823242 -2.505403995513916 -0.69494640827178955
   vertex 12.746070861816406 -2.4643054008483887 -0.82897496223449707
  endloop
 endfacet
 facet normal -0.011358981606852166 -0.99991152150120444 0.0069226227689811034
  outer loop
   vertex 11.967746734619141 -2.5986824035644531 -0.082760408520698547
   vertex 12.107843399047852 -2.5998764038085938 -0.025345632806420326
   vertex 11.991127967834473 -2.5976021289825439 0.11164076626300812
  endloop
 endfacet
 facet normal 0.0023047237378631164 -0.88836947351966977 -0.45912347660174924
  outer loop
   vertex 12.678498268127441 -2.2710180282592773 -1.2658897638320923
   vertex 12.600016593933105 -2.3436503410339355 -1.1257456541061401
   vertex 12.506115913391113 -2.2776880264282227 -1.2538491487503052
  endloop
 endfacet
 facet normal 0.013662976379771099 -0.96479270167002118 -0.26265636463011366
  outer loop
   vertex 12.923125267028809 -2.4814271926879883 -0.77622067928314209
   vertex 12.928008079528809 -2.5328605175018311 -0.58704113960266113
   vertex 12.792448043823242 -2.505403995513916 -0.69494640827178955
  endloop
 endfacet
 facet normal 0.0035878326954540294 -0.86591031722582756 -0.50018641522777918
  outer loop
   vertex 11.830025672912598 -2.2170994281768799 -1.3581128120422363
   vertex 11.89051342010498 -2.287952184677124 -1.2350203990936279
   vertex 11.734378814697266 -2.2769725322723389 -1.2551480531692505
  endloop
 endfacet
 facet normal 0.0017277762356516066 -0.86631056759113156 -0.49950276802957866
  outer loop
   vertex 11.830025672912598 -2.2170994281768799 -1.3581128120422363
   vertex 11.992472648620605 -2.2119369506835938 -1.366504430770874
   vertex 11.89051342010498 -2.287952184677124 -1.2350203990936279
  endloop
 endfacet
 facet normal 0.013578159482965925 -0.9760895448538317 -0.21694431085440968
  outer loop
   vertex 13.081424713134766 -2.5590763092041016 -0.45948731899261475
   vertex 12.928008079528809 -2.5328605175018311 -0.58704113960266113
   vertex 13.115461349487305 -2.5100057125091553 -0.67813855409622192
  endloop
 endfacet
 facet normal 0.00013933310088684147 -0.86591029452221047 -0.50019930270517765
  outer loop
   vertex 12.275748252868652 -2.2129926681518555 -1.364794135093689
   vertex 12.351709365844727 -2.2880518436431885 -1.2348357439041138
   vertex 12.198333740234375 -2.2876987457275391 -1.2354897260665894
  endloop
 endfacet
 facet normal -0.0049384120412358365 0.29178749146265975 -0.956470423961159
  outer loop
   vertex 12.461849212646484 0.53617024421691895 -2.5441150665283203
   vertex 12.801203727722168 0.95679998397827148 -2.4175469875335693
   vertex 13.016107559204102 0.5688396692276001 -2.5370104312896729
  endloop
 endfacet
 facet normal -0.011624901636788962 -0.99962859750412603 -0.024648097570988708
  outer loop
   vertex 11.48015022277832 -2.5996472835540771 0.042819470167160034
   vertex 11.535537719726562 -2.5954406261444092 -0.15390846133232117
   vertex 11.667823791503906 -2.5994207859039307 -0.054879765957593918
  endloop
 endfacet
 facet normal -0.0097227321077451821 -0.96498999934954788 -0.26210640899398191
  outer loop
   vertex 13.115461349487305 -2.5100057125091553 -0.67813855409622192
   vertex 12.928008079528809 -2.5328605175018311 -0.58704113960266113
   vertex 12.923125267028809 -2.4814271926879883 -0.77622067928314209
  endloop
 endfacet
 facet normal -6.4568312951767781e-05 -0.86571019969380969 -0.50054554835403064
  outer loop
   vertex 11.992472648620605 -2.2119369506835938 -1.366504430770874
   vertex 12.043842315673828 -2.2877895832061768 -1.2353214025497437
   vertex 11.89051342010498 -2.287952184677124 -1.2350203990936279
  endloop
 endfacet
 facet normal -0.002848094230910426 -0.96996453892439549 -0.24322968895354216
  outer loop
   vertex 12.928008079528809 -2.5328605175018311 -0.58704113960266113
   vertex 12.743943214416504 -2.5380330085754395 -0.56425869464874268
   vertex 12.792448043823242 -2.505403995513916 -0.69494640827178955
  endloop
 endfacet
 facet normal -0.011212387518835798 -0.99824078853018816 -0.058220361393208846
  outer loop
   vertex 11.667823791503906 -2.5994207859039307 -0.054879765957593918
   vertex 11.699642181396484 -2.5891225337982178 -0.23758037388324738
   vertex 11.82608699798584 -2.5949916839599609 -0.16129989922046661
  endloop
 endfacet
 facet normal -0.0036090163202358656 -0.97979877464896525 -0.19995333504992219
  outer loop
   vertex 11.376916885375977 -2.5612959861755371 -0.44694772362709045
   vertex 11.311483383178711 -2.5298118591308594 -0.60004323720932007
   vertex 11.495560646057129 -2.5354177951812744 -0.57589584589004517
  endloop
 endfacet
 facet normal -0.0089611430957231685 -0.99564844289442545 -0.092757081003684266
  outer loop
   vertex 11.535537719726562 -2.5954406261444092 -0.15390846133232117
   vertex 11.600578308105469 -2.5815927982330322 -0.30883362889289856
   vertex 11.699642181396484 -2.5891225337982178 -0.23758037388324738
  endloop
 endfacet
 facet normal -0.013223453755612619 -0.99968823209740387 -0.02117968075161689
  outer loop
   vertex 12.398416519165039 -2.599567174911499 0.047439593821763992
   vertex 12.405402183532715 -2.5953679084777832 -0.15512870252132416
   vertex 12.54963207244873 -2.5996177196502686 -0.044585537165403366
  endloop
 endfacet
 facet normal 0.057185580288803231 -0.56398448148454439 -0.82380295826832428
  outer loop
   vertex 15.079999923706055 -1.1847738027572632 -2.3143706321716309
   vertex 15.079999923706055 -1.7290257215499878 -1.9417698383331299
   vertex 14.717711448669434 -1.4389581680297852 -2.1655020713806152
  endloop
 endfacet
 facet normal 0.0055712485354268921 0.28860090944584177 -0.95743327509377352
  outer loop
   vertex 2.725693941116333 0.51369398832321167 -2.5487484931945801
   vertex 2.090984582901001 0.55400174856185913 -2.5402917861938477
   vertex 2.3193027973175049 0.95679998397827148 -2.4175469875335693
  endloop
 endfacet
 facet normal 0.0088106374832743629 -0.99594865365573493 -0.089491071892493515
  outer loop
   vertex 12.694281578063965 -2.5958211421966553 -0.14735057950019836
   vertex 12.535572052001953 -2.5901892185211182 -0.22565379738807678
   vertex 12.646758079528809 -2.5821635723114014 -0.30402487516403198
  endloop
 endfacet
 facet normal -0.0022863529549225561 -0.21862394089719367 -0.97580651005040231
  outer loop
   vertex 1.4138848781585693 -0.81243699789047241 -2.4698069095611572
   vertex 1.1014589071273804 -0.31183439493179321 -2.5812320709228516
   vertex 1.6709548234939575 -0.32509452104568481 -2.5795955657958984
  endloop
 endfacet
 facet normal -0.010171281729741485 -0.9986360743085031 -0.051210703155454604
  outer loop
   vertex 12.54963207244873 -2.5996177196502686 -0.044585537165403366
   vertex 12.535572052001953 -2.5901892185211182 -0.22565379738807678
   vertex 12.694281578063965 -2.5958211421966553 -0.14735057950019836
  endloop
 endfacet
 facet normal 0.00033381462861071452 -0.034238018646263413 -0.99941365142115812
  outer loop
   vertex 2.2797493934631348 -0.32730147242546082 -2.5793166160583496
   vertex 1.6709548234939575 -0.32509452104568481 -2.5795955657958984
   vertex 1.9004960060119629 0.14863426983356476 -2.5957479476928711
  endloop
 endfacet
 facet normal 0.0072708415262870878 -0.2129337582221936 -0.97703958439403671
  outer loop
   vertex 1.4138848781585693 -0.81243699789047241 -2.4698069095611572
   vertex 0.76034849882125854 -0.76389366388320923 -2.4852497577667236
   vertex 1.1014589071273804 -0.31183439493179321 -2.5812320709228516
  endloop
 endfacet
 facet normal -0.030926575072589096 -0.4719465928980624 -0.88108453646979301
  outer loop
   vertex 14.596383094787598 -0.97117286920547485 -2.4118092060089111
   vertex 15.079999923706055 -1.1847738027572632 -2.3143706321716309
   vertex 14.717711448669434 -1.4389581680297852 -2.1655020713806152
  endloop
 endfacet
 facet normal -0.0035417873472961634 -0.037322297409423076 -0.99929700382742526
  outer loop
   vertex 2.2797493934631348 -0.32730147242546082 -2.5793166160583496
   vertex 1.9004960060119629 0.14863426983356476 -2.5957479476928711
   vertex 2.4847054481506348 0.12567414343357086 -2.5969610214233398
  endloop
 endfacet
 facet normal 0.0023876785523622031 -0.96992925527313523 -0.24337530432735327
  outer loop
   vertex 11.311483383178711 -2.5298118591308594 -0.60004323720932007
   vertex 11.45628547668457 -2.5080962181091309 -0.68516647815704346
   vertex 11.495560646057129 -2.5354177951812744 -0.57589584589004517
  endloop
 endfacet
 facet normal 0.00050324157576904201 -0.98054006033156405 -0.19631845769791723
  outer loop
   vertex 11.376916885375977 -2.5612959861755371 -0.44694772362709045
   vertex 11.495560646057129 -2.5354177951812744 -0.57589584589004517
   vertex 11.553112983703613 -2.561892032623291 -0.44351902604103088
  endloop
 endfacet
 facet normal -0.012554206313685094 -0.99989437140978865 0.0073237918360007275
  outer loop
   vertex 12.208774566650391 -2.5965533256530762 0.13383291661739349
   vertex 12.261764526367188 -2.5987818241119385 -0.079583331942558289
   vertex 12.398416519165039 -2.599567174911499 0.047439593821763992
  endloop
 endfacet
 facet normal 0.011823542110662033 -0.99984062949924979 0.013376077694941337
  outer loop
   vertex 12.107843399047852 -2.5998764038085938 -0.025345632806420326
   vertex 12.261764526367188 -2.5987818241119385 -0.079583331942558289
   vertex 12.208774566650391 -2.5965533256530762 0.13383291661739349
  endloop
 endfacet
 facet normal 0.037283288376395933 -0.34363965652276057 -0.93836120064331396
  outer loop
   vertex 15.079999923706055 -0.59008502960205078 -2.5321531295776367
   vertex 15.079999923706055 -1.1847738027572632 -2.3143706321716309
   vertex 14.596383094787598 -0.97117286920547485 -2.4118092060089111
  endloop
 endfacet
 facet normal 0.011088717214138833 -0.99854054635901324 -0.052856576010825829
  outer loop
   vertex 12.54963207244873 -2.5996177196502686 -0.044585537165403366
   vertex 12.405402183532715 -2.5953679084777832 -0.15512870252132416
   vertex 12.535572052001953 -2.5901892185211182 -0.22565379738807678
  endloop
 endfacet
 facet normal 0.002422093257334374 0.12182262682737109 -0.99254893131630129
  outer loop
   vertex 3.0769116878509521 0.10713016241788864 -2.5977919101715088
   vertex 2.4847054481506348 0.12567414343357086 -2.5969610214233398
   vertex 2.725693941116333 0.51369398832321167 -2.5487484931945801
  endloop
 endfacet
 facet normal -0.0015943612271667965 0.1201762889149418 -0.99275128687648129
  outer loop
   vertex 12.149013519287109 0.080720692873001099 -2.5987465381622314
   vertex 12.461849212646484 0.53617024421691895 -2.5441150665283203
   vertex 12.634940147399902 0.089558415114879608 -2.5984570980072021
  endloop
 endfacet
 facet normal 0.010695384689396908 -0.99846099308009639 -0.054417405706754358
  outer loop
   vertex 11.667823791503906 -2.5994207859039307 -0.054879765957593918
   vertex 11.535537719726562 -2.5954406261444092 -0.15390846133232117
   vertex 11.699642181396484 -2.5891225337982178 -0.23758037388324738
  endloop
 endfacet
 facet normal 0.020138805609575743 -0.27285044618168275 -0.96184565421229429
  outer loop
   vertex 10.631159782409668 -0.43067443370819092 -2.5640826225280762
   vertex 10.813343048095703 -1.0091292858123779 -2.3961756229400635
   vertex 10.216328620910645 -0.89560079574584961 -2.4408807754516602
  endloop
 endfacet
 facet normal 0.002131686745084539 -0.084573925360551472 -0.99641492715671853
  outer loop
   vertex 12.634940147399902 0.089558415114879608 -2.5984570980072021
   vertex 12.224398612976074 -0.51892685890197754 -2.5476882457733154
   vertex 12.149013519287109 0.080720692873001099 -2.5987465381622314
  endloop
 endfacet
 facet normal -0.008739413373684413 -0.9785451345748325 0.20584713321736289
  outer loop
   vertex 9.0777969360351562 -2.4686384201049805 0.81598031520843506
   vertex 9.5015039443969727 -2.5845654010772705 0.28288164734840393
   vertex 9.7664690017700195 -2.4868345260620117 0.75871878862380981
  endloop
 endfacet
 facet normal 0.0053732252423637581 -0.79984434214578981 -0.60018343594926338
  outer loop
   vertex 8.8809804916381836 -1.9529105424880981 -1.7164324522018433
   vertex 9.5587911605834961 -1.9244931936264038 -1.7482351064682007
   vertex 9.4028100967407227 -2.2117266654968262 -1.3668451309204102
  endloop
 endfacet
 facet normal 0.019087214587956224 -0.18350518461103091 -0.98283341694314841
  outer loop
   vertex 1.7693284988171132e-14 -0.58306425809860229 -2.5337789058685303
   vertex 0.52992862462997437 -0.22595831751823425 -2.5901627540588379
   vertex 0.76034849882125854 -0.76389366388320923 -2.4852497577667236
  endloop
 endfacet
 facet normal -0.029241336883823545 -0.92287906774691375 0.3839780860047014
  outer loop
   vertex 9.4672136306762695 -2.2533848285675049 1.29701828956604
   vertex 9.7664690017700195 -2.4868345260620117 0.75871878862380981
   vertex 10.093962669372559 -2.3503670692443848 1.1116538047790527
  endloop
 endfacet
 facet normal -0.0057810459798972843 -0.68546907564571169 -0.72807879095657746
  outer loop
   vertex 9.0534849166870117 -1.6020969152450562 -2.0477514266967773
   vertex 9.7221164703369141 -1.6388570070266724 -2.0184516906738281
   vertex 9.5587911605834961 -1.9244931936264038 -1.7482351064682007
  endloop
 endfacet
 facet normal -0.030765128845715063 -0.85293267510299176 0.5211135755176225
  outer loop
   vertex 9.8643045425415039 -2.0246987342834473 1.6311330795288086
   vertex 10.093962669372559 -2.3503670692443848 1.1116538047790527
   vertex 10.484488487243652 -2.1539592742919922 1.4561798572540283
  endloop
 endfacet
 facet normal -0.032292149117945715 -0.28798329959061114 -0.9570908192341252
  outer loop
   vertex 10.631159782409668 -0.43067443370819092 -2.5640826225280762
   vertex 11.217568397521973 -0.66076081991195679 -2.5146362781524658
   vertex 10.813343048095703 -1.0091292858123779 -2.3961756229400635
  endloop
 endfacet
 facet normal -0.015113095527272361 -0.41870906592687734 -0.90799466543269158
  outer loop
   vertex 9.5459918975830078 -0.79960149526596069 -2.4739921092987061
   vertex 10.216328620910645 -0.89560079574584961 -2.4408807754516602
   vertex 9.9118328094482422 -1.319164514541626 -2.2404921054840088
  endloop
 endfacet
 facet normal -0.019269565344548271 -0.85781599676114462 0.51359556029245068
  outer loop
   vertex 13.242204666137695 -2.0763580799102783 1.564844012260437
   vertex 13.377690315246582 -2.3489627838134766 1.1146183013916016
   vertex 13.804159164428711 -2.1546809673309326 1.4551117420196533
  endloop
 endfacet
 facet normal 0.011143371895336813 -0.99993386037037413 0.0028460758253139196
  outer loop
   vertex 8.8079767227172852 -2.5925390720367432 0.1968291848897934
   vertex 9.3448247909545898 -2.5878317356109619 -0.25125184655189514
   vertex 9.5015039443969727 -2.5845654010772705 0.28288164734840393
  endloop
 endfacet
 facet normal 0.062640425837052732 -0.99475793119579392 0.080825957303435184
  outer loop
   vertex 15.079999923706055 -2.5959291458129883 -0.14543710649013519
   vertex 15.079999923706055 -2.5383989810943604 0.56261003017425537
   vertex 14.691681861877441 -2.5911099910736084 0.21482217311859131
  endloop
 endfacet
 facet normal 0.025192561788660407 -0.80199448083766167 0.59679995604595526
  outer loop
   vertex 10.959368705749512 -1.9096729755401611 1.7644118070602417
   vertex 10.484488487243652 -2.1539592742919922 1.4561798572540283
   vertex 11.056746482849121 -2.2497913837432861 1.3032417297363281
  endloop
 endfacet
 facet normal 0.033411050569493735 -0.89840461239899339 -0.43789593983052338
  outer loop
   vertex 15.079999923706055 -2.1689081192016602 -1.433819055557251
   vertex 15.079999923706055 -2.4656021595001221 -0.82510983943939209
   vertex 14.527816772460938 -2.3944427967071533 -1.0132342576980591
  endloop
 endfacet
 facet normal 0.0021379674306115826 0.29298330667948663 -0.95611516623386927
  outer loop
   vertex 2.090984582901001 0.55400174856185913 -2.5402917861938477
   vertex 1.570356011390686 0.56761366128921509 -2.5372848510742188
   vertex 1.784621000289917 0.95679998397827148 -2.4175469875335693
  endloop
 endfacet
 facet normal 0.048912500895046541 -0.20076779540912787 -0.97841701721850205
  outer loop
   vertex 11.620457649230957 -0.17549349367618561 -2.5940704345703125
   vertex 11.733355522155762 -0.89694565534591675 -2.4403870105743408
   vertex 11.217568397521973 -0.66076081991195679 -2.5146362781524658
  endloop
 endfacet
 facet normal 0 0.29429071522086397 -0.9557159488753928
  outer loop
   vertex 12.801203727722168 0.95679998397827148 -2.4175469875335693
   vertex 13.310384750366211 0.95679998397827148 -2.4175469875335693
   vertex 13.016107559204102 0.5688396692276001 -2.5370104312896729
  endloop
 endfacet
 facet normal -0.027764324350936773 -0.11557085924344089 -0.99291113337854608
  outer loop
   vertex 0.52992862462997437 -0.22595831751823425 -2.5901627540588379
   vertex 1.7693284988171132e-14 -0.58306425809860229 -2.5337789058685303
   vertex 1.8155421081995395e-14 -0.014481829479336739 -2.5999596118927002
  endloop
 endfacet
 facet normal 0.013098491717659319 -0.99970868763156351 -0.020272379946602092
  outer loop
   vertex 12.398416519165039 -2.599567174911499 0.047439593821763992
   vertex 12.261764526367188 -2.5987818241119385 -0.079583331942558289
   vertex 12.405402183532715 -2.5953679084777832 -0.15512870252132416
  endloop
 endfacet
 facet normal -0.047469278471820801 -0.21521044185534516 -0.97541331409705079
  outer loop
   vertex 12.224398612976074 -0.51892685890197754 -2.5476882457733154
   vertex 11.733355522155762 -0.89694565534591675 -2.4403870105743408
   vertex 11.620457649230957 -0.17549349367618561 -2.5940704345703125
  endloop
 endfacet
 facet normal -0.0058756706235636091 -0.95462735067267768 0.29774502152410148
  outer loop
   vertex 14.391565322875977 -2.3913259506225586 1.0205687284469604
   vertex 14.474194526672363 -2.5465269088745117 0.52459543943405151
   vertex 15.079999923706055 -2.5383989810943604 0.56261003017425537
  endloop
 endfacet
 facet normal -0.0104484672929341 -0.56622953211986082 -0.82418137960436355
  outer loop
   vertex 9.2505788803100586 -1.2487332820892334 -2.2804968357086182
   vertex 9.9118328094482422 -1.319164514541626 -2.2404921054840088
   vertex 9.7221164703369141 -1.6388570070266724 -2.0184516906738281
  endloop
 endfacet
 facet normal 0.025461144228825963 -0.97697295096217118 -0.21183857822130991
  outer loop
   vertex 8.68072509765625 -2.5537018775939941 -0.48847344517707825
   vertex 9.2913103103637695 -2.4633309841156006 -0.83186566829681396
   vertex 9.3448247909545898 -2.5878317356109619 -0.25125184655189514
  endloop
 endfacet
 facet normal 0.0011744023543773466 0.29478826866162688 -0.95556187525381664
  outer loop
   vertex 1.570356011390686 0.56761366128921509 -2.5372848510742188
   vertex 1.0848211050033569 0.57477468252182007 -2.5356724262237549
   vertex 1.3058599233627319 0.95679998397827148 -2.4175469875335693
  endloop
 endfacet
 facet normal -0.042808576548020651 -0.79026858359775787 0.61126343874987821
  outer loop
   vertex 13.242204666137695 -2.0763580799102783 1.564844012260437
   vertex 12.886462211608887 -1.8712217807769775 1.8051396608352661
   vertex 12.944130897521973 -2.2050495147705078 1.3775910139083862
  endloop
 endfacet
 facet normal -0.0011375711698508935 0.29715010124341656 -0.95483010177877237
  outer loop
   vertex 13.517409324645996 0.58031302690505981 -2.5344104766845703
   vertex 13.770896911621094 0.95679998397827148 -2.4175469875335693
   vertex 13.986064910888672 0.58722400665283203 -2.532818078994751
  endloop
 endfacet
 facet normal 0.02035134555448859 -0.73550476520976782 0.67721382375719841
  outer loop
   vertex 12.355215072631836 -1.7126355171203613 1.956241250038147
   vertex 11.976753234863281 -2.0393455028533936 1.6127831935882568
   vertex 12.506464958190918 -2.106827974319458 1.5235735177993774
  endloop
 endfacet
 facet normal 0.022300362883900825 -0.90647383332269837 -0.42167272062169187
  outer loop
   vertex 8.7310571670532227 -2.3006904125213623 -1.2111248970031738
   vertex 9.4028100967407227 -2.2117266654968262 -1.3668451309204102
   vertex 9.2913103103637695 -2.4633309841156006 -0.83186566829681396
  endloop
 endfacet
 facet normal -0.032555014348875443 -0.74445750980317338 0.66687569091878163
  outer loop
   vertex 12.355215072631836 -1.7126355171203613 1.956241250038147
   vertex 12.506464958190918 -2.106827974319458 1.5235735177993774
   vertex 12.886462211608887 -1.8712217807769775 1.8051396608352661
  endloop
 endfacet
 facet normal -0.0021474893226702198 0.29427375235414005 -0.95571875934556361
  outer loop
   vertex 1.0848211050033569 0.57477468252182007 -2.5356724262237549
   vertex 0.60082656145095825 0.56181615591049194 -2.5385749340057373
   vertex 0.86378216743469238 0.95679998397827148 -2.4175469875335693
  endloop
 endfacet
 facet normal -0.00053564581869870102 0.29803808140642069 -0.95455383039152741
  outer loop
   vertex 13.986064910888672 0.58722400665283203 -2.532818078994751
   vertex 14.201231956481934 0.95679998397827148 -2.4175469875335693
   vertex 14.415020942687988 0.59023994207382202 -2.5321171283721924
  endloop
 endfacet
 facet normal 0.036719616353927023 -0.84990530612368309 0.52565448766050593
  outer loop
   vertex 13.377690315246582 -2.3489627838134766 1.1146183013916016
   vertex 13.242204666137695 -2.0763580799102783 1.564844012260437
   vertex 12.944130897521973 -2.2050495147705078 1.3775910139083862
  endloop
 endfacet
 facet normal 0.03107302323932189 -0.75557561329384348 -0.65432404802391353
  outer loop
   vertex 15.079999923706055 -2.1689081192016602 -1.433819055557251
   vertex 14.579865455627441 -2.0786702632904053 -1.5617712736129761
   vertex 15.079999923706055 -1.7290257215499878 -1.9417698383331299
  endloop
 endfacet
 facet normal -0.010257527753452914 0.30375226227069629 -0.95269583093966637
  outer loop
   vertex 14.792351722717285 0.64493048191070557 -2.518742561340332
   vertex 14.415020942687988 0.59023994207382202 -2.5321171283721924
   vertex 14.628809928894043 0.95679998397827148 -2.4175469875335693
  endloop
 endfacet
 facet normal 0.0041558952946325698 -0.98937735528931425 0.14531062375140411
  outer loop
   vertex 15.079999923706055 -2.5383989810943604 0.56261003017425537
   vertex 14.474194526672363 -2.5465269088745117 0.52459543943405151
   vertex 14.691681861877441 -2.5911099910736084 0.21482217311859131
  endloop
 endfacet
 facet normal 0.031292024023248585 -0.85941364197772063 0.5103224482766936
  outer loop
   vertex 14.45164680480957 -2.0319602489471436 1.6220780611038208
   vertex 13.804159164428711 -2.1546809673309326 1.4551117420196533
   vertex 14.391565322875977 -2.3913259506225586 1.0205687284469604
  endloop
 endfacet
 facet normal 0 0.29645176111094651 -0.95504782777315311
  outer loop
   vertex 13.517409324645996 0.58031302690505981 -2.5344104766845703
   vertex 13.310384750366211 0.95679998397827148 -2.4175469875335693
   vertex 13.770896911621094 0.95679998397827148 -2.4175469875335693
  endloop
 endfacet
 facet normal -0.028002289072679924 -0.86516685526372916 -0.50070169198811321
  outer loop
   vertex 14.527816772460938 -2.3944427967071533 -1.0132342576980591
   vertex 14.579865455627441 -2.0786702632904053 -1.5617712736129761
   vertex 15.079999923706055 -2.1689081192016602 -1.433819055557251
  endloop
 endfacet
 facet normal 0 0.28180522695112942 -0.95947163275576963
  outer loop
   vertex 1.7813392566025897e-14 0.50249910354614258 -2.5509791374206543
   vertex 0 0.95679998397827148 -2.4175469875335693
   vertex 0.43430176377296448 0.95679998397827148 -2.4175469875335693
  endloop
 endfacet
 facet normal 0 0.30863911272571065 -0.95117921449950005
  outer loop
   vertex 14.792351722717285 0.64493048191070557 -2.518742561340332
   vertex 14.628809928894043 0.95679998397827148 -2.4175469875335693
   vertex 15.079999923706055 0.95679998397827148 -2.4175469875335693
  endloop
 endfacet
 facet normal 0 0.2929677453520706 -0.95612232490582738
  outer loop
   vertex 0.60082656145095825 0.56181615591049194 -2.5385749340057373
   vertex 0.43430176377296448 0.95679998397827148 -2.4175469875335693
   vertex 0.86378216743469238 0.95679998397827148 -2.4175469875335693
  endloop
 endfacet
 facet normal 0.012320381880783337 -0.84800527806263915 0.5298445588738433
  outer loop
   vertex 11.976753234863281 -2.0393455028533936 1.6127831935882568
   vertex 11.493624687194824 -2.0761222839355469 1.5651568174362183
   vertex 11.618277549743652 -2.3245999813079834 1.1645748615264893
  endloop
 endfacet
 facet normal 0.018310634339887565 -0.84708687073133482 0.53113892166237053
  outer loop
   vertex 11.618277549743652 -2.3245999813079834 1.1645748615264893
   vertex 11.493624687194824 -2.0761222839355469 1.5651568174362183
   vertex 11.056746482849121 -2.2497913837432861 1.3032417297363281
  endloop
 endfacet
 facet normal -0.087819162590541025 0.28071645379254084 -0.95576465055579263
  outer loop
   vertex 1.7813392566025897e-14 0.50249910354614258 -2.5509791374206543
   vertex -0.44054818153381348 0.95679998397827148 -2.3770678043365479
   vertex 0 0.95679998397827148 -2.4175469875335693
  endloop
 endfacet
 facet normal 0 0.28391096046563158 -0.95885064870785919
  outer loop
   vertex 2.9633395671844482 0.95679998397827148 -2.4175469875335693
   vertex 2.725693941116333 0.51369398832321167 -2.5487484931945801
   vertex 2.3193027973175049 0.95679998397827148 -2.4175469875335693
  endloop
 endfacet
 facet normal 0 0.28813968956227615 -0.95758838719929951
  outer loop
   vertex 12.199911117553711 0.95679998397827148 -2.4175469875335693
   vertex 12.801203727722168 0.95679998397827148 -2.4175469875335693
   vertex 12.461849212646484 0.53617024421691895 -2.5441150665283203
  endloop
 endfacet
 facet normal -0.05670571357996531 0.094169141451640959 -0.99393995535225754
  outer loop
   vertex -0.43717610836029053 0.17753393948078156 -2.5568258762359619
   vertex 1.7813392566025897e-14 0.50249910354614258 -2.5509791374206543
   vertex 1.8155421081995395e-14 -0.014481829479336739 -2.5999596118927002
  endloop
 endfacet
 facet normal 0.05199421799062038 -0.98077953460254186 -0.18806410024341483
  outer loop
   vertex 15.538342475891113 -2.5410552024841309 -0.30489379167556763
   vertex 15.079999923706055 -2.5959291458129883 -0.14543710649013519
   vertex 15.079999923706055 -2.4656021595001221 -0.82510983943939209
  endloop
 endfacet
 facet normal -0.011470974193101131 0.2815637573957564 -0.95947395341001573
  outer loop
   vertex 11.830629348754883 0.45944616198539734 -2.5590837001800537
   vertex 12.199911117553711 0.95679998397827148 -2.4175469875335693
   vertex 12.461849212646484 0.53617024421691895 -2.5441150665283203
  endloop
 endfacet
 facet normal 0.0076052498739300678 0.28015052342331165 -0.95992595776966028
  outer loop
   vertex 3.4084949493408203 0.46022266149520874 -2.5589442253112793
   vertex 2.725693941116333 0.51369398832321167 -2.5487484931945801
   vertex 2.9633395671844482 0.95679998397827148 -2.4175469875335693
  endloop
 endfacet
 facet normal 0 0.29149638377523501 -0.95657193051331002
  outer loop
   vertex 2.3193027973175049 0.95679998397827148 -2.4175469875335693
   vertex 2.090984582901001 0.55400174856185913 -2.5402917861938477
   vertex 1.784621000289917 0.95679998397827148 -2.4175469875335693
  endloop
 endfacet
 facet normal -0.00035737522434800892 -0.22182993713437846 -0.97508530461386134
  outer loop
   vertex 2.0465500354766846 -0.82154864072799683 -2.4667909145355225
   vertex 1.6709548234939575 -0.32509452104568481 -2.5795955657958984
   vertex 2.2797493934631348 -0.32730147242546082 -2.5793166160583496
  endloop
 endfacet
 facet normal 0.0014739600207425126 -0.22051210093464144 -0.97538312512737668
  outer loop
   vertex 2.0465500354766846 -0.82154864072799683 -2.4667909145355225
   vertex 1.4138848781585693 -0.81243699789047241 -2.4698069095611572
   vertex 1.6709548234939575 -0.32509452104568481 -2.5795955657958984
  endloop
 endfacet
 facet normal 0.0099023685088322228 0.11238317855203704 -0.99361560186847719
  outer loop
   vertex 11.830629348754883 0.45944616198539734 -2.5590837001800537
   vertex 12.461849212646484 0.53617024421691895 -2.5441150665283203
   vertex 12.149013519287109 0.080720692873001099 -2.5987465381622314
  endloop
 endfacet
 facet normal 0 0.29405943374077542 -0.95578713604445131
  outer loop
   vertex 1.570356011390686 0.56761366128921509 -2.5372848510742188
   vertex 1.3058599233627319 0.95679998397827148 -2.4175469875335693
   vertex 1.784621000289917 0.95679998397827148 -2.4175469875335693
  endloop
 endfacet
 facet normal 0.061442455224048904 -0.11807655100610027 -0.99110178730468668
  outer loop
   vertex 15.561203002929688 -0.35363411903381348 -2.5304913520812988
   vertex 15.079999923706055 -0.59008502960205078 -2.5321531295776367
   vertex 15.079999923706055 -0.021332483738660812 -2.5999124050140381
  endloop
 endfacet
 facet normal 0 0.29775393251490401 -0.95464265339021492
  outer loop
   vertex 13.986064910888672 0.58722400665283203 -2.532818078994751
   vertex 13.770896911621094 0.95679998397827148 -2.4175469875335693
   vertex 14.201231956481934 0.95679998397827148 -2.4175469875335693
  endloop
 endfacet
 facet normal 0 0.29540874269271727 -0.95537096184712866
  outer loop
   vertex 1.0848211050033569 0.57477468252182007 -2.5356724262237549
   vertex 0.86378216743469238 0.95679998397827148 -2.4175469875335693
   vertex 1.3058599233627319 0.95679998397827148 -2.4175469875335693
  endloop
 endfacet
 facet normal -0.0054468560224758605 -0.68519089686117629 -0.7283431654227609
  outer loop
   vertex 8.8809804916381836 -1.9529105424880981 -1.7164324522018433
   vertex 9.0534849166870117 -1.6020969152450562 -2.0477514266967773
   vertex 9.5587911605834961 -1.9244931936264038 -1.7482351064682007
  endloop
 endfacet
 facet normal 0.0092508578247585665 -0.91551284439710356 0.40218236332966051
  outer loop
   vertex 9.0777969360351562 -2.4686384201049805 0.81598031520843506
   vertex 9.7664690017700195 -2.4868345260620117 0.75871878862380981
   vertex 9.4672136306762695 -2.2533848285675049 1.29701828956604
  endloop
 endfacet
 facet normal 0.0036823649724306681 -0.040586004765178721 -0.99916926314084076
  outer loop
   vertex 2.9434406757354736 -0.35401833057403564 -2.5757853984832764
   vertex 2.2797493934631348 -0.32730147242546082 -2.5793166160583496
   vertex 2.4847054481506348 0.12567414343357086 -2.5969610214233398
  endloop
 endfacet
 facet normal 0.027704878390454678 -0.74108464495457582 0.67083976382286714
  outer loop
   vertex 13.426877021789551 -1.725090503692627 1.9452667236328125
   vertex 13.242204666137695 -2.0763580799102783 1.564844012260437
   vertex 13.804159164428711 -2.1546809673309326 1.4551117420196533
  endloop
 endfacet
 facet normal 0.030450340601301924 -0.080999688218764507 -0.99624887817539243
  outer loop
   vertex 12.224398612976074 -0.51892685890197754 -2.5476882457733154
   vertex 11.620457649230957 -0.17549349367618561 -2.5940704345703125
   vertex 12.149013519287109 0.080720692873001099 -2.5987465381622314
  endloop
 endfacet
 facet normal -0.0085388412242605582 -0.4057118650020371 -0.91396114293065855
  outer loop
   vertex 1.0848977565765381 -1.3100024461746216 -2.2458615303039551
   vertex 0.76034849882125854 -0.76389366388320923 -2.4852497577667236
   vertex 1.4138848781585693 -0.81243699789047241 -2.4698069095611572
  endloop
 endfacet
 facet normal -0.025111718790336284 -0.23507445530181018 -0.97165292262409853
  outer loop
   vertex 9.9495220184326172 -0.26563307642936707 -2.5863950252532959
   vertex 10.631159782409668 -0.43067443370819092 -2.5640826225280762
   vertex 10.216328620910645 -0.89560079574584961 -2.4408807754516602
  endloop
 endfacet
 facet normal 0 0.29832273949408877 -0.95446505598724896
  outer loop
   vertex 14.415020942687988 0.59023994207382202 -2.5321171283721924
   vertex 14.201231956481934 0.95679998397827148 -2.4175469875335693
   vertex 14.628809928894043 0.95679998397827148 -2.4175469875335693
  endloop
 endfacet
 facet normal 0.029675446090390648 -0.84093931181829518 0.54031513187945102
  outer loop
   vertex 9.4672136306762695 -2.2533848285675049 1.29701828956604
   vertex 10.093962669372559 -2.3503670692443848 1.1116538047790527
   vertex 9.8643045425415039 -2.0246987342834473 1.6311330795288086
  endloop
 endfacet
 facet normal -0.0028681622575967678 -0.046838387859062809 -0.99889836273167854
  outer loop
   vertex 2.9434406757354736 -0.35401833057403564 -2.5757853984832764
   vertex 2.4847054481506348 0.12567414343357086 -2.5969610214233398
   vertex 3.0769116878509521 0.10713016241788864 -2.5977919101715088
  endloop
 endfacet
 facet normal 0.027802548861186074 -0.14178942577457532 -0.98950632995213195
  outer loop
   vertex 11.024838447570801 -0.12320839613676071 -2.5970790386199951
   vertex 11.217568397521973 -0.66076081991195679 -2.5146362781524658
   vertex 10.631159782409668 -0.43067443370819092 -2.5640826225280762
  endloop
 endfacet
 facet normal 0.026255624390820843 -0.74076639248483112 0.6712494275251617
  outer loop
   vertex 13.426877021789551 -1.725090503692627 1.9452667236328125
   vertex 12.886462211608887 -1.8712217807769775 1.8051396608352661
   vertex 13.242204666137695 -2.0763580799102783 1.564844012260437
  endloop
 endfacet
 facet normal 0.006153413972690972 -0.5524417040127555 -0.83352882323526378
  outer loop
   vertex 9.0534849166870117 -1.6020969152450562 -2.0477514266967773
   vertex 9.2505788803100586 -1.2487332820892334 -2.2804968357086182
   vertex 9.7221164703369141 -1.6388570070266724 -2.0184516906738281
  endloop
 endfacet
 facet normal -0.0058445882906682581 0.11478078500324379 -0.9933736518459465
  outer loop
   vertex 3.4084949493408203 0.46022266149520874 -2.5589442253112793
   vertex 3.0769116878509521 0.10713016241788864 -2.5977919101715088
   vertex 2.725693941116333 0.51369398832321167 -2.5487484931945801
  endloop
 endfacet
 facet normal -0.013802989356109496 -0.97929136986221665 0.20198487665718476
  outer loop
   vertex 8.8079767227172852 -2.5925390720367432 0.1968291848897934
   vertex 9.5015039443969727 -2.5845654010772705 0.28288164734840393
   vertex 9.0777969360351562 -2.4686384201049805 0.81598031520843506
  endloop
 endfacet
 facet normal 0.038797769973467448 -0.6181099067314193 0.78513366775700177
  outer loop
   vertex 12.894062042236328 -1.313611626625061 2.2437522411346436
   vertex 12.355215072631836 -1.7126355171203613 1.956241250038147
   vertex 12.886462211608887 -1.8712217807769775 1.8051396608352661
  endloop
 endfacet
 facet normal 0.065591487538804061 0.091799800391026309 -0.99361489190259966
  outer loop
   vertex 15.559475898742676 0.23509250581264496 -2.544569730758667
   vertex 15.079999923706055 -0.021332483738660812 -2.5999124050140381
   vertex 15.079999923706055 0.49731659889221191 -2.5519945621490479
  endloop
 endfacet
 facet normal 0.016947686139658302 -0.21820878928797582 -0.9757549386049692
  outer loop
   vertex 9.9495220184326172 -0.26563307642936707 -2.5863950252532959
   vertex 10.216328620910645 -0.89560079574584961 -2.4408807754516602
   vertex 9.5459918975830078 -0.79960149526596069 -2.4739921092987061
  endloop
 endfacet
 facet normal -0.030507303618753371 -0.37673800799713242 -0.92581735658620368
  outer loop
   vertex 1.7693284988171132e-14 -0.58306425809860229 -2.5337789058685303
   vertex 0.76034849882125854 -0.76389366388320923 -2.4852497577667236
   vertex 0.43192112445831299 -1.2715778350830078 -2.2678382396697998
  endloop
 endfacet
 facet normal -0.0085803618925812813 -0.15459378574141888 -0.98794085794643016
  outer loop
   vertex 11.024838447570801 -0.12320839613676071 -2.5970790386199951
   vertex 11.620457649230957 -0.17549349367618561 -2.5940704345703125
   vertex 11.217568397521973 -0.66076081991195679 -2.5146362781524658
  endloop
 endfacet
 facet normal -0.012534265998130541 -0.71756132633513814 0.69638253505099157
  outer loop
   vertex 11.619243621826172 -1.6414551734924316 2.0163395404815674
   vertex 11.976753234863281 -2.0393455028533936 1.6127831935882568
   vertex 12.355215072631836 -1.7126355171203613 1.956241250038147
  endloop
 endfacet
 facet normal 0.032676725987840542 -0.74500088255238817 0.66626264834138671
  outer loop
   vertex 10.332042694091797 -1.7163459062576294 1.9529865980148315
   vertex 9.8643045425415039 -2.0246987342834473 1.6311330795288086
   vertex 10.484488487243652 -2.1539592742919922 1.4561798572540283
  endloop
 endfacet
 facet normal -0.036745617411693784 -0.61752181288740771 0.78569496002537964
  outer loop
   vertex 12.894062042236328 -1.313611626625061 2.2437522411346436
   vertex 12.886462211608887 -1.8712217807769775 1.8051396608352661
   vertex 13.426877021789551 -1.725090503692627 1.9452667236328125
  endloop
 endfacet
 facet normal -0.033301094438009729 -0.99817454979991538 -0.050384573442342907
  outer loop
   vertex 8.68072509765625 -2.5537018775939941 -0.48847344517707825
   vertex 9.3448247909545898 -2.5878317356109619 -0.25125184655189514
   vertex 8.8079767227172852 -2.5925390720367432 0.1968291848897934
  endloop
 endfacet
 facet normal -0.03610734550653584 -0.75537647434152633 0.65429553079005265
  outer loop
   vertex 10.332042694091797 -1.7163459062576294 1.9529865980148315
   vertex 10.484488487243652 -2.1539592742919922 1.4561798572540283
   vertex 10.959368705749512 -1.9096729755401611 1.7644118070602417
  endloop
 endfacet
 facet normal -0.023877836335380355 -0.82019437407074869 -0.5715864218774217
  outer loop
   vertex 8.7310571670532227 -2.3006904125213623 -1.2111248970031738
   vertex 8.8809804916381836 -1.9529105424880981 -1.7164324522018433
   vertex 9.4028100967407227 -2.2117266654968262 -1.3668451309204102
  endloop
 endfacet
 facet normal 0.012497915084115852 -0.40255509739790113 -0.9153104367795204
  outer loop
   vertex 9.5459918975830078 -0.79960149526596069 -2.4739921092987061
   vertex 9.9118328094482422 -1.319164514541626 -2.2404921054840088
   vertex 9.2505788803100586 -1.2487332820892334 -2.2804968357086182
  endloop
 endfacet
 facet normal 0.0074737865038878816 -0.39773392913131711 -0.91747036144665661
  outer loop
   vertex 0.43192112445831299 -1.2715778350830078 -2.2678382396697998
   vertex 0.76034849882125854 -0.76389366388320923 -2.4852497577667236
   vertex 1.0848977565765381 -1.3100024461746216 -2.2458615303039551
  endloop
 endfacet
 facet normal -0.047923613747732567 -0.94169420486190192 -0.33303956487911207
  outer loop
   vertex 8.68072509765625 -2.5537018775939941 -0.48847344517707825
   vertex 8.7310571670532227 -2.3006904125213623 -1.2111248970031738
   vertex 9.2913103103637695 -2.4633309841156006 -0.83186566829681396
  endloop
 endfacet
 facet normal -0.013918132405997818 -0.71815602448636862 0.69574291953584644
  outer loop
   vertex 11.619243621826172 -1.6414551734924316 2.0163395404815674
   vertex 11.493624687194824 -2.0761222839355469 1.5651568174362183
   vertex 11.976753234863281 -2.0393455028533936 1.6127831935882568
  endloop
 endfacet
 facet normal -0.031990787842596097 -0.80760128115142571 0.58886056089348182
  outer loop
   vertex 11.493624687194824 -2.0761222839355469 1.5651568174362183
   vertex 10.959368705749512 -1.9096729755401611 1.7644118070602417
   vertex 11.056746482849121 -2.2497913837432861 1.3032417297363281
  endloop
 endfacet
 facet normal 0.035042025244051075 -0.93498662706259372 0.35294767839002633
  outer loop
   vertex 14.391565322875977 -2.3913259506225586 1.0205687284469604
   vertex 15.079999923706055 -2.5383989810943604 0.56261003017425537
   vertex 15.079999923706055 -2.2769749164581299 1.2551432847976685
  endloop
 endfacet
 facet normal -0.00099321727769809847 -0.75241895819386873 0.65868408578763504
  outer loop
   vertex 13.426877021789551 -1.725090503692627 1.9452667236328125
   vertex 13.804159164428711 -2.1546809673309326 1.4551117420196533
   vertex 13.988097190856934 -1.7284227609634399 1.9423065185546875
  endloop
 endfacet
 facet normal -0.029845958807966314 -0.74665866186007956 0.66453747931335538
  outer loop
   vertex 13.988097190856934 -1.7284227609634399 1.9423065185546875
   vertex 13.804159164428711 -2.1546809673309326 1.4551117420196533
   vertex 14.45164680480957 -2.0319602489471436 1.6220780611038208
  endloop
 endfacet
 facet normal 0 0.22176419259214725 -0.97510032452253503
  outer loop
   vertex 6.3619265556335449 0.95679998397827148 -2.4175469875335693
   vertex 5.6438636779785156 0.18286100029945374 -2.5935616493225098
   vertex 5.480006217956543 0.95679998397827148 -2.4175469875335693
  endloop
 endfacet
 facet normal -0.033221500677297955 -0.85652262760080855 0.51503914443521204
  outer loop
   vertex 15.079999923706055 -2.2769749164581299 1.2551432847976685
   vertex 14.45164680480957 -2.0319602489471436 1.6220780611038208
   vertex 14.391565322875977 -2.3913259506225586 1.0205687284469604
  endloop
 endfacet
 facet normal 0 0.25071692389377448 -0.96806044443167028
  outer loop
   vertex 5.480006217956543 0.95679998397827148 -2.4175469875335693
   vertex 4.9701676368713379 0.33700758218765259 -2.578066349029541
   vertex 4.5763754844665527 0.95679998397827148 -2.4175469875335693
  endloop
 endfacet
 facet normal 0.670031699713871 0.2928740656732034 0.68211604806996662
  outer loop
   vertex 17.027074813842773 0.95679998397827148 1.4329816102981567
   vertex 16.477954864501953 0.95679998397827148 1.972373366355896
   vertex 16.896974563598633 0.32871869206428528 1.8304506540298462
  endloop
 endfacet
 facet normal -0.12702260757518741 0.24478817514469911 -0.96122006141888661
  outer loop
   vertex 1.7813392566025897e-14 0.50249910354614258 -2.5509791374206543
   vertex -0.67590022087097168 0.54802560806274414 -2.4500668048858643
   vertex -0.44054818153381348 0.95679998397827148 -2.3770678043365479
  endloop
 endfacet
 facet normal 0.14779851568481542 0.23967402181788836 0.95953736874965101
  outer loop
   vertex 15.807496070861816 0.95679998397827148 2.3054900169372559
   vertex 15.079999923706055 0.95679998397827148 2.4175469875335693
   vertex 15.079999923706055 0.2923676073551178 2.5835094451904297
  endloop
 endfacet
 facet normal 0.85147565205475817 0.28961616546260338 0.43716323113988254
  outer loop
   vertex 17.027074813842773 0.95679998397827148 1.4329816102981567
   vertex 17.41851806640625 0.32559409737586975 1.0887235403060913
   vertex 17.379201889038086 0.95679998397827148 0.74713337421417236
  endloop
 endfacet
 facet normal 0.14236228911046636 0.23307063816050325 -0.96198287732510279
  outer loop
   vertex 15.555911064147949 0.95679998397827148 -2.3702409267425537
   vertex 15.559475898742676 0.23509250581264496 -2.544569730758667
   vertex 15.079999923706055 0.49731659889221191 -2.5519945621490479
  endloop
 endfacet
 facet normal 0 0.26763519630441551 -0.96352031722174747
  outer loop
   vertex 8.9412546157836914 0.95679998397827148 -2.4175469875335693
   vertex 9.8257465362548828 0.95679998397827148 -2.4175469875335693
   vertex 9.5982284545898438 0.42710316181182861 -2.5646798610687256
  endloop
 endfacet
 facet normal 0 0.23718487371919464 -0.9714645313539807
  outer loop
   vertex 9.8257465362548828 0.95679998397827148 -2.4175469875335693
   vertex 10.70826530456543 0.95679998397827148 -2.4175469875335693
   vertex 10.453083038330078 0.26493924856185913 -2.5864660739898682
  endloop
 endfacet
 facet normal 0 0.2273984388266013 0.97380180222631763
  outer loop
   vertex 9.685093879699707 0.95679998397827148 2.4175469875335693
   vertex 10.225767135620117 0.21284045279026031 2.5912735462188721
   vertex 10.566434860229492 0.95679998397827148 2.4175469875335693
  endloop
 endfacet
 facet normal 0 0.20296395504333051 -0.97918620953992663
  outer loop
   vertex 6.8248133659362793 0.082954026758670807 -2.5986762046813965
   vertex 6.3619265556335449 0.95679998397827148 -2.4175469875335693
   vertex 7.2231755256652832 0.95679998397827148 -2.4175469875335693
  endloop
 endfacet
 facet normal -0.058582572924865177 -0.11541686752046784 -0.99158813468156504
  outer loop
   vertex 1.7693284988171132e-14 -0.58306425809860229 -2.5337789058685303
   vertex -0.472461998462677 -0.3303360641002655 -2.5352826118469238
   vertex 1.8155421081995395e-14 -0.014481829479336739 -2.5999596118927002
  endloop
 endfacet
 facet normal 0 0.27385794099728916 -0.9617701534944435
  outer loop
   vertex 3.7248580455780029 0.95679998397827148 -2.4175469875335693
   vertex 3.4084949493408203 0.46022266149520874 -2.5589442253112793
   vertex 2.9633395671844482 0.95679998397827148 -2.4175469875335693
  endloop
 endfacet
 facet normal 0 0.28491526591298072 -0.95855270655803559
  outer loop
   vertex 8.0746030807495117 0.95679998397827148 -2.4175469875335693
   vertex 8.9412546157836914 0.95679998397827148 -2.4175469875335693
   vertex 8.8844680786132812 0.51903313398361206 -2.5476665496826172
  endloop
 endfacet
 facet normal 0 0.27371191908026976 -0.96181172032440743
  outer loop
   vertex 11.50279426574707 0.95679998397827148 -2.4175469875335693
   vertex 12.199911117553711 0.95679998397827148 -2.4175469875335693
   vertex 11.830629348754883 0.45944616198539734 -2.5590837001800537
  endloop
 endfacet
 facet normal 0.029699776562774241 0.22764095625969058 -0.97329210327901805
  outer loop
   vertex 5.6438636779785156 0.18286100029945374 -2.5935616493225098
   vertex 4.9701676368713379 0.33700758218765259 -2.578066349029541
   vertex 5.480006217956543 0.95679998397827148 -2.4175469875335693
  endloop
 endfacet
 facet normal 0 0.26129622539513714 -0.96525866097862778
  outer loop
   vertex 10.70826530456543 0.95679998397827148 -2.4175469875335693
   vertex 11.50279426574707 0.95679998397827148 -2.4175469875335693
   vertex 11.201923370361328 0.39335155487060547 -2.5700728893280029
  endloop
 endfacet
 facet normal 0 0.19717237699584186 0.9803688355663952
  outer loop
   vertex 9.3358306884765625 0.052226368337869644 2.5994753837585449
   vertex 9.685093879699707 0.95679998397827148 2.4175469875335693
   vertex 8.8267841339111328 0.95679998397827148 2.4175469875335693
  endloop
 endfacet
 facet normal -0 0.25144505837273268 0.96787157341247143
  outer loop
   vertex 2.8951327800750732 0.95679998397827148 2.4175469875335693
   vertex 2.1126606464385986 0.95679998397827148 2.4175469875335693
   vertex 2.5567846298217773 0.34088689088821411 2.5775561332702637
  endloop
 endfacet
 facet normal -0 0.25262829893934136 0.96756340493789583
  outer loop
   vertex 5.4711003303527832 0.95679998397827148 2.4175469875335693
   vertex 4.584784984588623 0.95679998397827148 2.4175469875335693
   vertex 4.965052604675293 0.34718748927116394 2.5767152309417725
  endloop
 endfacet
 facet normal 0 0.20071365553228299 -0.97964995201493676
  outer loop
   vertex 7.6341605186462402 0.071011513471603394 -2.5990300178527832
   vertex 7.2231755256652832 0.95679998397827148 -2.4175469875335693
   vertex 8.0746030807495117 0.95679998397827148 -2.4175469875335693
  endloop
 endfacet
 facet normal 0 0.24124833746766403 0.97046341490500709
  outer loop
   vertex 10.566434860229492 0.95679998397827148 2.4175469875335693
   vertex 11.020143508911133 0.28657746315002441 2.584158182144165
   vertex 11.417813301086426 0.95679998397827148 2.4175469875335693
  endloop
 endfacet
 facet normal 0 0.25280272890045863 0.96751784493128656
  outer loop
   vertex 1.7807143926620483 0.34811675548553467 2.576589822769165
   vertex 2.1126606464385986 0.95679998397827148 2.4175469875335693
   vertex 1.3780772686004639 0.95679998397827148 2.4175469875335693
  endloop
 endfacet
 facet normal 0 0.26209886386538361 -0.96504102791563995
  outer loop
   vertex 4.5763754844665527 0.95679998397827148 -2.4175469875335693
   vertex 4.1558570861816406 0.39762654900550842 -2.5694148540496826
   vertex 3.7248580455780029 0.95679998397827148 -2.4175469875335693
  endloop
 endfacet
 facet normal -0 0.24111371360084019 0.97049687125390172
  outer loop
   vertex 6.3295540809631348 0.95679998397827148 2.4175469875335693
   vertex 5.4711003303527832 0.95679998397827148 2.4175469875335693
   vertex 5.8243684768676758 0.2858605682849884 2.5842375755310059
  endloop
 endfacet
 facet normal 0.057994814838030054 -0.5639581107124656 -0.82376443891049889
  outer loop
   vertex 15.572519302368164 -1.5346225500106812 -2.0401859283447266
   vertex 15.079999923706055 -1.7290257215499878 -1.9417698383331299
   vertex 15.079999923706055 -1.1847738027572632 -2.3143706321716309
  endloop
 endfacet
 facet normal 0 0.23340696903780817 0.97237913737625192
  outer loop
   vertex 12.227286338806152 0.95679998397827148 2.4175469875335693
   vertex 12.505743026733398 0.24482397735118866 2.5884475708007812
   vertex 12.994294166564941 0.95679998397827148 2.4175469875335693
  endloop
 endfacet
 facet normal 0.055445375272625615 -0.34334976176406917 -0.93756959819388053
  outer loop
   vertex 15.079999923706055 -1.1847738027572632 -2.3143706321716309
   vertex 15.079999923706055 -0.59008502960205078 -2.5321531295776367
   vertex 15.559164047241211 -0.95850080251693726 -2.3688981533050537
  endloop
 endfacet
 facet normal 0.14592493751667399 -0.98604614564061421 0.080118108302952032
  outer loop
   vertex 15.079999923706055 -2.5383989810943604 0.56261003017425537
   vertex 15.079999923706055 -2.5959291458129883 -0.14543710649013519
   vertex 15.538342475891113 -2.5410552024841309 -0.30489379167556763
  endloop
 endfacet
 facet normal -0.64988785686952799 0.27343363144932448 0.70914019959805341
  outer loop
   vertex -1.7702913284301758 0.26910734176635742 1.8851127624511719
   vertex -1.3484493494033813 0.95679998397827148 2.0065438747406006
   vertex -1.8815706968307495 0.95679998397827148 1.5179675817489624
  endloop
 endfacet
 facet normal 0 0.23958706741427585 0.97087488232409591
  outer loop
   vertex -1.805182387034851e-14 0.27773120999336243 2.5851237773895264
   vertex 0.68937492370605469 0.95679998397827148 2.4175469875335693
   vertex -1.6881641077453116e-14 0.95679998397827148 2.4175469875335693
  endloop
 endfacet
 facet normal 0.42496025034415441 0.29639816532589741 0.85531100379854552
  outer loop
   vertex 16.226221084594727 0.35214561223983765 2.3069829940795898
   vertex 16.477954864501953 0.95679998397827148 1.972373366355896
   vertex 15.807496070861816 0.95679998397827148 2.3054900169372559
  endloop
 endfacet
 facet normal 0 0.25471370381663377 0.96701650921171567
  outer loop
   vertex 1.0337260961532593 0.35829606652259827 2.5751938819885254
   vertex 1.3780772686004639 0.95679998397827148 2.4175469875335693
   vertex 0.68937492370605469 0.95679998397827148 2.4175469875335693
  endloop
 endfacet
 facet normal 0.026297820408283611 -0.75567920399061217 -0.6544137569595313
  outer loop
   vertex 15.486424446105957 -1.9749857187271118 -1.6414171457290649
   vertex 15.079999923706055 -2.1689081192016602 -1.433819055557251
   vertex 15.079999923706055 -1.7290257215499878 -1.9417698383331299
  endloop
 endfacet
 facet normal 0.09246978588682267 -0.89505510334901772 -0.43626333866934575
  outer loop
   vertex 15.729514122009277 -2.2582607269287109 -1.1128295660018921
   vertex 15.079999923706055 -2.4656021595001221 -0.82510983943939209
   vertex 15.079999923706055 -2.1689081192016602 -1.433819055557251
  endloop
 endfacet
 facet normal -0 0.24928553915521337 0.96843002843163351
  outer loop
   vertex 3.7202808856964111 0.95679998397827148 2.4175469875335693
   vertex 2.8951327800750732 0.95679998397827148 2.4175469875335693
   vertex 3.3463764190673828 0.32938459515571594 2.5790512561798096
  endloop
 endfacet
 facet normal -0.4099185183833961 0.2936850191801158 0.86354844554057086
  outer loop
   vertex -1.1044508218765259 0.35606276988983154 2.3266730308532715
   vertex -0.70215725898742676 0.95679998397827148 2.3133327960968018
   vertex -1.3484493494033813 0.95679998397827148 2.0065438747406006
  endloop
 endfacet
 facet normal 0 0.20988491103372409 0.97772609872109162
  outer loop
   vertex 14.242383003234863 0.11970637738704681 2.5972428321838379
   vertex 14.394996643066406 0.95679998397827148 2.4175469875335693
   vertex 13.715713500976562 0.95679998397827148 2.4175469875335693
  endloop
 endfacet
 facet normal 0 0.2520434391145856 0.96771592153859498
  outer loop
   vertex 11.417813301086426 0.95679998397827148 2.4175469875335693
   vertex 11.76971435546875 0.34407371282577515 2.5771327018737793
   vertex 12.227286338806152 0.95679998397827148 2.4175469875335693
  endloop
 endfacet
 facet normal 0 0.2362950688990994 0.97168134715758014
  outer loop
   vertex 7.9899883270263672 0.95679998397827148 2.4175469875335693
   vertex 8.4482479095458984 0.26020145416259766 2.586946964263916
   vertex 8.8267841339111328 0.95679998397827148 2.4175469875335693
  endloop
 endfacet
 facet normal 0 0.24233547317904461 0.97019251617351099
  outer loop
   vertex 14.394996643066406 0.95679998397827148 2.4175469875335693
   vertex 15.079999923706055 0.2923676073551178 2.5835094451904297
   vertex 15.079999923706055 0.95679998397827148 2.4175469875335693
  endloop
 endfacet
 facet normal -0.78233389400534226 0.30653896859640734 -0.54220617759509959
  outer loop
   vertex -2.1499993801116943 0.95679998397827148 -1.1054577827453613
   vertex -1.7898522615432739 0.95679998397827148 -1.6251038312911987
   vertex -2.1020925045013428 0.4448811411857605 -1.4639971256256104
  endloop
 endfacet
 facet normal 0 0.21472766727169576 0.97667396243990023
  outer loop
   vertex 13.347627639770508 0.14544214308261871 2.5959289073944092
   vertex 13.715713500976562 0.95679998397827148 2.4175469875335693
   vertex 12.994294166564941 0.95679998397827148 2.4175469875335693
  endloop
 endfacet
 facet normal 0.71504486702188297 0.27640737055670977 -0.64211354420194522
  outer loop
   vertex 17.087728500366211 0.95679998397827148 -1.3466849327087402
   vertex 16.978731155395508 0.30049881339073181 -1.7505768537521362
   vertex 16.634092330932617 0.95679998397827148 -1.8518451452255249
  endloop
 endfacet
 facet normal -0.011209585736855661 0.26685247668156947 -0.96367219575772778
  outer loop
   vertex 11.201923370361328 0.39335155487060547 -2.5700728893280029
   vertex 11.50279426574707 0.95679998397827148 -2.4175469875335693
   vertex 11.830629348754883 0.45944616198539734 -2.5590837001800537
  endloop
 endfacet
 facet normal -0 0.24317784956207955 0.9699817181175957
  outer loop
   vertex 4.584784984588623 0.95679998397827148 2.4175469875335693
   vertex 3.7202808856964111 0.95679998397827148 2.4175469875335693
   vertex 4.1519327163696289 0.2968539297580719 2.5829977989196777
  endloop
 endfacet
 facet normal -0.62404590831566231 0.30956246075878974 -0.71745228914781667
  outer loop
   vertex -1.683612585067749 0.48548164963722229 -1.9208738803863525
   vertex -1.7898522615432739 0.95679998397827148 -1.6251038312911987
   vertex -1.3613758087158203 0.95679998397827148 -1.9977961778640747
  endloop
 endfacet
 facet normal 0 0.25879713373330726 0.96593169715639049
  outer loop
   vertex 7.1657981872558594 0.95679998397827148 2.4175469875335693
   vertex 7.7484688758850098 0.38004344701766968 2.5720744132995605
   vertex 7.9899883270263672 0.95679998397827148 2.4175469875335693
  endloop
 endfacet
 facet normal -0.020673897128083329 0.24432395167757942 -0.96947325729706912
  outer loop
   vertex 10.70826530456543 0.95679998397827148 -2.4175469875335693
   vertex 11.201923370361328 0.39335155487060547 -2.5700728893280029
   vertex 10.453083038330078 0.26493924856185913 -2.5864660739898682
  endloop
 endfacet
 facet normal -0.042214850936894581 0.068895846167032468 -0.99673028886519965
  outer loop
   vertex 11.620457649230957 -0.17549349367618561 -2.5940704345703125
   vertex 11.830629348754883 0.45944616198539734 -2.5590837001800537
   vertex 12.149013519287109 0.080720692873001099 -2.5987465381622314
  endloop
 endfacet
 facet normal 0.94648062657661469 0.28445230855652975 0.152516581629669
  outer loop
   vertex 17.379201889038086 0.95679998397827148 0.74713337421417236
   vertex 17.642927169799805 0.3198091983795166 0.29854366183280945
   vertex 17.497512817382812 0.95679998397827148 0.012924671173095703
  endloop
 endfacet
 facet normal 0.94650162768217405 0.29137927640340555 -0.13868232071040237
  outer loop
   vertex 17.497512817382812 0.95679998397827148 0.012924671173095703
   vertex 17.620670318603516 0.34555143117904663 -0.43079724907875061
   vertex 17.392187118530273 0.95679998397827148 -0.70591926574707031
  endloop
 endfacet
 facet normal -0.9526551009167683 0.29935156672096386 -0.053262540297722157
  outer loop
   vertex -2.5603442192077637 0.39978834986686707 -0.21167552471160889
   vertex -2.4087016582489014 0.95679998397827148 0.20661556720733643
   vertex -2.3706583976745605 0.95679998397827148 -0.47382712364196777
  endloop
 endfacet
 facet normal 0.51124281115815751 0.30698202075027892 -0.80274082179441941
  outer loop
   vertex 16.634092330932617 0.95679998397827148 -1.8518451452255249
   vertex 16.424625396728516 0.44845247268676758 -2.1796495914459229
   vertex 16.100934982299805 0.95679998397827148 -2.1913979053497314
  endloop
 endfacet
 facet normal 0.00053389704090221941 -0.22222971923507129 -0.97499418810711436
  outer loop
   vertex 2.7221031188964844 -0.82504278421401978 -2.4656245708465576
   vertex 2.0465500354766846 -0.82154864072799683 -2.4667909145355225
   vertex 2.2797493934631348 -0.32730147242546082 -2.5793166160583496
  endloop
 endfacet
 facet normal 0.86187716894019173 0.29910141639683663 -0.40951933821133074
  outer loop
   vertex 17.403087615966797 0.3806074857711792 -1.1038128137588501
   vertex 17.087728500366211 0.95679998397827148 -1.3466849327087402
   vertex 17.392187118530273 0.95679998397827148 -0.70591926574707031
  endloop
 endfacet
 facet normal -0.90146033101249778 0.29697213279149615 -0.31492352080482666
  outer loop
   vertex -2.3706583976745605 0.95679998397827148 -0.47382712364196777
   vertex -2.1499993801116943 0.95679998397827148 -1.1054577827453613
   vertex -2.414463996887207 0.39146620035171509 -0.88154315948486328
  endloop
 endfacet
 facet normal -0.44828619203071973 0.31154504621097917 -0.83784197448922049
  outer loop
   vertex -1.2076162099838257 0.51601368188858032 -2.2439680099487305
   vertex -1.3613758087158203 0.95679998397827148 -1.9977961778640747
   vertex -0.90663993358612061 0.95679998397827148 -2.2411019802093506
  endloop
 endfacet
 facet normal -0.0039140722734778508 -0.22598378074432937 -0.97412320107814754
  outer loop
   vertex 2.7221031188964844 -0.82504278421401978 -2.4656245708465576
   vertex 2.2797493934631348 -0.32730147242546082 -2.5793166160583496
   vertex 2.9434406757354736 -0.35401833057403564 -2.5757853984832764
  endloop
 endfacet
 facet normal -0.0017352408584459789 -0.42076312061022458 -0.90716888464800693
  outer loop
   vertex 1.7210090160369873 -1.3567665815353394 -2.2179234027862549
   vertex 1.4138848781585693 -0.81243699789047241 -2.4698069095611572
   vertex 2.0465500354766846 -0.82154864072799683 -2.4667909145355225
  endloop
 endfacet
 facet normal -0.82616323348652609 0.29115554172967911 0.48237201634753307
  outer loop
   vertex -2.2624411582946777 0.34839460253715515 1.2328752279281616
   vertex -1.8815706968307495 0.95679998397827148 1.5179675817489624
   vertex -2.2467873096466064 0.95679998397827148 0.89245754480361938
  endloop
 endfacet
 facet normal 0.0089970020310685614 0.26854070001748803 -0.96322632147827569
  outer loop
   vertex 4.1558570861816406 0.39762654900550842 -2.5694148540496826
   vertex 3.4084949493408203 0.46022266149520874 -2.5589442253112793
   vertex 3.7248580455780029 0.95679998397827148 -2.4175469875335693
  endloop
 endfacet
 facet normal -0.26572453644226396 0.31566068971017797 -0.9109054834088105
  outer loop
   vertex -0.67590022087097168 0.54802560806274414 -2.4500668048858643
   vertex -0.90663993358612061 0.95679998397827148 -2.2411019802093506
   vertex -0.44054818153381348 0.95679998397827148 -2.3770678043365479
  endloop
 endfacet
 facet normal 0.012090915621518887 0.051024426498274211 -0.99862421243426469
  outer loop
   vertex 11.620457649230957 -0.17549349367618561 -2.5940704345703125
   vertex 11.201923370361328 0.39335155487060547 -2.5700728893280029
   vertex 11.830629348754883 0.45944616198539734 -2.5590837001800537
  endloop
 endfacet
 facet normal -0.93369070123723996 0.2821944719949851 0.22042675517863639
  outer loop
   vertex -2.2467873096466064 0.95679998397827148 0.89245754480361938
   vertex -2.4087016582489014 0.95679998397827148 0.20661556720733643
   vertex -2.5349211692810059 0.32962584495544434 0.47489103674888611
  endloop
 endfacet
 facet normal 0.009395255598448931 -0.41556800877145245 -0.90951358387765147
  outer loop
   vertex 1.7210090160369873 -1.3567665815353394 -2.2179234027862549
   vertex 1.0848977565765381 -1.3100024461746216 -2.2458615303039551
   vertex 1.4138848781585693 -0.81243699789047241 -2.4698069095611572
  endloop
 endfacet
 facet normal 0.02429849802837683 0.25785339940517921 -0.96587846409823119
  outer loop
   vertex 9.8257465362548828 0.95679998397827148 -2.4175469875335693
   vertex 10.453083038330078 0.26493924856185913 -2.5864660739898682
   vertex 9.5982284545898438 0.42710316181182861 -2.5646798610687256
  endloop
 endfacet
 facet normal -0.025269059602832478 -0.56171813568735962 0.82694268886465505
  outer loop
   vertex 12.154365539550781 -1.1523785591125488 2.3306701183319092
   vertex 12.355215072631836 -1.7126355171203613 1.956241250038147
   vertex 12.894062042236328 -1.313611626625061 2.2437522411346436
  endloop
 endfacet
 facet normal -0.036323566020650261 -0.80402354386820474 0.59348693284448695
  outer loop
   vertex 9.1849908828735352 -1.8480949401855469 1.8288097381591797
   vertex 9.4672136306762695 -2.2533848285675049 1.29701828956604
   vertex 9.8643045425415039 -2.0246987342834473 1.6311330795288086
  endloop
 endfacet
 facet normal -0.048799179809524057 -0.044600162305851759 -0.99781233985765549
  outer loop
   vertex 10.453083038330078 0.26493924856185913 -2.5864660739898682
   vertex 11.024838447570801 -0.12320839613676071 -2.5970790386199951
   vertex 10.631159782409668 -0.43067443370819092 -2.5640826225280762
  endloop
 endfacet
 facet normal 0.03132704875837939 -0.72415514207857423 0.68892521090264214
  outer loop
   vertex 11.619243621826172 -1.6414551734924316 2.0163395404815674
   vertex 10.959368705749512 -1.9096729755401611 1.7644118070602417
   vertex 11.493624687194824 -2.0761222839355469 1.5651568174362183
  endloop
 endfacet
 facet normal 0.014701433746050761 -0.55194080262004175 0.83375369159539836
  outer loop
   vertex 12.154365539550781 -1.1523785591125488 2.3306701183319092
   vertex 11.619243621826172 -1.6414551734924316 2.0163395404815674
   vertex 12.355215072631836 -1.7126355171203613 1.956241250038147
  endloop
 endfacet
 facet normal -0.11302552198306372 -0.034269154322970438 -0.99300093476413431
  outer loop
   vertex -0.472461998462677 -0.3303360641002655 -2.5352826118469238
   vertex -0.43717610836029053 0.17753393948078156 -2.5568258762359619
   vertex 1.8155421081995395e-14 -0.014481829479336739 -2.5999596118927002
  endloop
 endfacet
 facet normal 0.026572678984794384 -0.025353689776781638 -0.99932531397251911
  outer loop
   vertex 10.453083038330078 0.26493924856185913 -2.5864660739898682
   vertex 10.631159782409668 -0.43067443370819092 -2.5640826225280762
   vertex 9.9495220184326172 -0.26563307642936707 -2.5863950252532959
  endloop
 endfacet
 facet normal -0.022203896833408291 -0.90573180942696474 0.42326927169069084
  outer loop
   vertex 8.7134761810302734 -2.1760604381561279 1.4229410886764526
   vertex 9.0777969360351562 -2.4686384201049805 0.81598031520843506
   vertex 9.4672136306762695 -2.2533848285675049 1.29701828956604
  endloop
 endfacet
 facet normal 0.0093472726398958032 0.049011255478163984 -0.99875448701402569
  outer loop
   vertex 11.201923370361328 0.39335155487060547 -2.5700728893280029
   vertex 11.620457649230957 -0.17549349367618561 -2.5940704345703125
   vertex 11.024838447570801 -0.12320839613676071 -2.5970790386199951
  endloop
 endfacet
 facet normal -0.010508988992775326 -0.54593566972057983 -0.83776118654249654
  outer loop
   vertex 8.5179033279418945 -1.175049901008606 -2.3193225860595703
   vertex 9.2505788803100586 -1.2487332820892334 -2.2804968357086182
   vertex 9.0534849166870117 -1.6020969152450562 -2.0477514266967773
  endloop
 endfacet
 facet normal 0.029904072819960461 -0.34376929034048515 -0.93857787180796981
  outer loop
   vertex 0.43192112445831299 -1.2715778350830078 -2.2678382396697998
   vertex 1.6137387108018653e-14 -1.1914016008377075 -2.3109655380249023
   vertex 1.7693284988171132e-14 -0.58306425809860229 -2.5337789058685303
  endloop
 endfacet
 facet normal -0.028254993805748887 0.21472280144460376 0.97626624128094197
  outer loop
   vertex 15.079999923706055 0.2923676073551178 2.5835094451904297
   vertex 14.394996643066406 0.95679998397827148 2.4175469875335693
   vertex 14.242383003234863 0.11970637738704681 2.5972428321838379
  endloop
 endfacet
 facet normal 0.00086038307829713423 -0.68684137993210637 -0.72680683716783956
  outer loop
   vertex 8.3118772506713867 -1.6075679063796997 -2.0434591770172119
   vertex 9.0534849166870117 -1.6020969152450562 -2.0477514266967773
   vertex 8.8809804916381836 -1.9529105424880981 -1.7164324522018433
  endloop
 endfacet
 facet normal 0.0011447846969141076 0.25221810634794628 0.96766973513604004
  outer loop
   vertex 2.5567846298217773 0.34088689088821411 2.5775561332702637
   vertex 2.1126606464385986 0.95679998397827148 2.4175469875335693
   vertex 1.7807143926620483 0.34811675548553467 2.576589822769165
  endloop
 endfacet
 facet normal -0 0.24747068830108207 0.96889538054001922
  outer loop
   vertex 7.1657981872558594 0.95679998397827148 2.4175469875335693
   vertex 6.3295540809631348 0.95679998397827148 2.4175469875335693
   vertex 6.5446352958679199 0.31971719861030579 2.5802676677703857
  endloop
 endfacet
 facet normal -0.016272685526750673 -0.38656461759021271 -0.92211875381269648
  outer loop
   vertex 8.8030233383178711 -0.69039177894592285 -2.5066630840301514
   vertex 9.5459918975830078 -0.79960149526596069 -2.4739921092987061
   vertex 9.2505788803100586 -1.2487332820892334 -2.2804968357086182
  endloop
 endfacet
 facet normal -0.036014564965563774 -0.69495922692452849 0.71814665913224363
  outer loop
   vertex 9.6365413665771484 -1.5148049592971802 2.1131412982940674
   vertex 9.8643045425415039 -2.0246987342834473 1.6311330795288086
   vertex 10.332042694091797 -1.7163459062576294 1.9529865980148315
  endloop
 endfacet
 facet normal -0.012778826665041428 -0.043972439508429204 -0.99895101288939214
  outer loop
   vertex 3.6702094078063965 -0.21222718060016632 -2.5913238525390625
   vertex 2.9434406757354736 -0.35401833057403564 -2.5757853984832764
   vertex 3.0769116878509521 0.10713016241788864 -2.5977919101715088
  endloop
 endfacet
 facet normal -0.010216504551180122 -0.61159669105224945 -0.79110372931031947
  outer loop
   vertex 1.348131537437439 -1.8284406661987305 -1.8484600782394409
   vertex 1.0848977565765381 -1.3100024461746216 -2.2458615303039551
   vertex 1.7210090160369873 -1.3567665815353394 -2.2179234027862549
  endloop
 endfacet
 facet normal 0.046426634757598638 0.066063546547241656 -0.99673475679474777
  outer loop
   vertex 3.6702094078063965 -0.21222718060016632 -2.5913238525390625
   vertex 3.0769116878509521 0.10713016241788864 -2.5977919101715088
   vertex 3.4084949493408203 0.46022266149520874 -2.5589442253112793
  endloop
 endfacet
 facet normal -0.010123391605335727 0.2492499746614785 0.96838626956068374
  outer loop
   vertex -1.805182387034851e-14 0.27773120999336243 2.5851237773895264
   vertex 1.0337260961532593 0.35829606652259827 2.5751938819885254
   vertex 0.68937492370605469 0.95679998397827148 2.4175469875335693
  endloop
 endfacet
 facet normal 0.013716787817251127 0.047514460311821063 -0.99877636425440741
  outer loop
   vertex 10.453083038330078 0.26493924856185913 -2.5864660739898682
   vertex 11.201923370361328 0.39335155487060547 -2.5700728893280029
   vertex 11.024838447570801 -0.12320839613676071 -2.5970790386199951
  endloop
 endfacet
 facet normal 0.037594002880652601 -0.67755140633267363 0.7345139772148831
  outer loop
   vertex 9.6365413665771484 -1.5148049592971802 2.1131412982940674
   vertex 9.1849908828735352 -1.8480949401855469 1.8288097381591797
   vertex 9.8643045425415039 -2.0246987342834473 1.6311330795288086
  endloop
 endfacet
 facet normal 0.021432689287968987 -0.78964961249080756 0.61318360164228347
  outer loop
   vertex 8.7134761810302734 -2.1760604381561279 1.4229410886764526
   vertex 9.4672136306762695 -2.2533848285675049 1.29701828956604
   vertex 9.1849908828735352 -1.8480949401855469 1.8288097381591797
  endloop
 endfacet
 facet normal 0.017540122172341743 0.22197490906174691 0.97489460141145956
  outer loop
   vertex 12.505743026733398 0.24482397735118866 2.5884475708007812
   vertex 13.347627639770508 0.14544214308261871 2.5959289073944092
   vertex 12.994294166564941 0.95679998397827148 2.4175469875335693
  endloop
 endfacet
 facet normal -0.0085279949913759021 -0.60171414037006776 -0.79866599187653986
  outer loop
   vertex 0.63746339082717896 -1.8196430206298828 -1.8571212291717529
   vertex 0.43192112445831299 -1.2715778350830078 -2.2678382396697998
   vertex 1.0848977565765381 -1.3100024461746216 -2.2458615303039551
  endloop
 endfacet
 facet normal 0.005481433060587659 -0.23016779779229574 -0.97313551921150587
  outer loop
   vertex 3.4506890773773193 -0.86346727609634399 -2.45243239402771
   vertex 2.7221031188964844 -0.82504278421401978 -2.4656245708465576
   vertex 2.9434406757354736 -0.35401833057403564 -2.5757853984832764
  endloop
 endfacet
 facet normal -0.00063085205606812301 -0.42424015978277263 -0.90554949552919028
  outer loop
   vertex 2.4422805309295654 -1.367682933807373 -2.2112085819244385
   vertex 2.0465500354766846 -0.82154864072799683 -2.4667909145355225
   vertex 2.7221031188964844 -0.82504278421401978 -2.4656245708465576
  endloop
 endfacet
 facet normal 0.0021563243281134772 -0.60767483756650664 -0.79418300287396737
  outer loop
   vertex 1.348131537437439 -1.8284406661987305 -1.8484600782394409
   vertex 0.63746339082717896 -1.8196430206298828 -1.8571212291717529
   vertex 1.0848977565765381 -1.3100024461746216 -2.2458615303039551
  endloop
 endfacet
 facet normal 0.0016513502978979567 0.25382478149412696 0.9672488063273339
  outer loop
   vertex 1.7807143926620483 0.34811675548553467 2.576589822769165
   vertex 1.3780772686004639 0.95679998397827148 2.4175469875335693
   vertex 1.0337260961532593 0.35829606652259827 2.5751938819885254
  endloop
 endfacet
 facet normal -0.13196641570555989 0.19502058342646428 -0.97188056733624884
  outer loop
   vertex -0.67590022087097168 0.54802560806274414 -2.4500668048858643
   vertex 1.7813392566025897e-14 0.50249910354614258 -2.5509791374206543
   vertex -0.43717610836029053 0.17753393948078156 -2.5568258762359619
  endloop
 endfacet
 facet normal 0.0020405184603379417 -0.42265110334256462 -0.9062901749041119
  outer loop
   vertex 2.4422805309295654 -1.367682933807373 -2.2112085819244385
   vertex 1.7210090160369873 -1.3567665815353394 -2.2179234027862549
   vertex 2.0465500354766846 -0.82154864072799683 -2.4667909145355225
  endloop
 endfacet
 facet normal 0.018783744778336945 -0.8262006746161934 -0.56306271071333547
  outer loop
   vertex 8.1474266052246094 -2.0458834171295166 -1.60448157787323
   vertex 8.8809804916381836 -1.9529105424880981 -1.7164324522018433
   vertex 8.7310571670532227 -2.3006904125213623 -1.2111248970031738
  endloop
 endfacet
 facet normal 0.29589459692501957 0.31514142582920673 -0.90173847053173617
  outer loop
   vertex 15.937088012695312 0.51151305437088013 -2.4007821083068848
   vertex 15.555911064147949 0.95679998397827148 -2.3702409267425537
   vertex 16.100934982299805 0.95679998397827148 -2.1913979053497314
  endloop
 endfacet
 facet normal 0.013625935514158664 0.28326435075546091 -0.95894506697331272
  outer loop
   vertex 8.9412546157836914 0.95679998397827148 -2.4175469875335693
   vertex 9.5982284545898438 0.42710316181182861 -2.5646798610687256
   vertex 8.8844680786132812 0.51903313398361206 -2.5476665496826172
  endloop
 endfacet
 facet normal -0.025612313445612656 -0.57706738395882384 -0.81629482650013363
  outer loop
   vertex 1.3225685940843578e-14 -1.7812322378158569 -1.893993616104126
   vertex 1.6137387108018653e-14 -1.1914016008377075 -2.3109655380249023
   vertex 0.43192112445831299 -1.2715778350830078 -2.2678382396697998
  endloop
 endfacet
 facet normal 0.0046829660154314437 0.21269830236375059 0.97710669939412287
  outer loop
   vertex 13.347627639770508 0.14544214308261871 2.5959289073944092
   vertex 14.242383003234863 0.11970637738704681 2.5972428321838379
   vertex 13.715713500976562 0.95679998397827148 2.4175469875335693
  endloop
 endfacet
 facet normal 0.021065226053097075 -0.56903226936968687 0.82204533492217802
  outer loop
   vertex 12.894062042236328 -1.313611626625061 2.2437522411346436
   vertex 13.426877021789551 -1.725090503692627 1.9452667236328125
   vertex 13.791719436645508 -1.1610106229782104 2.3263821601867676
  endloop
 endfacet
 facet normal 0.012399127351840514 -0.36685369727151973 -0.93019601506302374
  outer loop
   vertex 8.8030233383178711 -0.69039177894592285 -2.5066630840301514
   vertex 9.2505788803100586 -1.2487332820892334 -2.2804968357086182
   vertex 8.5179033279418945 -1.175049901008606 -2.3193225860595703
  endloop
 endfacet
 facet normal -0.00091611942752528434 -0.53743145728489061 -0.84330693667598466
  outer loop
   vertex 8.3118772506713867 -1.6075679063796997 -2.0434591770172119
   vertex 8.5179033279418945 -1.175049901008606 -2.3193225860595703
   vertex 9.0534849166870117 -1.6020969152450562 -2.0477514266967773
  endloop
 endfacet
 facet normal 0.03196082058367232 -0.35669822943424462 0.93367279014978977
  outer loop
   vertex 12.702736854553223 -0.5552818775177002 2.5400121212005615
   vertex 12.154365539550781 -1.1523785591125488 2.3306701183319092
   vertex 12.894062042236328 -1.313611626625061 2.2437522411346436
  endloop
 endfacet
 facet normal 0.01041106709605244 -0.59715407101166629 -0.80205899106993073
  outer loop
   vertex 1.3225685940843578e-14 -1.7812322378158569 -1.893993616104126
   vertex 0.43192112445831299 -1.2715778350830078 -2.2678382396697998
   vertex 0.63746339082717896 -1.8196430206298828 -1.8571212291717529
  endloop
 endfacet
 facet normal 0.021139804824804192 -0.21534547853176086 -0.97630908708661324
  outer loop
   vertex 3.6702094078063965 -0.21222718060016632 -2.5913238525390625
   vertex 3.4506890773773193 -0.86346727609634399 -2.45243239402771
   vertex 2.9434406757354736 -0.35401833057403564 -2.5757853984832764
  endloop
 endfacet
 facet normal -0.019868929414089825 -0.19154921769424413 -0.98128187736483796
  outer loop
   vertex 9.2021360397338867 -0.13688479363918304 -2.5963940620422363
   vertex 9.9495220184326172 -0.26563307642936707 -2.5863950252532959
   vertex 9.5459918975830078 -0.79960149526596069 -2.4739921092987061
  endloop
 endfacet
 facet normal 0.0087821109601821188 0.25593267028570416 -0.9666547174702621
  outer loop
   vertex 4.9701676368713379 0.33700758218765259 -2.578066349029541
   vertex 4.1558570861816406 0.39762654900550842 -2.5694148540496826
   vertex 4.5763754844665527 0.95679998397827148 -2.4175469875335693
  endloop
 endfacet
 facet normal 3.258741987932262e-05 -0.9805619527121765 0.19620972409986076
  outer loop
   vertex 8.3121881484985352 -2.4687027931213379 0.81578576564788818
   vertex 8.8079767227172852 -2.5925390720367432 0.1968291848897934
   vertex 9.0777969360351562 -2.4686384201049805 0.81598031520843506
  endloop
 endfacet
 facet normal -0.035317303970817088 -0.63666067050486008 0.77033491331532855
  outer loop
   vertex 11.619243621826172 -1.6414551734924316 2.0163395404815674
   vertex 10.898660659790039 -1.3598867654800415 2.2160117626190186
   vertex 10.959368705749512 -1.9096729755401611 1.7644118070602417
  endloop
 endfacet
 facet normal 0.038040801947406638 -0.63175994113461098 0.77423011706132372
  outer loop
   vertex 10.898660659790039 -1.3598867654800415 2.2160117626190186
   vertex 10.332042694091797 -1.7163459062576294 1.9529865980148315
   vertex 10.959368705749512 -1.9096729755401611 1.7644118070602417
  endloop
 endfacet
 facet normal -0.019143687223940001 -0.70391561615229592 -0.71002558022680096
  outer loop
   vertex 8.1474266052246094 -2.0458834171295166 -1.60448157787323
   vertex 8.3118772506713867 -1.6075679063796997 -2.0434591770172119
   vertex 8.8809804916381836 -1.9529105424880981 -1.7164324522018433
  endloop
 endfacet
 facet normal 0.017937555610128157 -0.17258847430706212 -0.98483067713952444
  outer loop
   vertex 9.2021360397338867 -0.13688479363918304 -2.5963940620422363
   vertex 9.5459918975830078 -0.79960149526596069 -2.4739921092987061
   vertex 8.8030233383178711 -0.69039177894592285 -2.5066630840301514
  endloop
 endfacet
 facet normal 0.018171496047637393 0.19200119898793577 -0.98122644497515754
  outer loop
   vertex 8.0746030807495117 0.95679998397827148 -2.4175469875335693
   vertex 8.4265480041503906 -0.0088619785383343697 -2.599984884262085
   vertex 7.6341605186462402 0.071011513471603394 -2.5990300178527832
  endloop
 endfacet
 facet normal -0.0061328756331962544 -0.4267725077900999 -0.90433821904806011
  outer loop
   vertex 3.196575403213501 -1.3568426370620728 -2.2178769111633301
   vertex 2.7221031188964844 -0.82504278421401978 -2.4656245708465576
   vertex 3.4506890773773193 -0.86346727609634399 -2.45243239402771
  endloop
 endfacet
 facet normal 0.024813072670518004 -0.99781978147265482 -0.061155499560633882
  outer loop
   vertex 7.9549036026000977 -2.5998213291168213 -0.030476376414299011
   vertex 8.68072509765625 -2.5537018775939941 -0.48847344517707825
   vertex 8.8079767227172852 -2.5925390720367432 0.1968291848897934
  endloop
 endfacet
 facet normal -0.0019186310339251824 -0.42369491261484948 -0.90580292551926034
  outer loop
   vertex 3.196575403213501 -1.3568426370620728 -2.2178769111633301
   vertex 2.4422805309295654 -1.367682933807373 -2.2112085819244385
   vertex 2.7221031188964844 -0.82504278421401978 -2.4656245708465576
  endloop
 endfacet
 facet normal -3.4595189262379786e-05 -0.90081385302241745 0.43420548246893337
  outer loop
   vertex 8.3121881484985352 -2.4687027931213379 0.81578576564788818
   vertex 9.0777969360351562 -2.4686384201049805 0.81598031520843506
   vertex 8.7134761810302734 -2.1760604381561279 1.4229410886764526
  endloop
 endfacet
 facet normal -0.012916596513940804 0.23298450886501862 0.97239466275963382
  outer loop
   vertex 10.225767135620117 0.21284045279026031 2.5912735462188721
   vertex 11.020143508911133 0.28657746315002441 2.584158182144165
   vertex 10.566434860229492 0.95679998397827148 2.4175469875335693
  endloop
 endfacet
 facet normal -0.028463657399114755 0.2076438277482647 0.97779029500476977
  outer loop
   vertex 9.3358306884765625 0.052226368337869644 2.5994753837585449
   vertex 10.225767135620117 0.21284045279026031 2.5912735462188721
   vertex 9.685093879699707 0.95679998397827148 2.4175469875335693
  endloop
 endfacet
 facet normal 0.0010420898232028147 -0.56030000151142678 0.82828909346622182
  outer loop
   vertex 13.791719436645508 -1.1610106229782104 2.3263821601867676
   vertex 13.426877021789551 -1.725090503692627 1.9452667236328125
   vertex 13.988097190856934 -1.7284227609634399 1.9423065185546875
  endloop
 endfacet
 facet normal -0.010302723610715389 0.04409257407020252 -0.99897432339278114
  outer loop
   vertex 4.1558570861816406 0.39762654900550842 -2.5694148540496826
   vertex 3.6702094078063965 -0.21222718060016632 -2.5913238525390625
   vertex 3.4084949493408203 0.46022266149520874 -2.5589442253112793
  endloop
 endfacet
 facet normal 0.017414782084107319 0.23980639020577441 0.97066452525135538
  outer loop
   vertex 11.76971435546875 0.34407371282577515 2.5771327018737793
   vertex 12.505743026733398 0.24482397735118866 2.5884475708007812
   vertex 12.227286338806152 0.95679998397827148 2.4175469875335693
  endloop
 endfacet
 facet normal -0.14148538321696616 0.26691740432539895 0.95327697213566398
  outer loop
   vertex -0.70215725898742676 0.95679998397827148 2.3133327960968018
   vertex -0.46847394108772278 0.25399035215377808 2.5448026657104492
   vertex -1.6881641077453116e-14 0.95679998397827148 2.4175469875335693
  endloop
 endfacet
 facet normal 0.0084203104990400422 -0.62074183753241752 -0.78396981415611755
  outer loop
   vertex 2.1016013622283936 -1.8656179904937744 -1.810930609703064
   vertex 1.348131537437439 -1.8284406661987305 -1.8484600782394409
   vertex 1.7210090160369873 -1.3567665815353394 -2.2179234027862549
  endloop
 endfacet
 facet normal -0.037360666052694037 -0.5110392073761354 0.8587450780973771
  outer loop
   vertex 11.461751937866211 -0.95369601249694824 2.4187731742858887
   vertex 11.619243621826172 -1.6414551734924316 2.0163395404815674
   vertex 12.154365539550781 -1.1523785591125488 2.3306701183319092
  endloop
 endfacet
 facet normal -0.002075936329552666 -0.78168571880366355 -0.62366908493748141
  outer loop
   vertex 0.95982998609542847 -2.2119321823120117 -1.3665122985839844
   vertex 0.63746339082717896 -1.8196430206298828 -1.8571212291717529
   vertex 1.348131537437439 -1.8284406661987305 -1.8484600782394409
  endloop
 endfacet
 facet normal 0.0018161186603104945 0.25050993017032008 0.96811232643690337
  outer loop
   vertex 3.3463764190673828 0.32938459515571594 2.5790512561798096
   vertex 2.8951327800750732 0.95679998397827148 2.4175469875335693
   vertex 2.5567846298217773 0.34088689088821411 2.5775561332702637
  endloop
 endfacet
 facet normal -0.036349468891545354 -0.98512011241357977 0.16797940418265053
  outer loop
   vertex 8.3121881484985352 -2.4687027931213379 0.81578576564788818
   vertex 7.9549036026000977 -2.5998213291168213 -0.030476376414299011
   vertex 8.8079767227172852 -2.5925390720367432 0.1968291848897934
  endloop
 endfacet
 facet normal -0.071781712565803513 0.15984089880217919 -0.98452946772112004
  outer loop
   vertex 8.0746030807495117 0.95679998397827148 -2.4175469875335693
   vertex 8.8844680786132812 0.51903313398361206 -2.5476665496826172
   vertex 8.4265480041503906 -0.0088619785383343697 -2.599984884262085
  endloop
 endfacet
 facet normal -0.0022058729046564619 -0.62561653178201559 -0.78012761089822402
  outer loop
   vertex 2.1016013622283936 -1.8656179904937744 -1.810930609703064
   vertex 1.7210090160369873 -1.3567665815353394 -2.2179234027862549
   vertex 2.4422805309295654 -1.367682933807373 -2.2112085819244385
  endloop
 endfacet
 facet normal 0.037398239622639676 -0.53941126490702573 0.84121154233910156
  outer loop
   vertex 10.198573112487793 -1.090367317199707 2.3603174686431885
   vertex 9.6365413665771484 -1.5148049592971802 2.1131412982940674
   vertex 10.332042694091797 -1.7163459062576294 1.9529865980148315
  endloop
 endfacet
 facet normal -0.011883283220525877 -0.78805428667567445 -0.61549104691457102
  outer loop
   vertex 8.8641235600510002e-15 -2.269061803817749 -1.2693928480148315
   vertex 1.3225685940843578e-14 -1.7812322378158569 -1.893993616104126
   vertex 0.63746339082717896 -1.8196430206298828 -1.8571212291717529
  endloop
 endfacet
 facet normal 0.046125855150146861 -0.49660537996528176 0.86674996514346958
  outer loop
   vertex 10.898660659790039 -1.3598867654800415 2.2160117626190186
   vertex 11.619243621826172 -1.6414551734924316 2.0163395404815674
   vertex 11.461751937866211 -0.95369601249694824 2.4187731742858887
  endloop
 endfacet
 facet normal -0.021608953514082683 0.020374996522074723 -0.99955885901969355
  outer loop
   vertex 9.5982284545898438 0.42710316181182861 -2.5646798610687256
   vertex 10.453083038330078 0.26493924856185913 -2.5864660739898682
   vertex 9.9495220184326172 -0.26563307642936707 -2.5863950252532959
  endloop
 endfacet
 facet normal 0.038155756936481142 -0.94396294268406289 -0.32783852893131543
  outer loop
   vertex 8.0097694396972656 -2.4229812622070312 -0.94295400381088257
   vertex 8.7310571670532227 -2.3006904125213623 -1.2111248970031738
   vertex 8.68072509765625 -2.5537018775939941 -0.48847344517707825
  endloop
 endfacet
 facet normal -0.0098433869567828257 0.2467333288510152 0.96903342159458872
  outer loop
   vertex 11.020143508911133 0.28657746315002441 2.584158182144165
   vertex 11.76971435546875 0.34407371282577515 2.5771327018737793
   vertex 11.417813301086426 0.95679998397827148 2.4175469875335693
  endloop
 endfacet
 facet normal 0.060813584976929021 -0.67898654707348083 0.7316276216597386
  outer loop
   vertex 14.451650619506836 -1.4661190509796143 2.1472063064575195
   vertex 13.988097190856934 -1.7284227609634399 1.9423065185546875
   vertex 14.45164680480957 -2.0319602489471436 1.6220780611038208
  endloop
 endfacet
 facet normal 0.0025502635648095616 0.20184846135051254 -0.97941344426456634
  outer loop
   vertex 7.2231755256652832 0.95679998397827148 -2.4175469875335693
   vertex 7.6341605186462402 0.071011513471603394 -2.5990300178527832
   vertex 6.8248133659362793 0.082954026758670807 -2.5986762046813965
  endloop
 endfacet
 facet normal -0.04030516140953825 -0.55098699415331009 0.83353993679826244
  outer loop
   vertex 10.198573112487793 -1.090367317199707 2.3603174686431885
   vertex 10.332042694091797 -1.7163459062576294 1.9529865980148315
   vertex 10.898660659790039 -1.3598867654800415 2.2160117626190186
  endloop
 endfacet
 facet normal -0.040499450778974704 -0.56966237236382455 0.82088036643558515
  outer loop
   vertex 14.451650619506836 -1.4661190509796143 2.1472063064575195
   vertex 13.791719436645508 -1.1610106229782104 2.3263821601867676
   vertex 13.988097190856934 -1.7284227609634399 1.9423065185546875
  endloop
 endfacet
 facet normal -0.031406913806504885 -0.75926814904831064 0.65001960247818913
  outer loop
   vertex 8.4212913513183594 -1.692396879196167 1.9737763404846191
   vertex 8.7134761810302734 -2.1760604381561279 1.4229410886764526
   vertex 9.1849908828735352 -1.8480949401855469 1.8288097381591797
  endloop
 endfacet
 facet normal 0.12926902486594663 -0.25634425301538483 -0.95790247058674605
  outer loop
   vertex 15.559164047241211 -0.95850080251693726 -2.3688981533050537
   vertex 15.079999923706055 -0.59008502960205078 -2.5321531295776367
   vertex 15.561203002929688 -0.35363411903381348 -2.5304913520812988
  endloop
 endfacet
 facet normal -0.038826980450964541 -0.61756354352417031 0.78556205057202877
  outer loop
   vertex 8.9189949035644531 -1.2762590646743774 2.265207052230835
   vertex 9.1849908828735352 -1.8480949401855469 1.8288097381591797
   vertex 9.6365413665771484 -1.5148049592971802 2.1131412982940674
  endloop
 endfacet
 facet normal -0.029631071912910752 -0.37020762973296095 0.92847633812865416
  outer loop
   vertex 13.266789436340332 -0.67061918973922729 2.5120251178741455
   vertex 12.702736854553223 -0.5552818775177002 2.5400121212005615
   vertex 12.894062042236328 -1.313611626625061 2.2437522411346436
  endloop
 endfacet
 facet normal 0.12355238972802653 -0.67925337168202582 -0.72342910091528223
  outer loop
   vertex 15.486424446105957 -1.9749857187271118 -1.6414171457290649
   vertex 15.079999923706055 -1.7290257215499878 -1.9417698383331299
   vertex 15.572519302368164 -1.5346225500106812 -2.0401859283447266
  endloop
 endfacet
 facet normal 0.020553847063419228 0.041736066816724288 -0.99891723385752207
  outer loop
   vertex 9.5982284545898438 0.42710316181182861 -2.5646798610687256
   vertex 9.9495220184326172 -0.26563307642936707 -2.5863950252532959
   vertex 9.2021360397338867 -0.13688479363918304 -2.5963940620422363
  endloop
 endfacet
 facet normal -0.015760368016975588 -0.78595099473592822 -0.61808789397105524
  outer loop
   vertex 8.8641235600510002e-15 -2.269061803817749 -1.2693928480148315
   vertex 0.63746339082717896 -1.8196430206298828 -1.8571212291717529
   vertex 0.95982998609542847 -2.2119321823120117 -1.3665122985839844
  endloop
 endfacet
 facet normal 0.025110048789702556 0.015913124783496706 -0.99955803128652998
  outer loop
   vertex 4.5689897537231445 -0.38404050469398499 -2.5714807510375977
   vertex 3.6702094078063965 -0.21222718060016632 -2.5913238525390625
   vertex 4.1558570861816406 0.39762654900550842 -2.5694148540496826
  endloop
 endfacet
 facet normal 0.002106321190299177 -0.62617656778606479 -0.779678439721599
  outer loop
   vertex 2.8805677890777588 -1.8691467046737671 -1.8072881698608398
   vertex 2.4422805309295654 -1.367682933807373 -2.2112085819244385
   vertex 3.196575403213501 -1.3568426370620728 -2.2178769111633301
  endloop
 endfacet
 facet normal -0.021723248254780229 -0.37421255931447267 0.92708848603387028
  outer loop
   vertex 12.894062042236328 -1.313611626625061 2.2437522411346436
   vertex 13.791719436645508 -1.1610106229782104 2.3263821601867676
   vertex 13.266789436340332 -0.67061918973922729 2.5120251178741455
  endloop
 endfacet
 facet normal 0.0035527534561575337 -0.43084798787234369 -0.90241752492359795
  outer loop
   vertex 3.9654574394226074 -1.3783074617385864 -2.2046017646789551
   vertex 3.196575403213501 -1.3568426370620728 -2.2178769111633301
   vertex 3.4506890773773193 -0.86346727609634399 -2.45243239402771
  endloop
 endfacet
 facet normal 0.17270492775304405 -0.94169889040726196 -0.28874938568860609
  outer loop
   vertex 15.538342475891113 -2.5410552024841309 -0.30489379167556763
   vertex 15.079999923706055 -2.4656021595001221 -0.82510983943939209
   vertex 15.729514122009277 -2.2582607269287109 -1.1128295660018921
  endloop
 endfacet
 facet normal 0.0093965170784311731 -0.78614332906280071 -0.61797279198752098
  outer loop
   vertex 1.7369191646575928 -2.2423567771911621 -1.3159922361373901
   vertex 0.95982998609542847 -2.2119321823120117 -1.3665122985839844
   vertex 1.348131537437439 -1.8284406661987305 -1.8484600782394409
  endloop
 endfacet
 facet normal -0.008736658685327383 -0.79256514190064198 -0.60972466461430885
  outer loop
   vertex 1.7369191646575928 -2.2423567771911621 -1.3159922361373901
   vertex 1.348131537437439 -1.8284406661987305 -1.8484600782394409
   vertex 2.1016013622283936 -1.8656179904937744 -1.810930609703064
  endloop
 endfacet
 facet normal -0.0011642555578454043 -0.53734727739984389 -0.84336027175814443
  outer loop
   vertex 7.7539100646972656 -1.1670991182327271 -2.323333740234375
   vertex 8.5179033279418945 -1.175049901008606 -2.3193225860595703
   vertex 8.3118772506713867 -1.6075679063796997 -2.0434591770172119
  endloop
 endfacet
 facet normal -0.011665150412194467 -0.35454130915795723 -0.93496758466078522
  outer loop
   vertex 8.0365056991577148 -0.61112415790557861 -2.5271580219268799
   vertex 8.8030233383178711 -0.69039177894592285 -2.5066630840301514
   vertex 8.5179033279418945 -1.175049901008606 -2.3193225860595703
  endloop
 endfacet
 facet normal -0.039721800672803238 -0.86449766872382428 -0.50106482546910347
  outer loop
   vertex 8.0097694396972656 -2.4229812622070312 -0.94295400381088257
   vertex 8.1474266052246094 -2.0458834171295166 -1.60448157787323
   vertex 8.7310571670532227 -2.3006904125213623 -1.2111248970031738
  endloop
 endfacet
 facet normal -0.016475872988251546 -0.064458694919376447 0.99778435659142595
  outer loop
   vertex 12.505743026733398 0.24482397735118866 2.5884475708007812
   vertex 12.702736854553223 -0.5552818775177002 2.5400121212005615
   vertex 13.347627639770508 0.14544214308261871 2.5959289073944092
  endloop
 endfacet
 facet normal -0.02491596827706493 -0.3102969008446736 0.95031312095067233
  outer loop
   vertex 11.9927978515625 -0.41827297210693359 2.5661346912384033
   vertex 12.154365539550781 -1.1523785591125488 2.3306701183319092
   vertex 12.702736854553223 -0.5552818775177002 2.5400121212005615
  endloop
 endfacet
 facet normal 0.0090412815961322807 0.24558501509484143 0.9693328920386256
  outer loop
   vertex 5.8243684768676758 0.2858605682849884 2.5842375755310059
   vertex 5.4711003303527832 0.95679998397827148 2.4175469875335693
   vertex 4.965052604675293 0.34718748927116394 2.5767152309417725
  endloop
 endfacet
 facet normal 0.00080346479246973983 -0.62686894054948783 -0.77912430703879976
  outer loop
   vertex 2.8805677890777588 -1.8691467046737671 -1.8072881698608398
   vertex 2.1016013622283936 -1.8656179904937744 -1.810930609703064
   vertex 2.4422805309295654 -1.367682933807373 -2.2112085819244385
  endloop
 endfacet
 facet normal 0.016532696401569048 -0.71063346764938617 -0.70336814301353046
  outer loop
   vertex 7.5437765121459961 -1.7062413692474365 -1.9618207216262817
   vertex 8.3118772506713867 -1.6075679063796997 -2.0434591770172119
   vertex 8.1474266052246094 -2.0458834171295166 -1.60448157787323
  endloop
 endfacet
 facet normal 0.030308225700297127 -0.59744381329016283 0.80133781978402152
  outer loop
   vertex 8.4212913513183594 -1.692396879196167 1.9737763404846191
   vertex 9.1849908828735352 -1.8480949401855469 1.8288097381591797
   vertex 8.9189949035644531 -1.2762590646743774 2.265207052230835
  endloop
 endfacet
 facet normal -0.059801837276667304 -0.97929854380299741 -0.19338588977395421
  outer loop
   vertex 8.0097694396972656 -2.4229812622070312 -0.94295400381088257
   vertex 8.68072509765625 -2.5537018775939941 -0.48847344517707825
   vertex 7.9549036026000977 -2.5998213291168213 -0.030476376414299011
  endloop
 endfacet
 facet normal 0.0052012209846668519 0.24637402897610744 0.96916086649552102
  outer loop
   vertex 4.1519327163696289 0.2968539297580719 2.5829977989196777
   vertex 3.7202808856964111 0.95679998397827148 2.4175469875335693
   vertex 3.3463764190673828 0.32938459515571594 2.5790512561798096
  endloop
 endfacet
 facet normal -0.0086888434087438148 -0.20577121164791665 -0.978561552717644
  outer loop
   vertex 3.6702094078063965 -0.21222718060016632 -2.5913238525390625
   vertex 4.0870823860168457 -0.82067877054214478 -2.4670805931091309
   vertex 3.4506890773773193 -0.86346727609634399 -2.45243239402771
  endloop
 endfacet
 facet normal 0.12694055904500295 -0.023340855160122419 -0.9916356684537605
  outer loop
   vertex 15.561203002929688 -0.35363411903381348 -2.5304913520812988
   vertex 15.079999923706055 -0.021332483738660812 -2.5999124050140381
   vertex 15.559475898742676 0.23509250581264496 -2.544569730758667
  endloop
 endfacet
 facet normal 0.049396298029356578 -0.42417248741359914 0.90423321475289498
  outer loop
   vertex 14.374402046203613 -0.73755306005477905 2.4931938648223877
   vertex 13.791719436645508 -1.1610106229782104 2.3263821601867676
   vertex 14.451650619506836 -1.4661190509796143 2.1472063064575195
  endloop
 endfacet
 facet normal 0.035832443275160809 -0.29806834455924036 0.95387174084393878
  outer loop
   vertex 11.9927978515625 -0.41827297210693359 2.5661346912384033
   vertex 11.461751937866211 -0.95369601249694824 2.4187731742858887
   vertex 12.154365539550781 -1.1523785591125488 2.3306701183319092
  endloop
 endfacet
 facet normal -0.019559364084817829 -0.14623592141163258 -0.98905636167282618
  outer loop
   vertex 8.4265480041503906 -0.0088619785383343697 -2.599984884262085
   vertex 9.2021360397338867 -0.13688479363918304 -2.5963940620422363
   vertex 8.8030233383178711 -0.69039177894592285 -2.5066630840301514
  endloop
 endfacet
 facet normal 0.037091222240665106 0.21705689930286134 0.97545401926370723
  outer loop
   vertex 8.8267841339111328 0.95679998397827148 2.4175469875335693
   vertex 8.4482479095458984 0.26020145416259766 2.586946964263916
   vertex 9.3358306884765625 0.052226368337869644 2.5994753837585449
  endloop
 endfacet
 facet normal -0.0032498484408462528 -0.062031644317528174 0.99806889220553063
  outer loop
   vertex 13.786887168884277 -0.45358839631080627 2.5601284503936768
   vertex 14.242383003234863 0.11970637738704681 2.5972428321838379
   vertex 13.347627639770508 0.14544214308261871 2.5959289073944092
  endloop
 endfacet
 facet normal 0.027860571980773137 -0.10496726437029424 0.99408533936454424
  outer loop
   vertex 13.347627639770508 0.14544214308261871 2.5959289073944092
   vertex 12.702736854553223 -0.5552818775177002 2.5400121212005615
   vertex 13.266789436340332 -0.67061918973922729 2.5120251178741455
  endloop
 endfacet
 facet normal -0.038502457490574349 -0.46430999000549539 0.88483546151150794
  outer loop
   vertex 9.456934928894043 -0.83380341529846191 2.4626758098602295
   vertex 9.6365413665771484 -1.5148049592971802 2.1131412982940674
   vertex 10.198573112487793 -1.090367317199707 2.3603174686431885
  endloop
 endfacet
 facet normal 0.0013399227291959563 -0.34480521841469686 -0.93867330097381219
  outer loop
   vertex 8.0365056991577148 -0.61112415790557861 -2.5271580219268799
   vertex 8.5179033279418945 -1.175049901008606 -2.3193225860595703
   vertex 7.7539100646972656 -1.1670991182327271 -2.323333740234375
  endloop
 endfacet
 facet normal -0.045189778660744605 0.17974931092372645 -0.98267393835749928
  outer loop
   vertex 6.3619265556335449 0.95679998397827148 -2.4175469875335693
   vertex 6.8248133659362793 0.082954026758670807 -2.5986762046813965
   vertex 6.1658725738525391 -0.082744427025318146 -2.5986831188201904
  endloop
 endfacet
 facet normal -0.054681381801352728 -0.3842442874726219 0.92161069548315899
  outer loop
   vertex 10.751791954040527 -0.56933885812759399 2.5368983745574951
   vertex 10.898660659790039 -1.3598867654800415 2.2160117626190186
   vertex 11.461751937866211 -0.95369601249694824 2.4187731742858887
  endloop
 endfacet
 facet normal 0.026318028354176702 -0.05394739453708685 0.99819689440821679
  outer loop
   vertex 12.505743026733398 0.24482397735118866 2.5884475708007812
   vertex 11.9927978515625 -0.41827297210693359 2.5661346912384033
   vertex 12.702736854553223 -0.5552818775177002 2.5400121212005615
  endloop
 endfacet
 facet normal 0.040426805174240049 -0.44779718357901654 0.89322077662921873
  outer loop
   vertex 9.456934928894043 -0.83380341529846191 2.4626758098602295
   vertex 8.9189949035644531 -1.2762590646743774 2.265207052230835
   vertex 9.6365413665771484 -1.5148049592971802 2.1131412982940674
  endloop
 endfacet
 facet normal -0.017679550382963618 -0.55207211954143243 -0.83360890609643001
  outer loop
   vertex 7.5437765121459961 -1.7062413692474365 -1.9618207216262817
   vertex 7.7539100646972656 -1.1670991182327271 -2.323333740234375
   vertex 8.3118772506713867 -1.6075679063796997 -2.0434591770172119
  endloop
 endfacet
 facet normal 0.049868040033837074 -0.36766605155855853 0.92861986469950297
  outer loop
   vertex 10.198573112487793 -1.090367317199707 2.3603174686431885
   vertex 10.898660659790039 -1.3598867654800415 2.2160117626190186
   vertex 10.751791954040527 -0.56933885812759399 2.5368983745574951
  endloop
 endfacet
 facet normal 0.059232407949633976 -0.1112837540256115 0.99202189892081272
  outer loop
   vertex 14.374402046203613 -0.73755306005477905 2.4931938648223877
   vertex 14.242383003234863 0.11970637738704681 2.5972428321838379
   vertex 13.786887168884277 -0.45358839631080627 2.5601284503936768
  endloop
 endfacet
 facet normal -0.01906292179485139 -0.21255259890035191 -0.97696366243241073
  outer loop
   vertex 4.0870823860168457 -0.82067877054214478 -2.4670805931091309
   vertex 3.6702094078063965 -0.21222718060016632 -2.5913238525390625
   vertex 4.5689897537231445 -0.38404050469398499 -2.5714807510375977
  endloop
 endfacet
 facet normal 0.042748511686705522 -0.7955290184044066 0.604405613495683
  outer loop
   vertex 14.45164680480957 -2.0319602489471436 1.6220780611038208
   vertex 15.079999923706055 -2.2769749164581299 1.2551432847976685
   vertex 15.079999923706055 -1.8195542097091675 1.857208251953125
  endloop
 endfacet
 facet normal -0.043561450023950801 -0.31370730974522909 0.94851996493707069
  outer loop
   vertex 13.791719436645508 -1.1610106229782104 2.3263821601867676
   vertex 14.374402046203613 -0.73755306005477905 2.4931938648223877
   vertex 13.786887168884277 -0.45358839631080627 2.5601284503936768
  endloop
 endfacet
 facet normal 0.0232454174201864 -0.033294648764080496 0.99917521833392065
  outer loop
   vertex 14.242383003234863 0.11970637738704681 2.5972428321838379
   vertex 15.079999923706055 -0.46370434761047363 2.5583155155181885
   vertex 15.079999923706055 0.2923676073551178 2.5835094451904297
  endloop
 endfacet
 facet normal -0.0017531697866194876 0.0084771124989186028 0.99996253177775607
  outer loop
   vertex 1.3978731632232666 -0.3096528947353363 2.5814948081970215
   vertex 1.7807143926620483 0.34811675548553467 2.576589822769165
   vertex 1.0337260961532593 0.35829606652259827 2.5751938819885254
  endloop
 endfacet
 facet normal -0.044292427883771225 -0.67957761778065173 0.73226528133166013
  outer loop
   vertex 14.451650619506836 -1.4661190509796143 2.1472063064575195
   vertex 14.45164680480957 -2.0319602489471436 1.6220780611038208
   vertex 15.079999923706055 -1.8195542097091675 1.857208251953125
  endloop
 endfacet
 facet normal 0.00791908724643226 -0.42728389661873012 -0.90408282792424377
  outer loop
   vertex 4.0870823860168457 -0.82067877054214478 -2.4670805931091309
   vertex 3.9654574394226074 -1.3783074617385864 -2.2046017646789551
   vertex 3.4506890773773193 -0.86346727609634399 -2.45243239402771
  endloop
 endfacet
 facet normal -0.0033210990878337196 -0.62413556629605793 -0.78130900749008891
  outer loop
   vertex 3.6759276390075684 -1.8542493581771851 -1.8225694894790649
   vertex 2.8805677890777588 -1.8691467046737671 -1.8072881698608398
   vertex 3.196575403213501 -1.3568426370620728 -2.2178769111633301
  endloop
 endfacet
 facet normal 0.042941337591248074 -0.31318300963019963 0.94872147862523093
  outer loop
   vertex 13.791719436645508 -1.1610106229782104 2.3263821601867676
   vertex 13.786887168884277 -0.45358839631080627 2.5601284503936768
   vertex 13.266789436340332 -0.67061918973922729 2.5120251178741455
  endloop
 endfacet
 facet normal 0.013227731094527167 -0.12847605298662582 -0.99162439004850456
  outer loop
   vertex 8.4265480041503906 -0.0088619785383343697 -2.599984884262085
   vertex 8.8030233383178711 -0.69039177894592285 -2.5066630840301514
   vertex 8.0365056991577148 -0.61112415790557861 -2.5271580219268799
  endloop
 endfacet
 facet normal 0.070854196722666643 0.15824384380467113 -0.98485459267077025
  outer loop
   vertex 5.6438636779785156 0.18286100029945374 -2.5935616493225098
   vertex 6.3619265556335449 0.95679998397827148 -2.4175469875335693
   vertex 6.1658725738525391 -0.082744427025318146 -2.5986831188201904
  endloop
 endfacet
 facet normal -0.003949688755170851 -0.62450460950599307 -0.78101113478906603
  outer loop
   vertex 3.6759276390075684 -1.8542493581771851 -1.8225694894790649
   vertex 3.196575403213501 -1.3568426370620728 -2.2178769111633301
   vertex 3.9654574394226074 -1.3783074617385864 -2.2046017646789551
  endloop
 endfacet
 facet normal -0.010853954565823784 -0.0030938463955775043 -0.99993630786403764
  outer loop
   vertex 4.9701676368713379 0.33700758218765259 -2.578066349029541
   vertex 4.5689897537231445 -0.38404050469398499 -2.5714807510375977
   vertex 4.1558570861816406 0.39762654900550842 -2.5694148540496826
  endloop
 endfacet
 facet normal -0.051410190780930176 -0.097100449136039726 0.9939459215980756
  outer loop
   vertex 13.266789436340332 -0.67061918973922729 2.5120251178741455
   vertex 13.786887168884277 -0.45358839631080627 2.5601284503936768
   vertex 13.347627639770508 0.14544214308261871 2.5959289073944092
  endloop
 endfacet
 facet normal 0.0080103626127679146 0.020442917854314391 0.9997589315432065
  outer loop
   vertex -1.805182387034851e-14 0.27773120999336243 2.5851237773895264
   vertex 0.68651729822158813 -0.22817863523960114 2.5899679660797119
   vertex 1.0337260961532593 0.35829606652259827 2.5751938819885254
  endloop
 endfacet
 facet normal 0.022246739192798702 0.2500306221369436 0.96798231935769397
  outer loop
   vertex 7.9899883270263672 0.95679998397827148 2.4175469875335693
   vertex 7.7484688758850098 0.38004344701766968 2.5720744132995605
   vertex 8.4482479095458984 0.26020145416259766 2.586946964263916
  endloop
 endfacet
 facet normal -0.042255610028631783 -0.12679250401295977 0.99102882114862412
  outer loop
   vertex 14.374402046203613 -0.73755306005477905 2.4931938648223877
   vertex 15.079999923706055 -0.46370434761047363 2.5583155155181885
   vertex 14.242383003234863 0.11970637738704681 2.5972428321838379
  endloop
 endfacet
 facet normal -0.0078682201149523571 0.24802278522507379 0.96872224560057441
  outer loop
   vertex 4.965052604675293 0.34718748927116394 2.5767152309417725
   vertex 4.584784984588623 0.95679998397827148 2.4175469875335693
   vertex 4.1519327163696289 0.2968539297580719 2.5829977989196777
  endloop
 endfacet
 facet normal -0.00083392982633687573 -0.80144016741043023 -0.59807437883777137
  outer loop
   vertex 2.5302019119262695 -2.2656521797180176 -1.2754687070846558
   vertex 2.1016013622283936 -1.8656179904937744 -1.810930609703064
   vertex 2.8805677890777588 -1.8691467046737671 -1.8072881698608398
  endloop
 endfacet
 facet normal 0.0073223813333585675 -0.79827997920860339 -0.60224202570587904
  outer loop
   vertex 2.5302019119262695 -2.2656521797180176 -1.2754687070846558
   vertex 1.7369191646575928 -2.2423567771911621 -1.3159922361373901
   vertex 2.1016013622283936 -1.8656179904937744 -1.810930609703064
  endloop
 endfacet
 facet normal -0.01923499862829274 -0.30253714189975056 0.95294348867018341
  outer loop
   vertex 9.9953107833862305 -0.44132024049758911 2.5622718334197998
   vertex 10.198573112487793 -1.090367317199707 2.3603174686431885
   vertex 10.751791954040527 -0.56933885812759399 2.5368983745574951
  endloop
 endfacet
 facet normal -0.045155107758009072 -0.43243969152967371 0.90053147054008231
  outer loop
   vertex 15.079999923706055 -1.2001816034317017 2.3064179420471191
   vertex 14.374402046203613 -0.73755306005477905 2.4931938648223877
   vertex 14.451650619506836 -1.4661190509796143 2.1472063064575195
  endloop
 endfacet
 facet normal 0.032607077549747315 -0.28762262493334251 0.95718859381008004
  outer loop
   vertex 9.456934928894043 -0.83380341529846191 2.4626758098602295
   vertex 10.198573112487793 -1.090367317199707 2.3603174686431885
   vertex 9.9953107833862305 -0.44132024049758911 2.5622718334197998
  endloop
 endfacet
 facet normal 0.03265765867097823 -0.23800818679284036 0.9707139539275792
  outer loop
   vertex 11.439658164978027 -0.27868741750717163 2.5850210189819336
   vertex 10.751791954040527 -0.56933885812759399 2.5368983745574951
   vertex 11.461751937866211 -0.95369601249694824 2.4187731742858887
  endloop
 endfacet
 facet normal -0.027405378096255047 -0.23989946145123153 0.97041083755634672
  outer loop
   vertex 11.439658164978027 -0.27868741750717163 2.5850210189819336
   vertex 11.461751937866211 -0.95369601249694824 2.4187731742858887
   vertex 11.9927978515625 -0.41827297210693359 2.5661346912384033
  endloop
 endfacet
 facet normal 0.13513383419385727 0.25290095623749459 0.95800832626351839
  outer loop
   vertex 15.631693840026855 0.18491008877754211 2.5340564250946045
   vertex 15.807496070861816 0.95679998397827148 2.3054900169372559
   vertex 15.079999923706055 0.2923676073551178 2.5835094451904297
  endloop
 endfacet
 facet normal 0.80340680661484853 0.19056941643693445 0.56411062798339273
  outer loop
   vertex 17.41851806640625 0.32559409737586975 1.0887235403060913
   vertex 17.027074813842773 0.95679998397827148 1.4329816102981567
   vertex 16.896974563598633 0.32871869206428528 1.8304506540298462
  endloop
 endfacet
 facet normal 0.013853610528714611 0.016983579519429085 0.99975978890032668
  outer loop
   vertex 0.68651729822158813 -0.22817863523960114 2.5899679660797119
   vertex 1.3978731632232666 -0.3096528947353363 2.5814948081970215
   vertex 1.0337260961532593 0.35829606652259827 2.5751938819885254
  endloop
 endfacet
 facet normal -0.0012157231776980116 0.0031561309421288151 0.99999428041095872
  outer loop
   vertex 2.1865839958190918 -0.32808175683021545 2.5792174339294434
   vertex 2.5567846298217773 0.34088689088821411 2.5775561332702637
   vertex 1.7807143926620483 0.34811675548553467 2.576589822769165
  endloop
 endfacet
 facet normal -0.088984954712326564 0.17291256765798341 0.98090923218245241
  outer loop
   vertex 7.1678099632263184 -0.071601025760173798 2.5990138053894043
   vertex 7.7484688758850098 0.38004344701766968 2.5720744132995605
   vertex 7.1657981872558594 0.95679998397827148 2.4175469875335693
  endloop
 endfacet
 facet normal 0.043328484207803303 -0.58655716543391101 0.80874800409916925
  outer loop
   vertex 15.079999923706055 -1.8195542097091675 1.857208251953125
   vertex 15.079999923706055 -1.2001816034317017 2.3064179420471191
   vertex 14.451650619506836 -1.4661190509796143 2.1472063064575195
  endloop
 endfacet
 facet normal 0.0030205608096577196 0.0056987855672754432 0.99997919981140282
  outer loop
   vertex 2.1865839958190918 -0.32808175683021545 2.5792174339294434
   vertex 1.7807143926620483 0.34811675548553467 2.576589822769165
   vertex 1.3978731632232666 -0.3096528947353363 2.5814948081970215
  endloop
 endfacet
 facet normal -0.034991920778294723 -0.54487189925647028 0.83778886294871002
  outer loop
   vertex 8.159520149230957 -1.0601168870925903 2.3740582466125488
   vertex 8.4212913513183594 -1.692396879196167 1.9737763404846191
   vertex 8.9189949035644531 -1.2762590646743774 2.265207052230835
  endloop
 endfacet
 facet normal -0.03431322040764493 -0.75270530452492446 -0.6574627954837422
  outer loop
   vertex 7.387763500213623 -2.1936733722686768 -1.3956351280212402
   vertex 7.5437765121459961 -1.7062413692474365 -1.9618207216262817
   vertex 8.1474266052246094 -2.0458834171295166 -1.60448157787323
  endloop
 endfacet
 facet normal 0.034964145497769022 -0.87134365523378654 -0.48942593210151331
  outer loop
   vertex 7.387763500213623 -2.1936733722686768 -1.3956351280212402
   vertex 8.1474266052246094 -2.0458834171295166 -1.60448157787323
   vertex 8.0097694396972656 -2.4229812622070312 -0.94295400381088257
  endloop
 endfacet
 facet normal 0.014539203004138813 -0.56076584508515714 -0.82784677239325766
  outer loop
   vertex 6.9689674377441406 -1.2591843605041504 -2.2747428417205811
   vertex 7.7539100646972656 -1.1670991182327271 -2.323333740234375
   vertex 7.5437765121459961 -1.7062413692474365 -1.9618207216262817
  endloop
 endfacet
 facet normal -0.0015693027470395204 -0.34350154711109948 -0.9391507996169568
  outer loop
   vertex 7.2522501945495605 -0.60073399543762207 -2.5296478271484375
   vertex 8.0365056991577148 -0.61112415790557861 -2.5271580219268799
   vertex 7.7539100646972656 -1.1670991182327271 -2.323333740234375
  endloop
 endfacet
 facet normal -0.018023218640234852 -0.019695465927438986 0.99964356258205711
  outer loop
   vertex 11.9927978515625 -0.41827297210693359 2.5661346912384033
   vertex 12.505743026733398 0.24482397735118866 2.5884475708007812
   vertex 11.76971435546875 0.34407371282577515 2.5771327018737793
  endloop
 endfacet
 facet normal -0.03852665632794787 -0.042721148533681981 0.99834392882420608
  outer loop
   vertex -1.805182387034851e-14 0.27773120999336243 2.5851237773895264
   vertex -1.7820153583010881e-14 -0.49755790829658508 2.5519475936889648
   vertex 0.68651729822158813 -0.22817863523960114 2.5899679660797119
  endloop
 endfacet
 facet normal -0.0098115578732673528 -0.91611665768507322 -0.40079172002928098
  outer loop
   vertex 1.2956067323684692 -2.4982202053070068 -0.7203444242477417
   vertex 0.95982998609542847 -2.2119321823120117 -1.3665122985839844
   vertex 1.7369191646575928 -2.2423567771911621 -1.3159922361373901
  endloop
 endfacet
 facet normal 0.012427114955768797 -0.91069553736190734 -0.4128912750870174
  outer loop
   vertex 0.95982998609542847 -2.2119321823120117 -1.3665122985839844
   vertex 0.60215175151824951 -2.4743714332580566 -0.7984272837638855
   vertex 8.8641235600510002e-15 -2.269061803817749 -1.2693928480148315
  endloop
 endfacet
 facet normal -0.01765158520719053 -0.89606963063801759 0.44356244046122778
  outer loop
   vertex 8.3121881484985352 -2.4687027931213379 0.81578576564788818
   vertex 8.7134761810302734 -2.1760604381561279 1.4229410886764526
   vertex 7.9066667556762695 -2.1181979179382324 1.5077259540557861
  endloop
 endfacet
 facet normal 0.038247198353443278 -0.32338742981885427 0.94549337493885599
  outer loop
   vertex 14.374402046203613 -0.73755306005477905 2.4931938648223877
   vertex 15.079999923706055 -1.2001816034317017 2.3064179420471191
   vertex 15.079999923706055 -0.46370434761047363 2.5583155155181885
  endloop
 endfacet
 facet normal 0.067430157796690732 -0.30180107750039475 -0.95098332448004275
  outer loop
   vertex 4.5689897537231445 -0.38404050469398499 -2.5714807510375977
   vertex 4.6212120056152344 -1.1884084939956665 -2.3125061988830566
   vertex 4.0870823860168457 -0.82067877054214478 -2.4670805931091309
  endloop
 endfacet
 facet normal -0.027331450821322732 -0.42083846753468024 -0.90672375949848327
  outer loop
   vertex 4.6212120056152344 -1.1884084939956665 -2.3125061988830566
   vertex 3.9654574394226074 -1.3783074617385864 -2.2046017646789551
   vertex 4.0870823860168457 -0.82067877054214478 -2.4670805931091309
  endloop
 endfacet
 facet normal -0.038920265325743969 -0.36740487682759476 0.92924639866413983
  outer loop
   vertex 8.7132320404052734 -0.56464022397994995 2.5379483699798584
   vertex 8.9189949035644531 -1.2762590646743774 2.265207052230835
   vertex 9.456934928894043 -0.83380341529846191 2.4626758098602295
  endloop
 endfacet
 facet normal 0.016261301331271325 -0.74704621768352819 0.66457318537821541
  outer loop
   vertex 7.9066667556762695 -2.1181979179382324 1.5077259540557861
   vertex 8.7134761810302734 -2.1760604381561279 1.4229410886764526
   vertex 8.4212913513183594 -1.692396879196167 1.9737763404846191
  endloop
 endfacet
 facet normal -0.008783974941182382 -0.62269250548754873 -0.78241733454331885
  outer loop
   vertex 4.5522956848144531 -1.80352783203125 -1.8727753162384033
   vertex 3.6759276390075684 -1.8542493581771851 -1.8225694894790649
   vertex 3.9654574394226074 -1.3783074617385864 -2.2046017646789551
  endloop
 endfacet
 facet normal -0.016231586757030677 -0.35489162584194117 -0.9347665320809323
  outer loop
   vertex 6.9689674377441406 -1.2591843605041504 -2.2747428417205811
   vertex 7.2522501945495605 -0.60073399543762207 -2.5296478271484375
   vertex 7.7539100646972656 -1.1670991182327271 -2.323333740234375
  endloop
 endfacet
 facet normal 0.032917202527832 -0.004786063919620759 0.99944662257166039
  outer loop
   vertex 11.76971435546875 0.34407371282577515 2.5771327018737793
   vertex 11.439658164978027 -0.27868741750717163 2.5850210189819336
   vertex 11.9927978515625 -0.41827297210693359 2.5661346912384033
  endloop
 endfacet
 facet normal -0.015181488347315662 0.066762158525037155 -0.99765341506990191
  outer loop
   vertex 8.8844680786132812 0.51903313398361206 -2.5476665496826172
   vertex 9.5982284545898438 0.42710316181182861 -2.5646798610687256
   vertex 9.2021360397338867 -0.13688479363918304 -2.5963940620422363
  endloop
 endfacet
 facet normal -0.01249314479364393 -0.11206013713590063 -0.99362288973143531
  outer loop
   vertex 7.6341605186462402 0.071011513471603394 -2.5990300178527832
   vertex 8.4265480041503906 -0.0088619785383343697 -2.599984884262085
   vertex 8.0365056991577148 -0.61112415790557861 -2.5271580219268799
  endloop
 endfacet
 facet normal -0.014644417207152798 -0.22908205500118931 0.97329695012421302
  outer loop
   vertex 0.87993526458740234 -0.93195956945419312 2.4272313117980957
   vertex 1.3978731632232666 -0.3096528947353363 2.5814948081970215
   vertex 0.68651729822158813 -0.22817863523960114 2.5899679660797119
  endloop
 endfacet
 facet normal 0.035601186758307722 -0.58382130194006643 -0.81110125317521597
  outer loop
   vertex 4.5522956848144531 -1.80352783203125 -1.8727753162384033
   vertex 3.9654574394226074 -1.3783074617385864 -2.2046017646789551
   vertex 4.6212120056152344 -1.1884084939956665 -2.3125061988830566
  endloop
 endfacet
 facet normal 0.0034715471202195485 -0.80033698160380595 -0.59954037748753919
  outer loop
   vertex 3.3343386650085449 -2.2659013271331787 -1.2750259637832642
   vertex 2.8805677890777588 -1.8691467046737671 -1.8072881698608398
   vertex 3.6759276390075684 -1.8542493581771851 -1.8225694894790649
  endloop
 endfacet
 facet normal 8.0674469615228737e-05 -0.80172925841242582 -0.59768736785805643
  outer loop
   vertex 3.3343386650085449 -2.2659013271331787 -1.2750259637832642
   vertex 2.5302019119262695 -2.2656521797180176 -1.2754687070846558
   vertex 2.8805677890777588 -1.8691467046737671 -1.8072881698608398
  endloop
 endfacet
 facet normal 0.034950577181278093 -0.34883738904847278 0.93653133057924964
  outer loop
   vertex 8.159520149230957 -1.0601168870925903 2.3740582466125488
   vertex 8.9189949035644531 -1.2762590646743774 2.265207052230835
   vertex 8.7132320404052734 -0.56464022397994995 2.5379483699798584
  endloop
 endfacet
 facet normal -0.7263393766802112 0.24037015160266431 -0.64393578880375524
  outer loop
   vertex -2.1020925045013428 0.4448811411857605 -1.4639971256256104
   vertex -1.7898522615432739 0.95679998397827148 -1.6251038312911987
   vertex -1.683612585067749 0.48548164963722229 -1.9208738803863525
  endloop
 endfacet
 facet normal 0.001783172415821021 -0.10374273585269442 -0.99460256638213707
  outer loop
   vertex 7.6341605186462402 0.071011513471603394 -2.5990300178527832
   vertex 8.0365056991577148 -0.61112415790557861 -2.5271580219268799
   vertex 7.2522501945495605 -0.60073399543762207 -2.5296478271484375
  endloop
 endfacet
 facet normal -0.053632251786247691 -0.038280379230210153 0.99782673552793111
  outer loop
   vertex 10.751791954040527 -0.56933885812759399 2.5368983745574951
   vertex 11.439658164978027 -0.27868741750717163 2.5850210189819336
   vertex 11.020143508911133 0.28657746315002441 2.584158182144165
  endloop
 endfacet
 facet normal 0.018293873055532324 0.082880884869173624 -0.99639153605996222
  outer loop
   vertex 8.8844680786132812 0.51903313398361206 -2.5476665496826172
   vertex 9.2021360397338867 -0.13688479363918304 -2.5963940620422363
   vertex 8.4265480041503906 -0.0088619785383343697 -2.599984884262085
  endloop
 endfacet
 facet normal -0.0030462078920202736 -0.25002150081657804 0.96823549291838329
  outer loop
   vertex 2.1865839958190918 -0.32808175683021545 2.5792174339294434
   vertex 1.3978731632232666 -0.3096528947353363 2.5814948081970215
   vertex 1.7859213352203369 -0.97057515382766724 2.4120497703552246
  endloop
 endfacet
 facet normal 0.00089859762102306696 0.0019860950246286292 0.99999762397161152
  outer loop
   vertex 2.9862520694732666 -0.33359768986701965 2.5785098075866699
   vertex 2.5567846298217773 0.34088689088821411 2.5775561332702637
   vertex 2.1865839958190918 -0.32808175683021545 2.5792174339294434
  endloop
 endfacet
 facet normal -0.064873768632229156 -0.16092145101971914 0.98483281867795214
  outer loop
   vertex 9.3358306884765625 0.052226368337869644 2.5994753837585449
   vertex 9.456934928894043 -0.83380341529846191 2.4626758098602295
   vertex 9.9953107833862305 -0.44132024049758911 2.5622718334197998
  endloop
 endfacet
 facet normal 0.0057965365035107276 -0.24514585986983242 0.96946887910507162
  outer loop
   vertex 1.7859213352203369 -0.97057515382766724 2.4120497703552246
   vertex 1.3978731632232666 -0.3096528947353363 2.5814948081970215
   vertex 0.87993526458740234 -0.93195956945419312 2.4272313117980957
  endloop
 endfacet
 facet normal 0.024531927451249352 -0.052901223845107891 0.99829837476138195
  outer loop
   vertex 10.225767135620117 0.21284045279026031 2.5912735462188721
   vertex 9.9953107833862305 -0.44132024049758911 2.5622718334197998
   vertex 10.751791954040527 -0.56933885812759399 2.5368983745574951
  endloop
 endfacet
 facet normal 0.07933884523279626 0.17337348028838306 0.98165522662991012
  outer loop
   vertex 7.1657981872558594 0.95679998397827148 2.4175469875335693
   vertex 6.5446352958679199 0.31971719861030579 2.5802676677703857
   vertex 7.1678099632263184 -0.071601025760173798 2.5990138053894043
  endloop
 endfacet
 facet normal 0.031132904308174246 -0.21704859926651326 0.97566420853989655
  outer loop
   vertex -1.7820153583010881e-14 -0.49755790829658508 2.5519475936889648
   vertex 0.87993526458740234 -0.93195956945419312 2.4272313117980957
   vertex 0.68651729822158813 -0.22817863523960114 2.5899679660797119
  endloop
 endfacet
 facet normal -0.0079048196366416183 -0.92595472745483909 -0.37755179317617726
  outer loop
   vertex 2.1047768592834473 -2.5181055068969727 -0.64741379022598267
   vertex 1.7369191646575928 -2.2423567771911621 -1.3159922361373901
   vertex 2.5302019119262695 -2.2656521797180176 -1.2754687070846558
  endloop
 endfacet
 facet normal 0.014999278096385651 -0.91126962055769523 -0.41153699749259659
  outer loop
   vertex 0.60215175151824951 -2.4743714332580566 -0.7984272837638855
   vertex 0.95982998609542847 -2.2119321823120117 -1.3665122985839844
   vertex 1.2956067323684692 -2.4982202053070068 -0.7203444242477417
  endloop
 endfacet
 facet normal -0.0018904736072441989 0.0002101986248254517 0.99999819096140297
  outer loop
   vertex 2.9862520694732666 -0.33359768986701965 2.5785098075866699
   vertex 3.3463764190673828 0.32938459515571594 2.5790512561798096
   vertex 2.5567846298217773 0.34088689088821411 2.5775561332702637
  endloop
 endfacet
 facet normal -0.033321864493584742 -0.60152391472124589 -0.79815952876921692
  outer loop
   vertex 6.7681102752685547 -1.8713536262512207 -1.8050029277801514
   vertex 6.9689674377441406 -1.2591843605041504 -2.2747428417205811
   vertex 7.5437765121459961 -1.7062413692474365 -1.9618207216262817
  endloop
 endfacet
 facet normal 0.0087564490321765942 0.0080249717121097224 0.99992945972671832
  outer loop
   vertex 11.020143508911133 0.28657746315002441 2.584158182144165
   vertex 11.439658164978027 -0.27868741750717163 2.5850210189819336
   vertex 11.76971435546875 0.34407371282577515 2.5771327018737793
  endloop
 endfacet
 facet normal 0.04712750146560421 -0.14612399769140608 0.98814309485230511
  outer loop
   vertex 9.3358306884765625 0.052226368337869644 2.5994753837585449
   vertex 8.7132320404052734 -0.56464022397994995 2.5379483699798584
   vertex 9.456934928894043 -0.83380341529846191 2.4626758098602295
  endloop
 endfacet
 facet normal 0.031310123945825323 -0.76172410471514529 -0.64714454678565236
  outer loop
   vertex 6.7681102752685547 -1.8713536262512207 -1.8050029277801514
   vertex 7.5437765121459961 -1.7062413692474365 -1.9618207216262817
   vertex 7.387763500213623 -2.1936733722686768 -1.3956351280212402
  endloop
 endfacet
 facet normal 0.014477247475264993 -0.059650321602897044 0.9981143463743074
  outer loop
   vertex 10.751791954040527 -0.56933885812759399 2.5368983745574951
   vertex 11.020143508911133 0.28657746315002441 2.584158182144165
   vertex 10.225767135620117 0.21284045279026031 2.5912735462188721
  endloop
 endfacet
 facet normal 0.012221803597575602 -0.92200085407622745 -0.38699489996578668
  outer loop
   vertex 2.1047768592834473 -2.5181055068969727 -0.64741379022598267
   vertex 1.2956067323684692 -2.4982202053070068 -0.7203444242477417
   vertex 1.7369191646575928 -2.2423567771911621 -1.3159922361373901
  endloop
 endfacet
 facet normal -0.36283272798256666 0.25357861361144601 -0.89668851795014393
  outer loop
   vertex -1.2076162099838257 0.51601368188858032 -2.2439680099487305
   vertex -0.90663993358612061 0.95679998397827148 -2.2411019802093506
   vertex -0.67590022087097168 0.54802560806274414 -2.4500668048858643
  endloop
 endfacet
 facet normal 0.018359824593844287 -0.050737690035252879 0.99854324075163114
  outer loop
   vertex 9.3358306884765625 0.052226368337869644 2.5994753837585449
   vertex 9.9953107833862305 -0.44132024049758911 2.5622718334197998
   vertex 10.225767135620117 0.21284045279026031 2.5912735462188721
  endloop
 endfacet
 facet normal 0.014926780513915563 -0.36655813460106923 -0.93027540286802912
  outer loop
   vertex 6.5154738426208496 -0.68603253364562988 -2.507859468460083
   vertex 7.2522501945495605 -0.60073399543762207 -2.5296478271484375
   vertex 6.9689674377441406 -1.2591843605041504 -2.2747428417205811
  endloop
 endfacet
 facet normal -0.0061970308695231983 0.24550141642100759 0.96937642396732615
  outer loop
   vertex 6.3295540809631348 0.95679998397827148 2.4175469875335693
   vertex 5.8243684768676758 0.2858605682849884 2.5842375755310059
   vertex 6.5446352958679199 0.31971719861030579 2.5802676677703857
  endloop
 endfacet
 facet normal -0.55473616742039955 0.24973805229573856 -0.79366157132070947
  outer loop
   vertex -1.683612585067749 0.48548164963722229 -1.9208738803863525
   vertex -1.3613758087158203 0.95679998397827148 -1.9977961778640747
   vertex -1.2076162099838257 0.51601368188858032 -2.2439680099487305
  endloop
 endfacet
 facet normal 0.01757778115292111 -0.52960949808937108 0.84805943255367677
  outer loop
   vertex 7.6716799736022949 -1.6146600246429443 2.0378599166870117
   vertex 8.4212913513183594 -1.692396879196167 1.9737763404846191
   vertex 8.159520149230957 -1.0601168870925903 2.3740582466125488
  endloop
 endfacet
 facet normal 0.0044250238295580344 -0.25438342783374202 0.96709332063026021
  outer loop
   vertex 2.5815114974975586 -0.99561035633087158 2.4018242359161377
   vertex 2.1865839958190918 -0.32808175683021545 2.5792174339294434
   vertex 1.7859213352203369 -0.97057515382766724 2.4120497703552246
  endloop
 endfacet
 facet normal -0.0019348317441427519 -0.10165119724796741 -0.99481821983927132
  outer loop
   vertex 6.8248133659362793 0.082954026758670807 -2.5986762046813965
   vertex 7.6341605186462402 0.071011513471603394 -2.5990300178527832
   vertex 7.2522501945495605 -0.60073399543762207 -2.5296478271484375
  endloop
 endfacet
 facet normal -0.55948836216745712 0.20122375661394426 0.80404090217684121
  outer loop
   vertex -1.7702913284301758 0.26910734176635742 1.8851127624511719
   vertex -1.1044508218765259 0.35606276988983154 2.3266730308532715
   vertex -1.3484493494033813 0.95679998397827148 2.0065438747406006
  endloop
 endfacet
 facet normal -0.095268545606086039 0.23849733155546204 0.96645896294619016
  outer loop
   vertex -0.46847394108772278 0.25399035215377808 2.5448026657104492
   vertex -1.805182387034851e-14 0.27773120999336243 2.5851237773895264
   vertex -1.6881641077453116e-14 0.95679998397827148 2.4175469875335693
  endloop
 endfacet
 facet normal -0.0059680025272777866 -0.48403310624966572 0.87502933379409298
  outer loop
   vertex 1.3731814622879028 -1.5432770252227783 2.092437744140625
   vertex 1.7859213352203369 -0.97057515382766724 2.4120497703552246
   vertex 0.87993526458740234 -0.93195956945419312 2.4272313117980957
  endloop
 endfacet
 facet normal -0.074308621481553802 -0.34297225521509189 -0.93640176256037932
  outer loop
   vertex 1.6137387108018653e-14 -1.1914016008377075 -2.3109655380249023
   vertex -0.56285279989242554 -0.92214822769165039 -2.3649184703826904
   vertex 1.7693284988171132e-14 -0.58306425809860229 -2.5337789058685303
  endloop
 endfacet
 facet normal -0.00091997913637600827 -0.25734027456524539 0.9663204110051038
  outer loop
   vertex 2.9862520694732666 -0.33359768986701965 2.5785098075866699
   vertex 2.1865839958190918 -0.32808175683021545 2.5792174339294434
   vertex 2.5815114974975586 -0.99561035633087158 2.4018242359161377
  endloop
 endfacet
 facet normal -0.86633691219549536 0.22959015490808998 -0.44356365421081728
  outer loop
   vertex -2.414463996887207 0.39146620035171509 -0.88154315948486328
   vertex -2.1499993801116943 0.95679998397827148 -1.1054577827453613
   vertex -2.1020925045013428 0.4448811411857605 -1.4639971256256104
  endloop
 endfacet
 facet normal -0.034145726993739987 -0.33907913990083932 0.94013797190209059
  outer loop
   vertex 0.87993526458740234 -0.93195956945419312 2.4272313117980957
   vertex -1.7820153583010881e-14 -0.49755790829658508 2.5519475936889648
   vertex -1.5935391772955131e-14 -1.245913028717041 2.282038688659668
  endloop
 endfacet
 facet normal -0.016571765710236688 -0.11069088952026079 -0.99371671192471067
  outer loop
   vertex 6.8248133659362793 0.082954026758670807 -2.5986762046813965
   vertex 7.2522501945495605 -0.60073399543762207 -2.5296478271484375
   vertex 6.5154738426208496 -0.68603253364562988 -2.507859468460083
  endloop
 endfacet
 facet normal -0.97350962318240597 0.22100039214145203 0.058633098541477351
  outer loop
   vertex -2.5349211692810059 0.32962584495544434 0.47489103674888611
   vertex -2.4087016582489014 0.95679998397827148 0.20661556720733643
   vertex -2.5603442192077637 0.39978834986686707 -0.21167552471160889
  endloop
 endfacet
 facet normal -0.05105110146973011 -0.93775417422472807 -0.34352713686523462
  outer loop
   vertex 8.8641235600510002e-15 -2.269061803817749 -1.2693928480148315
   vertex 0.60215175151824951 -2.4743714332580566 -0.7984272837638855
   vertex 3.4687369265855783e-15 -2.5521063804626465 -0.49674287438392639
  endloop
 endfacet
 facet normal -0.7705862874810534 0.1986223414866885 0.60559552426393704
  outer loop
   vertex -1.7702913284301758 0.26910734176635742 1.8851127624511719
   vertex -1.8815706968307495 0.95679998397827148 1.5179675817489624
   vertex -2.2624411582946777 0.34839460253715515 1.2328752279281616
  endloop
 endfacet
 facet normal -0.013581162480416471 -0.0015762061344419974 -0.99990652943157754
  outer loop
   vertex 5.2271900177001953 -0.31762972474098206 -2.5805253982543945
   vertex 4.5689897537231445 -0.38404050469398499 -2.5714807510375977
   vertex 4.9701676368713379 0.33700758218765259 -2.578066349029541
  endloop
 endfacet
 facet normal 0.011500147082168424 -0.79675279707591928 -0.60419593425377116
  outer loop
   vertex 4.0700626373291016 -2.2718880176544189 -1.2643277645111084
   vertex 3.6759276390075684 -1.8542493581771851 -1.8225694894790649
   vertex 4.5522956848144531 -1.80352783203125 -1.8727753162384033
  endloop
 endfacet
 facet normal -0.95142125245764886 0.2251679290359713 -0.20999286679687651
  outer loop
   vertex -2.414463996887207 0.39146620035171509 -0.88154315948486328
   vertex -2.5603442192077637 0.39978834986686707 -0.21167552471160889
   vertex -2.3706583976745605 0.95679998397827148 -0.47382712364196777
  endloop
 endfacet
 facet normal 0.0025690326289963309 -0.4787446880546648 0.8779504107469811
  outer loop
   vertex 0.59551483392715454 -1.531160831451416 2.1013202667236328
   vertex 1.3731814622879028 -1.5432770252227783 2.092437744140625
   vertex 0.87993526458740234 -0.93195956945419312 2.4272313117980957
  endloop
 endfacet
 facet normal -0.036335638587013414 -0.27699620847072293 0.96018374380184013
  outer loop
   vertex 7.9482240676879883 -0.31600874662399292 2.5807244777679443
   vertex 8.159520149230957 -1.0601168870925903 2.3740582466125488
   vertex 8.7132320404052734 -0.56464022397994995 2.5379483699798584
  endloop
 endfacet
 facet normal 0.030502021145377849 -0.48871742370192806 0.87190877187707949
  outer loop
   vertex -1.5935391772955131e-14 -1.245913028717041 2.282038688659668
   vertex 0.59551483392715454 -1.531160831451416 2.1013202667236328
   vertex 0.87993526458740234 -0.93195956945419312 2.4272313117980957
  endloop
 endfacet
 facet normal -0.0044355588661947548 -0.49568816807481431 0.86848924336929989
  outer loop
   vertex 2.5815114974975586 -0.99561035633087158 2.4018242359161377
   vertex 1.7859213352203369 -0.97057515382766724 2.4120497703552246
   vertex 2.1607973575592041 -1.5732878446578979 2.06996750831604
  endloop
 endfacet
 facet normal 0.0022158404522506815 -0.79996426862276537 -0.60004354756795308
  outer loop
   vertex 4.0700626373291016 -2.2718880176544189 -1.2643277645111084
   vertex 3.3343386650085449 -2.2659013271331787 -1.2750259637832642
   vertex 3.6759276390075684 -1.8542493581771851 -1.8225694894790649
  endloop
 endfacet
 facet normal -0.017043934348802709 -0.72871670847373993 0.68460314277186296
  outer loop
   vertex 7.6716799736022949 -1.6146600246429443 2.0378599166870117
   vertex 7.9066667556762695 -2.1181979179382324 1.5077259540557861
   vertex 8.4212913513183594 -1.692396879196167 1.9737763404846191
  endloop
 endfacet
 facet normal 0.0061607039843509705 -0.49069746860869801 0.87130823479835939
  outer loop
   vertex 2.1607973575592041 -1.5732878446578979 2.06996750831604
   vertex 1.7859213352203369 -0.97057515382766724 2.4120497703552246
   vertex 1.3731814622879028 -1.5432770252227783 2.092437744140625
  endloop
 endfacet
 facet normal 0.048365546092163605 -0.98112363179660711 -0.18723566188480958
  outer loop
   vertex 7.9549036026000977 -2.5998213291168213 -0.030476376414299011
   vertex 7.2470064163208008 -2.5139081478118896 -0.6635250449180603
   vertex 8.0097694396972656 -2.4229812622070312 -0.94295400381088257
  endloop
 endfacet
 facet normal -0.28633410079487348 0.21249513205287565 0.93426901991654532
  outer loop
   vertex -0.46847394108772278 0.25399035215377808 2.5448026657104492
   vertex -0.70215725898742676 0.95679998397827148 2.3133327960968018
   vertex -1.1044508218765259 0.35606276988983154 2.3266730308532715
  endloop
 endfacet
 facet normal -8.2214598677794157e-05 -0.92789667475526938 -0.37283743671856995
  outer loop
   vertex 3.3343386650085449 -2.2659013271331787 -1.2750259637832642
   vertex 2.8707520961761475 -2.5182209014892578 -0.64696508646011353
   vertex 2.5302019119262695 -2.2656521797180176 -1.2754687070846558
  endloop
 endfacet
 facet normal -0.076541646751770831 -0.57556330351599916 -0.81416721867088027
  outer loop
   vertex 1.3225685940843578e-14 -1.7812322378158569 -1.893993616104126
   vertex -0.59905683994293213 -1.5244542360305786 -2.019200325012207
   vertex 1.6137387108018653e-14 -1.1914016008377075 -2.3109655380249023
  endloop
 endfacet
 facet normal 0.00098208174501442308 -0.0013501407329046392 0.99999860631675253
  outer loop
   vertex 3.7879929542541504 -0.33969083428382874 2.577714204788208
   vertex 3.3463764190673828 0.32938459515571594 2.5790512561798096
   vertex 2.9862520694732666 -0.33359768986701965 2.5785098075866699
  endloop
 endfacet
 facet normal -0.002512906405070322 -0.69112851096475814 0.72272751893990816
  outer loop
   vertex 0.97093039751052856 -2.0263304710388184 1.6291056871414185
   vertex 1.3731814622879028 -1.5432770252227783 2.092437744140625
   vertex 0.59551483392715454 -1.531160831451416 2.1013202667236328
  endloop
 endfacet
 facet normal -0.030230500583815031 -0.068946745477188834 0.99716220502110675
  outer loop
   vertex 8.4482479095458984 0.26020145416259766 2.586946964263916
   vertex 8.7132320404052734 -0.56464022397994995 2.5379483699798584
   vertex 9.3358306884765625 0.052226368337869644 2.5994753837585449
  endloop
 endfacet
 facet normal 7.8666328937503329e-05 -0.92786651486792637 -0.37291248892797463
  outer loop
   vertex 2.8707520961761475 -2.5182209014892578 -0.64696508646011353
   vertex 2.1047768592834473 -2.5181055068969727 -0.64741379022598267
   vertex 2.5302019119262695 -2.2656521797180176 -1.2754687070846558
  endloop
 endfacet
 facet normal -0.001204797912234512 -0.9881311074522322 0.15360814739855397
  outer loop
   vertex 7.9549036026000977 -2.5998213291168213 -0.030476376414299011
   vertex 8.3121881484985352 -2.4687027931213379 0.81578576564788818
   vertex 7.3779735565185547 -2.4665601253509521 0.82224178314208984
  endloop
 endfacet
 facet normal 0.023546511363456459 -0.68053529294544679 0.73233686023459565
  outer loop
   vertex 0.97093039751052856 -2.0263304710388184 1.6291056871414185
   vertex 0.59551483392715454 -1.531160831451416 2.1013202667236328
   vertex -1.2560748136590007e-14 -1.8773449659347534 1.7987706661224365
  endloop
 endfacet
 facet normal -0.0061638722077127783 -0.69795186460112424 0.71611814763991366
  outer loop
   vertex 1.7680293321609497 -2.0408270359039307 1.610908031463623
   vertex 2.1607973575592041 -1.5732878446578979 2.06996750831604
   vertex 1.3731814622879028 -1.5432770252227783 2.092437744140625
  endloop
 endfacet
 facet normal -0.050071743272831641 -0.60701169972506586 0.7931138738683785
  outer loop
   vertex -1.2560748136590007e-14 -1.8773449659347534 1.7987706661224365
   vertex 0.59551483392715454 -1.531160831451416 2.1013202667236328
   vertex -1.5935391772955131e-14 -1.245913028717041 2.282038688659668
  endloop
 endfacet
 facet normal 0.0038203248199504113 -0.69387138461276299 0.72008881864242091
  outer loop
   vertex 1.7680293321609497 -2.0408270359039307 1.610908031463623
   vertex 1.3731814622879028 -1.5432770252227783 2.092437744140625
   vertex 0.97093039751052856 -2.0263304710388184 1.6291056871414185
  endloop
 endfacet
 facet normal 0.0068360921288926658 -0.50185084873499064 0.86492716078775944
  outer loop
   vertex 2.9654240608215332 -1.6063122749328613 2.0444464683532715
   vertex 2.5815114974975586 -0.99561035633087158 2.4018242359161377
   vertex 2.1607973575592041 -1.5732878446578979 2.06996750831604
  endloop
 endfacet
 facet normal 0.023374485836536969 -0.61341576395424402 -0.78941417136019831
  outer loop
   vertex 6.2229213714599609 -1.3761230707168579 -2.2059657573699951
   vertex 6.9689674377441406 -1.2591843605041504 -2.2747428417205811
   vertex 6.7681102752685547 -1.8713536262512207 -1.8050029277801514
  endloop
 endfacet
 facet normal -0.013396664236643095 -0.98332548666200792 -0.18136018490356692
  outer loop
   vertex 0.74884003400802612 -2.595534086227417 -0.15232521295547485
   vertex 0.60215175151824951 -2.4743714332580566 -0.7984272837638855
   vertex 1.2956067323684692 -2.4982202053070068 -0.7203444242477417
  endloop
 endfacet
 facet normal -0.023262382673008002 -0.39239317745334934 -0.9195033745671839
  outer loop
   vertex 6.2229213714599609 -1.3761230707168579 -2.2059657573699951
   vertex 6.5154738426208496 -0.68603253364562988 -2.507859468460083
   vertex 6.9689674377441406 -1.2591843605041504 -2.2747428417205811
  endloop
 endfacet
 facet normal 0.63324908823590531 0.21794507495677168 -0.74262745475135894
  outer loop
   vertex 16.978731155395508 0.30049881339073181 -1.7505768537521362
   vertex 16.424625396728516 0.44845247268676758 -2.1796495914459229
   vertex 16.634092330932617 0.95679998397827148 -1.8518451452255249
  endloop
 endfacet
 facet normal 0.0053198250614672517 -0.70286834224412276 0.7113000723550601
  outer loop
   vertex 2.5663638114929199 -2.0610439777374268 1.5849599838256836
   vertex 2.1607973575592041 -1.5732878446578979 2.06996750831604
   vertex 1.7680293321609497 -2.0408270359039307 1.610908031463623
  endloop
 endfacet
 facet normal -0.0051160797657919298 -0.0053751189172528916 0.99997246653318173
  outer loop
   vertex 4.1519327163696289 0.2968539297580719 2.5829977989196777
   vertex 3.3463764190673828 0.32938459515571594 2.5790512561798096
   vertex 3.7879929542541504 -0.33969083428382874 2.577714204788208
  endloop
 endfacet
 facet normal -0.015771613081687074 -0.99522059411477437 -0.096370250962821341
  outer loop
   vertex 2.1047768592834473 -2.5181055068969727 -0.64741379022598267
   vertex 1.6070224046707153 -2.5922868251800537 0.20012126863002777
   vertex 1.2956067323684692 -2.4982202053070068 -0.7203444242477417
  endloop
 endfacet
 facet normal -0.0066502042010320441 -0.70786540432670153 0.70631603701280898
  outer loop
   vertex 2.9654240608215332 -1.6063122749328613 2.0444464683532715
   vertex 2.1607973575592041 -1.5732878446578979 2.06996750831604
   vertex 2.5663638114929199 -2.0610439777374268 1.5849599838256836
  endloop
 endfacet
 facet normal 0.040799706812757276 -0.046183643195215784 0.99809942141312258
  outer loop
   vertex 7.9482240676879883 -0.31600874662399292 2.5807244777679443
   vertex 8.7132320404052734 -0.56464022397994995 2.5379483699798584
   vertex 8.4482479095458984 0.26020145416259766 2.586946964263916
  endloop
 endfacet
 facet normal 0.002952241966355408 -0.25954888122199726 0.96572545918795238
  outer loop
   vertex 3.3946011066436768 -1.0122014284133911 2.3948795795440674
   vertex 2.9862520694732666 -0.33359768986701965 2.5785098075866699
   vertex 2.5815114974975586 -0.99561035633087158 2.4018242359161377
  endloop
 endfacet
 facet normal -0.067734037516281057 -0.30974585565725887 -0.94840371417708813
  outer loop
   vertex 4.6212120056152344 -1.1884084939956665 -2.3125061988830566
   vertex 4.5689897537231445 -0.38404050469398499 -2.5714807510375977
   vertex 5.1034622192382812 -0.82534575462341309 -2.4655232429504395
  endloop
 endfacet
 facet normal -0.04028379638098159 -0.91257598557009778 -0.40691803389614012
  outer loop
   vertex 7.2470064163208008 -2.5139081478118896 -0.6635250449180603
   vertex 7.387763500213623 -2.1936733722686768 -1.3956351280212402
   vertex 8.0097694396972656 -2.4229812622070312 -0.94295400381088257
  endloop
 endfacet
 facet normal -0.92239602483206584 0.20640164636860522 0.32647194940811097
  outer loop
   vertex -2.5349211692810059 0.32962584495544434 0.47489103674888611
   vertex -2.2624411582946777 0.34839460253715515 1.2328752279281616
   vertex -2.2467873096466064 0.95679998397827148 0.89245754480361938
  endloop
 endfacet
 facet normal -0.0022410431836755364 -0.93040239244371681 -0.36653289874233258
  outer loop
   vertex 3.6902148723602295 -2.525306224822998 -0.6187317967414856
   vertex 3.3343386650085449 -2.2659013271331787 -1.2750259637832642
   vertex 4.0700626373291016 -2.2718880176544189 -1.2643277645111084
  endloop
 endfacet
 facet normal 0.052684508046047747 -0.99147772169199733 -0.11914810111954087
  outer loop
   vertex 1.6070224046707153 -2.5922868251800537 0.20012126863002777
   vertex 0.74884003400802612 -2.595534086227417 -0.15232521295547485
   vertex 1.2956067323684692 -2.4982202053070068 -0.7203444242477417
  endloop
 endfacet
 facet normal 0.030956067990920832 -0.98109937901171951 -0.19101238273305701
  outer loop
   vertex 3.4687369265855783e-15 -2.5521063804626465 -0.49674287438392639
   vertex 0.60215175151824951 -2.4743714332580566 -0.7984272837638855
   vertex 0.74884003400802612 -2.595534086227417 -0.15232521295547485
  endloop
 endfacet
 facet normal -0.0010317935233269725 -0.26178403645785031 0.96512592632151373
  outer loop
   vertex 2.9862520694732666 -0.33359768986701965 2.5785098075866699
   vertex 3.3946011066436768 -1.0122014284133911 2.3948795795440674
   vertex 3.7879929542541504 -0.33969083428382874 2.577714204788208
  endloop
 endfacet
 facet normal -0.082426703705629184 -0.78542809804581415 -0.61343992478184828
  outer loop
   vertex 8.8641235600510002e-15 -2.269061803817749 -1.2693928480148315
   vertex -0.65760385990142822 -2.0031063556671143 -1.5215524435043335
   vertex 1.3225685940843578e-14 -1.7812322378158569 -1.893993616104126
  endloop
 endfacet
 facet normal 0.0047071239963175958 -0.92910442557764905 -0.36978751919948549
  outer loop
   vertex 2.8707520961761475 -2.5182209014892578 -0.64696508646011353
   vertex 3.3343386650085449 -2.2659013271331787 -1.2750259637832642
   vertex 3.6902148723602295 -2.525306224822998 -0.6187317967414856
  endloop
 endfacet
 facet normal -0.0029695666040537977 -0.50645503043295959 0.86226126192896668
  outer loop
   vertex 3.3946011066436768 -1.0122014284133911 2.3948795795440674
   vertex 2.5815114974975586 -0.99561035633087158 2.4018242359161377
   vertex 2.9654240608215332 -1.6063122749328613 2.0444464683532715
  endloop
 endfacet
 facet normal -0.024318671999706245 -0.005792768342642563 -0.99968747417735471
  outer loop
   vertex 5.6438636779785156 0.18286100029945374 -2.5935616493225098
   vertex 5.2271900177001953 -0.31762972474098206 -2.5805253982543945
   vertex 4.9701676368713379 0.33700758218765259 -2.578066349029541
  endloop
 endfacet
 facet normal -0.003875914628187138 -0.85796410916837351 0.5136950113294021
  outer loop
   vertex 1.3487472534179688 -2.388648509979248 1.0268193483352661
   vertex 1.7680293321609497 -2.0408270359039307 1.610908031463623
   vertex 0.97093039751052856 -2.0263304710388184 1.6291056871414185
  endloop
 endfacet
 facet normal 0.019638659871793935 -0.26237454325285209 0.96476625256654636
  outer loop
   vertex 7.4206113815307617 -0.95961099863052368 2.4164326190948486
   vertex 8.159520149230957 -1.0601168870925903 2.3740582466125488
   vertex 7.9482240676879883 -0.31600874662399292 2.5807244777679443
  endloop
 endfacet
 facet normal -0.02649917637162192 -0.82144196044594242 0.5696761354228842
  outer loop
   vertex -1.2560748136590007e-14 -1.8773449659347534 1.7987706661224365
   vertex 0.65942209959030151 -2.2820768356323242 1.2458431720733643
   vertex 0.97093039751052856 -2.0263304710388184 1.6291056871414185
  endloop
 endfacet
 facet normal -0.01934565321083798 -0.50583100393541058 0.86241564292372419
  outer loop
   vertex 7.6716799736022949 -1.6146600246429443 2.0378599166870117
   vertex 8.159520149230957 -1.0601168870925903 2.3740582466125488
   vertex 7.4206113815307617 -0.95961099863052368 2.4164326190948486
  endloop
 endfacet
 facet normal -0.0045147878232195517 -0.99594753104021538 -0.089822781663732171
  outer loop
   vertex 2.5126247406005859 -2.5941135883331299 0.1748577207326889
   vertex 1.6070224046707153 -2.5922868251800537 0.20012126863002777
   vertex 2.1047768592834473 -2.5181055068969727 -0.64741379022598267
  endloop
 endfacet
 facet normal 0.00063479759530993718 -0.7926632304407305 -0.60965941322945083
  outer loop
   vertex 4.8867230415344238 -2.273590087890625 -1.261264443397522
   vertex 4.0700626373291016 -2.2718880176544189 -1.2643277645111084
   vertex 4.5522956848144531 -1.80352783203125 -1.8727753162384033
  endloop
 endfacet
 facet normal -9.6120359092648338e-05 -0.99575927531745778 -0.091997045496731253
  outer loop
   vertex 2.5126247406005859 -2.5941135883331299 0.1748577207326889
   vertex 2.1047768592834473 -2.5181055068969727 -0.64741379022598267
   vertex 2.8707520961761475 -2.5182209014892578 -0.64696508646011353
  endloop
 endfacet
 facet normal 0.80594117478431015 0.20738293435671959 -0.55448276918663797
  outer loop
   vertex 16.978731155395508 0.30049881339073181 -1.7505768537521362
   vertex 17.087728500366211 0.95679998397827148 -1.3466849327087402
   vertex 17.403087615966797 0.3806074857711792 -1.1038128137588501
  endloop
 endfacet
 facet normal 0.0078115393651494933 -0.71413677407612197 0.69996260454748338
  outer loop
   vertex 3.369187593460083 -2.0903582572937012 1.5460926294326782
   vertex 2.9654240608215332 -1.6063122749328613 2.0444464683532715
   vertex 2.5663638114929199 -2.0610439777374268 1.5849599838256836
  endloop
 endfacet
 facet normal -0.0055289866016365137 -0.86416034645593287 0.50318617421419765
  outer loop
   vertex 2.1667780876159668 -2.4022397994995117 0.99460750818252563
   vertex 2.5663638114929199 -2.0610439777374268 1.5849599838256836
   vertex 1.7680293321609497 -2.0408270359039307 1.610908031463623
  endloop
 endfacet
 facet normal 0.57191264208943737 0.20188839631876665 0.79508301783531754
  outer loop
   vertex 16.896974563598633 0.32871869206428528 1.8304506540298462
   vertex 16.477954864501953 0.95679998397827148 1.972373366355896
   vertex 16.226221084594727 0.35214561223983765 2.3069829940795898
  endloop
 endfacet
 facet normal 0.97679961294484519 0.21299210420060125 -0.022290798527664017
  outer loop
   vertex 17.497512817382812 0.95679998397827148 0.012924671173095703
   vertex 17.642927169799805 0.3198091983795166 0.29854366183280945
   vertex 17.620670318603516 0.34555143117904663 -0.43079724907875061
  endloop
 endfacet
 facet normal 0.29732605897151676 0.20819995540008135 0.93179933098702661
  outer loop
   vertex 15.631693840026855 0.18491008877754211 2.5340564250946045
   vertex 16.226221084594727 0.35214561223983765 2.3069829940795898
   vertex 15.807496070861816 0.95679998397827148 2.3054900169372559
  endloop
 endfacet
 facet normal -0.00038148627837313888 -0.93077747614706008 -0.36558602867933632
  outer loop
   vertex 4.5089826583862305 -2.5247464179992676 -0.62101143598556519
   vertex 3.6902148723602295 -2.525306224822998 -0.6187317967414856
   vertex 4.0700626373291016 -2.2718880176544189 -1.2643277645111084
  endloop
 endfacet
 facet normal -0.039130236364647956 -0.8130249795783393 -0.58091239200389566
  outer loop
   vertex 6.6183533668518066 -2.3311622142791748 -1.1513830423355103
   vertex 6.7681102752685547 -1.8713536262512207 -1.8050029277801514
   vertex 7.387763500213623 -2.1936733722686768 -1.3956351280212402
  endloop
 endfacet
 facet normal -0.034534613801056442 -0.57864297163187617 -0.81484947802072238
  outer loop
   vertex 4.5522956848144531 -1.80352783203125 -1.8727753162384033
   vertex 4.6212120056152344 -1.1884084939956665 -2.3125061988830566
   vertex 5.3620591163635254 -1.4504812955856323 -2.1578006744384766
  endloop
 endfacet
 facet normal 0.0010808571427631628 -0.89182037740601516 0.45238837981454588
  outer loop
   vertex 7.3779735565185547 -2.4665601253509521 0.82224178314208984
   vertex 8.3121881484985352 -2.4687027931213379 0.81578576564788818
   vertex 7.9066667556762695 -2.1181979179382324 1.5077259540557861
  endloop
 endfacet
 facet normal 0.038578246003898628 -0.84538640424670375 0.53276030862864732
  outer loop
   vertex 0.65942209959030151 -2.2820768356323242 1.2458431720733643
   vertex 1.3487472534179688 -2.388648509979248 1.0268193483352661
   vertex 0.97093039751052856 -2.0263304710388184 1.6291056871414185
  endloop
 endfacet
 facet normal 0.93192140179788796 0.21784910541416974 -0.28993838680192935
  outer loop
   vertex 17.620670318603516 0.34555143117904663 -0.43079724907875061
   vertex 17.403087615966797 0.3806074857711792 -1.1038128137588501
   vertex 17.392187118530273 0.95679998397827148 -0.70591926574707031
  endloop
 endfacet
 facet normal 0.0091067269010661599 -0.22301387717287166 -0.97477273151923616
  outer loop
   vertex 5.1034622192382812 -0.82534575462341309 -2.4655232429504395
   vertex 4.5689897537231445 -0.38404050469398499 -2.5714807510375977
   vertex 5.2271900177001953 -0.31762972474098206 -2.5805253982543945
  endloop
 endfacet
 facet normal 0.19375669494987899 0.23125245082798207 -0.95340476564161936
  outer loop
   vertex 15.559475898742676 0.23509250581264496 -2.544569730758667
   vertex 15.555911064147949 0.95679998397827148 -2.3702409267425537
   vertex 15.937088012695312 0.51151305437088013 -2.4007821083068848
  endloop
 endfacet
 facet normal 0.0057224678152475242 -0.86098251822042959 0.50860235614958693
  outer loop
   vertex 2.1667780876159668 -2.4022397994995117 0.99460750818252563
   vertex 1.7680293321609497 -2.0408270359039307 1.610908031463623
   vertex 1.3487472534179688 -2.388648509979248 1.0268193483352661
  endloop
 endfacet
 facet normal 0.42658221061719576 0.25154851161206676 -0.86876404385235717
  outer loop
   vertex 16.424625396728516 0.44845247268676758 -2.1796495914459229
   vertex 15.937088012695312 0.51151305437088013 -2.4007821083068848
   vertex 16.100934982299805 0.95679998397827148 -2.1913979053497314
  endloop
 endfacet
 facet normal -0.027463019305027425 -0.82194937129946277 0.56889806959689149
  outer loop
   vertex -1.2560748136590007e-14 -1.8773449659347534 1.7987706661224365
   vertex -7.8451725706572308e-15 -2.3447403907775879 1.1234732866287231
   vertex 0.65942209959030151 -2.2820768356323242 1.2458431720733643
  endloop
 endfacet
 facet normal -0.035549384176477447 -0.99477276592594022 0.095725573681893758
  outer loop
   vertex 0.86724734306335449 -2.5257375240325928 0.61696791648864746
   vertex 0.74884003400802612 -2.595534086227417 -0.15232521295547485
   vertex 1.6070224046707153 -2.5922868251800537 0.20012126863002777
  endloop
 endfacet
 facet normal 0.0052803614502372693 -0.011318788401960437 0.9999219983639055
  outer loop
   vertex 4.5857782363891602 -0.37285807728767395 2.5731258392333984
   vertex 4.1519327163696289 0.2968539297580719 2.5829977989196777
   vertex 3.7879929542541504 -0.33969083428382874 2.577714204788208
  endloop
 endfacet
 facet normal -0.042670312886106003 -0.99853971009775899 -0.033131431542951353
  outer loop
   vertex 0.74884003400802612 -2.595534086227417 -0.15232521295547485
   vertex -2.2797946832491065e-15 -2.579420804977417 0.32647955417633057
   vertex 3.4687369265855783e-15 -2.5521063804626465 -0.49674287438392639
  endloop
 endfacet
 facet normal -0.0068011500255399813 -0.97144470624390722 0.23716856256472749
  outer loop
   vertex 1.6070224046707153 -2.5922868251800537 0.20012126863002777
   vertex 2.1667780876159668 -2.4022397994995117 0.99460750818252563
   vertex 1.3487472534179688 -2.388648509979248 1.0268193483352661
  endloop
 endfacet
 facet normal -0.0079134300726744853 -0.87011043553500633 0.49279327064963696
  outer loop
   vertex 2.9844200611114502 -2.4101722240447998 0.97522789239883423
   vertex 3.369187593460083 -2.0903582572937012 1.5460926294326782
   vertex 2.5663638114929199 -2.0610439777374268 1.5849599838256836
  endloop
 endfacet
 facet normal 0.0044441128044654154 -0.97325627893599054 0.22967904861578159
  outer loop
   vertex 2.1667780876159668 -2.4022397994995117 0.99460750818252563
   vertex 1.6070224046707153 -2.5922868251800537 0.20012126863002777
   vertex 2.5126247406005859 -2.5941135883331299 0.1748577207326889
  endloop
 endfacet
 facet normal 0.94237280488186626 0.20272911169481311 0.26614733493032744
  outer loop
   vertex 17.379201889038086 0.95679998397827148 0.74713337421417236
   vertex 17.41851806640625 0.32559409737586975 1.0887235403060913
   vertex 17.642927169799805 0.3198091983795166 0.29854366183280945
  endloop
 endfacet
 facet normal 0.057206650573649494 -0.96508860304936639 0.25560005358834936
  outer loop
   vertex 1.3487472534179688 -2.388648509979248 1.0268193483352661
   vertex 0.86724734306335449 -2.5257375240325928 0.61696791648864746
   vertex 1.6070224046707153 -2.5922868251800537 0.20012126863002777
  endloop
 endfacet
 facet normal 0.0034098267427459124 -0.86679259460078517 0.49865716782858277
  outer loop
   vertex 2.9844200611114502 -2.4101722240447998 0.97522789239883423
   vertex 2.5663638114929199 -2.0610439777374268 1.5849599838256836
   vertex 2.1667780876159668 -2.4022397994995117 0.99460750818252563
  endloop
 endfacet
 facet normal -0.00056909210127507588 -0.93082093787677711 -0.36547511234607666
  outer loop
   vertex 4.5089826583862305 -2.5247464179992676 -0.62101143598556519
   vertex 4.0700626373291016 -2.2718880176544189 -1.2643277645111084
   vertex 4.8867230415344238 -2.273590087890625 -1.261264443397522
  endloop
 endfacet
 facet normal 0.0028286407909377609 -0.50956273644175931 0.86042885610680309
  outer loop
   vertex 2.9654240608215332 -1.6063122749328613 2.0444464683532715
   vertex 3.7628235816955566 -1.6195037364959717 2.0340127944946289
   vertex 3.3946011066436768 -1.0122014284133911 2.3948795795440674
  endloop
 endfacet
 facet normal 0.033084607858889607 -0.99580965690580825 0.08525570911065157
  outer loop
   vertex 0.74884003400802612 -2.595534086227417 -0.15232521295547485
   vertex 0.86724734306335449 -2.5257375240325928 0.61696791648864746
   vertex -2.2797946832491065e-15 -2.579420804977417 0.32647955417633057
  endloop
 endfacet
 facet normal -0.032922007351738392 -0.93556741327485149 0.35161023399516617
  outer loop
   vertex 0.65942209959030151 -2.2820768356323242 1.2458431720733643
   vertex 0.86724734306335449 -2.5257375240325928 0.61696791648864746
   vertex 1.3487472534179688 -2.388648509979248 1.0268193483352661
  endloop
 endfacet
 facet normal 0.0024363599900232465 -0.26367229667432474 0.96460923907895779
  outer loop
   vertex 3.3946011066436768 -1.0122014284133911 2.3948795795440674
   vertex 4.1569561958312988 -1.0248345136642456 2.3895008563995361
   vertex 3.7879929542541504 -0.33969083428382874 2.577714204788208
  endloop
 endfacet
 facet normal -0.011354857545440009 -0.99246594325174864 -0.12199351907187433
  outer loop
   vertex 7.9549036026000977 -2.5998213291168213 -0.030476376414299011
   vertex 7.1303720474243164 -2.5996172428131104 0.044608674943447113
   vertex 7.2470064163208008 -2.5139081478118896 -0.6635250449180603
  endloop
 endfacet
 facet normal -0.0027841633934052811 -0.71845280285787028 0.69557013916633104
  outer loop
   vertex 3.369187593460083 -2.0903582572937012 1.5460926294326782
   vertex 3.7628235816955566 -1.6195037364959717 2.0340127944946289
   vertex 2.9654240608215332 -1.6063122749328613 2.0444464683532715
  endloop
 endfacet
 facet normal -0.02010896717988938 0.0066536005638770631 0.99977565435376281
  outer loop
   vertex 7.7484688758850098 0.38004344701766968 2.5720744132995605
   vertex 7.9482240676879883 -0.31600874662399292 2.5807244777679443
   vertex 8.4482479095458984 0.26020145416259766 2.586946964263916
  endloop
 endfacet
 facet normal 0.020265509443422869 -0.92998985359570285 0.36702613168007758
  outer loop
   vertex -7.8451725706572308e-15 -2.3447403907775879 1.1234732866287231
   vertex 0.86724734306335449 -2.5257375240325928 0.61696791648864746
   vertex 0.65942209959030151 -2.2820768356323242 1.2458431720733643
  endloop
 endfacet
 facet normal -0.0040869474595543751 -0.97405669727087341 0.22626720346135196
  outer loop
   vertex 2.5126247406005859 -2.5941135883331299 0.1748577207326889
   vertex 2.9844200611114502 -2.4101722240447998 0.97522789239883423
   vertex 2.1667780876159668 -2.4022397994995117 0.99460750818252563
  endloop
 endfacet
 facet normal -0.026781858902769538 -0.64667505619684895 -0.76229528643860489
  outer loop
   vertex 6.2229213714599609 -1.3761230707168579 -2.2059657573699951
   vertex 6.7681102752685547 -1.8713536262512207 -1.8050029277801514
   vertex 6.0097775459289551 -1.9766654968261719 -1.6890214681625366
  endloop
 endfacet
 facet normal 0.0083052449438290061 -0.009359237165018415 0.99992171072845093
  outer loop
   vertex 4.965052604675293 0.34718748927116394 2.5767152309417725
   vertex 4.1519327163696289 0.2968539297580719 2.5829977989196777
   vertex 4.5857782363891602 -0.37285807728767395 2.5731258392333984
  endloop
 endfacet
 facet normal -0.035211375529104839 -0.95868246251531486 0.28229079882086172
  outer loop
   vertex -2.2797946832491065e-15 -2.579420804977417 0.32647955417633057
   vertex 0.86724734306335449 -2.5257375240325928 0.61696791648864746
   vertex -7.8451725706572308e-15 -2.3447403907775879 1.1234732866287231
  endloop
 endfacet
 facet normal -0.0055874127582085809 -0.26768580825655136 0.96349005644931596
  outer loop
   vertex 4.1569561958312988 -1.0248345136642456 2.3895008563995361
   vertex 4.5857782363891602 -0.37285807728767395 2.5731258392333984
   vertex 3.7879929542541504 -0.33969083428382874 2.577714204788208
  endloop
 endfacet
 facet normal 0.038955168667873179 -0.91821936412742655 -0.39415186689331072
  outer loop
   vertex 6.6183533668518066 -2.3311622142791748 -1.1513830423355103
   vertex 7.387763500213623 -2.1936733722686768 -1.3956351280212402
   vertex 7.2470064163208008 -2.5139081478118896 -0.6635250449180603
  endloop
 endfacet
 facet normal 0.0058586089421446275 -0.40287232237265974 -0.91523743835538252
  outer loop
   vertex 6.5154738426208496 -0.68603253364562988 -2.507859468460083
   vertex 6.2229213714599609 -1.3761230707168579 -2.2059657573699951
   vertex 5.7378602027893066 -0.71715420484542847 -2.4991378784179688
  endloop
 endfacet
 facet normal 0.083759858728986683 -0.9322736204123705 0.35192354673836701
  outer loop
   vertex 15.716383934020996 -2.33404541015625 0.95249587297439575
   vertex 15.079999923706055 -2.2769749164581299 1.2551432847976685
   vertex 15.079999923706055 -2.5383989810943604 0.56261003017425537
  endloop
 endfacet
 facet normal 0.032752009409510625 -0.1302050984296419 -0.99094598148565438
  outer loop
   vertex 6.8248133659362793 0.082954026758670807 -2.5986762046813965
   vertex 6.5154738426208496 -0.68603253364562988 -2.507859468460083
   vertex 6.1658725738525391 -0.082744427025318146 -2.5986831188201904
  endloop
 endfacet
 facet normal -0.13350298751318054 -0.25527444016896178 -0.9576073895503725
  outer loop
   vertex -0.56285279989242554 -0.92214822769165039 -2.3649184703826904
   vertex -0.472461998462677 -0.3303360641002655 -2.5352826118469238
   vertex 1.7693284988171132e-14 -0.58306425809860229 -2.5337789058685303
  endloop
 endfacet
 facet normal 0.014698295385178254 -0.98633630478450007 0.16408733643041409
  outer loop
   vertex 7.1303720474243164 -2.5996172428131104 0.044608674943447113
   vertex 7.9549036026000977 -2.5998213291168213 -0.030476376414299011
   vertex 7.3779735565185547 -2.4665601253509521 0.82224178314208984
  endloop
 endfacet
 facet normal -0.0024222155676028429 -0.51191636064279733 0.85903188100208339
  outer loop
   vertex 3.7628235816955566 -1.6195037364959717 2.0340127944946289
   vertex 4.1569561958312988 -1.0248345136642456 2.3895008563995361
   vertex 3.3946011066436768 -1.0122014284133911 2.3948795795440674
  endloop
 endfacet
 facet normal -0.028907855997765505 -0.8000763341970013 -0.59920129782861853
  outer loop
   vertex 5.3038520812988281 -1.921450138092041 -1.7515790462493896
   vertex 4.8867230415344238 -2.273590087890625 -1.261264443397522
   vertex 4.5522956848144531 -1.80352783203125 -1.8727753162384033
  endloop
 endfacet
 facet normal -0.043887024525804917 -0.213172302836901 0.97602843113378823
  outer loop
   vertex 7.4206113815307617 -0.95961099863052368 2.4164326190948486
   vertex 7.9482240676879883 -0.31600874662399292 2.5807244777679443
   vertex 7.1678099632263184 -0.071601025760173798 2.5990138053894043
  endloop
 endfacet
 facet normal -0.0056034193406967027 -0.99616144432483189 -0.087355472251926594
  outer loop
   vertex 3.3388881683349609 -2.5935890674591064 0.18247005343437195
   vertex 2.8707520961761475 -2.5182209014892578 -0.64696508646011353
   vertex 3.6902148723602295 -2.525306224822998 -0.6187317967414856
  endloop
 endfacet
 facet normal -0.083530828545348934 -0.042603476366963676 0.99559406611529033
  outer loop
   vertex -1.7820153583010881e-14 -0.49755790829658508 2.5519475936889648
   vertex -1.805182387034851e-14 0.27773120999336243 2.5851237773895264
   vertex -0.46847394108772278 0.25399035215377808 2.5448026657104492
  endloop
 endfacet
 facet normal 0.00047196859042992134 -0.99715665152673194 -0.075355089819103438
  outer loop
   vertex 4.1799969673156738 -2.5894849300384521 0.23359794914722443
   vertex 3.6902148723602295 -2.525306224822998 -0.6187317967414856
   vertex 4.5089826583862305 -2.5247464179992676 -0.62101143598556519
  endloop
 endfacet
 facet normal 0.026596632318505779 -0.82046067748980445 -0.5710839656672958
  outer loop
   vertex 6.0097775459289551 -1.9766654968261719 -1.6890214681625366
   vertex 6.7681102752685547 -1.8713536262512207 -1.8050029277801514
   vertex 6.6183533668518066 -2.3311622142791748 -1.1513830423355103
  endloop
 endfacet
 facet normal 0.0014734734572796671 -0.99582062599332943 -0.091318726021688015
  outer loop
   vertex 3.3388881683349609 -2.5935890674591064 0.18247005343437195
   vertex 2.5126247406005859 -2.5941135883331299 0.1748577207326889
   vertex 2.8707520961761475 -2.5182209014892578 -0.64696508646011353
  endloop
 endfacet
 facet normal 0.03667558559476581 -0.42909155916345154 -0.90251611358244399
  outer loop
   vertex 5.3620591163635254 -1.4504812955856323 -2.1578006744384766
   vertex 4.6212120056152344 -1.1884084939956665 -2.3125061988830566
   vertex 5.1034622192382812 -0.82534575462341309 -2.4655232429504395
  endloop
 endfacet
 facet normal 0.0057702016283246015 -0.87406028596857055 0.4857832039765364
  outer loop
   vertex 3.7953202724456787 -2.4235057830810547 0.9416050910949707
   vertex 3.369187593460083 -2.0903582572937012 1.5460926294326782
   vertex 2.9844200611114502 -2.4101722240447998 0.97522789239883423
  endloop
 endfacet
 facet normal 0.0033035871161418429 -0.72090541245940065 0.69302559303311995
  outer loop
   vertex 4.1854376792907715 -2.1024069786071777 1.5296682119369507
   vertex 3.7628235816955566 -1.6195037364959717 2.0340127944946289
   vertex 3.369187593460083 -2.0903582572937012 1.5460926294326782
  endloop
 endfacet
 facet normal 0.030005832357036306 0.021030141975329153 0.99932846609763859
  outer loop
   vertex 7.1678099632263184 -0.071601025760173798 2.5990138053894043
   vertex 7.9482240676879883 -0.31600874662399292 2.5807244777679443
   vertex 7.7484688758850098 0.38004344701766968 2.5720744132995605
  endloop
 endfacet
 facet normal -0.0032653346686508091 -0.87676656650241536 0.4809051106539286
  outer loop
   vertex 4.1854376792907715 -2.1024069786071777 1.5296682119369507
   vertex 3.369187593460083 -2.0903582572937012 1.5460926294326782
   vertex 3.7953202724456787 -2.4235057830810547 0.9416050910949707
  endloop
 endfacet
 facet normal 0.0053853467074268064 -0.51572082249434226 0.85673976870844515
  outer loop
   vertex 4.6925349235534668 -1.6479010581970215 2.0110747814178467
   vertex 4.1569561958312988 -1.0248345136642456 2.3895008563995361
   vertex 3.7628235816955566 -1.6195037364959717 2.0340127944946289
  endloop
 endfacet
 facet normal -0.0014524585548184954 -0.97440515175446785 0.22479432955147921
  outer loop
   vertex 2.5126247406005859 -2.5941135883331299 0.1748577207326889
   vertex 3.3388881683349609 -2.5935890674591064 0.18247005343437195
   vertex 2.9844200611114502 -2.4101722240447998 0.97522789239883423
  endloop
 endfacet
 facet normal -0.0047770267299478029 -0.26818124242716795 0.96335663241908598
  outer loop
   vertex 4.9460058212280273 -0.99762529134750366 2.4009881019592285
   vertex 4.5857782363891602 -0.37285807728767395 2.5731258392333984
   vertex 4.1569561958312988 -1.0248345136642456 2.3895008563995361
  endloop
 endfacet
 facet normal 0.019225924120902994 -0.6543777136471236 -0.75592339011546694
  outer loop
   vertex 4.5522956848144531 -1.80352783203125 -1.8727753162384033
   vertex 5.3620591163635254 -1.4504812955856323 -2.1578006744384766
   vertex 5.3038520812988281 -1.921450138092041 -1.7515790462493896
  endloop
 endfacet
 facet normal -0.005119535291897551 -0.72442360269607242 0.68933608219448217
  outer loop
   vertex 4.6925349235534668 -1.6479010581970215 2.0110747814178467
   vertex 3.7628235816955566 -1.6195037364959717 2.0340127944946289
   vertex 4.1854376792907715 -2.1024069786071777 1.5296682119369507
  endloop
 endfacet
 facet normal 0.0053131448165068072 -0.51576647000413078 0.85671274001945186
  outer loop
   vertex 4.1569561958312988 -1.0248345136642456 2.3895008563995361
   vertex 4.6925349235534668 -1.6479010581970215 2.0110747814178467
   vertex 4.9460058212280273 -0.99762529134750366 2.4009881019592285
  endloop
 endfacet
 facet normal 0.083493298593986687 -0.095347600122934223 -0.99193634082066606
  outer loop
   vertex 5.7378602027893066 -0.71715420484542847 -2.4991378784179688
   vertex 5.2271900177001953 -0.31762972474098206 -2.5805253982543945
   vertex 5.6438636779785156 0.18286100029945374 -2.5935616493225098
  endloop
 endfacet
 facet normal 0.016695987570296635 -0.72125353286597693 0.69246991655045897
  outer loop
   vertex 7.6716799736022949 -1.6146600246429443 2.0378599166870117
   vertex 7.1436324119567871 -2.0583422183990479 1.588467001914978
   vertex 7.9066667556762695 -2.1181979179382324 1.5077259540557861
  endloop
 endfacet
 facet normal 0.0097663991800258088 -0.99669373027055697 -0.080661177070624437
  outer loop
   vertex 3.6902148723602295 -2.525306224822998 -0.6187317967414856
   vertex 4.1799969673156738 -2.5894849300384521 0.23359794914722443
   vertex 3.3388881683349609 -2.5935890674591064 0.18247005343437195
  endloop
 endfacet
 facet normal -0.0068039237947248128 -0.97490502953410163 0.22251716789971088
  outer loop
   vertex 3.3388881683349609 -2.5935890674591064 0.18247005343437195
   vertex 3.7953202724456787 -2.4235057830810547 0.9416050910949707
   vertex 2.9844200611114502 -2.4101722240447998 0.97522789239883423
  endloop
 endfacet
 facet normal -0.0047612446362624529 -0.0024769570751689385 0.99998559751286487
  outer loop
   vertex 5.4038968086242676 -0.3443816602230072 2.5770916938781738
   vertex 4.965052604675293 0.34718748927116394 2.5767152309417725
   vertex 4.5857782363891602 -0.37285807728767395 2.5731258392333984
  endloop
 endfacet
 facet normal 0.0059972593474529601 -0.93211637723826568 -0.36210922684257935
  outer loop
   vertex 5.2673711776733398 -2.5325591564178467 -0.58833998441696167
   vertex 4.5089826583862305 -2.5247464179992676 -0.62101143598556519
   vertex 4.8867230415344238 -2.273590087890625 -1.261264443397522
  endloop
 endfacet
 facet normal -0.14964653146550175 -0.48542636025604424 -0.86137515891097871
  outer loop
   vertex -0.59905683994293213 -1.5244542360305786 -2.019200325012207
   vertex -0.56285279989242554 -0.92214822769165039 -2.3649184703826904
   vertex 1.6137387108018653e-14 -1.1914016008377075 -2.3109655380249023
  endloop
 endfacet
 facet normal 0.0042648370609819726 -0.87886334362997154 0.47705454026598448
  outer loop
   vertex 4.6116867065429688 -2.4329729080200195 0.91686582565307617
   vertex 4.1854376792907715 -2.1024069786071777 1.5296682119369507
   vertex 3.7953202724456787 -2.4235057830810547 0.9416050910949707
  endloop
 endfacet
 facet normal 0.0044853444356377278 -0.26321803193726695 0.96472594520328192
  outer loop
   vertex 4.9460058212280273 -0.99762529134750366 2.4009881019592285
   vertex 5.4038968086242676 -0.3443816602230072 2.5770916938781738
   vertex 4.5857782363891602 -0.37285807728767395 2.5731258392333984
  endloop
 endfacet
 facet normal 0.014338871760739606 -0.65523706559379513 -0.75528721995586667
  outer loop
   vertex 6.0097775459289551 -1.9766654968261719 -1.6890214681625366
   vertex 5.3620591163635254 -1.4504812955856323 -2.1578006744384766
   vertex 6.2229213714599609 -1.3761230707168579 -2.2059657573699951
  endloop
 endfacet
 facet normal -0.0050141778621185084 -0.15170893094773344 -0.98841249399785669
  outer loop
   vertex 6.1658725738525391 -0.082744427025318146 -2.5986831188201904
   vertex 6.5154738426208496 -0.68603253364562988 -2.507859468460083
   vertex 5.7378602027893066 -0.71715420484542847 -2.4991378784179688
  endloop
 endfacet
 facet normal -0.0091279190827278662 -0.0052479095078793083 0.99994456873319548
  outer loop
   vertex 5.8243684768676758 0.2858605682849884 2.5842375755310059
   vertex 4.965052604675293 0.34718748927116394 2.5767152309417725
   vertex 5.4038968086242676 -0.3443816602230072 2.5770916938781738
  endloop
 endfacet
 facet normal -0.014981610338496616 -0.41562185346782199 -0.90941411154195206
  outer loop
   vertex 6.2229213714599609 -1.3761230707168579 -2.2059657573699951
   vertex 5.3620591163635254 -1.4504812955856323 -2.1578006744384766
   vertex 5.7378602027893066 -0.71715420484542847 -2.4991378784179688
  endloop
 endfacet
 facet normal -0.073440879462828276 -0.93644291891682652 -0.34304678519738407
  outer loop
   vertex 3.4687369265855783e-15 -2.5521063804626465 -0.49674287438392639
   vertex -0.63835221529006958 -2.376957893371582 -0.8381989598274231
   vertex 8.8641235600510002e-15 -2.269061803817749 -1.2693928480148315
  endloop
 endfacet
 facet normal 0.017373581349350586 -0.73609176554987898 0.67665875547484022
  outer loop
   vertex 5.0778346061706543 -2.1675045490264893 1.435940146446228
   vertex 4.6925349235534668 -1.6479010581970215 2.0110747814178467
   vertex 4.1854376792907715 -2.1024069786071777 1.5296682119369507
  endloop
 endfacet
 facet normal -0.0044494588606325486 -0.97412897489724348 0.22594898225372287
  outer loop
   vertex 4.1799969673156738 -2.5894849300384521 0.23359794914722443
   vertex 4.6116867065429688 -2.4329729080200195 0.91686582565307617
   vertex 3.7953202724456787 -2.4235057830810547 0.9416050910949707
  endloop
 endfacet
 facet normal -0.0088409930099612958 -0.97462282977896197 0.22367873505598662
  outer loop
   vertex 4.1799969673156738 -2.5894849300384521 0.23359794914722443
   vertex 3.7953202724456787 -2.4235057830810547 0.9416050910949707
   vertex 3.3388881683349609 -2.5935890674591064 0.18247005343437195
  endloop
 endfacet
 facet normal -0.014619703696436266 -0.21749877786281802 -0.97595109810482261
  outer loop
   vertex 5.7378602027893066 -0.71715420484542847 -2.4991378784179688
   vertex 5.1034622192382812 -0.82534575462341309 -2.4655232429504395
   vertex 5.2271900177001953 -0.31762972474098206 -2.5805253982543945
  endloop
 endfacet
 facet normal 0.016040979647057706 -0.49569630069273457 0.86834777851474976
  outer loop
   vertex 7.4206113815307617 -0.95961099863052368 2.4164326190948486
   vertex 6.923607349395752 -1.5433351993560791 2.0923948287963867
   vertex 7.6716799736022949 -1.6146600246429443 2.0378599166870117
  endloop
 endfacet
 facet normal -0.15609230123148563 -0.70265522462568941 -0.6941979752221128
  outer loop
   vertex -0.65760385990142822 -2.0031063556671143 -1.5215524435043335
   vertex -0.59905683994293213 -1.5244542360305786 -2.019200325012207
   vertex 1.3225685940843578e-14 -1.7812322378158569 -1.893993616104126
  endloop
 endfacet
 facet normal -0.015544261182861865 -0.88448551400568831 0.46630864398847716
  outer loop
   vertex 5.0778346061706543 -2.1675045490264893 1.435940146446228
   vertex 4.1854376792907715 -2.1024069786071777 1.5296682119369507
   vertex 4.6116867065429688 -2.4329729080200195 0.91686582565307617
  endloop
 endfacet
 facet normal -0.0097233407561875315 -0.99680708508474614 -0.079253339168710579
  outer loop
   vertex 5.0837011337280273 -2.5938904285430908 0.17813540995121002
   vertex 4.1799969673156738 -2.5894849300384521 0.23359794914722443
   vertex 4.5089826583862305 -2.5247464179992676 -0.62101143598556519
  endloop
 endfacet
 facet normal -0.035960545858685307 -0.95018950930677171 -0.3095912394511538
  outer loop
   vertex 6.5528240203857422 -2.5646927356719971 -0.42702558636665344
   vertex 6.6183533668518066 -2.3311622142791748 -1.1513830423355103
   vertex 7.2470064163208008 -2.5139081478118896 -0.6635250449180603
  endloop
 endfacet
 facet normal -0.0067619178514276039 -0.99666098863596375 -0.081370450399109812
  outer loop
   vertex 4.5089826583862305 -2.5247464179992676 -0.62101143598556519
   vertex 5.2673711776733398 -2.5325591564178467 -0.58833998441696167
   vertex 5.0837011337280273 -2.5938904285430908 0.17813540995121002
  endloop
 endfacet
 facet normal -0.066179815677895271 -0.11094614573472496 -0.99162048422945015
  outer loop
   vertex 5.6438636779785156 0.18286100029945374 -2.5935616493225098
   vertex 6.1658725738525391 -0.082744427025318146 -2.5986831188201904
   vertex 5.7378602027893066 -0.71715420484542847 -2.4991378784179688
  endloop
 endfacet
 facet normal 0.042879017995466687 -0.82841000320789282 -0.55847851919374969
  outer loop
   vertex 5.8140578269958496 -2.3971810340881348 -1.0067386627197266
   vertex 4.8867230415344238 -2.273590087890625 -1.261264443397522
   vertex 5.3038520812988281 -1.921450138092041 -1.7515790462493896
  endloop
 endfacet
 facet normal -0.030717798404445613 -0.93853613712957995 -0.34381148346596885
  outer loop
   vertex 5.8140578269958496 -2.3971810340881348 -1.0067386627197266
   vertex 5.2673711776733398 -2.5325591564178467 -0.58833998441696167
   vertex 4.8867230415344238 -2.273590087890625 -1.261264443397522
  endloop
 endfacet
 facet normal -0.025705250234105782 -0.84770488335251803 -0.52984494982088459
  outer loop
   vertex 5.8140578269958496 -2.3971810340881348 -1.0067386627197266
   vertex 6.0097775459289551 -1.9766654968261719 -1.6890214681625366
   vertex 6.6183533668518066 -2.3311622142791748 -1.1513830423355103
  endloop
 endfacet
 facet normal 0.026062251592576993 -0.43279298154294804 -0.9011165264099259
  outer loop
   vertex 5.7378602027893066 -0.71715420484542847 -2.4991378784179688
   vertex 5.3620591163635254 -1.4504812955856323 -2.1578006744384766
   vertex 5.1034622192382812 -0.82534575462341309 -2.4655232429504395
  endloop
 endfacet
 facet normal 0.0054789993377019489 -0.8922936317495761 0.45142225831853855
  outer loop
   vertex 5.3366341590881348 -2.4449992179870605 0.88429546356201172
   vertex 5.0778346061706543 -2.1675045490264893 1.435940146446228
   vertex 4.6116867065429688 -2.4329729080200195 0.91686582565307617
  endloop
 endfacet
 facet normal -0.020183036062195805 -0.88492984153952603 0.46528681542478884
  outer loop
   vertex 7.9066667556762695 -2.1181979179382324 1.5077259540557861
   vertex 7.1436324119567871 -2.0583422183990479 1.588467001914978
   vertex 7.3779735565185547 -2.4665601253509521 0.82224178314208984
  endloop
 endfacet
 facet normal 0.023328367189638294 -0.95211512382996277 -0.30484845129755844
  outer loop
   vertex 5.8140578269958496 -2.3971810340881348 -1.0067386627197266
   vertex 6.6183533668518066 -2.3311622142791748 -1.1513830423355103
   vertex 6.5528240203857422 -2.5646927356719971 -0.42702558636665344
  endloop
 endfacet
 facet normal 0.015842872641482784 -0.65417705297741102 -0.75617549996297506
  outer loop
   vertex 5.3620591163635254 -1.4504812955856323 -2.1578006744384766
   vertex 6.0097775459289551 -1.9766654968261719 -1.6890214681625366
   vertex 5.3038520812988281 -1.921450138092041 -1.7515790462493896
  endloop
 endfacet
 facet normal 0.033577801607050928 -0.99283968986056914 -0.11463804550325438
  outer loop
   vertex 7.2470064163208008 -2.5139081478118896 -0.6635250449180603
   vertex 7.1303720474243164 -2.5996172428131104 0.044608674943447113
   vertex 6.5528240203857422 -2.5646927356719971 -0.42702558636665344
  endloop
 endfacet
 facet normal 0.082816515138343164 -0.033189243497317528 0.99601199738578261
  outer loop
   vertex 15.079999923706055 -0.46370434761047363 2.5583155155181885
   vertex 15.631693840026855 0.18491008877754211 2.5340564250946045
   vertex 15.079999923706055 0.2923676073551178 2.5835094451904297
  endloop
 endfacet
 facet normal -0.019529841828370038 -0.8486221644551043 -0.52863882497759562
  outer loop
   vertex 5.3038520812988281 -1.921450138092041 -1.7515790462493896
   vertex 6.0097775459289551 -1.9766654968261719 -1.6890214681625366
   vertex 5.8140578269958496 -2.3971810340881348 -1.0067386627197266
  endloop
 endfacet
 facet normal 0.008627347711005779 -0.97589041161241707 0.21809051651646966
  outer loop
   vertex 5.0837011337280273 -2.5938904285430908 0.17813540995121002
   vertex 4.6116867065429688 -2.4329729080200195 0.91686582565307617
   vertex 4.1799969673156738 -2.5894849300384521 0.23359794914722443
  endloop
 endfacet
 facet normal -0.015124419103021237 -0.70259042740960098 0.71143372372919633
  outer loop
   vertex 7.6716799736022949 -1.6146600246429443 2.0378599166870117
   vertex 6.923607349395752 -1.5433351993560791 2.0923948287963867
   vertex 7.1436324119567871 -2.0583422183990479 1.588467001914978
  endloop
 endfacet
 facet normal -0.048394789985010463 -0.49970609334571381 0.86484204602659753
  outer loop
   vertex 4.6925349235534668 -1.6479010581970215 2.0110747814178467
   vertex 5.3510661125183105 -1.3954471349716187 2.1937928199768066
   vertex 4.9460058212280273 -0.99762529134750366 2.4009881019592285
  endloop
 endfacet
 facet normal -0.0068493120335096523 -0.9779656052631881 0.20865368879287469
  outer loop
   vertex 4.6116867065429688 -2.4329729080200195 0.91686582565307617
   vertex 5.0837011337280273 -2.5938904285430908 0.17813540995121002
   vertex 5.3366341590881348 -2.4449992179870605 0.88429546356201172
  endloop
 endfacet
 facet normal -0.11881084841979501 -0.33687385354831473 0.93402354846827984
  outer loop
   vertex -0.61334198713302612 -1.2157357931137085 2.2149035930633545
   vertex -1.5935391772955131e-14 -1.245913028717041 2.282038688659668
   vertex -1.7820153583010881e-14 -0.49755790829658508 2.5519475936889648
  endloop
 endfacet
 facet normal 0.0045409736069199971 -0.20015175365745361 0.97975438507135415
  outer loop
   vertex 7.1678099632263184 -0.071601025760173798 2.5990138053894043
   vertex 6.6519646644592285 -0.94069314002990723 2.4238598346710205
   vertex 7.4206113815307617 -0.95961099863052368 2.4164326190948486
  endloop
 endfacet
 facet normal -0.045081801298890389 -0.97357578471586581 -0.22387010208273342
  outer loop
   vertex 6.5528240203857422 -2.5646927356719971 -0.42702558636665344
   vertex 5.8367094993591309 -2.5958142280578613 -0.14747568964958191
   vertex 5.8140578269958496 -2.3971810340881348 -1.0067386627197266
  endloop
 endfacet
 facet normal -0.038702714811150195 -0.75422521757852823 0.65547419555224951
  outer loop
   vertex 4.6925349235534668 -1.6479010581970215 2.0110747814178467
   vertex 5.0778346061706543 -2.1675045490264893 1.435940146446228
   vertex 5.553917407989502 -1.8697459697723389 1.8066682815551758
  endloop
 endfacet
 facet normal 0.067353689212630075 -0.97170264339566714 -0.2264010895895191
  outer loop
   vertex 5.8367094993591309 -2.5958142280578613 -0.14747568964958191
   vertex 5.2673711776733398 -2.5325591564178467 -0.58833998441696167
   vertex 5.8140578269958496 -2.3971810340881348 -1.0067386627197266
  endloop
 endfacet
 facet normal 0.090731148982673093 -0.79297268233737095 0.60246342932244357
  outer loop
   vertex 15.754898071289062 -1.9993044137954712 1.5189781188964844
   vertex 15.079999923706055 -1.8195542097091675 1.857208251953125
   vertex 15.079999923706055 -2.2769749164581299 1.2551432847976685
  endloop
 endfacet
 facet normal 0.048818635069167497 -0.9987113024785047 0.013873542145836203
  outer loop
   vertex 6.4333925247192383 -2.5581440925598145 0.46464911103248596
   vertex 5.8367094993591309 -2.5958142280578613 -0.14747568964958191
   vertex 6.5528240203857422 -2.5646927356719971 -0.42702558636665344
  endloop
 endfacet
 facet normal -0.05980712134572673 -0.99820972067617153 -0.00067954686140124564
  outer loop
   vertex 7.1303720474243164 -2.5996172428131104 0.044608674943447113
   vertex 6.4333925247192383 -2.5581440925598145 0.46464911103248596
   vertex 6.5528240203857422 -2.5646927356719971 -0.42702558636665344
  endloop
 endfacet
 facet normal -0.023422723818372009 -0.89746449648248316 0.44046436128519112
  outer loop
   vertex 5.0778346061706543 -2.1675045490264893 1.435940146446228
   vertex 5.3366341590881348 -2.4449992179870605 0.88429546356201172
   vertex 5.9799609184265137 -2.3131403923034668 1.1871737241744995
  endloop
 endfacet
 facet normal 0.021187477885020723 -0.025467499177558271 0.99945109798654608
  outer loop
   vertex 6.1793646812438965 -0.46819549798965454 2.557497501373291
   vertex 5.8243684768676758 0.2858605682849884 2.5842375755310059
   vertex 5.4038968086242676 -0.3443816602230072 2.5770916938781738
  endloop
 endfacet
 facet normal -0.014385247168387223 -0.25085141150916013 0.96791871250005612
  outer loop
   vertex 4.9460058212280273 -0.99762529134750366 2.4009881019592285
   vertex 5.5881185531616211 -0.92939627170562744 2.4282138347625732
   vertex 5.4038968086242676 -0.3443816602230072 2.5770916938781738
  endloop
 endfacet
 facet normal -0.045381923320394923 -0.97407318582295455 0.221634631085627
  outer loop
   vertex 5.3366341590881348 -2.4449992179870605 0.88429546356201172
   vertex 5.0837011337280273 -2.5938904285430908 0.17813540995121002
   vertex 5.7658205032348633 -2.5428915023803711 0.54194396734237671
  endloop
 endfacet
 facet normal -0.014086620840109086 -0.99707715644624895 0.075091352407380171
  outer loop
   vertex 5.7658205032348633 -2.5428915023803711 0.54194396734237671
   vertex 5.8367094993591309 -2.5958142280578613 -0.14747568964958191
   vertex 6.4333925247192383 -2.5581440925598145 0.46464911103248596
  endloop
 endfacet
 facet normal -0.041248620966152179 -0.9951312177308177 -0.089512070504321056
  outer loop
   vertex 5.0837011337280273 -2.5938904285430908 0.17813540995121002
   vertex 5.2673711776733398 -2.5325591564178467 -0.58833998441696167
   vertex 5.8367094993591309 -2.5958142280578613 -0.14747568964958191
  endloop
 endfacet
 facet normal 0.041825944748480302 -0.94554131242183248 0.32280368159222667
  outer loop
   vertex 5.9799609184265137 -2.3131403923034668 1.1871737241744995
   vertex 5.3366341590881348 -2.4449992179870605 0.88429546356201172
   vertex 5.7658205032348633 -2.5428915023803711 0.54194396734237671
  endloop
 endfacet
 facet normal 0.031946149651476977 -0.99630164710794611 0.079765101970969421
  outer loop
   vertex 5.0837011337280273 -2.5938904285430908 0.17813540995121002
   vertex 5.8367094993591309 -2.5958142280578613 -0.14747568964958191
   vertex 5.7658205032348633 -2.5428915023803711 0.54194396734237671
  endloop
 endfacet
 facet normal 0.036112163359576198 -0.98688046632531878 0.15736218364973451
  outer loop
   vertex 7.3779735565185547 -2.4665601253509521 0.82224178314208984
   vertex 6.4333925247192383 -2.5581440925598145 0.46464911103248596
   vertex 7.1303720474243164 -2.5996172428131104 0.044608674943447113
  endloop
 endfacet
 facet normal -0.11603571235778373 -0.60366858885987174 0.78874580714039477
  outer loop
   vertex -0.61334198713302612 -1.2157357931137085 2.2149035930633545
   vertex -1.2560748136590007e-14 -1.8773449659347534 1.7987706661224365
   vertex -1.5935391772955131e-14 -1.245913028717041 2.282038688659668
  endloop
 endfacet
 facet normal 0.016703191802963251 -0.94366722462352426 0.3304741632184407
  outer loop
   vertex 6.4333925247192383 -2.5581440925598145 0.46464911103248596
   vertex 5.9799609184265137 -2.3131403923034668 1.1871737241744995
   vertex 5.7658205032348633 -2.5428915023803711 0.54194396734237671
  endloop
 endfacet
 facet normal 0.023729622388179737 -0.62603080138742073 0.77943719486276641
  outer loop
   vertex 5.553917407989502 -1.8697459697723389 1.8066682815551758
   vertex 5.3510661125183105 -1.3954471349716187 2.1937928199768066
   vertex 4.6925349235534668 -1.6479010581970215 2.0110747814178467
  endloop
 endfacet
 facet normal -0.0034302097462031909 -0.48311579036434305 0.87554975116308098
  outer loop
   vertex 6.6519646644592285 -0.94069314002990723 2.4238598346710205
   vertex 6.923607349395752 -1.5433351993560791 2.0923948287963867
   vertex 7.4206113815307617 -0.95961099863052368 2.4164326190948486
  endloop
 endfacet
 facet normal -0.032289718035379188 -0.94441383074011398 0.32716951327405014
  outer loop
   vertex 6.6472940444946289 -2.3194286823272705 1.1748404502868652
   vertex 6.4333925247192383 -2.5581440925598145 0.46464911103248596
   vertex 7.3779735565185547 -2.4665601253509521 0.82224178314208984
  endloop
 endfacet
 facet normal 0.035514601291433183 -0.80094224843587591 0.59768739970455631
  outer loop
   vertex 5.0778346061706543 -2.1675045490264893 1.435940146446228
   vertex 5.9799609184265137 -2.3131403923034668 1.1871737241744995
   vertex 5.553917407989502 -1.8697459697723389 1.8066682815551758
  endloop
 endfacet
 facet normal -0.0030258064051867325 -0.94760558472600376 0.31942839618870267
  outer loop
   vertex 5.9799609184265137 -2.3131403923034668 1.1871737241744995
   vertex 6.4333925247192383 -2.5581440925598145 0.46464911103248596
   vertex 6.6472940444946289 -2.3194286823272705 1.1748404502868652
  endloop
 endfacet
 facet normal -0.17049950794578603 -0.86646311085699745 -0.46922446154719977
  outer loop
   vertex -0.63835221529006958 -2.376957893371582 -0.8381989598274231
   vertex -0.65760385990142822 -2.0031063556671143 -1.5215524435043335
   vertex 8.8641235600510002e-15 -2.269061803817749 -1.2693928480148315
  endloop
 endfacet
 facet normal 0.010406760284171783 -0.45354755954411013 0.89117131381792691
  outer loop
   vertex 5.3510661125183105 -1.3954471349716187 2.1937928199768066
   vertex 5.5881185531616211 -0.92939627170562744 2.4282138347625732
   vertex 4.9460058212280273 -0.99762529134750366 2.4009881019592285
  endloop
 endfacet
 facet normal 0.0070193968581007205 -0.03213785311961722 0.99945879678184357
  outer loop
   vertex 6.5446352958679199 0.31971719861030579 2.5802676677703857
   vertex 5.8243684768676758 0.2858605682849884 2.5842375755310059
   vertex 6.1793646812438965 -0.46819549798965454 2.557497501373291
  endloop
 endfacet
 facet normal -0.037326011916477518 -0.011573207942899158 0.99923612309219556
  outer loop
   vertex 7.1678099632263184 -0.071601025760173798 2.5990138053894043
   vertex 6.5446352958679199 0.31971719861030579 2.5802676677703857
   vertex 6.1793646812438965 -0.46819549798965454 2.557497501373291
  endloop
 endfacet
 facet normal 0.0023819668862439295 -0.83283473938849406 0.55351659695211664
  outer loop
   vertex 6.384544849395752 -1.9848208427429199 1.679430365562439
   vertex 5.9799609184265137 -2.3131403923034668 1.1871737241744995
   vertex 6.6472940444946289 -2.3194286823272705 1.1748404502868652
  endloop
 endfacet
 facet normal 0.057125875617176053 -0.87376462394873244 0.48298241817969001
  outer loop
   vertex 7.3779735565185547 -2.4665601253509521 0.82224178314208984
   vertex 7.1436324119567871 -2.0583422183990479 1.588467001914978
   vertex 6.6472940444946289 -2.3194286823272705 1.1748404502868652
  endloop
 endfacet
 facet normal 0.049629824994150612 -0.22554621355498322 0.97296751539918314
  outer loop
   vertex 7.1678099632263184 -0.071601025760173798 2.5990138053894043
   vertex 6.1793646812438965 -0.46819549798965454 2.557497501373291
   vertex 6.6519646644592285 -0.94069314002990723 2.4238598346710205
  endloop
 endfacet
 facet normal -0.01552490525606871 -0.83701292445019604 0.54696283385630562
  outer loop
   vertex 7.1436324119567871 -2.0583422183990479 1.588467001914978
   vertex 6.384544849395752 -1.9848208427429199 1.679430365562439
   vertex 6.6472940444946289 -2.3194286823272705 1.1748404502868652
  endloop
 endfacet
 facet normal -0.026536040544297566 -0.82143666854486064 0.56968205002628647
  outer loop
   vertex 5.553917407989502 -1.8697459697723389 1.8066682815551758
   vertex 5.9799609184265137 -2.3131403923034668 1.1871737241744995
   vertex 6.384544849395752 -1.9848208427429199 1.679430365562439
  endloop
 endfacet
 facet normal -0.015656990292510393 -0.2512223758115455 0.9678027570463843
  outer loop
   vertex 5.5881185531616211 -0.92939627170562744 2.4282138347625732
   vertex 6.1793646812438965 -0.46819549798965454 2.557497501373291
   vertex 5.4038968086242676 -0.3443816602230072 2.5770916938781738
  endloop
 endfacet
 facet normal 0.046698705222388497 -0.32327115555926211 0.94515342189188101
  outer loop
   vertex 15.079999923706055 -0.46370434761047363 2.5583155155181885
   vertex 15.079999923706055 -1.2001816034317017 2.3064179420471191
   vertex 15.590791702270508 -0.93108683824539185 2.3732190132141113
  endloop
 endfacet
 facet normal 0.018787043009320655 -0.69514147273304494 0.71862742774089794
  outer loop
   vertex 6.923607349395752 -1.5433351993560791 2.0923948287963867
   vertex 6.384544849395752 -1.9848208427429199 1.679430365562439
   vertex 7.1436324119567871 -2.0583422183990479 1.588467001914978
  endloop
 endfacet
 facet normal 0.027988547325367659 -0.64363461470798533 0.7648209751100703
  outer loop
   vertex 6.0602602958679199 -1.3651847839355469 2.2127518653869629
   vertex 5.553917407989502 -1.8697459697723389 1.8066682815551758
   vertex 6.384544849395752 -1.9848208427429199 1.679430365562439
  endloop
 endfacet
 facet normal -0.1157122775269373 -0.816736207927518 0.56528986855391916
  outer loop
   vertex -0.77473342418670654 -2.1244211196899414 1.2832082509994507
   vertex -7.8451725706572308e-15 -2.3447403907775879 1.1234732866287231
   vertex -1.2560748136590007e-14 -1.8773449659347534 1.7987706661224365
  endloop
 endfacet
 facet normal -0.032080444234876784 -0.66160060173562352 0.74916986650609074
  outer loop
   vertex 6.923607349395752 -1.5433351993560791 2.0923948287963867
   vertex 6.0602602958679199 -1.3651847839355469 2.2127518653869629
   vertex 6.384544849395752 -1.9848208427429199 1.679430365562439
  endloop
 endfacet
 facet normal 0.13273631765080129 -0.48886213159269876 -0.86220350629717835
  outer loop
   vertex 15.572519302368164 -1.5346225500106812 -2.0401859283447266
   vertex 15.079999923706055 -1.1847738027572632 -2.3143706321716309
   vertex 15.559164047241211 -0.95850080251693726 -2.3688981533050537
  endloop
 endfacet
 facet normal 0.071923070062171662 -0.58558802665268905 0.80741175061664883
  outer loop
   vertex 15.079999923706055 -1.2001816034317017 2.3064179420471191
   vertex 15.079999923706055 -1.8195542097091675 1.857208251953125
   vertex 15.688313484191895 -1.4830230474472046 2.0470950603485107
  endloop
 endfacet
 facet normal 0.0061693011538816213 -0.63072253191589556 0.77598390927703831
  outer loop
   vertex 5.3510661125183105 -1.3954471349716187 2.1937928199768066
   vertex 5.553917407989502 -1.8697459697723389 1.8066682815551758
   vertex 6.0602602958679199 -1.3651847839355469 2.2127518653869629
  endloop
 endfacet
 facet normal -0.0048173985815725528 -0.44739057406683019 0.89432570515839394
  outer loop
   vertex 6.0602602958679199 -1.3651847839355469 2.2127518653869629
   vertex 5.5881185531616211 -0.92939627170562744 2.4282138347625732
   vertex 5.3510661125183105 -1.3954471349716187 2.1937928199768066
  endloop
 endfacet
 facet normal 0.025160036198017037 -0.47304871245557717 0.88067694884255665
  outer loop
   vertex 6.0602602958679199 -1.3651847839355469 2.2127518653869629
   vertex 6.923607349395752 -1.5433351993560791 2.0923948287963867
   vertex 6.6519646644592285 -0.94069314002990723 2.4238598346710205
  endloop
 endfacet
 facet normal 0.083848376656863469 -0.36717009744573009 0.92636686537985702
  outer loop
   vertex 6.1793646812438965 -0.46819549798965454 2.557497501373291
   vertex 5.5881185531616211 -0.92939627170562744 2.4282138347625732
   vertex 6.0602602958679199 -1.3651847839355469 2.2127518653869629
  endloop
 endfacet
 facet normal -0.078927251646473837 -0.99633209597678751 -0.03305818316295972
  outer loop
   vertex -2.2797946832491065e-15 -2.579420804977417 0.32647955417633057
   vertex -0.65884065628051758 -2.5144691467285156 -0.058083005249500275
   vertex 3.4687369265855783e-15 -2.5521063804626465 -0.49674287438392639
  endloop
 endfacet
 facet normal -0.083660661998438371 -0.3477962414660023 0.93383010663402011
  outer loop
   vertex 6.1793646812438965 -0.46819549798965454 2.557497501373291
   vertex 6.0602602958679199 -1.3651847839355469 2.2127518653869629
   vertex 6.6519646644592285 -0.94069314002990723 2.4238598346710205
  endloop
 endfacet
 facet normal -0.1627901760008432 -0.092135319708748858 0.98234944976814709
  outer loop
   vertex -1.7820153583010881e-14 -0.49755790829658508 2.5519475936889648
   vertex -0.46847394108772278 0.25399035215377808 2.5448026657104492
   vertex -0.85533344745635986 -0.43920370936393738 2.4156789779663086
  endloop
 endfacet
 facet normal -0.035948171764098709 -0.95865729908459607 0.28228338927157254
  outer loop
   vertex -7.8451725706572308e-15 -2.3447403907775879 1.1234732866287231
   vertex -0.51660609245300293 -2.4518942832946777 0.69378131628036499
   vertex -2.2797946832491065e-15 -2.579420804977417 0.32647955417633057
  endloop
 endfacet
 facet normal -0.36516946055590177 0.14314429377825236 -0.91987008660790637
  outer loop
   vertex -0.95246964693069458 0.042920328676700592 -2.4188756942749023
   vertex -1.2076162099838257 0.51601368188858032 -2.2439680099487305
   vertex -0.67590022087097168 0.54802560806274414 -2.4500668048858643
  endloop
 endfacet
 facet normal -0.28042274421651286 0.094559237891804121 -0.95520763975975465
  outer loop
   vertex -0.95246964693069458 0.042920328676700592 -2.4188756942749023
   vertex -0.67590022087097168 0.54802560806274414 -2.4500668048858643
   vertex -0.43717610836029053 0.17753393948078156 -2.5568258762359619
  endloop
 endfacet
 facet normal 0.13914528066255721 -0.84477534653050046 -0.51671385191768482
  outer loop
   vertex 15.729514122009277 -2.2582607269287109 -1.1128295660018921
   vertex 15.079999923706055 -2.1689081192016602 -1.433819055557251
   vertex 15.486424446105957 -1.9749857187271118 -1.6414171457290649
  endloop
 endfacet
 facet normal -0.25280963464871176 -0.023464095746485048 -0.96723147428089029
  outer loop
   vertex -0.472461998462677 -0.3303360641002655 -2.5352826118469238
   vertex -0.95246964693069458 0.042920328676700592 -2.4188756942749023
   vertex -0.43717610836029053 0.17753393948078156 -2.5568258762359619
  endloop
 endfacet
 facet normal -0.56270501414704477 0.12436604859025671 -0.81724913766355245
  outer loop
   vertex -1.4912214279174805 -0.016835987567901611 -2.1297829151153564
   vertex -1.683612585067749 0.48548164963722229 -1.9208738803863525
   vertex -1.2076162099838257 0.51601368188858032 -2.2439680099487305
  endloop
 endfacet
 facet normal -0.47749047556336965 0.066394715239368254 -0.87612475569096326
  outer loop
   vertex -1.4912214279174805 -0.016835987567901611 -2.1297829151153564
   vertex -1.2076162099838257 0.51601368188858032 -2.2439680099487305
   vertex -0.95246964693069458 0.042920328676700592 -2.4188756942749023
  endloop
 endfacet
 facet normal -0.67204582922867095 0.04987323380777494 -0.73882816944530694
  outer loop
   vertex -1.9688600301742554 -0.048141781240701675 -1.6974310874938965
   vertex -1.683612585067749 0.48548164963722229 -1.9208738803863525
   vertex -1.4912214279174805 -0.016835987567901611 -2.1297829151153564
  endloop
 endfacet
 facet normal -0.73756246962002925 0.11568503623438153 -0.66529585584118378
  outer loop
   vertex -1.9688600301742554 -0.048141781240701675 -1.6974310874938965
   vertex -2.1020925045013428 0.4448811411857605 -1.4639971256256104
   vertex -1.683612585067749 0.48548164963722229 -1.9208738803863525
  endloop
 endfacet
 facet normal -0.32040484253429669 -0.11895198850257165 -0.93978250745151493
  outer loop
   vertex -1.1020170450210571 -0.52132385969161987 -2.296471118927002
   vertex -0.95246964693069458 0.042920328676700592 -2.4188756942749023
   vertex -0.472461998462677 -0.3303360641002655 -2.5352826118469238
  endloop
 endfacet
 facet normal -0.16994324911975631 -0.29598791531374918 0.93995236372214153
  outer loop
   vertex -1.7820153583010881e-14 -0.49755790829658508 2.5519475936889648
   vertex -0.85533344745635986 -0.43920370936393738 2.4156789779663086
   vertex -0.61334198713302612 -1.2157357931137085 2.2149035930633545
  endloop
 endfacet
 facet normal -0.46587513724139656 -0.067913584545436195 -0.88224038761241241
  outer loop
   vertex -1.1020170450210571 -0.52132385969161987 -2.296471118927002
   vertex -1.4912214279174805 -0.016835987567901611 -2.1297829151153564
   vertex -0.95246964693069458 0.042920328676700592 -2.4188756942749023
  endloop
 endfacet
 facet normal -0.28529078970901944 -0.22464528016249441 -0.93174227306048452
  outer loop
   vertex -1.1020170450210571 -0.52132385969161987 -2.296471118927002
   vertex -0.472461998462677 -0.3303360641002655 -2.5352826118469238
   vertex -0.56285279989242554 -0.92214822769165039 -2.3649184703826904
  endloop
 endfacet
 facet normal -0.8354895515078451 0.033902550409367779 -0.5484595029689614
  outer loop
   vertex -2.3157932758331299 -0.13473124802112579 -1.1742867231369019
   vertex -2.1020925045013428 0.4448811411857605 -1.4639971256256104
   vertex -1.9688600301742554 -0.048141781240701675 -1.6974310874938965
  endloop
 endfacet
 facet normal -0.66474504476377694 -0.093762288648660527 -0.7411630446058205
  outer loop
   vertex -1.6712902784347534 -0.62368214130401611 -1.8915098905563354
   vertex -1.9688600301742554 -0.048141781240701675 -1.6974310874938965
   vertex -1.4912214279174805 -0.016835987567901611 -2.1297829151153564
  endloop
 endfacet
 facet normal -0.55360289243626415 -0.15686140731921341 -0.81787427907963828
  outer loop
   vertex -1.6712902784347534 -0.62368214130401611 -1.8915098905563354
   vertex -1.4912214279174805 -0.016835987567901611 -2.1297829151153564
   vertex -1.1020170450210571 -0.52132385969161987 -2.296471118927002
  endloop
 endfacet
 facet normal -0.88097589556136957 0.092914648668646432 -0.46394863886277843
  outer loop
   vertex -2.414463996887207 0.39146620035171509 -0.88154315948486328
   vertex -2.1020925045013428 0.4448811411857605 -1.4639971256256104
   vertex -2.3157932758331299 -0.13473124802112579 -1.1742867231369019
  endloop
 endfacet
 facet normal -0.36820225028960168 -0.34805871274355976 -0.86213817649201097
  outer loop
   vertex -0.56285279989242554 -0.92214822769165039 -2.3649184703826904
   vertex -1.194650411605835 -1.1468913555145264 -2.0043578147888184
   vertex -1.1020170450210571 -0.52132385969161987 -2.296471118927002
  endloop
 endfacet
 facet normal -0.31162335721722151 -0.45886643310397635 -0.83206518963786846
  outer loop
   vertex -1.194650411605835 -1.1468913555145264 -2.0043578147888184
   vertex -0.56285279989242554 -0.92214822769165039 -2.3649184703826904
   vertex -0.59905683994293213 -1.5244542360305786 -2.019200325012207
  endloop
 endfacet
 facet normal -0.81885732174147663 -0.11576489229295109 -0.56220207785348619
  outer loop
   vertex -2.0741963386535645 -0.67508101463317871 -1.4149117469787598
   vertex -2.3157932758331299 -0.13473124802112579 -1.1742867231369019
   vertex -1.9688600301742554 -0.048141781240701675 -1.6974310874938965
  endloop
 endfacet
 facet normal -0.51714659506673077 -0.29806964247622814 -0.80231782196644508
  outer loop
   vertex -1.194650411605835 -1.1468913555145264 -2.0043578147888184
   vertex -1.6712902784347534 -0.62368214130401611 -1.8915098905563354
   vertex -1.1020170450210571 -0.52132385969161987 -2.296471118927002
  endloop
 endfacet
 facet normal -0.74408542912694609 -0.16653808549417295 -0.64699454421262637
  outer loop
   vertex -2.0741963386535645 -0.67508101463317871 -1.4149117469787598
   vertex -1.9688600301742554 -0.048141781240701675 -1.6974310874938965
   vertex -1.6712902784347534 -0.62368214130401611 -1.8915098905563354
  endloop
 endfacet
 facet normal 0.17684659347321768 -0.9795026759776766 0.096435419475880829
  outer loop
   vertex 15.079999923706055 -2.5383989810943604 0.56261003017425537
   vertex 15.538342475891113 -2.5410552024841309 -0.30489379167556763
   vertex 16.072992324829102 -2.3904235363006592 0.24462541937828064
  endloop
 endfacet
 facet normal -0.94220428598321571 0.0096388078874067151 -0.3349002491151184
  outer loop
   vertex -2.5300843715667725 -0.17557775974273682 -0.57257837057113647
   vertex -2.414463996887207 0.39146620035171509 -0.88154315948486328
   vertex -2.3157932758331299 -0.13473124802112579 -1.1742867231369019
  endloop
 endfacet
 facet normal -0.59025744676203762 -0.38465498527277953 -0.70967364953671352
  outer loop
   vertex -1.6788705587387085 -1.2371383905410767 -1.5527015924453735
   vertex -1.6712902784347534 -0.62368214130401611 -1.8915098905563354
   vertex -1.194650411605835 -1.1468913555145264 -2.0043578147888184
  endloop
 endfacet
 facet normal -0.20787699676908691 -0.6515747589260491 0.72954608335918447
  outer loop
   vertex -1.0858992338180542 -1.6244645118713379 1.7152078151702881
   vertex -1.2560748136590007e-14 -1.8773449659347534 1.7987706661224365
   vertex -0.61334198713302612 -1.2157357931137085 2.2149035930633545
  endloop
 endfacet
 facet normal -0.70029102977626878 -0.3384712616940983 -0.62851386509932972
  outer loop
   vertex -1.6788705587387085 -1.2371383905410767 -1.5527015924453735
   vertex -2.0741963386535645 -0.67508101463317871 -1.4149117469787598
   vertex -1.6712902784347534 -0.62368214130401611 -1.8915098905563354
  endloop
 endfacet
 facet normal -0.8760709807300715 -0.1954010012856813 -0.44081525089225743
  outer loop
   vertex -2.3375823497772217 -0.74538218975067139 -0.86029899120330811
   vertex -2.3157932758331299 -0.13473124802112579 -1.1742867231369019
   vertex -2.0741963386535645 -0.67508101463317871 -1.4149117469787598
  endloop
 endfacet
 facet normal -0.97355994418918546 0.082429696106155123 -0.21304079484971253
  outer loop
   vertex -2.5603442192077637 0.39978834986686707 -0.21167552471160889
   vertex -2.414463996887207 0.39146620035171509 -0.88154315948486328
   vertex -2.5300843715667725 -0.17557775974273682 -0.57257837057113647
  endloop
 endfacet
 facet normal -0.21720533835437045 -0.71208486537614291 0.66765034673293155
  outer loop
   vertex -0.77473342418670654 -2.1244211196899414 1.2832082509994507
   vertex -1.2560748136590007e-14 -1.8773449659347534 1.7987706661224365
   vertex -1.0858992338180542 -1.6244645118713379 1.7152078151702881
  endloop
 endfacet
 facet normal -0.92941149358852959 -0.14198769199291453 -0.34063730111082058
  outer loop
   vertex -2.3375823497772217 -0.74538218975067139 -0.86029899120330811
   vertex -2.5300843715667725 -0.17557775974273682 -0.57257837057113647
   vertex -2.3157932758331299 -0.13473124802112579 -1.1742867231369019
  endloop
 endfacet
 facet normal -0.37020070870951866 -0.5546864349858831 -0.74516735980155624
  outer loop
   vertex -0.59905683994293213 -1.5244542360305786 -2.019200325012207
   vertex -1.1610671281814575 -1.623150110244751 -1.6665253639221191
   vertex -1.194650411605835 -1.1468913555145264 -2.0043578147888184
  endloop
 endfacet
 facet normal 0.20048681215404679 -0.96343961316372051 0.17773336754602048
  outer loop
   vertex 16.072992324829102 -2.3904235363006592 0.24462541937828064
   vertex 15.716383934020996 -2.33404541015625 0.95249587297439575
   vertex 15.079999923706055 -2.5383989810943604 0.56261003017425537
  endloop
 endfacet
 facet normal -0.30831147787316382 -0.66723726711471942 -0.67804016251616406
  outer loop
   vertex -0.59905683994293213 -1.5244542360305786 -2.019200325012207
   vertex -0.65760385990142822 -2.0031063556671143 -1.5215524435043335
   vertex -1.1610671281814575 -1.623150110244751 -1.6665253639221191
  endloop
 endfacet
 facet normal -0.17214728343397348 -0.96933234269943558 -0.17538563853157091
  outer loop
   vertex -0.65884065628051758 -2.5144691467285156 -0.058083005249500275
   vertex -0.63835221529006958 -2.376957893371582 -0.8381989598274231
   vertex 3.4687369265855783e-15 -2.5521063804626465 -0.49674287438392639
  endloop
 endfacet
 facet normal -0.53155809349938099 -0.51467568247792261 -0.67272203405358133
  outer loop
   vertex -1.1610671281814575 -1.623150110244751 -1.6665253639221191
   vertex -1.6788705587387085 -1.2371383905410767 -1.5527015924453735
   vertex -1.194650411605835 -1.1468913555145264 -2.0043578147888184
  endloop
 endfacet
 facet normal -0.99611299567915346 0.002835220251816914 -0.088038976398107496
  outer loop
   vertex -2.5879881381988525 -0.23625864088535309 0.080616988241672516
   vertex -2.5603442192077637 0.39978834986686707 -0.21167552471160889
   vertex -2.5300843715667725 -0.17557775974273682 -0.57257837057113647
  endloop
 endfacet
 facet normal -0.95364546686654794 -0.21678574111028401 -0.2087205451702081
  outer loop
   vertex -2.3375823497772217 -0.74538218975067139 -0.86029899120330811
   vertex -2.4593522548675537 -0.8094712495803833 -0.23736600577831268
   vertex -2.5300843715667725 -0.17557775974273682 -0.57257837057113647
  endloop
 endfacet
 facet normal -0.99705281679306679 0.063271858655017374 0.043386085642180106
  outer loop
   vertex -2.5879881381988525 -0.23625864088535309 0.080616988241672516
   vertex -2.5349211692810059 0.32962584495544434 0.47489103674888611
   vertex -2.5603442192077637 0.39978834986686707 -0.21167552471160889
  endloop
 endfacet
 facet normal -0.98123458042541722 -0.16352098205457494 -0.1021742952276304
  outer loop
   vertex -2.4593522548675537 -0.8094712495803833 -0.23736600577831268
   vertex -2.5879881381988525 -0.23625864088535309 0.080616988241672516
   vertex -2.5300843715667725 -0.17557775974273682 -0.57257837057113647
  endloop
 endfacet
 facet normal -0.74258234412542112 -0.38856376885028027 -0.54551779047988924
  outer loop
   vertex -1.9864686727523804 -1.2342206239700317 -1.1360640525817871
   vertex -2.0741963386535645 -0.67508101463317871 -1.4149117469787598
   vertex -1.6788705587387085 -1.2371383905410767 -1.5527015924453735
  endloop
 endfacet
 facet normal -0.82884814060059475 -0.34836831242303973 -0.43777880113415729
  outer loop
   vertex -1.9864686727523804 -1.2342206239700317 -1.1360640525817871
   vertex -2.3375823497772217 -0.74538218975067139 -0.86029899120330811
   vertex -2.0741963386535645 -0.67508101463317871 -1.4149117469787598
  endloop
 endfacet
 facet normal -0.41921255021344045 -0.75044342499587913 -0.51097505186065406
  outer loop
   vertex -0.65760385990142822 -2.0031063556671143 -1.5215524435043335
   vertex -1.4862140417098999 -1.8324463367462158 -1.0923864841461182
   vertex -1.1610671281814575 -1.623150110244751 -1.6665253639221191
  endloop
 endfacet
 facet normal -0.89423309519734517 -0.39248369024937535 -0.2151830019820529
  outer loop
   vertex -2.1258718967437744 -1.3748730421066284 -0.59193950891494751
   vertex -2.4593522548675537 -0.8094712495803833 -0.23736600577831268
   vertex -2.3375823497772217 -0.74538218975067139 -0.86029899120330811
  endloop
 endfacet
 facet normal -0.57424496180537521 -0.60895134767971038 -0.54719373168943342
  outer loop
   vertex -1.1610671281814575 -1.623150110244751 -1.6665253639221191
   vertex -1.4862140417098999 -1.8324463367462158 -1.0923864841461182
   vertex -1.6788705587387085 -1.2371383905410767 -1.5527015924453735
  endloop
 endfacet
 facet normal -0.96829514490719537 -0.24482916987947087 0.049630534203075186
  outer loop
   vertex -2.4143855571746826 -0.84472548961639404 0.46602696180343628
   vertex -2.5879881381988525 -0.23625864088535309 0.080616988241672516
   vertex -2.4593522548675537 -0.8094712495803833 -0.23736600577831268
  endloop
 endfacet
 facet normal -0.84532656226665637 -0.42327076688805143 -0.32598291523396994
  outer loop
   vertex -2.3375823497772217 -0.74538218975067139 -0.86029899120330811
   vertex -1.9864686727523804 -1.2342206239700317 -1.1360640525817871
   vertex -2.1258718967437744 -1.3748730421066284 -0.59193950891494751
  endloop
 endfacet
 facet normal -0.16635683606018231 -0.89109699822342148 0.42222214870048341
  outer loop
   vertex -0.77473342418670654 -2.1244211196899414 1.2832082509994507
   vertex -0.51660609245300293 -2.4518942832946777 0.69378131628036499
   vertex -7.8451725706572308e-15 -2.3447403907775879 1.1234732866287231
  endloop
 endfacet
 facet normal -0.65548251198263985 -0.58316927439105948 -0.47985026194755137
  outer loop
   vertex -1.4862140417098999 -1.8324463367462158 -1.0923864841461182
   vertex -1.9864686727523804 -1.2342206239700317 -1.1360640525817871
   vertex -1.6788705587387085 -1.2371383905410767 -1.5527015924453735
  endloop
 endfacet
 facet normal -0.98374127581295023 -0.030998129336646047 0.17689606620707399
  outer loop
   vertex -2.4580364227294922 -0.3018328845500946 0.79180401563644409
   vertex -2.5349211692810059 0.32962584495544434 0.47489103674888611
   vertex -2.5879881381988525 -0.23625864088535309 0.080616988241672516
  endloop
 endfacet
 facet normal -0.16218047682234424 -0.98035327386278004 0.11227177456603225
  outer loop
   vertex -0.51660609245300293 -2.4518942832946777 0.69378131628036499
   vertex -0.65884065628051758 -2.5144691467285156 -0.058083005249500275
   vertex -2.2797946832491065e-15 -2.579420804977417 0.32647955417633057
  endloop
 endfacet
 facet normal -0.97127304635916101 -0.17491562781506698 0.16134804790345603
  outer loop
   vertex -2.4580364227294922 -0.3018328845500946 0.79180401563644409
   vertex -2.5879881381988525 -0.23625864088535309 0.080616988241672516
   vertex -2.4143855571746826 -0.84472548961639404 0.46602696180343628
  endloop
 endfacet
 facet normal -0.70868648459051731 -0.61753639659489346 -0.34119241703081393
  outer loop
   vertex -2.1258718967437744 -1.3748730421066284 -0.59193950891494751
   vertex -1.9864686727523804 -1.2342206239700317 -1.1360640525817871
   vertex -1.4862140417098999 -1.8324463367462158 -1.0923864841461182
  endloop
 endfacet
 facet normal -0.92061245443345974 -0.38848649580421485 0.039382119289885463
  outer loop
   vertex -2.2097048759460449 -1.3611432313919067 0.156502366065979
   vertex -2.4143855571746826 -0.84472548961639404 0.46602696180343628
   vertex -2.4593522548675537 -0.8094712495803833 -0.23736600577831268
  endloop
 endfacet
 facet normal -0.88156214600511329 -0.46336192169186119 -0.090243627236968715
  outer loop
   vertex -2.2097048759460449 -1.3611432313919067 0.156502366065979
   vertex -2.4593522548675537 -0.8094712495803833 -0.23736600577831268
   vertex -2.1258718967437744 -1.3748730421066284 -0.59193950891494751
  endloop
 endfacet
 facet normal 0.1584244764065777 -0.85473298311771417 0.49430073118092305
  outer loop
   vertex 15.754898071289062 -1.9993044137954712 1.5189781188964844
   vertex 15.079999923706055 -2.2769749164581299 1.2551432847976685
   vertex 15.716383934020996 -2.33404541015625 0.95249587297439575
  endloop
 endfacet
 facet normal -0.94007509886741247 0.054464545290006598 0.33658939643990221
  outer loop
   vertex -2.2624411582946777 0.34839460253715515 1.2328752279281616
   vertex -2.5349211692810059 0.32962584495544434 0.47489103674888611
   vertex -2.4580364227294922 -0.3018328845500946 0.79180401563644409
  endloop
 endfacet
 facet normal -0.39153703889621827 -0.81185282467953279 -0.43312092795459017
  outer loop
   vertex -1.4862140417098999 -1.8324463367462158 -1.0923864841461182
   vertex -0.65760385990142822 -2.0031063556671143 -1.5215524435043335
   vertex -0.63835221529006958 -2.376957893371582 -0.8381989598274231
  endloop
 endfacet
 facet normal -0.9116132399258795 -0.26290744947817302 0.31597622347373339
  outer loop
   vertex -2.1873519420623779 -0.8206787109375 1.1410427093505859
   vertex -2.4580364227294922 -0.3018328845500946 0.79180401563644409
   vertex -2.4143855571746826 -0.84472548961639404 0.46602696180343628
  endloop
 endfacet
 facet normal -0.86297038262322989 -0.46311380546657349 0.2020092124171198
  outer loop
   vertex -2.0554163455963135 -1.3455967903137207 0.85125386714935303
   vertex -2.4143855571746826 -0.84472548961639404 0.46602696180343628
   vertex -2.2097048759460449 -1.3611432313919067 0.156502366065979
  endloop
 endfacet
 facet normal -0.32378714480676341 0.0044629721346819539 0.94611942519832504
  outer loop
   vertex -0.85533344745635986 -0.43920370936393738 2.4156789779663086
   vertex -0.46847394108772278 0.25399035215377808 2.5448026657104492
   vertex -1.1044508218765259 0.35606276988983154 2.3266730308532715
  endloop
 endfacet
 facet normal -0.55659826172848292 0.05137826810751138 0.82919156327540144
  outer loop
   vertex -1.4069393873214722 -0.30733942985534668 2.1647319793701172
   vertex -1.1044508218765259 0.35606276988983154 2.3266730308532715
   vertex -1.7702913284301758 0.26910734176635742 1.8851127624511719
  endloop
 endfacet
 facet normal -0.41984533133856883 -0.029994323948220353 0.90709990534896234
  outer loop
   vertex -0.85533344745635986 -0.43920370936393738 2.4156789779663086
   vertex -1.1044508218765259 0.35606276988983154 2.3266730308532715
   vertex -1.4069393873214722 -0.30733942985534668 2.1647319793701172
  endloop
 endfacet
 facet normal -0.86946998298323219 -0.38760360298878321 0.30624401323332257
  outer loop
   vertex -2.0554163455963135 -1.3455967903137207 0.85125386714935303
   vertex -2.1873519420623779 -0.8206787109375 1.1410427093505859
   vertex -2.4143855571746826 -0.84472548961639404 0.46602696180343628
  endloop
 endfacet
 facet normal -0.90914750161359903 -0.0089619885732844292 0.41637783691085573
  outer loop
   vertex -2.2624411582946777 0.34839460253715515 1.2328752279281616
   vertex -2.4580364227294922 -0.3018328845500946 0.79180401563644409
   vertex -2.178027868270874 -0.20317067205905914 1.4053171873092651
  endloop
 endfacet
 facet normal -0.68715587929126243 -0.67954339457717394 -0.25697776643512055
  outer loop
   vertex -1.4862140417098999 -1.8324463367462158 -1.0923864841461182
   vertex -1.7641415596008301 -1.9029808044433594 -0.16269220411777496
   vertex -2.1258718967437744 -1.3748730421066284 -0.59193950891494751
  endloop
 endfacet
 facet normal 0.15411604532979134 -0.094301079997304707 0.9835423482917488
  outer loop
   vertex 15.079999923706055 -0.46370434761047363 2.5583155155181885
   vertex 15.916037559509277 -0.31833511590957642 2.4412505626678467
   vertex 15.631693840026855 0.18491008877754211 2.5340564250946045
  endloop
 endfacet
 facet normal -0.79200387607586908 -0.60556382395736974 -0.077603578493050523
  outer loop
   vertex -1.7641415596008301 -1.9029808044433594 -0.16269220411777496
   vertex -2.2097048759460449 -1.3611432313919067 0.156502366065979
   vertex -2.1258718967437744 -1.3748730421066284 -0.59193950891494751
  endloop
 endfacet
 facet normal -0.79238267982735733 0.068252430347025661 0.60619410625750902
  outer loop
   vertex -1.7702913284301758 0.26910734176635742 1.8851127624511719
   vertex -2.2624411582946777 0.34839460253715515 1.2328752279281616
   vertex -2.178027868270874 -0.20317067205905914 1.4053171873092651
  endloop
 endfacet
 facet normal -0.88556514146722631 -0.17139860205338514 0.43173707210787077
  outer loop
   vertex -2.178027868270874 -0.20317067205905914 1.4053171873092651
   vertex -2.4580364227294922 -0.3018328845500946 0.79180401563644409
   vertex -2.1873519420623779 -0.8206787109375 1.1410427093505859
  endloop
 endfacet
 facet normal -0.67431477892942393 -0.06838035100024524 0.73527117889554561
  outer loop
   vertex -1.8502883911132812 -0.57700961828231812 1.7330586910247803
   vertex -1.4069393873214722 -0.30733942985534668 2.1647319793701172
   vertex -1.7702913284301758 0.26910734176635742 1.8851127624511719
  endloop
 endfacet
 facet normal -0.73516424127969204 -0.051956886964477443 0.67589497722694691
  outer loop
   vertex -1.7702913284301758 0.26910734176635742 1.8851127624511719
   vertex -2.178027868270874 -0.20317067205905914 1.4053171873092651
   vertex -1.8502883911132812 -0.57700961828231812 1.7330586910247803
  endloop
 endfacet
 facet normal -0.44989350254965149 -0.25071012364370021 0.85716991913282126
  outer loop
   vertex -1.3360910415649414 -0.97195601463317871 2.0075263977050781
   vertex -0.85533344745635986 -0.43920370936393738 2.4156789779663086
   vertex -1.4069393873214722 -0.30733942985534668 2.1647319793701172
  endloop
 endfacet
 facet normal -0.77123807466529459 -0.44507954059438964 0.45507805344891844
  outer loop
   vertex -1.751459002494812 -1.2538884878158569 1.4560753107070923
   vertex -2.1873519420623779 -0.8206787109375 1.1410427093505859
   vertex -2.0554163455963135 -1.3455967903137207 0.85125386714935303
  endloop
 endfacet
 facet normal -0.79028811234182617 -0.58300365028404233 0.18855090359548834
  outer loop
   vertex -1.7894896268844604 -1.8122475147247314 0.52295869588851929
   vertex -2.0554163455963135 -1.3455967903137207 0.85125386714935303
   vertex -2.2097048759460449 -1.3611432313919067 0.156502366065979
  endloop
 endfacet
 facet normal 0.16949183394047326 -0.19717317102550774 0.96560616135940269
  outer loop
   vertex 15.916037559509277 -0.31833511590957642 2.4412505626678467
   vertex 15.079999923706055 -0.46370434761047363 2.5583155155181885
   vertex 15.590791702270508 -0.93108683824539185 2.3732190132141113
  endloop
 endfacet
 facet normal -0.80472786306433752 -0.22325878791131581 0.5500623419470515
  outer loop
   vertex -1.8502883911132812 -0.57700961828231812 1.7330586910247803
   vertex -2.178027868270874 -0.20317067205905914 1.4053171873092651
   vertex -2.1873519420623779 -0.8206787109375 1.1410427093505859
  endloop
 endfacet
 facet normal -0.74939441762004344 -0.34153568111534133 0.56724014787830002
  outer loop
   vertex -1.8502883911132812 -0.57700961828231812 1.7330586910247803
   vertex -2.1873519420623779 -0.8206787109375 1.1410427093505859
   vertex -1.751459002494812 -1.2538884878158569 1.4560753107070923
  endloop
 endfacet
 facet normal -0.6889891047735589 -0.58028131713950237 0.4342437178384671
  outer loop
   vertex -1.5143319368362427 -1.8160496950149536 1.0810930728912354
   vertex -1.751459002494812 -1.2538884878158569 1.4560753107070923
   vertex -2.0554163455963135 -1.3455967903137207 0.85125386714935303
  endloop
 endfacet
 facet normal -0.59602190243326791 -0.24445140681015926 0.76485384324612127
  outer loop
   vertex -1.3360910415649414 -0.97195601463317871 2.0075263977050781
   vertex -1.4069393873214722 -0.30733942985534668 2.1647319793701172
   vertex -1.8502883911132812 -0.57700961828231812 1.7330586910247803
  endloop
 endfacet
 facet normal -0.75380305234061218 -0.6544697379172828 0.058739428261259205
  outer loop
   vertex -2.2097048759460449 -1.3611432313919067 0.156502366065979
   vertex -1.7641415596008301 -1.9029808044433594 -0.16269220411777496
   vertex -1.7894896268844604 -1.8122475147247314 0.52295869588851929
  endloop
 endfacet
 facet normal -0.43352964975865849 -0.83417894086869548 -0.34087759884057545
  outer loop
   vertex -1.4862140417098999 -1.8324463367462158 -1.0923864841461182
   vertex -0.63835221529006958 -2.376957893371582 -0.8381989598274231
   vertex -1.2430812120437622 -2.2530090808868408 -0.37242338061332703
  endloop
 endfacet
 facet normal -0.64203855335610671 -0.36878931108964053 0.67214651678813764
  outer loop
   vertex -1.751459002494812 -1.2538884878158569 1.4560753107070923
   vertex -1.3360910415649414 -0.97195601463317871 2.0075263977050781
   vertex -1.8502883911132812 -0.57700961828231812 1.7330586910247803
  endloop
 endfacet
 facet normal -0.69516872646775152 -0.63421572506649027 0.33839452687593907
  outer loop
   vertex -1.7894896268844604 -1.8122475147247314 0.52295869588851929
   vertex -1.5143319368362427 -1.8160496950149536 1.0810930728912354
   vertex -2.0554163455963135 -1.3455967903137207 0.85125386714935303
  endloop
 endfacet
 facet normal -0.36307131045454921 -0.33767759872929332 0.86841986552659811
  outer loop
   vertex -0.85533344745635986 -0.43920370936393738 2.4156789779663086
   vertex -1.3360910415649414 -0.97195601463317871 2.0075263977050781
   vertex -0.61334198713302612 -1.2157357931137085 2.2149035930633545
  endloop
 endfacet
 facet normal -0.55852919618734953 -0.61030723191359038 0.5617563703958186
  outer loop
   vertex -1.5143319368362427 -1.8160496950149536 1.0810930728912354
   vertex -1.0858992338180542 -1.6244645118713379 1.7152078151702881
   vertex -1.751459002494812 -1.2538884878158569 1.4560753107070923
  endloop
 endfacet
 facet normal -0.54310209823393141 -0.50781554822808272 0.66870283375480988
  outer loop
   vertex -1.0858992338180542 -1.6244645118713379 1.7152078151702881
   vertex -1.3360910415649414 -0.97195601463317871 2.0075263977050781
   vertex -1.751459002494812 -1.2538884878158569 1.4560753107070923
  endloop
 endfacet
 facet normal -0.6058799730138742 -0.75890121670219546 -0.23870149054548145
  outer loop
   vertex -1.7641415596008301 -1.9029808044433594 -0.16269220411777496
   vertex -1.4862140417098999 -1.8324463367462158 -1.0923864841461182
   vertex -1.2430812120437622 -2.2530090808868408 -0.37242338061332703
  endloop
 endfacet
 facet normal 0.14250529621985103 -0.48473002310363694 0.86297685093589849
  outer loop
   vertex 15.590791702270508 -0.93108683824539185 2.3732190132141113
   vertex 15.079999923706055 -1.2001816034317017 2.3064179420471191
   vertex 15.688313484191895 -1.4830230474472046 2.0470950603485107
  endloop
 endfacet
 facet normal 0.1657914347105986 -0.69464833094935763 0.69998349729538123
  outer loop
   vertex 15.688313484191895 -1.4830230474472046 2.0470950603485107
   vertex 15.079999923706055 -1.8195542097091675 1.857208251953125
   vertex 15.754898071289062 -1.9993044137954712 1.5189781188964844
  endloop
 endfacet
 facet normal -0.5695800695578106 -0.7743800680084828 0.2755250526425812
  outer loop
   vertex -1.1957441568374634 -2.2482340335845947 0.52501410245895386
   vertex -1.5143319368362427 -1.8160496950149536 1.0810930728912354
   vertex -1.7894896268844604 -1.8122475147247314 0.52295869588851929
  endloop
 endfacet
 facet normal -0.39002809136098759 -0.49685479112286313 0.77525054304241614
  outer loop
   vertex -0.61334198713302612 -1.2157357931137085 2.2149035930633545
   vertex -1.3360910415649414 -0.97195601463317871 2.0075263977050781
   vertex -1.0858992338180542 -1.6244645118713379 1.7152078151702881
  endloop
 endfacet
 facet normal -0.58994492711234869 -0.80301460000443614 0.084454337686829875
  outer loop
   vertex -1.7641415596008301 -1.9029808044433594 -0.16269220411777496
   vertex -1.1957441568374634 -2.2482340335845947 0.52501410245895386
   vertex -1.7894896268844604 -1.8122475147247314 0.52295869588851929
  endloop
 endfacet
 facet normal -0.44585036997356259 -0.72777408245951081 0.52111642892414589
  outer loop
   vertex -1.5143319368362427 -1.8160496950149536 1.0810930728912354
   vertex -0.77473342418670654 -2.1244211196899414 1.2832082509994507
   vertex -1.0858992338180542 -1.6244645118713379 1.7152078151702881
  endloop
 endfacet
 facet normal -0.4424155546096572 -0.81305259616681058 0.37843619396912676
  outer loop
   vertex -0.77473342418670654 -2.1244211196899414 1.2832082509994507
   vertex -1.5143319368362427 -1.8160496950149536 1.0810930728912354
   vertex -1.1957441568374634 -2.2482340335845947 0.52501410245895386
  endloop
 endfacet
 facet normal -0.32354819953328895 -0.93035648796930981 -0.17249164580401766
  outer loop
   vertex -1.2430812120437622 -2.2530090808868408 -0.37242338061332703
   vertex -0.63835221529006958 -2.376957893371582 -0.8381989598274231
   vertex -0.65884065628051758 -2.5144691467285156 -0.058083005249500275
  endloop
 endfacet
 facet normal -0.54802903432713523 -0.83579405066894163 0.033353896337164075
  outer loop
   vertex -1.1957441568374634 -2.2482340335845947 0.52501410245895386
   vertex -1.7641415596008301 -1.9029808044433594 -0.16269220411777496
   vertex -1.2430812120437622 -2.2530090808868408 -0.37242338061332703
  endloop
 endfacet
 facet normal -0.34608591850292164 -0.87625374765261177 0.33526691864653452
  outer loop
   vertex -0.51660609245300293 -2.4518942832946777 0.69378131628036499
   vertex -0.77473342418670654 -2.1244211196899414 1.2832082509994507
   vertex -1.1957441568374634 -2.2482340335845947 0.52501410245895386
  endloop
 endfacet
 facet normal -0.3157772159920087 -0.93876374981684341 0.13786722558373099
  outer loop
   vertex -0.65884065628051758 -2.5144691467285156 -0.058083005249500275
   vertex -0.51660609245300293 -2.4518942832946777 0.69378131628036499
   vertex -1.1957441568374634 -2.2482340335845947 0.52501410245895386
  endloop
 endfacet
 facet normal -0.4204005882710643 -0.90693677978451437 0.027000423245542179
  outer loop
   vertex -1.1957441568374634 -2.2482340335845947 0.52501410245895386
   vertex -1.2430812120437622 -2.2530090808868408 -0.37242338061332703
   vertex -0.65884065628051758 -2.5144691467285156 -0.058083005249500275
  endloop
 endfacet
 facet normal 0.2521699081516165 -0.022394494232449318 -0.96742380787888316
  outer loop
   vertex 15.561203002929688 -0.35363411903381348 -2.5304913520812988
   vertex 15.559475898742676 0.23509250581264496 -2.544569730758667
   vertex 16.058927536010742 -0.013096706010401249 -2.4086368083953857
  endloop
 endfacet
 facet normal 0.3003217690719252 0.083974954106921934 -0.9501342232044111
  outer loop
   vertex 16.058927536010742 -0.013096706010401249 -2.4086368083953857
   vertex 15.559475898742676 0.23509250581264496 -2.544569730758667
   vertex 15.937088012695312 0.51151305437088013 -2.4007821083068848
  endloop
 endfacet
 facet normal 0.26040101602418464 -0.25001795010396649 -0.93256760370462299
  outer loop
   vertex 16.104131698608398 -0.66507637500762939 -2.2953927516937256
   vertex 15.559164047241211 -0.95850080251693726 -2.3688981533050537
   vertex 15.561203002929688 -0.35363411903381348 -2.5304913520812988
  endloop
 endfacet
 facet normal 0.42242101949547217 0.11157422656532649 -0.89950635031374593
  outer loop
   vertex 16.424625396728516 0.44845247268676758 -2.1796495914459229
   vertex 16.058927536010742 -0.013096706010401249 -2.4086368083953857
   vertex 15.937088012695312 0.51151305437088013 -2.4007821083068848
  endloop
 endfacet
 facet normal 0.32475814764290051 -0.13995281114051084 -0.93538513789423683
  outer loop
   vertex 16.104131698608398 -0.66507637500762939 -2.2953927516937256
   vertex 15.561203002929688 -0.35363411903381348 -2.5304913520812988
   vertex 16.058927536010742 -0.013096706010401249 -2.4086368083953857
  endloop
 endfacet
 facet normal 0.32469988073163231 -0.38684318438501558 -0.86308883560600203
  outer loop
   vertex 16.079929351806641 -1.287161111831665 -2.02567458152771
   vertex 15.559164047241211 -0.95850080251693726 -2.3688981533050537
   vertex 16.104131698608398 -0.66507637500762939 -2.2953927516937256
  endloop
 endfacet
 facet normal 0.25556595698443063 -0.47463708391626469 -0.84226223956799628
  outer loop
   vertex 16.079929351806641 -1.287161111831665 -2.02567458152771
   vertex 15.572519302368164 -1.5346225500106812 -2.0401859283447266
   vertex 15.559164047241211 -0.95850080251693726 -2.3688981533050537
  endloop
 endfacet
 facet normal 0.50996689964871778 0.02255856222991539 -0.85989817567709348
  outer loop
   vertex 16.424625396728516 0.44845247268676758 -2.1796495914459229
   vertex 16.601341247558594 -0.2527109682559967 -2.0932416915893555
   vertex 16.058927536010742 -0.013096706010401249 -2.4086368083953857
  endloop
 endfacet
 facet normal 0.45842907174908515 -0.12114066891926285 -0.8804360990492528
  outer loop
   vertex 16.601341247558594 -0.2527109682559967 -2.0932416915893555
   vertex 16.104131698608398 -0.66507637500762939 -2.2953927516937256
   vertex 16.058927536010742 -0.013096706010401249 -2.4086368083953857
  endloop
 endfacet
 facet normal 0.62114744366892094 0.060256608704547708 -0.78137378656504197
  outer loop
   vertex 16.601341247558594 -0.2527109682559967 -2.0932416915893555
   vertex 16.424625396728516 0.44845247268676758 -2.1796495914459229
   vertex 16.978731155395508 0.30049881339073181 -1.7505768537521362
  endloop
 endfacet
 facet normal 0.3195550059978523 -0.61285547142285213 -0.7226982560438252
  outer loop
   vertex 16.055269241333008 -1.8038778305053711 -1.5983974933624268
   vertex 15.572519302368164 -1.5346225500106812 -2.0401859283447266
   vertex 16.079929351806641 -1.287161111831665 -2.02567458152771
  endloop
 endfacet
 facet normal 0.46036540172376617 -0.36814709300302539 -0.80779416611481991
  outer loop
   vertex 16.605470657348633 -0.9295734167098999 -1.8891346454620361
   vertex 16.079929351806641 -1.287161111831665 -2.02567458152771
   vertex 16.104131698608398 -0.66507637500762939 -2.2953927516937256
  endloop
 endfacet
 facet normal 0.25559089684825714 -0.675917132219096 -0.69123753068031302
  outer loop
   vertex 15.486424446105957 -1.9749857187271118 -1.6414171457290649
   vertex 15.572519302368164 -1.5346225500106812 -2.0401859283447266
   vertex 16.055269241333008 -1.8038778305053711 -1.5983974933624268
  endloop
 endfacet
 facet normal 0.53074326211226874 -0.24171973768001917 -0.81233192608583971
  outer loop
   vertex 16.605470657348633 -0.9295734167098999 -1.8891346454620361
   vertex 16.104131698608398 -0.66507637500762939 -2.2953927516937256
   vertex 16.601341247558594 -0.2527109682559967 -2.0932416915893555
  endloop
 endfacet
 facet normal 0.27843708576986248 -0.78737573728531574 -0.55001112498056959
  outer loop
   vertex 15.729514122009277 -2.2582607269287109 -1.1128295660018921
   vertex 15.486424446105957 -1.9749857187271118 -1.6414171457290649
   vertex 16.055269241333008 -1.8038778305053711 -1.5983974933624268
  endloop
 endfacet
 facet normal 0.71684222611300219 -0.058672849924243008 -0.69476234752836352
  outer loop
   vertex 16.978731155395508 0.30049881339073181 -1.7505768537521362
   vertex 17.15333366394043 -0.43017935752868652 -1.5087194442749023
   vertex 16.601341247558594 -0.2527109682559967 -2.0932416915893555
  endloop
 endfacet
 facet normal 0.43751001815095825 -0.58533939383755795 -0.68261466292442663
  outer loop
   vertex 16.533439636230469 -1.4487717151641846 -1.5964245796203613
   vertex 16.055269241333008 -1.8038778305053711 -1.5983974933624268
   vertex 16.079929351806641 -1.287161111831665 -2.02567458152771
  endloop
 endfacet
 facet normal 0.50963672695801465 -0.47510816081659885 -0.71731627756589422
  outer loop
   vertex 16.533439636230469 -1.4487717151641846 -1.5964245796203613
   vertex 16.079929351806641 -1.287161111831665 -2.02567458152771
   vertex 16.605470657348633 -0.9295734167098999 -1.8891346454620361
  endloop
 endfacet
 facet normal 0.67877177239941522 -0.20821352605987314 -0.70421304202597046
  outer loop
   vertex 17.15333366394043 -0.43017935752868652 -1.5087194442749023
   vertex 16.605470657348633 -0.9295734167098999 -1.8891346454620361
   vertex 16.601341247558594 -0.2527109682559967 -2.0932416915893555
  endloop
 endfacet
 facet normal 0.28155783642455379 -0.92449499802162438 -0.25697117227603733
  outer loop
   vertex 16.247974395751953 -2.2571048736572266 -0.54892206192016602
   vertex 15.538342475891113 -2.5410552024841309 -0.30489379167556763
   vertex 15.729514122009277 -2.2582607269287109 -1.1128295660018921
  endloop
 endfacet
 facet normal 0.83497535377391241 0.017469805301957155 -0.55000996763044341
  outer loop
   vertex 16.978731155395508 0.30049881339073181 -1.7505768537521362
   vertex 17.403087615966797 0.3806074857711792 -1.1038128137588501
   vertex 17.15333366394043 -0.43017935752868652 -1.5087194442749023
  endloop
 endfacet
 facet normal 0.43362854872486573 -0.78453935421666365 -0.44324291693840617
  outer loop
   vertex 15.729514122009277 -2.2582607269287109 -1.1128295660018921
   vertex 16.055269241333008 -1.8038778305053711 -1.5983974933624268
   vertex 16.656042098999023 -1.7868005037307739 -1.0408828258514404
  endloop
 endfacet
 facet normal 0.71855486803169699 -0.31659251941146371 -0.61923184533795783
  outer loop
   vertex 17.008506774902344 -1.1557000875473022 -1.3058416843414307
   vertex 16.605470657348633 -0.9295734167098999 -1.8891346454620361
   vertex 17.15333366394043 -0.43017935752868652 -1.5087194442749023
  endloop
 endfacet
 facet normal 0.50818979693313526 -0.68137966196989042 -0.52674935837346448
  outer loop
   vertex 16.055269241333008 -1.8038778305053711 -1.5983974933624268
   vertex 16.533439636230469 -1.4487717151641846 -1.5964245796203613
   vertex 16.656042098999023 -1.7868005037307739 -1.0408828258514404
  endloop
 endfacet
 facet normal 0.65021091017543886 -0.43956737921331179 -0.61968241174037531
  outer loop
   vertex 17.008506774902344 -1.1557000875473022 -1.3058416843414307
   vertex 16.533439636230469 -1.4487717151641846 -1.5964245796203613
   vertex 16.605470657348633 -0.9295734167098999 -1.8891346454620361
  endloop
 endfacet
 facet normal 0.87185809528055913 -0.024281830475742741 -0.48915626787612865
  outer loop
   vertex 17.15333366394043 -0.43017935752868652 -1.5087194442749023
   vertex 17.403087615966797 0.3806074857711792 -1.1038128137588501
   vertex 17.512451171875 -0.27410110831260681 -0.87638646364212036
  endloop
 endfacet
 facet normal 0.43976212749260679 -0.80278412213862904 -0.40267471296977053
  outer loop
   vertex 16.656042098999023 -1.7868005037307739 -1.0408828258514404
   vertex 16.247974395751953 -2.2571048736572266 -0.54892206192016602
   vertex 15.729514122009277 -2.2582607269287109 -1.1128295660018921
  endloop
 endfacet
 facet normal 0.95097669302027887 0.053014183194919094 -0.30468479731090908
  outer loop
   vertex 17.512451171875 -0.27410110831260681 -0.87638646364212036
   vertex 17.403087615966797 0.3806074857711792 -1.1038128137588501
   vertex 17.620670318603516 0.34555143117904663 -0.43079724907875061
  endloop
 endfacet
 facet normal 0.65489670685184243 -0.57274461645255426 -0.49302526069079716
  outer loop
   vertex 16.656042098999023 -1.7868005037307739 -1.0408828258514404
   vertex 16.533439636230469 -1.4487717151641846 -1.5964245796203613
   vertex 17.008506774902344 -1.1557000875473022 -1.3058416843414307
  endloop
 endfacet
 facet normal 0.98201282278028679 -0.038594838026355049 -0.18482763422392318
  outer loop
   vertex 17.660945892333984 -0.30349451303482056 -0.081277258694171906
   vertex 17.512451171875 -0.27410110831260681 -0.87638646364212036
   vertex 17.620670318603516 0.34555143117904663 -0.43079724907875061
  endloop
 endfacet
 facet normal 0.74091909346575047 -0.56573971044241622 -0.3619081056931735
  outer loop
   vertex 17.273418426513672 -1.2611886262893677 -0.5985981822013855
   vertex 16.656042098999023 -1.7868005037307739 -1.0408828258514404
   vertex 17.008506774902344 -1.1557000875473022 -1.3058416843414307
  endloop
 endfacet
 facet normal 0.87409829944309059 -0.17430330999118682 -0.45339885204620167
  outer loop
   vertex 17.15333366394043 -0.43017935752868652 -1.5087194442749023
   vertex 17.512451171875 -0.27410110831260681 -0.87638646364212036
   vertex 17.357080459594727 -0.78405857086181641 -0.97987592220306396
  endloop
 endfacet
 facet normal 0.99850516804333378 0.046434396424012293 -0.02883186118674122
  outer loop
   vertex 17.642927169799805 0.3198091983795166 0.29854366183280945
   vertex 17.660945892333984 -0.30349451303482056 -0.081277258694171906
   vertex 17.620670318603516 0.34555143117904663 -0.43079724907875061
  endloop
 endfacet
 facet normal 0.8031271320075386 -0.30366190414177868 -0.51261706741615121
  outer loop
   vertex 17.357080459594727 -0.78405857086181641 -0.97987592220306396
   vertex 17.008506774902344 -1.1557000875473022 -1.3058416843414307
   vertex 17.15333366394043 -0.43017935752868652 -1.5087194442749023
  endloop
 endfacet
 facet normal 0.97204025001347993 -0.14228201182492459 -0.18679823731712039
  outer loop
   vertex 17.516746520996094 -0.77304136753082275 -0.47399789094924927
   vertex 17.512451171875 -0.27410110831260681 -0.87638646364212036
   vertex 17.660945892333984 -0.30349451303482056 -0.081277258694171906
  endloop
 endfacet
 facet normal 0.99223587289491921 -0.042533512914595256 0.1168711804492524
  outer loop
   vertex 17.572078704833984 -0.3318864107131958 0.66287201642990112
   vertex 17.660945892333984 -0.30349451303482056 -0.081277258694171906
   vertex 17.642927169799805 0.3198091983795166 0.29854366183280945
  endloop
 endfacet
 facet normal 0.8172087259226064 -0.44039069371291834 -0.3717874865659212
  outer loop
   vertex 17.273418426513672 -1.2611886262893677 -0.5985981822013855
   vertex 17.008506774902344 -1.1557000875473022 -1.3058416843414307
   vertex 17.357080459594727 -0.78405857086181641 -0.97987592220306396
  endloop
 endfacet
 facet normal 0.93059038713339071 -0.22491495482069798 -0.28881619496304106
  outer loop
   vertex 17.512451171875 -0.27410110831260681 -0.87638646364212036
   vertex 17.516746520996094 -0.77304136753082275 -0.47399789094924927
   vertex 17.357080459594727 -0.78405857086181641 -0.97987592220306396
  endloop
 endfacet
 facet normal 0.88717135457315821 -0.37283019072840629 -0.27189085403199509
  outer loop
   vertex 17.516746520996094 -0.77304136753082275 -0.47399789094924927
   vertex 17.273418426513672 -1.2611886262893677 -0.5985981822013855
   vertex 17.357080459594727 -0.78405857086181641 -0.97987592220306396
  endloop
 endfacet
 facet normal 0.34625196753477411 -0.93466619289501518 -0.080676408183781648
  outer loop
   vertex 16.072992324829102 -2.3904235363006592 0.24462541937828064
   vertex 15.538342475891113 -2.5410552024841309 -0.30489379167556763
   vertex 16.247974395751953 -2.2571048736572266 -0.54892206192016602
  endloop
 endfacet
 facet normal 0.9679718343328676 -0.2271487191141035 0.10692982438536831
  outer loop
   vertex 17.463716506958008 -1.0233825445175171 0.17487995326519012
   vertex 17.660945892333984 -0.30349451303482056 -0.081277258694171906
   vertex 17.572078704833984 -0.3318864107131958 0.66287201642990112
  endloop
 endfacet
 facet normal 0.90033404471291389 -0.42565590181734381 -0.09064028452596895
  outer loop
   vertex 17.463716506958008 -1.0233825445175171 0.17487995326519012
   vertex 17.273418426513672 -1.2611886262893677 -0.5985981822013855
   vertex 17.516746520996094 -0.77304136753082275 -0.47399789094924927
  endloop
 endfacet
 facet normal 0.96165000129772715 -0.27297456871221237 -0.026723769203893549
  outer loop
   vertex 17.660945892333984 -0.30349451303482056 -0.081277258694171906
   vertex 17.463716506958008 -1.0233825445175171 0.17487995326519012
   vertex 17.516746520996094 -0.77304136753082275 -0.47399789094924927
  endloop
 endfacet
 facet normal 0.96094674828062754 0.047903027427825665 0.27255576848075891
  outer loop
   vertex 17.41851806640625 0.32559409737586975 1.0887235403060913
   vertex 17.572078704833984 -0.3318864107131958 0.66287201642990112
   vertex 17.642927169799805 0.3198091983795166 0.29854366183280945
  endloop
 endfacet
 facet normal 0.61026915909852686 -0.76073117684636582 -0.22104214536400171
  outer loop
   vertex 16.247974395751953 -2.2571048736572266 -0.54892206192016602
   vertex 16.656042098999023 -1.7868005037307739 -1.0408828258514404
   vertex 16.929786682128906 -1.8186497688293457 -0.17549760639667511
  endloop
 endfacet
 facet normal 0.35045310942933938 0.025357147194265003 0.93623695354193104
  outer loop
   vertex 15.916037559509277 -0.31833511590957642 2.4412505626678467
   vertex 16.226221084594727 0.35214561223983765 2.3069829940795898
   vertex 15.631693840026855 0.18491008877754211 2.5340564250946045
  endloop
 endfacet
 facet normal 0.72585780177730874 -0.63956797956854383 -0.2531466987926641
  outer loop
   vertex 16.929786682128906 -1.8186497688293457 -0.17549760639667511
   vertex 16.656042098999023 -1.7868005037307739 -1.0408828258514404
   vertex 17.273418426513672 -1.2611886262893677 -0.5985981822013855
  endloop
 endfacet
 facet normal 0.45985688039790823 -0.035055900029602197 0.88730081337944156
  outer loop
   vertex 16.587024688720703 -0.32828989624977112 2.0931081771850586
   vertex 16.226221084594727 0.35214561223983765 2.3069829940795898
   vertex 15.916037559509277 -0.31833511590957642 2.4412505626678467
  endloop
 endfacet
 facet normal 0.57958701474114516 0.051701305543217092 0.81326863172544306
  outer loop
   vertex 16.587024688720703 -0.32828989624977112 2.0931081771850586
   vertex 16.896974563598633 0.32871869206428528 1.8304506540298462
   vertex 16.226221084594727 0.35214561223983765 2.3069829940795898
  endloop
 endfacet
 facet normal 0.90878521772787257 -0.055597892438092468 0.41354359189297796
  outer loop
   vertex 17.217716217041016 -0.33824768662452698 1.4407482147216797
   vertex 17.572078704833984 -0.3318864107131958 0.66287201642990112
   vertex 17.41851806640625 0.32559409737586975 1.0887235403060913
  endloop
 endfacet
 facet normal 0.71715337434878523 -0.060773733602692302 0.69426046334509073
  outer loop
   vertex 17.217716217041016 -0.33824768662452698 1.4407482147216797
   vertex 16.896974563598633 0.32871869206428528 1.8304506540298462
   vertex 16.587024688720703 -0.32828989624977112 2.0931081771850586
  endloop
 endfacet
 facet normal 0.44745692031449014 -0.21329059986650964 0.86849837332677615
  outer loop
   vertex 16.147945404052734 -0.97623038291931152 2.1602003574371338
   vertex 16.587024688720703 -0.32828989624977112 2.0931081771850586
   vertex 15.916037559509277 -0.31833511590957642 2.4412505626678467
  endloop
 endfacet
 facet normal 0.83736772541758586 -0.54529193636507067 -0.038366607410748189
  outer loop
   vertex 17.463716506958008 -1.0233825445175171 0.17487995326519012
   vertex 16.929786682128906 -1.8186497688293457 -0.17549760639667511
   vertex 17.273418426513672 -1.2611886262893677 -0.5985981822013855
  endloop
 endfacet
 facet normal 0.8167873826280686 0.057360074975004477 0.57408030220383888
  outer loop
   vertex 16.896974563598633 0.32871869206428528 1.8304506540298462
   vertex 17.217716217041016 -0.33824768662452698 1.4407482147216797
   vertex 17.41851806640625 0.32559409737586975 1.0887235403060913
  endloop
 endfacet
 facet normal 0.54833380875357374 -0.83603111380916673 -0.019545099662145082
  outer loop
   vertex 16.929786682128906 -1.8186497688293457 -0.17549760639667511
   vertex 16.072992324829102 -2.3904235363006592 0.24462541937828064
   vertex 16.247974395751953 -2.2571048736572266 -0.54892206192016602
  endloop
 endfacet
 facet normal 0.3242345953707037 -0.27267280754197176 0.90582640014076365
  outer loop
   vertex 15.590791702270508 -0.93108683824539185 2.3732190132141113
   vertex 16.147945404052734 -0.97623038291931152 2.1602003574371338
   vertex 15.916037559509277 -0.31833511590957642 2.4412505626678467
  endloop
 endfacet
 facet normal 0.92266947088985607 -0.30815563697402315 0.23177823644373363
  outer loop
   vertex 17.273149490356445 -0.96967703104019165 1.0048975944519043
   vertex 17.463716506958008 -1.0233825445175171 0.17487995326519012
   vertex 17.572078704833984 -0.3318864107131958 0.66287201642990112
  endloop
 endfacet
 facet normal 0.70573959434983513 -0.18063953627682219 0.68505545972616322
  outer loop
   vertex 17.217716217041016 -0.33824768662452698 1.4407482147216797
   vertex 16.587024688720703 -0.32828989624977112 2.0931081771850586
   vertex 16.794261932373047 -0.9244379997253418 1.7224178314208984
  endloop
 endfacet
 facet normal 0.89205741118528437 -0.20105775281027924 0.40473368427187895
  outer loop
   vertex 17.273149490356445 -0.96967703104019165 1.0048975944519043
   vertex 17.572078704833984 -0.3318864107131958 0.66287201642990112
   vertex 17.217716217041016 -0.33824768662452698 1.4407482147216797
  endloop
 endfacet
 facet normal 0.55213955264801684 -0.2933471571340035 0.78044177220536204
  outer loop
   vertex 16.794261932373047 -0.9244379997253418 1.7224178314208984
   vertex 16.587024688720703 -0.32828989624977112 2.0931081771850586
   vertex 16.147945404052734 -0.97623038291931152 2.1602003574371338
  endloop
 endfacet
 facet normal 0.35723655208101174 -0.81455252025560154 0.45704073954355373
  outer loop
   vertex 16.399194717407227 -1.9594329595565796 1.0864369869232178
   vertex 15.754898071289062 -1.9993044137954712 1.5189781188964844
   vertex 15.716383934020996 -2.33404541015625 0.95249587297439575
  endloop
 endfacet
 facet normal 0.41899606690260971 -0.86377771063445097 0.27987561975143621
  outer loop
   vertex 16.399194717407227 -1.9594329595565796 1.0864369869232178
   vertex 15.716383934020996 -2.33404541015625 0.95249587297439575
   vertex 16.072992324829102 -2.3904235363006592 0.24462541937828064
  endloop
 endfacet
 facet normal 0.78305267546567747 -0.30528944821074028 0.54187347255353446
  outer loop
   vertex 16.794261932373047 -0.9244379997253418 1.7224178314208984
   vertex 17.273149490356445 -0.96967703104019165 1.0048975944519043
   vertex 17.217716217041016 -0.33824768662452698 1.4407482147216797
  endloop
 endfacet
 facet normal 0.28708099653481395 -0.44918814333123114 0.846058220998543
  outer loop
   vertex 15.688313484191895 -1.4830230474472046 2.0470950603485107
   vertex 16.147945404052734 -0.97623038291931152 2.1602003574371338
   vertex 15.590791702270508 -0.93108683824539185 2.3732190132141113
  endloop
 endfacet
 facet normal 0.52718354921115462 -0.44146690605353184 0.72607470435255628
  outer loop
   vertex 16.794261932373047 -0.9244379997253418 1.7224178314208984
   vertex 16.147945404052734 -0.97623038291931152 2.1602003574371338
   vertex 16.329916000366211 -1.5260559320449829 1.6937721967697144
  endloop
 endfacet
 facet normal 0.81539963992337228 -0.57540881538576638 0.063467490805797541
  outer loop
   vertex 16.929786682128906 -1.8186497688293457 -0.17549760639667511
   vertex 17.463716506958008 -1.0233825445175171 0.17487995326519012
   vertex 16.981224060058594 -1.6565331220626831 0.63344138860702515
  endloop
 endfacet
 facet normal 0.84671331226144475 -0.48186184210337069 0.22557866025845516
  outer loop
   vertex 17.463716506958008 -1.0233825445175171 0.17487995326519012
   vertex 17.273149490356445 -0.96967703104019165 1.0048975944519043
   vertex 16.981224060058594 -1.6565331220626831 0.63344138860702515
  endloop
 endfacet
 facet normal 0.38516684802309903 -0.51954397436032196 0.76270607568697923
  outer loop
   vertex 16.147945404052734 -0.97623038291931152 2.1602003574371338
   vertex 15.688313484191895 -1.4830230474472046 2.0470950603485107
   vertex 16.329916000366211 -1.5260559320449829 1.6937721967697144
  endloop
 endfacet
 facet normal 0.75119006169785396 -0.39818165520636528 0.52646449136052265
  outer loop
   vertex 17.273149490356445 -0.96967703104019165 1.0048975944519043
   vertex 16.794261932373047 -0.9244379997253418 1.7224178314208984
   vertex 16.865381240844727 -1.4233015775680542 1.2436344623565674
  endloop
 endfacet
 facet normal 0.3309926097054518 -0.65356999836247354 0.68065420703970592
  outer loop
   vertex 16.329916000366211 -1.5260559320449829 1.6937721967697144
   vertex 15.688313484191895 -1.4830230474472046 2.0470950603485107
   vertex 15.754898071289062 -1.9993044137954712 1.5189781188964844
  endloop
 endfacet
 facet normal 0.41926126615949177 -0.71571785391005782 0.55854090655270816
  outer loop
   vertex 16.399194717407227 -1.9594329595565796 1.0864369869232178
   vertex 16.329916000366211 -1.5260559320449829 1.6937721967697144
   vertex 15.754898071289062 -1.9993044137954712 1.5189781188964844
  endloop
 endfacet
 facet normal 0.59165935796895963 -0.7968911371159535 0.12208079174792873
  outer loop
   vertex 16.929786682128906 -1.8186497688293457 -0.17549760639667511
   vertex 16.981224060058594 -1.6565331220626831 0.63344138860702515
   vertex 16.072992324829102 -2.3904235363006592 0.24462541937828064
  endloop
 endfacet
 facet normal 0.61123097014183458 -0.50094093187550415 0.6127437342896076
  outer loop
   vertex 16.865381240844727 -1.4233015775680542 1.2436344623565674
   vertex 16.794261932373047 -0.9244379997253418 1.7224178314208984
   vertex 16.329916000366211 -1.5260559320449829 1.6937721967697144
  endloop
 endfacet
 facet normal 0.56609804324206747 -0.80186359215665304 0.19117474993087116
  outer loop
   vertex 16.072992324829102 -2.3904235363006592 0.24462541937828064
   vertex 16.981224060058594 -1.6565331220626831 0.63344138860702515
   vertex 16.399194717407227 -1.9594329595565796 1.0864369869232178
  endloop
 endfacet
 facet normal 0.5619421611048131 -0.641679613230973 0.52198494378344007
  outer loop
   vertex 16.865381240844727 -1.4233015775680542 1.2436344623565674
   vertex 16.329916000366211 -1.5260559320449829 1.6937721967697144
   vertex 16.399194717407227 -1.9594329595565796 1.0864369869232178
  endloop
 endfacet
 facet normal 0.78094062543274978 -0.51947237872606888 0.34681434123949528
  outer loop
   vertex 16.981224060058594 -1.6565331220626831 0.63344138860702515
   vertex 17.273149490356445 -0.96967703104019165 1.0048975944519043
   vertex 16.865381240844727 -1.4233015775680542 1.2436344623565674
  endloop
 endfacet
 facet normal 0.64128927734977204 -0.66820923191177695 0.37715313222095914
  outer loop
   vertex 16.399194717407227 -1.9594329595565796 1.0864369869232178
   vertex 16.981224060058594 -1.6565331220626831 0.63344138860702515
   vertex 16.865381240844727 -1.4233015775680542 1.2436344623565674
  endloop
 endfacet
endsolid
