x-coordinate,y-coordinate,z-coordinate,corrosion-rate-2,total-pressure,density,total-temperature,turb-kinetic-energy,wall-shear,crude-p-h+,crude-p-h2s,Crude temperature(K),MW(g/gmol),k (W/m-k),Density(kg/m3),Cp (J/kg-K),Viscosity (Pa-s),Sulfur,H+,Temperature Overhead drum (K),Flow rate crude inlet(kg/s),Flow rate ww inlet(kg/s),Flow rate outlet 1(kg/s),Flow rate outlet 2(kg/s),Crude inlet mf,r,theta,phi,case,r_norm,sin_theta,cos_theta,sin_phi,cos_phi,true,pred,error,abs_pct_error,simulation
8.426547721,-0.008861978505,-2.599984897,0.003375428962,1832.170115,0.4309554836,327.1827019,16.32593307,0.8265279528,0.03630108018,0.04311758744,322.306919478862,131.075161937948,0.295122157143474,826.192527353848,807.334548365193,0.0006691167543644,0.0431247273958782,0.0363014692434201,332.239680072915,113.51081446063978,7.453357986610214,48.45392707899548,72.51024536825452,0.9205738033607016,8.818543331728966,359.9397435585617,107.1474373151308,ICV_113_CASE_6_with_r_theta_phi.csv,0.49924550528918654,-0.0010516731047720835,0.9999994469916874,0.9555492402736089,-0.29483156108620545,0.003375428962,0.0034204694,-4.504038911284274e-05,1.334360450377007,ICV_113_CASE_6_with_r_theta_phi.csv
1.815542133e-14,-0.01448182976,-2.599959668,0.00337541895,6017.151788,0.4347142156,332.5970587,392.5905805,27.99929279,0.03630144103,0.04312281466,322.306919478862,131.075161937948,0.295122157143474,826.192527353848,807.334548365193,0.0006691167543644,0.0431247273958782,0.0363014692434201,332.239680072915,113.51081446063978,7.453357986610214,48.45392707899548,72.51024536825452,0.9205738033607016,2.5999999997345897,270.00000000007185,179.68086460946552,ICV_113_CASE_6_with_r_theta_phi.csv,0.14719418670304207,-1.0,1.2539242315967048e-12,0.0055699345236294665,-0.999984487794387,0.00337541895,0.0035645277,-0.00018910877393822677,5.602527469433135,ICV_113_CASE_6_with_r_theta_phi.csv
15.08,-0.02133248435,-2.599912484,0.00337541406,2449.650292,0.4387994017,326.9845626,17.04633423,2.254687924,0.03630113101,0.04311770619,322.306919478862,131.075161937948,0.295122157143474,826.192527353848,807.334548365193,0.0006691167543644,0.0431247273958782,0.0363014692434201,332.239680072915,113.51081446063978,7.453357986610214,48.45392707899548,72.51024536825452,0.9205738033607016,15.302496528323331,359.9189482424089,99.78207451889456,ICV_113_CASE_6_with_r_theta_phi.csv,0.8663225120163879,-0.0014146195626827346,0.9999989994252458,0.9854611017732204,-0.16990119744107313,0.00337541406,0.003911402,-0.0005359880164827729,15.879178281433749,ICV_113_CASE_6_with_r_theta_phi.csv
7.634160651,0.0710115126,-2.599030082,0.003375427099,1826.605492,0.4303767763,326.9044165,32.78513036,1.354156503,0.03630120246,0.04311883721,322.306919478862,131.075161937948,0.295122157143474,826.192527353848,807.334548365193,0.0006691167543644,0.0431247273958782,0.0363014692434201,332.239680072915,113.51081446063978,7.453357986610214,48.45392707899548,72.51024536825452,0.9205738033607016,8.064763409260028,0.5329390899373152,108.80025137541134,ICV_113_CASE_6_with_r_theta_phi.csv,0.45657165042294673,0.009301407706380972,0.9999567409716681,0.9466478462210884,-0.32226984848876966,0.003375427099,0.0034075652,-3.213807934961425e-05,0.9521188992532013,ICV_113_CASE_6_with_r_theta_phi.csv
12.14901352,0.08072069505,-2.598746654,0.003375417786,2233.675956,0.4327313288,326.9872944,21.4704578,2.304981221,0.03630105655,0.04311708952,322.306919478862,131.075161937948,0.295122157143474,826.192527353848,807.334548365193,0.0006691167543644,0.0431247273958782,0.0363014692434201,332.239680072915,113.51081446063978,7.453357986610214,48.45392707899548,72.51024536825452,0.9205738033607016,12.424110813713323,0.3806800513247026,102.07369485214524,ICV_113_CASE_6_with_r_theta_phi.csv,0.7033680334306477,0.0066440714090068975,0.9999779279139676,0.9778793719853575,-0.20916962935742575,0.003375417786,0.003680014,-0.00030459626549698277,9.023957468912359,ICV_113_CASE_6_with_r_theta_phi.csv
6.165872394,-0.08274443014,-2.598683005,0.003375423839,2208.147994,0.4333143921,326.2472608,187.9173882,7.059355912,0.03630137279,0.04312081258,322.306919478862,131.075161937948,0.295122157143474,826.192527353848,807.334548365193,0.0006691167543644,0.0431247273958782,0.0363014692434201,332.239680072915,113.51081446063978,7.453357986610214,48.45392707899548,72.51024536825452,0.9205738033607016,6.691635254576143,359.2311514482995,112.85174461061143,ICV_113_CASE_6_with_r_theta_phi.csv,0.3788345419658792,-0.013418535959937148,0.9999099673934108,0.9215128050099288,-0.388347975664523,0.003375423839,0.0038837544,-0.0005083305298714505,15.05975409213945,ICV_113_CASE_6_with_r_theta_phi.csv
6.82481358,0.08295402501,-2.598676323,0.003375416622,2024.208972,0.4327153969,326.1678621,111.3552869,4.259929586,0.0363013447,0.04312040865,322.306919478862,131.075161937948,0.295122157143474,826.192527353848,807.334548365193,0.0006691167543644,0.0431247273958782,0.0363014692434201,332.239680072915,113.51081446063978,7.453357986610214,48.45392707899548,72.51024536825452,0.9205738033607016,7.303292435863333,0.6963826087037432,110.84386654003754,ICV_113_CASE_6_with_r_theta_phi.csv,0.41346238094658444,0.012153870134302965,0.999926138992655,0.9345535270263755,-0.35582257534136524,0.003375416622,0.0038812908,-0.0005058741658309487,14.987014118018363,ICV_113_CASE_6_with_r_theta_phi.csv
12.63494059,0.08955841381,-2.598457098,0.003375416622,2252.582586,0.4312955708,327.1308669,20.80178097,2.302029085,0.03630107384,0.04311722252,322.306919478862,131.075161937948,0.295122157143474,826.192527353848,807.334548365193,0.0006691167543644,0.0431247273958782,0.0363014692434201,332.239680072915,113.51081446063978,7.453357986610214,48.45392707899548,72.51024536825452,0.9205738033607016,12.899679209672628,0.4061145488919919,101.62093280557656,ICV_113_CASE_6_with_r_theta_phi.csv,0.73029145776605,0.00708797666777681,0.9999748799778708,0.9795017211347322,-0.20143579198865627,0.003375416622,0.0036260493,-0.0002506326414028195,7.425235738160891,ICV_113_CASE_6_with_r_theta_phi.csv
3.076911692,0.1071301661,-2.597791972,0.003375421977,4093.228444,0.4343571843,328.8395651,433.1078764,21.00118544,0.03630141051,0.04312197366,322.306919478862,131.075161937948,0.295122157143474,826.192527353848,807.334548365193,0.0006691167543644,0.0431247273958782,0.0363014692434201,332.239680072915,113.51081446063978,7.453357986610214,48.45392707899548,72.51024536825452,0.9205738033607016,4.028322921842608,1.9940864343336104,130.1568107511671,ICV_113_CASE_6_with_r_theta_phi.csv,0.22805604473783586,0.034796348198857525,0.9993944237146932,0.7642823541071249,-0.6448817590849282,0.003375421977,0.0038812908,-0.0005058688108309489,14.98683169476444,ICV_113_CASE_6_with_r_theta_phi.csv
13.20690759,0.1231173115,-2.597083389,0.003375415457,2281.471466,0.4300574872,327.2085451,21.21050271,2.434836928,0.03630108972,0.04311735145,322.306919478862,131.075161937948,0.295122157143474,826.192527353848,807.334548365193,0.0006691167543644,0.0431247273958782,0.0363014692434201,332.239680072915,113.51081446063978,7.453357986610214,48.45392707899548,72.51024536825452,0.9205738033607016,13.460401483336607,0.5341067131031423,101.124554629959,ICV_113_CASE_6_with_r_theta_phi.csv,0.7620357112455405,0.009321785691544317,0.9999565512118619,0.9812100668329377,-0.19294249077303327,0.003375415457,0.0036260493,-0.0002506338064028196,7.425272815196654,ICV_113_CASE_6_with_r_theta_phi.csv
11.02483832,-0.1232083958,-2.597079069,0.003375419183,2142.594544,0.4308196658,326.7923779,24.69966703,2.217510147,0.03630101815,0.04311679315,322.306919478862,131.075161937948,0.295122157143474,826.192527353848,807.334548365193,0.0006691167543644,0.0431247273958782,0.0363014692434201,332.239680072915,113.51081446063978,7.453357986610214,48.45392707899548,72.51024536825452,0.9205738033607016,11.327270632485742,359.35971603285503,103.25449096368754,ICV_113_CASE_6_with_r_theta_phi.csv,0.6412724571093047,-0.011174830781741701,0.9999375596290998,0.9733612902617315,-0.22927668573149212,0.003375419183,0.0034204694,-4.5050168112842695e-05,1.334654028346682,ICV_113_CASE_6_with_r_theta_phi.csv
2.484705444,0.1256741375,-2.596960918,0.003375421977,4458.944213,0.4344573574,329.4942558,483.3934188,23.93677998,0.03630141507,0.04312209432,322.306919478862,131.075161937948,0.295122157143474,826.192527353848,807.334548365193,0.0006691167543644,0.0431247273958782,0.0363014692434201,332.239680072915,113.51081446063978,7.453357986610214,48.45392707899548,72.51024536825452,0.9205738033607016,3.5963538677247837,2.895500873991182,136.22891178312938,ICV_113_CASE_6_with_r_theta_phi.csv,0.20360091642697195,0.050514515920413776,0.9987233268935528,0.6917788813634393,-0.7221093956593755,0.003375421977,0.0038812908,-0.0005058688108309489,14.98683169476444,ICV_113_CASE_6_with_r_theta_phi.csv
9.202135756,-0.1368847997,-2.596394144,0.003375398461,1954.742208,0.4320253442,326.9776853,22.66916814,1.347653956,0.03630097437,0.04311650788,322.306919478862,131.075161937948,0.295122157143474,826.192527353848,807.334548365193,0.0006691167543644,0.0431247273958782,0.0363014692434201,332.239680072915,113.51081446063978,7.453357986610214,48.45392707899548,72.51024536825452,0.9205738033607016,9.56238999786351,359.1477692673602,105.75482297512292,ICV_113_CASE_6_with_r_theta_phi.csv,0.5413570072371174,-0.014873683807884487,0.9998893806466709,0.9624323840565481,-0.27152146530104976,0.003375398461,0.0036929182,-0.00031751976326021116,9.406882382475033,ICV_113_CASE_6_with_r_theta_phi.csv
1.900495994,0.1486342639,-2.595748034,0.003375421977,4159.829591,0.434408069,329.5353469,488.082679,24.21604522,0.03630141603,0.0431220641,322.306919478862,131.075161937948,0.295122157143474,826.192527353848,807.334548365193,0.0006691167543644,0.0431247273958782,0.0363014692434201,332.239680072915,113.51081446063978,7.453357986610214,48.45392707899548,72.51024536825452,0.9205738033607016,3.220541107272194,4.471893917471675,143.70669809831293,ICV_113_CASE_6_with_r_theta_phi.csv,0.18232497272193698,0.07797005481002832,0.996955701399476,0.5919189586195772,-0.8059974853724515,0.003375421977,0.0038932518,-0.0005178297866567354,15.341186673304746,ICV_113_CASE_6_with_r_theta_phi.csv
14.26147817,0.1493012407,-2.595709756,0.003375414293,2373.30599,0.43918675,327.2623911,21.12385743,2.738784403,0.03630111448,0.04311756245,322.306919478862,131.075161937948,0.295122157143474,826.192527353848,807.334548365193,0.0006691167543644,0.0431247273958782,0.0363014692434201,332.239680072915,113.51081446063978,7.453357986610214,48.45392707899548,72.51024536825452,0.9205738033607016,14.49654302208822,0.5997988692159311,100.31484659606662,ICV_113_CASE_6_with_r_theta_phi.csv,0.820694946292214,0.010468273914249312,0.9999452061194435,0.9838386733182339,-0.1790571553538626,0.003375414293,0.003898498,-0.0005230836107195445,15.496871351447341,ICV_113_CASE_6_with_r_theta_phi.csv
1.363882939,0.1543335155,-2.595415413,0.003375421045,3999.166631,0.434380786,329.8749426,491.2789057,25.15650977,0.03630141914,0.04312210506,322.306919478862,131.075161937948,0.295122157143474,826.192527353848,807.334548365193,0.0006691167543644,0.0431247273958782,0.0363014692434201,332.239680072915,113.51081446063978,7.453357986610214,48.45392707899548,72.51024536825452,0.9205738033607016,2.936013738275049,6.455982328315884,152.12784565703396,ICV_113_CASE_6_with_r_theta_phi.csv,0.16621698246094993,0.11243986557912236,0.9936585312010102,0.46750025033617376,-0.883992938849409,0.003375421045,0.0038932518,-0.0005178307186567356,15.34121852058677,ICV_113_CASE_6_with_r_theta_phi.csv
0.8557621593,0.1632317479,-2.594870979,0.00337541895,4142.004559,0.4343771316,330.5472232,486.4492847,26.60076802,0.03630142419,0.04312222112,322.306919478862,131.075161937948,0.295122157143474,826.192527353848,807.334548365193,0.0006691167543644,0.0431247273958782,0.0363014692434201,332.239680072915,113.51081446063978,7.453357986610214,48.45392707899548,72.51024536825452,0.9205738033607016,2.737211879717883,10.799120461994448,161.44125939005016,ICV_113_CASE_6_with_r_theta_phi.csv,0.15496218327311823,0.1873662356350293,0.9822901270724239,0.31827672705867005,-0.9479978507427224,0.00337541895,0.0038932518,-0.0005178328136567355,15.341290108693695,ICV_113_CASE_6_with_r_theta_phi.csv
11.62045751,-0.1754934903,-2.594070553,0.003375418019,2198.203524,0.4282578671,327.0640337,22.36676567,2.307258458,0.0363010411,0.0431169635,322.306919478862,131.075161937948,0.295122157143474,826.192527353848,807.334548365193,0.0006691167543644,0.0431247273958782,0.0363014692434201,332.239680072915,113.51081446063978,7.453357986610214,48.45392707899548,72.51024536825452,0.9205738033607016,11.907771946959464,359.1347783001027,102.58259926372152,ICV_113_CASE_6_with_r_theta_phi.csv,0.6741364643680465,-0.015100393493989533,0.9998859825581748,0.97598296706451,-0.2178468452834595,0.003375418019,0.0034204694,-4.505133211284238e-05,1.3346889732147125,ICV_113_CASE_6_with_r_theta_phi.csv
5.643863445,0.1828610057,-2.593561615,0.003375424072,2217.330687,0.4333693171,326.3082241,195.6742313,7.551301727,0.03630137665,0.04312089913,322.306919478862,131.075161937948,0.295122157143474,826.192527353848,807.334548365193,0.0006691167543644,0.0431247273958782,0.0363014692434201,332.239680072915,113.51081446063978,7.453357986610214,48.45392707899548,72.51024536825452,0.9205738033607016,6.213951607794697,1.8557323562568515,114.66910845796224,ICV_113_CASE_6_with_r_theta_phi.csv,0.35179136662106547,0.03238297720621343,0.9994755338612656,0.9087333423111383,-0.417377182620262,0.003375424072,0.0038812908,-0.000505866715830949,14.98676032672085,ICV_113_CASE_6_with_r_theta_phi.csv
13.7133748,0.1845041788,-2.593445239,0.003375414992,2317.092423,0.4336668062,327.2602698,21.60037746,2.612274618,0.03630110237,0.0431174584,322.306919478862,131.075161937948,0.295122157143474,826.192527353848,807.334548365193,0.0006691167543644,0.0431247273958782,0.0363014692434201,332.239680072915,113.51081446063978,7.453357986610214,48.45392707899548,72.51024536825452,0.9205738033607016,13.957673459604989,0.7708294349481548,100.70823520831703,ICV_113_CASE_6_with_r_theta_phi.csv,0.7901878436011215,0.01345310577398881,0.9999095028776523,0.9825861002528568,-0.18580784587816246,0.003375414992,0.003898498,-0.0005230829117195443,15.496847433702927,ICV_113_CASE_6_with_r_theta_phi.csv
0.4084697851,0.1876870713,-2.593216837,0.003375416854,4836.299479,0.4344778438,331.5353985,437.8706313,27.35843233,0.03630143183,0.04312246834,322.306919478862,131.075161937948,0.295122157143474,826.192527353848,807.334548365193,0.0006691167543644,0.0431247273958782,0.0363014692434201,332.239680072915,113.51081446063978,7.453357986610214,48.45392707899548,72.51024536825452,0.9205738033607016,2.6318904927396005,24.67822572908051,170.16567453246375,ICV_113_CASE_6_with_r_theta_phi.csv,0.14899960792685393,0.4175217808005539,0.9086669150778707,0.17079981899392532,-0.9853057504306175,0.003375416854,0.0038932518,-0.0005178349096567354,15.341361731060484,ICV_113_CASE_6_with_r_theta_phi.csv
3.670209416,-0.2122271734,-2.591323914,0.003375423141,3553.145716,0.4342227455,328.0610765,403.9925376,18.12442275,0.03630140623,0.04312181655,322.306919478862,131.075161937948,0.295122157143474,826.192527353848,807.334548365193,0.0006691167543644,0.0431247273958782,0.0363014692434201,332.239680072915,113.51081446063978,7.453357986610214,48.45392707899548,72.51024536825452,0.9205738033607016,4.497825825628722,356.69059868790845,125.17867310655303,ICV_113_CASE_6_with_r_theta_phi.csv,0.2546360824626698,-0.05772783795281062,0.9983323578474725,0.8173594039583786,-0.5761281148848787,0.003375423141,0.0038837544,-0.0005083312278714503,15.059777885218113,ICV_113_CASE_6_with_r_theta_phi.csv
0.5299286161,-0.2259583113,-2.590162706,0.003375416622,5515.302658,0.4347410272,331.9032803,475.0076264,29.24245651,0.03630143795,0.04312271914,322.306919478862,131.075161937948,0.295122157143474,826.192527353848,807.334548365193,0.0006691167543644,0.0431247273958782,0.0363014692434201,332.239680072915,113.51081446063978,7.453357986610214,48.45392707899548,72.51024536825452,0.9205738033607016,2.6534551701810325,336.9068975753601,167.46065594851552,ICV_113_CASE_6_with_r_theta_phi.csv,0.15022045221832664,-0.3922263806815407,0.9198687223171897,0.2171099689609725,-0.9761471514980544,0.003375416622,0.0035645277,-0.00018911110193822658,5.602600302719033,ICV_113_CASE_6_with_r_theta_phi.csv
14.72076134,0.2541826224,-2.587545399,0.00337541406,2436.235698,0.4387725576,327.2422577,19.06477986,2.610972743,0.03630112488,0.04311765474,322.306919478862,131.075161937948,0.295122157143474,826.192527353848,807.334548365193,0.0006691167543644,0.0431247273958782,0.0363014692434201,332.239680072915,113.51081446063978,7.453357986610214,48.45392707899548,72.51024536825452,0.9205738033607016,14.94860576865464,0.9892249487301684,99.96788205078911,ICV_113_CASE_6_with_r_theta_phi.csv,0.8462876418023602,0.017264374650513302,0.9998509595774395,0.9849049391886725,-0.17309610267639544,0.00337541406,0.003898498,-0.0005230838437195445,15.49687932403101,ICV_113_CASE_6_with_r_theta_phi.csv
10.45308312,0.2649392415,-2.58646616,0.003375419416,2041.936564,0.4368150097,326.8366475,25.6204961,1.861817331,0.03630098438,0.04311655384,322.306919478862,131.075161937948,0.295122157143474,826.192527353848,807.334548365193,0.0006691167543644,0.0431247273958782,0.0363014692434201,332.239680072915,113.51081446063978,7.453357986610214,48.45392707899548,72.51024536825452,0.9205738033607016,10.771580511333548,1.4518827540110235,103.89359144525088,ICV_113_CASE_6_with_r_theta_phi.csv,0.6098130896284347,0.025337422586111817,0.999678955973713,0.9707433451040546,-0.24011946596681888,0.003375419416,0.003680014,-0.0003045946354969828,9.023904820921484,ICV_113_CASE_6_with_r_theta_phi.csv
9.949522419,-0.2656330648,-2.586394996,0.003375407076,2039.705389,0.430101868,326.9297275,24.96959077,1.785430831,0.03630099044,0.04311659939,322.306919478862,131.075161937948,0.295122157143474,826.192527353848,807.334548365193,0.0006691167543644,0.0431247273958782,0.0363014692434201,332.239680072915,113.51081446063978,7.453357986610214,48.45392707899548,72.51024536825452,0.9205738033607016,10.283627587900703,358.47067645127385,104.56665291534074,ICV_113_CASE_6_with_r_theta_phi.csv,0.5821885381971266,-0.026688561952396262,0.9996437968901288,0.9678557150775772,-0.25150609295138704,0.003375407076,0.0034204694,-4.5062275112842456e-05,1.3350174981825593,ICV_113_CASE_6_with_r_theta_phi.csv
14.02336359,-0.2845295986,-2.584384435,0.00337541406,2359.278772,0.4275329468,327.3084807,21.66010973,2.708541208,0.03630110741,0.04311749314,322.306919478862,131.075161937948,0.295122157143474,826.192527353848,807.334548365193,0.0006691167543644,0.0431247273958782,0.0363014692434201,332.239680072915,113.51081446063978,7.453357986610214,48.45392707899548,72.51024536825452,0.9205738033607016,14.262353465599128,358.8376462946774,100.43985206194736,ICV_113_CASE_6_with_r_theta_phi.csv,0.8074367380978766,-0.020285507719042403,0.9997942279172153,0.9834456728664399,-0.1812032243650077,0.00337541406,0.0036389534,-0.0002635393761660481,7.807616233250268,ICV_113_CASE_6_with_r_theta_phi.csv
13.45972554,-0.3015246363,-2.582456755,0.003375414293,2306.928691,0.4214354796,327.3242167,21.65217175,2.567894226,0.03630109589,0.04311739291,322.306919478862,131.075161937948,0.295122157143474,826.192527353848,807.334548365193,0.0006691167543644,0.0431247273958782,0.0363014692434201,332.239680072915,113.51081446063978,7.453357986610214,48.45392707899548,72.51024536825452,0.9205738033607016,13.70854520399117,358.71667517284266,100.85843245365834,ICV_113_CASE_6_with_r_theta_phi.csv,0.7760839086112881,-0.022396370856735622,0.9997491698283363,0.9820956412201612,-0.18838299152619992,0.003375414293,0.0036389534,-0.00026353914316604816,7.807608791445385,ICV_113_CASE_6_with_r_theta_phi.csv
1.10145887,-0.3118343859,-2.581232131,0.003375416854,4979.72669,0.4347278173,330.7153883,534.602016,28.47923078,0.03630143327,0.04312257034,322.306919478862,131.075161937948,0.295122157143474,826.192527353848,807.334548365193,0.0006691167543644,0.0431247273958782,0.0363014692434201,332.239680072915,113.51081446063978,7.453357986610214,48.45392707899548,72.51024536825452,0.9205738033607016,2.8236875961476526,344.1926343128906,156.08320626606906,ICV_113_CASE_6_with_r_theta_phi.csv,0.15985784586955754,-0.2724039431976224,0.9621829824572801,0.40540954264776685,-0.9141351665536823,0.003375416854,0.0038877898,-0.0005123729355872592,15.179545448683825,ICV_113_CASE_6_with_r_theta_phi.csv
5.227189986,-0.3176297261,-2.580525403,0.003375425236,2606.050236,0.4337955559,326.7356869,304.7719105,11.67417373,0.03630138419,0.04312113104,322.306919478862,131.075161937948,0.295122157143474,826.192527353848,807.334548365193,0.0006691167543644,0.0431247273958782,0.0363014692434201,332.239680072915,113.51081446063978,7.453357986610214,48.45392707899548,72.51024536825452,0.9205738033607016,5.838108867447519,356.5227027684874,116.23244810394796,ICV_113_CASE_6_with_r_theta_phi.csv,0.33051372565979903,-0.060653035757185995,0.9981589098201936,0.8970081894469836,-0.4420139229312176,0.003375425236,0.0038837544,-0.0005083291328714505,15.059706471924162,ICV_113_CASE_6_with_r_theta_phi.csv
1.670954816,-0.3250945314,-2.579595617,0.00337541895,4988.272703,0.4347286291,330.2989991,530.1690566,27.35947982,0.03630142993,0.043122497,322.306919478862,131.075161937948,0.295122157143474,826.192527353848,807.334548365193,0.0006691167543644,0.0431247273958782,0.0363014692434201,332.239680072915,113.51081446063978,7.453357986610214,48.45392707899548,72.51024536825452,0.9205738033607016,3.090645563422857,348.99029233586566,146.57901748739533,ICV_113_CASE_6_with_r_theta_phi.csv,0.17497117697762765,-0.19097531041961402,0.9815948404561488,0.5507864360821507,-0.8346462135707098,0.00337541895,0.0038877898,-0.0005123708395872594,15.179473926798467,ICV_113_CASE_6_with_r_theta_phi.csv
14.61360683,-0.3252838661,-2.579571749,0.00337541406,2434.800717,0.4342997582,327.1524889,19.81204965,2.642890803,0.03630111879,0.0431175925,322.306919478862,131.075161937948,0.295122157143474,826.192527353848,807.334548365193,0.0006691167543644,0.0431247273958782,0.0363014692434201,332.239680072915,113.51081446063978,7.453357986610214,48.45392707899548,72.51024536825452,0.9205738033607016,14.843096192627955,358.7248654104513,100.00821232415068,ICV_113_CASE_6_with_r_theta_phi.csv,0.8403144124815078,-0.022253459870933877,0.9997523610993738,0.9847828535390896,-0.17378933044179673,0.00337541406,0.003911402,-0.0005359880164827729,15.879178281433749,ICV_113_CASE_6_with_r_theta_phi.csv
2.279749455,-0.3273014818,-2.579316526,0.003375421045,5289.984262,0.4347390563,330.3654598,505.0891863,26.76258844,0.03630142796,0.04312248664,322.306919478862,131.075161937948,0.295122157143474,826.192527353848,807.334548365193,0.0006691167543644,0.0431247273958782,0.0363014692434201,332.239680072915,113.51081446063978,7.453357986610214,48.45392707899548,72.51024536825452,0.9205738033607016,3.4579267746524045,351.82992769594733,138.23767806209673,ICV_113_CASE_6_with_r_theta_phi.csv,0.19576412281753536,-0.1421119176912244,0.9898505962265834,0.6660420964964677,-0.7459141543734037,0.003375421045,0.0038837544,-0.0005083333238714506,15.059849332688277,ICV_113_CASE_6_with_r_theta_phi.csv
4.970167455,0.3370075685,-2.57806631,0.003375423141,2331.063686,0.4335018602,326.4653955,226.9868614,8.928032889,0.03630138304,0.04312108961,322.306919478862,131.075161937948,0.295122157143474,826.192527353848,807.334548365193,0.0006691167543644,0.0431247273958782,0.0363014692434201,332.239680072915,113.51081446063978,7.453357986610214,48.45392707899548,72.51024536825452,0.9205738033607016,5.609150072045183,3.879064560390361,117.36246016881228,ICV_113_CASE_6_with_r_theta_phi.csv,0.3175516473208777,0.06765073992820707,0.9977090645008524,0.8881167145336694,-0.4596179950414484,0.003375423141,0.0038932518,-0.0005178286226567353,15.341146898397822,ICV_113_CASE_6_with_r_theta_phi.csv
2.943440671,-0.3540183299,-2.575785516,0.003375421744,4688.934552,0.4346001995,329.4564161,469.4541236,23.57568919,0.03630142086,0.04312228769,322.306919478862,131.075161937948,0.295122157143474,826.192527353848,807.334548365193,0.0006691167543644,0.0431247273958782,0.0363014692434201,332.239680072915,113.51081446063978,7.453357986610214,48.45392707899548,72.51024536825452,0.9205738033607016,3.927320076851071,353.141771114818,130.98515031739657,ICV_113_CASE_6_with_r_theta_phi.csv,0.22233795565139727,-0.11941304369901587,0.9928446630740062,0.7548795895324596,-0.6558634044580512,0.003375421744,0.0038837544,-0.0005083326248714504,15.05982550549251,ICV_113_CASE_6_with_r_theta_phi.csv
4.568989749,-0.3840404974,-2.571480682,0.003375425236,2994.879782,0.4339943601,327.2839625,371.3814772,14.87965868,0.03630139472,0.04312144389,322.306919478862,131.075161937948,0.295122157143474,826.192527353848,807.334548365193,0.0006691167543644,0.0431247273958782,0.0363014692434201,332.239680072915,113.51081446063978,7.453357986610214,48.45392707899548,72.51024536825452,0.9205738033607016,5.256963698563031,355.1953713916243,119.28518980603404,ICV_113_CASE_6_with_r_theta_phi.csv,0.29761326777553504,-0.0837583441926663,0.9964860961288435,0.8721957421262362,-0.48915701713955206,0.003375425236,0.0038837544,-0.0005083291328714505,15.059706471924162,ICV_113_CASE_6_with_r_theta_phi.csv
12.89988778,-0.3908689521,-2.570451607,0.003375414992,2282.129833,0.4213594371,327.2886898,21.03925817,2.425546465,0.03630108319,0.04311728423,322.306919478862,131.075161937948,0.295122157143474,826.192527353848,807.334548365193,0.0006691167543644,0.0431247273958782,0.0363014692434201,332.239680072915,113.51081446063978,7.453357986610214,48.45392707899548,72.51024536825452,0.9205738033607016,13.159297273723928,358.264458436755,101.26420644528064,ICV_113_CASE_6_with_r_theta_phi.csv,0.7449892538411848,-0.03028628261120594,0.9995412653240456,0.9807368777568811,-0.1953335009866059,0.003375414992,0.0036389534,-0.0002635384441660479,7.807586466036886,ICV_113_CASE_6_with_r_theta_phi.csv
11.20192307,0.3933515456,-2.570072871,0.003375418484,2099.263175,0.4377941629,327.0055099,21.2908658,2.017187732,0.03630101016,0.04311674819,322.306919478862,131.075161937948,0.295122157143474,826.192527353848,807.334548365193,0.0006691167543644,0.0431247273958782,0.0363014692434201,332.239680072915,113.51081446063978,7.453357986610214,48.45392707899548,72.51024536825452,0.9205738033607016,11.499699146798331,2.0110946113577484,102.91412672408131,ICV_113_CASE_6_with_r_theta_phi.csv,0.6510341782367071,0.03509301558569527,0.9993840504316157,0.9747061204954254,-0.22349044424484282,0.003375418484,0.003680014,-0.0003045955674969825,9.023934923938254,ICV_113_CASE_6_with_r_theta_phi.csv
4.155857192,0.397626554,-2.569414938,0.003375422675,2688.638684,0.4336597337,326.8945649,272.988521,11.39114053,0.0363013925,0.04312138816,322.306919478862,131.075161937948,0.295122157143474,826.192527353848,807.334548365193,0.0006691167543644,0.0431247273958782,0.0363014692434201,332.239680072915,113.51081446063978,7.453357986610214,48.45392707899548,72.51024536825452,0.9205738033607016,4.902157586243182,5.465342585119174,121.61033988757532,ICV_113_CASE_6_with_r_theta_phi.csv,0.2775265765657198,0.09524363379783438,0.9954539920161977,0.8516323591144536,-0.5241396044081676,0.003375422675,0.0038932518,-0.0005178290886567356,15.34116282202566,ICV_113_CASE_6_with_r_theta_phi.csv
9.598228094,0.4271031537,-2.564679882,0.003375425236,1928.964806,0.4383427618,326.7580836,26.09748929,1.411448592,0.03630094902,0.04311630594,322.306919478862,131.075161937948,0.295122157143474,826.192527353848,807.334548365193,0.0006691167543644,0.0431247273958782,0.0363014692434201,332.239680072915,113.51081446063978,7.453357986610214,48.45392707899548,72.51024536825452,0.9205738033607016,9.944143127765551,2.5478739795172487,104.9460010819014,ICV_113_CASE_6_with_r_theta_phi.csv,0.5629692539613512,0.044454135343584944,0.9990114262864336,0.966169323587417,-0.2579085848874229,0.003375425236,0.003680014,-0.0003045888154969826,9.023716838939503,ICV_113_CASE_6_with_r_theta_phi.csv
10.63115994,-0.4306744466,-2.564082589,0.003375401953,2126.786617,0.426113006,326.9151644,23.6546618,1.993484636,0.03630101324,0.04311674775,322.306919478862,131.075161937948,0.295122157143474,826.192527353848,807.334548365193,0.0006691167543644,0.0431247273958782,0.0363014692434201,332.239680072915,113.51081446063978,7.453357986610214,48.45392707899548,72.51024536825452,0.9205738033607016,10.944476308715185,357.68018325458564,103.54924255806986,ICV_113_CASE_6_with_r_theta_phi.csv,0.6196012651217278,-0.04047737894729958,0.9991804550698321,0.9721689279070103,-0.23428097577937107,0.003375401953,0.0034204694,-4.506739811284237e-05,1.3351712989155413,ICV_113_CASE_6_with_r_theta_phi.csv
11.8306293,0.4594461665,-2.559083668,0.003375418251,2152.924505,0.4381531266,327.1707883,20.38098684,2.115879226,0.03630103406,0.04311693196,322.306919478862,131.075161937948,0.295122157143474,826.192527353848,807.334548365193,0.0006691167543644,0.0431247273958782,0.0363014692434201,332.239680072915,113.51081446063978,7.453357986610214,48.45392707899548,72.51024536825452,0.9205738033607016,12.112959573686126,2.2239818015212336,102.19668478654808,ICV_113_CASE_6_with_r_theta_phi.csv,0.6857527819990625,0.03880605859502574,0.9992467612238327,0.9774281201964184,-0.211268241459278,0.003375418251,0.003680014,-0.00030459580049698246,9.023942449695044,ICV_113_CASE_6_with_r_theta_phi.csv
3.408494919,0.460222672,-2.558944136,0.003375423141,3370.694848,0.4339210267,327.7004337,339.1442285,15.35859983,0.03630140112,0.04312167908,322.306919478862,131.075161937948,0.295122157143474,826.192527353848,807.334548365193,0.0006691167543644,0.0431247273958782,0.0363014692434201,332.239680072915,113.51081446063978,7.453357986610214,48.45392707899548,72.51024536825452,0.9205738033607016,4.286938022859722,7.689700091759278,126.64937755607264,ICV_113_CASE_6_with_r_theta_phi.csv,0.24269705991753782,0.13380803686877488,0.9910072700385828,0.8023033499763608,-0.5969165223184136,0.003375423141,0.0038932518,-0.0005178286226567353,15.341146898397822,ICV_113_CASE_6_with_r_theta_phi.csv
-0.4371761183,0.1775339352,-2.556825912,0.00337542058,6240.710583,0.4346073463,332.2529936,354.8781694,26.00098439,0.03630144026,0.04312274904,322.306919478862,131.075161937948,0.295122157143474,826.192527353848,807.334548365193,0.0006691167543644,0.0431247273958782,0.0363014692434201,332.239680072915,113.51081446063978,7.453357986610214,48.45392707899548,72.51024536825452,0.9205738033607016,2.6000000001604007,157.89829867522587,169.5440053742409,ICV_113_CASE_6_with_r_theta_phi.csv,0.14719418672714857,0.37625177505426827,-0.9265174589658375,0.18148029402697127,-0.9833945814777932,0.00337542058,0.00357722,-0.00020179944081573017,5.978497670827888,ICV_113_CASE_6_with_r_theta_phi.csv
15.08,0.4973165986,-2.551994553,0.003375413129,2407.403236,0.4382140708,327.1496268,16.81956892,2.228924638,0.03630113152,0.04311772087,322.306919478862,131.075161937948,0.295122157143474,826.192527353848,807.334548365193,0.0006691167543644,0.0431247273958782,0.0363014692434201,332.239680072915,113.51081446063978,7.453357986610214,48.45392707899548,72.51024536825452,0.9205738033607016,15.302496528272265,1.8888474126577532,99.6000622215754,ICV_113_CASE_6_with_r_theta_phi.csv,0.8663225120134969,0.03296063540753852,0.9994566506425036,0.9859958559638414,-0.16676981747945788,0.003375413129,0.003898498,-0.0005230847747195442,15.496911180159573,ICV_113_CASE_6_with_r_theta_phi.csv
1.78133922e-14,0.5024991242,-2.550979151,0.003375421977,4606.305911,0.4341319745,329.99813,343.2794471,20.50331104,0.03630143302,0.04312248315,322.306919478862,131.075161937948,0.295122157143474,826.192527353848,807.334548365193,0.0006691167543644,0.0431247273958782,0.0363014692434201,332.239680072915,113.51081446063978,7.453357986610214,48.45392707899548,72.51024536825452,0.9205738033607016,2.599999999742009,89.99999999999795,168.85638509264845,ICV_113_CASE_6_with_r_theta_phi.csv,0.14719418670346213,1.0,3.581041373288741e-14,0.19326889394225372,-0.9811458274050489,0.003375421977,0.0038932518,-0.0005178297866567354,15.341186673304746,ICV_113_CASE_6_with_r_theta_phi.csv
2.725693864,0.5136939782,-2.548748418,0.0033754264,3802.740045,0.4340122062,328.2859715,406.3798103,18.3334648,0.0363014053,0.04312180415,322.306919478862,131.075161937948,0.295122157143474,826.192527353848,807.334548365193,0.0006691167543644,0.0431247273958782,0.0363014692434201,332.239680072915,113.51081446063978,7.453357986610214,48.45392707899548,72.51024536825452,0.9205738033607016,3.766882934435804,10.672979074541844,132.58008100073482,ICV_113_CASE_6_with_r_theta_phi.csv,0.21325510384478727,0.18520319051619635,0.9827002484087513,0.7363323599983453,-0.6766200230700147,0.0033754264,0.0038932518,-0.0005178253636567353,15.341035535638547,ICV_113_CASE_6_with_r_theta_phi.csv
12.22439904,-0.5189268731,-2.547688148,0.003375416156,2265.616536,0.4221139616,327.3640296,20.76641903,2.360972192,0.03630106585,0.04311714263,322.306919478862,131.075161937948,0.295122157143474,826.192527353848,807.334548365193,0.0006691167543644,0.0431247273958782,0.0363014692434201,332.239680072915,113.51081446063978,7.453357986610214,48.45392707899548,72.51024536825452,0.9205738033607016,12.497837088402054,357.5692482243165,101.76220642710577,ICV_113_CASE_6_with_r_theta_phi.csv,0.7075419099854787,-0.04241189661404793,0.9991002107024096,0.9790020659511489,-0.20385032465851569,0.003375416156,0.0034204694,-4.505319511284274e-05,1.3347449030665628,ICV_113_CASE_6_with_r_theta_phi.csv
8.884467724,0.5190331407,-2.547666501,0.003375440603,1848.783307,0.4373505798,326.9330183,22.08142607,0.9188434154,0.0363010049,0.04311689037,322.306919478862,131.075161937948,0.295122157143474,826.192527353848,807.334548365193,0.0006691167543644,0.0431247273958782,0.0363014692434201,332.239680072915,113.51081446063978,7.453357986610214,48.45392707899548,72.51024536825452,0.9205738033607016,9.257092780147568,3.343435614083944,105.97467079524256,ICV_113_CASE_6_with_r_theta_phi.csv,0.5240731704413533,0.05832084776456466,0.998297890770096,0.9613834552197126,-0.2752123762293528,0.003375440603,0.003680014,-0.00030457344849698243,9.023220498564056,ICV_113_CASE_6_with_r_theta_phi.csv
15.55947568,0.2350925028,-2.544569627,0.003375413362,2430.664121,0.4381621717,326.8692997,15.68613171,1.909381206,0.03630114149,0.04311781039,322.306919478862,131.075161937948,0.295122157143474,826.192527353848,807.334548365193,0.0006691167543644,0.0431247273958782,0.0363014692434201,332.239680072915,113.51081446063978,7.453357986610214,48.45392707899548,72.51024536825452,0.9205738033607016,15.767922707447394,0.8656322111169175,99.28679283488424,ICV_113_CASE_6_with_r_theta_phi.csv,0.8926717535215664,0.015107557449091381,0.9998858743416282,0.9868929412455975,-0.16137633816521463,0.003375413362,0.003898498,-0.0005230845417195443,15.496903207571505,ICV_113_CASE_6_with_r_theta_phi.csv
12.46184908,0.5361702665,-2.544115061,0.003375416854,2181.65287,0.4391663154,327.2660229,18.83297898,2.055435819,0.03630105761,0.04311711203,322.306919478862,131.075161937948,0.295122157143474,826.192527353848,807.334548365193,0.0006691167543644,0.0431247273958782,0.0363014692434201,332.239680072915,113.51081446063978,7.453357986610214,48.45392707899548,72.51024536825452,0.9205738033607016,12.73018784193629,2.46362785269622,101.52812796151768,ICV_113_CASE_6_with_r_theta_phi.csv,0.7206960177546334,0.042985169094410844,0.9990757104633887,0.9798267117290388,-0.19984898043837784,0.003375416854,0.003680014,-0.0003045971974969825,9.023987571958205,ICV_113_CASE_6_with_r_theta_phi.csv
2.090984654,0.5540017706,-2.540291723,0.003375426633,3441.765473,0.4339225368,328.1712682,406.9647204,17.92499898,0.0363014051,0.04312174673,322.306919478862,131.075161937948,0.295122157143474,826.192527353848,807.334548365193,0.0006691167543644,0.0431247273958782,0.0363014692434201,332.239680072915,113.51081446063978,7.453357986610214,48.45392707899548,72.51024536825452,0.9205738033607016,3.336497688150517,14.839432091341848,139.58465925823293,ICV_113_CASE_6_with_r_theta_phi.csv,0.18888963988231874,0.2561110844109467,0.9666473568172878,0.6483237770105049,-0.7613647484371948,0.003375426633,0.0038932518,-0.0005178251306567354,15.341027573841659,ICV_113_CASE_6_with_r_theta_phi.csv
0.6008265425,0.5618161293,-2.538574922,0.003375424072,3633.561686,0.433785964,329.6298994,382.9747849,20.76358982,0.03630141979,0.04312204705,322.306919478862,131.075161937948,0.295122157143474,826.192527353848,807.334548365193,0.0006691167543644,0.0431247273958782,0.0363014692434201,332.239680072915,113.51081446063978,7.453357986610214,48.45392707899548,72.51024536825452,0.9205738033607016,2.6685187898760323,43.078262677752605,162.04610521574932,ICV_113_CASE_6_with_r_theta_phi.csv,0.15107325116064807,0.6829967098221537,0.730421449830242,0.30825159081771797,-0.9513048705637673,0.003375424072,0.0038932518,-0.0005178276916567356,15.341115085326216,ICV_113_CASE_6_with_r_theta_phi.csv
1.570356018,0.5676136798,-2.537284909,0.003375425935,3271.696892,0.4338984118,328.4675785,398.0075526,18.57755225,0.03630140729,0.04312175487,322.306919478862,131.075161937948,0.295122157143474,826.192527353848,807.334548365193,0.0006691167543644,0.0431247273958782,0.0363014692434201,332.239680072915,113.51081446063978,7.453357986610214,48.45392707899548,72.51024536825452,0.9205738033607016,3.037436093517697,19.872663710388338,146.65101920045265,ICV_113_CASE_6_with_r_theta_phi.csv,0.17195882134363166,0.3399308922581441,0.9404504178788917,0.5497371291342187,-0.835337709463225,0.003375425935,0.0038932518,-0.0005178258286567352,15.341051425064808,ICV_113_CASE_6_with_r_theta_phi.csv
13.01610726,0.5688396925,-2.537010328,0.003375415457,2212.193813,0.4391907728,327.2334086,18.9870239,2.153127315,0.03630107696,0.04311726265,322.306919478862,131.075161937948,0.295122157143474,826.192527353848,807.334548365193,0.0006691167543644,0.0431247273958782,0.0363014692434201,332.239680072915,113.51081446063978,7.453357986610214,48.45392707899548,72.51024536825452,0.9205738033607016,13.273245579132745,2.502390856064494,101.019154392347,ICV_113_CASE_6_with_r_theta_phi.csv,0.751440226203705,0.04366107592150929,0.9990464005487314,0.981563339771484,-0.19113714975548377,0.003375415457,0.003898498,-0.0005230824467195444,15.496831522762564,ICV_113_CASE_6_with_r_theta_phi.csv
1.084821052,0.5747746816,-2.53567231,0.003375425469,3174.915398,0.4338818568,328.8128427,391.3192755,19.33449528,0.03630141145,0.04312182341,322.306919478862,131.075161937948,0.295122157143474,826.192527353848,807.334548365193,0.0006691167543644,0.0431247273958782,0.0363014692434201,332.239680072915,113.51081446063978,7.453357986610214,48.45392707899548,72.51024536825452,0.9205738033607016,2.817239200559921,27.916147562776985,154.16539481890072,ICV_113_CASE_6_with_r_theta_phi.csv,0.15949278189102964,0.4681788656948689,0.8836337192053424,0.4357747893997169,-0.9000557387871222,0.003375425469,0.0038932518,-0.0005178262946567355,15.341067348666288,ICV_113_CASE_6_with_r_theta_phi.csv
-0.4724620036,-0.3303360723,-2.535282575,0.003375425935,6853.068049,0.4348211153,333.0516843,360.1033031,27.49398734,0.03630144419,0.04312292594,322.306919478862,131.075161937948,0.295122157143474,826.192527353848,807.334548365193,0.0006691167543644,0.0431247273958782,0.0363014692434201,332.239680072915,113.51081446063978,7.453357986610214,48.45392707899548,72.51024536825452,0.9205738033607016,2.600000000116721,214.9604833629238,167.1894859427423,ICV_113_CASE_6_with_r_theta_phi.csv,0.14719418672467574,-0.5730113345580987,-0.8195474424753864,0.22172743858946242,-0.9751086826485323,0.003375425935,0.00357722,-0.0002017940858157299,5.978329539496963,ICV_113_CASE_6_with_r_theta_phi.csv
13.51740957,0.5803130365,-2.534410539,0.003375414992,2246.298659,0.4389285427,327.3033941,19.72276772,2.331622526,0.03630109226,0.04311738607,322.306919478862,131.075161937948,0.295122157143474,826.192527353848,807.334548365193,0.0006691167543644,0.0431247273958782,0.0363014692434201,332.239680072915,113.51081446063978,7.453357986610214,48.45392707899548,72.51024536825452,0.9205738033607016,13.765186576420012,2.458243447026234,100.6096799980536,ICV_113_CASE_6_with_r_theta_phi.csv,0.7792905550533106,0.04289128015820524,0.9990797456091232,0.9829042569386439,-0.18411741278839516,0.003375414992,0.003898498,-0.0005230829117195443,15.496847433702927,ICV_113_CASE_6_with_r_theta_phi.csv
1.7693284250000002e-14,-0.5830642667,-2.533779008,0.003375426633,7253.725419,0.4350061952,333.8030639,400.3713224,30.2745179,0.03630144743,0.04312310724,322.306919478862,131.075161937948,0.295122157143474,826.192527353848,807.334548365193,0.0006691167543644,0.0431247273958782,0.0363014692434201,332.239680072915,113.51081446063978,7.453357986610214,48.45392707899548,72.51024536825452,0.9205738033607016,2.6000000000930528,270.0000000000017,167.0408979954517,ICV_113_CASE_6_with_r_theta_phi.csv,0.1471941867233358,-1.0,3.0014369249932155e-14,0.22425548718428104,-0.9745303876574299,0.003375426633,0.0035645277,-0.00018910109093822668,5.60228710153108,ICV_113_CASE_6_with_r_theta_phi.csv
13.98606451,0.5872240058,-2.532818187,0.003375414526,2281.140068,0.4388988412,327.3773686,19.99936271,2.489347456,0.03630110488,0.04311749072,322.306919478862,131.075161937948,0.295122157143474,826.192527353848,807.334548365193,0.0006691167543644,0.0431247273958782,0.0363014692434201,332.239680072915,113.51081446063978,7.453357986610214,48.45392707899548,72.51024536825452,0.9205738033607016,14.225681019876248,2.404229391119145,100.25593511864456,ICV_113_CASE_6_with_r_theta_phi.csv,0.8053605954735914,0.0419494056655523,0.9991197362500187,0.9840222596643446,-0.17804547869877818,0.003375414526,0.003898498,-0.0005230833777195446,15.496863378864772,ICV_113_CASE_6_with_r_theta_phi.csv
15.08,-0.5900850442,-2.532153163,0.003375414293,2454.242605,0.4393102255,326.8551454,16.941866,2.227505559,0.03630112645,0.04311765871,322.306919478862,131.075161937948,0.295122157143474,826.192527353848,807.334548365193,0.0006691167543644,0.0431247273958782,0.0363014692434201,332.239680072915,113.51081446063978,7.453357986610214,48.45392707899548,72.51024536825452,0.9205738033607016,15.302496528353778,357.7591417554584,99.52472507242028,ICV_113_CASE_6_with_r_theta_phi.csv,0.8663225120181116,-0.039100384538002915,0.9992352875719414,0.9862142860650429,-0.1654732061731376,0.003375414293,0.003898964,-0.0005235497376681396,15.510680825129539,ICV_113_CASE_6_with_r_theta_phi.csv
14.41502064,0.5902399691,-2.532117055,0.003375414293,2331.357102,0.4385315543,327.4144469,19.32929365,2.558114929,0.03630111577,0.04311758332,322.306919478862,131.075161937948,0.295122157143474,826.192527353848,807.334548365193,0.0006691167543644,0.0431247273958782,0.0363014692434201,332.239680072915,113.51081446063978,7.453357986610214,48.45392707899548,72.51024536825452,0.9205738033607016,14.647621651755312,2.3447332602402757,99.95466033239131,ICV_113_CASE_6_with_r_theta_phi.csv,0.8292479832246477,0.04091189392818577,0.9991627579805048,0.9849448570572146,-0.1728688189250542,0.003375414293,0.003898498,-0.0005230836107195445,15.496871351447341,ICV_113_CASE_6_with_r_theta_phi.csv
15.56120323,-0.3536341275,-2.530491327,0.003375414293,2433.541042,0.4387191513,326.6719617,15.42259734,1.847603002,0.03630113829,0.04311777264,322.306919478862,131.075161937948,0.295122157143474,826.192527353848,807.334548365193,0.0006691167543644,0.0431247273958782,0.0363014692434201,332.239680072915,113.51081446063978,7.453357986610214,48.45392707899548,72.51024536825452,0.9205738033607016,15.769574801417994,358.69815619203723,99.2339850760692,ICV_113_CASE_6_with_r_theta_phi.csv,0.8927652837632527,-0.02271950579778784,0.9997418787148532,0.9870412576649977,-0.16046668086272475,0.003375414293,0.003911402,-0.0005359877834827729,15.879170282460532,ICV_113_CASE_6_with_r_theta_phi.csv
7.252249987,-0.6007340239,-2.529647927,0.003375426633,2159.464791,0.4322193072,326.5466361,134.4535912,5.172375022,0.03630129412,0.04311988438,322.306919478862,131.075161937948,0.295122157143474,826.192527353848,807.334548365193,0.0006691167543644,0.0431247273958782,0.0363014692434201,332.239680072915,113.51081446063978,7.453357986610214,48.45392707899548,72.51024536825452,0.9205738033607016,7.704228051919801,355.2647628538461,109.16837941466132,ICV_113_CASE_6_with_r_theta_phi.csv,0.43616060861263806,-0.08255142929369122,0.996586805813507,0.9445577224301286,-0.32834541111093374,0.003375426633,0.0038837544,-0.0005083277358714504,15.059658851748292,ICV_113_CASE_6_with_r_theta_phi.csv
8.036506121,-0.611124131,-2.527157948,0.003375420347,2021.834751,0.4309028026,326.8131861,73.83725736,3.097032553,0.03630118535,0.04311870232,322.306919478862,131.075161937948,0.295122157143474,826.192527353848,807.334548365193,0.0006691167543644,0.0431247273958782,0.0363014692434201,332.239680072915,113.51081446063978,7.453357986610214,48.45392707899548,72.51024536825452,0.9205738033607016,8.446622439206132,355.6513970489764,107.40905142794712,ICV_113_CASE_6_with_r_theta_phi.csv,0.4781898924821264,-0.07582459347055878,0.9971211716862823,0.9541930749761472,-0.2991915367579182,0.003375420347,0.0036113055,-0.000235885148724082,6.988319213749137,ICV_113_CASE_6_with_r_theta_phi.csv
14.79235196,0.6449304911,-2.518742675,0.003375413129,2358.929258,0.4382080505,327.3389878,17.52328802,2.370165285,0.0363011239,0.04311765449,322.306919478862,131.075161937948,0.295122157143474,826.192527353848,807.334548365193,0.0006691167543644,0.0431247273958782,0.0363014692434201,332.239680072915,113.51081446063978,7.453357986610214,48.45392707899548,72.51024536825452,0.9205738033607016,15.0191103767744,2.4964527969560777,99.65426555818652,ICV_113_CASE_6_with_r_theta_phi.csv,0.8502791296685387,0.04355753583438431,0.9990509201597466,0.9858376460724515,-0.16770252110903947,0.003375413129,0.003898498,-0.0005230847747195442,15.496911180159573,ICV_113_CASE_6_with_r_theta_phi.csv
11.21756794,-0.6607608331,-2.514636181,0.003375406843,2190.050286,0.4224104412,327.0922221,20.59382335,2.105414805,0.03630103299,0.04311688353,322.306919478862,131.075161937948,0.295122157143474,826.192527353848,807.334548365193,0.0006691167543644,0.0431247273958782,0.0363014692434201,332.239680072915,113.51081446063978,7.453357986610214,48.45392707899548,72.51024536825452,0.9205738033607016,11.514939447946269,356.6289384670382,102.61391929137004,ICV_113_CASE_6_with_r_theta_phi.csv,0.6518969796724029,-0.05880218351545875,0.998269654559235,0.9758637379747996,-0.21838032170012822,0.003375406843,0.0034204694,-4.506250811284239e-05,1.3350244932086885,ICV_113_CASE_6_with_r_theta_phi.csv
14.21087738,-0.6842360753,-2.508350253,0.00337541406,2358.616038,0.4215702424,327.3595269,21.45976668,2.702933693,0.03630110816,0.04311749502,322.306919478862,131.075161937948,0.295122157143474,826.192527353848,807.334548365193,0.0006691167543644,0.0431247273958782,0.0363014692434201,332.239680072915,113.51081446063978,7.453357986610214,48.45392707899548,72.51024536825452,0.9205738033607016,14.446765586381703,357.24340835035736,99.99877467677528,ICV_113_CASE_6_with_r_theta_phi.csv,0.8178768889207787,-0.04809304170446756,0.9988428601835287,0.9848114664138501,-0.17362711660279945,0.00337541406,0.0036389534,-0.0002635393761660481,7.807616233250268,ICV_113_CASE_6_with_r_theta_phi.csv
6.515473845,-0.686032549,-2.507859514,0.003375423606,2434.08085,0.4335045897,326.4571801,230.6155527,8.809957221,0.03630137255,0.04312084601,322.306919478862,131.075161937948,0.295122157143474,826.192527353848,807.334548365193,0.0006691167543644,0.0431247273958782,0.0363014692434201,332.239680072915,113.51081446063978,7.453357986610214,48.45392707899548,72.51024536825452,0.9205738033607016,7.015083707635059,353.9893137311397,110.94645379250971,ICV_113_CASE_6_with_r_theta_phi.csv,0.39714597734788853,-0.10471395030041743,0.9945023824066395,0.9339149342538288,-0.35749530846944916,0.003375423606,0.0038837544,-0.0005083307628714505,15.059762034527077,ICV_113_CASE_6_with_r_theta_phi.csv
8.803023399,-0.6903917563,-2.506662966,0.003375406843,2015.980135,0.4301990919,326.6413495,58.02431813,2.543916669,0.03630115924,0.04311837066,322.306919478862,131.075161937948,0.295122157143474,826.192527353848,807.334548365193,0.0006691167543644,0.0431247273958782,0.0363014692434201,332.239680072915,113.51081446063978,7.453357986610214,48.45392707899548,72.51024536825452,0.9205738033607016,9.178955330843724,355.51566213406187,105.8481064744119,ICV_113_CASE_6_with_r_theta_phi.csv,0.5196495634019288,-0.07818657965733138,0.9969387437357863,0.9619890434430137,-0.27308804495179856,0.003375406843,0.0036113055,-0.00023589865272408183,6.988747242229679,ICV_113_CASE_6_with_r_theta_phi.csv
5.737860363,-0.717154181,-2.499137827,0.003375425236,2806.987371,0.4337635765,326.9707547,305.0408319,12.20024727,0.03630138426,0.04312113822,322.306919478862,131.075161937948,0.295122157143474,826.192527353848,807.334548365193,0.0006691167543644,0.0431247273958782,0.0363014692434201,332.239680072915,113.51081446063978,7.453357986610214,48.45392707899548,72.51024536825452,0.9205738033607016,6.2994477172966965,352.87575412632424,113.37349668419556,ICV_113_CASE_6_with_r_theta_phi.csv,0.35663157058479844,-0.12402139109043127,0.9922795445598959,0.9179382362397515,-0.39672332229030133,0.003375425236,0.0038837544,-0.0005083291328714505,15.059706471924162,ICV_113_CASE_6_with_r_theta_phi.csv
13.73709538,-0.7213682812,-2.497924699,0.003375413595,2329.29842,0.4214757044,327.4002562,21.95505098,2.699868727,0.03630109911,0.04311741515,322.306919478862,131.075161937948,0.295122157143474,826.192527353848,807.334548365193,0.0006691167543644,0.0431247273958782,0.0363014692434201,332.239680072915,113.51081446063978,7.453357986610214,48.45392707899548,72.51024536825452,0.9205738033607016,13.98097956075371,356.9940203217319,100.29206357330936,ICV_113_CASE_6_with_r_theta_phi.csv,0.7915072753719504,-0.052440178003012386,0.9986240672700676,0.9839097956010977,-0.17866592881746118,0.003375413595,0.0036389534,-0.000263539841166048,7.8076310849240285,ICV_113_CASE_6_with_r_theta_phi.csv
0.7603485277,-0.7638936873,-2.485249773,0.003375419881,6622.482726,0.4350864563,332.6102483,460.3425649,30.20676114,0.03630144558,0.0431230412,322.306919478862,131.075161937948,0.295122157143474,826.192527353848,807.334548365193,0.0006691167543644,0.0431247273958782,0.0363014692434201,332.239680072915,113.51081446063978,7.453357986610214,48.45392707899548,72.51024536825452,0.9205738033607016,2.7088982785015943,314.86673881978004,156.55455194142132,ICV_113_CASE_6_with_r_theta_phi.csv,0.15335926115616003,-0.7087494888689997,0.7054602483683483,0.39787574534473225,-0.9174393120345202,0.003375419881,0.0035645277,-0.0001891078429382266,5.602498342404045,ICV_113_CASE_6_with_r_theta_phi.csv
9.545991868,-0.7996014826,-2.473992213,0.003375447588,1989.529473,0.4285915631,326.7425056,33.93045375,1.86686869,0.0363011476,0.04311815035,322.306919478862,131.075161937948,0.295122157143474,826.192527353848,807.334548365193,0.0006691167543644,0.0431247273958782,0.0363014692434201,332.239680072915,113.51081446063978,7.453357986610214,48.45392707899548,72.51024536825452,0.9205738033607016,9.893733407813396,355.2119075013046,104.48085478202348,ICV_113_CASE_6_with_r_theta_phi.csv,0.5601154009878732,-0.08347074529516865,0.9965102280859284,0.9682312500773131,-0.2500564863660279,0.003375447588,0.0036297333,-0.0002542857546773548,7.53339366032606,ICV_113_CASE_6_with_r_theta_phi.csv
1.413884835,-0.812436975,-2.469806908,0.003375420347,6234.678252,0.4350883397,331.5804396,493.2081199,29.31523378,0.03630144263,0.04312294166,322.306919478862,131.075161937948,0.295122157143474,826.192527353848,807.334548365193,0.0006691167543644,0.0431247273958782,0.0363014692434201,332.239680072915,113.51081446063978,7.453357986610214,48.45392707899548,72.51024536825452,0.9205738033607016,2.9595726596579186,330.1177536764332,146.56533983492176,ICV_113_CASE_6_with_r_theta_phi.csv,0.16755072718129851,-0.4982190991070751,0.8670511687812517,0.5509856671885515,-0.8345147060134931,0.003375420347,0.0038877898,-0.0005123694425872593,15.179426256965234,ICV_113_CASE_6_with_r_theta_phi.csv
4.087082499,-0.8206787682,-2.467080534,0.003375423839,3853.959395,0.4343393577,328.2941105,449.8881831,19.75692254,0.03630141031,0.04312190745,322.306919478862,131.075161937948,0.295122157143474,826.192527353848,807.334548365193,0.0006691167543644,0.0431247273958782,0.0363014692434201,332.239680072915,113.51081446063978,7.453357986610214,48.45392707899548,72.51024536825452,0.9205738033607016,4.84399043717554,348.64610032336583,120.61771194206555,ICV_113_CASE_6_with_r_theta_phi.csv,0.27423355110390435,-0.1968685479158787,0.9804298928742908,0.8605846250378999,-0.5093074740747255,0.003375423839,0.0038877898,-0.0005123659505872594,15.17930709961625,ICV_113_CASE_6_with_r_theta_phi.csv
2.046550123,-0.8215486152,-2.466791007,0.003375422675,6485.03298,0.4350684923,331.5882892,479.8093175,28.85812563,0.03630144085,0.04312291416,322.306919478862,131.075161937948,0.295122157143474,826.192527353848,807.334548365193,0.0006691167543644,0.0431247273958782,0.0363014692434201,332.239680072915,113.51081446063978,7.453357986610214,48.45392707899548,72.51024536825452,0.9205738033607016,3.308831728163949,338.1279452894171,138.2035428264308,ICV_113_CASE_6_with_r_theta_phi.csv,0.1873233827746274,-0.3725351978698588,0.9280180635893167,0.666486373222697,-0.7455172126171573,0.003375422675,0.0038877898,-0.0005123671145872595,15.17934681870519,ICV_113_CASE_6_with_r_theta_phi.csv
13.2099342,-0.8247285348,-2.465729678,0.00337541406,2296.890218,0.4214061559,327.3698748,21.71162934,2.599665392,0.03630108809,0.04311731924,322.306919478862,131.075161937948,0.295122157143474,826.192527353848,807.334548365193,0.0006691167543644,0.0431247273958782,0.0363014692434201,332.239680072915,113.51081446063978,7.453357986610214,48.45392707899548,72.51024536825452,0.9205738033607016,13.463371107171229,356.4275210049827,100.5529169508385,ICV_113_CASE_6_with_r_theta_phi.csv,0.762203831001385,-0.062311127979637046,0.9980567736005328,0.9830861800546954,-0.18314355731356466,0.00337541406,0.0036389534,-0.0002635393761660481,7.807616233250268,ICV_113_CASE_6_with_r_theta_phi.csv
2.722103197,-0.8250427692,-2.465624551,0.00337542221,5868.359185,0.4349092757,330.7963489,499.1072904,27.48407203,0.03630143424,0.04312270837,322.306919478862,131.075161937948,0.295122157143474,826.192527353848,807.334548365193,0.0006691167543644,0.0431247273958782,0.0363014692434201,332.239680072915,113.51081446063978,7.453357986610214,48.45392707899548,72.51024536825452,0.9205738033607016,3.764285564701592,343.1384587137114,130.92000258759634,ICV_113_CASE_6_with_r_theta_phi.csv,0.21310805856569745,-0.29005988504695973,0.9570084968727,0.7556248458827547,-0.6550046505824697,0.00337542221,0.0038877898,-0.0005123675795872594,15.17936268587466,ICV_113_CASE_6_with_r_theta_phi.csv
5.103462213,-0.8253457535,-2.465523147,0.003375425236,3223.776084,0.4340143084,327.505274,374.2016203,15.51667732,0.03630139416,0.04312141485,322.306919478862,131.075161937948,0.295122157143474,826.192527353848,807.334548365193,0.0006691167543644,0.0431247273958782,0.0363014692434201,332.239680072915,113.51081446063978,7.453357986610214,48.45392707899548,72.51024536825452,0.9205738033607016,5.727593435355911,350.81350861243806,115.4970144104891,ICV_113_CASE_6_with_r_theta_phi.csv,0.32425709906498357,-0.1596484463656359,0.987173932786436,0.9026077163547275,-0.4304640639785205,0.003375425236,0.0038837544,-0.0005083291328714505,15.059706471924162,ICV_113_CASE_6_with_r_theta_phi.csv
3.450689191,-0.8634672865,-2.452432312,0.003375421744,4651.774738,0.4345971244,329.2971254,499.9871157,23.74312813,0.03630142163,0.04312227638,322.306919478862,131.075161937948,0.295122157143474,826.192527353848,807.334548365193,0.0006691167543644,0.0431247273958782,0.0363014692434201,332.239680072915,113.51081446063978,7.453357986610214,48.45392707899548,72.51024536825452,0.9205738033607016,4.320561988061457,345.95133356641725,124.58434542695278,ICV_113_CASE_6_with_r_theta_phi.csv,0.2446006184606555,-0.24274596723476177,0.9700898903664855,0.8232914862584831,-0.5676188233791211,0.003375421744,0.0038877898,-0.0005123680455872593,15.17937858717146,ICV_113_CASE_6_with_r_theta_phi.csv
-0.67590025,0.5480256106,-2.450066689,0.003375418484,5607.584358,0.4340752682,330.1912733,309.599136,20.02691608,0.03630143769,0.04312261262,322.306919478862,131.075161937948,0.295122157143474,826.192527353848,807.334548365193,0.0006691167543644,0.0431247273958782,0.0363014692434201,332.239680072915,113.51081446063978,7.453357986610214,48.45392707899548,72.51024536825452,0.9205738033607016,2.5999999996867285,140.9645699128451,160.44717696985902,ICV_113_CASE_6_with_r_theta_phi.csv,0.1471941867003325,0.6298008357483388,-0.7767566589934675,0.3346757721827186,-0.9423333420366177,0.003375418484,0.003982094,-0.0006066756325089607,17.973345681578817,ICV_113_CASE_6_with_r_theta_phi.csv
10.21632849,-0.8956007707,-2.440880837,0.003375475761,2028.888989,0.4274248327,326.8684554,26.16846968,1.669885219,0.03630114687,0.04311808675,322.306919478862,131.075161937948,0.295122157143474,826.192527353848,807.334548365193,0.0006691167543644,0.0431247273958782,0.0363014692434201,332.239680072915,113.51081446063978,7.453357986610214,48.45392707899548,72.51024536825452,0.9205738033607016,10.541981209265076,354.99004962405934,103.38770191837494,ICV_113_CASE_6_with_r_theta_phi.csv,0.596814750190356,-0.08732874739975943,0.9961795470082635,0.9728255986377592,-0.2315390995816589,0.003375475761,0.0034204694,-4.499359011284239e-05,1.3329555086534906,ICV_113_CASE_6_with_r_theta_phi.csv
11.7333558,-0.8969456405,-2.440386961,0.003375416622,2243.449298,0.4211931624,327.3472123,20.5294093,2.312983283,0.03630105232,0.04311702834,322.306919478862,131.075161937948,0.295122157143474,826.192527353848,807.334548365193,0.0006691167543644,0.0431247273958782,0.0363014692434201,332.239680072915,113.51081446063978,7.453357986610214,48.45392707899548,72.51024536825452,0.9205738033607016,12.017971473207298,355.6285784583119,101.7160428657287,ICV_113_CASE_6_with_r_theta_phi.csv,0.6803752065383413,-0.07622170046369309,0.997090894742512,0.9791659916260536,-0.2030614706018037,0.003375416622,0.0034204694,-4.5052729112842436e-05,1.3347309130924558,ICV_113_CASE_6_with_r_theta_phi.csv
12.67314144,-0.9375648744,-2.425071567,0.003375414526,2282.159366,0.4212768581,327.4138514,21.15808399,2.512013687,0.03630107612,0.04311721723,322.306919478862,131.075161937948,0.295122157143474,826.192527353848,807.334548365193,0.0006691167543644,0.0431247273958782,0.0363014692434201,332.239680072915,113.51081446063978,7.453357986610214,48.45392707899548,72.51024536825452,0.9205738033607016,12.937098359254511,355.76893947479937,100.80406264131682,ICV_113_CASE_6_with_r_theta_phi.csv,0.7324098736469681,-0.07377883892708165,0.9972746276360247,0.9822739617123073,-0.1874509646334442,0.003375414526,0.0036389534,-0.0002635389101660482,7.80760134964153,ICV_113_CASE_6_with_r_theta_phi.csv
-0.9524696299,0.04292032865,-2.418875658,0.003375423141,6319.174366,0.434581691,331.7672498,315.7688819,23.71315255,0.03630144093,0.04312273815,322.306919478862,131.075161937948,0.295122157143474,826.192527353848,807.334548365193,0.0006691167543644,0.0431247273958782,0.0363014692434201,332.239680072915,113.51081446063978,7.453357986610214,48.45392707899548,72.51024536825452,0.9205738033607016,2.599999999876577,177.41987448427642,158.4873756144982,ICV_113_CASE_6_with_r_theta_phi.csv,0.14719418671108042,0.045016467303149066,-0.9989862449861582,0.36670622332835734,-0.9303367915826252,0.003375423141,0.00357722,-0.00020179687981573,5.978417262854981,ICV_113_CASE_6_with_r_theta_phi.csv
0.0,0.9568,-2.417547054,0.003375432221,2454.109277,0.4332971405,325.8126462,233.3228877,5.342229516,0.03630142908,0.0431223201,322.306919478862,131.075161937948,0.295122157143474,826.192527353848,807.334548365193,0.0006691167543644,0.0431247273958782,0.0363014692434201,332.239680072915,113.51081446063978,7.453357986610214,48.45392707899548,72.51024536825452,0.9205738033607016,2.599999999673861,90.0,158.40767512558534,ICV_113_CASE_6_with_r_theta_phi.csv,0.14719418669960405,1.0,6.123233995736766e-17,0.36800000004616135,-0.9298257901166354,0.003375432221,0.0032828255,9.260675847987728e-05,2.7435525997617645,ICV_113_CASE_6_with_r_theta_phi.csv
0.4343017733,0.9568,-2.417547054,0.003375425469,2615.312092,0.4327750129,327.2176216,273.9638674,9.242694789,0.03630141892,0.0431220006,322.306919478862,131.075161937948,0.295122157143474,826.192527353848,807.334548365193,0.0006691167543644,0.0431247273958782,0.0363014692434201,332.239680072915,113.51081446063978,7.453357986610214,48.45392707899548,72.51024536825452,0.9205738033607016,2.6360231464453423,65.58619288397745,156.50847613140968,ICV_113_CASE_6_with_r_theta_phi.csv,0.14923357046577856,0.9105840846102686,0.413323874043684,0.3986133979955519,-0.9171190538520284,0.003375425469,0.0032828255,9.260000647987737e-05,2.743358053758994,ICV_113_CASE_6_with_r_theta_phi.csv
0.8637821701,0.9568,-2.417547054,0.003375433851,1940.29523,0.432613723,326.8839281,269.8431861,7.769033363,0.03630140986,0.04312174294,322.306919478862,131.075161937948,0.295122157143474,826.192527353848,807.334548365193,0.0006691167543644,0.0431247273958782,0.0363014692434201,332.239680072915,113.51081446063978,7.453357986610214,48.45392707899548,72.51024536825452,0.9205738033607016,2.7397298472087983,47.9248330332054,151.93366263308803,ICV_113_CASE_6_with_r_theta_phi.csv,0.15510473334119815,0.7422663463694671,0.6701049701705862,0.4704935294435297,-0.8824034444355771,0.003375433851,0.0032828255,9.260838847987727e-05,2.743599564986447,ICV_113_CASE_6_with_r_theta_phi.csv
1.305859934,0.9568,-2.417547054,0.003375433851,1943.40844,0.4329974609,326.5741709,277.6312268,7.646798757,0.03630140459,0.04312163643,322.306919478862,131.075161937948,0.295122157143474,826.192527353848,807.334548365193,0.0006691167543644,0.0431247273958782,0.0363014692434201,332.239680072915,113.51081446063978,7.453357986610214,48.45392707899548,72.51024536825452,0.9205738033607016,2.9095137335181223,36.23013133454072,146.19243688397512,ICV_113_CASE_6_with_r_theta_phi.csv,0.16471673375009577,0.5910299590931076,0.806649606368465,0.5564053016640117,-0.830911030303594,0.003375433851,0.0032828255,9.260838847987727e-05,2.743599564986447,ICV_113_CASE_6_with_r_theta_phi.csv
1.78462104,0.9568,-2.417547054,0.00337543455,2137.59443,0.4329790499,326.4368786,280.1013158,6.954252408,0.03630140163,0.04312160067,322.306919478862,131.075161937948,0.295122157143474,826.192527353848,807.334548365193,0.0006691167543644,0.0431247273958782,0.0363014692434201,332.239680072915,113.51081446063978,7.453357986610214,48.45392707899548,72.51024536825452,0.9205738033607016,3.153549152100655,28.197371530989187,140.0505722507585,ICV_113_CASE_6_with_r_theta_phi.csv,0.17853234719958008,0.4725103341894761,0.8813251296111723,0.6421112085056492,-0.7666115025952942,0.00337543455,0.0032828255,9.260908747987752e-05,2.743619705274431,ICV_113_CASE_6_with_r_theta_phi.csv
2.319302845,0.9568,-2.417547054,0.003375437576,2394.123752,0.4330672315,326.37871,286.1270543,7.178194652,0.03630140024,0.04312161257,322.306919478862,131.075161937948,0.295122157143474,826.192527353848,807.334548365193,0.0006691167543644,0.0431247273958782,0.0363014692434201,332.239680072915,113.51081446063978,7.453357986610214,48.45392707899548,72.51024536825452,0.9205738033607016,3.4841305493808887,22.417996334159,133.93754485397574,ICV_113_CASE_6_with_r_theta_phi.csv,0.1972476010137287,0.3813607530974236,0.9244262956001229,0.7200965837481637,-0.6938738430537815,0.003375437576,0.0032828255,9.261211347987757e-05,2.743706893320444,ICV_113_CASE_6_with_r_theta_phi.csv
2.963339648,0.9568,-2.417547054,0.003375433385,2728.184519,0.433272516,326.6481766,280.3993202,8.856474398,0.03630140059,0.04312165862,322.306919478862,131.075161937948,0.295122157143474,826.192527353848,807.334548365193,0.0006691167543644,0.0431247273958782,0.0363014692434201,332.239680072915,113.51081446063978,7.453357986610214,48.45392707899548,72.51024536825452,0.9205738033607016,3.942255936353301,17.89417606278539,127.82411021289806,ICV_113_CASE_6_with_r_theta_phi.csv,0.22318352168692268,0.3072598896101431,0.9516256408045984,0.78989702954425,-0.6132394986603278,0.003375433385,0.0032828255,9.26079224798774e-05,2.7435861381231654,ICV_113_CASE_6_with_r_theta_phi.csv
3.724858139,0.9568,-2.417547054,0.003375421744,2443.280486,0.4332301121,326.497398,219.1159937,7.789077352,0.03630139626,0.0431215143,322.306919478862,131.075161937948,0.295122157143474,826.192527353848,807.334548365193,0.0006691167543644,0.0431247273958782,0.0363014692434201,332.239680072915,113.51081446063978,7.453357986610214,48.45392707899548,72.51024536825452,0.9205738033607016,4.542528828084487,14.40604602086455,122.15441765940449,ICV_113_CASE_6_with_r_theta_phi.csv,0.2571668601897206,0.24879209355263407,0.9685569132403616,0.8466168343726159,-0.5322029084445993,0.003375421744,0.0032828255,9.259628147987751e-05,2.743250724655076,ICV_113_CASE_6_with_r_theta_phi.csv
4.576375658,0.9568,-2.417547054,0.003375418019,2216.939386,0.4330766519,326.4380027,159.3660899,6.362668636,0.03630138878,0.04312125266,322.306919478862,131.075161937948,0.295122157143474,826.192527353848,807.334548365193,0.0006691167543644,0.0431247273958782,0.0363014692434201,332.239680072915,113.51081446063978,7.453357986610214,48.45392707899548,72.51024536825452,0.9205738033607016,5.263384287836013,11.808940749307451,117.34286183558731,ICV_113_CASE_6_with_r_theta_phi.csv,0.29797675755103015,0.20464879721525883,0.9788354661526869,0.8882738774116782,-0.45931418300333704,0.003375418019,0.0032828255,9.259255647987765e-05,2.7431433953142683,ICV_113_CASE_6_with_r_theta_phi.csv
5.480006273,0.9568,-2.417547054,0.003375419881,1997.145701,0.4329925759,326.1891982,118.0438046,4.747970996,0.03630137887,0.04312093521,322.306919478862,131.075161937948,0.295122157143474,826.192527353848,807.334548365193,0.0006691167543644,0.0431247273958782,0.0363014692434201,332.239680072915,113.51081446063978,7.453357986610214,48.45392707899548,72.51024536825452,0.9205738033607016,6.065514714385205,9.903914421003265,113.4889656583568,ICV_113_CASE_6_with_r_theta_phi.csv,0.34338788669630904,0.1719964020890186,0.9850975777396027,0.9171368507038157,-0.39857244897394367,0.003375419881,0.0032828255,9.259441847987758e-05,2.74319704560766,ICV_113_CASE_6_with_r_theta_phi.csv
6.361926577,0.9568,-2.417547054,0.003375418484,2027.885811,0.4328586124,326.1679718,85.47546996,3.777050021,0.03630137153,0.04312072026,322.306919478862,131.075161937948,0.295122157143474,826.192527353848,807.334548365193,0.0006691167543644,0.0431247273958782,0.0363014692434201,332.239680072915,113.51081446063978,7.453357986610214,48.45392707899548,72.51024536825452,0.9205738033607016,6.87270760104364,8.552880996515057,110.59503295177068,ICV_113_CASE_6_with_r_theta_phi.csv,0.3890856176487313,0.14872215776508538,0.9888790218169748,0.9360900338474851,-0.3517604988218747,0.003375418484,0.0032828255,9.259302147987753e-05,2.7431567934865275,ICV_113_CASE_6_with_r_theta_phi.csv
7.22317568,0.9568,-2.417547054,0.003375406843,1972.560917,0.4321013484,326.4480749,48.68676291,2.328619889,0.03630135042,0.04312038318,322.306919478862,131.075161937948,0.295122157143474,826.192527353848,807.334548365193,0.0006691167543644,0.0431247273958782,0.0363014692434201,332.239680072915,113.51081446063978,7.453357986610214,48.45392707899548,72.51024536825452,0.9205738033607016,7.676865695220123,7.545614955386725,108.35557943677372,ICV_113_CASE_6_with_r_theta_phi.csv,0.43461153944298464,0.1313154709185149,0.9913406312148457,0.949120444441074,-0.3149132927394112,0.003375406843,0.0032978659,7.754098656112497e-05,2.2972337897269774,ICV_113_CASE_6_with_r_theta_phi.csv
8.074603523,0.9568,-2.417547054,0.003375433385,1828.571873,0.4342749309,326.8438751,22.10410471,0.9381110714,0.03630118974,0.04311870651,322.306919478862,131.075161937948,0.295122157143474,826.192527353848,807.334548365193,0.0006691167543644,0.0431247273958782,0.0363014692434201,332.239680072915,113.51081446063978,7.453357986610214,48.45392707899548,72.51024536825452,0.9205738033607016,8.482878170287966,6.757751266436344,106.55833260890024,ICV_113_CASE_6_with_r_theta_phi.csv,0.48024244357845697,0.11767174376771669,0.9930525468063938,0.9585300830894706,-0.28499136796136904,0.003375433385,0.00327428,0.00010115327276326172,2.9967491932386108,ICV_113_CASE_6_with_r_theta_phi.csv
8.941254231,0.9568,-2.417547054,0.00337540824,1853.524245,0.4397046415,326.7816027,19.10296912,0.8513368717,0.03630094683,0.04311635208,322.306919478862,131.075161937948,0.295122157143474,826.192527353848,807.334548365193,0.0006691167543644,0.0431247273958782,0.0363014692434201,332.239680072915,113.51081446063978,7.453357986610214,48.45392707899548,72.51024536825452,0.9205738033607016,9.311607123460456,6.107954795124442,105.04794629417428,ICV_113_CASE_6_with_r_theta_phi.csv,0.5271593990676648,0.10640212157294549,0.9943231811261247,0.9657089029766264,-0.2596272611103865,0.00337540824,0.0032205877,0.0001548205040043495,4.586719381786018,ICV_113_CASE_6_with_r_theta_phi.csv
9.825746321,0.9568,-2.417547054,0.00337541569,1918.623593,0.4393825482,326.9950081,18.43306435,1.10923858,0.03630095258,0.04311633999,322.306919478862,131.075161937948,0.295122157143474,826.192527353848,807.334548365193,0.0006691167543644,0.0431247273958782,0.0363014692434201,332.239680072915,113.51081446063978,7.453357986610214,48.45392707899548,72.51024536825452,0.9205738033607016,10.16392103289617,5.5617461604794585,103.76001943737695,ICV_113_CASE_6_with_r_theta_phi.csv,0.5754115731937751,0.09691840906030952,0.9952923299137889,0.9713004903134106,-0.23785574938800222,0.00337541569,0.0032205877,0.00015482795400434965,4.586929971830532,ICV_113_CASE_6_with_r_theta_phi.csv
10.70826489,0.9568,-2.417547054,0.003375414992,2004.508028,0.4389270319,327.3820956,18.55935781,1.443708993,0.036300979,0.04311652972,322.306919478862,131.075161937948,0.295122157143474,826.192527353848,807.334548365193,0.0006691167543644,0.0431247273958782,0.0363014692434201,332.239680072915,113.51081446063978,7.453357986610214,48.45392707899548,72.51024536825452,0.9205738033607016,11.019389137003502,5.105907156987541,102.67322473017816,ICV_113_CASE_6_with_r_theta_phi.csv,0.6238423162119775,0.08899698756913584,0.9960318951738539,0.97563717520552,-0.21939029686153758,0.003375414992,0.0032205877,0.00015482725600434984,4.586910241420197,ICV_113_CASE_6_with_r_theta_phi.csv
11.50279416,0.9568,-2.417547054,0.003375418019,2057.481758,0.4386900176,327.6526394,17.34905614,1.653592541,0.0363010041,0.04311672372,322.306919478862,131.075161937948,0.295122157143474,826.192527353848,807.334548365193,0.0006691167543644,0.0431247273958782,0.0363014692434201,332.239680072915,113.51081446063978,7.453357986610214,48.45392707899548,72.51024536825452,0.9205738033607016,11.792975599297838,4.75490485335331,101.82943479680996,ICV_113_CASE_6_with_r_theta_phi.csv,0.667637481663332,0.08289351903597388,0.9965584099799834,0.9787622029945952,-0.204998902409664,0.003375418019,0.0032205877,0.0001548302830043499,4.586995805762449,ICV_113_CASE_6_with_r_theta_phi.csv
12.19991139,0.9568,-2.417547054,0.003375416622,2100.656863,0.4385710982,327.8583966,16.71530661,1.69162768,0.03630103157,0.04311693479,322.306919478862,131.075161937948,0.295122157143474,826.192527353848,807.334548365193,0.0006691167543644,0.0431247273958782,0.0363014692434201,332.239680072915,113.51081446063978,7.453357986610214,48.45392707899548,72.51024536825452,0.9205738033607016,12.47388623974725,4.484345573967232,101.1751366526895,ICV_113_CASE_6_with_r_theta_phi.csv,0.7061859770281897,0.07818671377598492,0.9969387332172986,0.9810393504517573,-0.19380865012995208,0.003375416622,0.0032205877,0.00015482888600434983,4.58695631672102,ICV_113_CASE_6_with_r_theta_phi.csv
12.8012041,0.9568,-2.417547054,0.003375414992,2134.244143,0.4390184388,327.5387846,16.50061529,1.738344647,0.03630105706,0.04311712838,322.306919478862,131.075161937948,0.295122157143474,826.192527353848,807.334548365193,0.0006691167543644,0.0431247273958782,0.0363014692434201,332.239680072915,113.51081446063978,7.453357986610214,48.45392707899548,72.51024536825452,0.9205738033607016,13.062573498670194,4.274508626365048,100.6654660980758,ICV_113_CASE_6_with_r_theta_phi.csv,0.739513416377594,0.07453506337714483,0.9972183934963118,0.9827245249465189,-0.18507433119868064,0.003375414992,0.0032205877,0.00015482725600434984,4.586910241420197,ICV_113_CASE_6_with_r_theta_phi.csv
13.310385,0.9568,-2.417547054,0.00337541406,2166.321181,0.4392042541,327.3017996,17.48375484,1.893707519,0.03630107509,0.04311727038,322.306919478862,131.075161937948,0.295122157143474,826.192527353848,807.334548365193,0.0006691167543644,0.0431247273958782,0.0363014692434201,332.239680072915,113.51081446063978,7.453357986610214,48.45392707899548,72.51024536825452,0.9205738033607016,13.561944876990507,4.111561704629821,100.26840360702624,ICV_113_CASE_6_with_r_theta_phi.csv,0.7677844024938014,0.071698716264663,0.9974263351676651,0.9839834907885263,-0.17825961364152607,0.00337541406,0.0032205877,0.00015482632400434966,4.586883896504265,ICV_113_CASE_6_with_r_theta_phi.csv
13.77089727,0.9568,-2.417547054,0.00337541406,2199.038047,0.4388570655,327.3282093,18.29581869,2.052255821,0.03630108937,0.04311738518,322.306919478862,131.075161937948,0.295122157143474,826.192527353848,807.334548365193,0.0006691167543644,0.0431247273958782,0.0363014692434201,332.239680072915,113.51081446063978,7.453357986610214,48.45392707899548,72.51024536825452,0.9205738033607016,14.01419322041756,3.974515299338634,99.9336160293496,ICV_113_CASE_6_with_r_theta_phi.csv,0.7933876052266239,0.06931275841382377,0.997594978696799,0.9850082840188288,-0.1725070445352373,0.00337541406,0.0032205877,0.00015482632400434966,4.586883896504265,ICV_113_CASE_6_with_r_theta_phi.csv
14.20123174,0.9568,-2.417547054,0.003375414992,2251.385988,0.4384694005,327.4177899,18.52269637,2.208943661,0.03630110158,0.04311748432,322.306919478862,131.075161937948,0.295122157143474,826.192527353848,807.334548365193,0.0006691167543644,0.0431247273958782,0.0363014692434201,332.239680072915,113.51081446063978,7.453357986610214,48.45392707899548,72.51024536825452,0.9205738033607016,14.437277545697023,3.854445776720752,99.63968998383768,ICV_113_CASE_6_with_r_theta_phi.csv,0.8173397410622674,0.06722203923004724,0.9977380404904657,0.9858802763126302,-0.16745172670871997,0.003375414992,0.0032205877,0.00015482725600434984,4.586910241420197,ICV_113_CASE_6_with_r_theta_phi.csv
14.62880953,0.9568,-2.417547054,0.003375413362,2281.750056,0.4379539253,327.5080559,17.46585986,2.15124956,0.03630111288,0.04311757865,322.306919478862,131.075161937948,0.295122157143474,826.192527353848,807.334548365193,0.0006691167543644,0.0431247273958782,0.0363014692434201,332.239680072915,113.51081446063978,7.453357986610214,48.45392707899548,72.51024536825452,0.9205738033607016,14.858064081949667,3.742111108498421,99.36419603692492,ICV_113_CASE_6_with_r_theta_phi.csv,0.8411617918259676,0.06526573627831066,0.9978679189492214,0.9866740308844487,-0.16270942436820937,0.003375413362,0.0032205877,0.00015482562600434985,4.586864166074875,ICV_113_CASE_6_with_r_theta_phi.csv
15.08,0.9568,-2.417547054,0.003375410568,2297.327709,0.4377523447,327.2880811,16.19097929,1.911502115,0.03630112294,0.04311766857,322.306919478862,131.075161937948,0.295122157143474,826.192527353848,807.334548365193,0.0006691167543644,0.0431247273958782,0.0363014692434201,332.239680072915,113.51081446063978,7.453357986610214,48.45392707899548,72.51024536825452,0.9205738033607016,15.302496528289234,3.6304519593369946,99.08988999965408,ICV_113_CASE_6_with_r_theta_phi.csv,0.8663225120144575,0.0633209488218752,0.9979932151273863,0.9874416988116798,-0.15798383286875847,0.003375410568,0.0032205877,0.00015482283200434974,4.586785187741401,ICV_113_CASE_6_with_r_theta_phi.csv
14.59638346,-0.9711728862,-2.411809119,0.003375414526,2412.59095,0.4267116231,327.2175563,19.41890627,2.582961492,0.03630111361,0.04311754165,322.306919478862,131.075161937948,0.295122157143474,826.192527353848,807.334548365193,0.0006691167543644,0.0431247273958782,0.0363014692434201,332.239680072915,113.51081446063978,7.453357986610214,48.45392707899548,72.51024536825452,0.9205738033607016,14.826139420386657,356.1934259756303,99.36206734684735,ICV_113_CASE_6_with_r_theta_phi.csv,0.8393544362124996,-0.06638838607791653,0.9977938575647625,0.9866800752898788,-0.16267276670038888,0.003375414526,0.0036389534,-0.0002635389101660482,7.80760134964153,ICV_113_CASE_6_with_r_theta_phi.csv
16.05892671,-0.01309670644,-2.408636747,0.00337541406,2440.615724,0.4381126185,326.6001814,15.10098136,1.697248708,0.03630115121,0.04311790293,322.306919478862,131.075161937948,0.295122157143474,826.192527353848,807.334548365193,0.0006691167543644,0.0431247273958782,0.0363014692434201,332.239680072915,113.51081446063978,7.453357986610214,48.45392707899548,72.51024536825452,0.9205738033607016,16.238559960164874,359.9532729769727,98.53005706230886,ICV_113_CASE_6_with_r_theta_phi.csv,0.9193160103111723,-0.0008155403110778886,0.9999996674469452,0.9889381872432894,-0.1483282232481624,0.00337541406,0.0038689277,-0.000493513653483572,14.620833016775538,ICV_113_CASE_6_with_r_theta_phi.csv
15.93708765,0.5115130533,-2.400782195,0.003375412896,2419.932962,0.4373698344,326.9671717,15.25636663,1.723617477,0.03630115032,0.04311790186,322.306919478862,131.075161937948,0.295122157143474,826.192527353848,807.334548365193,0.0006691167543644,0.0431247273958782,0.0363014692434201,332.239680072915,113.51081446063978,7.453357986610214,48.45392707899548,72.51024536825452,0.9205738033607016,16.125016698140435,1.838320926199856,98.5623488546404,ICV_113_CASE_6_with_r_theta_phi.csv,0.912887968730017,0.032079248312001804,0.9994853284704768,0.9888544326787276,-0.14888556334188927,0.003375412896,0.0038560233,-0.0004806104118897001,14.238566556312476,ICV_113_CASE_6_with_r_theta_phi.csv
10.81334299,-1.009129334,-2.3961757,0.003375423606,2074.270222,0.4238660383,327.093841,22.52105355,1.492835277,0.03630108786,0.04311745663,322.306919478862,131.075161937948,0.295122157143474,826.192527353848,807.334548365193,0.0006691167543644,0.0431247273958782,0.0363014692434201,332.239680072915,113.51081446063978,7.453357986610214,48.45392707899548,72.51024536825452,0.9205738033607016,11.121528070251497,354.6684505123712,102.4421532436226,ICV_113_CASE_6_with_r_theta_phi.csv,0.6296247228318581,-0.092918861688978,0.9956736840664338,0.9765140304765599,-0.21545381937302538,0.003375423606,0.0034204694,-4.504574511284259e-05,1.3345212440721839,ICV_113_CASE_6_with_r_theta_phi.csv
-0.4405481691,0.9568,-2.377067746,0.003375426866,3523.061237,0.4331901209,326.8204917,252.7644987,8.332400912,0.03630143481,0.04312250038,322.306919478862,131.075161937948,0.295122157143474,826.192527353848,807.334548365193,0.0006691167543644,0.0431247273958782,0.0363014692434201,332.239680072915,113.51081446063978,7.453357986610214,48.45392707899548,72.51024536825452,0.9205738033607016,2.599999999686708,114.72319340881018,156.10040592013684,ICV_113_CASE_6_with_r_theta_phi.csv,0.14719418670033135,0.9083389499404229,-0.41823480488970544,0.4051351096069134,-0.9142568254947809,0.003375426866,0.0032828255,9.260140347987743e-05,2.7433983057135345,ICV_113_CASE_6_with_r_theta_phi.csv
13.99979054,-1.065954994,-2.371442588,0.003375414293,2348.258769,0.42160828,327.3667941,21.41087199,2.73996294,0.03630110177,0.04311743636,322.306919478862,131.075161937948,0.295122157143474,826.192527353848,807.334548365193,0.0006691167543644,0.0431247273958782,0.0363014692434201,332.239680072915,113.51081446063978,7.453357986610214,48.45392707899548,72.51024536825452,0.9205738033607016,14.239176070309936,355.6458558618171,99.5869127712055,ICV_113_CASE_6_with_r_theta_phi.csv,0.8061245927710168,-0.07592102665907545,0.9971138338780743,0.9860341038707752,-0.16654352585362625,0.003375414293,0.0036389534,-0.00026353914316604816,7.807608791445385,ICV_113_CASE_6_with_r_theta_phi.csv
15.55591108,0.9568,-2.370241001,0.003375410801,2364.312566,0.4372754242,327.2168516,15.69635175,1.728593461,0.03630113671,0.04311779104,322.306919478862,131.075161937948,0.295122157143474,826.192527353848,807.334548365193,0.0006691167543644,0.0431247273958782,0.0363014692434201,332.239680072915,113.51081446063978,7.453357986610214,48.45392707899548,72.51024536825452,0.9205738033607016,15.764513255146454,3.5196670174164524,98.6473808090966,ICV_113_CASE_6_with_r_theta_phi.csv,0.8924787336913391,0.061391149901327866,0.9981137844523502,0.9886323845616157,-0.15035294541848354,0.003375410801,0.0032773854,9.80254264688501e-05,2.9041035956502848,ICV_113_CASE_6_with_r_theta_phi.csv
15.55916369,-0.9585008001,-2.368898136,0.003375415457,2441.809821,0.4386410938,326.7194975,15.04092646,1.837967504,0.03630113408,0.043117728,322.306919478862,131.075161937948,0.295122157143474,826.192527353848,807.334548365193,0.0006691167543644,0.0431247273958782,0.0363014692434201,332.239680072915,113.51081446063978,7.453357986610214,48.45392707899548,72.51024536825452,0.9205738033607016,15.76762432628172,356.47482744477617,98.64072584213396,ICV_113_CASE_6_with_r_theta_phi.csv,0.8926548612242535,-0.061487058133589526,0.9981078807834736,0.9886498415504796,-0.15023811368028908,0.003375415457,0.003911402,-0.0005359866194827728,15.879130321941329,ICV_113_CASE_6_with_r_theta_phi.csv
-0.5628528086,-0.922148202,-2.364918478,0.003375434084,7351.88495,0.4350205596,333.5355642,389.1188182,29.20629064,0.03630144679,0.04312303807,322.306919478862,131.075161937948,0.295122157143474,826.192527353848,807.334548365193,0.0006691167543644,0.0431247273958782,0.0363014692434201,332.239680072915,113.51081446063978,7.453357986610214,48.45392707899548,72.51024536825452,0.9205738033607016,2.599999999651265,238.6013063262788,155.44793072474351,ICV_113_CASE_6_with_r_theta_phi.csv,0.1471941866983248,-0.8535626759140036,-0.5209901710075975,0.41552002616843664,-0.9095840301220013,0.003375434084,0.00357722,-0.00020178593681572992,5.978073685765069,ICV_113_CASE_6_with_r_theta_phi.csv
14.58866814,0.9568,-2.363502597,0.001683535986,2234.244735,0.4375485455,327.5487557,23.11828974,2.12681976,0.036301092,0.04311746004,322.306919478862,131.075161937948,0.295122157143474,826.192527353848,807.334548365193,0.0006691167543644,0.0431247273958782,0.0363014692434201,332.239680072915,113.51081446063978,7.453357986610214,48.45392707899548,72.51024536825452,0.9205738033607016,14.80982271551813,3.752378322203697,99.18311088177056,ICV_113_CASE_6_with_r_theta_phi.csv,0.8384306961728683,0.06544454985177318,0.9978562075242599,0.9871833504792286,-0.1595902018815834,0.001683535986,0.0017318538,-4.831782972693579e-05,2.8700206054422637,ICV_113_CASE_6_with_r_theta_phi.csv
14.1656879,0.9568,-2.362873576,0.001677673892,2200.067499,0.4381477558,327.3353387,23.91929519,2.142154841,0.0363010796,0.04311735913,322.306919478862,131.075161937948,0.295122157143474,826.192527353848,807.334548365193,0.0006691167543644,0.0431247273958782,0.0363014692434201,332.239680072915,113.51081446063978,7.453357986610214,48.45392707899548,72.51024536825452,0.9205738033607016,14.393239783188683,3.86408789809434,99.44876079517805,ICV_113_CASE_6_with_r_theta_phi.csv,0.8148466246633064,0.06738994438437396,0.9977267137828228,0.9864328080124324,-0.16416551183701095,0.001677673892,0.0017318538,-5.417992372693577e-05,3.229466939492738,ICV_113_CASE_6_with_r_theta_phi.csv
15.03110036,0.9568,-2.36117938,0.001695365994,2250.510754,0.4370830521,327.5888049,22.99258174,1.960391366,0.03630110359,0.04311755887,322.306919478862,131.075161937948,0.295122157143474,826.192527353848,807.334548365193,0.0006691167543644,0.0431247273958782,0.0363014692434201,332.239680072915,113.51081446063978,7.453357986610214,48.45392707899548,72.51024536825452,0.9205738033607016,15.245478422697312,3.642230916743017,98.90968334044813,ICV_113_CASE_6_with_r_theta_phi.csv,0.8630945375218392,0.06352611651350235,0.9979801764167027,0.9879337046495466,-0.1548773554055677,0.001695365994,0.0017318538,-3.648782172693582e-05,2.1522091297422667,ICV_113_CASE_6_with_r_theta_phi.csv
0.9014681731,0.9568,-2.360705436,0.00167460402,1655.138143,0.433163754,326.0636041,438.5661688,7.318345996,0.0363014019,0.04312150793,322.306919478862,131.075161937948,0.295122157143474,826.192527353848,807.334548365193,0.0006691167543644,0.0431247273958782,0.0363014692434201,332.239680072915,113.51081446063978,7.453357986610214,48.45392707899548,72.51024536825452,0.9205738033607016,2.7020439046529576,46.70553624215347,150.88842725359098,ICV_113_CASE_6_with_r_theta_phi.csv,0.15297121346996323,0.7278390219063922,0.6857480282074068,0.48651185722459067,-0.8736739739627589,0.00167460402,0.0017403992,-6.579514601032016e-05,3.9289972545885914,ICV_113_CASE_6_with_r_theta_phi.csv
0.4767410966,0.9568,-2.360373971,0.001678701723,2245.142692,0.433270418,326.2129222,533.1003548,9.194241807,0.03630140846,0.04312165501,322.306919478862,131.075161937948,0.295122157143474,826.192527353848,807.334548365193,0.0006691167543644,0.0431247273958782,0.0363014692434201,332.239680072915,113.51081446063978,7.453357986610214,48.45392707899548,72.51024536825452,0.9205738033607016,2.5911606658333017,63.514475634000576,155.63461666960131,ICV_113_CASE_6_with_r_theta_phi.csv,0.1466937641781461,0.8950470637893265,0.4459716959652318,0.41255414228699383,-0.9109330818901259,0.001678701723,0.0017403992,-6.169744301032015e-05,3.6753070618947046,ICV_113_CASE_6_with_r_theta_phi.csv
13.73808081,0.9568,-2.360321649,0.001671935548,2160.690227,0.4383153998,327.3761434,23.35602676,2.001751593,0.03630106589,0.04311725015,322.306919478862,131.075161937948,0.295122157143474,826.192527353848,807.334548365193,0.0006691167543644,0.0431247273958782,0.0363014692434201,332.239680072915,113.51081446063978,7.453357986610214,48.45392707899548,72.51024536825452,0.9205738033607016,13.972166935333558,3.983978776660479,99.72562734573016,ICV_113_CASE_6_with_r_theta_phi.csv,0.7910083648982695,0.06947752907100285,0.9975835167815214,0.9856280082982636,-0.16893024968311024,0.001671935548,0.0017318538,-5.991826772693584e-05,3.583766596910599,ICV_113_CASE_6_with_r_theta_phi.csv
0.04836471128,0.9568,-2.359473879,0.001690474572,2428.357069,0.4337350634,325.6399454,424.5982182,7.428674941,0.03630142101,0.04312203277,322.306919478862,131.075161937948,0.295122157143474,826.192527353848,807.334548365193,0.0006691167543644,0.0431247273958782,0.0363014692434201,332.239680072915,113.51081446063978,7.453357986610214,48.45392707899548,72.51024536825452,0.9205738033607016,2.546551073703511,87.10625285638338,157.90127977511247,ICV_113_CASE_6_with_r_theta_phi.csv,0.1441682747037733,0.9987248725926691,0.050483946604409205,0.3762035678338821,-0.9265370340947293,0.001690474572,0.0017403992,-4.992459401032012e-05,2.95328866862052,ICV_113_CASE_6_with_r_theta_phi.csv
1.340700678,0.9568,-2.358531515,0.001670226804,1630.616333,0.4333747029,325.8266553,437.1124494,6.777756493,0.03630139672,0.0431214149,322.306919478862,131.075161937948,0.295122157143474,826.192527353848,807.334548365193,0.0006691167543644,0.0431247273958782,0.0363014692434201,332.239680072915,113.51081446063978,7.453357986610214,48.45392707899548,72.51024536825452,0.9205738033607016,2.8767369457838607,35.51380584715497,145.07112822784143,ICV_113_CASE_6_with_r_theta_phi.csv,0.16286113659095142,0.5808991060820486,0.8139755699976976,0.5725590814567327,-0.819863463170193,0.001670226804,0.0017403992,-7.017236201032023e-05,4.201367251456621,ICV_113_CASE_6_with_r_theta_phi.csv
13.27954293,0.9568,-2.356530828,0.001670996891,2127.245361,0.4385683472,327.342327,22.29368167,1.838602413,0.03630104865,0.04311711573,322.306919478862,131.075161937948,0.295122157143474,826.192527353848,807.334548365193,0.0006691167543644,0.0431247273958782,0.0363014692434201,332.239680072915,113.51081446063978,7.453357986610214,48.45392707899548,72.51024536825452,0.9205738033607016,13.520908409312865,4.121078046711318,100.03722137165148,ICV_113_CASE_6_with_r_theta_phi.csv,0.7654611988454965,0.07186437931315744,0.9974144128625446,0.9846947371942409,-0.17428790704453564,0.001670996891,0.0017318538,-6.085692472693584e-05,3.641953196818743,ICV_113_CASE_6_with_r_theta_phi.csv
1.817539768,0.9568,-2.354598518,0.001669175108,1794.032655,0.4333716216,325.666153,417.1010926,5.549539894,0.03630139424,0.04312139381,322.306919478862,131.075161937948,0.295122157143474,826.192527353848,807.334548365193,0.0006691167543644,0.0431247273958782,0.0363014692434201,332.239680072915,113.51081446063978,7.453357986610214,48.45392707899548,72.51024536825452,0.9205738033607016,3.124588169539994,27.76348052589651,138.90064875509177,ICV_113_CASE_6_with_r_theta_phi.csv,0.1768927747862829,0.46582272693933763,0.8848780633888487,0.6573667132196838,-0.753570835655647,0.001669175108,0.0017403992,-7.122405801032023e-05,4.2670213344476755,ICV_113_CASE_6_with_r_theta_phi.csv
12.77212028,0.9568,-2.351857523,0.001667969394,2091.049554,0.4385610409,327.3621575,22.29401057,1.7080443,0.03630102566,0.04311693908,322.306919478862,131.075161937948,0.295122157143474,826.192527353848,807.334548365193,0.0006691167543644,0.0431247273958782,0.0363014692434201,332.239680072915,113.51081446063978,7.453357986610214,48.45392707899548,72.51024536825452,0.9205738033607016,13.022048859349244,4.284206052672857,100.40504779228928,ICV_113_CASE_6_with_r_theta_phi.csv,0.7372191889441747,0.07470384353429077,0.9972057640031992,0.9835555631521272,-0.18060579778208058,0.001667969394,0.0017318538,-6.388442172693587e-05,3.8300715779581718,ICV_113_CASE_6_with_r_theta_phi.csv
2.350504999,0.9568,-2.349107893,0.001664533396,2014.438692,0.4334395331,325.6021362,410.4377697,5.392026997,0.03630139316,0.04312140716,322.306919478862,131.075161937948,0.295122157143474,826.192527353848,807.334548365193,0.0006691167543644,0.0431247273958782,0.0363014692434201,332.239680072915,113.51081446063978,7.453357986610214,48.45392707899548,72.51024536825452,0.9205738033607016,3.4581278003102907,22.14934413563651,132.78900465218828,ICV_113_CASE_6_with_r_theta_phi.csv,0.19577550351300538,0.3770220663135196,0.9262042763411774,0.7338602391895936,-0.6793004853057243,0.001664533396,0.0017403992,-7.586577001032009e-05,4.557779984892672,ICV_113_CASE_6_with_r_theta_phi.csv
12.17293728,0.9568,-2.346496637,0.001673047082,2045.669089,0.438446125,327.3595213,27.38104731,1.735805851,0.03630099628,0.04311671393,322.306919478862,131.075161937948,0.295122157143474,826.192527353848,807.334548365193,0.0006691167543644,0.0431247273958782,0.0363014692434201,332.239680072915,113.51081446063978,7.453357986610214,48.45392707899548,72.51024536825452,0.9205738033607016,12.43390183049014,4.49424180702556,100.87795672236922,ICV_113_CASE_6_with_r_theta_phi.csv,0.7039223337197271,0.0783589057116122,0.9969252137927291,0.9820313902907032,-0.18871764221637743,0.001673047082,0.0017554398,-8.239271075971642e-05,4.924709626938599,ICV_113_CASE_6_with_r_theta_phi.csv
2.992487989,0.9568,-2.342140518,0.001669951016,2256.910698,0.4335646667,325.7903072,426.8442702,7.091520738,0.03630139268,0.04312142502,322.306919478862,131.075161937948,0.295122157143474,826.192527353848,807.334548365193,0.0006691167543644,0.0431247273958782,0.0363014692434201,332.239680072915,113.51081446063978,7.453357986610214,48.45392707899548,72.51024536825452,0.9205738033607016,3.918682535032224,17.730842873355527,126.70432738073008,ICV_113_CASE_6_with_r_theta_phi.csv,0.2218489572116786,0.3045458437572193,0.9524976792886182,0.8017305050975861,-0.5976857010134753,0.001669951016,0.0017403992,-7.044815001032022e-05,4.218575832055092,ICV_113_CASE_6_with_r_theta_phi.csv
11.47877057,0.9568,-2.340881993,0.001676730113,1986.495054,0.4386332349,327.1119767,34.05726377,1.712216014,0.03630097031,0.04311650548,322.306919478862,131.075161937948,0.295122157143474,826.192527353848,807.334548365193,0.0006691167543644,0.0431247273958782,0.0363014692434201,332.239680072915,113.51081446063978,7.453357986610214,48.45392707899548,72.51024536825452,0.9205738033607016,11.754036266059831,4.764810486725196,101.48758441471944,ICV_113_CASE_6_with_r_theta_phi.csv,0.6654330033989813,0.08306580871067987,0.9965440639646802,0.9799678832181777,-0.19915558706921552,0.001676730113,0.0017554398,-7.870967975971655e-05,4.6942366635228545,ICV_113_CASE_6_with_r_theta_phi.csv
12.1971663,-1.133512368,-2.339903782,0.003375415225,2262.83656,0.4212835009,327.3736775,20.75523485,2.458254337,0.03630106412,0.04311711749,322.306919478862,131.075161937948,0.295122157143474,826.192527353848,807.334548365193,0.0006691167543644,0.0431247273958782,0.0363014692434201,332.239680072915,113.51081446063978,7.453357986610214,48.45392707899548,72.51024536825452,0.9205738033607016,12.471201455645025,354.6906133630595,100.81418903380676,ICV_113_CASE_6_with_r_theta_phi.csv,0.7060339829464818,-0.09253371351359135,0.9957095519594982,0.9822408164955383,-0.18762456771483377,0.003375415225,0.0034204694,-4.505412611284249e-05,1.3347728530049148,ICV_113_CASE_6_with_r_theta_phi.csv
10.68819267,0.9568,-2.335387214,0.001679859823,1922.023562,0.4386477875,326.9092027,45.19869959,1.370885558,0.03630096268,0.04311643785,322.306919478862,131.075161937948,0.295122157143474,826.192527353848,807.334548365193,0.0006691167543644,0.0431247273958782,0.0363014692434201,332.239680072915,113.51081446063978,7.453357986610214,48.45392707899548,72.51024536825452,0.9205738033607016,10.982120115458418,5.115445124860855,102.27790459992808,ICV_113_CASE_6_with_r_theta_phi.csv,0.6217323995519364,0.0891627947123531,0.9960170661384687,0.9771276542834403,-0.2126535850498214,0.001679859823,0.0017554398,-7.557996975971642e-05,4.499183127062893,ICV_113_CASE_6_with_r_theta_phi.csv
3.750766562,0.9568,-2.334482667,0.001676025568,2183.547373,0.4335226885,325.9339741,355.7588654,7.310150518,0.0363013894,0.04312131427,322.306919478862,131.075161937948,0.295122157143474,826.192527353848,807.334548365193,0.0006691167543644,0.0431247273958782,0.0363014692434201,332.239680072915,113.51081446063978,7.453357986610214,48.45392707899548,72.51024536825452,0.9205738033607016,4.520345713011421,14.310636740582936,121.09368608041656,ICV_113_CASE_6_with_r_theta_phi.csv,0.2559110041966232,0.2471789025001993,0.9689698602943215,0.8563240006948919,-0.5164389662234007,0.001676025568,0.0017403992,-6.437359801032025e-05,3.8408482066731677,ICV_113_CASE_6_with_r_theta_phi.csv
13.47957908,-1.149003335,-2.332336026,0.003375414992,2314.385915,0.4215846474,327.3478877,21.9154224,2.742384271,0.03630109137,0.0431173455,322.306919478862,131.075161937948,0.295122157143474,826.192527353848,807.334548365193,0.0006691167543644,0.0431247273958782,0.0363014692434201,332.239680072915,113.51081446063978,7.453357986610214,48.45392707899548,72.51024536825452,0.9205738033607016,13.728038904956245,355.12786806925493,99.78176017151787,ICV_113_CASE_6_with_r_theta_phi.csv,0.7771875084034725,-0.08493230109785183,0.9963867242342321,0.985462033903761,-0.16989579080796133,0.003375414992,0.0036389534,-0.0002635384441660479,7.807586466036886,ICV_113_CASE_6_with_r_theta_phi.csv
9.81071064,0.9568,-2.329136993,0.00168400479,1850.56978,0.4390074822,326.7296962,44.53523621,0.8223396754,0.03630096798,0.04311649344,322.306919478862,131.075161937948,0.295122157143474,826.192527353848,807.334548365193,0.0006691167543644,0.0431247273958782,0.0363014692434201,332.239680072915,113.51081446063978,7.453357986610214,48.45392707899548,72.51024536825452,0.9205738033607016,10.128691358412018,5.570216404991697,103.2943862221092,ICV_113_CASE_6_with_r_theta_phi.csv,0.5734171103922224,0.09706554570381913,0.9952779912352225,0.9732014081278181,-0.22995438508111127,0.00168400479,0.0017554398,-7.143500275971662e-05,4.241971468341068,ICV_113_CASE_6_with_r_theta_phi.csv
4.597592692,0.9568,-2.32737313,0.001680026995,2000.615725,0.4333769953,325.9124736,241.0013978,5.829984476,0.03630138281,0.04312107848,322.306919478862,131.075161937948,0.295122157143474,826.192527353848,807.334548365193,0.0006691167543644,0.0431247273958782,0.0363014692434201,332.239680072915,113.51081446063978,7.453357986610214,48.45392707899548,72.51024536825452,0.9205738033607016,5.241182165101477,11.7559647050507,116.36289357988728,ICV_113_CASE_6_with_r_theta_phi.csv,0.29671982547436676,0.20374367233381846,0.9790242673110455,0.895999531105401,-0.44405499688541,0.001680026995,0.0017403992,-6.0372171010320214e-05,3.5935238632510766,ICV_113_CASE_6_with_r_theta_phi.csv
8.93179067,0.9568,-2.323743533,0.001685162657,1804.067598,0.4396127767,326.5660728,37.92600991,0.5007764823,0.03630098824,0.04311673573,322.306919478862,131.075161937948,0.295122157143474,826.192527353848,807.334548365193,0.0006691167543644,0.0431247273958782,0.0363014692434201,332.239680072915,113.51081446063978,7.453357986610214,48.45392707899548,72.51024536825452,0.9205738033607016,9.278584742290086,6.114377401745855,104.50364484691846,ICV_113_CASE_6_with_r_theta_phi.csv,0.525289898090793,0.10651358018972187,0.9943112476660252,0.9681317106004987,-0.25044159185277537,0.001685162657,0.0017554398,-7.02771357597165e-05,4.170347320841031,ICV_113_CASE_6_with_r_theta_phi.csv
7.753909893,-1.1670991,-2.323333745,0.003375422908,2395.790203,0.4333548705,326.2965282,156.3166104,6.760399847,0.03630135385,0.0431204869,322.306919478862,131.075161937948,0.295122157143474,826.192527353848,807.334548365193,0.0006691167543644,0.0431247273958782,0.0363014692434201,332.239680072915,113.51081446063978,7.453357986610214,48.45392707899548,72.51024536825452,0.9205738033607016,8.178209989272704,351.440238718876,106.50435940362875,ICV_113_CASE_6_with_r_theta_phi.csv,0.4629942185309898,-0.1488409048650913,0.9888611555920988,0.9587981225164841,-0.28408829658904494,0.003375422908,0.0038837544,-0.0005083314608714503,15.059785827609023,ICV_113_CASE_6_with_r_theta_phi.csv
5.495229392,0.9568,-2.321866539,0.001683530048,1883.174581,0.4333243905,325.7724032,196.3208901,4.675367466,0.03630137395,0.04312079366,322.306919478862,131.075161937948,0.295122157143474,826.192527353848,807.334548365193,0.0006691167543644,0.0431247273958782,0.0363014692434201,332.239680072915,113.51081446063978,7.453357986610214,48.45392707899548,72.51024536825452,0.9205738033607016,6.0418603538668885,9.877019230646397,112.6000807870326,ICV_113_CASE_6_with_r_theta_phi.csv,0.34204873886598997,0.17153396887245517,0.9851782059723325,0.923209675255769,-0.38429662438556167,0.001683530048,0.0017403992,-5.686911801032024e-05,3.3779686940604314,ICV_113_CASE_6_with_r_theta_phi.csv
-0.3867354791,0.9568,-2.320674986,0.001716472791,2972.91762,0.4336252167,325.7729166,372.9632006,7.161189987,0.03630143009,0.04312231674,322.306919478862,131.075161937948,0.295122157143474,826.192527353848,807.334548365193,0.0006691167543644,0.0431247273958782,0.0363014692434201,332.239680072915,113.51081446063978,7.453357986610214,48.45392707899548,72.51024536825452,0.9205738033607016,2.5397958503471902,112.00840022545948,156.02530540512055,ICV_113_CASE_6_with_r_theta_phi.csv,0.14378584023914542,0.9271289229329938,-0.37474252529050794,0.40633312452202835,-0.9137250089146984,0.001716472791,0.0017403992,-2.3926375010320175e-05,1.3939268435733045,ICV_113_CASE_6_with_r_theta_phi.csv
8.07096381,0.9568,-2.320108349,0.001685414347,1839.358001,0.4359306398,326.3816512,49.31772657,1.13287758,0.03630116709,0.04311848607,322.306919478862,131.075161937948,0.295122157143474,826.192527353848,807.334548365193,0.0006691167543644,0.0431247273958782,0.0363014692434201,332.239680072915,113.51081446063978,7.453357986610214,48.45392707899548,72.51024536825452,0.9205738033607016,8.452149183103032,6.760770565128325,105.93217311169592,ICV_113_CASE_6_with_r_theta_phi.csv,0.47850277885639686,0.1177240741997054,0.9930463445146064,0.9615873225087378,-0.2744992189250759,0.001685414347,0.0017554398,-7.00254457597165e-05,4.154791125565789,ICV_113_CASE_6_with_r_theta_phi.csv
8.517902913,-1.175049904,-2.319322686,0.003375423606,2211.552475,0.4330685215,326.1259861,106.5708593,4.675318971,0.03630133609,0.04312019537,322.306919478862,131.075161937948,0.295122157143474,826.192527353848,807.334548365193,0.0006691167543644,0.0431247273958782,0.0363014692434201,332.239680072915,113.51081446063978,7.453357986610214,48.45392707899548,72.51024536825452,0.9205738033607016,8.905878397664015,352.1455860382148,105.09534362623208,ICV_113_CASE_6_with_r_theta_phi.csv,0.504189818366986,-0.13665642707999748,0.9906185042374938,0.9654937986457308,-0.2604260447356159,0.003375423606,0.0038837544,-0.0005083307628714505,15.059762034527077,ICV_113_CASE_6_with_r_theta_phi.csv
6.370494765,0.9568,-2.318440323,0.001683685463,1865.961588,0.433122888,325.7303074,147.7421175,3.337271054,0.03630136673,0.04312058373,322.306919478862,131.075161937948,0.295122157143474,826.192527353848,807.334548365193,0.0006691167543644,0.0431247273958782,0.0363014692434201,332.239680072915,113.51081446063978,7.453357986610214,48.45392707899548,72.51024536825452,0.9205738033607016,6.846446912246144,8.541547335676285,109.79367731745106,ICV_113_CASE_6_with_r_theta_phi.csv,0.3875989173678837,0.14852654499610468,0.988908421155124,0.9409181435063475,-0.33863409045837145,0.001683685463,0.0017403992,-5.6713703010320216e-05,3.3684262424873093,ICV_113_CASE_6_with_r_theta_phi.csv
7.225038574,0.9568,-2.317644186,0.001684271032,1926.355217,0.4325470705,326.0479091,94.00829467,2.466316351,0.03630134545,0.04312027328,322.306919478862,131.075161937948,0.295122157143474,826.192527353848,807.334548365193,0.0006691167543644,0.0431247273958782,0.0363014692434201,332.239680072915,113.51081446063978,7.453357986610214,48.45392707899548,72.51024536825452,0.9205738033607016,7.647752820841397,7.543691813446912,107.64082819381798,ICV_113_CASE_6_with_r_theta_phi.csv,0.4329633679555993,0.13128219633880556,0.9913450382810515,0.9529749611310322,-0.30304904464015003,0.001684271032,0.0016689062,1.53648434300371e-05,0.9122548051348633,ICV_113_CASE_6_with_r_theta_phi.csv
11.32488316,-1.183581338,-2.314980608,0.003375349334,2201.186234,0.4209935142,327.2705969,18.66508704,1.93194281,0.03630103819,0.04311691622,322.306919478862,131.075161937948,0.295122157143474,826.192527353848,807.334548365193,0.0006691167543644,0.0431247273958782,0.0363014692434201,332.239680072915,113.51081446063978,7.453357986610214,48.45392707899548,72.51024536825452,0.9205738033607016,11.619508534646783,354.0335881661033,101.49206558840469,ICV_113_CASE_6_with_r_theta_phi.csv,0.6578169649311465,-0.10394543264867322,0.9945830015797978,0.9799523040165092,-0.19923223095858525,0.003375349334,0.0034204694,-4.512001711284245e-05,1.3367510332924533,ICV_113_CASE_6_with_r_theta_phi.csv
15.08,-1.184773785,-2.314370558,0.003375415457,2430.837455,0.4303833308,326.9932982,16.40884153,2.161982079,0.03630112205,0.04311761632,322.306919478862,131.075161937948,0.295122157143474,826.192527353848,807.334548365193,0.0006691167543644,0.0431247273958782,0.0363014692434201,332.239680072915,113.51081446063978,7.453357986610214,48.45392707899548,72.51024536825452,0.9205738033607016,15.3024965283891,355.50773329140696,98.6988726833082,ICV_113_CASE_6_with_r_theta_phi.csv,0.8663225120201112,-0.07832453968830269,0.9969279143862988,0.9884968627326752,-0.151241371217199,0.003375415457,0.0036389534,-0.00026353797916604804,7.807571614375419,ICV_113_CASE_6_with_r_theta_phi.csv
15.49663541,0.9568,-2.312616561,0.001728656585,2305.41973,0.4371435009,327.1381724,22.79197069,1.776138299,0.03630111904,0.04311768435,322.306919478862,131.075161937948,0.295122157143474,826.192527353848,807.334548365193,0.0006691167543644,0.0431247273958782,0.0363014692434201,332.239680072915,113.51081446063978,7.453357986610214,48.45392707899548,72.51024536825452,0.9205738033607016,15.697431975602804,3.5330959421983152,98.47191000139117,ICV_113_CASE_6_with_r_theta_phi.csv,0.8886810512350181,0.06162508507619291,0.9980993682441403,0.9890882099799926,-0.14732451553822956,0.001728656585,0.0017886517,-5.9995102093079187e-05,3.470620051372031,ICV_113_CASE_6_with_r_theta_phi.csv
4.621211925,-1.188408465,-2.312506285,0.003375425236,3873.710391,0.4342645711,328.3214673,448.7951803,19.5441784,0.03630140701,0.04312178787,322.306919478862,131.075161937948,0.295122157143474,826.192527353848,807.334548365193,0.0006691167543644,0.0431247273958782,0.0363014692434201,332.239680072915,113.51081446063978,7.453357986610214,48.45392707899548,72.51024536825452,0.9205738033607016,5.302414511673938,345.578100830511,115.856790002181,ICV_113_CASE_6_with_r_theta_phi.csv,0.300186381418433,-0.249060073689746,0.9684880379713826,0.8998869401202797,-0.436123256661417,0.003375425236,0.003884503,-0.0005090776833907977,15.081882952420363,ICV_113_CASE_6_with_r_theta_phi.csv
1.613738667e-14,-1.191401655,-2.31096562,0.00337543874,8285.064429,0.4352509752,335.0704815,388.6559136,31.76423728,0.03630145193,0.04312332253,322.306919478862,131.075161937948,0.295122157143474,826.192527353848,807.334548365193,0.0006691167543644,0.0431247273958782,0.0363014692434201,332.239680072915,113.51081446063978,7.453357986610214,48.45392707899548,72.51024536825452,0.9205738033607016,2.6000000000689854,270.0000000000008,152.72695789432646,ICV_113_CASE_6_with_r_theta_phi.csv,0.14719418672197326,-1.0,1.4027157695329901e-14,0.4582314057570729,-0.8888329307456474,0.00337543874,0.0035612409,-0.0001858021137417648,5.504532240058354,ICV_113_CASE_6_with_r_theta_phi.csv
14.54138047,0.9568,-2.298892912,0.0,2146.729923,0.4366502498,327.4614264,29.69829471,2.240249787,0.03630107158,0.04311733969,322.306919478862,131.075161937948,0.295122157143474,826.192527353848,807.334548365193,0.0006691167543644,0.0431247273958782,0.0363014692434201,332.239680072915,113.51081446063978,7.453357986610214,48.45392707899548,72.51024536825452,0.9205738033607016,14.75303768158074,3.764545792735476,98.96464987669498,ICV_113_CASE_6_with_r_theta_phi.csv,0.8352159166004943,0.0656564555359335,0.9978422870606647,0.9877846689197524,-0.1558250552610046,0.0,4.6169727e-05,-4.61697272839956e-05,0.0,ICV_113_CASE_6_with_r_theta_phi.csv
14.1236396,0.9568,-2.297231838,0.0,2118.29566,0.4371405464,327.2048569,29.95544835,2.208757982,0.03630105686,0.04311722433,322.306919478862,131.075161937948,0.295122157143474,826.192527353848,807.334548365193,0.0006691167543644,0.0431247273958782,0.0363014692434201,332.239680072915,113.51081446063978,7.453357986610214,48.45392707899548,72.51024536825452,0.9205738033607016,14.341197157427583,3.875556890584562,99.2175825185605,ICV_113_CASE_6_with_r_theta_phi.csv,0.8119003277503918,0.0675896596662442,0.9977132042356668,0.9870871553999061,-0.16018410546780748,0.0,4.6169727e-05,-4.61697272839956e-05,0.0,ICV_113_CASE_6_with_r_theta_phi.csv
-1.102016988,-0.5213238809,-2.296471199,0.00337542803,6326.063031,0.4347543493,331.8769074,354.0635527,25.1352813,0.03630144216,0.04312277715,322.306919478862,131.075161937948,0.295122157143474,826.192527353848,807.334548365193,0.0006691167543644,0.0431247273958782,0.0363014692434201,332.239680072915,113.51081446063978,7.453357986610214,48.45392707899548,72.51024536825452,0.9205738033607016,2.599999999706486,205.3171166465215,152.03792540990264,ICV_113_CASE_6_with_r_theta_phi.csv,0.14719418670145104,-0.4276279315962609,-0.9039548396456006,0.4688870164203441,-0.8832581535612496,0.00337542803,0.0035739332,-0.00019850512061926834,5.880887365874587,ICV_113_CASE_6_with_r_theta_phi.csv
16.10413144,-0.6650763576,-2.295392827,0.003375415225,2450.451755,0.4382690571,326.5848886,14.71595211,1.663871463,0.03630114771,0.04311786251,322.306919478862,131.075161937948,0.295122157143474,826.192527353848,807.334548365193,0.0006691167543644,0.0431247273958782,0.0363014692434201,332.239680072915,113.51081446063978,7.453357986610214,48.45392707899548,72.51024536825452,0.9205738033607016,16.28048538061682,357.6351145358521,98.10516288979392,ICV_113_CASE_6_with_r_theta_phi.csv,0.9216895403751098,-0.04126331922338883,0.9991483065524701,0.9900109571681155,-0.14099044182876996,0.003375415225,0.0038689277,-0.0004935124884835719,14.620793456229194,ICV_113_CASE_6_with_r_theta_phi.csv
14.97488046,0.9568,-2.294217728,0.0,2171.851578,0.4359968765,327.7888051,30.87942766,2.147745031,0.03630108572,0.0431174524,322.306919478862,131.075161937948,0.295122157143474,826.192527353848,807.334548365193,0.0006691167543644,0.0431247273958782,0.0363014692434201,332.239680072915,113.51081446063978,7.453357986610214,48.45392707899548,72.51024536825452,0.9205738033607016,15.179787416652424,3.655867858022532,98.69278568191676,ICV_113_CASE_6_with_r_theta_phi.csv,0.8593755628258896,0.06376364349990563,0.9979650283289575,0.9885129247677227,-0.15113635422082514,0.0,4.6169727e-05,-4.61697272839956e-05,0.0,ICV_113_CASE_6_with_r_theta_phi.csv
0.946573473,0.9568,-2.293354511,0.0,1586.057993,0.4339602128,325.7865873,746.8109455,12.2533392,0.03630139383,0.04312127732,322.306919478862,131.075161937948,0.295122157143474,826.192527353848,807.334548365193,0.0006691167543644,0.0431247273958782,0.0363014692434201,332.239680072915,113.51081446063978,7.453357986610214,48.45392707899548,72.51024536825452,0.9205738033607016,2.659124384625761,45.30783827053381,149.59248043018272,ICV_113_CASE_6_with_r_theta_phi.csv,0.15054140429891205,0.7108956941688994,0.703297456281564,0.5061469571363167,-0.8624472492747876,0.0,3.112925e-05,-3.1129249691730365e-05,0.0,ICV_113_CASE_6_with_r_theta_phi.csv
0.5271010521,0.9568,-2.292925765,0.0,2077.30776,0.4340810682,325.8767329,978.8810597,14.89470277,0.03630139898,0.04312135486,322.306919478862,131.075161937948,0.295122157143474,826.192527353848,807.334548365193,0.0006691167543644,0.0431247273958782,0.0363014692434201,332.239680072915,113.51081446063978,7.453357986610214,48.45392707899548,72.51024536825452,0.9205738033607016,2.5398445470000253,61.1496342487909,154.52618383858885,ICV_113_CASE_6_with_r_theta_phi.csv,0.1437885971099954,0.8758828568313849,0.4825238036707533,0.43009857563318377,-0.902781931165166,0.0,3.112925e-05,-3.1129249691730365e-05,0.0,ICV_113_CASE_6_with_r_theta_phi.csv
13.6998251,0.9568,-2.2914361,0.0,2090.973196,0.4370147731,327.3575101,29.24277601,2.061889795,0.03630103972,0.04311709217,322.306919478862,131.075161937948,0.295122157143474,826.192527353848,807.334548365193,0.0006691167543644,0.0431247273958782,0.0363014692434201,332.239680072915,113.51081446063978,7.453357986610214,48.45392707899548,72.51024536825452,0.9205738033607016,13.9230511530689,3.995067757832544,99.47275467331366,ICV_113_CASE_6_with_r_theta_phi.csv,0.7882277658115511,0.06967059931641013,0.9975700514705181,0.9863639735707632,-0.1645785880413812,0.0,4.6169727e-05,-4.61697272839956e-05,0.0,ICV_113_CASE_6_with_r_theta_phi.csv
0.1056214401,0.9568,-2.291071303,0.0,2318.043897,0.4342032968,325.6855887,807.6205992,13.11523883,0.03630141212,0.04312172661,322.306919478862,131.075161937948,0.295122157143474,826.192527353848,807.334548365193,0.0006691167543644,0.0431247273958782,0.0363014692434201,332.239680072915,113.51081446063978,7.453357986610214,48.45392707899548,72.51024536825452,0.9205738033607016,2.4850814562180683,83.70060719508456,157.20989513196378,ICV_113_CASE_6_with_r_theta_phi.csv,0.14068828610621928,0.9939621183145894,0.10972377753055328,0.3873563724805794,-0.9219300628023184,0.0,3.050432e-05,-3.0504319511237554e-05,0.0,ICV_113_CASE_6_with_r_theta_phi.csv
1.382653182,0.9568,-2.288410903,0.0,1591.182005,0.4339832025,325.6621446,725.3404707,11.49104298,0.03630138844,0.04312118946,322.306919478862,131.075161937948,0.295122157143474,826.192527353848,807.334548365193,0.0006691167543644,0.0431247273958782,0.0363014692434201,332.239680072915,113.51081446063978,7.453357986610214,48.45392707899548,72.51024536825452,0.9205738033607016,2.8397219093890165,34.68334632162953,143.693140089797,ICV_113_CASE_6_with_r_theta_phi.csv,0.16076559882999802,0.5690405337499355,0.8223094739510111,0.5921096667528333,-0.8058573959068991,0.0,3.112925e-05,-3.1129249691730365e-05,0.0,ICV_113_CASE_6_with_r_theta_phi.csv
13.2447958,0.9568,-2.282972486,0.0,2052.881871,0.4370956457,327.300345,29.10721778,1.89370792,0.03630101705,0.04311691948,322.306919478862,131.075161937948,0.295122157143474,826.192527353848,807.334548365193,0.0006691167543644,0.0431247273958782,0.0363014692434201,332.239680072915,113.51081446063978,7.453357986610214,48.45392707899548,72.51024536825452,0.9205738033607016,13.47412503265168,4.131852115245863,99.75490184193184,ICV_113_CASE_6_with_r_theta_phi.csv,0.7628126445841241,0.0720519348097636,0.9974008816369522,0.9855415670455628,-0.1694338207837393,0.0,4.6169727e-05,-4.61697272839956e-05,0.0,ICV_113_CASE_6_with_r_theta_phi.csv
9.250578582,-1.248733243,-2.28049672,0.0033753959,2046.706493,0.4320803742,326.2655316,59.40463659,2.736918169,0.03630129747,0.04311968693,322.306919478862,131.075161937948,0.295122157143474,826.192527353848,807.334548365193,0.0006691167543644,0.0431247273958782,0.0363014692434201,332.239680072915,113.51081446063978,7.453357986610214,48.45392707899548,72.51024536825452,0.9205738033607016,9.609016812549616,352.3121292877312,103.72893921110771,ICV_113_CASE_6_with_r_theta_phi.csv,0.5439966980321079,-0.13377639523133383,0.9910115418494932,0.971429372796052,-0.23732883025260343,0.0033753959,0.0038837544,-0.0005083584688714503,15.060706470634845,ICV_113_CASE_6_with_r_theta_phi.csv
1.857114138,0.9568,-2.279620671,0.0,1717.241052,0.4340187671,325.4094337,665.0235362,9.731376379,0.0363013863,0.04312117949,322.306919478862,131.075161937948,0.295122157143474,826.192527353848,807.334548365193,0.0006691167543644,0.0431247273958782,0.0363014692434201,332.239680072915,113.51081446063978,7.453357986610214,48.45392707899548,72.51024536825452,0.9205738033607016,3.092088220799978,27.257884437299083,137.49709556561186,ICV_113_CASE_6_with_r_theta_phi.csv,0.17505285035429613,0.4579962478883575,0.8889541253181663,0.6756275807683402,-0.7372430888825747,0.0,3.112925e-05,-3.1129249691730365e-05,0.0,ICV_113_CASE_6_with_r_theta_phi.csv
6.968967583,-1.25918433,-2.274742804,0.003375423839,2730.139788,0.4336257088,326.7646776,231.6856345,10.01318552,0.03630137096,0.04312083701,322.306919478862,131.075161937948,0.295122157143474,826.192527353848,807.334548365193,0.0006691167543644,0.0431247273958782,0.0363014692434201,332.239680072915,113.51081446063978,7.453357986610214,48.45392707899548,72.51024536825452,0.9205738033607016,7.43817915717094,349.7580434141755,107.8074945935752,ICV_113_CASE_6_with_r_theta_phi.csv,0.4210987429627152,-0.1778054000920699,0.9840656683870741,0.9520893980203052,-0.30581984595073736,0.003375423839,0.0038837544,-0.0005083305298714505,15.05975409213945,ICV_113_CASE_6_with_r_theta_phi.csv
12.98613745,-1.262718987,-2.272782603,0.003375415225,2297.906152,0.4215395836,327.3330279,21.8927119,2.702435977,0.03630108103,0.0431172569,322.306919478862,131.075161937948,0.295122157143474,826.192527353848,807.334548365193,0.0006691167543644,0.0431247273958782,0.0363014692434201,332.239680072915,113.51081446063978,7.453357986610214,48.45392707899548,72.51024536825452,0.9205738033607016,13.243857665760466,354.44625164579986,99.88145945743456,ICV_113_CASE_6_with_r_theta_phi.csv,0.749776483892869,-0.09677947719853004,0.9953058488691701,0.985164909718569,-0.17161031629597304,0.003375415225,0.0036389534,-0.000263538211166048,7.807579024236112,ICV_113_CASE_6_with_r_theta_phi.csv
12.74104789,0.9568,-2.27264931,0.0,2007.001576,0.4373526798,326.9715112,33.39271895,1.804675765,0.03630098973,0.04311670772,322.306919478862,131.075161937948,0.295122157143474,826.192527353848,807.334548365193,0.0006691167543644,0.0431247273958782,0.0363014692434201,332.239680072915,113.51081446063978,7.453357986610214,48.45392707899548,72.51024536825452,0.9205738033607016,12.977469031421997,4.2946151712329765,100.0857980911682,ICV_113_CASE_6_with_r_theta_phi.csv,0.7346953845150276,0.07488500805326122,0.9971921758461921,0.9845466178927939,-0.17512269183592663,0.0,4.6169727e-05,-4.61697272839956e-05,0.0,ICV_113_CASE_6_with_r_theta_phi.csv
0.4319211198,-1.271577841,-2.267838132,0.003375433385,8415.367058,0.435367414,335.0461665,379.3096135,31.49276839,0.03630145341,0.04312340254,322.306919478862,131.075161937948,0.295122157143474,826.192527353848,807.334548365193,0.0006691167543644,0.0431247273958782,0.0363014692434201,332.239680072915,113.51081446063978,7.453357986610214,48.45392707899548,72.51024536825452,0.9205738033607016,2.6356319645209867,288.7612558255794,149.3675137294582,ICV_113_CASE_6_with_r_theta_phi.csv,0.14921142442531152,-0.946866964049082,0.32162548467507135,0.5095293680735514,-0.8604532660583998,0.003375433385,0.0035612409,-0.0001858074687417651,5.504699619089597,ICV_113_CASE_6_with_r_theta_phi.csv
2.387549219,0.9568,-2.26743836,0.0,1887.381379,0.4340523155,325.2838039,629.9843983,8.867324635,0.03630138578,0.04312120129,322.306919478862,131.075161937948,0.295122157143474,826.192527353848,807.334548365193,0.0006691167543644,0.0431247273958782,0.0363014692434201,332.239680072915,113.51081446063978,7.453357986610214,48.45392707899548,72.51024536825452,0.9205738033607016,3.428867776620585,21.838230590955163,131.39749204552254,ICV_113_CASE_6_with_r_theta_phi.csv,0.1941190014397909,0.37198728471118436,0.9282378251359941,0.7501400158965585,-0.6612790307810394,0.0,3.112925e-05,-3.1129249691730365e-05,0.0,ICV_113_CASE_6_with_r_theta_phi.csv
12.14637807,0.9568,-2.260921345,0.0,1945.173897,0.437536319,326.5814424,46.80027552,1.895781915,0.03630096717,0.04311651948,322.306919478862,131.075161937948,0.295122157143474,826.192527353848,807.334548365193,0.0006691167543644,0.0431247273958782,0.0363014692434201,332.239680072915,113.51081446063978,7.453357986610214,48.45392707899548,72.51024536825452,0.9205738033607016,12.392002735137432,4.504028503017935,100.51250011021148,ICV_113_CASE_6_with_r_theta_phi.csv,0.7015502940025484,0.07852918943119899,0.9969118147595999,0.9832151261894112,-0.18245003598887063,0.0,4.6169727e-05,-4.61697272839956e-05,0.0,ICV_113_CASE_6_with_r_theta_phi.csv
-0.3228157799,0.9568,-2.25405609,0.0,2768.539244,0.4342380736,325.7175815,626.2677927,12.0534665,0.03630142408,0.04312209485,322.306919478862,131.075161937948,0.295122157143474,826.192527353848,807.334548365193,0.0006691167543644,0.0431247273958782,0.0363014692434201,332.239680072915,113.51081446063978,7.453357986610214,48.45392707899548,72.51024536825452,0.9205738033607016,2.4699079182468595,108.6439357795955,155.8681902750493,ICV_113_CASE_6_with_r_theta_phi.csv,0.13982926434417783,0.9475235457229629,-0.3196859870256815,0.4088371887520719,-0.9126073378476105,0.0,3.050432e-05,-3.0504319511237554e-05,0.0,ICV_113_CASE_6_with_r_theta_phi.csv
3.025967798,0.9568,-2.25208282,0.0,2046.282032,0.4340599792,325.3960804,658.3199112,9.772738549,0.03630138487,0.04312119924,322.306919478862,131.075161937948,0.295122157143474,826.192527353848,807.334548365193,0.0006691167543644,0.0431247273958782,0.0363014692434201,332.239680072915,113.51081446063978,7.453357986610214,48.45392707899548,72.51024536825452,0.9205738033607016,3.891506698268952,17.546764696387356,125.3603851407188,ICV_113_CASE_6_with_r_theta_phi.csv,0.22031044752292755,0.30148412105276073,0.9534711976525795,0.8155281214991092,-0.5787174466388015,0.0,3.112925e-05,-3.1129249691730365e-05,0.0,ICV_113_CASE_6_with_r_theta_phi.csv
11.4574329,0.9568,-2.248762952,0.0,1873.022608,0.4375308403,326.371225,58.58422236,1.80755993,0.03630095283,0.04311638603,322.306919478862,131.075161937948,0.295122157143474,826.192527353848,807.334548365193,0.0006691167543644,0.0431247273958782,0.0363014692434201,332.239680072915,113.51081446063978,7.453357986610214,48.45392707899548,72.51024536825452,0.9205738033607016,11.71516836039031,4.7736432283005,101.0667872111556,ICV_113_CASE_6_with_r_theta_phi.csv,0.663232568874189,0.08321943537693141,0.9965312466629156,0.9814040988122258,-0.1919531058216119,0.0,3.112925e-05,-3.1129249691730365e-05,0.0,ICV_113_CASE_6_with_r_theta_phi.csv
1.084897725,-1.310002455,-2.245861431,0.0033754264,8100.39918,0.4354133596,333.581444,403.5422582,30.21959922,0.03630145175,0.0431233168,322.306919478862,131.075161937948,0.295122157143474,826.192527353848,807.334548365193,0.0006691167543644,0.0431247273958782,0.0363014692434201,332.239680072915,113.51081446063978,7.453357986610214,48.45392707899548,72.51024536825452,0.9205738033607016,2.8172687257465463,309.63035289081915,142.86135156595458,ICV_113_CASE_6_with_r_theta_phi.csv,0.15949445340481155,-0.7701754542889212,0.6378320857489483,0.6037458546697714,-0.7971768580240317,0.0033754264,0.0035612409,-0.00018581445374176494,5.504917947158195,ICV_113_CASE_6_with_r_theta_phi.csv
-1.207616241,0.5160137078,-2.243968107,0.003375418484,5548.621925,0.4340951987,329.6066783,255.9554721,17.4491986,0.03630143846,0.04312259509,322.306919478862,131.075161937948,0.295122157143474,826.192527353848,807.334548365193,0.0006691167543644,0.0431247273958782,0.0363014692434201,332.239680072915,113.51081446063978,7.453357986610214,48.45392707899548,72.51024536825452,0.9205738033607016,2.5999999994995457,156.86300994166027,149.66244368549815,ICV_113_CASE_6_with_r_theta_phi.csv,0.1471941866897355,0.3929308700026352,-0.9195680134709842,0.5050934550629166,-0.8630646567045863,0.003375418484,0.0038971952,-0.000521776732268301,15.458134586482272,ICV_113_CASE_6_with_r_theta_phi.csv
15.42953734,0.9568,-2.243933283,0.0,2226.029614,0.4366004951,327.0424727,31.68769294,1.984821628,0.03630110252,0.04311758431,322.306919478862,131.075161937948,0.295122157143474,826.192527353848,807.334548365193,0.0006691167543644,0.0431247273958782,0.0363014692434201,332.239680072915,113.51081446063978,7.453357986610214,48.45392707899548,72.51024536825452,0.9205738033607016,15.621181944558789,3.54842106230808,98.25892801852308,ICV_113_CASE_6_with_r_theta_phi.csv,0.8843642968862675,0.06189204830358442,0.9980828494452686,0.9896290153083469,-0.14364683101214473,0.0,4.6169727e-05,-4.61697272839956e-05,0.0,ICV_113_CASE_6_with_r_theta_phi.csv
-0.9066399182,0.9568,-2.241101921,0.00337541406,4378.983769,0.4330411807,327.4134144,231.0863241,9.74004798,0.03630143666,0.04312254052,322.306919478862,131.075161937948,0.295122157143474,826.192527353848,807.334548365193,0.0006691167543644,0.0431247273958782,0.0363014692434201,332.239680072915,113.51081446063978,7.453357986610214,48.45392707899548,72.51024536825452,0.9205738033607016,2.600000000304537,133.45808436131324,149.537626379931,ICV_113_CASE_6_with_r_theta_phi.csv,0.1471941867353086,0.7258777535981673,-0.6878237323844519,0.5069724180589975,-0.8619622772067308,0.00337541406,0.0024113304,0.0009640837083939886,28.561939097580495,ICV_113_CASE_6_with_r_theta_phi.csv
9.911833274,-1.319164543,-2.240492113,0.003375560511,1914.691416,0.4301246459,326.7771473,26.10623639,1.237663446,0.0363012149,0.04311875401,322.306919478862,131.075161937948,0.295122157143474,826.192527353848,807.334548365193,0.0006691167543644,0.0431247273958782,0.0363014692434201,332.239680072915,113.51081446063978,7.453357986610214,48.45392707899548,72.51024536825452,0.9205738033607016,10.247167357445528,352.4190631662911,102.62946097201863,ICV_113_CASE_6_with_r_theta_phi.csv,0.5801244097473564,-0.13192659064690881,0.9912594890745223,0.9758044656479615,-0.21864502011593184,0.003375560511,0.0034204694,-4.490884011284276e-05,1.3304113480766646,ICV_113_CASE_6_with_r_theta_phi.csv
10.67269871,0.9568,-2.236952898,0.0,1814.463989,0.4374057539,326.2897318,71.34241952,1.20522873,0.03630096707,0.04311648921,322.306919478862,131.075161937948,0.295122157143474,826.192527353848,807.334548365193,0.0006691167543644,0.0431247273958782,0.0363014692434201,332.239680072915,113.51081446063978,7.453357986610214,48.45392707899548,72.51024536825452,0.9205738033607016,10.946502741163783,5.122831923338822,101.79163880127857,ICV_113_CASE_6_with_r_theta_phi.csv,0.6197159878433472,0.08929120443003016,0.9960055626408091,0.9788972205390243,-0.20435320310915844,0.0,3.112925e-05,-3.1129249691730365e-05,0.0,ICV_113_CASE_6_with_r_theta_phi.csv
3.779080954,0.9568,-2.235349781,0.0,1972.765886,0.4339603131,325.4765525,568.5706546,9.217182706,0.03630138183,0.04312109437,322.306919478862,131.075161937948,0.295122157143474,826.192527353848,807.334548365193,0.0006691167543644,0.0431247273958782,0.0363014692434201,332.239680072915,113.51081446063978,7.453357986610214,48.45392707899548,72.51024536825452,0.9205738033607016,4.49374095162397,14.207772664424226,119.8305300854986,ICV_113_CASE_6_with_r_theta_phi.csv,0.25440482488306393,0.24543889720640324,0.9694120629216992,0.8675005173592694,-0.4974362797197246,0.0,3.112925e-05,-3.1129249691730365e-05,0.0,ICV_113_CASE_6_with_r_theta_phi.csv
9.800939055,0.9568,-2.22359704,0.0,1769.888336,0.4379182089,326.3483082,62.48864628,0.4532667891,0.0363010033,0.04311679309,322.306919478862,131.075161937948,0.295122157143474,826.192527353848,807.334548365193,0.0006691167543644,0.0431247273958782,0.0363014692434201,332.239680072915,113.51081446063978,7.453357986610214,48.45392707899548,72.51024536825452,0.9205738033607016,10.095457215803604,5.575734960028001,102.72413945512562,ICV_113_CASE_6_with_r_theta_phi.csv,0.5715356209335617,0.09716140739926325,0.9952686375608318,0.9754418333100074,-0.22025719018640835,0.0,3.112925e-05,-3.1129249691730365e-05,0.0,ICV_113_CASE_6_with_r_theta_phi.csv
14.48498501,0.9568,-2.222936585,0.0,2054.438699,0.4355337614,327.181212,31.80103437,2.109017218,0.03630105061,0.04311721211,322.306919478862,131.075161937948,0.295122157143474,826.192527353848,807.334548365193,0.0006691167543644,0.0431247273958782,0.0363014692434201,332.239680072915,113.51081446063978,7.453357986610214,48.45392707899548,72.51024536825452,0.9205738033607016,14.685765354276098,3.7791601851927794,98.70614007296392,ICV_113_CASE_6_with_r_theta_phi.csv,0.8314074183288642,0.06591097229765999,0.9978255076569135,0.9884776713440819,-0.15136675082124593,0.0,4.6169727e-05,-4.61697272839956e-05,0.0,ICV_113_CASE_6_with_r_theta_phi.csv
4.619312088,0.9568,-2.219980859,0.0,1853.922834,0.433824936,325.4278833,401.4021921,7.128514014,0.03630137646,0.04312089564,322.306919478862,131.075161937948,0.295122157143474,826.192527353848,807.334548365193,0.0006691167543644,0.0431247273958782,0.0363014692434201,332.239680072915,113.51081446063978,7.453357986610214,48.45392707899548,72.51024536825452,0.9205738033607016,5.213619224748706,11.70221757178922,115.2015760066119,ICV_113_CASE_6_with_r_theta_phi.csv,0.2951594006325265,0.20282519497487211,0.9792149612232266,0.90481534042376,-0.42580418003330517,0.0,3.112925e-05,-3.1129249691730365e-05,0.0,ICV_113_CASE_6_with_r_theta_phi.csv
14.07318597,0.9568,-2.21974045,0.0,2026.853838,0.4359409564,326.9117948,31.79312412,2.028000271,0.03630103222,0.04311707195,322.306919478862,131.075161937948,0.295122157143474,826.192527353848,807.334548365193,0.0006691167543644,0.0431247273958782,0.0363014692434201,332.239680072915,113.51081446063978,7.453357986610214,48.45392707899548,72.51024536825452,0.9205738033607016,14.279260388814649,3.8894085397121216,98.94301521307516,ICV_113_CASE_6_with_r_theta_phi.csv,0.8083938922565741,0.06783086172419711,0.9976968348139393,0.9878434374348987,-0.15545206050999574,0.0,4.6169727e-05,-4.61697272839956e-05,0.0,ICV_113_CASE_6_with_r_theta_phi.csv
1.721009003,-1.356766562,-2.217923465,0.00337542803,7998.630187,0.4354055794,333.0081766,410.2701684,29.52995379,0.03630145099,0.04312330583,322.306919478862,131.075161937948,0.295122157143474,826.192527353848,807.334548365193,0.0006691167543644,0.0431247273958782,0.0363014692434201,332.239680072915,113.51081446063978,7.453357986610214,48.45392707899548,72.51024536825452,0.9205738033607016,3.117991659508723,321.749333526134,135.3432953261754,ICV_113_CASE_6_with_r_theta_phi.csv,0.1765193255827327,-0.6191030842027633,0.7853097294256746,0.7028573892682436,-0.7113307882771761,0.00337542803,0.0035612409,-0.00018581282374176495,5.504866998651909,ICV_113_CASE_6_with_r_theta_phi.csv
3.196575351,-1.356842686,-2.217876896,0.00337542221,5933.45342,0.4349392231,330.9065047,507.5160115,27.71468307,0.03630143571,0.04312272012,322.306919478862,131.075161937948,0.295122157143474,826.192527353848,807.334548365193,0.0006691167543644,0.0431247273958782,0.0363014692434201,332.239680072915,113.51081446063978,7.453357986610214,48.45392707899548,72.51024536825452,0.9205738033607016,4.120448273547802,337.0003500546314,122.5653406164082,ICV_113_CASE_6_with_r_theta_phi.csv,0.23327155097643662,-0.39072550456011634,0.9205072406484603,0.8427781562659775,-0.5382610698545081,0.00337542221,0.003884503,-0.0005090807093907977,15.08198612107781,ICV_113_CASE_6_with_r_theta_phi.csv
11.76089769,-1.357675048,-2.217367463,0.003375415225,2248.19653,0.4213121779,327.2967177,20.2287989,2.381893937,0.03630105275,0.04311702515,322.306919478862,131.075161937948,0.295122157143474,826.192527353848,807.334548365193,0.0006691167543644,0.0431247273958782,0.0363014692434201,332.239680072915,113.51081446063978,7.453357986610214,48.45392707899548,72.51024536825452,0.9205738033607016,12.044862576076998,353.41493808612546,100.60822099779784,ICV_113_CASE_6_with_r_theta_phi.csv,0.6818975965448248,-0.11467815564709212,0.9934026981125939,0.9829089450517287,-0.18409238370257955,0.003375415225,0.0034204694,-4.505412611284249e-05,1.3347728530049148,ICV_113_CASE_6_with_r_theta_phi.csv
14.90839568,0.9568,-2.216096669,0.0,2078.055538,0.4348265381,327.6332827,33.80915175,2.061898299,0.03630106768,0.0431173444,322.306919478862,131.075161937948,0.295122157143474,826.192527353848,807.334548365193,0.0006691167543644,0.0431247273958782,0.0363014692434201,332.239680072915,113.51081446063978,7.453357986610214,48.45392707899548,72.51024536825452,0.9205738033607016,15.10254324402998,3.672126883784301,98.4378579609646,ICV_113_CASE_6_with_r_theta_phi.csv,0.8550025269920931,0.0640468369903534,0.9979468937130528,0.9891755932325415,-0.14673665442911554,0.0,4.6169727e-05,-4.61697272839956e-05,0.0,ICV_113_CASE_6_with_r_theta_phi.csv
1.0001817,0.9568,-2.213668538,0.0,1471.305324,0.4339617246,326.1906413,898.9942474,15.72353541,0.03630138922,0.04312115857,322.306919478862,131.075161937948,0.295122157143474,826.192527353848,807.334548365193,0.0006691167543644,0.0431247273958782,0.0363014692434201,332.239680072915,113.51081446063978,7.453357986610214,48.45392707899548,72.51024536825452,0.9205738033607016,2.6107772921384824,43.73009477065443,147.98359675800117,ICV_113_CASE_6_with_r_theta_phi.csv,0.14780432316089354,0.6912620562988385,0.7226041582509067,0.5301620306952524,-0.8478963505105364,0.0,3.112925e-05,-3.1129249691730365e-05,0.0,ICV_113_CASE_6_with_r_theta_phi.csv
0.5869096175,0.9568,-2.213567969,0.0,1798.008356,0.4340974068,326.248126,1158.497669,18.33992559,0.03630139368,0.04312120672,322.306919478862,131.075161937948,0.295122157143474,826.192527353848,807.334548365193,0.0006691167543644,0.0431247273958782,0.0363014692434201,332.239680072915,113.51081446063978,7.453357986610214,48.45392707899548,72.51024536825452,0.9205738033607016,2.481896914155941,58.4746775009981,153.1111476408253,ICV_113_CASE_6_with_r_theta_phi.csv,0.14050799915279455,0.8524091571097456,0.5228753473586731,0.4522611899144069,-0.8918855397960014,0.0,3.050432e-05,-3.0504319511237554e-05,0.0,ICV_113_CASE_6_with_r_theta_phi.csv
8.926674113,0.9568,-2.21211812,0.0,1758.095547,0.4391619942,326.3573923,55.08739007,0.2781745212,0.03630101526,0.04311696779,322.306919478862,131.075161937948,0.295122157143474,826.192527353848,807.334548365193,0.0006691167543644,0.0431247273958782,0.0363014692434201,332.239680072915,113.51081446063978,7.453357986610214,48.45392707899548,72.51024536825452,0.9205738033607016,9.246320540438596,6.117855447405077,103.84187010826446,ICV_113_CASE_6_with_r_theta_phi.csv,0.5234633200324709,0.1065739380154129,0.9943047801031065,0.9709597072270488,-0.239243070832916,0.0,3.112925e-05,-3.1129249691730365e-05,0.0,ICV_113_CASE_6_with_r_theta_phi.csv
2.442280491,-1.367682948,-2.211208573,0.003375425469,7343.23712,0.435255565,332.4418698,441.6634568,29.21531894,0.03630144713,0.04312315564,322.306919478862,131.075161937948,0.295122157143474,826.192527353848,807.334548365193,0.0006691167543644,0.0431247273958782,0.0363014692434201,332.239680072915,113.51081446063978,7.453357986610214,48.45392707899548,72.51024536825452,0.9205738033607016,3.567174511609695,330.7510687752933,128.3071352797296,ICV_113_CASE_6_with_r_theta_phi.csv,0.2019489811991576,-0.4886049661786958,0.8725051214895622,0.7846991808088287,-0.6198767584269902,0.003375425469,0.0035612409,-0.00018581538474176512,5.5049470472166915,ICV_113_CASE_6_with_r_theta_phi.csv
0.1734883695,0.9568,-2.210810134,0.0,2112.730056,0.434209748,326.2123017,1047.570143,17.58257335,0.03630140674,0.04312155949,322.306919478862,131.075161937948,0.295122157143474,826.192527353848,807.334548365193,0.0006691167543644,0.0431247273958782,0.0363014692434201,332.239680072915,113.51081446063978,7.453357986610214,48.45392707899548,72.51024536825452,0.9205738033607016,2.4152113578212706,79.72270547824496,156.25821554313018,ICV_113_CASE_6_with_r_theta_phi.csv,0.13673271983336235,0.9839558173750553,0.17841230185664525,0.4026154407825797,-0.9153692188638687,0.0,3.050432e-05,-3.0504319511237554e-05,0.0,ICV_113_CASE_6_with_r_theta_phi.csv
13.65360516,0.9568,-2.209957044,0.0,1992.473352,0.4357463258,327.0471649,32.16106634,1.858880881,0.03630100971,0.043116901,322.306919478862,131.075161937948,0.295122157143474,826.192527353848,807.334548365193,0.0006691167543644,0.0431247273958782,0.0363014692434201,332.239680072915,113.51081446063978,7.453357986610214,48.45392707899548,72.51024536825452,0.9205738033607016,13.864353942449098,4.008547775920647,99.17198400088438,ICV_113_CASE_6_with_r_theta_phi.csv,0.784904731896243,0.06990529638920799,0.9975536324111787,0.9872143243937859,-0.1593984871688593,0.0,4.6169727e-05,-4.61697272839956e-05,0.0,ICV_113_CASE_6_with_r_theta_phi.csv
12.54765648,-1.369887069,-2.209843754,0.003375415457,2279.903754,0.4214743745,327.3433203,21.66718487,2.660411506,0.03630107094,0.04311717267,322.306919478862,131.075161937948,0.295122157143474,826.192527353848,807.334548365193,0.0006691167543644,0.0431247273958782,0.0363014692434201,332.239680072915,113.51081446063978,7.453357986610214,48.45392707899548,72.51024536825452,0.9205738033607016,12.814198497720886,353.76942460294,99.93045777758942,ICV_113_CASE_6_with_r_theta_phi.csv,0.7254521255061199,-0.10852986036451563,0.9940931894994849,0.9850177914370354,-0.17245274875311498,0.003375415457,0.0034204694,-4.505389411284255e-05,1.3347658880349464,ICV_113_CASE_6_with_r_theta_phi.csv
5.509847368,0.9568,-2.208188981,0.0,1760.185232,0.4337456973,325.2871372,331.135885,5.430132743,0.0363013689,0.04312065156,322.306919478862,131.075161937948,0.295122157143474,826.192527353848,807.334548365193,0.0006691167543644,0.0431247273958782,0.0363014692434201,332.239680072915,113.51081446063978,7.453357986610214,48.45392707899548,72.51024536825452,0.9205738033607016,6.012485578732504,9.851328934216951,111.54717927126944,ICV_113_CASE_6_with_r_theta_phi.csv,0.34038574035217006,0.1710922171855763,0.9852550193825574,0.9301154631519047,-0.36726723949423773,0.0,3.112925e-05,-3.1129249691730365e-05,0.0,ICV_113_CASE_6_with_r_theta_phi.csv
6.222921545,-1.376123101,-2.205965823,0.003375424771,3101.275845,0.4338585477,327.2915819,316.6174064,13.49068273,0.03630138581,0.04312119115,322.306919478862,131.075161937948,0.295122157143474,826.192527353848,807.334548365193,0.0006691167543644,0.0431247273958782,0.0363014692434201,332.239680072915,113.51081446063978,7.453357986610214,48.45392707899548,72.51024536825452,0.9205738033607016,6.744238471211935,347.5304154828069,109.09218101348512,ICV_113_CASE_6_with_r_theta_phi.csv,0.38181257569336374,-0.2159213164194877,0.9764107665914359,0.9449935578226565,-0.3270889415337634,0.003375424771,0.003884503,-0.0005090781483907975,15.08189880615113,ICV_113_CASE_6_with_r_theta_phi.csv
1.432407753,0.9568,-2.205206114,0.0,1506.072059,0.4339837789,326.0045033,850.6783417,14.49909182,0.03630138377,0.04312107068,322.306919478862,131.075161937948,0.295122157143474,826.192527353848,807.334548365193,0.0006691167543644,0.0431247273958782,0.0363014692434201,332.239680072915,113.51081446063978,7.453357986610214,48.45392707899548,72.51024536825452,0.9205738033607016,2.7982480619268717,33.74158530991019,142.00520682058868,ICV_113_CASE_6_with_r_theta_phi.csv,0.15841763373489817,0.5554481140357597,0.8315511966283963,0.615589861389985,-0.7880666993052423,0.0,3.112925e-05,-3.1129249691730365e-05,0.0,ICV_113_CASE_6_with_r_theta_phi.csv
3.965457363,-1.378307426,-2.204601696,0.003375423141,4856.444848,0.4346337837,329.532489,501.7762645,24.17603523,0.03630142227,0.04312225644,322.306919478862,131.075161937948,0.295122157143474,826.192527353848,807.334548365193,0.0006691167543644,0.0431247273958782,0.0363014692434201,332.239680072915,113.51081446063978,7.453357986610214,48.45392707899548,72.51024536825452,0.9205738033607016,4.741819492172149,340.8336514486088,117.70552207836192,ICV_113_CASE_6_with_r_theta_phi.csv,0.26844933219775413,-0.32831193081938725,0.9445693601221913,0.8853488208869783,-0.4649273764299509,0.003375423141,0.003884503,-0.0005090797783907975,15.081954379478432,ICV_113_CASE_6_with_r_theta_phi.csv
8.068648729,0.9568,-2.204464607,0.0,1812.422181,0.4362558313,325.9720948,85.90346904,1.311490916,0.036301166,0.04311844153,322.306919478862,131.075161937948,0.295122157143474,826.192527353848,807.334548365193,0.0006691167543644,0.0431247273958782,0.0363014692434201,332.239680072915,113.51081446063978,7.453357986610214,48.45392707899548,72.51024536825452,0.9205738033607016,8.418920521985521,6.762692422208886,105.17965330150092,ICV_113_CASE_6_with_r_theta_phi.csv,0.476621599722196,0.1177573836226662,0.9930423951686776,0.965109541425483,-0.26184646846863135,0.0,3.112925e-05,-3.1129249691730365e-05,0.0,ICV_113_CASE_6_with_r_theta_phi.csv
6.378397526,0.9568,-2.200916045,0.0,1748.744054,0.4334219126,325.3389136,257.5811008,3.692006654,0.03630136207,0.04312046492,322.306919478862,131.075161937948,0.295122157143474,826.192527353848,807.334548365193,0.0006691167543644,0.0431247273958782,0.0363014692434201,332.239680072915,113.51081446063978,7.453357986610214,48.45392707899548,72.51024536825452,0.9205738033607016,6.814943336288377,8.531120274605428,108.8416898679896,ICV_113_CASE_6_with_r_theta_phi.csv,0.3858154007364166,0.1483465745087068,0.9889354346121554,0.9464145208148672,-0.3229544159641812,0.0,3.112925e-05,-3.1129249691730365e-05,0.0,ICV_113_CASE_6_with_r_theta_phi.csv
10.48737776,-1.384304836,-2.200840776,0.003375613829,1947.963513,0.4279718682,327.0834254,24.0812327,1.160008165,0.03630116917,0.04311825412,322.306919478862,131.075161937948,0.295122157143474,826.192527353848,807.334548365193,0.0006691167543644,0.0431247273958782,0.0363014692434201,332.239680072915,113.51081446063978,7.453357986610214,48.45392707899548,72.51024536825452,0.9205738033607016,10.804864287959376,352.4805855495715,101.75281263865293,ICV_113_CASE_6_with_r_theta_phi.csv,0.6116973890251057,-0.13086213192756607,0.9914005761685699,0.9790354745710451,-0.20368981204627876,0.003375613829,0.0034204694,-4.485552211284244e-05,1.32881082883946,ICV_113_CASE_6_with_r_theta_phi.csv
7.227025646,0.9568,-2.199240149,0.0,1844.812632,0.4329829392,325.5937976,168.3617758,2.806692129,0.03630133645,0.04312011638,322.306919478862,131.075161937948,0.295122157143474,826.192527353848,807.334548365193,0.0006691167543644,0.0431247273958782,0.0363014692434201,332.239680072915,113.51081446063978,7.453357986610214,48.45392707899548,72.51024536825452,0.9205738033607016,7.614592777090267,7.541641551415182,106.78727295415354,ICV_113_CASE_6_with_r_theta_phi.csv,0.43108607346656735,0.13124672213939664,0.9913497354252252,0.9573836762157256,-0.2888191415326599,0.0,3.112925e-05,-3.1129249691730365e-05,0.0,ICV_113_CASE_6_with_r_theta_phi.csv
13.20270041,0.9568,-2.195905105,0.0,1940.071905,0.4357970223,326.9670565,36.54971512,1.689959383,0.03630098243,0.04311668849,322.306919478862,131.075161937948,0.295122157143474,826.192527353848,807.334548365193,0.0006691167543644,0.0431247273958782,0.0363014692434201,332.239680072915,113.51081446063978,7.453357986610214,48.45392707899548,72.51024536825452,0.9205738033607016,13.418225053500157,4.144980237134803,99.41887363126108,ICV_113_CASE_6_with_r_theta_phi.csv,0.7596479707499836,0.07228046633469752,0.9973843462710044,0.9865183073655366,-0.163650937157832,0.0,4.6169727e-05,-4.61697272839956e-05,0.0,ICV_113_CASE_6_with_r_theta_phi.csv
16.10093515,0.9568,-2.191397998,0.003375411732,2404.521188,0.4362499318,327.4539487,15.48711176,1.537601169,0.03630115161,0.04311793303,322.306919478862,131.075161937948,0.295122157143474,826.192527353848,807.334548365193,0.0006691167543644,0.0431247273958782,0.0363014692434201,332.239680072915,113.51081446063978,7.453357986610214,48.45392707899548,72.51024536825452,0.9205738033607016,16.277524508663593,3.400809180384954,97.73706483080878,ICV_113_CASE_6_with_r_theta_phi.csv,0.9215219160908283,0.05932047157333942,0.9982389902484858,0.9908963162555217,-0.13462722767418625,0.003375411732,0.0021009077,0.0012745040001987287,37.75847514359306,ICV_113_CASE_6_with_r_theta_phi.csv
1.90383995,0.9568,-2.190527202,0.0,1617.231175,0.4340187898,325.7042912,767.3425736,12.42850343,0.03630138175,0.0431210616,322.306919478862,131.075161937948,0.295122157143474,826.192527353848,807.334548365193,0.0006691167543644,0.0431247273958782,0.0363014692434201,332.239680072915,113.51081446063978,7.453357986610214,48.45392707899548,72.51024536825452,0.9205738033607016,3.055893031164205,26.682421572663657,135.79260669152893,ICV_113_CASE_6_with_r_theta_phi.csv,0.17300372669985623,0.44904488985030605,0.8935091979936897,0.6972576054567814,-0.7168206411876512,0.0,3.112925e-05,-3.1129249691730365e-05,0.0,ICV_113_CASE_6_with_r_theta_phi.csv
-0.8493823763,0.9568,-2.189378955,0.001710403012,3984.23054,0.4335070081,326.5556159,389.0163796,9.823651405,0.03630143253,0.04312237836,322.306919478862,131.075161937948,0.295122157143474,826.192527353848,807.334548365193,0.0006691167543644,0.0431247273958782,0.0363014692434201,332.239680072915,113.51081446063978,7.453357986610214,48.45392707899548,72.51024536825452,0.9205738033607016,2.53580300294915,131.59650332204922,149.6990114111319,ICV_113_CASE_6_with_r_theta_phi.csv,0.14355979257551316,0.7478386075554254,-0.6638805743878656,0.5045425208795918,-0.8633868452926918,0.001710403012,0.0015825098,0.00012789317395535665,7.47737071224141,ICV_113_CASE_6_with_r_theta_phi.csv
16.42462572,0.4484524589,-2.179649526,0.003375413129,2430.579611,0.4370215244,326.8849465,15.41693641,1.615124179,0.03630116155,0.043118015,322.306919478862,131.075161937948,0.295122157143474,826.192527353848,807.334548365193,0.0006691167543644,0.0431247273958782,0.0363014692434201,332.239680072915,113.51081446063978,7.453357986610214,48.45392707899548,72.51024536825452,0.9205738033607016,16.57468888716078,1.5639961310595822,97.55655195324071,ICV_113_CASE_6_with_r_theta_phi.csv,0.9383453272502411,0.027293492194018144,0.9996274632501125,0.9913155467871406,-0.1315047021901209,0.003375413129,0.0038397447,-0.0004643315916079958,13.756289192606056,ICV_113_CASE_6_with_r_theta_phi.csv
12.70333928,0.9568,-2.178895621,0.0,1887.623847,0.4360145255,326.6693764,47.78195982,1.585488439,0.03630096177,0.04311650906,322.306919478862,131.075161937948,0.295122157143474,826.192527353848,807.334548365193,0.0006691167543644,0.0431247273958782,0.0363014692434201,332.239680072915,113.51081446063978,7.453357986610214,48.45392707899548,72.51024536825452,0.9205738033607016,12.924313569006436,4.307315406486964,99.70578401306568,ICV_113_CASE_6_with_r_theta_phi.csv,0.7316860864150733,0.07510604474783962,0.9971755522686743,0.9856864550512773,-0.16858888554245294,0.0,4.6169727e-05,-4.61697272839956e-05,0.0,ICV_113_CASE_6_with_r_theta_phi.csv
-0.2468330087,0.9568,-2.175698061,0.0,2534.167317,0.4342238522,326.2620236,823.016959,16.34595926,0.03630142027,0.04312196422,322.306919478862,131.075161937948,0.295122157143474,826.192527353848,807.334548365193,0.0006691167543644,0.0431247273958782,0.0363014692434201,332.239680072915,113.51081446063978,7.453357986610214,48.45392707899548,72.51024536825452,0.9205738033607016,2.389572101197839,104.46562731944016,155.57411407603047,ICV_113_CASE_6_with_r_theta_phi.csv,0.1352812007846155,0.9682976732338677,-0.249799151339387,0.41351582961261013,-0.9104969295169505,0.0,3.050432e-05,-3.0504319511237554e-05,0.0,ICV_113_CASE_6_with_r_theta_phi.csv
14.24135935,-1.431506003,-2.17043557,0.003375415225,2365.675573,0.4216115071,327.4192667,20.18158958,2.721311833,0.0363011029,0.04311744645,322.306919478862,131.075161937948,0.295122157143474,826.192527353848,807.334548365193,0.0006691167543644,0.0431247273958782,0.0363014692434201,332.239680072915,113.51081446063978,7.453357986610214,48.45392707899548,72.51024536825452,0.9205738033607016,14.476750883260326,354.2600507178953,98.62261502710794,ICV_113_CASE_6_with_r_theta_phi.csv,0.8195744509929128,-0.10001352456510666,0.994986077743837,0.9886972814282261,-0.1499256005371831,0.003375415225,0.0036389534,-0.000263538211166048,7.807579024236112,ICV_113_CASE_6_with_r_theta_phi.csv
2.430934769,0.9568,-2.170417429,0.0,1780.154153,0.4340497741,325.5478814,697.1632336,11.14868183,0.0363013818,0.04312109373,322.306919478862,131.075161937948,0.295122157143474,826.192527353848,807.334548365193,0.0006691167543644,0.0431247273958782,0.0363014692434201,332.239680072915,113.51081446063978,7.453357986610214,48.45392707899548,72.51024536825452,0.9205738033607016,3.3964130943158333,21.48427389701419,129.71969302264472,ICV_113_CASE_6_with_r_theta_phi.csv,0.1922816396832366,0.3662458390951617,0.9305181273599569,0.7691799599414119,-0.6390322286274207,0.0,3.112925e-05,-3.1129249691730365e-05,0.0,ICV_113_CASE_6_with_r_theta_phi.csv
14.71771141,-1.438958168,-2.165502111,0.003375415457,2397.94205,0.4215945184,327.2975781,18.01295922,2.444598593,0.0363011122,0.04311752777,322.306919478862,131.075161937948,0.295122157143474,826.192527353848,807.334548365193,0.0006691167543644,0.0431247273958782,0.0363014692434201,332.239680072915,113.51081446063978,7.453357986610214,48.45392707899548,72.51024536825452,0.9205738033607016,14.945602334802151,354.41591012574287,98.33104030079852,ICV_113_CASE_6_with_r_theta_phi.csv,0.8461176079549453,-0.09730653719688713,0.995254458828872,0.9894474381018034,-0.1448922607794425,0.003375415457,0.0036389534,-0.00026353797916604804,7.807571614375419,ICV_113_CASE_6_with_r_theta_phi.csv
15.35031865,0.9568,-2.164057023,0.0,2133.897707,0.4355597437,326.9145118,34.491945,1.906696146,0.03630108757,0.04311749714,322.306919478862,131.075161937948,0.295122157143474,826.192527353848,807.334548365193,0.0006691167543644,0.0431247273958782,0.0363014692434201,332.239680072915,113.51081446063978,7.453357986610214,48.45392707899548,72.51024536825452,0.9205738033607016,15.531609436736858,3.56668631741411,98.00921921602304,ICV_113_CASE_6_with_r_theta_phi.csv,0.8792933151781341,0.06221022282737942,0.9980630682355538,0.9902456621807116,-0.13933243890883354,0.0,4.6169727e-05,-4.61697272839956e-05,0.0,ICV_113_CASE_6_with_r_theta_phi.csv
12.11407288,0.9568,-2.159647329,0.0,1825.499849,0.4356243054,326.3019656,59.40361391,1.508876055,0.03630096443,0.04311648601,322.306919478862,131.075161937948,0.295122157143474,826.192527353848,807.334548365193,0.0006691167543644,0.0431247273958782,0.0363014692434201,332.239680072915,113.51081446063978,7.453357986610214,48.45392707899548,72.51024536825452,0.9205738033607016,12.342216355566302,4.515989997913948,100.07752399074104,ICV_113_CASE_6_with_r_theta_phi.csv,0.6987317302907756,0.07873731047516301,0.9968953986949372,0.9845718971462801,-0.17498051134276293,0.0,2.455214e-05,-2.4552140530431643e-05,0.0,ICV_113_CASE_6_with_r_theta_phi.csv
5.36205904,-1.450481248,-2.157800767,0.003375425469,3742.192881,0.4340552394,328.1810358,412.2215423,18.00624861,0.03630140169,0.04312161565,322.306919478862,131.075161937948,0.295122157143474,826.192527353848,807.334548365193,0.0006691167543644,0.0431247273958782,0.0363014692434201,332.239680072915,113.51081446063978,7.453357986610214,48.45392707899548,72.51024536825452,0.9205738033607016,5.959167487939163,344.86328601259675,111.22907820498727,ICV_113_CASE_6_with_r_theta_phi.csv,0.33736723534767543,-0.2611231106343323,0.9653055066105498,0.932140152918977,-0.36209768753222665,0.003375425469,0.003884503,-0.0005090774503907977,15.081875008509602,ICV_113_CASE_6_with_r_theta_phi.csv
11.00182222,-1.458630093,-2.152300688,0.003375428729,2126.300521,0.4222555021,327.327163,18.86401015,1.571488636,0.03630106113,0.04311715932,322.306919478862,131.075161937948,0.295122157143474,826.192527353848,807.334548365193,0.0006691167543644,0.0431247273958782,0.0363014692434201,332.239680072915,113.51081446063978,7.453357986610214,48.45392707899548,72.51024536825452,0.9205738033607016,11.304870284981432,352.44772617649846,100.97537173365356,ICV_113_CASE_6_with_r_theta_phi.csv,0.6400043029042666,-0.1314306828198035,0.9913253631444725,0.9817091109254739,-0.1903870308763591,0.003375428729,0.0034204694,-4.5040622112842675e-05,1.3343674453124263,ICV_113_CASE_6_with_r_theta_phi.csv
13.70211496,-1.460781947,-2.15084079,0.003375415225,2330.813867,0.421664196,327.3833007,21.67252484,2.835210551,0.03630109286,0.04311735859,322.306919478862,131.075161937948,0.295122157143474,826.192527353848,807.334548365193,0.0006691167543644,0.0431247273958782,0.0363014692434201,332.239680072915,113.51081446063978,7.453357986610214,48.45392707899548,72.51024536825452,0.9205738033607016,13.9466108563215,353.9146842871771,98.87153860398143,ICV_113_CASE_6_with_r_theta_phi.csv,0.789561554796007,-0.10600922981308157,0.9943651458063266,0.9880365954955932,-0.1542196030389056,0.003375415225,0.0036389534,-0.000263538211166048,7.807579024236112,ICV_113_CASE_6_with_r_theta_phi.csv
3.064688388,0.9568,-2.145249643,0.0,1896.77738,0.4340499883,325.5528077,701.7364403,11.16592853,0.03630138131,0.04312109657,322.306919478862,131.075161937948,0.295122157143474,826.192527353848,807.334548365193,0.0006691167543644,0.0431247273958782,0.0363014692434201,332.239680072915,113.51081446063978,7.453357986610214,48.45392707899548,72.51024536825452,0.9205738033607016,3.8613310122720206,17.338436811818042,123.75016191175888,ICV_113_CASE_6_with_r_theta_phi.csv,0.21860210692332058,0.29801530736609966,0.9545610910651497,0.8314680423170316,-0.5555725826617823,0.0,3.112925e-05,-3.1129249691730365e-05,0.0,ICV_113_CASE_6_with_r_theta_phi.csv
11.43140412,0.9568,-2.139742396,0.0,1768.926472,0.4350977602,326.1551785,65.50039123,1.225265453,0.03630096839,0.04311648915,322.306919478862,131.075161937948,0.295122157143474,826.192527353848,807.334548365193,0.0006691167543644,0.0431247273958782,0.0363014692434201,332.239680072915,113.51081446063978,7.453357986610214,48.45392707899548,72.51024536825452,0.9205738033607016,11.66923150494465,4.78446219288486,100.56589197538403,ICV_113_CASE_6_with_r_theta_phi.csv,0.6606319388443007,0.08340760545311489,0.9965155148579361,0.9830446807253469,-0.18336617926324567,0.0,3.112925e-05,-3.1129249691730365e-05,0.0,ICV_113_CASE_6_with_r_theta_phi.csv
16.03329796,0.9568,-2.138396323,0.001713755424,2369.938561,0.4363561673,327.2344855,23.17093465,1.626562166,0.03630113702,0.04311783818,322.306919478862,131.075161937948,0.295122157143474,826.192527353848,807.334548365193,0.0006691167543644,0.0431247273958782,0.0363014692434201,332.239680072915,113.51081446063978,7.453357986610214,48.45392707899548,72.51024536825452,0.9205738033607016,16.20354432056024,3.415121762561455,97.5834979508992,ICV_113_CASE_6_with_r_theta_phi.csv,0.9173336646980889,0.059569831500162894,0.9982241407494823,0.9912535909751774,-0.1319708997423892,0.001713755424,0.0012613457,0.000452409731089746,26.398733710193568,ICV_113_CASE_6_with_r_theta_phi.csv
14.41449855,0.9568,-2.136337006,0.0,1953.329699,0.434774898,326.772002,34.84174736,1.940851957,0.03630101682,0.04311700287,322.306919478862,131.075161937948,0.295122157143474,826.192527353848,807.334548365193,0.0006691167543644,0.0431247273958782,0.0363014692434201,332.239680072915,113.51081446063978,7.453357986610214,48.45392707899548,72.51024536825452,0.9205738033607016,14.603327377387563,3.7975862193830494,98.41205179551967,ICV_113_CASE_6_with_r_theta_phi.csv,0.8267403448816371,0.06623186454267978,0.9978042594212555,0.9892415834609795,-0.14629111234662862,0.0,4.6169727e-05,-4.61697272839956e-05,0.0,ICV_113_CASE_6_with_r_theta_phi.csv
14.00943893,0.9568,-2.130792821,0.0,1919.441832,0.4350761995,326.5559182,36.41517673,1.801478462,0.03630099418,0.0431168289,322.306919478862,131.075161937948,0.295122157143474,826.192527353848,807.334548365193,0.0006691167543644,0.0431247273958782,0.0363014692434201,332.239680072915,113.51081446063978,7.453357986610214,48.45392707899548,72.51024536825452,0.9205738033607016,14.202820966956692,3.9070517957470656,98.62843494195738,ICV_113_CASE_6_with_r_theta_phi.csv,0.8040664158975044,0.06813808219161738,0.9976759001575854,0.9886820473834553,-0.15002602834728024,0.0,4.6169727e-05,-4.61697272839956e-05,0.0,ICV_113_CASE_6_with_r_theta_phi.csv
-1.491221455,-0.01683598704,-2.129782881,0.003375423839,5513.504774,0.4344635776,330.3991473,291.4760811,20.39527356,0.03630143875,0.04312257853,322.306919478862,131.075161937948,0.295122157143474,826.192527353848,807.334548365193,0.0006691167543644,0.0431247273958782,0.0363014692434201,332.239680072915,113.51081446063978,7.453357986610214,48.45392707899548,72.51024536825452,0.9205738033607016,2.59999999971396,180.6468455878793,144.99952229106557,ICV_113_CASE_6_with_r_theta_phi.csv,0.14719418670187417,-0.011289345443503409,-0.9999362733091831,0.5735832660880927,-0.8191472620131964,0.003375423839,0.0038971952,-0.0005217713772683011,15.4579514159117,ICV_113_CASE_6_with_r_theta_phi.csv
-0.7812523469,0.9568,-2.128233141,0.0,3704.269398,0.4343238978,326.2470996,698.2114156,15.02120248,0.03630142754,0.04312218809,322.306919478862,131.075161937948,0.295122157143474,826.192527353848,807.334548365193,0.0006691167543644,0.0431247273958782,0.0363014692434201,332.239680072915,113.51081446063978,7.453357986610214,48.45392707899548,72.51024536825452,0.9205738033607016,2.460731145815707,129.23254152653487,149.86881953399302,ICV_113_CASE_6_with_r_theta_phi.csv,0.1393097383616008,0.7745853984060037,-0.632469335680563,0.5019814798288816,-0.8648783694305264,0.0,1.3471495e-07,-1.3471495208250417e-07,0.0,ICV_113_CASE_6_with_r_theta_phi.csv
14.82577261,0.9568,-2.127918928,0.0,1979.766478,0.4340417434,327.255955,37.50999061,1.951340608,0.03630103792,0.04311716275,322.306919478862,131.075161937948,0.295122157143474,826.192527353848,807.334548365193,0.0006691167543644,0.0431247273958782,0.0363014692434201,332.239680072915,113.51081446063978,7.453357986610214,48.45392707899548,72.51024536825452,0.9205738033607016,15.008232363858406,3.692534947261152,98.1510598409908,ICV_113_CASE_6_with_r_theta_phi.csv,0.8496632911053547,0.06440228953003883,0.9979240177003904,0.9898976987378224,-0.14178344767131112,0.0,2.3017354e-05,-2.30173536692746e-05,0.0,ICV_113_CASE_6_with_r_theta_phi.csv
13.24240195,-1.502579962,-2.121851422,0.003375415457,2313.135819,0.4216645218,327.349688,22.31080576,2.860064498,0.03630108353,0.04311727934,322.306919478862,131.075161937948,0.295122157143474,826.192527353848,807.334548365193,0.0006691167543644,0.0431247273958782,0.0363014692434201,332.239680072915,113.51081446063978,7.453357986610214,48.45392707899548,72.51024536825452,0.9205738033607016,13.49522913494288,353.52648806160227,99.04613706208228,ICV_113_CASE_6_with_r_theta_phi.csv,0.7640074142661119,-0.11274386955577628,0.9936240837850048,0.9875620525335208,-0.1572297439919669,0.003375415457,0.0036389534,-0.00026353797916604804,7.807571614375419,ICV_113_CASE_6_with_r_theta_phi.csv
10.65372567,0.9568,-2.120421915,0.0,1761.413694,0.4353401648,326.138256,65.22002401,0.6962708306,0.03630100531,0.04311679351,322.306919478862,131.075161937948,0.295122157143474,826.192527353848,807.334548365193,0.0006691167543644,0.0431247273958782,0.0363014692434201,332.239680072915,113.51081446063978,7.453357986610214,48.45392707899548,72.51024536825452,0.9205738033607016,10.904747864541813,5.131906415296157,101.21256213684468,ICV_113_CASE_6_with_r_theta_phi.csv,0.6173521128026226,0.0894489504340343,0.9959914082291321,0.9809125457642921,-0.19444942160421938,0.0,7.976879e-06,-7.97687880549347e-06,0.0,ICV_113_CASE_6_with_r_theta_phi.csv
0.6565052235,0.9568,-2.119953248,0.0,1530.165867,0.434089313,326.5928708,1123.473095,19.72979179,0.03630138838,0.04312106689,322.306919478862,131.075161937948,0.295122157143474,826.192527353848,807.334548365193,0.0006691167543644,0.0431247273958782,0.0363014692434201,332.239680072915,113.51081446063978,7.453357986610214,48.45392707899548,72.51024536825452,0.9205738033607016,2.4167472193401887,55.54415985722119,151.30556409672823,ICV_113_CASE_6_with_r_theta_phi.csv,0.1368196697899734,0.8245624928576372,0.5657708859356401,0.48013831392923156,-0.8771927949414511,0.0,7.351954e-06,-7.35195408196887e-06,0.0,ICV_113_CASE_6_with_r_theta_phi.csv
1.061712422,0.9568,-2.119061186,0.0,1377.599754,0.4339347176,326.5584842,897.2289742,17.39480511,0.03630138423,0.04312103344,322.306919478862,131.075161937948,0.295122157143474,826.192527353848,807.334548365193,0.0006691167543644,0.0431247273958782,0.0363014692434201,332.239680072915,113.51081446063978,7.453357986610214,48.45392707899548,72.51024536825452,0.9205738033607016,2.555996834317451,42.02472230348189,146.00175483736848,ICV_113_CASE_6_with_r_theta_phi.csv,0.1447030289543512,0.6694512003463752,0.7428560360896298,0.559167511702772,-0.8290546989530487,0.0,7.976879e-06,-7.97687880549347e-06,0.0,ICV_113_CASE_6_with_r_theta_phi.csv
3.811151034,0.9568,-2.118010134,0.0,1829.883616,0.4339566626,325.5028276,629.6044568,9.946371262,0.03630137844,0.04312099455,322.306919478862,131.075161937948,0.295122157143474,826.192527353848,807.334548365193,0.0006691167543644,0.0431247273958782,0.0363014692434201,332.239680072915,113.51081446063978,7.453357986610214,48.45392707899548,72.51024536825452,0.9205738033607016,4.463889041148533,14.09300013598181,118.32526588113342,ICV_113_CASE_6_with_r_theta_phi.csv,0.25271481423521297,0.24349652005015715,0.969901770656938,0.880268207896716,-0.47447642951605495,0.0,7.976879e-06,-7.97687880549347e-06,0.0,ICV_113_CASE_6_with_r_theta_phi.csv
0.2532130709,0.9568,-2.116529936,0.0,1835.256431,0.4342104435,326.6610948,1098.416447,20.097597,0.03630140055,0.04312137356,322.306919478862,131.075161937948,0.295122157143474,826.192527353848,807.334548365193,0.0006691167543644,0.0431247273958782,0.0363014692434201,332.239680072915,113.51081446063978,7.453357986610214,48.45392707899548,72.51024536825452,0.9205738033607016,2.336510661062511,75.17673883574338,154.9381096980302,ICV_113_CASE_6_with_r_theta_phi.csv,0.13227722558199664,0.9667196020638783,0.2558382516072543,0.4235969991884405,-0.9058507505536154,0.0,7.351954e-06,-7.35195408196887e-06,0.0,ICV_113_CASE_6_with_r_theta_phi.csv
13.59431977,0.9568,-2.116029056,0.0,1868.547265,0.4348670752,326.6697184,41.34727512,1.557326374,0.03630096685,0.04311661327,322.306919478862,131.075161937948,0.295122157143474,826.192527353848,807.334548365193,0.0006691167543644,0.0431247273958782,0.0363014692434201,332.239680072915,113.51081446063978,7.453357986610214,48.45392707899548,72.51024536825452,0.9205738033607016,13.79124995114109,4.025971857642617,98.82591072424458,ICV_113_CASE_6_with_r_theta_phi.csv,0.7807660847630019,0.07020865678828178,0.9975323275523381,0.9881590960032101,-0.15343272462587215,0.0,2.3017354e-05,-2.30173536692746e-05,0.0,ICV_113_CASE_6_with_r_theta_phi.csv
1.488149035,0.9568,-2.106412819,0.0,1420.105441,0.4339609289,326.2763589,832.4787482,15.67053405,0.03630137901,0.04312095115,322.306919478862,131.075161937948,0.295122157143474,826.192527353848,807.334548365193,0.0006691167543644,0.0431247273958782,0.0363014692434201,332.239680072915,113.51081446063978,7.453357986610214,48.45392707899548,72.51024536825452,0.9205738033607016,2.7508232866578246,32.73884297340339,139.9727863387314,ICV_113_CASE_6_with_r_theta_phi.csv,0.15573276787873874,0.5408106882357975,0.8411443392723529,0.6431513837580601,-0.7657390531833234,0.0,7.976879e-06,-7.97687880549347e-06,0.0,ICV_113_CASE_6_with_r_theta_phi.csv
12.1632903,-1.525689415,-2.105296134,0.00337541569,2267.280237,0.4214351799,327.3479032,21.48728234,2.640327474,0.03630106128,0.04311709385,322.306919478862,131.075161937948,0.295122157143474,826.192527353848,807.334548365193,0.0006691167543644,0.0431247273958782,0.0363014692434201,332.239680072915,113.51081446063978,7.453357986610214,48.45392707899548,72.51024536825452,0.9205738033607016,12.438071833083796,352.8505045856191,99.74492800726978,ICV_113_CASE_6_with_r_theta_phi.csv,0.7041584106967985,-0.12445866434424321,0.9922247935168961,0.9855710465180129,-0.16926225883341162,0.00337541569,0.0034204694,-4.5053661112842616e-05,1.3347588930445193,ICV_113_CASE_6_with_r_theta_phi.csv
9.788941858,0.9568,-2.098679229,0.0,1762.362683,0.4365653885,326.2342936,49.98143785,0.3049632836,0.03630106009,0.04311726142,322.306919478862,131.075161937948,0.295122157143474,826.192527353848,807.334548365193,0.0006691167543644,0.0431247273958782,0.0363014692434201,332.239680072915,113.51081446063978,7.453357986610214,48.45392707899548,72.51024536825452,0.9205738033607016,10.057002706847628,5.582525366360471,102.04491432407178,ICV_113_CASE_6_with_r_theta_phi.csv,0.5693585900984012,0.09727936092750882,0.9952571154920398,0.97798431764873,-0.20867839953657896,0.0,2.3017354e-05,-2.30173536692746e-05,0.0,ICV_113_CASE_6_with_r_theta_phi.csv
13.14676863,0.9568,-2.095225208,0.0,1810.524976,0.4352488118,326.6064147,52.70998076,1.26791079,0.03630094326,0.04311641122,322.306919478862,131.075161937948,0.295122157143474,826.192527353848,807.334548365193,0.0006691167543644,0.0431247273958782,0.0363014692434201,332.239680072915,113.51081446063978,7.453357986610214,48.45392707899548,72.51024536825452,0.9205738033607016,13.347020653426394,4.1625528394379785,99.03169091464798,ICV_113_CASE_6_with_r_theta_phi.csv,0.7556168654578277,0.07258636047832115,0.9973621309597188,0.9876016639243701,-0.15698074217500535,0.0,2.3017354e-05,-2.30173536692746e-05,0.0,ICV_113_CASE_6_with_r_theta_phi.csv
16.60134034,-0.2527109796,-2.093241678,0.003375414293,2457.167855,0.4377752704,326.4951255,14.98749853,1.595770381,0.0363011628,0.04311801863,322.306919478862,131.075161937948,0.295122157143474,826.192527353848,807.334548365193,0.0006691167543644,0.0431247273958782,0.0363014692434201,332.239680072915,113.51081446063978,7.453357986610214,48.45392707899548,72.51024536825452,0.9205738033607016,16.734695236132563,359.1278924441184,97.18560345263175,ICV_113_CASE_6_with_r_theta_phi.csv,0.94740379048356,-0.015220560540679266,0.9998841605590257,0.9921461621201862,-0.12508394377451107,0.003375414293,0.0038564894,-0.0004810751418382951,14.252328749494096,ICV_113_CASE_6_with_r_theta_phi.csv
4.643335313,0.9568,-2.093145291,0.0,1760.308797,0.4338437288,325.3700177,470.2536403,7.49029237,0.03630137357,0.0431208124,322.306919478862,131.075161937948,0.295122157143474,826.192527353848,807.334548365193,0.0006691167543644,0.0431247273958782,0.0363014692434201,332.239680072915,113.51081446063978,7.453357986610214,48.45392707899548,72.51024536825452,0.9205738033607016,5.182401593681088,11.643331019568734,113.82189099661956,ICV_113_CASE_6_with_r_theta_phi.csv,0.2933920722416562,0.20181868592780333,0.9794229004931295,0.9148054185335486,-0.40389484550023536,0.0,7.976879e-06,-7.97687880549347e-06,0.0,ICV_113_CASE_6_with_r_theta_phi.csv
1.955935545,0.9568,-2.085143179,0.0,1525.721589,0.4339946437,325.9568294,761.2861057,13.67202662,0.0363013773,0.04312094606,322.306919478862,131.075161937948,0.295122157143474,826.192527353848,807.334548365193,0.0006691167543644,0.0431247273958782,0.0363014692434201,332.239680072915,113.51081446063978,7.453357986610214,48.45392707899548,72.51024536825452,0.9205738033607016,3.014792227189906,26.06684809989963,133.7598666251805,ICV_113_CASE_6_with_r_theta_phi.csv,0.1706768807712194,0.43941948867641945,0.8982819785409001,0.7222448692778559,-0.6916374402834283,0.0,7.976879e-06,-7.97687880549347e-06,0.0,ICV_113_CASE_6_with_r_theta_phi.csv
-0.1570078197,0.9568,-2.083545885,0.0,2287.597125,0.4341919525,326.7907343,925.4529079,19.4491886,0.03630141553,0.04312180766,322.306919478862,131.075161937948,0.295122157143474,826.192527353848,807.334548365193,0.0006691167543644,0.0431247273958782,0.0363014692434201,332.239680072915,113.51081446063978,7.453357986610214,48.45392707899548,72.51024536825452,0.9205738033607016,2.2981038162683998,99.31899987797794,155.0446660345341,ICV_113_CASE_6_with_r_theta_phi.csv,0.13010289316512116,0.9868020726354471,-0.16193106385862466,0.42191160360637964,-0.9066369718593508,0.0,7.351954e-06,-7.35195408196887e-06,0.0,ICV_113_CASE_6_with_r_theta_phi.csv
8.92043431,0.9568,-2.080105582,0.0,1755.708177,0.4387566374,326.3343824,49.59991275,0.3168726133,0.03630104201,0.04311719446,322.306919478862,131.075161937948,0.295122157143474,826.192527353848,807.334548365193,0.0006691167543644,0.0431247273958782,0.0363014692434201,332.239680072915,113.51081446063978,7.453357986610214,48.45392707899548,72.51024536825452,0.9205738033607016,9.209584884851909,6.122102372501331,103.05363794250798,ICV_113_CASE_6_with_r_theta_phi.csv,0.5213835988987641,0.10664763840279817,0.994296877810197,0.9741590479636502,-0.22586312065176725,0.0,2.3017354e-05,-2.30173536692746e-05,0.0,ICV_113_CASE_6_with_r_theta_phi.csv
15.2521432,0.9568,-2.074805608,0.0,2037.761995,0.4345836649,326.7004165,38.46870291,1.829959252,0.03630106264,0.04311734954,322.306919478862,131.075161937948,0.295122157143474,826.192527353848,807.334548365193,0.0006691167543644,0.0431247273958782,0.0363014692434201,332.239680072915,113.51081446063978,7.453357986610214,48.45392707899548,72.51024536825452,0.9205738033607016,15.422326567165362,3.58958463420862,97.73159297675473,ICV_113_CASE_6_with_r_theta_phi.csv,0.8731064678285984,0.06260909477309493,0.9980381261513478,0.9909091688886335,-0.13453259460977365,0.0,2.3017354e-05,-2.30173536692746e-05,0.0,ICV_113_CASE_6_with_r_theta_phi.csv
5.525761371,0.9568,-2.074124169,0.0,1697.243389,0.4337734832,325.1999482,380.2359773,5.395544448,0.0363013669,0.0431205922,322.306919478862,131.075161937948,0.295122157143474,826.192527353848,807.334548365193,0.0006691167543644,0.0431247273958782,0.0363014692434201,332.239680072915,113.51081446063978,7.453357986610214,48.45392707899548,72.51024536825452,0.9205738033607016,5.979255475196368,9.82351096433905,110.2970092504612,ICV_113_CASE_6_with_r_theta_phi.csv,0.338504479558109,0.17061384078513184,0.9853379711208463,0.9379070428292956,-0.34688669477396483,0.0,7.976879e-06,-7.97687880549347e-06,0.0,ICV_113_CASE_6_with_r_theta_phi.csv
15.95680893,0.9568,-2.073970803,0.0,2296.027381,0.4364668152,326.7810219,32.28759873,1.818112559,0.03630112226,0.04311774485,322.306919478862,131.075161937948,0.295122157143474,826.192527353848,807.334548365193,0.0006691167543644,0.0431247273958782,0.0363014692434201,332.239680072915,113.51081446063978,7.453357986610214,48.45392707899548,72.51024536825452,0.9205738033607016,16.119447024021145,3.431453138727477,97.3923189291055,ICV_113_CASE_6_with_r_theta_phi.csv,0.912572651940681,0.05985435917756876,0.9982071206355135,0.9916884198065824,-0.12866265200719162,0.0,0.0002468183,-0.00024681829381734133,0.0,ICV_113_CASE_6_with_r_theta_phi.csv
12.65101306,0.9568,-2.070237531,0.0,1775.280423,0.4353635029,326.378309,60.32552965,0.9888762013,0.03630095003,0.04311641055,322.306919478862,131.075161937948,0.295122157143474,826.192527353848,807.334548365193,0.0006691167543644,0.0431247273958782,0.0363014692434201,332.239680072915,113.51081446063978,7.453357986610214,48.45392707899548,72.51024536825452,0.9205738033607016,12.854939950036778,4.325063555184215,99.2676189419766,ICV_113_CASE_6_with_r_theta_phi.csv,0.7277586274058702,0.07541492985927165,0.9971522393066774,0.986946890182095,-0.1610460678187819,0.0,7.2286675e-06,-7.228667527670041e-06,0.0,ICV_113_CASE_6_with_r_theta_phi.csv
8.065796519,0.9568,-2.06787341,0.0,1792.717027,0.4361898463,325.9483177,99.76440019,1.326031369,0.03630116635,0.04311842124,322.306919478862,131.075161937948,0.295122157143474,826.192527353848,807.334548365193,0.0006691167543644,0.0431247273958782,0.0363014692434201,332.239680072915,113.51081446063978,7.453357986610214,48.45392707899548,72.51024536825452,0.9205738033607016,8.381446185814088,6.765061671050034,104.28352440535376,ICV_113_CASE_6_with_r_theta_phi.csv,0.4745000595546754,0.11779844700979294,0.9930375249113605,0.969086716742604,-0.2467203587729233,0.0,7.976879e-06,-7.97687880549347e-06,0.0,ICV_113_CASE_6_with_r_theta_phi.csv
11.43660294,-1.577034744,-2.067114273,0.003375412431,2240.910485,0.4212436932,327.2653507,19.65902291,2.272014708,0.03630104349,0.04311695192,322.306919478862,131.075161937948,0.295122157143474,826.192527353848,807.334548365193,0.0006691167543644,0.0431247273958782,0.0363014692434201,332.239680072915,113.51081446063978,7.453357986610214,48.45392707899548,72.51024536825452,0.9205738033607016,11.728422178990664,352.1487895715945,100.15130865485094,ICV_113_CASE_6_with_r_theta_phi.csv,0.6639829092779536,-0.13660103920136302,0.9906261434512557,0.984345743471189,-0.17624828314100574,0.003375412431,0.0034204694,-4.5056920112842604e-05,1.33485673293398,ICV_113_CASE_6_with_r_theta_phi.csv
6.386835832,0.9568,-2.062371745,0.0,1698.530011,0.4334184765,325.2774593,294.3346318,3.457540481,0.03630135974,0.04312040782,322.306919478862,131.075161937948,0.295122157143474,826.192527353848,807.334548365193,0.0006691167543644,0.0431247273958782,0.0363014692434201,332.239680072915,113.51081446063978,7.453357986610214,48.45392707899548,72.51024536825452,0.9205738033607016,6.779418514850184,8.52001446478181,107.7106848638586,ICV_113_CASE_6_with_r_theta_phi.csv,0.38380422873645537,0.1481548834529266,0.9889641704880161,0.9526047667625803,-0.30421071371864916,0.0,7.976879e-06,-7.97687880549347e-06,0.0,ICV_113_CASE_6_with_r_theta_phi.csv
7.229071109,0.9568,-2.059565798,0.0,1792.570065,0.4329491488,325.5360106,203.119722,2.623283974,0.03630133216,0.0431200337,322.306919478862,131.075161937948,0.295122157143474,826.192527353848,807.334548365193,0.0006691167543644,0.0431247273958782,0.0363014692434201,332.239680072915,113.51081446063978,7.453357986610214,48.45392707899548,72.51024536825452,0.9205738033607016,7.577383889923347,7.539532198531049,105.7716636162304,ICV_113_CASE_6_with_r_theta_phi.csv,0.4289795612030215,0.1312102253583604,0.9913545666215535,0.9623525356369053,-0.27180433615602795,0.0,7.976879e-06,-7.97687880549347e-06,0.0,ICV_113_CASE_6_with_r_theta_phi.csv
2.480497878,0.9568,-2.05636666,0.0,1686.479513,0.4340187269,325.7869236,687.4182126,12.28274789,0.03630137805,0.04312099027,322.306919478862,131.075161937948,0.295122157143474,826.192527353848,807.334548365193,0.0006691167543644,0.0431247273958782,0.0363014692434201,332.239680072915,113.51081446063978,7.453357986610214,48.45392707899548,72.51024536825452,0.9205738033607016,3.361098005581221,21.09307406887291,127.72077952027882,ICV_113_CASE_6_with_r_theta_phi.csv,0.19028234131201827,0.35988402978520045,0.9329970445320633,0.7910016977861932,-0.6118139538285801,0.0,7.976879e-06,-7.97687880549347e-06,0.0,ICV_113_CASE_6_with_r_theta_phi.csv
-0.7001123484,0.9568,-2.056274074,0.0,3324.669827,0.4343201697,326.6188905,890.0441324,18.68498159,0.03630142436,0.04312207241,322.306919478862,131.075161937948,0.295122157143474,826.192527353848,807.334548365193,0.0006691167543644,0.0431247273958782,0.0363014692434201,332.239680072915,113.51081446063978,7.453357986610214,48.45392707899548,72.51024536825452,0.9205738033607016,2.373580967185809,126.19378403286912,150.03345703383718,ICV_113_CASE_6_with_r_theta_phi.csv,0.13437589233630765,0.807024381667744,-0.5905181177523645,0.49949421189441207,-0.8663172238181464,0.0,1.3471495e-07,-1.3471495208250417e-07,0.0,ICV_113_CASE_6_with_r_theta_phi.csv
12.82288235,-1.594962253,-2.053313276,0.003375416156,2293.748629,0.4216172131,327.3581833,22.56536999,2.868733938,0.03630107437,0.043117203,322.306919478862,131.075161937948,0.295122157143474,826.192527353848,807.334548365193,0.0006691167543644,0.0431247273958782,0.0363014692434201,332.239680072915,113.51081446063978,7.453357986610214,48.45392707899548,72.51024536825452,0.9205738033607016,13.083818699440704,352.90973373303194,99.02905576063527,ICV_113_CASE_6_with_r_theta_phi.csv,0.7407161740887777,-0.1234328919617682,0.9923529216876193,0.9876088827560048,-0.1569353201208577,0.003375416156,0.0036389534,-0.00026353728016604823,7.807549288982332,ICV_113_CASE_6_with_r_theta_phi.csv
9.05348511,-1.60209691,-2.047751325,0.00337525201,2207.604289,0.4325675993,326.2085558,84.05130262,3.850705463,0.03630132227,0.04311998635,322.306919478862,131.075161937948,0.295122157143474,826.192527353848,807.334548365193,0.0006691167543644,0.0431247273958782,0.0363014692434201,332.239680072915,113.51081446063978,7.453357986610214,48.45392707899548,72.51024536825452,0.9205738033607016,9.419426343204904,349.9648760889309,102.55616905054252,ICV_113_CASE_6_with_r_theta_phi.csv,0.533263384591842,-0.17425185962350043,0.9847011167952192,0.976083354715442,-0.2173966067983779,0.00337525201,0.0038837544,-0.0005085023588714504,15.065611611051061,ICV_113_CASE_6_with_r_theta_phi.csv
8.311877659,-1.6075679,-2.043459187,0.003375423141,2484.84704,0.4333355466,326.4090791,144.8993307,6.796693709,0.03630135023,0.04312042165,322.306919478862,131.075161937948,0.295122157143474,826.192527353848,807.334548365193,0.0006691167543644,0.0431247273958782,0.0363014692434201,332.239680072915,113.51081446063978,7.453357986610214,48.45392707899548,72.51024536825452,0.9205738033607016,8.70903612463678,349.05379525660004,103.57020636277122,ICV_113_CASE_6_with_r_theta_phi.csv,0.49304595748622454,-0.1898872573767011,0.9818059021445912,0.9720831423742509,-0.2346366644661526,0.003375423141,0.003884503,-0.0005090797783907975,15.081954379478432,ICV_113_CASE_6_with_r_theta_phi.csv
12.06662385,0.9568,-2.041988069,0.0,1728.995155,0.4336907587,326.0334038,51.32798972,0.708533845,0.03630098947,0.04311665508,322.306919478862,131.075161937948,0.295122157143474,826.192527353848,807.334548365193,0.0006691167543644,0.0431247273958782,0.0363014692434201,332.239680072915,113.51081446063978,7.453357986610214,48.45392707899548,72.51024536825452,0.9205738033607016,12.275528202538869,4.533674130511884,99.57544973008449,ICV_113_CASE_6_with_r_theta_phi.csv,0.6949563039643898,0.07904499483528465,0.9968710492292822,0.9860674041349587,-0.1663462488382107,0.0,2.3017354e-05,-2.30173536692746e-05,0.0,ICV_113_CASE_6_with_r_theta_phi.csv
15.57251901,-1.534622534,-2.040185949,0.003375417786,2404.916504,0.4317532475,326.9700845,13.79979043,1.77236718,0.03630112837,0.04311767506,322.306919478862,131.075161937948,0.295122157143474,826.192527353848,807.334548365193,0.0006691167543644,0.0431247273958782,0.0363014692434201,332.239680072915,113.51081446063978,7.453357986610214,48.45392707899548,72.51024536825452,0.9205738033607016,15.780392052961457,354.3718542662916,97.4283429367248,ICV_113_CASE_6_with_r_theta_phi.csv,0.8933776824338161,-0.09807177921747648,0.9951793436969633,0.991607328759636,-0.12928613827545146,0.003375417786,0.003911402,-0.000535984290482773,15.87905036665534,ICV_113_CASE_6_with_r_theta_phi.csv
14.33320583,0.9568,-2.035996733,0.0,1810.412162,0.4328669468,326.351461,52.73906607,1.829423456,0.03630096941,0.04311669482,322.306919478862,131.075161937948,0.295122157143474,826.192527353848,807.334548365193,0.0006691167543644,0.0431247273958782,0.0363014692434201,332.239680072915,113.51081446063978,7.453357986610214,48.45392707899548,72.51024536825452,0.9205738033607016,14.508671141835585,3.819061184126895,98.06692207348408,ICV_113_CASE_6_with_r_theta_phi.csv,0.8213815573393803,0.06660584574028926,0.9977793650468127,0.9901048376460453,-0.14032964929015626,0.0,2.3017354e-05,-2.30173536692746e-05,0.0,ICV_113_CASE_6_with_r_theta_phi.csv
13.93523259,0.9568,-2.026882208,0.0,1773.522308,0.4330326394,326.1455568,43.98825064,1.145371617,0.03630094394,0.04311647751,322.306919478862,131.075161937948,0.295122157143474,826.192527353848,807.334548365193,0.0006691167543644,0.0431247273958782,0.0363014692434201,332.239680072915,113.51081446063978,7.453357986610214,48.45392707899548,72.51024536825452,0.9205738033607016,14.114334028302755,3.927792239960013,98.25647856198611,ICV_113_CASE_6_with_r_theta_phi.csv,0.7990568916781438,0.0684992254606288,0.9976511695534136,0.9896351554613682,-0.14360452317024583,0.0,2.3017354e-05,-2.30173536692746e-05,0.0,ICV_113_CASE_6_with_r_theta_phi.csv
14.73117401,0.9568,-2.026719057,0.0,1846.566369,0.4328968362,326.5947166,60.43872862,2.108479465,0.03630099323,0.04311687242,322.306919478862,131.075161937948,0.295122157143474,826.192527353848,807.334548365193,0.0006691167543644,0.0431247273958782,0.0363014692434201,332.239680072915,113.51081446063978,7.453357986610214,48.45392707899548,72.51024536825452,0.9205738033607016,14.900689383008642,3.7161809193338513,97.81732345590468,ICV_113_CASE_6_with_r_theta_phi.csv,0.8435749443348094,0.0648141273432737,0.9978973538880288,0.9907067614011605,-0.13601512016692863,0.0,7.2286675e-06,-7.228667527670041e-06,0.0,ICV_113_CASE_6_with_r_theta_phi.csv
16.07992939,-1.287161147,-2.025674552,0.003375416854,2429.214175,0.4373931313,326.7952741,13.3157331,1.609307689,0.03630114226,0.04311780643,322.306919478862,131.075161937948,0.295122157143474,826.192527353848,807.334548365193,0.0006691167543644,0.0431247273958782,0.0363014692434201,332.239680072915,113.51081446063978,7.453357986610214,48.45392707899548,72.51024536825452,0.9205738033607016,16.258052478582805,355.42336388943204,97.15737704329962,ICV_113_CASE_6_with_r_theta_phi.csv,0.9204195431556393,-0.07979245437427183,0.9968114988426496,0.9922076635485406,-0.12459515398098775,0.003375416854,0.0038689277,-0.0004935108594835719,14.62073813942521,ICV_113_CASE_6_with_r_theta_phi.csv
3.111325751,0.9568,-2.020535193,0.0,1784.973703,0.4340157035,325.7067817,662.7112681,11.61302222,0.03630137823,0.04312100468,322.306919478862,131.075161937948,0.295122157143474,826.192527353848,807.334548365193,0.0006691167543644,0.0431247273958782,0.0363014692434201,332.239680072915,113.51081446063978,7.453357986610214,48.45392707899548,72.51024536825452,0.9205738033607016,3.831236958866844,17.09379575524457,121.82890937873368,ICV_113_CASE_6_with_r_theta_phi.csv,0.21689838780177248,0.293936825941261,0.9558248492038575,0.8496267019717338,-0.5273845535248777,0.0,7.976879e-06,-7.97687880549347e-06,0.0,ICV_113_CASE_6_with_r_theta_phi.csv
-0.5990568118,-1.524454197,-2.01920042,0.00337544037,8157.454585,0.4352351249,334.379133,439.0247352,32.19698345,0.03630144721,0.04312305616,322.306919478862,131.075161937948,0.295122157143474,826.192527353848,807.334548365193,0.0006691167543644,0.0431247273958782,0.0363014692434201,332.239680072915,113.51081446063978,7.453357986610214,48.45392707899548,72.51024536825452,0.9205738033607016,2.5999999997390524,248.54692115429987,140.95173403129843,ICV_113_CASE_6_with_r_theta_phi.csv,0.14719418670329473,-0.9307173943069629,-0.36573915832797743,0.6299748354903529,-0.7766155462317907,0.00337544037,0.0035612409,-0.00018580048374176482,5.504481291924585,ICV_113_CASE_6_with_r_theta_phi.csv
9.72211623,-1.638857061,-2.018451767,0.003375269938,1928.037495,0.4267943123,327.082896,23.91000333,0.9647763971,0.0363011575,0.04311817599,322.306919478862,131.075161937948,0.295122157143474,826.192527353848,807.334548365193,0.0006691167543644,0.0431247273958782,0.0363014692434201,332.239680072915,113.51081446063978,7.453357986610214,48.45392707899548,72.51024536825452,0.9205738033607016,10.063773844424585,350.43160547485286,101.57006435804482,ICV_113_CASE_6_with_r_theta_phi.csv,0.569741925517169,-0.1662248266337006,0.9860878799633409,0.9796801741825859,-0.20056608964024325,0.003375269938,0.0034204694,-4.519941311284265e-05,1.3391347634326989,ICV_113_CASE_6_with_r_theta_phi.csv
11.39038172,0.9568,-2.012695877,0.0,1703.412559,0.4329410527,325.9776526,55.7204471,0.5768555773,0.03630100901,0.04311680123,322.306919478862,131.075161937948,0.295122157143474,826.192527353848,807.334548365193,0.0006691167543644,0.0431247273958782,0.0363014692434201,332.239680072915,113.51081446063978,7.453357986610214,48.45392707899548,72.51024536825452,0.9205738033607016,11.606343380264216,4.80161298735942,99.9863430567284,ICV_113_CASE_6_with_r_theta_phi.csv,0.6570716440879312,0.0837058965065513,0.9964905031609858,0.9848491155769811,-0.17341343531352496,0.0,7.976879e-06,-7.97687880549347e-06,0.0,ICV_113_CASE_6_with_r_theta_phi.csv
0.7373979348,0.9568,-2.012674828,0.0,1239.748493,0.4334312227,327.3649095,785.8348993,18.30308811,0.03630138456,0.04312097971,322.306919478862,131.075161937948,0.295122157143474,826.192527353848,807.334548365193,0.0006691167543644,0.0431247273958782,0.0363014692434201,332.239680072915,113.51081446063978,7.453357986610214,48.45392707899548,72.51024536825452,0.9205738033607016,2.347356367812978,52.37885271656859,149.02833811665016,ICV_113_CASE_6_with_r_theta_phi.csv,0.13289123519142648,0.792064391084615,0.6104375483010183,0.5146140626089848,-0.8574219303033227,0.0,7.351954e-06,-7.35195408196887e-06,0.0,ICV_113_CASE_6_with_r_theta_phi.csv
1.134273072,0.9568,-2.010240238,0.0,1392.784322,0.4327941974,327.7900888,702.8080643,17.44333038,0.03630137916,0.04312091457,322.306919478862,131.075161937948,0.295122157143474,826.192527353848,807.334548365193,0.0006691167543644,0.0431247273958782,0.0363014692434201,332.239680072915,113.51081446063978,7.453357986610214,48.45392707899548,72.51024536825452,0.9205738033607016,2.498621111000749,40.14883151839638,143.56583887385932,ICV_113_CASE_6_with_r_theta_phi.csv,0.14145480859628856,0.644775315902891,0.7643721554336782,0.59389867820198,-0.8045398436559504,0.0,7.976879e-06,-7.97687880549347e-06,0.0,ICV_113_CASE_6_with_r_theta_phi.csv
0.3455193126,0.9568,-2.008676937,0.0,1435.269342,0.4336957499,327.3271165,839.2279914,19.41762778,0.03630139539,0.04312122224,322.306919478862,131.075161937948,0.295122157143474,826.192527353848,807.334548365193,0.0006691167543644,0.0431247273958782,0.0363014692434201,332.239680072915,113.51081446063978,7.453357986610214,48.45392707899548,72.51024536825452,0.9205738033607016,2.2515845248658284,70.14435116011839,153.14049147651622,ICV_113_CASE_6_with_r_theta_phi.csv,0.12746928960177412,0.9405513241604578,0.33965159593325844,0.45180435452126705,-0.8921170468249227,0.0,7.351954e-06,-7.35195408196887e-06,0.0,ICV_113_CASE_6_with_r_theta_phi.csv
13.5245557,0.9568,-2.005660745,0.0,1733.375011,0.4327588106,326.526196,38.22834842,0.7807720793,0.03630093426,0.04311632842,322.306919478862,131.075161937948,0.295122157143474,826.192527353848,807.334548365193,0.0006691167543644,0.0431247273958782,0.0363014692434201,332.239680072915,113.51081446063978,7.453357986610214,48.45392707899548,72.51024536825452,0.9205738033607016,13.705901945747184,4.0466703167941205,98.41462577622816,ICV_113_CASE_6_with_r_theta_phi.csv,0.7759342654391691,0.07056901699927332,0.9975068991439389,0.9892350104166929,-0.14633555332141737,0.0,2.3017354e-05,-2.30173536692746e-05,0.0,ICV_113_CASE_6_with_r_theta_phi.csv
-1.194650442,-1.146891334,-2.0043579,0.003375433851,6797.085639,0.4349408566,332.519742,437.1093147,28.83464158,0.03630144208,0.04312277146,322.306919478862,131.075161937948,0.295122157143474,826.192527353848,807.334548365193,0.0006691167543644,0.0431247273958782,0.0363014692434201,332.239680072915,113.51081446063978,7.453357986610214,48.45392707899548,72.51024536825452,0.9205738033607016,2.6000000003591355,223.8315322902677,140.43539627660118,ICV_113_CASE_6_with_r_theta_phi.csv,0.14719418673839957,-0.6925402842071403,-0.7213792031589857,0.6369478592606943,-0.7709068845089001,0.003375433851,0.0035739332,-0.00019849929961926862,5.880704772266668,ICV_113_CASE_6_with_r_theta_phi.csv
15.86640456,0.9568,-1.998822397,0.0,2211.254142,0.4358567314,326.5238764,34.80940369,1.739660369,0.0363011094,0.04311767117,322.306919478862,131.075161937948,0.295122157143474,826.192527353848,807.334548365193,0.0006691167543644,0.0431247273958782,0.0363014692434201,332.239680072915,113.51081446063978,7.453357986610214,48.45392707899548,72.51024536825452,0.9205738033607016,16.02041044656277,3.4509579206944068,97.16731439536365,ICV_113_CASE_6_with_r_theta_phi.csv,0.9069658794505555,0.0601941680312516,0.9981866870155229,0.9921860389024587,-0.12476724011954722,0.0,0.00016619654,-0.00016619653615634888,0.0,ICV_113_CASE_6_with_r_theta_phi.csv
-1.36137577,0.9568,-1.997796229,0.003375415225,4314.717164,0.4330907097,327.3975948,191.3948449,9.150771362,0.03630143755,0.04312252824,322.306919478862,131.075161937948,0.295122157143474,826.192527353848,807.334548365193,0.0006691167543644,0.0431247273958782,0.0363014692434201,332.239680072915,113.51081446063978,7.453357986610214,48.45392707899548,72.51024536825452,0.9205738033607016,2.599999999951868,144.89974409745955,140.20891966848006,ICV_113_CASE_6_with_r_theta_phi.csv,0.14719418671534287,0.5750089061739029,-0.818147149246816,0.6399900872066089,-0.7683831650142247,0.003375415225,0.0028056537,0.0005697614983179332,16.87974545854979,ICV_113_CASE_6_with_r_theta_phi.csv
1.555692798,0.9568,-1.992411425,0.0,1405.427307,0.43321152,327.0524442,657.9110403,15.17079016,0.03630137309,0.04312080361,322.306919478862,131.075161937948,0.295122157143474,826.192527353848,807.334548365193,0.0006691167543644,0.0431247273958782,0.0363014692434201,332.239680072915,113.51081446063978,7.453357986610214,48.45392707899548,72.51024536825452,0.9205738033607016,2.7028410253323445,31.59282319880197,137.4895834422531,ICV_113_CASE_6_with_r_theta_phi.csv,0.15301634098154726,0.5238792155569655,0.8517925613125642,0.6757242358507792,-0.737154500144902,0.0,7.976879e-06,-7.97687880549347e-06,0.0,ICV_113_CASE_6_with_r_theta_phi.csv
10.28739187,-1.679766448,-1.984536389,0.003375564003,1972.396582,0.4244900359,327.6075631,15.16387183,1.029189115,0.0363010881,0.04311742072,322.306919478862,131.075161937948,0.295122157143474,826.192527353848,807.334548365193,0.0006691167543644,0.0431247273958782,0.0363014692434201,332.239680072915,113.51081446063978,7.453357986610214,48.45392707899548,72.51024536825452,0.9205738033607016,10.610863842592355,350.7263552046887,100.77943481826104,ICV_113_CASE_6_with_r_theta_phi.csv,0.600714412956359,-0.16114986510050042,0.9869299473509204,0.9823544442528934,-0.18702873002987805,0.003375564003,0.0034204694,-4.49053481128424e-05,1.3303065223953727,ICV_113_CASE_6_with_r_theta_phi.csv
10.62079413,0.9568,-1.984085714,0.0,1755.994677,0.433447416,325.9993301,58.20573055,0.6287045399,0.03630106845,0.04311732107,322.306919478862,131.075161937948,0.295122157143474,826.192527353848,807.334548365193,0.0006691167543644,0.0431247273958782,0.0363014692434201,332.239680072915,113.51081446063978,7.453357986610214,48.45392707899548,72.51024536825452,0.9205738033607016,10.84681198842966,5.147733383796151,100.5398173885959,ICV_113_CASE_6_with_r_theta_phi.csv,0.6140721804310353,0.08972407242461868,0.9959666615040594,0.9831280265619995,-0.18291878905215928,0.0,7.976879e-06,-7.97687880549347e-06,0.0,ICV_113_CASE_6_with_r_theta_phi.csv
3.853309364,0.9568,-1.981789426,0.0,1721.828887,0.4339172151,325.5376338,599.4205914,9.800571024,0.03630137567,0.04312091012,322.306919478862,131.075161937948,0.295122157143474,826.192527353848,807.334548365193,0.0006691167543644,0.0431247273958782,0.0363014692434201,332.239680072915,113.51081446063978,7.453357986610214,48.45392707899548,72.51024536825452,0.9205738033607016,4.437448436173145,13.944859737223853,116.52611194327164,ICV_113_CASE_6_with_r_theta_phi.csv,0.25121792833302614,0.24098799135040122,0.9705280974937814,0.8947309187542836,-0.44660562359325,0.0,7.976879e-06,-7.97687880549347e-06,0.0,ICV_113_CASE_6_with_r_theta_phi.csv
-0.05239025304,0.9568,-1.977506836,0.0,1942.47208,0.4331315274,327.9989438,882.3058502,21.23838163,0.03630141216,0.04312169797,322.306919478862,131.075161937948,0.295122157143474,826.192527353848,807.334548365193,0.0006691167543644,0.0431247273958782,0.0363014692434201,332.239680072915,113.51081446063978,7.453357986610214,48.45392707899548,72.51024536825452,0.9205738033607016,2.1974403894168155,93.13414072528415,154.14673325695912,ICV_113_CASE_6_with_r_theta_phi.csv,0.12440401960832398,0.9985042692208693,-0.05467379946279368,0.4360679195640652,-0.8999137567162022,0.0,7.351954e-06,-7.35195408196887e-06,0.0,ICV_113_CASE_6_with_r_theta_phi.csv
13.08086802,0.9568,-1.97650448,0.0,1731.63138,0.4323210777,326.7791928,46.82505483,0.7323838963,0.0363009457,0.04311638024,322.306919478862,131.075161937948,0.295122157143474,826.192527353848,807.334548365193,0.0006691167543644,0.0431247273958782,0.0363014692434201,332.239680072915,113.51081446063978,7.453357986610214,48.45392707899548,72.51024536825452,0.9205738033607016,13.263903812834243,4.1834492576657,98.56977815597998,ICV_113_CASE_6_with_r_theta_phi.csv,0.750911359398775,0.07295010488204481,0.9973355915626889,0.9888351190047343,-0.14901378266084275,0.0,2.3017354e-05,-2.30173536692746e-05,0.0,ICV_113_CASE_6_with_r_theta_phi.csv
15.13892306,0.9568,-1.972417682,0.0,1900.014963,0.4334102233,326.3626046,60.21944699,2.094787413,0.03630101909,0.04311706813,322.306919478862,131.075161937948,0.295122157143474,826.192527353848,807.334548365193,0.0006691167543644,0.0431247273958782,0.0363014692434201,332.239680072915,113.51081446063978,7.453357986610214,48.45392707899548,72.51024536825452,0.9205738033607016,15.296826114225984,3.616359242863382,97.40851295407144,ICV_113_CASE_6_with_r_theta_phi.csv,0.8660014920196903,0.06307547620336895,0.9980087596317571,0.9916520151062816,-0.1289429367419983,0.0,7.2286675e-06,-7.228667527670041e-06,0.0,ICV_113_CASE_6_with_r_theta_phi.csv
11.80152612,-1.694219289,-1.97221221,0.003375416854,2249.814866,0.4213349527,327.3611068,21.20884951,2.574550716,0.03630105157,0.04311701649,322.306919478862,131.075161937948,0.295122157143474,826.192527353848,807.334548365193,0.0006691167543644,0.0431247273958782,0.0363014692434201,332.239680072915,113.51081446063978,7.453357986610214,48.45392707899548,72.51024536825452,0.9205738033607016,12.084536348637252,351.8304733098018,99.39276104742872,ICV_113_CASE_6_with_r_theta_phi.csv,0.684143653731765,-0.14210249157689392,0.9898519494791324,0.9865927889157212,-0.1632013139024904,0.003375416854,0.0034204694,-4.5052497112842496e-05,1.3347239481282527,ICV_113_CASE_6_with_r_theta_phi.csv
-0.6036024935,0.9568,-1.971691226,0.0,2981.64589,0.4342809572,327.0239734,942.4913566,20.77565436,0.03630142119,0.04312196007,322.306919478862,131.075161937948,0.295122157143474,826.192527353848,807.334548365193,0.0006691167543644,0.0431247273958782,0.0363014692434201,332.239680072915,113.51081446063978,7.453357986610214,48.45392707899548,72.51024536825452,0.9205738033607016,2.273184660524701,122.24600160335171,150.15439181599925,ICV_113_CASE_6_with_r_theta_phi.csv,0.12869214129458476,0.8457650580330202,-0.5335554953427076,0.49766455606574217,-0.8673695807646749,0.0,1.3471495e-07,-1.3471495208250417e-07,0.0,ICV_113_CASE_6_with_r_theta_phi.csv
12.44332104,-1.703706877,-1.964022118,0.003375416854,2278.935107,0.4215066814,327.4323821,22.7742022,2.89413359,0.0363010655,0.04311713042,322.306919478862,131.075161937948,0.295122157143474,826.192527353848,807.334548365193,0.0006691167543644,0.0431247273958782,0.0363014692434201,332.239680072915,113.51081446063978,7.453357986610214,48.45392707899548,72.51024536825452,0.9205738033607016,12.712050916639573,352.2036884912164,98.88784581939512,ICV_113_CASE_6_with_r_theta_phi.csv,0.7196692293051654,-0.13565179145691536,0.9907565752870529,0.9879926623272466,-0.15450080642999692,0.003375416854,0.0034204694,-4.5052497112842496e-05,1.3347239481282527,ICV_113_CASE_6_with_r_theta_phi.csv
2.020172437,0.9568,-1.963085203,0.0,1366.651599,0.4338691853,326.0733283,614.1982941,12.62573896,0.03630137194,0.04312080564,322.306919478862,131.075161937948,0.295122157143474,826.192527353848,807.334548365193,0.0006691167543644,0.0431247273958782,0.0363014692434201,332.239680072915,113.51081446063978,7.453357986610214,48.45392707899548,72.51024536825452,0.9205738033607016,2.974939735431975,25.343308459529908,131.29025941093903,ICV_113_CASE_6_with_r_theta_phi.csv,0.16842070572775897,0.4280411148268163,0.9037592622030582,0.7513763264612136,-0.6598739395018202,0.0,7.976879e-06,-7.97687880549347e-06,0.0,ICV_113_CASE_6_with_r_theta_phi.csv
7.543776384,-1.706241382,-1.961820671,0.003375423141,2910.141359,0.4336246658,326.9748467,221.2206276,10.32160267,0.03630136776,0.04312078456,322.306919478862,131.075161937948,0.295122157143474,826.192527353848,807.334548365193,0.0006691167543644,0.0431247273958782,0.0363014692434201,332.239680072915,113.51081446063978,7.453357986610214,48.45392707899548,72.51024536825452,0.9205738033607016,7.979258244386396,347.25535352426743,104.23296083096818,ICV_113_CASE_6_with_r_theta_phi.csv,0.4517309338061127,-0.2206063013635466,0.975362937474403,0.9693040702757056,-0.24586504295436132,0.003375423141,0.003884503,-0.0005090797783907975,15.081954379478432,ICV_113_CASE_6_with_r_theta_phi.csv
9.764991078,0.9568,-1.952173077,0.0,1782.123054,0.4352037243,326.0577812,52.56210824,0.6199673393,0.03630113007,0.04311786699,322.306919478862,131.075161937948,0.295122157143474,826.192527353848,807.334548365193,0.0006691167543644,0.0431247273958782,0.0363014692434201,332.239680072915,113.51081446063978,7.453357986610214,48.45392707899548,72.51024536825452,0.9205738033607016,10.004074005922948,5.596130924260876,101.2527740881734,ICV_113_CASE_6_with_r_theta_phi.csv,0.5663621296804581,0.09751569371071471,0.9952339873015381,0.9807758335709241,-0.1951378084412627,0.0,2.3017354e-05,-2.30173536692746e-05,0.0,ICV_113_CASE_6_with_r_theta_phi.csv
-1.298557757,0.9568,-1.951026704,0.001711932942,4041.243925,0.4335861575,326.6901983,291.1953078,9.277024662,0.03630143502,0.04312242333,322.306919478862,131.075161937948,0.295122157143474,826.192527353848,807.334548365193,0.0006691167543644,0.0431247273958782,0.0363014692434201,332.239680072915,113.51081446063978,7.453357986610214,48.45392707899548,72.51024536825452,0.9205738033607016,2.531446955396454,143.61656418401736,140.41822978076027,ICV_113_CASE_6_with_r_theta_phi.csv,0.14331318300750379,0.5931861673745822,-0.8050653208500874,0.6371788035246286,-0.7707160127692448,0.001711932942,0.0019768327,-0.0002648998054594117,15.473725565161445,ICV_113_CASE_6_with_r_theta_phi.csv
4.678855932,0.9568,-1.946304085,0.0,1678.274068,0.4338160999,325.3308296,460.6402332,7.082216377,0.03630137112,0.04312073727,322.306919478862,131.075161937948,0.295122157143474,826.192527353848,807.334548365193,0.0006691167543644,0.0431247273958782,0.0363014692434201,332.239680072915,113.51081446063978,7.453357986610214,48.45392707899548,72.51024536825452,0.9205738033607016,5.157059109967548,11.557324950378472,112.17308501988629,ICV_113_CASE_6_with_r_theta_phi.csv,0.2919573544417984,0.200348258079518,0.9797247447546188,0.9260479752544215,-0.3774058127893453,0.0,7.976879e-06,-7.97687880549347e-06,0.0,ICV_113_CASE_6_with_r_theta_phi.csv
15.08,-1.729025761,-1.94176979,0.003375416854,2398.622478,0.4214209448,327.3013372,15.43504204,2.144537793,0.03630111455,0.04311754998,322.306919478862,131.075161937948,0.295122157143474,826.192527353848,807.334548365193,0.0006691167543644,0.0431247273958782,0.0363014692434201,332.239680072915,113.51081446063978,7.453357986610214,48.45392707899548,72.51024536825452,0.9205738033607016,15.302496528330217,353.45920704138456,97.29004993525888,ICV_113_CASE_6_with_r_theta_phi.csv,0.8663225120167777,-0.11391057980090387,0.9934910064059069,0.9919164938496198,-0.1268923529180429,0.003375416854,0.0036389534,-0.000263536582166048,7.807526995537503,ICV_113_CASE_6_with_r_theta_phi.csv
12.58872229,0.9568,-1.941749726,0.0,1737.318182,0.4320507236,326.4619112,39.97676507,0.5328677632,0.03630101309,0.04311684584,322.306919478862,131.075161937948,0.295122157143474,826.192527353848,807.334548365193,0.0006691167543644,0.0431247273958782,0.0363014692434201,332.239680072915,113.51081446063978,7.453357986610214,48.45392707899548,72.51024536825452,0.9205738033607016,12.773479836487938,4.34638277155409,98.74366779005165,ICV_113_CASE_6_with_r_theta_phi.csv,0.7231469138813383,0.0757859555249038,0.9971241090983496,0.9883783167907876,-0.15201415361014745,0.0,2.3017354e-05,-2.30173536692746e-05,0.0,ICV_113_CASE_6_with_r_theta_phi.csv
10.76915853,-1.734744437,-1.936662526,0.003375469008,2120.275622,0.4218680903,327.4359736,16.15091403,1.422458035,0.0363010496,0.04311704487,322.306919478862,131.075161937948,0.295122157143474,826.192527353848,807.334548365193,0.0006691167543644,0.0431247273958782,0.0363014692434201,332.239680072915,113.51081446063978,7.453357986610214,48.45392707899548,72.51024536825452,0.9205738033607016,11.078572807252156,350.84914750205337,100.06769189189242,ICV_113_CASE_6_with_r_theta_phi.csv,0.6271928901386086,-0.1590343775739726,0.9872730456918487,0.9846019097423065,-0.17481155377091848,0.003375469008,0.0034204694,-4.5000343112842726e-05,1.3331582364660581,ICV_113_CASE_6_with_r_theta_phi.csv
8.906462236,0.9568,-1.925280516,0.0,1759.618061,0.4381553642,326.373332,50.531005,0.4767257001,0.03630107773,0.04311750213,322.306919478862,131.075161937948,0.295122157143474,826.192527353848,807.334548365193,0.0006691167543644,0.0431247273958782,0.0363014692434201,332.239680072915,113.51081446063978,7.453357986610214,48.45392707899548,72.51024536825452,0.9205738033607016,9.16227269112764,6.1316333587827785,102.13004843223293,ICV_113_CASE_6_with_r_theta_phi.csv,0.5187051066383443,0.10681303532027756,0.9942791235290366,0.9776731690842657,-0.21013132668102752,0.0,2.3017354e-05,-2.30173536692746e-05,0.0,ICV_113_CASE_6_with_r_theta_phi.csv
2.542029301,0.9568,-1.92374234,0.0,1444.94898,0.4337609628,325.8824603,528.2972617,10.40434343,0.03630137073,0.04312078182,322.306919478862,131.075161937948,0.295122157143474,826.192527353848,807.334548365193,0.0006691167543644,0.0431247273958782,0.0363014692434201,332.239680072915,113.51081446063978,7.453357986610214,48.45392707899548,72.51024536825452,0.9205738033607016,3.3283875672540333,20.625946043371016,125.30861051837138,ICV_113_CASE_6_with_r_theta_phi.csv,0.18843050040172524,0.35226550115102107,0.9359001104278276,0.8160507393250537,-0.5779802685620274,0.0,7.976879e-06,-7.97687880549347e-06,0.0,ICV_113_CASE_6_with_r_theta_phi.csv
-1.683612556,0.4854816363,-1.920873849,0.003375420347,4860.072014,0.4339386466,328.690447,225.2586241,14.63983895,0.03630143687,0.04312245649,322.306919478862,131.075161937948,0.295122157143474,826.192527353848,807.334548365193,0.0006691167543644,0.0431247273958782,0.0363014692434201,332.239680072915,113.51081446063978,7.453357986610214,48.45392707899548,72.51024536825452,0.9205738033607016,2.600000000322587,163.91470795088446,137.62909292516076,ICV_113_CASE_6_with_r_theta_phi.csv,0.14719418673633045,0.2770680100751711,-0.9608503097741005,0.6739273371740161,-0.7387976341391058,0.003375420347,0.0038971952,-0.000521774869268301,15.45807086152877,ICV_113_CASE_6_with_r_theta_phi.csv
5.552656636,0.9568,-1.918860106,0.0,1650.651522,0.4337592378,325.1522441,364.22123,4.903144656,0.03630136497,0.04312053103,322.306919478862,131.075161937948,0.295122157143474,826.192527353848,807.334548365193,0.0006691167543644,0.0431247273958782,0.0363014692434201,332.239680072915,113.51081446063978,7.453357986610214,48.45392707899548,72.51024536825452,0.9205738033607016,5.952267304457451,9.776849510916804,108.80659477048113,ICV_113_CASE_6_with_r_theta_phi.csv,0.33697659423390774,0.16981132899643311,0.985476591576109,0.9466121609159006,-0.32237465285926115,0.0,7.976879e-06,-7.97687880549347e-06,0.0,ICV_113_CASE_6_with_r_theta_phi.csv
15.75332553,0.9568,-1.916165452,0.0,2124.777578,0.4350743264,326.2369915,38.39658971,1.677655224,0.03630109103,0.04311756677,322.306919478862,131.075161937948,0.295122157143474,826.192527353848,807.334548365193,0.0006691167543644,0.0431247273958782,0.0363014692434201,332.239680072915,113.51081446063978,7.453357986610214,48.45392707899548,72.51024536825452,0.9205738033607016,15.898252153415738,3.475668750341015,96.92250664820102,ICV_113_CASE_6_with_r_theta_phi.csv,0.9000501138310767,0.06062466570256488,0.9981606333193331,0.9927100737714615,-0.12052679964497323,0.0,0.00020867122,-0.00020867121929768473,0.0,ICV_113_CASE_6_with_r_theta_phi.csv
13.45256877,-1.763066224,-1.910915354,0.003375414992,2314.688763,0.4215376536,327.5379355,22.6268844,2.984118282,0.03630108357,0.04311728228,322.306919478862,131.075161937948,0.295122157143474,826.192527353848,807.334548365193,0.0006691167543644,0.0431247273958782,0.0363014692434201,332.239680072915,113.51081446063978,7.453357986610214,48.45392707899548,72.51024536825452,0.9205738033607016,13.701518401693365,352.53348668961246,98.01702903410649,ICV_113_CASE_6_with_r_theta_phi.csv,0.7756860992076519,-0.12994671704714084,0.9915209784612075,0.9902266609893227,-0.1394674150686716,0.003375414992,0.0036389534,-0.0002635384441660479,7.807586466036886,ICV_113_CASE_6_with_r_theta_phi.csv
8.062222477,0.9568,-1.907945358,0.0,1773.202464,0.4360244822,326.0237749,98.46157165,1.148576662,0.03630117115,0.04311842209,322.306919478862,131.075161937948,0.295122157143474,826.192527353848,807.334548365193,0.0006691167543644,0.0431247273958782,0.0363014692434201,332.239680072915,113.51081446063978,7.453357986610214,48.45392707899548,72.51024536825452,0.9205738033607016,8.339973201261367,6.768032858546633,103.22473569995732,ICV_113_CASE_6_with_r_theta_phi.csv,0.4721521433115951,0.11784994280278875,0.9930314149015526,0.9734802286453632,-0.22877116172404982,0.0,7.976879e-06,-7.97687880549347e-06,0.0,ICV_113_CASE_6_with_r_theta_phi.csv
12.00919397,0.9568,-1.90242247,0.0,1723.067924,0.4312684034,326.1258745,35.62242585,0.5561240691,0.03630107578,0.04311734482,322.306919478862,131.075161937948,0.295122157143474,826.192527353848,807.334548365193,0.0006691167543644,0.0431247273958782,0.0363014692434201,332.239680072915,113.51081446063978,7.453357986610214,48.45392707899548,72.51024536825452,0.9205738033607016,12.196533003417212,4.5552638521969016,98.97367194293928,ICV_113_CASE_6_with_r_theta_phi.csv,0.6904841370069497,0.07942062191735766,0.9968411933774909,0.9877601197185881,-0.1559805946056123,0.0,2.3017354e-05,-2.30173536692746e-05,0.0,ICV_113_CASE_6_with_r_theta_phi.csv
6.404177832,0.9568,-1.901380121,0.0,1669.882417,0.4333698677,325.275081,276.7846186,2.998010983,0.03630135726,0.04312034137,322.306919478862,131.075161937948,0.295122157143474,826.192527353848,807.334548365193,0.0006691167543644,0.0431247273958782,0.0363014692434201,332.239680072915,113.51081446063978,7.453357986610214,48.45392707899548,72.51024536825452,0.9205738033607016,6.7486447756875005,8.497280208472375,106.36423073861374,ICV_113_CASE_6_with_r_theta_phi.csv,0.3820620304640226,0.14776246305543664,0.9890228786594326,0.9594900509255734,-0.28174251041481246,0.0,7.976879e-06,-7.97687880549347e-06,0.0,ICV_113_CASE_6_with_r_theta_phi.csv
14.44795875,-1.776490957,-1.898441435,0.003375415457,2395.085031,0.4215731161,327.4897288,18.92762494,2.676202995,0.03630110251,0.04311744463,322.306919478862,131.075161937948,0.295122157143474,826.192527353848,807.334548365193,0.0006691167543644,0.0431247273958782,0.0363014692434201,332.239680072915,113.51081446063978,7.453357986610214,48.45392707899548,72.51024536825452,0.9205738033607016,14.680037876113577,352.9902149798253,97.43037403163686,ICV_113_CASE_6_with_r_theta_phi.csv,0.8310831677557574,-0.1220388494721898,0.9925253242207497,0.9916027450343053,-0.1293212899735789,0.003375415457,0.0036389534,-0.00026353797916604804,7.807571614375419,ICV_113_CASE_6_with_r_theta_phi.csv
13.91422816,-1.776610015,-1.898330018,0.003375415225,2344.447352,0.4215481484,327.5492196,21.32979696,2.893512558,0.03630109228,0.04311735714,322.306919478862,131.075161937948,0.295122157143474,826.192527353848,807.334548365193,0.0006691167543644,0.0431247273958782,0.0363014692434201,332.239680072915,113.51081446063978,7.453357986610214,48.45392707899548,72.51024536825452,0.9205738033607016,14.155060766071449,352.7236759208858,97.70713749732067,ICV_113_CASE_6_with_r_theta_phi.csv,0.8013625605410448,-0.12665472439269013,0.9919468638939345,0.9909665009875371,-0.13410963395862935,0.003375415225,0.0036389534,-0.000263538211166048,7.807579024236112,ICV_113_CASE_6_with_r_theta_phi.csv
7.236228015,0.9568,-1.896600881,0.0,1750.640484,0.4328682665,325.5325698,199.2800248,2.158115163,0.03630132795,0.04311993538,322.306919478862,131.075161937948,0.295122157143474,826.192527353848,807.334548365193,0.0006691167543644,0.0431247273958782,0.0363014692434201,332.239680072915,113.51081446063978,7.453357986610214,48.45392707899548,72.51024536825452,0.9205738033607016,7.541588494931344,7.532160971493056,104.56543955422704,ICV_113_CASE_6_with_r_theta_phi.csv,0.4269530711822139,0.13108268434499792,0.991371438899119,0.9678610410419124,-0.25148559647277147,0.0,7.976879e-06,-7.97687880549347e-06,0.0,ICV_113_CASE_6_with_r_theta_phi.csv
-1.224157308,0.9568,-1.896027257,0.0,3909.066624,0.4343763871,326.4636333,514.7952964,13.91863391,0.03630143151,0.04312228246,322.306919478862,131.075161937948,0.295122157143474,826.192527353848,807.334548365193,0.0006691167543644,0.0431247273958782,0.0363014692434201,332.239680072915,113.51081446063978,7.453357986610214,48.45392707899548,72.51024536825452,0.9205738033607016,2.4513153028561527,141.98885606691977,140.6668328107088,ICV_113_CASE_6_with_r_theta_phi.csv,0.13877667784364056,0.6158147304503486,-0.7878909935773885,0.6338287245136206,-0.773473430688758,0.0,1.207765e-05,-1.207765035360353e-05,0.0,ICV_113_CASE_6_with_r_theta_phi.csv
1.3225686350000001e-14,-1.781232267,-1.893993562,0.003375443863,9724.418511,0.4355032994,335.5213458,388.936428,32.42746805,0.03630145329,0.04312340399,322.306919478862,131.075161937948,0.295122157143474,826.192527353848,807.334548365193,0.0006691167543644,0.0431247273958782,0.0363014692434201,332.239680072915,113.51081446063978,7.453357986610214,48.45392707899548,72.51024536825452,0.9205738033607016,2.6000000003652706,270.00000000000045,136.7573668835288,ICV_113_CASE_6_with_r_theta_phi.csv,0.1471941867387469,-1.0,7.809908757429024e-15,0.6850893333652913,-0.7284590622053518,0.003375443863,0.0035612409,-0.0001857969907417649,5.504372113052711,ICV_113_CASE_6_with_r_theta_phi.csv
11.1958159,-1.782294654,-1.892993863,0.00337541406,2233.42025,0.4210907668,327.2282424,18.71373326,2.051828797,0.03630103409,0.04311687898,322.306919478862,131.075161937948,0.295122157143474,826.192527353848,807.334548365193,0.0006691167543644,0.0431247273958782,0.0363014692434201,332.239680072915,113.51081446063978,7.453357986610214,48.45392707899548,72.51024536825452,0.9205738033607016,11.493750200249066,350.9548166266759,99.47967188650068,ICV_113_CASE_6_with_r_theta_phi.csv,0.6506973896408808,-0.15721330599106367,0.9875646694871988,0.9863440971148736,-0.1646976687346995,0.00337541406,0.0034204694,-4.505529111284261e-05,1.334807827976356,ICV_113_CASE_6_with_r_theta_phi.csv
-1.671290245,-0.623682149,-1.891509845,0.003375427797,5635.337075,0.4346457305,330.8842033,368.7860801,23.6541606,0.03630143808,0.04312254504,322.306919478862,131.075161937948,0.295122157143474,826.192527353848,807.334548365193,0.0006691167543644,0.0431247273958782,0.0363014692434201,332.239680072915,113.51081446063978,7.453357986610214,48.45392707899548,72.51024536825452,0.9205738033607016,2.599999999951028,200.4642692226261,136.677533841254,ICV_113_CASE_6_with_r_theta_phi.csv,0.14719418671529533,-0.34962318596070613,-0.9368904033229744,0.6861036660390774,-0.7275037865521652,0.003375427797,0.0038971952,-0.0005217674192683009,15.457816030828955,ICV_113_CASE_6_with_r_theta_phi.csv
16.60547153,-0.9295734158,-1.889134692,0.00337541569,2436.943762,0.4373625165,326.625011,13.37750176,1.508989098,0.03630115721,0.04311795595,322.306919478862,131.075161937948,0.295122157143474,826.192527353848,807.334548365193,0.0006691167543644,0.0431247273958782,0.0363014692434201,332.239680072915,113.51081446063978,7.453357986610214,48.45392707899548,72.51024536825452,0.9205738033607016,16.73841752835436,356.7959294319211,96.4803355493258,ICV_113_CASE_6_with_r_theta_phi.csv,0.9476145211667579,-0.05589243889201091,0.9984367958337187,0.9936106495662617,-0.11286220389710432,0.00337541569,0.0038689277,-0.0004935120234835721,14.62077766597584,ICV_113_CASE_6_with_r_theta_phi.csv
12.16330917,-1.798243286,-1.877850123,0.003375416854,2259.017311,0.4214147649,327.4719205,22.89281026,2.891641321,0.03630105785,0.04311706908,322.306919478862,131.075161937948,0.295122157143474,826.192527353848,807.334548365193,0.0006691167543644,0.0431247273958782,0.0363014692434201,332.239680072915,113.51081446063978,7.453357986610214,48.45392707899548,72.51024536825452,0.9205738033607016,12.43809028609703,351.5902175371224,98.68347745055542,ICV_113_CASE_6_with_r_theta_phi.csv,0.7041594553799813,-0.14625193101758144,0.9892473768848865,0.9885374652267073,-0.15097575912429295,0.003375416854,0.0034204694,-4.5052497112842496e-05,1.3347239481282527,ICV_113_CASE_6_with_r_theta_phi.csv
13.04120955,-1.80049523,-1.875691053,0.003375415225,2297.515727,0.4215126403,327.5411143,23.30924638,3.040742634,0.03630107539,0.04311721452,322.306919478862,131.075161937948,0.295122157143474,826.192527353848,807.334548365193,0.0006691167543644,0.0431247273958782,0.0363014692434201,332.239680072915,113.51081446063978,7.453357986610214,48.45392707899548,72.51024536825452,0.9205738033607016,13.297862479608074,352.13932419811607,98.108729670294,ICV_113_CASE_6_with_r_theta_phi.csv,0.7528338664517765,-0.13676469068949823,0.9906035631778264,0.9900021783038901,-0.14105207178043314,0.003375415225,0.0036389534,-0.000263538211166048,7.807579024236112,ICV_113_CASE_6_with_r_theta_phi.csv
3.169107575,0.9568,-1.874887018,0.0,1586.212077,0.43379458,325.8378729,532.5195112,10.33267585,0.03630137219,0.0431208214,322.306919478862,131.075161937948,0.295122157143474,826.192527353848,807.334548365193,0.0006691167543644,0.0431247273958782,0.0363014692434201,332.239680072915,113.51081446063978,7.453357986610214,48.45392707899548,72.51024536825452,0.9205738033607016,3.8044592772412895,16.799834504592695,119.52564068143556,ICV_113_CASE_6_with_r_theta_phi.csv,0.2153824189290537,0.28902903178357153,0.9573203323790064,0.8701352422031441,-0.49281300741363926,0.0,7.976879e-06,-7.97687880549347e-06,0.0,ICV_113_CASE_6_with_r_theta_phi.csv
-0.4902497402,0.9568,-1.87367609,0.0,2545.560152,0.43356983,327.9914906,817.4772893,21.49415836,0.03630141801,0.04312184769,322.306919478862,131.075161937948,0.295122157143474,826.192527353848,807.334548365193,0.0006691167543644,0.0431247273958782,0.0363014692434201,332.239680072915,113.51081446063978,7.453357986610214,48.45392707899548,72.51024536825452,0.9205738033607016,2.1602021058234007,117.1299101981898,150.15345889496683,ICV_113_CASE_6_with_r_theta_phi.csv,0.12229584312051264,0.8899748745597981,-0.4560095642114009,0.4976786789828537,-0.8673614774048255,0.0,7.351954e-06,-7.35195408196887e-06,0.0,ICV_113_CASE_6_with_r_theta_phi.csv
4.55229561,-1.803527842,-1.872775299,0.003375423141,5308.015695,0.4345176539,330.2594929,488.4075594,25.01469386,0.0363014223,0.04312221459,322.306919478862,131.075161937948,0.295122157143474,826.192527353848,807.334548365193,0.0006691167543644,0.0431247273958782,0.0363014692434201,332.239680072915,113.51081446063978,7.453357986610214,48.45392707899548,72.51024536825452,0.9205738033607016,5.242460807506241,338.3875265077998,110.93030697809536,ICV_113_CASE_6_with_r_theta_phi.csv,0.29679221344701,-0.3683269595622225,0.9296963218490482,0.9340156447341104,-0.3572321029693778,0.003375423141,0.003884503,-0.0005090797783907975,15.081954379478432,ICV_113_CASE_6_with_r_theta_phi.csv
11.33953417,0.9568,-1.861556936,0.0,1737.765702,0.4317160728,325.8478557,44.37371243,0.8403259049,0.03630110285,0.04311758151,322.306919478862,131.075161937948,0.295122157143474,826.192527353848,807.334548365193,0.0006691167543644,0.0431247273958782,0.0363014692434201,332.239680072915,113.51081446063978,7.453357986610214,48.45392707899548,72.51024536825452,0.9205738033607016,11.531083889147943,4.823042534908723,99.2903818766057,ICV_113_CASE_6_with_r_theta_phi.csv,0.6528109673234407,0.08407859419654286,0.9964591261049964,0.9868828305995505,-0.1614381574096377,0.0,2.3017354e-05,-2.30173536692746e-05,0.0,ICV_113_CASE_6_with_r_theta_phi.csv
0.6374634061,-1.819642982,-1.857121272,0.003375438973,10599.65365,0.4356476716,333.812032,350.2878769,28.79439426,0.0363014567,0.04312358919,322.306919478862,131.075161937948,0.295122157143474,826.192527353848,807.334548365193,0.0006691167543644,0.0431247273958782,0.0363014692434201,332.239680072915,113.51081446063978,7.453357986610214,48.45392707899548,72.51024536825452,0.9205738033607016,2.677005714408052,289.3065487750696,133.92616316177867,ICV_113_CASE_6_with_r_theta_phi.csv,0.1515537226815051,-0.9437631683878358,0.33062226481976903,0.7202344061928372,-0.6937307836156986,0.003375438973,0.0035612409,-0.00018580188074176487,5.5045249572853,ICV_113_CASE_6_with_r_theta_phi.csv
16.63409247,0.9568,-1.851845118,0.003375412896,2427.901483,0.4358765511,327.3186796,16.36915115,1.462603264,0.03630116597,0.04311808122,322.306919478862,131.075161937948,0.295122157143474,826.192527353848,807.334548365193,0.0006691167543644,0.0431247273958782,0.0363014692434201,332.239680072915,113.51081446063978,7.453357986610214,48.45392707899548,72.51024536825452,0.9205738033607016,16.764182917206885,3.292049859854956,96.34208588234436,ICV_113_CASE_6_with_r_theta_phi.csv,0.949073180958151,0.05742550036743359,0.9983497943644551,0.993880083383832,-0.1104643827346495,0.003375412896,0.0019869432,0.0013884697106705626,41.13481085246214,ICV_113_CASE_6_with_r_theta_phi.csv
1.348131597,-1.828440725,-1.848460039,0.003375435248,10579.57676,0.4356553766,332.8547739,345.1853587,27.29333887,0.03630145659,0.04312358668,322.306919478862,131.075161937948,0.295122157143474,826.192527353848,807.334548365193,0.0006691167543644,0.0431247273958782,0.0363014692434201,332.239680072915,113.51081446063978,7.453357986610214,48.45392707899548,72.51024536825452,0.9205738033607016,2.928729895952882,306.4018033646244,129.13482089718514,ICV_113_CASE_6_with_r_theta_phi.csv,0.16580462121218298,-0.8048751193052883,0.5934442200605696,0.7756629772984174,-0.6311473248367253,0.003375435248,0.0035612409,-0.00018580560574176517,5.504641388005046,ICV_113_CASE_6_with_r_theta_phi.csv
-1.136271433,0.9568,-1.83161619,0.0,3676.375784,0.4344062818,326.8392191,689.7860526,17.57247807,0.03630142875,0.04312218131,322.306919478862,131.075161937948,0.295122157143474,826.192527353848,807.334548365193,0.0006691167543644,0.0431247273958782,0.0363014692434201,332.239680072915,113.51081446063978,7.453357986610214,48.45392707899548,72.51024536825452,0.9205738033607016,2.358261409793662,139.9008672119475,140.9576627016263,ICV_113_CASE_6_with_r_theta_phi.csv,0.13350860395507003,0.6441120520638538,-0.7649311500952823,0.6298944719660103,-0.7766807286051721,0.0,1.207765e-05,-1.207765035360353e-05,0.0,ICV_113_CASE_6_with_r_theta_phi.csv
3.675927608,-1.85424935,-1.822569436,0.003375422675,6722.37214,0.434987686,332.0436847,456.777369,28.2208637,0.03630143857,0.04312276816,322.306919478862,131.075161937948,0.295122157143474,826.192527353848,807.334548365193,0.0006691167543644,0.0431247273958782,0.0363014692434201,332.239680072915,113.51081446063978,7.453357986610214,48.45392707899548,72.51024536825452,0.9205738033607016,4.502493062767935,333.23223786023027,113.8780414590019,ICV_113_CASE_6_with_r_theta_phi.csv,0.2549003094530263,-0.45037524986128735,0.8928393664665458,0.9144091581307088,-0.40479117026769296,0.003375422675,0.0035612409,-0.00018581817874176523,5.50503437874532,ICV_113_CASE_6_with_r_theta_phi.csv
3.904874228,0.9568,-1.822236607,0.0,1566.747581,0.4336022331,325.5711525,402.010747,7.120226351,0.03630136415,0.04312059388,322.306919478862,131.075161937948,0.295122157143474,826.192527353848,807.334548365193,0.0006691167543644,0.0431247273958782,0.0363014692434201,332.239680072915,113.51081446063978,7.453357986610214,48.45392707899548,72.51024536825452,0.9205738033607016,4.414074674083966,13.76776535774087,114.38236712758368,ICV_113_CASE_6_with_r_theta_phi.csv,0.24989466606331134,0.2379870590891517,0.9712683252871457,0.9108107512606433,-0.4128241458393908,0.0,7.976879e-06,-7.97687880549347e-06,0.0,ICV_113_CASE_6_with_r_theta_phi.csv
10.57863688,0.9568,-1.821710395,0.0,1781.432312,0.4318581612,325.9236208,56.13404498,1.118209337,0.03630115872,0.04311811063,322.306919478862,131.075161937948,0.295122157143474,826.192527353848,807.334548365193,0.0006691167543644,0.0431247273958782,0.0363014692434201,332.239680072915,113.51081446063978,7.453357986610214,48.45392707899548,72.51024536825452,0.9205738033607016,10.776903694575134,5.168136900279251,99.7319134405513,ICV_113_CASE_6_with_r_theta_phi.csv,0.6101144517930488,0.09007873896334537,0.9959346468452503,0.9856094685131007,-0.16903838492284295,0.0,7.976879e-06,-7.97687880549347e-06,0.0,ICV_113_CASE_6_with_r_theta_phi.csv
15.62226148,0.9568,-1.820104069,0.0,2006.068145,0.4343436791,325.8943875,44.9346868,1.800177343,0.03630106272,0.04311739489,322.306919478862,131.075161937948,0.295122157143474,826.192527353848,807.334548365193,0.0006691167543644,0.0431247273958782,0.0363014692434201,332.239680072915,113.51081446063978,7.453357986610214,48.45392707899548,72.51024536825452,0.9205738033607016,15.757007926998138,3.504755733521449,96.63308616625562,ICV_113_CASE_6_with_r_theta_phi.csv,0.8920538334325532,0.061131387715045435,0.9981297277588884,0.9933062280789303,-0.11551076685577004,0.0,0.00015626747,-0.00015626747335772961,0.0,ICV_113_CASE_6_with_r_theta_phi.csv
11.54922316,-1.85994399,-1.816757649,0.003375416622,2227.883062,0.4212118935,327.3391904,20.75204878,2.437061985,0.03630104291,0.04311694976,322.306919478862,131.075161937948,0.295122157143474,826.192527353848,807.334548365193,0.0006691167543644,0.0431247273958782,0.0363014692434201,332.239680072915,113.51081446063978,7.453357986610214,48.45392707899548,72.51024536825452,0.9205738033607016,11.83826657921748,350.8513562042256,98.82777267011704,ICV_113_CASE_6_with_r_theta_phi.csv,0.6702015466459997,-0.15899631894366867,0.9872791755944026,0.9881541093649905,-0.15346483683594267,0.003375416622,0.0034204694,-4.5052729112842436e-05,1.3347309130924558,ICV_113_CASE_6_with_r_theta_phi.csv
12.69111676,-1.86421457,-1.812375248,0.003375415457,2285.530451,0.4214307461,327.630846,23.9631296,3.140111987,0.03630106762,0.0431171517,322.306919478862,131.075161937948,0.295122157143474,826.192527353848,807.334548365193,0.0006691167543644,0.0431247273958782,0.0363014692434201,332.239680072915,113.51081446063978,7.453357986610214,48.45392707899548,72.51024536825452,0.9205738033607016,12.954707430834407,351.6435096164764,98.04211188575825,ICV_113_CASE_6_with_r_theta_phi.csv,0.7334067786354539,-0.14533174689102224,0.9893829811279371,0.9901655102884186,-0.1399009014812828,0.003375415457,0.0036389534,-0.00026353797916604804,7.807571614375419,ICV_113_CASE_6_with_r_theta_phi.csv
2.101601415,-1.865617982,-1.810930575,0.003375430824,9616.239667,0.4355544669,333.9764415,343.0661306,28.5026063,0.03630145546,0.04312352258,322.306919478862,131.075161937948,0.295122157143474,826.192527353848,807.334548365193,0.0006691167543644,0.0431247273958782,0.0363014692434201,332.239680072915,113.51081446063978,7.453357986610214,48.45392707899548,72.51024536825452,0.9205738033607016,3.3431614543365367,318.40413281088394,122.79821735548455,ICV_113_CASE_6_with_r_theta_phi.csv,0.18926689666856125,-0.6638722713834317,0.7478459783192012,0.8405834572651543,-0.5416820574582111,0.003375430824,0.0035612409,-0.00018581002974176484,5.504779667400378,ICV_113_CASE_6_with_r_theta_phi.csv
2.880567776,-1.869146739,-1.807288153,0.003375424771,8035.976028,0.4353007236,333.524164,391.7791397,29.0090453,0.03630144928,0.04312320821,322.306919478862,131.075161937948,0.295122157143474,826.192527353848,807.334548365193,0.0006691167543644,0.0431247273958782,0.0363014692434201,332.239680072915,113.51081446063978,7.453357986610214,48.45392707899548,72.51024536825452,0.9205738033607016,3.880421460617141,327.0212122736496,117.75846885037748,ICV_113_CASE_6_with_r_theta_phi.csv,0.21968287731495262,-0.5443285017098011,0.8388721489156515,0.8849188056288634,-0.46574532466186486,0.003375424771,0.0035612409,-0.00018581608274176493,5.504968864456889,ICV_113_CASE_6_with_r_theta_phi.csv
16.55854399,0.9568,-1.806618271,0.001710333047,2399.18457,0.4356424368,327.3796685,25.37592131,1.567055676,0.03630115216,0.04311798772,322.306919478862,131.075161937948,0.295122157143474,826.192527353848,807.334548365193,0.0006691167543644,0.0431247273958782,0.0363014692434201,332.239680072915,113.51081446063978,7.453357986610214,48.45392707899548,72.51024536825452,0.9205738033607016,16.684265488353876,3.307036600579181,96.21633350350773,ICV_113_CASE_6_with_r_theta_phi.csv,0.9445488036717596,0.05768663472883523,0.9983347395406322,0.9941201358318679,-0.10828275732372389,0.001710333047,0.0013699739,0.0003403591695551368,19.90016914852579,ICV_113_CASE_6_with_r_theta_phi.csv
6.768110452,-1.871353635,-1.805002929,0.003375424771,3538.546484,0.4339169955,327.8157524,308.0389258,14.64642478,0.03630138524,0.04312118621,322.306919478862,131.075161937948,0.295122157143474,826.192527353848,807.334548365193,0.0006691167543644,0.0431247273958782,0.0363014692434201,332.239680072915,113.51081446063978,7.453357986610214,48.45392707899548,72.51024536825452,0.9205738033607016,7.250332343513498,344.54410560577594,104.41565404971776,ICV_113_CASE_6_with_r_theta_phi.csv,0.41046414336121995,-0.266496505775056,0.9638358845828918,0.9685151792437985,-0.2489545090460362,0.003375424771,0.003884503,-0.0005090781483907975,15.08189880615113,ICV_113_CASE_6_with_r_theta_phi.csv
9.733722384,0.9568,-1.778164154,0.0,1820.161236,0.4331796488,325.6945549,67.64364424,1.344656772,0.03630119956,0.04311852285,322.306919478862,131.075161937948,0.295122157143474,826.192527353848,807.334548365193,0.0006691167543644,0.0431247273958782,0.0363014692434201,332.239680072915,113.51081446063978,7.453357986610214,48.45392707899548,72.51024536825452,0.9205738033607016,9.94095998620622,5.613993325972331,100.3040917752416,ICV_113_CASE_6_with_r_theta_phi.csv,0.5627890462947996,0.09782596084768928,0.9952035376666556,0.9838722662733075,-0.17887247876133952,0.0,7.976879e-06,-7.97687880549347e-06,0.0,ICV_113_CASE_6_with_r_theta_phi.csv
4.720984386,0.9568,-1.774292505,0.0,1568.879256,0.4336268095,325.3242639,353.9578756,5.309206281,0.03630136713,0.04312060716,322.306919478862,131.075161937948,0.295122157143474,826.192527353848,807.334548365193,0.0006691167543644,0.0431247273958782,0.0363014692434201,332.239680072915,113.51081446063978,7.453357986610214,48.45392707899548,72.51024536825452,0.9205738033607016,5.1333491704885,11.456930343879094,110.22088882771754,ICV_113_CASE_6_with_r_theta_phi.csv,0.2906150601115087,0.19863126159797898,0.9800742940797882,0.9383670719810407,-0.34564033072216604,0.0,7.976879e-06,-7.97687880549347e-06,0.0,ICV_113_CASE_6_with_r_theta_phi.csv
-1.032294487,0.9568,-1.756606672,0.0,3428.672468,0.4343969364,327.1989257,770.6907321,19.76952361,0.03630142585,0.04312207688,322.306919478862,131.075161937948,0.295122157143474,826.192527353848,807.334548365193,0.0006691167543644,0.0431247273958782,0.0363014692434201,332.239680072915,113.51081446063978,7.453357986610214,48.45392707899548,72.51024536825452,0.9205738033607016,2.250947611119705,137.17357209740356,141.29587663661687,ICV_113_CASE_6_with_r_theta_phi.csv,0.12743323190913175,0.6797796677445281,-0.7334163915001757,0.6252988193798432,-0.7803854089372598,0.0,1.207765e-05,-1.207765035360353e-05,0.0,ICV_113_CASE_6_with_r_theta_phi.csv
14.14843361,0.9568,-1.754171199,0.0,1697.469455,0.4308904467,326.185954,66.29959753,1.240111702,0.0363009324,0.04311643491,322.306919478862,131.075161937948,0.295122157143474,826.192527353848,807.334548365193,0.0006691167543644,0.0431247273958782,0.0363014692434201,332.239680072915,113.51081446063978,7.453357986610214,48.45392707899548,72.51024536825452,0.9205738033607016,14.288833278192405,3.868785926696205,97.05171602938424,ICV_113_CASE_6_with_r_theta_phi.csv,0.8089358436667667,0.06747175382466443,0.997721184718368,0.9924357462397194,-0.1227651806727434,0.0,7.2286675e-06,-7.228667527670041e-06,0.0,ICV_113_CASE_6_with_r_theta_phi.csv
14.48820214,0.9568,-1.752654718,0.0,1713.240513,0.4309414484,326.1774205,94.78292617,2.325790332,0.03630094966,0.04311657791,322.306919478862,131.075161937948,0.295122157143474,826.192527353848,807.334548365193,0.0006691167543644,0.0431247273958782,0.0363014692434201,332.239680072915,113.51081446063978,7.453357986610214,48.45392707899548,72.51024536825452,0.9205738033607016,14.625158667516338,3.778323447207242,96.88277274208308,ICV_113_CASE_6_with_r_theta_phi.csv,0.8279762829568337,0.06589640021373054,0.99782647010333,0.9927934188826121,-0.11983833870416584,0.0,7.2286675e-06,-7.228667527670041e-06,0.0,ICV_113_CASE_6_with_r_theta_phi.csv
5.303852083,-1.921450188,-1.751579052,0.003375425236,4726.38965,0.4342925948,329.4836303,464.9833594,22.46047602,0.03630141315,0.04312191484,322.306919478862,131.075161937948,0.295122157143474,826.192527353848,807.334548365193,0.0006691167543644,0.0431247273958782,0.0363014692434201,332.239680072915,113.51081446063978,7.453357986610214,48.45392707899548,72.51024536825452,0.9205738033607016,5.9068474602544025,340.08584141551665,107.2495246954972,ICV_113_CASE_6_with_r_theta_phi.csv,0.33440523383839654,-0.34061189809984876,0.9402039857779897,0.9550224044230733,-0.2965336524746758,0.003375425236,0.003884503,-0.0005090776833907977,15.081882952420363,ICV_113_CASE_6_with_r_theta_phi.csv
16.47225009,0.9568,-1.750755607,0.0,2332.952331,0.4355362242,327.2173817,36.27991519,1.769520977,0.03630113897,0.04311789885,322.306919478862,131.075161937948,0.295122157143474,826.192527353848,807.334548365193,0.0006691167543644,0.0431247273958782,0.0363014692434201,332.239680072915,113.51081446063978,7.453357986610214,48.45392707899548,72.51024536825452,0.9205738033607016,16.592637959738255,3.324322564645513,96.05678111678236,ICV_113_CASE_6_with_r_theta_phi.csv,0.9393614807657739,0.057987826682191594,0.9983172902222399,0.9944178174873919,-0.10551400032039404,0.0,0.00027005328,-0.00027005327865481377,0.0,ICV_113_CASE_6_with_r_theta_phi.csv
16.97873142,0.3004987992,-1.750576891,0.003375413362,2453.305048,0.4368271364,326.6252673,16.01455572,1.558969259,0.03630117664,0.04311817244,322.306919478862,131.075161937948,0.295122157143474,826.192527353848,807.334548365193,0.0006691167543644,0.0431247273958782,0.0363014692434201,332.239680072915,113.51081446063978,7.453357986610214,48.45392707899548,72.51024536825452,0.9205738033607016,17.071383646679582,1.0139459272284626,95.885714359289,ICV_113_CASE_6_with_r_theta_phi.csv,0.9664647815481244,0.01769577119392293,0.9998434175818993,0.9947284156123795,-0.10254452288291747,0.003375413362,0.0039445753,-0.0005691619589292887,16.861992820441667,ICV_113_CASE_6_with_r_theta_phi.csv
9.558790711,-1.924493237,-1.748235047,0.003375241067,2309.971621,0.4295269951,326.8617252,71.92312646,3.619392026,0.03630125028,0.04311926704,322.306919478862,131.075161937948,0.295122157143474,826.192527353848,807.334548365193,0.0006691167543644,0.0431247273958782,0.0363014692434201,332.239680072915,113.51081446063978,7.453357986610214,48.45392707899548,72.51024536825452,0.9205738033607016,9.906082972371962,348.61668764065803,100.16485243909985,ICV_113_CASE_6_with_r_theta_phi.csv,0.5608145487230733,-0.19737182383045768,0.9803287015883186,0.9843040537616708,-0.17648096143307304,0.003375241067,0.003612054,-0.00023681297924342927,7.016179717905391,ICV_113_CASE_6_with_r_theta_phi.csv
11.86733699,-1.925702878,-1.746902523,0.00337541732,2235.285903,0.4213097786,327.4669742,22.83079536,2.821239153,0.03630104915,0.04311700102,322.306919478862,131.075161937948,0.295122157143474,826.192527353848,807.334548365193,0.0006691167543644,0.0431247273958782,0.0363014692434201,332.239680072915,113.51081446063978,7.453357986610214,48.45392707899548,72.51024536825452,0.9205738033607016,12.14881423157929,350.78299977239874,98.26733392561118,ICV_113_CASE_6_with_r_theta_phi.csv,0.6877826270793083,-0.16017407379696855,0.987088783283086,0.9896079301229376,-0.1437920186860002,0.00337541732,0.0034204694,-4.5052031112842623e-05,1.3347099581599446,ICV_113_CASE_6_with_r_theta_phi.csv
10.12678787,-1.927688117,-1.744711588,0.003375557018,2094.008568,0.4257964514,327.3505957,27.58565418,1.656525465,0.03630114734,0.04311808582,322.306919478862,131.075161937948,0.295122157143474,826.192527353848,807.334548365193,0.0006691167543644,0.0431247273958782,0.0363014692434201,332.239680072915,113.51081446063978,7.453357986610214,48.45392707899548,72.51024536825452,0.9205738033607016,10.455229914530983,349.2223842493522,99.60614712952952,ICV_113_CASE_6_with_r_theta_phi.csv,0.5919034862383852,-0.1869975414402494,0.9823603816804208,0.9859781391689153,-0.16687453095365737,0.003375557018,0.003421218,-4.566088363218987e-05,1.3526918187184642,ICV_113_CASE_6_with_r_theta_phi.csv
8.887828774,0.9568,-1.742056372,0.0,1785.198371,0.4360390881,326.2857162,66.79629665,1.010310023,0.03630115725,0.04311819992,322.306919478862,131.075161937948,0.295122157143474,826.192527353848,807.334548365193,0.0006691167543644,0.0431247273958782,0.0363014692434201,332.239680072915,113.51081446063978,7.453357986610214,48.45392707899548,72.51024536825452,0.9205738033607016,9.107344671152408,6.144390186420367,101.02751528606228,ICV_113_CASE_6_with_r_theta_phi.csv,0.5155954584736182,0.10703440756995267,0.9942553171073059,0.981535437608579,-0.19128038247174045,0.0,7.976879e-06,-7.97687880549347e-06,0.0,ICV_113_CASE_6_with_r_theta_phi.csv
13.27435727,0.9568,-1.738884953,0.0,1732.457246,0.4308265869,326.479471,30.09254995,0.7222408819,0.03630098496,0.04311663565,322.306919478862,131.075161937948,0.295122157143474,826.192527353848,807.334548365193,0.0006691167543644,0.0431247273958782,0.0363014692434201,332.239680072915,113.51081446063978,7.453357986610214,48.45392707899548,72.51024536825452,0.9205738033607016,13.421912980323322,4.122682405919022,97.44391705236852,ICV_113_CASE_6_with_r_theta_phi.csv,0.7598567558997572,0.07189230823560752,0.9974124001718429,0.9915721496212893,-0.12955567179948407,0.0,2.3017354e-05,-2.30173536692746e-05,0.0,ICV_113_CASE_6_with_r_theta_phi.csv
5.582987239,0.9568,-1.737043409,0.0,1619.252246,0.4336236829,325.1975851,293.3388833,4.113517804,0.03630136334,0.04312047167,322.306919478862,131.075161937948,0.295122157143474,826.192527353848,807.334548365193,0.0006691167543644,0.0431247273958782,0.0363014692434201,332.239680072915,113.51081446063978,7.453357986610214,48.45392707899548,72.51024536825452,0.9205738033607016,5.924739028479414,9.724751884633008,107.04872172227437,ICV_113_CASE_6_with_r_theta_phi.csv,0.3354181318514702,0.16891518958418672,0.9856305893831311,0.9560557906534468,-0.2931847969421551,0.0,7.976879e-06,-7.97687880549347e-06,0.0,ICV_113_CASE_6_with_r_theta_phi.csv
13.81328885,0.9568,-1.734121718,0.0,1698.763465,0.4318239215,326.1598604,44.22048833,0.7237654813,0.03630094403,0.04311641521,322.306919478862,131.075161937948,0.295122157143474,826.192527353848,807.334548365193,0.0006691167543644,0.0431247273958782,0.0363014692434201,332.239680072915,113.51081446063978,7.453357986610214,48.45392707899548,72.51024536825452,0.9205738033607016,13.954554569257075,3.962356827968733,97.13855656727615,ICV_113_CASE_6_with_r_theta_phi.csv,0.7900112733979584,0.06910106185578822,0.9976096647739549,0.9922485369445289,-0.12426922761263896,0.0,2.3017354e-05,-2.30173536692746e-05,0.0,ICV_113_CASE_6_with_r_theta_phi.csv
12.41212485,-1.938724093,-1.732440156,0.003375416156,2255.561728,0.4213710576,327.6738329,24.61149631,3.210070683,0.03630106073,0.04311709642,322.306919478862,131.075161937948,0.295122157143474,826.192527353848,807.334548365193,0.0006691167543644,0.0431247273958782,0.0363014692434201,332.239680072915,113.51081446063978,7.453357986610214,48.45392707899548,72.51024536825452,0.9205738033607016,12.681515812192464,351.12236183152584,97.85181207864916,ICV_113_CASE_6_with_r_theta_phi.csv,0.7179405408953795,-0.1543247860542069,0.9880201720659975,0.9906247089794935,-0.1366114415387444,0.003375416156,0.0034204694,-4.505319511284274e-05,1.3347449030665628,ICV_113_CASE_6_with_r_theta_phi.csv
-0.08630247034,0.9568,-1.721920147,0.0,1831.391415,0.4328726882,328.5105093,642.7100651,19.85155086,0.03630141087,0.04312164235,322.306919478862,131.075161937948,0.295122157143474,826.192527353848,807.334548365193,0.0006691167543644,0.0431247273958782,0.0363014692434201,332.239680072915,113.51081446063978,7.453357986610214,48.45392707899548,72.51024536825452,0.9205738033607016,1.971781770133624,95.15407859200228,150.84221605202907,ICV_113_CASE_6_with_r_theta_phi.csv,0.11162877463089649,0.9959567189244047,-0.08983436997794458,0.48721634983586465,-0.87328129972685,0.0,7.351954e-06,-7.35195408196887e-06,0.0,ICV_113_CASE_6_with_r_theta_phi.csv
14.80320743,0.9568,-1.720280469,0.0,1739.885852,0.4309972546,326.466109,118.2265671,2.854484636,0.0363009678,0.04311671466,322.306919478862,131.075161937948,0.295122157143474,826.192527353848,807.334548365193,0.0006691167543644,0.0431247273958782,0.0363014692434201,332.239680072915,113.51081446063978,7.453357986610214,48.45392707899548,72.51024536825452,0.9205738033607016,14.933512023219125,3.69814803259726,96.61492867811069,ICV_113_CASE_6_with_r_theta_phi.csv,0.8454331373470101,0.06450005266375762,0.9979177036240877,0.9933427844796836,-0.11519597441815811,0.0,7.2286675e-06,-7.228667527670041e-06,0.0,ICV_113_CASE_6_with_r_theta_phi.csv
8.056123961,0.9568,-1.719075643,0.0,1751.767345,0.4354191249,326.0307777,80.76960722,0.8121149484,0.03630119844,0.04311855089,322.306919478862,131.075161937948,0.295122157143474,826.192527353848,807.334548365193,0.0006691167543644,0.0431247273958782,0.0363014692434201,332.239680072915,113.51081446063978,7.453357986610214,48.45392707899548,72.51024536825452,0.9205738033607016,8.292877702061825,6.7731087047718574,101.96390439944211,ICV_113_CASE_6_with_r_theta_phi.csv,0.4694859188105343,0.11793791522062275,0.9930209706513822,0.9782783882977235,-0.20729542925402036,0.0,7.976879e-06,-7.97687880549347e-06,0.0,ICV_113_CASE_6_with_r_theta_phi.csv
10.57674806,-1.950915296,-1.718699947,0.003375589382,2107.683292,0.4230380595,327.7353004,15.17811625,0.9445408846,0.03630108445,0.04311742335,322.306919478862,131.075161937948,0.295122157143474,826.192527353848,807.334548365193,0.0006691167543644,0.0431247273958782,0.0363014692434201,332.239680072915,113.51081446063978,7.453357986610214,48.45392707899548,72.51024536825452,0.9205738033607016,10.891629791941073,349.5490759669504,99.07922743378845,ICV_113_CASE_6_with_r_theta_phi.csv,0.6166094574073246,-0.1813932643338592,0.9834106383674659,0.9874710820115011,-0.15780007031378399,0.003375589382,0.0034204694,-4.4879969112842765e-05,1.329544681555919,ICV_113_CASE_6_with_r_theta_phi.csv
8.880980015,-1.952910547,-1.716432461,0.003375425469,2766.393181,0.4332852668,326.8093782,152.6854321,7.879795225,0.03630134947,0.04312044919,322.306919478862,131.075161937948,0.295122157143474,826.192527353848,807.334548365193,0.0006691167543644,0.0431247273958782,0.0363014692434201,332.239680072915,113.51081446063978,7.453357986610214,48.45392707899548,72.51024536825452,0.9205738033607016,9.253745513282055,347.5981510162151,100.68941955118396,ICV_113_CASE_6_with_r_theta_phi.csv,0.5238836711244311,-0.21476684510458627,0.9766653481330351,0.9826470656677982,-0.18548515933752135,0.003375425469,0.003884503,-0.0005090774503907977,15.081875008509602,ICV_113_CASE_6_with_r_theta_phi.csv
0.9923958216,0.9568,-1.713479361,0.0,1345.088066,0.4322016047,328.1676998,471.766446,14.72176609,0.03630137591,0.04312082632,322.306919478862,131.075161937948,0.295122157143474,826.192527353848,807.334548365193,0.0006691167543644,0.0431247273958782,0.0363014692434201,332.239680072915,113.51081446063978,7.453357986610214,48.45392707899548,72.51024536825452,0.9205738033607016,2.1991651205178084,43.95379230246863,141.18281002424578,ICV_113_CASE_6_with_r_theta_phi.csv,0.12450166206667707,0.6940780140005778,0.7198997919717812,0.6268376014415307,-0.7791499351338154,0.0,7.351954e-06,-7.35195408196887e-06,0.0,ICV_113_CASE_6_with_r_theta_phi.csv
6.422053162,0.9568,-1.712516062,0.0,1646.342184,0.4330663154,325.4291632,182.3907325,1.812999244,0.03630133979,0.04312004372,322.306919478862,131.075161937948,0.295122157143474,826.192527353848,807.334548365193,0.0006691167543644,0.0431247273958782,0.0363014692434201,332.239680072915,113.51081446063978,7.453357986610214,48.45392707899548,72.51024536825452,0.9205738033607016,6.7149791003518535,8.47397249695598,104.77531816537692,ICV_113_CASE_6_with_r_theta_phi.csv,0.38015611057888987,0.14736011998578552,0.9890829060487168,0.9669333396335503,-0.2550292467641881,0.0,7.976879e-06,-7.97687880549347e-06,0.0,ICV_113_CASE_6_with_r_theta_phi.csv
7.241819683,0.9568,-1.704675721,0.0,1710.167099,0.4327065418,325.6096872,123.7438779,1.058651862,0.03630131177,0.04311962847,322.306919478862,131.075161937948,0.295122157143474,826.192527353848,807.334548365193,0.0006691167543644,0.0431247273958782,0.0363014692434201,332.239680072915,113.51081446063978,7.453357986610214,48.45392707899548,72.51024536825452,0.9205738033607016,7.501022455295884,7.526411819467228,103.1357578745674,ICV_113_CASE_6_with_r_theta_phi.csv,0.42465649994663146,0.13098320785712025,0.991384586958794,0.9738343261966104,-0.22725911449531339,0.0,7.976879e-06,-7.97687880549347e-06,0.0,ICV_113_CASE_6_with_r_theta_phi.csv
-1.968860073,-0.04814178078,-1.697431112,0.003375424305,4949.601511,0.4343703662,329.587139,289.8847904,18.69912477,0.03630143532,0.04312237278,322.306919478862,131.075161937948,0.295122157143474,826.192527353848,807.334548365193,0.0006691167543644,0.0431247273958782,0.0363014692434201,332.239680072915,113.51081446063978,7.453357986610214,48.45392707899548,72.51024536825452,0.9205738033607016,2.5999999996338063,181.40069443034017,130.75744010804766,ICV_113_CASE_6_with_r_theta_phi.csv,0.14719418669733642,-0.02444429462874762,-0.9997011935874154,0.7574802142828576,-0.6528581200919509,0.003375424305,0.0038971952,-0.0005217709112683008,15.457935476165904,ICV_113_CASE_6_with_r_theta_phi.csv
1.308163392,0.9568,-1.693885753,0.0,1456.462256,0.4325270657,327.6468378,419.3345819,13.11802063,0.03630136978,0.04312070246,322.306919478862,131.075161937948,0.295122157143474,826.192527353848,807.334548365193,0.0006691167543644,0.0431247273958782,0.0363014692434201,332.239680072915,113.51081446063978,7.453357986610214,48.45392707899548,72.51024536825452,0.9205738033607016,2.344356339037503,36.18200281861783,136.26439408738008,ICV_113_CASE_6_with_r_theta_phi.csv,0.1327213941161431,0.5903521641268983,0.8071457875196325,0.6913315586410441,-0.7225376640888311,0.0,7.351954e-06,-7.35195408196887e-06,0.0,ICV_113_CASE_6_with_r_theta_phi.csv
0.500766946,0.9568,-1.693779324,0.0,1120.021234,0.4335890182,327.3379306,485.4812412,15.62866194,0.03630138534,0.04312095613,322.306919478862,131.075161937948,0.295122157143474,826.192527353848,807.334548365193,0.0006691167543644,0.0431247273958782,0.0363014692434201,332.239680072915,113.51081446063978,7.453357986610214,48.45392707899548,72.51024536825452,0.9205738033607016,2.008761352828171,62.373482179548375,147.47915294219274,ICV_113_CASE_6_with_r_theta_phi.csv,0.11372230524624163,0.8859890601347318,0.4637061411298913,0.5376064405816688,-0.8431958936362941,0.0,7.351954e-06,-7.35195408196887e-06,0.0,ICV_113_CASE_6_with_r_theta_phi.csv
6.009777434,-1.976665483,-1.689021483,0.003375425469,4177.068358,0.4342270616,328.6879284,398.7191857,19.10662853,0.03630140137,0.0431215898,322.306919478862,131.075161937948,0.295122157143474,826.192527353848,807.334548365193,0.0006691167543644,0.0431247273958782,0.0363014692434201,332.239680072915,113.51081446063978,7.453357986610214,48.45392707899548,72.51024536825452,0.9205738033607016,6.548085583430837,341.7935371313312,104.9479391256757,ICV_113_CASE_6_with_r_theta_phi.csv,0.37070774308207943,-0.31244207179299693,0.9499368146217408,0.9661605992136507,-0.2579412656538681,0.003375425469,0.003884503,-0.0005090774503907977,15.081875008509602,ICV_113_CASE_6_with_r_theta_phi.csv
10.98368122,-1.977925574,-1.68754568,0.003375357715,2190.981085,0.4205913836,327.2820079,15.59067529,1.438497365,0.03630101923,0.0431167664,322.306919478862,131.075161937948,0.295122157143474,826.192527353848,807.334548365193,0.0006691167543644,0.0431247273958782,0.0363014692434201,332.239680072915,113.51081446063978,7.453357986610214,48.45392707899548,72.51024536825452,0.9205738033607016,11.287216359269037,349.7916660561438,98.59850042062236,ICV_113_CASE_6_with_r_theta_phi.csv,0.6390048585821061,-0.17722789438169773,0.9841698397395796,0.9887602944367151,-0.1495094650696751,0.003375357715,0.0034204694,-4.5111636112842544e-05,1.3364994145362028,ICV_113_CASE_6_with_r_theta_phi.csv
16.3708158,0.9568,-1.685715257,0.0,2256.17147,0.4352559845,326.9430979,39.41870817,1.689597653,0.03630112857,0.04311783598,322.306919478862,131.075161937948,0.295122157143474,826.192527353848,807.334548365193,0.0006691167543644,0.0431247273958782,0.0363014692434201,332.239680072915,113.51081446063978,7.453357986610214,48.45392707899548,72.51024536825452,0.9205738033607016,16.485166426979504,3.3448735884468874,95.8691240836318,ICV_113_CASE_6_with_r_theta_phi.csv,0.9332771788966321,0.058345902414892736,0.998296426754795,0.9947580661844838,-0.10225649006740853,0.0,0.00025338138,-0.0002533813822083175,0.0,ICV_113_CASE_6_with_r_theta_phi.csv
-0.9107425889,0.9568,-1.66987229,0.0,3066.411992,0.4332583154,328.3796458,776.1020404,21.3793739,0.03630142248,0.04312195953,322.306919478862,131.075161937948,0.295122157143474,826.192527353848,807.334548365193,0.0006691167543644,0.0431247273958782,0.0363014692434201,332.239680072915,113.51081446063978,7.453357986610214,48.45392707899548,72.51024536825452,0.9205738033607016,2.129176312132492,133.58725553256943,141.65421807993266,ICV_113_CASE_6_with_r_theta_phi.csv,0.12053937524758347,0.7243252376089692,-0.6894584470167222,0.6204059056979809,-0.784280888569311,0.0,1.207765e-05,-1.207765035360353e-05,0.0,ICV_113_CASE_6_with_r_theta_phi.csv
-1.161067097,-1.623150145,-1.666525369,0.003375439439,7982.370305,0.4350872372,334.0906929,508.0602052,33.59291689,0.03630144194,0.04312283619,322.306919478862,131.075161937948,0.295122157143474,826.192527353848,807.334548365193,0.0006691167543644,0.0431247273958782,0.0363014692434201,332.239680072915,113.51081446063978,7.453357986610214,48.45392707899548,72.51024536825452,0.9205738033607016,2.600000000475022,234.423210459699,129.8642847558528,ICV_113_CASE_6_with_r_theta_phi.csv,0.14719418674496026,-0.8133365117232685,-0.5817935361430423,0.7675648494752976,-0.640971295652125,0.003375439439,0.0035739332,-0.0001984937116192684,5.880529488014408,ICV_113_CASE_6_with_r_theta_phi.csv
13.21348851,-1.996356521,-1.665701246,0.003375414526,2282.362574,0.4212056852,327.843681,23.84371424,3.159009381,0.03630107477,0.04311721313,322.306919478862,131.075161937948,0.295122157143474,826.192527353848,807.334548365193,0.0006691167543644,0.0431247273958782,0.0363014692434201,332.239680072915,113.51081446063978,7.453357986610214,48.45392707899548,72.51024536825452,0.9205738033607016,13.466858527651029,351.40846049571337,97.10504912491308,ICV_113_CASE_6_with_r_theta_phi.csv,0.7624012648557189,-0.14938933857961978,0.9887784511804167,0.9923210417938703,-0.12368892437533742,0.003375414526,0.0036389534,-0.0002635389101660482,7.80760134964153,ICV_113_CASE_6_with_r_theta_phi.csv
11.35605157,-2.009539435,-1.649773093,0.003375421744,2203.559521,0.420985923,327.3316504,19.65968948,2.175913277,0.03630103451,0.04311688681,322.306919478862,131.075161937948,0.295122157143474,826.192527353848,807.334548365193,0.0006691167543644,0.0431247273958782,0.0363014692434201,332.239680072915,113.51081446063978,7.453357986610214,48.45392707899548,72.51024536825452,0.9205738033607016,11.649888723061109,349.9649624272765,98.1411814540856,ICV_113_CASE_6_with_r_theta_phi.csv,0.6595368830565266,-0.17425037578861152,0.9847013793722073,0.9899221289627431,-0.14161277693015645,0.003375421744,0.0034204694,-4.504760711284252e-05,1.3345771437175629,ICV_113_CASE_6_with_r_theta_phi.csv
12.13423655,-2.010562786,-1.648525791,0.003375416622,2236.42266,0.4212914413,327.7038898,25.01174503,3.235720954,0.03630105357,0.0431170401,322.306919478862,131.075161937948,0.295122157143474,826.192527353848,807.334548365193,0.0006691167543644,0.0431247273958782,0.0363014692434201,332.239680072915,113.51081446063978,7.453357986610214,48.45392707899548,72.51024536825452,0.9205738033607016,12.409661423721284,350.5919438471409,97.6338588715612,ICV_113_CASE_6_with_r_theta_phi.csv,0.7025500079658591,-0.16346467897919617,0.9865491871803597,0.9911372104259568,-0.13284212475360627,0.003375416622,0.0034204694,-4.5052729112842436e-05,1.3347309130924558,ICV_113_CASE_6_with_r_theta_phi.csv
13.52875773,0.9568,-1.647064663,0.0,1738.774666,0.4313238346,326.2441115,30.31412165,0.9007393214,0.03630099983,0.04311676526,322.306919478862,131.075161937948,0.295122157143474,826.192527353848,807.334548365193,0.0006691167543644,0.0431247273958782,0.0363014692434201,332.239680072915,113.51081446063978,7.453357986610214,48.45392707899548,72.51024536825452,0.9205738033607016,13.662195063793304,4.045417595357321,96.92421343350576,ICV_113_CASE_6_with_r_theta_phi.csv,0.7734598812302522,0.07054720737816574,0.997508441834525,0.9927064829553737,-0.12055637145490265,0.0,2.3017354e-05,-2.30173536692746e-05,0.0,ICV_113_CASE_6_with_r_theta_phi.csv
15.48642444,-1.974985771,-1.641417187,0.003375416854,2328.480273,0.4263814221,327.4015204,12.51463754,1.709081021,0.03630111344,0.043117556,322.306919478862,131.075161937948,0.295122157143474,826.192527353848,807.334548365193,0.0006691167543644,0.0431247273958782,0.0363014692434201,332.239680072915,113.51081446063978,7.453357986610214,48.45392707899548,72.51024536825452,0.9205738033607016,15.697903080133372,352.7322926740612,96.00197997675951,ICV_113_CASE_6_with_r_theta_phi.csv,0.8887077219458781,-0.1265055433640984,0.9919659003706499,0.9945182825724719,-0.10456283101131567,0.003375416854,0.0036389534,-0.000263536582166048,7.807526995537503,ICV_113_CASE_6_with_r_theta_phi.csv
12.88969462,-2.022203392,-1.634225639,0.003375414293,2271.201792,0.4211088626,327.9714127,24.73533305,3.306373668,0.03630106812,0.04311715893,322.306919478862,131.075161937948,0.295122157143474,826.192527353848,807.334548365193,0.0006691167543644,0.0431247273958782,0.0363014692434201,332.239680072915,113.51081446063978,7.453357986610214,48.45392707899548,72.51024536825452,0.9205738033607016,13.149305205775637,351.0838127154593,97.13931029021684,ICV_113_CASE_6_with_r_theta_phi.csv,0.7444235714122307,-0.15498949993785774,0.9879161173444904,0.992246902103575,-0.1242822805787635,0.003375414293,0.0036389534,-0.00026353914316604816,7.807608791445385,ICV_113_CASE_6_with_r_theta_phi.csv
0.7458223395,0.9568,-1.633931617,0.0,1302.514021,0.4329577126,327.8305755,446.4859082,15.2155032,0.03630138005,0.04312089199,322.306919478862,131.075161937948,0.295122157143474,826.192527353848,807.334548365193,0.0006691167543644,0.0431247273958782,0.0363014692434201,332.239680072915,113.51081446063978,7.453357986610214,48.45392707899548,72.51024536825452,0.9205738033607016,2.035055215744646,52.063706316847856,143.4072597730095,ICV_113_CASE_6_with_r_theta_phi.csv,0.11521088361842122,0.788694811110738,0.6147849176150935,0.596123147632561,-0.8028930145770655,0.0,7.351954e-06,-7.35195408196887e-06,0.0,ICV_113_CASE_6_with_r_theta_phi.csv
-1.789852289,0.9568,-1.625103856,0.003375422675,3839.887104,0.4327165818,327.2505065,157.0592789,7.492942613,0.03630143623,0.04312239031,322.306919478862,131.075161937948,0.295122157143474,826.192527353848,807.334548365193,0.0006691167543644,0.0431247273958782,0.0363014692434201,332.239680072915,113.51081446063978,7.453357986610214,48.45392707899548,72.51024536825452,0.9205738033607016,2.599999999850886,151.87241017341648,128.68511934466392,ICV_113_CASE_6_with_r_theta_phi.csv,0.14719418670962597,0.47143660006831856,-0.8818999558430788,0.7805927668063455,-0.6250399446512314,0.003375422675,0.0028056537,0.0005697689483179329,16.879928915839663,ICV_113_CASE_6_with_r_theta_phi.csv
16.24623082,0.9568,-1.616182731,0.0,2183.878502,0.4347615181,326.5869688,42.70903186,1.63343754,0.03630111464,0.0431177559,322.306919478862,131.075161937948,0.295122157143474,826.192527353848,807.334548365193,0.0006691167543644,0.0431247273958782,0.0363014692434201,332.239680072915,113.51081446063978,7.453357986610214,48.45392707899548,72.51024536825452,0.9205738033607016,16.354434527573876,3.3704649982686874,95.6713569504106,ICV_113_CASE_6_with_r_theta_phi.csv,0.9258760344308169,0.058791790033256956,0.9982702667237392,0.9951050971038925,-0.0988222936277675,0.0,0.00025338138,-0.0002533813822083175,0.0,ICV_113_CASE_6_with_r_theta_phi.csv
15.02394662,0.9568,-1.61487281,0.0,1770.36255,0.4314536966,326.3472806,131.258151,3.184709641,0.03630098072,0.04311681357,322.306919478862,131.075161937948,0.295122157143474,826.192527353848,807.334548365193,0.0006691167543644,0.0431247273958782,0.0363014692434201,332.239680072915,113.51081446063978,7.453357986610214,48.45392707899548,72.51024536825452,0.9205738033607016,15.140748081686278,3.643960514602668,96.12266482417442,ICV_113_CASE_6_with_r_theta_phi.csv,0.8571654231488295,0.06355624268916675,0.9979782582878425,0.9942958308415005,-0.10665739904577738,0.0,7.736699e-06,-7.736699444649275e-06,0.0,ICV_113_CASE_6_with_r_theta_phi.csv
14.09455726,-2.038352192,-1.614038519,0.003375414992,2354.156713,0.4213193272,327.7801454,20.4612912,2.887472164,0.03630108949,0.04311734114,322.306919478862,131.075161937948,0.295122157143474,826.192527353848,807.334548365193,0.0006691167543644,0.0431247273958782,0.0363014692434201,332.239680072915,113.51081446063978,7.453357986610214,48.45392707899548,72.51024536825452,0.9205738033607016,14.332360041349284,351.7709486458926,96.46608009853684,ICV_113_CASE_6_with_r_theta_phi.csv,0.8114000307834386,-0.14313077325291934,0.9897037848508115,0.9936386994420303,-0.11261498555321339,0.003375414992,0.0036389534,-0.0002635384441660479,7.807586466036886,ICV_113_CASE_6_with_r_theta_phi.csv
8.147426947,-2.045883387,-1.604481588,0.003375423141,3257.181244,0.4335692188,327.4945443,230.6236734,11.70218393,0.03630136676,0.04312080349,322.306919478862,131.075161937948,0.295122157143474,826.192527353848,807.334548365193,0.0006691167543644,0.0431247273958782,0.0363014692434201,332.239680072915,113.51081446063978,7.453357986610214,48.45392707899548,72.51024536825452,0.9205738033607016,8.55222578374398,345.90402736244545,100.81332910387664,ICV_113_CASE_6_with_r_theta_phi.csv,0.4841684303336481,-0.24354683816759448,0.9698891367669645,0.982243632368613,-0.1876098256257201,0.003375423141,0.003884503,-0.0005090797783907975,15.081954379478432,ICV_113_CASE_6_with_r_theta_phi.csv
0.1993536862,0.9568,-1.599930631,0.0,1318.414639,0.4335723488,327.6954881,445.3460919,16.09171798,0.03630139452,0.04312118044,322.306919478862,131.075161937948,0.295122157143474,826.192527353848,807.334548365193,0.0006691167543644,0.0431247273958782,0.0363014692434201,332.239680072915,113.51081446063978,7.453357986610214,48.45392707899548,72.51024536825452,0.9205738033607016,1.8748296339170625,78.23054298627926,148.5805492254658,ICV_113_CASE_6_with_r_theta_phi.csv,0.10614000892282877,0.9789762615449705,0.20397421241773067,0.521299365286584,-0.8533738757143933,0.0,7.351954e-06,-7.35195408196887e-06,0.0,ICV_113_CASE_6_with_r_theta_phi.csv
16.05526942,-1.803877818,-1.598397438,0.003375416854,2334.734398,0.4342287363,327.1822188,11.48446082,1.511247884,0.03630112535,0.04311767288,322.306919478862,131.075161937948,0.295122157143474,826.192527353848,807.334548365193,0.0006691167543644,0.0431247273958782,0.0363014692434201,332.239680072915,113.51081446063978,7.453357986610214,48.45392707899548,72.51024536825452,0.9205738033607016,16.23516324835893,353.5894596687261,95.65008333921242,ICV_113_CASE_6_with_r_theta_phi.csv,0.9191237117604832,-0.11165174732876809,0.9937473961316492,0.9951417206905816,-0.09845280971606926,0.003375416854,0.0038689277,-0.0004935108594835719,14.62073813942521,ICV_113_CASE_6_with_r_theta_phi.csv
16.53344042,-1.448771736,-1.596424564,0.00337541732,2382.599263,0.4350728184,327.0492345,11.42315332,1.428730933,0.03630114623,0.04311785424,322.306919478862,131.075161937948,0.295122157143474,826.192527353848,807.334548365193,0.0006691167543644,0.0431247273958782,0.0363014692434201,332.239680072915,113.51081446063978,7.453357986610214,48.45392707899548,72.51024536825452,0.9205738033607016,16.67339686606376,354.99214812616367,95.49430482644289,ICV_113_CASE_6_with_r_theta_phi.csv,0.9439334967414753,-0.08729226149714996,0.9961827448228127,0.9954057204725305,-0.09574681013257058,0.00337541732,0.0038689277,-0.0004935103934835721,14.620722315229598,ICV_113_CASE_6_with_r_theta_phi.csv
1.670769244,0.9568,-1.595439285,0.0,1263.670128,0.4331841583,326.3124468,375.1293588,9.078570229,0.0363013662,0.0431206325,322.306919478862,131.075161937948,0.295122157143474,826.192527353848,807.334548365193,0.0006691167543644,0.0431247273958782,0.0363014692434201,332.239680072915,113.51081446063978,7.453357986610214,48.45392707899548,72.51024536825452,0.9205738033607016,2.5004724791162256,29.798487558645604,129.6469476163212,ICV_113_CASE_6_with_r_theta_phi.csv,0.1415596203747783,0.49695105437912157,0.8677785717286867,0.7699906850232474,-0.6380551269110141,0.0,7.976879e-06,-7.97687880549347e-06,0.0,ICV_113_CASE_6_with_r_theta_phi.csv
11.63232757,-2.05666867,-1.590633201,0.00337541895,2201.733547,0.4210321999,327.5275847,22.25510263,2.634640217,0.03630104046,0.04311693495,322.306919478862,131.075161937948,0.295122157143474,826.192527353848,807.334548365193,0.0006691167543644,0.0431247273958782,0.0363014692434201,332.239680072915,113.51081446063978,7.453357986610214,48.45392707899548,72.51024536825452,0.9205738033607016,11.919355884193791,349.97336793401,97.66897695971268,ICV_113_CASE_6_with_r_theta_phi.csv,0.6747922675296619,-0.17410591451151133,0.9847269319624148,0.9910556018291447,-0.1334495937913335,0.00337541895,0.0034204694,-4.505040111284263e-05,1.3346610233226315,ICV_113_CASE_6_with_r_theta_phi.csv
13.62079051,-2.059133291,-1.587441366,0.003375414526,2312.62575,0.4213060886,327.7995055,22.78118164,3.091210896,0.03630108031,0.04311726388,322.306919478862,131.075161937948,0.295122157143474,826.192527353848,807.334548365193,0.0006691167543644,0.0431247273958782,0.0363014692434201,332.239680072915,113.51081446063978,7.453357986610214,48.45392707899548,72.51024536825452,0.9205738033607016,13.86672038074968,351.40336235056884,96.57354672115775,ICV_113_CASE_6_with_r_theta_phi.csv,0.7850387034197325,-0.14947731891974794,0.9887651546897089,0.9934257258390463,-0.11447850121819352,0.003375414526,0.0036389534,-0.0002635389101660482,7.80760134964153,ICV_113_CASE_6_with_r_theta_phi.csv
-1.720145537,0.9568,-1.585053243,0.001708621043,3736.343557,0.4333367578,326.6879721,225.9815513,7.828400422,0.03630143485,0.04312233589,322.306919478862,131.075161937948,0.295122157143474,826.192527353848,807.334548365193,0.0006691167543644,0.0431247273958782,0.0363014692434201,332.239680072915,113.51081446063978,7.453357986610214,48.45392707899548,72.51024536825452,0.9205738033607016,2.527204125433052,150.9157876983952,128.84357705446712,ICV_113_CASE_6_with_r_theta_phi.csv,0.14307298304371688,0.48609459637083874,-0.8739061982724871,0.7788611678470516,-0.6271963657579075,0.001708621043,0.0019768327,-0.00026821170445941156,15.69755361501983,ICV_113_CASE_6_with_r_theta_phi.csv
12.61655405,-2.060975305,-1.585049145,0.003375414293,2239.079584,0.4210826278,328.0575345,25.81577424,3.483004122,0.03630106187,0.04311710909,322.306919478862,131.075161937948,0.295122157143474,826.192527353848,807.334548365193,0.0006691167543644,0.0431247273958782,0.0363014692434201,332.239680072915,113.51081446063978,7.453357986610214,48.45392707899548,72.51024536825452,0.9205738033607016,12.88167054758258,350.7224009659424,97.06797850792202,ICV_113_CASE_6_with_r_theta_phi.csv,0.7292719307005788,-0.16121797717924033,0.9869188233255225,0.9924008613569436,-0.12304686252804814,0.003375414293,0.0036389534,-0.00026353914316604816,7.807608791445385,ICV_113_CASE_6_with_r_theta_phi.csv
12.93694534,0.9568,-1.572593613,0.0,1773.23482,0.4303307252,326.3516725,26.1131141,0.8112918138,0.03630105242,0.04311718794,322.306919478862,131.075161937948,0.295122157143474,826.192527353848,807.334548365193,0.0006691167543644,0.0431247273958782,0.0363014692434201,332.239680072915,113.51081446063978,7.453357986610214,48.45392707899548,72.51024536825452,0.9205738033607016,13.067251877950318,4.229821869704836,96.91208099255084,ICV_113_CASE_6_with_r_theta_phi.csv,0.7397782741596312,0.07375727921192328,0.9972762223994185,0.9927319886365973,-0.12034616212254949,0.0,1.8695435e-05,-1.8695434846449643e-05,0.0,ICV_113_CASE_6_with_r_theta_phi.csv
14.57986557,-2.078670335,-1.561771315,0.003375415225,2357.17999,0.4211720833,327.7804521,17.35731898,2.551492315,0.03630109367,0.04311738248,322.306919478862,131.075161937948,0.295122157143474,826.192527353848,807.334548365193,0.0006691167543644,0.0431247273958782,0.0363014692434201,332.239680072915,113.51081446063978,7.453357986610214,48.45392707899548,72.51024536825452,0.9205738033607016,14.809877786168167,351.8859485299414,96.05336477026437,ICV_113_CASE_6_with_r_theta_phi.csv,0.8384338138957699,-0.14114402547292687,0.9899890727039858,0.994424107149678,-0.10545470648371158,0.003375415225,0.0036389534,-0.000263538211166048,7.807579024236112,ICV_113_CASE_6_with_r_theta_phi.csv
2.08126666,0.9568,-1.55515854,0.0,1272.285849,0.4333883389,325.8989688,373.7744808,7.846333659,0.03630136639,0.04312065106,322.306919478862,131.075161937948,0.295122157143474,826.192527353848,807.334548365193,0.0006691167543644,0.0431247273958782,0.0363014692434201,332.239680072915,113.51081446063978,7.453357986610214,48.45392707899548,72.51024536825452,0.9205738033607016,2.7686919717734013,24.68918987111823,124.17305207030569,ICV_113_CASE_6_with_r_theta_phi.csv,0.15674437040693434,0.41769565599946096,0.9085870013153281,0.8273448475165829,-0.5616943148081189,0.0,7.976879e-06,-7.97687880549347e-06,0.0,ICV_113_CASE_6_with_r_theta_phi.csv
-1.678870524,-1.237138416,-1.552701614,0.003375435248,6663.400298,0.4348175225,332.3674997,494.7488827,29.95465923,0.03630143756,0.04312260958,322.306919478862,131.075161937948,0.295122157143474,826.192527353848,807.334548365193,0.0006691167543644,0.0431247273958782,0.0363014692434201,332.239680072915,113.51081446063978,7.453357986610214,48.45392707899548,72.51024536825452,0.9205738033607016,2.599999999772544,216.38603112535063,126.66911938929104,ICV_113_CASE_6_with_r_theta_phi.csv,0.14719418670519077,-0.5932226335631727,-0.8050384506521249,0.8020976288040823,-0.5971929285137832,0.003375435248,0.0035739332,-0.00019849790261926856,5.880660951149194,ICV_113_CASE_6_with_r_theta_phi.csv
15.28935867,0.9568,-1.549395254,0.0,1840.414691,0.432883179,326.0417569,98.84902235,2.766854609,0.03630101239,0.04311704537,322.306919478862,131.075161937948,0.295122157143474,826.192527353848,807.334548365193,0.0006691167543644,0.0431247273958782,0.0363014692434201,332.239680072915,113.51081446063978,7.453357986610214,48.45392707899548,72.51024536825452,0.9205738033607016,15.397421226719164,3.5808700721108835,95.77527312380464,ICV_113_CASE_6_with_r_theta_phi.csv,0.8716964980855543,0.06245729464471306,0.9980476373128006,0.9949242285814718,-0.10062693169108947,0.0,7.736699e-06,-7.736699444649275e-06,0.0,ICV_113_CASE_6_with_r_theta_phi.csv
-1.637870927,0.9568,-1.538145609,0.0,3722.35987,0.4343236584,326.3240491,384.6318517,11.6018131,0.03630143262,0.04312224907,322.306919478862,131.075161937948,0.295122157143474,826.192527353848,807.334548365193,0.0006691167543644,0.0431247273958782,0.0363014692434201,332.239680072915,113.51081446063978,7.453357986610214,48.45392707899548,72.51024536825452,0.9205738033607016,2.4421259852836874,149.70768018736027,129.03822774447508,ICV_113_CASE_6_with_r_theta_phi.csv,0.13825644164111245,0.5044118858089466,-0.8634631720314783,0.7767259059434688,-0.6298387627292383,0.0,7.730914e-05,-7.730913785053417e-05,0.0,ICV_113_CASE_6_with_r_theta_phi.csv
16.10196131,0.9568,-1.534364242,0.0,2093.169336,0.434290131,326.0189128,45.18216091,1.76250031,0.03630109916,0.04311767326,322.306919478862,131.075161937948,0.295122157143474,826.192527353848,807.334548365193,0.0006691167543644,0.0431247273958782,0.0363014692434201,332.239680072915,113.51081446063978,7.453357986610214,48.45392707899548,72.51024536825452,0.9205738033607016,16.20317554974534,3.400592959243056,95.43378156386228,ICV_113_CASE_6_with_r_theta_phi.csv,0.9173127874210947,0.05931670444772573,0.9982392141032435,0.9955063053479251,-0.09469527977953138,0.0,0.00014108568,-0.0001410856784787029,0.0,ICV_113_CASE_6_with_r_theta_phi.csv
-0.6576038844,-2.003106383,-1.52155248,0.003375444794,9878.03914,0.4353824821,335.4004965,463.5461378,34.55744093,0.03630144627,0.04312310948,322.306919478862,131.075161937948,0.295122157143474,826.192527353848,807.334548365193,0.0006691167543644,0.0431247273958782,0.0363014692434201,332.239680072915,113.51081446063978,7.453357986610214,48.45392707899548,72.51024536825452,0.9205738033607016,2.599999999959127,251.82540339708672,125.81800303739698,ICV_113_CASE_6_with_r_theta_phi.csv,0.14719418671575385,-0.950110438992529,-0.3119136959439644,0.8108799780708928,-0.585212492316892,0.003375444794,0.0035612409,-0.00018579605974176515,5.504343013311381,ICV_113_CASE_6_with_r_theta_phi.csv
11.87778499,-2.108840351,-1.520786761,0.003375418484,2212.546437,0.4212272912,327.7134825,25.63245918,3.265153605,0.03630104584,0.04311698087,322.306919478862,131.075161937948,0.295122157143474,826.192527353848,807.334548365193,0.0006691167543644,0.0431247273958782,0.0363014692434201,332.239680072915,113.51081446063978,7.453357986610214,48.45392707899548,72.51024536825452,0.9205738033607016,12.15902036625928,349.9323357146829,97.1850740785428,ICV_113_CASE_6_with_r_theta_phi.csv,0.6883604284999837,-0.17481107936445817,0.9846019939708801,0.9921473177685258,-0.12507477701247333,0.003375418484,0.0034204694,-4.5050867112842504e-05,1.3346750132774279,ICV_113_CASE_6_with_r_theta_phi.csv
12.37061497,-2.110889365,-1.517941398,0.00337541406,2226.406866,0.4209413653,328.2931394,27.56720568,3.775175108,0.03630105537,0.04311705848,322.306919478862,131.075161937948,0.295122157143474,826.192527353848,807.334548365193,0.0006691167543644,0.0431247273958782,0.0363014692434201,332.239680072915,113.51081446063978,7.453357986610214,48.45392707899548,72.51024536825452,0.9205738033607016,12.64089058314407,350.3164648329983,96.89682580871391,ICV_113_CASE_6_with_r_theta_phi.csv,0.7156406187607589,-0.16820611539587102,0.985751846431662,0.992763995997539,-0.1200818398051867,0.00337541406,0.0034204694,-4.505529111284261e-05,1.334807827976356,ICV_113_CASE_6_with_r_theta_phi.csv
17.15333336,-0.4301793552,-1.508719496,0.003375413129,2456.546085,0.4369847963,326.5234002,14.2177095,1.478840632,0.03630117645,0.04311816199,322.306919478862,131.075161937948,0.295122157143474,826.192527353848,807.334548365193,0.0006691167543644,0.0431247273958782,0.0363014692434201,332.239680072915,113.51081446063978,7.453357986610214,48.45392707899548,72.51024536825452,0.9205738033607016,17.224927696641856,358.5634106359799,95.02493682065892,ICV_113_CASE_6_with_r_theta_phi.csv,0.9751573936864303,-0.02507058737062343,0.9996856834269919,0.9961566709796662,-0.08758930792459249,0.003375413129,0.0038564894,-0.0004810763058382948,14.252368149029945,ICV_113_CASE_6_with_r_theta_phi.csv
14.59936571,0.9568,-1.49952098,0.0,1650.594475,0.4301769575,326.0575786,182.6244659,3.785431932,0.03630094269,0.04311654527,322.306919478862,131.075161937948,0.295122157143474,826.192527353848,807.334548365193,0.0006691167543644,0.0431247273958782,0.0363014692434201,332.239680072915,113.51081446063978,7.453357986610214,48.45392707899548,72.51024536825452,0.9205738033607016,14.70732839586388,3.749636643285783,95.85189751067004,ICV_113_CASE_6_with_r_theta_phi.csv,0.832628170009511,0.06539680103602416,0.9978593379902072,0.994788765701551,-0.10195740107507992,0.0,7.736699e-06,-7.736699444649275e-06,0.0,ICV_113_CASE_6_with_r_theta_phi.csv
14.00674669,0.9568,-1.495830923,0.0,1673.277885,0.4309931453,326.4433254,86.2890799,1.530861388,0.03630094102,0.04311644234,322.306919478862,131.075161937948,0.295122157143474,826.192527353848,807.334548365193,0.0006691167543644,0.0431247273958782,0.0363014692434201,332.239680072915,113.51081446063978,7.453357986610214,48.45392707899548,72.51024536825452,0.9205738033607016,14.118850138309032,3.9078004445423744,96.08165291206136,ICV_113_CASE_6_with_r_theta_phi.csv,0.799312562885645,0.06815111820463299,0.9976750097539069,0.9943719207254009,-0.10594566188795573,0.0,7.736699e-06,-7.736699444649275e-06,0.0,ICV_113_CASE_6_with_r_theta_phi.csv
13.30034672,0.9568,-1.4914895,0.0,1786.041564,0.4308291834,326.0457237,21.4557683,0.9568934436,0.03630106251,0.04311727289,322.306919478862,131.075161937948,0.295122157143474,826.192527353848,807.334548365193,0.0006691167543644,0.0431247273958782,0.0363014692434201,332.239680072915,113.51081446063978,7.453357986610214,48.45392707899548,72.51024536825452,0.9205738033607016,13.417869802648443,4.114654203150053,96.38201302807136,ICV_113_CASE_6_with_r_theta_phi.csv,0.7596278588806763,0.07175255152978118,0.9974224638281244,0.9938028638422454,-0.11115695128489018,0.0,1.9874322e-05,-1.9874321878887713e-05,0.0,ICV_113_CASE_6_with_r_theta_phi.csv
13.29945146,-2.132890501,-1.486868559,0.00337541406,2280.577748,0.4210232675,328.0358131,24.16587866,3.244342511,0.03630107179,0.04311719634,322.306919478862,131.075161937948,0.295122157143474,826.192527353848,807.334548365193,0.0006691167543644,0.0431247273958782,0.0363014692434201,332.239680072915,113.51081446063978,7.453357986610214,48.45392707899548,72.51024536825452,0.9205738033607016,13.551214304920975,350.88881261218194,96.29929979755588,ICV_113_CASE_6_with_r_theta_phi.csv,0.7671769110211882,-0.15835086345126168,0.9873829064978996,0.9939622964262039,-0.10972216404695635,0.00337541406,0.0036389534,-0.0002635393761660481,7.807616233250268,ICV_113_CASE_6_with_r_theta_phi.csv
-1.541088603,0.9568,-1.483494868,0.0,3650.275065,0.434398671,326.6869467,516.294151,14.78844031,0.03630143092,0.04312219128,322.306919478862,131.075161937948,0.295122157143474,826.192527353848,807.334548365193,0.0006691167543644,0.0431247273958782,0.0363014692434201,332.239680072915,113.51081446063978,7.453357986610214,48.45392707899548,72.51024536825452,0.9205738033607016,2.343326128749225,148.16551554851776,129.27715694008816,ICV_113_CASE_6_with_r_theta_phi.csv,0.13266307066786168,0.52746722257414,-0.8495753816524597,0.774092668689327,-0.6330723025701218,0.0,7.730914e-05,-7.730913785053417e-05,0.0,ICV_113_CASE_6_with_r_theta_phi.csv
13.03483681,-2.137526294,-1.480196387,0.003375413362,2267.3216,0.4208324022,328.2580264,25.20429618,3.422808011,0.03630106667,0.0431171534,322.306919478862,131.075161937948,0.295122157143474,826.192527353848,807.334548365193,0.0006691167543644,0.0431247273958782,0.0363014692434201,332.239680072915,113.51081446063978,7.453357986610214,48.45392707899548,72.51024536825452,0.9205738033607016,13.29161279397501,350.68720129411406,96.39390339922528,ICV_113_CASE_6_with_r_theta_phi.csv,0.7524800520694679,-0.16182426046308862,0.9868195927957524,0.9937797744708416,-0.11136318894806807,0.003375413362,0.0036389534,-0.0002635400741660479,7.80763852673199,ICV_113_CASE_6_with_r_theta_phi.csv
14.31296795,0.9568,-1.479075541,0.0,1630.357921,0.4296399006,326.089278,197.8096629,3.274618882,0.03630092631,0.04311642289,322.306919478862,131.075161937948,0.295122157143474,826.192527353848,807.334548365193,0.0006691167543644,0.0431247273958782,0.0363014692434201,332.239680072915,113.51081446063978,7.453357986610214,48.45392707899548,72.51024536825452,0.9205738033607016,14.42096329076916,3.824445147414792,95.8868516566646,ICV_113_CASE_6_with_r_theta_phi.csv,0.8164161397214912,0.06669960466389545,0.9977731018311128,0.9947263799503172,-0.10256426780773731,0.0,7.736699e-06,-7.736699444649275e-06,0.0,ICV_113_CASE_6_with_r_theta_phi.csv
12.4398552,0.9568,-1.474665891,0.0,1785.944279,0.4304590007,326.1183567,33.52739333,0.9694068964,0.03630110428,0.04311763625,322.306919478862,131.075161937948,0.295122157143474,826.192527353848,807.334548365193,0.0006691167543644,0.0431247273958782,0.0363014692434201,332.239680072915,113.51081446063978,7.453357986610214,48.45392707899548,72.51024536825452,0.9205738033607016,12.563443123883111,4.3981928185850165,96.7407762798128,ICV_113_CASE_6_with_r_theta_phi.csv,0.7112560742302598,0.07668757978271513,0.9970551715462238,0.9930873657607656,-0.11737752751844471,0.0,2.3017354e-05,-2.30173536692746e-05,0.0,ICV_113_CASE_6_with_r_theta_phi.csv
13.73496112,0.9568,-1.474264761,0.0,1731.056361,0.4317155342,326.1658506,56.52101072,1.571131257,0.03630100311,0.0431168266,322.306919478862,131.075161937948,0.295122157143474,826.192527353848,807.334548365193,0.0006691167543644,0.0431247273958782,0.0363014692434201,332.239680072915,113.51081446063978,7.453357986610214,48.45392707899548,72.51024536825452,0.9205738033607016,13.84695200372407,3.9848807626502776,96.1117820212886,ICV_113_CASE_6_with_r_theta_phi.csv,0.7839195533508784,0.06949323364593181,0.9975824228991969,0.9943160714910683,-0.10646853983486819,0.0,7.736699e-06,-7.736699444649275e-06,0.0,ICV_113_CASE_6_with_r_theta_phi.csv
0.9038133395,0.9568,-1.471857061,0.0,1403.990568,0.4321605484,328.2015167,324.9595587,12.43214109,0.03630137069,0.04312069016,322.306919478862,131.075161937948,0.295122157143474,826.192527353848,807.334548365193,0.0006691167543644,0.0431247273958782,0.0363014692434201,332.239680072915,113.51081446063978,7.453357986610214,48.45392707899548,72.51024536825452,0.9205738033607016,1.9745146240718756,46.6312318328861,138.19581198211233,ICV_113_CASE_6_with_r_theta_phi.csv,0.11178349009738119,0.7269490932526753,0.686691354117054,0.6665869588143197,-0.7454272776996267,0.0,7.351954e-06,-7.35195408196887e-06,0.0,ICV_113_CASE_6_with_r_theta_phi.csv
12.16071268,-2.144830726,-1.469592173,0.003375415457,2215.881865,0.4210503213,328.2033862,28.55050557,3.862724334,0.03630105017,0.04311701895,322.306919478862,131.075161937948,0.295122157143474,826.192527353848,807.334548365193,0.0006691167543644,0.0431247273958782,0.0363014692434201,332.239680072915,113.51081446063978,7.453357986610214,48.45392707899548,72.51024536825452,0.9205738033607016,12.4355511692747,349.99740009847926,96.78688536274656,ICV_113_CASE_6_with_r_theta_phi.csv,0.7040157079816562,-0.1736928649537166,0.9847998723924419,0.9929925840050297,-0.11817668175665694,0.003375415457,0.0034204694,-4.505389411284255e-05,1.3347658880349464,ICV_113_CASE_6_with_r_theta_phi.csv
0.5931236165,0.9568,-1.468855849,0.0,1347.734368,0.4328595377,328.1152429,361.6616504,14.48723531,0.03630137936,0.04312086018,322.306919478862,131.075161937948,0.295122157143474,826.192527353848,807.334548365193,0.0006691167543644,0.0431247273958782,0.0363014692434201,332.239680072915,113.51081446063978,7.453357986610214,48.45392707899548,72.51024536825452,0.9205738033607016,1.8506213468971848,58.20508342954207,142.53353939515853,ICV_113_CASE_6_with_r_theta_phi.csv,0.10476950156908706,0.8499394425209529,0.5268803887479319,0.608296917210309,-0.7937095567727748,0.0,7.351954e-06,-7.35195408196887e-06,0.0,ICV_113_CASE_6_with_r_theta_phi.csv
-2.102092599,0.4448811399,-1.463997088,0.003375423839,4463.671355,0.4337815044,328.2678478,215.3550336,13.24840542,0.03630143415,0.04312227723,322.306919478862,131.075161937948,0.295122157143474,826.192527353848,807.334548365193,0.0006691167543644,0.0431247273958782,0.0363014692434201,332.239680072915,113.51081446063978,7.453357986610214,48.45392707899548,72.51024536825452,0.9205738033607016,2.5999999994388032,168.05040407143247,124.2687780640258,ICV_113_CASE_6_with_r_theta_phi.csv,0.14719418668629666,0.20705111740139892,-0.9783301256645591,0.8264052515881113,-0.5630758031984597,0.003375423839,0.0038971952,-0.0005217713772683011,15.4579514159117,ICV_113_CASE_6_with_r_theta_phi.csv
-0.4255751517,0.9568,-1.459938494,0.0,2225.935383,0.4335466109,328.339109,541.741166,19.29023263,0.03630141626,0.04312177031,322.306919478862,131.075161937948,0.295122157143474,826.192527353848,807.334548365193,0.0006691167543644,0.0431247273958782,0.0363014692434201,332.239680072915,113.51081446063978,7.453357986610214,48.45392707899548,72.51024536825452,0.9205738033607016,1.7966638127394523,113.9790239195737,144.3490719498585,ICV_113_CASE_6_with_r_theta_phi.csv,0.10171479566229481,0.9136943033811343,-0.4064021653102547,0.5828454745974501,-0.8125830128308573,0.0,7.351954e-06,-7.35195408196887e-06,0.0,ICV_113_CASE_6_with_r_theta_phi.csv
1.124214885,0.9568,-1.456366884,0.0,1406.627362,0.4321542403,327.7928796,299.8074201,10.78826164,0.03630136851,0.04312062022,322.306919478862,131.075161937948,0.295122157143474,826.192527353848,807.334548365193,0.0006691167543644,0.0431247273958782,0.0363014692434201,332.239680072915,113.51081446063978,7.453357986610214,48.45392707899548,72.51024536825452,0.9205738033607016,2.073723667335509,40.400536089605225,134.6114669175546,ICV_113_CASE_6_with_r_theta_phi.csv,0.117400026419792,0.6481270263897894,0.7615322433509493,0.7118855060033831,-0.7022955405969109,0.0,7.351954e-06,-7.35195408196887e-06,0.0,ICV_113_CASE_6_with_r_theta_phi.csv
14.83679511,0.9568,-1.455604276,0.0,1691.107583,0.4303015231,326.3082291,206.3806371,4.322016523,0.03630095829,0.04311666168,322.306919478862,131.075161937948,0.295122157143474,826.192527353848,807.334548365193,0.0006691167543644,0.0431247273958782,0.0363014692434201,332.239680072915,113.51081446063978,7.453357986610214,48.45392707899548,72.51024536825452,0.9205738033607016,14.93869938061642,3.689799283227501,95.59168617935757,ICV_113_CASE_6_with_r_theta_phi.csv,0.8457268099828988,0.06435464223259824,0.9979270915368088,0.9952415491290588,-0.09743848770989459,0.0,7.736699e-06,-7.736699444649275e-06,0.0,ICV_113_CASE_6_with_r_theta_phi.csv
10.43482605,-2.156085167,-1.453030197,0.003375669476,2177.366807,0.4274879456,327.2695714,28.60809351,1.367300893,0.03630120139,0.04311868605,322.306919478862,131.075161937948,0.295122157143474,826.192527353848,807.334548365193,0.0006691167543644,0.0431247273958782,0.0363014692434201,332.239680072915,113.51081446063978,7.453357986610214,48.45392707899548,72.51024536825452,0.9205738033607016,10.753864175007507,348.3256084150202,97.76538726499793,ICV_113_CASE_6_with_r_theta_phi.csv,0.6088101120449212,-0.20234961034668805,0.979313348827914,0.9908296462998185,-0.13511703080432338,0.003375669476,0.003421218,-4.554842563218994e-05,1.3493153267087452,ICV_113_CASE_6_with_r_theta_phi.csv
10.82333518,-2.159140468,-1.448486258,0.003375490662,2150.117495,0.4205072076,327.7520996,11.7028266,0.7718498254,0.03630102918,0.04311688403,322.306919478862,131.075161937948,0.295122157143474,826.192527353848,807.334548365193,0.0006691167543644,0.0431247273958782,0.0363014692434201,332.239680072915,113.51081446063978,7.453357986610214,48.45392707899548,72.51024536825452,0.9205738033607016,11.1312436151041,348.71820119125374,97.47698791048924,ICV_113_CASE_6_with_r_theta_phi.csv,0.6301747504176665,-0.19563462180095587,0.9806768554181327,0.9914972055193811,-0.13012798103120665,0.003375490662,0.003421218,-4.5727239632189706e-05,1.3546842280863896,ICV_113_CASE_6_with_r_theta_phi.csv
12.77824428,-2.161172799,-1.445452224,0.00337541406,2211.986749,0.4208077369,328.3624248,26.66000739,3.646792717,0.03630106114,0.04311710872,322.306919478862,131.075161937948,0.295122157143474,826.192527353848,807.334548365193,0.0006691167543644,0.0431247273958782,0.0363014692434201,332.239680072915,113.51081446063978,7.453357986610214,48.45392707899548,72.51024536825452,0.9205738033607016,13.040073883163268,350.4004596521251,96.36413995936108,ICV_113_CASE_6_with_r_theta_phi.csv,0.738239642298359,-0.16676083661373356,0.9859973749315399,0.9938374902212037,-0.11084693514400279,0.00337541406,0.0036389534,-0.0002635393761660481,7.807616233250268,ICV_113_CASE_6_with_r_theta_phi.csv
-0.8202434423,0.9568,-1.442757899,0.0,2852.672972,0.4333205446,328.6250482,632.5929231,20.69809247,0.0363014211,0.04312190403,322.306919478862,131.075161937948,0.295122157143474,826.192527353848,807.334548365193,0.0006691167543644,0.0431247273958782,0.0363014692434201,332.239680072915,113.51081446063978,7.453357986610214,48.45392707899548,72.51024536825452,0.9205738033607016,1.9156763556934788,130.60575291338284,138.8624480276717,ICV_113_CASE_6_with_r_theta_phi.csv,0.10845247045820522,0.7592059610385243,-0.6508504503521302,0.6578689942042841,-0.7531323830938645,0.0,1.3471495e-07,-1.3471495208250417e-07,0.0,ICV_113_CASE_6_with_r_theta_phi.csv
0.7463040313,0.9568,-1.439807736,0.0,1441.72576,0.4323558738,328.4521498,326.7798276,13.65105289,0.03630137331,0.04312075035,322.306919478862,131.075161937948,0.295122157143474,826.192527353848,807.334548365193,0.0006691167543644,0.0431247273958782,0.0363014692434201,332.239680072915,113.51081446063978,7.453357986610214,48.45392707899548,72.51024536825452,0.9205738033607016,1.882945103761678,52.04576795952994,139.87651433466846,ICV_113_CASE_6_with_r_theta_phi.csv,0.10659945122421845,0.7885022935086732,0.6150318147312074,0.6444371185950075,-0.7646573089802805,0.0,7.351954e-06,-7.35195408196887e-06,0.0,ICV_113_CASE_6_with_r_theta_phi.csv
11.47291076,-2.165006752,-1.439703359,0.003375423606,2179.487661,0.4207570266,327.5727401,21.04932964,2.381798133,0.03630103231,0.04311687526,322.306919478862,131.075161937948,0.295122157143474,826.192527353848,807.334548365193,0.0006691167543644,0.0431247273958782,0.0363014692434201,332.239680072915,113.51081446063978,7.453357986610214,48.45392707899548,72.51024536825452,0.9205738033607016,11.763829363988805,349.31360903895984,97.02970448061468,ICV_113_CASE_6_with_r_theta_phi.csv,0.6659874215086372,-0.18543321746520927,0.9826568688308754,0.9924828361923894,-0.12238390361281447,0.003375423606,0.0034204694,-4.504574511284259e-05,1.3345212440721839,ICV_113_CASE_6_with_r_theta_phi.csv
9.96781078,-2.166621759,-1.437271775,0.003375478089,2458.110312,0.4316471178,326.756525,73.96156562,4.361335991,0.03630130722,0.04311991412,322.306919478862,131.075161937948,0.295122157143474,826.192527353848,807.334548365193,0.0006691167543644,0.0431247273958782,0.0363014692434201,332.239680072915,113.51081446063978,7.453357986610214,48.45392707899548,72.51024536825452,0.9205738033607016,10.301322815428518,347.73683791498365,98.02024701343804,ICV_113_CASE_6_with_r_theta_phi.csv,0.5831903207451066,-0.21240215776652263,0.9771823388580686,0.9902188263329599,-0.13952303027018642,0.003375478089,0.003884503,-0.0005090248303907976,15.080081008340883,ICV_113_CASE_6_with_r_theta_phi.csv
13.52404881,0.9568,-1.436512966,0.0,1774.650533,0.430855216,326.3022558,34.3249102,1.344866134,0.03630104842,0.04311718675,322.306919478862,131.075161937948,0.295122157143474,826.192527353848,807.334548365193,0.0006691167543644,0.0431247273958782,0.0363014692434201,332.239680072915,113.51081446063978,7.453357986610214,48.45392707899548,72.51024536825452,0.9205738033607016,13.63374240466456,4.046821484673728,96.04816953801674,ICV_113_CASE_6_with_r_theta_phi.csv,0.771849086607013,0.07057164879850959,0.99750671295278,0.9944336650520751,-0.10536453773019287,0.0,2.352539e-05,-2.3525390133727342e-05,0.0,ICV_113_CASE_6_with_r_theta_phi.csv
0.3822250644,0.9568,-1.435333795,0.0,1259.028184,0.4336396754,327.6878069,346.3781676,14.53435555,0.03630138372,0.04312091546,322.306919478862,131.075161937948,0.295122157143474,826.192527353848,807.334548365193,0.0006691167543644,0.0431247273958782,0.0363014692434201,332.239680072915,113.51081446063978,7.453357986610214,48.45392707899548,72.51024536825452,0.9205738033607016,1.7668461571185778,68.22414514464617,144.32819199143535,ICV_113_CASE_6_with_r_theta_phi.csv,0.10002672428962019,0.9286422433956639,0.37097652726428454,0.5831415606584154,-0.8123705559859168,0.0,7.351954e-06,-7.35195408196887e-06,0.0,ICV_113_CASE_6_with_r_theta_phi.csv
15.08,-2.168908199,-1.433819104,0.003375414293,2282.326266,0.4208688964,327.6704537,13.75479666,1.979918838,0.03630108736,0.04311736162,322.306919478862,131.075161937948,0.295122157143474,826.192527353848,807.334548365193,0.0006691167543644,0.0431247273958782,0.0363014692434201,332.239680072915,113.51081446063978,7.453357986610214,48.45392707899548,72.51024536825452,0.9205738033607016,15.302496528301674,351.8154587310336,95.37640819131946,ICV_113_CASE_6_with_r_theta_phi.csv,0.8663225120151619,-0.14236188119442428,0.9898146769889729,0.9956006297511126,-0.09369837799656938,0.003375414293,0.0036389534,-0.00026353914316604816,7.807608791445385,ICV_113_CASE_6_with_r_theta_phi.csv
11.18097809,-2.172312648,-1.428655927,0.003375438973,2179.045303,0.420509781,327.4465482,17.29052668,1.733774126,0.03630102434,0.0431168126,322.306919478862,131.075161937948,0.295122157143474,826.192527353848,807.334548365193,0.0006691167543644,0.0431247273958782,0.0363014692434201,332.239680072915,113.51081446063978,7.453357986610214,48.45392707899548,72.51024536825452,0.9205738033607016,11.479297497994947,349.00518150049805,97.14928360088965,ICV_113_CASE_6_with_r_theta_phi.csv,0.6498791766585065,-0.19072022188430243,0.9816444351008171,0.9922252536142359,-0.1244549962442862,0.003375438973,0.003421218,-4.57789286321896e-05,1.3562362994801873,ICV_113_CASE_6_with_r_theta_phi.csv
-1.427524942,0.9568,-1.42027805,0.0,3556.064041,0.4344192832,327.0452854,589.2391301,16.94400814,0.03630142906,0.04312212881,322.306919478862,131.075161937948,0.295122157143474,826.192527353848,807.334548365193,0.0006691167543644,0.0431247273958782,0.0363014692434201,332.239680072915,113.51081446063978,7.453357986610214,48.45392707899548,72.51024536825452,0.9205738033607016,2.2294581044154893,146.16799085886237,129.57225433269457,ICV_113_CASE_6_with_r_theta_phi.csv,0.12621664326978577,0.5567597705228363,-0.8306735567762817,0.7708218270577449,-0.6370507914847606,0.0,7.730914e-05,-7.730913785053417e-05,0.0,ICV_113_CASE_6_with_r_theta_phi.csv
-2.074196339,-0.6750810222,-1.414911715,0.003375430824,5465.063383,0.4345323922,330.6567803,410.1597775,24.1460468,0.03630143424,0.0431224012,322.306919478862,131.075161937948,0.295122157143474,826.192527353848,807.334548365193,0.0006691167543644,0.0431247273958782,0.0363014692434201,332.239680072915,113.51081446063978,7.453357986610214,48.45392707899548,72.51024536825452,0.9205738033607016,2.600000000096123,198.0283232818417,122.96979374820728,ICV_113_CASE_6_with_r_theta_phi.csv,0.14719418672350962,-0.3094870966685126,-0.9509036423295973,0.8389575842914857,-0.5441968134414191,0.003375430824,0.0038971952,-0.0005217643922683008,15.457712491213647,ICV_113_CASE_6_with_r_theta_phi.csv
11.68542155,-2.183413561,-1.411632113,0.00337541569,2209.059677,0.421117004,327.6295927,25.09078403,3.046994697,0.03630103748,0.04311692121,322.306919478862,131.075161937948,0.295122157143474,826.192527353848,807.334548365193,0.0006691167543644,0.0431247273958782,0.0363014692434201,332.239680072915,113.51081446063978,7.453357986610214,48.45392707899548,72.51024536825452,0.9205738033607016,11.971176917998328,349.41636170381344,96.77203131393594,ICV_113_CASE_6_with_r_theta_phi.csv,0.6777260194241804,-0.1836706505906553,0.9829878392490954,0.9930231881824324,-0.11791924241614472,0.00337541569,0.0034204694,-4.5053661112842616e-05,1.3347588930445193,ICV_113_CASE_6_with_r_theta_phi.csv
-0.09630016696,0.9568,-1.408730926,0.0,1701.853497,0.4334113295,328.3213647,411.3757458,16.99737486,0.0363014083,0.04312154856,322.306919478862,131.075161937948,0.295122157143474,826.192527353848,807.334548365193,0.0006691167543644,0.0431247273958782,0.0363014692434201,332.239680072915,113.51081446063978,7.453357986610214,48.45392707899548,72.51024536825452,0.9205738033607016,1.705656115407013,95.74736035696742,145.68160388198874,ICV_113_CASE_6_with_r_theta_phi.csv,0.09656256335693617,0.9949731329052909,-0.10014222284646138,0.5637912576030436,-0.8259173190158797,0.0,7.351954e-06,-7.35195408196887e-06,0.0,ICV_113_CASE_6_with_r_theta_phi.csv
2.375648716,0.9568,-1.407023263,0.0,1196.106365,0.4332264359,325.6723086,311.6746231,5.165222526,0.0363013609,0.04312049967,322.306919478862,131.075161937948,0.295122157143474,826.192527353848,807.334548365193,0.0006691167543644,0.0431247273958782,0.0363014692434201,332.239680072915,113.51081446063978,7.453357986610214,48.45392707899548,72.51024536825452,0.9205738033607016,2.9221374923941577,21.937266277592585,118.78372983610132,ICV_113_CASE_6_with_r_theta_phi.csv,0.16543140448897387,0.3735911861926903,0.9275934592261518,0.8764434473038528,-0.48150481168742076,0.0,7.976879e-06,-7.97687880549347e-06,0.0,ICV_113_CASE_6_with_r_theta_phi.csv
12.56048191,-2.186708938,-1.406521959,0.003375413362,2186.697457,0.4204144818,328.8668401,28.42595779,4.007335007,0.03630105533,0.04311706527,322.306919478862,131.075161937948,0.295122157143474,826.192527353848,807.334548365193,0.0006691167543644,0.0431247273958782,0.0363014692434201,332.239680072915,113.51081446063978,7.453357986610214,48.45392707899548,72.51024536825452,0.9205738033607016,12.826757416124916,350.12411022025947,96.2954456321832,ICV_113_CASE_6_with_r_theta_phi.csv,0.7261631254217122,-0.17151454837872734,0.9851815871677877,0.9939696749542642,-0.10965530206658583,0.003375413362,0.0034204694,-4.505598911284242e-05,1.334828782949344,ICV_113_CASE_6_with_r_theta_phi.csv
7.38776355,-2.193673275,-1.395635183,0.003375425469,4037.530847,0.4338771058,328.5518991,327.0603385,16.70042412,0.03630138471,0.04312121113,322.306919478862,131.075161937948,0.295122157143474,826.192527353848,807.334548365193,0.0006691167543644,0.0431247273958782,0.0363014692434201,332.239680072915,113.51081446063978,7.453357986610214,48.45392707899548,72.51024536825452,0.9205738033607016,7.831925068090556,343.46209051769006,100.26482934419528,ICV_113_CASE_6_with_r_theta_phi.csv,0.44338993878247585,-0.2846496810461179,0.9586316075950883,0.9839946091818166,-0.17819822979234096,0.003375425469,0.003884503,-0.0005090774503907977,15.081875008509602,ICV_113_CASE_6_with_r_theta_phi.csv
1.371387699,0.9568,-1.394290938,0.0,1443.381798,0.4326252163,326.9505456,250.4298942,8.293003229,0.03630136902,0.04312060114,322.306919478862,131.075161937948,0.295122157143474,826.192527353848,807.334548365193,0.0006691167543644,0.0431247273958782,0.0363014692434201,332.239680072915,113.51081446063978,7.453357986610214,48.45392707899548,72.51024536825452,0.9205738033607016,2.17720409717542,34.90299818611243,129.82197621533845,ICV_113_CASE_6_with_r_theta_phi.csv,0.12325837938576191,0.5721887897493382,0.82012193537619,0.7680379483285613,-0.6404043331577747,0.0,7.351954e-06,-7.35195408196887e-06,0.0,ICV_113_CASE_6_with_r_theta_phi.csv
15.05070181,0.9568,-1.377025349,0.0,1730.780799,0.4309926302,326.3522559,189.0382894,4.240992398,0.0363009763,0.04311679271,322.306919478862,131.075161937948,0.295122157143474,826.192527353848,807.334548365193,0.0006691167543644,0.0431247273958782,0.0363014692434201,332.239680072915,113.51081446063978,7.453357986610214,48.45392707899548,72.51024536825452,0.9205738033607016,15.14382019258436,3.637500160369712,95.21710311718395,ICV_113_CASE_6_with_r_theta_phi.csv,0.8573393450200414,0.06344371579356096,0.9979854181932248,0.9958572999044569,-0.09092985333214007,0.0,7.736699e-06,-7.736699444649275e-06,0.0,ICV_113_CASE_6_with_r_theta_phi.csv
2.766865289,0.9568,-1.371980061,0.0,1243.800126,0.4335705559,325.4882387,341.8554107,5.861556508,0.0363013623,0.04312052546,322.306919478862,131.075161937948,0.295122157143474,826.192527353848,807.334548365193,0.0006691167543644,0.0431247273958782,0.0363014692434201,332.239680072915,113.51081446063978,7.453357986610214,48.45392707899548,72.51024536825452,0.9205738033607016,3.2331623923419954,19.07571807859989,115.10928478663686,ICV_113_CASE_6_with_r_theta_phi.csv,0.1830395034108548,0.32681740075104504,0.9450875020686342,0.9055000455635459,-0.42434616468682307,0.0,7.976879e-06,-7.97687880549347e-06,0.0,ICV_113_CASE_6_with_r_theta_phi.csv
9.402810514,-2.211726578,-1.366845105,0.003375421045,2864.279286,0.4331082575,327.0459646,134.9168435,7.774489889,0.0363013498,0.04312050021,322.306919478862,131.075161937948,0.295122157143474,826.192527353848,807.334548365193,0.0006691167543644,0.0431247273958782,0.0363014692434201,332.239680072915,113.51081446063978,7.453357986610214,48.45392707899548,72.51024536825452,0.9205738033607016,9.755657105448254,346.7635185048443,98.05409281767923,ICV_113_CASE_6_with_r_theta_phi.csv,0.5522984667449212,-0.22897072308757466,0.9734333094612867,0.9901362344236716,-0.1401079486728431,0.003375421045,0.003884503,-0.0005090818743907978,15.082025840719304,ICV_113_CASE_6_with_r_theta_phi.csv
0.9598299956,-2.211932212,-1.366512309,0.003375442699,13239.56521,0.4358503568,328.3629025,281.4156618,17.83948282,0.03630145988,0.04312382367,322.306919478862,131.075161937948,0.295122157143474,826.192527353848,807.334548365193,0.0006691167543644,0.0431247273958782,0.0363014692434201,332.239680072915,113.51081446063978,7.453357986610214,48.45392707899548,72.51024536825452,0.9205738033607016,2.7715110718857354,293.4576046849723,119.54169326802288,ICV_113_CASE_6_with_r_theta_phi.csv,0.15690396854090044,-0.9173548728319794,0.39807039238233105,0.8699971363926239,-0.4930567742853091,0.003375442699,0.003884503,-0.0005090602203907976,15.08128757128058,ICV_113_CASE_6_with_r_theta_phi.csv
11.99247286,-2.211937055,-1.36650447,0.003375409637,2125.864997,0.4204485816,328.6896633,30.57342002,4.024338387,0.03630104118,0.04311695906,322.306919478862,131.075161937948,0.295122157143474,826.192527353848,807.334548365193,0.0006691167543644,0.0431247273958782,0.0363014692434201,332.239680072915,113.51081446063978,7.453357986610214,48.45392707899548,72.51024536825452,0.9205738033607016,12.271080038026344,349.54959921885444,96.3937054329187,ICV_113_CASE_6_with_r_theta_phi.csv,0.6947044793652324,-0.18138428335957602,0.9834122948947369,0.9937801592429752,-0.11135975527544385,0.003375409637,0.0034204694,-4.5059714112842715e-05,1.334940613001909,ICV_113_CASE_6_with_r_theta_phi.csv
12.27574783,-2.212992778,-1.36479411,0.003375415457,2062.310602,0.4201142263,329.1289528,31.09851614,4.247014355,0.0363010458,0.04311699549,322.306919478862,131.075161937948,0.295122157143474,826.192527353848,807.334548365193,0.0006691167543644,0.0431247273958782,0.0363014692434201,332.239680072915,113.51081446063978,7.453357986610214,48.45392707899548,72.51024536825452,0.9205738033607016,12.548066973997251,349.78084499615267,96.24414469497532,ICV_113_CASE_6_with_r_theta_phi.csv,0.7103855819697582,-0.17741376461165564,0.9841363503734226,0.9940674586111576,-0.10876528734092673,0.003375415457,0.0034204694,-4.505389411284255e-05,1.3347658880349464,ICV_113_CASE_6_with_r_theta_phi.csv
11.83002577,-2.217099339,-1.358112853,0.003375410801,2148.515109,0.4205564216,328.3539527,28.52918967,3.605210749,0.03630103685,0.04311692639,322.306919478862,131.075161937948,0.295122157143474,826.192527353848,807.334548365193,0.0006691167543644,0.0431247273958782,0.0363014692434201,332.239680072915,113.51081446063978,7.453357986610214,48.45392707899548,72.51024536825452,0.9205738033607016,12.112370111557116,349.38516623169085,96.43789062266616,ICV_113_CASE_6_with_r_theta_phi.csv,0.6857194106918776,-0.18420582453674458,0.9828876915531795,0.9936939856573614,-0.1121261025291949,0.003375410801,0.0034204694,-4.5058550112842596e-05,1.334905667960311,ICV_113_CASE_6_with_r_theta_phi.csv
12.41286365,-2.217509907,-1.35744238,0.003375413362,2079.112794,0.4200950677,329.1894044,30.0129927,4.217163135,0.03630105128,0.04311703416,322.306919478862,131.075161937948,0.295122157143474,826.192527353848,807.334548365193,0.0006691167543644,0.0431247273958782,0.0363014692434201,332.239680072915,113.51081446063978,7.453357986610214,48.45392707899548,72.51024536825452,0.9205738033607016,12.682238918903654,349.8711812404346,96.14441949755138,ICV_113_CASE_6_with_r_theta_phi.csv,0.7179814782431733,-0.17586189150348958,0.9844148490940264,0.9942552623509691,-0.10703491620684195,0.003375413362,0.0034204694,-4.505598911284242e-05,1.334828782949344,ICV_113_CASE_6_with_r_theta_phi.csv
-1.295369523,0.9568,-1.347610421,0.0,3352.162121,0.4332178898,328.4147744,602.416657,19.02300944,0.03630142604,0.04312203308,322.306919478862,131.075161937948,0.295122157143474,826.192527353848,807.334548365193,0.0006691167543644,0.0431247273958782,0.0363014692434201,332.239680072915,113.51081446063978,7.453357986610214,48.45392707899548,72.51024536825452,0.9205738033607016,2.0998814937765045,143.54927811961022,129.92284487450183,ICV_113_CASE_6_with_r_theta_phi.csv,0.11888090333875151,0.5941311973360272,-0.8043681497623204,0.7669093331495023,-0.6417554633411279,0.0,7.730914e-05,-7.730913785053417e-05,0.0,ICV_113_CASE_6_with_r_theta_phi.csv
12.13318717,-2.224039284,-1.34671796,0.003375409637,2094.257071,0.4202127518,329.0608851,32.80712406,4.373125012,0.03630104036,0.04311696022,322.306919478862,131.075161937948,0.295122157143474,826.192527353848,807.334548365193,0.0006691167543644,0.0431247273958782,0.0363014692434201,332.239680072915,113.51081446063978,7.453357986610214,48.45392707899548,72.51024536825452,0.9205738033607016,12.408635336039753,349.6128708166757,96.23062416641284,ICV_113_CASE_6_with_r_theta_phi.csv,0.7024919179113266,-0.18029819304335148,0.9836119974793427,0.9940930971200509,-0.10853070652246365,0.003375409637,0.0034204694,-4.5059714112842715e-05,1.334940613001909,ICV_113_CASE_6_with_r_theta_phi.csv
17.08772843,0.9568,-1.346684937,0.003375413595,2456.846826,0.4357340887,326.9629989,17.5536898,1.440755915,0.03630118293,0.04311826133,322.306919478862,131.075161937948,0.295122157143474,826.192527353848,807.334548365193,0.0006691167543644,0.0431247273958782,0.0363014692434201,332.239680072915,113.51081446063978,7.453357986610214,48.45392707899548,72.51024536825452,0.9205738033607016,17.167396117552975,3.2048389172125558,94.4991515403446,ICV_113_CASE_6_with_r_theta_phi.csv,0.9719003498423556,0.05590582814625674,0.9984360462139181,0.9969184954786366,-0.07844433295408579,0.003375413595,0.0022935471,0.00108186644525239,32.051374282975125,ICV_113_CASE_6_with_r_theta_phi.csv
14.47850947,0.9568,-1.330275534,0.0,1619.67497,0.429281942,326.1614091,345.2865677,5.98479481,0.03630092954,0.04311646081,322.306919478862,131.075161937948,0.295122157143474,826.192527353848,807.334548365193,0.0006691167543644,0.0431247273958782,0.0363014692434201,332.239680072915,113.51081446063978,7.453357986610214,48.45392707899548,72.51024536825452,0.9205738033607016,14.570941483282358,3.780845520209425,95.2381964891834,ICV_113_CASE_6_with_r_theta_phi.csv,0.824906877441655,0.06594032295226118,0.9978235684773894,0.9958237567035476,-0.09129647082354007,0.0,7.736699e-06,-7.736699444649275e-06,0.0,ICV_113_CASE_6_with_r_theta_phi.csv
0.1484387911,0.9568,-1.327099359,0.0,1260.135815,0.4334510749,328.2330781,316.6298419,15.1460945,0.036301392,0.04312110839,322.306919478862,131.075161937948,0.295122157143474,826.192527353848,807.334548365193,0.0006691167543644,0.0431247273958782,0.0363014692434201,332.239680072915,113.51081446063978,7.453357986610214,48.45392707899548,72.51024536825452,0.9205738033607016,1.642769924049451,81.181384897317,143.88567006584947,ICV_113_CASE_6_with_r_theta_phi.csv,0.09300237805206191,0.9881786249827466,0.15330689849843118,0.5893984208556422,-0.8078424979492446,0.0,7.351954e-06,-7.35195408196887e-06,0.0,ICV_113_CASE_6_with_r_theta_phi.csv
13.80230172,-2.241424382,-1.31757988,0.003375413362,2253.040842,0.4208312937,328.0791274,21.13124989,2.888451936,0.03630107209,0.04311721136,322.306919478862,131.075161937948,0.295122157143474,826.192527353848,807.334548365193,0.0006691167543644,0.0431247273958782,0.0363014692434201,332.239680072915,113.51081446063978,7.453357986610214,48.45392707899548,72.51024536825452,0.9205738033607016,14.045053676306113,350.77597677739215,95.38288683972952,ICV_113_CASE_6_with_r_theta_phi.csv,0.7951347128059563,-0.1602950643951512,0.987069142629104,0.9955900285598449,-0.09381095368989256,0.003375413362,0.0036389534,-0.0002635400741660479,7.80763852673199,ICV_113_CASE_6_with_r_theta_phi.csv
1.736919222,-2.242356888,-1.315992244,0.003375437111,12385.93339,0.4357919759,332.4582089,256.4968023,23.10642836,0.03630145948,0.04312378491,322.306919478862,131.075161937948,0.295122157143474,826.192527353848,807.334548365193,0.0006691167543644,0.0431247273958782,0.0363014692434201,332.239680072915,113.51081446063978,7.453357986610214,48.45392707899548,72.51024536825452,0.9205738033607016,3.126801621974488,307.7611967212785,114.88983437508728,ICV_113_CASE_6_with_r_theta_phi.csv,0.17701808529818078,-0.7905699193591939,0.6123717846246655,0.9071187017149568,-0.42087487570413534,0.003375437111,0.0035612409,-0.00018580374274176524,5.504583156984773,ICV_113_CASE_6_with_r_theta_phi.csv
0.6645070265,0.9568,-1.31433024,0.0,1304.185166,0.4323917275,328.7450203,285.7527565,13.59594141,0.03630137504,0.04312075073,322.306919478862,131.075161937948,0.295122157143474,826.192527353848,807.334548365193,0.0006691167543644,0.0431247273958782,0.0363014692434201,332.239680072915,113.51081446063978,7.453357986610214,48.45392707899548,72.51024536825452,0.9205738033607016,1.7562744113737834,55.21964040924041,138.44874726323314,ICV_113_CASE_6_with_r_theta_phi.csv,0.0994282244753528,0.8213447956794743,0.5704320525796588,0.6632897456354244,-0.7483626883636663,0.0,7.351954e-06,-7.35195408196887e-06,0.0,ICV_113_CASE_6_with_r_theta_phi.csv
11.3831692,-2.243454883,-1.314119549,0.003375429194,2164.099844,0.4205017542,327.6340651,20.69496706,2.191428754,0.03630102475,0.04311682352,322.306919478862,131.075161937948,0.295122157143474,826.192527353848,807.334548365193,0.0006691167543644,0.0431247273958782,0.0363014692434201,332.239680072915,113.51081446063978,7.453357986610214,48.45392707899548,72.51024536825452,0.9205738033607016,11.676323952209836,348.85073619459826,96.4620824428634,ICV_113_CASE_6_with_r_theta_phi.csv,0.6610334646162392,-0.19336562600472568,0.9811267678948529,0.993646554424785,-0.11254565686757026,0.003375429194,0.003421218,-4.5788707632189556e-05,1.3565299399559634,ICV_113_CASE_6_with_r_theta_phi.csv
13.14363645,-2.244788513,-1.311840131,0.003375412431,2251.324694,0.4206655994,328.4036274,24.78050829,3.418024176,0.03630106219,0.04311712777,322.306919478862,131.075161937948,0.295122157143474,826.192527353848,807.334548365193,0.0006691167543644,0.0431247273958782,0.0363014692434201,332.239680072915,113.51081446063978,7.453357986610214,48.45392707899548,72.51024536825452,0.9205738033607016,13.398327474993565,350.3080238708384,95.61887412975229,ICV_113_CASE_6_with_r_theta_phi.csv,0.7585215061784695,-0.16835133707693598,0.9857270551752183,0.9951952006440311,-0.09791073799684404,0.003375412431,0.0036389534,-0.0002635410051660481,7.807668262035011,ICV_113_CASE_6_with_r_theta_phi.csv
17.00531402,0.9568,-1.3114194,0.001707397751,2436.349228,0.4355752819,326.9828727,27.43451878,1.5719812,0.03630117015,0.04311816967,322.306919478862,131.075161937948,0.295122157143474,826.192527353848,807.334548365193,0.0006691167543644,0.0431247273958782,0.0363014692434201,332.239680072915,113.51081446063978,7.453357986610214,48.45392707899548,72.51024536825452,0.9205738033607016,17.082622515337185,3.2203382098581983,94.40288359561532,ICV_113_CASE_6_with_r_theta_phi.csv,0.967101049291081,0.056175916714923384,0.9984208863907235,0.9970488898306986,-0.07676920793763203,0.001707397751,0.00086541154,0.00084198621376626,49.31400505710985,ICV_113_CASE_6_with_r_theta_phi.csv
13.45524679,-2.246804973,-1.308383512,0.003375412896,2243.195776,0.4207771473,328.1640588,22.86015569,3.090186598,0.03630106653,0.04311716495,322.306919478862,131.075161937948,0.295122157143474,826.192527353848,807.334548365193,0.0006691167543644,0.0431247273958782,0.0363014692434201,332.239680072915,113.51081446063978,7.453357986610214,48.45392707899548,72.51024536825452,0.9205738033607016,13.70414777288162,350.5200129219612,95.47857559102988,ICV_113_CASE_6_with_r_theta_phi.csv,0.7758349561898193,-0.16470309473942363,0.9863431910766437,0.9954319680422518,-0.09547354083477497,0.003375412896,0.0036389534,-0.0002635405401660482,7.807653410351008,ICV_113_CASE_6_with_r_theta_phi.csv
0.82351067,0.9568,-1.308030592,0.0,1401.275752,0.4325053934,328.5464551,302.0227592,13.47638789,0.03630138209,0.04312079926,322.306919478862,131.075161937948,0.295122157143474,826.192527353848,807.334548365193,0.0006691167543644,0.0431247273958782,0.0363014692434201,332.239680072915,113.51081446063978,7.453357986610214,48.45392707899548,72.51024536825452,0.9205738033607016,1.8178504045195023,49.28166550409867,136.01717367989727,ICV_113_CASE_6_with_r_theta_phi.csv,0.10291423533398411,0.757925627643672,0.6523409713952865,0.6944427263173653,-0.7195479830177449,0.0,7.351954e-06,-7.35195408196887e-06,0.0,ICV_113_CASE_6_with_r_theta_phi.csv
17.00850584,-1.155700097,-1.305841688,0.003375415457,2385.687579,0.4344643552,327.0088417,11.11045343,1.341191466,0.03630115917,0.04311798987,322.306919478862,131.075161937948,0.295122157143474,826.192527353848,807.334548365193,0.0006691167543644,0.0431247273958782,0.0363014692434201,332.239680072915,113.51081446063978,7.453357986610214,48.45392707899548,72.51024536825452,0.9205738033607016,17.097664639875198,356.11282067785834,94.38025601498164,ICV_113_CASE_6_with_r_theta_phi.csv,0.9679526313248827,-0.06779204409619641,0.9976994731667744,0.997079130216479,-0.07637544164683883,0.003375415457,0.0038689277,-0.000493512256483572,14.620785578080742,ICV_113_CASE_6_with_r_theta_phi.csv
12.0434375,0.9568,-1.303742267,0.0,1791.836731,0.4298759413,326.4444174,54.06318321,1.384035099,0.03630112187,0.04311785892,322.306919478862,131.075161937948,0.295122157143474,826.192527353848,807.334548365193,0.0006691167543644,0.0431247273958782,0.0363014692434201,332.239680072915,113.51081446063978,7.453357986610214,48.45392707899548,72.51024536825452,0.9205738033607016,12.1515265277729,4.5423659898221445,96.15914301648236,ICV_113_CASE_6_with_r_theta_phi.csv,0.6879361787071377,0.0791962208215204,0.9968590465093794,0.9942277243451467,-0.10729041030525961,0.0,1.3997744e-06,-1.3997744190419326e-06,0.0,ICV_113_CASE_6_with_r_theta_phi.csv
12.88953061,-2.252897609,-1.297864539,0.003375412431,2204.782301,0.4205823544,328.6527488,27.04837825,3.79923649,0.03630105757,0.04311709032,322.306919478862,131.075161937948,0.295122157143474,826.192527353848,807.334548365193,0.0006691167543644,0.0431247273958782,0.0363014692434201,332.239680072915,113.51081446063978,7.453357986610214,48.45392707899548,72.51024536825452,0.9205738033607016,13.149144433930235,350.0857031563099,95.66450821032424,ICV_113_CASE_6_with_r_theta_phi.csv,0.7444144696118342,-0.17217490629432275,0.9850663945351812,0.9951169025263179,-0.09870334496067829,0.003375412431,0.0036389534,-0.0002635410051660481,7.807668262035011,ICV_113_CASE_6_with_r_theta_phi.csv
1.561998461,0.9568,-1.294420402,0.0,1271.847501,0.4329859639,325.99935,175.907151,4.646012523,0.03630136319,0.04312049319,322.306919478862,131.075161937948,0.295122157143474,826.192527353848,807.334548365193,0.0006691167543644,0.0431247273958782,0.0363014692434201,332.239680072915,113.51081446063978,7.453357986610214,48.45392707899548,72.51024536825452,0.9205738033607016,2.242951093822647,31.489495022828123,125.24724633627966,ICV_113_CASE_6_with_r_theta_phi.csv,0.12698052388600967,0.5223422273963848,0.8527359482738976,0.8166692921040138,-0.5771059411705348,0.0,7.351954e-06,-7.35195408196887e-06,0.0,ICV_113_CASE_6_with_r_theta_phi.csv
0.5180943161,0.9568,-1.292992016,0.0,1382.242153,0.4327253623,329.4336652,836.0604382,23.1878356,0.03630138021,0.04312089462,322.306919478862,131.075161937948,0.295122157143474,826.192527353848,807.334548365193,0.0006691167543644,0.0431247273958782,0.0363014692434201,332.239680072915,113.51081446063978,7.453357986610214,48.45392707899548,72.51024536825452,0.9205738033607016,1.6898864795644917,61.56505156418928,139.91904185587282,ICV_113_CASE_6_with_r_theta_phi.csv,0.09566979461744386,0.8793582949939451,0.47616067563937053,0.6438693778588676,-0.7651354287024192,0.0,7.351954e-06,-7.35195408196887e-06,0.0,ICV_113_CASE_6_with_r_theta_phi.csv
11.56510104,-2.255965598,-1.292524359,0.003375425935,2197.084319,0.4210401007,327.5321413,25.76110627,2.889296141,0.03630102894,0.04311686262,322.306919478862,131.075161937948,0.295122157143474,826.192527353848,807.334548365193,0.0006691167543644,0.0431247273958782,0.0363014692434201,332.239680072915,113.51081446063978,7.453357986610214,48.45392707899548,72.51024536825452,0.9205738033607016,11.85375729730354,348.962111780705,96.2599333451085,ICV_113_CASE_6_with_r_theta_phi.csv,0.67107852497306,-0.19145807831574,0.9815007917712771,0.9940374490790951,-0.10903921234274147,0.003375425935,0.003421218,-4.5791966632189544e-05,1.356627800474113,ICV_113_CASE_6_with_r_theta_phi.csv
13.41215985,0.9568,-1.290233332,0.0,1817.111853,0.4309706399,326.3200661,28.60819198,1.459320352,0.03630108496,0.0431175334,322.306919478862,131.075161937948,0.295122157143474,826.192527353848,807.334548365193,0.0006691167543644,0.0431247273958782,0.0363014692434201,332.239680072915,113.51081446063978,7.453357986610214,48.45392707899548,72.51024536825452,0.9205738033607016,13.508005038974328,4.080467926718995,95.48103109247069,ICV_113_CASE_6_with_r_theta_phi.csv,0.764730698421303,0.07115741363085286,0.9974650983795712,0.9954278754581933,-0.09551620156176438,0.0,2.352539e-05,-2.3525390133727342e-05,0.0,ICV_113_CASE_6_with_r_theta_phi.csv
11.58578305,0.9568,-1.288701216,0.0,1794.245617,0.4305050616,326.0035127,59.29089657,1.569108323,0.03630113386,0.04311795314,322.306919478862,131.075161937948,0.295122157143474,826.192527353848,807.334548365193,0.0006691167543644,0.0431247273958782,0.0363014692434201,332.239680072915,113.51081446063978,7.453357986610214,48.45392707899548,72.51024536825452,0.9205738033607016,11.696434753624164,4.72100000101193,96.32563290966708,ICV_113_CASE_6_with_r_theta_phi.csv,0.6621720004079432,0.08230378981662412,0.9966072878430204,0.9939117631971215,-0.1101789770255152,0.0,7.976879e-06,-7.97687880549347e-06,0.0,ICV_113_CASE_6_with_r_theta_phi.csv
15.63422923,0.9568,-1.283643827,0.0,1937.281747,0.4335725889,325.9017251,68.06910744,2.549563077,0.03630105855,0.04311740064,322.306919478862,131.075161937948,0.295122157143474,826.192527353848,807.334548365193,0.0006691167543644,0.0431247273958782,0.0363014692434201,332.239680072915,113.51081446063978,7.453357986610214,48.45392707899548,72.51024536825452,0.9205738033607016,15.715989670739212,3.5020795792050308,94.68499896493296,ICV_113_CASE_6_with_r_theta_phi.csv,0.8897316607900048,0.06108476730038946,0.9981325819768921,0.9966588055904957,-0.08167756876233817,0.0,1.731883e-05,-1.731882912281435e-05,0.0,ICV_113_CASE_6_with_r_theta_phi.csv
14.20580021,-2.262012959,-1.281911608,0.003375413595,2250.444444,0.4208169815,328.0265508,18.92939885,2.649361543,0.03630107504,0.04311724145,322.306919478862,131.075161937948,0.295122157143474,826.192527353848,807.334548365193,0.0006691167543644,0.0431247273958782,0.0363014692434201,332.239680072915,113.51081446063978,7.453357986610214,48.45392707899548,72.51024536825452,0.9205738033607016,14.441771345781827,350.9526527546926,95.09251373802717,ICV_113_CASE_6_with_r_theta_phi.csv,0.817594149234866,-0.15725060292835522,0.9875587313566059,0.9960526718302479,-0.08876415346199372,0.003375413595,0.0036389534,-0.000263539841166048,7.8076310849240285,ICV_113_CASE_6_with_r_theta_phi.csv
14.13727845,0.9568,-1.280191136,0.0,1638.778895,0.4289919198,327.2815387,405.7937106,8.929310465,0.03630091978,0.0431163506,322.306919478862,131.075161937948,0.295122157143474,826.192527353848,807.334548365193,0.0006691167543644,0.0431247273958782,0.0363014692434201,332.239680072915,113.51081446063978,7.453357986610214,48.45392707899548,72.51024536825452,0.9205738033607016,14.227332763295,3.871829349263351,95.16252012824162,ICV_113_CASE_6_with_r_theta_phi.csv,0.8054541058694337,0.0675247504282526,0.9977175993634683,0.9959434725834733,-0.08998110589658548,0.0,7.736699e-06,-7.736699444649275e-06,0.0,ICV_113_CASE_6_with_r_theta_phi.csv
13.64335827,0.9568,-1.278527412,0.0,1766.60109,0.4313886578,326.3312849,68.18455216,2.470248878,0.03630105124,0.04311724758,322.306919478862,131.075161937948,0.295122157143474,826.192527353848,807.334548365193,0.0006691167543644,0.0431247273958782,0.0363014692434201,332.239680072915,113.51081446063978,7.453357986610214,48.45392707899548,72.51024536825452,0.9205738033607016,13.73649604035952,4.011548583611557,95.3405472393959,ICV_113_CASE_6_with_r_theta_phi.csv,0.7776662934679531,0.06995754214173983,0.9975499698248137,0.9956590797743846,-0.09307522152982292,0.0,7.736699e-06,-7.736699444649275e-06,0.0,ICV_113_CASE_6_with_r_theta_phi.csv
0.9898105425,0.9568,-1.277336822,0.0,1640.558509,0.4327947845,328.3621708,272.9687754,12.78438445,0.03630139051,0.0431209603,322.306919478862,131.075161937948,0.295122157143474,826.192527353848,807.334548365193,0.0006691167543644,0.0431247273958782,0.0363014692434201,332.239680072915,113.51081446063978,7.453357986610214,48.45392707899548,72.51024536825452,0.9205738033607016,1.8779724457193727,44.02847361953144,132.8567750292192,ICV_113_CASE_6_with_r_theta_phi.csv,0.1063179333948476,0.6950157666291976,0.7189944952062072,0.7330562383933408,-0.6801680317043763,0.0,7.351954e-06,-7.35195408196887e-06,0.0,ICV_113_CASE_6_with_r_theta_phi.csv
2.530201823,-2.265652104,-1.275468754,0.003375430359,10557.42361,0.4356202553,335.7344577,265.200184,27.19080765,0.03630145709,0.04312359815,322.306919478862,131.075161937948,0.295122157143474,826.192527353848,807.334548365193,0.0006691167543644,0.0431247273958782,0.0363014692434201,332.239680072915,113.51081446063978,7.453357986610214,48.45392707899548,72.51024536825452,0.9205738033607016,3.6279362265484303,318.15735976294286,110.58329270570964,ICV_113_CASE_6_with_r_theta_phi.csv,0.20538889320454307,-0.6670870781981156,0.7449797514705357,0.9361620920141802,-0.3515686810221205,0.003375430359,0.0035612409,-0.00018581049474176515,5.50479420176114,ICV_113_CASE_6_with_r_theta_phi.csv
3.334338686,-2.265901317,-1.275025969,0.003375425935,8920.460283,0.4353712506,334.913977,312.4635423,27.84309614,0.03630145166,0.04312327208,322.306919478862,131.075161937948,0.295122157143474,826.192527353848,807.334548365193,0.0006691167543644,0.0431247273958782,0.0363014692434201,332.239680072915,113.51081446063978,7.453357986610214,48.45392707899548,72.51024536825452,0.9205738033607016,4.228216464771279,325.8013272825314,107.55082718864492,ICV_113_CASE_6_with_r_theta_phi.csv,0.23937264761536622,-0.5620642180073957,0.8270935949671807,0.9534498188662376,-0.3015517250886467,0.003375425935,0.0035612409,-0.00018581491874176482,5.504932481557042,ICV_113_CASE_6_with_r_theta_phi.csv
1.796851094,0.9568,-1.274389725,0.0,1283.849449,0.4332089615,325.7214139,202.5579603,4.439635097,0.03630136311,0.04312049394,322.306919478862,131.075161937948,0.295122157143474,826.192527353848,807.334548365193,0.0006691167543644,0.0431247273958782,0.0363014692434201,332.239680072915,113.51081446063978,7.453357986610214,48.45392707899548,72.51024536825452,0.9205738033607016,2.4017096546407464,28.03472466948142,122.0472018592052,ICV_113_CASE_6_with_r_theta_phi.csv,0.1359683459029908,0.4700065955866907,0.8826629028711974,0.8476112461725432,-0.5306177299731214,0.0,7.351954e-06,-7.35195408196887e-06,0.0,ICV_113_CASE_6_with_r_theta_phi.csv
8.864123211e-15,-2.26906185,-1.269392895,0.00337544689,12749.92937,0.4357293284,332.8083924,345.4339028,26.85984317,0.0363014548,0.0431236052,322.306919478862,131.075161937948,0.295122157143474,826.192527353848,807.334548365193,0.0006691167543644,0.0431247273958782,0.0363014692434201,332.239680072915,113.51081446063978,7.453357986610214,48.45392707899548,72.51024536825452,0.9205738033607016,2.600000000192673,270.0000000000002,119.2241819504274,ICV_113_CASE_6_with_r_theta_phi.csv,0.14719418672897563,-1.0,4.2571950786285234e-15,0.8727160960891734,-0.488228036502281,0.00337544689,0.0035612409,-0.00018579396374176485,5.504277499881566,ICV_113_CASE_6_with_r_theta_phi.csv
16.90930674,0.9568,-1.26790204,0.0,2381.02128,0.4355821547,326.827328,39.53087634,1.806994143,0.03630115823,0.04311808337,322.306919478862,131.075161937948,0.295122157143474,826.192527353848,807.334548365193,0.0006691167543644,0.0431247273958782,0.0363014692434201,332.239680072915,113.51081446063978,7.453357986610214,48.45392707899548,72.51024536825452,0.9205738033607016,16.983748003619393,3.2385837626354146,94.28133315350868,ICV_113_CASE_6_with_r_theta_phi.csv,0.9615034518528324,0.05649385597025181,0.9984029468293913,0.9972095085160906,-0.07465384199823237,0.0,9.989357e-05,-9.989357204176486e-05,0.0,ICV_113_CASE_6_with_r_theta_phi.csv
12.67849853,-2.271018079,-1.26588976,0.003375412896,2208.381585,0.4200419855,329.6025724,29.90687746,4.534814703,0.03630104968,0.0431170353,322.306919478862,131.075161937948,0.295122157143474,826.192527353848,807.334548365193,0.0006691167543644,0.0431247273958782,0.0363014692434201,332.239680072915,113.51081446063978,7.453357986610214,48.45392707899548,72.51024536825452,0.9205738033607016,12.942346192821065,349.84467280950645,95.6130694429221,ICV_113_CASE_6_with_r_theta_phi.csv,0.7327069700292221,-0.17631732144797485,0.9843333795810297,0.9952051149614385,-0.09780991337584351,0.003375412896,0.0036389534,-0.0002635405401660482,7.807653410351008,ICV_113_CASE_6_with_r_theta_phi.csv
5.448333965,0.9568,-1.265710194,0.0,1549.066008,0.4333170479,325.2676082,201.7718621,2.415550824,0.03630134487,0.04312012512,322.306919478862,131.075161937948,0.295122157143474,826.192527353848,807.334548365193,0.0006691167543644,0.0431247273958782,0.0363014692434201,332.239680072915,113.51081446063978,7.453357986610214,48.45392707899548,72.51024536825452,0.9205738033607016,5.674665763669974,9.960338232171978,102.88798896523632,ICV_113_CASE_6_with_r_theta_phi.csv,0.32126069691548653,0.17296642418659844,0.984927721258825,0.9748079731639957,-0.22304576986776192,0.0,7.976879e-06,-7.97687880549347e-06,0.0,ICV_113_CASE_6_with_r_theta_phi.csv
4.070062638,-2.271888038,-1.264327784,0.003375424072,7581.772122,0.4350727637,333.3210636,395.2415012,28.23367364,0.03630144273,0.04312286816,322.306919478862,131.075161937948,0.295122157143474,826.192527353848,807.334548365193,0.0006691167543644,0.0431247273958782,0.0363014692434201,332.239680072915,113.51081446063978,7.453357986610214,48.45392707899548,72.51024536825452,0.9205738033607016,4.829638690403802,330.8299697823787,105.17601419921704,ICV_113_CASE_6_with_r_theta_phi.csv,0.2734210535292699,-0.48740299186507874,0.8731771432653113,0.9651261704783302,-0.26178516966748344,0.003375424072,0.0035612409,-0.00018581678174176518,5.504990712962933,ICV_113_CASE_6_with_r_theta_phi.csv
14.86704778,0.9568,-1.262954697,0.0,1678.44326,0.4309728563,325.9376353,268.1250301,5.416131168,0.03630095932,0.04311667723,322.306919478862,131.075161937948,0.295122157143474,826.192527353848,807.334548365193,0.0006691167543644,0.0431247273958782,0.0363014692434201,332.239680072915,113.51081446063978,7.453357986610214,48.45392707899548,72.51024536825452,0.9205738033607016,14.951241771153231,3.682311660461892,94.8456381261342,ICV_113_CASE_6_with_r_theta_phi.csv,0.8464368742038859,0.06422422890831725,0.9979354931162294,0.9964258907564445,-0.08447155870602922,0.0,7.736699e-06,-7.736699444649275e-06,0.0,ICV_113_CASE_6_with_r_theta_phi.csv
13.12534683,0.9568,-1.262046025,0.0,1829.129649,0.4309863236,326.0267427,26.96350798,1.264207829,0.03630110178,0.04311767983,322.306919478862,131.075161937948,0.295122157143474,826.192527353848,807.334548365193,0.0006691167543644,0.0431247273958782,0.0363014692434201,332.239680072915,113.51081446063978,7.453357986610214,48.45392707899548,72.51024536825452,0.9205738033607016,13.220550511117509,4.169322579033803,95.47784963273426,ICV_113_CASE_6_with_r_theta_phi.csv,0.7484569924804143,0.07270420254140245,0.9973535476112865,0.99543317764672,-0.09546092834324175,0.0,1.9203471e-05,-1.9203471310902387e-05,0.0,ICV_113_CASE_6_with_r_theta_phi.csv
4.886723192,-2.273590082,-1.261264499,0.003375424305,6436.256231,0.4347640409,331.7846313,469.0785734,27.67382168,0.03630142973,0.04312239962,322.306919478862,131.075161937948,0.295122157143474,826.192527353848,807.334548365193,0.0006691167543644,0.0431247273958782,0.0363014692434201,332.239680072915,113.51081446063978,7.453357986610214,48.45392707899548,72.51024536825452,0.9205738033607016,5.535346741861539,335.04939014839147,103.17090520679272,ICV_113_CASE_6_with_r_theta_phi.csv,0.31337340841185213,-0.4218368487381642,0.9066717559550729,0.9736947339016511,-0.22785645738533067,0.003375424305,0.0035612409,-0.0001858165487417648,5.504983430126571,ICV_113_CASE_6_with_r_theta_phi.csv
14.67569102,0.9568,-1.259206715,0.0,1631.961912,0.4300777247,326.0313318,343.2048064,6.435882143,0.03630094131,0.0431165507,322.306919478862,131.075161937948,0.295122157143474,826.192527353848,807.334548365193,0.0006691167543644,0.0431247273958782,0.0363014692434201,332.239680072915,113.51081446063978,7.453357986610214,48.45392707899548,72.51024536825452,0.9205738033607016,14.760656310124212,3.730190739907357,94.89375440329088,ICV_113_CASE_6_with_r_theta_phi.csv,0.8356472311514034,0.06505812876612035,0.9978814758684775,0.9963546012478781,-0.08530831478925005,0.0,7.736699e-06,-7.736699444649275e-06,0.0,ICV_113_CASE_6_with_r_theta_phi.csv
11.73437916,-2.27697242,-1.255148038,0.003375413129,2210.345108,0.4210128422,328.1034324,30.71694688,3.909499415,0.03630103,0.04311687906,322.306919478862,131.075161937948,0.295122157143474,826.192527353848,807.334548365193,0.0006691167543644,0.0431247273958782,0.0363014692434201,332.239680072915,113.51081446063978,7.453357986610214,48.45392707899548,72.51024536825452,0.9205738033607016,12.018970599405684,349.0186320009967,95.99436068222656,ICV_113_CASE_6_with_r_theta_phi.csv,0.6804317702184183,-0.19048977018154417,0.9816891806759319,0.9945321787298249,-0.10443057727939409,0.003375413129,0.003366341,9.0720130931656e-06,0.26876748841602094,ICV_113_CASE_6_with_r_theta_phi.csv
12.50611598,-2.277687913,-1.253849182,0.003375414992,2268.007673,0.4201083927,330.2237037,33.58050053,5.525983578,0.03630104683,0.04311701125,322.306919478862,131.075161937948,0.295122157143474,826.192527353848,807.334548365193,0.0006691167543644,0.0431247273958782,0.0363014692434201,332.239680072915,113.51081446063978,7.453357986610214,48.45392707899548,72.51024536825452,0.9205738033607016,12.773524842636029,349.678086431218,95.63322484469636,ICV_113_CASE_6_with_r_theta_phi.csv,0.7231494618210943,-0.17917850256414888,0.9838165805773296,0.9951706459971628,-0.09815999870410407,0.003375414992,0.003586059,-0.00021064397854076182,6.240535726054405,ICV_113_CASE_6_with_r_theta_phi.csv
13.89255097,0.9568,-1.252535798,0.0,1771.112557,0.4315373904,327.4460113,159.044803,6.410228617,0.03630097444,0.04311666853,322.306919478862,131.075161937948,0.295122157143474,826.192527353848,807.334548365193,0.0006691167543644,0.0431247273958782,0.0363014692434201,332.239680072915,113.51081446063978,7.453357986610214,48.45392707899548,72.51024536825452,0.9205738033607016,13.981676745631027,3.9398215200859,95.1396805940409,ICV_113_CASE_6_with_r_theta_phi.csv,0.7915467452031076,0.06870868135600286,0.9976367661159643,0.9959792621786104,-0.08958409072011994,0.0,7.736699e-06,-7.736699444649275e-06,0.0,ICV_113_CASE_6_with_r_theta_phi.csv
14.33131153,0.9568,-1.240569663,0.0,1613.100321,0.4280002434,326.9463123,861.0034321,13.86866236,0.03630091812,0.0431163829,322.306919478862,131.075161937948,0.295122157143474,826.192527353848,807.334548365193,0.0006691167543644,0.0431247273958782,0.0363014692434201,332.239680072915,113.51081446063978,7.453357986610214,48.45392707899548,72.51024536825452,0.9205738033607016,14.416690656966558,3.819564490078108,94.93646025936772,ICV_113_CASE_6_with_r_theta_phi.csv,0.8161742524685227,0.06661461057688714,0.9977787799195219,0.9962907392695718,-0.08605093169565436,0.0,7.736699e-06,-7.736699444649275e-06,0.0,ICV_113_CASE_6_with_r_theta_phi.csv
12.19833355,-2.287698674,-1.235489692,0.003375452943,2185.822933,0.4201865191,330.5051988,37.86605595,6.279077001,0.03630103645,0.04311693675,322.306919478862,131.075161937948,0.295122157143474,826.192527353848,807.334548365193,0.0006691167543644,0.0431247273958782,0.0363014692434201,332.239680072915,113.51081446063978,7.453357986610214,48.45392707899548,72.51024536825452,0.9205738033607016,12.47234305971076,349.3780254759959,95.68494852554905,ICV_113_CASE_6_with_r_theta_phi.csv,0.7060986127472548,-0.1843283201019576,0.9828647264035831,0.9950816267048791,-0.09905834742398886,0.003375452943,0.0035521055,-0.00017665256760736195,5.233447793173027,ICV_113_CASE_6_with_r_theta_phi.csv
12.04384206,-2.287789574,-1.23532136,0.003375425236,2263.60851,0.4204431862,330.1506012,39.66122596,6.282074686,0.03630103143,0.04311690212,322.306919478862,131.075161937948,0.295122157143474,826.192527353848,807.334548365193,0.0006691167543644,0.0431247273958782,0.0363014692434201,332.239680072915,113.51081446063978,7.453357986610214,48.45392707899548,72.51024536825452,0.9205738033607016,12.321287739664244,349.2445142660508,95.7540914533119,ICV_113_CASE_6_with_r_theta_phi.csv,0.6975468954458378,-0.18661809900175144,0.9824325346429507,0.9949613613515975,-0.10025911139330804,0.003375425236,0.0035521055,-0.00017668027460736183,5.234311596378037,ICV_113_CASE_6_with_r_theta_phi.csv
11.89051353,-2.287952082,-1.235020351,0.003375394503,2210.523768,0.4204461958,329.4572268,35.07669017,5.267495575,0.03630103066,0.04311689074,322.306919478862,131.075161937948,0.295122157143474,826.192527353848,807.334548365193,0.0006691167543644,0.0431247273958782,0.0363014692434201,332.239680072915,113.51081446063978,7.453357986610214,48.45392707899548,72.51024536825452,0.9205738033607016,12.171454802283304,349.1083632035748,95.82374466366156,ICV_113_CASE_6_with_r_theta_phi.csv,0.6890643810760814,-0.1889521089419907,0.9819863036348185,0.9948387433871172,-0.10146858950405113,0.003375394503,0.0034979773,-0.0001225827724013538,3.6316576404946885,ICV_113_CASE_6_with_r_theta_phi.csv
12.3517095,-2.288051731,-1.234835728,0.003375420347,2175.995908,0.4205210691,330.2277334,36.37862593,6.1744245,0.03630104508,0.0431169943,322.306919478862,131.075161937948,0.295122157143474,826.192527353848,807.334548365193,0.0006691167543644,0.0431247273958782,0.0363014692434201,332.239680072915,113.51081446063978,7.453357986610214,48.45392707899548,72.51024536825452,0.9205738033607016,12.622389931041887,349.5053920288058,95.61416803784216,ICV_113_CASE_6_with_r_theta_phi.csv,0.7145932385915532,-0.1821429918874261,0.9832720531502444,0.9952032393615836,-0.09782899551876532,0.003375420347,0.0035521055,-0.0001766851636073618,5.234464019038432,ICV_113_CASE_6_with_r_theta_phi.csv
11.01087104,-2.290622452,-1.23006048,0.003375606844,2168.267602,0.4196909079,327.777455,13.44208106,1.046797539,0.03630101283,0.04311672811,322.306919478862,131.075161937948,0.295122157143474,826.192527353848,807.334548365193,0.0006691167543644,0.0431247273958782,0.0363014692434201,332.239680072915,113.51081446063978,7.453357986610214,48.45392707899548,72.51024536825452,0.9205738033607016,11.313676726050424,348.2482144787017,96.24172572207608,ICV_113_CASE_6_with_r_theta_phi.csv,0.6405028632623554,-0.20367226125614293,0.9790391258753705,0.9940720496914116,-0.10872331866860845,0.003375606844,0.003421218,-4.561105763218991e-05,1.3511957916470545,ICV_113_CASE_6_with_r_theta_phi.csv
15.26545685,0.9568,-1.228990313,0.0,1787.087007,0.4317125732,326.6042065,160.1054555,4.006260929,0.03630100552,0.04311701122,322.306919478862,131.075161937948,0.295122157143474,826.192527353848,807.334548365193,0.0006691167543644,0.0431247273958782,0.0363014692434201,332.239680072915,113.51081446063978,7.453357986610214,48.45392707899548,72.51024536825452,0.9205738033607016,15.344707760940244,3.586462180538547,94.59386132963829,ICV_113_CASE_6_with_r_theta_phi.csv,0.8687122228069316,0.06255470449929565,0.9980415366832213,0.9967874652487425,-0.0800921289702486,0.0,7.736699e-06,-7.736699444649275e-06,0.0,ICV_113_CASE_6_with_r_theta_phi.csv
0.3324215934,0.9568,-1.226141499,0.0,1366.246605,0.4324898555,330.7297928,729.2253173,26.78222816,0.03630138304,0.04312091482,322.306919478862,131.075161937948,0.295122157143474,826.192527353848,807.334548365193,0.0006691167543644,0.0431247273958782,0.0363014692434201,332.239680072915,113.51081446063978,7.453357986610214,48.45392707899548,72.51024536825452,0.9205738033607016,1.5904066559621035,70.84120886786513,140.44026402282844,ICV_113_CASE_6_with_r_theta_phi.csv,0.09003792856743988,0.9446126568559268,0.32818733751866036,0.6368823621016981,-0.7709609956695355,0.0,7.351954e-06,-7.35195408196887e-06,0.0,ICV_113_CASE_6_with_r_theta_phi.csv
11.26332638,-2.297173732,-1.217781936,0.003375453874,2165.954842,0.4205373668,327.4242956,20.24576342,1.892407509,0.03630101598,0.04311676341,322.306919478862,131.075161937948,0.295122157143474,826.192527353848,807.334548365193,0.0006691167543644,0.0431247273958782,0.0363014692434201,332.239680072915,113.51081446063978,7.453357986610214,48.45392707899548,72.51024536825452,0.9205738033607016,11.559520800666547,348.4725305139824,96.04726423677867,ICV_113_CASE_6_with_r_theta_phi.csv,0.6544208704248847,-0.19983771970249734,0.9798290084418332,0.9944353297389853,-0.10534882518051918,0.003375453874,0.003366341,9.112758093165422e-06,0.2699713410589982,ICV_113_CASE_6_with_r_theta_phi.csv
12.11960013,-2.35,-1.217544803,0.0,-6571.020845,0.4252698765,323.651836,750.0842029,7.875334887,0.03630105514,0.04311665436,322.306919478862,131.075161937948,0.295122157143474,826.192527353848,807.334548365193,0.0006691167543644,0.0431247273958782,0.0363014692434201,332.239680072915,113.51081446063978,7.453357986610214,48.45392707899548,72.51024536825452,0.9205738033607016,12.40522561900461,349.0264766889629,95.63251880616662,ICV_113_CASE_6_with_r_theta_phi.csv,0.7022988830936626,-0.19035535980014595,0.9817152525021484,0.9951718555175255,-0.09814773551032775,0.0,0.00025633196,-0.00025633195764385164,0.0,ICV_113_CASE_6_with_r_theta_phi.csv
16.79684729,0.9568,-1.2175319,0.0,2310.929589,0.4355640452,326.5800752,43.35760539,1.751167676,0.03630114945,0.04311802509,322.306919478862,131.075161937948,0.295122157143474,826.192527353848,807.334548365193,0.0006691167543644,0.0431247273958782,0.0363014692434201,332.239680072915,113.51081446063978,7.453357986610214,48.45392707899548,72.51024536825452,0.9205738033607016,16.86807425437468,3.2602203411827877,94.13918945453032,ICV_113_CASE_6_with_r_theta_phi.csv,0.9549547966817918,0.056870878373236795,0.9983815418932065,0.9973916464352277,-0.07217966210246271,0.0,9.989357e-05,-9.989357204176486e-05,0.0,ICV_113_CASE_6_with_r_theta_phi.csv
12.09438849,-2.65,-1.216833,0.0,-3896.706006,0.5365658117,411.19618,1352.29001,10.99150904,0.02035154604,0.02417257152,322.306919478862,131.075161937948,0.295122157143474,826.192527353848,807.334548365193,0.0006691167543644,0.0431247273958782,0.0363014692434201,332.239680072915,113.51081446063978,7.453357986610214,48.45392707899548,72.51024536825452,0.9205738033607016,12.440957177682652,347.6412362662616,95.61299566104005,ICV_113_CASE_6_with_r_theta_phi.csv,0.704321759139733,-0.21403235215820818,0.9768265722376848,0.9952052409140353,-0.09780863181354209,0.0,-0.00023081731,0.00023081731342244893,0.0,ICV_113_CASE_6_with_r_theta_phi.csv
12.18382014,-2.502662159,-1.213597734,0.0,-5736.554892,0.362006715,397.8072168,1033.403212,9.741093994,0.03731048178,0.04431558989,322.306919478862,131.075161937948,0.295122157143474,826.192527353848,807.334548365193,0.0006691167543644,0.0431247273958782,0.0363014692434201,332.239680072915,113.51081446063978,7.453357986610214,48.45392707899548,72.51024536825452,0.9205738033607016,12.497264122436162,348.3924054423869,95.57272217309094,ICV_113_CASE_6_with_r_theta_phi.csv,0.70750947257803,-0.20120776211335217,0.9795485881084902,0.9952737452281917,-0.0971090730027257,0.0,-0.00059584575,0.0005958457477390766,0.0,ICV_113_CASE_6_with_r_theta_phi.csv
8.731057095,-2.300690423,-1.211124922,0.003375423141,3331.988895,0.4334438094,327.6587151,212.2011179,11.53249179,0.03630136441,0.04312080672,322.306919478862,131.075161937948,0.295122157143474,826.192527353848,807.334548365193,0.0006691167543644,0.0431247273958782,0.0363014692434201,332.239680072915,113.51081446063978,7.453357986610214,48.45392707899548,72.51024536825452,0.9205738033607016,9.109959275173695,345.2377580072242,97.63981473374857,ICV_113_CASE_6_with_r_theta_phi.csv,0.5157434794399656,-0.2548085644071442,0.9669915178039413,0.9911233962113032,-0.1329451521589714,0.003375423141,0.003884503,-0.0005090797783907975,15.081954379478432,ICV_113_CASE_6_with_r_theta_phi.csv
12.02564727,-2.50320684,-1.208351124,0.0,-4843.52462,0.3826563518,373.2172125,1406.413119,10.02360059,0.0375020441,0.04454309997,322.306919478862,131.075161937948,0.295122157143474,826.192527353848,807.334548365193,0.0006691167543644,0.0431247273958782,0.0363014692434201,332.239680072915,113.51081446063978,7.453357986610214,48.45392707899548,72.51024536825452,0.9205738033607016,12.34270428978809,348.2414665382473,95.61825766245045,ICV_113_CASE_6_with_r_theta_phi.csv,0.6987593537834479,-0.20378756498064962,0.9790151318336492,0.9951962540456694,-0.0979000303037109,0.0,-0.00054690876,0.0005469087627716362,0.0,ICV_113_CASE_6_with_r_theta_phi.csv
0.7378261886,0.9568,-1.20210602,0.0,3130.006442,0.4318135416,332.8241093,1689.075255,38.91372646,0.03630140401,0.04312123767,322.306919478862,131.075161937948,0.295122157143474,826.192527353848,807.334548365193,0.0006691167543644,0.0431247273958782,0.0363014692434201,332.239680072915,113.51081446063978,7.453357986610214,48.45392707899548,72.51024536825452,0.9205738033607016,1.7043804176017288,52.36276739744926,134.854094469934,ICV_113_CASE_6_with_r_theta_phi.csv,0.09649034208734124,0.7918929845494067,0.6106598898089125,0.708905156482392,-0.7053038204296609,0.0,7.351954e-06,-7.35195408196887e-06,0.0,ICV_113_CASE_6_with_r_theta_phi.csv
10.69061251,-2.305629456,-1.201695806,0.00337545597,2247.632708,0.4228295766,327.6749883,17.84132814,1.019015608,0.03630114534,0.04311813696,322.306919478862,131.075161937948,0.295122157143474,826.192527353848,807.334548365193,0.0006691167543644,0.0431247273958782,0.0363014692434201,332.239680072915,113.51081446063978,7.453357986610214,48.45392707899548,72.51024536825452,0.9205738033607016,11.002235947183706,347.8295093368205,96.27051948201324,ICV_113_CASE_6_with_r_theta_phi.csv,0.6228712201253831,-0.2108213649687837,0.977524604331113,0.99401728570642,-0.10922287176613446,0.00337545597,0.003421218,-4.576193163218986e-05,1.3557259234115444,ICV_113_CASE_6_with_r_theta_phi.csv
12.25104181,-2.65,-1.200367227,0.0,-4528.236147,0.5327474845,384.2106132,996.4756005,10.84489018,0.0193757482,0.02301358164,322.306919478862,131.075161937948,0.295122157143474,826.192527353848,807.334548365193,0.0006691167543644,0.0431247273958782,0.0363014692434201,332.239680072915,113.51081446063978,7.453357986610214,48.45392707899548,72.51024536825452,0.9205738033607016,12.591719775710692,347.7945000480379,95.47030713553966,ICV_113_CASE_6_with_r_theta_phi.csv,0.7128569045259793,-0.21141861985247368,0.9773956042359078,0.9954457356327181,-0.09532988728954202,0.0,-0.00023081731,0.00023081731342244893,0.0,ICV_113_CASE_6_with_r_theta_phi.csv
3.303284299,0.9568,-1.193248191,0.0,1380.374392,0.4332990531,325.6375332,296.8358135,5.336110911,0.03630136053,0.04312047993,322.306919478862,131.075161937948,0.295122157143474,826.192527353848,807.334548365193,0.0006691167543644,0.0431247273958782,0.0363014692434201,332.239680072915,113.51081446063978,7.453357986610214,48.45392707899548,72.51024536825452,0.9205738033607016,3.640191567121804,16.15371868508055,109.13518868875582,ICV_113_CASE_6_with_r_theta_phi.csv,0.20608270662325484,0.27821532700342827,0.9605187305932016,0.9447477703103366,-0.32779818561677165,0.0,7.976879e-06,-7.97687880549347e-06,0.0,ICV_113_CASE_6_with_r_theta_phi.csv
12.28250441,-2.35,-1.190779403,0.0,-6697.334007,0.3662575671,388.7616031,495.2401313,4.501281569,0.03628956604,0.0431029235,322.306919478862,131.075161937948,0.295122157143474,826.192527353848,807.334548365193,0.0006691167543644,0.0431247273958782,0.0363014692434201,332.239680072915,113.51081446063978,7.453357986610214,48.45392707899548,72.51024536825452,0.9205738033607016,12.5618617317768,349.16855465285994,95.4394188496791,ICV_113_CASE_6_with_r_theta_phi.csv,0.7111665466437326,-0.18792038998342606,0.9821842632767424,0.9954969835368056,-0.0947932263883925,0.0,-0.00015834263,0.00015834263467695564,0.0,ICV_113_CASE_6_with_r_theta_phi.csv
-0.06763929797,0.9568,-1.190009257,0.0,1558.690989,0.4333010525,328.6434572,340.2507156,16.23895828,0.03630140502,0.04312144613,322.306919478862,131.075161937948,0.295122157143474,826.192527353848,807.334548365193,0.0006691167543644,0.0431247273958782,0.0363014692434201,332.239680072915,113.51081446063978,7.453357986610214,48.45392707899548,72.51024536825452,0.9205738033607016,1.5284512901546998,94.04369742817936,141.13000715748598,ICV_113_CASE_6_with_r_theta_phi.csv,0.08653044022788557,0.9975105593942136,-0.07051725956844253,0.6275553871679339,-0.7785719209145066,0.0,7.351954e-06,-7.35195408196887e-06,0.0,ICV_113_CASE_6_with_r_theta_phi.csv
11.95685646,-2.35,-1.189801029,0.0,-6233.346993,0.4239622348,324.7184769,1107.962796,7.640845324,0.03629826586,0.04311336727,322.306919478862,131.075161937948,0.295122157143474,826.192527353848,807.334548365193,0.0006691167543644,0.0431247273958782,0.0363014692434201,332.239680072915,113.51081446063978,7.453357986610214,48.45392707899548,72.51024536825452,0.9205738033607016,12.243551073673569,348.88081501508725,95.57667710786194,ICV_113_CASE_6_with_r_theta_phi.csv,0.6931459780117333,-0.1928505328948233,0.9812281447054924,0.9952670397447311,-0.09717777316732451,0.0,0.00025633196,-0.00025633195764385164,0.0,ICV_113_CASE_6_with_r_theta_phi.csv
1.179253082,0.9568,-1.185901243,0.0,2634.20087,0.4327365728,329.7778913,289.7410223,15.96890631,0.03630140546,0.04312127048,322.306919478862,131.075161937948,0.295122157143474,826.192527353848,807.334548365193,0.0006691167543644,0.0431247273958782,0.0363014692434201,332.239680072915,113.51081446063978,7.453357986610214,48.45392707899548,72.51024536825452,0.9205738033607016,1.9267760195610293,39.05452865501769,127.9871510180783,ICV_113_CASE_6_with_r_theta_phi.csv,0.10908085737967753,0.6300597192979301,0.7765466825105967,0.7881488002106909,-0.6154847428868147,0.0,7.351954e-06,-7.35195408196887e-06,0.0,ICV_113_CASE_6_with_r_theta_phi.csv
11.48127377,-2.314049414,-1.185400906,0.003375452477,2185.775255,0.421013301,327.3848639,32.94663308,2.942082535,0.03630101602,0.04311678089,322.306919478862,131.075161937948,0.295122157143474,826.192527353848,807.334548365193,0.0006691167543644,0.0431247273958782,0.0363014692434201,332.239680072915,113.51081446063978,7.453357986610214,48.45392707899548,72.51024536825452,0.9205738033607016,11.771985702508704,348.60470658987344,95.77929484212176,ICV_113_CASE_6_with_r_theta_phi.csv,0.6664491775144195,-0.19757681485652484,0.9802874079733711,0.9949171629021542,-0.10069676738966622,0.003375452477,0.003575605,-0.0002001526304713469,5.929653336134063,ICV_113_CASE_6_with_r_theta_phi.csv
11.94033781,-2.65,-1.183728095,0.0,-2988.486106,0.5416635287,408.0727305,1676.965366,13.57708551,0.02153935187,0.02558336028,322.306919478862,131.075161937948,0.295122157143474,826.192527353848,807.334548365193,0.0006691167543644,0.0431247273958782,0.0363014692434201,332.239680072915,113.51081446063978,7.453357986610214,48.45392707899548,72.51024536825452,0.9205738033607016,12.28801770912656,347.4867788120355,95.52798369489152,ICV_113_CASE_6_with_r_theta_phi.csv,0.6956633742584994,-0.21666489166106606,0.9762460369811999,0.9953492678519654,-0.09633190015024291,0.0,-0.00016501326,0.00016501326172146946,0.0,ICV_113_CASE_6_with_r_theta_phi.csv
10.92729438,0.9568,-1.177448732,0.0,1792.511486,0.4306004644,325.8322202,74.11554199,1.787433271,0.03630115394,0.04311814986,322.306919478862,131.075161937948,0.295122157143474,826.192527353848,807.334548365193,0.0006691167543644,0.0431247273958782,0.0363014692434201,332.239680072915,113.51081446063978,7.453357986610214,48.45392707899548,72.51024536825452,0.9205738033607016,11.032117395299416,5.004087968718295,96.12680059913004,ICV_113_CASE_6_with_r_theta_phi.csv,0.6245629029920561,0.08722681953697677,0.9961884771234125,0.9942881294118695,-0.10672916991453428,0.0,8.484914e-06,-8.484914360451512e-06,0.0,ICV_113_CASE_6_with_r_theta_phi.csv
-2.315793185,-0.13473125,-1.174286769,0.00337542803,4892.771308,0.4342827593,329.4714932,314.575676,18.98617153,0.03630143207,0.04312224871,322.306919478862,131.075161937948,0.295122157143474,826.192527353848,807.334548365193,0.0006691167543644,0.0431247273958782,0.0363014692434201,332.239680072915,113.51081446063978,7.453357986610214,48.45392707899548,72.51024536825452,0.9205738033607016,2.600000000243744,183.32967551514253,116.84951580734275,ICV_113_CASE_6_with_r_theta_phi.csv,0.1471941867318669,-0.058081095829978883,-0.9983118682592073,0.8921958305555256,-0.45164875726535086,0.00337542803,0.0038971952,-0.0005217671862683009,15.457808060974207,ICV_113_CASE_6_with_r_theta_phi.csv
0.8729680826,0.9568,-1.173500637,0.0,5278.757683,0.4319619443,337.2529092,1999.633985,63.43186167,0.03630141936,0.04312156647,322.306919478862,131.075161937948,0.295122157143474,826.192527353848,807.334548365193,0.0006691167543644,0.0431247273958782,0.0363014692434201,332.239680072915,113.51081446063978,7.453357986610214,48.45392707899548,72.51024536825452,0.9205738033607016,1.7477537750717995,47.62320595033032,132.17780861992065,ICV_113_CASE_6_with_r_theta_phi.csv,0.09894584442504858,0.7387283861641881,0.6740032429263632,0.7410647065959254,-0.6714336159575979,0.0,7.351954e-06,-7.35195408196887e-06,0.0,ICV_113_CASE_6_with_r_theta_phi.csv
12.33852719,-2.502191851,-1.167797808,0.0,-5690.342765,0.3143244276,449.1551182,818.7543516,10.67504849,0.03623371548,0.04303665868,322.306919478862,131.075161937948,0.295122157143474,826.192527353848,807.334548365193,0.0006691167543644,0.0431247273958782,0.0363014692434201,332.239680072915,113.51081446063978,7.453357986610214,48.45392707899548,72.51024536825452,0.9205738033607016,12.643732399807808,348.536167186104,95.299494012745,ICV_113_CASE_6_with_r_theta_phi.csv,0.7158015029502284,-0.19874933051832203,0.980050357695215,0.9957255138836739,-0.09236179405519099,0.0,-0.0003203842,0.0003203841915819794,0.0,ICV_113_CASE_6_with_r_theta_phi.csv
2.082057518,0.9568,-1.167404305,0.0,1256.502928,0.433222538,325.5358862,171.6172394,2.958263344,0.03630136019,0.04312039709,322.306919478862,131.075161937948,0.295122157143474,826.192527353848,807.334548365193,0.0006691167543644,0.0431247273958782,0.0363014692434201,332.239680072915,113.51081446063978,7.453357986610214,48.45392707899548,72.51024536825452,0.9205738033607016,2.5716264424664894,24.680929802050517,116.99775781886508,ICV_113_CASE_6_with_r_theta_phi.csv,0.14558787028520495,0.41756466484929167,0.908647209135261,0.8910242897175567,-0.45395563123869687,0.0,7.976879e-06,-7.97687880549347e-06,0.0,ICV_113_CASE_6_with_r_theta_phi.csv
14.50390413,0.9568,-1.167045836,0.0,1743.893716,0.4283105084,327.0166036,893.9517423,14.95563999,0.03630092387,0.04311643324,322.306919478862,131.075161937948,0.295122157143474,826.192527353848,807.334548365193,0.0006691167543644,0.0431247273958782,0.0363014692434201,332.239680072915,113.51081446063978,7.453357986610214,48.45392707899548,72.51024536825452,0.9205738033607016,14.582204813935236,3.7742448467785152,94.590416215687,ICV_113_CASE_6_with_r_theta_phi.csv,0.8255445300551886,0.06582536976321693,0.9978311584108485,0.9967922792729327,-0.08003219340910166,0.0,7.736699e-06,-7.736699444649275e-06,0.0,ICV_113_CASE_6_with_r_theta_phi.csv
16.66282386,0.9568,-1.164871599,0.0,2247.647984,0.4352613477,326.3219487,46.62101233,1.715044238,0.0363011385,0.04311795807,322.306919478862,131.075161937948,0.295122157143474,826.192527353848,807.334548365193,0.0006691167543644,0.0431247273958782,0.0363014692434201,332.239680072915,113.51081446063978,7.453357986610214,48.45392707899548,72.51024536825452,0.9205738033607016,16.730872394216092,3.2863858936274823,93.99239591250064,ICV_113_CASE_6_with_r_theta_phi.csv,0.9471873673655421,0.057326808358460095,0.9983554662761317,0.9975732992999575,-0.06962408005709897,0.0,9.989357e-05,-9.989357204176486e-05,0.0,ICV_113_CASE_6_with_r_theta_phi.csv
-0.715323546,0.9568,-1.158928584,0.0,2629.906126,0.4338852562,328.2181695,484.5305186,18.44654905,0.03630141948,0.04312183341,322.306919478862,131.075161937948,0.295122157143474,826.192527353848,807.334548365193,0.0006691167543644,0.0431247273958782,0.0363014692434201,332.239680072915,113.51081446063978,7.453357986610214,48.45392707899548,72.51024536825452,0.9205738033607016,1.664412652641844,126.78255300875144,134.13080780618708,ICV_113_CASE_6_with_r_theta_phi.csv,0.09422764106495311,0.8009137409656881,-0.5987797420858079,0.7177520032917117,-0.6962988307980522,0.0,1.3471495e-07,-1.3471495208250417e-07,0.0,ICV_113_CASE_6_with_r_theta_phi.csv
10.3064955,-2.327746882,-1.158272184,0.003375430359,2527.199143,0.4317221722,326.9492987,56.27071401,3.642643232,0.03630132425,0.0431201201,322.306919478862,131.075161937948,0.295122157143474,826.192527353848,807.334548365193,0.0006691167543644,0.0431247273958782,0.0363014692434201,332.239680072915,113.51081446063978,7.453357986610214,48.45392707899548,72.51024536825452,0.9205738033607016,10.629386129518917,347.27313868467286,96.25587880492742,ICV_113_CASE_6_with_r_theta_phi.csv,0.6017630179410951,-0.22030352871407247,0.9754313687985064,0.9940451627582981,-0.10896886893433627,0.003375430359,0.003884503,-0.0005090725603907977,15.081708288918684,ICV_113_CASE_6_with_r_theta_phi.csv
11.8848199,-2.503400281,-1.158195852,0.0,-3858.715162,0.4228173398,327.3920777,1461.879554,13.02262776,0.03735827052,0.04437232444,322.306919478862,131.075161937948,0.295122157143474,826.192527353848,807.334548365193,0.0006691167543644,0.0431247273958782,0.0363014692434201,332.239680072915,113.51081446063978,7.453357986610214,48.45392707899548,72.51024536825452,0.9205738033607016,12.200712055201404,348.10518885171354,95.4472071968258,ICV_113_CASE_6_with_r_theta_phi.csv,0.6907207262871908,-0.20611556828539485,0.9785276554652856,0.9954840888782704,-0.09492854570780947,0.0,-0.00024624728,0.0002462472766637802,0.0,ICV_113_CASE_6_with_r_theta_phi.csv
10.21415814,0.9568,-1.152133419,0.0,1814.327183,0.4311408076,325.7643498,84.50098935,2.078554762,0.0363011957,0.04311853438,322.306919478862,131.075161937948,0.295122157143474,826.192527353848,807.334548365193,0.0006691167543644,0.0431247273958782,0.0363014692434201,332.239680072915,113.51081446063978,7.453357986610214,48.45392707899548,72.51024536825452,0.9205738033607016,10.32336690058553,5.351502634983262,96.40781186436618,ICV_113_CASE_6_with_r_theta_phi.csv,0.5844383058168874,0.09326559753361155,0.9956412648723929,0.9937527119427031,-0.1116044242246832,0.0,7.976879e-06,-7.97687880549347e-06,0.0,ICV_113_CASE_6_with_r_theta_phi.csv
6.61835357,-2.331162179,-1.151383036,0.003375427565,5002.834529,0.434189839,329.8318804,416.5878085,21.9346023,0.03630140253,0.04312164982,322.306919478862,131.075161937948,0.295122157143474,826.192527353848,807.334548365193,0.0006691167543644,0.0431247273958782,0.0363014692434201,332.239680072915,113.51081446063978,7.453357986610214,48.45392707899548,72.51024536825452,0.9205738033607016,7.11073863799819,340.59636498207385,99.3184573975352,ICV_113_CASE_6_with_r_theta_phi.csv,0.40256130414803254,-0.3322209721196839,0.943201582740324,0.9868036057658405,-0.16192172074041122,0.003375427565,0.003884503,-0.0005090753543907974,15.08180354745605,ICV_113_CASE_6_with_r_theta_phi.csv
15.02088912,0.9568,-1.150835971,0.0,1724.494941,0.4313310425,326.1942678,229.1921617,5.310504203,0.03630097728,0.04311681045,322.306919478862,131.075161937948,0.295122157143474,826.192527353848,807.334548365193,0.0006691167543644,0.0431247273958782,0.0363014692434201,332.239680072915,113.51081446063978,7.453357986610214,48.45392707899548,72.51024536825452,0.9205738033607016,15.095264145667736,3.644700243177681,94.37237043084184,ICV_113_CASE_6_with_r_theta_phi.csv,0.854590434313835,0.06356912728097536,0.997977437649136,0.9970896322799013,-0.07623821351481855,0.0,7.736699e-06,-7.736699444649275e-06,0.0,ICV_113_CASE_6_with_r_theta_phi.csv
-0.348716815,0.9568,-1.149225378,0.0,2075.210921,0.4336701817,328.423504,404.7531733,17.54863404,0.03630141407,0.04312168578,322.306919478862,131.075161937948,0.295122157143474,826.192527353848,807.334548365193,0.0006691167543644,0.0431247273958782,0.0363014692434201,332.239680072915,113.51081446063978,7.453357986610214,48.45392707899548,72.51024536825452,0.9205738033607016,1.535509240122959,110.02485363956735,138.4547982139337,ICV_113_CASE_6_with_r_theta_phi.csv,0.08693001299922201,0.9395441716232299,-0.34242772897185,0.6632107080920636,-0.7484327335652975,0.0,7.351954e-06,-7.35195408196887e-06,0.0,ICV_113_CASE_6_with_r_theta_phi.csv
-1.087188257,0.9568,-1.143611614,0.0,3106.616309,0.4331312053,328.6260592,526.6800387,18.53824022,0.03630142412,0.04312196423,322.306919478862,131.075161937948,0.295122157143474,826.192527353848,807.334548365193,0.0006691167543644,0.0431247273958782,0.0363014692434201,332.239680072915,113.51081446063978,7.453357986610214,48.45392707899548,72.51024536825452,0.9205738033607016,1.8453433474110943,138.65001508978548,128.29630089806716,ICV_113_CASE_6_with_r_theta_phi.csv,0.1044706973991434,0.6606568204958042,-0.7506880614025874,0.7848163827664857,-0.6197283641574984,0.0,1.207765e-05,-1.207765035360353e-05,0.0,ICV_113_CASE_6_with_r_theta_phi.csv
11.64309467,-2.335901822,-1.141736694,0.003375409637,2187.742102,0.4215979226,327.5639919,36.60479294,4.164688736,0.03630102248,0.04311682825,322.306919478862,131.075161937948,0.295122157143474,826.192527353848,807.334548365193,0.0006691167543644,0.0431247273958782,0.0363014692434201,332.239680072915,113.51081446063978,7.453357986610214,48.45392707899548,72.51024536825452,0.9205738033607016,11.929863934472657,348.6556109431543,95.49184547621768,ICV_113_CASE_6_with_r_theta_phi.csv,0.6753871613430428,-0.1967058020491962,0.9804625578981496,0.9954098293685296,-0.09570408348923662,0.003375409637,0.0034979773,-0.000122567638401354,3.6311929971847166,ICV_113_CASE_6_with_r_theta_phi.csv
1.383881337,0.9568,-1.138968065,0.0,2400.851437,0.4326552645,328.5379831,238.5581103,12.00206792,0.03630140116,0.04312115092,322.306919478862,131.075161937948,0.295122157143474,826.192527353848,807.334548365193,0.0006691167543644,0.0431247273958782,0.0363014692434201,332.239680072915,113.51081446063978,7.453357986610214,48.45392707899548,72.51024536825452,0.9205738033607016,2.0317091445349043,34.65954614098155,124.09702668627494,ICV_113_CASE_6_with_r_theta_phi.csv,0.1150214519913371,0.5686989042876739,0.8225457776087597,0.8280894273715057,-0.5605960223507939,0.0,7.351954e-06,-7.35195408196887e-06,0.0,ICV_113_CASE_6_with_r_theta_phi.csv
-1.98646872,-1.2342206,-1.136064055,0.003375437111,5999.815871,0.4346815065,331.5190399,487.7559631,28.00831074,0.03630143364,0.04312246499,322.306919478862,131.075161937948,0.295122157143474,826.192527353848,807.334548365193,0.0006691167543644,0.0431247273958782,0.0363014692434201,332.239680072915,113.51081446063978,7.453357986610214,48.45392707899548,72.51024536825452,0.9205738033607016,2.6000000003972774,211.8532582694498,115.90929480876572,ICV_113_CASE_6_with_r_theta_phi.csv,0.14719418674055892,-0.5277455703172361,-0.8494025035344169,0.89948690694144,-0.4369477133947737,0.003375437111,0.0038971952,-0.0005217581052683012,15.457497442728279,ICV_113_CASE_6_with_r_theta_phi.csv
12.394833,-2.65,-1.135961504,0.0,-4011.37027,0.5512220187,356.0416626,294.4216315,11.99606131,0.01953490539,0.02320264375,322.306919478862,131.075161937948,0.295122157143474,826.192527353848,807.334548365193,0.0006691167543644,0.0431247273958782,0.0363014692434201,332.239680072915,113.51081446063978,7.453357986610214,48.45392707899548,72.51024536825452,0.9205738033607016,12.7257531657839,347.93192078333635,95.1213116068392,ICV_113_CASE_6_with_r_theta_phi.csv,0.7204449567740144,-0.20907378509631325,0.9778998682817688,0.9960079315901912,-0.08926477586052063,0.0,-0.00023081731,0.00023081731342244893,0.0,ICV_113_CASE_6_with_r_theta_phi.csv
12.78310096,-2.339017378,-1.135340348,0.003375411732,2049.214338,0.4198015856,329.7193082,29.10830946,4.42387177,0.03630104424,0.0431170021,322.306919478862,131.075161937948,0.295122157143474,826.192527353848,807.334548365193,0.0006691167543644,0.0431247273958782,0.0363014692434201,332.239680072915,113.51081446063978,7.453357986610214,48.45392707899548,72.51024536825452,0.9205738033607016,13.044833082639872,349.630878951863,94.99298193452596,ICV_113_CASE_6_with_r_theta_phi.csv,0.7385090755662005,-0.17998903366157132,0.9836686168428744,0.9962053661816582,-0.08703371984965526,0.003375411732,0.0036389534,-0.0002635417041660479,7.8076905874773725,ICV_113_CASE_6_with_r_theta_phi.csv
12.99181591,-2.340375066,-1.132538984,0.003375411266,2163.590582,0.4203333169,328.8049978,25.60894612,3.666911378,0.03630104934,0.04311704036,322.306919478862,131.075161937948,0.295122157143474,826.192527353848,807.334548365193,0.0006691167543644,0.0431247273958782,0.0363014692434201,332.239680072915,113.51081446063978,7.453357986610214,48.45392707899548,72.51024536825452,0.9205738033607016,13.249425672049462,349.7881314354685,94.90353215492792,ICV_113_CASE_6_with_r_theta_phi.csv,0.7500917062610805,-0.17728860823825712,0.9841589045418132,0.9963400285379461,-0.08547834540399489,0.003375411266,0.0036389534,-0.0002635421701660482,7.807705471110767,ICV_113_CASE_6_with_r_theta_phi.csv
12.60001614,-2.343650276,-1.125745701,0.003375414293,2365.41058,0.4198740171,331.5869284,35.4597784,6.77443899,0.03630103995,0.04311696918,322.306919478862,131.075161937948,0.295122157143474,826.192527353848,807.334548365193,0.0006691167543644,0.0431247273958782,0.0363014692434201,332.239680072915,113.51081446063978,7.453357986610214,48.45392707899548,72.51024536825452,0.9205738033607016,12.865473435819426,349.4631842778074,95.01987512762878,ICV_113_CASE_6_with_r_theta_phi.csv,0.72835496120321,-0.18286728374455144,0.983137608138296,0.9961644050129376,-0.08750130390582865,0.003375414293,0.0035521055,-0.0001766912176073619,5.2346527631124005,ICV_113_CASE_6_with_r_theta_phi.csv
12.74951923,0.9568,-1.121128179,0.0,1818.886676,0.4304997705,326.2509807,43.08690999,1.519404265,0.03630111537,0.04311783003,322.306919478862,131.075161937948,0.295122157143474,826.192527353848,807.334548365193,0.0006691167543644,0.0431247273958782,0.0363014692434201,332.239680072915,113.51081446063978,7.453357986610214,48.45392707899548,72.51024536825452,0.9205738033607016,12.834431628626476,4.291772305833717,95.01135456781782,ICV_113_CASE_6_with_r_theta_phi.csv,0.7265975867555078,0.0748355299165202,0.9971958902152143,0.9961774064761014,-0.08735316151432759,0.0,2.352539e-05,-2.3525390133727342e-05,0.0,ICV_113_CASE_6_with_r_theta_phi.csv
13.52143295,0.9568,-1.120236346,0.0,1828.177034,0.430455143,327.1097483,38.95443576,2.41238881,0.03630109507,0.04311763202,322.306919478862,131.075161937948,0.295122157143474,826.192527353848,807.334548365193,0.0006691167543644,0.0431247273958782,0.0363014692434201,332.239680072915,113.51081446063978,7.453357986610214,48.45392707899548,72.51024536825452,0.9205738033607016,13.60145377274963,4.047601781936123,94.7243187075178,ICV_113_CASE_6_with_r_theta_phi.csv,0.7700211254858756,0.07058523359286892,0.9975057517621841,0.9966025189418474,-0.0823615155200825,0.0,2.352539e-05,-2.3525390133727342e-05,0.0,ICV_113_CASE_6_with_r_theta_phi.csv
0.6150671204,0.9568,-1.117547054,0.0,17290.73577,0.4342565796,346.0845321,1230.028836,41.23635783,0.03630143518,0.04312311037,322.306919478862,131.075161937948,0.295122157143474,826.192527353848,807.334548365193,0.0006691167543644,0.0431247273958782,0.0363014692434201,332.239680072915,113.51081446063978,7.453357986610214,48.45392707899548,72.51024536825452,0.9205738033607016,1.5945799511160386,57.26556159281347,134.49451889244529,ICV_113_CASE_6_with_r_theta_phi.csv,0.090274191946716,0.8411859111664848,0.5407460243543274,0.7133174972351607,-0.7008410291486696,0.0,7.351954e-06,-7.35195408196887e-06,0.0,ICV_113_CASE_6_with_r_theta_phi.csv
14.21871844,0.9568,-1.117547054,0.0,-3803.632087,0.4441166752,329.3817581,2536.686517,46.49684545,0.03630090755,0.04311631477,322.306919478862,131.075161937948,0.295122157143474,826.192527353848,807.334548365193,0.0006691167543644,0.0431247273958782,0.0363014692434201,332.239680072915,113.51081446063978,7.453357986610214,48.45392707899548,72.51024536825452,0.9205738033607016,14.294625973907122,3.8497197011289472,94.48393236372168,ICV_113_CASE_6_with_r_theta_phi.csv,0.8092637864108564,0.06713974000072195,0.9977435819450985,0.9969392970645143,-0.07817952397215033,0.0,7.736699e-06,-7.736699444649275e-06,0.0,ICV_113_CASE_6_with_r_theta_phi.csv
0.6150671204,1.01,-1.117547054,0.0,30534.03165,0.436342349,363.651264,340.8087494,46.45683192,0.03630146852,0.0431247035,322.306919478862,131.075161937948,0.295122157143474,826.192527353848,807.334548365193,0.0006691167543644,0.0431247273958782,0.0363014692434201,332.239680072915,113.51081446063978,7.453357986610214,48.45392707899548,72.51024536825452,0.9205738033607016,1.62705838263451,58.65953202895798,133.381370503342,ICV_113_CASE_6_with_r_theta_phi.csv,0.09211289822103902,0.8540916810322836,0.5201224859506153,0.7267980363536704,-0.6868512316014646,0.0,-0.00010666128,0.00010666128218872473,0.0,ICV_113_CASE_6_with_r_theta_phi.csv
14.21871844,1.01,-1.117547054,0.0,-5644.470606,0.4659084083,329.5581289,3552.478515,65.92346071,0.03630090401,0.04311629038,322.306919478862,131.075161937948,0.295122157143474,826.192527353848,807.334548365193,0.0006691167543644,0.0431247273958782,0.0363014692434201,332.239680072915,113.51081446063978,7.453357986610214,48.45392707899548,72.51024536825452,0.9205738033607016,14.298285403988135,4.063073731282316,94.48278242131664,ICV_113_CASE_6_with_r_theta_phi.csv,0.8094709582703281,0.07085459393590252,0.9974866548070598,0.996940865948751,-0.07815951510439807,0.0,7.736699e-06,-7.736699444649275e-06,0.0,ICV_113_CASE_6_with_r_theta_phi.csv
15.7295143,-2.258260723,-1.112829581,0.003375408705,2106.267007,0.4238459707,327.5638601,10.50900142,1.35483244,0.03630104649,0.04311714088,322.306919478862,131.075161937948,0.295122157143474,826.192527353848,807.334548365193,0.0006691167543644,0.0431247273958782,0.0363014692434201,332.239680072915,113.51081446063978,7.453357986610214,48.45392707899548,72.51024536825452,0.9205738033607016,15.92971284371748,351.82996634226345,94.00587344097828,ICV_113_CASE_6_with_r_theta_phi.csv,0.9018312025705205,-0.14211125003155994,0.9898506920816227,0.9975568942206424,-0.06985873454956137,0.003375408705,0.0036389534,-0.00026354473116604795,7.807787267289461,ICV_113_CASE_6_with_r_theta_phi.csv
11.81439626,-2.65,-1.112429773,0.0,-2206.761459,0.5788851417,386.9087957,1867.79349,20.32959163,0.0197814837,0.02349548054,322.306919478862,131.075161937948,0.295122157143474,826.192527353848,807.334548365193,0.0006691167543644,0.0431247273958782,0.0363014692434201,332.239680072915,113.51081446063978,7.453357986610214,48.45392707899548,72.51024536825452,0.9205738033607016,12.158945636368264,347.3576539261798,95.2493685795754,ICV_113_CASE_6_with_r_theta_phi.csv,0.6883561978055484,-0.21886446076401456,0.975755270451806,0.9958059358954622,-0.09149064452370355,0.0,-0.00016501326,0.00016501326172146946,0.0,ICV_113_CASE_6_with_r_theta_phi.csv
11.81439626,-2.35,-1.112429773,0.001723151654,-987.3998476,0.4215217799,328.3941519,399.8650408,7.724288178,0.03630031324,0.04311588873,322.306919478862,131.075161937948,0.295122157143474,826.192527353848,807.334548365193,0.0006691167543644,0.0431247273958782,0.0363014692434201,332.239680072915,113.51081446063978,7.453357986610214,48.45392707899548,72.51024536825452,0.9205738033607016,12.097105397084,348.750137756286,95.27627919885629,ICV_113_CASE_6_with_r_theta_phi.csv,0.6848552271409722,-0.195087963912773,0.9807857494562044,0.9957628548342928,-0.09195834346191259,0.001723151654,0.001504643,0.00021850864868106033,12.680755524159615,ICV_113_CASE_6_with_r_theta_phi.csv
11.96663081,-2.35,-1.112429773,0.001645545592,-2087.00137,0.4214323155,328.8109839,379.0878238,7.432681639,0.03630000694,0.04311557535,322.306919478862,131.075161937948,0.295122157143474,826.192527353848,807.334548365193,0.0006691167543644,0.0431247273958782,0.0363014692434201,332.239680072915,113.51081446063978,7.453357986610214,48.45392707899548,72.51024536825452,0.9205738033607016,12.24582593958848,348.88967111802083,95.21202251176068,ICV_113_CASE_6_with_r_theta_phi.csv,0.6932747653341326,-0.1926988639676545,0.9812579415350356,0.9958653590387503,-0.09084154702899445,0.001645545592,0.001504643,0.00014090258668106033,8.56266683101623,ICV_113_CASE_6_with_r_theta_phi.csv
12.12105331,-2.35,-1.112429773,0.001471761963,-2723.159303,0.4216579878,328.5383483,332.4616193,7.564818741,0.03630185064,0.04311773459,322.306919478862,131.075161937948,0.295122157143474,826.192527353848,807.334548365193,0.0006691167543644,0.0431247273958782,0.0363014692434201,332.239680072915,113.51081446063978,7.453357986610214,48.45392707899548,72.51024536825452,0.9205738033607016,12.396771085396342,349.0277603614051,95.14838763780676,ICV_113_CASE_6_with_r_theta_phi.csv,0.7018202453249897,-0.19033336509890159,0.9817195170363724,0.995965636890116,-0.0897354452491633,0.001471761963,0.001504643,-3.28810423189396e-05,2.2341277409815974,ICV_113_CASE_6_with_r_theta_phi.csv
12.27561379,-2.35,-1.112429773,0.001648732461,-2376.076547,0.4073509875,340.6960421,144.9076415,4.519750402,0.03629765187,0.04311271253,322.306919478862,131.075161937948,0.295122157143474,826.192527353848,807.334548365193,0.0006691167543644,0.0431247273958782,0.0363014692434201,332.239680072915,113.51081446063978,7.453357986610214,48.45392707899548,72.51024536825452,0.9205738033607016,12.547935843041875,349.16261862428945,95.0862006654238,ICV_113_CASE_6_with_r_theta_phi.csv,0.7103781582334774,-0.18802214644965576,0.9821647888437379,0.9960624461648044,-0.08865440395257296,0.001648732461,0.0014063384,0.00024239404589137896,14.701842262348745,ICV_113_CASE_6_with_r_theta_phi.csv
12.42780522,-2.35,-1.112429773,0.001727481605,-1902.844421,0.3893157113,362.6228276,219.762982,7.940020626,0.03629305149,0.04310732643,322.306919478862,131.075161937948,0.295122157143474,826.192527353848,807.334548365193,0.0006691167543644,0.0431247273958782,0.0363014692434201,332.239680072915,113.51081446063978,7.453357986610214,48.45392707899548,72.51024536825452,0.9205738033607016,12.696863494033323,349.2922467005379,95.02638772233752,ICV_113_CASE_6_with_r_theta_phi.csv,0.7188094214902152,-0.18579958144188155,0.9825876630286081,0.996154452635227,-0.08761453358325583,0.001727481605,0.0012041683,0.0005233132974050451,30.29342226206286,ICV_113_CASE_6_with_r_theta_phi.csv
-2.149999298,0.9568,-1.105457724,0.003375423839,3716.560254,0.4325298833,327.2166784,144.0036536,6.735688623,0.03630143374,0.04312221898,322.306919478862,131.075161937948,0.295122157143474,826.192527353848,807.334548365193,0.0006691167543644,0.0431247273958782,0.0363014692434201,332.239680072915,113.51081446063978,7.453357986610214,48.45392707899548,72.51024536825452,0.9205738033607016,2.600000000183029,156.00981683707812,115.16180716287067,ICV_113_CASE_6_with_r_theta_phi.csv,0.14719418672842963,0.40658011376396097,-0.9136151329152142,0.9051106719590704,-0.4251760476623774,0.003375423839,0.0032905284,8.489540746523276e-05,2.515103628148599,ICV_113_CASE_6_with_r_theta_phi.csv
17.40308741,0.3806075006,-1.10381286,0.003375412896,2471.868278,0.4363119531,326.5276072,16.84709257,1.530166134,0.0363011934,0.04311835699,322.306919478862,131.075161937948,0.295122157143474,826.192527353848,807.334548365193,0.0006691167543644,0.0431247273958782,0.0363014692434201,332.239680072915,113.51081446063978,7.453357986610214,48.45392707899548,72.51024536825452,0.9205738033607016,17.44221076295992,1.252865489347414,93.62833067385104,ICV_113_CASE_6_with_r_theta_phi.csv,0.9874584722380824,0.021864885329496597,0.9997609348186836,0.9979955588012308,-0.06328399966041229,0.003375412896,0.0040051453,-0.0006297323855532686,18.656454921795266,ICV_113_CASE_6_with_r_theta_phi.csv
16.50817944,0.9568,-1.102182055,0.0,2174.666706,0.4344597314,326.1503232,47.23024258,1.880626596,0.03630112783,0.04311790276,322.306919478862,131.075161937948,0.295122157143474,826.192527353848,807.334548365193,0.0006691167543644,0.0431247273958782,0.0363014692434201,332.239680072915,113.51081446063978,7.453357986610214,48.45392707899548,72.51024536825452,0.9205738033607016,16.572575537483687,3.3171034919838576,93.81334972133618,ICV_113_CASE_6_with_r_theta_phi.csv,0.9382256838706371,0.05786204165104409,0.9983245885662503,0.997785999615259,-0.06650638294012305,0.0,0.00010378916,-0.00010378916340414435,0.0,ICV_113_CASE_6_with_r_theta_phi.csv
13.30465139,0.9568,-1.100555426,0.0,1836.665478,0.4305070713,326.6723613,31.00586042,1.755010812,0.03630110483,0.04311773525,322.306919478862,131.075161937948,0.295122157143474,826.192527353848,807.334548365193,0.0006691167543644,0.0431247273958782,0.0363014692434201,332.239680072915,113.51081446063978,7.453357986610214,48.45392707899548,72.51024536825452,0.9205738033607016,13.384335511900732,4.113327492503743,94.71659247746312,ICV_113_CASE_6_with_r_theta_phi.csv,0.7577293770907623,0.0717294557256068,0.9974241250247099,0.9966136161789557,-0.08222712476248356,0.0,2.352539e-05,-2.3525390133727342e-05,0.0,ICV_113_CASE_6_with_r_theta_phi.csv
0.1393453861,0.9568,-1.099647638,0.0,1295.959225,0.4329645612,330.0140377,360.112292,19.27935367,0.03630138856,0.04312102837,322.306919478862,131.075161937948,0.295122157143474,826.192527353848,807.334548365193,0.0006691167543644,0.0431247273958782,0.0363014692434201,332.239680072915,113.51081446063978,7.453357986610214,48.45392707899548,72.51024536825452,0.9205738033607016,1.4642774000804415,81.71387575418873,138.6756123172737,ICV_113_CASE_6_with_r_theta_phi.csv,0.0828973542440336,0.9895607198886301,0.14411655579251179,0.6603213802566597,-0.7509831388093475,0.0,7.351954e-06,-7.35195408196887e-06,0.0,ICV_113_CASE_6_with_r_theta_phi.csv
14.82638865,0.9568,-1.098145728,0.0,1674.023751,0.4307506096,326.0805074,392.4324532,7.410954393,0.03630095575,0.04311666253,322.306919478862,131.075161937948,0.295122157143474,826.192527353848,807.334548365193,0.0006691167543644,0.0431247273958782,0.0363014692434201,332.239680072915,113.51081446063978,7.453357986610214,48.45392707899548,72.51024536825452,0.9205738033607016,14.897757907845511,3.6923819459962033,94.2272289536494,ICV_113_CASE_6_with_r_theta_phi.csv,0.8434089842953781,0.0643996246976291,0.9979241896751498,0.9972795592581493,-0.07371214747835979,0.0,7.736699e-06,-7.736699444649275e-06,0.0,ICV_113_CASE_6_with_r_theta_phi.csv
0.472456978,0.9568,-1.09677805,0.0,15326.79123,0.4342736801,348.1654663,815.813581,34.30939488,0.03630143607,0.04312325782,322.306919478862,131.075161937948,0.295122157143474,826.192527353848,807.334548365193,0.0006691167543644,0.0431247273958782,0.0363014692434201,332.239680072915,113.51081446063978,7.453357986610214,48.45392707899548,72.51024536825452,0.9205738033607016,1.530230024219462,63.72036301441619,135.7860333042306,ICV_113_CASE_6_with_r_theta_phi.csv,0.0866311399640588,0.8966438419934203,0.4427525500946079,0.697339839729714,-0.7167406420217405,0.0,7.351954e-06,-7.35195408196887e-06,0.0,ICV_113_CASE_6_with_r_theta_phi.csv
14.07597923,0.9568,-1.096739624,0.0,-4633.199272,0.4445990205,330.2422063,2068.56749,46.09831037,0.03630091732,0.04311634629,322.306919478862,131.075161937948,0.295122157143474,826.192527353848,807.334548365193,0.0006691167543644,0.0431247273958782,0.0363014692434201,332.239680072915,113.51081446063978,7.453357986610214,48.45392707899548,72.51024536825452,0.9205738033607016,14.151024532741191,3.888639087411264,94.44502306059849,ICV_113_CASE_6_with_r_theta_phi.csv,0.8011340566631788,0.06781746317229562,0.997697745656907,0.9969921585398278,-0.0775024890574161,0.0,7.736699e-06,-7.736699444649275e-06,0.0,ICV_113_CASE_6_with_r_theta_phi.csv
0.7578090569,1.01,-1.096738811,0.0,32792.59144,0.4360457731,360.2397634,432.4662409,57.01082618,0.03630146935,0.04312475054,322.306919478862,131.075161937948,0.295122157143474,826.192527353848,807.334548365193,0.0006691167543644,0.0431247273958782,0.0363014692434201,332.239680072915,113.51081446063978,7.453357986610214,48.45392707899548,72.51024536825452,0.9205738033607016,1.6724863486059791,53.11888330922568,130.976810587415,ICV_113_CASE_6_with_r_theta_phi.csv,0.09468471841543381,0.7998824991004646,0.6001566359149879,0.7549750462232079,-0.6557535204482436,0.0,-0.00010666128,0.00010666128218872473,0.0,ICV_113_CASE_6_with_r_theta_phi.csv
14.36151016,1.01,-1.096723978,0.0,-6417.865122,0.4637619143,328.9454004,3925.666603,65.48139525,0.0363009045,0.04311630903,322.306919478862,131.075161937948,0.295122157143474,826.192527353848,807.334548365193,0.0006691167543644,0.0431247273958782,0.0363014692434201,332.239680072915,113.51081446063978,7.453357986610214,48.45392707899548,72.51024536825452,0.9205738033607016,14.438693762238444,4.022809235745854,94.35622760767342,ICV_113_CASE_6_with_r_theta_phi.csv,0.8174199175399716,0.07015359472724954,0.9975362014217052,0.9971110724719859,-0.07595728506052671,0.0,7.736699e-06,-7.736699444649275e-06,0.0,ICV_113_CASE_6_with_r_theta_phi.csv
13.25521555,-2.357877893,-1.095633077,0.003375410335,2158.488499,0.4203835866,328.4431564,22.86313988,3.110315508,0.03630105021,0.04311705208,322.306919478862,131.075161937948,0.295122157143474,826.192527353848,807.334548365193,0.0006691167543644,0.0431247273958782,0.0363014692434201,332.239680072915,113.51081446063978,7.453357986610214,48.45392707899548,72.51024536825452,0.9205738033607016,13.507802903310235,349.91355641675835,94.6524360288072,ICV_113_CASE_6_with_r_theta_phi.csv,0.7647192548848866,-0.17513378368957533,0.984544644904726,0.996705064477223,-0.08111112405493412,0.003375410335,0.0035815507,-0.00020614033578769198,6.107119291220064,ICV_113_CASE_6_with_r_theta_phi.csv
0.7700708703,0.9568,-1.09291411,0.0,20449.67135,0.4333910474,349.5284099,2036.108577,70.97692354,0.03630144969,0.04312336553,322.306919478862,131.075161937948,0.295122157143474,826.192527353848,807.334548365193,0.0006691167543644,0.0431247273958782,0.0363014692434201,332.239680072915,113.51081446063978,7.453357986610214,48.45392707899548,72.51024536825452,0.9205738033607016,1.6440610198899832,51.17149960909512,131.664294047853,ICV_113_CASE_6_with_r_theta_phi.csv,0.0930754710529166,0.7790261797135947,0.6269913965285665,0.7470525998040647,-0.6647649307281394,0.0,7.351954e-06,-7.35195408196887e-06,0.0,ICV_113_CASE_6_with_r_theta_phi.csv
14.37372684,0.9568,-1.092912593,0.0,-3470.008407,0.4415131535,328.9572837,2734.507358,45.07811915,0.03630091031,0.04311634596,322.306919478862,131.075161937948,0.295122157143474,826.192527353848,807.334548365193,0.0006691167543644,0.0431247273958782,0.0363014692434201,332.239680072915,113.51081446063978,7.453357986610214,48.45392707899548,72.51024536825452,0.9205738033607016,14.446935572877535,3.8083265857922015,94.33857829157228,ICV_113_CASE_6_with_r_theta_phi.csv,0.8178865123915506,0.06641890653260846,0.9977918264122094,0.9971344229463401,-0.07565013268639585,0.0,7.736699e-06,-7.736699444649275e-06,0.0,ICV_113_CASE_6_with_r_theta_phi.csv
0.4599793244,1.01,-1.092886697,0.0,25157.52542,0.4364039596,360.3579638,250.940347,28.42141614,0.03630146953,0.04312474869,322.306919478862,131.075161937948,0.295122157143474,826.192527353848,807.334548365193,0.0006691167543644,0.0431247273958782,0.0363014692434201,332.239680072915,113.51081446063978,7.453357986610214,48.45392707899548,72.51024536825452,0.9205738033607016,1.557588620706716,65.5142904737429,134.55977370254368,ICV_113_CASE_6_with_r_theta_phi.csv,0.08817999625624694,0.9100646736264583,0.4144662710247577,0.7125188390190792,-0.7016529797862355,0.0,-0.00010666128,0.00010666128218872473,0.0,ICV_113_CASE_6_with_r_theta_phi.csv
14.06361424,1.01,-1.092881345,0.0,-8230.550486,0.4756529946,329.8971875,3039.79126,70.18465064,0.03630091449,0.04311633396,322.306919478862,131.075161937948,0.295122157143474,826.192527353848,807.334548365193,0.0006691167543644,0.0431247273958782,0.0363014692434201,332.239680072915,113.51081446063978,7.453357986610214,48.45392707899548,72.51024536825452,0.9205738033607016,14.142126259009986,4.107731828942463,94.43214692986584,ICV_113_CASE_6_with_r_theta_phi.csv,0.8006302973689252,0.07163204419774662,0.9974311255640923,0.9970095505659256,-0.0772784321808553,0.0,7.736699e-06,-7.736699444649275e-06,0.0,ICV_113_CASE_6_with_r_theta_phi.csv
-1.48621404,-1.832446372,-1.092386434,0.003375442,7869.760145,0.4350196613,333.9270969,500.2172561,32.88482509,0.03630143889,0.04312280211,322.306919478862,131.075161937948,0.295122157143474,826.192527353848,807.334548365193,0.0006691167543644,0.0431247273958782,0.0363014692434201,332.239680072915,113.51081446063978,7.453357986610214,48.45392707899548,72.51024536825452,0.9205738033607016,2.600000000026215,230.95606082861684,114.84397137941124,ICV_113_CASE_6_with_r_theta_phi.csv,0.14719418671955192,-0.7766631177383028,-0.6299161861271858,0.9074553046874804,-0.4201486284573022,0.003375442,0.0035739332,-0.00019849115061926822,5.880449154820723,ICV_113_CASE_6_with_r_theta_phi.csv
4.633584372,0.9568,-1.084546163,0.0,1439.17769,0.4330714883,325.4703097,183.3476138,2.307963051,0.03630134394,0.04312005909,322.306919478862,131.075161937948,0.295122157143474,826.192527353848,807.334548365193,0.0006691167543644,0.0431247273958782,0.0363014692434201,332.239680072915,113.51081446063978,7.453357986610214,48.45392707899548,72.51024536825452,0.9205738033607016,4.854050963074106,11.667162249970032,102.91064096442592,ICV_113_CASE_6_with_r_theta_phi.csv,0.2748031091529795,0.2022260431902959,0.9793388726358189,0.9747197153994263,-0.22343114467697087,0.0,7.976879e-06,-7.97687880549347e-06,0.0,ICV_113_CASE_6_with_r_theta_phi.csv
13.72731357,0.9568,-1.083217294,0.0,1992.820166,0.4312456982,328.0474229,150.4407564,8.250228611,0.03630105736,0.04311732204,322.306919478862,131.075161937948,0.295122157143474,826.192527353848,807.334548365193,0.0006691167543644,0.0431247273958782,0.0363014692434201,332.239680072915,113.51081446063978,7.453357986610214,48.45392707899548,72.51024536825452,0.9205738033607016,13.803186726083467,3.9870936002572535,94.50096492900605,ICV_113_CASE_6_with_r_theta_phi.csv,0.7814418631782634,0.06953176152617224,0.9975797382360307,0.9969160122473549,-0.07847588498915836,0.0,7.736699e-06,-7.736699444649275e-06,0.0,ICV_113_CASE_6_with_r_theta_phi.csv
8.38119388,0.9568,-1.083202852,0.0,1798.209638,0.4343650559,325.7413422,104.4445172,1.926220091,0.03630123767,0.04311896541,322.306919478862,131.075161937948,0.295122157143474,826.192527353848,807.334548365193,0.0006691167543644,0.0431247273958782,0.0363014692434201,332.239680072915,113.51081446063978,7.453357986610214,48.45392707899548,72.51024536825452,0.9205738033607016,8.504893033585454,6.5127112335500215,97.31719694768644,ICV_113_CASE_6_with_r_theta_phi.csv,0.4814887743087582,0.11342363775536418,0.9935467167669269,0.9918562603143214,-0.12736231340270582,0.0,7.976879e-06,-7.97687880549347e-06,0.0,ICV_113_CASE_6_with_r_theta_phi.csv
1.030981304,0.9568,-1.081117293,0.0,6415.264367,0.43167763,341.3713357,1559.974133,64.74107965,0.03630142868,0.04312189744,322.306919478862,131.075161937948,0.295122157143474,826.192527353848,807.334548365193,0.0006691167543644,0.0431247273958782,0.0363014692434201,332.239680072915,113.51081446063978,7.453357986610214,48.45392707899548,72.51024536825452,0.9205738033607016,1.77403587630611,42.86279095014942,127.54693946055647,ICV_113_CASE_6_with_r_theta_phi.csv,0.10043375693136637,0.6802449971210328,0.7329848183228669,0.7928543474446713,-0.6094111778906622,0.0,7.351954e-06,-7.35195408196887e-06,0.0,ICV_113_CASE_6_with_r_theta_phi.csv
12.46581085,-2.505471708,-1.079727869,0.0,-4968.980552,0.3966203819,353.0618243,207.2862529,11.51696845,0.0373076045,0.04431222817,322.306919478862,131.075161937948,0.295122157143474,826.192527353848,807.334548365193,0.0006691167543644,0.0431247273958782,0.0363014692434201,332.239680072915,113.51081446063978,7.453357986610214,48.45392707899548,72.51024536825452,0.9205738033607016,12.760863642350444,348.6356764162375,94.8537393006905,ICV_113_CASE_6_with_r_theta_phi.csv,0.7224326714061284,-0.1970469157381722,0.9803940600585428,0.9964139371794094,-0.08461244467941996,0.0,-0.00048850063,0.0004885006346739829,0.0,ICV_113_CASE_6_with_r_theta_phi.csv
-2.072703361,0.9568,-1.075753271,0.001702725887,3533.692673,0.4331636095,326.5045389,199.4852185,6.496030316,0.03630143294,0.04312217623,322.306919478862,131.075161937948,0.295122157143474,826.192527353848,807.334548365193,0.0006691167543644,0.0431247273958782,0.0363014692434201,332.239680072915,113.51081446063978,7.453357986610214,48.45392707899548,72.51024536825452,0.9205738033607016,2.523650245728971,155.22103836088706,115.23099849416012,ICV_113_CASE_6_with_r_theta_phi.csv,0.14287178672343379,0.41911872857482146,-0.9079314353836555,0.9045965624758047,-0.4262687639939825,0.001702725887,0.0013636036,0.00033912225596550646,19.916432724461313,ICV_113_CASE_6_with_r_theta_phi.csv
16.03216187,0.9568,-1.075446741,0.0,2068.017484,0.4338558926,325.9666466,50.29971625,2.20490829,0.0363011045,0.04311774528,322.306919478862,131.075161937948,0.295122157143474,826.192527353848,807.334548365193,0.0006691167543644,0.0431247273958782,0.0363014692434201,332.239680072915,113.51081446063978,7.453357986610214,48.45392707899548,72.51024536825452,0.9205738033607016,16.096653880810425,3.4153631961065685,93.8308889840755,ICV_113_CASE_6_with_r_theta_phi.csv,0.9112822603338924,0.05957403782678703,0.9982238897246511,0.99776559407207,-0.06681181995731983,0.0,-8.506651e-06,8.506651283823885e-06,0.0,ICV_113_CASE_6_with_r_theta_phi.csv
11.39377456,-2.367632826,-1.074390433,0.003375499742,2190.446035,0.4210793506,327.1704504,45.65499771,3.078815369,0.03630099841,0.04311667272,322.306919478862,131.075161937948,0.295122157143474,826.192527353848,807.334548365193,0.0006691167543644,0.0431247273958782,0.0363014692434201,332.239680072915,113.51081446063978,7.453357986610214,48.45392707899548,72.51024536825452,0.9205738033607016,11.686663284504174,348.26096961193963,95.27482300275096,ICV_113_CASE_6_with_r_theta_phi.csv,0.6616188067732672,-0.20345430342982435,0.979084442944471,0.9957651916722976,-0.0919330357044323,0.003375499742,0.003564287,-0.0001887872350526884,5.592867706305981,ICV_113_CASE_6_with_r_theta_phi.csv
1.58725742,0.9568,-1.0687676,0.0,1969.388229,0.4324418944,327.5285433,191.5561005,7.905621658,0.03630139357,0.04312090066,322.306919478862,131.075161937948,0.295122157143474,826.192527353848,807.334548365193,0.0006691167543644,0.0431247273958782,0.0363014692434201,332.239680072915,113.51081446063978,7.453357986610214,48.45392707899548,72.51024536825452,0.9205738033607016,2.139419673686025,31.081605219867583,119.97086651939856,ICV_113_CASE_6_with_r_theta_phi.csv,0.12111928419878785,0.5162583981501446,0.8564328732244265,0.8662795293988866,-0.49955958297728953,0.0,7.351954e-06,-7.35195408196887e-06,0.0,ICV_113_CASE_6_with_r_theta_phi.csv
11.76359278,-2.513647406,-1.067101135,0.0,-1223.542464,0.4197800873,332.8774053,597.2107064,21.03408167,0.0362172426,0.04301704791,322.306919478862,131.075161937948,0.295122157143474,826.192527353848,807.334548365193,0.0006691167543644,0.0431247273958782,0.0363014692434201,332.239680072915,113.51081446063978,7.453357986610214,48.45392707899548,72.51024536825452,0.9205738033607016,12.076391978056895,347.9384147695606,95.06941442366178,ICV_113_CASE_6_with_r_theta_phi.csv,0.6836825752687241,-0.20896294717322714,0.9779235587246475,0.9960883769568376,-0.08836257856973737,0.0,0.00015226808,-0.00015226808318402618,0.0,ICV_113_CASE_6_with_r_theta_phi.csv
14.65063293,0.9568,-1.057940991,0.0,1867.489279,0.4284408244,327.0983606,1093.844067,17.51120721,0.0363009334,0.0431165081,322.306919478862,131.075161937948,0.295122157143474,826.192527353848,807.334548365193,0.0006691167543644,0.0431247273958782,0.0363014692434201,332.239680072915,113.51081446063978,7.453357986610214,48.45392707899548,72.51024536825452,0.9205738033607016,14.719910007538717,3.7365527095512334,94.1214831048744,ICV_113_CASE_6_with_r_theta_phi.csv,0.8333404546626186,0.06516893044679412,0.9978742458368294,0.9974139047853037,-0.07187143063090606,0.0,7.736699e-06,-7.736699444649275e-06,0.0,ICV_113_CASE_6_with_r_theta_phi.csv
13.56239621,-2.375264448,-1.057411368,0.003375410335,2157.876404,0.4205265029,328.1710155,21.16280861,2.786335667,0.0363010514,0.04311706562,322.306919478862,131.075161937948,0.295122157143474,826.192527353848,807.334548365193,0.0006691167543644,0.0431247273958782,0.0363014692434201,332.239680072915,113.51081446063978,7.453357986610214,48.45392707899548,72.51024536825452,0.9205738033607016,13.80936605916907,350.0661914245027,94.39155351112925,ICV_113_CASE_6_with_r_theta_phi.csv,0.7817916946813385,-0.1725103547178791,0.9850077042922616,0.9970640512382728,-0.07657204273312039,0.003375410335,0.0035815507,-0.00020614033578769198,6.107119291220064,ICV_113_CASE_6_with_r_theta_phi.csv
11.18236782,-2.378668412,-1.049731674,0.003375732573,2155.106464,0.4201419623,327.5037248,20.37714464,1.461967685,0.03630100161,0.04311666879,322.306919478862,131.075161937948,0.295122157143474,826.192527353848,807.334548365193,0.0006691167543644,0.0431247273958782,0.0363014692434201,332.239680072915,113.51081446063978,7.453357986610214,48.45392707899548,72.51024536825452,0.9205738033607016,11.480651116701395,347.9912607195315,95.24615864001692,ICV_113_CASE_6_with_r_theta_phi.csv,0.6499558092756688,-0.20806088448768073,0.9781158767478442,0.9958110600058538,-0.09143485533437315,0.003375732573,0.0033578754,1.7857179296420188e-05,0.5289867874593134,ICV_113_CASE_6_with_r_theta_phi.csv
11.5668387,-2.38102166,-1.044383002,0.00337545923,2273.104021,0.4219646081,327.2167109,53.3029878,4.661829116,0.03630100983,0.04311675154,322.306919478862,131.075161937948,0.295122157143474,826.192527353848,807.334548365193,0.0006691167543644,0.0431247273958782,0.0363014692434201,332.239680072915,113.51081446063978,7.453357986610214,48.45392707899548,72.51024536825452,0.9205738033607016,11.855452648974367,348.368201756864,95.0539112084985,ICV_113_CASE_6_with_r_theta_phi.csv,0.6711745041693632,-0.20162153877992453,0.9794635037100746,0.9961122498288126,-0.08809305160443233,0.00337545923,0.0034997745,-0.00012431526513971818,3.682914135001685,ICV_113_CASE_6_with_r_theta_phi.csv
9.841995797,-2.381562149,-1.043149908,0.003375421511,2853.294737,0.4328586101,327.1552515,106.4406043,6.912674353,0.036301349,0.04312050851,322.306919478862,131.075161937948,0.295122157143474,826.192527353848,807.334548365193,0.0006691167543644,0.0431247273958782,0.0363014692434201,332.239680072915,113.51081446063978,7.453357986610214,48.45392707899548,72.51024536825452,0.9205738033607016,10.179630703924165,346.3970699240577,95.88166605361982,ICV_113_CASE_6_with_r_theta_phi.csv,0.5763009471363036,-0.23519181836797715,0.9719489742639602,0.994735658542162,-0.10247423883440812,0.003375421511,0.0038211604,-0.00044573890046218766,13.205429273871017,ICV_113_CASE_6_with_r_theta_phi.csv
-0.1974709025,0.9568,-1.042830311,0.0,1867.675884,0.4331780966,329.0487309,351.9659768,17.22776154,0.03630141111,0.04312160607,322.306919478862,131.075161937948,0.295122157143474,826.192527353848,807.334548365193,0.0006691167543644,0.0431247273958782,0.0363014692434201,332.239680072915,113.51081446063978,7.453357986610214,48.45392707899548,72.51024536825452,0.9205738033607016,1.4289702778135454,101.66135933009548,136.86774164478857,ICV_113_CASE_6_with_r_theta_phi.csv,0.080898506879637,0.9793593490783177,-0.20212685465542163,0.6836847573213853,-0.7297774678670192,0.0,7.351954e-06,-7.35195408196887e-06,0.0,ICV_113_CASE_6_with_r_theta_phi.csv
-1.98171054,0.9568,-1.041096632,0.0,3495.009322,0.4342121974,325.9468428,329.2145035,9.282673392,0.03630143174,0.04312212474,322.306919478862,131.075161937948,0.295122157143474,826.192527353848,807.334548365193,0.0006691167543644,0.0431247273958782,0.0363014692434201,332.239680072915,113.51081446063978,7.453357986610214,48.45392707899548,72.51024536825452,0.9205738033607016,2.4344455429335103,154.22804270521692,115.31867152922553,ICV_113_CASE_6_with_r_theta_phi.csv,0.1378216276159704,0.4347903974581404,-0.9005316819958042,0.9039432344217627,-0.42765246280493013,0.0,7.730914e-05,-7.730913785053417e-05,0.0,ICV_113_CASE_6_with_r_theta_phi.csv
16.65604152,-1.786800507,-1.040882829,0.003375416622,2190.834929,0.4276315023,327.3778771,9.448782594,1.164069625,0.03630109698,0.04311752812,322.306919478862,131.075161937948,0.295122157143474,826.192527353848,807.334548365193,0.0006691167543644,0.0431247273958782,0.0363014692434201,332.239680072915,113.51081446063978,7.453357986610214,48.45392707899548,72.51024536825452,0.9205738033607016,16.783915283136004,353.8769307997132,93.55557610671087,ICV_113_CASE_6_with_r_theta_phi.csv,0.9501902923254433,-0.10666441647941452,0.9942950780613902,0.9980751126406104,-0.0620166874916158,0.003375416622,0.0035964788,-0.00022106221833620345,6.549183198005583,ICV_113_CASE_6_with_r_theta_phi.csv
-0.04975592843,0.9568,-1.032251401,0.0,1362.564387,0.4332840638,328.9044936,300.8252482,15.98830913,0.03630140353,0.04312139351,322.306919478862,131.075161937948,0.295122157143474,826.192527353848,807.334548365193,0.0006691167543644,0.0431247273958782,0.0363014692434201,332.239680072915,113.51081446063978,7.453357986610214,48.45392707899548,72.51024536825452,0.9205738033607016,1.4083624701334505,92.97683852478964,137.13380571584173,ICV_113_CASE_6_with_r_theta_phi.csv,0.0797318339982855,0.9986506096557705,-0.05193226197806094,0.6802885347676468,-0.7329444108960026,0.0,7.351954e-06,-7.35195408196887e-06,0.0,ICV_113_CASE_6_with_r_theta_phi.csv
12.51140438,-2.65,-1.030057961,0.0,-5111.152474,0.5552287631,335.8198012,356.5946458,12.15476531,0.02236098436,0.02655928635,322.306919478862,131.075161937948,0.295122157143474,826.192527353848,807.334548365193,0.0006691167543644,0.0431247273958782,0.0363014692434201,332.239680072915,113.51081446063978,7.453357986610214,48.45392707899548,72.51024536825452,0.9205738033607016,12.830384209481128,348.04110977741567,94.60481585432166,ICV_113_CASE_6_with_r_theta_phi.csv,0.7263684496134284,-0.2072098155077348,0.9782965257820608,0.9967721340139941,-0.08028270581630949,0.0,-0.00014180185,0.00014180185098666698,0.0,ICV_113_CASE_6_with_r_theta_phi.csv
15.18672671,0.9568,-1.0292429,0.0,1786.011316,0.4319340419,326.4083046,197.1604531,5.081258245,0.03630100273,0.04311699923,322.306919478862,131.075161937948,0.295122157143474,826.192527353848,807.334548365193,0.0006691167543644,0.0431247273958782,0.0363014692434201,332.239680072915,113.51081446063978,7.453357986610214,48.45392707899548,72.51024536825452,0.9205738033607016,15.251605664697337,3.605006002384585,93.86950252537702,ICV_113_CASE_6_with_r_theta_phi.csv,0.8634414199845386,0.06287771810636071,0.9980212385343996,0.9977203407706771,-0.06748423232462519,0.0,7.736699e-06,-7.736699444649275e-06,0.0,ICV_113_CASE_6_with_r_theta_phi.csv
0.3308327203,0.9568,-1.028899465,0.0,14445.98964,0.4346296698,348.2526782,458.5640262,36.95852533,0.03630143598,0.04312327234,322.306919478862,131.075161937948,0.295122157143474,826.192527353848,807.334548365193,0.0006691167543644,0.0431247273958782,0.0363014692434201,332.239680072915,113.51081446063978,7.453357986610214,48.45392707899548,72.51024536825452,0.9205738033607016,1.4434509475206925,70.92615067879268,135.463621891216,ICV_113_CASE_6_with_r_theta_phi.csv,0.08171830318758949,0.9450981610322889,0.3267865756321482,0.7013619783813864,-0.7128052856713029,0.0,7.351954e-06,-7.35195408196887e-06,0.0,ICV_113_CASE_6_with_r_theta_phi.csv
0.8994024704,1.01,-1.028829693,0.0,32546.7737,0.4364634411,362.2098508,376.4208866,51.33055168,0.03630146855,0.04312469141,322.306919478862,131.075161937948,0.295122157143474,826.192527353848,807.334548365193,0.0006691167543644,0.0431247273958782,0.0363014692434201,332.239680072915,113.51081446063978,7.453357986610214,48.45392707899548,72.51024536825452,0.9205738033607016,1.6992690607905792,48.315015729964045,127.26153722260744,ICV_113_CASE_6_with_r_theta_phi.csv,0.09620097208394007,0.7468124961745283,0.6650346574108527,0.7958801028743531,-0.6054542607404041,0.0,-0.00010666128,0.00010666128218872473,0.0,ICV_113_CASE_6_with_r_theta_phi.csv
13.93436247,0.9568,-1.028815442,0.0,-5103.258927,0.4712660131,330.5380884,1881.483736,48.84258214,0.03630095985,0.04311663509,322.306919478862,131.075161937948,0.295122157143474,826.192527353848,807.334548365193,0.0006691167543644,0.0431247273958782,0.0363014692434201,332.239680072915,113.51081446063978,7.453357986610214,48.45392707899548,72.51024536825452,0.9205738033607016,14.005012848942416,3.928036739997253,94.21277222107584,ICV_113_CASE_6_with_r_theta_phi.csv,0.792867875490834,0.06850348276743998,0.9976508772354842,0.99729812638332,-0.07346051396716088,0.0,7.736699e-06,-7.736699444649275e-06,0.0,ICV_113_CASE_6_with_r_theta_phi.csv
14.50311074,1.01,-1.028790315,0.0,-5554.005954,0.4574805908,329.9792583,3312.175747,65.58548585,0.03630091097,0.04311635847,322.306919478862,131.075161937948,0.295122157143474,826.192527353848,807.334548365193,0.0006691167543644,0.0431247273958782,0.0363014692434201,332.239680072915,113.51081446063978,7.453357986610214,48.45392707899548,72.51024536825452,0.9205738033607016,14.574591954800695,3.983659764763388,94.04775681201102,ICV_113_CASE_6_with_r_theta_phi.csv,0.8251135421286855,0.06947197471648317,0.9975839036035978,0.9975055607700489,-0.07058793262895684,0.0,7.736699e-06,-7.736699444649275e-06,0.0,ICV_113_CASE_6_with_r_theta_phi.csv
0.9098664158,0.9568,-1.021395263,0.0,21484.07353,0.4335075262,353.6225137,1742.738384,74.21494574,0.03630145255,0.04312352446,322.306919478862,131.075161937948,0.295122157143474,826.192527353848,807.334548365193,0.0006691167543644,0.0431247273958782,0.0363014692434201,332.239680072915,113.51081446063978,7.453357986610214,48.45392707899548,72.51024536825452,0.9205738033607016,1.6693026741365922,46.44028404253402,127.72479746366736,ICV_113_CASE_6_with_r_theta_phi.csv,0.09450448057916593,0.7246565464442967,0.6891102159273398,0.7909587915671411,-0.6118694223791935,0.0,-0.00010666128,0.00010666128218872473,0.0,ICV_113_CASE_6_with_r_theta_phi.csv
14.513553,0.9568,-1.021369517,0.0,-2034.125,0.4364895125,329.9343661,2663.746279,49.56740671,0.03630091701,0.04311639772,322.306919478862,131.075161937948,0.295122157143474,826.192527353848,807.334548365193,0.0006691167543644,0.0431247273958782,0.0363014692434201,332.239680072915,113.51081446063978,7.453357986610214,48.45392707899548,72.51024536825452,0.9205738033607016,14.580873863183434,3.771742906357076,94.0167775267887,ICV_113_CASE_6_with_r_theta_phi.csv,0.8254691807423142,0.06578179730944783,0.9978340318623827,0.9975435811861859,-0.07004858052979579,0.0,7.736699e-06,-7.736699444649275e-06,0.0,ICV_113_CASE_6_with_r_theta_phi.csv
13.92381305,1.01,-1.021317798,0.0,-6742.612685,0.5063575965,329.9244906,3349.798974,77.19827475,0.03187296888,0.03785720354,322.306919478862,131.075161937948,0.295122157143474,826.192527353848,807.334548365193,0.0006691167543644,0.0431247273958782,0.0363014692434201,332.239680072915,113.51081446063978,7.453357986610214,48.45392707899548,72.51024536825452,0.9205738033607016,13.997705522544113,4.148831952766386,94.1842032418724,ICV_113_CASE_6_with_r_theta_phi.csv,0.7924541847345719,0.07234751545330831,0.9973794849543143,0.9973346314889237,-0.07296322932034165,0.0,9.622158e-06,-9.622158358979505e-06,0.0,ICV_113_CASE_6_with_r_theta_phi.csv
0.3201265184,1.01,-1.021292074,0.0,24703.01941,0.4364672698,361.8147803,354.5088536,49.36428527,0.03630146959,0.04312475245,322.306919478862,131.075161937948,0.295122157143474,826.192527353848,807.334548365193,0.0006691167543644,0.0431247273958782,0.0363014692434201,332.239680072915,113.51081446063978,7.453357986610214,48.45392707899548,72.51024536825452,0.9205738033607016,1.4716040527934569,72.41362634976821,133.94752203135045,ICV_113_CASE_6_with_r_theta_phi.csv,0.08331213912382515,0.9532625518547913,0.302143189946905,0.7199757453902706,-0.6939992262601768,0.0,-0.00010666128,0.00010666128218872473,0.0,ICV_113_CASE_6_with_r_theta_phi.csv
2.405268841,0.9568,-1.016659019,0.0,1215.868181,0.4333018626,325.3732748,161.7516174,2.155421759,0.03630135889,0.04312033524,322.306919478862,131.075161937948,0.295122157143474,826.192527353848,807.334548365193,0.0006691167543644,0.0431247273958782,0.0363014692434201,332.239680072915,113.51081446063978,7.453357986610214,48.45392707899548,72.51024536825452,0.9205738033607016,2.7810753313061345,21.692334778628663,111.4422520004029,ICV_113_CASE_6_with_r_theta_phi.csv,0.15744543138203362,0.36962245149655953,0.9291820291792526,0.9307864892599601,-0.3655632796262752,0.0,7.976879e-06,-7.97687880549347e-06,0.0,ICV_113_CASE_6_with_r_theta_phi.csv
14.52781705,-2.394442825,-1.013234207,0.003375411732,2161.214461,0.4207764335,327.8440331,16.37046989,2.264567404,0.03630105071,0.04311709975,322.306919478862,131.075161937948,0.295122157143474,826.192527353848,807.334548365193,0.0006691167543644,0.0431247273958782,0.0363014692434201,332.239680072915,113.51081446063978,7.453357986610214,48.45392707899548,72.51024536825452,0.9205738033607016,14.758640460377764,350.64077789142874,93.93665970980771,ICV_113_CASE_6_with_r_theta_phi.csv,0.8355331075498749,-0.1626237691750692,0.9866881522037719,0.9976405562167736,-0.0686536276644325,0.003375411732,0.0035815507,-0.00020613893878769192,6.107075376089887,ICV_113_CASE_6_with_r_theta_phi.csv
10.93417992,-2.395267385,-1.011283418,0.003375594737,2250.816047,0.419233016,328.0776519,14.44705305,0.9603585669,0.03630112885,0.04311797642,322.306919478862,131.075161937948,0.295122157143474,826.192527353848,807.334548365193,0.0006691167543644,0.0431247273958782,0.0363014692434201,332.239680072915,113.51081446063978,7.453357986610214,48.45392707899548,72.51024536825452,0.9205738033607016,11.23905202942391,347.64383357748744,95.16242331942676,ICV_113_CASE_6_with_r_theta_phi.csv,0.6362781242127314,-0.21398807079503385,0.9768362736699634,0.9959436246170583,-0.08997942311793355,0.003375594737,0.0033578754,1.771934329642018e-05,0.5249250775559237,ICV_113_CASE_6_with_r_theta_phi.csv
11.7155087,-2.395833021,-1.009942641,0.00165645557,644.1573051,0.4219878992,330.5240002,203.4342629,14.14328565,0.03630104071,0.04311669302,322.306919478862,131.075161937948,0.295122157143474,826.192527353848,807.334548365193,0.0006691167543644,0.0431247273958782,0.0363014692434201,332.239680072915,113.51081446063978,7.453357986610214,48.45392707899548,72.51024536825452,0.9205738033607016,12.00054765843625,348.4423150484607,94.8276109753868,ICV_113_CASE_6_with_r_theta_phi.csv,0.6793887895211295,-0.20035441388753364,0.9797234859059891,0.9964524189872681,-0.08415804592801442,0.00165645557,0.003239558,-0.0015831025083486367,95.57168547496386,ICV_113_CASE_6_with_r_theta_phi.csv
5.814057629,-2.397181129,-1.006738614,0.003375427797,6060.346037,0.4345366765,331.2722515,469.7856871,26.49953436,0.03630141944,0.04312210204,322.306919478862,131.075161937948,0.295122157143474,826.192527353848,807.334548365193,0.0006691167543644,0.0431247273958782,0.0363014692434201,332.239680072915,113.51081446063978,7.453357986610214,48.45392707899548,72.51024536825452,0.9205738033607016,6.3689297464711805,337.59326560517985,99.09490704638438,ICV_113_CASE_6_with_r_theta_phi.csv,0.36056516703705194,-0.3811790424202979,0.9245012372190449,0.9874278613322764,-0.15807029659226504,0.003375427797,0.0038271002,-0.0004516723570124415,13.381188520165214,ICV_113_CASE_6_with_r_theta_phi.csv
12.31293247,0.9568,-1.004903147,0.0,1829.270377,0.4304504147,326.2419139,62.21548182,1.932333868,0.03630113034,0.04311799353,322.306919478862,131.075161937948,0.295122157143474,826.192527353848,807.334548365193,0.0006691167543644,0.0431247273958782,0.0363014692434201,332.239680072915,113.51081446063978,7.453357986610214,48.45392707899548,72.51024536825452,0.9205738033607016,12.390867709148976,4.44334911812183,94.65181407776151,ICV_113_CASE_6_with_r_theta_phi.csv,0.7014860366074428,0.07747336109315467,0.9969944224121465,0.9967059448873387,-0.08110030472345545,0.0,1.9078088e-06,-1.907808837131597e-06,0.0,ICV_113_CASE_6_with_r_theta_phi.csv
12.5321772,-2.399090332,-1.002180412,0.001658788999,-1706.845989,0.4203372006,332.6719894,68.26273939,9.697337076,0.03630147498,0.04311737095,322.306919478862,131.075161937948,0.295122157143474,826.192527353848,807.334548365193,0.0006691167543644,0.0431247273958782,0.0363014692434201,332.239680072915,113.51081446063978,7.453357986610214,48.45392707899548,72.51024536825452,0.9205738033607016,12.79904158019233,349.1627300186937,94.49092576079256,ICV_113_CASE_6_with_r_theta_phi.csv,0.7245940446796705,-0.1880202369253797,0.9821651543943738,0.9969297472172083,-0.07830120761158954,0.001658788999,0.0014063384,0.0002524505838913788,15.218969012416819,ICV_113_CASE_6_with_r_theta_phi.csv
-1.875019994,0.9568,-1.000919414,0.0,3461.993875,0.4343045599,326.1924615,424.0306395,11.60397452,0.03630143099,0.04312210193,322.306919478862,131.075161937948,0.295122157143474,826.192527353848,807.334548365193,0.0006691167543644,0.0431247273958782,0.0363014692434201,332.239680072915,113.51081446063978,7.453357986610214,48.45392707899548,72.51024536825452,0.9205738033607016,2.330880926006703,152.9653297106803,115.43055410817544,ICV_113_CASE_6_with_r_theta_phi.csv,0.13195850855392824,0.4545295741729698,-0.8907316465704689,0.9031064262828906,-0.42941679381056574,0.0,7.730914e-05,-7.730913785053417e-05,0.0,ICV_113_CASE_6_with_r_theta_phi.csv
11.70678035,-2.65,-0.9974374124,0.0,-1344.515801,0.5415570759,388.4347932,1066.67105,31.42062179,0.02088040202,0.02480066686,322.306919478862,131.075161937948,0.295122157143474,826.192527353848,807.334548365193,0.0006691167543644,0.0431247273958782,0.0363014692434201,332.239680072915,113.51081446063978,7.453357986610214,48.45392707899548,72.51024536825452,0.9205738033607016,12.044338402535914,347.24522293379977,94.75032143866724,ICV_113_CASE_6_with_r_theta_phi.csv,0.681867921430179,-0.22077875394091048,0.9753239163520491,0.9965650379145294,-0.0828137984058967,0.0,-0.00016501326,0.00016501326172146946,0.0,ICV_113_CASE_6_with_r_theta_phi.csv
13.04861839,0.9568,-0.9952058821,0.0,1826.200069,0.4308972322,325.9442022,37.4330904,1.702483656,0.03630111019,0.04311779913,322.306919478862,131.075161937948,0.295122157143474,826.192527353848,807.334548365193,0.0006691167543644,0.0431247273958782,0.0363014692434201,332.239680072915,113.51081446063978,7.453357986610214,48.45392707899548,72.51024536825452,0.9205738033607016,13.12144591406041,4.19375179887129,94.34981852500988,ICV_113_CASE_6_with_r_theta_phi.csv,0.742846369186629,0.07312943787111603,0.9973224580428611,0.9971195627848647,-0.07584574814529946,0.0,2.352539e-05,-2.3525390133727342e-05,0.0,ICV_113_CASE_6_with_r_theta_phi.csv
12.69010081,-2.405237587,-0.9873358862,0.003375404282,1967.736793,0.4194803787,331.5874907,33.69625739,6.382482169,0.03630103064,0.04311692139,322.306919478862,131.075161937948,0.295122157143474,826.192527353848,807.334548365193,0.0006691167543644,0.0431247273958782,0.0363014692434201,332.239680072915,113.51081446063978,7.453357986610214,48.45392707899548,72.51024536825452,0.9205738033607016,12.95371215405293,349.2676651074238,94.37134133177403,ICV_113_CASE_6_with_r_theta_phi.csv,0.7333504328829888,-0.1862211236541145,0.9825078590550811,0.9970910014463584,-0.07622030460906044,0.003375404282,0.0037916084,-0.00041620410001642037,12.330496293810041,ICV_113_CASE_6_with_r_theta_phi.csv
15.41032657,0.9568,-0.9845718621,0.0,1856.068122,0.4331115768,326.1224579,111.8243047,3.803649395,0.03630104104,0.04311728573,322.306919478862,131.075161937948,0.295122157143474,826.192527353848,807.334548365193,0.0006691167543644,0.0431247273958782,0.0363014692434201,332.239680072915,113.51081446063978,7.453357986610214,48.45392707899548,72.51024536825452,0.9205738033607016,15.471361057957605,3.552833259731358,93.64867435622108,ICV_113_CASE_6_with_r_theta_phi.csv,0.8758824647490979,0.06196890785755206,0.9980780803418849,0.9979730260075456,-0.06363834819778794,0.0,7.736699e-06,-7.736699444649275e-06,0.0,ICV_113_CASE_6_with_r_theta_phi.csv
13.4041497,0.9568,-0.9813680628,0.0,1825.881637,0.4300317812,327.1734162,37.6559842,2.344554203,0.03630110169,0.0431177104,322.306919478862,131.075161937948,0.295122157143474,826.192527353848,807.334548365193,0.0006691167543644,0.0431247273958782,0.0363014692434201,332.239680072915,113.51081446063978,7.453357986610214,48.45392707899548,72.51024536825452,0.9205738033607016,13.474040919289724,4.08289811857037,94.17677819885417,ICV_113_CASE_6_with_r_theta_phi.csv,0.7628078826618528,0.07119972089862489,0.9974620793513695,0.9973440785248282,-0.07283398266922707,0.0,2.352539e-05,-2.3525390133727342e-05,0.0,ICV_113_CASE_6_with_r_theta_phi.csv
17.35708045,-0.7840585735,-0.979875897,0.003375412431,2416.436711,0.4349070315,326.9198921,11.41617213,1.301000369,0.03630117662,0.04311816581,322.306919478862,131.075161937948,0.295122157143474,826.192527353848,807.334548365193,0.0006691167543644,0.0431247273958782,0.0363014692434201,332.239680072915,113.51081446063978,7.453357986610214,48.45392707899548,72.51024536825452,0.9205738033607016,17.402389099430362,357.4135783465856,93.22785923051816,ICV_113_CASE_6_with_r_theta_phi.csv,0.9852040424777001,-0.0451262439641463,0.9989812921700227,0.9984135037687852,-0.05630697551935986,0.003375412431,0.0038689277,-0.000493515282483572,14.620888333671104,ICV_113_CASE_6_with_r_theta_phi.csv
12.5487141,-2.528391024,-0.9766740846,0.0,-5563.441208,0.422348331,329.573683,252.218423,10.73717497,0.0375561571,0.04460738475,322.306919478862,131.075161937948,0.295122157143474,826.192527353848,807.334548365193,0.0006691167543644,0.0431247273958782,0.0363014692434201,332.239680072915,113.51081446063978,7.453357986610214,48.45392707899548,72.51024536825452,0.9205738033607016,12.838102624660385,348.6082205404611,94.36306080026276,ICV_113_CASE_6_with_r_theta_phi.csv,0.7268054133999912,-0.19751669345089257,0.9802995235172902,0.9971020065852394,-0.07607620169073341,0.0,-0.0001878391,0.00018783910491038114,0.0,ICV_113_CASE_6_with_r_theta_phi.csv
11.68924909,-2.532651136,-0.9695473485,0.0,-663.0947462,0.4021343371,356.6820089,631.9672719,32.55313885,0.03731988663,0.04432661866,322.306919478862,131.075161937948,0.295122157143474,826.192527353848,807.334548365193,0.0006691167543644,0.0431247273958782,0.0363014692434201,332.239680072915,113.51081446063978,7.453357986610214,48.45392707899548,72.51024536825452,0.9205738033607016,11.999703668246616,347.77496862007627,94.63441370729277,ICV_113_CASE_6_with_r_theta_phi.csv,0.6793410085789905,-0.21175178972661707,0.9773234774359892,0.9967305285800506,-0.08079760761639422,0.0,-0.00043956368,0.00043956367881037295,0.0,ICV_113_CASE_6_with_r_theta_phi.csv
13.54971695,0.9568,-0.9670260474,0.0,1787.349181,0.4306032701,327.1606747,47.38459115,3.22251401,0.03630109615,0.04311765465,322.306919478862,131.075161937948,0.295122157143474,826.192527353848,807.334548365193,0.0006691167543644,0.0431247273958782,0.0363014692434201,332.239680072915,113.51081446063978,7.453357986610214,48.45392707899548,72.51024536825452,0.9205738033607016,13.617835181902716,4.039180716996668,94.07209975214148,ICV_113_CASE_6_with_r_theta_phi.csv,0.7709485286387927,0.07043862411420428,0.9975161152747848,0.997475480437667,-0.07101173090162864,0.0,2.352539e-05,-2.3525390133727342e-05,0.0,ICV_113_CASE_6_with_r_theta_phi.csv
1.79790862,0.9568,-0.9651546579,0.0,1394.580358,0.4326482005,326.2373942,121.5913309,3.087983047,0.03630138571,0.04312060377,322.306919478862,131.075161937948,0.295122157143474,826.192527353848,807.334548365193,0.0006691167543644,0.0431247273958782,0.0363014692434201,332.239680072915,113.51081446063978,7.453357986610214,48.45392707899548,72.51024536825452,0.9205738033607016,2.2537668822521044,28.020741638376307,115.35596086703627,ICV_113_CASE_6_with_r_theta_phi.csv,0.12759283972508223,0.46979116777035096,0.8827775816619778,0.9036647174885933,-0.42824067808448657,0.0,7.351954e-06,-7.35195408196887e-06,0.0,ICV_113_CASE_6_with_r_theta_phi.csv
12.86794572,-2.414391722,-0.9647344767,0.00337540824,2002.941777,0.4194712484,329.907488,27.25168505,4.228453284,0.03630103142,0.04311692755,322.306919478862,131.075161937948,0.295122157143474,826.192527353848,807.334548365193,0.0006691167543644,0.0431247273958782,0.0363014692434201,332.239680072915,113.51081446063978,7.453357986610214,48.45392707899548,72.51024536825452,0.9205738033607016,13.127986405030365,349.37323944666366,94.21428573089544,ICV_113_CASE_6_with_r_theta_phi.csv,0.7432166469747289,-0.18441042008556394,0.9828493256668928,0.9972961855222934,-0.07348685829917814,0.00337540824,0.0035815507,-0.00020614243078769228,6.107185148265812,ICV_113_CASE_6_with_r_theta_phi.csv
11.50332011,-2.416392036,-0.959713254,0.003375474364,2310.942408,0.421971953,326.8078955,79.08522113,4.802726309,0.03630099283,0.04311664519,322.306919478862,131.075161937948,0.295122157143474,826.192527353848,807.334548365193,0.0006691167543644,0.0431247273958782,0.0363014692434201,332.239680072915,113.51081446063978,7.453357986610214,48.45392707899548,72.51024536825452,0.9205738033607016,11.793488608324422,348.1369063645169,94.667693468297,ICV_113_CASE_6_with_r_theta_phi.csv,0.6676665247196578,-0.2055738482562725,0.9786416059585383,0.9966834298500162,-0.08137653631365604,0.003375474364,0.0034896191,-0.00011414475695546711,3.381591581290741,ICV_113_CASE_6_with_r_theta_phi.csv
1.201548727,0.9568,-0.9578252354,0.0,5450.94361,0.4321986368,339.4471517,807.6328819,47.46822432,0.03630143155,0.04312196868,322.306919478862,131.075161937948,0.295122157143474,826.192527353848,807.334548365193,0.0006691167543644,0.0431247273958782,0.0363014692434201,332.239680072915,113.51081446063978,7.453357986610214,48.45392707899548,72.51024536825452,0.9205738033607016,1.8101421946699063,38.53050681185954,121.94761248464364,ICV_113_CASE_6_with_r_theta_phi.csv,0.1024778493032674,0.6229312436384767,0.7822765915576285,0.8485322651358651,-0.5291436430907943,0.0,7.351954e-06,-7.35195408196887e-06,0.0,ICV_113_CASE_6_with_r_theta_phi.csv
10.62498539,-2.417435419,-0.9570820204,0.003375309752,2540.102489,0.4257874538,327.3764115,37.8133332,2.797539909,0.03630131968,0.04312005812,322.306919478862,131.075161937948,0.295122157143474,826.192527353848,807.334548365193,0.0006691167543644,0.0431247273958782,0.0363014692434201,332.239680072915,113.51081446063978,7.453357986610214,48.45392707899548,72.51024536825452,0.9205738033607016,10.93847862074622,347.18206418880686,95.0196168375938,ICV_113_CASE_6_with_r_theta_phi.csv,0.6192617171206584,-0.22185374649840672,0.9750799532164636,0.9961647994597028,-0.0874968131843106,0.003375309752,0.0034927565,-0.00011744676187870314,3.4795847040205894,ICV_113_CASE_6_with_r_theta_phi.csv
-1.750641292,0.9568,-0.9545324035,0.0,3455.830052,0.4343392991,326.5110151,466.0919789,13.30771242,0.03630143023,0.04312208049,322.306919478862,131.075161937948,0.295122157143474,826.192527353848,807.334548365193,0.0006691167543644,0.0431247273958782,0.0363014692434201,332.239680072915,113.51081446063978,7.453357986610214,48.45392707899548,72.51024536825452,0.9205738033607016,2.211638144585799,151.34151720811315,115.5688380996536,ICV_113_CASE_6_with_r_theta_phi.csv,0.12520779923344735,0.4795877808086245,-0.8774939090951337,0.9020673948412858,-0.43159519826366904,0.0,7.730914e-05,-7.730913785053417e-05,0.0,ICV_113_CASE_6_with_r_theta_phi.csv
8.009769263999999,-2.422981172,-0.9429539962,0.003375427099,4063.125378,0.4337776451,328.6191506,314.4245001,16.48962947,0.03630138113,0.04312118148,322.306919478862,131.075161937948,0.295122157143474,826.192527353848,807.334548365193,0.0006691167543644,0.0431247273958782,0.0363014692434201,332.239680072915,113.51081446063978,7.453357986610214,48.45392707899548,72.51024536825452,0.9205738033607016,8.421187782096723,343.16926382369326,96.42911998213695,ICV_113_CASE_6_with_r_theta_phi.csv,0.4767499564560986,-0.289545306959851,0.9571643094148077,0.9937111378924333,-0.11197398996430158,0.003375427099,0.003874437,-0.00049900985317371,14.783606293073548,ICV_113_CASE_6_with_r_theta_phi.csv
14.97209158,0.9568,-0.9328868966,0.0,1767.888579,0.4315603636,326.1833825,330.6768128,7.179471234,0.03630098358,0.04311686713,322.306919478862,131.075161937948,0.295122157143474,826.192527353848,807.334548365193,0.0006691167543644,0.0431247273958782,0.0363014692434201,332.239680072915,113.51081446063978,7.453357986610214,48.45392707899548,72.51024536825452,0.9205738033607016,15.031609045000968,3.6565469961361146,93.55815891002923,ICV_113_CASE_6_with_r_theta_phi.csv,0.8509867186318727,0.06377547257066542,0.9979642724558772,0.9980723160121354,-0.06206167907954212,0.0,1.0751841e-05,-1.0751840818556957e-05,0.0,ICV_113_CASE_6_with_r_theta_phi.csv
14.00709494,-2.428842328,-0.9277526309,0.003375411732,2135.941068,0.4207240638,327.9372918,19.07465529,2.524184148,0.03630103926,0.04311700556,322.306919478862,131.075161937948,0.295122157143474,826.192527353848,807.334548365193,0.0006691167543644,0.0431247273958782,0.0363014692434201,332.239680072915,113.51081446063978,7.453357986610214,48.45392707899548,72.51024536825452,0.9205738033607016,14.246357732999686,350.1626798600178,93.73386339957824,ICV_113_CASE_6_with_r_theta_phi.csv,0.8065311693090557,-0.17085131763201633,0.9852968219087098,0.9978773035921418,-0.0651220928385785,0.003375411732,0.003519443,-0.0001440313645930222,4.267075426232815,ICV_113_CASE_6_with_r_theta_phi.csv
14.77197945,0.9568,-0.9250490963,0.0,1811.180788,0.4291016466,326.7828702,995.8573018,15.83330432,0.03630094942,0.04311662746,322.306919478862,131.075161937948,0.295122157143474,826.192527353848,807.334548365193,0.0006691167543644,0.0431247273958782,0.0363014692434201,332.239680072915,113.51081446063978,7.453357986610214,48.45392707899548,72.51024536825452,0.9205738033607016,14.8318090245859,3.7059441577894177,93.57581675884752,ICV_113_CASE_6_with_r_theta_phi.csv,0.8396754103583153,0.06463583678573116,0.9979089179895169,0.9980531419742145,-0.06236926963977169,0.0,1.0751841e-05,-1.0751840818556957e-05,0.0,ICV_113_CASE_6_with_r_theta_phi.csv
11.34590611,-2.430547946,-0.9232749756,0.003375650151,2193.199576,0.4210120931,327.066194,59.74271388,3.090997994,0.0363009791,0.04311655727,322.306919478862,131.075161937948,0.295122157143474,826.192527353848,807.334548365193,0.0006691167543644,0.0431247273958782,0.0363014692434201,332.239680072915,113.51081446063978,7.453357986610214,48.45392707899548,72.51024536825452,0.9205738033607016,11.639999375228047,347.90870792402444,94.5494321283918,ICV_113_CASE_6_with_r_theta_phi.csv,0.6589770159367345,-0.20946995508510982,0.9778150837027634,0.9968492718657763,-0.07931916023680283,0.003375650151,0.0034896191,-0.00011396896995546739,3.3762079843476442,ICV_113_CASE_6_with_r_theta_phi.csv
0.2171702365,0.9568,-0.9203309208,0.0,15834.28716,0.4344171813,350.8459335,579.1541168,50.64853353,0.03630143432,0.04312318401,322.306919478862,131.075161937948,0.295122157143474,826.192527353848,807.334548365193,0.0006691167543644,0.0431247273958782,0.0363014692434201,332.239680072915,113.51081446063978,7.453357986610214,48.45392707899548,72.51024536825452,0.9205738033607016,1.3452279194999046,77.21192395755571,133.16840129426714,ICV_113_CASE_6_with_r_theta_phi.csv,0.07615758829277955,0.9751954401596699,0.2213455522295122,0.7293460452674978,-0.6841449745870104,0.0,-0.00010666128,0.00010666128218872473,0.0,ICV_113_CASE_6_with_r_theta_phi.csv
1.012982293,1.01,-0.9203068858,0.0,28221.04632,0.4359919973,360.5411205,329.8100042,43.01942427,0.03630146876,0.04312470696,322.306919478862,131.075161937948,0.295122157143474,826.192527353848,807.334548365193,0.0006691167543644,0.0431247273958782,0.0363014692434201,332.239680072915,113.51081446063978,7.453357986610214,48.45392707899548,72.51024536825452,0.9205738033607016,1.70094029583123,44.91553426889709,122.75567179295632,ICV_113_CASE_6_with_r_theta_phi.csv,0.09629558596187213,0.7060635927613439,0.7081484328704987,0.8409854569900813,-0.5410577243984084,0.0,-0.00010666128,0.00010666128218872473,0.0,ICV_113_CASE_6_with_r_theta_phi.csv
13.82079769,0.9568,-0.9202995581,0.0,-4345.433256,0.4869813217,331.5196036,1473.896543,50.83532612,0.02804359364,0.03330924409,322.306919478862,131.075161937948,0.295122157143474,826.192527353848,807.334548365193,0.0006691167543644,0.0431247273958782,0.0363014692434201,332.239680072915,113.51081446063978,7.453357986610214,48.45392707899548,72.51024536825452,0.9205738033607016,13.884410909525416,3.960210930989149,93.80051900134772,ICV_113_CASE_6_with_r_theta_phi.csv,0.7860402199565621,0.06906369836477774,0.9976122521141062,0.9978008679234124,-0.06628293876470012,0.0,1.26373e-05,-1.2637299732887186e-05,0.0,ICV_113_CASE_6_with_r_theta_phi.csv
14.61665219,1.01,-0.9202824639,0.0,-2852.813736,0.4461535594,330.4513346,3512.950371,65.99397824,0.0363009206,0.04311642745,322.306919478862,131.075161937948,0.295122157143474,826.192527353848,807.334548365193,0.0006691167543644,0.0431247273958782,0.0363014692434201,332.239680072915,113.51081446063978,7.453357986610214,48.45392707899548,72.51024536825452,0.9205738033607016,14.680379458882992,3.9528133656939417,93.59410991845716,ICV_113_CASE_6_with_r_theta_phi.csv,0.8311025058318885,0.06893489420505847,0.9976211607423618,0.9980331781026801,-0.0626879207364867,0.0,1.0751841e-05,-1.0751840818556957e-05,0.0,ICV_113_CASE_6_with_r_theta_phi.csv
13.68439051,0.9568,-0.9202255655,0.0,2511.820642,0.4308474775,330.2982883,260.1529247,15.13092067,0.03630107749,0.04311750094,322.306919478862,131.075161937948,0.295122157143474,826.192527353848,807.334548365193,0.0006691167543644,0.0431247273958782,0.0363014692434201,332.239680072915,113.51081446063978,7.453357986610214,48.45392707899548,72.51024536825452,0.9205738033607016,13.748629930344984,3.999559169275756,93.83779970999323,ICV_113_CASE_6_with_r_theta_phi.csv,0.7783532311864673,0.0697487985365483,0.9975645869329505,0.9977575283119791,-0.0669321648893132,0.0,1.0751841e-05,-1.0751840818556957e-05,0.0,ICV_113_CASE_6_with_r_theta_phi.csv
0.04372315908,0.9568,-0.9185187791,0.0,1131.098797,0.4327858556,330.5090161,492.9694709,22.48634847,0.03630139313,0.04312112474,322.306919478862,131.075161937948,0.295122157143474,826.192527353848,807.334548365193,0.0006691167543644,0.0431247273958782,0.0363014692434201,332.239680072915,113.51081446063978,7.453357986610214,48.45392707899548,72.51024536825452,0.9205738033607016,1.3270473624551948,87.38355886700936,133.80071818450847,ICV_113_CASE_6_with_r_theta_phi.csv,0.07512832971267282,0.9989575116667889,0.045649642764181056,0.72175155224548,-0.6921522208526387,0.0,7.351954e-06,-7.35195408196887e-06,0.0,ICV_113_CASE_6_with_r_theta_phi.csv
13.07732959,-2.433724468,-0.9148689595,0.003375404514,2096.665907,0.4200214681,328.8315212,23.34369276,3.299673837,0.03630103446,0.04311693553,322.306919478862,131.075161937948,0.295122157143474,826.192527353848,807.334548365193,0.0006691167543644,0.0431247273958782,0.0363014692434201,332.239680072915,113.51081446063978,7.453357986610214,48.45392707899548,72.51024536825452,0.9205738033607016,13.333287261762871,349.45771260128856,93.93446476877546,ICV_113_CASE_6_with_r_theta_phi.csv,0.7548393749129073,-0.18296117134369347,0.98312014005438,0.9976431855329619,-0.06861540905397372,0.003375404514,0.003519443,-0.00014403858259302241,4.267298392027612,ICV_113_CASE_6_with_r_theta_phi.csv
14.62426982,0.9568,-0.9099988918,0.0,-1414.436591,0.4275578395,329.8151106,2578.799255,46.38389777,0.03630093035,0.04311649551,322.306919478862,131.075161937948,0.295122157143474,826.192527353848,807.334548365193,0.0006691167543644,0.0431247273958782,0.0363014692434201,332.239680072915,113.51081446063978,7.453357986610214,48.45392707899548,72.51024536825452,0.9205738033607016,14.683760825866106,3.743269443766849,93.55307670480364,ICV_113_CASE_6_with_r_theta_phi.csv,0.8312939356638404,0.06528590992546769,0.9978665992832928,0.998077817032064,-0.0619731486089727,0.0,1.0751841e-05,-1.0751840818556957e-05,0.0,ICV_113_CASE_6_with_r_theta_phi.csv
1.020648332,0.9568,-0.9099575201,0.0,19376.99699,0.4337290431,355.475142,741.0978546,60.76196332,0.03630145433,0.04312367828,322.306919478862,131.075161937948,0.295122157143474,826.192527353848,807.334548365193,0.0006691167543644,0.0431247273958782,0.0363014692434201,332.239680072915,113.51081446063978,7.453357986610214,48.45392707899548,72.51024536825452,0.9205738033607016,1.668895426921928,43.15066244095743,123.04143358966844,ICV_113_CASE_6_with_r_theta_phi.csv,0.09448142503202914,0.6839191352483124,0.7295578225481518,0.8382764915757389,-0.5452453793215218,0.0,-0.00010666128,0.00010666128218872473,0.0,ICV_113_CASE_6_with_r_theta_phi.csv
13.81310148,1.01,-0.9099079402,0.0,-9977.634907,0.5250982512,328.0050736,1918.277643,59.36013625,0.02786741024,0.03309994429,322.306919478862,131.075161937948,0.295122157143474,826.192527353848,807.334548365193,0.0006691167543644,0.0431247273958782,0.0363014692434201,332.239680072915,113.51081446063978,7.453357986610214,48.45392707899548,72.51024536825452,0.9205738033607016,13.879834471506395,4.181967200685335,93.75878394089489,ICV_113_CASE_6_with_r_theta_phi.csv,0.7857811333903024,0.07292430700328399,0.9973374782129121,0.9978488846439684,-0.06555610890518374,0.0,1.26373e-05,-1.2637299732887186e-05,0.0,ICV_113_CASE_6_with_r_theta_phi.csv
0.2093544684,1.01,-0.9097751228,0.0,24733.12121,0.4364650706,363.763119,482.8357374,67.90013701,0.03630146904,0.04312472786,322.306919478862,131.075161937948,0.295122157143474,826.192527353848,807.334548365193,0.0006691167543644,0.0431247273958782,0.0363014692434201,332.239680072915,113.51081446063978,7.453357986610214,48.45392707899548,72.51024536825452,0.9205738033607016,1.3753617951305763,78.28947355936702,131.4128884907076,ICV_113_CASE_6_with_r_theta_phi.csv,0.07786356187590267,0.9791855378015794,0.20296719577368103,0.7499622907989136,-0.661480583524298,0.0,-0.00010666128,0.00010666128218872473,0.0,ICV_113_CASE_6_with_r_theta_phi.csv
-1.606408536,0.9568,-0.9015090633,0.0,3322.726227,0.4332114225,327.7559893,459.498845,14.78668842,0.03630142846,0.04312203631,322.306919478862,131.075161937948,0.295122157143474,826.192527353848,807.334548365193,0.0006691167543644,0.0431247273958782,0.0363014692434201,332.239680072915,113.51081446063978,7.453357986610214,48.45392707899548,72.51024536825452,0.9205738033607016,2.0757488325290483,149.2213645188101,115.74110781280456,ICV_113_CASE_6_with_r_theta_phi.csv,0.11751467739811229,0.5117225392866993,-0.859150768367213,0.9007656534858718,-0.4343054656577216,0.0,7.730914e-05,-7.730913785053417e-05,0.0,ICV_113_CASE_6_with_r_theta_phi.csv
1.403009349,0.9568,-0.89802607,0.0,3260.780084,0.4326035602,331.7874973,329.2896892,21.13900181,0.03630143047,0.04312182183,322.306919478862,131.075161937948,0.295122157143474,826.192527353848,807.334548365193,0.0006691167543644,0.0431247273958782,0.0363014692434201,332.239680072915,113.51081446063978,7.453357986610214,48.45392707899548,72.51024536825452,0.9205738033607016,1.9210289679703032,34.29252792481867,117.87028338263208,ICV_113_CASE_6_with_r_theta_phi.csv,0.10875549869316842,0.5634183107557585,0.8261717782066437,0.8840082043266911,-0.4674713838119923,0.0,7.351954e-06,-7.35195408196887e-06,0.0,ICV_113_CASE_6_with_r_theta_phi.csv
12.5892506,-2.65,-0.893148041,0.0,-6590.700035,0.5778255938,400.3910513,1061.33849,8.773727408,0.01959226896,0.02327077112,322.306919478862,131.075161937948,0.295122157143474,826.192527353848,807.334548365193,0.0006691167543644,0.0431247273958782,0.0363014692434201,332.239680072915,113.51081446063978,7.453357986610214,48.45392707899548,72.51024536825452,0.9205738033607016,12.896101895252784,348.11294810438386,93.97132496013444,ICV_113_CASE_6_with_r_theta_phi.csv,0.7300889347327177,-0.20598304977081403,0.9785555595913368,0.9975988366179895,-0.06925721029924432,0.0,-0.00022270833,0.00022270833142101765,0.0,ICV_113_CASE_6_with_r_theta_phi.csv
-0.3285642757,0.9568,-0.8915988605,0.0,2041.427526,0.4333405633,328.7770362,337.0952602,16.47793948,0.03630141353,0.04312165854,322.306919478862,131.075161937948,0.295122157143474,826.192527353848,807.334548365193,0.0006691167543644,0.0431247273958782,0.0363014692434201,332.239680072915,113.51081446063978,7.453357986610214,48.45392707899548,72.51024536825452,0.9205738033607016,1.3484692251998798,108.95242632377432,131.39094671459085,ICV_113_CASE_6_with_r_theta_phi.csv,0.07634108881447665,0.94578857450223,-0.3247829619007744,0.7502155539147797,-0.6611933322896869,0.0,7.351954e-06,-7.35195408196887e-06,0.0,ICV_113_CASE_6_with_r_theta_phi.csv
-0.1338134365,0.9568,-0.8889743088,0.0,1612.832293,0.4334611336,328.9271483,292.3838509,16.12252062,0.03630140854,0.04312152304,322.306919478862,131.075161937948,0.295122157143474,826.192527353848,807.334548365193,0.0006691167543644,0.0431247273958782,0.0363014692434201,332.239680072915,113.51081446063978,7.453357986610214,48.45392707899548,72.51024536825452,0.9205738033607016,1.312877601870935,97.96147218011384,132.61891612215663,ICV_113_CASE_6_with_r_theta_phi.csv,0.07432613494913826,0.9903614300345321,-0.1385071763482183,0.7358735773444041,-0.6771189542217448,0.0,7.351954e-06,-7.35195408196887e-06,0.0,ICV_113_CASE_6_with_r_theta_phi.csv
-0.6138210984,0.9568,-0.8885731816,0.0,2434.978062,0.4336439582,328.1950923,401.1931951,16.5488086,0.036301418,0.04312177093,322.306919478862,131.075161937948,0.295122157143474,826.192527353848,807.334548365193,0.0006691167543644,0.0431247273958782,0.0363014692434201,332.239680072915,113.51081446063978,7.453357986610214,48.45392707899548,72.51024536825452,0.9205738033607016,1.442846104024864,122.68160989609588,128.0135277717102,ICV_113_CASE_6_with_r_theta_phi.csv,0.0816840610927971,0.8416841383770755,-0.539970194737117,0.787865371410668,-0.6158475107783825,0.0,1.3471495e-07,-1.3471495208250417e-07,0.0,ICV_113_CASE_6_with_r_theta_phi.csv
13.23498181,0.9568,-0.8869524356,0.0,1809.777805,0.4306081457,326.152864,35.84220861,1.960530068,0.03630110458,0.04311775603,322.306919478862,131.075161937948,0.295122157143474,826.192527353848,807.334548365193,0.0006691167543644,0.0431247273958782,0.0363014692434201,332.239680072915,113.51081446063978,7.453357986610214,48.45392707899548,72.51024536825452,0.9205738033607016,13.29913133907804,4.134905338895692,93.8240376845598,ICV_113_CASE_6_with_r_theta_phi.csv,0.7529057005816768,0.072105085009012,0.9973970406592568,0.9977735761446827,-0.06669250893054834,0.0,2.6540532e-05,-2.6540532417129725e-05,0.0,ICV_113_CASE_6_with_r_theta_phi.csv
-2.414463889,0.3914661997,-0.8815431595,0.003375426633,4447.554061,0.4336978161,328.088054,221.2852269,12.89526213,0.03630143116,0.04312215491,322.306919478862,131.075161937948,0.295122157143474,826.192527353848,807.334548365193,0.0006691167543644,0.0431247273958782,0.0363014692434201,332.239680072915,113.51081446063978,7.453357986610214,48.45392707899548,72.51024536825452,0.9205738033607016,2.599999999779578,170.7905569898029,109.81931376625936,ICV_113_CASE_6_with_r_theta_phi.csv,0.147194186705589,0.1600438770459387,-0.9871099013889509,0.9407665307376025,-0.3390550613748977,0.003375426633,0.0038971952,-0.000521768583268301,15.457855845913818,ICV_113_CASE_6_with_r_theta_phi.csv
17.51245049,-0.2741010959,-0.8763864466,0.003375409637,2456.184009,0.4360812762,326.5632127,13.96218745,1.407616676,0.03630119073,0.04311832347,322.306919478862,131.075161937948,0.295122157143474,826.192527353848,807.334548365193,0.0006691167543644,0.0431247273958782,0.0363014692434201,332.239680072915,113.51081446063978,7.453357986610214,48.45392707899548,72.51024536825452,0.9205738033607016,17.536507827365714,359.1032920433289,92.86454805457448,ICV_113_CASE_6_with_r_theta_phi.csv,0.9927969259708178,-0.015649867379044148,0.9998775333264661,0.9987504705418503,-0.04997496965914705,0.003375409637,0.0038564894,-0.00048107979783829514,14.252486347800586,ICV_113_CASE_6_with_r_theta_phi.csv
11.13981999,-2.447973524,-0.8760283246,0.003375566332,2213.726941,0.4195208634,327.9259579,20.27835976,1.312958399,0.03630109066,0.04311761758,322.306919478862,131.075161937948,0.295122157143474,826.192527353848,807.334548365193,0.0006691167543644,0.0431247273958782,0.0363014692434201,332.239680072915,113.51081446063978,7.453357986610214,48.45392707899548,72.51024536825452,0.9205738033607016,11.439212796749176,347.60625427512167,94.39207812938172,ICV_113_CASE_6_with_r_theta_phi.csv,0.6476098555047726,-0.2146287145950317,0.9766957125283618,0.9970633500786705,-0.07658117216325788,0.003375566332,0.003298783,7.678335565577217e-05,2.2746806929885377,ICV_113_CASE_6_with_r_theta_phi.csv
11.64660452,-2.448271046,-0.8751964836,0.001854390837,352.4535097,0.4211725486,331.899149,401.4468936,20.70265027,0.03629488889,0.04310931827,322.306919478862,131.075161937948,0.295122157143474,826.192527353848,807.334548365193,0.0006691167543644,0.0431247273958782,0.0363014692434201,332.239680072915,113.51081446063978,7.453357986610214,48.45392707899548,72.51024536825452,0.9205738033607016,11.93328943941578,348.1285169659914,94.2058921059642,ICV_113_CASE_6_with_r_theta_phi.csv,0.6755810899638895,-0.20571714132642935,0.9786114948050028,0.9973069403802155,-0.07334075721897879,0.001854390837,0.003015585,-0.0011611941738712912,62.61863195590763,ICV_113_CASE_6_with_r_theta_phi.csv
12.59848786,-2.451463872,-0.8662129569,0.001644501812,-2404.177409,0.4254672798,328.5153391,190.9812747,10.41154775,0.03617523842,0.04296735973,322.306919478862,131.075161937948,0.295122157143474,826.192527353848,807.334548365193,0.0006691167543644,0.0431247273958782,0.0363014692434201,332.239680072915,113.51081446063978,7.453357986610214,48.45392707899548,72.51024536825452,0.9205738033607016,12.863976693114385,348.98875597712885,93.8610089246954,ICV_113_CASE_6_with_r_theta_phi.csv,0.7282702258858273,-0.19100163134391254,0.9815897191922723,0.997730333758091,-0.06733632822606528,0.001644501812,0.0017137082,-6.920634751377149e-05,4.208347291969297,ICV_113_CASE_6_with_r_theta_phi.csv
-1.001719263,0.9568,-0.8646410094,0.0,2996.626872,0.4333806775,328.2681711,442.818273,16.59808293,0.03630142295,0.04312191017,322.306919478862,131.075161937948,0.295122157143474,826.192527353848,807.334548365193,0.0006691167543644,0.0431247273958782,0.0363014692434201,332.239680072915,113.51081446063978,7.453357986610214,48.45392707899548,72.51024536825452,0.9205738033607016,1.6329457422099225,136.31386660441154,121.97152250085368,ICV_113_CASE_6_with_r_theta_phi.csv,0.09244620018435427,0.690707419852525,-0.7231343306472648,0.8483113751141359,-0.5294976967390546,0.0,1.207765e-05,-1.207765035360353e-05,0.0,ICV_113_CASE_6_with_r_theta_phi.csv
7.358706184,0.9568,-0.8637038851,0.0,1710.767163,0.4329817295,325.4326726,116.9001511,1.773901953,0.03630128066,0.04311934353,322.306919478862,131.075161937948,0.295122157143474,826.192527353848,807.334548365193,0.0006691167543644,0.0431247273958782,0.0363014692434201,332.239680072915,113.51081446063978,7.453357986610214,48.45392707899548,72.51024536825452,0.9205738033607016,7.470743426431983,7.408199955485941,96.63889692143256,ICV_113_CASE_6_with_r_theta_phi.csv,0.4229423087819257,0.12893751948804166,0.9916527194881638,0.9932945082372101,-0.11561150421043245,0.0,7.976879e-06,-7.97687880549347e-06,0.0,ICV_113_CASE_6_with_r_theta_phi.csv
-2.337582291,-0.7453822093,-0.8602990152,0.003375435481,5045.395969,0.434396252,330.0113856,392.9924778,22.27497419,0.03630143088,0.04312228355,322.306919478862,131.075161937948,0.295122157143474,826.192527353848,807.334548365193,0.0006691167543644,0.0431247273958782,0.0363014692434201,332.239680072915,113.51081446063978,7.453357986610214,48.45392707899548,72.51024536825452,0.9205738033607016,2.6000000001330474,197.68586303385527,109.32245383244322,ICV_113_CASE_6_with_r_theta_phi.csv,0.14719418672560003,-0.303797995213223,-0.9527364683397117,0.9436713527339162,-0.3308842365984526,0.003375435481,0.0038971952,-0.0005217597352683012,15.45755319722924,ICV_113_CASE_6_with_r_theta_phi.csv
11.64027241,-2.65,-0.8546751466,0.0,-2268.706726,0.5384857254,384.0179271,1047.760176,44.15841399,0.02129929354,0.02529816691,322.306919478862,131.075161937948,0.295122157143474,826.192527353848,807.334548365193,0.0006691167543644,0.0431247273958782,0.0363014692434201,332.239680072915,113.51081446063978,7.453357986610214,48.45392707899548,72.51024536825452,0.9205738033607016,11.968663725964689,347.1747507088221,94.09494274942917,ICV_113_CASE_6_with_r_theta_phi.csv,0.6775837397097736,-0.22197820809417748,0.9750516269056209,0.9974470898155723,-0.0714094042717469,0.0,-0.00011466131,0.00011466130672488362,0.0,ICV_113_CASE_6_with_r_theta_phi.csv
11.87226863,0.9568,-0.8468040492,0.0,1828.738884,0.4306579388,326.2475574,82.88655125,2.36487178,0.0363011451,0.0431181488,322.306919478862,131.075161937948,0.295122157143474,826.192527353848,807.334548365193,0.0006691167543644,0.0431247273958782,0.0363014692434201,332.239680072915,113.51081446063978,7.453357986610214,48.45392707899548,72.51024536825452,0.9205738033607016,11.940825170842407,4.607575727901747,94.0666417594465,ICV_113_CASE_6_with_r_theta_phi.csv,0.6760077114479927,0.08033071912137246,0.9967682657295241,0.9974822404853263,-0.07091671112208847,0.0,4.9229475e-06,-4.922947482555173e-06,0.0,ICV_113_CASE_6_with_r_theta_phi.csv
-0.6383522207,-2.376957922,-0.8381989511,0.003375448519,11510.40562,0.435509245,336.1850772,376.2287952,32.3723816,0.03630144792,0.04312335729,322.306919478862,131.075161937948,0.295122157143474,826.192527353848,807.334548365193,0.0006691167543644,0.0431247273958782,0.0363014692434201,332.239680072915,113.51081446063978,7.453357986610214,48.45392707899548,72.51024536825452,0.9205738033607016,2.600000000433908,254.9674335400404,108.8071733538738,ICV_113_CASE_6_with_r_theta_phi.csv,0.1471941867426327,-0.9657785596041855,-0.25936802773060685,0.9466089054686879,-0.3223842119077371,0.003375448519,0.003551175,-0.0001757263675246771,5.206015333472693,ICV_113_CASE_6_with_r_theta_phi.csv
13.32664368,-2.462491435,-0.8343476093,0.003375400091,2100.956646,0.4201569078,328.4140527,20.98355353,2.776359618,0.03630102923,0.04311690203,322.306919478862,131.075161937948,0.295122157143474,826.192527353848,807.334548365193,0.0006691167543644,0.0431247273958782,0.0363014692434201,332.239680072915,113.51081446063978,7.453357986610214,48.45392707899548,72.51024536825452,0.9205738033607016,13.577902333360514,349.530994321758,93.52298400136608,ICV_113_CASE_6_with_r_theta_phi.csv,0.7686878043447523,-0.18170360419757678,0.9833533445418338,0.9981102287054299,-0.061448932892236074,0.003375400091,0.003519443,-0.00014404300559302252,4.267435020056358,ICV_113_CASE_6_with_r_theta_phi.csv
9.291309998,-2.463330981,-0.831865662,0.003375421977,3200.342223,0.4332526368,327.5657614,167.7173652,10.0080997,0.03630135943,0.04312073935,322.306919478862,131.075161937948,0.295122157143474,826.192527353848,807.334548365193,0.0006691167543644,0.0431247273958782,0.0363014692434201,332.239680072915,113.51081446063978,7.453357986610214,48.45392707899548,72.51024536825452,0.9205738033607016,9.648235148487204,345.1512400423087,94.94615246439533,ICV_113_CASE_6_with_r_theta_phi.csv,0.5462169715177885,-0.25626845311984114,0.9666056486155892,0.9962761685628602,-0.08621946389132484,0.003375421977,0.0038715124,-0.0004960903894587736,14.697136911833358,ICV_113_CASE_6_with_r_theta_phi.csv
15.22313944,0.9568,-0.8306814042,0.0,1820.954382,0.4324801364,326.3621508,181.1885475,5.161447415,0.03630102989,0.04311720969,322.306919478862,131.075161937948,0.295122157143474,826.192527353848,807.334548365193,0.0006691167543644,0.0431247273958782,0.0363014692434201,332.239680072915,113.51081446063978,7.453357986610214,48.45392707899548,72.51024536825452,0.9205738033607016,15.27578057727222,3.5964057279970234,93.11722378888214,ICV_113_CASE_6_with_r_theta_phi.csv,0.8648100379058618,0.06272791131217759,0.9980306654318852,0.9985203684781399,-0.0543789824682286,0.0,1.0751841e-05,-1.0751840818556957e-05,0.0,ICV_113_CASE_6_with_r_theta_phi.csv
12.74607065,-2.464305285,-0.8289749479,0.00337537867,2194.903488,0.4193295153,332.2237022,33.32994873,6.752736947,0.03630101425,0.04311677987,322.306919478862,131.075161937948,0.295122157143474,826.192527353848,807.334548365193,0.0006691167543644,0.0431247273958782,0.0363014692434201,332.239680072915,113.51081446063978,7.453357986610214,48.45392707899548,72.51024536825452,0.9205738033607016,13.008547844272096,349.05753310906255,93.65367234757258,ICV_113_CASE_6_with_r_theta_phi.csv,0.7364548539695019,-0.18982320608375167,0.981818287888388,0.9979674709480758,-0.06372540254483586,0.00337537867,0.0034040627,-2.8684036977129e-05,0.8498020451326422,ICV_113_CASE_6_with_r_theta_phi.csv
15.08,-2.465602117,-0.8251098108,0.003375401953,2006.373081,0.4204747839,327.690592,12.62061959,1.626500699,0.03630098656,0.04311673932,322.306919478862,131.075161937948,0.295122157143474,826.192527353848,807.334548365193,0.0006691167543644,0.0431247273958782,0.0363014692434201,332.239680072915,113.51081446063978,7.453357986610214,48.45392707899548,72.51024536825452,0.9205738033607016,15.302496528319596,350.7142190287808,93.09088438338074,ICV_113_CASE_6_with_r_theta_phi.csv,0.8663225120161764,-0.16135890926279234,0.9868957910547203,0.9985452614938963,-0.05391994758979466,0.003375401953,0.003519443,-0.00014404114359302216,4.2673775021765055,ICV_113_CASE_6_with_r_theta_phi.csv
10.26311804,-2.465633148,-0.825017079,0.003375412431,2822.862609,0.4324792134,327.2260295,79.40301772,5.711062791,0.03630134581,0.04312045963,322.306919478862,131.075161937948,0.295122157143474,826.192527353848,807.334548365193,0.0006691167543644,0.0431247273958782,0.0363014692434201,332.239680072915,113.51081446063978,7.453357986610214,48.45392707899548,72.51024536825452,0.9205738033607016,10.587331670639752,346.49115098361744,94.4693005642,ICV_113_CASE_6_with_r_theta_phi.csv,0.5993821826054847,-0.23359553822950954,0.9723338544549736,0.9969592295020022,-0.07792492996964455,0.003375412431,0.003762068,-0.0003866555631028357,11.455061296723805,ICV_113_CASE_6_with_r_theta_phi.csv
11.49390166,-2.466712034,-0.821785703,0.003375521628,2284.425789,0.4218995026,326.8751952,99.83470612,5.426945793,0.03630097746,0.04311653705,322.306919478862,131.075161937948,0.295122157143474,826.192527353848,807.334548365193,0.0006691167543644,0.0431247273958782,0.0363014692434201,332.239680072915,113.51081446063978,7.453357986610214,48.45392707899548,72.51024536825452,0.9205738033607016,11.784302073949323,347.8874519838043,93.99880269817164,ICV_113_CASE_6_with_r_theta_phi.csv,0.6671464460826962,-0.2098326965079699,0.9777373059652548,0.997565507733216,-0.06973562777354969,0.003375521628,0.0034896191,-0.00011409749295546731,3.3801440338946596,ICV_113_CASE_6_with_r_theta_phi.csv
13.41831218,0.9568,-0.8149440967,0.0,1822.414791,0.430224174,326.8709381,49.19638373,3.215965809,0.03630109993,0.04311772128,322.306919478862,131.075161937948,0.295122157143474,826.192527353848,807.334548365193,0.0006691167543644,0.0431247273958782,0.0363014692434201,332.239680072915,113.51081446063978,7.453357986610214,48.45392707899548,72.51024536825452,0.9205738033607016,13.477043514090267,4.078603337220386,93.46673657411702,ICV_113_CASE_6_with_r_theta_phi.csv,0.7629778690078951,0.0711249528611059,0.997467413543172,0.9981700723257638,-0.06046905583171707,0.0,2.6540532e-05,-2.6540532417129725e-05,0.0,ICV_113_CASE_6_with_r_theta_phi.csv
2.804798193,0.9568,-0.8138979295,0.0,1273.521339,0.433300858,325.381654,176.3117946,2.771896644,0.03630135625,0.04312032666,322.306919478862,131.075161937948,0.295122157143474,826.192527353848,807.334548365193,0.0006691167543644,0.0431247273958782,0.0363014692434201,332.239680072915,113.51081446063978,7.453357986610214,48.45392707899548,72.51024536825452,0.9205738033607016,3.073237540949357,18.836033790371346,105.35709196643056,ICV_113_CASE_6_with_r_theta_phi.csv,0.17398565401210583,0.3228609870207809,0.9464463973516763,0.9642940052493846,-0.2648340450925823,0.0,7.976879e-06,-7.97687880549347e-06,0.0,ICV_113_CASE_6_with_r_theta_phi.csv
12.820642,0.9568,-0.8000678833,0.0,1819.409442,0.430511962,325.9299091,47.57704853,1.899713452,0.03630111448,0.04311786254,322.306919478862,131.075161937948,0.295122157143474,826.192527353848,807.334548365193,0.0006691167543644,0.0431247273958782,0.0363014692434201,332.239680072915,113.51081446063978,7.453357986610214,48.45392707899548,72.51024536825452,0.9205738033607016,12.88116594684084,4.268051834838673,93.5610160352906,ICV_113_CASE_6_with_r_theta_phi.csv,0.7292433636637334,0.07442268409840638,0.9972267866897624,0.9980692199884453,-0.06211144911895371,0.0,2.6540532e-05,-2.6540532417129725e-05,0.0,ICV_113_CASE_6_with_r_theta_phi.csv
0.6021517344,-2.474371409,-0.7984272864,0.003375447588,16172.55046,0.4359667459,326.9159316,260.2628537,14.18870151,0.03630145994,0.04312392984,322.306919478862,131.075161937948,0.295122157143474,826.192527353848,807.334548365193,0.0006691167543644,0.0431247273958782,0.0363014692434201,332.239680072915,113.51081446063978,7.453357986610214,48.45392707899548,72.51024536825452,0.9205738033607016,2.668817474572894,283.6773760855258,107.40769438917908,ICV_113_CASE_6_with_r_theta_phi.csv,0.15109016064181718,-0.9716425625912852,0.23645449998052562,0.954200160998598,-0.2991689368070318,0.003375447588,0.003874437,-0.0004989893641737099,14.782909555456584,ICV_113_CASE_6_with_r_theta_phi.csv
1.569851766,0.9568,-0.7967886027,0.0,2952.259635,0.4323981075,329.9448738,257.9283992,14.92247833,0.03630142763,0.04312160556,322.306919478862,131.075161937948,0.295122157143474,826.192527353848,807.334548365193,0.0006691167543644,0.0431247273958782,0.0363014692434201,332.239680072915,113.51081446063978,7.453357986610214,48.45392707899548,72.51024536825452,0.9205738033607016,2.0036898174632563,31.361651533237197,113.43201587315713,ICV_113_CASE_6_with_r_theta_phi.csv,0.11343518966029913,0.5204382276540165,0.8538993214638048,0.9175325631654223,-0.3976606537376943,0.0,7.351954e-06,-7.35195408196887e-06,0.0,ICV_113_CASE_6_with_r_theta_phi.csv
15.71765321,0.9568,-0.7939891929,0.0,1978.726599,0.4332588403,326.1110775,64.64889614,2.967103626,0.03630109208,0.04311768036,322.306919478862,131.075161937948,0.295122157143474,826.192527353848,807.334548365193,0.0006691167543644,0.0431247273958782,0.0363014692434201,332.239680072915,113.51081446063978,7.453357986610214,48.45392707899548,72.51024536825452,0.9205738033607016,15.766753232934969,3.4835376218601937,92.88654733670604,ICV_113_CASE_6_with_r_theta_phi.csv,0.8926055458870495,0.060761750232399867,0.9981522978527352,0.9987312085371577,-0.05035844610299677,0.0,2.0333971e-05,-2.0333971406216733e-05,0.0,ICV_113_CASE_6_with_r_theta_phi.csv
3.911327616,0.9568,-0.793476954,0.0,1409.951448,0.4329845755,325.5019021,139.2430659,2.299173397,0.03630133808,0.04311997504,322.306919478862,131.075161937948,0.295122157143474,826.192527353848,807.334548365193,0.0006691167543644,0.0431247273958782,0.0363014692434201,332.239680072915,113.51081446063978,7.453357986610214,48.45392707899548,72.51024536825452,0.9205738033607016,4.104090110635165,13.74591194097627,101.14765591795656,ICV_113_CASE_6_with_r_theta_phi.csv,0.23234546386638769,0.23761658637713956,0.9713590262505802,0.9811321939145312,-0.19333809263685905,0.0,7.976879e-06,-7.97687880549347e-06,0.0,ICV_113_CASE_6_with_r_theta_phi.csv
13.57549144,0.9568,-0.7910679746,0.0,1811.612616,0.429992555,328.3921305,81.75101785,6.564889245,0.03630109426,0.0431176827,322.306919478862,131.075161937948,0.295122157143474,826.192527353848,807.334548365193,0.0006691167543644,0.0431247273958782,0.0363014692434201,332.239680072915,113.51081446063978,7.453357986610214,48.45392707899548,72.51024536825452,0.9205738033607016,13.632139326530924,4.031537221285191,93.32672164628372,ICV_113_CASE_6_with_r_theta_phi.csv,0.7717583313061953,0.07030555068185664,0.9975255032044649,0.9983148612881391,-0.05802962804674533,0.0,1.0751841e-05,-1.0751840818556957e-05,0.0,ICV_113_CASE_6_with_r_theta_phi.csv
10.88902041,-2.47719781,-0.7896144707,0.0033751796,2511.830477,0.420041297,327.9646487,27.1892136,2.351512353,0.03630130459,0.04311987639,322.306919478862,131.075161937948,0.295122157143474,826.192527353848,807.334548365193,0.0006691167543644,0.0431247273958782,0.0363014692434201,332.239680072915,113.51081446063978,7.453357986610214,48.45392707899548,72.51024536825452,0.9205738033607016,11.195122397348062,347.1836241732953,94.04454460250832,ICV_113_CASE_6_with_r_theta_phi.csv,0.6337911294180282,-0.2218271980453413,0.9750859932371877,0.9975095166182862,-0.07053200873329017,0.0033751796,0.003286345,8.883466947040564e-05,2.6319982925971006,ICV_113_CASE_6_with_r_theta_phi.csv
2.035024285,0.9568,-0.7861986781,0.0,1264.278057,0.4329149674,325.8729662,80.29224026,1.643393638,0.03630138108,0.04312041845,322.306919478862,131.075161937948,0.295122157143474,826.192527353848,807.334548365193,0.0006691167543644,0.0431247273958782,0.0363014692434201,332.239680072915,113.51081446063978,7.453357986610214,48.45392707899548,72.51024536825452,0.9205738033607016,2.3822045340368967,25.18133206393975,109.27058913591372,ICV_113_CASE_6_with_r_theta_phi.csv,0.13486409960909795,0.4254844609812009,0.904965730546487,0.9439704856958563,-0.33002988067011335,0.0,7.351954e-06,-7.35195408196887e-06,0.0,ICV_113_CASE_6_with_r_theta_phi.csv
1.087270382,1.01,-0.7819370772,0.0,26266.09229,0.436079821,365.4130261,429.1415726,62.74167606,0.03630146967,0.04312478274,322.306919478862,131.075161937948,0.295122157143474,826.192527353848,807.334548365193,0.0006691167543644,0.0431247273958782,0.0363014692434201,332.239680072915,113.51081446063978,7.453357986610214,48.45392707899548,72.51024536825452,0.9205738033607016,1.6774034923877157,42.889988241956814,117.78526958408236,ICV_113_CASE_6_with_r_theta_phi.csv,0.09496309340771401,0.6805928553823033,0.7326618355029578,0.8847008513067031,-0.46615920423949037,0.0,-0.00010666128,0.00010666128218872473,0.0,ICV_113_CASE_6_with_r_theta_phi.csv
0.1428504873,0.9568,-0.7818986634,0.0,17085.90661,0.4343643287,351.0445689,751.5339475,56.25624992,0.03630143268,0.04312306862,322.306919478862,131.075161937948,0.295122157143474,826.192527353848,807.334548365193,0.0006691167543644,0.0431247273958782,0.0363014692434201,332.239680072915,113.51081446063978,7.453357986610214,48.45392707899548,72.51024536825452,0.9205738033607016,1.2438802279755692,81.50844842071905,128.9466450051142,ICV_113_CASE_6_with_r_theta_phi.csv,0.07041997635828795,0.9890376475154405,0.14766357640638156,0.7777316603571627,-0.6285964241690299,0.0,-0.00010666128,0.00010666128218872473,0.0,ICV_113_CASE_6_with_r_theta_phi.csv
13.74650164,0.9568,-0.7818981823,0.0,-5034.49105,0.4715971547,332.5895838,547.5866358,27.82883257,0.03630106215,0.04311742977,322.306919478862,131.075161937948,0.295122157143474,826.192527353848,807.334548365193,0.0006691167543644,0.0431247273958782,0.0363014692434201,332.239680072915,113.51081446063978,7.453357986610214,48.45392707899548,72.51024536825452,0.9205738033607016,13.801925168106322,3.9815461231405607,93.24762401360914,ICV_113_CASE_6_with_r_theta_phi.csv,0.781370442408862,0.06943517379350415,0.9975864657463361,0.998394020679948,-0.056651385424608805,0.0,1.0751841e-05,-1.0751840818556957e-05,0.0,ICV_113_CASE_6_with_r_theta_phi.csv
14.69093778,1.01,-0.7818908644,0.0,-3404.627892,0.4557461492,329.9125125,3404.082468,62.5379476,0.03630093692,0.04311654953,322.306919478862,131.075161937948,0.295122157143474,826.192527353848,807.334548365193,0.0006691167543644,0.0431247273958782,0.0363014692434201,332.239680072915,113.51081446063978,7.453357986610214,48.45392707899548,72.51024536825452,0.9205738033607016,14.7463590821485,3.932888616004959,93.03939869243754,ICV_113_CASE_6_with_r_theta_phi.csv,0.8348378200574773,0.0685879648063949,0.9976450727005656,0.9985933105242523,-0.05302263833698008,0.0,1.0751841e-05,-1.0751840818556957e-05,0.0,ICV_113_CASE_6_with_r_theta_phi.csv
12.92312482,-2.481427301,-0.776220684,0.003375394503,1978.057324,0.4191618239,329.8461551,24.54052201,3.750814412,0.03630101353,0.04311675312,322.306919478862,131.075161937948,0.295122157143474,826.192527353848,807.334548365193,0.0006691167543644,0.0431247273958782,0.0363014692434201,332.239680072915,113.51081446063978,7.453357986610214,48.45392707899548,72.51024536825452,0.9205738033607016,13.182077040956694,349.13067362324114,93.37578901731511,ICV_113_CASE_6_with_r_theta_phi.csv,0.7462788881917439,-0.18856971870434644,0.9820598053009622,0.998264799383167,-0.05888455071141499,0.003375394503,0.003517267,-0.00014187255839743325,4.203140054571626,ICV_113_CASE_6_with_r_theta_phi.csv
14.69497677,0.9568,-0.769790282,0.0,-1438.489175,0.4439456013,328.8403426,2690.372033,44.94837959,0.03630094728,0.04311662297,322.306919478862,131.075161937948,0.295122157143474,826.192527353848,807.334548365193,0.0006691167543644,0.0431247273958782,0.0363014692434201,332.239680072915,113.51081446063978,7.453357986610214,48.45392707899548,72.51024536825452,0.9205738033607016,14.746199021751377,3.725309016141296,92.99235016434034,ICV_113_CASE_6_with_r_theta_phi.csv,0.834828758534408,0.06497310688000783,0.997887015339091,0.9986365134794157,-0.05220262393478642,0.0,1.0751841e-05,-1.0751840818556957e-05,0.0,ICV_113_CASE_6_with_r_theta_phi.csv
1.091366764,0.9568,-0.7696609905,0.0,17220.6139,0.4343309251,356.2941763,743.8514487,64.57830842,0.03630145488,0.04312373645,322.306919478862,131.075161937948,0.295122157143474,826.192527353848,807.334548365193,0.0006691167543644,0.0431247273958782,0.0363014692434201,332.239680072915,113.51081446063978,7.453357986610214,48.45392707899548,72.51024536825452,0.9205738033607016,1.642840739043585,41.24100804594917,117.93658162046104,ICV_113_CASE_6_with_r_theta_phi.csv,0.09300638711185767,0.6592278138395347,0.7519432754273077,0.8834666909595196,-0.4684939764447742,0.0,-0.00010666128,0.00010666128218872473,0.0,ICV_113_CASE_6_with_r_theta_phi.csv
13.74241833,1.01,-0.7696595409,0.0,-8841.852184,0.5173559545,330.7552033,1231.333392,45.43928426,0.03162399128,0.03756202087,322.306919478862,131.075161937948,0.295122157143474,826.192527353848,807.334548365193,0.0006691167543644,0.0431247273958782,0.0363014692434201,332.239680072915,113.51081446063978,7.453357986610214,48.45392707899548,72.51024536825452,0.9205738033607016,13.800961465260976,4.2033999514813445,93.19696088329005,ICV_113_CASE_6_with_r_theta_phi.csv,0.7813158841563395,0.07329737798655307,0.9973101294884638,0.9984437236947814,-0.055768545027631046,0.0,1.26373e-05,-1.2637299732887186e-05,0.0,ICV_113_CASE_6_with_r_theta_phi.csv
0.1386886428,1.01,-0.7694139238,0.0,28168.63989,0.4364798101,363.3970384,504.5197205,69.75019179,0.03630146924,0.04312473716,322.306919478862,131.075161937948,0.295122157143474,826.192527353848,807.334548365193,0.0006691167543644,0.0431247273958782,0.0363014692434201,332.239680072915,113.51081446063978,7.453357986610214,48.45392707899548,72.51024536825452,0.9205738033607016,1.2772362059458766,82.18129934790772,127.04236309337271,ICV_113_CASE_6_with_r_theta_phi.csv,0.07230836330041301,0.9907034917728516,0.1360389333576214,0.798190324530394,-0.6024053500974774,0.0,-0.00010666128,0.00010666128218872473,0.0,ICV_113_CASE_6_with_r_theta_phi.csv
11.31932342,-2.48375384,-0.7687436923,0.003375564003,2213.221767,0.4200708239,327.7651786,57.65510195,2.935184249,0.03630102753,0.04311706375,322.306919478862,131.075161937948,0.295122157143474,826.192527353848,807.334548365193,0.0006691167543644,0.0431247273958782,0.0363014692434201,332.239680072915,113.51081446063978,7.453357986610214,48.45392707899548,72.51024536825452,0.9205738033607016,11.614089834710525,347.62395484255546,93.7952173175762,ICV_113_CASE_6_with_r_theta_phi.csv,0.65751019526569,-0.21432697064425363,0.9767619718511041,0.9978069969338806,-0.06619061013308986,0.003375564003,0.0034896191,-0.00011405511795546707,3.378846255627599,ICV_113_CASE_6_with_r_theta_phi.csv
1.254568778,0.9568,-0.765051227,0.0,3875.063052,0.4321499688,339.7863922,825.1672445,48.63703509,0.0363014319,0.04312204919,322.306919478862,131.075161937948,0.295122157143474,826.192527353848,807.334548365193,0.0006691167543644,0.0431247273958782,0.0363014692434201,332.239680072915,113.51081446063978,7.453357986610214,48.45392707899548,72.51024536825452,0.9205738033607016,1.7534857965397437,37.331044857777385,115.868238932297,ICV_113_CASE_6_with_r_theta_phi.csv,0.0992703522089811,0.6064193266508199,0.7951450183861848,0.8997997753404027,-0.43630306473523756,0.0,7.351954e-06,-7.35195408196887e-06,0.0,ICV_113_CASE_6_with_r_theta_phi.csv
14.84349123,0.9568,-0.7432977655,0.0,1940.406145,0.4298479244,327.1943989,1066.859249,17.4233143,0.03630097627,0.04311682503,322.306919478862,131.075161937948,0.295122157143474,826.192527353848,807.334548365193,0.0006691167543644,0.0431247273958782,0.0363014692434201,332.239680072915,113.51081446063978,7.453357986610214,48.45392707899548,72.51024536825452,0.9205738033607016,14.892857002713892,3.688139355021576,92.86080270584772,ICV_113_CASE_6_with_r_theta_phi.csv,0.8431315286242124,0.06432573104772642,0.9979289555500309,0.9987537352051321,-0.04990968256557799,0.0,1.0751841e-05,-1.0751840818556957e-05,0.0,ICV_113_CASE_6_with_r_theta_phi.csv
-0.03906942294,0.9568,-0.7431982146,0.0,1696.79075,0.4331442302,330.5577397,544.7965197,23.93666778,0.03630139732,0.04312116217,322.306919478862,131.075161937948,0.295122157143474,826.192527353848,807.334548365193,0.0006691167543644,0.0431247273958782,0.0363014692434201,332.239680072915,113.51081446063978,7.453357986610214,48.45392707899548,72.51024536825452,0.9205738033607016,1.2121618068531494,92.3382840127731,127.8152972573244,ICV_113_CASE_6_with_r_theta_phi.csv,0.0686242966655588,0.9991673567182875,-0.040799427307136676,0.7899913456894132,-0.613117993322517,0.0,7.351954e-06,-7.35195408196887e-06,0.0,ICV_113_CASE_6_with_r_theta_phi.csv
15.43449654,0.9568,-0.7417726499,0.0,1895.324596,0.4329476195,326.3941253,96.50725985,3.864820145,0.03630106981,0.04311751513,322.306919478862,131.075161937948,0.295122157143474,826.192527353848,807.334548365193,0.0006691167543644,0.0431247273958782,0.0363014692434201,332.239680072915,113.51081446063978,7.453357986610214,48.45392707899548,72.51024536825452,0.9205738033607016,15.481904803589629,3.547283844187291,92.74622019062024,ICV_113_CASE_6_with_r_theta_phi.csv,0.8764793793888164,0.06187223814286203,0.9980840776944561,0.9988515494342632,-0.04791223427029556,0.0,1.0751841e-05,-1.0751840818556957e-05,0.0,ICV_113_CASE_6_with_r_theta_phi.csv
12.62064821,-2.65,-0.7388149487,0.0,-8208.622277,0.5740686244,403.0692932,2649.589002,23.12371421,0.01817454557,0.02158687751,322.306919478862,131.075161937948,0.295122157143474,826.192527353848,807.334548365193,0.0006691167543644,0.0431247273958782,0.0363014692434201,332.239680072915,113.51081446063978,7.453357986610214,48.45392707899548,72.51024536825452,0.9205738033607016,12.917008506964716,348.1416823858979,93.27893981170126,ICV_113_CASE_6_with_r_theta_phi.csv,0.7312725238511671,-0.20549227062193606,0.978658738639083,0.9983629079597663,-0.057197062950112273,0.0,-8.723473e-05,8.723473001737148e-05,0.0,ICV_113_CASE_6_with_r_theta_phi.csv
12.56332499,0.9568,-0.7370217368,0.0,1826.720264,0.4299980257,326.2570392,63.35050635,2.224710766,0.03630112197,0.0431179409,322.306919478862,131.075161937948,0.295122157143474,826.192527353848,807.334548365193,0.0006691167543644,0.0431247273958782,0.0363014692434201,332.239680072915,113.51081446063978,7.453357986610214,48.45392707899548,72.51024536825452,0.9205738033607016,12.621244078333728,4.355135399922233,93.34771052569728,ICV_113_CASE_6_with_r_theta_phi.csv,0.7145283682617547,0.07593827749588473,0.9971125202357847,0.9982935365981453,-0.05839533188849517,0.0,4.9229475e-06,-4.922947482555173e-06,0.0,ICV_113_CASE_6_with_r_theta_phi.csv
1.409199967,0.9568,-0.7337085785,0.0,3573.393517,0.4325922281,333.4644391,338.2005258,24.16196872,0.0363014317,0.04312193801,322.306919478862,131.075161937948,0.295122157143474,826.192527353848,807.334548365193,0.0006691167543644,0.0431247273958782,0.0363014692434201,332.239680072915,113.51081446063978,7.453357986610214,48.45392707899548,72.51024536825452,0.9205738033607016,1.8546263950341295,34.175202868084284,113.30401792199166,ICV_113_CASE_6_with_r_theta_phi.csv,0.10499623995496563,0.5617253716992183,0.8273237617700673,0.9184186410736173,-0.3956099085317381,0.0,7.351954e-06,-7.35195408196887e-06,0.0,ICV_113_CASE_6_with_r_theta_phi.csv
11.62115324,-2.496933287,-0.7247924962,0.00188244204,-794.9149728,0.4202947619,332.5136843,606.1423888,24.62220153,0.0361988325,0.04299510224,322.306919478862,131.075161937948,0.295122157143474,826.192527353848,807.334548365193,0.0006691167543644,0.0431247273958782,0.0363014692434201,332.239680072915,113.51081446063978,7.453357986610214,48.45392707899548,72.51024536825452,0.9205738033607016,11.908450891272087,347.8737290764737,93.4893902924286,ICV_113_CASE_6_with_r_theta_phi.csv,0.6741749015434018,-0.21006686826709425,0.9776870209102989,0.998146085931408,-0.06086370954690759,0.00188244204,0.0016154036,0.0002670384706965471,14.185747283602401,ICV_113_CASE_6_with_r_theta_phi.csv
1.295606689,-2.498220151,-0.7203444167,0.00337544363,15742.89068,0.4359647295,329.5101407,229.1973452,16.76990131,0.03630146081,0.04312393867,322.306919478862,131.075161937948,0.295122157143474,826.192527353848,807.334548365193,0.0006691167543644,0.0431247273958782,0.0363014692434201,332.239680072915,113.51081446063978,7.453357986610214,48.45392707899548,72.51024536825452,0.9205738033607016,2.904926280323628,297.41179175971087,104.35762017597636,ICV_113_CASE_6_with_r_theta_phi.csv,0.16445702358006856,-0.8877206549038135,0.46038249190987324,0.968766843970658,-0.24797338974803462,0.00337544363,0.003874437,-0.0004989933221737097,14.783044148359226,ICV_113_CASE_6_with_r_theta_phi.csv
12.62109556,-2.499679273,-0.7152646588,0.001803499879,-3274.892894,0.4170117863,334.6670436,844.3144473,20.0490486,0.0363029227,0.04311898882,322.306919478862,131.075161937948,0.295122157143474,826.192527353848,807.334548365193,0.0006691167543644,0.0431247273958782,0.0363014692434201,332.239680072915,113.51081446063978,7.453357986610214,48.45392707899548,72.51024536825452,0.9205738033607016,12.886118621782348,348.7972258370014,93.18192937499408,ICV_113_CASE_6_with_r_theta_phi.csv,0.7295237501868467,-0.19428184715200258,0.9809457497064789,0.9984583201739707,-0.055506602088151974,0.001803499879,0.0017909942,1.2505682801119359e-05,0.6934119009267335,ICV_113_CASE_6_with_r_theta_phi.csv
13.0488077,0.9568,-0.7072329838,0.0,1851.200253,0.4297950343,326.4182616,47.8015438,2.366916249,0.03630110897,0.0431178231,322.306919478862,131.075161937948,0.295122157143474,826.192527353848,807.334548365193,0.0006691167543644,0.0431247273958782,0.0363014692434201,332.239680072915,113.51081446063978,7.453357986610214,48.45392707899548,72.51024536825452,0.9205738033607016,13.10293963677441,4.193691173665684,93.09405121062156,ICV_113_CASE_6_with_r_theta_phi.csv,0.7417986705580554,0.07312838259476001,0.9973225354212519,0.9985422797289104,-0.053975138663929695,0.0,2.6540532e-05,-2.6540532417129725e-05,0.0,ICV_113_CASE_6_with_r_theta_phi.csv
17.39218766,0.9568,-0.705919247,0.00337541406,2484.240845,0.435374717,326.8017744,18.73380669,1.466297809,0.03630120023,0.04311845235,322.306919478862,131.075161937948,0.295122157143474,826.192527353848,807.334548365193,0.0006691167543644,0.0431247273958782,0.0363014692434201,332.239680072915,113.51081446063978,7.453357986610214,48.45392707899548,72.51024536825452,0.9205738033607016,17.432784626213373,3.1488504568129088,92.32075690378416,ICV_113_CASE_6_with_r_theta_phi.csv,0.986924828956428,0.05493014690159029,0.9984901997322606,0.9991797907477115,-0.04049377435309577,0.00337541406,0.002761919,0.0006134950085912323,18.1754000399429,ICV_113_CASE_6_with_r_theta_phi.csv
11.62147106,-2.65,-0.6983069315,0.0,-4203.623877,0.5679258655,347.2716912,1757.995486,52.97122996,0.0196639918,0.02335582727,322.306919478862,131.075161937948,0.295122157143474,826.192527353848,807.334548365193,0.0006691167543644,0.0431247273958782,0.0363014692434201,332.239680072915,113.51081446063978,7.453357986610214,48.45392707899548,72.51024536825452,0.9205738033607016,11.940214494262593,347.15468964880404,93.35277755033712,ICV_113_CASE_6_with_r_theta_phi.csv,0.6759731391239491,-0.22231959081706018,0.9749738455666054,0.9982883684293956,-0.05848361701002427,0.0,-0.00011466131,0.00011466130672488362,0.0,ICV_113_CASE_6_with_r_theta_phi.csv
13.61730561,-2.505052687,-0.6962119179,0.00337540335,2052.984109,0.42038494,327.9726167,19.32892947,2.325096727,0.03630100934,0.04311680137,322.306919478862,131.075161937948,0.295122157143474,826.192527353848,807.334548365193,0.0006691167543644,0.0431247273958782,0.0363014692434201,332.239680072915,113.51081446063978,7.453357986610214,48.45392707899548,72.51024536825452,0.9205738033607016,13.863297301703136,349.57635476363265,92.87859302256174,ICV_113_CASE_6_with_r_theta_phi.csv,0.7848449121365295,-0.1809250372497314,0.9834968891136276,0.9987381901239022,-0.05021979279160869,0.00337540335,0.003519443,-0.00014403974659302253,4.267334348363113,ICV_113_CASE_6_with_r_theta_phi.csv
12.7924484,-2.505404052,-0.6949464264,0.003375404282,2001.730481,0.4185728644,331.4485992,30.31830739,5.299376925,0.03630097824,0.04311662793,322.306919478862,131.075161937948,0.295122157143474,826.192527353848,807.334548365193,0.0006691167543644,0.0431247273958782,0.0363014692434201,332.239680072915,113.51081446063978,7.453357986610214,48.45392707899548,72.51024536825452,0.9205738033607016,13.053993108087912,348.9188680364679,93.05165850355354,ICV_113_CASE_6_with_r_theta_phi.csv,0.7390276534493316,-0.19219880723385124,0.9813560100686626,0.9985819421943819,-0.0532363101961063,0.003375404282,0.003517267,-0.0001418627793974333,4.202838164065732,ICV_113_CASE_6_with_r_theta_phi.csv
-0.2429847303,0.9568,-0.6881703706,0.0,1813.180777,0.4336166231,328.7830107,284.5416434,15.69184302,0.03630141314,0.0431216406,322.306919478862,131.075161937948,0.295122157143474,826.192527353848,807.334548365193,0.0006691167543644,0.0431247273958782,0.0363014692434201,332.239680072915,113.51081446063978,7.453357986610214,48.45392707899548,72.51024536825452,0.9205738033607016,1.203364565761642,104.24935229434811,124.8808618733068,ICV_113_CASE_6_with_r_theta_phi.csv,0.06812625714716374,0.9692336923084067,-0.24614233624919718,0.8203429401835506,-0.5718718916776794,0.0,7.351954e-06,-7.35195408196887e-06,0.0,ICV_113_CASE_6_with_r_theta_phi.csv
11.4562855,-2.50809627,-0.6851664757,0.00337573234,2240.513057,0.4211449506,327.2997765,94.76289044,4.874739848,0.03630099961,0.0431166316,322.306919478862,131.075161937948,0.295122157143474,826.192527353848,807.334548365193,0.0006691167543644,0.0431247273958782,0.0363014692434201,332.239680072915,113.51081446063978,7.453357986610214,48.45392707899548,72.51024536825452,0.9205738033607016,11.747615820093936,347.65120595062297,93.34360935305546,ICV_113_CASE_6_with_r_theta_phi.csv,0.6650695217365514,-0.21386237736630717,0.9768637998959891,0.9982977139182029,-0.05832387492005343,0.00337573234,0.0034896191,-0.00011388678095546707,3.3736910824431696,ICV_113_CASE_6_with_r_theta_phi.csv
9.311995737,0.9568,-0.6841116524,0.0,1839.453246,0.4321225341,325.7644796,137.9008997,3.074362507,0.03630123123,0.04311895743,322.306919478862,131.075161937948,0.295122157143474,826.192527353848,807.334548365193,0.0006691167543644,0.0431247273958782,0.0363014692434201,332.239680072915,113.51081446063978,7.453357986610214,48.45392707899548,72.51024536825452,0.9205738033607016,9.385986341288572,5.866507605766401,94.17979498772615,ICV_113_CASE_6_with_r_theta_phi.csv,0.5313702407895631,0.10221106318619931,0.9947627348078268,0.9973402422220397,-0.07288649562493246,0.0,1.1500056e-05,-1.1500055734359194e-05,0.0,ICV_113_CASE_6_with_r_theta_phi.csv
17.30523543,0.9568,-0.6822917999,0.001705561532,2471.985986,0.4352214135,326.8079028,29.36590621,1.622537554,0.03630118862,0.04311836659,322.306919478862,131.075161937948,0.295122157143474,826.192527353848,807.334548365193,0.0006691167543644,0.0431247273958782,0.0363014692434201,332.239680072915,113.51081446063978,7.453357986610214,48.45392707899548,72.51024536825452,0.9205738033607016,17.345090418557582,3.16464015456188,92.25438600755172,ICV_113_CASE_6_with_r_theta_phi.csv,0.9819601837349744,0.055205310951771454,0.9984750240455282,0.9992260279634064,-0.039336306899272436,0.001705561532,0.0013768149,0.0003287466245832987,19.27497883966985,ICV_113_CASE_6_with_r_theta_phi.csv
13.11546108,-2.510005596,-0.6781385622,0.003375396598,2024.975382,0.4196368765,328.7629296,20.9674515,2.750370624,0.03630100324,0.04311674086,322.306919478862,131.075161937948,0.295122157143474,826.192527353848,807.334548365193,0.0006691167543644,0.0431247273958782,0.0363014692434201,332.239680072915,113.51081446063978,7.453357986610214,48.45392707899548,72.51024536825452,0.9205738033607016,13.37068881331432,349.1658710939305,92.9071916377194,ICV_113_CASE_6_with_r_theta_phi.csv,0.7569567945139108,-0.18796639228170522,0.9821754605835966,0.9987129990045883,-0.05071829669124607,0.003375396598,0.003517267,-0.00014187046339743338,4.203075379037359,ICV_113_CASE_6_with_r_theta_phi.csv
13.61424575,0.9568,-0.6777814893,0.0,2009.929296,0.429353128,330.4603396,100.5937045,10.05582568,0.036301099,0.04311774341,322.306919478862,131.075161937948,0.295122157143474,826.192527353848,807.334548365193,0.0006691167543644,0.0431247273958782,0.0363014692434201,332.239680072915,113.51081446063978,7.453357986610214,48.45392707899548,72.51024536825452,0.9205738033607016,13.66464567153612,4.020098729024426,92.84310043957504,ICV_113_CASE_6_with_r_theta_phi.csv,0.773598617850894,0.07010640393765612,0.9975395190802869,0.9987691077722004,-0.04960110240632428,0.0,1.0751841e-05,-1.0751840818556957e-05,0.0,ICV_113_CASE_6_with_r_theta_phi.csv
6.099009012,0.9568,-0.676145417,0.0,1597.275409,0.4331861037,325.2414391,139.8415313,1.858920459,0.03630130082,0.04311955916,322.306919478862,131.075161937948,0.295122157143474,826.192527353848,807.334548365193,0.0006691167543644,0.0431247273958782,0.0363014692434201,332.239680072915,113.51081446063978,7.453357986610214,48.45392707899548,72.51024536825452,0.9205738033607016,6.210519285324482,8.915776927855632,96.2502375059255,ICV_113_CASE_6_with_r_theta_phi.csv,0.35159705203854336,0.15498242440429777,0.9879172273656159,0.9940558869322347,-0.10887099547339645,0.0,7.976879e-06,-7.97687880549347e-06,0.0,ICV_113_CASE_6_with_r_theta_phi.csv
11.12016555,-2.511272887,-0.673430386,0.003375127679,2429.446731,0.4193844458,328.4491336,24.23584464,2.225240274,0.03630125866,0.04311936713,322.306919478862,131.075161937948,0.295122157143474,826.192527353848,807.334548365193,0.0006691167543644,0.0431247273958782,0.0363014692434201,332.239680072915,113.51081446063978,7.453357986610214,48.45392707899548,72.51024536825452,0.9205738033607016,11.420073636241415,347.274331626932,93.38063634811829,ICV_113_CASE_6_with_r_theta_phi.csv,0.6465263273642317,-0.22028321943393972,0.9754359554762264,0.9982598140668063,-0.05896900558179192,0.003375127679,0.003298783,7.6344702655772e-05,2.261979690669717,ICV_113_CASE_6_with_r_theta_phi.csv
16.19868659,0.9568,-0.6643056193,0.0,2126.211546,0.4333371526,326.50081,53.56097395,2.430454723,0.03630112769,0.04311794345,322.306919478862,131.075161937948,0.295122157143474,826.192527353848,807.334548365193,0.0006691167543644,0.0431247273958782,0.0363014692434201,332.239680072915,113.51081446063978,7.453357986610214,48.45392707899548,72.51024536825452,0.9205738033607016,16.240511550960438,3.380334632474387,92.34429377986083,ICV_113_CASE_6_with_r_theta_phi.csv,0.9194264960111567,0.05896374881328327,0.9982601245797029,0.9991630717608695,-0.04090422996932724,0.0,1.173276e-05,-1.1732759958249517e-05,0.0,ICV_113_CASE_6_with_r_theta_phi.csv
7.247006242,-2.513908222,-0.6635250206,0.003375429194,4985.585389,0.4341186808,329.8001311,426.4330932,22.0670695,0.03630139921,0.04312161183,322.306919478862,131.075161937948,0.295122157143474,826.192527353848,807.334548365193,0.0006691167543644,0.0431247273958782,0.0363014692434201,332.239680072915,113.51081446063978,7.453357986610214,48.45392707899548,72.51024536825452,0.9205738033607016,7.69929214104702,340.86889196344094,94.94388308079328,ICV_113_CASE_6_with_r_theta_phi.csv,0.43588117115624114,-0.327730899077914,0.9447711139686596,0.9962795827805109,-0.08618000310217701,0.003375429194,0.0038715124,-0.0004960831724587734,14.696891678060316,ICV_113_CASE_6_with_r_theta_phi.csv
10.6124404,-2.5141284,-0.6626902664,0.003375394968,2753.646727,0.4280084466,327.4545845,58.08255532,4.554268041,0.03630134241,0.04312039251,322.306919478862,131.075161937948,0.295122157143474,826.192527353848,807.334548365193,0.0006691167543644,0.0431247273958782,0.0363014692434201,332.239680072915,113.51081446063978,7.453357986610214,48.45392707899548,72.51024536825452,0.9205738033607016,10.926293573047545,346.6721168736142,93.47717845803078,ICV_113_CASE_6_with_r_theta_phi.csv,0.6185718832029171,-0.23052330972430143,0.973066803294488,0.9981590355510838,-0.06065096658529214,0.003375394968,0.0034896191,-0.00011422415295546731,3.3840233218486886,ICV_113_CASE_6_with_r_theta_phi.csv
1.745013988,0.9568,-0.661600058,0.0,2032.910702,0.4319707215,328.1420666,173.2424702,7.908851571,0.03630141969,0.04312125228,322.306919478862,131.075161937948,0.295122157143474,826.192527353848,807.334548365193,0.0006691167543644,0.0431247273958782,0.0363014692434201,332.239680072915,113.51081446063978,7.453357986610214,48.45392707899548,72.51024536825452,0.9205738033607016,2.0972016343359234,28.736181544594046,108.38907035180648,ICV_113_CASE_6_with_r_theta_phi.csv,0.11872918805764571,0.4807773081266665,0.8768427338984319,0.9489362070684665,-0.3154680251856161,0.0,7.351954e-06,-7.35195408196887e-06,0.0,ICV_113_CASE_6_with_r_theta_phi.csv
15.05674639,0.9568,-0.656874617,0.0,1846.133443,0.4320110634,326.4676119,285.552618,6.939055282,0.03630102886,0.0431172131,322.306919478862,131.075161937948,0.295122157143474,826.192527353848,807.334548365193,0.0006691167543644,0.0431247273958782,0.0363014692434201,332.239680072915,113.51081446063978,7.453357986610214,48.45392707899548,72.51024536825452,0.9205738033607016,15.101409283746897,3.6360437923448217,92.49301378468022,ICV_113_CASE_6_with_r_theta_phi.csv,0.8549383299299242,0.06341834856339398,0.9979870305096614,0.9990535327743445,-0.043497570634481716,0.0,1.0751841e-05,-1.0751840818556957e-05,0.0,ICV_113_CASE_6_with_r_theta_phi.csv
17.2013724,0.9568,-0.656167916,0.0,2425.277924,0.4352906452,326.6443052,42.41885618,1.899084263,0.03630117744,0.0431182801,322.306919478862,131.075161937948,0.295122157143474,826.192527353848,807.334548365193,0.0006691167543644,0.0431247273958782,0.0363014692434201,332.239680072915,113.51081446063978,7.453357986610214,48.45392707899548,72.51024536825452,0.9205738033607016,17.2404534458195,3.183709271452585,92.18119174130192,ICV_113_CASE_6_with_r_theta_phi.csv,0.9760363552338888,0.05553761922254307,0.9984565953766302,0.9992754639849181,-0.038059782943766336,0.0,0.00017934595,-0.00017934595234692097,0.0,ICV_113_CASE_6_with_r_theta_phi.csv
13.48244188,0.9568,-0.6541464051,0.0,1871.995767,0.4298685517,327.6184559,61.94753358,4.897624121,0.03630110419,0.0431177835,322.306919478862,131.075161937948,0.295122157143474,826.192527353848,807.334548365193,0.0006691167543644,0.0431247273958782,0.0363014692434201,332.239680072915,113.51081446063978,7.453357986610214,48.45392707899548,72.51024536825452,0.9205738033607016,13.532169552842706,4.059268326122094,92.7707634275406,ICV_113_CASE_6_with_r_theta_phi.csv,0.7660987276391081,0.07078834385872536,0.9974913585458968,0.9988309340952604,-0.048340098204177936,0.0,1.0751841e-05,-1.0751840818556957e-05,0.0,ICV_113_CASE_6_with_r_theta_phi.csv
2.104776793,-2.518105514,-0.647413795,0.003375437576,13784.32769,0.4358346639,337.6447588,218.8044205,26.99584531,0.03630145994,0.04312383356,322.306919478862,131.075161937948,0.295122157143474,826.192527353848,807.334548365193,0.0006691167543644,0.0431247273958782,0.0363014692434201,332.239680072915,113.51081446063978,7.453357986610214,48.45392707899548,72.51024536825452,0.9205738033607016,3.3451584939946977,309.8908092729613,101.1593042598065,ICV_113_CASE_6_with_r_theta_phi.csv,0.18937995537176383,-0.7672680358844801,0.6413265635461953,0.9810928676338926,-0.19353755469651182,0.003375437576,0.003551175,-0.00017573731052467718,5.2063564061186955,ICV_113_CASE_6_with_r_theta_phi.csv
2.870752158,-2.518220836,-0.6469650833,0.003375433385,11705.18599,0.4356303728,338.5447149,235.4118901,28.56462851,0.03630145804,0.04312365414,322.306919478862,131.075161937948,0.295122157143474,826.192527353848,807.334548365193,0.0006691167543644,0.0431247273958782,0.0363014692434201,332.239680072915,113.51081446063978,7.453357986610214,48.45392707899548,72.51024536825452,0.9205738033607016,3.873140579753796,318.742794419554,99.61569796739848,ICV_113_CASE_6_with_r_theta_phi.csv,0.21927068372369446,-0.6594403620894541,0.7517568814765381,0.9859503085596534,-0.16703888484758372,0.003375433385,0.003551175,-0.00017574150152467735,5.206487032260377,ICV_113_CASE_6_with_r_theta_phi.csv
11.32745307,0.9568,-0.6397902692,0.0,1854.211336,0.4315433945,325.5920039,99.15385378,2.906211441,0.03630115413,0.04311826638,322.306919478862,131.075161937948,0.295122157143474,826.192527353848,807.334548365193,0.0006691167543644,0.0431247273958782,0.0363014692434201,332.239680072915,113.51081446063978,7.453357986610214,48.45392707899548,72.51024536825452,0.9205738033607016,11.385780205221575,4.8281621639639525,93.22126373204549,ICV_113_CASE_6_with_r_theta_phi.csv,0.6445848682531787,0.08416763185166458,0.9964516093360894,0.9984199788278783,-0.0561920446089932,0.0,1.1500056e-05,-1.1500055734359194e-05,0.0,ICV_113_CASE_6_with_r_theta_phi.csv
-0.8057112317,0.9568,-0.6363743614,0.0,2783.375545,0.4333794966,328.0108913,389.4163811,15.15935269,0.03630142099,0.04312184629,322.306919478862,131.075161937948,0.295122157143474,826.192527353848,807.334548365193,0.0006691167543644,0.0431247273958782,0.0363014692434201,332.239680072915,113.51081446063978,7.453357986610214,48.45392707899548,72.51024536825452,0.9205738033607016,1.4034276457070345,130.10037904501326,116.96479508975044,ICV_113_CASE_6_with_r_theta_phi.csv,0.07945245804903828,0.7649171396480394,-0.6441286901486858,0.8912853066237556,-0.4534429426031438,0.0,1.3471495e-07,-1.3471495208250417e-07,0.0,ICV_113_CASE_6_with_r_theta_phi.csv
15.28432681,0.9568,-0.6321207459,0.0,1881.813675,0.4324697032,326.7828725,120.3314919,4.547093849,0.03630106576,0.04311749145,322.306919478862,131.075161937948,0.295122157143474,826.192527353848,807.334548365193,0.0006691167543644,0.0431247273958782,0.0363014692434201,332.239680072915,113.51081446063978,7.453357986610214,48.45392707899548,72.51024536825452,0.9205738033607016,15.327285764683904,3.582045886439744,92.36363608303782,ICV_113_CASE_6_with_r_theta_phi.csv,0.8677259087415634,0.0624777763969326,0.9980463553645667,0.9991492060951891,-0.04124153197146555,0.0,8.877164e-06,-8.877163963916246e-06,0.0,ICV_113_CASE_6_with_r_theta_phi.csv
0.115164714,0.9568,-0.6274255201,0.0,18596.04035,0.4342593819,351.4052168,846.2171653,51.97886645,0.03630143254,0.04312297177,322.306919478862,131.075161937948,0.295122157143474,826.192527353848,807.334548365193,0.0006691167543644,0.0431247273958782,0.0363014692434201,332.239680072915,113.51081446063978,7.453357986610214,48.45392707899548,72.51024536825452,0.9205738033607016,1.149953014093818,83.13664196679576,123.0663383108228,ICV_113_CASE_6_with_r_theta_phi.csv,0.06510246102828088,0.9928339691778663,0.11950192319173618,0.8380394109194319,-0.5456097009271477,0.0,-0.00010666128,0.00010666128218872473,0.0,ICV_113_CASE_6_with_r_theta_phi.csv
-0.4870570712,0.9568,-0.6273985356,0.0,2221.639935,0.4336076215,327.9908428,318.3035837,14.43257585,0.03630141693,0.04312172441,322.306919478862,131.075161937948,0.295122157143474,826.192527353848,807.334548365193,0.0006691167543644,0.0431247273958782,0.0363014692434201,332.239680072915,113.51081446063978,7.453357986610214,48.45392707899548,72.51024536825452,0.9205738033607016,1.2435110586878375,116.97827558019122,120.30068607189594,ICV_113_CASE_6_with_r_theta_phi.csv,0.0703990765224922,0.8911785963794293,-0.45365263071560624,0.8633895092233953,-0.5045379622614978,0.0,7.351954e-06,-7.35195408196887e-06,0.0,ICV_113_CASE_6_with_r_theta_phi.csv
1.114970751,1.01,-0.6273633563,0.0,24831.07794,0.4364599192,363.1800494,480.4455302,66.56347727,0.03630146911,0.04312473345,322.306919478862,131.075161937948,0.295122157143474,826.192527353848,807.334548365193,0.0006691167543644,0.0431247273958782,0.0363014692434201,332.239680072915,113.51081446063978,7.453357986610214,48.45392707899548,72.51024536825452,0.9205738033607016,1.629982992676152,42.17196295750506,112.6368811168358,ICV_113_CASE_6_with_r_theta_phi.csv,0.09227846960432633,0.6713580045538089,0.7411332064625953,0.9229626561501706,-0.38488951057702514,0.0,-0.00010666128,0.00010666128218872473,0.0,ICV_113_CASE_6_with_r_theta_phi.csv
13.71881302,0.9568,-0.6272721994,0.0,-4885.977465,0.483293898,334.5254919,407.3961984,35.99275958,0.02851176682,0.03386572499,322.306919478862,131.075161937948,0.295122157143474,826.192527353848,807.334548365193,0.0006691167543644,0.0431247273958782,0.0363014692434201,332.239680072915,113.51081446063978,7.453357986610214,48.45392707899548,72.51024536825452,0.9205738033607016,13.766436261061235,3.989556136732631,92.61160528649896,ICV_113_CASE_6_with_r_theta_phi.csv,0.7793613036357795,0.06957463681005988,0.9975767488833871,0.9989613610044357,-0.04556532914580517,0.0,1.26373e-05,-1.2637299732887186e-05,0.0,ICV_113_CASE_6_with_r_theta_phi.csv
14.7186246,1.01,-0.6272334906,0.0,-2890.860201,0.4494385633,329.1443764,3393.925651,56.69876208,0.03630095751,0.04311670185,322.306919478862,131.075161937948,0.295122157143474,826.192527353848,807.334548365193,0.0006691167543644,0.0431247273958782,0.0363014692434201,332.239680072915,113.51081446063978,7.453357986610214,48.45392707899548,72.51024536825452,0.9205738033607016,14.766564663707516,3.925513713218209,92.4344624669825,ICV_113_CASE_6_with_r_theta_phi.csv,0.83598172165161,0.06845955102053977,0.9976538928276009,0.9990974618523538,-0.04247660203199329,0.0,8.877164e-06,-8.877163963916246e-06,0.0,ICV_113_CASE_6_with_r_theta_phi.csv
17.08006273,0.9568,-0.6261936761,0.0,2361.956559,0.4354705661,326.4016099,46.95316655,1.888805066,0.03630116947,0.04311822068,322.306919478862,131.075161937948,0.295122157143474,826.192527353848,807.334548365193,0.0006691167543644,0.0431247273958782,0.0363014692434201,332.239680072915,113.51081446063978,7.453357986610214,48.45392707899548,72.51024536825452,0.9205738033607016,17.118298035164674,3.206274280115508,92.09636852540903,ICV_113_CASE_6_with_r_theta_phi.csv,0.96912075280137,0.05593084075745764,0.9984346453585051,0.9993307142932183,-0.03658037001188202,0.0,0.00017934595,-0.00017934595234692097,0.0,ICV_113_CASE_6_with_r_theta_phi.csv
4.50898274,-2.524746481,-0.6210114399,0.003375430359,8513.168956,0.4350741898,334.7494017,377.6451805,29.76980514,0.03630144576,0.04312298864,322.306919478862,131.075161937948,0.295122157143474,826.192527353848,807.334548365193,0.0006691167543644,0.0431247273958782,0.0363014692434201,332.239680072915,113.51081446063978,7.453357986610214,48.45392707899548,72.51024536825452,0.9205738033607016,5.20489436505934,330.7539195758355,96.8524541810076,ICV_113_CASE_6_with_r_theta_phi.csv,0.29466545885321666,-0.48856155333491574,0.8725294313677758,0.992856693385481,-0.11931297666075114,0.003375430359,0.003551175,-0.0001757445275246774,5.206581347590812,ICV_113_CASE_6_with_r_theta_phi.csv
3.690214881,-2.525306112,-0.6187317993,0.00337543129,9968.04122,0.4353618951,336.6858449,284.5949968,28.76646352,0.0363014538,0.04312336794,322.306919478862,131.075161937948,0.295122157143474,826.192527353848,807.334548365193,0.0006691167543644,0.0431247273958782,0.0363014692434201,332.239680072915,113.51081446063978,7.453357986610214,48.45392707899548,72.51024536825452,0.9205738033607016,4.514165024312184,325.615190036758,97.8780172639888,ICV_113_CASE_6_with_r_theta_phi.csv,0.25556109594799176,-0.5647482326546615,0.8252632511589477,0.9905621238369611,-0.1370645060532047,0.00337543129,0.003551175,-0.00017574359652467722,5.206552329868687,ICV_113_CASE_6_with_r_theta_phi.csv
1.30723066,0.9568,-0.6166888867,0.0,4105.621765,0.4330859892,338.2079262,651.7667978,42.08948398,0.03630143147,0.04312201174,322.306919478862,131.075161937948,0.295122157143474,826.192527353848,807.334548365193,0.0006691167543644,0.0431247273958782,0.0363014692434201,332.239680072915,113.51081446063978,7.453357986610214,48.45392707899548,72.51024536825452,0.9205738033607016,1.7333849605391531,36.2014780411032,110.84073237884058,ICV_113_CASE_6_with_r_theta_phi.csv,0.09813238059072718,0.5906264843233637,0.806945076207683,0.9345729896326299,-0.35577145339266353,0.0,7.351954e-06,-7.35195408196887e-06,0.0,ICV_113_CASE_6_with_r_theta_phi.csv
14.71870861,0.9568,-0.6144124012,0.0,-1135.758403,0.4301905364,329.5844048,2446.113229,43.18216185,0.03630097437,0.04311682289,322.306919478862,131.075161937948,0.295122157143474,826.192527353848,807.334548365193,0.0006691167543644,0.0431247273958782,0.0363014692434201,332.239680072915,113.51081446063978,7.453357986610214,48.45392707899548,72.51024536825452,0.9205738033607016,14.762565901117478,3.719319354399204,92.38531761809992,ICV_113_CASE_6_with_r_theta_phi.csv,0.8357553391103334,0.06486878809666571,0.9978938021307027,0.9991335281775907,-0.041619621230851916,0.0,8.877164e-06,-8.877163963916246e-06,0.0,ICV_113_CASE_6_with_r_theta_phi.csv
13.71872832,1.01,-0.6144036187,0.0,-10746.68127,0.4986778145,334.6000939,757.6215529,51.8774832,0.02784068918,0.03306855221,322.306919478862,131.075161937948,0.295122157143474,826.192527353848,807.334548365193,0.0006691167543644,0.0431247273958782,0.0363014692434201,332.239680072915,113.51081446063978,7.453357986610214,48.45392707899548,72.51024536825452,0.9205738033607016,13.76957147207718,4.210632455085772,92.55740900406028,ICV_113_CASE_6_with_r_theta_phi.csv,0.7795387978033492,0.07342326885826103,0.9973008691413878,0.9990040145034597,-0.04462038778373967,0.0,1.26373e-05,-1.2637299732887186e-05,0.0,ICV_113_CASE_6_with_r_theta_phi.csv
1.115057201,0.9568,-0.6143976012,0.0,15837.79981,0.434632265,354.4510536,823.7385698,67.88752563,0.03630145221,0.04312355066,322.306919478862,131.075161937948,0.295122157143474,826.192527353848,807.334548365193,0.0006691167543644,0.0431247273958782,0.0363014692434201,332.239680072915,113.51081446063978,7.453357986610214,48.45392707899548,72.51024536825452,0.9205738033607016,1.5925775377865494,40.63198839061056,112.69268060180354,ICV_113_CASE_6_with_r_theta_phi.csv,0.09016082902305923,0.6511980190702374,0.7589078599928971,0.9225873804983363,-0.385788187150952,0.0,-0.00010666128,0.00010666128218872473,0.0,ICV_113_CASE_6_with_r_theta_phi.csv
13.28853457,0.9568,-0.6142758957,0.0,1826.778883,0.4304047275,326.3200064,51.22630028,3.085019686,0.03630110879,0.04311782818,322.306919478862,131.075161937948,0.295122157143474,826.192527353848,807.334548365193,0.0006691167543644,0.0431247273958782,0.0363014692434201,332.239680072915,113.51081446063978,7.453357986610214,48.45392707899548,72.51024536825452,0.9205738033607016,13.337089342661056,4.118299131549122,92.63984672268708,ICV_113_CASE_6_with_r_theta_phi.csv,0.755054622684309,0.0718160034135653,0.997417897199415,0.9989387802270656,-0.04605771768620657,0.0,2.6540532e-05,-2.6540532417129725e-05,0.0,ICV_113_CASE_6_with_r_theta_phi.csv
0.1150785746,1.01,-0.6141626725,0.0,30806.89136,0.4360958131,365.3681762,412.7880773,59.89783921,0.03630146813,0.04312468418,322.306919478862,131.075161937948,0.295122157143474,826.192527353848,807.334548365193,0.0006691167543644,0.0431247273958782,0.0363014692434201,332.239680072915,113.51081446063978,7.453357986610214,48.45392707899548,72.51024536825452,0.9205738033607016,1.1876610908101308,83.49979782253212,121.13922875169214,ICV_113_CASE_6_with_r_theta_phi.csv,0.06723723398403479,0.9935714562144679,0.11320671974693806,0.8559132286019662,-0.5171194688891131,0.0,-0.00010666128,0.00010666128218872473,0.0,ICV_113_CASE_6_with_r_theta_phi.csv
14.47365839,-2.527215367,-0.6108866404,0.003375401953,1975.441614,0.4205088607,327.7992778,15.98370461,1.987623546,0.03630096497,0.04311658215,322.306919478862,131.075161937948,0.295122157143474,826.192527353848,807.334548365193,0.0006691167543644,0.0431247273958782,0.0363014692434201,332.239680072915,113.51081446063978,7.453357986610214,48.45392707899548,72.51024536825452,0.9205738033607016,14.705331930597064,350.0955530137732,92.38085759157708,ICV_113_CASE_6_with_r_theta_phi.csv,0.8325151438244109,-0.17200555857995767,0.9850959789876298,0.9991367649112094,-0.041541846405313144,0.003375401953,0.003519443,-0.00014404114359302216,4.2673775021765055,ICV_113_CASE_6_with_r_theta_phi.csv
1.503280338,0.9568,-0.6101131701,0.0,3705.588744,0.4324700306,332.678978,289.8101919,20.87993086,0.03630143132,0.04312187453,322.306919478862,131.075161937948,0.295122157143474,826.192527353848,807.334548365193,0.0006691167543644,0.0431247273958782,0.0363014692434201,332.239680072915,113.51081446063978,7.453357986610214,48.45392707899548,72.51024536825452,0.9205738033607016,1.8834957114224775,32.4757240161465,108.90051773797812,ICV_113_CASE_6_with_r_theta_phi.csv,0.10663062285761542,0.5369422186766671,0.8436190217168993,0.9460824317958567,-0.3239259672320793,0.0,7.351954e-06,-7.35195408196887e-06,0.0,ICV_113_CASE_6_with_r_theta_phi.csv
5.246323868,0.9568,-0.6085493673,0.0,1509.554769,0.4329580056,325.4444095,150.1174029,2.052385106,0.03630131946,0.04311974141,322.306919478862,131.075161937948,0.295122157143474,826.192527353848,807.334548365193,0.0006691167543644,0.0431247273958782,0.0363014692434201,332.239680072915,113.51081446063978,7.453357986610214,48.45392707899548,72.51024536825452,0.9205738033607016,5.367467997146114,10.33574366998272,96.51004266924576,ICV_113_CASE_6_with_r_theta_phi.csv,0.3038692640673763,0.17941597177703278,0.9837733016662441,0.9935519984217008,-0.11337736296212102,0.0,7.976879e-06,-7.97687880549347e-06,0.0,ICV_113_CASE_6_with_r_theta_phi.csv
11.31148381,-2.529811877,-0.6000432205,0.003375487402,2328.31944,0.4190918679,328.7498226,40.70664832,2.90296554,0.03630115477,0.04311836117,322.306919478862,131.075161937948,0.295122157143474,826.192527353848,807.334548365193,0.0006691167543644,0.0431247273958782,0.0363014692434201,332.239680072915,113.51081446063978,7.453357986610214,48.45392707899548,72.51024536825452,0.9205738033607016,11.60644932713577,347.3932670639986,92.9634625244978,ICV_113_CASE_6_with_r_theta_phi.csv,0.6570776420739288,-0.21825792172455327,0.9758911207734594,0.9986627063007435,-0.05169912034140349,0.003375487402,0.0035051946,-0.00012970715769333643,3.84262010807855,ICV_113_CASE_6_with_r_theta_phi.csv
17.27341821,-1.261188633,-0.5985981798,0.003375418484,2264.94171,0.4292243454,327.2299083,9.224122367,1.085959715,0.0363011393,0.04311787617,322.306919478862,131.075161937948,0.295122157143474,826.192527353848,807.334548365193,0.0006691167543644,0.0431247273958782,0.0363014692434201,332.239680072915,113.51081446063978,7.453357986610214,48.45392707899548,72.51024536825452,0.9205738033607016,17.329740136725302,355.8240582014185,91.97948572010426,ICV_113_CASE_6_with_r_theta_phi.csv,0.9810911559464376,-0.07281942349382355,0.9973451416445699,0.9994032584370368,-0.03454167085468547,0.003375418484,0.0035964788,-0.00022106035633620352,6.549124421714586,ICV_113_CASE_6_with_r_theta_phi.csv
9.832738496,-2.531370566,-0.5934332779,0.00337541569,3079.661179,0.4330207411,327.4828102,127.3115406,8.470113314,0.03630135227,0.04312061595,322.306919478862,131.075161937948,0.295122157143474,826.192527353848,807.334548365193,0.0006691167543644,0.0431247273958782,0.0363014692434201,332.239680072915,113.51081446063978,7.453357986610214,48.45392707899548,72.51024536825452,0.9205738033607016,10.170680720996536,345.56309294825644,93.3449623707292,ICV_113_CASE_6_with_r_theta_phi.csv,0.5757942604216217,-0.24931374795430308,0.9684227667093428,0.9982963363441034,-0.058347449318206256,0.00337541569,0.0037805068,-0.00040509109409636026,12.001220921514056,ICV_113_CASE_6_with_r_theta_phi.csv
16.93997939,0.9568,-0.593175547,0.0,2304.784032,0.4354379639,326.1835517,51.13034239,1.905373159,0.03630115999,0.04311815609,322.306919478862,131.075161937948,0.295122157143474,826.192527353848,807.334548365193,0.0006691167543644,0.0431247273958782,0.0363014692434201,332.239680072915,113.51081446063978,7.453357986610214,48.45392707899548,72.51024536825452,0.9205738033607016,16.97734446853169,3.2327322164855445,92.0022786277886,ICV_113_CASE_6_with_r_theta_phi.csv,0.961140927568465,0.056391890034196694,0.9984087112692732,0.9993894382912338,-0.03493924200569028,0.0,3.292465e-05,-3.292465044069104e-05,0.0,ICV_113_CASE_6_with_r_theta_phi.csv
-2.125871981,-1.374873064,-0.5919395046,0.003375439439,6006.107324,0.4346426846,331.5030754,432.4708935,26.37790749,0.03630143317,0.04312247922,322.306919478862,131.075161937948,0.295122157143474,826.192527353848,807.334548365193,0.0006691167543644,0.0431247273958782,0.0363014692434201,332.239680072915,113.51081446063978,7.453357986610214,48.45392707899548,72.51024536825452,0.9205738033607016,2.5999999997730203,212.8921105903477,103.15987714153783,ICV_113_CASE_6_with_r_theta_phi.csv,0.14719418670521775,-0.5430588323583214,-0.8396946496183101,0.9737385727757478,-0.2276690402506445,0.003375439439,0.0038971952,-0.000521755777268301,15.45741781308039,ICV_113_CASE_6_with_r_theta_phi.csv
5.267371411,-2.532559192,-0.5883399876,0.003375430359,7678.826507,0.4348647726,333.4754696,445.5621393,30.03669145,0.03630143654,0.04312265,322.306919478862,131.075161937948,0.295122157143474,826.192527353848,807.334548365193,0.0006691167543644,0.0431247273958782,0.0363014692434201,332.239680072915,113.51081446063978,7.453357986610214,48.45392707899548,72.51024536825452,0.9205738033607016,5.874112833731831,334.3216903701162,95.74827471610706,ICV_113_CASE_6_with_r_theta_phi.csv,0.33255202355820057,-0.433317934257716,0.9012411263644295,0.9949715346511654,-0.10015810118959306,0.003375430359,0.0035482503,-0.00017281994180974114,5.119938004282842,ICV_113_CASE_6_with_r_theta_phi.csv
12.92800763,-2.532860578,-0.5870411344,0.003375421045,1894.587817,0.4187245472,329.7342596,29.65591395,3.377733466,0.03630093201,0.04311663503,322.306919478862,131.075161937948,0.295122157143474,826.192527353848,807.334548365193,0.0006691167543644,0.0431247273958782,0.0363014692434201,332.239680072915,113.51081446063978,7.453357986610214,48.45392707899548,72.51024536825452,0.9205738033607016,13.186863966933243,348.9149959019708,92.55148600078678,ICV_113_CASE_6_with_r_theta_phi.csv,0.7465498911440508,-0.1922651283022124,0.9813430187446863,0.999008621838619,-0.044517114597680985,0.003375421045,0.003517267,-0.00014184601639743348,4.202320672424743,ICV_113_CASE_6_with_r_theta_phi.csv
12.60250623,-2.65,-0.5824591085,0.0,-11333.34456,0.5514677761,352.5224757,5477.664417,64.38447324,0.02124951084,0.02523921145,322.306919478862,131.075161937948,0.295122157143474,826.192527353848,807.334548365193,0.0006691167543644,0.0431247273958782,0.0363014692434201,332.239680072915,113.51081446063978,7.453357986610214,48.45392707899548,72.51024536825452,0.9205738033607016,12.891273090360912,348.1250960386471,92.5896444499175,ICV_113_CASE_6_with_r_theta_phi.csv,0.7298155608831488,-0.20577557037372599,0.9785992104213899,0.998978752310217,-0.04518243500213469,0.0,-0.0001317028,0.00013170280726626515,0.0,ICV_113_CASE_6_with_r_theta_phi.csv
11.49556053,-2.535417905,-0.5758958648,0.003375689266,2303.267512,0.4206271174,327.7543718,112.0589031,5.275074956,0.03630113288,0.04311718634,322.306919478862,131.075161937948,0.295122157143474,826.192527353848,807.334548365193,0.0006691167543644,0.0431247273958782,0.0363014692434201,332.239680072915,113.51081446063978,7.453357986610214,48.45392707899548,72.51024536825452,0.9205738033607016,11.785920070108324,347.5621847100712,92.80076114317647,ICV_113_CASE_6_with_r_theta_phi.csv,0.6672380459399028,-0.21537988534056013,0.9765303400256887,0.9988054883107564,-0.04886303838599671,0.003375689266,0.0035080581,-0.00013236887777963533,3.921239999002412,ICV_113_CASE_6_with_r_theta_phi.csv
-2.530084273,-0.1755777636,-0.5725783978,0.003375436412,4614.37726,0.4341014784,328.9093758,285.0730769,16.86588377,0.03630142923,0.04312215142,322.306919478862,131.075161937948,0.295122157143474,826.192527353848,807.334548365193,0.0006691167543644,0.0431247273958782,0.0363014692434201,332.239680072915,113.51081446063978,7.453357986610214,48.45392707899548,72.51024536825452,0.9205738033607016,2.6000000002269097,183.9697343883841,102.72209951130566,ICV_113_CASE_6_with_r_theta_phi.csv,0.14719418673091386,-0.06922951621653838,-0.9976007588631958,0.9754496746706567,-0.2202224606730884,0.003375436412,0.0038971952,-0.000521758804268301,15.457521352167184,ICV_113_CASE_6_with_r_theta_phi.csv
11.64286564,-2.536382624,-0.5716320341,0.00167935947,-1686.78173,0.4223313851,331.6335106,1362.62556,35.16578881,0.03697237121,0.0439138569,322.306919478862,131.075161937948,0.295122157143474,826.192527353848,807.334548365193,0.0006691167543644,0.0431247273958782,0.0363014692434201,332.239680072915,113.51081446063978,7.453357986610214,48.45392707899548,72.51024536825452,0.9205738033607016,11.929640409871164,347.71020687094983,92.74649093824264,ICV_113_CASE_6_with_r_theta_phi.csv,0.6753745069115319,-0.21285632857303657,0.9770835089112944,0.9988513230168449,-0.047916954280282406,0.00167935947,0.0011349665,0.0005443929698965263,32.41670287376646,ICV_113_CASE_6_with_r_theta_phi.csv
12.74394337,-2.538033126,-0.5642586749,0.003375472734,1809.037352,0.4192748129,330.6942193,135.5699319,8.892350533,0.03630043641,0.04311621072,322.306919478862,131.075161937948,0.295122157143474,826.192527353848,807.334548365193,0.0006691167543644,0.0431247273958782,0.0363014692434201,332.239680072915,113.51081446063978,7.453357986610214,48.45392707899548,72.51024536825452,0.9205738033607016,13.006463493918712,348.7365713215096,92.48643994578153,ICV_113_CASE_6_with_r_theta_phi.csv,0.7363368523329243,-0.19532018786631913,0.9807395292389646,0.9990585168980519,-0.04338294380819445,0.003375472734,0.0037101028,-0.000334630021576372,9.91357501148271,ICV_113_CASE_6_with_r_theta_phi.csv
12.59642751,-2.538441268,-0.5624197096,0.001637700596,-5409.004959,0.4116462109,341.3940299,3626.406452,57.35933053,0.0372192909,0.04420756678,322.306919478862,131.075161937948,0.295122157143474,826.192527353848,807.334548365193,0.0006691167543644,0.0431247273958782,0.0363014692434201,332.239680072915,113.51081446063978,7.453357986610214,48.45392707899548,72.51024536825452,0.9205738033607016,12.861958871630588,348.6063118736976,92.50619319291178,ICV_113_CASE_6_with_r_theta_phi.csv,0.7281559906580389,-0.19754934958813378,0.9802929431946887,0.9990435008558299,-0.043727375838568165,0.001637700596,0.0011349665,0.0005027340958965263,30.697558321554812,ICV_113_CASE_6_with_r_theta_phi.csv
14.84644458,0.9568,-0.5607732997,0.0,2001.649325,0.4310636028,327.2163576,927.2601838,16.54186763,0.03630100542,0.04311704515,322.306919478862,131.075161937948,0.295122157143474,826.192527353848,807.334548365193,0.0006691167543644,0.0431247273958782,0.0363014692434201,332.239680072915,113.51081446063978,7.453357986610214,48.45392707899548,72.51024536825452,0.9205738033607016,14.887808757525995,3.687407711045637,92.1586484776692,ICV_113_CASE_6_with_r_theta_phi.csv,0.8428457315685255,0.0643129878925513,0.9979297768822877,0.9992903614180015,-0.037666610905149264,0.0,8.877164e-06,-8.877163963916246e-06,0.0,ICV_113_CASE_6_with_r_theta_phi.csv
16.77846824,0.9568,-0.5531512444,0.0,2236.058686,0.4344774215,326.2336098,53.56365121,2.119583917,0.03630114864,0.04311809048,322.306919478862,131.075161937948,0.295122157143474,826.192527353848,807.334548365193,0.0006691167543644,0.0431247273958782,0.0363014692434201,332.239680072915,113.51081446063978,7.453357986610214,48.45392707899548,72.51024536825452,0.9205738033607016,16.814827950944665,3.2637838539693576,91.8851784244606,ICV_113_CASE_6_with_r_theta_phi.csv,0.9519403557859747,0.056932972634212514,0.9983780028761812,0.9994587592580687,-0.032896634209624326,0.0,7.837169e-06,-7.837168595870025e-06,0.0,ICV_113_CASE_6_with_r_theta_phi.csv
-0.08561520959,0.9568,-0.5525128222,0.0,1716.420352,0.4334166565,330.6946989,712.7239977,27.7037226,0.03630140574,0.043121409,322.306919478862,131.075161937948,0.295122157143474,826.192527353848,807.334548365193,0.0006691167543644,0.0431247273958782,0.0363014692434201,332.239680072915,113.51081446063978,7.453357986610214,48.45392707899548,72.51024536825452,0.9205738033607016,1.1081816740988584,95.11325306712712,119.90583569096464,ICV_113_CASE_6_with_r_theta_phi.csv,0.06273765394417243,0.9960204766554349,-0.08912468840383249,0.8668459724552012,-0.49857603235434067,0.0,7.351954e-06,-7.35195408196887e-06,0.0,ICV_113_CASE_6_with_r_theta_phi.csv
2.366123721,0.9568,-0.5524040549,0.0,1318.141062,0.43334107,325.4726427,69.77813041,1.489406041,0.03630137301,0.04312035085,322.306919478862,131.075161937948,0.295122157143474,826.192527353848,807.334548365193,0.0006691167543644,0.0431247273958782,0.0363014692434201,332.239680072915,113.51081446063978,7.453357986610214,48.45392707899548,72.51024536825452,0.9205738033607016,2.611351746308576,22.017150317017865,102.21258641905943,ICV_113_CASE_6_with_r_theta_phi.csv,0.14783684482026804,0.3748841101090773,0.9270716822272834,0.9773694480437574,-0.2115395046572653,0.0,7.976879e-06,-7.97687880549347e-06,0.0,ICV_113_CASE_6_with_r_theta_phi.csv
13.5908701,0.9568,-0.5496071269,0.0,2082.193409,0.43022088,329.6763304,91.46941493,8.917308848,0.03630110851,0.0431178281,322.306919478862,131.075161937948,0.295122157143474,826.192527353848,807.334548365193,0.0006691167543644,0.0431247273958782,0.0363014692434201,332.239680072915,113.51081446063978,7.453357986610214,48.45392707899548,72.51024536825452,0.9205738033607016,13.635588887503658,4.026990378724349,92.31003603546829,ICV_113_CASE_6_with_r_theta_phi.csv,0.7719536218146246,0.07022638945687118,0.9975310793272818,0.9991873502264653,-0.04030681266752541,0.0,8.877164e-06,-8.877163963916246e-06,0.0,ICV_113_CASE_6_with_r_theta_phi.csv
16.24797369,-2.257104785,-0.5489220904,0.003375402652,1845.697477,0.4210619223,327.1811419,9.094845269,0.7756407454,0.0363009604,0.04311665816,322.306919478862,131.075161937948,0.295122157143474,826.192527353848,807.334548365193,0.0006691167543644,0.0431247273958782,0.0363014692434201,332.239680072915,113.51081446063978,7.453357986610214,48.45392707899548,72.51024536825452,0.9205738033607016,16.413180267782696,352.09130894754594,91.91655635751044,ICV_113_CASE_6_with_r_theta_phi.csv,0.9292018157589662,-0.137594792340508,0.9904886032260909,0.9994405935968728,-0.033443981083756014,0.003375402652,0.0035964788,-0.00022107618833620358,6.549624180087518,ICV_113_CASE_6_with_r_theta_phi.csv
13.33215405,-2.541915066,-0.546505076,0.003375424072,1919.199957,0.41967707,328.2651799,19.0904636,1.995535038,0.03630096702,0.04311667911,322.306919478862,131.075161937948,0.295122157143474,826.192527353848,807.334548365193,0.0006691167543644,0.0431247273958782,0.0363014692434201,332.239680072915,113.51081446063978,7.453357986610214,48.45392707899548,72.51024536825452,0.9205738033607016,13.583310775130744,349.20551241938057,92.30583609530557,ICV_113_CASE_6_with_r_theta_phi.csv,0.7689939932631296,-0.1872868079919645,0.9823052741140001,0.9991903021435887,-0.04023356934456561,0.003375424072,0.003517267,-0.00014184298939743344,4.202227226262762,ICV_113_CASE_6_with_r_theta_phi.csv
12.21147387,0.9568,-0.5446759276,0.0,1835.045728,0.4301403893,326.2665069,86.90017981,2.853963772,0.03630113417,0.04311806964,322.306919478862,131.075161937948,0.295122157143474,826.192527353848,807.334548365193,0.0006691167543644,0.0431247273958782,0.0363014692434201,332.239680072915,113.51081446063978,7.453357986610214,48.45392707899548,72.51024536825452,0.9205738033607016,12.26100453404205,4.480116848561067,92.54611319155566,ICV_113_CASE_6_with_r_theta_phi.csv,0.694134073359562,0.0781131343189524,0.9969445010866298,0.9990127919590518,-0.044423434155638666,0.0,4.9229475e-06,-4.922947482555173e-06,0.0,ICV_113_CASE_6_with_r_theta_phi.csv
11.6521589,-2.65,-0.5440721371,0.0,-4927.324545,0.5610846099,335.4764297,3469.354771,68.92577259,0.02195906519,0.02608181778,322.306919478862,131.075161937948,0.295122157143474,826.192527353848,807.334548365193,0.0006691167543644,0.0431247273958782,0.0363014692434201,332.239680072915,113.51081446063978,7.453357986610214,48.45392707899548,72.51024536825452,0.9205738033607016,11.962078478308769,347.18740184816625,92.60688769749174,ICV_113_CASE_6_with_r_theta_phi.csv,0.6772109281047543,-0.22176290735049636,0.9751006168203644,0.9989651093517318,-0.04548307704940994,0.0,-3.3709475e-05,3.370947524672374e-05,0.0,ICV_113_CASE_6_with_r_theta_phi.csv
10.90354256,-2.54628163,-0.5257849956,0.003375344444,2671.190664,0.4241257424,327.8904099,42.27148498,3.739891318,0.036301339,0.04312032313,322.306919478862,131.075161937948,0.295122157143474,826.192527353848,807.334548365193,0.0006691167543644,0.0431247273958782,0.0363014692434201,332.239680072915,113.51081446063978,7.453357986610214,48.45392707899548,72.51024536825452,0.9205738033607016,11.209247983634093,346.85540473720624,92.68852282868836,ICV_113_CASE_6_with_r_theta_phi.csv,0.6345908233354468,-0.22740931747989962,0.9737992618211035,0.9988992910229828,-0.04690635771174582,0.003375344444,0.0034927565,-0.00011741206987870298,3.4785211344172304,ICV_113_CASE_6_with_r_theta_phi.csv
12.80438275,0.9568,-0.5214628857,0.0,1851.457252,0.4299036293,326.1911797,63.7691738,2.686219906,0.03630111606,0.04311790505,322.306919478862,131.075161937948,0.295122157143474,826.192527353848,807.334548365193,0.0006691167543644,0.0431247273958782,0.0363014692434201,332.239680072915,113.51081446063978,7.453357986610214,48.45392707899548,72.51024536825452,0.9205738033607016,12.850665639944888,4.273451423820745,92.3256249130228,ICV_113_CASE_6_with_r_theta_phi.csv,0.7275166452528868,0.07451666302447116,0.9972197686225928,0.9991763466773227,-0.04057866730880396,0.0,8.877164e-06,-8.877163963916246e-06,0.0,ICV_113_CASE_6_with_r_theta_phi.csv
15.49180937,0.9568,-0.5110879989,0.0,1966.698567,0.4329902441,326.4755558,65.81497535,3.474935964,0.03630110151,0.04311777311,322.306919478862,131.075161937948,0.295122157143474,826.192527353848,807.334548365193,0.0006691167543644,0.0431247273958782,0.0363014692434201,332.239680072915,113.51081446063978,7.453357986610214,48.45392707899548,72.51024536825452,0.9205738033607016,15.52974033070223,3.534193790170491,91.88596031138924,ICV_113_CASE_6_with_r_theta_phi.csv,0.8791874992001892,0.0616442097085573,0.9980981872588525,0.9994583102410447,-0.0329102733218013,0.0,6.2083136e-06,-6.2083136072033085e-06,0.0,ICV_113_CASE_6_with_r_theta_phi.csv
13.44066396,0.9568,-0.5064947868,0.0,1879.701625,0.4303187502,327.2373636,63.37382283,4.53578295,0.03630111215,0.04311786531,322.306919478862,131.075161937948,0.295122157143474,826.192527353848,807.334548365193,0.0006691167543644,0.0431247273958782,0.0363014692434201,332.239680072915,113.51081446063978,7.453357986610214,48.45392707899548,72.51024536825452,0.9205738033607016,13.484192630435777,4.071843466611028,92.15265703162883,ICV_113_CASE_6_with_r_theta_phi.csv,0.7633826029949067,0.07100726916682915,0.9974757980650305,0.9992942947692263,-0.03756211444627114,0.0,8.877164e-06,-8.877163963916246e-06,0.0,ICV_113_CASE_6_with_r_theta_phi.csv
3.468737028e-15,-2.552106288,-0.4967428852,0.003375450615,15545.6331,0.4358316339,335.4088326,282.7497988,27.63057881,0.03630145586,0.0431237882,322.306919478862,131.075161937948,0.295122157143474,826.192527353848,807.334548365193,0.0006691167543644,0.0431247273958782,0.0363014692434201,332.239680072915,113.51081446063978,7.453357986610214,48.45392707899548,72.51024536825452,0.9205738033607016,2.599999999854992,270.00000000000006,101.01435661219818,ICV_113_CASE_6_with_r_theta_phi.csv,0.14719418670985843,-1.0,7.044813998280222e-16,0.9815793415932063,-0.19105495585681015,0.003375450615,0.003551175,-0.00017572427152467724,5.205950005362995,ICV_113_CASE_6_with_r_theta_phi.csv
13.96018395,-2.552820663,-0.4930584766,0.003375401022,1929.37766,0.4201987966,327.9392125,17.68370213,1.990465732,0.03630094807,0.04311645844,322.306919478862,131.075161937948,0.295122157143474,826.192527353848,807.334548365193,0.0006691167543644,0.0431247273958782,0.0363014692434201,332.239680072915,113.51081446063978,7.453357986610214,48.45392707899548,72.51024536825452,0.9205738033607016,14.200237178182077,349.6371385473673,91.98981530533888,ICV_113_CASE_6_with_r_theta_phi.csv,0.8039201394793003,-0.17988156624886179,0.9836882748736291,0.9993970148408288,-0.03472184798135338,0.003375401022,0.003519443,-0.00014404207459302234,4.2674062611084995,ICV_113_CASE_6_with_r_theta_phi.csv
8.680724658,-2.55370196,-0.4884734366,0.003375426866,3729.829383,0.4335980247,328.1940219,254.0772083,13.9691831,0.03630137255,0.04312103125,322.306919478862,131.075161937948,0.295122157143474,826.192527353848,807.334548365193,0.0006691167543644,0.0431247273958782,0.0363014692434201,332.239680072915,113.51081446063978,7.453357986610214,48.45392707899548,72.51024536825452,0.9205738033607016,9.061731654975272,343.6071328437895,93.0900317155324,ICV_113_CASE_6_with_r_theta_phi.csv,0.513013162004406,-0.2822220281149208,0.9593491162484598,0.9985460638125081,-0.05390508737166197,0.003375426866,0.0038715124,-0.0004960855004587737,14.696970783422211,ICV_113_CASE_6_with_r_theta_phi.csv
1.975486353,0.9568,-0.4799211791,0.0,1502.243882,0.4322514057,326.8220438,103.4082282,3.661990379,0.03630141051,0.04312093001,322.306919478862,131.075161937948,0.295122157143474,826.192527353848,807.334548365193,0.0006691167543644,0.0431247273958782,0.0363014692434201,332.239680072915,113.51081446063978,7.453357986610214,48.45392707899548,72.51024536825452,0.9205738033607016,2.2468504420717403,25.842597402713068,102.33324675549608,ICV_113_CASE_6_with_r_theta_phi.csv,0.12720127826841574,0.4359003344583137,0.8999949435519792,0.9769217958012935,-0.2135972960699077,0.0,7.351954e-06,-7.35195408196887e-06,0.0,ICV_113_CASE_6_with_r_theta_phi.csv
3.264883798,0.9568,-0.4749162553,0.0,1329.845644,0.4330584105,325.5224672,151.2995684,2.744229911,0.03630134731,0.04312012448,322.306919478862,131.075161937948,0.295122157143474,826.192527353848,807.334548365193,0.0006691167543644,0.0431247273958782,0.0363014692434201,332.239680072915,113.51081446063978,7.453357986610214,48.45392707899548,72.51024536825452,0.9205738033607016,3.435182368374506,16.333639767749332,97.94663253690597,ICV_113_CASE_6_with_r_theta_phi.csv,0.19447649036197362,0.28123018591400856,0.9596403401956236,0.990397270263211,-0.1382506674673946,0.0,7.976879e-06,-7.97687880549347e-06,0.0,ICV_113_CASE_6_with_r_theta_phi.csv
17.51674641,-0.7730413459,-0.4739978915,0.003375411732,2372.758054,0.4329289492,327.0071417,10.36307932,1.185287665,0.03630117797,0.04311819985,322.306919478862,131.075161937948,0.295122157143474,826.192527353848,807.334548365193,0.0006691167543644,0.0431247273958782,0.0363014692434201,332.239680072915,113.51081446063978,7.453357986610214,48.45392707899548,72.51024536825452,0.9205738033607016,17.540201587093154,357.4730874823029,91.54852183935492,ICV_113_CASE_6_with_r_theta_phi.csv,0.9930060413396687,-0.044088647518250645,0.999027622821317,0.999634798146487,-0.02702351447595625,0.003375411732,0.0038689277,-0.0004935159814835719,14.620912070034919,ICV_113_CASE_6_with_r_theta_phi.csv
-2.370658476,0.9568,-0.4738271292,0.003375414992,3855.858992,0.432373722,327.0868268,135.2803524,5.996306618,0.0363014308,0.04312209181,322.306919478862,131.075161937948,0.295122157143474,826.192527353848,807.334548365193,0.0006691167543644,0.0431247273958782,0.0363014692434201,332.239680072915,113.51081446063978,7.453357986610214,48.45392707899548,72.51024536825452,0.9205738033607016,2.599999999653184,158.02095052027337,100.50033087010712,ICV_113_CASE_6_with_r_theta_phi.csv,0.14719418669843345,0.37426753844983957,-0.9273207695628831,0.9832538551788103,-0.18224120356277068,0.003375414992,0.0032905284,8.488656046523298e-05,2.514848119157862,ICV_113_CASE_6_with_r_theta_phi.csv
11.15780311,-2.556543729,-0.4733752856,0.003375288565,2567.329036,0.4198415225,328.5201348,31.53973992,3.194065136,0.03630132779,0.04312016823,322.306919478862,131.075161937948,0.295122157143474,826.192527353848,807.334548365193,0.0006691167543644,0.0431247273958782,0.0363014692434201,332.239680072915,113.51081446063978,7.453357986610214,48.45392707899548,72.51024536825452,0.9205738033607016,11.456725982619632,347.0948005604584,92.36805255678576,ICV_113_CASE_6_with_r_theta_phi.csv,0.648601332101328,-0.223338572076375,0.9747409308236142,0.999146024146795,-0.041318548276194626,0.003375288565,0.003286345,8.894363447040565e-05,2.635141639928325,ICV_113_CASE_6_with_r_theta_phi.csv
1.223360412,0.9568,-0.4732714766,0.0,5125.923103,0.4326023992,343.8984598,890.4747553,58.59075575,0.03630143057,0.04312201693,322.306919478862,131.075161937948,0.295122157143474,826.192527353848,807.334548365193,0.0006691167543644,0.0431247273958782,0.0363014692434201,332.239680072915,113.51081446063978,7.453357986610214,48.45392707899548,72.51024536825452,0.9205738033607016,1.623595648002283,38.029248109853256,106.94753468586362,ICV_113_CASE_6_with_r_theta_phi.csv,0.0919168619102655,0.616063655525137,0.7876963706536964,0.9565720775682183,-0.29149590120072444,0.0,7.351954e-06,-7.35195408196887e-06,0.0,ICV_113_CASE_6_with_r_theta_phi.csv
0.1367291417,0.9568,-0.4719696588,0.0,16003.43211,0.4339780942,349.4688848,1339.827521,54.31099676,0.03630143709,0.04312314326,322.306919478862,131.075161937948,0.295122157143474,826.192527353848,807.334548365193,0.0006691167543644,0.0431247273958782,0.0363014692434201,332.239680072915,113.51081446063978,7.453357986610214,48.45392707899548,72.51024536825452,0.9205738033607016,1.075600509956093,81.8673491216943,116.02711352623857,ICV_113_CASE_6_with_r_theta_phi.csv,0.060893131652510035,0.9899432022405017,0.14146538918697066,0.8985864995424346,-0.43879642528178614,0.0,7.351954e-06,-7.35195408196887e-06,0.0,ICV_113_CASE_6_with_r_theta_phi.csv
1.093355953,1.01,-0.4718082727,0.0,22276.27878,0.4364627123,361.2957262,385.1352075,51.60568862,0.0363014689,0.04312471797,322.306919478862,131.075161937948,0.295122157143474,826.192527353848,807.334548365193,0.0006691167543644,0.0431247273958782,0.0363014692434201,332.239680072915,113.51081446063978,7.453357986610214,48.45392707899548,72.51024536825452,0.9205738033607016,1.561451339667265,42.73055702349825,107.58738925159292,ICV_113_CASE_6_with_r_theta_phi.csv,0.0883986769392925,0.6785515185487213,0.7345528140816182,0.9532571960394426,-0.3021600870383441,0.0,-0.00010666128,0.00010666128218872473,0.0,ICV_113_CASE_6_with_r_theta_phi.csv
13.74045695,0.9568,-0.4717185573,0.0,-7653.165802,0.4314762733,337.4167835,178.954698,23.14542802,0.03630110624,0.04311781318,322.306919478862,131.075161937948,0.295122157143474,826.192527353848,807.334548365193,0.0006691167543644,0.0431247273958782,0.0363014692434201,332.239680072915,113.51081446063978,7.453357986610214,48.45392707899548,72.51024536825452,0.9205738033607016,13.78180473784564,3.983292044361974,91.96148204132736,ICV_113_CASE_6_with_r_theta_phi.csv,0.7802313614978471,0.06946557228966276,0.9975843494494436,0.9994140629018725,-0.03422763319267093,0.0,8.877164e-06,-8.877163963916246e-06,0.0,ICV_113_CASE_6_with_r_theta_phi.csv
14.69696596,1.01,-0.4716727828,0.0,-2321.277623,0.4621594822,329.6653353,3009.273429,65.18177408,0.03630098161,0.0431168765,322.306919478862,131.075161937948,0.295122157143474,826.192527353848,807.334548365193,0.0006691167543644,0.0431247273958782,0.0363014692434201,332.239680072915,113.51081446063978,7.453357986610214,48.45392707899548,72.51024536825452,0.9205738033607016,14.73917852675084,3.9312805422200654,91.83385216884652,ICV_113_CASE_6_with_r_theta_phi.csv,0.8344313062067301,0.068559964691042,0.9976469973099519,0.9994878274363385,-0.032001293826784585,0.0,8.877164e-06,-8.877163963916246e-06,0.0,ICV_113_CASE_6_with_r_theta_phi.csv
0.02192570225,0.9568,-0.4691603438,0.0,850.7178975,0.4324213882,332.1036454,1693.85898,42.98935729,0.03630140147,0.04312131319,322.306919478862,131.075161937948,0.295122157143474,826.192527353848,807.334548365193,0.0006691167543644,0.0431247273958782,0.0363014692434201,332.239680072915,113.51081446063978,7.453357986610214,48.45392707899548,72.51024536825452,0.9205738033607016,1.0658604057819625,88.68725922459862,116.11476237071878,ICV_113_CASE_6_with_r_theta_phi.csv,0.06034171368617911,0.9997375396573511,0.022909644254468172,0.8979141947585481,-0.44017053382877436,0.0,7.351954e-06,-7.35195408196887e-06,0.0,ICV_113_CASE_6_with_r_theta_phi.csv
13.08142448,-2.55907628,-0.4594873164,0.003375459928,1753.940919,0.4191857131,328.4265409,31.00343502,1.944971985,0.03630090096,0.04311662224,322.306919478862,131.075161937948,0.295122157143474,826.192527353848,807.334548365193,0.0006691167543644,0.0431247273958782,0.0363014692434201,332.239680072915,113.51081446063978,7.453357986610214,48.45392707899548,72.51024536825452,0.9205738033607016,13.33730356656601,348.93120157200786,91.97430420929489,ICV_113_CASE_6_with_r_theta_phi.csv,0.7550667505741034,-0.19198755529917483,0.9813973602013847,0.9994063781063829,-0.0344512902556893,0.003375459928,0.003517267,-0.00014180713339743316,4.201120332642916,ICV_113_CASE_6_with_r_theta_phi.csv
13.74436856,1.01,-0.4594578516,0.0,-12780.046,0.4428648577,336.7128247,737.7360166,28.01216642,0.03630108879,0.04311767196,322.306919478862,131.075161937948,0.295122157143474,826.192527353848,807.334548365193,0.0006691167543644,0.0431247273958782,0.0363014692434201,332.239680072915,113.51081446063978,7.453357986610214,48.45392707899548,72.51024536825452,0.9205738033607016,13.789085126668606,4.20280565566469,91.90947181568976,ICV_113_CASE_6_with_r_theta_phi.csv,0.7806435272331501,0.07328703346434218,0.9973108897059113,0.999444721257449,-0.033320401417450615,0.0,8.877164e-06,-8.877163963916246e-06,0.0,ICV_113_CASE_6_with_r_theta_phi.csv
1.089404525,0.9568,-0.4594204396,0.0,14797.31408,0.4343205651,355.3255898,734.1404419,60.05833612,0.03630145097,0.04312349886,322.306919478862,131.075161937948,0.295122157143474,826.192527353848,807.334548365193,0.0006691167543644,0.0431247273958782,0.0363014692434201,332.239680072915,113.51081446063978,7.453357986610214,48.45392707899548,72.51024536825452,0.9205738033607016,1.5209653511545662,41.29212512491898,107.58128055690004,ICV_113_CASE_6_with_r_theta_phi.csv,0.08610663764982952,0.6598984061079736,0.7513548386855281,0.9532894059737341,-0.3020584520556329,0.0,-0.00010666128,0.00010666128218872473,0.0,ICV_113_CASE_6_with_r_theta_phi.csv
14.693044,0.9568,-0.4593849178,0.0,-316.6913622,0.4505932235,328.9018763,2023.115915,42.89801534,0.03630100616,0.04311705727,322.306919478862,131.075161937948,0.295122157143474,826.192527353848,807.334548365193,0.0006691167543644,0.0431247273958782,0.0363014692434201,332.239680072915,113.51081446063978,7.453357986610214,48.45392707899548,72.51024536825452,0.9205738033607016,14.731328613829715,3.725797675019805,91.78701361495462,ICV_113_CASE_6_with_r_theta_phi.csv,0.8339868979189484,0.0649816175629681,0.9978864611662492,0.9995136541032185,-0.031184214936916275,0.0,8.877164e-06,-8.877163963916246e-06,0.0,ICV_113_CASE_6_with_r_theta_phi.csv
0.1407881449,1.01,-0.4592452749,0.0,28701.48256,0.4364911822,362.0439583,461.9110992,64.78688017,0.0363014702,0.04312478562,322.306919478862,131.075161937948,0.295122157143474,826.192527353848,807.334548365193,0.0006691167543644,0.0431247273958782,0.0363014692434201,332.239680072915,113.51081446063978,7.453357986610214,48.45392707899548,72.51024536825452,0.9205738033607016,1.1184040076208417,82.06443482150888,114.24413772703632,ICV_113_CASE_6_with_r_theta_phi.csv,0.06331637243229904,0.9904239565402819,0.1380593579265589,0.9118040619002932,-0.41062556265060557,0.0,-0.00010666128,0.00010666128218872473,0.0,ICV_113_CASE_6_with_r_theta_phi.csv
-2.287096651,0.9568,-0.4590318804,0.001702838927,3719.88409,0.4330245218,326.4020475,193.2989314,5.859574582,0.03630143046,0.04312205024,322.306919478862,131.075161937948,0.295122157143474,826.192527353848,807.334548365193,0.0006691167543644,0.0431247273958782,0.0363014692434201,332.239680072915,113.51081446063978,7.453357986610214,48.45392707899548,72.51024536825452,0.9205738033607016,2.521306724347313,157.2981505054977,100.48983623392814,ICV_113_CASE_6_with_r_theta_phi.csv,0.14273911259888394,0.3859358214392777,-0.9225256320178805,0.9832872190687678,-0.18206110187519164,0.001702838927,0.0014173593,0.0002854795897893447,16.764920339508745,ICV_113_CASE_6_with_r_theta_phi.csv
-1.186820736,0.9568,-0.4554116734,0.0,3231.807303,0.4334385313,327.371664,349.1109508,12.79051089,0.03630142694,0.04312196197,322.306919478862,131.075161937948,0.295122157143474,826.192527353848,807.334548365193,0.0006691167543644,0.0431247273958782,0.0363014692434201,332.239680072915,113.51081446063978,7.453357986610214,48.45392707899548,72.51024536825452,0.9205738033607016,1.5910403802759283,141.12467520301544,106.63269326637771,ICV_113_CASE_6_with_r_theta_phi.csv,0.09007380569627714,0.6276278384788242,-0.7785135171378843,0.9581594032124364,-0.2862351446548583,0.0,1.207765e-05,-1.207765035360353e-05,0.0,ICV_113_CASE_6_with_r_theta_phi.csv
1.380958336,0.9568,-0.4529457366,0.0,3957.733946,0.4331715244,335.2623709,362.849591,28.35085157,0.03630143167,0.04312199291,322.306919478862,131.075161937948,0.295122157143474,826.192527353848,807.334548365193,0.0006691167543644,0.0431247273958782,0.0363014692434201,332.239680072915,113.51081446063978,7.453357986610214,48.45392707899548,72.51024536825452,0.9205738033607016,1.740020691276976,34.71623740592486,105.08848965150656,ICV_113_CASE_6_with_r_theta_phi.csv,0.098508050201971,0.5695124930606131,0.8219826763672609,0.965524945053614,-0.2603105462312578,0.0,7.351954e-06,-7.35195408196887e-06,0.0,ICV_113_CASE_6_with_r_theta_phi.csv
15.21696265,0.9568,-0.4487478247,0.0,1896.474899,0.4325090084,326.8510984,117.4904066,4.677834665,0.03630108461,0.04311764266,322.306919478862,131.075161937948,0.295122157143474,826.192527353848,807.334548365193,0.0006691167543644,0.0431247273958782,0.0363014692434201,332.239680072915,113.51081446063978,7.453357986610214,48.45392707899548,72.51024536825452,0.9205738033607016,15.253615739937466,3.5978617284590086,91.6858341720266,ICV_113_CASE_6_with_r_theta_phi.csv,0.863555216673082,0.06275327324915922,0.9980290710678303,0.9995671642611257,-0.02941911166183926,0.0,8.877164e-06,-8.877163963916246e-06,0.0,ICV_113_CASE_6_with_r_theta_phi.csv
11.37691641,-2.561296102,-0.4469477346,0.003375588683,2396.23375,0.4189556858,329.20188,36.60255415,3.402800301,0.03630124016,0.0431192593,322.306919478862,131.075161937948,0.295122157143474,826.192527353848,807.334548365193,0.0006691167543644,0.0431247273958782,0.0363014692434201,332.239680072915,113.51081446063978,7.453357986610214,48.45392707899548,72.51024536825452,0.9205738033607016,11.670228232545917,347.31247486554724,92.19485708455444,ICV_113_CASE_6_with_r_theta_phi.csv,0.6606883667322423,-0.2196337984680741,0.9755823873822679,0.9992663581058332,-0.038298114286536705,0.003375588683,0.0035051946,-0.0001296058766933365,3.839504419115315,ICV_113_CASE_6_with_r_theta_phi.csv
14.99294833,0.9568,-0.4437417452,0.0,1889.143745,0.4319060012,326.6858197,367.885988,8.013716581,0.03630105172,0.04311739286,322.306919478862,131.075161937948,0.295122157143474,826.192527353848,807.334548365193,0.0006691167543644,0.0431247273958782,0.0363014692434201,332.239680072915,113.51081446063978,7.453357986610214,48.45392707899548,72.51024536825452,0.9205738033607016,15.02999908857226,3.6514741305076086,91.69183138644246,ICV_113_CASE_6_with_r_theta_phi.csv,0.8508955739291131,0.06368711435275194,0.9979699151103802,0.9995640794535968,-0.029523737332585048,0.0,8.877164e-06,-8.877163963916246e-06,0.0,ICV_113_CASE_6_with_r_theta_phi.csv
11.55311288,-2.561892051,-0.4435190205,0.003375742817,2281.034853,0.4200134858,328.4786314,111.8732056,5.861108464,0.0363008319,0.04311748473,322.306919478862,131.075161937948,0.295122157143474,826.192527353848,807.334548365193,0.0006691167543644,0.0431247273958782,0.0363014692434201,332.239680072915,113.51081446063978,7.453357986610214,48.45392707899548,72.51024536825452,0.9205738033607016,11.842061358587202,347.4970286887733,92.14639258397352,ICV_113_CASE_6_with_r_theta_phi.csv,0.6704163810548847,-0.2164902435417899,0.9762847814296894,0.9992983956590394,-0.037452856143021386,0.003375742817,0.0035080581,-0.0001323153267796355,3.919591447372977,ICV_113_CASE_6_with_r_theta_phi.csv
-2.188964824,0.9568,-0.441678287,0.0,3626.34134,0.4340597708,325.7150833,317.3962797,8.00160571,0.03630142985,0.04312200629,322.306919478862,131.075161937948,0.295122157143474,826.192527353848,807.334548365193,0.0006691167543644,0.0431247273958782,0.0363014692434201,332.239680072915,113.51081446063978,7.453357986610214,48.45392707899548,72.51024536825452,0.9205738033607016,2.429426465221083,156.3897850715853,100.47482749487534,ICV_113_CASE_6_with_r_theta_phi.csv,0.1375374818229106,0.40051239912882397,-0.9162913391187726,0.9833348765861529,-0.1818035216636228,0.0,0.00021267749,-0.00021267749252729118,0.0,ICV_113_CASE_6_with_r_theta_phi.csv
-0.2603674548,0.9568,-0.4413022685,0.0,1957.888476,0.4337921787,328.0485324,250.3278876,13.59136716,0.03630141527,0.04312167021,322.306919478862,131.075161937948,0.295122157143474,826.192527353848,807.334548365193,0.0006691167543644,0.0431247273958782,0.0363014692434201,332.239680072915,113.51081446063978,7.453357986610214,48.45392707899548,72.51024536825452,0.9205738033607016,1.0853594536844815,105.22289780148152,113.99114801523422,ICV_113_CASE_6_with_r_theta_phi.csv,0.06144561618532832,0.9649116355970065,-0.2625748188412393,0.9136082860376881,-0.40659549884778345,0.0,7.351954e-06,-7.35195408196887e-06,0.0,ICV_113_CASE_6_with_r_theta_phi.csv
12.53707622,-2.65,-0.4401224678,0.0,-13528.32278,0.5559510821,353.9263013,10313.89073,157.2048953,0.0222995712,0.02648643195,322.306919478862,131.075161937948,0.295122157143474,826.192527353848,807.334548365193,0.0006691167543644,0.0431247273958782,0.0363014692434201,332.239680072915,113.51081446063978,7.453357986610214,48.45392707899548,72.51024536825452,0.9205738033607016,12.82164138996064,348.06489473373495,91.96715178730985,ICV_113_CASE_6_with_r_theta_phi.csv,0.7258734910715279,-0.20680368153711184,0.9783824596254252,0.9994106709880232,-0.03432653077823674,0.0,-0.00016409234,0.00016409234376624227,0.0,ICV_113_CASE_6_with_r_theta_phi.csv
12.6836845,-2.563780363,-0.4324699424,0.003375454573,2026.869605,0.4214992222,329.8670727,624.6071909,22.51677387,0.03629903662,0.04311480604,322.306919478862,131.075161937948,0.295122157143474,826.192527353848,807.334548365193,0.0006691167543644,0.0431247273958782,0.0363014692434201,332.239680072915,113.51081446063978,7.453357986610214,48.45392707899548,72.51024536825452,0.9205738033607016,12.947426481595642,348.5726514609641,91.91414968752396,ICV_113_CASE_6_with_r_theta_phi.csv,0.7329945811732479,-0.19812522289297393,0.9801767167473473,0.99944199750671,-0.0334020002364745,0.003375454573,0.003801108,-0.00042565353210814207,12.610258048999064,ICV_113_CASE_6_with_r_theta_phi.csv
12.861509,-2.563900628,-0.4317563764,0.003375469707,1528.196981,0.4195832822,328.409979,172.6167932,5.456201953,0.0363006756,0.04311663116,322.306919478862,131.075161937948,0.295122157143474,826.192527353848,807.334548365193,0.0006691167543644,0.0431247273958782,0.0363014692434201,332.239680072915,113.51081446063978,7.453357986610214,48.45392707899548,72.51024536825452,0.9205738033607016,13.1216772462937,348.726058346182,91.88560377616956,ICV_113_CASE_6_with_r_theta_phi.csv,0.7428594656327602,-0.19550013658363566,0.980703674203263,0.9994585150128956,-0.032904053978461606,0.003375469707,0.0037101028,-0.00033463304857637207,9.913673578029101,ICV_113_CASE_6_with_r_theta_phi.csv
11.71111505,-2.563969913,-0.4313447419,0.001680313144,-1605.489214,0.4231675422,329.4859443,2236.205811,36.84308955,0.0371627735,0.0441404229,322.306919478862,131.075161937948,0.295122157143474,826.192527353848,807.334548365193,0.0006691167543644,0.0431247273958782,0.0363014692434201,332.239680072915,113.51081446063978,7.453357986610214,48.45392707899548,72.51024536825452,0.9205738033607016,11.996258404830671,347.6508117320428,92.06060597441136,ICV_113_CASE_6_with_r_theta_phi.csv,0.679145961368783,-0.21386909858684716,0.9768623284115574,0.9993533521508834,-0.0359566064137383,0.001680313144,0.0012332711,0.00044704205368620775,26.604687049937215,ICV_113_CASE_6_with_r_theta_phi.csv
17.62067077,0.3455514196,-0.4307972348,0.003375411266,2487.355974,0.4358263601,326.4975328,17.13742519,1.53092028,0.03630120756,0.04311851977,322.306919478862,131.075161937948,0.295122157143474,826.192527353848,807.334548365193,0.0006691167543644,0.0431247273958782,0.0363014692434201,332.239680072915,113.51081446063978,7.453357986610214,48.45392707899548,72.51024536825452,0.9205738033607016,17.62932302800738,1.123458963315045,91.40024211438686,ICV_113_CASE_6_with_r_theta_phi.csv,0.9980514867298657,0.019606801473975134,0.9998077681914459,0.999701386529368,-0.02443640258423949,0.003375411266,0.0038147788,-0.000439367490350279,13.016709834614623,ICV_113_CASE_6_with_r_theta_phi.csv
6.55282393,-2.564692799,-0.4270255813,0.00337543129,5959.898286,0.4344116291,331.2151087,496.6779499,26.98529662,0.03630141538,0.04312203375,322.306919478862,131.075161937948,0.295122157143474,826.192527353848,807.334548365193,0.0006691167543644,0.0431247273958782,0.0363014692434201,332.239680072915,113.51081446063978,7.453357986610214,48.45392707899548,72.51024536825452,0.9205738033607016,7.049787334232693,338.6252505852076,93.47269340930654,ICV_113_CASE_6_with_r_theta_phi.csv,0.39911065892219866,-0.36446642717275757,0.9312165287750884,0.9981637801818968,-0.06057283164081185,0.00337543129,0.0038715124,-0.0004960810764587736,14.696820456144003,ICV_113_CASE_6_with_r_theta_phi.csv
13.09568669,0.9568,-0.4254329202,0.0,1868.102776,0.4301438232,326.5158216,68.63005431,3.300687631,0.03630111705,0.04311792004,322.306919478862,131.075161937948,0.295122157143474,826.192527353848,807.334548365193,0.0006691167543644,0.0431247273958782,0.0363014692434201,332.239680072915,113.51081446063978,7.453357986610214,48.45392707899548,72.51024536825452,0.9205738033607016,13.137483369817565,4.178732175559105,91.85574150086188,ICV_113_CASE_6_with_r_theta_phi.csv,0.7437543000547835,0.07286799537811602,0.9973415940637265,0.9994755286928174,-0.03238313672597296,0.0,8.877164e-06,-8.877163963916246e-06,0.0,ICV_113_CASE_6_with_r_theta_phi.csv
10.2949284,-2.565014842,-0.4250868877,0.003375400091,2943.588073,0.4327290891,327.3745143,95.99261363,6.94735254,0.03630134522,0.0431204877,322.306919478862,131.075161937948,0.295122157143474,826.192527353848,807.334548365193,0.0006691167543644,0.0431247273958782,0.0363014692434201,332.239680072915,113.51081446063978,7.453357986610214,48.45392707899548,72.51024536825452,0.9205738033607016,10.618170782338233,346.0094271309625,92.29438720221629,ICV_113_CASE_6_with_r_theta_phi.csv,0.6011280818230099,-0.24176224522853285,0.9703355176340083,0.9991983217027448,-0.04003390945708505,0.003375400091,0.003762068,-0.00038666790310283583,11.455468761148445,ICV_113_CASE_6_with_r_theta_phi.csv
12.525394,-2.565300709,-0.4233583453,0.001651120489,-6927.30592,0.4291476712,334.949758,6077.310968,113.4371621,0.03728058952,0.04428044686,322.306919478862,131.075161937948,0.295122157143474,826.192527353848,807.334548365193,0.0006691167543644,0.0431247273958782,0.0363014692434201,332.239680072915,113.51081446063978,7.453357986610214,48.45392707899548,72.51024536825452,0.9205738033607016,12.79239988709574,348.4254321139744,91.89652267307082,ICV_113_CASE_6_with_r_theta_phi.csv,0.7242180375205229,-0.2006430932452395,0.9796644063826051,0.9994522263155174,-0.03309452089025617,0.001651120489,0.0011349665,0.0005161539888965264,31.260831176319932,ICV_113_CASE_6_with_r_theta_phi.csv
-2.074184712,0.9568,-0.4216784482,0.0,3532.105187,0.4341678861,325.7784805,396.0068049,9.479199558,0.03630142969,0.04312199111,322.306919478862,131.075161937948,0.295122157143474,826.192527353848,807.334548365193,0.0006691167543644,0.0431247273958782,0.0363014692434201,332.239680072915,113.51081446063978,7.453357986610214,48.45392707899548,72.51024536825452,0.9205738033607016,2.3228261177218763,155.23661155784134,100.45928756384478,ICV_113_CASE_6_with_r_theta_phi.csv,0.13150250049444553,0.4188719340980955,-0.9080453198078391,0.9833841497072107,-0.18153681198210547,0.0,7.730914e-05,-7.730913785053417e-05,0.0,ICV_113_CASE_6_with_r_theta_phi.csv
14.84050338,0.9568,-0.4210489304,0.0,2003.664875,0.4320177253,326.905433,705.0158293,13.92109226,0.03630103209,0.04311724463,322.306919478862,131.075161937948,0.295122157143474,826.192527353848,807.334548365193,0.0006691167543644,0.0431247273958782,0.0363014692434201,332.239680072915,113.51081446063978,7.453357986610214,48.45392707899548,72.51024536825452,0.9205738033607016,14.87727424676921,3.688879840905372,91.62177210250236,ICV_113_CASE_6_with_r_theta_phi.csv,0.8422493397441725,0.06433862819308472,0.9979281241262979,0.9995994327911258,-0.0283014834180015,0.0,8.877164e-06,-8.877163963916246e-06,0.0,ICV_113_CASE_6_with_r_theta_phi.csv
8.298315607,0.9568,-0.4154791149,0.0,1810.87561,0.4329048552,325.7179651,167.4083504,3.502383531,0.03630127282,0.04311941278,322.306919478862,131.075161937948,0.295122157143474,826.192527353848,807.334548365193,0.0006691167543644,0.0431247273958782,0.0363014692434201,332.239680072915,113.51081446063978,7.453357986610214,48.45392707899548,72.51024536825452,0.9205738033607016,8.36361949447115,6.577188892498668,92.84745160165488,ICV_113_CASE_6_with_r_theta_phi.csv,0.47349083442617623,0.11454165095599209,0.9934184466760599,0.9987653380800455,-0.04967695089125633,0.0,1.1500056e-05,-1.1500055734359194e-05,0.0,ICV_113_CASE_6_with_r_theta_phi.csv
11.72875905,-2.65,-0.4075986776,0.0,-4465.33008,0.5498139117,347.7142802,4654.204681,57.27861307,0.02251646744,0.02674396075,322.306919478862,131.075161937948,0.295122157143474,826.192527353848,807.334548365193,0.0006691167543644,0.0431247273958782,0.0363014692434201,332.239680072915,113.51081446063978,7.453357986610214,48.45392707899548,72.51024536825452,0.9205738033607016,12.031310216885698,347.26834455957714,91.94144720201854,ICV_113_CASE_6_with_r_theta_phi.csv,0.6811303548181808,-0.2203851454727989,0.9754129318677979,0.9994259703118934,-0.033878162083124566,0.0,-0.00014705083,0.0001470508286729455,0.0,ICV_113_CASE_6_with_r_theta_phi.csv
1.607427309,0.9568,-0.3989471582,0.0,3147.385322,0.4325365003,330.6240932,217.2128992,15.07159579,0.03630142992,0.04312174292,322.306919478862,131.075161937948,0.295122157143474,826.192527353848,807.334548365193,0.0006691167543644,0.0431247273958782,0.0363014692434201,332.239680072915,113.51081446063978,7.453357986610214,48.45392707899548,72.51024536825452,0.9205738033607016,1.9127068852165603,30.76266769466298,102.03898897591824,ICV_113_CASE_6_with_r_theta_phi.csv,0.10828435938442317,0.5114830823039478,0.859293347185263,0.9780058932784307,-0.20857725837842148,0.0,7.351954e-06,-7.35195408196887e-06,0.0,ICV_113_CASE_6_with_r_theta_phi.csv
-1.941353298,0.9568,-0.3969548685,0.0,3476.357329,0.4342194117,325.9220792,414.4409141,10.34809644,0.03630142972,0.04312198416,322.306919478862,131.075161937948,0.295122157143474,826.192527353848,807.334548365193,0.0006691167543644,0.0431247273958782,0.0363014692434201,332.239680072915,113.51081446063978,7.453357986610214,48.45392707899548,72.51024536825452,0.9205738033607016,2.2004299660024014,153.7635214531972,100.39298812743272,ICV_113_CASE_6_with_r_theta_phi.csv,0.12457326895222655,0.44207702142845184,-0.8969770939800794,0.9835935554283685,-0.1803987741637428,0.0,7.730914e-05,-7.730913785053417e-05,0.0,ICV_113_CASE_6_with_r_theta_phi.csv
13.55823623,0.9568,-0.3924280251,0.0,1824.006596,0.4306313635,328.4251688,87.80156029,7.131526477,0.03630111727,0.043117919,322.306919478862,131.075161937948,0.295122157143474,826.192527353848,807.334548365193,0.0006691167543644,0.0431247273958782,0.0363014692434201,332.239680072915,113.51081446063978,7.453357986610214,48.45392707899548,72.51024536825452,0.9205738033607016,13.597618749743225,4.036651101770246,91.65378897693142,ICV_113_CASE_6_with_r_theta_phi.csv,0.7698040127580015,0.07039458359485336,0.9975192241759089,0.999583461860447,-0.028860055008337812,0.0,8.877164e-06,-8.877163963916246e-06,0.0,ICV_113_CASE_6_with_r_theta_phi.csv
-1.243081175,-2.253009104,-0.372423374,0.003375448519,9742.058436,0.4352311524,336.0956934,381.3532302,32.00416802,0.03630144413,0.04312318076,322.306919478862,131.075161937948,0.295122157143474,826.192527353848,807.334548365193,0.0006691167543644,0.0431247273958782,0.0363014692434201,332.239680072915,113.51081446063978,7.453357986610214,48.45392707899548,72.51024536825452,0.9205738033607016,2.5999999999707324,241.11260584727995,98.23536080394604,ICV_113_CASE_6_with_r_theta_phi.csv,0.14719418671641085,-0.8755708344782887,-0.4830897575099199,0.9896880171928168,-0.14323975923238144,0.003375448519,0.0035739332,-0.00019848463161926825,5.880244668026169,ICV_113_CASE_6_with_r_theta_phi.csv
-1.787352189,0.9568,-0.3687983422,0.0,3338.690876,0.4332497731,326.6968936,387.2335223,10.30710888,0.03630142979,0.04312197812,322.306919478862,131.075161937948,0.295122157143474,826.192527353848,807.334548365193,0.0006691167543644,0.0431247273958782,0.0363014692434201,332.239680072915,113.51081446063978,7.453357986610214,48.45392707899548,72.51024536825452,0.9205738033607016,2.060608236597282,151.8390999572449,100.31008993656178,ICV_113_CASE_6_with_r_theta_phi.csv,0.11665752058864952,0.4719492331440115,-0.8816257263344687,0.9838535351399904,-0.17897547707030606,0.0,7.730914e-05,-7.730913785053417e-05,0.0,ICV_113_CASE_6_with_r_theta_phi.csv
13.34342631,0.9568,-0.3644559135,0.0,1950.421079,0.4303101808,327.3469389,73.67958124,4.624603991,0.03630111914,0.04311793775,322.306919478862,131.075161937948,0.295122157143474,826.192527353848,807.334548365193,0.0006691167543644,0.0431247273958782,0.0363014692434201,332.239680072915,113.51081446063978,7.453357986610214,48.45392707899548,72.51024536825452,0.9205738033607016,13.382649963414767,4.101415344731549,91.56055547922152,ICV_113_CASE_6_with_r_theta_phi.csv,0.7576339528836217,0.0715220835176162,0.9974390164663197,0.9996291004411331,-0.027233463812947643,0.0,8.877164e-06,-8.877163963916246e-06,0.0,ICV_113_CASE_6_with_r_theta_phi.csv
-0.08163628276,0.9568,-0.3586417751,0.0,2578.356707,0.433442737,330.31295,415.245215,21.8842235,0.03630141048,0.04312152938,322.306919478862,131.075161937948,0.295122157143474,826.192527353848,807.334548365193,0.0006691167543644,0.0431247273958782,0.0363014692434201,332.239680072915,113.51081446063978,7.453357986610214,48.45392707899548,72.51024536825452,0.9205738033607016,1.025063239761211,94.87679080542466,110.47953693799695,ICV_113_CASE_6_with_r_theta_phi.csv,0.05803205765816891,0.996379814865367,-0.08501331971436563,0.9367972053055462,-0.3498728285130447,0.0,7.351954e-06,-7.35195408196887e-06,0.0,ICV_113_CASE_6_with_r_theta_phi.csv
0.06774313765,0.9568,-0.3572522008,0.0,1778.175332,0.4321931986,331.6657535,1468.779359,36.43595191,0.03630140452,0.04312139813,322.306919478862,131.075161937948,0.295122157143474,826.192527353848,807.334548365193,0.0006691167543644,0.0431247273958782,0.0363014692434201,332.239680072915,113.51081446063978,7.453357986610214,48.45392707899548,72.51024536825452,0.9205738033607016,1.0235646084518115,85.95011533850538,110.42784447324078,ICV_113_CASE_6_with_r_theta_phi.csv,0.057947215420946885,0.9975029385889618,0.07062497792131273,0.9371124805629976,-0.3490275043217448,0.0,7.351954e-06,-7.35195408196887e-06,0.0,ICV_113_CASE_6_with_r_theta_phi.csv
1.286364585,0.9568,-0.3549864148,0.0,3766.925144,0.4330332463,337.5403717,396.1530899,32.72992395,0.03630143182,0.04312202803,322.306919478862,131.075161937948,0.295122157143474,826.192527353848,807.334548365193,0.0006691167543644,0.0431247273958782,0.0363014692434201,332.239680072915,113.51081446063978,7.453357986610214,48.45392707899548,72.51024536825452,0.9205738033607016,1.642015663821384,36.641928558346365,102.48531734084668,ICV_113_CASE_6_with_r_theta_phi.csv,0.0929596770055834,0.5968122101875227,0.8023809480359589,0.97635144003961,-0.2161894204917985,0.0,7.351954e-06,-7.35195408196887e-06,0.0,ICV_113_CASE_6_with_r_theta_phi.csv
-0.7427202116,0.9568,-0.3438562255,0.0,2858.110479,0.43354087,327.4552537,317.5077616,12.83114975,0.03630142207,0.04312185182,322.306919478862,131.075161937948,0.295122157143474,826.192527353848,807.334548365193,0.0006691167543644,0.0431247273958782,0.0363014692434201,332.239680072915,113.51081446063978,7.453357986610214,48.45392707899548,72.51024536825452,0.9205738033607016,1.2591015274926227,127.8205594552506,105.84861030102178,ICV_113_CASE_6_with_r_theta_phi.csv,0.07128170205182827,0.7899350319581916,-0.6131905456586971,0.9619866420243396,-0.2730965041276344,0.0,1.3471495e-07,-1.3471495208250417e-07,0.0,ICV_113_CASE_6_with_r_theta_phi.csv
13.57705391,-2.577468262,-0.3415513956,0.00337542966,1775.703813,0.4194409622,328.0666483,18.83619748,1.285569466,0.03630091583,0.0431164764,322.306919478862,131.075161937948,0.295122157143474,826.192527353848,807.334548365193,0.0006691167543644,0.0431247273958782,0.0363014692434201,332.239680072915,113.51081446063978,7.453357986610214,48.45392707899548,72.51024536825452,0.9205738033607016,13.82376189293276,349.2508796697704,91.41578285462252,ICV_113_CASE_6_with_r_theta_phi.csv,0.7826066881594057,-0.18650895229432018,0.9824532613382049,0.9996947216970433,-0.024707557772289147,0.00337542966,0.003519443,-0.00014401343659302228,4.266521630030265,ICV_113_CASE_6_with_r_theta_phi.csv
10.66252629,-2.578271913,-0.3354309772,0.003375359345,2817.390197,0.4324323944,327.3702427,71.41809864,5.600852869,0.03630133995,0.04312038625,322.306919478862,131.075161937948,0.295122157143474,826.192527353848,807.334548365193,0.0006691167543644,0.0431247273958782,0.0363014692434201,332.239680072915,113.51081446063978,7.453357986610214,48.45392707899548,72.51024536825452,0.9205738033607016,10.97494723826822,346.40642023329576,91.75142278609042,ICV_113_CASE_6_with_r_theta_phi.csv,0.6213263203886903,-0.23503319930474448,0.9719873431401133,0.9995328321869578,-0.030563333920220603,0.003375359345,0.003762068,-0.00038670864910283565,11.456814207385303,ICV_113_CASE_6_with_r_theta_phi.csv
0.2055200942,0.9568,-0.3307174301,0.0,16641.33897,0.434369249,348.8810922,1146.9186,51.97523099,0.03630143849,0.04312316247,322.306919478862,131.075161937948,0.295122157143474,826.192527353848,807.334548365193,0.0006691167543644,0.0431247273958782,0.0363014692434201,332.239680072915,113.51081446063978,7.453357986610214,48.45392707899548,72.51024536825452,0.9205738033607016,1.0329950472736669,77.87710438185718,108.67223452540026,ICV_113_CASE_6_with_r_theta_phi.csv,0.058481102256630536,0.9776993942933888,0.21000927217230328,0.9473655352389866,-0.3201539358517219,0.0,7.351954e-06,-7.35195408196887e-06,0.0,ICV_113_CASE_6_with_r_theta_phi.csv
13.80925861,0.9568,-0.3305929657,0.0,-10942.25963,0.4307924318,341.0925176,232.4591719,29.08655214,0.03630111194,0.04311787165,322.306919478862,131.075161937948,0.295122157143474,826.192527353848,807.334548365193,0.0006691167543644,0.0431247273958782,0.0363014692434201,332.239680072915,113.51081446063978,7.453357986610214,48.45392707899548,72.51024536825452,0.9205738033607016,13.84631291379873,3.9635095588882905,91.36811741031444,ICV_113_CASE_6_with_r_theta_phi.csv,0.7838833724578783,0.06912113270070286,0.9976082743312487,0.9997149304411049,-0.023875884342505597,0.0,8.877164e-06,-8.877163963916246e-06,0.0,ICV_113_CASE_6_with_r_theta_phi.csv
1.024490846,1.01,-0.330541457,0.0,23387.81239,0.4359866221,362.4104735,334.6277046,46.12939305,0.03630146867,0.04312470366,322.306919478862,131.075161937948,0.295122157143474,826.192527353848,807.334548365193,0.0006691167543644,0.0431247273958782,0.0363014692434201,332.239680072915,113.51081446063978,7.453357986610214,48.45392707899548,72.51024536825452,0.9205738033607016,1.476123012602093,44.59191250267651,102.93969670650108,ICV_113_CASE_6_with_r_theta_phi.csv,0.08356797166761123,0.7020525410630037,0.712125150227809,0.974606284033458,-0.22392541419520642,0.0,-0.00010666128,0.00010666128218872473,0.0,ICV_113_CASE_6_with_r_theta_phi.csv
14.62808408,1.01,-0.3304586218,0.0,-1044.000228,0.5126525526,328.0642581,2672.843316,58.43009805,0.02755232147,0.03272562966,322.306919478862,131.075161937948,0.295122157143474,826.192527353848,807.334548365193,0.0006691167543644,0.0431247273958782,0.0363014692434201,332.239680072915,113.51081446063978,7.453357986610214,48.45392707899548,72.51024536825452,0.9205738033607016,14.666633790760288,3.949734011822841,91.29105880505732,ICV_113_CASE_6_with_r_theta_phi.csv,0.8303243202779585,0.06888127709203205,0.9976248641980465,0.999746137582567,-0.02253132017301629,0.0,1.0762623e-05,-1.0762622878246475e-05,0.0,ICV_113_CASE_6_with_r_theta_phi.csv
1.172851773,0.9568,-0.3296931168,0.0,4175.312921,0.4326564062,342.4641737,912.3401887,55.52585867,0.03630142996,0.04312200536,322.306919478862,131.075161937948,0.295122157143474,826.192527353848,807.334548365193,0.0006691167543644,0.0431247273958782,0.0363014692434201,332.239680072915,113.51081446063978,7.453357986610214,48.45392707899548,72.51024536825452,0.9205738033607016,1.5491110588639352,39.20719967414277,102.28809063609732,ICV_113_CASE_6_with_r_theta_phi.csv,0.08770005478670838,0.6321266756639216,0.7748650630361904,0.9770898333157795,-0.21282729531463376,0.0,7.351954e-06,-7.35195408196887e-06,0.0,ICV_113_CASE_6_with_r_theta_phi.csv
12.43116508,-2.65,-0.3252969975,0.0,-18244.84415,0.5540377552,365.159866,11660.3613,192.9151387,0.02266527551,0.02692078666,322.306919478862,131.075161937948,0.295122157143474,826.192527353848,807.334548365193,0.0006691167543644,0.0431247273958782,0.0363014692434201,332.239680072915,113.51081446063978,7.453357986610214,48.45392707899548,72.51024536825452,0.9205738033607016,12.71464444578746,347.9661621007105,91.46604012651407,ICV_113_CASE_6_with_r_theta_phi.csv,0.7198160571565704,-0.2084893316300362,0.9780246410988124,0.999672664762391,-0.0255844352460659,0.0,-0.00016409234,0.00016409234376624227,0.0,ICV_113_CASE_6_with_r_theta_phi.csv
14.90900563,0.9568,-0.3205275363,0.0,1917.242212,0.4326707475,326.5070234,333.8617178,8.29832038,0.03630106723,0.04311751692,322.306919478862,131.075161937948,0.295122157143474,826.192527353848,807.334548365193,0.0006691167543644,0.0431247273958782,0.0363014692434201,332.239680072915,113.51081446063978,7.453357986610214,48.45392707899548,72.51024536825452,0.9205738033607016,14.943113899616044,3.671977062546944,91.22908007865055,ICV_113_CASE_6_with_r_theta_phi.csv,0.84597672980363,0.06404422748486717,0.9979470611840423,0.9997699255224326,-0.0214498489707851,0.0,8.877164e-06,-8.877163963916246e-06,0.0,ICV_113_CASE_6_with_r_theta_phi.csv
13.81680948,1.01,-0.3201093494,0.0,-20037.21135,0.4740922887,337.0834663,416.4782473,40.23111018,0.03145952177,0.03736703767,322.306919478862,131.075161937948,0.295122157143474,826.192527353848,807.334548365193,0.0006691167543644,0.0431247273958782,0.0363014692434201,332.239680072915,113.51081446063978,7.453357986610214,48.45392707899548,72.51024536825452,0.9205738033607016,13.857373279312036,4.180848871500871,91.32366689672654,ICV_113_CASE_6_with_r_theta_phi.csv,0.7845095345757765,0.07290484043150586,0.9973389013979435,0.9997331526838608,-0.023100290578005975,0.0,1.0762623e-05,-1.0762622878246475e-05,0.0,ICV_113_CASE_6_with_r_theta_phi.csv
14.62057827,0.9568,-0.3200429844,0.0,-219.8139873,0.4878122864,328.5599888,1654.401988,39.8413067,0.02808348687,0.03335675411,322.306919478862,131.075161937948,0.295122157143474,826.192527353848,807.334548365193,0.0006691167543644,0.0431247273958782,0.0363014692434201,332.239680072915,113.51081446063978,7.453357986610214,48.45392707899548,72.51024536825452,0.9205738033607016,14.65534723918406,3.744211893764259,91.25132279484444,ICV_113_CASE_6_with_r_theta_phi.csv,0.8296853530548376,0.06530232368012504,0.9978655252698012,0.9997615231704793,-0.02183796665999843,0.0,1.0762623e-05,-1.0762622878246475e-05,0.0,ICV_113_CASE_6_with_r_theta_phi.csv
1.016919646,0.9568,-0.3200331094,0.0,14975.04037,0.433874128,355.2825163,1191.22418,69.04956566,0.03630144867,0.04312338716,322.306919478862,131.075161937948,0.295122157143474,826.192527353848,807.334548365193,0.0006691167543644,0.0431247273958782,0.0363014692434201,332.239680072915,113.51081446063978,7.453357986610214,48.45392707899548,72.51024536825452,0.9205738033607016,1.4324849030733269,43.25530578154439,102.90946604814133,ICV_113_CASE_6_with_r_theta_phi.csv,0.08109748088222635,0.6852504369856108,0.7283075165141641,0.9747242969087557,-0.2234111568738943,0.0,-0.00010666128,0.00010666128218872473,0.0,ICV_113_CASE_6_with_r_theta_phi.csv
0.2132811533,1.01,-0.3199432294,0.0,28463.47906,0.4361453748,363.6082787,423.1285344,58.92726571,0.03630146795,0.04312467315,322.306919478862,131.075161937948,0.295122157143474,826.192527353848,807.334548365193,0.0006691167543644,0.0431247273958782,0.0363014692434201,332.239680072915,113.51081446063978,7.453357986610214,48.45392707899548,72.51024536825452,0.9205738033607016,1.080718520426054,78.07606106315166,107.22031701355615,ICV_113_CASE_6_with_r_theta_phi.csv,0.06118287834048714,0.9784227448516856,0.2066130014226921,0.9551734443520533,-0.2960467719882028,0.0,-0.00010666128,0.00010666128218872473,0.0,ICV_113_CASE_6_with_r_theta_phi.csv
11.82036333,-2.580467338,-0.3181011325,0.001525278785,-1346.476172,0.4202818101,329.9084883,2277.781733,34.04144418,0.03577443814,0.04249169606,322.306919478862,131.075161937948,0.295122157143474,826.192527353848,807.334548365193,0.0006691167543644,0.0431247273958782,0.0363014692434201,332.239680072915,113.51081446063978,7.453357986610214,48.45392707899548,72.51024536825452,0.9205738033607016,12.102933085256288,347.6851412149226,91.50607718497662,ICV_113_CASE_6_with_r_theta_phi.csv,0.685185150918267,-0.21328376095137402,0.9769902954044309,0.9996545428449771,-0.026282978701048242,0.001525278785,0.0014741794,5.109934109673265e-05,3.350164020227359,ICV_113_CASE_6_with_r_theta_phi.csv
12.41395276,-2.581177719,-0.312284508,0.00151518581,-8962.995932,0.4182896473,346.4491088,6606.265636,111.6337694,0.03742937136,0.0444571885,322.306919478862,131.075161937948,0.295122157143474,826.192527353848,807.334548365193,0.0006691167543644,0.0431247273958782,0.0363014692434201,332.239680072915,113.51081446063978,7.453357986610214,48.45392707899548,72.51024536825452,0.9205738033607016,12.68330489890196,348.25410630838905,91.41086197822608,ICV_113_CASE_6_with_r_theta_phi.csv,0.7180418267273689,-0.20357158379743706,0.9790600646897017,0.999696840030842,-0.024621698405046022,0.00151518581,0.00093260984,0.0005825759729634202,38.44914390921657,ICV_113_CASE_6_with_r_theta_phi.csv
14.77394186,0.9568,-0.3113717217,0.0,1969.641999,0.4331500141,326.6712062,554.6934753,13.12227995,0.03630105924,0.04311745771,322.306919478862,131.075161937948,0.295122157143474,826.192527353848,807.334548365193,0.0006691167543644,0.0431247273958782,0.0363014692434201,332.239680072915,113.51081446063978,7.453357986610214,48.45392707899548,72.51024536825452,0.9205738033607016,14.8081658780463,3.705453271937188,91.20484876791583,ICV_113_CASE_6_with_r_theta_phi.csv,0.8383368973866413,0.0646272871244868,0.9979094717252308,0.9997789076013411,-0.02102702821296845,0.0,8.877164e-06,-8.877163963916246e-06,0.0,ICV_113_CASE_6_with_r_theta_phi.csv
-0.4412339316,0.9568,-0.3097169383,0.0,2386.200313,0.4332371146,327.830836,277.2062009,12.51382879,0.03630141825,0.04312173548,322.306919478862,131.075161937948,0.295122157143474,826.192527353848,807.334548365193,0.0006691167543644,0.0431247273958782,0.0363014692434201,332.239680072915,113.51081446063978,7.453357986610214,48.45392707899548,72.51024536825452,0.9205738033607016,1.0982159187815117,114.75706634059031,106.38069754220568,ICV_113_CASE_6_with_r_theta_phi.csv,0.06217346115610777,0.9080915332324039,-0.41877173647659394,0.9594090385197837,-0.2820182561582569,0.0,7.351954e-06,-7.35195408196887e-06,0.0,ICV_113_CASE_6_with_r_theta_phi.csv
11.60057836,-2.58159288,-0.308833615,0.003375765169,2362.247796,0.4192689141,329.2067646,76.07085807,5.007305566,0.03630105764,0.04311873601,322.306919478862,131.075161937948,0.295122157143474,826.192527353848,807.334548365193,0.0006691167543644,0.0431247273958782,0.0363014692434201,332.239680072915,113.51081446063978,7.453357986610214,48.45392707899548,72.51024536825452,0.9205738033607016,11.888373239696042,347.4538421403885,91.48858495397953,ICV_113_CASE_6_with_r_theta_phi.csv,0.673038242468423,-0.21722605415032695,0.9761213251426686,0.999662520373006,-0.02597778592354262,0.003375765169,0.0034896191,-0.00011385395195546728,3.3726857829825665,ICV_113_CASE_6_with_r_theta_phi.csv
12.55124047,0.9568,-0.3065312372,0.0,1856.518183,0.4301830188,325.9803259,81.1692152,3.110580509,0.03630112568,0.04311800552,322.306919478862,131.075161937948,0.295122157143474,826.192527353848,807.334548365193,0.0006691167543644,0.0431247273958782,0.0363014692434201,332.239680072915,113.51081446063978,7.453357986610214,48.45392707899548,72.51024536825452,0.9205738033607016,12.591388524509329,4.359312432728132,91.394975733205,ICV_113_CASE_6_with_r_theta_phi.csv,0.712838151352447,0.07601096976358077,0.9971069814596626,0.9997036283952153,-0.02434451423711864,0.0,3.0482736e-06,-3.048273583772243e-06,0.0,ICV_113_CASE_6_with_r_theta_phi.csv
11.44460871,-2.581984305,-0.3055438608,0.003375445958,2443.032994,0.4188232858,329.6270129,34.87563721,3.79281126,0.0363012835,0.04311970834,322.306919478862,131.075161937948,0.295122157143474,826.192527353848,807.334548365193,0.0006691167543644,0.0431247273958782,0.0363014692434201,332.239680072915,113.51081446063978,7.453357986610214,48.45392707899548,72.51024536825452,0.9205738033607016,11.736228888665506,347.2865158727876,91.49182092760913,ICV_113_CASE_6_with_r_theta_phi.csv,0.6644248716939276,-0.22007578291957408,0.9754827777938145,0.999661051595003,-0.02603424521611748,0.003375445958,0.0035051946,-0.0001297486016933365,3.843895096213463,ICV_113_CASE_6_with_r_theta_phi.csv
15.5383426,-2.541055261,-0.3048937902,0.003375394735,1703.180205,0.4205423391,327.1667785,10.5655462,0.7657078645,0.03630089044,0.04311622799,322.306919478862,131.075161937948,0.295122157143474,826.192527353848,807.334548365193,0.0006691167543644,0.0431247273958782,0.0363014692434201,332.239680072915,113.51081446063978,7.453357986610214,48.45392707899548,72.51024536825452,0.9205738033607016,15.74769865147708,350.7123750239638,91.10938235144256,ICV_113_CASE_6_with_r_theta_phi.csv,0.8915268060328391,-0.16139067138942054,0.9868905973756524,0.999812555079288,-0.019361164888140898,0.003375394735,0.003519443,-0.00014404836159302237,4.26760046926323,ICV_113_CASE_6_with_r_theta_phi.csv
12.64675812,-2.582163603,-0.3040248801,0.003375469707,2098.284628,0.4217990623,328.6425905,664.3250535,19.60819069,0.03629853013,0.04311428836,322.306919478862,131.075161937948,0.295122157143474,826.192527353848,807.334548365193,0.0006691167543644,0.0431247273958782,0.0363014692434201,332.239680072915,113.51081446063978,7.453357986610214,48.45392707899548,72.51024536825452,0.9205738033607016,12.911254429611542,348.4601926191025,91.34928428188306,ICV_113_CASE_6_with_r_theta_phi.csv,0.7309467674141236,-0.20004870839749242,0.9797859532920928,0.9997227244400473,-0.02354727666141657,0.003375469707,0.003801108,-0.0004256383981081418,12.609753158186003,ICV_113_CASE_6_with_r_theta_phi.csv
10.52392448,0.9568,-0.3021120433,0.0,1856.744277,0.4310535545,325.9978687,150.2667014,3.797010457,0.0363011747,0.04311846866,322.306919478862,131.075161937948,0.295122157143474,826.192527353848,807.334548365193,0.0006691167543644,0.0431247273958782,0.0363014692434201,332.239680072915,113.51081446063978,7.453357986610214,48.45392707899548,72.51024536825452,0.9205738033607016,10.571647193670918,5.194858685100144,91.63759740096036,ICV_113_CASE_6_with_r_theta_phi.csv,0.5984942349779748,0.09054321626486533,0.9958925273283327,0.9995915776917367,-0.028577575260065786,0.0,9.625379e-06,-9.625378879718482e-06,0.0,ICV_113_CASE_6_with_r_theta_phi.csv
11.84365972,-2.65,-0.3015825336,0.0,-4646.639039,0.5365538359,472.1759721,5974.462553,58.38376698,0.02213490318,0.02629090638,322.306919478862,131.075161937948,0.295122157143474,826.192527353848,807.334548365193,0.0006691167543644,0.0431247273958782,0.0363014692434201,332.239680072915,113.51081446063978,7.453357986610214,48.45392707899548,72.51024536825452,0.9205738033607016,12.140252369194105,347.38789031362626,91.42346168028138,ICV_113_CASE_6_with_r_theta_phi.csv,0.6872979130906238,-0.2183495003350766,0.9758706347172367,0.9996914013925865,-0.024841537426788983,0.0,-3.3709475e-05,3.370947524672374e-05,0.0,ICV_113_CASE_6_with_r_theta_phi.csv
1.401192803,0.9568,-0.2991776987,0.0,3985.906437,0.4337488438,333.3327006,224.5241678,21.19567845,0.03630143224,0.04312200438,322.306919478862,131.075161937948,0.295122157143474,826.192527353848,807.334548365193,0.0006691167543644,0.0431247273958782,0.0363014692434201,332.239680072915,113.51081446063978,7.453357986610214,48.45392707899548,72.51024536825452,0.9205738033607016,1.7228798003860937,34.32708951389037,100.00009323659516,ICV_113_CASE_6_with_r_theta_phi.csv,0.09753765039646847,0.5639165662107789,0.8258317663743895,0.9848074704357306,-0.17364978023014507,0.0,7.351954e-06,-7.35195408196887e-06,0.0,ICV_113_CASE_6_with_r_theta_phi.csv
15.82174465,0.9568,-0.2991000078,0.0,2087.142511,0.4331160713,326.4868118,57.72683466,3.024223938,0.03630113236,0.04311801723,322.306919478862,131.075161937948,0.295122157143474,826.192527353848,807.334548365193,0.0006691167543644,0.0431247273958782,0.0363014692434201,332.239680072915,113.51081446063978,7.453357986610214,48.45392707899548,72.51024536825452,0.9205738033607016,15.853470623950756,3.460675270763147,91.08103678492915,ICV_113_CASE_6_with_r_theta_phi.csv,0.8975148904427732,0.06036345938055884,0.9981764637435665,0.9998220111487461,-0.01886653180838112,0.0,-2.4015388e-05,2.401538768026512e-05,0.0,ICV_113_CASE_6_with_r_theta_phi.csv
11.75639849,0.9568,-0.2980993291,0.0,1850.378421,0.4307992764,326.0637911,118.119523,3.540744312,0.03630114831,0.0431182201,322.306919478862,131.075161937948,0.295122157143474,826.192527353848,807.334548365193,0.0006691167543644,0.0431247273958782,0.0363014692434201,332.239680072915,113.51081446063978,7.453357986610214,48.45392707899548,72.51024536825452,0.9205738033607016,11.799035337928444,4.652789215982239,91.44771589311983,ICV_113_CASE_6_with_r_theta_phi.csv,0.6679805425477383,0.08111726802157115,0.9967045644666812,0.9996807960053227,-0.025264720425216134,0.0,9.625379e-06,-9.625378879718482e-06,0.0,ICV_113_CASE_6_with_r_theta_phi.csv
11.24030409,-2.583058702,-0.2963237106,0.003375257831,2633.575703,0.4203249738,328.4879358,37.43062772,3.932744351,0.03630133374,0.0431202459,322.306919478862,131.075161937948,0.295122157143474,826.192527353848,807.334548365193,0.0006691167543644,0.0431247273958782,0.0363014692434201,332.239680072915,113.51081446063978,7.453357986610214,48.45392707899548,72.51024536825452,0.9205738033607016,11.537089582520906,347.05794110433726,91.47177198678662,ICV_113_CASE_6_with_r_theta_phi.csv,0.6531509685356374,-0.2239655950517388,0.9745970512130234,0.9996701002973936,-0.025684442205332433,0.003375257831,0.0034927565,-0.00011749868287870297,3.481176512346005,ICV_113_CASE_6_with_r_theta_phi.csv
10.97348746,-2.583224849,-0.2948717993,0.003375310916,2717.896581,0.4245747192,327.8170163,51.54974678,4.545029157,0.03630133665,0.04312031144,322.306919478862,131.075161937948,0.295122157143474,826.192527353848,807.334548365193,0.0006691167543644,0.0431247273958782,0.0363014692434201,332.239680072915,113.51081446063978,7.453357986610214,48.45392707899548,72.51024536825452,0.9205738033607016,11.277296973711865,346.75340583551224,91.49830543291432,ICV_113_CASE_6_with_r_theta_phi.csv,0.6384432909321712,-0.22914252989193815,0.9733928811095355,0.9996580987418782,-0.026147382656267114,0.003375310916,0.0034927565,-0.00011744559787870302,3.4795490183490854,ICV_113_CASE_6_with_r_theta_phi.csv
12.79485863,-2.583789075,-0.2898862134,0.003375452943,1655.417055,0.4208945268,327.6142727,391.056867,9.515079887,0.03630049639,0.04311655771,322.306919478862,131.075161937948,0.295122157143474,826.192527353848,807.334548365193,0.0006691167543644,0.0431247273958782,0.0363014692434201,332.239680072915,113.51081446063978,7.453357986610214,48.45392707899548,72.51024536825452,0.9205738033607016,13.056355056542166,348.5832489652997,91.27222501324349,ICV_113_CASE_6_with_r_theta_phi.csv,0.7391613707884832,-0.19794392470295263,0.9802133454882115,0.9997534898785225,-0.022202690731419023,0.003375452943,0.003801108,-0.00042565516210814206,12.610312428284946,ICV_113_CASE_6_with_r_theta_phi.csv
13.26974415,-2.584116618,-0.2869517491,0.003375476226,1652.707901,0.4192579708,328.0165686,32.83327092,1.042183734,0.03630089138,0.04311676531,322.306919478862,131.075161937948,0.295122157143474,826.192527353848,807.334548365193,0.0006691167543644,0.0431247273958782,0.0363014692434201,332.239680072915,113.51081446063978,7.453357986610214,48.45392707899548,72.51024536825452,0.9205738033607016,13.522060117015991,348.9802816646119,91.21596548506729,ICV_113_CASE_6_with_r_theta_phi.csv,0.7655264006449959,-0.19114681094325525,0.9815614584254129,0.9997748090492588,-0.021221008235195054,0.003375476226,0.003517267,-0.00014179083539743323,4.200617212565936,ICV_113_CASE_6_with_r_theta_phi.csv
13.00117001,-2.584760692,-0.281091022,0.003375449684,1620.120473,0.4202387627,327.4918945,130.4530021,3.552989176,0.03630078311,0.04311680896,322.306919478862,131.075161937948,0.295122157143474,826.192527353848,807.334548365193,0.0006691167543644,0.0431247273958782,0.0363014692434201,332.239680072915,113.51081446063978,7.453357986610214,48.45392707899548,72.51024536825452,0.9205738033607016,13.258598026431027,348.7556502275696,91.21479932517622,ICV_113_CASE_6_with_r_theta_phi.csv,0.7506109821239592,-0.19499360085409392,0.9808045144808186,0.9997752407603536,-0.02120065948448279,0.003375449684,0.0037101028,-0.0003346530715763723,9.914325580485503,ICV_113_CASE_6_with_r_theta_phi.csv
2.722268391,0.9568,-0.2690371628,0.0,1321.146596,0.4329489235,325.6238336,99.5111204,1.763314783,0.03630136026,0.04312022359,322.306919478862,131.075161937948,0.295122157143474,826.192527353848,807.334548365193,0.0006691167543644,0.0431247273958782,0.0363014692434201,332.239680072915,113.51081446063978,7.453357986610214,48.45392707899548,72.51024536825452,0.9205738033607016,2.898032509756439,19.365126113987458,95.32669024507584,ICV_113_CASE_6_with_r_theta_phi.csv,0.16406674552158457,0.33158696458879,0.9434246577839656,0.9956815609140096,-0.09283441848711758,0.0,1.1500056e-05,-1.1500055734359194e-05,0.0,ICV_113_CASE_6_with_r_theta_phi.csv
13.68737978,0.9568,-0.2629860097,0.0,3086.143129,0.4307635099,332.7798307,130.6672857,14.24676853,0.03630112093,0.04311795483,322.306919478862,131.075161937948,0.295122157143474,826.192527353848,807.334548365193,0.0006691167543644,0.0431247273958782,0.0363014692434201,332.239680072915,113.51081446063978,7.453357986610214,48.45392707899548,72.51024536825452,0.9205738033607016,13.723301101529865,3.998688515126105,91.09805291927388,ICV_113_CASE_6_with_r_theta_phi.csv,0.7769192864334047,0.06973363975494339,0.9975656467052821,0.9998163639304285,-0.01916346568178774,0.0,8.877164e-06,-8.877163963916246e-06,0.0,ICV_113_CASE_6_with_r_theta_phi.csv
15.08931255,0.9568,-0.2620231377,0.0,1922.426855,0.4325094748,326.9111564,104.7741494,4.749477714,0.03630110117,0.04311778143,322.306919478862,131.075161937948,0.295122157143474,826.192527353848,807.334548365193,0.0006691167543644,0.0431247273958782,0.0363014692434201,332.239680072915,113.51081446063978,7.453357986610214,48.45392707899548,72.51024536825452,0.9205738033607016,15.121887302723747,3.6282173692251263,90.9928371350266,ICV_113_CASE_6_with_r_theta_phi.csv,0.8560976550641145,0.06328202608536879,0.9979956839458429,0.9998498691658008,-0.017327409764044628,0.0,8.877164e-06,-8.877163963916246e-06,0.0,ICV_113_CASE_6_with_r_theta_phi.csv
9.344824409,-2.587831623,-0.2512518489,0.003375425236,3409.136906,0.4333919324,327.810381,189.6969856,11.32629844,0.03630136093,0.04312080903,322.306919478862,131.075161937948,0.295122157143474,826.192527353848,807.334548365193,0.0006691167543644,0.0431247273958782,0.0363014692434201,332.239680072915,113.51081446063978,7.453357986610214,48.45392707899548,72.51024536825452,0.9205738033607016,9.699780576673716,344.5211676814857,91.48428933232174,ICV_113_CASE_6_with_r_theta_phi.csv,0.5491351205104609,-0.26688234868573013,0.9637291175221325,0.9996644651893215,-0.025902838411027928,0.003375425236,0.0038715124,-0.0004960871304587736,14.697026170832462,ICV_113_CASE_6_with_r_theta_phi.csv
12.29496831,-2.65,-0.2487506506,0.0,-12449.27752,0.5459153332,369.7301097,9883.236936,164.3078895,0.02106485982,0.02501995582,322.306919478862,131.075161937948,0.295122157143474,826.192527353848,807.334548365193,0.0006691167543644,0.0431247273958782,0.0363014692434201,332.239680072915,113.51081446063978,7.453357986610214,48.45392707899548,72.51024536825452,0.9205738033607016,12.579770372708644,347.8368063158868,91.13303271554533,ICV_113_CASE_6_with_r_theta_phi.csv,0.7121804111964974,-0.2106968693327032,0.9775514458346414,0.9998044780649796,-0.019773862576987586,0.0,-5.075097e-05,5.0750968512147665e-05,0.0,ICV_113_CASE_6_with_r_theta_phi.csv
11.9599928,-2.588505282,-0.2442139076,0.001464220928,-2195.714388,0.4032141665,348.5779223,3270.013136,52.72260639,0.03779820892,0.04489549573,322.306919478862,131.075161937948,0.295122157143474,826.192527353848,807.334548365193,0.0006691167543644,0.0431247273958782,0.0363014692434201,332.239680072915,113.51081446063978,7.453357986610214,48.45392707899548,72.51024536825452,0.9205738033607016,12.239339353235492,347.7878114467549,91.14330965370686,ICV_113_CASE_6_with_r_theta_phi.csv,0.6929075392561308,-0.21153271773182525,0.9773709169649913,0.9998009152152881,-0.019953193595816248,0.001464220928,0.00093260984,0.0005316110909634201,36.3067540174069,ICV_113_CASE_6_with_r_theta_phi.csv
12.27294404,-2.588791493,-0.2411610262,0.001462596236,-5180.258598,0.4273499303,335.9310024,5648.420991,104.8979285,0.0354339738,0.04208729716,322.306919478862,131.075161937948,0.295122157143474,826.192527353848,807.334548365193,0.0006691167543644,0.0431247273958782,0.0363014692434201,332.239680072915,113.51081446063978,7.453357986610214,48.45392707899548,72.51024536825452,0.9205738033607016,12.545324046980951,348.08893045747334,91.10147494580212,ICV_113_CASE_6_with_r_theta_phi.csv,0.7102302962346078,-0.20639322944752148,0.9784691281988527,0.9998152175971202,-0.019223180309801136,0.001462596236,0.0013758749,8.672138230705114e-05,5.9292770016234595,ICV_113_CASE_6_with_r_theta_phi.csv
11.69964221,-2.589122547,-0.2375803802,0.003375463653,2401.07136,0.4197937811,329.0268373,103.9101545,6.24474473,0.03630051113,0.04311815115,322.306919478862,131.075161937948,0.295122157143474,826.192527353848,807.334548365193,0.0006691167543644,0.0431247273958782,0.0363014692434201,332.239680072915,113.51081446063978,7.453357986610214,48.45392707899548,72.51024536825452,0.9205738033607016,11.985058524782156,347.5215936208273,91.13585133631608,ICV_113_CASE_6_with_r_theta_phi.csv,0.6785119008937518,-0.21607165235022738,0.9763775094965279,0.9998035040955776,-0.019823047147307902,0.003375463653,0.0034088015,-3.333785606741621e-05,0.9876526452272744,ICV_113_CASE_6_with_r_theta_phi.csv
-2.459352298,-0.8094712216,-0.2373659998,0.003375441534,5265.763591,0.4343348783,330.194068,339.1506572,21.03679748,0.03630143098,0.04312232338,322.306919478862,131.075161937948,0.295122157143474,826.192527353848,807.334548365193,0.0006691167543644,0.0431247273958782,0.0363014692434201,332.239680072915,113.51081446063978,7.453357986610214,48.45392707899548,72.51024536825452,0.9205738033607016,2.600000000411064,198.21844334726535,95.23808972928327,ICV_113_CASE_6_with_r_theta_phi.csv,0.14719418674133944,-0.3126406956068202,-0.9498714625940099,0.9958239268156073,-0.09129461529325865,0.003375441534,0.0038942706,-0.0005188290965533649,15.370703096872477,ICV_113_CASE_6_with_r_theta_phi.csv
11.98573123,-2.65,-0.2362206622,0.0,-5742.653994,0.526520826,367.4775879,6746.40126,101.8132872,0.02478615339,0.0294399693,322.306919478862,131.075161937948,0.295122157143474,826.192527353848,807.334548365193,0.0006691167543644,0.0431247273958782,0.0363014692434201,332.239680072915,113.51081446063978,7.453357986610214,48.45392707899548,72.51024536825452,0.9205738033607016,12.277461191917796,347.53268549956204,91.10244959821694,ICV_113_CASE_6_with_r_theta_phi.csv,0.6950657365796074,-0.2158826315717048,0.9764193204692724,0.9998148904489849,-0.01924018805740618,0.0,0.0011611335,-0.0011611335212364793,0.0,ICV_113_CASE_6_with_r_theta_phi.csv
4.587242699,0.9568,-0.2351535715,0.0,1463.779307,0.433075862,325.4514022,153.3463605,2.646750508,0.03630132982,0.04311990037,322.306919478862,131.075161937948,0.295122157143474,826.192527353848,807.334548365193,0.0006691167543644,0.0431247273958782,0.0363014692434201,332.239680072915,113.51081446063978,7.453357986610214,48.45392707899548,72.51024536825452,0.9205738033607016,4.691860933757309,11.781748560237702,92.8728375579542,ICV_113_CASE_6_with_r_theta_phi.csv,0.2656210208994928,0.20418422549967036,0.9789324808469171,0.9987432297539295,-0.05011946748210327,0.0,1.1500056e-05,-1.1500055734359194e-05,0.0,ICV_113_CASE_6_with_r_theta_phi.csv
13.53805571,0.9568,-0.2269378141,0.0,1922.22043,0.4307563326,327.9359176,79.04359159,5.868369131,0.03630112746,0.04311801582,322.306919478862,131.075161937948,0.295122157143474,826.192527353848,807.334548365193,0.0006691167543644,0.0431247273958782,0.0363014692434201,332.239680072915,113.51081446063978,7.453357986610214,48.45392707899548,72.51024536825452,0.9205738033607016,13.573721649515733,4.042648404851775,90.95796754366756,ICV_113_CASE_6_with_r_theta_phi.csv,0.7684511226684223,0.07049899622457435,0.9975118503212518,0.9998602292766303,-0.016718908782698223,0.0,8.877164e-06,-8.877163963916246e-06,0.0,ICV_113_CASE_6_with_r_theta_phi.csv
12.5355719,-2.590189252,-0.2256538048,0.003375462722,2140.257544,0.4224775324,327.658254,608.3245072,17.2476853,0.03629434117,0.04310945897,322.306919478862,131.075161937948,0.295122157143474,826.192527353848,807.334548365193,0.0006691167543644,0.0431247273958782,0.0363014692434201,332.239680072915,113.51081446063978,7.453357986610214,48.45392707899548,72.51024536825452,0.9205738033607016,12.802365518171502,348.32543464813887,91.00994462098096,ICV_113_CASE_6_with_r_theta_phi.csv,0.7247822232748803,-0.2023525804114051,0.97931273513666,0.9998446509450668,-0.017625946117513145,0.003375462722,0.0035182459,-0.00014278315942335435,4.230032180490307,ICV_113_CASE_6_with_r_theta_phi.csv
12.14139471,-2.65,-0.2179590691,0.0,-9099.179436,0.543159816,345.9911714,8499.988893,162.8493538,0.02400888501,0.0285167,322.306919478862,131.075161937948,0.295122157143474,826.192527353848,807.334548365193,0.0006691167543644,0.0431247273958782,0.0363014692434201,332.239680072915,113.51081446063978,7.453357986610214,48.45392707899548,72.51024536825452,0.9205738033607016,12.429138009524994,347.6876218695322,91.00479815217102,ICV_113_CASE_6_with_r_theta_phi.csv,0.7036526388148675,-0.21324146137969277,0.9769995287351233,0.9998462301239053,-0.017536137174836115,0.0,0.001224002,-0.0012240019859746099,0.0,ICV_113_CASE_6_with_r_theta_phi.csv
0.3147120862,0.9568,-0.2178135764,0.0,16708.45436,0.4337149355,352.0151667,1456.060157,62.85418055,0.03630144152,0.04312328677,322.306919478862,131.075161937948,0.295122157143474,826.192527353848,807.334548365193,0.0006691167543644,0.0431247273958782,0.0363014692434201,332.239680072915,113.51081446063978,7.453357986610214,48.45392707899548,72.51024536825452,0.9205738033607016,1.0305108884745056,71.79285324248974,102.20233638962428,ICV_113_CASE_6_with_r_theta_phi.csv,0.0583404662050455,0.949933085210509,0.31245341032295343,0.9774072761360975,-0.21136465304353622,0.0,-0.00010666128,0.00010666128218872473,0.0,ICV_113_CASE_6_with_r_theta_phi.csv
13.91848122,0.9568,-0.2177250776,0.0,-13061.63221,0.4850809263,335.9434786,423.3675052,37.8935962,0.02822324917,0.03352310268,322.306919478862,131.075161937948,0.295122157143474,826.192527353848,807.334548365193,0.0006691167543644,0.0431247273958782,0.0363014692434201,332.239680072915,113.51081446063978,7.453357986610214,48.45392707899548,72.51024536825452,0.9205738033607016,13.953027983950603,3.9325046496384735,90.89408796100582,ICV_113_CASE_6_with_r_theta_phi.csv,0.7899248485969423,0.06858127910903458,0.9976455323188536,0.9998782479111942,-0.015604145412052187,0.0,1.0762623e-05,-1.0762622878246475e-05,0.0,ICV_113_CASE_6_with_r_theta_phi.csv
0.9152757,1.01,-0.217703574,0.0,26868.4884,0.4360981161,364.339433,394.2222224,56.50883244,0.03630146822,0.04312467602,322.306919478862,131.075161937948,0.295122157143474,826.192527353848,807.334548365193,0.0006691167543644,0.0431247273958782,0.0363014692434201,332.239680072915,113.51081446063978,7.453357986610214,48.45392707899548,72.51024536825452,0.9205738033607016,1.380298682583905,47.81670293084039,99.0747020303092,ICV_113_CASE_6_with_r_theta_phi.csv,0.07814305461959935,0.741000385556044,0.6715046005842359,0.987483542484441,-0.15772207620488396,0.0,-0.00010666128,0.00010666128218872473,0.0,ICV_113_CASE_6_with_r_theta_phi.csv
14.51883231,1.01,-0.2176324832,0.0,-2940.94469,0.529993234,328.1635725,2074.577875,54.6492893,0.02321435757,0.02757325783,322.306919478862,131.075161937948,0.295122157143474,826.192527353848,807.334548365193,0.0006691167543644,0.0431247273958782,0.0363014692434201,332.239680072915,113.51081446063978,7.453357986610214,48.45392707899548,72.51024536825452,0.9205738033607016,14.555547243015075,3.979359965286619,90.85671031240209,ICV_113_CASE_6_with_r_theta_phi.csv,0.8240353610276991,0.06939711018042438,0.9975891143645294,0.9998882147152789,-0.01495185852970506,0.0,9.377286e-06,-9.377286005474161e-06,0.0,ICV_113_CASE_6_with_r_theta_phi.csv
12.11623234,-2.590880741,-0.21757072,0.001488585141,-3812.082488,0.4248313426,334.6306273,4773.914916,88.66953303,0.03792721795,0.04504875621,322.306919478862,131.075161937948,0.295122157143474,826.192527353848,807.334548365193,0.0006691167543644,0.0431247273958782,0.0363014692434201,332.239680072915,113.51081446063978,7.453357986610214,48.45392707899548,72.51024536825452,0.9205738033607016,12.392057381611332,347.92990745980467,91.0060092652543,ICV_113_CASE_6_with_r_theta_phi.csv,0.7015533877115033,-0.20910814751248316,0.9778925210082637,0.9998458592232286,-0.017557271831460327,0.001488585141,0.0011349665,0.0003536186408965264,23.75535203995247,ICV_113_CASE_6_with_r_theta_phi.csv
12.88153533,0.9568,-0.2156738843,0.0,1863.266177,0.4306549571,326.0800312,89.18317611,3.542327817,0.03630112395,0.04311799314,322.306919478862,131.075161937948,0.295122157143474,826.192527353848,807.334548365193,0.0006691167543644,0.0431247273958782,0.0363014692434201,332.239680072915,113.51081446063978,7.453357986610214,48.45392707899548,72.51024536825452,0.9205738033607016,12.918820918427784,4.247950016410414,90.95657161594649,ICV_113_CASE_6_with_r_theta_phi.csv,0.7313751301708997,0.07407280957024859,0.9972528359861252,0.9998606363115977,-0.016694548648195036,0.0,8.877164e-06,-8.877163963916246e-06,0.0,ICV_113_CASE_6_with_r_theta_phi.csv
-2.560344261,0.3997883625,-0.2116755305,0.00337543874,4255.132274,0.4333562842,327.4732872,178.4823145,9.984520022,0.03630142881,0.04312206898,322.306919478862,131.075161937948,0.295122157143474,826.192527353848,807.334548365193,0.0006691167543644,0.0431247273958782,0.0363014692434201,332.239680072915,113.51081446063978,7.453357986610214,48.45392707899548,72.51024536825452,0.9205738033607016,2.599999999968947,171.12513917772765,94.6698279006648,ICV_113_CASE_6_with_r_theta_phi.csv,0.1471941867163098,0.15427689274543754,-0.9880276516195348,0.9966803976487,-0.08141366557789538,0.00337543874,0.0038942706,-0.0005188318905533645,15.370798594308264,ICV_113_CASE_6_with_r_theta_phi.csv
13.9289607,1.01,-0.2100664363,0.0,-16968.11103,0.5269201097,334.4451229,782.6054248,59.4937477,0.02373012191,0.0281860752,322.306919478862,131.075161937948,0.295122157143474,826.192527353848,807.334548365193,0.0006691167543644,0.0431247273958782,0.0363014692434201,332.239680072915,113.51081446063978,7.453357986610214,48.45392707899548,72.51024536825452,0.9205738033607016,13.967110441669895,4.147304042594499,90.86176550804402,ICV_113_CASE_6_with_r_theta_phi.csv,0.7907221008703973,0.07232091824585325,0.9973814138954448,0.9998868916238546,-0.015040078416884265,0.0,9.377286e-06,-9.377286005474161e-06,0.0,ICV_113_CASE_6_with_r_theta_phi.csv
14.50843356,0.9568,-0.210036139,0.0,-2687.525101,0.4899501639,328.7126701,1220.942305,36.45076086,0.02769922859,0.03290049089,322.306919478862,131.075161937948,0.295122157143474,826.192527353848,807.334548365193,0.0006691167543644,0.0431247273958782,0.0363014692434201,332.239680072915,113.51081446063978,7.453357986610214,48.45392707899548,72.51024536825452,0.9205738033607016,14.541465737147004,3.773069958380063,90.82760589685438,ICV_113_CASE_6_with_r_theta_phi.csv,0.8232381626415389,0.06580490855203454,0.9978325079944321,0.9998956807775466,-0.014443945527681504,0.0,1.0762623e-05,-1.0762622878246475e-05,0.0,ICV_113_CASE_6_with_r_theta_phi.csv
0.9047758885,0.9568,-0.2100316194,0.0,17037.72256,0.4336880383,355.9662478,1705.915481,80.12202423,0.03630144768,0.04312338751,322.306919478862,131.075161937948,0.295122157143474,826.192527353848,807.334548365193,0.0006691167543644,0.0431247273958782,0.0363014692434201,332.239680072915,113.51081446063978,7.453357986610214,48.45392707899548,72.51024536825452,0.9205738033607016,1.333491255898872,46.600786955648175,99.06211049703973,ICV_113_CASE_6_with_r_theta_phi.csv,0.07549313881064973,0.7265841080268165,0.6870775312603924,0.9875181802275214,-0.1575050593477069,0.0,-0.00010666128,0.00010666128218872473,0.0,ICV_113_CASE_6_with_r_theta_phi.csv
0.3254067972,1.01,-0.2099971836,0.0,27614.85359,0.4359603158,364.2219554,432.3492506,62.5435695,0.03630146945,0.04312475002,322.306919478862,131.075161937948,0.295122157143474,826.192527353848,807.334548365193,0.0006691167543644,0.0431247273958782,0.0363014692434201,332.239680072915,113.51081446063978,7.453357986610214,48.45392707899548,72.51024536825452,0.9205738033607016,1.0817062451441677,72.14184073833445,101.19420478791318,ICV_113_CASE_6_with_r_theta_phi.csv,0.06123879654686563,0.9518185999548378,0.30666162586801193,0.9809747962681086,-0.19413513099576507,0.0,-0.00010666128,0.00010666128218872473,0.0,ICV_113_CASE_6_with_r_theta_phi.csv
0.03539557033,0.9568,-0.1917822742,0.0,2321.010564,0.4332188487,330.1451446,390.7077215,20.38455278,0.03630141093,0.04312153318,322.306919478862,131.075161937948,0.295122157143474,826.192527353848,807.334548365193,0.0006691167543644,0.0431247273958782,0.0363014692434201,332.239680072915,113.51081446063978,7.453357986610214,48.45392707899548,72.51024536825452,0.9205738033607016,0.9764730037724084,87.88138334465594,101.32669741334382,ICV_113_CASE_6_with_r_theta_phi.csv,0.055281211400934,0.9993164346825787,0.03696841047839875,0.9805232494686834,-0.19640304796864516,0.0,7.351954e-06,-7.35195408196887e-06,0.0,ICV_113_CASE_6_with_r_theta_phi.csv
1.278814952,0.9568,-0.1887237728,0.0,4007.598439,0.4328940438,336.0468985,267.6183169,25.78933672,0.03630143183,0.04312202082,322.306919478862,131.075161937948,0.295122157143474,826.192527353848,807.334548365193,0.0006691167543644,0.0431247273958782,0.0363014692434201,332.239680072915,113.51081446063978,7.453357986610214,48.45392707899548,72.51024536825452,0.9205738033607016,1.6082445659409603,36.80356737294159,96.73905438979222,ICV_113_CASE_6_with_r_theta_phi.csv,0.09104778881824292,0.5990734528141591,0.800694072747714,0.9930908928180836,-0.11734768255820602,0.0,7.351954e-06,-7.35195408196887e-06,0.0,ICV_113_CASE_6_with_r_theta_phi.csv
15.38663245,0.9568,-0.1866387035,0.0,1998.733345,0.4327416352,326.6719891,69.55606985,3.752399683,0.03630112505,0.04311797658,322.306919478862,131.075161937948,0.295122157143474,826.192527353848,807.334548365193,0.0006691167543644,0.0431247273958782,0.0363014692434201,332.239680072915,113.51081446063978,7.453357986610214,48.45392707899548,72.51024536825452,0.9205738033607016,15.417482232745954,3.558290278240861,90.69361981716293,ICV_113_CASE_6_with_r_theta_phi.csv,0.8728322148035772,0.0620639674673954,0.9980721737140086,0.9999267238874614,-0.012105653872821896,0.0,8.877164e-06,-8.877163963916246e-06,0.0,ICV_113_CASE_6_with_r_theta_phi.csv
1.133908402,0.9568,-0.1820415085,0.0,3585.89823,0.4328319479,339.4541778,844.6524123,48.17694512,0.03630143004,0.04312198978,322.306919478862,131.075161937948,0.295122157143474,826.192527353848,807.334548365193,0.0006691167543644,0.0431247273958782,0.0363014692434201,332.239680072915,113.51081446063978,7.453357986610214,48.45392707899548,72.51024536825452,0.9205738033607016,1.494775439637389,40.15791181200001,96.9951420871024,ICV_113_CASE_6_with_r_theta_phi.csv,0.08462394429367988,0.6448964462844025,0.764269961185018,0.9925564809579251,-0.12178518837863683,0.0,7.351954e-06,-7.35195408196887e-06,0.0,ICV_113_CASE_6_with_r_theta_phi.csv
2.227870283,0.9568,-0.1776818027,0.0,1404.795079,0.4328183339,326.1004524,82.29465965,2.509934296,0.03630139668,0.04312070109,322.306919478862,131.075161937948,0.295122157143474,826.192527353848,807.334548365193,0.0006691167543644,0.0431247273958782,0.0363014692434201,332.239680072915,113.51081446063978,7.453357986610214,48.45392707899548,72.51024536825452,0.9205738033607016,2.4311402799684805,23.24199683928288,94.1912441256643,ICV_113_CASE_6_with_r_theta_phi.csv,0.1376345062721139,0.3946155143946882,0.9188463396014677,0.9973256577550139,-0.07308578783545314,0.0,1.0875127e-05,-1.0875127372855786e-05,0.0,ICV_113_CASE_6_with_r_theta_phi.csv
16.9297874,-1.818649817,-0.1754975998,0.003375418484,1949.578411,0.4215319434,327.1808643,10.17453369,0.7819893416,0.03630102482,0.04311712822,322.306919478862,131.075161937948,0.295122157143474,826.192527353848,807.334548365193,0.0006691167543644,0.0431247273958782,0.0363014692434201,332.239680072915,113.51081446063978,7.453357986610214,48.45392707899548,72.51024536825452,0.9205738033607016,17.028094079303425,353.86862383663293,90.59052115629356,ICV_113_CASE_6_with_r_theta_phi.csv,0.9640140228314665,-0.1068085720928576,0.9942796029927823,0.9999468881024324,-0.010306356012755244,0.003375418484,0.0035964788,-0.00022106035633620352,6.549124421714586,ICV_113_CASE_6_with_r_theta_phi.csv
13.7901519,0.9568,-0.1711696447,0.0,2290.001337,0.4313657546,332.641386,128.102414,14.38278636,0.03630112652,0.04311800512,322.306919478862,131.075161937948,0.295122157143474,826.192527353848,807.334548365193,0.0006691167543644,0.0431247273958782,0.0363014692434201,332.239680072915,113.51081446063978,7.453357986610214,48.45392707899548,72.51024536825452,0.9205738033607016,13.824364531953732,3.9689835930976183,90.70943939631104,ICV_113_CASE_6_with_r_theta_phi.csv,0.7826408054519352,0.06921644380013303,0.9976016659507255,0.9999233433573201,-0.012381736918492977,0.0,8.877164e-06,-8.877163963916246e-06,0.0,ICV_113_CASE_6_with_r_theta_phi.csv
1.808943512,0.9568,-0.1689375354,0.0,1980.468967,0.4318444535,328.06387,152.093299,7.397999526,0.03630142269,0.04312132947,322.306919478862,131.075161937948,0.295122157143474,826.192527353848,807.334548365193,0.0006691167543644,0.0431247273958782,0.0363014692434201,332.239680072915,113.51081446063978,7.453357986610214,48.45392707899548,72.51024536825452,0.9205738033607016,2.0533588971424166,27.875595318931172,94.71927295660625,ICV_113_CASE_6_with_r_theta_phi.csv,0.116247112655841,0.4675533388912976,0.8839648608918793,0.9966097682414101,-0.08227374943323523,0.0,1.0875127e-05,-1.0875127372855786e-05,0.0,ICV_113_CASE_6_with_r_theta_phi.csv
14.38052446,-2.594701025,-0.1659113951,0.003375396132,1742.012041,0.4205290189,327.4261759,21.21955413,1.747947346,0.03630085965,0.04311598623,322.306919478862,131.075161937948,0.295122157143474,826.192527353848,807.334548365193,0.0006691167543644,0.0431247273958782,0.0363014692434201,332.239680072915,113.51081446063978,7.453357986610214,48.45392707899548,72.51024536825452,0.9205738033607016,14.613674546287749,349.7720753407787,90.65050216535542,ICV_113_CASE_6_with_r_theta_phi.csv,0.8273261306935975,-0.17756439381338937,0.9841091840084024,0.999935550794553,-0.011353160669788592,0.003375396132,0.003519443,-0.00014404696459302231,4.267557315265264,ICV_113_CASE_6_with_r_theta_phi.csv
16.33400454,0.9568,-0.1641154991,0.0,2187.935134,0.4338252516,326.2275977,61.87260244,2.646597956,0.0363011483,0.04311812686,322.306919478862,131.075161937948,0.295122157143474,826.192527353848,807.334548365193,0.0006691167543644,0.0431247273958782,0.0363014692434201,332.239680072915,113.51081446063978,7.453357986610214,48.45392707899548,72.51024536825452,0.9205738033607016,16.36282690887444,3.3523946161263893,90.57467350623926,ICV_113_CASE_6_with_r_theta_phi.csv,0.9263511535616493,0.05847694498554828,0.998288759280178,0.9999497005252542,-0.01002977664030618,0.0,1.173276e-05,-1.1732759958249517e-05,0.0,ICV_113_CASE_6_with_r_theta_phi.csv
14.67066738,0.9568,-0.1632877131,0.0,2029.32604,0.4330960315,327.0714954,332.1100605,11.01662008,0.03630109797,0.04311777021,322.306919478862,131.075161937948,0.295122157143474,826.192527353848,807.334548365193,0.0006691167543644,0.0431247273958782,0.0363014692434201,332.239680072915,113.51081446063978,7.453357986610214,48.45392707899548,72.51024536825452,0.9205738033607016,14.702741597805678,3.7314644517020383,90.6363363649014,ICV_113_CASE_6_with_r_theta_phi.csv,0.8323684969288121,0.06508031211880595,0.9978800293494798,0.9999383271865647,-0.011105936400621198,0.0,8.877164e-06,-8.877163963916246e-06,0.0,ICV_113_CASE_6_with_r_theta_phi.csv
-1.76414152,-1.902980806,-0.1626922001,0.00337544689,8224.45597,0.4349615422,334.399604,394.7071581,29.95218263,0.03630143973,0.0431229153,322.306919478862,131.075161937948,0.295122157143474,826.192527353848,807.334548365193,0.0006691167543644,0.0431247273958782,0.0363014692434201,332.239680072915,113.51081446063978,7.453357986610214,48.45392707899548,72.51024536825452,0.9205738033607016,2.600000000493403,227.1682144107108,93.58756548689774,ICV_113_CASE_6_with_r_theta_phi.csv,0.1471941867460009,-0.7333528225911929,-0.6798482460060702,0.9980403319242345,-0.06257392310350947,0.00337544689,0.0035710086,-0.00019556167490433199,5.7936528471462765,ICV_113_CASE_6_with_r_theta_phi.csv
11.82608658,-2.594991781,-0.1612999024,0.003376530251,2533.353612,0.4200484384,329.2804146,193.210982,9.099124147,0.03629438747,0.04311090515,322.306919478862,131.075161937948,0.295122157143474,826.192527353848,807.334548365193,0.0006691167543644,0.0431247273958782,0.0363014692434201,332.239680072915,113.51081446063978,7.453357986610214,48.45392707899548,72.51024536825452,0.9205738033607016,12.108522775286335,347.62376565717096,90.7632703979915,ICV_113_CASE_6_with_r_theta_phi.csv,0.6855016008713358,-0.214330195821114,0.9767612641578713,0.999911269045025,-0.013321187513411492,0.003376530251,0.0034272405,-5.071028089158455e-05,1.5018458922898037,ICV_113_CASE_6_with_r_theta_phi.csv
1.011288446,0.9568,-0.1563408697,0.0,3167.94396,0.4327829003,341.3362985,1833.518358,73.03357139,0.03630142768,0.04312196139,322.306919478862,131.075161937948,0.295122157143474,826.192527353848,807.334548365193,0.0006691167543644,0.0431247273958782,0.0363014692434201,332.239680072915,113.51081446063978,7.453357986610214,48.45392707899548,72.51024536825452,0.9205738033607016,1.400932913651345,43.414115642487786,96.40742329545508,ICV_113_CASE_6_with_r_theta_phi.csv,0.07931122341210878,0.6872664921111508,0.7264053749947295,0.9937534687995011,-0.11159768478314816,0.0,7.351954e-06,-7.35195408196887e-06,0.0,ICV_113_CASE_6_with_r_theta_phi.csv
12.40540236,-2.595368006,-0.1551287033,0.003374797292,2098.927154,0.4222918825,327.4312799,601.8797205,15.98461509,0.03628865086,0.04310307742,322.306919478862,131.075161937948,0.295122157143474,826.192527353848,807.334548365193,0.0006691167543644,0.0431247273958782,0.0363014692434201,332.239680072915,113.51081446063978,7.453357986610214,48.45392707899548,72.51024536825452,0.9205738033607016,12.674936201600762,348.18343014269465,90.701261272917,ICV_113_CASE_6_with_r_theta_phi.csv,0.7175680484223151,-0.2047791303319343,0.9788082078632651,0.9999251004808754,-0.01223901255458804,0.003374797292,0.0035182459,-0.00014344858942335432,4.250583871241547,ICV_113_CASE_6_with_r_theta_phi.csv
-0.238646481,0.9568,-0.1543555334,0.0,2244.577057,0.4332730447,327.838952,225.3725478,11.56178763,0.03630141755,0.04312169752,322.306919478862,131.075161937948,0.295122157143474,826.192527353848,807.334548365193,0.0006691167543644,0.0431247273958782,0.0363014692434201,332.239680072915,113.51081446063978,7.453357986610214,48.45392707899548,72.51024536825452,0.9205738033607016,0.9981202400436944,104.00504278231904,98.89627940538116,ICV_113_CASE_6_with_r_theta_phi.csv,0.056506729607720844,0.9702744302086376,-0.24200729345063912,0.9879699100569137,-0.1546462311927902,0.0,7.351954e-06,-7.35195408196887e-06,0.0,ICV_113_CASE_6_with_r_theta_phi.csv
11.53553803,-2.595440653,-0.1539084634,0.003375261789,2551.488212,0.4192782803,329.5659265,37.89730935,4.335183091,0.03630131335,0.04312000106,322.306919478862,131.075161937948,0.295122157143474,826.192527353848,807.334548365193,0.0006691167543644,0.0431247273958782,0.0363014692434201,332.239680072915,113.51081446063978,7.453357986610214,48.45392707899548,72.51024536825452,0.9205738033607016,11.824915967563046,347.3198784330001,90.7457604270814,ICV_113_CASE_6_with_r_theta_phi.csv,0.6694457264826678,-0.2195077351679501,0.9756107595765009,0.9999152933948093,-0.01301560736855866,0.003375261789,0.0034927565,-0.00011749472487870317,3.481055165167001,ICV_113_CASE_6_with_r_theta_phi.csv
0.1996072737,0.9568,-0.1529877243,0.0,2112.863694,0.4331969768,332.6433796,1261.981867,38.55204992,0.03630140868,0.0431214825,322.306919478862,131.075161937948,0.295122157143474,826.192527353848,807.334548365193,0.0006691167543644,0.0431247273958782,0.0363014692434201,332.239680072915,113.51081446063978,7.453357986610214,48.45392707899548,72.51024536825452,0.9205738033607016,0.989300029061174,78.21599004970165,98.89605683951667,ICV_113_CASE_6_with_r_theta_phi.csv,0.05600738969146936,0.9789244211980429,0.20422286253521366,0.9879705107738487,-0.15464239341545574,0.0,7.351954e-06,-7.35195408196887e-06,0.0,ICV_113_CASE_6_with_r_theta_phi.csv
0.7488400269,-2.595534055,-0.1523252074,0.003375448985,16684.47574,0.435993663,332.7987194,239.9841698,22.08450065,0.03630145864,0.04312391243,322.306919478862,131.075161937948,0.295122157143474,826.192527353848,807.334548365193,0.0006691167543644,0.0431247273958782,0.0363014692434201,332.239680072915,113.51081446063978,7.453357986610214,48.45392707899548,72.51024536825452,0.9205738033607016,2.705690556098717,286.09343054006183,93.22734925445042,ICV_113_CASE_6_with_r_theta_phi.csv,0.15317766189065662,-0.960810944381328,0.2772044897851777,0.9984140049041955,-0.0562980888766656,0.003375448985,0.0035482503,-0.00017280131580974098,5.119357943978745,ICV_113_CASE_6_with_r_theta_phi.csv
14.87531883,0.9568,-0.1495511705,0.0,1933.017761,0.4329126102,326.5518134,157.2652813,5.874072311,0.03630110435,0.04311781589,322.306919478862,131.075161937948,0.295122157143474,826.192527353848,807.334548365193,0.0006691167543644,0.0431247273958782,0.0363014692434201,332.239680072915,113.51081446063978,7.453357986610214,48.45392707899548,72.51024536825452,0.9205738033607016,14.906808581542546,3.680269831500766,90.5748242213275,ICV_113_CASE_6_with_r_theta_phi.csv,0.8439213714315649,0.06418866580149389,0.99793778121816,0.9999496741387227,-0.010032406982482193,0.0,8.877164e-06,-8.877163963916246e-06,0.0,ICV_113_CASE_6_with_r_theta_phi.csv
5.836709518,-2.595814115,-0.1474756911,0.003375431756,7396.631386,0.4346869242,333.144203,485.8434762,30.47857907,0.03630143153,0.04312251684,322.306919478862,131.075161937948,0.295122157143474,826.192527353848,807.334548365193,0.0006691167543644,0.0431247273958782,0.0363014692434201,332.239680072915,113.51081446063978,7.453357986610214,48.45392707899548,72.51024536825452,0.9205738033607016,6.3896148551075,336.0234051469339,91.3225343409855,ICV_113_CASE_6_with_r_theta_phi.csv,0.3617362161689358,-0.40636342868472075,0.9137115320644683,0.9997336091079885,-0.023080529021575435,0.003375431756,0.0035482503,-0.0001728185448097411,5.119894497980843,ICV_113_CASE_6_with_r_theta_phi.csv
12.69428156,-2.59582122,-0.1473505814,0.003375449684,1834.10844,0.4208412784,327.7011077,465.6481491,10.52391071,0.03630038884,0.04311665596,322.306919478862,131.075161937948,0.295122157143474,826.192527353848,807.334548365193,0.0006691167543644,0.0431247273958782,0.0363014692434201,332.239680072915,113.51081446063978,7.453357986610214,48.45392707899548,72.51024536825452,0.9205738033607016,12.957807851816495,348.4430593922263,90.651556843959,ICV_113_CASE_6_with_r_theta_phi.csv,0.7335823032296623,-0.20034168603840374,0.9797260886774883,0.9999353416405424,-0.011371567095690916,0.003375449684,0.003801108,-0.00042565842110814205,12.61042115365266,ICV_113_CASE_6_with_r_theta_phi.csv
15.08,-2.59592913,-0.1454371006,0.003375391476,1666.742761,0.420684435,327.0903451,15.08413374,1.104440253,0.03630085669,0.04311601357,322.306919478862,131.075161937948,0.295122157143474,826.192527353848,807.334548365193,0.0006691167543644,0.0431247273958782,0.0363014692434201,332.239680072915,113.51081446063978,7.453357986610214,48.45392707899548,72.51024536825452,0.9205738033607016,15.302496528286277,350.232614224236,90.544555425267,ICV_113_CASE_6_with_r_theta_phi.csv,0.8663225120142901,-0.16964855222265254,0.9855046264370138,0.9999548346220684,-0.00950414204186629,0.003375391476,0.003519443,-0.00014405162059302236,4.267701141470363,ICV_113_CASE_6_with_r_theta_phi.csv
0.453552809,0.9568,-0.1443524568,0.0,16843.56094,0.4340082861,351.4147562,1190.250705,61.6533713,0.03630144401,0.0431233833,322.306919478862,131.075161937948,0.295122157143474,826.192527353848,807.334548365193,0.0006691167543644,0.0431247273958782,0.0363014692434201,332.239680072915,113.51081446063978,7.453357986610214,48.45392707899548,72.51024536825452,0.9205738033607016,1.0686505613791564,64.63760045167163,97.76319933348998,ICV_113_CASE_6_with_r_theta_phi.csv,0.060499673180004425,0.9036165877278073,0.4283422257764858,0.9908348052385684,-0.1350791942819034,0.0,-0.00010666128,0.00010666128218872473,0.0,ICV_113_CASE_6_with_r_theta_phi.csv
14.05733549,0.9568,-0.1443076389,0.0,-7948.279731,0.4863934335,334.6984011,474.4608794,38.01225364,0.02809747486,0.03337368573,322.306919478862,131.075161937948,0.295122157143474,826.192527353848,807.334548365193,0.0006691167543644,0.0431247273958782,0.0363014692434201,332.239680072915,113.51081446063978,7.453357986610214,48.45392707899548,72.51024536825452,0.9205738033607016,14.090598710241464,3.8937805957120872,90.58679999159664,ICV_113_CASE_6_with_r_theta_phi.csv,0.7977131605864027,0.06790699255182266,0.9976916559551687,0.9999475553560487,-0.010241412864530052,0.0,1.0762623e-05,-1.0762622878246475e-05,0.0,ICV_113_CASE_6_with_r_theta_phi.csv
0.7763601305,1.01,-0.1442769783,0.0,25932.93599,0.4364861182,362.9754258,510.307476,70.31294242,0.03630146908,0.0431247305,322.306919478862,131.075161937948,0.295122157143474,826.192527353848,807.334548365193,0.0006691167543644,0.0431247273958782,0.0363014692434201,332.239680072915,113.51081446063978,7.453357986610214,48.45392707899548,72.51024536825452,0.9205738033607016,1.2820494915163594,52.45147669367168,96.4615371540736,ICV_113_CASE_6_with_r_theta_phi.csv,0.07258085855233187,0.7928375009913692,0.6094330947870821,0.9936476254863406,-0.11253620024399726,0.0,-0.00010666128,0.00010666128218872473,0.0,ICV_113_CASE_6_with_r_theta_phi.csv
14.37984557,1.01,-0.1442204795,0.0,-6470.364051,0.5275500169,328.9810929,1676.500366,55.99185551,0.02363622625,0.02807437644,322.306919478862,131.075161937948,0.295122157143474,826.192527353848,807.334548365193,0.0006691167543644,0.0431247273958782,0.0363014692434201,332.239680072915,113.51081446063978,7.453357986610214,48.45392707899548,72.51024536825452,0.9205738033607016,14.415993138308435,4.017696652937048,90.57320800292814,ICV_113_CASE_6_with_r_theta_phi.csv,0.816134763740983,0.07006458289298773,0.9975424573540876,0.9999499567383596,-0.01000420006560284,0.0,9.377286e-06,-9.377286005474161e-06,0.0,ICV_113_CASE_6_with_r_theta_phi.csv
14.06965828,1.01,-0.1402829034,0.0,-9691.333416,0.5291905094,332.2218965,1040.86239,56.88776183,0.02338842073,0.02778022495,322.306919478862,131.075161937948,0.295122157143474,826.192527353848,807.334548365193,0.0006691167543644,0.0431247273958782,0.0363014692434201,332.239680072915,113.51081446063978,7.453357986610214,48.45392707899548,72.51024536825452,0.9205738033607016,14.10656100575044,4.105973267156912,90.5697881137114,ICV_113_CASE_6_with_r_theta_phi.csv,0.7986168363962478,0.07160143031642871,0.9974333236746412,0.999950552091064,-0.009944514707930355,0.0,9.377286e-06,-9.377286005474161e-06,0.0,ICV_113_CASE_6_with_r_theta_phi.csv
0.7640595107,0.9568,-0.1402617438,0.0,18325.71127,0.4343833512,357.114458,1299.661537,78.11410761,0.03630144861,0.04312348606,322.306919478862,131.075161937948,0.295122157143474,826.192527353848,807.334548365193,0.0006691167543644,0.0431247273958782,0.0363014692434201,332.239680072915,113.51081446063978,7.453357986610214,48.45392707899548,72.51024536825452,0.9205738033607016,1.2324473752111853,51.39063421314484,96.53484775428608,ICV_113_CASE_6_with_r_theta_phi.csv,0.06977272656424145,0.7814184802373556,0.624007338693658,0.9935028208054515,-0.11380749119285125,0.0,-0.00010666128,0.00010666128218872473,0.0,ICV_113_CASE_6_with_r_theta_phi.csv
14.36769565,0.9568,-0.1402570048,0.0,-4948.87169,0.4885613444,329.876453,875.8590172,35.50841359,0.0278411342,0.03306910496,322.306919478862,131.075161937948,0.295122157143474,826.192527353848,807.334548365193,0.0006691167543644,0.0431247273958782,0.0363014692434201,332.239680072915,113.51081446063978,7.453357986610214,48.45392707899548,72.51024536825452,0.9205738033607016,14.400201962417905,3.809920516295847,90.55806588743025,ICV_113_CASE_6_with_r_theta_phi.csv,0.815240775551549,0.06644666441231863,0.9977899782962729,0.9999525657258819,-0.009739933173579749,0.0,1.0762623e-05,-1.0762622878246475e-05,0.0,ICV_113_CASE_6_with_r_theta_phi.csv
0.4661317839,1.01,-0.1402439373,0.0,26354.47893,0.4362190894,360.8671325,339.8802282,45.22364566,0.03630146902,0.04312472768,322.306919478862,131.075161937948,0.295122157143474,826.192527353848,807.334548365193,0.0006691167543644,0.0431247273958782,0.0363014692434201,332.239680072915,113.51081446063978,7.453357986610214,48.45392707899548,72.51024536825452,0.9205738033607016,1.121181163733677,65.22589121231715,97.18571551535314,ICV_113_CASE_6_with_r_theta_phi.csv,0.06347359598438285,0.9079669307437604,0.4190418268809874,0.9921459174711739,-0.1250858842766943,0.0,-0.00010666128,0.00010666128218872473,0.0,ICV_113_CASE_6_with_r_theta_phi.csv
13.19713857,0.9568,-0.1372075491,0.0,1905.691401,0.4307698234,326.7711322,81.4794897,4.119068021,0.03630112845,0.04311803211,322.306919478862,131.075161937948,0.295122157143474,826.192527353848,807.334548365193,0.0006691167543644,0.0431247273958782,0.0363014692434201,332.239680072915,113.51081446063978,7.453357986610214,48.45392707899548,72.51024536825452,0.9205738033607016,13.232488752585876,4.146721017117272,90.59411003521792,ICV_113_CASE_6_with_r_theta_phi.csv,0.7491328539203298,0.0723107691738924,0.9973821497608026,0.9999462405738035,-0.01036899041937132,0.0,8.877164e-06,-8.877163963916246e-06,0.0,ICV_113_CASE_6_with_r_theta_phi.csv
11.3264677,-2.596629325,-0.1323485826,0.003375295782,2676.029019,0.4207654322,328.3906201,43.97508972,4.553832947,0.03630133104,0.04312021351,322.306919478862,131.075161937948,0.295122157143474,826.192527353848,807.334548365193,0.0006691167543644,0.0431247273958782,0.0363014692434201,332.239680072915,113.51081446063978,7.453357986610214,48.45392707899548,72.51024536825452,0.9205738033607016,11.621052902293728,347.08787908078307,90.65253804480938,ICV_113_CASE_6_with_r_theta_phi.csv,0.6579043964464487,-0.22345632169444443,0.9747139438290544,0.9999351467537204,-0.011388691172198574,0.003375295782,0.0034927565,-0.00011746073187870326,3.4800129953145285,ICV_113_CASE_6_with_r_theta_phi.csv
1.492773185,0.9568,-0.1192674826,0.0,3396.772449,0.4327359519,331.1180256,212.6952578,16.27946265,0.03630143146,0.04312187682,322.306919478862,131.075161937948,0.295122157143474,826.192527353848,807.334548365193,0.0006691167543644,0.0431247273958782,0.0363014692434201,332.239680072915,113.51081446063978,7.453357986610214,48.45392707899548,72.51024536825452,0.9205738033607016,1.7770939069899443,32.658032086169726,93.84822871678377,ICV_113_CASE_6_with_r_theta_phi.csv,0.1006068816773148,0.5396237872394736,0.8419062704632431,0.9977453287569276,-0.06711377610990574,0.0,1.0875127e-05,-1.0875127372855786e-05,0.0,ICV_113_CASE_6_with_r_theta_phi.csv
0.6084816499,0.9568,-0.1175904247,0.0,18391.36358,0.4338235887,355.694542,1045.979946,61.87402687,0.03630144632,0.0431234354,322.306919478862,131.075161937948,0.295122157143474,826.192527353848,807.334548365193,0.0006691167543644,0.0431247273958782,0.0363014692434201,332.239680072915,113.51081446063978,7.453357986610214,48.45392707899548,72.51024536825452,0.9205738033607016,1.1399752919454669,57.54547945192354,95.92069029911164,ICV_113_CASE_6_with_r_theta_phi.csv,0.06453759076023265,0.8438176703291004,0.5366299835458039,0.9946656324538006,-0.10315173103385601,0.0,-0.0001031381,0.0001031381034408696,0.0,ICV_113_CASE_6_with_r_theta_phi.csv
14.21219132,0.9568,-0.1175896594,0.0,-5425.438474,0.4865963401,333.6770331,572.6261092,37.77941266,0.02808668225,0.03336085406,322.306919478862,131.075161937948,0.295122157143474,826.192527353848,807.334548365193,0.0006691167543644,0.0431247273958782,0.0363014692434201,332.239680072915,113.51081446063978,7.453357986610214,48.45392707899548,72.51024536825452,0.9205738033607016,14.244847338047578,3.851482411189125,90.4729757756179,ICV_113_CASE_6_with_r_theta_phi.csv,0.8064456610949793,0.0671704356443374,0.9977415159124882,0.9999659278083892,-0.008254890811354488,0.0,1.0762623e-05,-1.0762622878246475e-05,0.0,ICV_113_CASE_6_with_r_theta_phi.csv
0.6215590401,1.01,-0.1175892011,0.0,26268.99673,0.4360907201,365.507636,372.8090776,54.1431996,0.0363014687,0.04312471023,322.306919478862,131.075161937948,0.295122157143474,826.192527353848,807.334548365193,0.0006691167543644,0.0431247273958782,0.0363014692434201,332.239680072915,113.51081446063978,7.453357986610214,48.45392707899548,72.51024536825452,0.9205738033607016,1.1917478175123164,58.39165102734006,95.66256144838394,ICV_113_CASE_6_with_r_theta_phi.csv,0.06746859645067603,0.8516505714139754,0.524110011553156,0.9951202556354908,-0.09866953341308272,0.0,-0.0001031381,0.0001031381034408696,0.0,ICV_113_CASE_6_with_r_theta_phi.csv
14.22506281,1.01,-0.1175873071,0.0,-9549.609368,0.5318650733,330.0675643,928.3104566,55.16669696,0.02286433726,0.02715772644,322.306919478862,131.075161937948,0.295122157143474,826.192527353848,807.334548365193,0.0006691167543644,0.0431247273958782,0.0363014692434201,332.239680072915,113.51081446063978,7.453357986610214,48.45392707899548,72.51024536825452,0.9205738033607016,14.261358235569157,4.061267667754805,90.47241873098324,ICV_113_CASE_6_with_r_theta_phi.csv,0.8073803949921616,0.0708231513707027,0.9974888877726521,0.9999660080173487,-0.008245168879267942,0.0,9.377286e-06,-9.377286005474161e-06,0.0,ICV_113_CASE_6_with_r_theta_phi.csv
9.925987821,-2.597697477,-0.1093975315,0.003375423141,3140.061862,0.4331730751,327.5145001,140.0409542,9.139779801,0.03630134967,0.04312059711,322.306919478862,131.075161937948,0.295122157143474,826.192527353848,807.334548365193,0.0006691167543644,0.0431247273958782,0.0363014692434201,332.239680072915,113.51081446063978,7.453357986610214,48.45392707899548,72.51024536825452,0.9205738033607016,10.260859331681278,345.3342272582095,90.61087823111166,ICV_113_CASE_6_with_r_theta_phi.csv,0.5808995555212778,-0.2531800745271727,0.9674191696790049,0.999943163160045,-0.010661634465860981,0.003375423141,0.0038715124,-0.0004960892254587735,14.697097359024195,ICV_113_CASE_6_with_r_theta_phi.csv
11.08072869,-2.59773367,-0.1085346864,0.003375368658,2724.029174,0.421437632,327.8395347,57.8125412,5.022290557,0.03630133208,0.04312025005,322.306919478862,131.075161937948,0.295122157143474,826.192527353848,807.334548365193,0.0006691167543644,0.0431247273958782,0.0363014692434201,332.239680072915,113.51081446063978,7.453357986610214,48.45392707899548,72.51024536825452,0.9205738033607016,11.38167598817471,346.80601766674334,90.5463759219802,ICV_113_CASE_6_with_r_theta_phi.csv,0.6443525156030526,-0.22824861571100402,0.9736028807609447,0.9999545321359147,-0.009535914263661047,0.003375368658,0.0034896191,-0.00011425046295546713,3.3848291697214314,ICV_113_CASE_6_with_r_theta_phi.csv
13.87284777,-2.598029963,-0.101194424,0.003375387052,1715.041846,0.4195157081,328.0100747,17.9721593,1.316182675,0.03630085239,0.0431159172499999,322.306919478862,131.075161937948,0.295122157143474,826.192527353848,807.334548365193,0.0006691167543644,0.0431247273958782,0.0363014692434201,332.239680072915,113.51081446063978,7.453357986610214,48.45392707899548,72.51024536825452,0.9205738033607016,14.114386463806651,349.392829292796,90.41079101058348,ICV_113_CASE_6_with_r_theta_phi.csv,0.7990598602171249,-0.18407436593930834,0.9829123194894047,0.999974298128869,-0.007169594247649318,0.003375387052,0.003519443,-0.00014405604459302246,4.267837801445239,ICV_113_CASE_6_with_r_theta_phi.csv
12.90493416,-2.598169167,-0.09755501389,0.003375401488,1742.037455,0.4214122352,326.9442874,255.5757775,6.750977363,0.03630075487,0.04311707989,322.306919478862,131.075161937948,0.295122157143474,826.192527353848,807.334548365193,0.0006691167543644,0.0431247273958782,0.0363014692434201,332.239680072915,113.51081446063978,7.453357986610214,48.45392707899548,72.51024536825452,0.9205738033607016,13.164244212070036,348.61673371437564,90.42460027611112,ICV_113_CASE_6_with_r_theta_phi.csv,0.7452693155975693,-0.19737103551076304,0.9803288603021993,0.9999725410898214,-0.007410604993225406,0.003375401488,0.0037101028,-0.00033470126757637227,9.915895002923971,ICV_113_CASE_6_with_r_theta_phi.csv
11.96774705,-2.598682496,-0.0827604096,0.003376337001,2414.284353,0.4205794227,329.1071134,185.6751539,9.915609545,0.03629622823,0.0431128863,322.306919478862,131.075161937948,0.295122157143474,826.192527353848,807.334548365193,0.0006691167543644,0.0431247273958782,0.0363014692434201,332.239680072915,113.51081446063978,7.453357986610214,48.45392707899548,72.51024536825452,0.9205738033607016,12.246916732516706,347.7489489261062,90.38718792452562,ICV_113_CASE_6_with_r_theta_phi.csv,0.6933365185564203,-0.2121955991323473,0.9772272139624767,0.9999771668044946,-0.006757652673530624,0.003376337001,0.0035182459,-0.00014190888042335406,4.203042538090635,ICV_113_CASE_6_with_r_theta_phi.csv
17.66094655,-0.3034945027,-0.08127725557,0.003375408705,2424.797052,0.4341276818,326.7527724,12.47708089,1.309755958,0.03630119661,0.04311840763,322.306919478862,131.075161937948,0.295122157143474,826.192527353848,807.334548365193,0.0006691167543644,0.0431247273958782,0.0363014692434201,332.239680072915,113.51081446063978,7.453357986610214,48.45392707899548,72.51024536825452,0.9205738033607016,17.663741051866644,359.01549768745525,90.26363951633503,ICV_113_CASE_6_with_r_theta_phi.csv,0.9999999994338684,-0.01718196132588945,0.9998523792065485,0.9999894136807769,-0.004601361361182832,0.003375408705,0.0038689277,-0.0004935190084835719,14.621014859809748,ICV_113_CASE_6_with_r_theta_phi.csv
12.26176405,-2.598781733,-0.07958333185,0.003373233136,2221.766281,0.4213410995,327.9082483,504.9337906,13.69596356,0.03629777039,0.04311428752,322.306919478862,131.075161937948,0.295122157143474,826.192527353848,807.334548365193,0.0006691167543644,0.0431247273958782,0.0363014692434201,332.239680072915,113.51081446063978,7.453357986610214,48.45392707899548,72.51024536825452,0.9205738033607016,12.534387006166488,348.0336986424565,90.36378481603202,ICV_113_CASE_6_with_r_theta_phi.csv,0.709611115916228,-0.20733635516399254,0.9782697152765748,0.9999798436255928,-0.006349200149224981,0.003373233136,0.0035182459,-0.00014501274542335404,4.298924489764789,ICV_113_CASE_6_with_r_theta_phi.csv
13.42949655,0.9568,-0.07597565734,0.0,1903.668617,0.4309545695,327.2034598,78.11686202,4.859175869,0.03630113553,0.04311808989,322.306919478862,131.075161937948,0.295122157143474,826.192527353848,807.334548365193,0.0006691167543644,0.0431247273958782,0.0363014692434201,332.239680072915,113.51081446063978,7.453357986610214,48.45392707899548,72.51024536825452,0.9205738033607016,13.46375193350539,4.075218038760454,90.32332054510778,ICV_113_CASE_6_with_r_theta_phi.csv,0.7622253907792841,0.07106601776957204,0.9974716141917899,0.999984078272316,-0.0056429781026291976,0.0,8.877164e-06,-8.877163963916246e-06,0.0,ICV_113_CASE_6_with_r_theta_phi.csv
10.3807982,-2.599059705,-0.069918899,0.003375418484,2949.759579,0.4329380085,327.3275429,105.1517395,7.439788144,0.03630134091,0.0431204364,322.306919478862,131.075161937948,0.295122157143474,826.192527353848,807.334548365193,0.0006691167543644,0.0431247273958782,0.0363014692434201,332.239680072915,113.51081446063978,7.453357986610214,48.45392707899548,72.51024536825452,0.9205738033607016,10.701447157824743,345.9437058258488,90.37434996071318,ICV_113_CASE_6_with_r_theta_phi.csv,0.6058426196547658,-0.24287511236205733,0.9700575651965805,0.9999786558542261,-0.006533592884106491,0.003375418484,0.003762068,-0.0003866495101028356,11.454861428918067,ICV_113_CASE_6_with_r_theta_phi.csv
13.1748478,-2.599105804,-0.06818370655,0.00337541732,1671.225045,0.4205724046,327.1123743,109.7333884,2.738091558,0.03630088189,0.04311716538,322.306919478862,131.075161937948,0.295122157143474,826.192527353848,807.334548365193,0.0006691167543644,0.0431247273958782,0.0363014692434201,332.239680072915,113.51081446063978,7.453357986610214,48.45392707899548,72.51024536825452,0.9205738033607016,13.428946889141764,348.8401140268993,90.29091301310712,ICV_113_CASE_6_with_r_theta_phi.csv,0.7602549676259033,-0.19354751553825708,0.9810909026328641,0.9999871100835142,-0.005077368099887214,0.00337541732,0.0037101028,-0.0003346854355763722,9.915379455279279,ICV_113_CASE_6_with_r_theta_phi.csv
13.46880008,-2.59921974,-0.06369256254,0.003375415457,1674.498428,0.419297208,327.9508912,30.84784002,1.027527473,0.03630087067,0.04311645624,322.306919478862,131.075161937948,0.295122157143474,826.192527353848,807.334548365193,0.0006691167543644,0.0431247273958782,0.0363014692434201,332.239680072915,113.51081446063978,7.453357986610214,48.45392707899548,72.51024536825452,0.9205738033607016,13.717455142785653,349.07728706844,90.26603536112977,ICV_113_CASE_6_with_r_theta_phi.csv,0.7765883283015041,-0.18948469171566065,0.9818836751904072,0.9999892203988492,-0.0046431762945116665,0.003375415457,0.003517267,-0.00014185160439743327,4.202493179357635,ICV_113_CASE_6_with_r_theta_phi.csv
13.85516931,0.9568,-0.06138137669,0.0,1650.539517,0.4314138017,328.8926745,119.2093021,9.795994303,0.03630112905,0.0431180315,322.306919478862,131.075161937948,0.295122157143474,826.192527353848,807.334548365193,0.0006691167543644,0.0431247273958782,0.0363014692434201,332.239680072915,113.51081446063978,7.453357986610214,48.45392707899548,72.51024536825452,0.9205738033607016,13.888302650870273,3.950417665298403,90.25322786829712,ICV_113_CASE_6_with_r_theta_phi.csv,0.7862605436881672,0.06889318075108952,0.9976240422353492,0.9999902333183769,-0.004419645671111055,0.0,8.877164e-06,-8.877163963916246e-06,0.0,ICV_113_CASE_6_with_r_theta_phi.csv
0.3267706737,0.9568,-0.05955373995,0.0,2417.763799,0.4328846085,334.2709844,1260.885463,45.59805905,0.03630141293,0.04312161495,322.306919478862,131.075161937948,0.295122157143474,826.192527353848,807.334548365193,0.0006691167543644,0.0431247273958782,0.0363014692434201,332.239680072915,113.51081446063978,7.453357986610214,48.45392707899548,72.51024536825452,0.9205738033607016,1.012813882770366,71.14370510893184,93.3709522836504,ICV_113_CASE_6_with_r_theta_phi.csv,0.057338582988904804,0.9463321671337969,0.32319565196309735,0.9982697666790828,-0.05880028005451628,0.0,1.0875127e-05,-1.0875127372855786e-05,0.0,ICV_113_CASE_6_with_r_theta_phi.csv
10.7837187,-2.59932434,-0.0592703638,0.003375402652,2791.826118,0.4271122513,327.4299105,78.00915117,5.965435516,0.03630133454,0.0431203149,322.306919478862,131.075161937948,0.295122157143474,826.192527353848,807.334548365193,0.0006691167543644,0.0431247273958782,0.0363014692434201,332.239680072915,113.51081446063978,7.453357986610214,48.45392707899548,72.51024536825452,0.9205738033607016,11.092726851467637,346.44785345441665,90.30614274563555,ICV_113_CASE_6_with_r_theta_phi.csv,0.6279941951490199,-0.23433024902792413,0.9721570523277148,0.99998572514676,-0.005343173467951688,0.003375402652,0.0034896191,-0.00011421646895546722,3.3837879713092476,ICV_113_CASE_6_with_r_theta_phi.csv
13.66565707,0.9568,-0.05846792281,0.0,1844.731431,0.4314260559,327.5408473,85.71676269,6.424578676,0.03630113488,0.04311807971,322.306919478862,131.075161937948,0.295122157143474,826.192527353848,807.334548365193,0.0006691167543644,0.0431247273958782,0.0363014692434201,332.239680072915,113.51081446063978,7.453357986610214,48.45392707899548,72.51024536825452,0.9205738033607016,13.699236033182242,4.005024098034312,90.2445373870579,ICV_113_CASE_6_with_r_theta_phi.csv,0.7755568871396574,0.06984394692722239,0.9975579296851023,0.9999908921763088,-0.004267969591032112,0.0,8.877164e-06,-8.877163963916246e-06,0.0,ICV_113_CASE_6_with_r_theta_phi.csv
-0.6588406313,-2.514469206,-0.05808300455,0.003375452477,12907.50534,0.4356138238,339.1940571,301.9460869,32.71570296,0.03630145105,0.04312356164,322.306919478862,131.075161937948,0.295122157143474,826.192527353848,807.334548365193,0.0006691167543644,0.0431247273958782,0.0363014692434201,332.239680072915,113.51081446063978,7.453357986610214,48.45392707899548,72.51024536825452,0.9205738033607016,2.6000000001522325,255.317440793086,91.28007226455831,ICV_113_CASE_6_with_r_theta_phi.csv,0.14719418672668616,-0.9673449516931371,-0.2534634972413234,0.9997504396129753,-0.02233961713330728,0.003375452477,0.0035482503,-0.00017279782380974105,5.119249195062761,ICV_113_CASE_6_with_r_theta_phi.csv
11.66782403,-2.599420745,-0.05487976419,0.003375259694,2487.68399,0.4193169607,329.5366226,39.45082345,4.412407907,0.03630131703,0.0431200833,322.306919478862,131.075161937948,0.295122157143474,826.192527353848,807.334548365193,0.0006691167543644,0.0431247273958782,0.0363014692434201,332.239680072915,113.51081446063978,7.453357986610214,48.45392707899548,72.51024536825452,0.9205738033607016,11.954000066634572,347.44044719276627,90.2630408145174,ICV_113_CASE_6_with_r_theta_phi.csv,0.6767535837830785,-0.21745425165262242,0.9760705140706781,0.9999894617072712,-0.004590912153596278,0.003375259694,0.003417981,-4.272139602411358e-05,1.2657217483857512,ICV_113_CASE_6_with_r_theta_phi.csv
-1.395258702,0.9568,-0.05266880848,0.0,3336.112532,0.4330974536,326.6197518,318.868759,8.940895664,0.03630142991,0.04312194355,322.306919478862,131.075161937948,0.295122157143474,826.192527353848,807.334548365193,0.0006691167543644,0.0431247273958782,0.0363014692434201,332.239680072915,113.51081446063978,7.453357986610214,48.45392707899548,72.51024536825452,0.9205738033607016,1.6926272740604849,145.55958131272416,91.78313777302144,ICV_113_CASE_6_with_r_theta_phi.csv,0.09582495962390504,0.5655489301836034,-0.8247147431495218,0.9995157613100599,-0.031116601562050584,0.0,7.438445e-05,-7.438445027219132e-05,0.0,ICV_113_CASE_6_with_r_theta_phi.csv
0.9145304405,0.9568,-0.05194991578,0.0,4246.667686,0.432744125,338.8285233,1468.329855,57.93872942,0.03630142579,0.04312186191,322.306919478862,131.075161937948,0.295122157143474,826.192527353848,807.334548365193,0.0006691167543644,0.0431247273958782,0.0363014692434201,332.239680072915,113.51081446063978,7.453357986610214,48.45392707899548,72.51024536825452,0.9205738033607016,1.3245870905118595,46.29397542126014,92.24770008793324,ICV_113_CASE_6_with_r_theta_phi.csv,0.07498904597120955,0.7228944965014497,0.6909584263383113,0.9992306113654512,-0.03921970563666394,0.0,9.0004505e-06,-9.000450518215075e-06,0.0,ICV_113_CASE_6_with_r_theta_phi.csv
12.54963213,-2.599617689,-0.04458553782,0.003375348635,2058.544436,0.4211894012,327.6095586,495.066783,11.60774364,0.0363002182,0.04311678102,322.306919478862,131.075161937948,0.295122157143474,826.192527353848,807.334548365193,0.0006691167543644,0.0431247273958782,0.0363014692434201,332.239680072915,113.51081446063978,7.453357986610214,48.45392707899548,72.51024536825452,0.9205738033607016,12.816133059447877,348.29687511082545,90.199324420661,ICV_113_CASE_6_with_r_theta_phi.csv,0.7255616471369124,-0.2028407014800404,0.9792117492264302,0.9999939487468394,-0.0034788604029926283,0.003375348635,0.0035182459,-0.00014289724642335428,4.233555162251224,ICV_113_CASE_6_with_r_theta_phi.csv
7.954903412,-2.599821377,-0.03047637633,0.003375430126,4575.253083,0.4339563368,329.2352314,354.9967224,19.04455342,0.03630139078,0.04312144888,322.306919478862,131.075161937948,0.295122157143474,826.192527353848,807.334548365193,0.0006691167543644,0.0431247273958782,0.0363014692434201,332.239680072915,113.51081446063978,7.453357986610214,48.45392707899548,72.51024536825452,0.9205738033607016,8.369019554049903,341.9015737534513,90.2086470926062,ICV_113_CASE_6_with_r_theta_phi.csv,0.4737965488023007,-0.3106503215274749,0.9505242646744356,0.999993369459465,-0.0036415706921430506,0.003375430126,0.0038472612,-0.0004718310662770739,13.97839826405845,ICV_113_CASE_6_with_r_theta_phi.csv
1.270726553,0.9568,-0.02935698877,0.0,3961.176771,0.4324542895,334.2176205,242.2659232,21.82930486,0.03630143212,0.04312202482,322.306919478862,131.075161937948,0.295122157143474,826.192527353848,807.334548365193,0.0006691167543644,0.0431247273958782,0.0363014692434201,332.239680072915,113.51081446063978,7.453357986610214,48.45392707899548,72.51024536825452,0.9205738033607016,1.5909349594778863,36.97810435888204,91.05731979542144,ICV_113_CASE_6_with_r_theta_phi.csv,0.09006783749295755,0.6015097798328873,0.7988654359561387,0.9998297350945872,-0.018452664324903754,0.0,9.0004505e-06,-9.000450518215075e-06,0.0,ICV_113_CASE_6_with_r_theta_phi.csv
15.11443085,0.9568,-0.02611567806,0.0,1994.56411,0.4322220356,327.0202281,76.34926592,4.150525502,0.0363011339,0.04311806046,322.306919478862,131.075161937948,0.295122157143474,826.192527353848,807.334548365193,0.0006691167543644,0.0431247273958782,0.0363014692434201,332.239680072915,113.51081446063978,7.453357986610214,48.45392707899548,72.51024536825452,0.9205738033607016,15.144707596651454,3.6222037904451554,90.09880143700263,ICV_113_CASE_6_with_r_theta_phi.csv,0.8573895837584823,0.0631772793539658,0.9980023203246728,0.9999985132047867,-0.0017244095267826322,0.0,8.877164e-06,-8.877163963916246e-06,0.0,ICV_113_CASE_6_with_r_theta_phi.csv
12.10784382,-2.599876458,-0.0253456336,0.003374897642,2260.303311,0.4208397635,328.4834284,214.5954056,9.583429773,0.03629908109,0.04311640296,322.306919478862,131.075161937948,0.295122157143474,826.192527353848,807.334548365193,0.0006691167543644,0.0431247273958782,0.0363014692434201,332.239680072915,113.51081446063978,7.453357986610214,48.45392707899548,72.51024536825452,0.9205738033607016,12.3838556987522,347.881091776877,90.1172654852844,ICV_113_CASE_6_with_r_theta_phi.csv,0.7010890646198997,-0.20994123046200686,0.9777140071371068,0.9999979055741075,-0.002046667388296219,0.003374897642,0.0034939947,-0.00011909706524165439,3.5289089578369293,ICV_113_CASE_6_with_r_theta_phi.csv
-0.9727241996,0.9568,-0.01854142378,0.0,3347.488046,0.4331454823,327.0545408,274.2322736,9.938503928,0.03630142827,0.04312191615,322.306919478862,131.075161937948,0.295122157143474,826.192527353848,807.334548365193,0.0006691167543644,0.0431247273958782,0.0363014692434201,332.239680072915,113.51081446063978,7.453357986610214,48.45392707899548,72.51024536825452,0.9205738033607016,1.364552085075264,135.47284647467643,90.7785543941526,ICV_113_CASE_6_with_r_theta_phi.csv,0.07725159015272966,0.701247208101782,-0.7129181952576719,0.9999076799613872,-0.013587919422641823,0.0,9.15296e-06,-9.15296004677657e-06,0.0,ICV_113_CASE_6_with_r_theta_phi.csv
1.086307855,0.9568,-0.01764819531,0.0,3697.995977,0.4330122994,335.6378172,332.8270757,27.83324817,0.03630143164,0.04312203106,322.306919478862,131.075161937948,0.295122157143474,826.192527353848,807.334548365193,0.0006691167543644,0.0431247273958782,0.0363014692434201,332.239680072915,113.51081446063978,7.453357986610214,48.45392707899548,72.51024536825452,0.9205738033607016,1.447702474485832,41.37300635326415,90.69848064181411,ICV_113_CASE_6_with_r_theta_phi.csv,0.08195899551602935,0.6609583936062955,0.750422548915866,0.999925693276901,-0.012190485007126621,0.0,9.0004505e-06,-9.000450518215075e-06,0.0,ICV_113_CASE_6_with_r_theta_phi.csv
-0.5653702548,0.9568,-0.01488973827,0.0,2903.911925,0.4325540933,327.6964411,259.5920667,10.43838577,0.03630142399,0.04312182159,322.306919478862,131.075161937948,0.295122157143474,826.192527353848,807.334548365193,0.0006691167543644,0.0431247273958782,0.0363014692434201,332.239680072915,113.51081446063978,7.453357986610214,48.45392707899548,72.51024536825452,0.9205738033607016,1.1114546636360685,120.57871363211711,90.76759287539323,ICV_113_CASE_6_with_r_theta_phi.csv,0.0629229481876595,0.8609310852418057,-0.5087216001551012,0.9999102612297031,-0.013396622243941994,0.0,9.0004505e-06,-9.000450518215075e-06,0.0,ICV_113_CASE_6_with_r_theta_phi.csv
14.71222308,0.9568,-0.009416221057,0.0,1957.564895,0.432610516,326.9636293,132.4906873,5.906097398,0.0363011258,0.04311800096,322.306919478862,131.075161937948,0.295122157143474,826.192527353848,807.334548365193,0.0006691167543644,0.0431247273958782,0.0363014692434201,332.239680072915,113.51081446063978,7.453357986610214,48.45392707899548,72.51024536825452,0.9205738033607016,14.743305696515408,3.7209543218362455,90.03659354104923,ICV_113_CASE_6_with_r_theta_phi.csv,0.8346649582824776,0.06489726353364442,0.997891950656906,0.9999997960453559,-0.0006386777328523056,0.0,8.877164e-06,-8.877163963916246e-06,0.0,ICV_113_CASE_6_with_r_theta_phi.csv
14.54023052,0.9568,-0.007705749127,0.0,1890.844215,0.433251708,326.8459131,148.2930286,7.385531703,0.03630112958,0.0431180335,322.306919478862,131.075161937948,0.295122157143474,826.192527353848,807.334548365193,0.0006691167543644,0.0431247273958782,0.0363014692434201,332.239680072915,113.51081446063978,7.453357986610214,48.45392707899548,72.51024536825452,0.9205738033607016,14.571679010783525,3.764842664906439,90.03029897400393,ICV_113_CASE_6_with_r_theta_phi.csv,0.8249486311957768,0.06566162575192598,0.997841946855119,0.9999998601763694,-0.000528816831697557,0.0,8.877164e-06,-8.877163963916246e-06,0.0,ICV_113_CASE_6_with_r_theta_phi.csv
0.1345083802,0.9568,0.001119270974,0.0,1950.785853,0.4337325768,328.8351887,220.9204359,14.26965744,0.0363014166,0.04312164548,322.306919478862,131.075161937948,0.295122157143474,826.192527353848,807.334548365193,0.0006691167543644,0.0431247273958782,0.0363014692434201,332.239680072915,113.51081446063978,7.453357986610214,48.45392707899548,72.51024536825452,0.9205738033607016,0.9662090856080484,81.9977151333128,89.93362770207841,ICV_113_CASE_6_with_r_theta_phi.csv,0.05470013867526332,0.9902625179470815,0.13921259120175145,0.9999993290372673,0.0011584148717619465,0.0,9.0004505e-06,-9.000450518215075e-06,0.0,ICV_113_CASE_6_with_r_theta_phi.csv
14.12098288,0.9568,0.01128143264,0.0,2345.946459,0.4317100895,329.769653,164.5831972,12.25136922,0.03630112734,0.04311801629,322.306919478862,131.075161937948,0.295122157143474,826.192527353848,807.334548365193,0.0006691167543644,0.0431247273958782,0.0363014692434201,332.239680072915,113.51081446063978,7.453357986610214,48.45392707899548,72.51024536825452,0.9205738033607016,14.153365359799608,3.876283814734677,89.95433039922682,ICV_113_CASE_6_with_r_theta_phi.csv,0.8012665782536063,0.06760231786755524,0.9977123466304975,0.9999996823278466,0.0007970848171594391,0.0,8.877164e-06,-8.877163963916246e-06,0.0,ICV_113_CASE_6_with_r_theta_phi.csv
17.49751251,0.9568,0.01292467129,0.003375413129,2502.160881,0.4350083197,326.6899309,19.83365184,1.502967486,0.0363012163,0.04311864057,322.306919478862,131.075161937948,0.295122157143474,826.192527353848,807.334548365193,0.0006691167543644,0.0431247273958782,0.0363014692434201,332.239680072915,113.51081446063978,7.453357986610214,48.45392707899548,72.51024536825452,0.9205738033607016,17.523657646870827,3.129934008057376,89.95774117489776,ICV_113_CASE_6_with_r_theta_phi.csv,0.9920694367911542,0.054600488067336965,0.9985082807382263,0.9999997280058542,0.0007375555691882728,0.003375413129,0.002744251,0.0006311621981542627,18.698813266578206,ICV_113_CASE_6_with_r_theta_phi.csv
11.81823157,-2.599926471,0.0195536945,0.003375296947,2490.093116,0.4194937148,329.5244423,47.32704724,4.934780106,0.03630119989,0.04311979207,322.306919478862,131.075161937948,0.295122157143474,826.192527353848,807.334548365193,0.0006691167543644,0.0431247273958782,0.0363014692434201,332.239680072915,113.51081446063978,7.453357986610214,48.45392707899548,72.51024536825452,0.9205738033607016,12.100851104105024,347.59297210556593,89.90741604481718,ICV_113_CASE_6_with_r_theta_phi.csv,0.6850672834096814,-0.2148551240727803,0.9766459315738074,0.999998694442197,0.0016158941492442323,0.003375296947,0.00339373,-1.843296884241393e-05,0.5461139901582944,ICV_113_CASE_6_with_r_theta_phi.csv
0.5054821761,0.9568,0.02458327015,0.0,4594.705313,0.4324117261,337.5282899,1321.450618,54.75219303,0.03630141696,0.04312163314,322.306919478862,131.075161937948,0.295122157143474,826.192527353848,807.334548365193,0.0006691167543644,0.0431247273958782,0.0363014692434201,332.239680072915,113.51081446063978,7.453357986610214,48.45392707899548,72.51024536825452,0.9205738033607016,1.0823967883941912,62.15228453072581,88.69859300953595,ICV_113_CASE_6_with_r_theta_phi.csv,0.061277890374589035,0.8841922654296864,0.4671231505227705,0.9997420518971204,0.022711883861436136,0.0,9.0004505e-06,-9.000450518215075e-06,0.0,ICV_113_CASE_6_with_r_theta_phi.csv
17.40425966,0.9568,0.02467084452,0.0017079229,2501.289997,0.43482352,326.7354656,31.15687455,1.705633297,0.03630120558,0.04311855998,322.306919478862,131.075161937948,0.295122157143474,826.192527353848,807.334548365193,0.0006691167543644,0.0431247273958782,0.0363014692434201,332.239680072915,113.51081446063978,7.453357986610214,48.45392707899548,72.51024536825452,0.9205738033607016,17.43055734058073,3.14667073143346,89.91890473079229,ICV_113_CASE_6_with_r_theta_phi.csv,0.9867987353036258,0.05489216091510095,0.9984922887384111,0.9999989983506657,0.0014153789828943927,0.0017079229,0.0021445856,-0.00043666269639751907,25.566885726624438,ICV_113_CASE_6_with_r_theta_phi.csv
12.64067478,0.9568,0.02959912385,0.0,1886.861161,0.4306374282,326.1597965,108.1668601,3.906951478,0.03630113729,0.04311812253,322.306919478862,131.075161937948,0.295122157143474,826.192527353848,807.334548365193,0.0006691167543644,0.0431247273958782,0.0363014692434201,332.239680072915,113.51081446063978,7.453357986610214,48.45392707899548,72.51024536825452,0.9205738033607016,12.676868747520452,4.3285874054359965,89.86622040122018,ICV_113_CASE_6_with_r_theta_phi.csv,0.717677455931909,0.07547625736061608,0.997147599192233,0.9999972741351437,0.002334892349168978,0.0,3.0482736e-06,-3.048273583772243e-06,0.0,ICV_113_CASE_6_with_r_theta_phi.csv
17.29412252,0.9568,0.0325759762,0.0,2464.591493,0.4348906528,326.5907524,45.31304032,2.037072038,0.03630119473,0.04311847159,322.306919478862,131.075161937948,0.295122157143474,826.192527353848,807.334548365193,0.0006691167543644,0.0431247273958782,0.0363014692434201,332.239680072915,113.51081446063978,7.453357986610214,48.45392707899548,72.51024536825452,0.9205738033607016,17.320600485289084,3.1666695613736806,89.89224004954485,ICV_113_CASE_6_with_r_theta_phi.csv,0.980573731500268,0.055240676733472896,0.9984730680564339,0.999998231360266,0.0018807648284289986,0.0,0.00037402005,-0.00037402004818432033,0.0,ICV_113_CASE_6_with_r_theta_phi.csv
17.16553654,0.9568,0.0413836887,0.0,2397.741468,0.4351684738,326.3224226,51.26268876,2.058834907,0.0363011867,0.043118406,322.306919478862,131.075161937948,0.295122157143474,826.192527353848,807.334548365193,0.0006691167543644,0.0431247273958782,0.0363014692434201,332.239680072915,113.51081446063978,7.453357986610214,48.45392707899548,72.51024536825452,0.9205738033607016,17.19223148854638,3.190342068842199,89.86208230184877,ICV_113_CASE_6_with_r_theta_phi.csv,0.9733063583943617,0.05565320433228305,0.9984501594208642,0.9999971028930356,0.002407115604950889,0.0,0.00017934595,-0.00017934595234692097,0.0,ICV_113_CASE_6_with_r_theta_phi.csv
11.48015052,-2.599647379,0.04281947047,0.003375326516,2608.665056,0.4209120973,328.2846713,46.12297091,4.669280754,0.03630132574,0.04312014035,322.306919478862,131.075161937948,0.295122157143474,826.192527353848,807.334548365193,0.0006691167543644,0.0431247273958782,0.0363014692434201,332.239680072915,113.51081446063978,7.453357986610214,48.45392707899548,72.51024536825452,0.9205738033607016,11.770890194205757,347.24072070187765,89.79157223375125,ICV_113_CASE_6_with_r_theta_phi.csv,0.6663871573399213,-0.2208553930136287,0.9753065648178503,0.9999933833919511,0.0036377427504237824,0.003375326516,0.0034685053,-9.317882369700315e-05,2.760586960334159,ICV_113_CASE_6_with_r_theta_phi.csv
7.130371993,-2.599617292,0.04460867532,0.003375432454,5465.500313,0.4342432306,330.4127664,463.5108694,24.41453268,0.03630140747,0.04312184858,322.306919478862,131.075161937948,0.295122157143474,826.192527353848,807.334548365193,0.0006691167543644,0.0431247273958782,0.0363014692434201,332.239680072915,113.51081446063978,7.453357986610214,48.45392707899548,72.51024536825452,0.9205738033607016,7.589611634157443,339.9689695669206,89.6632365837736,ICV_113_CASE_6_with_r_theta_phi.csv,0.42967181230607315,-0.3425290149020145,0.9395072506107952,0.9999827267800893,0.005877596571508242,0.003375432454,0.0038715124,-0.0004960799124587734,14.696780903553094,ICV_113_CASE_6_with_r_theta_phi.csv
12.22240129,0.9568,0.04586035013,0.0,1874.50362,0.4300517744,326.2353899,124.9958069,4.029558775,0.03630113801,0.04311813735,322.306919478862,131.075161937948,0.295122157143474,826.192527353848,807.334548365193,0.0006691167543644,0.0431247273958782,0.0363014692434201,332.239680072915,113.51081446063978,7.453357986610214,48.45392707899548,72.51024536825452,0.9205738033607016,12.259880207632852,4.47612769141756,89.78567403654279,ICV_113_CASE_6_with_r_theta_phi.csv,0.6940704217013284,0.07804372293898033,0.9969499372134107,0.9999930036133493,0.003740685011053519,0.0,3.0482736e-06,-3.048273583772243e-06,0.0,ICV_113_CASE_6_with_r_theta_phi.csv
12.39841618,-2.599567173,0.04743959343,0.003375453874,2222.956954,0.4210622276,327.8164712,360.6501968,10.34416794,0.03630051658,0.04311764829,322.306919478862,131.075161937948,0.295122157143474,826.192527353848,807.334548365193,0.0006691167543644,0.0431247273958782,0.0363014692434201,332.239680072915,113.51081446063978,7.453357986610214,48.45392707899548,72.51024536825452,0.9205738033607016,12.668098664537224,348.1583698024637,89.78543782218122,ICV_113_CASE_6_with_r_theta_phi.csv,0.7171809539195375,-0.20520722719773005,0.9787185468283612,0.9999929881830603,0.0037448077005274054,0.003375453874,0.0035182459,-0.00014279200742335412,4.230305396288495,ICV_113_CASE_6_with_r_theta_phi.csv
14.24554639,0.9568,0.04755926535,0.0,1705.270572,0.4319541062,328.2340137,149.6914636,9.518286009,0.03630113025,0.04311804365,322.306919478862,131.075161937948,0.295122157143474,826.192527353848,807.334548365193,0.0006691167543644,0.0431247273958782,0.0363014692434201,332.239680072915,113.51081446063978,7.453357986610214,48.45392707899548,72.51024536825452,0.9205738033607016,14.277721109244382,3.8424914490162223,89.80914669787683,ICV_113_CASE_6_with_r_theta_phi.csv,0.8083067487933137,0.06701386733071998,0.9977520441399159,0.9999944521629716,0.0033310123503679507,0.0,8.877164e-06,-8.877163963916246e-06,0.0,ICV_113_CASE_6_with_r_theta_phi.csv
17.01702141,0.9568,0.05492866838,0.0,2343.762645,0.4353484948,326.0736652,56.97128373,2.139249629,0.03630117746,0.04311833643,322.306919478862,131.075161937948,0.295122157143474,826.192527353848,807.334548365193,0.0006691167543644,0.0431247273958782,0.0363014692434201,332.239680072915,113.51081446063978,7.453357986610214,48.45392707899548,72.51024536825452,0.9205738033607016,17.043987240872028,3.218127336116652,89.81534917411875,ICV_113_CASE_6_with_r_theta_phi.csv,0.9649137847512624,0.05613739058027338,0.9984230533089857,0.9999948068977648,0.0032227592994367262,0.0,7.837169e-06,-7.837168595870025e-06,0.0,ICV_113_CASE_6_with_r_theta_phi.csv
15.64760109,0.9568,0.05627670019,0.0,2136.167794,0.433261461,326.5067624,61.08164847,3.432998588,0.03630114975,0.04311818005,322.306919478862,131.075161937948,0.295122157143474,826.192527353848,807.334548365193,0.0006691167543644,0.0431247273958782,0.0363014692434201,332.239680072915,113.51081446063978,7.453357986610214,48.45392707899548,72.51024536825452,0.9205738033607016,15.676927415114015,3.4990942706320425,89.79432038908402,ICV_113_CASE_6_with_r_theta_phi.csv,0.8875202235022647,0.0610327610526581,0.998135763350001,0.9999935567236677,0.0035897787047062223,0.0,1.8459295e-05,-1.8459295461070724e-05,0.0,ICV_113_CASE_6_with_r_theta_phi.csv
12.75068483,-2.599312123,0.05980375508,0.003375384957,1912.714453,0.4212906701,327.2768075,280.8504837,8.019479771,0.0363007776,0.0431174486,322.306919478862,131.075161937948,0.295122157143474,826.192527353848,807.334548365193,0.0006691167543644,0.0431247273958782,0.0363014692434201,332.239680072915,113.51081446063978,7.453357986610214,48.45392707899548,72.51024536825452,0.9205738033607016,13.013068955319056,348.4777540468996,89.73668664644862,ICV_113_CASE_6_with_r_theta_phi.csv,0.7367108083016632,-0.19974838997003913,0.9798472231446989,0.9999894398583503,0.004595668806900011,0.003375384957,0.0037101028,-0.00033471779857637213,9.916433317718546,ICV_113_CASE_6_with_r_theta_phi.csv
1.682721585,0.9568,0.06144905456,0.0,2280.35128,0.4320467985,328.470603,188.5670837,9.749735305,0.03630142645,0.04312147701,322.306919478862,131.075161937948,0.295122157143474,826.192527353848,807.334548365193,0.0006691167543644,0.0431247273958782,0.0363014692434201,332.239680072915,113.51081446063978,7.453357986610214,48.45392707899548,72.51024536825452,0.9205738033607016,1.936696713202981,29.62267616940653,88.1817687500702,ICV_113_CASE_6_with_r_theta_phi.csv,0.10964249908441069,0.4942859512183637,0.869299372154471,0.9994965150096414,0.03172879581045673,0.0,9.0004505e-06,-9.000450518215075e-06,0.0,ICV_113_CASE_6_with_r_theta_phi.csv
3.788111531,0.9568,0.06405039084,0.0,1395.324815,0.4332538119,325.4446785,153.9208079,3.30653857,0.03630134095,0.04312006811,322.306919478862,131.075161937948,0.295122157143474,826.192527353848,807.334548365193,0.0006691167543644,0.0431247273958782,0.0363014692434201,332.239680072915,113.51081446063978,7.453357986610214,48.45392707899548,72.51024536825452,0.9205738033607016,3.907602546813317,14.17526921057879,89.0608099526849,ICV_113_CASE_6_with_r_theta_phi.csv,0.2212216841906295,0.24488891775519567,0.9695511425194078,0.9998656548543862,0.016391224561012233,0.0,9.625379e-06,-9.625378879718482e-06,0.0,ICV_113_CASE_6_with_r_theta_phi.csv
-0.07695212502,0.9568,0.07176870979,0.0,2484.163138,0.4332382562,328.0099204,188.8842029,11.07946312,0.03630142121,0.04312175071,322.306919478862,131.075161937948,0.295122157143474,826.192527353848,807.334548365193,0.0006691167543644,0.0431247273958782,0.0363014692434201,332.239680072915,113.51081446063978,7.453357986610214,48.45392707899548,72.51024536825452,0.9205738033607016,0.9625687597517462,94.59820464941332,85.72408351067247,ICV_113_CASE_6_with_r_theta_phi.csv,0.05449404836610672,0.996781390982461,-0.08016769044365796,0.9972165617313058,0.07455956684955184,0.0,1.0875127e-05,-1.0875127372855786e-05,0.0,ICV_113_CASE_6_with_r_theta_phi.csv
16.84381363,0.9568,0.07273633989,0.0,2278.218733,0.4350104181,325.9273115,60.94391429,2.375758074,0.03630116691,0.04311826711,322.306919478862,131.075161937948,0.295122157143474,826.192527353848,807.334548365193,0.0006691167543644,0.0431247273958782,0.0363014692434201,332.239680072915,113.51081446063978,7.453357986610214,48.45392707899548,72.51024536825452,0.9205738033607016,16.87112368567412,3.251149254546533,89.7529804012454,ICV_113_CASE_6_with_r_theta_phi.csv,0.9551274345895125,0.056712813567436446,0.9983905331969375,0.9999907063376349,0.004311291959276192,0.0,7.837169e-06,-7.837168595870025e-06,0.0,ICV_113_CASE_6_with_r_theta_phi.csv
11.30562789,0.9568,0.07375197496,0.0,1890.143107,0.4315395181,325.8568943,164.9307581,4.431059608,0.03630116364,0.04311838413,322.306919478862,131.075161937948,0.295122157143474,826.192527353848,807.334548365193,0.0006691167543644,0.0431247273958782,0.0363014692434201,332.239680072915,113.51081446063978,7.453357986610214,48.45392707899548,72.51024536825452,0.9205738033607016,11.346282544558653,4.837438600063194,89.62756906179095,ICV_113_CASE_6_with_r_theta_phi.csv,0.6423487813152768,0.08432896060070465,0.9964379691701861,0.9999788741246712,0.006500100334216223,0.0,9.625379e-06,-9.625378879718482e-06,0.0,ICV_113_CASE_6_with_r_theta_phi.csv
0.7448709508,0.9568,0.07477826377,0.0,4693.576734,0.4324030795,339.267933,1081.725577,52.78004195,0.03630142498,0.04312183205,322.306919478862,131.075161937948,0.295122157143474,826.192527353848,807.334548365193,0.0006691167543644,0.0431247273958782,0.0363014692434201,332.239680072915,113.51081446063978,7.453357986610214,48.45392707899548,72.51024536825452,0.9205738033607016,1.2148624457436126,52.09916207738382,86.47104985008684,ICV_113_CASE_6_with_r_theta_phi.csv,0.06877718833675146,0.7890751011311595,0.6142967400001813,0.9981038246822803,0.06155286471484368,0.0,1.0875127e-05,-1.0875127372855786e-05,0.0,ICV_113_CASE_6_with_r_theta_phi.csv
13.94815547,0.9568,0.07766439842,0.0,1787.581425,0.4319044073,327.2412076,100.3490329,6.996921469,0.03630113344,0.04311807514,322.306919478862,131.075161937948,0.295122157143474,826.192527353848,807.334548365193,0.0006691167543644,0.0431247273958782,0.0363014692434201,332.239680072915,113.51081446063978,7.453357986610214,48.45392707899548,72.51024536825452,0.9205738033607016,13.981149416770885,3.924164539427864,89.68172394124457,ICV_113_CASE_6_with_r_theta_phi.csv,0.7915168914559148,0.06843605872175576,0.9976555046039852,0.999984571220735,0.005554936586746699,0.0,8.877164e-06,-8.877163963916246e-06,0.0,ICV_113_CASE_6_with_r_theta_phi.csv
-2.587988168,-0.2362586338,0.08061699188,0.003375447588,4918.306569,0.4340451695,329.0637541,250.3737087,16.07257771,0.03630143004,0.04312223152,322.306919478862,131.075161937948,0.295122157143474,826.192527353848,807.334548365193,0.0006691167543644,0.0431247273958782,0.0363014692434201,332.239680072915,113.51081446063978,7.453357986610214,48.45392707899548,72.51024536825452,0.9205738033607016,2.5999999998332344,185.2160999717935,88.22317160138948,ICV_113_CASE_6_with_r_theta_phi.csv,0.14719418670862666,-0.09091241765944519,-0.9958588917689667,0.9995191817900152,0.031006535340450503,0.003375447588,0.0038942706,-0.0005188230425533648,15.370496174910828,ICV_113_CASE_6_with_r_theta_phi.csv
14.41697802,0.9568,0.1070845156,0.0,1939.153764,0.4321709743,327.4132715,103.0554187,6.171397351,0.0363011421,0.04311814283,322.306919478862,131.075161937948,0.295122157143474,826.192527353848,807.334548365193,0.0006691167543644,0.0431247273958782,0.0363014692434201,332.239680072915,113.51081446063978,7.453357986610214,48.45392707899548,72.51024536825452,0.9205738033607016,14.44908954095878,3.7969350110990376,89.5753679188793,ICV_113_CASE_6_with_r_theta_phi.csv,0.8180084553069105,0.0662205237659215,0.9978050121302092,0.9999725369760246,0.0074111600801177,0.0,8.877164e-06,-8.877163963916246e-06,0.0,ICV_113_CASE_6_with_r_theta_phi.csv
11.99112774,-2.597602036,0.1116407661,0.003375239437,2431.523219,0.4197954571,329.2221657,71.73681365,5.622137316,0.03630128385,0.04311965438,322.306919478862,131.075161937948,0.295122157143474,826.192527353848,807.334548365193,0.0006691167543644,0.0431247273958782,0.0363014692434201,332.239680072915,113.51081446063978,7.453357986610214,48.45392707899548,72.51024536825452,0.9205738033607016,12.269765461290785,347.77704813426993,89.47866705331177,ICV_113_CASE_6_with_r_theta_phi.csv,0.694630057036975,-0.21171631824772458,0.9773311621899857,0.9999586045996645,0.009098850866563354,0.003375239437,0.0034088015,-3.356207206741627e-05,0.9943612204088104,ICV_113_CASE_6_with_r_theta_phi.csv
13.31468555,0.9568,0.1151494761,0.0,1894.700376,0.4316765655,326.1609018,87.67756192,4.306786329,0.03630114672,0.04311819798,322.306919478862,131.075161937948,0.295122157143474,826.192527353848,807.334548365193,0.0006691167543644,0.0431247273958782,0.0363014692434201,332.239680072915,113.51081446063978,7.453357986610214,48.45392707899548,72.51024536825452,0.9205738033607016,13.349515981383927,4.110238251238513,89.5057752790924,ICV_113_CASE_6_with_r_theta_phi.csv,0.7557581338306368,0.07167567707446659,0.9974279910429208,0.9999627975984249,0.008625741656894205,0.0,8.877164e-06,-8.877163963916246e-06,0.0,ICV_113_CASE_6_with_r_theta_phi.csv
13.77249562,0.9568,0.1256908219,0.0,1899.153459,0.4316716144,326.6831207,83.16351969,5.378424898,0.03630113609,0.04311809989,322.306919478862,131.075161937948,0.295122157143474,826.192527353848,807.334548365193,0.0006691167543644,0.0431247273958782,0.0363014692434201,332.239680072915,113.51081446063978,7.453357986610214,48.45392707899548,72.51024536825452,0.9205738033607016,13.80626307244756,3.974055519891067,89.47837781570945,ICV_113_CASE_6_with_r_theta_phi.csv,0.7816160248325426,0.06930475304588983,0.9975955348763587,0.9999585586545728,0.009103898805958282,0.0,8.877164e-06,-8.877163963916246e-06,0.0,ICV_113_CASE_6_with_r_theta_phi.csv
0.9828167936,0.9568,0.1262013884,0.0,4304.257368,0.4329472339,334.6260279,272.0054022,23.96457806,0.03630143173,0.04312203888,322.306919478862,131.075161937948,0.295122157143474,826.192527353848,807.334548365193,0.0006691167543644,0.0431247273958782,0.0363014692434201,332.239680072915,113.51081446063978,7.453357986610214,48.45392707899548,72.51024536825452,0.9205738033607016,1.3774330764927465,44.23151671727664,84.74314812207916,ICV_113_CASE_6_with_r_theta_phi.csv,0.07798082363573688,0.697559348727725,0.7165270092624229,0.9957939779740741,0.09162070415888147,0.0,1.0875127e-05,-1.0875127372855786e-05,0.0,ICV_113_CASE_6_with_r_theta_phi.csv
11.2277587,-2.596859355,0.127755597,0.003375381231,2598.058352,0.4215548924,327.6710465,57.93200958,4.914675691,0.03630132498,0.04312015,322.306919478862,131.075161937948,0.295122157143474,826.192527353848,807.334548365193,0.0006691167543644,0.0431247273958782,0.0363014692434201,332.239680072915,113.51081446063978,7.453357986610214,48.45392707899548,72.51024536825452,0.9205738033607016,11.524867262907696,346.9771005961787,89.36485112829598,ICV_113_CASE_6_with_r_theta_phi.csv,0.6524590245374547,-0.22534046284448261,0.9742800807801801,0.9999385571497313,0.011085212010308342,0.003375381231,0.0034896191,-0.00011423788995546707,3.384444070271084,ICV_113_CASE_6_with_r_theta_phi.csv
13.55447207,0.9568,0.1303635533,0.0,1917.487379,0.431698409,326.4395996,85.91640558,4.940096539,0.03630114119,0.04311814535,322.306919478862,131.075161937948,0.295122157143474,826.192527353848,807.334548365193,0.0006691167543644,0.0431247273958782,0.0363014692434201,332.239680072915,113.51081446063978,7.453357986610214,48.45392707899548,72.51024536825452,0.9205738033607016,13.588825335268648,4.037768397197908,89.45032806013404,ICV_113_CASE_6_with_r_theta_phi.csv,0.7693061898764398,0.07041403568906877,0.9975178512578001,0.999953981914871,0.00959343799656101,0.0,8.877164e-06,-8.877163963916246e-06,0.0,ICV_113_CASE_6_with_r_theta_phi.csv
0.3527613169,0.9568,0.1321287766,0.0,3039.601098,0.4332008919,331.0394716,256.2973076,18.2137035,0.03630142301,0.04312178551,322.306919478862,131.075161937948,0.295122157143474,826.192527353848,807.334548365193,0.0006691167543644,0.0431247273958782,0.0363014692434201,332.239680072915,113.51081446063978,7.453357986610214,48.45392707899548,72.51024536825452,0.9205738033607016,1.0282824516186373,69.76164105183642,82.61738840844242,ICV_113_CASE_6_with_r_theta_phi.csv,0.058214307377871616,0.938261638781086,0.34592643320774275,0.9917102042434034,0.12849463334905123,0.0,7.351954e-06,-7.35195408196887e-06,0.0,ICV_113_CASE_6_with_r_theta_phi.csv
13.01055248,-2.596556442,0.1337708629,0.003375390777,1873.159377,0.4214477418,326.953194,186.1250737,5.879910901,0.0363009418,0.04311768074,322.306919478862,131.075161937948,0.295122157143474,826.192527353848,807.334548365193,0.0006691167543644,0.0431247273958782,0.0363014692434201,332.239680072915,113.51081446063978,7.453357986610214,48.45392707899548,72.51024536825452,0.9205738033607016,13.267798454720618,348.7135876323874,89.4223129215477,ICV_113_CASE_6_with_r_theta_phi.csv,0.7511318473391684,-0.19571358702486155,0.9806610993885002,0.9999491716083863,0.010082370738183634,0.003375390777,0.0037101028,-0.00033471197857637197,9.916243794879858,ICV_113_CASE_6_with_r_theta_phi.csv
12.20877468,-2.596553245,0.1338329125,0.0033753186,2346.597479,0.4204601328,328.4711133,167.5176067,7.413842658,0.03630100241,0.04311894942,322.306919478862,131.075161937948,0.295122157143474,826.192527353848,807.334548365193,0.0006691167543644,0.0431247273958782,0.0363014692434201,332.239680072915,113.51081446063978,7.453357986610214,48.45392707899548,72.51024536825452,0.9205738033607016,12.482554994455157,347.9932736016243,89.38568602599224,ICV_113_CASE_6_with_r_theta_phi.csv,0.7066767425278392,-0.2080265217596424,0.9781231856185524,0.9999425220370597,0.010721596064222887,0.0033753186,0.0034272405,-5.192193189158421e-05,1.5382823972884037,ICV_113_CASE_6_with_r_theta_phi.csv
14.61935196,0.9568,0.1416866121,0.0,1982.72771,0.4325140122,326.9841351,74.57168346,4.608473097,0.03630115078,0.04311821436,322.306919478862,131.075161937948,0.295122157143474,826.192527353848,807.334548365193,0.0006691167543644,0.0431247273958782,0.0363014692434201,332.239680072915,113.51081446063978,7.453357986610214,48.45392707899548,72.51024536825452,0.9205738033607016,14.651313697631492,3.7445250746722536,89.44590829239195,ICV_113_CASE_6_with_r_theta_phi.csv,0.8294570015669823,0.06530777805002837,0.9978651683099116,0.9999532389067541,0.009670573917402484,0.0,8.877164e-06,-8.877163963916246e-06,0.0,ICV_113_CASE_6_with_r_theta_phi.csv
2.497442271,0.9568,0.142550428,0.0,1387.345452,0.4330024788,325.8424396,104.6558604,2.498101247,0.03630138604,0.04312061836,322.306919478862,131.075161937948,0.295122157143474,826.192527353848,807.334548365193,0.0006691167543644,0.0431247273958782,0.0363014692434201,332.239680072915,113.51081446063978,7.453357986610214,48.45392707899548,72.51024536825452,0.9205738033607016,2.6782465834012785,20.962433796936807,86.94897429836635,ICV_113_CASE_6_with_r_theta_phi.csv,0.15162397218238266,0.35775576688471133,0.933815191170465,0.9985825301006825,0.05322528137755143,0.0,1.1500056e-05,-1.1500055734359194e-05,0.0,ICV_113_CASE_6_with_r_theta_phi.csv
1.453473945,0.9568,0.1430453104,0.0,3166.25814,0.4326183799,330.0387247,216.4500426,14.39133001,0.03630143092,0.04312180355,322.306919478862,131.075161937948,0.295122157143474,826.192527353848,807.334548365193,0.0006691167543644,0.0431247273958782,0.0363014692434201,332.239680072915,113.51081446063978,7.453357986610214,48.45392707899548,72.51024536825452,0.9205738033607016,1.7459996304757042,33.35630774375176,85.3006353231321,ICV_113_CASE_6_with_r_theta_phi.csv,0.09884653677612237,0.5498439470409182,0.8352674026337098,0.9966382953303187,0.0819274574308053,0.0,1.0875127e-05,-1.0875127372855786e-05,0.0,ICV_113_CASE_6_with_r_theta_phi.csv
14.87494564,0.9568,0.1483675279,0.0,2008.195667,0.4326499669,326.6353693,79.03333215,4.379955883,0.0363011476,0.04311818049,322.306919478862,131.075161937948,0.295122157143474,826.192527353848,807.334548365193,0.0006691167543644,0.0431247273958782,0.0363014692434201,332.239680072915,113.51081446063978,7.453357986610214,48.45392707899548,72.51024536825452,0.9205738033607016,14.906424351811877,3.680361910165289,89.4297107522018,ICV_113_CASE_6_with_r_theta_phi.csv,0.8438996189766731,0.06419026956313571,0.9979376780608156,0.9999504650737165,0.009953260714865466,0.0,8.877164e-06,-8.877163963916246e-06,0.0,ICV_113_CASE_6_with_r_theta_phi.csv
2.010699424,0.9568,0.1504013126,0.0,1492.114196,0.4325754562,326.5708201,114.974419,4.122403352,0.03630141192,0.04312102665,322.306919478862,131.075161937948,0.295122157143474,826.192527353848,807.334548365193,0.0006691167543644,0.0431247273958782,0.0363014692434201,332.239680072915,113.51081446063978,7.453357986610214,48.45392707899548,72.51024536825452,0.9205738033607016,2.231815173464356,25.447642651783497,86.13592722686371,ICV_113_CASE_6_with_r_theta_phi.csv,0.12635008437043432,0.4296861274185618,0.9029783119787759,0.997726731572407,0.06738968100415726,0.0,1.0875127e-05,-1.0875127372855786e-05,0.0,ICV_113_CASE_6_with_r_theta_phi.csv
12.97552258,0.9568,0.1530997212,0.0,1915.681299,0.4313516378,326.1937163,98.10247624,4.138214065,0.03630114713,0.0431182106,322.306919478862,131.075161937948,0.295122157143474,826.192527353848,807.334548365193,0.0006691167543644,0.0431247273958782,0.0363014692434201,332.239680072915,113.51081446063978,7.453357986610214,48.45392707899548,72.51024536825452,0.9205738033607016,13.01165216214764,4.217291718916783,89.32582194930933,ICV_113_CASE_6_with_r_theta_phi.csv,0.7366305991791193,0.07353918073229297,0.9972923287066953,0.9999307740464277,0.011766355209324423,0.0,8.877164e-06,-8.877163963916246e-06,0.0,ICV_113_CASE_6_with_r_theta_phi.csv
-2.209704994,-1.361143213,0.1565023725,0.003375447355,7043.283293,0.4347141275,332.6433543,351.798117,25.79845494,0.0363014366,0.043122711,322.306919478862,131.075161937948,0.295122157143474,826.192527353848,807.334548365193,0.0006691167543644,0.0431247273958782,0.0363014692434201,332.239680072915,113.51081446063978,7.453357986610214,48.45392707899548,72.51024536825452,0.9205738033607016,2.5999999998851218,211.6324102263176,86.54909648497733,ICV_113_CASE_6_with_r_theta_phi.csv,0.14719418671156417,-0.5244676143656034,-0.851430397320681,0.998186744172933,0.060193220194967076,0.003375447355,0.0035710086,-0.0001955612099043321,5.7936382730636815,ICV_113_CASE_6_with_r_theta_phi.csv
15.3382562,0.9568,0.1585672683,0.0,2077.58267,0.4327459265,326.6232152,64.01783124,3.716646067,0.03630115394,0.04311823378,322.306919478862,131.075161937948,0.295122157143474,826.192527353848,807.334548365193,0.0006691167543644,0.0431247273958782,0.0363014692434201,332.239680072915,113.51081446063978,7.453357986610214,48.45392707899548,72.51024536825452,0.9205738033607016,15.36888782818765,3.5694840138603467,89.40884489901094,ICV_113_CASE_6_with_r_theta_phi.csv,0.8700811325504971,0.06225895718918603,0.9980600293818579,0.9999467740073504,0.010317419846683593,0.0,8.877164e-06,-8.877163963916246e-06,0.0,ICV_113_CASE_6_with_r_theta_phi.csv
11.64729529,-2.594972462,0.1616104009,0.003375331871,2538.736235,0.4210366225,328.1675896,44.71738797,4.576896927,0.03630132202,0.04312007912,322.306919478862,131.075161937948,0.295122157143474,826.192527353848,807.334548365193,0.0006691167543644,0.0431247273958782,0.0363014692434201,332.239680072915,113.51081446063978,7.453357986610214,48.45392707899548,72.51024536825452,0.9205738033607016,11.93396361535737,347.4398603335147,89.2240736410734,ICV_113_CASE_6_with_r_theta_phi.csv,0.6756192571867462,-0.21746424916662266,0.9760682867168654,0.9999083021584417,0.013542055775335887,0.003375331871,0.003417981,-4.264921902411359e-05,1.263556315096283,ICV_113_CASE_6_with_r_theta_phi.csv
12.56722819,-2.594863513,0.1633503797,0.003375360044,2089.933684,0.4210331243,327.6858249,220.1452206,7.798338512,0.03630091594,0.04311813375,322.306919478862,131.075161937948,0.295122157143474,826.192527353848,807.334548365193,0.0006691167543644,0.0431247273958782,0.0363014692434201,332.239680072915,113.51081446063978,7.453357986610214,48.45392707899548,72.51024536825452,0.9205738033607016,12.833363720286956,348.3335973431638,89.27068691516757,ICV_113_CASE_6_with_r_theta_phi.csv,0.7265371291018443,-0.2022130596842181,0.9793415535415347,0.9999189884602838,0.012728570876689091,0.003375360044,0.0034272405,-5.188048789158458e-05,1.5370356702668317,ICV_113_CASE_6_with_r_theta_phi.csv
6.656496776,0.9568,0.1660954236,0.0,1665.239937,0.4335120761,325.2613473,237.4446916,4.282960056,0.03630129863,0.04311969399,322.306919478862,131.075161937948,0.295122157143474,826.192527353848,807.334548365193,0.0006691167543644,0.0431247273958782,0.0363014692434201,332.239680072915,113.51081446063978,7.453357986610214,48.45392707899548,72.51024536825452,0.9205738033607016,6.7269609229308935,8.179627651370708,88.58516585738846,ICV_113_CASE_6_with_r_theta_phi.csv,0.380834439282706,0.1422769953469263,0.9898268821339673,0.9996951306714035,0.024691004675501387,0.0,9.625379e-06,-9.625378879718482e-06,0.0,ICV_113_CASE_6_with_r_theta_phi.csv
15.9760649,0.9568,0.1674630752,0.0,2186.468358,0.4336287831,326.3179736,63.46125828,3.098931732,0.0363011562,0.04311822018,322.306919478862,131.075161937948,0.295122157143474,826.192527353848,807.334548365193,0.0006691167543644,0.0431247273958782,0.0363014692434201,332.239680072915,113.51081446063978,7.453357986610214,48.45392707899548,72.51024536825452,0.9205738033607016,16.0055665257612,3.42732706921322,89.40051465930691,ICV_113_CASE_6_with_r_theta_phi.csv,0.9061255183543653,0.05978247463575514,0.998211428368973,0.9999452633879665,0.010462802108908075,0.0,-2.4566765e-07,2.4566764977862476e-07,0.0,ICV_113_CASE_6_with_r_theta_phi.csv
1.206518465,0.9568,0.1679175716,0.0,3943.438913,0.4325795978,332.4886209,230.181819,18.87443559,0.0363014322,0.04312201622,322.306919478862,131.075161937948,0.295122157143474,826.192527353848,807.334548365193,0.0006691167543644,0.0431247273958782,0.0363014692434201,332.239680072915,113.51081446063978,7.453357986610214,48.45392707899548,72.51024536825452,0.9205738033607016,1.5489833302001663,38.4153162917292,83.7766197802348,ICV_113_CASE_6_with_r_theta_phi.csv,0.08769282366486836,0.6213572547977338,0.7835273842758937,0.9941068107902113,0.10840502174952481,0.0,7.351954e-06,-7.35195408196887e-06,0.0,ICV_113_CASE_6_with_r_theta_phi.csv
3.066407624,0.9568,0.1706323093,0.0,1307.69515,0.4332442251,325.4101562,132.4497225,2.364189384,0.03630135868,0.04312026855,322.306919478862,131.075161937948,0.295122157143474,826.192527353848,807.334548365193,0.0006691167543644,0.0431247273958782,0.0363014692434201,332.239680072915,113.51081446063978,7.453357986610214,48.45392707899548,72.51024536825452,0.9205738033607016,3.216743281877243,17.329297948852343,86.9593153850413,ICV_113_CASE_6_with_r_theta_phi.csv,0.18210996586797273,0.29786304798074864,0.9546086133319865,0.9985921202548224,0.05304505033439353,0.0,1.1500056e-05,-1.1500055734359194e-05,0.0,ICV_113_CASE_6_with_r_theta_phi.csv
2.512624824,-2.594113486,0.1748577191,0.003375440137,13442.12852,0.4355600036,340.715852,269.6123012,32.42358108,0.03630145799,0.04312372095,322.306919478862,131.075161937948,0.295122157143474,826.192527353848,807.334548365193,0.0006691167543644,0.0431247273958782,0.0363014692434201,332.239680072915,113.51081446063978,7.453357986610214,48.45392707899548,72.51024536825452,0.9205738033607016,3.615699587404484,314.085803911492,87.22805549139457,ICV_113_CASE_6_with_r_theta_phi.csv,0.20469613853263705,-0.7182987009783777,0.695734846168262,0.9988299374121858,0.04836068784838423,0.003375440137,0.0035482503,-0.00017281016380974118,5.119633492067611,ICV_113_CASE_6_with_r_theta_phi.csv
17.46371668,-1.023382523,0.1748799463,0.003375421744,2213.357817,0.42673855,327.1039404,9.845535315,0.9863713053,0.03630114235,0.04311796868,322.306919478862,131.075161937948,0.295122157143474,826.192527353848,807.334548365193,0.0006691167543644,0.0431247273958782,0.0363014692434201,332.239680072915,113.51081446063978,7.453357986610214,48.45392707899548,72.51024536825452,0.9205738033607016,17.494550439017,356.6462741031874,89.42724737284288,ICV_113_CASE_6_with_r_theta_phi.csv,0.9904215861035859,-0.05850014043993,0.9982874002853629,0.9999500362182241,0.009996252656483004,0.003375421744,0.0035964788,-0.00022105709633620354,6.549021516012172,ICV_113_CASE_6_with_r_theta_phi.csv
5.08370128,-2.593890471,0.1781354097,0.003375432221,8611.967145,0.4349062911,334.9125283,439.3252337,32.08641264,0.03630144297,0.04312290673,322.306919478862,131.075161937948,0.295122157143474,826.192527353848,807.334548365193,0.0006691167543644,0.0431247273958782,0.0363014692434201,332.239680072915,113.51081446063978,7.453357986610214,48.45392707899548,72.51024536825452,0.9205738033607016,5.70999288125714,332.96766128922627,88.21224585062163,ICV_113_CASE_6_with_r_theta_phi.csv,0.3232606762779236,-0.45449332661027875,0.8907501423332598,0.9995132509711183,0.03119713341232416,0.003375432221,0.0035482503,-0.0001728180798097412,5.119880016649946,ICV_113_CASE_6_with_r_theta_phi.csv
14.08827242,0.9568,0.179283859,0.0,1807.627293,0.4321589744,326.8237519,88.92881057,5.635055904,0.03630114408,0.04311817164,322.306919478862,131.075161937948,0.295122157143474,826.192527353848,807.334548365193,0.0006691167543644,0.0431247273958782,0.0363014692434201,332.239680072915,113.51081446063978,7.453357986610214,48.45392707899548,72.51024536825452,0.9205738033607016,14.121863500339838,3.885256322951648,89.27258294113085,ICV_113_CASE_6_with_r_theta_phi.csv,0.7994831587984956,0.06775855860245804,0.9977017478866704,0.999919409125332,0.012695481654788694,0.0,8.877164e-06,-8.877163963916246e-06,0.0,ICV_113_CASE_6_with_r_theta_phi.csv
3.338888185,-2.59358915,0.1824700553,0.003375435481,11655.78499,0.43537228,339.1092692,303.2581836,32.25309596,0.0363014564,0.04312355652,322.306919478862,131.075161937948,0.295122157143474,826.192527353848,807.334548365193,0.0006691167543644,0.0431247273958782,0.0363014692434201,332.239680072915,113.51081446063978,7.453357986610214,48.45392707899548,72.51024536825452,0.9205738033607016,4.231805089085685,322.16057273698016,87.52871264731618,ICV_113_CASE_6_with_r_theta_phi.csv,0.23957581093744149,-0.613450642252742,0.7897330621923451,0.9990699551284389,0.043118728641498676,0.003375435481,0.0035482503,-0.00017281481980974123,5.119778491732441,ICV_113_CASE_6_with_r_theta_phi.csv
13.33530672,-2.592741933,0.1941372396,0.003375387983,1807.34126,0.4205085652,327.3109076,84.13996367,2.956492287,0.03630095956,0.04311727482,322.306919478862,131.075161937948,0.295122157143474,826.192527353848,807.334548365193,0.0006691167543644,0.0431247273958782,0.0363014692434201,332.239680072915,113.51081446063978,7.453357986610214,48.45392707899548,72.51024536825452,0.9205738033607016,13.586405165289795,348.9974294628925,89.18126812097569,ICV_113_CASE_6_with_r_theta_phi.csv,0.7691691764334565,-0.19085303523635272,0.9816186219408592,0.9998979058750108,0.014289080683091746,0.003375387983,0.0036916637,-0.0003162757497522039,9.370056160992837,ICV_113_CASE_6_with_r_theta_phi.csv
10.92745984,-2.592559406,0.1965597317,0.003375405679,2662.694125,0.4220622196,327.389689,75.93033737,5.638892553,0.03630132689,0.04312020134,322.306919478862,131.075161937948,0.295122157143474,826.192527353848,807.334548365193,0.0006691167543644,0.0431247273958782,0.0363014692434201,332.239680072915,113.51081446063978,7.453357986610214,48.45392707899548,72.51024536825452,0.9205738033607016,11.23251434704527,346.6532443542844,88.9973199624668,ICV_113_CASE_6_with_r_theta_phi.csv,0.6359080054278295,-0.2308438133524701,0.9729908189890025,0.999846877717914,0.01749917477307327,0.003375405679,0.0034896191,-0.00011421344195546718,3.3836952586827187,ICV_113_CASE_6_with_r_theta_phi.csv
8.807976341,-2.592538962,0.1968291914,0.003375427099,3926.873214,0.4337046971,328.3316006,259.0615567,14.57337465,0.03630137319,0.04312108133,322.306919478862,131.075161937948,0.295122157143474,826.192527353848,807.334548365193,0.0006691167543644,0.0431247273958782,0.0363014692434201,332.239680072915,113.51081446063978,7.453357986610214,48.45392707899548,72.51024536825452,0.9205738033607016,9.183705527927764,343.5987395632524,88.77191777540838,ICV_113_CASE_6_with_r_theta_phi.csv,0.519918487015981,-0.28236256050324643,0.9593077631428042,0.9997702989379234,0.02143243713569022,0.003375427099,0.0038715124,-0.0004960852674587737,14.696962866085117,ICV_113_CASE_6_with_r_theta_phi.csv
1.607022412,-2.59228692,0.20012127,0.003375444794,14734.91981,0.4357907023,338.1099071,251.3712609,29.2960005,0.03630145792,0.04312380637,322.306919478862,131.075161937948,0.295122157143474,826.192527353848,807.334548365193,0.0006691167543644,0.0431247273958782,0.0363014692434201,332.239680072915,113.51081446063978,7.453357986610214,48.45392707899548,72.51024536825452,0.9205738033607016,3.0565537834266547,301.7957918412061,86.24599704012712,ICV_113_CASE_6_with_r_theta_phi.csv,0.17304113396596907,-0.8499313936091796,0.526893372664297,0.9978543514248059,0.06547284431411071,0.003375444794,0.0035482503,-0.00017280550680974114,5.119488461660389,ICV_113_CASE_6_with_r_theta_phi.csv
-2.408701677,0.9568,0.2066155605,0.003375440603,3897.5352,0.4316037685,326.9785473,94.80219209,3.357496531,0.03630142921,0.04312203924,322.306919478862,131.075161937948,0.295122157143474,826.192527353848,807.334548365193,0.0006691167543644,0.0431247273958782,0.0363014692434201,332.239680072915,113.51081446063978,7.453357986610214,48.45392707899548,72.51024536825452,0.9205738033607016,2.599999999735258,158.33571544661413,85.44204037736847,ICV_113_CASE_6_with_r_theta_phi.csv,0.1471941867030799,0.3691675087012398,-0.9293628734349786,0.9968374555283164,0.07946752327732279,0.003375440603,0.0032876038,8.783675718016925e-05,2.6022308636117017,ICV_113_CASE_6_with_r_theta_phi.csv
11.78281818,0.9568,0.2069255386,0.0,1868.617997,0.4304549522,325.9850273,168.1190904,4.519698315,0.03630114354,0.04311820029,322.306919478862,131.075161937948,0.295122157143474,826.192527353848,807.334548365193,0.0006691167543644,0.0431247273958782,0.0363014692434201,332.239680072915,113.51081446063978,7.453357986610214,48.45392707899548,72.51024536825452,0.9205738033607016,11.823412734124751,4.64240228277049,88.99719601896794,ICV_113_CASE_6_with_r_theta_phi.csv,0.6693606237044382,0.08093657792281612,0.9967192535283664,0.9998468398609723,0.017501337663936453,0.0,9.625379e-06,-9.625378879718482e-06,0.0,ICV_113_CASE_6_with_r_theta_phi.csv
-2.320770556,0.9568,0.2077390145,0.00170514104,3854.392565,0.4324346599,326.3242484,128.4331538,3.419751489,0.03630142922,0.04312202059,322.306919478862,131.075161937948,0.295122157143474,826.192527353848,807.334548365193,0.0006691167543644,0.0431247273958782,0.0363014692434201,332.239680072915,113.51081446063978,7.453357986610214,48.45392707899548,72.51024536825452,0.9205738033607016,2.518848489239077,157.59477920397683,85.26922572178125,ICV_113_CASE_6_with_r_theta_phi.csv,0.1425999441690691,0.38115461947688134,-0.9245113066109217,0.9965932328647231,0.08247380316342721,0.00170514104,0.0014144346,0.0002907064049196028,17.048818715260914,ICV_113_CASE_6_with_r_theta_phi.csv
-2.217248989,0.9568,0.2090778619,0.0,3816.191984,0.4337557716,325.4748668,201.0798743,5.039818274,0.03630142889,0.0431219853,322.306919478862,131.075161937948,0.295122157143474,826.192527353848,807.334548365193,0.0006691167543644,0.0431247273958782,0.0363014692434201,332.239680072915,113.51081446063978,7.453357986610214,48.45392707899548,72.51024536825452,0.9205738033607016,2.4239168450172124,156.65855921129446,85.05173470492656,ICV_113_CASE_6_with_r_theta_phi.csv,0.13722556487482052,0.3962096912963363,-0.9181600516918942,0.9962729884692998,0.08625620236510839,0.0,0.0002097528,-0.00020975280494894832,0.0,ICV_113_CASE_6_with_r_theta_phi.csv
-2.095979063,0.9568,0.2104258749,0.0,3771.892243,0.4339370339,325.5595402,259.102118,6.528719722,0.03630142885,0.04312196836,322.306919478862,131.075161937948,0.295122157143474,826.192527353848,807.334548365193,0.0006691167543644,0.0431247273958782,0.0363014692434201,332.239680072915,113.51081446063978,7.453357986610214,48.45392707899548,72.51024536825452,0.9205738033607016,2.313627783668278,155.46362898453526,84.78170225057914,ICV_113_CASE_6_with_r_theta_phi.csv,0.13098175384052996,0.41527079699399594,-0.9096978427829602,0.9958554037763719,0.09095061720185958,0.0,7.438445e-05,-7.438445027219132e-05,0.0,ICV_113_CASE_6_with_r_theta_phi.csv
-1.954172519,0.9568,0.2140925211,0.0,3762.733039,0.4340456685,325.7569681,285.2823643,7.713381638,0.03630142902,0.04312196193,322.306919478862,131.075161937948,0.295122157143474,826.192527353848,807.334548365193,0.0006691167543644,0.0431247273958782,0.0363014692434201,332.239680072915,113.51081446063978,7.453357986610214,48.45392707899548,72.51024536825452,0.9205738033607016,2.186342169379203,153.91275168333277,84.3804373794685,ICV_113_CASE_6_with_r_theta_phi.csv,0.12377571442661069,0.4397392949690269,-0.8981254658788733,0.9951940240345567,0.09792269668420191,0.0,7.438445e-05,-7.438445027219132e-05,0.0,ICV_113_CASE_6_with_r_theta_phi.csv
14.69168205,-2.591110078,0.2148221727,0.003375403816,1529.932188,0.4213267238,326.4898049,39.84110944,1.339360595,0.03630080359,0.04311573114,322.306919478862,131.075161937948,0.295122157143474,826.192527353848,807.334548365193,0.0006691167543644,0.0431247273958782,0.0363014692434201,332.239680072915,113.51081446063978,7.453357986610214,48.45392707899548,72.51024536825452,0.9205738033607016,14.91997055829833,349.99784358118995,89.17500982250772,ICV_113_CASE_6_with_r_theta_phi.csv,0.8446665123793224,-0.17368524236757288,0.9848012167862698,0.9998963391437807,0.014398297359945259,0.003375403816,0.0036955473,-0.00032014353188835037,9.484599450767,ICV_113_CASE_6_with_r_theta_phi.csv
14.19421882,-2.591076483,0.215226989,0.003375407076,1584.014452,0.4204079825,327.2068116,33.6349594,1.373624054,0.03630082528,0.04311586455,322.306919478862,131.075161937948,0.295122157143474,826.192527353848,807.334548365193,0.0006691167543644,0.0431247273958782,0.0363014692434201,332.239680072915,113.51081446063978,7.453357986610214,48.45392707899548,72.51024536825452,0.9205738033607016,14.430379340391292,349.6548757679411,89.1454101751774,ICV_113_CASE_6_with_r_theta_phi.csv,0.8169492119392707,-0.1795770344030885,0.9837439141946404,0.9998887673911631,0.014914853166580479,0.003375407076,0.0037295008,-0.00035409373182175054,10.490400824082604,ICV_113_CASE_6_with_r_theta_phi.csv
-1.789004528,0.9568,0.2179898843,0.0,3619.528878,0.4333409013,326.3308706,302.3474644,8.105170466,0.03630142918,0.0431219386,322.306919478862,131.075161937948,0.295122157143474,826.192527353848,807.334548365193,0.0006691167543644,0.0431247273958782,0.0363014692434201,332.239680072915,113.51081446063978,7.453357986610214,48.45392707899548,72.51024536825452,0.9205738033607016,2.0404712766568487,151.86112309609234,83.86721005492711,ICV_113_CASE_6_with_r_theta_phi.csv,0.11551750388041629,0.47161032226723837,-0.8818070672947635,0.9942769671730174,0.10683310605438076,0.0,7.438445e-05,-7.438445027219132e-05,0.0,ICV_113_CASE_6_with_r_theta_phi.csv
15.10351834,0.9568,0.2193873573,0.0,2055.980463,0.4324864859,326.6412201,70.92393068,4.019822336,0.03630115659,0.04311826115,322.306919478862,131.075161937948,0.295122157143474,826.192527353848,807.334548365193,0.0006691167543644,0.0431247273958782,0.0363014692434201,332.239680072915,113.51081446063978,7.453357986610214,48.45392707899548,72.51024536825452,0.9205738033607016,15.135384478078496,3.624813909864145,89.16946874521432,ICV_113_CASE_6_with_r_theta_phi.csv,0.856861772660012,0.06322274346147394,0.9979994412369201,0.9998949420078964,0.01449499731029372,0.0,8.877164e-06,-8.877163963916246e-06,0.0,ICV_113_CASE_6_with_r_theta_phi.csv
7.735365151,0.9568,0.2201913584,0.0,1865.035506,0.4330473952,325.8514838,219.9682295,4.894362793,0.03630129817,0.04311973838,322.306919478862,131.075161937948,0.295122157143474,826.192527353848,807.334548365193,0.0006691167543644,0.0431247273958782,0.0363014692434201,332.239680072915,113.51081446063978,7.453357986610214,48.45392707899548,72.51024536825452,0.9205738033607016,7.797424221729845,7.051194269749374,88.38181013104378,ICV_113_CASE_6_with_r_theta_phi.csv,0.4414367372358797,0.12275614312741935,0.9924368641502997,0.9996012002962574,0.028238986636942683,0.0,9.625379e-06,-9.625378879718482e-06,0.0,ICV_113_CASE_6_with_r_theta_phi.csv
5.490254558,0.9568,0.2223664751,0.0,1558.05382,0.433350878,325.3265546,233.4855169,4.214966727,0.03630131467,0.04311984136,322.306919478862,131.075161937948,0.295122157143474,826.192527353848,807.334548365193,0.0006691167543644,0.0431247273958782,0.0363014692434201,332.239680072915,113.51081446063978,7.453357986610214,48.45392707899548,72.51024536825452,0.9205738033607016,5.577437422408984,9.885792512762976,87.71507284428066,ICV_113_CASE_6_with_r_theta_phi.csv,0.31575629437015645,0.17168481996755178,0.9851519286854741,0.9992049180402636,0.039868932317658784,0.0,9.625379e-06,-9.625378879718482e-06,0.0,ICV_113_CASE_6_with_r_theta_phi.csv
-0.3543270271,0.9568,0.2280702093,0.0,3494.403018,0.432682219,328.3281154,234.0716524,11.77746436,0.0363014271,0.04312186639,322.306919478862,131.075161937948,0.295122157143474,826.192527353848,807.334548365193,0.0006691167543644,0.0431247273958782,0.0363014692434201,332.239680072915,113.51081446063978,7.453357986610214,48.45392707899548,72.51024536825452,0.9205738033607016,1.0454807040322027,110.3208543729603,77.3996821751225,ICV_113_CASE_6_with_r_theta_phi.csv,0.05918795459978962,0.9377625957278449,-0.34727699902782855,0.9759155518634184,0.21814865489184096,0.0,7.351954e-06,-7.35195408196887e-06,0.0,ICV_113_CASE_6_with_r_theta_phi.csv
13.73590661,-2.589782899,0.2302705757,0.003375397762,1680.921369,0.419450471,327.9393068,30.67817595,1.346986651,0.03630088821,0.04311635301,322.306919478862,131.075161937948,0.295122157143474,826.192527353848,807.334548365193,0.0006691167543644,0.0431247273958782,0.0363014692434201,332.239680072915,113.51081446063978,7.453357986610214,48.45392707899548,72.51024536825452,0.9205738033607016,13.97981152951025,349.3227310146902,89.05620123849224,ICV_113_CASE_6_with_r_theta_phi.csv,0.7914411494454341,-0.18527676777905447,0.982686378923279,0.9998643331549338,0.016471650938491757,0.003375397762,0.003519443,-0.00014404533459302232,4.267506963831045,ICV_113_CASE_6_with_r_theta_phi.csv
0.600029802,0.9568,0.2333446366,0.0,4149.2079,0.4335397863,332.8021625,235.4047626,20.80467572,0.03630142994,0.04312196993,322.306919478862,131.075161937948,0.295122157143474,826.192527353848,807.334548365193,0.0006691167543644,0.0431247273958782,0.0363014692434201,332.239680072915,113.51081446063978,7.453357986610214,48.45392707899548,72.51024536825452,0.9205738033607016,1.1532353284209365,57.907293341480056,78.32622139757427,ICV_113_CASE_6_with_r_theta_phi.csv,0.06528828317748599,0.8471895577437529,0.5312907426729213,0.9793155136220897,0.20233913308873963,0.0,7.351954e-06,-7.35195408196887e-06,0.0,ICV_113_CASE_6_with_r_theta_phi.csv
4.179996798,-2.589484891,0.233597942,0.003375432454,10023.85502,0.4351242687,336.9361985,366.1973682,32.28074958,0.03630145197,0.04312328643,322.306919478862,131.075161937948,0.295122157143474,826.192527353848,807.334548365193,0.0006691167543644,0.0431247273958782,0.0363014692434201,332.239680072915,113.51081446063978,7.453357986610214,48.45392707899548,72.51024536825452,0.9205738033607016,4.9226388482717445,328.22201424164075,87.28007580640843,ICV_113_CASE_6_with_r_theta_phi.csv,0.27868608529927896,-0.5266292099890747,0.8500950977310027,0.998873433638824,0.047453804595479085,0.003375432454,0.0035482503,-0.00017281784680974084,5.11987276041466,ICV_113_CASE_6_with_r_theta_phi.csv
11.81081151,-2.588786942,0.2412097979,0.003375319997,2495.548109,0.421054308,328.1450398,43.98612036,4.518755924,0.03630131457,0.04312001064,322.306919478862,131.075161937948,0.295122157143474,826.192527353848,807.334548365193,0.0006691167543644,0.0431247273958782,0.0363014692434201,332.239680072915,113.51081446063978,7.453357986610214,48.45392707899548,72.51024536825452,0.9205738033607016,12.093604447079503,347.6369709902927,88.8571463589521,ICV_113_CASE_6_with_r_theta_phi.csv,0.6846570273376443,-0.21410506957223283,0.9768106362972658,0.9998010739895403,0.019945236257355198,0.003375319997,0.003417981,-4.266109302411385e-05,1.2639125490143779,ICV_113_CASE_6_with_r_theta_phi.csv
0.130157945,0.9568,0.2424342779,0.0,3610.524626,0.433014913,330.1426112,222.4805207,15.42650208,0.03630142634,0.04312188037,322.306919478862,131.075161937948,0.295122157143474,826.192527353848,807.334548365193,0.0006691167543644,0.0431247273958782,0.0363014692434201,332.239680072915,113.51081446063978,7.453357986610214,48.45392707899548,72.51024536825452,0.9205738033607016,0.9955810914975824,82.25334069449445,75.90618418885617,ICV_113_CASE_6_with_r_theta_phi.csv,0.05636298041341265,0.9908737583368864,0.13479315650037133,0.9698983040893052,0.2435103277577556,0.0,7.351954e-06,-7.35195408196887e-06,0.0,ICV_113_CASE_6_with_r_theta_phi.csv
16.07299205,-2.390423643,0.2446254206,0.003375406843,1678.081039,0.421085585,326.5289265,16.6085036,0.6844190062,0.03630091658,0.04311650038,322.306919478862,131.075161937948,0.295122157143474,826.192527353848,807.334548365193,0.0006691167543644,0.0431247273958782,0.0363014692434201,332.239680072915,113.51081446063978,7.453357986610214,48.45392707899548,72.51024536825452,0.9205738033607016,16.251616542017604,351.54080428379126,89.13752989084475,ICV_113_CASE_6_with_r_theta_phi.csv,0.9200551845216071,-0.1471050271674459,0.9891208778415634,0.9998867065912392,0.015052374634088407,0.003375406843,0.0034769685,-0.0001015616577631777,3.0088715955444005,ICV_113_CASE_6_with_r_theta_phi.csv
14.26715806,0.9568,0.245552449,0.0,1966.400559,0.4321997731,327.0544789,76.76875894,5.127649789,0.03630115277,0.04311824862,322.306919478862,131.075161937948,0.295122157143474,826.192527353848,807.334548365193,0.0006691167543644,0.0431247273958782,0.0363014692434201,332.239680072915,113.51081446063978,7.453357986610214,48.45392707899548,72.51024536825452,0.9205738033607016,14.30131327376031,3.8366882996643312,89.01618752931398,ICV_113_CASE_6_with_r_theta_phi.csv,0.8096423755120987,0.06691281060609106,0.9977588264589762,0.9998525860050945,0.017169923090247355,0.0,8.877164e-06,-8.877163963916246e-06,0.0,ICV_113_CASE_6_with_r_theta_phi.csv
10.54501559,-2.587397979,0.2556788923,0.003375415457,2821.422288,0.4294592578,327.233489,102.4881454,7.020378713,0.03630133243,0.04312031218,322.306919478862,131.075161937948,0.295122157143474,826.192527353848,807.334548365193,0.0006691167543644,0.0431247273958782,0.0363014692434201,332.239680072915,113.51081446063978,7.453357986610214,48.45392707899548,72.51024536825452,0.9205738033607016,10.860817362935633,346.213868567255,88.65105227435828,ICV_113_CASE_6_with_r_theta_phi.csv,0.6148650687810693,-0.23829838544192417,0.9711919889989683,0.9997228627398452,0.023541404275201707,0.003375415457,0.0034896191,-0.00011420366395546722,3.3833957738386116,ICV_113_CASE_6_with_r_theta_phi.csv
13.89287147,0.9568,0.262924595,0.0,1895.950995,0.4320503179,326.4110259,82.00845039,4.933699613,0.03630114578,0.04311818811,322.306919478862,131.075161937948,0.295122157143474,826.192527353848,807.334548365193,0.0006691167543644,0.0431247273958782,0.0363014692434201,332.239680072915,113.51081446063978,7.453357986610214,48.45392707899548,72.51024536825452,0.9205738033607016,13.928261674185904,3.939730917048905,88.91836003611053,ICV_113_CASE_6_with_r_theta_phi.csv,0.7885227498185491,0.06870710377164119,0.9976368747652188,0.9998218124767052,0.018877057392401732,0.0,8.877164e-06,-8.877163963916246e-06,0.0,ICV_113_CASE_6_with_r_theta_phi.csv
12.39769568,-2.586328536,0.2662793681,0.003375318833,2264.448989,0.4208709752,328.0525289,112.1563405,6.064354701,0.03630114951,0.04311909771,322.306919478862,131.075161937948,0.295122157143474,826.192527353848,807.334548365193,0.0006691167543644,0.0431247273958782,0.0363014692434201,332.239680072915,113.51081446063978,7.453357986610214,48.45392707899548,72.51024536825452,0.9205738033607016,12.66739350347554,348.21631911163337,88.79550534394991,ICV_113_CASE_6_with_r_theta_phi.csv,0.7171410325314682,-0.20421724035925617,0.9789255940775324,0.9997790375380697,0.021020849161032838,0.003375318833,0.0034272405,-5.1921698891584274e-05,1.5382753880484012,ICV_113_CASE_6_with_r_theta_phi.csv
11.42647162,-2.585194012,0.2770774589,0.003375386354,2514.139513,0.4215261364,327.6248985,52.27724028,4.603344168,0.03630131907,0.04312005813,322.306919478862,131.075161937948,0.295122157143474,826.192527353848,807.334548365193,0.0006691167543644,0.0431247273958782,0.0363014692434201,332.239680072915,113.51081446063978,7.453357986610214,48.45392707899548,72.51024536825452,0.9205738033607016,11.71854315521245,347.2516816710548,88.64515167474718,ICV_113_CASE_6_with_r_theta_phi.csv,0.6634236266354141,-0.22066880794967728,0.9753487977119101,0.9997204330294207,0.02364436050028585,0.003375386354,0.0034927565,-0.00011737015987870305,3.477236308218205,ICV_113_CASE_6_with_r_theta_phi.csv
14.48774152,0.9568,0.2774785021,0.0,2003.07177,0.4318939416,327.3592965,74.25250621,4.674473919,0.03630115907,0.04311829196,322.306919478862,131.075161937948,0.295122157143474,826.192527353848,807.334548365193,0.0006691167543644,0.0431247273958782,0.0363014692434201,332.239680072915,113.51081446063978,7.453357986610214,48.45392707899548,72.51024536825452,0.9205738033607016,14.52195286142534,3.778443226401066,88.90515312961452,ICV_113_CASE_6_with_r_theta_phi.csv,0.8221334773060078,0.06589848621104014,0.997826332342003,0.9998174346781484,0.019107519818293055,0.0,8.877164e-06,-8.877163963916246e-06,0.0,ICV_113_CASE_6_with_r_theta_phi.csv
9.501504215,-2.584565335,0.282881656,0.003375424072,3416.602401,0.4334794496,327.7197127,190.6391477,11.32262862,0.03630135679,0.04312075986,322.306919478862,131.075161937948,0.295122157143474,826.192527353848,807.334548365193,0.0006691167543644,0.0431247273958782,0.0363014692434201,332.239680072915,113.51081446063978,7.453357986610214,48.45392707899548,72.51024536825452,0.9205738033607016,9.850816329109367,344.7827963280325,88.35443552118795,ICV_113_CASE_6_with_r_theta_phi.csv,0.5576857300278136,-0.26247892336421597,0.9649377258608776,0.9995875942664321,0.028716569931780647,0.003375424072,0.0038715124,-0.0004960882944587738,14.697065723592525,ICV_113_CASE_6_with_r_theta_phi.csv
12.79952932,-2.583917945,0.2887352619,0.003375368193,2091.037262,0.4214195285,327.3653979,161.4831928,6.607298262,0.03630106205,0.04311839063,322.306919478862,131.075161937948,0.295122157143474,826.192527353848,807.334548365193,0.0006691167543644,0.0431247273958782,0.0363014692434201,332.239680072915,113.51081446063978,7.453357986610214,48.45392707899548,72.51024536825452,0.9205738033607016,13.060932233630842,348.58675143414,88.73327114906465,ICV_113_CASE_6_with_r_theta_phi.csv,0.7394204991958032,-0.1978840042704734,0.9802254438923136,0.9997556150969065,0.02210678814767403,0.003375368193,0.0037101028,-0.00033473456257637193,9.91697922530024,ICV_113_CASE_6_with_r_theta_phi.csv
16.38560162,0.9568,0.2887486288,0.0,2221.701048,0.4341666041,326.0953207,68.36827761,2.742647289,0.03630116237,0.04311825841,322.306919478862,131.075161937948,0.295122157143474,826.192527353848,807.334548365193,0.0006691167543644,0.0431247273958782,0.0363014692434201,332.239680072915,113.51081446063978,7.453357986610214,48.45392707899548,72.51024536825452,0.9205738033607016,16.416052584588673,3.341862130054324,88.992149245885,ICV_113_CASE_6_with_r_theta_phi.csv,0.9293644266575248,0.058293432009666905,0.9982994920285867,0.9998452944153321,0.017589406912053164,0.0,1.173276e-05,-1.1732759958249517e-05,0.0,ICV_113_CASE_6_with_r_theta_phi.csv
10.07954796,-2.583643408,0.2911816248,0.003375420347,3057.553722,0.4332289751,327.342673,139.8622919,8.877837822,0.03630134259,0.04312049855,322.306919478862,131.075161937948,0.295122157143474,826.192527353848,807.334548365193,0.0006691167543644,0.0431247273958782,0.0363014692434201,332.239680072915,113.51081446063978,7.453357986610214,48.45392707899548,72.51024536825452,0.9205738033607016,10.409480634319042,345.62317150851544,88.3970713567569,ICV_113_CASE_6_with_r_theta_phi.csv,0.589313475433103,-0.24829815329228117,0.9686836568620547,0.999608686534833,0.02797273322551787,0.003375420347,0.0037805068,-0.0004050864370963602,12.001066395667774,ICV_113_CASE_6_with_r_theta_phi.csv
17.6429268,0.3198091901,0.2985436585,0.003375409404,2489.868757,0.4352664759,326.5231138,17.07787259,1.528637658,0.03630121888,0.04311866146,322.306919478862,131.075161937948,0.295122157143474,826.192527353848,807.334548365193,0.0006691167543644,0.0431247273958782,0.0363014692434201,332.239680072915,113.51081446063978,7.453357986610214,48.45392707899548,72.51024536825452,0.9205738033607016,17.648350413119672,1.0384734070613604,89.03072484721139,ICV_113_CASE_6_with_r_theta_phi.csv,0.9991286869133177,0.018123787809085263,0.9998357506688043,0.9998569102444691,0.0169162358810633,0.003375409404,0.0038147788,-0.00043936935235027895,13.016772178789346,ICV_113_CASE_6_with_r_theta_phi.csv
0.8551242186,0.9568,0.3036261499,0.0,4439.419001,0.4327283026,333.272044,252.4102324,20.97512885,0.03630143199,0.04312205648,322.306919478862,131.075161937948,0.295122157143474,826.192527353848,807.334548365193,0.0006691167543644,0.0431247273958782,0.0363014692434201,332.239680072915,113.51081446063978,7.453357986610214,48.45392707899548,72.51024536825452,0.9205738033607016,1.3186707353010296,48.21177339421416,76.68811045287066,ICV_113_CASE_6_with_r_theta_phi.csv,0.07465410247367366,0.7456129460302872,0.666379272420771,0.9731311138021773,0.23025167827864748,0.0,7.351954e-06,-7.35195408196887e-06,0.0,ICV_113_CASE_6_with_r_theta_phi.csv
1.099809425,0.9568,0.3091467405,0.0,4006.459523,0.43284941,331.6304036,232.9835724,17.92281069,0.03630143224,0.04312202783,322.306919478862,131.075161937948,0.295122157143474,826.192527353848,807.334548365193,0.0006691167543644,0.0431247273958782,0.0363014692434201,332.239680072915,113.51081446063978,7.453357986610214,48.45392707899548,72.51024536825452,0.9205738033607016,1.490174056437907,41.0222549086036,78.02664430547298,ICV_113_CASE_6_with_r_theta_phi.csv,0.08436344550220837,0.6563521248672095,0.7544546959110925,0.9782441803181514,0.2074567995358748,0.0,7.351954e-06,-7.35195408196887e-06,0.0,ICV_113_CASE_6_with_r_theta_phi.csv
-0.1203272381,0.9568,0.3094595933,0.0,4005.954699,0.4333642281,329.1456149,242.6815592,14.72987232,0.03630142868,0.04312192904,322.306919478862,131.075161937948,0.295122157143474,826.192527353848,807.334548365193,0.0006691167543644,0.0431247273958782,0.0363014692434201,332.239680072915,113.51081446063978,7.453357986610214,48.45392707899548,72.51024536825452,0.9205738033607016,1.012773481146784,97.1678913357946,72.2083482526449,ICV_113_CASE_6_with_r_theta_phi.csv,0.0573362957257797,0.9921847825071718,-0.12477723094056936,0.9521739238153915,0.30555657218590665,0.0,7.351954e-06,-7.35195408196887e-06,0.0,ICV_113_CASE_6_with_r_theta_phi.csv
8.716449086,0.9568,0.318829963,0.0,1900.41418,0.4328715493,325.8002465,236.6841421,4.928111754,0.03630127123,0.04311947429,322.306919478862,131.075161937948,0.295122157143474,826.192527353848,807.334548365193,0.0006691167543644,0.0431247273958782,0.0363014692434201,332.239680072915,113.51081446063978,7.453357986610214,48.45392707899548,72.51024536825452,0.9205738033607016,8.774599902795387,6.264247700695989,87.91766763622866,ICV_113_CASE_6_with_r_theta_phi.csv,0.4967577294109245,0.10911406276528983,0.9940292356399043,0.999339645664187,0.03633555564150854,0.0,9.625379e-06,-9.625378879718482e-06,0.0,ICV_113_CASE_6_with_r_theta_phi.csv
1.703030594,0.9568,0.3215688192,0.0,1864.116966,0.4320980676,327.6162996,171.0477423,7.198184309,0.03630142245,0.04312131483,322.306919478862,131.075161937948,0.295122157143474,826.192527353848,807.334548365193,0.0006691167543644,0.0431247273958782,0.0363014692434201,332.239680072915,113.51081446063978,7.453357986610214,48.45392707899548,72.51024536825452,0.9205738033607016,1.979693397872932,29.32823406641478,80.65181786056849,ICV_113_CASE_6_with_r_theta_phi.csv,0.1120766767888594,0.48981212835946025,0.8718280099377259,0.9867194688547399,0.16243364732412996,0.0,7.351954e-06,-7.35195408196887e-06,0.0,ICV_113_CASE_6_with_r_theta_phi.csv
13.68925336,0.9568,0.3247185778,0.0,1923.023738,0.4315497025,326.3232815,92.5618145,4.830091102,0.03630114113,0.04311815835,322.306919478862,131.075161937948,0.295122157143474,826.192527353848,807.334548365193,0.0006691167543644,0.0431247273958782,0.0363014692434201,332.239680072915,113.51081446063978,7.453357986610214,48.45392707899548,72.51024536825452,0.9205738033607016,13.726491392524157,3.9981430095170936,88.64446498095845,ICV_113_CASE_6_with_r_theta_phi.csv,0.7770998988519812,0.06972414205997633,0.9975663105849156,0.9997201495783617,0.023656342215524984,0.0,8.877164e-06,-8.877163963916246e-06,0.0,ICV_113_CASE_6_with_r_theta_phi.csv
12.02630847,-2.579559861,0.3253781227,0.003375302302,2436.399689,0.4209727112,328.1762387,46.87323746,4.587406201,0.03630130459,0.04311986708,322.306919478862,131.075161937948,0.295122157143474,826.192527353848,807.334548365193,0.0006691167543644,0.0431247273958782,0.0363014692434201,332.239680072915,113.51081446063978,7.453357986610214,48.45392707899548,72.51024536825452,0.9205738033607016,12.304149520174398,347.89388421977054,88.48466026054678,ICV_113_CASE_6_with_r_theta_phi.csv,0.6965766468767595,-0.20972293078236146,0.9777608563979522,0.9996502808213819,0.026444584582338834,0.003375302302,0.0034304191,-5.51168338387472e-05,1.6329451080502877,ICV_113_CASE_6_with_r_theta_phi.csv
-2.2797946200000003e-15,-2.579420689,0.3264795654,0.003375451779,14266.43901,0.435796433,339.1233947,288.3391918,32.27828158,0.03630145438,0.04312372375,322.306919478862,131.075161937948,0.295122157143474,826.192527353848,807.334548365193,0.0006691167543644,0.0431247273958782,0.0363014692434201,332.239680072915,113.51081446063978,7.453357986610214,48.45392707899548,72.51024536825452,0.9205738033607016,2.599999999512501,269.99999999999994,82.78638033389586,ICV_113_CASE_6_with_r_theta_phi.csv,0.14719418669046894,-1.0,-1.0718754395722282e-15,0.9920848805706307,0.12556906363892886,0.003375451779,0.003551175,-0.00017572310752467712,5.205913725856191,ICV_113_CASE_6_with_r_theta_phi.csv
13.45524424,0.9568,0.3510660241,0.0,1930.434458,0.431032267,326.3791481,110.8494445,4.867772003,0.03630114436,0.043118188,322.306919478862,131.075161937948,0.295122157143474,826.192527353848,807.334548365193,0.0006691167543644,0.0431247273958782,0.0363014692434201,332.239680072915,113.51081446063978,7.453357986610214,48.45392707899548,72.51024536825452,0.9205738033607016,13.49378787262237,4.06744598065734,88.50917536436987,ICV_113_CASE_6_with_r_theta_phi.csv,0.7639258198679907,0.07093071208309756,0.9974812449782626,0.9996615041423074,0.02601686253066774,0.0,8.877164e-06,-8.877163963916246e-06,0.0,ICV_113_CASE_6_with_r_theta_phi.csv
13.21986145,0.9568,0.3555262493,0.0,1934.404763,0.431030276,326.3231043,113.1233872,4.642678533,0.03630115095,0.04311824359,322.306919478862,131.075161937948,0.295122157143474,826.192527353848,807.334548365193,0.0006691167543644,0.0431247273958782,0.0363014692434201,332.239680072915,113.51081446063978,7.453357986610214,48.45392707899548,72.51024536825452,0.9205738033607016,13.259208193219436,4.139618249968351,88.4635134322437,ICV_113_CASE_6_with_r_theta_phi.csv,0.7506455255871062,0.07218712647201543,0.9973911062224855,0.9996404525203881,0.02681353547806906,0.0,8.877164e-06,-8.877163963916246e-06,0.0,ICV_113_CASE_6_with_r_theta_phi.csv
-1.242607626,0.9568,0.3615572572,0.0,3626.828925,0.4331618684,326.8200804,272.5339533,9.108378484,0.03630142947,0.04312193736,322.306919478862,131.075161937948,0.295122157143474,826.192527353848,807.334548365193,0.0006691167543644,0.0431247273958782,0.0363014692434201,332.239680072915,113.51081446063978,7.453357986610214,48.45392707899548,72.51024536825452,0.9205738033607016,1.6094295891486967,142.40395672303566,77.01774242291151,ICV_113_CASE_6_with_r_theta_phi.csv,0.09111487671336015,0.6100904486313855,-0.792331776775837,0.9744396772423193,0.22464931652663608,0.0,1.207765e-05,-1.207765035360353e-05,0.0,ICV_113_CASE_6_with_r_theta_phi.csv
14.69420357,0.9568,0.3630890952,0.0,2020.832457,0.4321968396,326.924924,77.75601768,4.373059172,0.03630116426,0.04311833574,322.306919478862,131.075161937948,0.295122157143474,826.192527353848,807.334548365193,0.0006691167543644,0.0431247273958782,0.0363014692434201,332.239680072915,113.51081446063978,7.453357986610214,48.45392707899548,72.51024536825452,0.9205738033607016,14.729796960163908,3.725504487591479,88.58751752339657,ICV_113_CASE_6_with_r_theta_phi.csv,0.8339001861821513,0.06497651129132748,0.9978867936697068,0.9996961432547095,0.024649972853119196,0.0,8.877164e-06,-8.877163963916246e-06,0.0,ICV_113_CASE_6_with_r_theta_phi.csv
11.61703924,-2.574348049,0.364324199,0.003375387983,2473.261002,0.4215240643,327.6056124,48.17372592,4.416651999,0.03630131547,0.0431199968,322.306919478862,131.075161937948,0.295122157143474,826.192527353848,807.334548365193,0.0006691167543644,0.0431247273958782,0.0363014692434201,332.239680072915,113.51081446063978,7.453357986610214,48.45392707899548,72.51024536825452,0.9205738033607016,11.904436177453634,347.50511265533777,88.2462421117225,ICV_113_CASE_6_with_r_theta_phi.csv,0.6739476159528582,-0.2163524955779122,0.9763153167175088,0.9995315857414073,0.030604070076834192,0.003375387983,0.0034927565,-0.00011736853087870305,3.4771863689464104,ICV_113_CASE_6_with_r_theta_phi.csv
12.22238699,-2.574279562,0.3648078099,0.003375297645,2405.344422,0.4210574583,328.080558,49.85030405,4.659148864,0.03630128658,0.04311972949,322.306919478862,131.075161937948,0.295122157143474,826.192527353848,807.334548365193,0.0006691167543644,0.0431247273958782,0.0363014692434201,332.239680072915,113.51081446063978,7.453357986610214,48.45392707899548,72.51024536825452,0.9205738033607016,12.495869066808288,348.1062002958528,88.3270536839546,ICV_113_CASE_6_with_r_theta_phi.csv,0.7074304940862718,-0.20609829427480192,0.9785312938772154,0.9995737563772169,0.029194272759228094,0.003375297645,0.0034304191,-5.512149083874724e-05,1.6330853340910736,ICV_113_CASE_6_with_r_theta_phi.csv
12.5932871,-2.572525694,0.3769768579,0.003375340486,2268.428624,0.4213340454,327.6856944,98.67310007,5.773166188,0.03630119074,0.04311911096,322.306919478862,131.075161937948,0.295122157143474,826.192527353848,807.334548365193,0.0006691167543644,0.0431247273958782,0.0363014692434201,332.239680072915,113.51081446063978,7.453357986610214,48.45392707899548,72.51024536825452,0.9205738033607016,12.858883310019916,348.4546039697885,88.32005023086572,ICV_113_CASE_6_with_r_theta_phi.csv,0.727981873431122,-0.2001442760921542,0.9797664358139381,0.999570180397168,0.02931645375506692,0.003375340486,0.0034088015,-3.346102306741629e-05,0.9913377093745117,ICV_113_CASE_6_with_r_theta_phi.csv
0.4159958841,0.9568,0.3887533256,0.0,4516.407257,0.4334621507,331.4165738,260.8024443,19.31980173,0.0363014312,0.04312204419,322.306919478862,131.075161937948,0.295122157143474,826.192527353848,807.334548365193,0.0006691167543644,0.0431247273958782,0.0363014692434201,332.239680072915,113.51081446063978,7.453357986610214,48.45392707899548,72.51024536825452,0.9205738033607016,1.1133947924043834,66.50164161101156,69.56403246518778,ICV_113_CASE_6_with_r_theta_phi.csv,0.06303278498619044,0.9170714987745131,0.398722793599097,0.9370629880605726,0.3491603591574953,0.0,7.351954e-06,-7.35195408196887e-06,0.0,ICV_113_CASE_6_with_r_theta_phi.csv
-0.7068703912,0.9568,0.3942037773,0.0,4129.514039,0.432836577,328.3800661,283.7888177,12.78158488,0.03630143005,0.04312196264,322.306919478862,131.075161937948,0.295122157143474,826.192527353848,807.334548365193,0.0006691167543644,0.0431247273958782,0.0363014692434201,332.239680072915,113.51081446063978,7.453357986610214,48.45392707899548,72.51024536825452,0.9205738033607016,1.2532073284149072,126.45646782260457,71.66599315087842,ICV_113_CASE_6_with_r_theta_phi.csv,0.07094801288275183,0.8043085629078636,-0.5942118608990292,0.9492389460124306,0.3145559145417706,0.0,1.3471495e-07,-1.3471495208250417e-07,0.0,ICV_113_CASE_6_with_r_theta_phi.csv
12.56678504,0.9568,0.4088554519,0.0,1961.656255,0.4310506879,326.3941999,126.9943015,4.554164521,0.036301162,0.04311836398,322.306919478862,131.075161937948,0.295122157143474,826.192527353848,807.334548365193,0.0006691167543644,0.0431247273958782,0.0363014692434201,332.239680072915,113.51081446063978,7.453357986610214,48.45392707899548,72.51024536825452,0.9205738033607016,12.609786487570522,4.3539408991865685,88.14193536595758,ICV_113_CASE_6_with_r_theta_phi.csv,0.7138797179717015,0.07591748970672225,0.9971141031780815,0.9994742148541266,0.03242366175692265,0.0,3.0482736e-06,-3.048273583772243e-06,0.0,ICV_113_CASE_6_with_r_theta_phi.csv
1.370475563,0.9568,0.4089421642,0.0,2838.980765,0.43216955,329.2900773,218.2190346,12.23584991,0.03630142962,0.04312173613,322.306919478862,131.075161937948,0.295122157143474,826.192527353848,807.334548365193,0.0006691167543644,0.0431247273958782,0.0363014692434201,332.239680072915,113.51081446063978,7.453357986610214,48.45392707899548,72.51024536825452,0.9205738033607016,1.7207275212655682,34.92088916351645,76.25173085433573,ICV_113_CASE_6_with_r_theta_phi.csv,0.09741580309849308,0.5724448502238321,0.8199432257493287,0.9713492496486028,0.23765654884117196,0.0,7.351954e-06,-7.35195408196887e-06,0.0,ICV_113_CASE_6_with_r_theta_phi.csv
13.07624098,-2.565844206,0.4200517965,0.003375383792,2081.887249,0.4215636275,327.1606915,119.085233,5.474716482,0.03630111947,0.04311849207,322.306919478862,131.075161937948,0.295122157143474,826.192527353848,807.334548365193,0.0006691167543644,0.0431247273958782,0.0363014692434201,332.239680072915,113.51081446063978,7.453357986610214,48.45392707899548,72.51024536825452,0.9205738033607016,13.332219551456465,348.898364110223,88.19451078175933,ICV_113_CASE_6_with_r_theta_phi.csv,0.7547789284705219,-0.19254998398469103,0.9812871667700007,0.9995035464730814,0.03150651659153848,0.003375383792,0.0037101028,-0.00033471896357637225,9.916471254928855,ICV_113_CASE_6_with_r_theta_phi.csv
11.14140853,-2.564816552,0.426281662,0.003375403816,2527.358278,0.4219207057,327.3222975,66.6634138,5.043273076,0.03630131894,0.0431200822,322.306919478862,131.075161937948,0.295122157143474,826.192527353848,807.334548365193,0.0006691167543644,0.0431247273958782,0.0363014692434201,332.239680072915,113.51081446063978,7.453357986610214,48.45392707899548,72.51024536825452,0.9205738033607016,11.440759766428425,347.0360384707536,87.8646702237595,ICV_113_CASE_6_with_r_theta_phi.csv,0.6476974343293166,-0.22433814088596615,0.9745113639890652,0.999305608519742,0.03725990849409094,0.003375403816,0.0034896191,-0.0001142153049554671,3.383752319655183,ICV_113_CASE_6_with_r_theta_phi.csv
15.2277828,0.9568,0.4295992646,0.0,2121.073405,0.4331855657,326.238102,67.63279532,3.872948366,0.03630117037,0.04311838544,322.306919478862,131.075161937948,0.295122157143474,826.192527353848,807.334548365193,0.0006691167543644,0.0431247273958782,0.0363014692434201,332.239680072915,113.51081446063978,7.453357986610214,48.45392707899548,72.51024536825452,0.9205738033607016,15.26385897380216,3.595311964190728,88.38720499384135,ICV_113_CASE_6_with_r_theta_phi.csv,0.8641351183954191,0.06270885911525308,0.9980318627120396,0.9996038547949961,0.028144865943620617,0.0,8.877164e-06,-8.877163963916246e-06,0.0,ICV_113_CASE_6_with_r_theta_phi.csv
14.95049185,0.9568,0.4331687722,0.0,2091.334428,0.432708876,326.4702861,74.05539489,4.129901197,0.03630116724,0.04311836329,322.306919478862,131.075161937948,0.295122157143474,826.192527353848,807.334548365193,0.0006691167543644,0.0431247273958782,0.0363014692434201,332.239680072915,113.51081446063978,7.453357986610214,48.45392707899548,72.51024536825452,0.9205738033607016,14.987338255411656,3.661815430818251,88.34378868987397,ICV_113_CASE_6_with_r_theta_phi.csv,0.8484804098361168,0.06386723664428648,0.9979584039845663,0.999582240830664,0.028902315062088704,0.0,8.877164e-06,-8.877163963916246e-06,0.0,ICV_113_CASE_6_with_r_theta_phi.csv
14.08907925,0.9568,0.4404663754,0.0,1983.823704,0.4323396737,326.6209569,76.35977169,4.545152331,0.03630116695,0.0431183783,322.306919478862,131.075161937948,0.295122157143474,826.192527353848,807.334548365193,0.0006691167543644,0.0431247273958782,0.0363014692434201,332.239680072915,113.51081446063978,7.453357986610214,48.45392707899548,72.51024536825452,0.9205738033607016,14.128398033062297,3.8850345099164656,88.21345957414337,ICV_113_CASE_6_with_r_theta_phi.csv,0.7998530992714437,0.06775469613154171,0.997702010197495,0.9995139116104493,0.031175960244697067,0.0,8.877164e-06,-8.877163963916246e-06,0.0,ICV_113_CASE_6_with_r_theta_phi.csv
14.42075821,0.9568,0.453645026,0.0,2036.831596,0.431831292,327.1959441,79.8841815,4.616474674,0.03630116977,0.04311839415,322.306919478862,131.075161937948,0.295122157143474,826.192527353848,807.334548365193,0.0006691167543644,0.0431247273958782,0.0363014692434201,332.239680072915,113.51081446063978,7.453357986610214,48.45392707899548,72.51024536825452,0.9205738033607016,14.459582545872372,3.795942610636814,88.20214649301789,ICV_113_CASE_6_with_r_theta_phi.csv,0.8186024973547892,0.06620324111905386,0.9978061589634193,0.9995077364172316,0.031373314171473106,0.0,8.877164e-06,-8.877163963916246e-06,0.0,ICV_113_CASE_6_with_r_theta_phi.csv
15.57696091,0.9568,0.462851171,0.0,2192.907887,0.4338510827,326.0891147,67.26749014,3.665867772,0.03630117047,0.04311837078,322.306919478862,131.075161937948,0.295122157143474,826.192527353848,807.334548365193,0.0006691167543644,0.0431247273958782,0.0363014692434201,332.239680072915,113.51081446063978,7.453357986610214,48.45392707899548,72.51024536825452,0.9205738033607016,15.61318060608293,3.514922669521411,88.30122348888108,ICV_113_CASE_6_with_r_theta_phi.csv,0.8839113159210329,0.06130850138644652,0.9981188644934771,0.9995604933817762,0.029644899567719398,0.0,6.2083136e-06,-6.2083136072033085e-06,0.0,ICV_113_CASE_6_with_r_theta_phi.csv
6.433392673,-2.558144093,0.4646491149,0.003375432454,6704.620486,0.4345111426,332.2131812,477.770738,28.48422641,0.03630142258,0.04312226285,322.306919478862,131.075161937948,0.295122157143474,826.192527353848,807.334548365193,0.0006691167543644,0.0431247273958782,0.0363014692434201,332.239680072915,113.51081446063978,7.453357986610214,48.45392707899548,72.51024536825452,0.9205738033607016,6.938914993393292,338.31548457257185,86.1604415939326,ICV_113_CASE_6_with_r_theta_phi.csv,0.39283382659935856,-0.36949563940197255,0.9292324641675663,0.997755473356663,0.06696279106206164,0.003375432454,0.0035482503,-0.00017281784680974084,5.11987276041466,ICV_113_CASE_6_with_r_theta_phi.csv
-2.414385573,-0.8447255096,0.4660269525,0.003375449916,6480.055013,0.4344979911,331.5465326,293.846802,21.99377789,0.03630143503,0.04312259018,322.306919478862,131.075161937948,0.295122157143474,826.192527353848,807.334548365193,0.0006691167543644,0.0431247273958782,0.0363014692434201,332.239680072915,113.51081446063978,7.453357986610214,48.45392707899548,72.51024536825452,0.9205738033607016,2.600000000410761,199.2835040044507,79.67443877316299,ICV_113_CASE_6_with_r_theta_phi.csv,0.14719418674132226,-0.330242649819092,-0.9438960706775215,0.9838051714273749,0.17924113554860555,0.003375449916,0.0038971952,-0.0005217453002683012,15.457059446819258,ICV_113_CASE_6_with_r_theta_phi.csv
2.280554181,0.9568,0.469005372,0.0,1425.313742,0.4330782681,326.0390673,130.3394021,3.970466345,0.0363013994,0.04312086829,322.306919478862,131.075161937948,0.295122157143474,826.192527353848,807.334548365193,0.0006691167543644,0.0431247273958782,0.0363014692434201,332.239680072915,113.51081446063978,7.453357986610214,48.45392707899548,72.51024536825452,0.9205738033607016,2.5172126750518,22.76034625624169,79.26193823086771,ICV_113_CASE_6_with_r_theta_phi.csv,0.1425073355771775,0.3868774829119431,0.922131125825237,0.9824892408148371,0.18631932718611086,0.0,7.976879e-06,-7.97687880549347e-06,0.0,ICV_113_CASE_6_with_r_theta_phi.csv
-2.53492116,0.3296258558,0.4748910474,0.003375459462,4849.70647,0.4332253677,327.8833487,161.0584342,9.951421382,0.03630143035,0.04312219802,322.306919478862,131.075161937948,0.295122157143474,826.192527353848,807.334548365193,0.0006691167543644,0.0431247273958782,0.0363014692434201,332.239680072915,113.51081446063978,7.453357986610214,48.45392707899548,72.51024536825452,0.9205738033607016,2.599999999832365,172.5911740280401,79.47582351012448,ICV_113_CASE_6_with_r_theta_phi.csv,0.14719418670857745,0.12894835432619497,-0.991651310651363,0.9831779240482547,0.18265040285793052,0.003375459462,0.0038971952,-0.0005217357542683012,15.456732927392327,ICV_113_CASE_6_with_r_theta_phi.csv
13.8445961,0.9568,0.4764253905,0.0,1983.897384,0.4323310122,326.2121746,84.86364807,4.647134036,0.03630116412,0.04311836103,322.306919478862,131.075161937948,0.295122157143474,826.192527353848,807.334548365193,0.0006691167543644,0.0431247273958782,0.0363014692434201,332.239680072915,113.51081446063978,7.453357986610214,48.45392707899548,72.51024536825452,0.9205738033607016,13.88579448806759,3.953425062344252,88.03378030180647,ICV_113_CASE_6_with_r_theta_phi.csv,0.7861185486943606,0.06894554492492627,0.9976204247282655,0.9994112292806034,0.03431027233691196,0.0,8.877164e-06,-8.877163963916246e-06,0.0,ICV_113_CASE_6_with_r_theta_phi.csv
1.966363351,0.9568,0.4995687008,0.0,1450.697669,0.4332209524,326.0503682,133.7799832,4.334474677,0.03630141046,0.04312101722,322.306919478862,131.075161937948,0.295122157143474,826.192527353848,807.334548365193,0.0006691167543644,0.0431247273958782,0.0363014692434201,332.239680072915,113.51081446063978,7.453357986610214,48.45392707899548,72.51024536825452,0.9205738033607016,2.2431272712387385,25.94679092968829,77.13169777921087,ICV_113_CASE_6_with_r_theta_phi.csv,0.12699049784427105,0.4375362716911156,0.8992007623187596,0.9748845538137045,0.2227108141412407,0.0,7.351954e-06,-7.35195408196887e-06,0.0,ICV_113_CASE_6_with_r_theta_phi.csv
0.7334415656,0.9568,0.5045391685,0.0,4308.691165,0.433156151,331.1651179,257.9329762,18.31546843,0.0363014321,0.04312206705,322.306919478862,131.075161937948,0.295122157143474,826.192527353848,807.334548365193,0.0006691167543644,0.0431247273958782,0.0363014692434201,332.239680072915,113.51081446063978,7.453357986610214,48.45392707899548,72.51024536825452,0.9205738033607016,1.3068904095984677,52.52778451402429,67.29038763243653,ICV_113_CASE_6_with_r_theta_phi.csv,0.07398718114249575,0.7936484544390505,0.6083766356185175,0.9224733339960713,0.38606080876744353,0.0,7.351954e-06,-7.35195408196887e-06,0.0,ICV_113_CASE_6_with_r_theta_phi.csv
-1.789489626,-1.812247519,0.5229587057,0.003375452477,9291.991476,0.435011212,335.610887,333.1268492,29.57773787,0.03630144166,0.04312302383,322.306919478862,131.075161937948,0.295122157143474,826.192527353848,807.334548365193,0.0006691167543644,0.0431247273958782,0.0363014692434201,332.239680072915,113.51081446063978,7.453357986610214,48.45392707899548,72.51024536825452,0.9205738033607016,2.599999999913595,225.36202360540904,78.39648806079032,ICV_113_CASE_6_with_r_theta_phi.csv,0.14719418671317613,-0.7115604933626615,-0.7026248389329015,0.9795629227076487,0.2011379637374533,0.003375452477,0.0035739332,-0.00019848067361926845,5.8801205145945605,ICV_113_CASE_6_with_r_theta_phi.csv
14.47419482,-2.546526976,0.5245954246,0.003375398926,1513.643089,0.4210661865,326.669799,49.9925715,1.562906234,0.03630084926,0.04311611903,322.306919478862,131.075161937948,0.295122157143474,826.192527353848,807.334548365193,0.0006691167543644,0.0431247273958782,0.0363014692434201,332.239680072915,113.51081446063978,7.453357986610214,48.45392707899548,72.51024536825452,0.9205738033607016,14.705859909788405,350.0217465662873,87.95568009066733,ICV_113_CASE_6_with_r_theta_phi.csv,0.8325450343889008,-0.17327438219044858,0.9848735901000282,0.9993635322811806,0.035672543313894724,0.003375398926,0.0036955473,-0.00032014842188835034,9.484758063038583,ICV_113_CASE_6_with_r_theta_phi.csv
-1.195744179,-2.248233982,0.525014113,0.003375452943,11354.21128,0.4353091041,338.2603312,338.6605789,33.17265097,0.03630144684,0.04312331303,322.306919478862,131.075161937948,0.295122157143474,826.192527353848,807.334548365193,0.0006691167543644,0.0431247273958782,0.0363014692434201,332.239680072915,113.51081446063978,7.453357986610214,48.45392707899548,72.51024536825452,0.9205738033607016,2.5999999996694494,241.9933056206152,78.35024454057123,ICV_113_CASE_6_with_r_theta_phi.csv,0.14719418669935427,-0.8828927342624249,-0.46957472226113184,0.979400264885658,0.20192850502567194,0.003375452943,0.0035612409,-0.00018578791074176518,5.5040883053046405,ICV_113_CASE_6_with_r_theta_phi.csv
1.047235794,0.9568,0.5279729906,0.0,3695.585923,0.4329769463,330.0802279,235.3041502,15.51410831,0.03630143173,0.04312194468,322.306919478862,131.075161937948,0.295122157143474,826.192527353848,807.334548365193,0.0006691167543644,0.0431247273958782,0.0363014692434201,332.239680072915,113.51081446063978,7.453357986610214,48.45392707899548,72.51024536825452,0.9205738033607016,1.5135800365484209,42.41617574738234,69.584599537982,ICV_113_CASE_6_with_r_theta_phi.csv,0.08568853173555697,0.6745108414577229,0.7382649421149527,0.9371882633835775,0.3488239655988019,0.0,7.351954e-06,-7.35195408196887e-06,0.0,ICV_113_CASE_6_with_r_theta_phi.csv
11.76947275,-2.545473943,0.5296814181,0.003375383792,2447.759919,0.4216160458,327.5289515,47.78316673,4.354051763,0.03630130965,0.04311991932,322.306919478862,131.075161937948,0.295122157143474,826.192527353848,807.334548365193,0.0006691167543644,0.0431247273958782,0.0363014692434201,332.239680072915,113.51081446063978,7.453357986610214,48.45392707899548,72.51024536825452,0.9205738033607016,12.05323561589024,347.79616846053096,87.48131644736503,ICV_113_CASE_6_with_r_theta_phi.csv,0.6823716206931587,-0.21139015869554206,0.9774017601818985,0.9990339446409011,0.04394516418493487,0.003375383792,0.0034304191,-5.5035343838747124e-05,1.6304914407920523,ICV_113_CASE_6_with_r_theta_phi.csv
11.44517742,-2.544197201,0.5357803679,0.003375401488,2463.473835,0.421838022,327.3074862,55.05995956,4.529186352,0.03630131293,0.04311998252,322.306919478862,131.075161937948,0.295122157143474,826.192527353848,807.334548365193,0.0006691167543644,0.0431247273958782,0.0363014692434201,332.239680072915,113.51081446063978,7.453357986610214,48.45392707899548,72.51024536825452,0.9205738033607016,11.736783468032508,347.4672593342656,87.38355693483925,ICV_113_CASE_6_with_r_theta_phi.csv,0.6644562681781185,-0.21699746575661838,0.9761721671176684,0.9989575101273578,0.04564967645175542,0.003375401488,0.0034896191,-0.00011421763295546734,3.3838236229879004,ICV_113_CASE_6_with_r_theta_phi.csv
12.44183377,-2.54413717,0.5360653487,0.003375349334,2387.725961,0.4214395138,327.7240123,49.1010966,4.489609119,0.03630127949,0.04311963402,322.306919478862,131.075161937948,0.295122157143474,826.192527353848,807.334548365193,0.0006691167543644,0.0431247273958782,0.0363014692434201,332.239680072915,113.51081446063978,7.453357986610214,48.45392707899548,72.51024536825452,0.9205738033607016,12.710595090638554,348.44333188402663,87.58285159977265,ICV_113_CASE_6_with_r_theta_phi.csv,0.7195868104112335,-0.2003370265773089,0.979727041467246,0.9991102521317116,0.042174685361098384,0.003375349334,0.0034304191,-5.5069801838746914e-05,1.631528958135141,ICV_113_CASE_6_with_r_theta_phi.csv
12.98882319,0.9568,0.5385248685,0.0,1975.177928,0.431298927,326.2572178,120.7902887,4.682962404,0.03630116546,0.04311838918,322.306919478862,131.075161937948,0.295122157143474,826.192527353848,807.334548365193,0.0006691167543644,0.0431247273958782,0.0363014692434201,332.239680072915,113.51081446063978,7.453357986610214,48.45392707899548,72.51024536825452,0.9205738033607016,13.035144921905346,4.212988751508988,87.63224833477221,ICV_113_CASE_6_with_r_theta_phi.csv,0.7379605982815418,0.07346428292478858,0.997297848756502,0.9991462411193726,0.041313301211942585,0.0,8.877164e-06,-8.877163963916246e-06,0.0,ICV_113_CASE_6_with_r_theta_phi.csv
5.765820475,-2.542891407,0.541943994,0.003375431756,7693.179665,0.434717749,333.4722212,469.3575589,30.72247719,0.03630143395,0.04312259361,322.306919478862,131.075161937948,0.295122157143474,826.192527353848,807.334548365193,0.0006691167543644,0.0431247273958782,0.0363014692434201,332.239680072915,113.51081446063978,7.453357986610214,48.45392707899548,72.51024536825452,0.9205738033607016,6.324925750580503,336.2011515697403,85.08464989862682,ICV_113_CASE_6_with_r_theta_phi.csv,0.3580739622726391,-0.4035269067860723,0.9149677783942255,0.996322376402903,0.08568385074722179,0.003375431756,0.0035482503,-0.0001728185448097411,5.119894497980843,ICV_113_CASE_6_with_r_theta_phi.csv
10.7773884,-2.54276868,0.5425195295,0.00337541406,2685.474479,0.4274222577,327.1280431,91.11549697,6.256666696,0.0363013244,0.04312019018,322.306919478862,131.075161937948,0.295122157143474,826.192527353848,807.334548365193,0.0006691167543644,0.0431247273958782,0.0363014692434201,332.239680072915,113.51081446063978,7.453357986610214,48.45392707899548,72.51024536825452,0.9205738033607016,11.086572992784218,346.7246635545353,87.19512075581656,ICV_113_CASE_6_with_r_theta_phi.csv,0.6276458058320645,-0.22963080108415035,0.973277809874165,0.9988019737282618,0.04893482682638817,0.00337541406,0.0034896191,-0.00011420506095546727,3.383438561657022,ICV_113_CASE_6_with_r_theta_phi.csv
-0.2874366704,0.9568,0.5609810866,0.0,4964.025724,0.433590947,329.7269255,307.7339279,17.59340077,0.03630143114,0.04312206964,322.306919478862,131.075161937948,0.295122157143474,826.192527353848,807.334548365193,0.0006691167543644,0.0431247273958782,0.0363014692434201,332.239680072915,113.51081446063978,7.453357986610214,48.45392707899548,72.51024536825452,0.9205738033607016,1.1457686760483352,106.72103413156871,60.684975066400966,ICV_113_CASE_6_with_r_theta_phi.csv,0.06486557247614307,0.9577169359887521,-0.2877121313401931,0.8719409094563213,0.48961112162254167,0.0,7.351954e-06,-7.35195408196887e-06,0.0,ICV_113_CASE_6_with_r_theta_phi.csv
12.16273479,0.9568,0.5619932931,0.0,1969.50451,0.4305763071,326.5322066,166.5940863,5.042106016,0.03630116764,0.04311843284,322.306919478862,131.075161937948,0.295122157143474,826.192527353848,807.334548365193,0.0006691167543644,0.0431247273958782,0.0363014692434201,332.239680072915,113.51081446063978,7.453357986610214,48.45392707899548,72.51024536825452,0.9205738033607016,12.21324773650996,4.4979962566216045,87.36260013781322,ICV_113_CASE_6_with_r_theta_phi.csv,0.6914304106776407,0.07842423156731088,0.9969200769886605,0.9989407462465347,0.04601505719236242,0.0,4.9229475e-06,-4.922947482555173e-06,0.0,ICV_113_CASE_6_with_r_theta_phi.csv
15.08,-2.538399089,0.5626100453,0.003375407076,1544.386741,0.421219547,326.4899609,31.56678801,1.029346257,0.03630087946,0.04311633371,322.306919478862,131.075161937948,0.295122157143474,826.192527353848,807.334548365193,0.0006691167543644,0.0431247273958782,0.0363014692434201,332.239680072915,113.51081446063978,7.453357986610214,48.45392707899548,72.51024536825452,0.9205738033607016,15.302496528282845,350.44504058647715,87.89299427800995,ICV_113_CASE_6_with_r_theta_phi.csv,0.8663225120140958,-0.1659935973431022,0.9861268304032175,0.9993239057752675,0.03676589922828305,0.003375407076,0.003519443,-0.00014403602059302224,4.267219251108486,ICV_113_CASE_6_with_r_theta_phi.csv
0.105995472,0.9568,0.5641224796,0.0,4835.234225,0.4336199874,330.3991115,307.7893842,18.85757201,0.03630143144,0.04312208293,322.306919478862,131.075161937948,0.295122157143474,826.192527353848,807.334548365193,0.0006691167543644,0.0431247273958782,0.0363014692434201,332.239680072915,113.51081446063978,7.453357986610214,48.45392707899548,72.51024536825452,0.9205738033607016,1.1157667552291362,83.67847975170702,59.62935728471109,ICV_113_CASE_6_with_r_theta_phi.csv,0.06316706927038851,0.9939196692265498,0.11010763427022578,0.862772838202682,0.5055917618590009,0.0,7.351954e-06,-7.35195408196887e-06,0.0,ICV_113_CASE_6_with_r_theta_phi.csv
12.79918233,-2.535814814,0.5741456509,0.00337536959,2297.413507,0.4215456666,327.5325206,74.1025529,5.087478841,0.03630122722,0.04311921904,322.306919478862,131.075161937948,0.295122157143474,826.192527353848,807.334548365193,0.0006691167543644,0.0431247273958782,0.0363014692434201,332.239680072915,113.51081446063978,7.453357986610214,48.45392707899548,72.51024536825452,0.9205738033607016,13.06059218856226,348.7935022220645,87.48045673287959,ICV_113_CASE_6_with_r_theta_phi.csv,0.7394012481737581,-0.19434559775923313,0.9809331213857581,0.9990332851379108,0.043960154532871075,0.00337536959,0.0036916637,-0.0003162941427522041,9.370652138229923,ICV_113_CASE_6_with_r_theta_phi.csv
14.00897177,-2.533261752,0.5853075217,0.003375413595,1728.50804,0.4204574725,327.3733191,47.15277212,2.163311944,0.0363009766,0.04311710965,322.306919478862,131.075161937948,0.295122157143474,826.192527353848,807.334548365193,0.0006691167543644,0.0431247273958782,0.0363014692434201,332.239680072915,113.51081446063978,7.453357986610214,48.45392707899548,72.51024536825452,0.9205738033607016,14.24820304641121,349.7498931188454,87.64566171854102,ICV_113_CASE_6_with_r_theta_phi.csv,0.8066356383116899,-0.17794538113065803,0.9840403657036966,0.999155885501834,0.04107939224289968,0.003375413595,0.0036955473,-0.0003201337528883504,9.484282260038345,ICV_113_CASE_6_with_r_theta_phi.csv
12.11567189,-2.532857935,0.5870525351,0.003375370288,2408.909105,0.4215312634,327.6115285,44.10621083,4.219961401,0.03630130204,0.04311981728,322.306919478862,131.075161937948,0.295122157143474,826.192527353848,807.334548365193,0.0006691167543644,0.0431247273958782,0.0363014692434201,332.239680072915,113.51081446063978,7.453357986610214,48.45392707899548,72.51024536825452,0.9205738033607016,12.39150940539513,348.1920151477072,87.28457394826586,ICV_113_CASE_6_with_r_theta_phi.csv,0.7015223650524708,-0.20463246673612595,0.9788388802849467,0.9988771560347243,0.04737538550746703,0.003375370288,0.0034304191,-5.504884783874694e-05,1.630898038598779,ICV_113_CASE_6_with_r_theta_phi.csv
13.63614031,0.9568,0.5880688861,0.0,2012.266736,0.4320836314,326.1792427,93.95837066,4.689206847,0.03630116998,0.04311842791,322.306919478862,131.075161937948,0.295122157143474,826.192527353848,807.334548365193,0.0006691167543644,0.0431247273958782,0.0363014692434201,332.239680072915,113.51081446063978,7.453357986610214,48.45392707899548,72.51024536825452,0.9205738033607016,13.682310251152977,4.013665061421193,87.53665521151379,ICV_113_CASE_6_with_r_theta_phi.csv,0.7745986653241325,0.06999439109742037,0.997547384947152,0.9990759228152313,0.042980233257789456,0.0,1.0751841e-05,-1.0751840818556957e-05,0.0,ICV_113_CASE_6_with_r_theta_phi.csv
13.50113519,-2.529201396,0.6026112347,0.003375401022,1997.634678,0.4211368506,327.2978361,76.66364816,4.003948778,0.03630110687,0.04311817625,322.306919478862,131.075161937948,0.295122157143474,826.192527353848,807.334548365193,0.0006691167543644,0.0431247273958782,0.0363014692434201,332.239680072915,113.51081446063978,7.453357986610214,48.45392707899548,72.51024536825452,0.9205738033607016,13.749205483240528,349.38961615993054,87.48798981456207,ICV_113_CASE_6_with_r_theta_phi.csv,0.7783858150481492,-0.18412948712482097,0.9829019950997914,0.9990390562558129,0.04382880417596166,0.003375401022,0.0036938398,-0.000318438745947793,9.434101126886842,ICV_113_CASE_6_with_r_theta_phi.csv
0.8672473669,-2.525737639,0.6169678906,0.003375447588,13046.74944,0.4357648442,337.3857902,281.3971904,30.22787608,0.03630145426,0.04312367139,322.306919478862,131.075161937948,0.295122157143474,826.192527353848,807.334548365193,0.0006691167543644,0.0431247273958782,0.0363014692434201,332.239680072915,113.51081446063978,7.453357986610214,48.45392707899548,72.51024536825452,0.9205738033607016,2.740824327549595,288.950626219426,76.99106259193769,ICV_113_CASE_6_with_r_theta_phi.csv,0.15516669531952218,-0.9457987779846193,0.3247532471936204,0.9743349634466959,0.22510304086201435,0.003375447588,0.003551175,-0.0001757272985246773,5.206044350898594,ICV_113_CASE_6_with_r_theta_phi.csv
13.36503166,0.9568,0.6197911566,0.0,1988.851069,0.4312725938,326.3543829,114.4908907,4.815233381,0.03630116565,0.04311839246,322.306919478862,131.075161937948,0.295122157143474,826.192527353848,807.334548365193,0.0006691167543644,0.0431247273958782,0.0363014692434201,332.239680072915,113.51081446063978,7.453357986610214,48.45392707899548,72.51024536825452,0.9205738033607016,13.413563232437603,4.094807740145882,87.35163093717699,ICV_113_CASE_6_with_r_theta_phi.csv,0.7593840503807806,0.07140705393060125,0.9974472580788181,0.9989319184183242,0.04620630222260297,0.0,1.0751841e-05,-1.0751840818556957e-05,0.0,ICV_113_CASE_6_with_r_theta_phi.csv
10.32118043,-2.523816884,0.6247786293,0.003375418484,2930.977695,0.4331763179,327.1745632,127.1118095,8.08280617,0.03630133563,0.04312039328,322.306919478862,131.075161937948,0.295122157143474,826.192527353848,807.334548365193,0.0006691167543644,0.0431247273958782,0.0363014692434201,332.239680072915,113.51081446063978,7.453357986610214,48.45392707899548,72.51024536825452,0.9205738033607016,10.643625579106418,346.25921812563905,86.63481510292206,ICV_113_CASE_6_with_r_theta_phi.csv,0.6025691580185356,-0.2375296132855828,0.9713802977271062,0.9982756804510562,0.05869979403695403,0.003375418484,0.0037805068,-0.00040508830009636015,12.001128212591398,ICV_113_CASE_6_with_r_theta_phi.csv
14.68972953,0.9568,0.6302807034,0.0,2103.160771,0.431796672,327.1223752,86.41948255,4.489039854,0.03630117966,0.04311848649,322.306919478862,131.075161937948,0.295122157143474,826.192527353848,807.334548365193,0.0006691167543644,0.0431247273958782,0.0363014692434201,332.239680072915,113.51081446063978,7.453357986610214,48.45392707899548,72.51024536825452,0.9205738033607016,14.734343340292854,3.726635964777188,87.54835043444336,ICV_113_CASE_6_with_r_theta_phi.csv,0.8341575710766096,0.06499621754935467,0.9978855103188325,0.9990846751334295,0.042776300839713954,0.0,1.0751841e-05,-1.0751840818556957e-05,0.0,ICV_113_CASE_6_with_r_theta_phi.csv
16.98122327,-1.656533166,0.6334413661,0.003375425469,1963.886761,0.4210650261,326.8065093,14.91034379,0.9515474801,0.03630105528,0.04311741633,322.306919478862,131.075161937948,0.295122157143474,826.192527353848,807.334548365193,0.0006691167543644,0.0431247273958782,0.0363014692434201,332.239680072915,113.51081446063978,7.453357986610214,48.45392707899548,72.51024536825452,0.9205738033607016,17.07358468043352,354.4283755378757,87.87380044790075,ICV_113_CASE_6_with_r_theta_phi.csv,0.9665893889994128,-0.09709000486306005,0.9952756055262738,0.9993115332904796,0.03710066620198002,0.003375425469,0.0035964788,-0.00022105337133620367,6.548903932285718,ICV_113_CASE_6_with_r_theta_phi.csv
2.699929672,0.9568,0.6411520777,0.0,1386.903705,0.4331875541,325.7716672,169.457499,3.899300278,0.03630138386,0.04312068702,322.306919478862,131.075161937948,0.295122157143474,826.192527353848,807.334548365193,0.0006691167543644,0.0431247273958782,0.0363014692434201,332.239680072915,113.51081446063978,7.453357986610214,48.45392707899548,72.51024536825452,0.9205738033607016,2.9353300428546456,19.513288256482497,77.38340523519298,ICV_113_CASE_6_with_r_theta_phi.csv,0.1661782763104233,0.3340254712768442,0.9425640479767314,0.9758535394625598,0.21842589021998776,0.0,7.976879e-06,-7.97687880549347e-06,0.0,ICV_113_CASE_6_with_r_theta_phi.csv
16.09100314,0.9568,0.6564522032,0.0,2243.191358,0.4339697188,326.2445319,64.81594196,3.078826923,0.03630117912,0.04311842865,322.306919478862,131.075161937948,0.295122157143474,826.192527353848,807.334548365193,0.0006691167543644,0.0431247273958782,0.0363014692434201,332.239680072915,113.51081446063978,7.453357986610214,48.45392707899548,72.51024536825452,0.9205738033607016,16.132785803653878,3.4029033644048923,87.66795840168544,ICV_113_CASE_6_with_r_theta_phi.csv,0.9133278022560085,0.0593569575743759,0.9982368213943592,0.9991717959136709,0.040690567096683214,0.0,-2.4566765e-07,2.4566764977862476e-07,0.0,ICV_113_CASE_6_with_r_theta_phi.csv
17.57207787,-0.331886401,0.6628719971,0.003375413595,2372.182162,0.4317726925,326.8703131,11.66134444,1.211524081,0.036301198,0.04311846059,322.306919478862,131.075161937948,0.295122157143474,826.192527353848,807.334548365193,0.0006691167543644,0.0431247273958782,0.0363014692434201,332.239680072915,113.51081446063978,7.453357986610214,48.45392707899548,72.51024536825452,0.9205738033607016,17.58770788184327,358.91797489402785,87.84003887822178,ICV_113_CASE_6_with_r_theta_phi.csv,0.9956955222703349,-0.018883778191629768,0.9998216855625853,0.9992894982151449,0.03768950459907911,0.003375413595,0.0038689277,-0.0004935141184835719,14.620848807044146,ICV_113_CASE_6_with_r_theta_phi.csv
9.751418741,0.9568,0.6689702647,0.0,2012.167562,0.4319758752,326.2615848,269.5933565,5.798549363,0.03630124143,0.04311918875,322.306919478862,131.075161937948,0.295122157143474,826.192527353848,807.334548365193,0.0006691167543644,0.0431247273958782,0.0363014692434201,332.239680072915,113.51081446063978,7.453357986610214,48.45392707899548,72.51024536825452,0.9205738033607016,9.821056710832028,5.60387025530423,86.09422124513355,ICV_113_CASE_6_with_r_theta_phi.csv,0.5560009443319008,0.09765012585150594,0.9952208061134901,0.9976774138546686,0.06811591505852568,0.0,1.1500056e-05,-1.1500055734359194e-05,0.0,ICV_113_CASE_6_with_r_theta_phi.csv
11.60971755,0.9568,0.6833080702,0.0,1994.39238,0.4313398647,326.171269,201.4556891,5.378815036,0.03630118261,0.04311859054,322.306919478862,131.075161937948,0.295122157143474,826.192527353848,807.334548365193,0.0006691167543644,0.0431247273958782,0.0363014692434201,332.239680072915,113.51081446063978,7.453357986610214,48.45392707899548,72.51024536825452,0.9205738033607016,11.66910098291974,4.7113110827799005,86.64300811901654,ICV_113_CASE_6_with_r_theta_phi.csv,0.6606245495814911,0.08213525883612427,0.9966211914543674,0.9982840640281573,0.05855704490004562,0.0,1.1500056e-05,-1.1500055734359194e-05,0.0,ICV_113_CASE_6_with_r_theta_phi.csv
1.723026754,0.9568,0.6928434864,0.0,1633.621232,0.4324803661,326.8648408,187.7608455,6.104802595,0.03630141764,0.04312120183,322.306919478862,131.075161937948,0.295122157143474,826.192527353848,807.334548365193,0.0006691167543644,0.0431247273958782,0.0363014692434201,332.239680072915,113.51081446063978,7.453357986610214,48.45392707899548,72.51024536825452,0.9205738033607016,2.0890953859617523,29.043496428623257,70.63119090318315,ICV_113_CASE_6_with_r_theta_phi.csv,0.11827026781273386,0.48547345318461893,0.8742514090654939,0.9434033413662283,0.33164760740737403,0.0,7.351954e-06,-7.35195408196887e-06,0.0,ICV_113_CASE_6_with_r_theta_phi.csv
-0.5166060805,-2.451894297,0.6937813149,0.003375452943,12650.98236,0.4355903814,339.435974,351.778745,35.28573082,0.0363014508,0.04312352174,322.306919478862,131.075161937948,0.295122157143474,826.192527353848,807.334548365193,0.0006691167543644,0.0431247273958782,0.0363014692434201,332.239680072915,113.51081446063978,7.453357986610214,48.45392707899548,72.51024536825452,0.9205738033607016,2.599999999802898,258.1019933298626,74.52374678320575,ICV_113_CASE_6_with_r_theta_phi.csv,0.14719418670690923,-0.9785161583881006,-0.20617014277870996,0.9637411299388934,0.2668389672894591,0.003375452943,0.003551175,-0.00017572194352467744,5.205877446374422,ICV_113_CASE_6_with_r_theta_phi.csv
14.28646806,0.9568,0.697785934,0.0,2091.373978,0.431827207,327.006655,88.6862212,4.645564025,0.03630118662,0.04311856316,322.306919478862,131.075161937948,0.295122157143474,826.192527353848,807.334548365193,0.0006691167543644,0.0431247273958782,0.0363014692434201,332.239680072915,113.51081446063978,7.453357986610214,48.45392707899548,72.51024536825452,0.9205738033607016,14.335464452855668,3.831517978637805,87.20999667990685,ICV_113_CASE_6_with_r_theta_phi.csv,0.8115757812937926,0.06682277345001641,0.9977648605500435,0.998814645201345,0.04867550237348629,0.0,1.0751841e-05,-1.0751840818556957e-05,0.0,ICV_113_CASE_6_with_r_theta_phi.csv
16.68350112,0.9568,0.7086536672,0.0,2323.059434,0.4350108717,325.9618451,61.17775004,2.634379827,0.03630118756,0.04311847764,322.306919478862,131.075161937948,0.295122157143474,826.192527353848,807.334548365193,0.0006691167543644,0.0431247273958782,0.0363014692434201,332.239680072915,113.51081446063978,7.453357986610214,48.45392707899548,72.51024536825452,0.9205738033607016,16.725933931505207,3.282321711535076,87.57173369690997,ICV_113_CASE_6_with_r_theta_phi.csv,0.9469077854415551,0.05725599150768617,0.9983595301475675,0.9991020495768702,0.04236855592650389,0.0,7.837169e-06,-7.837168595870025e-06,0.0,ICV_113_CASE_6_with_r_theta_phi.csv
16.87102248,0.9568,0.7153998225,0.0,2381.014061,0.4351318021,325.9718522,63.87448472,2.490482069,0.03630119391,0.04311852004,322.306919478862,131.075161937948,0.295122157143474,826.192527353848,807.334548365193,0.0006691167543644,0.0431247273958782,0.0363014692434201,332.239680072915,113.51081446063978,7.453357986610214,48.45392707899548,72.51024536825452,0.9205738033607016,16.913268834459483,3.2459171632424955,87.57577182019514,ICV_113_CASE_6_with_r_theta_phi.csv,0.9575134041662715,0.05662164308311752,0.9983957078906981,0.9991050331697422,0.04229814056064848,0.0,7.837169e-06,-7.837168595870025e-06,0.0,ICV_113_CASE_6_with_r_theta_phi.csv
17.02978771,0.9568,0.7229743734,0.0,2436.717081,0.4349101912,326.2138358,54.73945893,2.321476451,0.03630120327,0.04311859583,322.306919478862,131.075161937948,0.295122157143474,826.192527353848,807.334548365193,0.0006691167543644,0.0431247273958782,0.0363014692434201,332.239680072915,113.51081446063978,7.453357986610214,48.45392707899548,72.51024536825452,0.9205738033607016,17.071960275031692,3.215719947006789,87.57287557323696,ICV_113_CASE_6_with_r_theta_phi.csv,0.9664974262947889,0.05609543992274735,0.9984254111449055,0.9991028937626572,0.0423486443122391,0.0,7.837169e-06,-7.837168595870025e-06,0.0,ICV_113_CASE_6_with_r_theta_phi.csv
17.16473251,0.9568,0.7352148733,0.0,2502.585108,0.4346032981,326.491629,47.44891965,2.239760495,0.03630121135,0.04311866518,322.306919478862,131.075161937948,0.295122157143474,826.192527353848,807.334548365193,0.0006691167543644,0.0431247273958782,0.0363014692434201,332.239680072915,113.51081446063978,7.453357986610214,48.45392707899548,72.51024536825452,0.9205738033607016,17.207092993581817,3.1904912020461325,87.55115305000453,ICV_113_CASE_6_with_r_theta_phi.csv,0.9741477149893992,0.055655803163500744,0.9984500145596802,0.9990867663353523,0.042727430692344914,0.0,0.0006351972,-0.000635197211522609,0.0,ICV_113_CASE_6_with_r_theta_phi.csv
17.28001454,0.9568,0.7453427073,0.001707665622,2521.491496,0.4344901119,326.6465837,32.65309548,1.82041015,0.0363012215,0.0431187513,322.306919478862,131.075161937948,0.295122157143474,826.192527353848,807.334548365193,0.0006691167543644,0.0431247273958782,0.0363014692434201,332.239680072915,113.51081446063978,7.453357986610214,48.45392707899548,72.51024536825452,0.9205738033607016,17.322525927067815,3.1692496678405178,87.53395205747609,ICV_113_CASE_6_with_r_theta_phi.csv,0.9806827368220732,0.05528563927053566,0.9984705794816632,0.999073893941568,0.043027368551104235,0.001707665622,0.0009791977,0.0007284679447751255,42.65869939428566,ICV_113_CASE_6_with_r_theta_phi.csv
15.11919073,0.9568,0.7464314358,0.0,2177.920629,0.4327185674,326.6895756,79.48775414,4.139959274,0.03630118498,0.04311852566,322.306919478862,131.075161937948,0.295122157143474,826.192527353848,807.334548365193,0.0006691167543644,0.0431247273958782,0.0363014692434201,332.239680072915,113.51081446063978,7.453357986610214,48.45392707899548,72.51024536825452,0.9205738033607016,15.167813107316045,3.621066469317441,87.17924715535571,ICV_113_CASE_6_with_r_theta_phi.csv,0.8586976594703977,0.06315746899712757,0.9980035741969449,0.998788378169994,0.04921153962794835,0.0,1.0751841e-05,-1.0751840818556957e-05,0.0,ICV_113_CASE_6_with_r_theta_phi.csv
17.37920105,0.9568,0.7471333693,0.003375411965,2507.459969,0.4346234077,326.6115387,20.74868798,1.551552966,0.0363012311,0.04311882516,322.306919478862,131.075161937948,0.295122157143474,826.192527353848,807.334548365193,0.0006691167543644,0.0431247273958782,0.0363014692434201,332.239680072915,113.51081446063978,7.453357986610214,48.45392707899548,72.51024536825452,0.9205738033607016,17.42154710833233,3.151198695350672,87.54208273424098,ICV_113_CASE_6_with_r_theta_phi.csv,0.9862886376851858,0.05497106947115097,0.998487947609383,0.9990799897702922,0.04288559245938931,0.003375411965,0.0029522856,0.0004231263883882428,12.535548035331068,ICV_113_CASE_6_with_r_theta_phi.csv
13.11369067,-2.488896254,0.7519278139,0.003375394968,2245.663707,0.4217000478,327.3156399,69.02830133,4.693959155,0.03630122514,0.04311909781,322.306919478862,131.075161937948,0.295122157143474,826.192527353848,807.334548365193,0.0006691167543644,0.0431247273958782,0.0363014692434201,332.239680072915,113.51081446063978,7.453357986610214,48.45392707899548,72.51024536825452,0.9205738033607016,13.368952202358146,349.2534400163271,86.77573555664435,ICV_113_CASE_6_with_r_theta_phi.csv,0.7568584794995494,-0.18646504973265102,0.9824615947853635,0.9984170345524348,0.05624433407483973,0.003375394968,0.0036938398,-0.0003184447999477931,9.434297404375645,ICV_113_CASE_6_with_r_theta_phi.csv
9.766468784,-2.486834492,0.7587187944,0.003375422675,3341.938063,0.433413965,327.595194,175.525633,10.59052169,0.03630135186,0.0431206925,322.306919478862,131.075161937948,0.295122157143474,826.192527353848,807.334548365193,0.0006691167543644,0.0431247273958782,0.0363014692434201,332.239680072915,113.51081446063978,7.453357986610214,48.45392707899548,72.51024536825452,0.9205738033607016,10.106627157881263,345.71436303805865,85.69467439032104,ICV_113_CASE_6_with_r_theta_phi.csv,0.5721679865257959,-0.24675608986752634,0.9690776192407341,0.9971781599880489,0.07507141428565904,0.003375422675,0.0038715124,-0.0004960896914587738,14.697113193736625,ICV_113_CASE_6_with_r_theta_phi.csv
13.939073,0.9568,0.7631468854,0.0,2079.021463,0.4321848493,326.6294778,88.82604574,4.61821204,0.0363011909,0.0431186123,322.306919478862,131.075161937948,0.295122157143474,826.192527353848,807.334548365193,0.0006691167543644,0.0431247273958782,0.0363014692434201,332.239680072915,113.51081446063978,7.453357986610214,48.45392707899548,72.51024536825452,0.9205738033607016,13.992698649939715,3.9267134639748074,86.87359797236479,ICV_113_CASE_6_with_r_theta_phi.csv,0.7921707299111083,0.06848044147988767,0.9976524590932053,0.998511644671048,0.054538935232718154,0.0,1.0751841e-05,-1.0751840818556957e-05,0.0,ICV_113_CASE_6_with_r_theta_phi.csv
0.4811070067,0.9568,0.7678077322,0.0,4238.438751,0.4331361746,330.0456149,293.5980016,17.20003291,0.03630143217,0.04312207459,322.306919478862,131.075161937948,0.295122157143474,826.192527353848,807.334548365193,0.0006691167543644,0.0431247273958782,0.0363014692434201,332.239680072915,113.51081446063978,7.453357986610214,48.45392707899548,72.51024536825452,0.9205738033607016,1.317747663827161,63.30541331454072,54.36167382619908,ICV_113_CASE_6_with_r_theta_phi.csv,0.07460184449102798,0.8934138360722946,0.4492345907369412,0.8127111866767757,0.5826667375528031,0.0,7.351954e-06,-7.35195408196887e-06,0.0,ICV_113_CASE_6_with_r_theta_phi.csv
11.57358512,-2.48208939,0.774100935,0.003375405911,2452.750553,0.4218420609,327.3096117,57.15575622,4.553117737,0.03630130711,0.0431199082,322.306919478862,131.075161937948,0.295122157143474,826.192527353848,807.334548365193,0.0006691167543644,0.0431247273958782,0.0363014692434201,332.239680072915,113.51081446063978,7.453357986610214,48.45392707899548,72.51024536825452,0.9205738033607016,11.862034923545112,347.8956090998089,86.25829311223515,ICV_113_CASE_6_with_r_theta_phi.csv,0.6715471474586693,-0.20969349535722662,0.977767169629288,0.9978683793730289,0.06525869633577575,0.003375405911,0.0034896191,-0.00011421320995546724,3.383688152865546,ICV_113_CASE_6_with_r_theta_phi.csv
10.83965734,0.9568,0.7911707908,0.0,2076.545842,0.432525092,325.9822854,222.9407102,5.79031677,0.03630122169,0.04311899136,322.306919478862,131.075161937948,0.295122157143474,826.192527353848,807.334548365193,0.0006691167543644,0.0431247273958782,0.0363014692434201,332.239680072915,113.51081446063978,7.453357986610214,48.45392707899548,72.51024536825452,0.9205738033607016,10.910526509240102,5.044337381174671,85.84157841512484,ICV_113_CASE_6_with_r_theta_phi.csv,0.6176792600744292,0.08792660518945136,0.996126955814297,0.9973673621336049,0.07251444649623082,0.0,1.1500056e-05,-1.1500055734359194e-05,0.0,ICV_113_CASE_6_with_r_theta_phi.csv
-2.458036469,-0.3018328815,0.791804035,0.003375453642,6387.096006,0.4342770081,330.6439536,239.7781074,18.55813731,0.03630143454,0.04312252839,322.306919478862,131.075161937948,0.295122157143474,826.192527353848,807.334548365193,0.0006691167543644,0.0431247273958782,0.0363014692434201,332.239680072915,113.51081446063978,7.453357986610214,48.45392707899548,72.51024536825452,0.9205738033607016,2.6000000002174737,187.00055004041093,72.2695078387519,ICV_113_CASE_6_with_r_theta_phi.csv,0.14719418673037965,-0.12187887185865648,-0.9925449816479156,0.9524995434205525,0.3045400134360656,0.003375453642,0.0038971952,-0.0005217415742683009,15.45693199935618,ICV_113_CASE_6_with_r_theta_phi.csv
4.48465845,0.9568,0.8031919129,0.0,1572.456099,0.4336208736,325.4793267,272.9682867,5.86417527,0.03630134361,0.0431202495,322.306919478862,131.075161937948,0.295122157143474,826.192527353848,807.334548365193,0.0006691167543644,0.0431247273958782,0.0363014692434201,332.239680072915,113.51081446063978,7.453357986610214,48.45392707899548,72.51024536825452,0.9205738033607016,4.6553995426928045,12.043465524483736,80.0651008043119,ICV_113_CASE_6_with_r_theta_phi.csv,0.2635568267439739,0.20865366984250966,0.9779895940454852,0.9850044203941828,0.17252910422279502,0.0,7.976879e-06,-7.97687880549347e-06,0.0,ICV_113_CASE_6_with_r_theta_phi.csv
12.71319381,-2.471533027,0.8071706741,0.003375393339,2332.57859,0.4216452753,327.4522257,46.04061301,4.124168697,0.03630127552,0.04311951793,322.306919478862,131.075161937948,0.295122157143474,826.192527353848,807.334548365193,0.0006691167543644,0.0431247273958782,0.0363014692434201,332.239680072915,113.51081446063978,7.453357986610214,48.45392707899548,72.51024536825452,0.9205738033607016,12.976336033384044,348.9985300681347,86.4337122030106,ICV_113_CASE_6_with_r_theta_phi.csv,0.7346312419285854,-0.19083417910719763,0.9816222878910615,0.9980635009142147,0.06220328080464353,0.003375393339,0.0036933713,-0.0003179779736927615,9.420471680280128,ICV_113_CASE_6_with_r_theta_phi.csv
-1.596331527,0.9568,0.8107242361,0.0,4395.829183,0.4337701657,327.2844471,332.6941097,12.53864893,0.03630143058,0.04312211984,322.306919478862,131.075161937948,0.295122157143474,826.192527353848,807.334548365193,0.0006691167543644,0.0431247273958782,0.0363014692434201,332.239680072915,113.51081446063978,7.453357986610214,48.45392707899548,72.51024536825452,0.9205738033607016,2.030028170024761,149.06261343398785,66.46144975695967,ICV_113_CASE_6_with_r_theta_phi.csv,0.11492628673137006,0.5141010460640528,-0.8577296278174414,0.9167915770244425,0.39936600293094027,0.0,7.730914e-05,-7.730913785053417e-05,0.0,ICV_113_CASE_6_with_r_theta_phi.csv
11.14643479,-2.470204351,0.8112277524,0.003375408705,2567.18292,0.4262759527,327.164427,75.31620993,5.42517239,0.03630131575,0.04312005979,322.306919478862,131.075161937948,0.295122157143474,826.192527353848,807.334548365193,0.0006691167543644,0.0431247273958782,0.0363014692434201,332.239680072915,113.51081446063978,7.453357986610214,48.45392707899548,72.51024536825452,0.9205738033607016,11.44565456973456,347.50441327606995,85.93566890216783,ICV_113_CASE_6_with_r_theta_phi.csv,0.6479745445569287,-0.2163644129263398,0.9763126757443233,0.9974850996496125,0.07087648394921031,0.003375408705,0.0034896191,-0.00011421041595546712,3.383602576850944,ICV_113_CASE_6_with_r_theta_phi.csv
8.312187804,-2.468702811,0.8157857759,0.003375429194,4677.310062,0.4338773811,329.3161322,308.4412227,17.96433436,0.03630138858,0.04312143065,322.306919478862,131.075161937948,0.295122157143474,826.192527353848,807.334548365193,0.0006691167543644,0.0431247273958782,0.0363014692434201,332.239680072915,113.51081446063978,7.453357986610214,48.45392707899548,72.51024536825452,0.9205738033607016,8.709332126527638,343.4586879590337,84.62533966962371,ICV_113_CASE_6_with_r_theta_phi.csv,0.4930627150852983,-0.28470660969848594,0.9586147017410039,0.9956034876438568,0.09366800623152409,0.003375429194,0.0038715124,-0.0004960831724587734,14.696891678060316,ICV_113_CASE_6_with_r_theta_phi.csv
9.077797115,-2.468638516,0.8159803164,0.0033754264,3951.866487,0.4336555539,328.3143531,236.8906005,13.9204459,0.03630137048,0.04312105318,322.306919478862,131.075161937948,0.295122157143474,826.192527353848,807.334548365193,0.0006691167543644,0.0431247273958782,0.0363014692434201,332.239680072915,113.51081446063978,7.453357986610214,48.45392707899548,72.51024536825452,0.9205738033607016,9.442796220428209,344.78674280540827,85.04271739598761,ICV_113_CASE_6_with_r_theta_phi.csv,0.5345864269270671,-0.26241245877278757,0.964955802863955,0.9962594009806005,0.08641299646335007,0.0033754264,0.0038715124,-0.0004960859664587735,14.696986618099675,ICV_113_CASE_6_with_r_theta_phi.csv
-0.998200873,0.9568,0.8173391312,0.0,4711.119274,0.4341518805,328.2847485,375.9785237,16.54262507,0.03630143083,0.04312212306,322.306919478862,131.075161937948,0.295122157143474,826.192527353848,807.334548365193,0.0006691167543644,0.0431247273958782,0.0363014692434201,332.239680072915,113.51081446063978,7.453357986610214,48.45392707899548,72.51024536825452,0.9205738033607016,1.6062112184419377,136.21316610210056,59.41197208607048,ICV_113_CASE_6_with_r_theta_phi.csv,0.09093267461384529,0.6919773009932232,-0.7219192578883972,0.8608483735976403,0.5088615505953435,0.0,1.207765e-05,-1.207765035360353e-05,0.0,ICV_113_CASE_6_with_r_theta_phi.csv
7.377973715,-2.466560045,0.8222417802,0.003375431756,5666.14634,0.4341640346,330.6890128,403.0317755,23.33239434,0.03630140695,0.04312185854,322.306919478862,131.075161937948,0.295122157143474,826.192527353848,807.334548365193,0.0006691167543644,0.0431247273958782,0.0363014692434201,332.239680072915,113.51081446063978,7.453357986610214,48.45392707899548,72.51024536825452,0.9205738033607016,7.822691106002318,341.5144958272873,83.96650527613798,ICV_113_CASE_6_with_r_theta_phi.csv,0.44286717511333595,-0.3170647204493045,0.9484039029055101,0.9944606188029776,0.10510983612392662,0.003375431756,0.0038715124,-0.0004960806104587737,14.696804621512413,ICV_113_CASE_6_with_r_theta_phi.csv
-0.5305890959,0.9568,0.8245290402,0.0,4971.445147,0.4337287671,329.6534351,387.8340694,19.26870547,0.03630143162,0.04312215751,322.306919478862,131.075161937948,0.295122157143474,826.192527353848,807.334548365193,0.0006691167543644,0.0431247273958782,0.0363014692434201,332.239680072915,113.51081446063978,7.453357986610214,48.45392707899548,72.51024536825452,0.9205738033607016,1.369977797929993,119.01036049126446,52.99707679797445,ICV_113_CASE_6_with_r_theta_phi.csv,0.07755875684158259,0.8745320272941903,-0.48496776515219386,0.7986048047062845,0.6018557683532137,0.0,7.351954e-06,-7.35195408196887e-06,0.0,ICV_113_CASE_6_with_r_theta_phi.csv
-0.1740446971,0.9568,0.8271882549,0.0,4790.118563,0.4343217957,329.325911,357.4806366,18.9703981,0.03630143182,0.04312214501,322.306919478862,131.075161937948,0.295122157143474,826.192527353848,807.334548365193,0.0006691167543644,0.0431247273958782,0.0363014692434201,332.239680072915,113.51081446063978,7.453357986610214,48.45392707899548,72.51024536825452,0.9205738033607016,1.2767138307518793,100.30954520310333,49.61622661984632,ICV_113_CASE_6_with_r_theta_phi.csv,0.07227878999585835,0.9838552366856146,-0.1789661231805988,0.761721829697891,0.6479042013767907,0.0,7.351954e-06,-7.35195408196887e-06,0.0,ICV_113_CASE_6_with_r_theta_phi.csv
12.33541295,-2.464542715,0.8282688005,0.003375398228,2374.132101,0.4217108297,327.3968182,46.22546167,4.127500574,0.03630129385,0.04311970087,322.306919478862,131.075161937948,0.295122157143474,826.192527353848,807.334548365193,0.0006691167543644,0.0431247273958782,0.0363014692434201,332.239680072915,113.51081446063978,7.453357986610214,48.45392707899548,72.51024536825452,0.9205738033607016,12.606443298844008,348.7014114976887,86.23283785766284,ICV_113_CASE_6_with_r_theta_phi.csv,0.713690449531069,-0.1959219864643628,0.9806194854375768,0.9978392878895185,0.06570202085277699,0.003375398228,0.0034304191,-5.502090783874713e-05,1.630056784590057,ICV_113_CASE_6_with_r_theta_phi.csv
-1.771917734,0.9568,0.8315649385,0.0,4567.405223,0.4341557536,326.4994969,320.518631,10.80298015,0.03630143101,0.04312215613,322.306919478862,131.075161937948,0.295122157143474,826.192527353848,807.334548365193,0.0006691167543644,0.0431247273958782,0.0363014692434201,332.239680072915,113.51081446063978,7.453357986610214,48.45392707899548,72.51024536825452,0.9205738033607016,2.178682845897081,151.63184437543674,67.5620654482438,ICV_113_CASE_6_with_r_theta_phi.csv,0.12334209600708702,0.475135236458646,-0.8799127837890449,0.9242935308390803,0.3816824188366895,0.0,7.730914e-05,-7.730913785053417e-05,0.0,ICV_113_CASE_6_with_r_theta_phi.csv
12.64250086,0.9568,0.8350581556,0.0,2040.875188,0.4311710247,326.5366392,152.6382221,5.240177385,0.03630118461,0.04311858659,322.306919478862,131.075161937948,0.295122157143474,826.192527353848,807.334548365193,0.0006691167543644,0.0431247273958782,0.0363014692434201,332.239680072915,113.51081446063978,7.453357986610214,48.45392707899548,72.51024536825452,0.9205738033607016,12.70612515121486,4.327964560980945,86.2317530277237,ICV_113_CASE_6_with_r_theta_phi.csv,0.7193337530657913,0.07546541767724314,0.9971484196120451,0.9978380437181729,0.06572091378465308,0.0,1.0751841e-05,-1.0751840818556957e-05,0.0,ICV_113_CASE_6_with_r_theta_phi.csv
11.92751381,-2.461392898,0.8375828318,0.003375405446,2402.273424,0.4217186568,327.3778727,50.98927759,4.287627013,0.03630130107,0.04311980914,322.306919478862,131.075161937948,0.295122157143474,826.192527353848,807.334548365193,0.0006691167543644,0.0431247273958782,0.0363014692434201,332.239680072915,113.51081446063978,7.453357986610214,48.45392707899548,72.51024536825452,0.9205738033607016,12.207603601288488,348.3399706605964,86.06575579344053,ICV_113_CASE_6_with_r_theta_phi.csv,0.6911108784108517,-0.20210412100995367,0.9793640407278562,0.9976434496631172,0.06861156858923505,0.003375405446,0.0034304191,-5.501368983874691e-05,1.6298394578832625,ICV_113_CASE_6_with_r_theta_phi.csv
-1.921445305,0.9568,0.8489878547,0.0,4597.579775,0.4340424462,325.9709392,272.9304654,8.343711478,0.03630143139,0.04312218573,322.306919478862,131.075161937948,0.295122157143474,826.192527353848,807.334548365193,0.0006691167543644,0.0431247273958782,0.0363014692434201,332.239680072915,113.51081446063978,7.453357986610214,48.45392707899548,72.51024536825452,0.9205738033607016,2.308289123471029,153.52860120631522,68.4200222063613,ICV_113_CASE_6_with_r_theta_phi.csv,0.13067951547672296,0.44575101952886625,-0.8951569854438809,0.9299050715001376,0.3677996166369997,0.0,7.730914e-05,-7.730913785053417e-05,0.0,ICV_113_CASE_6_with_r_theta_phi.csv
-2.055416296,-1.345596766,0.8512538961,0.003375452477,8567.632118,0.4348124794,334.5465718,315.8963041,27.3970665,0.03630143986,0.04312289154,322.306919478862,131.075161937948,0.295122157143474,826.192527353848,807.334548365193,0.0006691167543644,0.0431247273958782,0.0363014692434201,332.239680072915,113.51081446063978,7.453357986610214,48.45392707899548,72.51024536825452,0.9205738033607016,2.600000000414894,213.2111242893964,70.88863408182533,ICV_113_CASE_6_with_r_theta_phi.csv,0.14719418674155624,-0.5477256755453046,-0.8366579852893533,0.9448839824689097,0.32740534460160103,0.003375452477,0.0035739332,-0.00019848067361926845,5.8801205145945605,ICV_113_CASE_6_with_r_theta_phi.csv
1.336229137,0.9568,0.8544537774,0.0,2099.392578,0.4325787872,327.4147853,210.1046241,8.499526544,0.03630142551,0.04312147278,322.306919478862,131.075161937948,0.295122157143474,826.192527353848,807.334548365193,0.0006691167543644,0.0431247273958782,0.0363014692434201,332.239680072915,113.51081446063978,7.453357986610214,48.45392707899548,72.51024536825452,0.9205738033607016,1.8523136355058485,35.60436252733177,62.529619069487694,ICV_113_CASE_6_with_r_theta_phi.csv,0.10486530735579647,0.582184878340403,0.8130564355761353,0.8872494157229909,0.46129001105509687,0.0,7.351954e-06,-7.35195408196887e-06,0.0,ICV_113_CASE_6_with_r_theta_phi.csv
-2.0480735,0.9568,0.8658564235,0.0,4643.91212,0.4338449301,325.5353542,205.4446521,5.495139325,0.03630143193,0.04312222244,322.306919478862,131.075161937948,0.295122157143474,826.192527353848,807.334548365193,0.0006691167543644,0.0431247273958782,0.0363014692434201,332.239680072915,113.51081446063978,7.453357986610214,48.45392707899548,72.51024536825452,0.9205738033607016,2.420697967016633,154.9593950171252,69.04167824210396,ICV_113_CASE_6_with_r_theta_phi.csv,0.13704333405580515,0.4232604474076783,-0.906008053860589,0.9338408644032951,0.3576887473355944,0.0,7.730914e-05,-7.730913785053417e-05,0.0,ICV_113_CASE_6_with_r_theta_phi.csv
-2.155698633,0.9568,0.8802492682,0.001706767129,4684.978492,0.4323074427,326.2992355,136.205798,2.797419544,0.03630143272,0.0431222764,322.306919478862,131.075161937948,0.295122157143474,826.192527353848,807.334548365193,0.0006691167543644,0.0431247273958782,0.0363014692434201,332.239680072915,113.51081446063978,7.453357986610214,48.45392707899548,72.51024536825452,0.9205738033607016,2.5174077163790343,156.0661102912252,69.53317605984364,ICV_113_CASE_6_with_r_theta_phi.csv,0.14251837748084623,0.40568228520737376,-0.914014159337219,0.936874813311804,0.34966495990014845,0.001706767129,0.0014173593,0.0002894077917893448,16.956489652419354,ICV_113_CASE_6_with_r_theta_phi.csv
2.197930884,0.9568,0.8811515825,0.0,1456.66104,0.4331489715,326.0908611,186.3046361,5.163145439,0.03630140144,0.04312094839,322.306919478862,131.075161937948,0.295122157143474,826.192527353848,807.334548365193,0.0006691167543644,0.0431247273958782,0.0363014692434201,332.239680072915,113.51081446063978,7.453357986610214,48.45392707899548,72.51024536825452,0.9205738033607016,2.5539762180144265,23.524384013127133,69.81749227261474,ICV_113_CASE_6_with_r_theta_phi.csv,0.1445886355030462,0.399139316434257,0.9168902911888609,0.9385983977844959,0.3450116631019553,0.0,7.976879e-06,-7.97687880549347e-06,0.0,ICV_113_CASE_6_with_r_theta_phi.csv
5.336634332,-2.444999293,0.8842954578,0.003375430824,7940.236706,0.4347850252,333.8604437,465.3861054,31.31083774,0.03630143847,0.04312272949,322.306919478862,131.075161937948,0.295122157143474,826.192527353848,807.334548365193,0.0006691167543644,0.0431247273958782,0.0363014692434201,332.239680072915,113.51081446063978,7.453357986610214,48.45392707899548,72.51024536825452,0.9205738033607016,5.936300699336019,335.3849365936157,81.43310285702546,ICV_113_CASE_6_with_r_theta_phi.csv,0.33607267444333166,-0.4165198215340805,0.9091266348915412,0.9888426106389312,0.14896406071527132,0.003375430824,0.003551175,-0.0001757440625246771,5.206566854311911,ICV_113_CASE_6_with_r_theta_phi.csv
0.9005840656,0.9568,0.8870572413,0.0,3169.935449,0.4325782979,328.9161377,249.5632922,12.84136463,0.03630143043,0.04312182508,322.306919478862,131.075161937948,0.295122157143474,826.192527353848,807.334548365193,0.0006691167543644,0.0431247273958782,0.0363014692434201,332.239680072915,113.51081446063978,7.453357986610214,48.45392707899548,72.51024536825452,0.9205738033607016,1.5853669759886484,46.73359558643756,55.9768366999192,ICV_113_CASE_6_with_r_theta_phi.csv,0.08975261641551216,0.7281747645846508,0.6853915028814468,0.8288114366251755,0.5595280176356789,0.0,7.351954e-06,-7.35195408196887e-06,0.0,ICV_113_CASE_6_with_r_theta_phi.csv
-2.246787337,0.9568,0.8924575179,0.003375458531,4893.254078,0.4314811161,327.2087818,114.1105502,3.695711602,0.03630143311,0.04312232105,322.306919478862,131.075161937948,0.295122157143474,826.192527353848,807.334548365193,0.0006691167543644,0.0431247273958782,0.0363014692434201,332.239680072915,113.51081446063978,7.453357986610214,48.45392707899548,72.51024536825452,0.9205738033607016,2.599999999799958,156.93314892681167,69.92481779854472,ICV_113_CASE_6_with_r_theta_phi.csv,0.14719418670674278,0.3918048809609761,-0.920048333108188,0.9392430209795326,0.3432528915264098,0.003375458531,0.0032905284,8.493009946523291e-05,2.5161055501076115,ICV_113_CASE_6_with_r_theta_phi.csv
4.611686694,-2.432972875,0.9168658507,0.003375431756,8655.147537,0.4348863583,335.0091178,473.1369329,33.38524067,0.03630144524,0.04312297645,322.306919478862,131.075161937948,0.295122157143474,826.192527353848,807.334548365193,0.0006691167543644,0.0431247273958782,0.0363014692434201,332.239680072915,113.51081446063978,7.453357986610214,48.45392707899548,72.51024536825452,0.9205738033607016,5.294115049966543,332.18535820134105,80.0268965608185,ICV_113_CASE_6_with_r_theta_phi.csv,0.29971652275834926,-0.4666126776496513,0.8844617623485046,0.9848891607786388,0.17318585675726733,0.003375431756,0.003551175,-0.00017574313052467734,5.206537805429474,ICV_113_CASE_6_with_r_theta_phi.csv
3.433519243,0.9568,0.9337545113,0.0,1479.066882,0.4330515072,325.9620575,254.1451278,5.697061292,0.03630136565,0.0431205141,322.306919478862,131.075161937948,0.295122157143474,826.192527353848,807.334548365193,0.0006691167543644,0.0431247273958782,0.0363014692434201,332.239680072915,113.51081446063978,7.453357986610214,48.45392707899548,72.51024536825452,0.9205738033607016,3.684619128135824,15.57126747683384,75.32004393181228,ICV_113_CASE_6_with_r_theta_phi.csv,0.20859789074299562,0.2684367828203095,0.9632973028245652,0.9673564663884103,0.25341954726604726,0.0,7.976879e-06,-7.97687880549347e-06,0.0,ICV_113_CASE_6_with_r_theta_phi.csv
3.795320332,-2.423505695,0.9416050896,0.003375434084,9956.827511,0.4350726753,336.8137581,449.9683366,35.32662076,0.03630145059,0.04312322431,322.306919478862,131.075161937948,0.295122157143474,826.192527353848,807.334548365193,0.0006691167543644,0.0431247273958782,0.0363014692434201,332.239680072915,113.51081446063978,7.453357986610214,48.45392707899548,72.51024536825452,0.9205738033607016,4.60048436808024,327.439691855806,78.18951336852547,ICV_113_CASE_6_with_r_theta_phi.csv,0.26044790579567495,-0.5381870438678589,0.8428254302124345,0.9788299442217189,0.2046752068397802,0.003375434084,0.003551175,-0.0001757408025246771,5.206465245630092,ICV_113_CASE_6_with_r_theta_phi.csv
15.71638354,-2.334045335,0.9524958585,0.003375414992,1750.396926,0.421411489,326.4454079,27.73786817,1.350435721,0.03630098958,0.04311707957,322.306919478862,131.075161937948,0.295122157143474,826.192527353848,807.334548365193,0.0006691167543644,0.0431247273958782,0.0363014692434201,332.239680072915,113.51081446063978,7.453357986610214,48.45392707899548,72.51024536825452,0.9205738033607016,15.917277642947548,351.5527261198601,86.56934955109398,ICV_113_CASE_6_with_r_theta_phi.csv,0.901127206699749,-0.1468992123686896,0.9891514653507109,0.9982079590720039,0.059840374708926246,0.003375414992,0.0036389534,-0.0002635384441660479,7.807586466036886,ICV_113_CASE_6_with_r_theta_phi.csv
13.13991981,0.9568,0.9580871554,0.0,2071.785344,0.4314915323,326.5650412,130.5038022,5.167005213,0.03630119478,0.04311867922,322.306919478862,131.075161937948,0.295122157143474,826.192527353848,807.334548365193,0.0006691167543644,0.0431247273958782,0.0363014692434201,332.239680072915,113.51081446063978,7.453357986610214,48.45392707899548,72.51024536825452,0.9205738033607016,13.209499984881068,4.164714822925021,85.84067568600477,ICV_113_CASE_6_with_r_theta_phi.csv,0.7478313873949607,0.07262399462022065,0.9973593912955361,0.9973662195015327,0.07253016060385167,0.0,1.0751841e-05,-1.0751840818556957e-05,0.0,ICV_113_CASE_6_with_r_theta_phi.csv
14.6595303,0.9568,0.9601937048,0.0,2204.833734,0.4322651673,326.9035447,92.50984726,4.655684936,0.03630119997,0.04311868734,322.306919478862,131.075161937948,0.295122157143474,826.192527353848,807.334548365193,0.0006691167543644,0.0431247273958782,0.0363014692434201,332.239680072915,113.51081446063978,7.453357986610214,48.45392707899548,72.51024536825452,0.9205738033607016,14.722067341489634,3.7342912868118106,86.26043513572131,ICV_113_CASE_6_with_r_theta_phi.csv,0.8334625881304589,0.06512954502543163,0.9978768172298524,0.9978708183957032,0.06522139061910093,0.0,1.0751841e-05,-1.0751840818556957e-05,0.0,ICV_113_CASE_6_with_r_theta_phi.csv
10.63828335,-2.412312524,0.969921793,0.003375416854,2869.769886,0.433058083,327.1445214,112.0751089,7.400669251,0.03630133088,0.04312032795,322.306919478862,131.075161937948,0.295122157143474,826.192527353848,807.334548365193,0.0006691167543644,0.0431247273958782,0.0363014692434201,332.239680072915,113.51081446063978,7.453357986610214,48.45392707899548,72.51024536825452,0.9205738033607016,10.951395921656326,347.22379730809035,84.91888208550608,ICV_113_CASE_6_with_r_theta_phi.csv,0.619993006198372,-0.22114345864378807,0.9752412884507419,0.9960703068431612,0.0885660421683761,0.003375416854,0.0037805068,-0.00040508993009636014,12.001182298307867,ICV_113_CASE_6_with_r_theta_phi.csv
13.80017045,-2.411407907,0.9721686616,0.003375412896,2079.138032,0.4214340623,327.2491285,60.55597112,3.926473013,0.03630116902,0.04311856014,322.306919478862,131.075161937948,0.295122157143474,826.192527353848,807.334548365193,0.0006691167543644,0.0431247273958782,0.0363014692434201,332.239680072915,113.51081446063978,7.453357986610214,48.45392707899548,72.51024536825452,0.9205738033607016,14.042959248306335,350.0883458582185,86.03034173763541,ICV_113_CASE_6_with_r_theta_phi.csv,0.7950161406420845,-0.1721294710571123,0.9850743348568162,0.9976008508440902,0.0692281907545415,0.003375412896,0.0036938398,-0.0003184268719477932,9.433716160497125,ICV_113_CASE_6_with_r_theta_phi.csv
2.984420118,-2.41017232,0.9752278635,0.003375438973,11200.93008,0.4352730664,338.3246995,417.1973494,36.28641794,0.03630145305,0.04312339899,322.306919478862,131.075161937948,0.295122157143474,826.192527353848,807.334548365193,0.0006691167543644,0.0431247273958782,0.0363014692434201,332.239680072915,113.51081446063978,7.453357986610214,48.45392707899548,72.51024536825452,0.9205738033607016,3.95812625348966,321.0761844774134,75.73622871717612,ICV_113_CASE_6_with_r_theta_phi.csv,0.22408199031147813,-0.6282864873811147,0.7779820626301742,0.9691717177264217,0.24638624466316497,0.003375438973,0.003551175,-0.00017573591352467713,5.206312864143552,ICV_113_CASE_6_with_r_theta_phi.csv
13.61075094,0.9568,0.9914381073,0.0,2144.640508,0.4320869478,326.6458336,105.2833111,5.027962891,0.03630120496,0.04311876522,322.306919478862,131.075161937948,0.295122157143474,826.192527353848,807.334548365193,0.0006691167543644,0.0431247273958782,0.0363014692434201,332.239680072915,113.51081446063978,7.453357986610214,48.45392707899548,72.51024536825452,0.9205738033607016,13.680312749031636,4.021127577380014,85.84402321140942,ICV_113_CASE_6_with_r_theta_phi.csv,0.774485580439433,0.07012431653531873,0.9975382600333956,0.9973704553985665,0.07247188901950936,0.0,1.0751841e-05,-1.0751840818556957e-05,0.0,ICV_113_CASE_6_with_r_theta_phi.csv
2.166778058,-2.402239763,0.9946075217,0.003375443863,11603.75738,0.435411896,338.322079,383.3232135,35.22720082,0.03630145274,0.04312346746,322.306919478862,131.075161937948,0.295122157143474,826.192527353848,807.334548365193,0.0006691167543644,0.0431247273958782,0.0363014692434201,332.239680072915,113.51081446063978,7.453357986610214,48.45392707899548,72.51024536825452,0.9205738033607016,3.3845128384733245,312.0499047341392,72.9101970057394,ICV_113_CASE_6_with_r_theta_phi.csv,0.19160792872920776,-0.7425617296148742,0.6697776330330585,0.9558453304072495,0.29387021682820474,0.003375443863,0.003551175,-0.00017573102352467715,5.206160451930334,ICV_113_CASE_6_with_r_theta_phi.csv
14.28095198,0.9568,1.00172819,0.0,2170.491452,0.4319999425,326.8768511,98.53543738,4.804169654,0.03630120549,0.04311875533,322.306919478862,131.075161937948,0.295122157143474,826.192527353848,807.334548365193,0.0006691167543644,0.0431247273958782,0.0363014692434201,332.239680072915,113.51081446063978,7.453357986610214,48.45392707899548,72.51024536825452,0.9205738033607016,14.347979476626897,3.832993508428615,85.99654241223158,ICV_113_CASE_6_with_r_theta_phi.csv,0.8122842961960093,0.06684846871969789,0.9977631393421144,0.9975598388989796,0.06981667290727808,0.0,1.0751841e-05,-1.0751840818556957e-05,0.0,ICV_113_CASE_6_with_r_theta_phi.csv
6.106109144,0.9568,1.004090172,0.0,1847.619448,0.4336336252,325.6144148,338.175634,7.014439132,0.03630133264,0.04312021107,322.306919478862,131.075161937948,0.295122157143474,826.192527353848,807.334548365193,0.0006691167543644,0.0431247273958782,0.0363014692434201,332.239680072915,113.51081446063978,7.453357986610214,48.45392707899548,72.51024536825452,0.9205738033607016,6.261647721801939,8.905576001158295,80.7724638650966,ICV_113_CASE_6_with_r_theta_phi.csv,0.3544915938175686,0.15480653340518663,0.9879448047411702,0.9870593127811438,0.16035558316446677,0.0,7.976879e-06,-7.97687880549347e-06,0.0,ICV_113_CASE_6_with_r_theta_phi.csv
17.27315008,-0.9696770031,1.004897623,0.003375425469,2178.606664,0.4236861714,326.7968831,12.52355281,1.057234273,0.03630115583,0.04311813392,322.306919478862,131.075161937948,0.295122157143474,826.192527353848,807.334548365193,0.0006691167543644,0.0431247273958782,0.0363014692434201,332.239680072915,113.51081446063978,7.453357986610214,48.45392707899548,72.51024536825452,0.9205738033607016,17.329506813791788,356.7869122680521,86.6756867568468,ICV_113_CASE_6_with_r_theta_phi.csv,0.9810779468004986,-0.05604957138207122,0.9984279871617613,0.9983172996563088,0.05798766426521997,0.003375425469,0.0035964788,-0.00022105337133620367,6.548903932285718,ICV_113_CASE_6_with_r_theta_phi.csv
0.1362141603,0.9568,1.01278717,0.0,4412.779865,0.4335996893,329.4144296,365.5198903,18.19543436,0.03630143219,0.04312210364,322.306919478862,131.075161937948,0.295122157143474,826.192527353848,807.334548365193,0.0006691167543644,0.0431247273958782,0.0363014692434201,332.239680072915,113.51081446063978,7.453357986610214,48.45392707899548,72.51024536825452,0.9205738033607016,1.399913707763033,81.89757272643789,43.65877976241222,ICV_113_CASE_6_with_r_theta_phi.csv,0.07925352295755941,0.9900176877002765,0.14094317308971627,0.6903621088962508,0.7234639995192028,0.0,7.351954e-06,-7.35195408196887e-06,0.0,ICV_113_CASE_6_with_r_theta_phi.csv
8.221263422,0.9568,1.019499312,0.0,2138.135232,0.4335180864,325.8585605,290.9119465,6.881744987,0.03630131751,0.04312003205,322.306919478862,131.075161937948,0.295122157143474,826.192527353848,807.334548365193,0.0006691167543644,0.0431247273958782,0.0363014692434201,332.239680072915,113.51081446063978,7.453357986610214,48.45392707899548,72.51024536825452,0.9205738033607016,8.339305567077131,6.638284659668443,82.97789271996322,ICV_113_CASE_6_with_r_theta_phi.csv,0.4721143464382206,0.11560088987493941,0.9932957436031437,0.9924990551037096,0.12225230312040541,0.0,7.976879e-06,-7.97687880549347e-06,0.0,ICV_113_CASE_6_with_r_theta_phi.csv
14.39156558,-2.391325876,1.020568741,0.003375411266,1866.98136,0.4212734855,327.0375677,47.03364942,2.847561143,0.0363010757,0.0431178146,322.306919478862,131.075161937948,0.295122157143474,826.192527353848,807.334548365193,0.0006691167543644,0.0431247273958782,0.0363014692434201,332.239680072915,113.51081446063978,7.453357986610214,48.45392707899548,72.51024536825452,0.9205738033607016,14.624539645533265,350.56583495956755,85.9983802601854,ICV_113_CASE_6_with_r_theta_phi.csv,0.827941238173234,-0.16391421869633147,0.9864745961803432,0.9975620778601487,0.06978467464524352,0.003375411266,0.0036955473,-0.00032013608188835065,9.484357803097618,ICV_113_CASE_6_with_r_theta_phi.csv
15.63928248,0.9568,1.022226563,0.0,2257.003629,0.43355678,326.5015278,75.07989079,3.642168857,0.03630119726,0.04311862186,322.306919478862,131.075161937948,0.295122157143474,826.192527353848,807.334548365193,0.0006691167543644,0.0431247273958782,0.0363014692434201,332.239680072915,113.51081446063978,7.453357986610214,48.45392707899548,72.51024536825452,0.9205738033607016,15.701833328479122,3.500950827880729,86.26726903903273,ICV_113_CASE_6_with_r_theta_phi.csv,0.8889302256800522,0.061065103650424245,0.9981337851792028,0.9978785905212234,0.0651023699981544,0.0,2.0333971e-05,-2.0333971406216733e-05,0.0,ICV_113_CASE_6_with_r_theta_phi.csv
12.98009446,-2.389089469,1.025793112,0.003375405679,2273.152144,0.4218065177,327.2320637,46.08913737,3.93660804,0.03630126765,0.04311940576,322.306919478862,131.075161937948,0.295122157143474,826.192527353848,807.334548365193,0.0006691167543644,0.0431247273958782,0.0363014692434201,332.239680072915,113.51081446063978,7.453357986610214,48.45392707899548,72.51024536825452,0.9205738033607016,13.237932323064507,349.57098040897984,85.55575658985481,ICV_113_CASE_6_with_r_theta_phi.csv,0.7494410315855008,-0.1810172886426905,0.9834799139852571,0.9969932130601198,0.07748892251192117,0.003375405679,0.0036955473,-0.00032014166888835044,9.484539022531669,ICV_113_CASE_6_with_r_theta_phi.csv
1.348747214,-2.388648571,1.026819364,0.00337544526,11675.94214,0.4355560986,337.4051914,360.3258366,33.42610912,0.03630145149,0.04312345943,322.306919478862,131.075161937948,0.295122157143474,826.192527353848,807.334548365193,0.0006691167543644,0.0431247273958782,0.0363014692434201,332.239680072915,113.51081446063978,7.453357986610214,48.45392707899548,72.51024536825452,0.9205738033607016,2.929013323509893,299.45118677838445,69.47791820978387,ICV_113_CASE_6_with_r_theta_phi.csv,0.1658206669386244,-0.8707749009868412,0.491681880702713,0.9365371497831919,0.3505683486511228,0.00337544526,0.003551175,-0.0001757296265246771,5.206116910117391,ICV_113_CASE_6_with_r_theta_phi.csv
7.181778699,0.9568,1.077007269,0.0,2043.752909,0.4332782853,326.0556314,332.7849313,7.472974726,0.03630132855,0.04312017053,322.306919478862,131.075161937948,0.295122157143474,826.192527353848,807.334548365193,0.0006691167543644,0.0431247273958782,0.0363014692434201,332.239680072915,113.51081446063978,7.453357986610214,48.45392707899548,72.51024536825452,0.9205738033607016,7.324845130027595,7.588603707600328,81.54487120840406,ICV_113_CASE_6_with_r_theta_phi.csv,0.41468254682700434,0.13205923207120157,0.9912418268136007,0.9891313170448146,0.14703481778541563,0.0,7.976879e-06,-7.97687880549347e-06,0.0,ICV_113_CASE_6_with_r_theta_phi.csv
-1.514331923,-1.816049741,1.081093042,0.003375453874,10784.14615,0.435072619,337.6393191,363.5962403,33.417799,0.03630144442,0.04312313854,322.306919478862,131.075161937948,0.295122157143474,826.192527353848,807.334548365193,0.0006691167543644,0.0431247273958782,0.0363014692434201,332.239680072915,113.51081446063978,7.453357986610214,48.45392707899548,72.51024536825452,0.9205738033607016,2.600000000050742,230.1766120986617,65.42997758201523,ICV_113_CASE_6_with_r_theta_phi.csv,0.14719418672094048,-0.7680221694492813,-0.6404232563191468,0.9094537858231435,0.41580501614573123,0.003375453874,0.0035739332,-0.0001984792766192684,5.880076693960701,ICV_113_CASE_6_with_r_theta_phi.csv
16.39919567,-1.959432947,1.086436974,0.003375417786,1910.208032,0.4214725192,326.4413088,23.02718307,1.334042255,0.03630104914,0.04311743859,322.306919478862,131.075161937948,0.295122157143474,826.192527353848,807.334548365193,0.0006691167543644,0.0431247273958782,0.0363014692434201,332.239680072915,113.51081446063978,7.453357986610214,48.45392707899548,72.51024536825452,0.9205738033607016,16.55153592254236,353.1864027454367,86.23641935177824,ICV_113_CASE_6_with_r_theta_phi.csv,0.9370345650205795,-0.1186396124279,0.9929373808871119,0.9978433928987739,0.06563964692366281,0.003375417786,0.0035964788,-0.00022106105433620377,6.549146454924568,ICV_113_CASE_6_with_r_theta_phi.csv
8.99330852,0.9568,1.087549114,0.0,2121.571091,0.43324576,325.8302561,315.3497352,6.589926435,0.03630129209,0.04311975025,322.306919478862,131.075161937948,0.295122157143474,826.192527353848,807.334548365193,0.0006691167543644,0.0431247273958782,0.0363014692434201,332.239680072915,113.51081446063978,7.453357986610214,48.45392707899548,72.51024536825452,0.9205738033607016,9.109216621162698,6.072866205137359,83.14310257199952,ICV_113_CASE_6_with_r_theta_phi.csv,0.5157014354579803,0.10579316678165103,0.9943881565376318,0.9928474377634549,0.1193899716330586,0.0,7.976879e-06,-7.97687880549347e-06,0.0,ICV_113_CASE_6_with_r_theta_phi.csv
17.41851864,0.3255941099,1.088723585,0.003375411732,2473.66943,0.4346456251,326.5903661,17.23247783,1.537006272,0.03630122868,0.04311880127,322.306919478862,131.075161937948,0.295122157143474,826.192527353848,807.334548365193,0.0006691167543644,0.0431247273958782,0.0363014692434201,332.239680072915,113.51081446063978,7.453357986610214,48.45392707899548,72.51024536825452,0.9205738033607016,17.455547031845327,1.0708715493250909,86.42407186492011,ICV_113_CASE_6_with_r_theta_phi.csv,0.9882134804120981,0.018689146260069466,0.9998253426534405,0.9980530207338305,0.06237120973715495,0.003375411732,0.0040051453,-0.0006297335495532683,18.656495840096323,ICV_113_CASE_6_with_r_theta_phi.csv
5.297813602,0.9568,1.103773233,0.0,1826.358592,0.4335596858,325.7466193,340.5456166,7.475469062,0.03630134457,0.04312035951,322.306919478862,131.075161937948,0.295122157143474,826.192527353848,807.334548365193,0.0006691167543644,0.0431247273958782,0.0363014692434201,332.239680072915,113.51081446063978,7.453357986610214,48.45392707899548,72.51024536825452,0.9205738033607016,5.49550821593631,10.23742449906689,78.41332654761817,ICV_113_CASE_6_with_r_theta_phi.csv,0.3111180240181557,0.17772756010301613,0.9840797296864867,0.979621992244604,0.20085007421137022,0.0,7.976879e-06,-7.97687880549347e-06,0.0,ICV_113_CASE_6_with_r_theta_phi.csv
12.60894867,-2.351690267,1.108852059,0.003375408472,2312.04576,0.4218480452,327.2069928,47.80344185,4.006163982,0.03630128481,0.04311958605,322.306919478862,131.075161937948,0.295122157143474,826.192527353848,807.334548365193,0.0006691167543644,0.0431247273958782,0.0363014692434201,332.239680072915,113.51081446063978,7.453357986610214,48.45392707899548,72.51024536825452,0.9205738033607016,12.874221784766092,349.4351717775144,85.05901340954023,ICV_113_CASE_6_with_r_theta_phi.csv,0.728850232783337,-0.18334792803343483,0.9830480849306642,0.9962839381903991,0.08612963777834616,0.003375408472,0.0036510793,-0.0002756707840875414,8.167034783868111,ICV_113_CASE_6_with_r_theta_phi.csv
10.09396236,-2.350367152,1.111653835,0.003375421045,3262.943373,0.4332764607,327.5363836,155.9400025,9.738040035,0.03630134802,0.04312063895,322.306919478862,131.075161937948,0.295122157143474,826.192527353848,807.334548365193,0.0006691167543644,0.0431247273958782,0.0363014692434201,332.239680072915,113.51081446063978,7.453357986610214,48.45392707899548,72.51024536825452,0.9205738033607016,10.423438785888637,346.8923081052915,83.87779422274741,ICV_113_CASE_6_with_r_theta_phi.csv,0.5901036903440161,-0.22678206058493725,0.9739455308162002,0.9942966853358929,0.10664943286326713,0.003375421045,0.0038715124,-0.0004960913214587738,14.697168581284417,ICV_113_CASE_6_with_r_theta_phi.csv
13.37768986,-2.348962779,1.114618258,0.003375408007,2211.55966,0.4217364227,327.2260996,54.7064858,4.09072974,0.03630123775,0.04311912541,322.306919478862,131.075161937948,0.295122157143474,826.192527353848,807.334548365193,0.0006691167543644,0.0431247273958782,0.0363014692434201,332.239680072915,113.51081446063978,7.453357986610214,48.45392707899548,72.51024536825452,0.9205738033607016,13.62800741078978,350.04106489922214,85.30860704334702,ICV_113_CASE_6_with_r_theta_phi.csv,0.7715244105457701,-0.1729423039810627,0.9849319567836764,0.9966496844775219,0.0817887915967466,0.003375408007,0.0036938398,-0.00031843176094779315,9.43387466620578,ICV_113_CASE_6_with_r_theta_phi.csv
-7.845172259e-15,-2.344740433,1.123473319,0.003375452245,11189.69644,0.4354644251,337.0607635,485.6085391,37.38720944,0.03630144865,0.04312338624,322.306919478862,131.075161937948,0.295122157143474,826.192527353848,807.334548365193,0.0006691167543644,0.0431247273958782,0.0363014692434201,332.239680072915,113.51081446063978,7.453357986610214,48.45392707899548,72.51024536825452,0.9205738033607016,2.5999999993557505,269.99999999999983,64.39876911293004,ICV_113_CASE_6_with_r_theta_phi.csv,0.1471941866815948,-1.0,-2.848232278972479e-15,0.9018232436849998,0.43210512279937807,0.003375452245,0.003551175,-0.00017572264152467725,5.205899201593303,ICV_113_CASE_6_with_r_theta_phi.csv
-2.187351835,-0.8206787011,1.14104269,0.003375452477,8188.788899,0.4346176459,333.628474,290.3082365,25.00565237,0.03630143858,0.04312278273,322.306919478862,131.075161937948,0.295122157143474,826.192527353848,807.334548365193,0.0006691167543644,0.0431247273958782,0.0363014692434201,332.239680072915,113.51081446063978,7.453357986610214,48.45392707899548,72.51024536825452,0.9205738033607016,2.600000000176824,200.56573027297304,63.968668676251866,ICV_113_CASE_6_with_r_theta_phi.csv,0.14719418672807835,-0.3512817099755688,-0.9362698116657614,0.8985541953485608,0.4388625730470762,0.003375452477,0.0035739332,-0.00019848067361926845,5.8801205145945605,ICV_113_CASE_6_with_r_theta_phi.csv
11.61827791,-2.324600036,1.16457489,0.003375412896,2512.567376,0.4272561016,327.1652439,67.71725249,5.039441108,0.03630130715,0.04311993943,322.306919478862,131.075161937948,0.295122157143474,826.192527353848,807.334548365193,0.0006691167543644,0.0431247273958782,0.0363014692434201,332.239680072915,113.51081446063978,7.453357986610214,48.45392707899548,72.51024536825452,0.9205738033607016,11.90564494665382,348.68558913967803,84.38652054447743,ICV_113_CASE_6_with_r_theta_phi.csv,0.674016048183378,-0.19619277926056394,0.9805653437512544,0.9952044150013841,0.0978170351306596,0.003375412896,0.0036091295,-0.0002337165645284931,6.924088153369793,ICV_113_CASE_6_with_r_theta_phi.csv
-0.7237099182,0.9568,1.173403097,0.0,5016.381401,0.4335020107,329.8374354,452.9885887,20.54669936,0.03630143241,0.04312221466,322.306919478862,131.075161937948,0.295122157143474,826.192527353848,807.334548365193,0.0006691167543644,0.0431247273958782,0.0363014692434201,332.239680072915,113.51081446063978,7.453357986610214,48.45392707899548,72.51024536825452,0.9205738033607016,1.6781230925501984,127.10334302361092,45.63430661986166,ICV_113_CASE_6_with_r_theta_phi.csv,0.09500383223874433,0.7975487322305135,-0.6032545231637313,0.7148914843830938,0.6992354149759127,0.0,1.3471495e-07,-1.3471495208250417e-07,0.0,ICV_113_CASE_6_with_r_theta_phi.csv
-0.2975090004,0.9568,1.173905828,0.0,4668.523575,0.4338746657,329.399943,411.5506373,19.48684376,0.0363014325,0.04312217656,322.306919478862,131.075161937948,0.295122157143474,826.192527353848,807.334548365193,0.0006691167543644,0.0431247273958782,0.0363014692434201,332.239680072915,113.51081446063978,7.453357986610214,48.45392707899548,72.51024536825452,0.9205738033607016,1.5433835357199366,107.27264700141836,40.48240362658942,ICV_113_CASE_6_with_r_theta_phi.csv,0.08737580166705847,0.9549026574281774,-0.29691903751124626,0.6492144858922495,0.760605384748006,0.0,7.351954e-06,-7.35195408196887e-06,0.0,ICV_113_CASE_6_with_r_theta_phi.csv
6.647294223,-2.319428785,1.174840462,0.003375430824,6236.092972,0.4343789374,331.4975114,428.0530522,25.76360964,0.03630141874,0.0431221541,322.306919478862,131.075161937948,0.295122157143474,826.192527353848,807.334548365193,0.0006691167543644,0.0431247273958782,0.0363014692434201,332.239680072915,113.51081446063978,7.453357986610214,48.45392707899548,72.51024536825452,0.9205738033607016,7.137683131588858,340.7646770560226,80.52618206710548,ICV_113_CASE_6_with_r_theta_phi.csv,0.40408671677134356,-0.32944879381786807,0.9441734439455242,0.9863609192534445,0.16459689234460015,0.003375430824,0.003884503,-0.0005090720953907974,15.081692435240393,ICV_113_CASE_6_with_r_theta_phi.csv
5.979960991,-2.313140399,1.187173742,0.003375430824,6888.617491,0.4345546966,332.4126917,467.9083015,28.68422411,0.03630142866,0.04312242153,322.306919478862,131.075161937948,0.295122157143474,826.192527353848,807.334548365193,0.0006691167543644,0.0431247273958782,0.0363014692434201,332.239680072915,113.51081446063978,7.453357986610214,48.45392707899548,72.51024536825452,0.9205738033607016,6.520731052041777,338.8527671880663,79.51014355598443,ICV_113_CASE_6_with_r_theta_phi.csv,0.3691591169279,-0.36076578282637506,0.9326564479708875,0.9832871548498268,0.1820614487126059,0.003375430824,0.0035612409,-0.00018581002974176484,5.504779667400378,ICV_113_CASE_6_with_r_theta_phi.csv
14.02945057,0.9568,1.187926413,0.0,2207.279694,0.4319691515,326.8770188,112.5643508,5.139475351,0.03630121455,0.04311885525,322.306919478862,131.075161937948,0.295122157143474,826.192527353848,807.334548365193,0.0006691167543644,0.0431247273958782,0.0363014692434201,332.239680072915,113.51081446063978,7.453357986610214,48.45392707899548,72.51024536825452,0.9205738033607016,14.112126654008472,3.9014959917897727,85.17125871886981,ICV_113_CASE_6_with_r_theta_phi.csv,0.7989319252689017,0.06804134016093683,0.9976825026174929,0.9964507585607411,0.08417770348330762,0.0,1.0751841e-05,-1.0751840818556957e-05,0.0,ICV_113_CASE_6_with_r_theta_phi.csv
12.15419896,0.9568,1.192489091,0.0,2147.881976,0.4316904362,326.552379,199.9290251,6.055534984,0.03630121775,0.0431189397,322.306919478862,131.075161937948,0.295122157143474,826.192527353848,807.334548365193,0.0006691167543644,0.0431247273958782,0.0363014692434201,332.239680072915,113.51081446063978,7.453357986610214,48.45392707899548,72.51024536825452,0.9205738033607016,12.24998158494204,4.501142199162644,84.41362708623524,ICV_113_CASE_6_with_r_theta_phi.csv,0.6935100295026349,0.07847896939498351,0.996915769442284,0.9952505807083476,0.09734619458251538,0.0,4.9229475e-06,-4.922947482555173e-06,0.0,ICV_113_CASE_6_with_r_theta_phi.csv
1.763400744,0.9568,1.193404688,0.0,1533.077294,0.4336296628,325.879513,228.6384066,6.299706133,0.03630141439,0.0431211732,322.306919478862,131.075161937948,0.295122157143474,826.192527353848,807.334548365193,0.0006691167543644,0.0431247273958782,0.0363014692434201,332.239680072915,113.51081446063978,7.453357986610214,48.45392707899548,72.51024536825452,0.9205738033607016,2.334365689706763,28.48372446311896,59.25400827079113,ICV_113_CASE_6_with_r_theta_phi.csv,0.1321557919995955,0.47690910272336834,0.8789526197353255,0.8594421781960654,0.5112329628824833,0.0,7.351954e-06,-7.35195408196887e-06,0.0,ICV_113_CASE_6_with_r_theta_phi.csv
12.19508629,-2.30778696,1.197547221,0.003375411732,2383.601792,0.4243529969,327.1623686,54.41167832,4.332812762,0.0363012945,0.04311973211,322.306919478862,131.075161937948,0.295122157143474,826.192527353848,807.334548365193,0.0006691167543644,0.0431247273958782,0.0363014692434201,332.239680072915,113.51081446063978,7.453357986610214,48.45392707899548,72.51024536825452,0.9205738033607016,12.469167158227403,349.2841170214946,84.48878004872813,ICV_113_CASE_6_with_r_theta_phi.csv,0.7059188149642012,-0.1859389986068433,0.9825612900970017,0.9953774102785702,0.09604067423298832,0.003375411732,0.003530488,-0.0001550761518360308,4.594288463238887,ICV_113_CASE_6_with_r_theta_phi.csv
-2.262441099,0.3483946073,1.232875285,0.003375453874,6994.059166,0.4336125909,329.8297721,199.1556328,14.81233991,0.0363014362,0.04312256826,322.306919478862,131.075161937948,0.295122157143474,826.192527353848,807.334548365193,0.0006691167543644,0.0431247273958782,0.0363014692434201,332.239680072915,113.51081446063978,7.453357986610214,48.45392707899548,72.51024536825452,0.9205738033607016,2.599999999462285,171.24575447479685,61.69384432212763,ICV_113_CASE_6_with_r_theta_phi.csv,0.14719418668762604,0.15219662177212442,-0.9883502356559404,0.8804264138855539,0.4741828020211439,0.003375453874,0.0038971952,-0.000521741342268301,15.456924063828334,ICV_113_CASE_6_with_r_theta_phi.csv
16.86538115,-1.423301613,1.243634453,0.003375422675,2073.319539,0.4214255263,326.5424045,18.011126,1.272006575,0.03630112191,0.04311792596,322.306919478862,131.075161937948,0.295122157143474,826.192527353848,807.334548365193,0.0006691167543644,0.0431247273958782,0.0363014692434201,332.239680072915,113.51081446063978,7.453357986610214,48.45392707899548,72.51024536825452,0.9205738033607016,16.970960357888774,355.176130310389,85.79759003019501,ICV_113_CASE_6_with_r_theta_phi.csv,0.9607795029630796,-0.08409297964267438,0.996457912194397,0.997311395803925,0.07328014601259161,0.003375422675,0.0035964788,-0.00022105616533620379,6.548992127947765,ICV_113_CASE_6_with_r_theta_phi.csv
0.6594220948,-2.282076872,1.245843148,0.003375448752,10932.21854,0.4354341934,336.2803052,461.3697653,35.77668369,0.03630144892,0.04312335862,322.306919478862,131.075161937948,0.295122157143474,826.192527353848,807.334548365193,0.0006691167543644,0.0431247273958782,0.0363014692434201,332.239680072915,113.51081446063978,7.453357986610214,48.45392707899548,72.51024536825452,0.9205738033607016,2.6823194250958022,286.1170202333344,62.32440502835345,ICV_113_CASE_6_with_r_theta_phi.csv,0.1518545485750199,-0.9606967329228356,0.2776000492640263,0.8855915440147814,0.4644648718358748,0.003375448752,0.0035612409,-0.00018579210174176491,5.504219300519326,ICV_113_CASE_6_with_r_theta_phi.csv
0.5922760437,0.9568,1.250872216,0.0,3145.858127,0.4324065864,328.5119638,320.6059539,13.01709277,0.03630143046,0.0431218462,322.306919478862,131.075161937948,0.295122157143474,826.192527353848,807.334548365193,0.0006691167543644,0.0431247273958782,0.0363014692434201,332.239680072915,113.51081446063978,7.453357986610214,48.45392707899548,72.51024536825452,0.9205738033607016,1.6825392871198208,58.241763207767065,41.97445364326035,ICV_113_CASE_6_with_r_theta_phi.csv,0.09525384691876906,0.850276568145474,0.5263361641220894,0.6687991953342828,0.7434430955494952,0.0,7.351954e-06,-7.35195408196887e-06,0.0,ICV_113_CASE_6_with_r_theta_phi.csv
15.08,-2.276975026,1.25514331,0.003375416156,1892.789249,0.4215093827,326.7391282,38.22574285,2.390423672,0.0363010804,0.04311778236,322.306919478862,131.075161937948,0.295122157143474,826.192527353848,807.334548365193,0.0006691167543644,0.0431247273958782,0.0363014692434201,332.239680072915,113.51081446063978,7.453357986610214,48.45392707899548,72.51024536825452,0.9205738033607016,15.302496528268367,351.4135975878731,85.29519285290485,ICV_113_CASE_6_with_r_theta_phi.csv,0.8663225120132763,-0.14930068492189735,0.9887918413305463,0.9966305086247447,0.08202212676090923,0.003375416156,0.0038150577,-0.0004396415314613764,13.024809712711713,ICV_113_CASE_6_with_r_theta_phi.csv
2.727748126,0.9568,1.259413676,0.0,1493.792689,0.4328711197,326.2350501,269.8873982,6.202148927,0.03630138719,0.04312083038,322.306919478862,131.075161937948,0.295122157143474,826.192527353848,807.334548365193,0.0006691167543644,0.0431247273958782,0.0363014692434201,332.239680072915,113.51081446063978,7.453357986610214,48.45392707899548,72.51024536825452,0.9205738033607016,3.153125256977962,19.329111524075078,66.45822603298717,ICV_113_CASE_6_with_r_theta_phi.csv,0.17850834916194988,0.3309938876917639,0.9436328980650749,0.9167691054059002,0.39941758520784415,0.0,7.976879e-06,-7.97687880549347e-06,0.0,ICV_113_CASE_6_with_r_theta_phi.csv
11.41833753,0.9568,1.273430135,0.0,2194.227765,0.4328106324,325.9919278,231.6191427,6.339219876,0.03630124411,0.04311922762,322.306919478862,131.075161937948,0.295122157143474,826.192527353848,807.334548365193,0.0006691167543644,0.0431247273958782,0.0363014692434201,332.239680072915,113.51081446063978,7.453357986610214,48.45392707899548,72.51024536825452,0.9205738033607016,11.528899448678208,4.789911838719263,83.65842728481982,ICV_113_CASE_6_with_r_theta_phi.csv,0.6526872992702188,0.08350238791433136,0.9965075770974371,0.9938810727134213,0.11045548108635872,0.0,7.976879e-06,-7.97687880549347e-06,0.0,ICV_113_CASE_6_with_r_theta_phi.csv
-0.7747334391,-2.124421025,1.283208248,0.003375453874,10923.53361,0.4352723518,337.6083128,499.0560942,38.02497401,0.03630144628,0.04312323657,322.306919478862,131.075161937948,0.295122157143474,826.192527353848,807.334548365193,0.0006691167543644,0.0431247273958782,0.0363014692434201,332.239680072915,113.51081446063978,7.453357986610214,48.45392707899548,72.51024536825452,0.9205738033607016,2.600000000164807,249.9641087044872,60.42637008121471,ICV_113_CASE_6_with_r_theta_phi.csv,0.14719418672739804,-0.9394781877347351,-0.3426087196360562,0.869722171553278,0.49354163381486926,0.003375453874,0.0035612409,-0.000185786979741765,5.504059205719853,ICV_113_CASE_6_with_r_theta_phi.csv
15.09081113,0.9568,1.284570379,0.0,2280.413445,0.4330248921,326.7891176,93.47264677,4.369734565,0.03630121075,0.04311877612,322.306919478862,131.075161937948,0.295122157143474,826.192527353848,807.334548365193,0.0006691167543644,0.0431247273958782,0.0363014692434201,332.239680072915,113.51081446063978,7.453357986610214,48.45392707899548,72.51024536825452,0.9205738033607016,15.175578007441302,3.627858034496796,85.14426146781307,ICV_113_CASE_6_with_r_theta_phi.csv,0.8591372549161224,0.06327576708021489,0.9979960808041334,0.9964109841762305,0.08464721267091868,0.0,1.0751841e-05,-1.0751840818556957e-05,0.0,ICV_113_CASE_6_with_r_theta_phi.csv
16.28509504,0.9568,1.285663607,0.0,2340.667389,0.4342175474,326.3312081,69.97649394,3.11041785,0.03630120455,0.04311866848,322.306919478862,131.075161937948,0.295122157143474,826.192527353848,807.334548365193,0.0006691167543644,0.0431247273958782,0.0363014692434201,332.239680072915,113.51081446063978,7.453357986610214,48.45392707899548,72.51024536825452,0.9205738033607016,16.36376233059491,3.36243989389078,85.49375662935012,ICV_113_CASE_6_with_r_theta_phi.csv,0.9264041107306428,0.05865196723702938,0.9982784915739827,0.9969087783328536,0.07856772672603682,0.0,7.8701676e-05,-7.870167610235512e-05,0.0,ICV_113_CASE_6_with_r_theta_phi.csv
9.467214023,-2.253384945,1.29701823,0.003375424305,3822.373805,0.4334982641,328.1758802,207.0826429,12.63170143,0.03630136606,0.04312098286,322.306919478862,131.075161937948,0.295122157143474,826.192527353848,807.334548365193,0.0006691167543644,0.0431247273958782,0.0363014692434201,332.239680072915,113.51081446063978,7.453357986610214,48.45392707899548,72.51024536825452,0.9205738033607016,9.81774624629262,346.6115895295759,82.40848667785053,ICV_113_CASE_6_with_r_theta_phi.csv,0.5558135285105404,-0.2315511300761005,0.9728227352197731,0.9912351192568212,0.1321095694940963,0.003375424305,0.003884503,-0.0005090786143907974,15.081914693980325,ICV_113_CASE_6_with_r_theta_phi.csv
11.0567462,-2.249791288,1.303241789,0.003375416156,2812.340076,0.4329819359,327.1137058,98.91705198,6.78858462,0.03630132437,0.04312023839,322.306919478862,131.075161937948,0.295122157143474,826.192527353848,807.334548365193,0.0006691167543644,0.0431247273958782,0.0363014692434201,332.239680072915,113.51081446063978,7.453357986610214,48.45392707899548,72.51024536825452,0.9205738033607016,11.358328949778263,348.4986522584742,83.4114364973322,ICV_113_CASE_6_with_r_theta_phi.csv,0.6430307662457294,-0.19939098466745123,0.9799200147120908,0.9933956877875681,0.11473886649720916,0.003375416156,0.003884503,-0.0005090867633907978,15.08219252713608,ICV_113_CASE_6_with_r_theta_phi.csv
16.4913057,0.9568,1.321928816,0.0,2421.44412,0.4346126911,326.1056826,71.07066553,2.940721481,0.0363012102,0.04311871086,322.306919478862,131.075161937948,0.295122157143474,826.192527353848,807.334548365193,0.0006691167543644,0.0431247273958782,0.0363014692434201,332.239680072915,113.51081446063978,7.453357986610214,48.45392707899548,72.51024536825452,0.9205738033607016,16.571847384206254,3.320489928794359,85.42468038394065,ICV_113_CASE_6_with_r_theta_phi.csv,0.938184460820838,0.057921046997889275,0.998321166917074,0.9968133319838071,0.07976955045216427,0.0,7.8701676e-05,-7.870167610235512e-05,0.0,ICV_113_CASE_6_with_r_theta_phi.csv
-1.192231172,0.9568,1.339191805,0.0,5139.024404,0.4339863408,328.816418,491.7328521,19.41085356,0.03630143289,0.04312227135,322.306919478862,131.075161937948,0.295122157143474,826.192527353848,807.334548365193,0.0006691167543644,0.0431247273958782,0.0363014692434201,332.239680072915,113.51081446063978,7.453357986610214,48.45392707899548,72.51024536825452,0.9205738033607016,2.032317912647441,141.2519490336648,48.78031014573378,ICV_113_CASE_6_with_r_theta_phi.csv,0.11505591627103894,0.6258969424488096,-0.7799057747146328,0.7521885040029197,0.6589479906986967,0.0,1.207765e-05,-1.207765035360353e-05,0.0,ICV_113_CASE_6_with_r_theta_phi.csv
12.8436896,0.9568,1.351335093,0.0,2191.762603,0.431779183,326.7828435,162.6177424,5.835154994,0.03630122743,0.04311902165,322.306919478862,131.075161937948,0.295122157143474,826.192527353848,807.334548365193,0.0006691167543644,0.0431247273958782,0.0363014692434201,332.239680072915,113.51081446063978,7.453357986610214,48.45392707899548,72.51024536825452,0.9205738033607016,12.94997819746124,4.260421174579335,84.01025976175868,ICV_113_CASE_6_with_r_theta_phi.csv,0.7331390418430833,0.07428987263010921,0.9972366894697579,0.9945405969825143,0.10435037591529871,0.0,1.0751841e-05,-1.0751840818556957e-05,0.0,ICV_113_CASE_6_with_r_theta_phi.csv
16.66227912,0.9568,1.353816132,0.0,2477.979833,0.4344325114,326.2942142,58.36897617,2.680785178,0.03630122002,0.04311879472,322.306919478862,131.075161937948,0.295122157143474,826.192527353848,807.334548365193,0.0006691167543644,0.0431247273958782,0.0363014692434201,332.239680072915,113.51081446063978,7.453357986610214,48.45392707899548,72.51024536825452,0.9205738033607016,16.74454627131029,3.2864930999529065,85.3625074072454,ICV_113_CASE_6_with_r_theta_phi.csv,0.9479614886032972,0.057328676384624785,0.9983553590100005,0.9967261853450773,0.08085116849774476,0.0,7.4806085e-05,-7.480608473997563e-05,0.0,ICV_113_CASE_6_with_r_theta_phi.csv
12.94413121,-2.205049454,1.37759098,0.003375411732,2305.382782,0.4219220285,327.1744573,49.37032843,4.053765828,0.0363012769,0.04311949695,322.306919478862,131.075161937948,0.295122157143474,826.192527353848,807.334548365193,0.0006691167543644,0.0431247273958782,0.0363014692434201,332.239680072915,113.51081446063978,7.453357986610214,48.45392707899548,72.51024536825452,0.9205738033607016,13.202671426058409,350.3323937109019,84.01075173419565,ICV_113_CASE_6_with_r_theta_phi.csv,0.7474448011786692,-0.1679320586821134,0.98579857154836,0.9945414929544084,0.10434183624997398,0.003375411732,0.0038150577,-0.00043964595546137604,13.024957849234802,ICV_113_CASE_6_with_r_theta_phi.csv
-1.382518453,0.9568,1.387186357,0.0,5228.14378,0.4344423096,327.4318356,486.4912288,16.39424498,0.03630143389,0.04312234613,322.306919478862,131.075161937948,0.295122157143474,826.192527353848,807.334548365193,0.0006691167543644,0.0431247273958782,0.0363014692434201,332.239680072915,113.51081446063978,7.453357986610214,48.45392707899548,72.51024536825452,0.9205738033607016,2.1797039941084764,145.31404105038564,50.47532787724117,ICV_113_CASE_6_with_r_theta_phi.csv,0.123399906422662,0.5690780296155219,-0.822283525439319,0.7713506103573304,0.6364104303838631,0.0,7.730914e-05,-7.730913785053417e-05,0.0,ICV_113_CASE_6_with_r_theta_phi.csv
16.80343493,0.9568,1.387532395,0.0,2529.627322,0.4341565881,326.5271179,50.20863332,2.504033526,0.03630122746,0.04311885957,322.306919478862,131.075161937948,0.295122157143474,826.192527353848,807.334548365193,0.0006691167543644,0.0431247273958782,0.0363014692434201,332.239680072915,113.51081446063978,7.453357986610214,48.45392707899548,72.51024536825452,0.9205738033607016,16.887751118308163,3.2589449557520997,85.28714820317992,ICV_113_CASE_6_with_r_theta_phi.csv,0.9560687659063499,0.05684865471050305,0.9983828075731302,0.9966189824331645,0.08216205848129572,0.0,0.00024948578,-0.0002494857762940228,0.0,ICV_113_CASE_6_with_r_theta_phi.csv
10.93092934,0.9568,1.395339378,0.0,2231.960924,0.4330747293,325.9665287,252.3331115,6.45023658,0.03630126141,0.04311941795,322.306919478862,131.075161937948,0.295122157143474,826.192527353848,807.334548365193,0.0006691167543644,0.0431247273958782,0.0363014692434201,332.239680072915,113.51081446063978,7.453357986610214,48.45392707899548,72.51024536825452,0.9205738033607016,11.061087399341451,5.002432359515467,82.75291603900416,ICV_113_CASE_6_with_r_theta_phi.csv,0.6262029861398202,0.08719803380597287,0.9961909971990173,0.9920113712260729,0.1261484813946115,0.0,7.976879e-06,-7.97687880549347e-06,0.0,ICV_113_CASE_6_with_r_theta_phi.csv
14.4899898,0.9568,1.399062051,0.0,2293.723132,0.4325664405,326.9127504,108.6252429,5.022625589,0.03630122256,0.04311891906,322.306919478862,131.075161937948,0.295122157143474,826.192527353848,807.334548365193,0.0006691167543644,0.0431247273958782,0.0363014692434201,332.239680072915,113.51081446063978,7.453357986610214,48.45392707899548,72.51024536825452,0.9205738033607016,14.58878491398966,3.777858657588695,84.49688702183414,ICV_113_CASE_6_with_r_theta_phi.csv,0.8259170502382787,0.06588830573430153,0.9978270046292911,0.9953909894335597,0.09589983396481457,0.0,1.0751841e-05,-1.0751840818556957e-05,0.0,ICV_113_CASE_6_with_r_theta_phi.csv
-2.178027809,-0.2031706682,1.405317239,0.003375452477,8156.976505,0.4343646843,332.7735599,262.8156863,22.57948917,0.0363014383,0.04312272333,322.306919478862,131.075161937948,0.295122157143474,826.192527353848,807.334548365193,0.0006691167543644,0.0431247273958782,0.0363014692434201,332.239680072915,113.51081446063978,7.453357986610214,48.45392707899548,72.51024536825452,0.9205738033607016,2.5999999998893766,185.32923990565263,57.28186596543037,ICV_113_CASE_6_with_r_theta_phi.csv,0.14719418671180506,-0.09287872619664087,-0.9956774287991516,0.8413397544900684,0.5405066304076126,0.003375452477,0.0035739332,-0.00019848067361926845,5.8801205145945605,ICV_113_CASE_6_with_r_theta_phi.csv
13.77630485,0.9568,1.410411908,0.0,2303.213521,0.4326426045,326.6120744,121.4528575,5.553448357,0.03630123085,0.04311902716,322.306919478862,131.075161937948,0.295122157143474,826.192527353848,807.334548365193,0.0006691167543644,0.0431247273958782,0.0363014692434201,332.239680072915,113.51081446063978,7.453357986610214,48.45392707899548,72.51024536825452,0.9205738033607016,13.881329306315074,3.972960189399657,84.16840129487741,ICV_113_CASE_6_with_r_theta_phi.csv,0.7858657606956644,0.06928568187621086,0.9975968596015871,0.994824824839425,0.10160495993408653,0.0,1.0751841e-05,-1.0751840818556957e-05,0.0,ICV_113_CASE_6_with_r_theta_phi.csv
13.38882422,0.9568,1.413359526,0.0,2281.122138,0.432350074,326.7979551,130.023292,5.726102654,0.036301235,0.0431190818,322.306919478862,131.075161937948,0.295122157143474,826.192527353848,807.334548365193,0.0006691167543644,0.0431247273958782,0.0363014692434201,332.239680072915,113.51081446063978,7.453357986610214,48.45392707899548,72.51024536825452,0.9205738033607016,13.497172495889409,4.087555764197248,83.98923998845027,ICV_113_CASE_6_with_r_theta_phi.csv,0.7641174340484287,0.07128080560411637,0.9974562881412038,0.9945022476334401,0.10471523027733717,0.0,1.0751841e-05,-1.0751840818556957e-05,0.0,ICV_113_CASE_6_with_r_theta_phi.csv
16.92316141,0.9568,1.415758187,0.001710583572,2526.990608,0.4340335444,326.6587432,33.81389278,1.949848019,0.03630123644,0.04311893944,322.306919478862,131.075161937948,0.295122157143474,826.192527353848,807.334548365193,0.0006691167543644,0.0431247273958782,0.0363014692434201,332.239680072915,113.51081446063978,7.453357986610214,48.45392707899548,72.51024536825452,0.9205738033607016,17.009210140184955,3.235938032593822,85.22547343686506,ICV_113_CASE_6_with_r_theta_phi.csv,0.9629449435773986,0.056447752956338595,0.9984055544648077,0.9965299635420225,0.08323479899017797,0.001710583572,0.0010914598,0.0006191238059696884,36.19371866665812,ICV_113_CASE_6_with_r_theta_phi.csv
1.21130257,0.9568,1.418321603,0.0,1772.394449,0.4329837073,326.5162909,310.5557045,7.833382579,0.03630142342,0.04312142088,322.306919478862,131.075161937948,0.295122157143474,826.192527353848,807.334548365193,0.0006691167543644,0.0431247273958782,0.0363014692434201,332.239680072915,113.51081446063978,7.453357986610214,48.45392707899548,72.51024536825452,0.9205738033607016,2.096272006592917,38.304977440578114,47.42207227643274,ICV_113_CASE_6_with_r_theta_phi.csv,0.11867655890396017,0.619847205119289,0.7847225256775837,0.7363577880606801,0.6765923499141729,0.0,7.351954e-06,-7.35195408196887e-06,0.0,ICV_113_CASE_6_with_r_theta_phi.csv
2.224906266,0.9568,1.418563159,0.0,1514.354723,0.4332431032,326.0878754,271.4944567,6.555162462,0.03630140216,0.04312104162,322.306919478862,131.075161937948,0.295122157143474,826.192527353848,807.334548365193,0.0006691167543644,0.0431247273958782,0.0363014692434201,332.239680072915,113.51081446063978,7.453357986610214,48.45392707899548,72.51024536825452,0.9205738033607016,2.806776722248872,23.269667436271504,59.641660501240665,ICV_113_CASE_6_with_r_theta_phi.csv,0.15890046805024105,0.3950592187878967,0.9186556556461712,0.862881384857451,0.505406485580159,0.0,7.976879e-06,-7.97687880549347e-06,0.0,ICV_113_CASE_6_with_r_theta_phi.csv
8.713476605,-2.176060361,1.422941075,0.003375427565,4490.428879,0.4337151986,329.0299803,267.1787264,16.10235822,0.03630138252,0.04312131263,322.306919478862,131.075161937948,0.295122157143474,826.192527353848,807.334548365193,0.0006691167543644,0.0431247273958782,0.0363014692434201,332.239680072915,113.51081446063978,7.453357986610214,48.45392707899548,72.51024536825452,0.9205738033607016,9.093111378594234,345.9780459247857,80.99703310730422,ICV_113_CASE_6_with_r_theta_phi.csv,0.5147896669649948,-0.24229366691461265,0.9702029576192142,0.9876802387742778,0.1564856093536579,0.003375427565,0.003884503,-0.0005090753543907974,15.08180354745605,ICV_113_CASE_6_with_r_theta_phi.csv
-1.542037985,0.9568,1.427184931,0.0,5367.51835,0.4343891011,326.6184935,428.2015024,13.16970813,0.03630143463,0.04312240146,322.306919478862,131.075161937948,0.295122157143474,826.192527353848,807.334548365193,0.0006691167543644,0.0431247273958782,0.0363014692434201,332.239680072915,113.51081446063978,7.453357986610214,48.45392707899548,72.51024536825452,0.9205738033607016,2.308723503249433,148.18132585675306,51.81733724440528,ICV_113_CASE_6_with_r_theta_phi.csv,0.1307041070837264,0.5272327690211126,-0.8497208996313614,0.7860439826272546,0.6181705730423313,0.0,7.730914e-05,-7.730913785053417e-05,0.0,ICV_113_CASE_6_with_r_theta_phi.csv
17.02707409,0.9568,1.432981591,0.003375411732,2501.740986,0.4341545158,326.6112774,20.71851069,1.609065397,0.03630124486,0.0431190084,322.306919478862,131.075161937948,0.295122157143474,826.192527353848,807.334548365193,0.0006691167543644,0.0431247273958782,0.0363014692434201,332.239680072915,113.51081446063978,7.453357986610214,48.45392707899548,72.51024536825452,0.9205738033607016,17.11403384788327,3.216231363352108,85.1969220424798,ICV_113_CASE_6_with_r_theta_phi.csv,0.9688793437325625,0.056104351764965754,0.998424910402897,0.9964883625966274,0.08373137529918113,0.003375411732,0.0025561352,0.0008192765525250503,24.271899766044047,ICV_113_CASE_6_with_r_theta_phi.csv
5.077834368,-2.167504553,1.435940115,0.00337543129,7243.561823,0.4346241306,333.0568819,504.0408217,30.93018231,0.03630143599,0.04312263151,322.306919478862,131.075161937948,0.295122157143474,826.192527353848,807.334548365193,0.0006691167543644,0.0431247273958782,0.0363014692434201,332.239680072915,113.51081446063978,7.453357986610214,48.45392707899548,72.51024536825452,0.9205738033607016,5.704770097907883,336.88449180954854,75.42135424688195,ICV_113_CASE_6_with_r_theta_phi.csv,0.3229649980673472,-0.39258606937939305,0.9197152701402964,0.9678030500022724,0.2517086736811012,0.00337543129,0.0035612409,-0.00018580956374176496,5.504765101786957,ICV_113_CASE_6_with_r_theta_phi.csv
17.21771682,-0.3382476914,1.440748176,0.003375417786,2332.97748,0.4300432925,326.7562646,12.62823258,1.226517152,0.03630120454,0.04311857404,322.306919478862,131.075161937948,0.295122157143474,826.192527353848,807.334548365193,0.0006691167543644,0.0431247273958782,0.0363014692434201,332.239680072915,113.51081446063978,7.453357986610214,48.45392707899548,72.51024536825452,0.9205738033607016,17.281201905570565,358.8745503982647,85.21765215092819,ICV_113_CASE_6_with_r_theta_phi.csv,0.9783432538466087,-0.01964153797803734,0.9998070863850973,0.9965185921086501,0.08337083172065544,0.003375417786,0.0035964788,-0.00022106105433620377,6.549146454924568,ICV_113_CASE_6_with_r_theta_phi.csv
13.80415913,-2.154680893,1.455111765,0.003375413362,2215.914802,0.4217819244,327.1987396,49.55974907,3.88168169,0.03630123307,0.04311904649,322.306919478862,131.075161937948,0.295122157143474,826.192527353848,807.334548365193,0.0006691167543644,0.0431247273958782,0.0363014692434201,332.239680072915,113.51081446063978,7.453357986610214,48.45392707899548,72.51024536825452,0.9205738033607016,14.046878987364527,351.12833167204855,84.05408165611158,ICV_113_CASE_6_with_r_theta_phi.csv,0.795238049412399,-0.15422184006243775,0.9880362463228543,0.9946201170439277,0.10358968467720854,0.003375413362,0.0038150577,-0.00043964432546137605,13.02490326905114,ICV_113_CASE_6_with_r_theta_phi.csv
-1.751458963,-1.253888463,1.456075281,0.003375452477,10330.35003,0.4348372596,337.0348292,363.9104339,32.53831406,0.03630144247,0.04312298873,322.306919478862,131.075161937948,0.295122157143474,826.192527353848,807.334548365193,0.0006691167543644,0.0431247273958782,0.0363014692434201,332.239680072915,113.51081446063978,7.453357986610214,48.45392707899548,72.51024536825452,0.9205738033607016,2.6000000001263013,215.59928633652632,55.94219985784014,ICV_113_CASE_6_with_r_theta_phi.csv,0.1471941867252181,-0.582112842310076,-0.8131080117780691,0.8284730354415053,0.5600289542035646,0.003375452477,0.0035739332,-0.00019848067361926845,5.8801205145945605,ICV_113_CASE_6_with_r_theta_phi.csv
10.48448851,-2.153959163,1.456179908,0.003375419416,3178.310443,0.4331379901,327.4916047,139.7091352,8.959761791,0.03630134182,0.04312054868,322.306919478862,131.075161937948,0.295122157143474,826.192527353848,807.334548365193,0.0006691167543644,0.0431247273958782,0.0363014692434201,332.239680072915,113.51081446063978,7.453357986610214,48.45392707899548,72.51024536825452,0.9205738033607016,10.802059957094135,348.3905469453273,82.25261188383979,ICV_113_CASE_6_with_r_theta_phi.csv,0.6115386270247222,-0.2012395355200698,0.9795420610385582,0.9908720436681543,0.13480576054789137,0.003375419416,0.003884503,-0.0005090835033907978,15.082081380075142,ICV_113_CASE_6_with_r_theta_phi.csv
-1.675144833,0.9568,1.462687803,0.0,5532.128429,0.4342634762,325.8475949,328.3578483,9.024461128,0.03630143557,0.04312246145,322.306919478862,131.075161937948,0.295122157143474,826.192527353848,807.334548365193,0.0006691167543644,0.0431247273958782,0.0363014692434201,332.239680072915,113.51081446063978,7.453357986610214,48.45392707899548,72.51024536825452,0.9205738033607016,2.420956848143222,150.266094129046,52.83031703794131,ICV_113_CASE_6_with_r_theta_phi.csv,0.13705799013153014,0.49597261092546124,-0.8683381652396611,0.7968497193210908,0.6041775606706183,0.0,7.730914e-05,-7.730913785053417e-05,0.0,ICV_113_CASE_6_with_r_theta_phi.csv
-1.787312183,0.9568,1.492713674,0.001709658769,5639.254238,0.432977758,326.146998,212.036212,4.768165381,0.03630143691,0.04312254793,322.306919478862,131.075161937948,0.295122157143474,826.192527353848,807.334548365193,0.0006691167543644,0.0431247273958782,0.0363014692434201,332.239680072915,113.51081446063978,7.453357986610214,48.45392707899548,72.51024536825452,0.9205738033607016,2.517567316289041,151.838566346309,53.63557088184109,ICV_113_CASE_6_with_r_theta_phi.csv,0.14252741293428997,0.47195744393999406,-0.8816213309066582,0.8052620538751772,0.5929190708593637,0.001709658769,0.0013636036,0.0003460551379655065,20.24118169297061,ICV_113_CASE_6_with_r_theta_phi.csv
0.105516731,0.9568,1.494152983,0.0,3622.195931,0.4326636711,328.7381504,445.1409045,15.78083422,0.03630143159,0.04312199326,322.306919478862,131.075161937948,0.295122157143474,826.192527353848,807.334548365193,0.0006691167543644,0.0431247273958782,0.0363014692434201,332.239680072915,113.51081446063978,7.453357986610214,48.45392707899548,72.51024536825452,0.9205738033607016,1.777383795675184,83.70680204430346,32.79145824686469,ICV_113_CASE_6_with_r_theta_phi.csv,0.10062329318856965,0.9939739758962278,0.1096163091927708,0.541582891151626,0.8406473529440547,0.0,7.351954e-06,-7.35195408196887e-06,0.0,ICV_113_CASE_6_with_r_theta_phi.csv
7.906666834,-2.118197889,1.507726004,0.00337542966,5055.42107,0.4339316309,329.8599022,334.4518092,19.68715909,0.03630139657,0.04312161729,322.306919478862,131.075161937948,0.295122157143474,826.192527353848,807.334548365193,0.0006691167543644,0.0431247273958782,0.0363014692434201,332.239680072915,113.51081446063978,7.453357986610214,48.45392707899548,72.51024536825452,0.9205738033607016,8.32318331072778,345.0026172771592,79.56337935005331,ICV_113_CASE_6_with_r_theta_phi.csv,0.4712016147415271,-0.2587749212404302,0.9659376481621416,0.9834558909429385,0.18114775894178506,0.00337542966,0.003884503,-0.0005090732593907975,15.081732120585212,ICV_113_CASE_6_with_r_theta_phi.csv
-1.881570639,0.9568,1.517967618,0.003375452245,6183.278365,0.4322373262,327.4552774,169.1391481,6.32380364,0.03630143799,0.04312262437,322.306919478862,131.075161937948,0.295122157143474,826.192527353848,807.334548365193,0.0006691167543644,0.0431247273958782,0.0363014692434201,332.239680072915,113.51081446063978,7.453357986610214,48.45392707899548,72.51024536825452,0.9205738033607016,2.5999999997775887,153.0461475795612,54.27936112160546,ICV_113_CASE_6_with_r_theta_phi.csv,0.14719418670547638,0.4532727116678156,-0.8913718914444775,0.8118732731062155,0.5838336992807116,0.003375452245,0.0028056537,0.0005697985183179331,16.880657073230985,ICV_113_CASE_6_with_r_theta_phi.csv
15.75489818,-1.999304366,1.518978109,0.003375416622,2011.322655,0.4217635781,326.4799551,32.03451098,2.072554335,0.03630111635,0.04311798524,322.306919478862,131.075161937948,0.295122157143474,826.192527353848,807.334548365193,0.0006691167543644,0.0431247273958782,0.0363014692434201,332.239680072915,113.51081446063978,7.453357986610214,48.45392707899548,72.51024536825452,0.9205738033607016,15.953724615452504,352.76779378414614,84.53650674259814,ICV_113_CASE_6_with_r_theta_phi.csv,0.9031905845752116,-0.12589088587903435,0.9920440942078088,0.9954570656628742,0.09521150362146465,0.003375416622,0.0036389534,-0.0002635368141660479,7.8075344053920634,ICV_113_CASE_6_with_r_theta_phi.csv
12.50646458,-2.106827909,1.523573484,0.003375413595,2439.894294,0.425208861,327.1442328,58.06117441,4.606829217,0.03630129116,0.04311970502,322.306919478862,131.075161937948,0.295122157143474,826.192527353848,807.334548365193,0.0006691167543644,0.0431247273958782,0.0363014692434201,332.239680072915,113.51081446063978,7.453357986610214,48.45392707899548,72.51024536825452,0.9205738033607016,12.773866144988515,350.4377830777365,83.14987019193114,ICV_113_CASE_6_with_r_theta_phi.csv,0.7231687840219402,-0.16611850615548912,0.986105796511038,0.9928615328526412,0.11927269839113946,0.003375413595,0.003530488,-0.00015507428883603088,4.594230734266168,ICV_113_CASE_6_with_r_theta_phi.csv
4.185437585,-2.102406995,1.529668209,0.003375433851,8308.428312,0.4347685685,334.578756,550.068971,35.00345359,0.0363014421,0.04312283884,322.306919478862,131.075161937948,0.295122157143474,826.192527353848,807.334548365193,0.0006691167543644,0.0431247273958782,0.0363014692434201,332.239680072915,113.51081446063978,7.453357986610214,48.45392707899548,72.51024536825452,0.9205738033607016,4.927259662345879,333.32894719473114,71.91364286927853,ICV_113_CASE_6_with_r_theta_phi.csv,0.27894768413374726,-0.4488675887517154,0.8935982809787746,0.9505896807740746,0.3104500906842241,0.003375433851,0.0035612409,-0.00018580700274176522,5.50468505349828,ICV_113_CASE_6_with_r_theta_phi.csv
3.369187588,-2.090358256,1.546092611,0.003375437576,9207.063728,0.4349717021,335.7373363,556.9072406,37.39534646,0.03630144657,0.04312302963,322.306919478862,131.075161937948,0.295122157143474,826.192527353848,807.334548365193,0.0006691167543644,0.0431247273958782,0.0363014692434201,332.239680072915,113.51081446063978,7.453357986610214,48.45392707899548,72.51024536825452,0.9205738033607016,4.255751990347818,328.183132217646,68.69731998202838,ICV_113_CASE_6_with_r_theta_phi.csv,0.24093152042040206,-0.5272059796549756,0.8497375212476129,0.9316742354400301,0.3632948100609686,0.003375437576,0.0035612409,-0.00018580327774176493,5.504568622682158,ICV_113_CASE_6_with_r_theta_phi.csv
14.07899536,0.9568,1.561777183,0.0,2340.861293,0.4322999246,327.0921163,122.2087298,5.562195292,0.03630123397,0.04311904948,322.306919478862,131.075161937948,0.295122157143474,826.192527353848,807.334548365193,0.0006691167543644,0.0431247273958782,0.0363014692434201,332.239680072915,113.51081446063978,7.453357986610214,48.45392707899548,72.51024536825452,0.9205738033607016,14.197630948726657,3.8878085829265383,83.68453104078606,ICV_113_CASE_6_with_r_theta_phi.csv,0.803772592623496,0.06780300149872419,0.997698728568782,0.9939312926919951,0.1100026609115418,0.0,7.2286675e-06,-7.228667527670041e-06,0.0,ICV_113_CASE_6_with_r_theta_phi.csv
13.24220459,-2.076358161,1.564844014,0.003375413362,2337.356553,0.4219900802,327.2103157,50.33067629,4.184013227,0.0363012699,0.04311942027,322.306919478862,131.075161937948,0.295122157143474,826.192527353848,807.334548365193,0.0006691167543644,0.0431247273958782,0.0363014692434201,332.239680072915,113.51081446063978,7.453357986610214,48.45392707899548,72.51024536825452,0.9205738033607016,13.495035472510622,351.0886641973541,83.34117279600423,ICV_113_CASE_6_with_r_theta_phi.csv,0.7639964504260295,-0.1549058482443756,0.9879292374353997,0.9932542327921278,0.11595701376165937,0.003375413362,0.0038150577,-0.00043964432546137605,13.02490326905114,ICV_113_CASE_6_with_r_theta_phi.csv
11.49362435,-2.076122397,1.565156795,0.00337541569,2760.815961,0.4328625017,327.1671487,88.4719011,6.305102886,0.03630131726,0.04312013709,322.306919478862,131.075161937948,0.295122157143474,826.192527353848,807.334548365193,0.0006691167543644,0.0431247273958782,0.0363014692434201,332.239680072915,113.51081446063978,7.453357986610214,48.45392707899548,72.51024536825452,0.9205738033607016,11.784031597851929,349.76092645428906,82.36741168825245,ICV_113_CASE_6_with_r_theta_phi.csv,0.6671311335791644,-0.17775588311688645,0.9840746140498371,0.9911401560164336,0.13282014580521947,0.00337541569,0.0038837544,-0.0005083386788714505,15.060031871832951,ICV_113_CASE_6_with_r_theta_phi.csv
2.566363803,-2.061043871,1.584959988,0.003375443164,9581.734949,0.4351280777,336.0313718,538.2113717,37.58819178,0.03630144782,0.04312313329,322.306919478862,131.075161937948,0.295122157143474,826.192527353848,807.334548365193,0.0006691167543644,0.0431247273958782,0.0363014692434201,332.239680072915,113.51081446063978,7.453357986610214,48.45392707899548,72.51024536825452,0.9205738033607016,3.653248304057124,321.23209175249644,64.28789099183012,ICV_113_CASE_6_with_r_theta_phi.csv,0.2068218896134034,-0.6261672006484934,0.779688807686778,0.9009853507942427,0.4338495103767844,0.003375443164,0.0035612409,-0.00018579768974176514,5.5043939613116,ICV_113_CASE_6_with_r_theta_phi.csv
7.143632468,-2.058342166,1.588467037,0.003375430359,5426.40857,0.434141685,330.3541971,389.3942622,22.32066046,0.03630140723,0.04312185749,322.306919478862,131.075161937948,0.295122157143474,826.192527353848,807.334548365193,0.0006691167543644,0.0431247273958782,0.0363014692434201,332.239680072915,113.51081446063978,7.453357986610214,48.45392707899548,72.51024536825452,0.9205738033607016,7.602071088712135,343.9263711287241,77.93906325427321,ICV_113_CASE_6_with_r_theta_phi.csv,0.4303771812599688,-0.2768724128259355,0.9609066900672223,0.9779259237450568,0.20895187883189112,0.003375430359,0.003884503,-0.0005090725603907977,15.081708288918684,ICV_113_CASE_6_with_r_theta_phi.csv
1.768029328,-2.040827073,1.610908085,0.00337544526,9473.222728,0.4351808183,335.4995755,538.1570152,36.93527986,0.03630144639,0.04312310389,322.306919478862,131.075161937948,0.295122157143474,826.192527353848,807.334548365193,0.0006691167543644,0.0431247273958782,0.0363014692434201,332.239680072915,113.51081446063978,7.453357986610214,48.45392707899548,72.51024536825452,0.9205738033607016,3.1441895147837773,310.90335950457984,59.1798802656665,ICV_113_CASE_6_with_r_theta_phi.csv,0.17800246866002858,-0.7558150775230068,0.6547851316186794,0.8587800372511577,0.5123444618797983,0.00337544526,0.0035612409,-0.00018579559374176484,5.504328447818512,ICV_113_CASE_6_with_r_theta_phi.csv
11.97675296,-2.039345535,1.612783244,0.003375414526,2610.087841,0.4317922551,327.1638603,71.44965212,5.433943614,0.03630130499,0.04311993456,322.306919478862,131.075161937948,0.295122157143474,826.192527353848,807.334548365193,0.0006691167543644,0.0431247273958782,0.0363014692434201,332.239680072915,113.51081446063978,7.453357986610214,48.45392707899548,72.51024536825452,0.9205738033607016,12.25571750115514,350.3366233620986,82.43826626694124,ICV_113_CASE_6_with_r_theta_phi.csv,0.6938347577803542,-0.16785928525347912,0.9858109658317822,0.9913036495636535,0.13159435535683614,0.003375414526,0.0038029368,-0.00042752223098339957,12.665769716982664,ICV_113_CASE_6_with_r_theta_phi.csv
14.45164636,-2.031960279,1.622078119,0.003375415457,2154.84041,0.4218023699,327.0261801,44.88247861,3.4615127,0.03630120921,0.04311880667,322.306919478862,131.075161937948,0.295122157143474,826.192527353848,807.334548365193,0.0006691167543644,0.0431247273958782,0.0363014692434201,332.239680072915,113.51081446063978,7.453357986610214,48.45392707899548,72.51024536825452,0.9205738033607016,14.683667202510197,351.99644715968964,83.6576947104104,ICV_113_CASE_6_with_r_theta_phi.csv,0.831288635350867,-0.13923450598867154,0.9902594368861579,0.9938796603665758,0.11046818867719256,0.003375415457,0.0038150577,-0.0004396422304613762,13.024833118524404,ICV_113_CASE_6_with_r_theta_phi.csv
0.9709304215,-2.026330359,1.629105667,0.003375446424,9179.261589,0.4351623738,334.631048,580.6101247,36.83938293,0.03630144497,0.04312306286,322.306919478862,131.075161937948,0.295122157143474,826.192527353848,807.334548365193,0.0006691167543644,0.0431247273958782,0.0363014692434201,332.239680072915,113.51081446063978,7.453357986610214,48.45392707899548,72.51024536825452,0.9205738033607016,2.7753749082692867,295.60173816176734,54.056597934971705,ICV_113_CASE_6_with_r_theta_phi.csv,0.15712271248478063,-0.9018194179578273,0.43211310717705115,0.809597225778742,0.5869858022229879,0.003375446424,0.0035612409,-0.00018579442974176515,5.504292065360366,ICV_113_CASE_6_with_r_theta_phi.csv
9.864304858,-2.024698728,1.63113306,0.003375422675,3637.592802,0.4333627907,327.9680014,185.1307432,11.41337435,0.03630135862,0.04312085404,322.306919478862,131.075161937948,0.295122157143474,826.192527353848,807.334548365193,0.0006691167543644,0.0431247273958782,0.0363014692434201,332.239680072915,113.51081446063978,7.453357986610214,48.45392707899548,72.51024536825452,0.9205738033607016,10.201201416017245,348.4008486448125,80.79913025190012,ICV_113_CASE_6_with_r_theta_phi.csv,0.5775221330684076,-0.2010634120019259,0.9795782277869103,0.9871338379679405,0.1598961723703346,0.003375422675,0.003884503,-0.0005090802443907978,15.081970267322987,ICV_113_CASE_6_with_r_theta_phi.csv
6.384545072,-1.984820832,1.67943034,0.003375430359,5690.456176,0.4342791289,330.8025581,435.3882811,24.56032316,0.03630141636,0.04312207275,322.306919478862,131.075161937948,0.295122157143474,826.192527353848,807.334548365193,0.0006691167543644,0.0431247273958782,0.0363014692434201,332.239680072915,113.51081446063978,7.453357986610214,48.45392707899548,72.51024536825452,0.9205738033607016,6.893650395723094,342.7306290692762,75.89971191151966,ICV_113_CASE_6_with_r_theta_phi.csv,0.3902712551989027,-0.2968644373915443,0.954919633169306,0.9698707903536685,0.2436198883891675,0.003375430359,0.003884503,-0.0005090725603907977,15.081708288918684,ICV_113_CASE_6_with_r_theta_phi.csv
16.32991552,-1.526055948,1.693772248,0.003375416854,2127.435675,0.4218611118,326.4362114,24.05000031,1.750389847,0.03630115557,0.04311823993,322.306919478862,131.075161937948,0.295122157143474,826.192527353848,807.334548365193,0.0006691167543644,0.0431247273958782,0.0363014692434201,332.239680072915,113.51081446063978,7.453357986610214,48.45392707899548,72.51024536825452,0.9205738033607016,16.488294395566147,354.6611262604915,84.1038475248111,ICV_113_CASE_6_with_r_theta_phi.csv,0.9334542630474747,-0.09304614019701617,0.9956617978984817,0.9947097175963825,0.10272574029582321,0.003375416854,0.0035964788,-0.0002210619863362035,6.5491758746403335,ICV_113_CASE_6_with_r_theta_phi.csv
15.67298796,0.9568,1.694945085,0.0,2373.849897,0.4336941961,326.5897771,84.49351023,3.807240761,0.03630121914,0.04311884406,322.306919478862,131.075161937948,0.295122157143474,826.192527353848,807.334548365193,0.0006691167543644,0.0431247273958782,0.0363014692434201,332.239680072915,113.51081446063978,7.453357986610214,48.45392707899548,72.51024536825452,0.9205738033607016,15.79338015357924,3.493440538286279,83.83915349945914,ICV_113_CASE_6_with_r_theta_phi.csv,0.8941129797059112,0.06093426846709124,0.9981417809742164,0.994224534011017,0.1073199700455427,0.0,1.6810793e-05,-1.6810792658361606e-05,0.0,ICV_113_CASE_6_with_r_theta_phi.csv
7.966243046,0.9568,1.698065951,0.0,2333.302603,0.433299443,326.2124265,365.2698735,8.364431335,0.03630134005,0.04312035738,322.306919478862,131.075161937948,0.295122157143474,826.192527353848,807.334548365193,0.0006691167543644,0.0431247273958782,0.0363014692434201,332.239680072915,113.51081446063978,7.453357986610214,48.45392707899548,72.51024536825452,0.9205738033607016,8.20121469551242,6.848805941821809,78.0504377466334,ICV_113_CASE_6_with_r_theta_phi.csv,0.46429658738700635,0.1192497574746076,0.9928642884816874,0.9783302473572626,0.2070505423945501,0.0,7.976879e-06,-7.97687880549347e-06,0.0,ICV_113_CASE_6_with_r_theta_phi.csv
8.745737363,0.9568,1.702836711,0.0,2336.732088,0.4337291791,325.8118227,358.6678308,7.813550584,0.03630132558,0.0431201714,322.306919478862,131.075161937948,0.295122157143474,826.192527353848,807.334548365193,0.0006691167543644,0.0431247273958782,0.0363014692434201,332.239680072915,113.51081446063978,7.453357986610214,48.45392707899548,72.51024536825452,0.9205738033607016,8.9611964115794,6.243435538302549,79.04585214962208,ICV_113_CASE_6_with_r_theta_phi.csv,0.5073215453166527,0.1087529836415135,0.994068804735904,0.981779567999573,0.19002336661203476,0.0,7.976879e-06,-7.97687880549347e-06,0.0,ICV_113_CASE_6_with_r_theta_phi.csv
7.191551283,0.9568,1.702953676,0.0,2333.268752,0.4331434685,326.4691904,432.8806753,9.646448572,0.0363013459,0.04312044906,322.306919478862,131.075161937948,0.295122157143474,826.192527353848,807.334548365193,0.0006691167543644,0.0431247273958782,0.0363014692434201,332.239680072915,113.51081446063978,7.453357986610214,48.45392707899548,72.51024536825452,0.9205738033607016,7.452108917522667,7.578411502901076,76.79006418798667,ICV_113_CASE_6_with_r_theta_phi.csv,0.42188735055738824,0.1318829004224487,0.9912653028206739,0.9735392893089089,0.2285196975577918,0.0,7.976879e-06,-7.97687880549347e-06,0.0,ICV_113_CASE_6_with_r_theta_phi.csv
-0.6028925079,0.9568,1.711918218,0.0,4550.510741,0.4338897725,328.6304768,471.2581563,18.42881394,0.03630143327,0.04312220179,322.306919478862,131.075161937948,0.295122157143474,826.192527353848,807.334548365193,0.0006691167543644,0.0431247273958782,0.0363014692434201,332.239680072915,113.51081446063978,7.453357986610214,48.45392707899548,72.51024536825452,0.9205738033607016,2.051733316296796,122.21557903376583,33.44902134024977,ICV_113_CASE_6_with_r_theta_phi.csv,0.1161550834056427,0.8460482428938908,-0.533106340889095,0.5511948208152513,0.834376575358179,0.0,1.3471495e-07,-1.3471495208250417e-07,0.0,ICV_113_CASE_6_with_r_theta_phi.csv
-1.085899218,-1.624464481,1.715207871,0.003375452477,9804.768694,0.4349442221,336.4874212,519.7172651,36.7277925,0.03630144269,0.04312298273,322.306919478862,131.075161937948,0.295122157143474,826.192527353848,807.334548365193,0.0006691167543644,0.0431247273958782,0.0363014692434201,332.239680072915,113.51081446063978,7.453357986610214,48.45392707899548,72.51024536825452,0.9205738033607016,2.6000000004661468,236.23862018151647,48.72335856285417,ICV_113_CASE_6_with_r_theta_phi.csv,0.14719418674445783,-0.8313592511543925,-0.5557353646476061,0.7515331430717402,0.659695334881725,0.003375452477,0.0035739332,-0.00019848067361926845,5.8801205145945605,ICV_113_CASE_6_with_r_theta_phi.csv
6.41542882,0.9568,1.716067454,0.0,2231.137199,0.4339941865,325.8064958,459.9984966,9.820611391,0.03630135103,0.04312052413,322.306919478862,131.075161937948,0.295122157143474,826.192527353848,807.334548365193,0.0006691167543644,0.0431247273958782,0.0363014692434201,332.239680072915,113.51081446063978,7.453357986610214,48.45392707899548,72.51024536825452,0.9205738033607016,6.70955145230772,8.482595183710316,75.18108888332665,ICV_113_CASE_6_with_r_theta_phi.csv,0.37984883433287137,0.14750896963057922,0.9890607179938574,0.9667390231964406,0.255764854953123,0.0,7.976879e-06,-7.97687880549347e-06,0.0,ICV_113_CASE_6_with_r_theta_phi.csv
9.537657142,0.9568,1.719765129,0.0,2336.646443,0.4331385607,326.1844109,354.7634111,7.773038624,0.03630130094,0.0431198848,322.306919478862,131.075161937948,0.295122157143474,826.192527353848,807.334548365193,0.0006691167543644,0.0431247273958782,0.0363014692434201,332.239680072915,113.51081446063978,7.453357986610214,48.45392707899548,72.51024536825452,0.9205738033607016,9.738581113143123,5.728640026325877,79.8286265432688,ICV_113_CASE_6_with_r_theta_phi.csv,0.5513317410527067,0.09981712853558404,0.9950057994056671,0.9842839615187021,0.17659298711174845,0.0,7.976879e-06,-7.97687880549347e-06,0.0,ICV_113_CASE_6_with_r_theta_phi.csv
16.7942611,-0.9244379925,1.722417859,0.003375418484,2211.667492,0.4233647618,326.5167687,16.33992745,1.344875762,0.03630118411,0.04311842594,322.306919478862,131.075161937948,0.295122157143474,826.192527353848,807.334548365193,0.0006691167543644,0.0431247273958782,0.0363014692434201,332.239680072915,113.51081446063978,7.453357986610214,48.45392707899548,72.51024536825452,0.9205738033607016,16.907646636298995,356.8493405485085,84.1530141332297,ICV_113_CASE_6_with_r_theta_phi.csv,0.9571951138255789,-0.05496167211870603,0.9984884649298238,0.9947975022790789,0.10187212307253618,0.003375418484,0.0035964788,-0.00022106035633620352,6.549124421714586,ICV_113_CASE_6_with_r_theta_phi.csv
-1.85028844,-0.5770096344,1.733058732,0.003375451313,9616.712869,0.4346023307,335.5139951,348.329111,29.79751877,0.03630144102,0.04312286056,322.306919478862,131.075161937948,0.295122157143474,826.192527353848,807.334548365193,0.0006691167543644,0.0431247273958782,0.0363014692434201,332.239680072915,113.51081446063978,7.453357986610214,48.45392707899548,72.51024536825452,0.9205738033607016,2.5999999996056737,197.32001001136115,48.19780331356009,ICV_113_CASE_6_with_r_theta_phi.csv,0.14719418669574375,-0.29770829715267233,-0.9546568859053268,0.7454504446726482,0.6665610508703242,0.003375451313,0.0035739332,-0.00019848183761926857,5.8801570265892025,ICV_113_CASE_6_with_r_theta_phi.csv
5.62222256,0.9568,1.733300079,0.0,2174.935031,0.4338670081,325.9142353,459.5033173,9.908900432,0.03630136234,0.04312068507,322.306919478862,131.075161937948,0.295122157143474,826.192527353848,807.334548365193,0.0006691167543644,0.0431247273958782,0.0363014692434201,332.239680072915,113.51081446063978,7.453357986610214,48.45392707899548,72.51024536825452,0.9205738033607016,5.960636033011441,9.658169250039007,73.0946743333854,ICV_113_CASE_6_with_r_theta_phi.csv,0.33745037430828034,0.16776968808215462,0.9858262178299056,0.9567865590341152,0.2907911285642282,0.0,7.976879e-06,-7.97687880549347e-06,0.0,ICV_113_CASE_6_with_r_theta_phi.csv
10.34564915,0.9568,1.743139731,0.0,2365.842829,0.4332329108,326.1512683,287.8208964,7.292912889,0.03630128598,0.04311970446,322.306919478862,131.075161937948,0.295122157143474,826.192527353848,807.334548365193,0.0006691167543644,0.0431247273958782,0.0363014692434201,332.239680072915,113.51081446063978,7.453357986610214,48.45392707899548,72.51024536825452,0.9205738033607016,10.53501109143633,5.2838736098609616,80.4759495391022,ICV_113_CASE_6_with_r_theta_phi.csv,0.5964201498729977,0.09209032850760651,0.9957506572407377,0.9862162343100226,0.16546159428507468,0.0,7.976879e-06,-7.97687880549347e-06,0.0,ICV_113_CASE_6_with_r_theta_phi.csv
4.808036725,0.9568,1.757103306,0.0,1996.398333,0.4338798035,325.8027973,442.0158107,9.408280723,0.03630136455,0.04312067929,322.306919478862,131.075161937948,0.295122157143474,826.192527353848,807.334548365193,0.0006691167543644,0.0431247273958782,0.0363014692434201,332.239680072915,113.51081446063978,7.453357986610214,48.45392707899548,72.51024536825452,0.9205738033607016,5.207695787668944,11.254837727709912,70.28114043001699,ICV_113_CASE_6_with_r_theta_phi.csv,0.2948240562080914,0.1951731332165149,0.9807688045969083,0.9413595349992994,0.3374051360988786,0.0,7.976879e-06,-7.97687880549347e-06,0.0,ICV_113_CASE_6_with_r_theta_phi.csv
10.95936832,-1.909672956,1.764411858,0.003375418019,3046.745243,0.4329999971,327.3914374,121.839889,8.01229715,0.03630133126,0.04312038944,322.306919478862,131.075161937948,0.295122157143474,826.192527353848,807.334548365193,0.0006691167543644,0.0431247273958782,0.0363014692434201,332.239680072915,113.51081446063978,7.453357986610214,48.45392707899548,72.51024536825452,0.9205738033607016,11.263558672859498,350.1154393689751,80.98762334730077,ICV_113_CASE_6_with_r_theta_phi.csv,0.6376655224626125,-0.17166363877490565,0.9851556197487576,0.9876545256204801,0.15664781524612637,0.003375418019,0.0038837544,-0.0005083363498714502,15.05995248172107,ICV_113_CASE_6_with_r_theta_phi.csv
15.90261211,0.9568,1.769110537,0.0,2457.164212,0.4340798304,326.3274389,77.66735175,3.470824479,0.03630122682,0.04311891125,322.306919478862,131.075161937948,0.295122157143474,826.192527353848,807.334548365193,0.0006691167543644,0.0431247273958782,0.0363014692434201,332.239680072915,113.51081446063978,7.453357986610214,48.45392707899548,72.51024536825452,0.9205738033607016,16.0292947522105,3.443119599148872,83.6635087760003,ICV_113_CASE_6_with_r_theta_phi.csv,0.9074688479676217,0.060057611019006966,0.9981949125089196,0.9938908649633962,0.11036733458008402,0.0,2.6739857e-05,-2.673985727597028e-05,0.0,ICV_113_CASE_6_with_r_theta_phi.csv
11.12266088,0.9568,1.773305472,0.0,2381.917071,0.4332605608,326.132249,254.8089373,7.12799085,0.03630128476,0.04311967803,322.306919478862,131.075161937948,0.295122157143474,826.192527353848,807.334548365193,0.0006691167543644,0.0431247273958782,0.0363014692434201,332.239680072915,113.51081446063978,7.453357986610214,48.45392707899548,72.51024536825452,0.9205738033607016,11.3037013225097,4.916627199988113,80.9742520989385,ICV_113_CASE_6_with_r_theta_phi.csv,0.6399381242579856,0.0857060583289686,0.9963204662987263,0.9876179414633308,0.1568783021954692,0.0,7.976879e-06,-7.97687880549347e-06,0.0,ICV_113_CASE_6_with_r_theta_phi.csv
4.01683973,0.9568,1.788082987,0.0,1826.127122,0.4336869766,325.8517783,435.1547569,8.795439116,0.0363013709,0.04312071889,322.306919478862,131.075161937948,0.295122157143474,826.192527353848,807.334548365193,0.0006691167543644,0.0431247273958782,0.0363014692434201,332.239680072915,113.51081446063978,7.453357986610214,48.45392707899548,72.51024536825452,0.9205738033607016,4.499745373341176,13.398026518961103,66.58586693048534,ICV_113_CASE_6_with_r_theta_phi.csv,0.2547447541028241,0.23171439731546317,0.9727838598973215,0.9176566338516391,0.3973742597955721,0.0,7.976879e-06,-7.97687880549347e-06,0.0,ICV_113_CASE_6_with_r_theta_phi.csv
-0.8121170842,0.9568,1.793576999,0.0,4729.783737,0.4343570849,327.5066191,501.4575477,16.71209423,0.03630143372,0.04312225353,322.306919478862,131.075161937948,0.295122157143474,826.192527353848,807.334548365193,0.0006691167543644,0.0431247273958782,0.0363014692434201,332.239680072915,113.51081446063978,7.453357986610214,48.45392707899548,72.51024536825452,0.9205738033607016,2.189045191354293,130.32408354926667,34.98100518653189,ICV_113_CASE_6_with_r_theta_phi.csv,0.12392874101172778,0.7623963925037971,-0.6471103002558345,0.5733048378826588,0.8193421524981722,0.0,1.3471495e-07,-1.3471495208250417e-07,0.0,ICV_113_CASE_6_with_r_theta_phi.csv
-1.2560748250000002e-14,-1.877344982,1.79877064,0.003375450615,8507.652823,0.4350114401,334.2657216,724.7276367,39.96706588,0.03630144159,0.0431229031,322.306919478862,131.075161937948,0.295122157143474,826.192527353848,807.334548365193,0.0006691167543644,0.0431247273958782,0.0363014692434201,332.239680072915,113.51081446063978,7.453357986610214,48.45392707899548,72.51024536825452,0.9205738033607016,2.5999999993781904,269.9999999999996,46.2244698573212,ICV_113_CASE_6_with_r_theta_phi.csv,0.14719418668286519,-1.0,-7.289124377473105e-15,0.7220557624803772,0.6918348617039193,0.003375450615,0.0035612409,-0.00018579023874176499,5.504161069964977,ICV_113_CASE_6_with_r_theta_phi.csv
11.85713629,0.9568,1.804843745,0.0,2413.055915,0.4328346178,326.4826574,220.0268193,7.020306177,0.03630126993,0.04311950647,322.306919478862,131.075161937948,0.295122157143474,826.192527353848,807.334548365193,0.0006691167543644,0.0431247273958782,0.0363014692434201,332.239680072915,113.51081446063978,7.453357986610214,48.45392707899548,72.51024536825452,0.9205738033607016,12.031816495587876,4.613430650939904,81.3727301648488,ICV_113_CASE_6_with_r_theta_phi.csv,0.68115901684965,0.08043257614280036,0.9967600517150718,0.988685097950811,0.1500059235163573,0.0,1.3997744e-06,-1.3997744190419326e-06,0.0,ICV_113_CASE_6_with_r_theta_phi.csv
12.88646249,-1.871221755,1.805139647,0.00337541406,2451.683866,0.4220553737,327.3085882,59.13006083,4.696019613,0.03630128403,0.04311962794,322.306919478862,131.075161937948,0.295122157143474,826.192527353848,807.334548365193,0.0006691167543644,0.0431247273958782,0.0363014692434201,332.239680072915,113.51081446063978,7.453357986610214,48.45392707899548,72.51024536825452,0.9205738033607016,13.146136904343177,351.73792223380514,82.1075909171688,ICV_113_CASE_6_with_r_theta_phi.csv,0.744244203891989,-0.143701234133551,0.9896211170485876,0.9905276640917636,0.13731331570140734,0.00337541406,0.003799269,-0.00042385491585392003,12.557123605995432,ICV_113_CASE_6_with_r_theta_phi.csv
5.553917369,-1.869745927,1.806668251,0.003375430359,6267.628214,0.4344388593,331.6303531,492.4442506,27.84302974,0.03630142466,0.04312227938,322.306919478862,131.075161937948,0.295122157143474,826.192527353848,807.334548365193,0.0006691167543644,0.0431247273958782,0.0363014692434201,332.239680072915,113.51081446063978,7.453357986610214,48.45392707899548,72.51024536825452,0.9205738033607016,6.1323729617811376,341.39401175504054,72.86575092418934,ICV_113_CASE_6_with_r_theta_phi.csv,0.34717294260047815,-0.31905836318354164,0.9477350689315233,0.9556170787571974,0.2946116066748906,0.003375430359,0.0035612409,-0.00018581049474176515,5.50479420176114,ICV_113_CASE_6_with_r_theta_phi.csv
3.263412222,0.9568,1.825079863,0.0,1765.54714,0.4335004048,325.9966587,403.3845312,8.489378363,0.03630138582,0.04312091717,322.306919478862,131.075161937948,0.295122157143474,826.192527353848,807.334548365193,0.0006691167543644,0.0431247273958782,0.0363014692434201,332.239680072915,113.51081446063978,7.453357986610214,48.45392707899548,72.51024536825452,0.9205738033607016,3.859565011374608,16.340612264688104,61.77911976193184,ICV_113_CASE_6_with_r_theta_phi.csv,0.2185021280518444,0.2813469653707535,0.9596061093368821,0.881131182389742,0.4728719059327328,0.0,7.976879e-06,-7.97687880549347e-06,0.0,ICV_113_CASE_6_with_r_theta_phi.csv
9.184990591,-1.848094942,1.828809746,0.003375425236,4090.25992,0.4335573148,328.472631,228.9529053,13.7765104,0.03630137261,0.04312111628,322.306919478862,131.075161937948,0.295122157143474,826.192527353848,807.334548365193,0.0006691167543644,0.0431247273958782,0.0363014692434201,332.239680072915,113.51081446063978,7.453357986610214,48.45392707899548,72.51024536825452,0.9205738033607016,9.545891899580107,348.6235236365006,78.95494688007665,ICV_113_CASE_6_with_r_theta_phi.csv,0.5404229979451097,-0.1972548587859404,0.9803522431684127,0.9814768420525433,0.19158081457851434,0.003375425236,0.003884503,-0.0005090776833907977,15.081882952420363,ICV_113_CASE_6_with_r_theta_phi.csv
16.89697403,0.3287186888,1.830450603,0.003375411732,2453.372379,0.4338327339,326.6535841,17.5900568,1.599902254,0.03630123811,0.04311894998,322.306919478862,131.075161937948,0.295122157143474,826.192527353848,807.334548365193,0.0006691167543644,0.0431247273958782,0.0363014692434201,332.239680072915,113.51081446063978,7.453357986610214,48.45392707899548,72.51024536825452,0.9205738033607016,16.999009875780526,1.1145083116765022,83.81841449340288,ICV_113_CASE_6_with_r_theta_phi.csv,0.9623674744915066,0.01945061292420923,0.9998108189336984,0.9941856229221436,0.10767983643611845,0.003375411732,0.0038397447,-0.00046433298860799584,13.756336273539754,ICV_113_CASE_6_with_r_theta_phi.csv
16.09101671,0.9568,1.831635395,0.0,2496.598969,0.433867675,326.4928267,64.64468024,3.114598286,0.03630123592,0.04311899219,322.306919478862,131.075161937948,0.295122157143474,826.192527353848,807.334548365193,0.0006691167543644,0.0431247273958782,0.0363014692434201,332.239680072915,113.51081446063978,7.453357986610214,48.45392707899548,72.51024536825452,0.9205738033607016,16.22316779244165,3.402900501386,83.5173436694518,ICV_113_CASE_6_with_r_theta_phi.csv,0.9184446112304615,0.059356907693374074,0.9982368243603721,0.9936060772367236,0.11290245027567013,0.0,9.4592084e-05,-9.459208376938477e-05,0.0,ICV_113_CASE_6_with_r_theta_phi.csv
12.54828826,0.9568,1.838262032,0.0,2409.410976,0.4323484,326.9196608,189.3861805,6.733723054,0.03630125876,0.04311936678,322.306919478862,131.075161937948,0.295122157143474,826.192527353848,807.334548365193,0.0006691167543644,0.0431247273958782,0.0363014692434201,332.239680072915,113.51081446063978,7.453357986610214,48.45392707899548,72.51024536825452,0.9205738033607016,12.718262923620763,4.360334084359238,81.68951997252145,ICV_113_CASE_6_with_r_theta_phi.csv,0.7200209105803513,0.07602874935031896,0.9971056259355006,0.9894993681811725,0.14453719372210216,0.0,1.3997744e-06,-1.3997744190419326e-06,0.0,ICV_113_CASE_6_with_r_theta_phi.csv
15.08,-1.81955416,1.857208297,0.003375415457,2158.599094,0.422013462,326.7770309,39.24865371,2.950184011,0.03630120098,0.0431186976,322.306919478862,131.075161937948,0.295122157143474,826.192527353848,807.334548365193,0.0006691167543644,0.0431247273958782,0.0363014692434201,332.239680072915,113.51081446063978,7.453357986610214,48.45392707899548,72.51024536825452,0.9205738033607016,15.302496528332195,353.11994600438965,83.02903436957172,ICV_113_CASE_6_with_r_theta_phi.csv,0.8663225120168897,-0.11979122945183275,0.9927991042232152,0.9926077809228006,0.12136635963690094,0.003375415457,0.0038150577,-0.0004396422304613762,13.024833118524404,ICV_113_CASE_6_with_r_theta_phi.csv
-0.9867482541,0.9568,1.861298781,0.0,4921.759914,0.4343226114,326.8700761,470.6439197,14.41487644,0.03630143428,0.04312230808,322.306919478862,131.075161937948,0.295122157143474,826.192527353848,807.334548365193,0.0006691167543644,0.0431247273958782,0.0363014692434201,332.239680072915,113.51081446063978,7.453357986610214,48.45392707899548,72.51024536825452,0.9205738033607016,2.313778621459167,135.88280430983514,36.44367951248665,ICV_113_CASE_6_with_r_theta_phi.csv,0.1309902932428208,0.6961282903250738,-0.7179174070943605,0.5940323259424868,0.8044411698411259,0.0,1.207765e-05,-1.207765035360353e-05,0.0,ICV_113_CASE_6_with_r_theta_phi.csv
2.549580292,0.9568,1.864190261,0.0,1664.427705,0.4337267095,325.7552914,365.202665,7.790331898,0.03630140027,0.04312110402,322.306919478862,131.075161937948,0.295122157143474,826.192527353848,807.334548365193,0.0006691167543644,0.0431247273958782,0.0363014692434201,332.239680072915,113.51081446063978,7.453357986610214,48.45392707899548,72.51024536825452,0.9205738033607016,3.300156243962103,20.56998097943915,55.60608332855611,ICV_113_CASE_6_with_r_theta_phi.csv,0.18683223629713655,0.35135116976446495,0.9362437479124451,0.8251734784977953,0.5648793945470559,0.0,7.976879e-06,-7.97687880549347e-06,0.0,ICV_113_CASE_6_with_r_theta_phi.csv
13.18909674,0.9568,1.871764264,0.0,2411.472727,0.4321677684,327.1940848,158.3609458,6.312323399,0.03630125348,0.04311928992,322.306919478862,131.075161937948,0.295122157143474,826.192527353848,807.334548365193,0.0006691167543644,0.0431247273958782,0.0363014692434201,332.239680072915,113.51081446063978,7.453357986610214,48.45392707899548,72.51024536825452,0.9205738033607016,13.35556964404986,4.149240582625339,81.94355535942458,ICV_113_CASE_6_with_r_theta_phi.csv,0.7561008507355512,0.07235462869858217,0.9973789689510654,0.9901304825711629,0.14014859072925479,0.0,7.2286675e-06,-7.228667527670041e-06,0.0,ICV_113_CASE_6_with_r_theta_phi.csv
14.96398433,0.9568,1.882869384,0.0,2386.794153,0.4330901958,326.892659,108.4778917,4.677891589,0.03630123082,0.04311899219,322.306919478862,131.075161937948,0.295122157143474,826.192527353848,807.334548365193,0.0006691167543644,0.0431247273958782,0.0363014692434201,332.239680072915,113.51081446063978,7.453357986610214,48.45392707899548,72.51024536825452,0.9205738033607016,15.11229599980394,3.6585226764610175,82.84281196064205,ICV_113_CASE_6_with_r_theta_phi.csv,0.855554661205327,0.06380988446316499,0.9979620727486579,0.9922080745502951,0.12459188094412872,0.0,7.2286675e-06,-7.228667527670041e-06,0.0,ICV_113_CASE_6_with_r_theta_phi.csv
-1.770291286,0.2691073432,1.885112729,0.003375448519,8087.993012,0.4339534913,331.484536,271.0257874,20.27076915,0.03630143903,0.04312269179,322.306919478862,131.075161937948,0.295122157143474,826.192527353848,807.334548365193,0.0006691167543644,0.0431247273958782,0.0363014692434201,332.239680072915,113.51081446063978,7.453357986610214,48.45392707899548,72.51024536825452,0.9205738033607016,2.6000000000941395,171.35646769016637,43.52754523359039,ICV_113_CASE_6_with_r_theta_phi.csv,0.14719418672339732,0.15028653964713518,-0.9886424813859104,0.6887032235020089,0.7250433572814401,0.003375448519,0.0038971952,-0.0005217466972683008,15.457107231139192,ICV_113_CASE_6_with_r_theta_phi.csv
0.08627194987,0.9568,1.889496161,0.0,2968.40811,0.4331604864,327.1283777,592.3566475,13.25703177,0.03630143057,0.0431218995,322.306919478862,131.075161937948,0.295122157143474,826.192527353848,807.334548365193,0.0006691167543644,0.0431247273958782,0.0363014692434201,332.239680072915,113.51081446063978,7.453357986610214,48.45392707899548,72.51024536825452,0.9205738033607016,2.1196945137845007,84.84773431219281,26.95027103619105,ICV_113_CASE_6_with_r_theta_phi.csv,0.12000258078740758,0.9959595608883738,0.08980285671980473,0.45321699384686776,0.8914002223964319,0.0,7.351954e-06,-7.35195408196887e-06,0.0,ICV_113_CASE_6_with_r_theta_phi.csv
7.97514005,0.9568,1.889663478,0.0,2492.566988,0.433731332,325.9861334,382.5474956,8.857600772,0.03630134835,0.04312050287,322.306919478862,131.075161937948,0.295122157143474,826.192527353848,807.334548365193,0.0006691167543644,0.0431247273958782,0.0363014692434201,332.239680072915,113.51081446063978,7.453357986610214,48.45392707899548,72.51024536825452,0.9205738033607016,8.251615182326491,6.8412379198923645,76.76148426102668,ICV_113_CASE_6_with_r_theta_phi.csv,0.4671499176434648,0.11911861206820233,0.9928800311512691,0.9734251794134109,0.22900528396517142,0.0,7.976879e-06,-7.97687880549347e-06,0.0,ICV_113_CASE_6_with_r_theta_phi.csv
16.24226992,0.9568,1.889865358,0.0,2535.737304,0.4335871719,326.7045249,54.28753666,2.810089633,0.03630124224,0.04311904714,322.306919478862,131.075161937948,0.295122157143474,826.192527353848,807.334548365193,0.0006691167543644,0.0431247273958782,0.0363014692434201,332.239680072915,113.51081446063978,7.453357986610214,48.45392707899548,72.51024536825452,0.9205738033607016,16.379816527223532,3.3712850367641067,83.37459002351989,ICV_113_CASE_6_with_r_theta_phi.csv,0.9273129893522436,0.058806077642387405,0.9982694251715403,0.9933216946945594,0.11537768783057013,0.0,0.00028035688,-0.00028035687864758074,0.0,ICV_113_CASE_6_with_r_theta_phi.csv
7.184977768,0.9568,1.893094583,0.0,2516.035836,0.4338347066,326.089425,465.4896128,10.42967051,0.03630135562,0.04312061667,322.306919478862,131.075161937948,0.295122157143474,826.192527353848,807.334548365193,0.0006691167543644,0.0431247273958782,0.0363014692434201,332.239680072915,113.51081446063978,7.453357986610214,48.45392707899548,72.51024536825452,0.9205738033607016,7.49154048689842,7.585264275866734,75.3627979114475,ICV_113_CASE_6_with_r_theta_phi.csv,0.42411969585941944,0.13200145823008963,0.9912495220806565,0.9675452981400908,0.2526976375967982,0.0,7.976879e-06,-7.97687880549347e-06,0.0,ICV_113_CASE_6_with_r_theta_phi.csv
8.770784958,0.9568,1.893274248,0.0,2507.116553,0.4338375115,325.8988122,384.4596852,8.637740718,0.03630133506,0.04312032285,322.306919478862,131.075161937948,0.295122157143474,826.192527353848,807.334548365193,0.0006691167543644,0.0431247273958782,0.0363014692434201,332.239680072915,113.51081446063978,7.453357986610214,48.45392707899548,72.51024536825452,0.9205738033607016,9.023670117951951,6.225745756221045,77.88866497828104,ICV_113_CASE_6_with_r_theta_phi.csv,0.5108583785477187,0.10844606474828639,0.9941023342898911,0.9777417480611631,0.20981199703139258,0.0,7.976879e-06,-7.97687880549347e-06,0.0,ICV_113_CASE_6_with_r_theta_phi.csv
13.77293113,0.9568,1.89803074,0.0,2402.426437,0.4324324331,327.1536223,136.7927152,5.882736676,0.03630124462,0.04311917539,322.306919478862,131.075161937948,0.295122157143474,826.192527353848,807.334548365193,0.0006691167543644,0.0431247273958782,0.0363014692434201,332.239680072915,113.51081446063978,7.453357986610214,48.45392707899548,72.51024536825452,0.9205738033607016,13.935982880360754,3.973930260016914,82.17219224157122,ICV_113_CASE_6_with_r_theta_phi.csv,0.7889598716121604,0.0693025721051346,0.9975956863878335,0.9906818560068085,0.13619640295876081,0.0,7.2286675e-06,-7.228667527670041e-06,0.0,ICV_113_CASE_6_with_r_theta_phi.csv
1.885899252,0.9568,1.898095608,0.0,1623.284502,0.4337724255,325.710451,375.7075021,7.649828311,0.03630141341,0.04312127538,322.306919478862,131.075161937948,0.295122157143474,826.192527353848,807.334548365193,0.0006691167543644,0.0431247273958782,0.0363014692434201,332.239680072915,113.51081446063978,7.453357986610214,48.45392707899548,72.51024536825452,0.9205738033607016,2.841627907697109,26.90069350179021,48.090139190612376,ICV_113_CASE_6_with_r_theta_phi.csv,0.1608735033957079,0.4524455034974914,0.891792053320112,0.7441965988277993,0.6679606442696573,0.0,7.976879e-06,-7.97687880549347e-06,0.0,ICV_113_CASE_6_with_r_theta_phi.csv
6.391914451,0.9568,1.902355464,0.0,2471.861033,0.4341192452,325.9511443,575.4708243,11.7420045,0.03630136147,0.04312071225,322.306919478862,131.075161937948,0.295122157143474,826.192527353848,807.334548365193,0.0006691167543644,0.0431247273958782,0.0363014692434201,332.239680072915,113.51081446063978,7.453357986610214,48.45392707899548,72.51024536825452,0.9205738033607016,6.737283792472549,8.513344225513038,73.59875054240115,ICV_113_CASE_6_with_r_theta_phi.csv,0.38141884943146775,0.1480397495772699,0.9889814116276904,0.9593078172497482,0.2823623766784868,0.0,7.976879e-06,-7.97687880549347e-06,0.0,ICV_113_CASE_6_with_r_theta_phi.csv
9.580576624,0.9568,1.905655622,0.0,2512.26393,0.4336664434,326.0484718,363.7088,8.434639032,0.0363013222,0.04312015182,322.306919478862,131.075161937948,0.295122157143474,826.192527353848,807.334548365193,0.0006691167543644,0.0431247273958782,0.0363014692434201,332.239680072915,113.51081446063978,7.453357986610214,48.45392707899548,72.51024536825452,0.9205738033607016,9.815010852668246,5.703146172214758,78.80450267333731,ICV_113_CASE_6_with_r_theta_phi.csv,0.5556586692644275,0.09937438915394393,0.9950501147079379,0.9809704165130303,0.19415726081259957,0.0,7.976879e-06,-7.97687880549347e-06,0.0,ICV_113_CASE_6_with_r_theta_phi.csv
14.32584925,0.9568,1.913445972,0.0,2365.944801,0.4325818735,327.1644073,131.2339051,5.387255985,0.03630123853,0.04311909644,322.306919478862,131.075161937948,0.295122157143474,826.192527353848,807.334548365193,0.0006691167543644,0.0431247273958782,0.0363014692434201,332.239680072915,113.51081446063978,7.453357986610214,48.45392707899548,72.51024536825452,0.9205738033607016,14.48470567396827,3.82101653227096,82.40897456152885,ICV_113_CASE_6_with_r_theta_phi.csv,0.820024796742439,0.06663989718043904,0.9977770913905473,0.9912362441571935,0.13210112894726045,0.0,7.2286675e-06,-7.228667527670041e-06,0.0,ICV_113_CASE_6_with_r_theta_phi.csv
5.580786546,0.9568,1.91452653,0.0,2355.62428,0.4340690077,325.9124089,574.9648223,11.49781932,0.03630137061,0.04312085031,322.306919478862,131.075161937948,0.295122157143474,826.192527353848,807.334548365193,0.0006691167543644,0.0431247273958782,0.0363014692434201,332.239680072915,113.51081446063978,7.453357986610214,48.45392707899548,72.51024536825452,0.9205738033607016,5.977127783985252,9.728513415881594,71.31840016832427,ICV_113_CASE_6_with_r_theta_phi.csv,0.33838402425910613,0.16897989695763865,0.9856194977901898,0.9473131916842766,0.3203087836150437,0.0,7.976879e-06,-7.97687880549347e-06,0.0,ICV_113_CASE_6_with_r_theta_phi.csv
-1.130284026,0.9568,1.919052374,0.0,5134.305057,0.4342309522,326.1413347,382.8358465,10.73600087,0.03630143513,0.04312236946,322.306919478862,131.075161937948,0.295122157143474,826.192527353848,807.334548365193,0.0006691167543644,0.0431247273958782,0.0363014692434201,332.239680072915,113.51081446063978,7.453357986610214,48.45392707899548,72.51024536825452,0.9205738033607016,2.423998810557836,139.75165540155172,37.65639925422687,ICV_113_CASE_6_with_r_theta_phi.csv,0.13723020520216322,0.646101927902385,-0.7632511374120718,0.6109247606105059,0.7916886615791564,0.0,1.207765e-05,-1.207765035360353e-05,0.0,ICV_113_CASE_6_with_r_theta_phi.csv
1.282974842,0.9568,1.91938481,0.0,1709.822779,0.4330211702,326.3025875,571.2801661,9.231078,0.03630142193,0.04312143878,322.306919478862,131.075161937948,0.295122157143474,826.192527353848,807.334548365193,0.0006691167543644,0.0431247273958782,0.0363014692434201,332.239680072915,113.51081446063978,7.453357986610214,48.45392707899548,72.51024536825452,0.9205738033607016,2.499105586817744,36.71435227861906,39.82280381808039,ICV_113_CASE_6_with_r_theta_phi.csv,0.1414822362977759,0.5978259686264782,0.8016259172680316,0.6404154269327361,0.7680286979967358,0.0,7.976879e-06,-7.97687880549347e-06,0.0,ICV_113_CASE_6_with_r_theta_phi.csv
10.40793387,0.9568,1.922337947,0.0,2552.090452,0.433565651,326.198354,298.3584609,8.082072563,0.03630131535,0.04312005474,322.306919478862,131.075161937948,0.295122157143474,826.192527353848,807.334548365193,0.0006691167543644,0.0431247273958782,0.0363014692434201,332.239680072915,113.51081446063978,7.453357986610214,48.45392707899548,72.51024536825452,0.9205738033607016,10.627132109123767,5.25243044545482,79.57841774831576,ICV_113_CASE_6_with_r_theta_phi.csv,0.6016354107492067,0.09154385990460982,0.995801045246371,0.9835034028404128,0.1808896254662731,0.0,7.976879e-06,-7.97687880549347e-06,0.0,ICV_113_CASE_6_with_r_theta_phi.csv
0.7159486481,0.9568,1.926904135,0.0,2079.191573,0.432978801,326.448164,630.3118064,10.48175512,0.03630142712,0.04312162127,322.306919478862,131.075161937948,0.295122157143474,826.192527353848,807.334548365193,0.0006691167543644,0.0431247273958782,0.0363014692434201,332.239680072915,113.51081446063978,7.453357986610214,48.45392707899548,72.51024536825452,0.9205738033607016,2.267379159337122,53.193442758028255,31.805986293365265,ICV_113_CASE_6_with_r_theta_phi.csv,0.12836347359235536,0.800662810172353,0.5991152346643429,0.5270445898586821,0.8498376317277869,0.0,7.351954e-06,-7.35195408196887e-06,0.0,ICV_113_CASE_6_with_r_theta_phi.csv
4.746973311,0.9568,1.931413155,0.0,2210.936657,0.4340853607,325.8165467,559.7770981,10.95827841,0.03630137705,0.04312091792,322.306919478862,131.075161937948,0.295122157143474,826.192527353848,807.334548365193,0.0006691167543644,0.0431247273958782,0.0363014692434201,332.239680072915,113.51081446063978,7.453357986610214,48.45392707899548,72.51024536825452,0.9205738033607016,5.21340374713616,11.395850992891496,68.25535264222731,ICV_113_CASE_6_with_r_theta_phi.csv,0.29514720176639775,0.1975863546661224,0.980285485177534,0.9288441667505697,0.3704706653615638,0.0,7.976879e-06,-7.97687880549347e-06,0.0,ICV_113_CASE_6_with_r_theta_phi.csv
16.36862072,0.9568,1.938176806,0.001710734563,2511.587477,0.4334880538,326.7575837,34.4177694,2.068195277,0.03630125034,0.04311912358,322.306919478862,131.075161937948,0.295122157143474,826.192527353848,807.334548365193,0.0006691167543644,0.0431247273958782,0.0363014692434201,332.239680072915,113.51081446063978,7.453357986610214,48.45392707899548,72.51024536825452,0.9205738033607016,16.510715909570052,3.345321127129523,83.2585605052816,ICV_113_CASE_6_with_r_theta_phi.csv,0.9347236155547026,0.05835370013000406,0.9982959709831236,0.9930860070160482,0.11738902277862909,0.001710734563,0.0013875768,0.00032315775757232944,18.889999908386105,ICV_113_CASE_6_with_r_theta_phi.csv
13.98809691,-1.72842279,1.94230653,0.00337541406,2302.316579,0.4218734192,327.221477,44.74356765,3.823120214,0.03630125663,0.04311927528,322.306919478862,131.075161937948,0.295122157143474,826.192527353848,807.334548365193,0.0006691167543644,0.0431247273958782,0.0363014692434201,332.239680072915,113.51081446063978,7.453357986610214,48.45392707899548,72.51024536825452,0.9205738033607016,14.227679190965178,352.9560186103332,82.15370528067541,ICV_113_CASE_6_with_r_theta_phi.csv,0.8054737182306524,-0.12263120576091471,0.9924523098736907,0.9906378595336276,0.1365160476231005,0.00337541406,0.0038150577,-0.00043964362746137624,13.024879896694138,ICV_113_CASE_6_with_r_theta_phi.csv
11.20428163,0.9568,1.943848875,0.0,2568.578918,0.4335764462,326.2842501,232.4132779,7.559118111,0.03630130901,0.04311995992,322.306919478862,131.075161937948,0.295122157143474,826.192527353848,807.334548365193,0.0006691167543644,0.0431247273958782,0.0363014692434201,332.239680072915,113.51081446063978,7.453357986610214,48.45392707899548,72.51024536825452,0.9205738033607016,11.411833399291906,4.8809843063575045,80.19263025130954,ICV_113_CASE_6_with_r_theta_phi.csv,0.6460598216041751,0.08508624492227039,0.9963735900379072,0.9853859969002219,0.17033624720814966,0.0,7.976879e-06,-7.97687880549347e-06,0.0,ICV_113_CASE_6_with_r_theta_phi.csv
13.42687713,-1.725090554,1.945266712,0.00337541406,2400.23502,0.4219634352,327.3116123,52.40708666,4.336804944,0.03630127166,0.04311946627,322.306919478862,131.075161937948,0.295122157143474,826.192527353848,807.334548365193,0.0006691167543644,0.0431247273958782,0.0363014692434201,332.239680072915,113.51081446063978,7.453357986610214,48.45392707899548,72.51024536825452,0.9205738033607016,13.676294434693643,352.6787240973506,81.82272292433231,ICV_113_CASE_6_with_r_theta_phi.csv,0.7742580910121414,-0.1274329245114895,0.9918471907256929,0.9898327182553204,0.14223638729693439,0.00337541406,0.0038150577,-0.00043964362746137624,13.024879896694138,ICV_113_CASE_6_with_r_theta_phi.csv
10.33204275,-1.716345927,1.9529866,0.003375420347,3416.3706,0.4332097992,327.729816,162.2659479,10.06636266,0.03630134716,0.04312066275,322.306919478862,131.075161937948,0.295122157143474,826.192527353848,807.334548365193,0.0006691167543644,0.0431247273958782,0.0363014692434201,332.239680072915,113.51081446063978,7.453357986610214,48.45392707899548,72.51024536825452,0.9205738033607016,10.654159159161113,350.56822588525813,79.43753178825426,ICV_113_CASE_6_with_r_theta_phi.csv,0.6031654971529127,-0.16387305343683878,0.9864814353840051,0.9830556361901532,0.18330743616878475,0.003375420347,0.0038837544,-0.0005083340218714504,15.059873125806329,ICV_113_CASE_6_with_r_theta_phi.csv
3.936124982,0.9568,1.953551471,0.0,2042.156601,0.4341481457,325.6421276,552.1486916,10.23583746,0.0363013834,0.04312096754,322.306919478862,131.075161937948,0.295122157143474,826.192527353848,807.334548365193,0.0006691167543644,0.0431247273958782,0.0363014692434201,332.239680072915,113.51081446063978,7.453357986610214,48.45392707899548,72.51024536825452,0.9205738033607016,4.497211298546107,13.662568766345316,64.25340391121404,ICV_113_CASE_6_with_r_theta_phi.csv,0.25460129214953836,0.23620338421000947,0.97170363860991,0.9007240478904025,0.4343917466434276,0.0,7.976879e-06,-7.97687880549347e-06,0.0,ICV_113_CASE_6_with_r_theta_phi.csv
12.35521463,-1.7126355,1.956241203,0.003375415225,2626.341716,0.4290418996,327.2198461,71.79631263,5.467000378,0.03630129838,0.04311986804,322.306919478862,131.075161937948,0.295122157143474,826.192527353848,807.334548365193,0.0006691167543644,0.0431247273958782,0.0363014692434201,332.239680072915,113.51081446063978,7.453357986610214,48.45392707899548,72.51024536825452,0.9205738033607016,12.625819916090247,352.10815428519135,81.08669885070668,ICV_113_CASE_6_with_r_theta_phi.csv,0.7147874208452641,-0.13730357620582115,0.990529014194482,0.9879239233094276,0.1549397358746565,0.003375415225,0.003530488,-0.0001550726588360309,4.594180225340693,ICV_113_CASE_6_with_r_theta_phi.csv
11.95810299,0.9568,1.966265859,0.0,2575.705766,0.4336645326,326.2859271,190.7870145,7.081664116,0.03630129548,0.04311978896,322.306919478862,131.075161937948,0.295122157143474,826.192527353848,807.334548365193,0.0006691167543644,0.0431247273958782,0.0363014692434201,332.239680072915,113.51081446063978,7.453357986610214,48.45392707899548,72.51024536825452,0.9205738033607016,12.156393165232686,4.574643778254938,80.69165970394766,ICV_113_CASE_6_with_r_theta_phi.csv,0.6882116943775012,0.07975779244036375,0.9968142728437629,0.9868321819899772,0.16174747166153927,0.0,1.3997744e-06,-1.3997744190419326e-06,0.0,ICV_113_CASE_6_with_r_theta_phi.csv
-1.24954663,0.9568,1.967037375,0.001707713469,5282.025993,0.4332176523,326.1920585,248.5042602,6.254031986,0.03630143655,0.04312246718,322.306919478862,131.075161937948,0.295122157143474,826.192527353848,807.334548365193,0.0006691167543644,0.0431247273958782,0.0363014692434201,332.239680072915,113.51081446063978,7.453357986610214,48.45392707899548,72.51024536825452,0.9205738033607016,2.5191405389916715,142.55807926220325,38.66275354841344,ICV_113_CASE_6_with_r_theta_phi.csv,0.14261647802515154,0.6079569144508399,-0.7939700184335767,0.6247351873552941,0.78083669591032,0.001707713469,0.0013636036,0.00034410983796550666,20.150326387336314,ICV_113_CASE_6_with_r_theta_phi.csv
16.47795466,0.9568,1.972373326,0.003375410568,2474.686483,0.4335630987,326.6891262,19.74472067,1.631346171,0.03630125754,0.04311918806,322.306919478862,131.075161937948,0.295122157143474,826.192527353848,807.334548365193,0.0006691167543644,0.0431247273958782,0.0363014692434201,332.239680072915,113.51081446063978,7.453357986610214,48.45392707899548,72.51024536825452,0.9205738033607016,16.623137867265978,3.3231742836606486,83.1856713768019,ICV_113_CASE_6_with_r_theta_phi.csv,0.9410881765671275,0.05796781911028793,0.99831845217225,0.9929358663963935,0.1186522870561012,0.003375410568,0.0018124315,0.0015629790723632984,46.30485804357563,ICV_113_CASE_6_with_r_theta_phi.csv
8.421291287,-1.692396841,1.973776313,0.003375427099,4401.665431,0.433733156,328.8641005,275.9216965,15.95579735,0.03630138367,0.04312133345,322.306919478862,131.075161937948,0.295122157143474,826.192527353848,807.334548365193,0.0006691167543644,0.0431247273958782,0.0363014692434201,332.239680072915,113.51081446063978,7.453357986610214,48.45392707899548,72.51024536825452,0.9205738033607016,8.813520689355009,348.6368348129697,77.05893560162247,ICV_113_CASE_6_with_r_theta_phi.csv,0.49896115768941335,-0.19702709425057796,0.9803980437205971,0.9746009384934918,0.22394867869135754,0.003375427099,0.003884503,-0.0005090758203907977,15.081819435258955,ICV_113_CASE_6_with_r_theta_phi.csv
3.164030398,0.9568,1.980252531,0.0,1919.263935,0.4341609526,325.5338577,480.3800431,9.22708149,0.03630139628,0.0431211348,322.306919478862,131.075161937948,0.295122157143474,826.192527353848,807.334548365193,0.0006691167543644,0.0431247273958782,0.0363014692434201,332.239680072915,113.51081446063978,7.453357986610214,48.45392707899548,72.51024536825452,0.9205738033607016,3.853304385329551,16.82527026928244,59.07535917967584,ICV_113_CASE_6_with_r_theta_phi.csv,0.21814769429836436,0.28945399401064975,0.9571919271239613,0.8578439710589074,0.5139102269053266,0.0,7.976879e-06,-7.97687880549347e-06,0.0,ICV_113_CASE_6_with_r_theta_phi.csv
12.66895243,0.9568,1.990088407,0.0,2545.492616,0.4334520932,326.4249492,170.1068718,6.614941999,0.03630127752,0.04311957224,322.306919478862,131.075161937948,0.295122157143474,826.192527353848,807.334548365193,0.0006691167543644,0.0431247273958782,0.0363014692434201,332.239680072915,113.51081446063978,7.453357986610214,48.45392707899548,72.51024536825452,0.9205738033607016,12.859948436182732,4.318962409285405,81.09765128482383,ICV_113_CASE_6_with_r_theta_phi.csv,0.7280421735770018,0.0753087475918627,0.997160264218418,0.9879535229253645,0.15475088542351284,0.0,7.2286675e-06,-7.228667527670041e-06,0.0,ICV_113_CASE_6_with_r_theta_phi.csv
15.19361454,0.9568,1.994032723,0.0,2486.291502,0.4340874986,326.2292164,89.44811537,4.223984014,0.03630124068,0.04311908515,322.306919478862,131.075161937948,0.295122157143474,826.192527353848,807.334548365193,0.0006691167543644,0.0431247273958782,0.0363014692434201,332.239680072915,113.51081446063978,7.453357986610214,48.45392707899548,72.51024536825452,0.9205738033607016,15.353747279752074,3.603376026113949,82.53776339003207,ICV_113_CASE_6_with_r_theta_phi.csv,0.8692239784299431,0.0628493259209705,0.9980230269043293,0.9915306752473421,0.1298727070771606,0.0,7.2286675e-06,-7.228667527670041e-06,0.0,ICV_113_CASE_6_with_r_theta_phi.csv
-0.1252543404,0.9568,2.002616614,0.0,3262.763667,0.4341337476,326.3276139,603.1930506,12.94129078,0.03630143083,0.04312194566,322.306919478862,131.075161937948,0.295122157143474,826.192527353848,807.334548365193,0.0006691167543644,0.0431247273958782,0.0363014692434201,332.239680072915,113.51081446063978,7.453357986610214,48.45392707899548,72.51024536825452,0.9205738033607016,2.2229773261232024,97.45815833778016,25.72715853801742,ICV_113_CASE_6_with_r_theta_phi.csv,0.12584974600438836,0.9915399169809971,-0.12980213031116825,0.4340861516860013,0.9008713631337373,0.0,7.351954e-06,-7.35195408196887e-06,0.0,ICV_113_CASE_6_with_r_theta_phi.csv
-1.348449398,0.9568,2.00654379,0.00337544689,5716.345674,0.4326055702,327.1431535,193.8268288,7.20768732,0.03630143773,0.04312255377,322.306919478862,131.075161937948,0.295122157143474,826.192527353848,807.334548365193,0.0006691167543644,0.0431247273958782,0.0363014692434201,332.239680072915,113.51081446063978,7.453357986610214,48.45392707899548,72.51024536825452,0.9205738033607016,2.6000000000296395,144.64217522587592,39.48891673968393,ICV_113_CASE_6_with_r_theta_phi.csv,0.14719418671974577,0.5786810026967993,-0.8155539817313302,0.6359289457936784,0.7717476115296639,0.00337544689,0.0028056537,0.0005697931633179333,16.88052520800077,ICV_113_CASE_6_with_r_theta_phi.csv
-1.336091084,-0.9719560389,2.007526357,0.003375449218,8551.041069,0.4346210744,334.6999726,447.7529978,31.61775874,0.0363014399,0.04312277181,322.306919478862,131.075161937948,0.295122157143474,826.192527353848,807.334548365193,0.0006691167543644,0.0431247273958782,0.0363014692434201,332.239680072915,113.51081446063978,7.453357986610214,48.45392707899548,72.51024536825452,0.9205738033607016,2.600000000066955,216.0344809867835,39.454855569347785,ICV_113_CASE_6_with_r_theta_phi.csv,0.14719418672185833,-0.5882720177106298,-0.8086631147632891,0.6354700452623405,0.7721255219031935,0.003375449218,0.0035739332,-0.00019848393261926844,5.880222741969457,ICV_113_CASE_6_with_r_theta_phi.csv
2.432423795,0.9568,2.008629563,0.0,1765.981063,0.4341459059,325.3563671,431.891093,7.975640201,0.03630140737,0.04312126826,322.306919478862,131.075161937948,0.295122157143474,826.192527353848,807.334548365193,0.0006691167543644,0.0431247273958782,0.0363014692434201,332.239680072915,113.51081446063978,7.453357986610214,48.45392707899548,72.51024536825452,0.9205738033607016,3.296474553191602,21.472319742535035,52.459173828401845,ICV_113_CASE_6_with_r_theta_phi.csv,0.18662380418993993,0.36605168842329516,0.9305945204021216,0.7929193652884291,0.6093265792254551,0.0,7.976879e-06,-7.97687880549347e-06,0.0,ICV_113_CASE_6_with_r_theta_phi.csv
4.692535111,-1.647901044,2.011074874,0.003375432687,6539.643272,0.4344815815,332.1021649,535.9446489,29.92098431,0.03630142822,0.04312235888,322.306919478862,131.075161937948,0.295122157143474,826.192527353848,807.334548365193,0.0006691167543644,0.0431247273958782,0.0363014692434201,332.239680072915,113.51081446063978,7.453357986610214,48.45392707899548,72.51024536825452,0.9205738033607016,5.364688785718905,340.6499999433947,67.98356057112244,ICV_113_CASE_6_with_r_theta_phi.csv,0.30371192415747417,-0.33133788939471365,0.9435121637008483,0.9270763334700386,0.3748726075878974,0.003375432687,0.0035612409,-0.0001858081667417649,5.504721436227465,ICV_113_CASE_6_with_r_theta_phi.csv
13.33048508,0.9568,2.013657071,0.0,2514.680938,0.433465514,326.5505661,150.9588625,6.172070469,0.03630126218,0.04311938922,322.306919478862,131.075161937948,0.295122157143474,826.192527353848,807.334548365193,0.0006691167543644,0.0431247273958782,0.0363014692434201,332.239680072915,113.51081446063978,7.453357986610214,48.45392707899548,72.51024536825452,0.9205738033607016,13.515624791613998,4.105383389720885,81.43175363637573,ICV_113_CASE_6_with_r_theta_phi.csv,0.7651620766108372,0.07159116143390395,0.9974340607802326,0.9888391025080151,0.14898734627861265,0.0,7.2286675e-06,-7.228667527670041e-06,0.0,ICV_113_CASE_6_with_r_theta_phi.csv
11.61924377,-1.641455204,2.016339459,0.003375416854,2865.841341,0.4328204644,327.3012258,98.22797042,6.83139585,0.03630131584,0.0431201529,322.306919478862,131.075161937948,0.295122157143474,826.192527353848,807.334548365193,0.0006691167543644,0.0431247273958782,0.0363014692434201,332.239680072915,113.51081446063978,7.453357986610214,48.45392707899548,72.51024536825452,0.9205738033607016,11.906587495472534,351.95901281949193,80.25017199502912,ICV_113_CASE_6_with_r_theta_phi.csv,0.6740694088398443,-0.1398814646937619,0.9901682563257256,0.9855565674204505,0.16934654532767734,0.003375416854,0.0038837544,-0.0005083375148714504,15.059992193807137,ICV_113_CASE_6_with_r_theta_phi.csv
13.93802716,0.9568,2.031404944,0.0,2462.220384,0.4336561082,326.5128436,129.6970085,5.539860164,0.03630125388,0.04311927951,322.306919478862,131.075161937948,0.295122157143474,826.192527353848,807.334548365193,0.0006691167543644,0.0431247273958782,0.0363014692434201,332.239680072915,113.51081446063978,7.453357986610214,48.45392707899548,72.51024536825452,0.9205738033607016,14.117743211979928,3.9270071831163023,81.72698138156409,ICV_113_CASE_6_with_r_theta_phi.csv,0.7992498963007337,0.06848555581072895,0.997652108024283,0.9895936586959703,0.14389020351894516,0.0,7.2286675e-06,-7.228667527670041e-06,0.0,ICV_113_CASE_6_with_r_theta_phi.csv
1.750834933,0.9568,2.033096035,0.0,1753.108454,0.4341495337,325.3046894,463.1360834,7.923344707,0.03630141727,0.04312140095,322.306919478862,131.075161937948,0.295122157143474,826.192527353848,807.334548365193,0.0006691167543644,0.0431247273958782,0.0363014692434201,332.239680072915,113.51081446063978,7.453357986610214,48.45392707899548,72.51024536825452,0.9205738033607016,2.84857309720952,28.6558159454205,44.46124615385276,ICV_113_CASE_6_with_r_theta_phi.csv,0.16126669244258568,0.47954693711446156,0.8775162306784636,0.7004266740888567,0.7137243685238878,0.0,7.976879e-06,-7.97687880549347e-06,0.0,ICV_113_CASE_6_with_r_theta_phi.csv
3.76282361,-1.619503708,2.034012719,0.003375437111,7395.881831,0.4346623883,333.2886997,585.7742022,33.77004422,0.0363014371,0.04312261874,322.306919478862,131.075161937948,0.295122157143474,826.192527353848,807.334548365193,0.0006691167543644,0.0431247273958782,0.0363014692434201,332.239680072915,113.51081446063978,7.453357986610214,48.45392707899548,72.51024536825452,0.9205738033607016,4.573712006811639,336.71315609403314,63.59469282963113,ICV_113_CASE_6_with_r_theta_phi.csv,0.25893223812511573,-0.3953346010899659,0.9185371811641799,0.8956705709087801,0.4447181449052195,0.003375437111,0.0035612409,-0.00018580374274176524,5.504583156984773,ICV_113_CASE_6_with_r_theta_phi.csv
7.671679738,-1.614660028,2.037859906,0.003375428496,4593.870727,0.43389811,329.1601653,327.9093728,18.07276295,0.03630139295,0.04312152181,322.306919478862,131.075161937948,0.295122157143474,826.192527353848,807.334548365193,0.0006691167543644,0.0431247273958782,0.0363014692434201,332.239680072915,113.51081446063978,7.453357986610214,48.45392707899548,72.51024536825452,0.9205738033607016,8.100288266780574,348.11442031564553,75.42904942834133,ICV_113_CASE_6_with_r_theta_phi.csv,0.45858282446564363,-0.20595790578249434,0.9785608519891286,0.9678368473222839,0.2515786894100177,0.003375428496,0.003884503,-0.0005090744233907977,15.0817718059574,ICV_113_CASE_6_with_r_theta_phi.csv
14.52235106,0.9568,2.0410699,0.0,2473.129024,0.4339396841,326.3164812,108.1331673,4.947522716,0.03630124912,0.04311920468,322.306919478862,131.075161937948,0.295122157143474,826.192527353848,807.334548365193,0.0006691167543644,0.0431247273958782,0.0363014692434201,332.239680072915,113.51081446063978,7.453357986610214,48.45392707899548,72.51024536825452,0.9205738033607016,14.696261867786962,3.7694644652573857,82.01674927921295,ICV_113_CASE_6_with_r_theta_phi.csv,0.8320016590094822,0.06574211709098023,0.9978366469720361,0.9903087109106768,0.13888360988408013,0.0,7.2286675e-06,-7.228667527670041e-06,0.0,ICV_113_CASE_6_with_r_theta_phi.csv
2.965423999,-1.606312218,2.044446394,0.003375442233,7647.640684,0.4347963206,333.5361604,589.037695,34.65296157,0.03630144142,0.04312276789,322.306919478862,131.075161937948,0.295122157143474,826.192527353848,807.334548365193,0.0006691167543644,0.0431247273958782,0.0363014692434201,332.239680072915,113.51081446063978,7.453357986610214,48.45392707899548,72.51024536825452,0.9205738033607016,3.943822954124695,331.5564606224346,58.77554615525816,ICV_113_CASE_6_with_r_theta_phi.csv,0.22327223549708927,-0.476292521462079,0.8792868894731087,0.8551430882790966,0.5183920317370717,0.003375442233,0.0035612409,-0.0001857986207417649,5.504423061081035,ICV_113_CASE_6_with_r_theta_phi.csv
15.68831319,-1.483023045,2.047094944,0.003375415457,2203.827377,0.4224004716,326.480743,29.75736172,2.27189198,0.0363012035,0.04311868223,322.306919478862,131.075161937948,0.295122157143474,826.192527353848,807.334548365193,0.0006691167543644,0.0431247273958782,0.0363014692434201,332.239680072915,113.51081446063978,7.453357986610214,48.45392707899548,72.51024536825452,0.9205738033607016,15.890661591301964,354.59985222482345,82.59837218490611,ICV_113_CASE_6_with_r_theta_phi.csv,0.8996203882091267,-0.09411088103516682,0.9955617218790529,0.9916675028055613,0.12882377063019929,0.003375415457,0.0036389534,-0.00026353797916604804,7.807571614375419,ICV_113_CASE_6_with_r_theta_phi.csv
1.12701085,0.9568,2.047930458,0.0,1901.666368,0.434039132,325.431771,733.5713379,9.910182111,0.03630142421,0.04312152959,322.306919478862,131.075161937948,0.295122157143474,826.192527353848,807.334548365193,0.0006691167543644,0.0431247273958782,0.0363014692434201,332.239680072915,113.51081446063978,7.453357986610214,48.45392707899548,72.51024536825452,0.9205738033607016,2.5257946980746104,40.33030533974181,35.82520801159251,ICV_113_CASE_6_with_r_theta_phi.csv,0.14299319092303842,0.647193085620498,0.7623261178295144,0.5853144562702948,0.8108063808832594,0.0,7.976879e-06,-7.97687880549347e-06,0.0,ICV_113_CASE_6_with_r_theta_phi.csv
0.5312311738,0.9568,2.052377207,0.0,2185.055362,0.4339944412,325.4708267,850.9722701,10.91633401,0.03630142757,0.04312166703,322.306919478862,131.075161937948,0.295122157143474,826.192527353848,807.334548365193,0.0006691167543644,0.0431247273958782,0.0363014692434201,332.239680072915,113.51081446063978,7.453357986610214,48.45392707899548,72.51024536825452,0.9205738033607016,2.325924547320924,60.96024156197245,28.06773133853176,ICV_113_CASE_6_with_r_theta_phi.csv,0.13167791235018975,0.8742830796111413,0.4854164157768655,0.4705149976457394,0.8823919973517608,0.0,7.351954e-06,-7.35195408196887e-06,0.0,ICV_113_CASE_6_with_r_theta_phi.csv
7.983964409,0.9568,2.053569255,0.0,2615.018137,0.4336876373,326.0870874,363.8114373,8.942020171,0.03630135296,0.0431205864,322.306919478862,131.075161937948,0.295122157143474,826.192527353848,807.334548365193,0.0006691167543644,0.0431247273958782,0.0363014692434201,332.239680072915,113.51081446063978,7.453357986610214,48.45392707899548,72.51024536825452,0.9205738033607016,8.299174694465709,6.833748116501113,75.67377090223715,ICV_113_CASE_6_with_r_theta_phi.csv,0.4698424113780957,0.11898882005594993,0.9928955940589589,0.9689025576496615,0.24744258683570314,0.0,7.976879e-06,-7.97687880549347e-06,0.0,ICV_113_CASE_6_with_r_theta_phi.csv
7.178338105,0.9568,2.055762621,0.0,2648.149481,0.4337901719,326.1966091,438.9245277,10.44389463,0.03630136099,0.04312071711,322.306919478862,131.075161937948,0.295122157143474,826.192527353848,807.334548365193,0.0006691167543644,0.0431247273958782,0.0363014692434201,332.239680072915,113.51081446063978,7.453357986610214,48.45392707899548,72.51024536825452,0.9205738033607016,7.527958829828693,7.592198525588003,74.15215412676747,ICV_113_CASE_6_with_r_theta_phi.csv,0.4261814529245122,0.13212142372099725,0.9912335392801924,0.9619902855326941,0.2730836694874409,0.0,7.976879e-06,-7.97687880549347e-06,0.0,ICV_113_CASE_6_with_r_theta_phi.csv
8.794011891,0.9568,2.055836038,0.0,2638.472148,0.4338095504,326.0455317,382.8883206,9.124061107,0.03630134026,0.04312040885,322.306919478862,131.075161937948,0.295122157143474,826.192527353848,807.334548365193,0.0006691167543644,0.0431247273958782,0.0363014692434201,332.239680072915,113.51081446063978,7.453357986610214,48.45392707899548,72.51024536825452,0.9205738033607016,9.081661367513597,6.209430803470241,76.91641599247737,ICV_113_CASE_6_with_r_theta_phi.csv,0.5141414457846382,0.10816299007097588,0.994133173965594,0.9740408658743872,0.2263722412458603,0.0,7.976879e-06,-7.97687880549347e-06,0.0,ICV_113_CASE_6_with_r_theta_phi.csv
6.369080405,0.9568,2.061621819,0.0,2636.119409,0.4341106007,326.0889626,586.2310713,12.33714485,0.03630136659,0.04312081413,322.306919478862,131.075161937948,0.295122157143474,826.192527353848,807.334548365193,0.0006691167543644,0.0431247273958782,0.0363014692434201,332.239680072915,113.51081446063978,7.453357986610214,48.45392707899548,72.51024536825452,0.9205738033607016,6.762465228741057,8.543416140267652,72.25011033539926,ICV_113_CASE_6_with_r_theta_phi.csv,0.38284444982836624,0.14855879993855597,0.988903576169495,0.9523963867235704,0.3048624649836172,0.0,7.976879e-06,-7.97687880549347e-06,0.0,ICV_113_CASE_6_with_r_theta_phi.csv
9.619674678,0.9568,2.063919667,0.0,2612.496208,0.4336072074,326.2072512,348.8844459,8.733594149,0.03630132938,0.04312025478,322.306919478862,131.075161937948,0.295122157143474,826.192527353848,807.334548365193,0.0006691167543644,0.0431247273958782,0.0363014692434201,332.239680072915,113.51081446063978,7.453357986610214,48.45392707899548,72.51024536825452,0.9205738033607016,9.885007412358569,5.680118278104146,77.94837572097867,ICV_113_CASE_6_with_r_theta_phi.csv,0.5596213949093043,0.09897445798765193,0.9950899741561315,0.9779598724466121,0.20879293063752472,0.0,7.976879e-06,-7.97687880549347e-06,0.0,ICV_113_CASE_6_with_r_theta_phi.csv
5.541866439,0.9568,2.069357381,0.0,2511.390762,0.4340714945,325.9794305,594.0604497,11.9321883,0.03630137484,0.04312094188,322.306919478862,131.075161937948,0.295122157143474,826.192527353848,807.334548365193,0.0006691167543644,0.0431247273958782,0.0363014692434201,332.239680072915,113.51081446063978,7.453357986610214,48.45392707899548,72.51024536825452,0.9205738033607016,5.992494458738674,9.79551694072842,69.7983715919845,ICV_113_CASE_6_with_r_theta_phi.csv,0.3392539801025258,0.17013239624674112,0.9854212133637787,0.9384832086322862,0.34532487184569954,0.0,7.976879e-06,-7.97687880549347e-06,0.0,ICV_113_CASE_6_with_r_theta_phi.csv
2.160797401,-1.573287875,2.069967454,0.003375444794,7529.140706,0.4348372281,333.2638111,600.4760464,34.70714088,0.03630144179,0.04312277384,322.306919478862,131.075161937948,0.295122157143474,826.192527353848,807.334548365193,0.0006691167543644,0.0431247273958782,0.0363014692434201,332.239680072915,113.51081446063978,7.453357986610214,48.45392707899548,72.51024536825452,0.9205738033607016,3.3806871204548954,323.94144154959315,52.24459017448498,ICV_113_CASE_6_with_r_theta_phi.csv,0.19139134278600184,-0.5886117910800649,0.8084158332204522,0.790631765112486,0.6122919336355125,0.003375444794,0.0035612409,-0.00018579605974176515,5.504343013311381,ICV_113_CASE_6_with_r_theta_phi.csv
10.46410308,0.9568,2.074820955,0.0,2631.377289,0.433491912,326.3397471,269.5994851,8.044244901,0.03630132331,0.04312016077,322.306919478862,131.075161937948,0.295122157143474,826.192527353848,807.334548365193,0.0006691167543644,0.0431247273958782,0.0363014692434201,332.239680072915,113.51081446063978,7.453357986610214,48.45392707899548,72.51024536825452,0.9205738033607016,10.710639640290983,5.224392883968335,78.83028151790427,ICV_113_CASE_6_with_r_theta_phi.csv,0.6063630350318959,0.09105655595039787,0.9958457227996975,0.9810576735640233,0.1937158773594625,0.0,7.976879e-06,-7.97687880549347e-06,0.0,ICV_113_CASE_6_with_r_theta_phi.csv
4.691796014,0.9568,2.08028539,0.0,2344.034917,0.4340903534,325.82206,586.8970026,11.21118368,0.03630138201,0.04312102344,322.306919478862,131.075161937948,0.295122157143474,826.192527353848,807.334548365193,0.0006691167543644,0.0431247273958782,0.0363014692434201,332.239680072915,113.51081446063978,7.453357986610214,48.45392707899548,72.51024536825452,0.9205738033607016,5.220728242384748,11.526303776658722,66.51765211181532,ICV_113_CASE_6_with_r_theta_phi.csv,0.2955618645053348,0.19981778458293625,0.9798330740306571,0.9171828804527291,0.3984665152863348,0.0,7.976879e-06,-7.97687880549347e-06,0.0,ICV_113_CASE_6_with_r_theta_phi.csv
11.27710483,0.9568,2.089183664,0.0,2655.862844,0.4335166403,326.4135031,202.8487682,7.376079772,0.0363013161,0.0431200511,322.306919478862,131.075161937948,0.295122157143474,826.192527353848,807.334548365193,0.0006691167543644,0.0431247273958782,0.0363014692434201,332.239680072915,113.51081446063978,7.453357986610214,48.45392707899548,72.51024536825452,0.9205738033607016,11.508833475584474,4.849615600670575,79.54118464277849,ICV_113_CASE_6_with_r_theta_phi.csv,0.6515513013508962,0.08454073041424884,0.9964200243376411,0.9833856458204006,0.1815287073561472,0.0,7.976879e-06,-7.97687880549347e-06,0.0,ICV_113_CASE_6_with_r_theta_phi.csv
15.39086543,0.9568,2.090101121,0.0,2508.006533,0.4339291208,326.3058157,74.76692218,3.738560036,0.03630124808,0.04311915295,322.306919478862,131.075161937948,0.295122157143474,826.192527353848,807.334548365193,0.0006691167543644,0.0431247273958782,0.0363014692434201,332.239680072915,113.51081446063978,7.453357986610214,48.45392707899548,72.51024536825452,0.9205738033607016,15.561578570966846,3.55731414803887,82.28118280655997,ICV_113_CASE_6_with_r_theta_phi.csv,0.8809899622318371,0.06204696361620733,0.9980732309334867,0.9909391422628989,0.13431163885259628,0.0,7.2286675e-06,-7.228667527670041e-06,0.0,ICV_113_CASE_6_with_r_theta_phi.csv
6.923607265,-1.543335198,2.092394912,0.003375428729,4883.009912,0.4340403557,329.6166547,378.6976382,20.4524389,0.0363014024,0.04312172305,322.306919478862,131.075161937948,0.295122157143474,826.192527353848,807.334548365193,0.0006691167543644,0.0431247273958782,0.0363014692434201,332.239680072915,113.51081446063978,7.453357986610214,48.45392707899548,72.51024536825452,0.9205738033607016,7.395697232926046,347.4336935072053,73.56540865197661,ICV_113_CASE_6_with_r_theta_phi.csv,0.4186937074667745,-0.21756930352593906,0.9760448750765703,0.9591433408876299,0.28292057477482235,0.003375428729,0.003884503,-0.0005090741903907977,15.081763862061983,ICV_113_CASE_6_with_r_theta_phi.csv
1.373181436,-1.54327697,2.092437859,0.003375444794,6949.109349,0.4347794279,332.3360615,617.4395821,33.44556931,0.03630144032,0.04312270087,322.306919478862,131.075161937948,0.295122157143474,826.192527353848,807.334548365193,0.0006691167543644,0.0431247273958782,0.0363014692434201,332.239680072915,113.51081446063978,7.453357986610214,48.45392707899548,72.51024536825452,0.9205738033607016,2.940344751229676,311.6621404472056,44.63229919078225,ICV_113_CASE_6_with_r_theta_phi.csv,0.16646217474153518,-0.7470775860763642,0.6647368504771739,0.7025543298728127,0.7116301100831548,0.003375444794,0.0035612409,-0.00018579605974176515,5.504343013311381,ICV_113_CASE_6_with_r_theta_phi.csv
16.58702485,-0.3282898915,2.093108178,0.00337541406,2331.347467,0.429560608,326.6481624,16.00430864,1.447292097,0.03630121718,0.0431187524,322.306919478862,131.075161937948,0.295122157143474,826.192527353848,807.334548365193,0.0006691167543644,0.0431247273958782,0.0363014692434201,332.239680072915,113.51081446063978,7.453357986610214,48.45392707899548,72.51024536825452,0.9205738033607016,16.72179025918544,358.866151709632,82.80928284660172,ICV_113_CASE_6_with_r_theta_phi.csv,0.9466731991041957,-0.019788094257785518,0.9998041964933159,0.992134994312143,0.12517249322931936,0.00337541406,0.0035964788,-0.00022106478033620362,6.549264070752582,ICV_113_CASE_6_with_r_theta_phi.csv
3.865276793,0.9568,2.09503278,0.0,2160.555303,0.4341519577,325.6189171,599.4186229,10.52850943,0.03630138834,0.04312107131,322.306919478862,131.075161937948,0.295122157143474,826.192527353848,807.334548365193,0.0006691167543644,0.0431247273958782,0.0363014692434201,332.239680072915,113.51081446063978,7.453357986610214,48.45392707899548,72.51024536825452,0.9205738033607016,4.499443662918661,13.903361998813637,62.24961902298577,ICV_113_CASE_6_with_r_theta_phi.csv,0.25472767332579854,0.24028500171561928,0.9707023838182972,0.884984541431324,0.46562040486601236,0.0,7.976879e-06,-7.97687880549347e-06,0.0,ICV_113_CASE_6_with_r_theta_phi.csv
-0.3080606266,0.9568,2.100056916,0.0,3469.995409,0.4340983164,326.0877021,536.3571308,11.4173531,0.03630143122,0.04312199778,322.306919478862,131.075161937948,0.295122157143474,826.192527353848,807.334548365193,0.0006691167543644,0.0431247273958782,0.0363014692434201,332.239680072915,113.51081446063978,7.453357986610214,48.45392707899548,72.51024536825452,0.9205738033607016,2.3282196288367247,107.84698652272078,25.577623324715432,ICV_113_CASE_6_with_r_theta_phi.csv,0.13180784414140898,0.9518783812063685,-0.30647601438276284,0.4317335081781365,0.9020012072698124,0.0,7.351954e-06,-7.35195408196887e-06,0.0,ICV_113_CASE_6_with_r_theta_phi.csv
0.595514807,-1.531160864,2.101320159,0.00337544689,7288.400316,0.434762867,332.7560821,760.1378003,37.80237828,0.03630143947,0.04312269866,322.306919478862,131.075161937948,0.295122157143474,826.192527353848,807.334548365193,0.0006691167543644,0.0431247273958782,0.0363014692434201,332.239680072915,113.51081446063978,7.453357986610214,48.45392707899548,72.51024536825452,0.9205738033607016,2.667327855255379,291.2525649337755,38.01963452841926,ICV_113_CASE_6_with_r_theta_phi.csv,0.15100582860183215,-0.9319916432521629,0.3624797606875909,0.6159314803439271,0.7877997280536079,0.00337544689,0.0035612409,-0.00018579396374176485,5.504277499881566,ICV_113_CASE_6_with_r_theta_phi.csv
12.04701522,0.9568,2.104181314,0.0,2638.120262,0.433594912,326.3946655,166.1883113,6.798339409,0.03630130278,0.04311987516,322.306919478862,131.075161937948,0.295122157143474,826.192527353848,807.334548365193,0.0006691167543644,0.0431247273958782,0.0363014692434201,332.239680072915,113.51081446063978,7.453357986610214,48.45392707899548,72.51024536825452,0.9205738033607016,12.266768969581944,4.541022641790278,80.1229155917398,ICV_113_CASE_6_with_r_theta_phi.csv,0.694460416206171,0.07917284859591123,0.9968609030577982,0.9851780108408342,0.17153508957556504,0.0,1.3997744e-06,-1.3997744190419326e-06,0.0,ICV_113_CASE_6_with_r_theta_phi.csv
9.636541388,-1.514804989,2.113141227,0.003375423141,3722.621604,0.433412934,327.989843,199.4626192,11.82004613,0.03630136053,0.04312089257,322.306919478862,131.075161937948,0.295122157143474,826.192527353848,807.334548365193,0.0006691167543644,0.0431247273958782,0.0363014692434201,332.239680072915,113.51081446063978,7.453357986610214,48.45392707899548,72.51024536825452,0.9205738033607016,9.981128689811754,351.06655895962314,77.77720431895489,ICV_113_CASE_6_with_r_theta_phi.csv,0.5650631230866211,-0.15528698887548106,0.9878693998125391,0.9773317393116988,0.2117136541037675,0.003375423141,0.0038837544,-0.0005083312278714503,15.059777885218113,ICV_113_CASE_6_with_r_theta_phi.csv
3.077338699,0.9568,2.113338452,0.0,1995.043919,0.4341671601,325.4042219,504.7540044,8.845771741,0.03630140024,0.04312122171,322.306919478862,131.075161937948,0.295122157143474,826.192527353848,807.334548365193,0.0006691167543644,0.0431247273958782,0.0363014692434201,332.239680072915,113.51081446063978,7.453357986610214,48.45392707899548,72.51024536825452,0.9205738033607016,3.853787633103927,17.271409897709646,56.744083592489005,ICV_113_CASE_6_with_r_theta_phi.csv,0.2181750524764923,0.2968984196298873,0.9549090681427606,0.8362295341967315,0.5483795821665112,0.0,7.976879e-06,-7.97687880549347e-06,0.0,ICV_113_CASE_6_with_r_theta_phi.csv
12.77356591,0.9568,2.120250604,0.0,2587.628171,0.4333697728,326.5453814,148.8172593,6.302872385,0.03630128508,0.04311965699,322.306919478862,131.075161937948,0.295122157143474,826.192527353848,807.334548365193,0.0006691167543644,0.0431247273958782,0.0363014692434201,332.239680072915,113.51081446063978,7.453357986610214,48.45392707899548,72.51024536825452,0.9205738033607016,12.983640280016868,4.283722998728422,80.60140871022116,ICV_113_CASE_6_with_r_theta_phi.csv,0.7350447583296265,0.07469543620771417,0.9972063937870331,0.9865761769440351,0.1633017057060088,0.0,7.2286675e-06,-7.228667527670041e-06,0.0,ICV_113_CASE_6_with_r_theta_phi.csv
2.330833048,0.9568,2.133109246,0.0,1824.42719,0.4341223476,325.2090315,429.7080981,7.181020721,0.03630141151,0.04312136305,322.306919478862,131.075161937948,0.295122157143474,826.192527353848,807.334548365193,0.0006691167543644,0.0431247273958782,0.0363014692434201,332.239680072915,113.51081446063978,7.453357986610214,48.45392707899548,72.51024536825452,0.9205738033607016,3.30127308670756,22.318003511380084,49.74823671206167,ICV_113_CASE_6_with_r_theta_phi.csv,0.18689546428160175,0.37974686069854546,0.9250904397893212,0.7632125848392037,0.6461474679537647,0.0,7.976879e-06,-7.97687880549347e-06,0.0,ICV_113_CASE_6_with_r_theta_phi.csv
13.45226361,0.9568,2.136179175,0.0,2546.054257,0.4333533916,326.6510173,130.5794237,5.798370053,0.03630126972,0.04311947051,322.306919478862,131.075161937948,0.295122157143474,826.192527353848,807.334548365193,0.0006691167543644,0.0431247273958782,0.0363014692434201,332.239680072915,113.51081446063978,7.453357986610214,48.45392707899548,72.51024536825452,0.9205738033607016,13.65438112624054,4.06834418242596,80.99930593801827,ICV_113_CASE_6_with_r_theta_phi.csv,0.7730175096213503,0.07094634916713069,0.9974801329048392,0.987686445527686,0.15644642955620736,0.0,7.2286675e-06,-7.228667527670041e-06,0.0,ICV_113_CASE_6_with_r_theta_phi.csv
14.4516506,-1.466119072,2.147206293,0.00337541406,2259.40316,0.4231101404,326.9503537,41.37504992,3.460067356,0.03630124759,0.04311917024,322.306919478862,131.075161937948,0.295122157143474,826.192527353848,807.334548365193,0.0006691167543644,0.0431247273958782,0.0363014692434201,332.239680072915,113.51081446063978,7.453357986610214,48.45392707899548,72.51024536825452,0.9205738033607016,14.683671375458568,354.207165867974,81.59143636110036,ICV_113_CASE_6_with_r_theta_phi.csv,0.8312888715946137,-0.10093186866245574,0.9948933399557486,0.9892504878040072,0.14623088722815697,0.00337541406,0.0038150577,-0.00043964362746137624,13.024879896694138,ICV_113_CASE_6_with_r_theta_phi.csv
14.0811238,0.9568,2.147959781,0.0,2511.500606,0.4334764573,326.6622658,109.1329389,5.166653963,0.03630126054,0.04311935219,322.306919478862,131.075161937948,0.295122157143474,826.192527353848,807.334548365193,0.0006691167543644,0.0431247273958782,0.0363014692434201,332.239680072915,113.51081446063978,7.453357986610214,48.45392707899548,72.51024536825452,0.9205738033607016,14.276107485295844,3.887222720875286,81.34650963305228,ICV_113_CASE_6_with_r_theta_phi.csv,0.8082153964607084,0.06779279980443366,0.9976994218173507,0.9886163465207999,0.1504583643134067,0.0,7.2286675e-06,-7.228667527670041e-06,0.0,ICV_113_CASE_6_with_r_theta_phi.csv
1.633712,0.9568,2.150214904,0.0,1834.091957,0.4340836137,325.1534661,464.4111567,7.001711671,0.03630142038,0.04312148781,322.306919478862,131.075161937948,0.295122157143474,826.192527353848,807.334548365193,0.0006691167543644,0.0431247273958782,0.0363014692434201,332.239680072915,113.51081446063978,7.453357986610214,48.45392707899548,72.51024536825452,0.9205738033607016,2.864944200560934,30.3558055518194,41.364044071500985,ICV_113_CASE_6_with_r_theta_phi.csv,0.16219351215161984,0.5053683235378252,0.8629037359778714,0.6608410034311257,0.7505259277227821,0.0,7.976879e-06,-7.97687880549347e-06,0.0,ICV_113_CASE_6_with_r_theta_phi.csv
14.69571269,0.9568,2.154004574,0.0,2501.370469,0.4338181838,326.3797732,89.05599663,4.457293369,0.03630125517,0.0431192652,322.306919478862,131.075161937948,0.295122157143474,826.192527353848,807.334548365193,0.0006691167543644,0.0431247273958782,0.0363014692434201,332.239680072915,113.51081446063978,7.453357986610214,48.45392707899548,72.51024536825452,0.9205738033607016,14.883520195566636,3.7251229884127497,81.6786952585062,ICV_113_CASE_6_with_r_theta_phi.csv,0.8426029425724493,0.06496986694373315,0.9978872262882783,0.9894720435580829,0.14472413418981378,0.0,7.2286675e-06,-7.228667527670041e-06,0.0,ICV_113_CASE_6_with_r_theta_phi.csv
16.14794603,-0.9762303662,2.160200348,0.003375414992,2250.595391,0.4239177352,326.4000708,21.81373981,1.749453624,0.03630120964,0.04311870677,322.306919478862,131.075161937948,0.295122157143474,826.192527353848,807.334548365193,0.0006691167543644,0.0431247273958782,0.0363014692434201,332.239680072915,113.51081446063978,7.453357986610214,48.45392707899548,72.51024536825452,0.9205738033607016,16.321018726145226,356.5403720469957,82.39418693677874,ICV_113_CASE_6_with_r_theta_phi.csv,0.9239842606943467,-0.06034521355994981,0.998177566969126,0.9912021168011408,0.13235695542334608,0.003375414992,0.0035964788,-0.00022106384833620344,6.5492346509880965,ICV_113_CASE_6_with_r_theta_phi.csv
0.9909353972,0.9568,2.160384978,0.0,2045.736471,0.433979791,325.2958944,759.0874611,9.214443239,0.03630142578,0.04312160215,322.306919478862,131.075161937948,0.295122157143474,826.192527353848,807.334548365193,0.0006691167543644,0.0431247273958782,0.0363014692434201,332.239680072915,113.51081446063978,7.453357986610214,48.45392707899548,72.51024536825452,0.9205738033607016,2.56216362759914,43.9959550004952,32.52171522270146,ICV_113_CASE_6_with_r_theta_phi.csv,0.1450521505396422,0.6946075843741293,0.719388840426328,0.5376192169073242,0.8431877475461533,0.0,7.976879e-06,-7.97687880549347e-06,0.0,ICV_113_CASE_6_with_r_theta_phi.csv
0.3683619866,0.9568,2.163127207,0.0,2362.242074,0.433960451,325.3288383,804.5227791,9.749865069,0.0363014282,0.04312172322,322.306919478862,131.075161937948,0.295122157143474,826.192527353848,807.334548365193,0.0006691167543644,0.0431247273958782,0.0363014692434201,332.239680072915,113.51081446063978,7.453357986610214,48.45392707899548,72.51024536825452,0.9205738033607016,2.3937995126650686,68.94360802331983,25.35959097362013,ICV_113_CASE_6_with_r_theta_phi.csv,0.1355205278587853,0.9332272594410542,0.3592866296373123,0.42829793099246477,0.9036375834965995,0.0,7.351954e-06,-7.35195408196887e-06,0.0,ICV_113_CASE_6_with_r_theta_phi.csv
-1.40693935,-0.307339431,2.164731886,0.003375445725,7399.882735,0.4343147665,332.5453318,360.5607466,25.57601823,0.03630143786,0.04312260675,322.306919478862,131.075161937948,0.295122157143474,826.192527353848,807.334548365193,0.0006691167543644,0.0431247273958782,0.0363014692434201,332.239680072915,113.51081446063978,7.453357986610214,48.45392707899548,72.51024536825452,0.9205738033607016,2.5999999997482584,192.32243098227025,33.63436390341661,ICV_113_CASE_6_with_r_theta_phi.csv,0.1471941867038159,-0.21341287790366772,-0.9769620993390041,0.553891005238876,0.8325891870036912,0.003375445725,0.0035739332,-0.00019848742561926836,5.880332309608238,ICV_113_CASE_6_with_r_theta_phi.csv
15.55112817,0.9568,2.17681046,0.0,2542.145496,0.4337116567,326.4476476,59.86460699,3.259308799,0.03630125307,0.04311919554,322.306919478862,131.075161937948,0.295122157143474,826.192527353848,807.334548365193,0.0006691167543644,0.0431247273958782,0.0363014692434201,332.239680072915,113.51081446063978,7.453357986610214,48.45392707899548,72.51024536825452,0.9205738033607016,15.73186439613986,3.5207468048243413,82.04649187053974,ICV_113_CASE_6_with_r_theta_phi.csv,0.8906303789802821,0.0614099601885872,0.9981126273069769,0.9903806728131783,0.13836951585561114,0.0,4.5598135e-06,-4.559813532978296e-06,0.0,ICV_113_CASE_6_with_r_theta_phi.csv
-0.4621317585,0.9568,2.184158914,0.0,3674.430814,0.4340127079,325.7550712,412.748273,8.889846298,0.03630143166,0.0431220443,322.306919478862,131.075161937948,0.295122157143474,826.192527353848,807.334548365193,0.0006691167543644,0.0431247273958782,0.0363014692434201,332.239680072915,113.51081446063978,7.453357986610214,48.45392707899548,72.51024536825452,0.9205738033607016,2.428905548558849,115.78041435480044,25.94219748674243,ICV_113_CASE_6_with_r_theta_phi.csv,0.13750799109043157,0.9004674955833418,-0.4349233143875644,0.4374641807274753,0.8992358370196546,0.0,7.351954e-06,-7.35195408196887e-06,0.0,ICV_113_CASE_6_with_r_theta_phi.csv
5.351066084,-1.395447193,2.193792864,0.003375430824,5652.993246,0.4343489206,330.6960942,453.0437763,24.9328913,0.03630141624,0.04312202194,322.306919478862,131.075161937948,0.295122157143474,826.192527353848,807.334548365193,0.0006691167543644,0.0431247273958782,0.0363014692434201,332.239680072915,113.51081446063978,7.453357986610214,48.45392707899548,72.51024536825452,0.9205738033607016,5.949277959040408,345.3839691507727,68.36148786840494,ICV_113_CASE_6_with_r_theta_phi.csv,0.3368073579771843,-0.2523401047873675,0.9676386058420263,0.9295288359814907,0.3687494312929783,0.003375430824,0.003884503,-0.0005090720953907974,15.081692435240393,ICV_113_CASE_6_with_r_theta_phi.csv
7.985543352,0.9568,2.195258969,0.0,2771.239681,0.4335880004,326.2836165,288.8332839,8.398723215,0.03630135775,0.04312067116,322.306919478862,131.075161937948,0.295122157143474,826.192527353848,807.334548365193,0.0006691167543644,0.0431247273958782,0.0363014692434201,332.239680072915,113.51081446063978,7.453357986610214,48.45392707899548,72.51024536825452,0.9205738033607016,8.336877761347251,6.832409686786036,74.73290394090657,ICV_113_CASE_6_with_r_theta_phi.csv,0.4719769007113286,0.11896562597711262,0.9928983733675233,0.964708796964757,0.26331907841782237,0.0,7.976879e-06,-7.97687880549347e-06,0.0,ICV_113_CASE_6_with_r_theta_phi.csv
8.805330007,0.9568,2.196626282,0.0,2802.752905,0.4337318705,326.2719659,327.2184165,9.04965128,0.03630134513,0.04312048855,322.306919478862,131.075161937948,0.295122157143474,826.192527353848,807.334548365193,0.0006691167543644,0.0431247273958782,0.0363014692434201,332.239680072915,113.51081446063978,7.453357986610214,48.45392707899548,72.51024536825452,0.9205738033607016,9.125484633428943,6.201511610696912,76.07135135405781,ICV_113_CASE_6_with_r_theta_phi.csv,0.5166224188560763,0.10802558393942092,0.9941481143242928,0.9705962430454811,0.2407133834791856,0.0,7.976879e-06,-7.97687880549347e-06,0.0,ICV_113_CASE_6_with_r_theta_phi.csv
7.175330854,0.9568,2.196638346,0.0,2800.506807,0.4336852975,326.3789687,336.6628886,9.530343585,0.0363013661,0.04312081186,322.306919478862,131.075161937948,0.295122157143474,826.192527353848,807.334548365193,0.0006691167543644,0.0431247273958782,0.0363014692434201,332.239680072915,113.51081446063978,7.453357986610214,48.45392707899548,72.51024536825452,0.9205738033607016,7.564790752392428,7.595343350236988,73.11949513365926,ICV_113_CASE_6_with_r_theta_phi.csv,0.42826662403490906,0.13217582989697219,0.9912262859665529,0.9569124413319318,0.2903766168687869,0.0,7.976879e-06,-7.97687880549347e-06,0.0,ICV_113_CASE_6_with_r_theta_phi.csv
6.356554189,0.9568,2.20025424,0.0,2844.741273,0.4340445983,326.3041804,500.7595539,12.01021085,0.0363013715,0.0431209129,322.306919478862,131.075161937948,0.295122157143474,826.192527353848,807.334548365193,0.0006691167543644,0.0431247273958782,0.0363014692434201,332.239680072915,113.51081446063978,7.453357986610214,48.45392707899548,72.51024536825452,0.9205738033607016,6.7942892283395935,8.560002619359238,71.10476317603002,ICV_113_CASE_6_with_r_theta_phi.csv,0.38464610665106724,0.14884507009213832,0.988860528643583,0.9461122838188639,0.32383876606585194,0.0,7.976879e-06,-7.97687880549347e-06,0.0,ICV_113_CASE_6_with_r_theta_phi.csv
9.643405378,0.9568,2.20161948,0.0,2738.93723,0.4334933893,326.433149,284.6356111,8.400495847,0.03630133439,0.04312032935,322.306919478862,131.075161937948,0.295122157143474,826.192527353848,807.334548365193,0.0006691167543644,0.0431247273958782,0.0363014692434201,332.239680072915,113.51081446063978,7.453357986610214,48.45392707899548,72.51024536825452,0.9205738033607016,9.93769902236704,5.666231589356471,77.20037134850696,ICV_113_CASE_6_with_r_theta_phi.csv,0.5626044328639438,0.09873327667747327,0.9951139332139458,0.9751507901971945,0.22154217742404506,0.0,7.976879e-06,-7.97687880549347e-06,0.0,ICV_113_CASE_6_with_r_theta_phi.csv
5.517594158,0.9568,2.204989501,0.0,2718.136309,0.4340146353,326.1182743,521.4766524,11.55619393,0.03630137944,0.04312104091,322.306919478862,131.075161937948,0.295122157143474,826.192527353848,807.334548365193,0.0006691167543644,0.0431247273958782,0.0363014692434201,332.239680072915,113.51081446063978,7.453357986610214,48.45392707899548,72.51024536825452,0.9205738033607016,6.018412600671041,9.83776794363564,68.50783856526482,ICV_113_CASE_6_with_r_theta_phi.csv,0.34072128772674815,0.17085901836008693,0.9852954865648312,0.9304676998576719,0.3663739340094672,0.0,7.976879e-06,-7.97687880549347e-06,0.0,ICV_113_CASE_6_with_r_theta_phi.csv
10.50204119,0.9568,2.208349339,0.0,2714.133143,0.4333652928,326.5246306,207.5816836,7.373911697,0.03630132871,0.04312023482,322.306919478862,131.075161937948,0.295122157143474,826.192527353848,807.334548365193,0.0006691167543644,0.0431247273958782,0.0363014692434201,332.239680072915,113.51081446063978,7.453357986610214,48.45392707899548,72.51024536825452,0.9205738033607016,10.77428151662645,5.205623894898224,78.17255672110952,ICV_113_CASE_6_with_r_theta_phi.csv,0.6099660020428233,0.09073033127494287,0.995875497733898,0.9787693278668796,0.20496488193594695,0.0,7.976879e-06,-7.97687880549347e-06,0.0,ICV_113_CASE_6_with_r_theta_phi.csv
4.653068253,0.9568,2.211649798,0.0,2516.047878,0.4340364327,325.8605178,518.9073414,10.54176466,0.03630138677,0.04312112828,322.306919478862,131.075161937948,0.295122157143474,826.192527353848,807.334548365193,0.0006691167543644,0.0431247273958782,0.0363014692434201,332.239680072915,113.51081446063978,7.453357986610214,48.45392707899548,72.51024536825452,0.9205738033607016,5.240029125498246,11.61963933937443,65.0347677267468,ICV_113_CASE_6_with_r_theta_phi.csv,0.2966545482718086,0.2014136794469845,0.9795062683472869,0.9065640696996017,0.42206822615507994,0.0,7.976879e-06,-7.97687880549347e-06,0.0,ICV_113_CASE_6_with_r_theta_phi.csv
6.060260114,-1.365184807,2.212751781,0.003375429194,5344.341222,0.4341723578,330.3272345,418.6255926,23.05122249,0.03630140988,0.04312188237,322.306919478862,131.075161937948,0.295122157143474,826.192527353848,807.334548365193,0.0006691167543644,0.0431247273958782,0.0363014692434201,332.239680072915,113.51081446063978,7.453357986610214,48.45392707899548,72.51024536825452,0.9205738033607016,6.594448623722957,347.30498280133367,70.3941559190601,ICV_113_CASE_6_with_r_theta_phi.csv,0.37333250077807,-0.219761364902264,0.9755536594653796,0.9420232323453636,0.3355476564090312,0.003375429194,0.003884503,-0.0005090737253907974,15.08174800836838,ICV_113_CASE_6_with_r_theta_phi.csv
-0.6133420009,-1.215735789,2.214903628,0.003375448054,6068.400743,0.4345439028,331.6370551,578.6671654,30.53835316,0.03630143541,0.04312247451,322.306919478862,131.075161937948,0.295122157143474,826.192527353848,807.334548365193,0.0006691167543644,0.0431247273958782,0.0363014692434201,332.239680072915,113.51081446063978,7.453357986610214,48.45392707899548,72.51024536825452,0.9205738033607016,2.6000000000098136,243.22893171644853,31.582601308273183,ICV_113_CASE_6_with_r_theta_phi.csv,0.14719418671862336,-0.8928133769345211,-0.4504267687058316,0.5237272426188694,0.8518860107660156,0.003375448054,0.0035612409,-0.00018579279974176516,5.504241117458558,ICV_113_CASE_6_with_r_theta_phi.csv
10.89866082,-1.359886745,2.216011742,0.003375419416,3154.498661,0.4330870583,327.4382435,136.0648788,8.561689797,0.03630133198,0.04312042206,322.306919478862,131.075161937948,0.295122157143474,826.192527353848,807.334548365193,0.0006691167543644,0.0431247273958782,0.0363014692434201,332.239680072915,113.51081446063978,7.453357986610214,48.45392707899548,72.51024536825452,0.9205738033607016,11.20449943858768,352.88764439581473,78.59290444112526,ICV_113_CASE_6_with_r_theta_phi.csv,0.6343219932484464,-0.12381546625228532,0.9923052606515442,0.980246689048857,0.19777873649296446,0.003375419416,0.0038837544,-0.0005083349528714506,15.05990486134158,ICV_113_CASE_6_with_r_theta_phi.csv
11.33000018,0.9568,2.217269711,0.0,2715.508796,0.4334136087,326.5548381,153.6484306,6.62652772,0.03630132143,0.04312011942,322.306919478862,131.075161937948,0.295122157143474,826.192527353848,807.334548365193,0.0006691167543644,0.0431247273958782,0.0363014692434201,332.239680072915,113.51081446063978,7.453357986610214,48.45392707899548,72.51024536825452,0.9205738033607016,11.58450064914833,4.82708186880717,78.96552083379333,ICV_113_CASE_6_with_r_theta_phi.csv,0.6558350583024295,0.08414884403319332,0.9964531961150395,0.9815121816365782,0.19139967946421654,0.0,7.976879e-06,-7.97687880549347e-06,0.0,ICV_113_CASE_6_with_r_theta_phi.csv
3.811237552,0.9568,2.220643324,0.0,2314.661688,0.434101634,325.5947093,546.6289998,9.793501564,0.03630139288,0.04312116992,322.306919478862,131.075161937948,0.295122157143474,826.192527353848,807.334548365193,0.0006691167543644,0.0431247273958782,0.0363014692434201,332.239680072915,113.51081446063978,7.453357986610214,48.45392707899548,72.51024536825452,0.9205738033607016,4.513563413778599,14.092692962174624,60.52831486806952,ICV_113_CASE_6_with_r_theta_phi.csv,0.2555270368813718,0.2434913202148025,0.9699030760751574,0.8705989393045507,0.4919933809329057,0.0,7.976879e-06,-7.97687880549347e-06,0.0,ICV_113_CASE_6_with_r_theta_phi.csv
12.11529665,0.9568,2.226579508,0.0,2683.253863,0.4334942713,326.5155414,126.6665542,6.08937267,0.03630130718,0.0431199277,322.306919478862,131.075161937948,0.295122157143474,826.192527353848,807.334548365193,0.0006691167543644,0.0431247273958782,0.0363014692434201,332.239680072915,113.51081446063978,7.453357986610214,48.45392707899548,72.51024536825452,0.9205738033607016,12.355303940532856,4.51553572292994,79.6178657458862,ICV_113_CASE_6_with_r_theta_phi.csv,0.6994726596851046,0.07872940649363173,0.9968960229397851,0.9836277117703731,0.18021244307033807,0.0,1.3997744e-06,-1.3997744190419326e-06,0.0,ICV_113_CASE_6_with_r_theta_phi.csv
3.008414975,0.9568,2.23183457,0.0,2101.064623,0.4341126037,325.2817313,459.4500467,7.65980218,0.0363014041,0.04312130739,322.306919478862,131.075161937948,0.295122157143474,826.192527353848,807.334548365193,0.0006691167543644,0.0431247273958782,0.0363014692434201,332.239680072915,113.51081446063978,7.453357986610214,48.45392707899548,72.51024536825452,0.9205738033607016,3.866149563797466,17.642809356686996,54.740836078100926,ICV_113_CASE_6_with_r_theta_phi.csv,0.21887490029753098,0.3030819962509614,0.9529644817875073,0.8165492357633348,0.5772757968028054,0.0,7.976879e-06,-7.97687880549347e-06,0.0,ICV_113_CASE_6_with_r_theta_phi.csv
12.8579895,0.9568,2.236595128,0.0,2634.247489,0.4332513621,326.6811522,115.0123926,5.691560044,0.03630128867,0.04311969675,322.306919478862,131.075161937948,0.295122157143474,826.192527353848,807.334548365193,0.0006691167543644,0.0431247273958782,0.0363014692434201,332.239680072915,113.51081446063978,7.453357986610214,48.45392707899548,72.51024536825452,0.9205738033607016,13.086088720037916,4.2557004018503335,80.15903765303818,ICV_113_CASE_6_with_r_theta_phi.csv,0.7408446871024853,0.07420770702820034,0.997242807052333,0.9852859591553074,0.170913951131574,0.0,7.2286675e-06,-7.228667527670041e-06,0.0,ICV_113_CASE_6_with_r_theta_phi.csv
12.89406234,-1.313611579,2.243752353,0.003375414293,2546.388892,0.4279018272,327.1581634,64.19221987,5.025464915,0.03630128428,0.04311968731,322.306919478862,131.075161937948,0.295122157143474,826.192527353848,807.334548365193,0.0006691167543644,0.0431247273958782,0.0363014692434201,332.239680072915,113.51081446063978,7.453357986610214,48.45392707899548,72.51024536825452,0.9205738033607016,13.153586721114594,354.18293335598065,80.17839700319053,ICV_113_CASE_6_with_r_theta_phi.csv,0.744665961476938,-0.10135263694699637,0.9948505631419677,0.985343652069231,0.17058102862531418,0.003375414293,0.003799269,-0.0004238546828539201,12.557115836338879,ICV_113_CASE_6_with_r_theta_phi.csv
2.247683641,0.9568,2.243906034,0.0,1902.241119,0.4340461123,325.0586974,378.4046088,5.694328468,0.03630141486,0.04312144206,322.306919478862,131.075161937948,0.295122157143474,826.192527353848,807.334548365193,0.0006691167543644,0.0431247273958782,0.0363014692434201,332.239680072915,113.51081446063978,7.453357986610214,48.45392707899548,72.51024536825452,0.9205738033607016,3.317026119800781,23.05861443763149,47.43071496355037,ICV_113_CASE_6_with_r_theta_phi.csv,0.18778729308717848,0.39167261406776266,0.9201046480641892,0.7364598391370801,0.6764812675441841,0.0,7.976879e-06,-7.97687880549347e-06,0.0,ICV_113_CASE_6_with_r_theta_phi.csv
13.55314285,0.9568,2.246472845,0.0,2587.068475,0.4332529854,326.7623968,100.8349898,5.20765375,0.03630127241,0.04311949709,322.306919478862,131.075161937948,0.295122157143474,826.192527353848,807.334548365193,0.0006691167543644,0.0431247273958782,0.0363014692434201,332.239680072915,113.51081446063978,7.453357986610214,48.45392707899548,72.51024536825452,0.9205738033607016,13.771339353738568,4.038163089980685,80.61157334089461,ICV_113_CASE_6_with_r_theta_phi.csv,0.7796388831507961,0.0704209072772416,0.9975173661737675,0.9866051321655367,0.16312667833504102,0.0,7.2286675e-06,-7.228667527670041e-06,0.0,ICV_113_CASE_6_with_r_theta_phi.csv
15.68715571,0.9568,2.249638461,0.001705987263,2499.355783,0.4332082902,326.7266966,37.33343433,2.354346391,0.03630126186,0.04311928266,322.306919478862,131.075161937948,0.295122157143474,826.192527353848,807.334548365193,0.0006691167543644,0.0431247273958782,0.0363014692434201,332.239680072915,113.51081446063978,7.453357986610214,48.45392707899548,72.51024536825452,0.9205738033607016,15.876498156551904,3.490293263935257,81.85399370150668,ICV_113_CASE_6_with_r_theta_phi.csv,0.8988185515709847,0.06087944014782862,0.9981451266059895,0.9899102003229514,0.14169613719708196,0.001705987263,0.0010904801,0.0006155071319028621,36.07923370187962,ICV_113_CASE_6_with_r_theta_phi.csv
14.20064035,0.9568,2.253563328,0.0,2533.88559,0.4333181686,326.7830725,82.5486724,4.510343743,0.03630126263,0.04311937095,322.306919478862,131.075161937948,0.295122157143474,826.192527353848,807.334548365193,0.0006691167543644,0.0431247273958782,0.0363014692434201,332.239680072915,113.51081446063978,7.453357986610214,48.45392707899548,72.51024536825452,0.9205738033607016,14.410142270753422,3.8546058123982334,81.00273568779198,ICV_113_CASE_6_with_r_theta_phi.csv,0.8158035277058464,0.06722482606128666,0.9977378527253689,0.987695808708037,0.15638730594449402,0.0,0.00017457978,-0.0001745797781040892,0.0,ICV_113_CASE_6_with_r_theta_phi.csv
1.535774504,0.9568,2.254240101,0.0,1933.449407,0.433983137,324.9978438,413.2399882,5.337827457,0.03630142277,0.04312155768,322.306919478862,131.075161937948,0.295122157143474,826.192527353848,807.334548365193,0.0006691167543644,0.0431247273958782,0.0363014692434201,332.239680072915,113.51081446063978,7.453357986610214,48.45392707899548,72.51024536825452,0.9205738033607016,2.8906172351407817,31.923241729052847,38.75340180323883,ICV_113_CASE_6_with_r_theta_phi.csv,0.16364694347683734,0.5287826720982637,0.8487572595793336,0.6259697749025369,0.7798473189724173,0.0,0.000175328,-0.00017532799392938614,0.0,ICV_113_CASE_6_with_r_theta_phi.csv
-0.5925392311,0.9568,2.254912244,0.001703111921,3815.029556,0.4331298487,325.9523919,256.9825518,5.276459707,0.03630143249,0.0431221151,322.306919478862,131.075161937948,0.295122157143474,826.192527353848,807.334548365193,0.0006691167543644,0.0431247273958782,0.0363014692434201,332.239680072915,113.51081446063978,7.453357986610214,48.45392707899548,72.51024536825452,0.9205738033607016,2.5201583697326826,121.76962967205554,26.52363624545524,ICV_113_CASE_6_with_r_theta_phi.csv,0.14267410062828223,0.8501718929358382,-0.5265052254839392,0.44656696267813106,0.894750215336341,0.001703111921,0.0012080146,0.0004950973675872049,29.070160404126682,ICV_113_CASE_6_with_r_theta_phi.csv
14.84028214,0.9568,2.25692989,0.0,2532.855474,0.4336586399,326.4826559,67.17486611,3.825306679,0.03630125849,0.04311929371,322.306919478862,131.075161937948,0.295122157143474,826.192527353848,807.334548365193,0.0006691167543644,0.0431247273958782,0.0363014692434201,332.239680072915,113.51081446063978,7.453357986610214,48.45392707899548,72.51024536825452,0.9205738033607016,15.041382009748252,3.688934683141838,81.37028944166559,ICV_113_CASE_6_with_r_theta_phi.csv,0.8515399969387193,0.06433958338749757,0.9979280625423474,0.9886787070030711,0.1500480400363013,0.0,0.00017457978,-0.0001745797781040892,0.0,ICV_113_CASE_6_with_r_theta_phi.csv
0.8754257724,0.9568,2.260106916,0.0,2206.298282,0.4338995439,325.1227769,659.4356435,7.248318721,0.03630142704,0.04312166346,322.306919478862,131.075161937948,0.295122157143474,826.192527353848,807.334548365193,0.0006691167543644,0.0431247273958782,0.0363014692434201,332.239680072915,113.51081446063978,7.453357986610214,48.45392707899548,72.51024536825452,0.9205738033607016,2.6057474541354093,47.54299332349444,29.84733837689868,ICV_113_CASE_6_with_r_theta_phi.csv,0.14751956819389894,0.7377840752326028,0.6750367829482873,0.497690748286184,0.8673545521125362,0.0,0.000175328,-0.00017532799392938614,0.0,ICV_113_CASE_6_with_r_theta_phi.csv
0.2280137553,0.9568,2.261274277,0.0,2531.04805,0.4338888239,325.1546127,630.9717367,7.358537775,0.03630142866,0.04312176825,322.306919478862,131.075161937948,0.295122157143474,826.192527353848,807.334548365193,0.0006691167543644,0.0431247273958782,0.0363014692434201,332.239680072915,113.51081446063978,7.453357986610214,48.45392707899548,72.51024536825452,0.9205738033607016,2.4659314403340336,76.59592897978871,23.507748248433984,ICV_113_CASE_6_with_r_theta_phi.csv,0.13960414340864677,0.9727594094380945,0.23181702126817522,0.3988730815561311,0.9170061421876715,0.0,0.00032214922,-0.00032214922248385847,0.0,ICV_113_CASE_6_with_r_theta_phi.csv
8.918995118,-1.276259111,2.265206984,0.003375425236,3839.486973,0.4335744261,328.0369764,229.2925336,12.87161871,0.03630137019,0.04312106145,322.306919478862,131.075161937948,0.295122157143474,826.192527353848,807.334548365193,0.0006691167543644,0.0431247273958782,0.0363014692434201,332.239680072915,113.51081446063978,7.453357986610214,48.45392707899548,72.51024536825452,0.9205738033607016,9.290235406795713,351.8565707437467,75.88749695612705,ICV_113_CASE_6_with_r_theta_phi.csv,0.5259494788933433,-0.14165161299943807,0.9899165725123796,0.9698188306997015,0.24382665075881993,0.003375425236,0.0038837544,-0.0005083291328714505,15.059706471924162,ICV_113_CASE_6_with_r_theta_phi.csv
-1.5935391160000003e-14,-1.245913045,2.282038712,0.003375446424,6259.212826,0.434566129,331.8834686,712.725225,34.37658062,0.0363014357,0.04312245959,322.306919478862,131.075161937948,0.295122157143474,826.192527353848,807.334548365193,0.0006691167543644,0.0431247273958782,0.0363014692434201,332.239680072915,113.51081446063978,7.453357986610214,48.45392707899548,72.51024536825452,0.9205738033607016,2.5999999997630368,269.99999999999926,28.632991163638167,ICV_113_CASE_6_with_r_theta_phi.csv,0.14719418670465256,-1.0,-1.2618194895673856e-14,0.47919732504367424,0.8777071970030708,0.003375446424,0.0035612409,-0.00018579442974176515,5.504292065360366,ICV_113_CASE_6_with_r_theta_phi.csv
15.80749573,0.9568,2.30548991,0.003375409637,2452.424049,0.432960178,326.8621747,22.33356297,1.897090556,0.03630126935,0.04311935899,322.306919478862,131.075161937948,0.295122157143474,826.192527353848,807.334548365193,0.0006691167543644,0.0431247273958782,0.0363014692434201,332.239680072915,113.51081446063978,7.453357986610214,48.45392707899548,72.51024536825452,0.9205738033607016,16.00336437187756,3.463787141342777,81.71698666116532,ICV_113_CASE_6_with_r_theta_phi.csv,0.9060008474890073,0.06041767263840374,0.9981731837877427,0.9895685433204754,0.1440628268173035,0.003375409637,0.0033131617,6.224797142628368e-05,1.8441605050096053,ICV_113_CASE_6_with_r_theta_phi.csv
15.08,-1.200181608,2.306418025,0.003375414293,2245.006131,0.4242868657,326.6365614,34.55053494,2.784415202,0.03630123406,0.0431190051,322.306919478862,131.075161937948,0.295122157143474,826.192527353848,807.334548365193,0.0006691167543644,0.0431247273958782,0.0363014692434201,332.239680072915,113.51081446063978,7.453357986610214,48.45392707899548,72.51024536825452,0.9205738033607016,15.302496528286696,355.4495557601261,81.33124857293313,ICV_113_CASE_6_with_r_theta_phi.csv,0.8663225120143139,-0.0793367692455897,0.9968478705628417,0.9885762360024585,0.1507216826180342,0.003375414293,0.0038490111,-0.00047359685439477646,14.030777058585759,ICV_113_CASE_6_with_r_theta_phi.csv
16.22622126,0.3521456098,2.306982942,0.003375411266,2431.480542,0.4332869334,326.7206002,19.2184389,1.737795732,0.03630124866,0.04311910847,322.306919478862,131.075161937948,0.295122157143474,826.192527353848,807.334548365193,0.0006691167543644,0.0431247273958782,0.0363014692434201,332.239680072915,113.51081446063978,7.453357986610214,48.45392707899548,72.51024536825452,0.9205738033607016,16.393182522123528,1.2432525210062408,81.91001422432902,ICV_113_CASE_6_with_r_theta_phi.csv,0.9280696804095446,0.02169714718396363,0.9997645891929147,0.9900482694790895,0.14072819227667285,0.003375411266,0.0038397447,-0.00046433345460799615,13.756351978426817,ICV_113_CASE_6_with_r_theta_phi.csv
-0.7021572403,0.9568,2.313332871,0.003375441534,3972.919505,0.4325068106,326.4896625,185.975831,5.170988804,0.03630143302,0.04312216805,322.306919478862,131.075161937948,0.295122157143474,826.192527353848,807.334548365193,0.0006691167543644,0.0431247273958782,0.0363014692434201,332.239680072915,113.51081446063978,7.453357986610214,48.45392707899548,72.51024536825452,0.9205738033607016,2.6000000004143877,126.2734554862999,27.1589781819568,ICV_113_CASE_6_with_r_theta_phi.csv,0.1471941867415276,0.8062024690374928,-0.5916397374398126,0.45646101826095237,0.8897434117812699,0.003375441534,0.0032132429,0.00016219867348905457,4.805257973133716,ICV_113_CASE_6_with_r_theta_phi.csv
7.98673132,0.9568,2.315898937,0.001682532602,2966.413696,0.4327460743,327.140857,168.0938618,6.867377431,0.03630136574,0.04312081932,322.306919478862,131.075161937948,0.295122157143474,826.192527353848,807.334548365193,0.0006691167543644,0.0431247273958782,0.0363014692434201,332.239680072915,113.51081446063978,7.453357986610214,48.45392707899548,72.51024536825452,0.9205738033607016,8.370587273558927,6.831403020538062,73.93837904518944,ICV_113_CASE_6_with_r_theta_phi.csv,0.4738853023400441,0.11894818109128265,0.992900463397553,0.9609646952414949,0.2766710221534248,0.001682532602,0.0016820672,4.6542846685840474e-07,0.0276623743295395,ICV_113_CASE_6_with_r_theta_phi.csv
8.814624327,0.9568,2.316546953,0.001681347727,3038.472062,0.4330715526,327.1010988,193.0536189,7.558414186,0.03630135524,0.04312066507,322.306919478862,131.075161937948,0.295122157143474,826.192527353848,807.334548365193,0.0006691167543644,0.0431247273958782,0.0363014692434201,332.239680072915,113.51081446063978,7.453357986610214,48.45392707899548,72.51024536825452,0.9205738033607016,9.164030666229452,6.1950234812899225,75.35751161700409,ICV_113_CASE_6_with_r_theta_phi.csv,0.5188046311442605,0.10791300668957358,0.9941603406831395,0.9675219793183956,0.252786905388341,0.001681347727,0.0016820672,-7.194465331415625e-07,0.04278987155127987,ICV_113_CASE_6_with_r_theta_phi.csv
7.171608092,0.9568,2.316664677,0.001682447037,2963.353107,0.4329112952,327.1200894,190.9599733,7.556798985,0.03630137415,0.04312096832,322.306919478862,131.075161937948,0.295122157143474,826.192527353848,807.334548365193,0.0006691167543644,0.0431247273958782,0.0363014692434201,332.239680072915,113.51081446063978,7.453357986610214,48.45392707899548,72.51024536825452,0.9205738033607016,7.596997044286604,7.59924000808121,72.24515755845789,ICV_113_CASE_6_with_r_theta_phi.csv,0.4300899236282044,0.13224324240446428,0.9912172944608837,0.9523700301634156,0.30494479114511025,0.001682447037,0.0016820672,3.7986346685834824e-07,0.022578034153747206,ICV_113_CASE_6_with_r_theta_phi.csv
6.344825869,0.9568,2.318567395,0.001681571244,3129.472447,0.4334616638,327.0720037,297.7546555,9.92577177,0.03630138105,0.04312111122,322.306919478862,131.075161937948,0.295122157143474,826.192527353848,807.334548365193,0.0006691167543644,0.0431247273958782,0.0363014692434201,332.239680072915,113.51081446063978,7.453357986610214,48.45392707899548,72.51024536825452,0.9205738033607016,6.822612132687061,8.575590620633932,70.13313364458531,ICV_113_CASE_6_with_r_theta_phi.csv,0.3862495554475746,0.14911409590002778,0.9888199969680616,0.9404848082690971,0.33983573298733566,0.001681571244,0.0016820672,-4.959295331415266e-07,0.02949203220595786,ICV_113_CASE_6_with_r_theta_phi.csv
9.663162603,0.9568,2.319001443,0.001680300222,2900.442068,0.4328121835,327.1709312,160.5614038,6.703194923,0.03630134542,0.04312050395,322.306919478862,131.075161937948,0.295122157143474,826.192527353848,807.334548365193,0.0006691167543644,0.0431247273958782,0.0363014692434201,332.239680072915,113.51081446063978,7.453357986610214,48.45392707899548,72.51024536825452,0.9205738033607016,9.98348363171162,5.654721616531901,76.56843444525737,ICV_113_CASE_6_with_r_theta_phi.csv,0.5651964437626668,0.09853336931091618,0.9951337473587349,0.9726480553714354,0.23228379276687652,0.001680300222,0.0016820672,-1.76695153314161e-06,0.10515689452131971,ICV_113_CASE_6_with_r_theta_phi.csv
5.495878773,0.9568,2.320987919,0.001681063441,3016.975909,0.4333791313,326.8800205,317.8935214,9.529825454,0.03630138868,0.04312124222,322.306919478862,131.075161937948,0.295122157143474,826.192527353848,807.334548365193,0.0006691167543644,0.0431247273958782,0.0363014692434201,332.239680072915,113.51081446063978,7.453357986610214,48.45392707899548,72.51024536825452,0.9205738033607016,6.042113425586773,9.8758751635184,67.40994253350141,ICV_113_CASE_6_with_r_theta_phi.csv,0.3420630660529091,0.17151429705771637,0.9851816309213227,0.9232768899589283,0.3841351122557908,0.001681063441,0.0016820672,-1.0037325331416387e-06,0.05970818876100684,ICV_113_CASE_6_with_r_theta_phi.csv
10.53386273,0.9568,2.322310684,0.001675651176,2805.521627,0.4325908897,327.2320787,115.2934126,5.709499719,0.03630133918,0.04312038861,322.306919478862,131.075161937948,0.295122157143474,826.192527353848,807.334548365193,0.0006691167543644,0.0431247273958782,0.0363014692434201,332.239680072915,113.51081446063978,7.453357986610214,48.45392707899548,72.51024536825452,0.9205738033607016,10.829166965538189,5.189984335841132,77.61676057455225,ICV_113_CASE_6_with_r_theta_phi.csv,0.6130732401255999,0.09045849193069688,0.9959002265476317,0.9767350524715337,0.2144496147663368,0.001675651176,0.0016820672,-6.415997533141659e-06,0.38289577336904523,ICV_113_CASE_6_with_r_theta_phi.csv
4.619199684,0.9568,2.324272164,0.001676429645,2750.853719,0.4334299183,326.4583362,322.8580941,8.467488738,0.03630139582,0.04312133465,322.306919478862,131.075161937948,0.295122157143474,826.192527353848,807.334548365193,0.0006691167543644,0.0431247273958782,0.0363014692434201,332.239680072915,113.51081446063978,7.453357986610214,48.45392707899548,72.51024536825452,0.9205738033607016,5.258774862362045,11.702494480851897,63.76973264356195,ICV_113_CASE_6_with_r_theta_phi.csv,0.29771580346107696,0.20282992749380555,0.9792139809627197,0.8970250123882724,0.44197978138125243,0.001676429645,0.0016820672,-5.6375285331416915e-06,0.3362818443704432,ICV_113_CASE_6_with_r_theta_phi.csv
13.79171967,-1.161010653,2.326382226,0.00337541406,2399.448534,0.4265939895,327.1088345,50.35548956,4.147096346,0.03630126495,0.04311940877,322.306919478862,131.075161937948,0.295122157143474,826.192527353848,807.334548365193,0.0006691167543644,0.0431247273958782,0.0363014692434201,332.239680072915,113.51081446063978,7.453357986610214,48.45392707899548,72.51024536825452,0.9205738033607016,14.034654661005844,355.18808809487655,80.45862157068927,ICV_113_CASE_6_with_r_theta_phi.csv,0.7945459918060364,-0.08388501434554695,0.9964754409257899,0.9861661486424097,0.16575984818947184,0.00337541406,0.0038150577,-0.00043964362746137624,13.024879896694138,ICV_113_CASE_6_with_r_theta_phi.csv
-1.104450816,0.3560627577,2.326673099,0.003375441302,5587.718247,0.4335965121,328.9157733,260.4131552,15.40119998,0.03630143453,0.04312233291,322.306919478862,131.075161937948,0.295122157143474,826.192527353848,807.334548365193,0.0006691167543644,0.0431247273958782,0.0363014692434201,332.239680072915,113.51081446063978,7.453357986610214,48.45392707899548,72.51024536825452,0.9205738033607016,2.6000000003835115,162.13125121533324,26.507715420974197,ICV_113_CASE_6_with_r_theta_phi.csv,0.14719418673977958,0.3068375376871701,-0.9517619058704097,0.4463183204768816,0.8948742687141561,0.003375441302,0.0038971952,-0.0005217539142683011,15.457354088918104,ICV_113_CASE_6_with_r_theta_phi.csv
11.37459245,0.9568,2.326686176,0.001671704231,2758.880095,0.4325707917,327.2526211,87.58860846,5.119099943,0.03630133112,0.04312025263,322.306919478862,131.075161937948,0.295122157143474,826.192527353848,807.334548365193,0.0006691167543644,0.0431247273958782,0.0363014692434201,332.239680072915,113.51081446063978,7.453357986610214,48.45392707899548,72.51024536825452,0.9205738033607016,11.649475876844695,4.808246962338387,78.47914882568028,ICV_113_CASE_6_with_r_theta_phi.csv,0.659513510532271,0.0838212743050274,0.9964808046188754,0.9798520854257149,0.19972453701755682,0.001671704231,0.0016820672,-1.0362942533141684e-05,0.6199028712599254,ICV_113_CASE_6_with_r_theta_phi.csv
3.764315457,0.9568,2.328527676,0.001672096318,2528.658221,0.4335087912,326.1079425,344.6245338,7.643368869,0.03630140188,0.04312138122,322.306919478862,131.075161937948,0.295122157143474,826.192527353848,807.334548365193,0.0006691167543644,0.0431247273958782,0.0363014692434201,332.239680072915,113.51081446063978,7.453357986610214,48.45392707899548,72.51024536825452,0.9205738033607016,4.528529368095903,14.261233256890876,59.05662456579592,ICV_113_CASE_6_with_r_theta_phi.csv,0.2563743066791392,0.24634331311003096,0.9691826309246226,0.8576758864792917,0.514190697846588,0.001672096318,0.0016820672,-9.970855533141714e-06,0.5963086826902891,ICV_113_CASE_6_with_r_theta_phi.csv
12.15436562,-1.15237853,2.330670231,0.003375416622,2750.416899,0.4328700765,327.1362869,86.0970884,6.146202232,0.03630130143,0.04311995827,322.306919478862,131.075161937948,0.295122157143474,826.192527353848,807.334548365193,0.0006691167543644,0.0431247273958782,0.0363014692434201,332.239680072915,113.51081446063978,7.453357986610214,48.45392707899548,72.51024536825452,0.9205738033607016,12.429344456837317,354.58386848031955,79.19228802643778,ICV_113_CASE_6_with_r_theta_phi.csv,0.7036643264472665,-0.09438860819605852,0.9955354291248559,0.9822620204312367,0.18751352809422808,0.003375416622,0.0038029368,-0.00042752013498339927,12.665699756003104,ICV_113_CASE_6_with_r_theta_phi.csv
12.17334344,0.9568,2.331247947,0.001667780802,2711.792101,0.4326329327,327.2054218,74.41586101,4.749740433,0.03630131691,0.04312005254,322.306919478862,131.075161937948,0.295122157143474,826.192527353848,807.334548365193,0.0006691167543644,0.0431247273958782,0.0363014692434201,332.239680072915,113.51081446063978,7.453357986610214,48.45392707899548,72.51024536825452,0.9205738033607016,12.431430880577777,4.494092472254806,79.19141301285651,ICV_113_CASE_6_with_r_theta_phi.csv,0.703782445464815,0.07835630734198053,0.996925418022697,0.9822591566348423,0.18752852904827105,0.001667780802,0.0016754899,-7.709138680563402e-06,0.4622393222596292,ICV_113_CASE_6_with_r_theta_phi.csv
2.948785123,0.9568,2.333649478,0.001668081037,2237.440824,0.4334068607,325.740595,295.1810087,5.472502419,0.03630141102,0.0431214824,322.306919478862,131.075161937948,0.295122157143474,826.192527353848,807.334548365193,0.0006691167543644,0.0431247273958782,0.0363014692434201,332.239680072915,113.51081446063978,7.453357986610214,48.45392707899548,72.51024536825452,0.9205738033607016,3.8802989353651354,17.976826836048986,53.02907207507724,ICV_113_CASE_6_with_r_theta_phi.csv,0.2196759407746367,0.30863231619670467,0.951181419813832,0.7989407702338097,0.6014097153008146,0.001668081037,0.0016820672,-1.3986136533141683e-05,0.8384566585512426,ICV_113_CASE_6_with_r_theta_phi.csv
12.92990596,0.9568,2.336163033,0.001661177725,2670.953477,0.4325185579,327.2905576,68.63475163,4.493322898,0.03630129918,0.04311982389,322.306919478862,131.075161937948,0.295122157143474,826.192527353848,807.334548365193,0.0006691167543644,0.0431247273958782,0.0363014692434201,332.239680072915,113.51081446063978,7.453357986610214,48.45392707899548,72.51024536825452,0.9205738033607016,13.174049950231677,4.232116331031307,79.7856829887292,ICV_113_CASE_6_with_r_theta_phi.csv,0.7458244493105973,0.07379721598133963,0.9972732679227914,0.9841513274880604,0.17733066458875194,0.001661177725,0.0016813189,-2.0141130844438145e-05,1.2124609263174135,ICV_113_CASE_6_with_r_theta_phi.csv
2.175837454,0.9568,2.339044242,0.001662307186,1984.646804,0.4332093235,325.5420159,243.6162237,3.537495898,0.03630141946,0.04312157839,322.306919478862,131.075161937948,0.295122157143474,826.192527353848,807.334548365193,0.0006691167543644,0.0431247273958782,0.0363014692434201,332.239680072915,113.51081446063978,7.453357986610214,48.45392707899548,72.51024536825452,0.9205738033607016,3.334795770697593,23.736951701342207,45.46011994366688,ICV_113_CASE_6_with_r_theta_phi.csv,0.18879328897641703,0.4025382302490316,0.9154031752118722,0.7127624167346149,0.7014055440974438,0.001662307186,0.0016820672,-1.9759987533141685e-05,1.1887085424206667,ICV_113_CASE_6_with_r_theta_phi.csv
13.6395033,0.9568,2.340952494,0.001652947743,2614.68704,0.432534791,327.3488558,60.83314528,4.10847712,0.03630128258,0.0431196146,322.306919478862,131.075161937948,0.295122157143474,826.192527353848,807.334548365193,0.0006691167543644,0.0431247273958782,0.0363014692434201,332.239680072915,113.51081446063978,7.453357986610214,48.45392707899548,72.51024536825452,0.9205738033607016,13.871970843750924,4.0126786753021975,80.28461003842949,ICV_113_CASE_6_with_r_theta_phi.csv,0.7853359486625638,0.06997721762502565,0.9975485898007475,0.9856581763564416,0.16875413885796653,0.001652947743,0.0016813189,-2.837111284443813e-05,1.7163950250346287,ICV_113_CASE_6_with_r_theta_phi.csv
1.451338477,0.9568,2.343535341,0.00165498734,2008.591621,0.4330826903,325.4776097,269.5623535,2.887485732,0.03630142549,0.04312166849,322.306919478862,131.075161937948,0.295122157143474,826.192527353848,807.334548365193,0.0006691167543644,0.0431247273958782,0.0363014692434201,332.239680072915,113.51081446063978,7.453357986610214,48.45392707899548,72.51024536825452,0.9205738033607016,2.917877226570142,33.39500843819877,36.56664073676643,ICV_113_CASE_6_with_r_theta_phi.csv,0.16519021742621665,0.5504080067279229,0.8348958175304239,0.5957573503354405,0.803164478498206,0.00165498734,0.0016820672,-2.7079833533141546e-05,1.636256233644602,ICV_113_CASE_6_with_r_theta_phi.csv
14.30359318,0.9568,2.34424423,0.001658070134,2548.737058,0.4325198216,327.3840668,49.69241537,3.50481961,0.03630127217,0.04311947412,322.306919478862,131.075161937948,0.295122157143474,826.192527353848,807.334548365193,0.0006691167543644,0.0431247273958782,0.0363014692434201,332.239680072915,113.51081446063978,7.453357986610214,48.45392707899548,72.51024536825452,0.9205738033607016,14.525967269301924,3.826944294918576,80.71282018400467,ICV_113_CASE_6_with_r_theta_phi.csv,0.8223607455762187,0.0667431258192365,0.9977701915550883,0.9868918512720444,0.16138300372975167,0.001658070134,0.0016846695,-2.6599387637260812e-05,1.604237786796685,ICV_113_CASE_6_with_r_theta_phi.csv
14.96609501,0.9568,2.345653085,0.001700635417,2506.098743,0.432929784,326.9346675,41.59096299,2.863888748,0.03630126795,0.04311938883,322.306919478862,131.075161937948,0.295122157143474,826.192527353848,807.334548365193,0.0006691167543644,0.0431247273958782,0.0363014692434201,332.239680072915,113.51081446063978,7.453357986610214,48.45392707899548,72.51024536825452,0.9205738033607016,15.178983974018712,3.658008113201959,81.11029043291296,ICV_113_CASE_6_with_r_theta_phi.csv,0.8593300774085649,0.06380092193977553,0.9979626457736956,0.9879876361198663,0.15453294430081496,0.001700635417,0.0016846695,1.5965895362739192e-05,0.9388194079549148,ICV_113_CASE_6_with_r_theta_phi.csv
0.7756846812,0.9568,2.345875139,0.00165923452,2311.547865,0.4329304282,325.6520213,402.797258,3.866740309,0.03630142859,0.04312176741,322.306919478862,131.075161937948,0.295122157143474,826.192527353848,807.334548365193,0.0006691167543644,0.0431247273958782,0.0363014692434201,332.239680072915,113.51081446063978,7.453357986610214,48.45392707899548,72.51024536825452,0.9205738033607016,2.6495816900836657,50.9680678792916,27.702214286252342,ICV_113_CASE_6_with_r_theta_phi.csv,0.15000116231344182,0.7767951075366037,0.6297534127793165,0.4648762628180994,0.8853756605352766,0.00165923452,0.0016820672,-2.283265353314164e-05,1.37609561783832,ICV_113_CASE_6_with_r_theta_phi.csv
0.1059967999,0.9568,2.346009937,0.001689353725,2660.161569,0.4329329538,325.6991412,357.5296748,3.967601421,0.03630142938,0.04312184394,322.306919478862,131.075161937948,0.295122157143474,826.192527353848,807.334548365193,0.0006691167543644,0.0431247273958782,0.0363014692434201,332.239680072915,113.51081446063978,7.453357986610214,48.45392707899548,72.51024536825452,0.9205738033607016,2.5358359935318733,83.67840119751952,22.31013036985217,ICV_113_CASE_6_with_r_theta_phi.csv,0.1435616602762798,0.9939195182648325,0.11010899696302422,0.37961973836222035,0.9251426129228938,0.001689353725,0.0016820672,7.286551466858301e-06,0.43132183359320336,ICV_113_CASE_6_with_r_theta_phi.csv
10.19857351,-1.090367344,2.360317575,0.003375421744,3362.014013,0.4332721447,327.5121233,167.7808238,9.795903166,0.03630134513,0.04312063206,322.306919478862,131.075161937948,0.295122157143474,826.192527353848,807.334548365193,0.0006691167543644,0.0431247273958782,0.0363014692434201,332.239680072915,113.51081446063978,7.453357986610214,48.45392707899548,72.51024536825452,0.9205738033607016,10.524775609892554,353.8974768317439,77.04045728454582,ICV_113_CASE_6_with_r_theta_phi.csv,0.5958406870339579,-0.10630785948351472,0.9943332635550484,0.9745286626876064,0.22426298312540446,0.003375421744,0.0038837544,-0.0005083326248714504,15.05982550549251,ICV_113_CASE_6_with_r_theta_phi.csv
15.59079192,-0.9310868123,2.373219114,0.00337541406,2275.189553,0.4251026912,326.3649712,27.16766597,2.170940847,0.03630122604,0.04311890194,322.306919478862,131.075161937948,0.295122157143474,826.192527353848,807.334548365193,0.0006691167543644,0.0431247273958782,0.0363014692434201,332.239680072915,113.51081446063978,7.453357986610214,48.45392707899548,72.51024536825452,0.9205738033607016,15.797844293061988,356.5823378960315,81.36007832766245,ICV_113_CASE_6_with_r_theta_phi.csv,0.8943657086984339,-0.05961409002643187,0.9982214986015481,0.9886519501067283,0.15022423755893444,0.00337541406,0.0036389534,-0.0002635393761660481,7.807616233250268,ICV_113_CASE_6_with_r_theta_phi.csv
8.159519744,-1.06011694,2.374058144,0.0033754264,3929.86265,0.4336898209,328.1544802,262.4538076,14.08226941,0.0363013784,0.04312120741,322.306919478862,131.075161937948,0.295122157143474,826.192527353848,807.334548365193,0.0006691167543644,0.0431247273958782,0.0363014692434201,332.239680072915,113.51081446063978,7.453357986610214,48.45392707899548,72.51024536825452,0.9205738033607016,8.56374698658791,352.59737349958573,73.90553170333396,ICV_113_CASE_6_with_r_theta_phi.csv,0.48482068190388894,-0.1288410557193436,0.9916652572118906,0.960805923421282,0.27722189220654553,0.0033754264,0.0038837544,-0.0005083279688714503,15.05966679412277,ICV_113_CASE_6_with_r_theta_phi.csv
4.156956166,-1.024834512,2.389500831,0.003375437111,6015.669069,0.434385104,331.3777199,522.0429219,28.12865681,0.03630142542,0.0431222222,322.306919478862,131.075161937948,0.295122157143474,826.192527353848,807.334548365193,0.0006691167543644,0.0431247273958782,0.0363014692434201,332.239680072915,113.51081446063978,7.453357986610214,48.45392707899548,72.51024536825452,0.9205738033607016,4.903089287824706,346.15076876793665,60.83371100321051,ICV_113_CASE_6_with_r_theta_phi.csv,0.27757932312593375,-0.23936781372882288,0.9709289622576327,0.8732089671725349,0.48734597530858387,0.003375437111,0.003884503,-0.0005090658083907978,15.08147808712005,ICV_113_CASE_6_with_r_theta_phi.csv
3.394601223,-1.012201444,2.394879587,0.003375442,6123.970876,0.4344830144,331.4944799,535.177524,28.95886721,0.03630143214,0.04312238435,322.306919478862,131.075161937948,0.295122157143474,826.192527353848,807.334548365193,0.0006691167543644,0.0431247273958782,0.0363014692434201,332.239680072915,113.51081446063978,7.453357986610214,48.45392707899548,72.51024536825452,0.9205738033607016,4.275899608580406,343.39648340985707,55.938123903258656,ICV_113_CASE_6_with_r_theta_phi.csv,0.24207214052811435,-0.2857471849464212,0.9583050382290578,0.8284331935419696,0.560087889386883,0.003375442,0.003884503,-0.0005090609193907974,15.08131140277286,ICV_113_CASE_6_with_r_theta_phi.csv
4.946005905,-0.9976253145,2.400988074,0.003375433385,5413.839447,0.4342463442,330.4927409,451.5844894,24.36547757,0.03630141449,0.04312194788,322.306919478862,131.075161937948,0.295122157143474,826.192527353848,807.334548365193,0.0006691167543644,0.0431247273958782,0.0363014692434201,332.239680072915,113.51081446063978,7.453357986610214,48.45392707899548,72.51024536825452,0.9205738033607016,5.587752178820775,348.5962644049066,64.55226106097297,ICV_113_CASE_6_with_r_theta_phi.csv,0.3163402452090905,-0.19772125210435998,0.9802582855892034,0.902977589877319,0.4296876448995807,0.003375433385,0.003884503,-0.0005090695343907977,15.081605120759377,ICV_113_CASE_6_with_r_theta_phi.csv
2.581511398,-0.9956103855,2.401824298,0.003375444328,5944.104266,0.4345109326,331.2323832,547.078406,28.94557804,0.03630143557,0.04312243238,322.306919478862,131.075161937948,0.295122157143474,826.192527353848,807.334548365193,0.0006691167543644,0.0431247273958782,0.0363014692434201,332.239680072915,113.51081446063978,7.453357986610214,48.45392707899548,72.51024536825452,0.9205738033607016,3.663905170195125,338.9098908500218,49.03964220474575,ICV_113_CASE_6_with_r_theta_phi.csv,0.207425208361152,-0.35983574894852594,0.9330156664165149,0.7551633182544323,0.6555366982579656,0.003375444328,0.003884503,-0.0005090585913907976,15.081232032690936,ICV_113_CASE_6_with_r_theta_phi.csv
1.785921336,-0.9705751408,2.412049729,0.003375443863,5418.029795,0.4344529369,330.5423884,530.1516288,27.20988556,0.03630143631,0.04312240139,322.306919478862,131.075161937948,0.295122157143474,826.192527353848,807.334548365193,0.0006691167543644,0.0431247273958782,0.0363014692434201,332.239680072915,113.51081446063978,7.453357986610214,48.45392707899548,72.51024536825452,0.9205738033607016,3.154285183284469,331.477730423897,40.12059620928807,ICV_113_CASE_6_with_r_theta_phi.csv,0.17857401624246494,-0.47750030058208015,0.8786315854463821,0.6443985557086463,0.7646898073079114,0.003375443863,0.003884503,-0.0005090590563907975,15.08124788624236,ICV_113_CASE_6_with_r_theta_phi.csv
-0.8553334245,-0.4392037067,2.41567896,0.003375443164,4965.234627,0.4341304348,329.9397519,388.663862,21.8913693,0.03630143308,0.04312227849,322.306919478862,131.075161937948,0.295122157143474,826.192527353848,807.334548365193,0.0006691167543644,0.0431247273958782,0.0363014692434201,332.239680072915,113.51081446063978,7.453357986610214,48.45392707899548,72.51024536825452,0.9205738033607016,2.600000000160115,207.17996792999395,21.703916929173943,ICV_113_CASE_6_with_r_theta_phi.csv,0.14719418672713241,-0.4567869364144162,-0.8895761320545488,0.36981027498839164,0.9291072922504753,0.003375443164,0.0038971952,-0.0005217520522683011,15.457290399031237,ICV_113_CASE_6_with_r_theta_phi.csv
7.420611369,-0.9596109947,2.416432647,0.003375427099,4270.058137,0.4338090744,328.7199111,313.07852,16.64492792,0.03630138788,0.04312139208,322.306919478862,131.075161937948,0.295122157143474,826.192527353848,807.334548365193,0.0006691167543644,0.0431247273958782,0.0363014692434201,332.239680072915,113.51081446063978,7.453357986610214,48.45392707899548,72.51024536825452,0.9205738033607016,7.862917593894051,352.63157544870444,72.10219853666399,ICV_113_CASE_6_with_r_theta_phi.csv,0.44514452325554665,-0.12824907148980863,0.9917419904703048,0.9516061969758882,0.3073201032752122,0.003375427099,0.0038837544,-0.0005083272698714505,15.05964296700262,ICV_113_CASE_6_with_r_theta_phi.csv
-1.6881640850000003e-14,0.9568,2.417547054,0.00337544526,2856.068304,0.4323608413,326.4096666,243.4526279,4.922489646,0.03630143001,0.04312191804,322.306919478862,131.075161937948,0.295122157143474,826.192527353848,807.334548365193,0.0006691167543644,0.0431247273958782,0.0363014692434201,332.239680072915,113.51081446063978,7.453357986610214,48.45392707899548,72.51024536825452,0.9205738033607016,2.599999999673861,90.00000000000102,21.592324874414658,ICV_113_CASE_6_with_r_theta_phi.csv,0.14719418669960405,1.0,-1.7924380658970168e-14,0.36800000004616107,0.9298257901166355,0.00337544526,0.0033079246,6.752065409399051e-05,2.000348068864462,ICV_113_CASE_6_with_r_theta_phi.csv
0.6893749102,0.9568,2.417547054,0.003375447355,2635.957053,0.4322440569,326.7010128,252.5617557,5.35377307,0.03630142997,0.04312187921,322.306919478862,131.075161937948,0.295122157143474,826.192527353848,807.334548365193,0.0006691167543644,0.0431247273958782,0.0363014692434201,332.239680072915,113.51081446063978,7.453357986610214,48.45392707899548,72.51024536825452,0.9205738033607016,2.68983972851866,54.22722995063276,26.00315237017645,ICV_113_CASE_6_with_r_theta_phi.csv,0.15228029663125095,0.8113417298602562,0.5845721490007602,0.43842059708983616,0.8987699260919846,0.003375447355,0.0033079246,6.752274909399038e-05,2.000408893178732,ICV_113_CASE_6_with_r_theta_phi.csv
1.378077259,0.9568,2.417547054,0.003375444328,2244.703643,0.4324626415,326.270359,175.701196,3.779016722,0.03630142776,0.04312178168,322.306919478862,131.075161937948,0.295122157143474,826.192527353848,807.334548365193,0.0006691167543644,0.0431247273958782,0.0363014692434201,332.239680072915,113.51081446063978,7.453357986610214,48.45392707899548,72.51024536825452,0.9205738033607016,2.9426343520860745,34.77227446338304,34.758861774068635,ICV_113_CASE_6_with_r_theta_phi.csv,0.1665917962553685,0.5703161452173168,0.8214252823625898,0.570123837556014,0.8215587683485606,0.003375444328,0.0033079246,6.751972209399033e-05,2.000321010004438,ICV_113_CASE_6_with_r_theta_phi.csv
2.112660637,0.9568,2.417547054,0.00337544363,2266.93848,0.4326388097,326.3486126,171.980542,4.792228192,0.03630142321,0.04312171581,322.306919478862,131.075161937948,0.295122157143474,826.192527353848,807.334548365193,0.0006691167543644,0.0431247273958782,0.0363014692434201,332.239680072915,113.51081446063978,7.453357986610214,48.45392707899548,72.51024536825452,0.9205738033607016,3.350124619388557,24.36523203158231,43.81086263691003,ICV_113_CASE_6_with_r_theta_phi.csv,0.18966110336733655,0.41255173681872576,0.9109341713032028,0.6922799990711803,0.7216289925481144,0.00337544363,0.0033079246,6.751902409399052e-05,2.000300744882755,ICV_113_CASE_6_with_r_theta_phi.csv
2.895132723,0.9568,2.417547054,0.003375443164,2587.337973,0.4329197246,326.5676528,203.8515777,6.803861709,0.03630141704,0.04312165623,322.306919478862,131.075161937948,0.295122157143474,826.192527353848,807.334548365193,0.0006691167543644,0.0431247273958782,0.0363014692434201,332.239680072915,113.51081446063978,7.453357986610214,48.45392707899548,72.51024536825452,0.9205738033607016,3.89124574938277,18.287982590631884,51.59044749920741,ICV_113_CASE_6_with_r_theta_phi.csv,0.2202956743848212,0.31379331337151184,0.9494913145907803,0.7835898870672904,0.6212784310483273,0.003375443164,0.0033079246,6.751855809399021e-05,2.0002872154415376,ICV_113_CASE_6_with_r_theta_phi.csv
3.720280798,0.9568,2.417547054,0.00337544689,2908.326899,0.4331065957,326.8973621,221.4515836,8.54665471,0.03630141022,0.04312159592,322.306919478862,131.075161937948,0.295122157143474,826.192527353848,807.334548365193,0.0006691167543644,0.0431247273958782,0.0363014692434201,332.239680072915,113.51081446063978,7.453357986610214,48.45392707899548,72.51024536825452,0.9205738033607016,4.538776180235328,14.423031930647369,57.81579834184612,ICV_113_CASE_6_with_r_theta_phi.csv,0.25695441097887595,0.24907922104845454,0.9684831137618741,0.8463400655759022,0.5326429323674327,0.00337544689,0.0033079246,6.75222840939905e-05,2.000395392800464,ICV_113_CASE_6_with_r_theta_phi.csv
4.584785135,0.9568,2.417547054,0.003375443863,3089.593038,0.4330312895,327.1987086,207.1442676,8.989472448,0.0363014041,0.04312153474,322.306919478862,131.075161937948,0.295122157143474,826.192527353848,807.334548365193,0.0006691167543644,0.0431247273958782,0.0363014692434201,332.239680072915,113.51081446063978,7.453357986610214,48.45392707899548,72.51024536825452,0.9205738033607016,5.270697746259128,11.787887221939512,62.69823986391003,ICV_113_CASE_6_with_r_theta_phi.csv,0.29839079546052505,0.20428910701490408,0.9789105989594009,0.8886031424433356,0.4586768527403895,0.003375443863,0.0033079246,6.751925709399045e-05,2.0003075096019565,ICV_113_CASE_6_with_r_theta_phi.csv
5.471100461,0.9568,2.417547054,0.003375433851,3407.275888,0.4329591383,327.7142861,202.7464477,9.938005193,0.03630139711,0.04312143286,322.306919478862,131.075161937948,0.295122157143474,826.192527353848,807.334548365193,0.0006691167543644,0.0431247273958782,0.0363014692434201,332.239680072915,113.51081446063978,7.453357986610214,48.45392707899548,72.51024536825452,0.9205738033607016,6.057469789661232,9.919715951570993,66.4779607779621,ICV_113_CASE_6_with_r_theta_phi.csv,0.342932438176327,0.17226807435967467,0.9850501056070242,0.9169066249280698,0.3991017929839653,0.003375433851,0.0033079246,6.750924509399013e-05,2.000016829065982,ICV_113_CASE_6_with_r_theta_phi.csv
6.329553868,0.9568,2.417547054,0.003375428729,3379.465087,0.4330145463,327.7543769,176.2738316,9.514985523,0.03630138989,0.04312130125,322.306919478862,131.075161937948,0.295122157143474,826.192527353848,807.334548365193,0.0006691167543644,0.0431247273958782,0.0363014692434201,332.239680072915,113.51081446063978,7.453357986610214,48.45392707899548,72.51024536825452,0.9205738033607016,6.842751797794352,8.59597315105168,69.31068331854942,ICV_113_CASE_6_with_r_theta_phi.csv,0.38738972530382154,0.1494658515232919,0.9887668882140104,0.9355099231636904,0.3533004155987734,0.003375428729,0.0033079246,6.750412309399021e-05,1.9998681202784634,ICV_113_CASE_6_with_r_theta_phi.csv
7.165798175,0.9568,2.417547054,0.0033754264,3147.426646,0.4324789629,327.7093114,127.610821,7.504087499,0.03630138002,0.04312109851,322.306919478862,131.075161937948,0.295122157143474,826.192527353848,807.334548365193,0.0006691167543644,0.0431247273958782,0.0363014692434201,332.239680072915,113.51081446063978,7.453357986610214,48.45392707899548,72.51024536825452,0.9205738033607016,7.622903874714505,7.605329263464341,71.50979480303278,ICV_113_CASE_6_with_r_theta_phi.csv,0.43155659087254206,0.13234858580838327,0.9912032343745257,0.9483778850756258,0.3171425343587378,0.0033754264,0.0033079246,6.750179409399041e-05,1.9998005014712334,ICV_113_CASE_6_with_r_theta_phi.csv
7.989988451,0.9568,2.417547054,0.003375424305,3179.298774,0.4322028415,327.8071156,108.1577308,6.740797005,0.03630137258,0.04312095612,322.306919478862,131.075161937948,0.295122157143474,826.192527353848,807.334548365193,0.0006691167543644,0.0431247273958782,0.0363014692434201,332.239680072915,113.51081446063978,7.453357986610214,48.45392707899548,72.51024536825452,0.9205738033607016,8.402375583453614,6.828644490419151,73.27838439708432,ICV_113_CASE_6_with_r_theta_phi.csv,0.4756849386562327,0.11890037733061526,0.9929061890584816,0.9577140160671145,0.28772185080142737,0.003375424305,0.0033079246,6.749969909399054e-05,1.9997396764017537,ICV_113_CASE_6_with_r_theta_phi.csv
8.826784393,0.9568,2.417547054,0.003375424072,3232.018916,0.4325696229,327.7399361,108.0839253,7.014056341,0.0363013653,0.04312084425,322.306919478862,131.075161937948,0.295122157143474,826.192527353848,807.334548365193,0.0006691167543644,0.0431247273958782,0.0363014692434201,332.239680072915,113.51081446063978,7.453357986610214,48.45392707899548,72.51024536825452,0.9205738033607016,9.201745634324634,6.18655523973797,74.76806540815102,ICV_113_CASE_6_with_r_theta_phi.csv,0.5209397942426713,0.10776606990855997,0.9941762792264073,0.9648702098367244,0.2627270031223197,0.003375424072,0.0033079246,6.749946609399017e-05,1.9997329116041467,ICV_113_CASE_6_with_r_theta_phi.csv
9.685093707,0.9568,2.417547054,0.003375425469,3012.010114,0.4323403916,327.675032,85.27448456,5.929859466,0.03630135645,0.04312068136,322.306919478862,131.075161937948,0.295122157143474,826.192527353848,807.334548365193,0.0006691167543644,0.0431247273958782,0.0363014692434201,332.239680072915,113.51081446063978,7.453357986610214,48.45392707899548,72.51024536825452,0.9205738033607016,10.028012769820103,5.641999668164601,76.04974528700944,ICV_113_CASE_6_with_r_theta_phi.csv,0.5677173784815648,0.09831240749970492,0.9951556011657735,0.9705054017404031,0.2410793752951477,0.003375425469,0.0033079246,6.750086309399023e-05,1.9997734713422726,ICV_113_CASE_6_with_r_theta_phi.csv
10.56643489,0.9568,2.417547054,0.003375424305,2878.974538,0.432044493,327.7285616,65.05139665,5.052158202,0.03630134919,0.04312053845,322.306919478862,131.075161937948,0.295122157143474,826.192527353848,807.334548365193,0.0006691167543644,0.0431247273958782,0.0363014692434201,332.239680072915,113.51081446063978,7.453357986610214,48.45392707899548,72.51024536825452,0.9205738033607016,10.881615058570736,5.174072626804957,77.16359579107461,ICV_113_CASE_6_with_r_theta_phi.csv,0.6160424918174612,0.09018191528880579,0.9959253095261926,0.9750083914798476,0.222168036728689,0.003375424305,0.0033079246,6.749969909399054e-05,1.9997396764017537,ICV_113_CASE_6_with_r_theta_phi.csv
11.4178129,0.9568,2.417547054,0.003375421045,2802.55847,0.4319465574,327.7750099,53.23006398,4.599253757,0.03630133932,0.04312037049,322.306919478862,131.075161937948,0.295122157143474,826.192527353848,807.334548365193,0.0006691167543644,0.0431247273958782,0.0363014692434201,332.239680072915,113.51081446063978,7.453357986610214,48.45392707899548,72.51024536825452,0.9205738033607016,11.710100401692142,4.790130903314207,78.0856220207362,ICV_113_CASE_6_with_r_theta_phi.csv,0.662945655774613,0.083506197959253,0.9965072578272524,0.9784572087798112,0.20644972895797378,0.003375421045,0.0033079246,6.749643909399012e-05,1.9996450272174469,ICV_113_CASE_6_with_r_theta_phi.csv
12.22728666,0.9568,2.417547054,0.003375417786,2757.456528,0.4319383491,327.7812,47.19505586,4.350485323,0.03630132665,0.04312018156,322.306919478862,131.075161937948,0.295122157143474,826.192527353848,807.334548365193,0.0006691167543644,0.0431247273958782,0.0363014692434201,332.239680072915,113.51081446063978,7.453357986610214,48.45392707899548,72.51024536825452,0.9205738033607016,12.500661545059046,4.474346533666676,78.84910669880372,ICV_113_CASE_6_with_r_theta_phi.csv,0.7077018113703042,0.078012730651531,0.9969523628821447,0.9811212681667545,0.19339352923730246,0.003375417786,0.003310527,6.489083198987083e-05,1.9224533401402863,ICV_113_CASE_6_with_r_theta_phi.csv
12.99429461,0.9568,2.417547054,0.003375414526,2712.204544,0.4318998995,327.8106755,43.51768216,4.144355578,0.03630131137,0.04311997457,322.306919478862,131.075161937948,0.295122157143474,826.192527353848,807.334548365193,0.0006691167543644,0.0431247273958782,0.0363014692434201,332.239680072915,113.51081446063978,7.453357986610214,48.45392707899548,72.51024536825452,0.9205738033607016,13.251856187333876,4.211221199954025,79.48861940034851,ICV_113_CASE_6_with_r_theta_phi.csv,0.7502293053843864,0.07343351665577243,0.9973001146252648,0.983218690919486,0.18243082477084932,0.003375414526,0.003310527,6.488757198987085e-05,1.9223586161294863,ICV_113_CASE_6_with_r_theta_phi.csv
13.71571383,0.9568,2.417547054,0.003375411266,2650.37454,0.4319036743,327.8852663,38.87327573,3.80900646,0.03630129575,0.04311976853,322.306919478862,131.075161937948,0.295122157143474,826.192527353848,807.334548365193,0.0006691167543644,0.0431247273958782,0.0363014692434201,332.239680072915,113.51081446063978,7.453357986610214,48.45392707899548,72.51024536825452,0.9205738033607016,13.959971556731674,3.990454701136628,80.02740738481674,ICV_113_CASE_6_with_r_theta_phi.csv,0.7903179461155683,0.06959028170527129,0.9975756576281225,0.9848907047885084,0.17317707591132073,0.003375411266,0.003310527,6.488431198987087e-05,1.9222638919357165,ICV_113_CASE_6_with_r_theta_phi.csv
14.39499627,0.9568,2.417547054,0.003375408705,2541.905276,0.431907152,327.8243145,32.76748291,3.199969598,0.03630128498,0.04311961075,322.306919478862,131.075161937948,0.295122157143474,826.192527353848,807.334548365193,0.0006691167543644,0.0431247273958782,0.0363014692434201,332.239680072915,113.51081446063978,7.453357986610214,48.45392707899548,72.51024536825452,0.9205738033607016,14.627915696079809,3.802716087687145,80.48711437635848,ICV_113_CASE_6_with_r_theta_phi.csv,0.8281323670249715,0.06632120077775402,0.9977983254783488,0.9862484579565574,0.1652694139225791,0.003375408705,0.003310527,6.488175098987112e-05,1.9221894781079325,ICV_113_CASE_6_with_r_theta_phi.csv
15.08,0.9568,2.417547054,0.003375408472,2454.069476,0.432306713,327.2969165,27.54273369,2.421152003,0.03630127924,0.04311950589,322.306919478862,131.075161937948,0.295122157143474,826.192527353848,807.334548365193,0.0006691167543644,0.0431247273958782,0.0363014692434201,332.239680072915,113.51081446063978,7.453357986610214,48.45392707899548,72.51024536825452,0.9205738033607016,15.302496528289234,3.6304519593369946,80.91011000034598,ICV_113_CASE_6_with_r_theta_phi.csv,0.8663225120144575,0.0633209488218752,0.9979932151273863,0.98744169881168,0.15798383286875772,0.003375408472,0.003310527,6.488151798987119e-05,1.9221827079258857,ICV_113_CASE_6_with_r_theta_phi.csv
11.4617523,-0.9536959865,2.418773236,0.003375418251,2975.504607,0.4330532517,327.2028096,114.3494374,7.424801575,0.03630131577,0.04312017975,322.306919478862,131.075161937948,0.295122157143474,826.192527353848,807.334548365193,0.0006691167543644,0.0431247273958782,0.0363014692434201,332.239680072915,113.51081446063978,7.453357986610214,48.45392707899548,72.51024536825452,0.9205738033607016,11.752947110763811,355.2435569447389,78.1235824141126,ICV_113_CASE_6_with_r_theta_phi.csv,0.6653713428882092,-0.08292027329865696,0.996556184204421,0.978593773956088,0.2058014226733646,0.003375418251,0.0038837544,-0.0005083361178714503,15.059944573394759,ICV_113_CASE_6_with_r_theta_phi.csv
6.651964757,-0.9406931273,2.423859823,0.003375427797,4553.265695,0.4339121961,329.2402763,358.281741,18.96764481,0.03630139655,0.04312156907,322.306919478862,131.075161937948,0.295122157143474,826.192527353848,807.334548365193,0.0006691167543644,0.0431247273958782,0.0363014692434201,332.239680072915,113.51081446063978,7.453357986610214,48.45392707899548,72.51024536825452,0.9205738033607016,7.142032982958922,351.9508433614156,70.1609235755912,ICV_113_CASE_6_with_r_theta_phi.csv,0.40433297555394393,-0.14002264536414688,0.9901483014100597,0.940649526734647,0.3393795336402664,0.003375427797,0.0038837544,-0.0005083265718714503,15.059619173979744,ICV_113_CASE_6_with_r_theta_phi.csv
0.8799352853,-0.9319595929,2.427231204,0.003375444328,5315.783869,0.4343932972,330.5221551,589.5577374,28.55383815,0.0363014356,0.04312236977,322.306919478862,131.075161937948,0.295122157143474,826.192527353848,807.334548365193,0.0006691167543644,0.0431247273958782,0.0363014692434201,332.239680072915,113.51081446063978,7.453357986610214,48.45392707899548,72.51024536825452,0.9205738033607016,2.744865407772413,313.3553380686801,27.83687985239783,ICV_113_CASE_6_with_r_theta_phi.csv,0.15539547359523764,-0.7271100333472642,0.6865209387962907,0.4669559262128429,0.8842805906355211,0.003375444328,0.003884503,-0.0005090585913907976,15.081232032690936,ICV_113_CASE_6_with_r_theta_phi.csv
5.588118707,-0.9293962871,2.428213858,0.003375430824,5036.037425,0.4341309116,329.8627806,383.9422235,21.25113601,0.03630140651,0.04312175873,322.306919478862,131.075161937948,0.295122157143474,826.192527353848,807.334548365193,0.0006691167543644,0.0431247273958782,0.0363014692434201,332.239680072915,113.51081446063978,7.453357986610214,48.45392707899548,72.51024536825452,0.9205738033607016,6.163365207594132,350.5572003036888,66.79791650266952,ICV_113_CASE_6_with_r_theta_phi.csv,0.3489275112224051,-0.1640628816879684,0.9864498825851417,0.9191210133879104,0.39397533266535933,0.003375430824,0.0038837544,-0.0005083235448714502,15.059515991457188,ICV_113_CASE_6_with_r_theta_phi.csv
15.91603722,-0.3183351108,2.441250606,0.003375412896,2348.652397,0.430178404,326.4650374,21.45339228,1.850651917,0.03630122745,0.04311890689,322.306919478862,131.075161937948,0.295122157143474,826.192527353848,807.334548365193,0.0006691167543644,0.0431247273958782,0.0363014692434201,332.239680072915,113.51081446063978,7.453357986610214,48.45392707899548,72.51024536825452,0.9205738033607016,16.10531845548199,358.8541854652286,81.28147586192051,ICV_113_CASE_6_with_r_theta_phi.csv,0.9117727891885227,-0.019996903295007907,0.9998000419376917,0.9884449314347641,0.15158039952752625,0.003375412896,0.0035964788,-0.00022106594433620374,6.54930081391473,ICV_113_CASE_6_with_r_theta_phi.csv
9.456935049,-0.8338034403,2.462675745,0.003375423606,3400.252572,0.4333942763,327.4387607,188.8965617,10.33189797,0.03630135514,0.04312078653,322.306919478862,131.075161937948,0.295122157143474,826.192527353848,807.334548365193,0.0006691167543644,0.0431247273958782,0.0363014692434201,332.239680072915,113.51081446063978,7.453357986610214,48.45392707899548,72.51024536825452,0.9205738033607016,9.807834650067877,354.96134843851127,75.45781767242039,ICV_113_CASE_6_with_r_theta_phi.csv,0.5552524018392409,-0.0878277528289509,0.9961356764181357,0.9679630431243951,0.25109270627670666,0.003375423606,0.0038837544,-0.0005083307628714505,15.059762034527077,ICV_113_CASE_6_with_r_theta_phi.csv
14.37440203,-0.737553083,2.493193825,0.003375413362,2341.596287,0.4294307063,326.8931721,42.87910397,3.574905708,0.03630125039,0.04311923293,322.306919478862,131.075161937948,0.295122157143474,826.192527353848,807.334548365193,0.0006691167543644,0.0431247273958782,0.0363014692434201,332.239680072915,113.51081446063978,7.453357986610214,48.45392707899548,72.51024536825452,0.9205738033607016,14.607649835593987,357.0627194147955,80.17280059156593,ICV_113_CASE_6_with_r_theta_phi.csv,0.8269850528509899,-0.051242765005452814,0.9986862265169155,0.9853269857288947,0.1706772720499443,0.003375413362,0.0038150577,-0.00043964432546137605,13.02490326905114,ICV_113_CASE_6_with_r_theta_phi.csv
13.26678974,-0.6706191862,2.512025061,0.003375414992,2559.452826,0.432029008,327.3075109,59.94465014,4.888809853,0.03630127331,0.04311956346,322.306919478862,131.075161937948,0.295122157143474,826.192527353848,807.334548365193,0.0006691167543644,0.0431247273958782,0.0363014692434201,332.239680072915,113.51081446063978,7.453357986610214,48.45392707899548,72.51024536825452,0.9205738033607016,13.519160846937242,357.10623492865864,79.29151071686158,ICV_113_CASE_6_with_r_theta_phi.csv,0.7653622638367968,-0.0504842591032462,0.9987248567963032,0.9825852762890467,0.18581220309758378,0.003375414992,0.0040717176,-0.0006963026241706446,20.62865234688624,ICV_113_CASE_6_with_r_theta_phi.csv
15.63169374,0.1849100823,2.534056488,0.003375410568,2439.105374,0.4330007299,326.7887982,24.01265041,2.171929021,0.03630124889,0.0431191568,322.306919478862,131.075161937948,0.295122157143474,826.192527353848,807.334548365193,0.0006691167543644,0.0431247273958782,0.0363014692434201,332.239680072915,113.51081446063978,7.453357986610214,48.45392707899548,72.51024536825452,0.9205738033607016,15.836839432287816,0.6777303444483209,80.79250937698538,ICV_113_CASE_6_with_r_theta_phi.csv,0.8965733463154736,0.011828350116784138,0.9999300426197398,0.9871153544045341,0.16001024060606567,0.003375410568,0.0038887633,-0.0005133526865083761,15.208599843321046,ICV_113_CASE_6_with_r_theta_phi.csv
10.75179234,-0.5693388765,2.536898351,0.00337542058,3091.804497,0.4331499021,327.2012173,128.7607348,7.924278287,0.03630132776,0.04312035089,322.306919478862,131.075161937948,0.295122157143474,826.192527353848,807.334548365193,0.0006691167543644,0.0431247273958782,0.0363014692434201,332.239680072915,113.51081446063978,7.453357986610214,48.45392707899548,72.51024536825452,0.9205738033607016,11.061692389597692,356.9688517720125,76.74172983862121,ICV_113_CASE_6_with_r_theta_phi.csv,0.6262372365431816,-0.052878842578430105,0.9986009353127833,0.9733461651819292,0.22934088760103932,0.00337542058,0.0038837544,-0.0005083337888714505,15.059865183403362,ICV_113_CASE_6_with_r_theta_phi.csv
8.713231568,-0.5646402232,2.537948269,0.003375424771,3519.875493,0.4335151515,327.5151876,211.5913512,11.21382075,0.03630136432,0.04312092777,322.306919478862,131.075161937948,0.295122157143474,826.192527353848,807.334548365193,0.0006691167543644,0.0431247273958782,0.0363014692434201,332.239680072915,113.51081446063978,7.453357986610214,48.45392707899548,72.51024536825452,0.9205738033607016,9.09287657209572,356.2922677043676,73.79267320504141,ICV_113_CASE_6_with_r_theta_phi.csv,0.5147763738297699,-0.06466698038673434,0.9979069002906342,0.9602580013647085,0.27911390294117455,0.003375424771,0.0038837544,-0.0005083295978714503,15.059722322599885,ICV_113_CASE_6_with_r_theta_phi.csv
12.70273675,-0.5552819009,2.540012207,0.003375416156,2692.75413,0.432765004,327.2255907,71.73892411,5.544240177,0.03630128669,0.04311976175,322.306919478862,131.075161937948,0.295122157143474,826.192527353848,807.334548365193,0.0006691167543644,0.0431247273958782,0.0363014692434201,332.239680072915,113.51081446063978,7.453357986610214,48.45392707899548,72.51024536825452,0.9205738033607016,12.966091197464896,357.4969907543502,78.7028991663974,ICV_113_CASE_6_with_r_theta_phi.csv,0.7340512495089012,-0.04367185856115411,0.9990459292594183,0.9806245721659871,0.19589652489075676,0.003375416156,0.0040717176,-0.0006963014601706449,20.628610748533696,ICV_113_CASE_6_with_r_theta_phi.csv
-0.4684739434,0.2539903527,2.544802756,0.003375438973,4089.412229,0.4337024497,328.0638303,302.0834615,14.78956641,0.03630143075,0.04312203685,322.306919478862,131.075161937948,0.295122157143474,826.192527353848,807.334548365193,0.0006691167543644,0.0431247273958782,0.0363014692434201,332.239680072915,113.51081446063978,7.453357986610214,48.45392707899548,72.51024536825452,0.9205738033607016,2.600000000356657,151.53498382606347,11.827174144167316,ICV_113_CASE_6_with_r_theta_phi.csv,0.14719418673825926,0.4766220806028644,-0.8791082938306274,0.2049602843731963,0.9787702906349673,0.003375438973,0.0039788075,-0.0006033685061431425,17.875260396964965,ICV_113_CASE_6_with_r_theta_phi.csv
-1.7820154270000002e-14,-0.4975579076,2.551947517,0.003375443164,4984.546792,0.4342158006,330.3097067,515.9961403,25.99081659,0.03630143297,0.04312221838,322.306919478862,131.075161937948,0.295122157143474,826.192527353848,807.334548365193,0.0006691167543644,0.0431247273958782,0.0363014692434201,332.239680072915,113.51081446063978,7.453357986610214,48.45392707899548,72.51024536825452,0.9205738033607016,2.6000000001803376,269.99999999999795,11.032654749933954,ICV_113_CASE_6_with_r_theta_phi.csv,0.14719418672827728,-1.0,-3.571083380787711e-14,0.19136842598672707,0.981518275701152,0.003375443164,0.003884503,-0.0005090597553907977,15.08127171771822,ICV_113_CASE_6_with_r_theta_phi.csv
6.1793648,-0.4681954871,2.557497407,0.003375428962,4300.086211,0.4339177646,328.8510081,331.4103163,17.51204523,0.03630139208,0.04312143692,322.306919478862,131.075161937948,0.295122157143474,826.192527353848,807.334548365193,0.0006691167543644,0.0431247273958782,0.0363014692434201,332.239680072915,113.51081446063978,7.453357986610214,48.45392707899548,72.51024536825452,0.9205738033607016,6.704069609754329,355.6671163614364,67.57434507070263,ICV_113_CASE_6_with_r_theta_phi.csv,0.37953848996503947,-0.07555102667912361,0.997141936921585,0.924375311726677,0.3814843156280593,0.003375428962,0.0038837544,-0.0005083254068714506,15.059579462151182,ICV_113_CASE_6_with_r_theta_phi.csv
15.08,-0.463704337,2.558315518,0.003375412431,2367.12568,0.4302539934,326.6693344,31.58993814,2.735638546,0.03630123839,0.04311907283,322.306919478862,131.075161937948,0.295122157143474,826.192527353848,807.334548365193,0.0006691167543644,0.0431247273958782,0.0363014692434201,332.239680072915,113.51081446063978,7.453357986610214,48.45392707899548,72.51024536825452,0.9205738033607016,15.302496528403209,358.23873127271395,80.37593375525313,ICV_113_CASE_6_with_r_theta_phi.csv,0.86632251202091,-0.03073509727989505,0.9995275653003249,0.9859259013476818,0.1671828850443765,0.003375412431,0.0036389534,-0.0002635410051660481,7.807668262035011,ICV_113_CASE_6_with_r_theta_phi.csv
13.78688748,-0.4535883895,2.560128429,0.003375413362,2508.595478,0.4323618975,327.1485767,52.22579178,4.391418573,0.03630126153,0.04311940634,322.306919478862,131.075161937948,0.295122157143474,826.192527353848,807.334548365193,0.0006691167543644,0.0431247273958782,0.0363014692434201,332.239680072915,113.51081446063978,7.453357986610214,48.45392707899548,72.51024536825452,0.9205738033607016,14.029906143173015,358.1156494041098,79.48595664211905,ICV_113_CASE_6_with_r_theta_phi.csv,0.7942771632596828,-0.03288219369202353,0.9994592344553129,0.9832102115861046,0.18247651857926117,0.003375413362,0.004075068,-0.0006996546871328238,20.72797052954085,ICV_113_CASE_6_with_r_theta_phi.csv
9.995310852,-0.4413202502,2.562271734,0.003375422908,3178.340523,0.4333062745,327.1060189,150.4292093,8.522531189,0.03630134184,0.04312055418,322.306919478862,131.075161937948,0.295122157143474,826.192527353848,807.334548365193,0.0006691167543644,0.0431247273958782,0.0363014692434201,332.239680072915,113.51081446063978,7.453357986610214,48.45392707899548,72.51024536825452,0.9205738033607016,10.32793488700432,357.4718769554053,75.6354007570286,ICV_113_CASE_6_with_r_theta_phi.csv,0.5846969139114463,-0.0441097546443814,0.9990266911075061,0.9687366317161641,0.24809139116708817,0.003375422908,0.0038837544,-0.0005083314608714503,15.059785827609023,ICV_113_CASE_6_with_r_theta_phi.csv
11.99279762,-0.4182729854,2.56613478,0.003375418019,2870.459575,0.432887286,327.1897201,90.34359032,6.415878616,0.03630130077,0.04311996234,322.306919478862,131.075161937948,0.295122157143474,826.192527353848,807.334548365193,0.0006691167543644,0.0431247273958782,0.0363014692434201,332.239680072915,113.51081446063978,7.453357986610214,48.45392707899548,72.51024536825452,0.9205738033607016,12.271397424650493,358.0025038842212,77.92949876691586,ICV_113_CASE_6_with_r_theta_phi.csv,0.6947224476213927,-0.034855822266924276,0.9993923512085214,0.9778910294073291,0.2091151228502476,0.003375418019,0.0038029368,-0.0004275187379833992,12.665653126524434,ICV_113_CASE_6_with_r_theta_phi.csv
7.748468823,0.3800434471,2.57207445,0.003375425469,3604.512355,0.433098065,327.8376842,174.5190583,10.25089838,0.03630137504,0.04312105161,322.306919478862,131.075161937948,0.295122157143474,826.192527353848,807.334548365193,0.0006691167543644,0.0431247273958782,0.0363014692434201,332.239680072915,113.51081446063978,7.453357986610214,48.45392707899548,72.51024536825452,0.9205738033607016,8.173051394615689,2.807967638264472,71.65718389237577,ICV_113_CASE_6_with_r_theta_phi.csv,0.46270217424439464,0.04898866482379994,0.9987993345606421,0.9491905716432276,0.31470185684803775,0.003375425469,0.0038715561,-0.0004961306696197806,14.698315042926444,ICV_113_CASE_6_with_r_theta_phi.csv
4.585778358,-0.3728580698,2.573125893,0.003375436179,4984.489317,0.4341231673,329.9243535,435.9875022,22.6517985,0.03630141212,0.04312185577,322.306919478862,131.075161937948,0.295122157143474,826.192527353848,807.334548365193,0.0006691167543644,0.0431247273958782,0.0363014692434201,332.239680072915,113.51081446063978,7.453357986610214,48.45392707899548,72.51024536825452,0.9205738033607016,5.271561737297895,355.3516499796422,60.7832695715274,ICV_113_CASE_6_with_r_theta_phi.csv,0.29843970871371084,-0.08104004452405623,0.9967108463258233,0.8727795845185174,0.4881145325102338,0.003375436179,0.0038837544,-0.0005083181898714504,15.05933345394936,ICV_113_CASE_6_with_r_theta_phi.csv
1.033726085,0.3582960812,2.575193957,0.003375443164,3402.380057,0.4334871967,327.9159992,313.0605295,14.44744994,0.03630142987,0.04312190497,322.306919478862,131.075161937948,0.295122157143474,826.192527353848,807.334548365193,0.0006691167543644,0.0431247273958782,0.0363014692434201,332.239680072915,113.51081446063978,7.453357986610214,48.45392707899548,72.51024536825452,0.9205738033607016,2.7979616896558865,19.11664391550397,23.017988277759287,ICV_113_CASE_6_with_r_theta_phi.csv,0.15840142129892654,0.3274923844425617,0.9448538183931552,0.39102010602869447,0.920382136224573,0.003375443164,0.0038747843,-0.0004993411714940416,14.793351482605738,ICV_113_CASE_6_with_r_theta_phi.csv
1.780714449,0.3481167689,2.576589745,0.003375442233,3218.386039,0.4335853646,327.6273013,268.7070974,13.020068,0.03630142677,0.04312184496,322.306919478862,131.075161937948,0.295122157143474,826.192527353848,807.334548365193,0.0006691167543644,0.0431247273958782,0.0363014692434201,332.239680072915,113.51081446063978,7.453357986610214,48.45392707899548,72.51024536825452,0.9205738033607016,3.1513400241335296,11.061404897794487,35.15302916965732,ICV_113_CASE_6_with_r_theta_phi.csv,0.17840728150939655,0.19186091276729833,0.9814221263819658,0.5757622307184416,0.8176171803956446,0.003375442233,0.0038747843,-0.0004993421024940413,14.793383144415598,ICV_113_CASE_6_with_r_theta_phi.csv
4.965052675,0.3471874981,2.576715126,0.003375435015,4067.278392,0.4336517855,328.4644115,312.6651503,15.89687968,0.03630140121,0.04312155494,322.306919478862,131.075161937948,0.295122157143474,826.192527353848,807.334548365193,0.0006691167543644,0.0431247273958782,0.0363014692434201,332.239680072915,113.51081446063978,7.453357986610214,48.45392707899548,72.51024536825452,0.9205738033607016,5.604618458460736,3.999967770021556,62.62911787709595,ICV_113_CASE_6_with_r_theta_phi.csv,0.3172950984069996,0.06975591259514118,0.9975640894990251,0.8880491453096356,0.4597485350871992,0.003375435015,0.0038747843,-0.0004993493204940415,14.793628617557767,ICV_113_CASE_6_with_r_theta_phi.csv
5.403896632,-0.3443816746,2.577091629,0.003375432454,4572.703314,0.4339935811,329.2901451,371.287154,19.53590542,0.03630140133,0.04312162103,322.306919478862,131.075161937948,0.295122157143474,826.192527353848,807.334548365193,0.0006691167543644,0.0431247273958782,0.0363014692434201,332.239680072915,113.51081446063978,7.453357986610214,48.45392707899548,72.51024536825452,0.9205738033607016,5.996840735871107,356.353562867767,64.54884066489262,ICV_113_CASE_6_with_r_theta_phi.csv,0.3395000365362795,-0.06359938037168923,0.9979755101285488,0.9029519371305271,0.42974154934358927,0.003375432454,0.0038837544,-0.0005083219148714502,15.059460429091898,ICV_113_CASE_6_with_r_theta_phi.csv
11.76971399,0.3440737106,2.577132764,0.003375419183,2855.0517,0.4325995448,327.3293837,66.13066385,5.419668867,0.03630131786,0.04312012763,322.306919478862,131.075161937948,0.295122157143474,826.192527353848,807.334548365193,0.0006691167543644,0.0431247273958782,0.0363014692434201,332.239680072915,113.51081446063978,7.453357986610214,48.45392707899548,72.51024536825452,0.9205738033607016,12.053471176719594,1.6744976465128616,77.65437488442478,ICV_113_CASE_6_with_r_theta_phi.csv,0.6823849565334278,0.029221337032069743,0.9995729655518192,0.9768756267725113,0.21380834833516973,0.003375419183,0.0037907385,-0.00041531934373172964,12.304230114600475,ICV_113_CASE_6_with_r_theta_phi.csv
2.556784603,0.3408868835,2.577556233,0.003375442,3544.782907,0.4336992825,327.9608648,310.7463721,14.92584839,0.03630142155,0.04312180001,322.306919478862,131.075161937948,0.295122157143474,826.192527353848,807.334548365193,0.0006691167543644,0.0431247273958782,0.0363014692434201,332.239680072915,113.51081446063978,7.453357986610214,48.45392707899548,72.51024536825452,0.9205738033607016,3.646525402044714,7.594252986064021,45.02058617930544,ICV_113_CASE_6_with_r_theta_phi.csv,0.2064412849618257,0.13215696639585617,0.9912288011519058,0.7073607966083248,0.7068526744814907,0.003375442,0.0038747843,-0.0004993423354940412,14.793391068372891,ICV_113_CASE_6_with_r_theta_phi.csv
3.787992953,-0.3396908247,2.577714131,0.003375441534,4913.446637,0.434207867,329.8496447,453.4622939,23.15704844,0.03630141966,0.04312199331,322.306919478862,131.075161937948,0.295122157143474,826.192527353848,807.334548365193,0.0006691167543644,0.0431247273958782,0.0363014692434201,332.239680072915,113.51081446063978,7.453357986610214,48.45392707899548,72.51024536825452,0.9205738033607016,4.594441272833957,354.8756691242701,55.871513609286296,ICV_113_CASE_6_with_r_theta_phi.csv,0.26010578714566096,-0.08931726155293543,0.996003226294315,0.8277814930604378,0.5610506213762109,0.003375441534,0.0038837544,-0.0005083128348714505,15.059150917020714,ICV_113_CASE_6_with_r_theta_phi.csv
2.98625206,-0.333597683,2.578509761,0.003375443863,4771.725098,0.4342174698,329.7104549,455.3563972,23.07444956,0.03630142582,0.04312206979,322.306919478862,131.075161937948,0.295122157143474,826.192527353848,807.334548365193,0.0006691167543644,0.0431247273958782,0.0363014692434201,332.239680072915,113.51081446063978,7.453357986610214,48.45392707899548,72.51024536825452,0.9205738033607016,3.959507717826736,353.62584947218465,49.36636838278355,ICV_113_CASE_6_with_r_theta_phi.csv,0.22416019935746886,-0.11102057413321684,0.9938181081662433,0.7588891835074348,0.6512197840632753,0.003375443863,0.0038837544,-0.0005083105058714503,15.059071528124523,ICV_113_CASE_6_with_r_theta_phi.csv
3.346376338,0.3293845917,2.579051335,0.003375443164,3851.536659,0.4337929351,328.2389882,338.3782252,16.30111295,0.03630141527,0.04312174576,322.306919478862,131.075161937948,0.295122157143474,826.192527353848,807.334548365193,0.0006691167543644,0.0431247273958782,0.0363014692434201,332.239680072915,113.51081446063978,7.453357986610214,48.45392707899548,72.51024536825452,0.9205738033607016,4.237715728236257,5.621528662132505,52.51204011080449,ICV_113_CASE_6_with_r_theta_phi.csv,0.23991043083080776,0.09795684561394012,0.9951906633391245,0.7934812476420726,0.6085947006344862,0.003375443164,0.0038747843,-0.0004993411714940416,14.793351482605738,ICV_113_CASE_6_with_r_theta_phi.csv
2.186583999,-0.3280817496,2.579217394,0.003375443164,4352.499032,0.4341764071,329.199598,424.0594424,21.35342628,0.03630143007,0.04312209834,322.306919478862,131.075161937948,0.295122157143474,826.192527353848,807.334548365193,0.0006691167543644,0.0431247273958782,0.0363014692434201,332.239680072915,113.51081446063978,7.453357986610214,48.45392707899548,72.51024536825452,0.9205738033607016,3.397226749072776,351.46682165531075,40.60516740404057,ICV_113_CASE_6_with_r_theta_phi.csv,0.19232770324101256,-0.1483820970719103,0.9889301053504955,0.6508426919424566,0.7592126120824761,0.003375443164,0.0038837544,-0.0005083112048714505,15.059095355008015,ICV_113_CASE_6_with_r_theta_phi.csv
6.544635164,0.3197172068,2.580267604,0.003375427797,3586.14352,0.4334114617,327.8031805,214.5200339,11.70774712,0.03630138338,0.04312120245,322.306919478862,131.075161937948,0.295122157143474,826.192527353848,807.334548365193,0.0006691167543644,0.0431247273958782,0.0363014692434201,332.239680072915,113.51081446063978,7.453357986610214,48.45392707899548,72.51024536825452,0.9205738033607016,7.042176469703184,2.7967785285369477,68.50610978965511,ICV_113_CASE_6_with_r_theta_phi.csv,0.39867978391656694,0.04879361155990637,0.9988088823548482,0.9304566448970101,0.36640200868308465,0.003375427797,0.0038715561,-0.0004961283416197804,14.69823593660469,ICV_113_CASE_6_with_r_theta_phi.csv
7.948224286,-0.3160087378,2.580724409,0.003375425469,3895.290745,0.4336763935,327.9947798,249.3513603,13.37046745,0.0363013748,0.04312111051,322.306919478862,131.075161937948,0.295122157143474,826.192527353848,807.334548365193,0.0006691167543644,0.0431247273958782,0.0363014692434201,332.239680072915,113.51081446063978,7.453357986610214,48.45392707899548,72.51024536825452,0.9205738033607016,8.362671181992903,357.7232102251533,72.02509036167532,ICV_113_CASE_6_with_r_theta_phi.csv,0.4734371474707954,-0.03972702074811521,0.999210570311623,0.9511917465546323,0.3086004881498862,0.003375425469,0.0038837544,-0.0005083288998714505,15.059698529544205,ICV_113_CASE_6_with_r_theta_phi.csv
1.397873149,-0.3096529006,2.581494738,0.003375443164,3899.592637,0.434076373,328.6810675,389.3395668,19.37855442,0.03630143184,0.04312207929,322.306919478862,131.075161937948,0.295122157143474,826.192527353848,807.334548365193,0.0006691167543644,0.0431247273958782,0.0363014692434201,332.239680072915,113.51081446063978,7.453357986610214,48.45392707899548,72.51024536825452,0.9205738033607016,2.951956866532243,347.5096936698826,29.01380560495136,ICV_113_CASE_6_with_r_theta_phi.csv,0.16711957315231896,-0.21627443477969774,0.9763326117982141,0.48502034864176635,0.874502865291715,0.003375443164,0.003884503,-0.0005090597553907977,15.08127171771822,ICV_113_CASE_6_with_r_theta_phi.csv
4.151932863,0.2968539154,2.582997823,0.003375441534,3991.700243,0.4337939576,328.3850976,336.3360117,16.55976221,0.03630140843,0.04312167286,322.306919478862,131.075161937948,0.295122157143474,826.192527353848,807.334548365193,0.0006691167543644,0.0431247273958782,0.0363014692434201,332.239680072915,113.51081446063978,7.453357986610214,48.45392707899548,72.51024536825452,0.9205738033607016,4.898831136053826,4.08956107081832,58.1789374711654,ICV_113_CASE_6_with_r_theta_phi.csv,0.27733825574638116,0.07131571573561364,0.9974537927589012,0.8496989210937371,0.5272681893421403,0.003375441534,0.0038747843,-0.0004993428014940416,14.793406916290778,ICV_113_CASE_6_with_r_theta_phi.csv
15.08,0.2923675967,2.583509471,0.003375409637,2473.792046,0.4325492069,327.1957309,29.3970623,2.795892287,0.03630126639,0.04311938018,322.306919478862,131.075161937948,0.295122157143474,826.192527353848,807.334548365193,0.0006691167543644,0.0431247273958782,0.0363014692434201,332.239680072915,113.51081446063978,7.453357986610214,48.45392707899548,72.51024536825452,0.9205738033607016,15.30249652829063,1.110698339279395,80.28024209603916,ICV_113_CASE_6_with_r_theta_phi.csv,0.8663225120145366,0.019384128898405954,0.9998121101221219,0.9856453085244763,0.1688292799951773,0.003375409637,0.0038887633,-0.0005133536175083763,15.208631619969804,ICV_113_CASE_6_with_r_theta_phi.csv
11.02014319,0.2865774683,2.584158152,0.003375421744,2919.154197,0.4327079536,327.2769425,78.80273494,5.893697986,0.03630133052,0.04312031343,322.306919478862,131.075161937948,0.295122157143474,826.192527353848,807.334548365193,0.0006691167543644,0.0431247273958782,0.0363014692434201,332.239680072915,113.51081446063978,7.453357986610214,48.45392707899548,72.51024536825452,0.9205738033607016,11.32270091135453,1.4896339698967154,76.80722688872106,ICV_113_CASE_6_with_r_theta_phi.csv,0.6410137508072136,0.025996088522007663,0.9996620445838463,0.9736076977094427,0.228228067863965,0.003375421744,0.0038715561,-0.0004961343946197805,14.698441620064296,ICV_113_CASE_6_with_r_theta_phi.csv
5.824368599,0.2858605764,2.584237553,0.003375430359,3933.558748,0.4336077287,328.2551069,278.6674478,14.55375295,0.03630139175,0.04312137533,322.306919478862,131.075161937948,0.295122157143474,826.192527353848,807.334548365193,0.0006691167543644,0.0431247273958782,0.0363014692434201,332.239680072915,113.51081446063978,7.453357986610214,48.45392707899548,72.51024536825452,0.9205738033607016,6.378343795727257,2.8098277127937763,66.09896610837478,ICV_113_CASE_6_with_r_theta_phi.csv,0.3610981260078104,0.04902109024393461,0.998797743645477,0.9142466443812572,0.40515808425552974,0.003375430359,0.0038715561,-0.0004961257796197807,14.698148879000444,ICV_113_CASE_6_with_r_theta_phi.csv
11.43965793,-0.2786874065,2.585020953,0.003375419416,2969.822641,0.4330174996,327.1479437,101.2737437,6.834677212,0.03630131069,0.04312010088,322.306919478862,131.075161937948,0.295122157143474,826.192527353848,807.334548365193,0.0006691167543644,0.0431247273958782,0.0363014692434201,332.239680072915,113.51081446063978,7.453357986610214,48.45392707899548,72.51024536825452,0.9205738033607016,11.731401176048946,358.60446399882846,77.27037543064989,ICV_113_CASE_6_with_r_theta_phi.csv,0.6641515596815033,-0.02435428985858839,0.9997033902940831,0.9754207428918027,0.22035057144560274,0.003375419416,0.0038837544,-0.0005083349528714506,15.05990486134158,ICV_113_CASE_6_with_r_theta_phi.csv
-1.8051823440000002e-14,0.2777311992,2.585123862,0.003375441534,4028.293013,0.4336961349,328.5416874,394.2530549,18.00133541,0.03630143102,0.04312201279,322.306919478862,131.075161937948,0.295122157143474,826.192527353848,807.334548365193,0.0006691167543644,0.0431247273958782,0.0363014692434201,332.239680072915,113.51081446063978,7.453357986610214,48.45392707899548,72.51024536825452,0.9205738033607016,2.6000000001713204,90.00000000000375,6.132016952663491,ICV_113_CASE_6_with_r_theta_phi.csv,0.14719418672776677,1.0,-6.544192611292687e-14,0.10681969199296076,0.9942784083960231,0.003375441534,0.0038747843,-0.0004993428014940416,14.793406916290778,ICV_113_CASE_6_with_r_theta_phi.csv
8.44824795,0.2602014624,2.586947081,0.003375424771,3570.740461,0.433278569,327.6231605,173.2779898,10.05357388,0.03630136788,0.0431209342,322.306919478862,131.075161937948,0.295122157143474,826.192527353848,807.334548365193,0.0006691167543644,0.0431247273958782,0.0363014692434201,332.239680072915,113.51081446063978,7.453357986610214,48.45392707899548,72.51024536825452,0.9205738033607016,8.83928127313577,1.7641213071156017,72.98243471355175,ICV_113_CASE_6_with_r_theta_phi.csv,0.500419545450564,0.030784860630919682,0.9995260338560146,0.9562150780221955,0.29266486731927105,0.003375424771,0.0038715561,-0.0004961313676197805,14.698338761252074,ICV_113_CASE_6_with_r_theta_phi.csv
12.50574294,0.2448239784,2.588447647,0.003375416854,2773.213278,0.4324792768,327.3833509,59.79352983,5.153880409,0.03630130383,0.04311993862,322.306919478862,131.075161937948,0.295122157143474,826.192527353848,807.334548365193,0.0006691167543644,0.0431247273958782,0.0363014692434201,332.239680072915,113.51081446063978,7.453357986610214,48.45392707899548,72.51024536825452,0.9205738033607016,12.773159612367618,1.121531854562761,78.30818508087339,ICV_113_CASE_6_with_r_theta_phi.csv,0.7231287849855852,0.019573173535719954,0.9998084270887801,0.9792517701353965,0.20264740483581914,0.003375416854,0.0037907385,-0.00041532167273172944,12.304307603267254,ICV_113_CASE_6_with_r_theta_phi.csv
0.6865173238,-0.2281786321,2.589968052,0.003375443164,4274.206038,0.4340512574,329.3517707,475.5761107,22.86732677,0.03630143224,0.04312209417,322.306919478862,131.075161937948,0.295122157143474,826.192527353848,807.334548365193,0.0006691167543644,0.0431247273958782,0.0363014692434201,332.239680072915,113.51081446063978,7.453357986610214,48.45392707899548,72.51024536825452,0.9205738033607016,2.689108780693934,341.61467564099,15.606405567936749,ICV_113_CASE_6_with_r_theta_phi.csv,0.1522389153733302,-0.31540598314945323,0.9489568303108034,0.269027498824802,0.9631324960129167,0.003375443164,0.003884503,-0.0005090597553907977,15.08127171771822,ICV_113_CASE_6_with_r_theta_phi.csv
10.22576759,0.2128404594,2.591273613,0.003375423839,3068.430759,0.4329244083,327.2141669,99.71219455,6.731269686,0.03630134442,0.04312052625,322.306919478862,131.075161937948,0.295122157143474,826.192527353848,807.334548365193,0.0006691167543644,0.0431247273958782,0.0363014692434201,332.239680072915,113.51081446063978,7.453357986610214,48.45392707899548,72.51024536825452,0.9205738033607016,10.551128982401934,1.1923896501514832,75.78317405501565,ICV_113_CASE_6_with_r_theta_phi.csv,0.5973326344315719,0.02080962316778487,0.9997834563462304,0.9693732691295434,0.24559207050941603,0.003375423839,0.0038715561,-0.0004961322996197806,14.698370431008767,ICV_113_CASE_6_with_r_theta_phi.csv
13.34762799,0.1454421422,2.595928848,0.00337541406,2646.155498,0.4324366918,327.4313169,51.14947108,4.638113339,0.03630128531,0.04311969468,322.306919478862,131.075161937948,0.295122157143474,826.192527353848,807.334548365193,0.0006691167543644,0.0431247273958782,0.0363014692434201,332.239680072915,113.51081446063978,7.453357986610214,48.45392707899548,72.51024536825452,0.9205738033607016,13.598498923044328,0.6242975254493217,78.99479375489813,ICV_113_CASE_6_with_r_theta_phi.csv,0.7698538421400117,0.010895831728980104,0.9999406386635827,0.9816098413223894,0.19089819124086427,0.00337541406,0.0040648673,-0.0006894532129730607,20.425737421050005,ICV_113_CASE_6_with_r_theta_phi.csv
14.24238337,0.1197063784,2.597242843,0.003375411266,2526.965478,0.4325808415,327.2811231,39.62616167,3.788284078,0.03630126977,0.04311947196,322.306919478862,131.075161937948,0.295122157143474,826.192527353848,807.334548365193,0.0006691167543644,0.0431247273958782,0.0363014692434201,332.239680072915,113.51081446063978,7.453357986610214,48.45392707899548,72.51024536825452,0.9205738033607016,14.477758253976925,0.4815562526344479,79.6654560144068,ICV_113_CASE_6_with_r_theta_phi.csv,0.8196314814211256,0.008404643190988988,0.9999646803626777,0.983777058141615,0.17939537305691422,0.003375411266,0.0040648673,-0.0006894560069730608,20.425837103572743,ICV_113_CASE_6_with_r_theta_phi.csv
7.167810066,-0.07160102518,2.599013908,0.0033754264,3931.196713,0.4335742369,328.223732,252.2880471,13.72866696,0.03630138115,0.04312120625,322.306919478862,131.075161937948,0.295122157143474,826.192527353848,807.334548365193,0.0006691167543644,0.0431247273958782,0.0363014692434201,332.239680072915,113.51081446063978,7.453357986610214,48.45392707899548,72.51024536825452,0.9205738033607016,7.624795154168746,359.42767734244256,70.0705117566402,ICV_113_CASE_6_with_r_theta_phi.csv,0.43166366215758956,-0.00998874864595133,0.9999501112057981,0.9401128203848157,0.3408634403219377,0.0033754264,0.0038837544,-0.0005083279688714503,15.05966679412277,ICV_113_CASE_6_with_r_theta_phi.csv
9.335830554,0.05222636898,2.59947541,0.003375424305,3231.422515,0.4331584468,327.2690227,140.8035736,8.307057433,0.03630135494,0.04312071999,322.306919478862,131.075161937948,0.295122157143474,826.192527353848,807.334548365193,0.0006691167543644,0.0431247273958782,0.0363014692434201,332.239680072915,113.51081446063978,7.453357986610214,48.45392707899548,72.51024536825452,0.9205738033607016,9.691116144893291,0.3205198819761108,74.44086364699393,ICV_113_CASE_6_with_r_theta_phi.csv,0.5486445997453478,0.005594098081287134,0.9999843529109128,0.9633541168297409,0.2682328197428306,0.003375424305,0.0038715561,-0.0004961318336197803,14.698354596128226,ICV_113_CASE_6_with_r_theta_phi.csv
