solid Visualization Toolkit generated SLA File
 facet normal -0.027778726848802473 -0.57236358443553237 -0.81952929755242365
  outer loop
   vertex 1.6174044999909924e-14 -1.1811634302139282 -2.3162152767181396
   vertex 0.64714998006820679 -1.6384724378585815 -2.0187640190124512
   vertex 1.3312378068929161e-14 -1.7679387331008911 -1.9064083099365234
  endloop
 endfacet
 facet normal 0.037994904758284778 -0.35671781429771787 -0.93343922575337912
  outer loop
   vertex 15.079999923706055 -1.2247686386108398 -2.2934563159942627
   vertex 14.542468070983887 -0.92691850662231445 -2.4291608333587646
   vertex 15.079999923706055 -0.6169126033782959 -2.5257511138916016
  endloop
 endfacet
 facet normal -0.036817260616660519 -0.79428452931324656 0.60642936589047136
  outer loop
   vertex 10.402013778686523 -2.2272377014160156 1.3414218425750732
   vertex 10.822851181030273 -2.0862035751342773 1.5516941547393799
   vertex 10.42549991607666 -1.8863821029663086 1.7892910242080688
  endloop
 endfacet
 facet normal -0.039618005478476825 -0.99847102723998138 -0.038548948160019796
  outer loop
   vertex 3.5826876337049889e-15 -2.5488758087158203 -0.51306122541427612
   vertex 0.71346926689147949 -2.5869481563568115 -0.26019033789634705
   vertex -2.1997223294045526e-15 -2.5808460712432861 0.31501275300979614
  endloop
 endfacet
 facet normal 0.028437226704240915 -0.9163953118253908 0.39926301682201448
  outer loop
   vertex 13.898285865783691 -2.47110915184021 0.80846738815307617
   vertex 14.001483917236328 -2.2603757381439209 1.2847961187362671
   vertex 13.584543228149414 -2.333571195602417 1.1464929580688477
  endloop
 endfacet
 facet normal 0.0022704864442172992 0.14008054734661959 -0.99013750820094582
  outer loop
   vertex 13.227485656738281 0.15222343802452087 -2.5955400466918945
   vertex 13.016053199768066 0.56795072555541992 -2.5372095108032227
   vertex 13.517623901367188 0.58145427703857422 -2.5341489315032959
  endloop
 endfacet
 facet normal 0.034236116410265464 0.27912404845008681 -0.95964454560528634
  outer loop
   vertex 15.079999923706055 0.48911049962043762 -2.5535800457000732
   vertex 14.788534164428711 0.64248114824295044 -2.5193686485290527
   vertex 15.079999923706055 0.95679998397827148 -2.4175469875335693
  endloop
 endfacet
 facet normal 0.012634377726017089 -0.56102745364702933 -0.8277007724738491
  outer loop
   vertex 9.8227243423461914 -1.5532468557357788 -2.085047721862793
   vertex 10.234220504760742 -1.2880269289016724 -2.2585363388061523
   vertex 10.38782787322998 -1.6392881870269775 -2.018101692199707
  endloop
 endfacet
 facet normal -0 0.28011098161221398 0.95996762340208219
  outer loop
   vertex 10.378964424133301 0.95679998397827148 2.4175469875335693
   vertex 9.7271337509155273 0.95679998397827148 2.4175469875335693
   vertex 9.9358463287353516 0.4934898316860199 2.5527372360229492
  endloop
 endfacet
 facet normal 0.00054779754407305293 0.14122215218496617 -0.98997777937188924
  outer loop
   vertex 13.227485656738281 0.15222343802452087 -2.5955400466918945
   vertex 13.517623901367188 0.58145427703857422 -2.5341489315032959
   vertex 13.739781379699707 0.14887411892414093 -2.5957343578338623
  endloop
 endfacet
 facet normal 0.027332943839091434 -0.74205217205775165 0.66978465503881346
  outer loop
   vertex 10.42549991607666 -1.8863821029663086 1.7892910242080688
   vertex 10.822851181030273 -2.0862035751342773 1.5516941547393799
   vertex 10.854734420776367 -1.7499163150787354 1.9229645729064941
  endloop
 endfacet
 facet normal 0.013509979346137433 -0.49696746144227111 -0.86766400335941785
  outer loop
   vertex 10.234220504760742 -1.2880269289016724 -2.2585363388061523
   vertex 10.753017425537109 -1.1231369972229004 -2.3449015617370605
   vertex 10.642379760742188 -1.4364187717437744 -2.1671874523162842
  endloop
 endfacet
 facet normal 0.0012389577815162239 0.14156994598825962 -0.98992747985723528
  outer loop
   vertex 13.739781379699707 0.14887411892414093 -2.5957343578338623
   vertex 13.517623901367188 0.58145427703857422 -2.5341489315032959
   vertex 13.98598575592041 0.58812844753265381 -2.5326082706451416
  endloop
 endfacet
 facet normal -0.0012162125042349192 0.14348583887025457 -0.98965162298196829
  outer loop
   vertex 1.3553798198699951 0.16716842353343964 -2.5946202278137207
   vertex 1.0781171321868896 0.58068615198135376 -2.534325122833252
   vertex 1.5565847158432007 0.57357281446456909 -2.5359444618225098
  endloop
 endfacet
 facet normal -0.023381850685616695 -0.36173782568521823 -0.93198660640968778
  outer loop
   vertex 12.507482528686523 -1.0020344257354736 -2.3991513252258301
   vertex 12.057693481445312 -1.1629822254180908 -2.325397253036499
   vertex 12.086034774780273 -0.7172771692276001 -2.4991025924682617
  endloop
 endfacet
 facet normal 0.038293394195050429 -0.98667547132663969 -0.15813010543023112
  outer loop
   vertex 15.079999923706055 -2.5992851257324219 -0.060969952493906021
   vertex 14.481781005859375 -2.5555689334869385 -0.47861039638519287
   vertex 15.079999923706055 -2.488156795501709 -0.75437110662460327
  endloop
 endfacet
 facet normal -0.024420986099161743 -0.57192247682269282 -0.81994408098536864
  outer loop
   vertex 10.234220504760742 -1.2880269289016724 -2.2585363388061523
   vertex 10.642379760742188 -1.4364187717437744 -2.1671874523162842
   vertex 10.38782787322998 -1.6392881870269775 -2.018101692199707
  endloop
 endfacet
 facet normal 0.00046237638988669359 0.14458802987883168 -0.98949183312639444
  outer loop
   vertex 1.3553798198699951 0.16716842353343964 -2.5946202278137207
   vertex 0.85386776924133301 0.17005465924739838 -2.5944328308105469
   vertex 1.0781171321868896 0.58068615198135376 -2.534325122833252
  endloop
 endfacet
 facet normal 0.0011663598440006659 0.29590668373911833 -0.95521614000352384
  outer loop
   vertex 1.5565847158432007 0.57357281446456909 -2.5359444618225098
   vertex 1.0781171321868896 0.58068615198135376 -2.534325122833252
   vertex 1.2956854104995728 0.95679998397827148 -2.4175469875335693
  endloop
 endfacet
 facet normal 0.027460604933681115 -0.85473852046028365 0.5183319176146125
  outer loop
   vertex 10.888283729553223 -2.3482732772827148 1.116070032119751
   vertex 10.822851181030273 -2.0862035751342773 1.5516941547393799
   vertex 10.402013778686523 -2.2272377014160156 1.3414218425750732
  endloop
 endfacet
 facet normal -0.0073736943632721737 -0.97282073837758176 0.23144208695467117
  outer loop
   vertex 13.898285865783691 -2.47110915184021 0.80846738815307617
   vertex 13.656144142150879 -2.5734610557556152 0.37053695321083069
   vertex 14.144619941711426 -2.5668363571166992 0.41394528746604919
  endloop
 endfacet
 facet normal -0.013062158968048894 -0.89870420734034517 0.43836072783936203
  outer loop
   vertex 13.168216705322266 -2.3724033832550049 1.0638151168823242
   vertex 12.78139591217041 -2.2510957717895508 1.3009872436523438
   vertex 12.783889770507812 -2.4108719825744629 0.97349673509597778
  endloop
 endfacet
 facet normal -0.013795693620820899 -0.87652636342576462 0.48115612129237734
  outer loop
   vertex 13.584543228149414 -2.333571195602417 1.1464929580688477
   vertex 13.222672462463379 -2.1764547824859619 1.4223377704620361
   vertex 13.168216705322266 -2.3724033832550049 1.0638151168823242
  endloop
 endfacet
 facet normal 0.027684378591730129 -0.93985682583533281 0.34044488851020038
  outer loop
   vertex 9.7138767242431641 -2.4766848087310791 0.7912217378616333
   vertex 10.222037315368652 -2.5275673866271973 0.60942888259887695
   vertex 10.036946296691895 -2.3535277843475342 1.104946494102478
  endloop
 endfacet
 facet normal -0.015958825761366674 -0.67718938889666702 -0.73563567575674116
  outer loop
   vertex 9.8227243423461914 -1.5532468557357788 -2.085047721862793
   vertex 10.38782787322998 -1.6392881870269775 -2.018101692199707
   vertex 10.127960205078125 -1.9148275852203369 -1.7588163614273071
  endloop
 endfacet
 facet normal 0.014143895543989897 -0.89860933707344104 0.43852161810254198
  outer loop
   vertex 12.783889770507812 -2.4108719825744629 0.97349673509597778
   vertex 12.78139591217041 -2.2510957717895508 1.3009872436523438
   vertex 12.364658355712891 -2.3580725193023682 1.0952140092849731
  endloop
 endfacet
 facet normal 0.00081788158371097616 0.14180126616850142 -0.98989480854418299
  outer loop
   vertex 13.739781379699707 0.14887411892414093 -2.5957343578338623
   vertex 13.98598575592041 0.58812844753265381 -2.5326082706451416
   vertex 14.254802703857422 0.14397624135017395 -2.5960104465484619
  endloop
 endfacet
 facet normal 0.017279737899786558 -0.87846436886330614 0.47749530185720984
  outer loop
   vertex 13.168216705322266 -2.3724033832550049 1.0638151168823242
   vertex 13.222672462463379 -2.1764547824859619 1.4223377704620361
   vertex 12.78139591217041 -2.2510957717895508 1.3009872436523438
  endloop
 endfacet
 facet normal 0.002629405137434902 -0.54772917847641744 0.83665156025323484
  outer loop
   vertex 9.8001861572265625 -1.2410717010498047 2.2846753597259521
   vertex 10.065424919128418 -1.6041300296783447 2.046159029006958
   vertex 10.36681079864502 -1.2256937026977539 2.2929620742797852
  endloop
 endfacet
 facet normal 0.032110292128929178 -0.90138940002251566 0.43181718199539509
  outer loop
   vertex 10.036946296691895 -2.3535277843475342 1.104946494102478
   vertex 10.525108337402344 -2.4541096687316895 0.85868841409683228
   vertex 10.402013778686523 -2.2272377014160156 1.3414218425750732
  endloop
 endfacet
 facet normal 0.015212796131183622 -0.66230489355398814 0.74907996823323963
  outer loop
   vertex 10.42549991607666 -1.8863821029663086 1.7892910242080688
   vertex 10.594622611999512 -1.5223879814147949 2.1076846122741699
   vertex 10.065424919128418 -1.6041300296783447 2.046159029006958
  endloop
 endfacet
 facet normal 0.027495255193332825 -0.36450823934618698 -0.93079415253352149
  outer loop
   vertex 12.086034774780273 -0.7172771692276001 -2.4991025924682617
   vertex 12.057693481445312 -1.1629822254180908 -2.325397253036499
   vertex 11.672314643859863 -0.96118795871734619 -2.4158058166503906
  endloop
 endfacet
 facet normal -0.037989570486784752 -0.063327688551636757 0.9972694703022531
  outer loop
   vertex 10.222559928894043 0.086838603019714355 2.5985493659973145
   vertex 10.125439643859863 -0.45001646876335144 2.5607588291168213
   vertex 10.508675575256348 -0.24673311412334442 2.5882663726806641
  endloop
 endfacet
 facet normal -0.00342213080563634 0.2831241401147534 0.95907716598041814
  outer loop
   vertex 9.9358463287353516 0.4934898316860199 2.5527372360229492
   vertex 10.520088195800781 0.51486212015151978 2.5485126972198486
   vertex 10.378964424133301 0.95679998397827148 2.4175469875335693
  endloop
 endfacet
 facet normal -0.037067837044354304 -0.73906702023319759 0.67261126593335863
  outer loop
   vertex 10.822851181030273 -2.0862035751342773 1.5516941547393799
   vertex 11.162820816040039 -1.93656325340271 1.7348551750183105
   vertex 10.854734420776367 -1.7499163150787354 1.9229645729064941
  endloop
 endfacet
 facet normal 0.0081557503186753325 -0.50036407465410226 -0.86577668976028876
  outer loop
   vertex 13.974270820617676 -1.0962915420532227 -2.3575718402862549
   vertex 13.630595207214355 -1.4673902988433838 -2.1463377475738525
   vertex 13.394606590270996 -1.1517493724822998 -2.3309812545776367
  endloop
 endfacet
 facet normal 0.0088325913111178284 -0.99111215233617711 -0.13273540154111607
  outer loop
   vertex 12.525196075439453 -2.5653455257415771 -0.42308619618415833
   vertex 12.577070236206055 -2.5876591205596924 -0.25302261114120483
   vertex 12.413863182067871 -2.5811855792999268 -0.31221967935562134
  endloop
 endfacet
 facet normal 0.00054397903373827865 0.14163883686233469 -0.98991825115970855
  outer loop
   vertex 14.254802703857422 0.14397624135017395 -2.5960104465484619
   vertex 13.98598575592041 0.58812844753265381 -2.5326082706451416
   vertex 14.412186622619629 0.59074068069458008 -2.5320003032684326
  endloop
 endfacet
 facet normal -0.0004659265333820168 0.29817046159463606 -0.95451252414251075
  outer loop
   vertex 13.98598575592041 0.58812844753265381 -2.5326082706451416
   vertex 14.19959545135498 0.95679998397827148 -2.4175469875335693
   vertex 14.412186622619629 0.59074068069458008 -2.5320003032684326
  endloop
 endfacet
 facet normal 0.014133221948816244 -0.16019929558801707 0.98698350428487336
  outer loop
   vertex 10.125439643859863 -0.45001646876335144 2.5607588291168213
   vertex 10.579061508178711 -0.59870064258575439 2.5301299095153809
   vertex 10.508675575256348 -0.24673311412334442 2.5882663726806641
  endloop
 endfacet
 facet normal -0.029682605928842982 -0.65024717305668212 0.75914264590857117
  outer loop
   vertex 10.42549991607666 -1.8863821029663086 1.7892910242080688
   vertex 10.854734420776367 -1.7499163150787354 1.9229645729064941
   vertex 10.594622611999512 -1.5223879814147949 2.1076846122741699
  endloop
 endfacet
 facet normal -0.008056510756515263 -0.9288190796962873 0.37044596073728742
  outer loop
   vertex 13.584543228149414 -2.333571195602417 1.1464929580688477
   vertex 13.458181381225586 -2.4858527183532715 0.76192939281463623
   vertex 13.898285865783691 -2.47110915184021 0.80846738815307617
  endloop
 endfacet
 facet normal -0.028985011643106687 -0.98067905642758335 0.19346435688351959
  outer loop
   vertex 9.7138767242431641 -2.4766848087310791 0.7912217378616333
   vertex 9.936884880065918 -2.5857644081115723 0.27170389890670776
   vertex 10.222037315368652 -2.5275673866271973 0.60942888259887695
  endloop
 endfacet
 facet normal 0.0013964544845804696 -0.98200522243386357 -0.188848598161306
  outer loop
   vertex 12.596339225769043 -2.5385012626647949 -0.56214922666549683
   vertex 12.680144309997559 -2.5665907859802246 -0.41546511650085449
   vertex 12.525196075439453 -2.5653455257415771 -0.42308619618415833
  endloop
 endfacet
 facet normal 0.0030116901479478255 0.11404494330887931 0.99347102656701936
  outer loop
   vertex 9.9358463287353516 0.4934898316860199 2.5527372360229492
   vertex 10.222559928894043 0.086838603019714355 2.5985493659973145
   vertex 10.520088195800781 0.51486212015151978 2.5485126972198486
  endloop
 endfacet
 facet normal -0.0023723928101082176 -0.40522626482058793 0.91421334821359357
  outer loop
   vertex 9.8001861572265625 -1.2410717010498047 2.2846753597259521
   vertex 10.36681079864502 -1.2256937026977539 2.2929620742797852
   vertex 10.201355934143066 -0.87081879377365112 2.449831485748291
  endloop
 endfacet
 facet normal 0.014235753273748635 0.26265042104407454 0.96478603827693277
  outer loop
   vertex 15.079999923706055 0.95679998397827148 2.4175469875335693
   vertex 14.667518615722656 0.45888179540634155 2.5591850280761719
   vertex 15.079999923706055 0.40070503950119019 2.5689365863800049
  endloop
 endfacet
 facet normal -0.019385412653040592 -0.25812206390720732 0.96591780494023138
  outer loop
   vertex 10.201355934143066 -0.87081879377365112 2.449831485748291
   vertex 10.579061508178711 -0.59870064258575439 2.5301299095153809
   vertex 10.125439643859863 -0.45001646876335144 2.5607588291168213
  endloop
 endfacet
 facet normal -0.02235582042648011 -0.85419622834912079 0.51946994212100051
  outer loop
   vertex 14.001483917236328 -2.2603757381439209 1.2847961187362671
   vertex 13.601596832275391 -2.094041109085083 1.5411008596420288
   vertex 13.584543228149414 -2.333571195602417 1.1464929580688477
  endloop
 endfacet
 facet normal 0.011886230509878928 -0.4965447612538349 -0.86792973079370783
  outer loop
   vertex 10.753017425537109 -1.1231369972229004 -2.3449015617370605
   vertex 11.051691055297852 -1.4882321357727051 -2.1319394111633301
   vertex 10.642379760742188 -1.4364187717437744 -2.1671874523162842
  endloop
 endfacet
 facet normal -0.021470008329008982 -0.9908884543167229 -0.13296281376448058
  outer loop
   vertex 9.8764047622680664 -2.5327470302581787 -0.58753049373626709
   vertex 10.295668601989746 -2.5588266849517822 -0.46087530255317688
   vertex 10.127348899841309 -2.5946474075317383 -0.16674670577049255
  endloop
 endfacet
 facet normal 0.020474110461471177 -0.46322701753184348 -0.88600312698622263
  outer loop
   vertex 12.057693481445312 -1.1629822254180908 -2.325397253036499
   vertex 12.507482528686523 -1.0020344257354736 -2.3991513252258301
   vertex 12.447575569152832 -1.3858672380447388 -2.199857234954834
  endloop
 endfacet
 facet normal 0.0090968158713466574 -0.9748211167258013 0.22280268922628532
  outer loop
   vertex 13.898285865783691 -2.47110915184021 0.80846738815307617
   vertex 13.458181381225586 -2.4858527183532715 0.76192939281463623
   vertex 13.656144142150879 -2.5734610557556152 0.37053695321083069
  endloop
 endfacet
 facet normal 0.023615223288660132 -0.85505268865388218 0.51800310892386936
  outer loop
   vertex 13.584543228149414 -2.333571195602417 1.1464929580688477
   vertex 13.601596832275391 -2.094041109085083 1.5411008596420288
   vertex 13.222672462463379 -2.1764547824859619 1.4223377704620361
  endloop
 endfacet
 facet normal 0 0.28413052604750727 0.958785609074295
  outer loop
   vertex 10.520088195800781 0.51486212015151978 2.5485126972198486
   vertex 10.934267044067383 0.95679998397827148 2.4175469875335693
   vertex 10.378964424133301 0.95679998397827148 2.4175469875335693
  endloop
 endfacet
 facet normal -0.017918965397381099 -0.45853024933341446 -0.88849812668644623
  outer loop
   vertex 12.507482528686523 -1.0020344257354736 -2.3991513252258301
   vertex 12.908932685852051 -1.264401912689209 -2.2718467712402344
   vertex 12.447575569152832 -1.3858672380447388 -2.199857234954834
  endloop
 endfacet
 facet normal -0.026586525063726982 -0.85834508978248258 0.51238351215797118
  outer loop
   vertex 10.822851181030273 -2.0862035751342773 1.5516941547393799
   vertex 10.888283729553223 -2.3482732772827148 1.116070032119751
   vertex 11.308232307434082 -2.2563939094543457 1.2917766571044922
  endloop
 endfacet
 facet normal 0.01423899938167526 -0.94034530851289466 0.33992344969771909
  outer loop
   vertex 13.168216705322266 -2.3724033832550049 1.0638151168823242
   vertex 12.783889770507812 -2.4108719825744629 0.97349673509597778
   vertex 13.042087554931641 -2.4972074031829834 0.72384762763977051
  endloop
 endfacet
 facet normal 0.035059233956632282 -0.80483321785901163 0.5924646331597212
  outer loop
   vertex 11.308232307434082 -2.2563939094543457 1.2917766571044922
   vertex 11.162820816040039 -1.93656325340271 1.7348551750183105
   vertex 10.822851181030273 -2.0862035751342773 1.5516941547393799
  endloop
 endfacet
 facet normal -0.03201872309283222 -0.90768709184727669 0.41842435955060997
  outer loop
   vertex 10.402013778686523 -2.2272377014160156 1.3414218425750732
   vertex 10.525108337402344 -2.4541096687316895 0.85868841409683228
   vertex 10.888283729553223 -2.3482732772827148 1.116070032119751
  endloop
 endfacet
 facet normal -0.015350640791581669 -0.51339739925018713 -0.85801367603927592
  outer loop
   vertex 13.394606590270996 -1.1517493724822998 -2.3309812545776367
   vertex 13.630595207214355 -1.4673902988433838 -2.1463377475738525
   vertex 13.182576179504395 -1.5398175716400146 -2.0949850082397461
  endloop
 endfacet
 facet normal 0.018777555758346387 -0.52697291935011326 -0.84967461164339919
  outer loop
   vertex 13.394606590270996 -1.1517493724822998 -2.3309812545776367
   vertex 13.182576179504395 -1.5398175716400146 -2.0949850082397461
   vertex 12.908932685852051 -1.264401912689209 -2.2718467712402344
  endloop
 endfacet
 facet normal -0.031548595775703021 -0.85924312482094056 0.5105937118223518
  outer loop
   vertex 12.364658355712891 -2.3580725193023682 1.0952140092849731
   vertex 12.78139591217041 -2.2510957717895508 1.3009872436523438
   vertex 12.460780143737793 -2.1081068515777588 1.5218032598495483
  endloop
 endfacet
 facet normal -0.014922737930633298 -0.5378367449435052 0.84291692810218766
  outer loop
   vertex 10.065424919128418 -1.6041300296783447 2.046159029006958
   vertex 10.594622611999512 -1.5223879814147949 2.1076846122741699
   vertex 10.36681079864502 -1.2256937026977539 2.2929620742797852
  endloop
 endfacet
 facet normal -0.033671869119776751 -0.94682752528707381 0.31997475304894946
  outer loop
   vertex 10.036946296691895 -2.3535277843475342 1.104946494102478
   vertex 10.222037315368652 -2.5275673866271973 0.60942888259887695
   vertex 10.525108337402344 -2.4541096687316895 0.85868841409683228
  endloop
 endfacet
 facet normal 0.014580975903591729 -0.93129021984031068 0.36398615574151294
  outer loop
   vertex 13.584543228149414 -2.333571195602417 1.1464929580688477
   vertex 13.168216705322266 -2.3724033832550049 1.0638151168823242
   vertex 13.458181381225586 -2.4858527183532715 0.76192939281463623
  endloop
 endfacet
 facet normal -0.015686419181466058 -0.51333520689116019 -0.85804481329314786
  outer loop
   vertex 10.753017425537109 -1.1231369972229004 -2.3449015617370605
   vertex 11.32426643371582 -1.2431603670120239 -2.2835395336151123
   vertex 11.051691055297852 -1.4882321357727051 -2.1319394111633301
  endloop
 endfacet
 facet normal -0.01448275996174034 -0.99979760029364961 0.013964530459353482
  outer loop
   vertex 9.936884880065918 -2.5857644081115723 0.27170389890670776
   vertex 10.127348899841309 -2.5946474075317383 -0.16674670577049255
   vertex 10.40583610534668 -2.5938577651977539 0.17861011624336243
  endloop
 endfacet
 facet normal 0.035676338419009142 -0.81196984863697486 0.58260807047401986
  outer loop
   vertex 14.001483917236328 -2.2603757381439209 1.2847961187362671
   vertex 13.944944381713867 -1.954221248626709 1.714940071105957
   vertex 13.601596832275391 -2.094041109085083 1.5411008596420288
  endloop
 endfacet
 facet normal -0.02900371315437815 -0.45429976391883725 -0.89037661083754183
  outer loop
   vertex 11.672314643859863 -0.96118795871734619 -2.4158058166503906
   vertex 12.057693481445312 -1.1629822254180908 -2.325397253036499
   vertex 11.701006889343262 -1.3842090368270874 -2.2009010314941406
  endloop
 endfacet
 facet normal -0.017607740844457421 -0.82179901462983707 0.56950535292987658
  outer loop
   vertex 13.222672462463379 -2.1764547824859619 1.4223377704620361
   vertex 12.879490852355957 -2.0226283073425293 1.6336997747421265
   vertex 12.78139591217041 -2.2510957717895508 1.3009872436523438
  endloop
 endfacet
 facet normal 0.014183611271027678 -0.60361222069224085 -0.79715187524228648
  outer loop
   vertex 10.642379760742188 -1.4364187717437744 -2.1671874523162842
   vertex 10.843833923339844 -1.7269999980926514 -1.9435716867446899
   vertex 10.38782787322998 -1.6392881870269775 -2.018101692199707
  endloop
 endfacet
 facet normal 0.023694421631683931 -0.68998922151871478 0.7234317165922004
  outer loop
   vertex 10.854734420776367 -1.7499163150787354 1.9229645729064941
   vertex 11.162820816040039 -1.93656325340271 1.7348551750183105
   vertex 11.271872520446777 -1.6174405813217163 2.035653829574585
  endloop
 endfacet
 facet normal -0.0062350686241565657 -0.70870750076823152 -0.70547487713886681
  outer loop
   vertex 13.789668083190918 -1.742456316947937 -1.9297268390655518
   vertex 14.036871910095215 -1.915605902671814 -1.7579686641693115
   vertex 13.588534355163574 -1.9521706104278564 -1.7172739505767822
  endloop
 endfacet
 facet normal 0.026679136785307787 -0.45132718056539817 -0.89195964019863538
  outer loop
   vertex 11.672314643859863 -0.96118795871734619 -2.4158058166503906
   vertex 11.701006889343262 -1.3842090368270874 -2.2009010314941406
   vertex 11.32426643371582 -1.2431603670120239 -2.2835395336151123
  endloop
 endfacet
 facet normal 0.00037369798040951761 -0.030492064332720226 0.99953493904042634
  outer loop
   vertex 10.222559928894043 0.086838603019714355 2.5985493659973145
   vertex 10.508675575256348 -0.24673311412334442 2.5882663726806641
   vertex 10.716442108154297 0.089702732861042023 2.598452091217041
  endloop
 endfacet
 facet normal 0.01433270037611295 -0.98732936393975435 0.15803575798612352
  outer loop
   vertex 9.936884880065918 -2.5857644081115723 0.27170389890670776
   vertex 10.40583610534668 -2.5938577651977539 0.17861011624336243
   vertex 10.222037315368652 -2.5275673866271973 0.60942888259887695
  endloop
 endfacet
 facet normal -0.009589313320958099 -0.31741651132496773 0.94823773570150605
  outer loop
   vertex 12.190682411193848 -0.75019508600234985 2.4894192218780518
   vertex 12.155865669250488 -0.90937215089797974 2.4357836246490479
   vertex 12.298479080200195 -0.85272544622421265 2.4561879634857178
  endloop
 endfacet
 facet normal -0.0097746416335927795 -0.61408611411671443 -0.78917849744526636
  outer loop
   vertex 10.642379760742188 -1.4364187717437744 -2.1671874523162842
   vertex 11.051691055297852 -1.4882321357727051 -2.1319394111633301
   vertex 10.843833923339844 -1.7269999980926514 -1.9435716867446899
  endloop
 endfacet
 facet normal -0.0004796404199616639 0.11643988058442688 0.9931976259307872
  outer loop
   vertex 10.222559928894043 0.086838603019714355 2.5985493659973145
   vertex 10.716442108154297 0.089702732861042023 2.598452091217041
   vertex 10.520088195800781 0.51486212015151978 2.5485126972198486
  endloop
 endfacet
 facet normal 0.00511191044836962 -0.68784420109183131 -0.7258403566872732
  outer loop
   vertex 10.127960205078125 -1.9148275852203369 -1.7588163614273071
   vertex 10.38782787322998 -1.6392881870269775 -2.018101692199707
   vertex 10.614894866943359 -1.9369546175003052 -1.7344182729721069
  endloop
 endfacet
 facet normal -0.0091458067185756428 -0.78992047336929616 -0.61314109303772302
  outer loop
   vertex 10.127960205078125 -1.9148275852203369 -1.7588163614273071
   vertex 10.412154197692871 -2.1600427627563477 -1.4471404552459717
   vertex 9.9373226165771484 -2.1897401809692383 -1.4017980098724365
  endloop
 endfacet
 facet normal -0.034081949322873194 0.093471898140106424 -0.99503840377567276
  outer loop
   vertex 1.7816180998488258e-14 0.50046759843826294 -2.5513784885406494
   vertex 0.36862611770629883 0.19621184468269348 -2.5925858020782471
   vertex 1.8155334684634775e-14 -0.016562098637223244 -2.5999472141265869
  endloop
 endfacet
 facet normal 0.018521847803762606 -0.82675539427519162 0.56225657772124538
  outer loop
   vertex 12.78139591217041 -2.2510957717895508 1.3009872436523438
   vertex 12.879490852355957 -2.0226283073425293 1.6336997747421265
   vertex 12.460780143737793 -2.1081068515777588 1.5218032598495483
  endloop
 endfacet
 facet normal 0.02137869188938633 -0.5430456113290435 -0.83943100702163975
  outer loop
   vertex 11.32426643371582 -1.2431603670120239 -2.2835395336151123
   vertex 11.441089630126953 -1.5975373983383179 -2.0513103008270264
   vertex 11.051691055297852 -1.4882321357727051 -2.1319394111633301
  endloop
 endfacet
 facet normal -0.033272995748817438 -0.8155286427668349 0.5777594140996607
  outer loop
   vertex 11.162820816040039 -1.93656325340271 1.7348551750183105
   vertex 11.308232307434082 -2.2563939094543457 1.2917766571044922
   vertex 11.561766624450684 -2.0391154289245605 1.6130741834640503
  endloop
 endfacet
 facet normal -0.0061262663912974727 -0.93798797902261721 0.34661364668629113
  outer loop
   vertex 13.168216705322266 -2.3724033832550049 1.0638151168823242
   vertex 13.042087554931641 -2.4972074031829834 0.72384762763977051
   vertex 13.458181381225586 -2.4858527183532715 0.76192939281463623
  endloop
 endfacet
 facet normal 0.0066307063671499512 -0.99696757214346676 0.077535113512742782
  outer loop
   vertex 14.144619941711426 -2.5668363571166992 0.41394528746604919
   vertex 13.656144142150879 -2.5734610557556152 0.37053695321083069
   vertex 13.832502365112305 -2.5999581813812256 0.014747771434485912
  endloop
 endfacet
 facet normal -0.020253823645667322 -0.78997134575821759 0.61280915096682509
  outer loop
   vertex 13.222672462463379 -2.1764547824859619 1.4223377704620361
   vertex 13.601596832275391 -2.094041109085083 1.5411008596420288
   vertex 13.247600555419922 -1.923065185546875 1.7498058080673218
  endloop
 endfacet
 facet normal 0.019136008684105019 -0.86450647763478372 0.50225726804013593
  outer loop
   vertex 12.364658355712891 -2.3580725193023682 1.0952140092849731
   vertex 12.460780143737793 -2.1081068515777588 1.5218032598495483
   vertex 11.924050331115723 -2.1893875598907471 1.4023488759994507
  endloop
 endfacet
 facet normal -0.024684145216725101 -0.55362372439169327 -0.83240102400561122
  outer loop
   vertex 11.32426643371582 -1.2431603670120239 -2.2835395336151123
   vertex 11.701006889343262 -1.3842090368270874 -2.2009010314941406
   vertex 11.441089630126953 -1.5975373983383179 -2.0513103008270264
  endloop
 endfacet
 facet normal -0.0058454114661039636 -0.99224171380398796 -0.12418620113409135
  outer loop
   vertex 10.295668601989746 -2.5588266849517822 -0.46087530255317688
   vertex 10.609679222106934 -2.5903539657592773 -0.22375425696372986
   vertex 10.127348899841309 -2.5946474075317383 -0.16674670577049255
  endloop
 endfacet
 facet normal 0.0054304800814722262 -0.28994384414360819 0.95702825304653971
  outer loop
   vertex 10.201355934143066 -0.87081879377365112 2.449831485748291
   vertex 10.691012382507324 -0.91510343551635742 2.4336364269256592
   vertex 10.579061508178711 -0.59870064258575439 2.5301299095153809
  endloop
 endfacet
 facet normal -0.014891871668403332 -0.88158088537083734 -0.47179802321224512
  outer loop
   vertex 9.8260116577148438 -2.3890979290008545 -1.0257735252380371
   vertex 9.9373226165771484 -2.1897401809692383 -1.4017980098724365
   vertex 10.293055534362793 -2.3450758457183838 -1.1227730512619019
  endloop
 endfacet
 facet normal -0.016707382070826324 -0.69645254636434473 -0.71740833145912086
  outer loop
   vertex 10.38782787322998 -1.6392881870269775 -2.018101692199707
   vertex 10.843833923339844 -1.7269999980926514 -1.9435716867446899
   vertex 10.614894866943359 -1.9369546175003052 -1.7344182729721069
  endloop
 endfacet
 facet normal 0.02141814707493972 -0.79148742924994164 0.61081004601692235
  outer loop
   vertex 13.222672462463379 -2.1764547824859619 1.4223377704620361
   vertex 13.247600555419922 -1.923065185546875 1.7498058080673218
   vertex 12.879490852355957 -2.0226283073425293 1.6336997747421265
  endloop
 endfacet
 facet normal 0.012894936051423745 -0.97008170422482598 -0.24243598691713836
  outer loop
   vertex 9.8764047622680664 -2.5327470302581787 -0.58753049373626709
   vertex 10.23420238494873 -2.4785540103912354 -0.78534716367721558
   vertex 10.295668601989746 -2.5588266849517822 -0.46087530255317688
  endloop
 endfacet
 facet normal -0.0069145655131441228 -0.62113259840119617 -0.78367498619462328
  outer loop
   vertex 13.630595207214355 -1.4673902988433838 -2.1463377475738525
   vertex 13.789668083190918 -1.742456316947937 -1.9297268390655518
   vertex 13.391226768493652 -1.7708326578140259 -1.903720498085022
  endloop
 endfacet
 facet normal 0.0056425689905059973 -0.86036069547537186 -0.50965442713305453
  outer loop
   vertex 14.202795028686523 -2.1192820072174072 -1.5062016248703003
   vertex 14.037599563598633 -2.3341705799102783 -1.1452716588973999
   vertex 13.804438591003418 -2.1359663009643555 -1.4824467897415161
  endloop
 endfacet
 facet normal -0.0047659891736968772 -0.77897385799860597 -0.62703828742905654
  outer loop
   vertex 14.202795028686523 -2.1192820072174072 -1.5062016248703003
   vertex 13.804438591003418 -2.1359663009643555 -1.4824467897415161
   vertex 14.036871910095215 -1.915605902671814 -1.7579686641693115
  endloop
 endfacet
 facet normal 0.023467978437384362 -0.90785021152264378 0.41863736983976202
  outer loop
   vertex 10.888283729553223 -2.3482732772827148 1.116070032119751
   vertex 11.27786922454834 -2.4447023868560791 0.88511604070663452
   vertex 11.308232307434082 -2.2563939094543457 1.2917766571044922
  endloop
 endfacet
 facet normal -0.026605175351742269 -0.95081849141078933 -0.30860389018256718
  outer loop
   vertex 9.8764047622680664 -2.5327470302581787 -0.58753049373626709
   vertex 9.8260116577148438 -2.3890979290008545 -1.0257735252380371
   vertex 10.23420238494873 -2.4785540103912354 -0.78534716367721558
  endloop
 endfacet
 facet normal -0.044873711032572476 -0.34125383614351557 -0.93889944582766682
  outer loop
   vertex 1.7695417817132318e-14 -0.58173471689224243 -2.5340845584869385
   vertex 0.35356983542442322 -0.75569599866867065 -2.4877548217773438
   vertex 1.6174044999909924e-14 -1.1811634302139282 -2.3162152767181396
  endloop
 endfacet
 facet normal -0.03016958131901987 -0.78328707889757965 -0.62092765149824958
  outer loop
   vertex 1.3312378068929161e-14 -1.7679387331008911 -1.9064083099365234
   vertex 0.79368501901626587 -2.1451416015625 -1.4691383838653564
   vertex 8.9819017973008161e-15 -2.2595434188842773 -1.2862594127655029
  endloop
 endfacet
 facet normal -0.0049718128879466996 -0.7881059909857554 -0.61551947820436004
  outer loop
   vertex 10.127960205078125 -1.9148275852203369 -1.7588163614273071
   vertex 10.614894866943359 -1.9369546175003052 -1.7344182729721069
   vertex 10.412154197692871 -2.1600427627563477 -1.4471404552459717
  endloop
 endfacet
 facet normal -0.030778061090344342 -0.11569729352954332 -0.99280755800177989
  outer loop
   vertex 1.8155334684634775e-14 -0.016562098637223244 -2.5999472141265869
   vertex 0.50591325759887695 -0.28777074813842773 -2.5840256214141846
   vertex 1.7695417817132318e-14 -0.58173471689224243 -2.5340845584869385
  endloop
 endfacet
 facet normal 0.013015157335135218 -0.63067066790990689 -0.77594143742786004
  outer loop
   vertex 13.630595207214355 -1.4673902988433838 -2.1463377475738525
   vertex 13.391226768493652 -1.7708326578140259 -1.903720498085022
   vertex 13.182576179504395 -1.5398175716400146 -2.0949850082397461
  endloop
 endfacet
 facet normal 0.0051678146677428304 -0.7141110206619613 -0.70001338834388849
  outer loop
   vertex 13.789668083190918 -1.742456316947937 -1.9297268390655518
   vertex 13.588534355163574 -1.9521706104278564 -1.7172739505767822
   vertex 13.391226768493652 -1.7708326578140259 -1.903720498085022
  endloop
 endfacet
 facet normal -0.012108280008889166 -0.82384659880715083 0.56668348413299985
  outer loop
   vertex 11.308232307434082 -2.2563939094543457 1.2917766571044922
   vertex 11.924050331115723 -2.1893875598907471 1.4023488759994507
   vertex 11.561766624450684 -2.0391154289245605 1.6130741834640503
  endloop
 endfacet
 facet normal 0.016419254218994705 -0.7376592065931501 0.67497355727410269
  outer loop
   vertex 11.162820816040039 -1.93656325340271 1.7348551750183105
   vertex 11.561766624450684 -2.0391154289245605 1.6130741834640503
   vertex 11.562093734741211 -1.7872958183288574 1.8882726430892944
  endloop
 endfacet
 facet normal 0.0083732526049349679 -0.99995497236607234 -0.0044656333460776701
  outer loop
   vertex 10.127348899841309 -2.5946474075317383 -0.16674670577049255
   vertex 10.609679222106934 -2.5903539657592773 -0.22375425696372986
   vertex 10.40583610534668 -2.5938577651977539 0.17861011624336243
  endloop
 endfacet
 facet normal 0 0.23991397126138636 0.97079415243067402
  outer loop
   vertex -1.805051266334616e-14 0.27947214245796204 2.5849361419677734
   vertex 0.6944725513458252 0.95679998397827148 2.4175469875335693
   vertex -1.6881641077453116e-14 0.95679998397827148 2.4175469875335693
  endloop
 endfacet
 facet normal -0.026736608719871748 -0.68080764701711005 0.73197411260042966
  outer loop
   vertex 11.162820816040039 -1.93656325340271 1.7348551750183105
   vertex 11.562093734741211 -1.7872958183288574 1.8882726430892944
   vertex 11.271872520446777 -1.6174405813217163 2.035653829574585
  endloop
 endfacet
 facet normal -0.0050502010242948724 -0.16394843378419799 0.98645598306732507
  outer loop
   vertex 10.579061508178711 -0.59870064258575439 2.5301299095153809
   vertex 10.924850463867188 -0.2798084020614624 2.58489990234375
   vertex 10.508675575256348 -0.24673311412334442 2.5882663726806641
  endloop
 endfacet
 facet normal -0.0065842054853032361 -0.40685995802865921 0.91346681537483621
  outer loop
   vertex 10.201355934143066 -0.87081879377365112 2.449831485748291
   vertex 10.36681079864502 -1.2256937026977539 2.2929620742797852
   vertex 10.691012382507324 -0.91510343551635742 2.4336364269256592
  endloop
 endfacet
 facet normal -0.018767482170306313 -0.75940793958908803 0.65034403426343745
  outer loop
   vertex 12.460780143737793 -2.1081068515777588 1.5218032598495483
   vertex 12.879490852355957 -2.0226283073425293 1.6336997747421265
   vertex 12.60981559753418 -1.8540133237838745 1.8228095769882202
  endloop
 endfacet
 facet normal -0.0063553305338409699 0.03685531391659861 0.99930040308703694
  outer loop
   vertex 12.531411170959473 0.053883258253335953 2.5994415283203125
   vertex 12.408111572265625 0.17211927473545074 2.5942966938018799
   vertex 12.383725166320801 0.014349495060741901 2.5999603271484375
  endloop
 endfacet
 facet normal 0.0072742789936012815 -0.86973592996132154 -0.49346377475903791
  outer loop
   vertex 9.9373226165771484 -2.1897401809692383 -1.4017980098724365
   vertex 10.412154197692871 -2.1600427627563477 -1.4471404552459717
   vertex 10.293055534362793 -2.3450758457183838 -1.1227730512619019
  endloop
 endfacet
 facet normal 0.01977416063103556 -0.96528983182146033 0.26043141737016856
  outer loop
   vertex 10.222037315368652 -2.5275673866271973 0.60942888259887695
   vertex 10.691644668579102 -2.560387134552002 0.45212581753730774
   vertex 10.525108337402344 -2.4541096687316895 0.85868841409683228
  endloop
 endfacet
 facet normal -0.021179390077069118 -0.98946510272546495 0.14321397950077502
  outer loop
   vertex 10.222037315368652 -2.5275673866271973 0.60942888259887695
   vertex 10.40583610534668 -2.5938577651977539 0.17861011624336243
   vertex 10.691644668579102 -2.560387134552002 0.45212581753730774
  endloop
 endfacet
 facet normal -0.017942039904748852 -0.55281822212045395 -0.83310869428642786
  outer loop
   vertex 12.908932685852051 -1.264401912689209 -2.2718467712402344
   vertex 13.182576179504395 -1.5398175716400146 -2.0949850082397461
   vertex 12.789363861083984 -1.6222892999649048 -2.0317916870117188
  endloop
 endfacet
 facet normal -0.021554860065319089 -0.9421642000471252 0.33445778232405565
  outer loop
   vertex 12.581101417541504 -2.5064239501953125 0.69125866889953613
   vertex 12.783889770507812 -2.4108719825744629 0.97349673509597778
   vertex 12.364658355712891 -2.3580725193023682 1.0952140092849731
  endloop
 endfacet
 facet normal 0.019521011630547699 -0.63600930504404674 0.7714344392119844
  outer loop
   vertex 11.271872520446777 -1.6174405813217163 2.035653829574585
   vertex 11.562093734741211 -1.7872958183288574 1.8882726430892944
   vertex 11.615093231201172 -1.5009889602661133 2.1229772567749023
  endloop
 endfacet
 facet normal 0.0076080918210598468 -0.78404602734721407 -0.62065605929523793
  outer loop
   vertex 14.036871910095215 -1.915605902671814 -1.7579686641693115
   vertex 13.804438591003418 -2.1359663009643555 -1.4824467897415161
   vertex 13.588534355163574 -1.9521706104278564 -1.7172739505767822
  endloop
 endfacet
 facet normal -0.014989010864135333 -0.8853228563668154 0.46473516065369708
  outer loop
   vertex 11.924050331115723 -2.1893875598907471 1.4023488759994507
   vertex 11.987377166748047 -2.3932859897613525 1.0159637928009033
   vertex 12.364658355712891 -2.3580725193023682 1.0952140092849731
  endloop
 endfacet
 facet normal 0.019998008047914718 -0.61628604923775721 0.78726843274008673
  outer loop
   vertex 10.854734420776367 -1.7499163150787354 1.9229645729064941
   vertex 11.018500328063965 -1.4131439924240112 2.1824352741241455
   vertex 10.594622611999512 -1.5223879814147949 2.1076846122741699
  endloop
 endfacet
 facet normal 0.011682483558322297 -0.93051978196384155 -0.36605526215569467
  outer loop
   vertex 9.8260116577148438 -2.3890979290008545 -1.0257735252380371
   vertex 10.293055534362793 -2.3450758457183838 -1.1227730512619019
   vertex 10.23420238494873 -2.4785540103912354 -0.78534716367721558
  endloop
 endfacet
 facet normal 0.023357823742062554 -0.51863320333680896 -0.85467772433042544
  outer loop
   vertex 12.057693481445312 -1.1629822254180908 -2.325397253036499
   vertex 12.055393218994141 -1.5251204967498779 -2.1057083606719971
   vertex 11.701006889343262 -1.3842090368270874 -2.2009010314941406
  endloop
 endfacet
 facet normal 0.018650056238272088 -0.56124218058989606 -0.82744147232841059
  outer loop
   vertex 12.908932685852051 -1.264401912689209 -2.2718467712402344
   vertex 12.789363861083984 -1.6222892999649048 -2.0317916870117188
   vertex 12.447575569152832 -1.3858672380447388 -2.199857234954834
  endloop
 endfacet
 facet normal 0.035577323354458443 0.087248654357428831 -0.99555106668405025
  outer loop
   vertex 15.079999923706055 -0.037481158971786499 -2.5997297763824463
   vertex 14.704854011535645 0.25122725963592529 -2.5878341197967529
   vertex 15.079999923706055 0.48911049962043762 -2.5535800457000732
  endloop
 endfacet
 facet normal -0.034030235437951376 -0.33783822969896626 0.94058879093358649
  outer loop
   vertex -1.5947465380585293e-14 -1.2427407503128052 2.2837679386138916
   vertex 0.8847966194152832 -0.9243965744972229 2.4301216602325439
   vertex -1.7824488697634928e-14 -0.49436330795288086 2.5525681972503662
  endloop
 endfacet
 facet normal -0.021129338914542758 -0.51845236044656673 -0.85484542519944362
  outer loop
   vertex 12.447575569152832 -1.3858672380447388 -2.199857234954834
   vertex 12.055393218994141 -1.5251204967498779 -2.1057083606719971
   vertex 12.057693481445312 -1.1629822254180908 -2.325397253036499
  endloop
 endfacet
 facet normal -0.024016611853438403 -0.60279327290574336 0.79753587536527992
  outer loop
   vertex 10.854734420776367 -1.7499163150787354 1.9229645729064941
   vertex 11.271872520446777 -1.6174405813217163 2.035653829574585
   vertex 11.018500328063965 -1.4131439924240112 2.1824352741241455
  endloop
 endfacet
 facet normal -0.025338532412814547 -0.75394534368471133 0.65644830528481612
  outer loop
   vertex 13.944944381713867 -1.954221248626709 1.714940071105957
   vertex 13.550216674804688 -1.803545355796814 1.8727583885192871
   vertex 13.601596832275391 -2.094041109085083 1.5411008596420288
  endloop
 endfacet
 facet normal 0.037978201390273157 0.04521946656530957 0.9982549053536921
  outer loop
   vertex 15.079999923706055 0.40070503950119019 2.5689365863800049
   vertex 14.749687194824219 -0.0073925293982028961 2.5999894142150879
   vertex 15.079999923706055 -0.16680239140987396 2.5946438312530518
  endloop
 endfacet
 facet normal -0.018417395218565728 -0.96009368548981955 0.27907152243813571
  outer loop
   vertex -2.1997223294045526e-15 -2.5808460712432861 0.31501275300979614
   vertex 0.93766230344772339 -2.562492847442627 0.44003486633300781
   vertex -7.8037247074492361e-15 -2.3475751876831055 1.1175378561019897
  endloop
 endfacet
 facet normal -0.038306688777388451 -0.041760726179391923 0.99839302849322908
  outer loop
   vertex -1.7824488697634928e-14 -0.49436330795288086 2.5525681972503662
   vertex 0.69021999835968018 -0.22339791059494019 2.5903847217559814
   vertex -1.805051266334616e-14 0.27947214245796204 2.5849361419677734
  endloop
 endfacet
 facet normal 0 0.31385310325602689 0.94947155280006235
  outer loop
   vertex 10.934267044067383 0.95679998397827148 2.4175469875335693
   vertex 11.272015571594238 0.67252802848815918 2.5115146636962891
   vertex 11.409699440002441 0.95679998397827148 2.4175469875335693
  endloop
 endfacet
 facet normal -0.003928441408537404 -0.94632222584206904 0.32320088524849638
  outer loop
   vertex 13.042087554931641 -2.4972074031829834 0.72384762763977051
   vertex 12.783889770507812 -2.4108719825744629 0.97349673509597778
   vertex 12.581101417541504 -2.5064239501953125 0.69125866889953613
  endloop
 endfacet
 facet normal 0.027627756306342118 -0.16960891202345468 0.98512411606035577
  outer loop
   vertex 15.079999923706055 -0.16680239140987396 2.5946438312530518
   vertex 14.560311317443848 -0.48081552982330322 2.5551548004150391
   vertex 15.079999923706055 -0.7105216383934021 2.5010316371917725
  endloop
 endfacet
 facet normal 0.0070905783845771793 -0.52574136689724549 0.85061491806292
  outer loop
   vertex 10.594622611999512 -1.5223879814147949 2.1076846122741699
   vertex 10.836762428283691 -1.1844494342803955 2.3145365715026855
   vertex 10.36681079864502 -1.2256937026977539 2.2929620742797852
  endloop
 endfacet
 facet normal 0.019789613917626396 -0.59007340180679146 -0.80710702615028207
  outer loop
   vertex 11.701006889343262 -1.3842090368270874 -2.2009010314941406
   vertex 11.784937858581543 -1.6943495273590088 -1.9721003770828247
   vertex 11.441089630126953 -1.5975373983383179 -2.0513103008270264
  endloop
 endfacet
 facet normal 0.024514376208399382 -0.93627564447272227 0.35040970723754428
  outer loop
   vertex 10.888283729553223 -2.3482732772827148 1.116070032119751
   vertex 10.525108337402344 -2.4541096687316895 0.85868841409683228
   vertex 10.940346717834473 -2.5078704357147217 0.68599283695220947
  endloop
 endfacet
 facet normal -0.062808667861996736 -0.93472544631261945 -0.34977623026311538
  outer loop
   vertex 8.9819017973008161e-15 -2.2595434188842773 -1.2862594127655029
   vertex 0.51570016145706177 -2.4528534412384033 -0.86227017641067505
   vertex 3.5826876337049889e-15 -2.5488758087158203 -0.51306122541427612
  endloop
 endfacet
 facet normal 0.023411337057217669 -0.97904350374721183 -0.20230108024322707
  outer loop
   vertex 13.976521492004395 -2.5770809650421143 -0.34446066617965698
   vertex 13.703946113586426 -2.5404720306396484 -0.55317479372024536
   vertex 14.03431224822998 -2.4975507259368896 -0.72266232967376709
  endloop
 endfacet
 facet normal 0.027120939213508596 -0.68826637288098069 0.72495093255849818
  outer loop
   vertex 13.944944381713867 -1.954221248626709 1.714940071105957
   vertex 13.818985939025879 -1.6433290243148804 2.0148124694824219
   vertex 13.550216674804688 -1.803545355796814 1.8727583885192871
  endloop
 endfacet
 facet normal 0.0054139497854505149 -0.033601220489411707 0.99942065574478811
  outer loop
   vertex 10.508675575256348 -0.24673311412334442 2.5882663726806641
   vertex 10.924850463867188 -0.2798084020614624 2.58489990234375
   vertex 10.716442108154297 0.089702732861042023 2.598452091217041
  endloop
 endfacet
 facet normal 0.007651436905517779 -0.97499163735507444 0.22210979852530516
  outer loop
   vertex 13.458181381225586 -2.4858527183532715 0.76192939281463623
   vertex 13.241880416870117 -2.5668683052062988 0.41374796628952026
   vertex 13.656144142150879 -2.5734610557556152 0.37053695321083069
  endloop
 endfacet
 facet normal -0.049860112723864682 -0.60659326855109008 0.7934472734263246
  outer loop
   vertex -1.2556579887456568e-14 -1.877916693687439 1.7981736660003662
   vertex 0.59797888994216919 -1.5193570852279663 2.1098706722259521
   vertex -1.5947465380585293e-14 -1.2427407503128052 2.2837679386138916
  endloop
 endfacet
 facet normal -0.027825226114045587 -0.93825996082952401 0.34481009656894124
  outer loop
   vertex 10.888283729553223 -2.3482732772827148 1.116070032119751
   vertex 10.940346717834473 -2.5078704357147217 0.68599283695220947
   vertex 11.27786922454834 -2.4447023868560791 0.88511604070663452
  endloop
 endfacet
 facet normal -0.0021287259921339108 0.2955901069484157 -0.9553124919103041
  outer loop
   vertex 13.016053199768066 0.56795072555541992 -2.5372095108032227
   vertex 13.309604644775391 0.95679998397827148 -2.4175469875335693
   vertex 13.517623901367188 0.58145427703857422 -2.5341489315032959
  endloop
 endfacet
 facet normal 0.027569729443062411 -0.74983778921913957 0.66104704815723181
  outer loop
   vertex 13.601596832275391 -2.094041109085083 1.5411008596420288
   vertex 13.550216674804688 -1.803545355796814 1.8727583885192871
   vertex 13.247600555419922 -1.923065185546875 1.7498058080673218
  endloop
 endfacet
 facet normal 0.035119652130019878 -0.12656839996740304 -0.99133599256960203
  outer loop
   vertex 15.079999923706055 -0.6169126033782959 -2.5257511138916016
   vertex 14.611799240112305 -0.33342722058296204 -2.5785317420959473
   vertex 15.079999923706055 -0.037481158971786499 -2.5997297763824463
  endloop
 endfacet
 facet normal -0.020084360347667491 -0.63885290688464935 -0.76906669530961913
  outer loop
   vertex 11.051691055297852 -1.4882321357727051 -2.1319394111633301
   vertex 11.441089630126953 -1.5975373983383179 -2.0513103008270264
   vertex 11.231135368347168 -1.787941575050354 -1.8876612186431885
  endloop
 endfacet
 facet normal 0.015224549582918859 -0.76775632882572187 0.64056102959674899
  outer loop
   vertex 12.235393524169922 -1.914846658706665 1.7587957382202148
   vertex 12.460780143737793 -2.1081068515777588 1.5218032598495483
   vertex 12.60981559753418 -1.8540133237838745 1.8228095769882202
  endloop
 endfacet
 facet normal -0.019441570766341783 -0.78381599948571079 0.62068873380814116
  outer loop
   vertex 11.924050331115723 -2.1893875598907471 1.4023488759994507
   vertex 12.460780143737793 -2.1081068515777588 1.5218032598495483
   vertex 12.235393524169922 -1.914846658706665 1.7587957382202148
  endloop
 endfacet
 facet normal -0.005954426416459619 -0.29362835166609003 0.95590111199009808
  outer loop
   vertex 10.579061508178711 -0.59870064258575439 2.5301299095153809
   vertex 10.691012382507324 -0.91510343551635742 2.4336364269256592
   vertex 10.982028007507324 -0.63913601636886597 2.5202193260192871
  endloop
 endfacet
 facet normal 0.028876031948465462 -0.58099541557281165 -0.81339443191005856
  outer loop
   vertex 15.079999923706055 -1.772261381149292 -1.9023904800415039
   vertex 14.326191902160645 -1.5276929140090942 -2.1038427352905273
   vertex 15.079999923706055 -1.2247686386108398 -2.2934563159942627
  endloop
 endfacet
 facet normal -0.028216429432801244 -0.82274121611576412 0.56771535509832505
  outer loop
   vertex -7.8037247074492361e-15 -2.3475751876831055 1.1175378561019897
   vertex 0.82711261510848999 -2.0042645931243896 1.6561774015426636
   vertex -1.2556579887456568e-14 -1.877916693687439 1.7981736660003662
  endloop
 endfacet
 facet normal 0.013858413563908776 -0.62672327971666941 -0.77911865273183711
  outer loop
   vertex 11.051691055297852 -1.4882321357727051 -2.1319394111633301
   vertex 11.231135368347168 -1.787941575050354 -1.8876612186431885
   vertex 10.843833923339844 -1.7269999980926514 -1.9435716867446899
  endloop
 endfacet
 facet normal -0.0025777380334689 -0.78893382160286241 -0.61447276619695157
  outer loop
   vertex 10.614894866943359 -1.9369546175003052 -1.7344182729721069
   vertex 10.810372352600098 -2.1516661643981934 -1.4595658779144287
   vertex 10.412154197692871 -2.1600427627563477 -1.4471404552459717
  endloop
 endfacet
 facet normal -0.015904025975904131 -0.97131004278669053 -0.23728434996744929
  outer loop
   vertex 10.295668601989746 -2.5588266849517822 -0.46087530255317688
   vertex 10.23420238494873 -2.4785540103912354 -0.78534716367721558
   vertex 10.60106372833252 -2.5291721820831299 -0.60273349285125732
  endloop
 endfacet
 facet normal -0.0066895398253318814 0.31676544524256017 0.94848031226652652
  outer loop
   vertex 11.409699440002441 0.95679998397827148 2.4175469875335693
   vertex 11.272015571594238 0.67252802848815918 2.5115146636962891
   vertex 11.575067520141602 0.70915830135345459 2.5014185905456543
  endloop
 endfacet
 facet normal 0.038143473029482629 -0.3782509717898061 0.92491690318931707
  outer loop
   vertex 15.079999923706055 -0.7105216383934021 2.5010316371917725
   vertex 14.65958309173584 -1.0017843246459961 2.3992557525634766
   vertex 15.079999923706055 -1.2456140518188477 2.2822020053863525
  endloop
 endfacet
 facet normal 0.020771172977015695 -0.93257756146283854 -0.36037154469961191
  outer loop
   vertex 14.037599563598633 -2.3341705799102783 -1.1452716588973999
   vertex 14.03431224822998 -2.4975507259368896 -0.72266232967376709
   vertex 13.610752105712891 -2.4509334564208984 -0.86771279573440552
  endloop
 endfacet
 facet normal 0.0097913369033407836 -0.71105845224986108 -0.70306472476271853
  outer loop
   vertex 10.614894866943359 -1.9369546175003052 -1.7344182729721069
   vertex 10.843833923339844 -1.7269999980926514 -1.9435716867446899
   vertex 11.009980201721191 -1.9783384799957275 -1.6870616674423218
  endloop
 endfacet
 facet normal 0.021595341267473468 -0.98691055287379703 -0.15981615019101714
  outer loop
   vertex 10.609679222106934 -2.5903539657592773 -0.22375425696372986
   vertex 10.295668601989746 -2.5588266849517822 -0.46087530255317688
   vertex 10.60106372833252 -2.5291721820831299 -0.60273349285125732
  endloop
 endfacet
 facet normal 0.035337023207346364 -0.58362393955712732 0.81125482554291295
  outer loop
   vertex 15.079999923706055 -1.2456140518188477 2.2822020053863525
   vertex 14.576337814331055 -1.4310555458068848 2.1707324981689453
   vertex 15.079999923706055 -1.7678012847900391 1.9065358638763428
  endloop
 endfacet
 facet normal 0.0061944083131624762 -0.97480526376044208 0.22297158350468071
  outer loop
   vertex 13.458181381225586 -2.4858527183532715 0.76192939281463623
   vertex 13.042087554931641 -2.4972074031829834 0.72384762763977051
   vertex 13.241880416870117 -2.5668683052062988 0.41374796628952026
  endloop
 endfacet
 facet normal -0.024253381030759573 -0.9695922091528929 0.24352150101908768
  outer loop
   vertex 10.525108337402344 -2.4541096687316895 0.85868841409683228
   vertex 10.691644668579102 -2.560387134552002 0.45212581753730774
   vertex 10.940346717834473 -2.5078704357147217 0.68599283695220947
  endloop
 endfacet
 facet normal 0.0065337025289856901 -0.17614634685905337 0.98434230591774963
  outer loop
   vertex 10.924850463867188 -0.2798084020614624 2.58489990234375
   vertex 10.579061508178711 -0.59870064258575439 2.5301299095153809
   vertex 10.982028007507324 -0.63913601636886597 2.5202193260192871
  endloop
 endfacet
 facet normal -0.0061912664181834861 -0.40720227099867184 0.91331701983137448
  outer loop
   vertex 10.36681079864502 -1.2256937026977539 2.2929620742797852
   vertex 10.836762428283691 -1.1844494342803955 2.3145365715026855
   vertex 10.691012382507324 -0.91510343551635742 2.4336364269256592
  endloop
 endfacet
 facet normal -0.012829975953840738 -0.58046076808568026 0.81418713354511185
  outer loop
   vertex 14.085494995117188 -1.4241962432861328 2.175239086151123
   vertex 13.712478637695312 -1.3519977331161499 2.2208337783813477
   vertex 13.818985939025879 -1.6433290243148804 2.0148124694824219
  endloop
 endfacet
 facet normal -0.02221051014169689 -0.59740210759463463 -0.80163421526325473
  outer loop
   vertex 11.701006889343262 -1.3842090368270874 -2.2009010314941406
   vertex 12.055393218994141 -1.5251204967498779 -2.1057083606719971
   vertex 11.784937858581543 -1.6943495273590088 -1.9721003770828247
  endloop
 endfacet
 facet normal 0.013436917325844797 -0.93594079074310943 0.35190095975422059
  outer loop
   vertex 12.364658355712891 -2.3580725193023682 1.0952140092849731
   vertex 11.987377166748047 -2.3932859897613525 1.0159637928009033
   vertex 12.172347068786621 -2.4845468997955322 0.76617693901062012
  endloop
 endfacet
 facet normal 0.01411487067567402 0.27191899981789985 0.96221662216147663
  outer loop
   vertex 10.934267044067383 0.95679998397827148 2.4175469875335693
   vertex 10.520088195800781 0.51486212015151978 2.5485126972198486
   vertex 10.975669860839844 0.44442528486251831 2.5617349147796631
  endloop
 endfacet
 facet normal -0.0072355782682731662 -0.94096441430960398 0.33842815694044687
  outer loop
   vertex 11.987377166748047 -2.3932859897613525 1.0159637928009033
   vertex 11.847480773925781 -2.4969334602355957 0.7247917652130127
   vertex 12.172347068786621 -2.4845468997955322 0.76617693901062012
  endloop
 endfacet
 facet normal 0.041434508749076233 -0.77089718367334836 -0.63561050470333069
  outer loop
   vertex 15.079999923706055 -2.2053208351135254 -1.3771563768386841
   vertex 14.54541015625 -1.9850666522979736 -1.6791397333145142
   vertex 15.079999923706055 -1.772261381149292 -1.9023904800415039
  endloop
 endfacet
 facet normal 0.02135523448501973 -0.57203782410578541 0.81994919461659843
  outer loop
   vertex 13.818985939025879 -1.6433290243148804 2.0148124694824219
   vertex 13.712478637695312 -1.3519977331161499 2.2208337783813477
   vertex 13.497572898864746 -1.5271821022033691 2.1042134761810303
  endloop
 endfacet
 facet normal -0.011854544521606886 -0.64401122241638575 -0.76492418916905602
  outer loop
   vertex 13.182576179504395 -1.5398175716400146 -2.0949850082397461
   vertex 13.391226768493652 -1.7708326578140259 -1.903720498085022
   vertex 13.01573657989502 -1.8219058513641357 -1.8549013137817383
  endloop
 endfacet
 facet normal -0.020111899392130608 -0.6441881405058455 0.76460260994484053
  outer loop
   vertex 13.818985939025879 -1.6433290243148804 2.0148124694824219
   vertex 13.497572898864746 -1.5271821022033691 2.1042134761810303
   vertex 13.550216674804688 -1.803545355796814 1.8727583885192871
  endloop
 endfacet
 facet normal -0.019590508134505403 -0.51171473130876288 0.85893203791256523
  outer loop
   vertex 10.594622611999512 -1.5223879814147949 2.1076846122741699
   vertex 11.018500328063965 -1.4131439924240112 2.1824352741241455
   vertex 10.836762428283691 -1.1844494342803955 2.3145365715026855
  endloop
 endfacet
 facet normal 0.034324168916118454 -0.77465919649004389 0.63144673625066527
  outer loop
   vertex 15.079999923706055 -1.7678012847900391 1.9065358638763428
   vertex 14.486754417419434 -2.1112465858459473 1.5174446105957031
   vertex 15.079999923706055 -2.223792552947998 1.3471255302429199
  endloop
 endfacet
 facet normal 0.033722371240360788 0.098354525199083165 0.99457990581490741
  outer loop
   vertex 14.243513107299805 0.48252344131469727 2.554832935333252
   vertex 13.982166290283203 0.17504449188709259 2.5941009521484375
   vertex 14.328113555908203 -0.0032009389251470566 2.5999979972839355
  endloop
 endfacet
 facet normal 0.006143399863655339 -0.053664710386689039 0.99854011311375379
  outer loop
   vertex 13.02877140045166 -0.2121846079826355 2.591327428817749
   vertex 13.118550300598145 -0.04919762909412384 2.5995345115661621
   vertex 12.939367294311523 -0.090121269226074219 2.5984375476837158
  endloop
 endfacet
 facet normal -0.004358618851317623 -0.9951840620762572 -0.097926937208866971
  outer loop
   vertex 14.329524040222168 -2.5999138355255127 -0.021177833899855614
   vertex 14.481781005859375 -2.5555689334869385 -0.47861039638519287
   vertex 15.079999923706055 -2.5992851257324219 -0.060969952493906021
  endloop
 endfacet
 facet normal -0.01832461542579613 -0.67131319950837509 -0.74094722931888002
  outer loop
   vertex 11.441089630126953 -1.5975373983383179 -2.0513103008270264
   vertex 11.784937858581543 -1.6943495273590088 -1.9721003770828247
   vertex 11.564197540283203 -1.8611974716186523 -1.8154735565185547
  endloop
 endfacet
 facet normal 0.0086198238217689779 -0.0056119783343054064 0.99994710076906412
  outer loop
   vertex 12.939367294311523 -0.090121269226074219 2.5984375476837158
   vertex 12.960535049438477 0.066990353167057037 2.5991368293762207
   vertex 12.816799163818359 1.7347234759768071e-18 2.5999999046325684
  endloop
 endfacet
 facet normal -0.009610887634825354 -0.79131608797846198 -0.61133172643445699
  outer loop
   vertex 10.614894866943359 -1.9369546175003052 -1.7344182729721069
   vertex 11.009980201721191 -1.9783384799957275 -1.6870616674423218
   vertex 10.810372352600098 -2.1516661643981934 -1.4595658779144287
  endloop
 endfacet
 facet normal 0.015378563024841698 -0.65331458595302672 -0.75693034790548341
  outer loop
   vertex 13.182576179504395 -1.5398175716400146 -2.0949850082397461
   vertex 13.01573657989502 -1.8219058513641357 -1.8549013137817383
   vertex 12.789363861083984 -1.6222892999649048 -2.0317916870117188
  endloop
 endfacet
 facet normal 0.03463609189828018 -0.90995684232772045 -0.41325402144320145
  outer loop
   vertex 15.079999923706055 -2.488156795501709 -0.75437110662460327
   vertex 14.594345092773438 -2.290539026260376 -1.2302160263061523
   vertex 15.079999923706055 -2.2053208351135254 -1.3771563768386841
  endloop
 endfacet
 facet normal 0.0035508512818992568 -0.9978964128566109 -0.064731295855113807
  outer loop
   vertex 12.272793769836426 -2.5887959003448486 -0.24111308157444
   vertex 12.269460678100586 -2.5982351303100586 -0.095780931413173676
   vertex 12.116063117980957 -2.5908806324005127 -0.21757239103317261
  endloop
 endfacet
 facet normal 0 0.28142322834320593 -0.95958374650099598
  outer loop
   vertex 0 0.95679998397827148 -2.4175469875335693
   vertex 0.43477985262870789 0.95679998397827148 -2.4175469875335693
   vertex 1.7816180998488258e-14 0.50046759843826294 -2.5513784885406494
  endloop
 endfacet
 facet normal 0.034234602249708916 -0.78494658194355138 0.61861688911954216
  outer loop
   vertex 11.561766624450684 -2.0391154289245605 1.6130741834640503
   vertex 11.924050331115723 -2.1893875598907471 1.4023488759994507
   vertex 11.871234893798828 -1.8885207176208496 1.7870336771011353
  endloop
 endfacet
 facet normal -0.011624037606854839 0.1113535179614898 0.99371287391646201
  outer loop
   vertex 10.520088195800781 0.51486212015151978 2.5485126972198486
   vertex 10.716442108154297 0.089702732861042023 2.598452091217041
   vertex 10.975669860839844 0.44442528486251831 2.5617349147796631
  endloop
 endfacet
 facet normal -0.01881993346132263 -0.56373109768356633 0.82574394312582922
  outer loop
   vertex 11.271872520446777 -1.6174405813217163 2.035653829574585
   vertex 11.615093231201172 -1.5009889602661133 2.1229772567749023
   vertex 11.393633842468262 -1.3368737697601318 2.2299704551696777
  endloop
 endfacet
 facet normal 0.0075722268641920101 0.030414084758353308 0.99950870172731809
  outer loop
   vertex 12.816799163818359 1.7347234759768071e-18 2.5999999046325684
   vertex 12.796348571777344 0.1528327614068985 2.5955042839050293
   vertex 12.684191703796387 0.046930793672800064 2.599576473236084
  endloop
 endfacet
 facet normal -0.0066159498476559076 -0.98637617244174203 -0.16437236886652212
  outer loop
   vertex 13.976521492004395 -2.5770809650421143 -0.34446066617965698
   vertex 13.579122543334961 -2.5843489170074463 -0.28485146164894104
   vertex 13.703946113586426 -2.5404720306396484 -0.55317479372024536
  endloop
 endfacet
 facet normal 0.040621320298443384 -0.9202647987438578 0.38918197354211836
  outer loop
   vertex 15.079999923706055 -2.223792552947998 1.3471255302429199
   vertex 14.492780685424805 -2.4422788619995117 0.89178162813186646
   vertex 15.079999923706055 -2.5155785083770752 0.65716463327407837
  endloop
 endfacet
 facet normal -0.013473462638953666 -0.96274640146872548 -0.27007005066007667
  outer loop
   vertex 14.03431224822998 -2.4975507259368896 -0.72266232967376709
   vertex 13.703946113586426 -2.5404720306396484 -0.55317479372024536
   vertex 13.610752105712891 -2.4509334564208984 -0.86771279573440552
  endloop
 endfacet
 facet normal -0.0204785145670363 -0.73758210504367316 0.67494686365703738
  outer loop
   vertex 11.561766624450684 -2.0391154289245605 1.6130741834640503
   vertex 11.871234893798828 -1.8885207176208496 1.7870336771011353
   vertex 11.562093734741211 -1.7872958183288574 1.8882726430892944
  endloop
 endfacet
 facet normal 0.010661436567449991 -0.99382169335116632 0.11047522615925616
  outer loop
   vertex 10.40583610534668 -2.5938577651977539 0.17861011624336243
   vertex 10.820071220397949 -2.5980355739593506 0.1010512039065361
   vertex 10.691644668579102 -2.560387134552002 0.45212581753730774
  endloop
 endfacet
 facet normal -0.0015937821639483028 -0.99156321361575139 -0.12961424791440884
  outer loop
   vertex 12.680144309997559 -2.5665907859802246 -0.41546511650085449
   vertex 12.577070236206055 -2.5876591205596924 -0.25302261114120483
   vertex 12.525196075439453 -2.5653455257415771 -0.42308619618415833
  endloop
 endfacet
 facet normal 0.016699190560684463 -0.66224973261552444 -0.74909707560855188
  outer loop
   vertex 11.441089630126953 -1.5975373983383179 -2.0513103008270264
   vertex 11.564197540283203 -1.8611974716186523 -1.8154735565185547
   vertex 11.231135368347168 -1.787941575050354 -1.8876612186431885
  endloop
 endfacet
 facet normal 0.0092776449661868231 -0.99816419385000987 -0.05985121067815876
  outer loop
   vertex 13.976521492004395 -2.5770809650421143 -0.34446066617965698
   vertex 13.832502365112305 -2.5999581813812256 0.014747771434485912
   vertex 13.579122543334961 -2.5843489170074463 -0.28485146164894104
  endloop
 endfacet
 facet normal -0.024592807076136185 -0.6310529289347574 0.77534985311340576
  outer loop
   vertex 11.562093734741211 -1.7872958183288574 1.8882726430892944
   vertex 11.849301338195801 -1.616079568862915 2.0367343425750732
   vertex 11.615093231201172 -1.5009889602661133 2.1229772567749023
  endloop
 endfacet
 facet normal -0.00050065022196633274 -0.9972565017220355 0.074021747631915366
  outer loop
   vertex 13.656144142150879 -2.5734610557556152 0.37053695321083069
   vertex 13.39217472076416 -2.5999743938446045 0.011551168747246265
   vertex 13.832502365112305 -2.5999581813812256 0.014747771434485912
  endloop
 endfacet
 facet normal 0.0086817738040215354 -0.99596059308916585 -0.089370710062597183
  outer loop
   vertex 12.413863182067871 -2.5811855792999268 -0.31221967935562134
   vertex 12.405427932739258 -2.5953934192657471 -0.15470480918884277
   vertex 12.272793769836426 -2.5887959003448486 -0.24111308157444
  endloop
 endfacet
 facet normal -0.0057252401486933384 -0.99031165394305631 -0.13874454832463848
  outer loop
   vertex 11.820233345031738 -2.5804553031921387 -0.31819888949394226
   vertex 11.666967391967773 -2.5847351551055908 -0.2813262939453125
   vertex 11.711190223693848 -2.5639879703521729 -0.43123751878738403
  endloop
 endfacet
 facet normal -0.0035494406249818753 -0.038650284012300778 0.99924649462333281
  outer loop
   vertex 10.716442108154297 0.089702732861042023 2.598452091217041
   vertex 10.924850463867188 -0.2798084020614624 2.58489990234375
   vertex 11.116801261901855 0.069165550172328949 2.5990798473358154
  endloop
 endfacet
 facet normal -0.012599179243701136 -0.71828106330690755 -0.69563896870221642
  outer loop
   vertex 10.843833923339844 -1.7269999980926514 -1.9435716867446899
   vertex 11.231135368347168 -1.787941575050354 -1.8876612186431885
   vertex 11.009980201721191 -1.9783384799957275 -1.6870616674423218
  endloop
 endfacet
 facet normal -0.0055154689978378227 -0.99518317067150619 -0.097877660443748876
  outer loop
   vertex 11.959823608398438 -2.5884997844696045 -0.24427163600921631
   vertex 11.776779174804688 -2.5936529636383057 -0.18156138062477112
   vertex 11.820233345031738 -2.5804553031921387 -0.31819888949394226
  endloop
 endfacet
 facet normal 0.022466826096911578 -0.73007826869341585 0.68299411659746789
  outer loop
   vertex 12.879490852355957 -2.0226283073425293 1.6336997747421265
   vertex 12.954683303833008 -1.7484996318817139 1.9242528676986694
   vertex 12.60981559753418 -1.8540133237838745 1.8228095769882202
  endloop
 endfacet
 facet normal -0.0042912516646463304 -0.99794847408380605 -0.063878229726203897
  outer loop
   vertex 12.116063117980957 -2.5908806324005127 -0.21757239103317261
   vertex 12.01472282409668 -2.5982277393341064 -0.095983065664768219
   vertex 11.959823608398438 -2.5884997844696045 -0.24427163600921631
  endloop
 endfacet
 facet normal -0.012941234682446505 -0.99979977047978474 -0.015262483201093734
  outer loop
   vertex 10.40583610534668 -2.5938577651977539 0.17861011624336243
   vertex 10.609679222106934 -2.5903539657592773 -0.22375425696372986
   vertex 10.820071220397949 -2.5980355739593506 0.1010512039065361
  endloop
 endfacet
 facet normal 0.010776328886786981 -0.36763400533206692 0.92990811850377231
  outer loop
   vertex 12.712436676025391 -0.9267764687538147 2.4292149543762207
   vertex 12.82726001739502 -1.0354276895523071 2.3849296569824219
   vertex 12.84632396697998 -0.86968261003494263 2.45023512840271
  endloop
 endfacet
 facet normal 0.0029768406888433527 -0.38223867737875339 0.92405883575411729
  outer loop
   vertex 12.570140838623047 -0.94296896457672119 2.4229753017425537
   vertex 12.657085418701172 -1.0544394254684448 2.3765852451324463
   vertex 12.712436676025391 -0.9267764687538147 2.4292149543762207
  endloop
 endfacet
 facet normal 0.014313907998088918 -0.93609770901637135 0.35144870352886987
  outer loop
   vertex 12.581101417541504 -2.5064239501953125 0.69125866889953613
   vertex 12.364658355712891 -2.3580725193023682 1.0952140092849731
   vertex 12.172347068786621 -2.4845468997955322 0.76617693901062012
  endloop
 endfacet
 facet normal -0.021385325377324557 -0.72443145967644518 0.68901504199078345
  outer loop
   vertex 13.247600555419922 -1.923065185546875 1.7498058080673218
   vertex 12.954683303833008 -1.7484996318817139 1.9242528676986694
   vertex 12.879490852355957 -2.0226283073425293 1.6336997747421265
  endloop
 endfacet
 facet normal -0.001096497770739213 0.29734534402619595 -0.95476936695653469
  outer loop
   vertex 13.517623901367188 0.58145427703857422 -2.5341489315032959
   vertex 13.772375106811523 0.95679998397827148 -2.4175469875335693
   vertex 13.98598575592041 0.58812844753265381 -2.5326082706451416
  endloop
 endfacet
 facet normal 0.002113716232805634 -0.91279454636466295 -0.40841357510569615
  outer loop
   vertex 12.427804946899414 -2.3499999046325684 -1.1124297380447388
   vertex 12.59934139251709 -2.3435704708099365 -1.1259115934371948
   vertex 12.53225040435791 -2.399134635925293 -1.0020742416381836
  endloop
 endfacet
 facet normal -0.004539100790621582 -0.91122169366633576 -0.4118912739496518
  outer loop
   vertex 11.715522766113281 -2.3958249092102051 -1.0099620819091797
   vertex 11.643665313720703 -2.3359050750732422 -1.1417300701141357
   vertex 11.814395904541016 -2.3499999046325684 -1.1124297380447388
  endloop
 endfacet
 facet normal 0.055634408639422733 -0.99173681539937286 0.11559801709740511
  outer loop
   vertex 15.079999923706055 -2.5155785083770752 0.65716463327407837
   vertex 14.658483505249023 -2.5696673393249512 0.3959917426109314
   vertex 15.079999923706055 -2.5992851257324219 -0.060969952493906021
  endloop
 endfacet
 facet normal -0.0045014432161228409 -0.38004144380607929 0.92495850609568575
  outer loop
   vertex 12.42866325378418 -0.91801851987838745 2.4325382709503174
   vertex 12.474872589111328 -1.0504732131958008 2.3783409595489502
   vertex 12.570140838623047 -0.94296896457672119 2.4229753017425537
  endloop
 endfacet
 facet normal 0.015642505572558463 -0.8913538855387233 0.45303814712939228
  outer loop
   vertex 11.924050331115723 -2.1893875598907471 1.4023488759994507
   vertex 11.308232307434082 -2.2563939094543457 1.2917766571044922
   vertex 11.611811637878418 -2.4028284549713135 0.99318426847457886
  endloop
 endfacet
 facet normal -0.0081708537924185792 -0.93046041991905803 -0.36630130236234903
  outer loop
   vertex 11.646633148193359 -2.4482405185699463 -0.87528187036514282
   vertex 11.566951751708984 -2.3805148601531982 -1.0455378293991089
   vertex 11.715522766113281 -2.3958249092102051 -1.0099620819091797
  endloop
 endfacet
 facet normal -0.0088758767612428981 0.0036777082611343412 0.99995384557171696
  outer loop
   vertex 12.383725166320801 0.014349495060741901 2.5999603271484375
   vertex 12.219114303588867 0.096843458712100983 2.5981957912445068
   vertex 12.255344390869141 -0.067563176155090332 2.5991220474243164
  endloop
 endfacet
 facet normal -0.022723190394854566 -0.90655085405929048 0.42148452595872388
  outer loop
   vertex 11.308232307434082 -2.2563939094543457 1.2917766571044922
   vertex 11.27786922454834 -2.4447023868560791 0.88511604070663452
   vertex 11.611811637878418 -2.4028284549713135 0.99318426847457886
  endloop
 endfacet
 facet normal -0.042723068701066319 0.26744151202116401 0.96262649924495503
  outer loop
   vertex 10.975669860839844 0.44442528486251831 2.5617349147796631
   vertex 11.272015571594238 0.67252802848815918 2.5115146636962891
   vertex 10.934267044067383 0.95679998397827148 2.4175469875335693
  endloop
 endfacet
 facet normal 0.0057431906150211091 -0.99691918575327598 0.078225014148831734
  outer loop
   vertex 14.329524040222168 -2.5999138355255127 -0.021177833899855614
   vertex 14.144619941711426 -2.5668363571166992 0.41394528746604919
   vertex 13.832502365112305 -2.5999581813812256 0.014747771434485912
  endloop
 endfacet
 facet normal 0.0037065657931963148 -0.94264727636809431 0.33376994131562304
  outer loop
   vertex 11.987377166748047 -2.3932859897613525 1.0159637928009033
   vertex 11.611811637878418 -2.4028284549713135 0.99318426847457886
   vertex 11.847480773925781 -2.4969334602355957 0.7247917652130127
  endloop
 endfacet
 facet normal 0.0014651984215470701 0.051581553780395042 0.99866771075427563
  outer loop
   vertex 12.684191703796387 0.046930793672800064 2.599576473236084
   vertex 12.606367111206055 0.21768578886985779 2.5908710956573486
   vertex 12.531411170959473 0.053883258253335953 2.5994415283203125
  endloop
 endfacet
 facet normal 0.0076815960365354706 -0.95178061287602433 -0.30668331880894828
  outer loop
   vertex 11.62115478515625 -2.4968998432159424 -0.72490757703781128
   vertex 11.493924140930176 -2.4666702747344971 -0.82191073894500732
   vertex 11.646633148193359 -2.4482405185699463 -0.87528187036514282
  endloop
 endfacet
 facet normal -0.0076015145299077281 -0.99682884397232896 0.079211569872348786
  outer loop
   vertex 13.241880416870117 -2.5668683052062988 0.41374796628952026
   vertex 13.39217472076416 -2.5999743938446045 0.011551168747246265
   vertex 13.656144142150879 -2.5734610557556152 0.37053695321083069
  endloop
 endfacet
 facet normal -0.0092880525238257655 -0.98201389022246321 -0.1885800930386311
  outer loop
   vertex 11.711190223693848 -2.5639879703521729 -0.43123751878738403
   vertex 11.570836067199707 -2.5705993175506592 -0.38989672064781189
   vertex 11.642851829528809 -2.536372184753418 -0.57167840003967285
  endloop
 endfacet
 facet normal 0.010139885798687185 -0.3271005060367152 0.94493515209590673
  outer loop
   vertex 12.84632396697998 -0.86968261003494263 2.45023512840271
   vertex 12.985514640808105 -0.93321162462234497 2.4267501831054688
   vertex 12.959793090820312 -0.77453744411468506 2.4819531440734863
  endloop
 endfacet
 facet normal -0.0040853731043194695 -0.26559533058425072 0.96407594622957016
  outer loop
   vertex 12.11740779876709 -0.61938273906707764 2.525146484375
   vertex 12.021847724914551 -0.77331167459487915 2.4823353290557861
   vertex 12.190682411193848 -0.75019508600234985 2.4894192218780518
  endloop
 endfacet
 facet normal 0.0076043369532442437 -0.3834200941094168 0.92354274697635275
  outer loop
   vertex 14.32121753692627 -0.85466933250427246 2.4555122852325439
   vertex 14.024264335632324 -0.89734071493148804 2.440241813659668
   vertex 14.26252269744873 -1.1287068128585815 2.3422255516052246
  endloop
 endfacet
 facet normal 0.012670086976601621 -0.57302916308364049 0.81943703062021056
  outer loop
   vertex 11.018500328063965 -1.4131439924240112 2.1824352741241455
   vertex 11.271872520446777 -1.6174405813217163 2.035653829574585
   vertex 11.393633842468262 -1.3368737697601318 2.2299704551696777
  endloop
 endfacet
 facet normal -0.007550188869729758 -0.28993741258172867 0.95701582611440861
  outer loop
   vertex 14.32121753692627 -0.85466933250427246 2.4555122852325439
   vertex 14.084718704223633 -0.61565983295440674 2.5260567665100098
   vertex 14.024264335632324 -0.89734071493148804 2.440241813659668
  endloop
 endfacet
 facet normal -0.0092679341753528089 -0.72171298431317654 -0.69213038776656088
  outer loop
   vertex 13.588534355163574 -1.9521706104278564 -1.7172739505767822
   vertex 13.192317962646484 -1.9951117038726807 -1.6671919822692871
   vertex 13.391226768493652 -1.7708326578140259 -1.903720498085022
  endloop
 endfacet
 facet normal -0.012297456635510342 -0.86659601026348887 -0.49885882527594988
  outer loop
   vertex 10.412154197692871 -2.1600427627563477 -1.4471404552459717
   vertex 10.679911613464355 -2.3101563453674316 -1.1929701566696167
   vertex 10.293055534362793 -2.3450758457183838 -1.1227730512619019
  endloop
 endfacet
 facet normal -0.0025903108617581546 -0.93360799161088759 -0.35828676823171179
  outer loop
   vertex 12.53225040435791 -2.399134635925293 -1.0020742416381836
   vertex 12.69117546081543 -2.4051458835601807 -0.98755937814712524
   vertex 12.598552703857422 -2.4515368938446045 -0.86600607633590698
  endloop
 endfacet
 facet normal -0.0019652072981936504 -0.98674458637733231 -0.16226909507143486
  outer loop
   vertex 13.703946113586426 -2.5404720306396484 -0.55317479372024536
   vertex 13.579122543334961 -2.5843489170074463 -0.28485146164894104
   vertex 13.373372077941895 -2.5378711223602295 -0.5649871826171875
  endloop
 endfacet
 facet normal 0.021874801751766992 -0.64081583688014587 -0.76738292673991593
  outer loop
   vertex 12.055393218994141 -1.5251204967498779 -2.1057083606719971
   vertex 12.098057746887207 -1.809420108795166 -1.8670830726623535
   vertex 11.784937858581543 -1.6943495273590088 -1.9721003770828247
  endloop
 endfacet
 facet normal -0.0062321896751789119 -0.95286138863660508 -0.30334194213358184
  outer loop
   vertex 12.598552703857422 -2.4515368938446045 -0.86600607633590698
   vertex 12.746655464172363 -2.4641032218933105 -0.82957535982131958
   vertex 12.621094703674316 -2.4997382164001465 -0.71505862474441528
  endloop
 endfacet
 facet normal 0.0082319641310163293 -0.96807028270315665 -0.25054373373440442
  outer loop
   vertex 11.642851829528809 -2.536372184753418 -0.57167840003967285
   vertex 11.486049652099609 -2.5182111263275146 -0.6470024585723877
   vertex 11.62115478515625 -2.4968998432159424 -0.72490757703781128
  endloop
 endfacet
 facet normal -0.019085058532749655 -0.59747022020224416 -0.80166395485407926
  outer loop
   vertex 12.447575569152832 -1.3858672380447388 -2.199857234954834
   vertex 12.789363861083984 -1.6222892999649048 -2.0317916870117188
   vertex 12.402585983276367 -1.7200585603713989 -1.9497175216674805
  endloop
 endfacet
 facet normal 0.0022393971908183743 -0.96161225212697177 -0.2744027362464066
  outer loop
   vertex 13.610752105712891 -2.4509334564208984 -0.86771279573440552
   vertex 13.703946113586426 -2.5404720306396484 -0.55317479372024536
   vertex 13.373372077941895 -2.5378711223602295 -0.5649871826171875
  endloop
 endfacet
 facet normal 0.010310373392622817 -0.85890702493041893 -0.51202775190968064
  outer loop
   vertex 14.037599563598633 -2.3341705799102783 -1.1452716588973999
   vertex 13.55550479888916 -2.3006172180175781 -1.2112637758255005
   vertex 13.804438591003418 -2.1359663009643555 -1.4824467897415161
  endloop
 endfacet
 facet normal -0.0092784247776973271 -0.78827848800109401 0.61524867833125307
  outer loop
   vertex 11.924050331115723 -2.1893875598907471 1.4023488759994507
   vertex 12.235393524169922 -1.914846658706665 1.7587957382202148
   vertex 11.871234893798828 -1.8885207176208496 1.7870336771011353
  endloop
 endfacet
 facet normal -0.00037076716848934925 -0.96932382399395367 -0.24578687265483828
  outer loop
   vertex 12.621094703674316 -2.4997382164001465 -0.71505862474441528
   vertex 12.742868423461914 -2.5381097793579102 -0.56391417980194092
   vertex 12.596339225769043 -2.5385012626647949 -0.56214922666549683
  endloop
 endfacet
 facet normal 0.021569479033629591 -0.60094739488576243 -0.79899748820270589
  outer loop
   vertex 12.055393218994141 -1.5251204967498779 -2.1057083606719971
   vertex 12.447575569152832 -1.3858672380447388 -2.199857234954834
   vertex 12.402585983276367 -1.7200585603713989 -1.9497175216674805
  endloop
 endfacet
 facet normal -0.016603809247501825 -0.92876578482054173 -0.37029505865614237
  outer loop
   vertex 10.293055534362793 -2.3450758457183838 -1.1227730512619019
   vertex 10.61913013458252 -2.4325079917907715 -0.91809868812561035
   vertex 10.23420238494873 -2.4785540103912354 -0.78534716367721558
  endloop
 endfacet
 facet normal 0.020899237580060886 -0.9626458334038368 0.26995596177673942
  outer loop
   vertex 11.27786922454834 -2.4447023868560791 0.88511604070663452
   vertex 10.940346717834473 -2.5078704357147217 0.68599283695220947
   vertex 11.277402877807617 -2.5484335422515869 0.51525342464447021
  endloop
 endfacet
 facet normal -0.0043526838135484721 -0.1105532204617579 0.9938606741335293
  outer loop
   vertex 13.077471733093262 -0.35484760999679565 2.5756714344024658
   vertex 13.181708335876465 -0.24020113050937653 2.5888807773590088
   vertex 13.02877140045166 -0.2121846079826355 2.591327428817749
  endloop
 endfacet
 facet normal -0.0052085498824426951 -0.97638401272581632 0.21597946824074488
  outer loop
   vertex 13.042087554931641 -2.4972074031829834 0.72384762763977051
   vertex 12.89726734161377 -2.5712282657623291 0.38572710752487183
   vertex 13.241880416870117 -2.5668683052062988 0.41374796628952026
  endloop
 endfacet
 facet normal 0.00011369094680260304 -0.49204345234576996 0.8705706335950143
  outer loop
   vertex 14.085494995117188 -1.4241962432861328 2.175239086151123
   vertex 14.26252269744873 -1.1287068128585815 2.3422255516052246
   vertex 13.908236503601074 -1.1292619705200195 2.3419580459594727
  endloop
 endfacet
 facet normal 0.015971169073650256 -0.69548552134699548 -0.71836259044797057
  outer loop
   vertex 11.784937858581543 -1.6943495273590088 -1.9721003770828247
   vertex 11.84038257598877 -1.925855278968811 -1.7467344999313354
   vertex 11.564197540283203 -1.8611974716186523 -1.8154735565185547
  endloop
 endfacet
 facet normal -0.021609804489699767 -0.69859532844269512 0.71519059237937388
  outer loop
   vertex 14.262401580810547 -1.7696661949157715 1.9048048257827759
   vertex 13.818985939025879 -1.6433290243148804 2.0148124694824219
   vertex 13.944944381713867 -1.954221248626709 1.714940071105957
  endloop
 endfacet
 facet normal 0.0035883043305279237 0.10036395455852791 0.99494432040059677
  outer loop
   vertex 10.716442108154297 0.089702732861042023 2.598452091217041
   vertex 11.116801261901855 0.069165550172328949 2.5990798473358154
   vertex 10.975669860839844 0.44442528486251831 2.5617349147796631
  endloop
 endfacet
 facet normal 0.0052697611578346841 -0.27705526482973331 0.96083953386997234
  outer loop
   vertex 12.959793090820312 -0.77453744411468506 2.4819531440734863
   vertex 13.129945755004883 -0.80512481927871704 2.4722001552581787
   vertex 13.040878295898438 -0.64931720495223999 2.5176153182983398
  endloop
 endfacet
 facet normal 0.002170678052448834 -0.86003719411103174 -0.51022672695814009
  outer loop
   vertex 10.412154197692871 -2.1600427627563477 -1.4471404552459717
   vertex 10.810372352600098 -2.1516661643981934 -1.4595658779144287
   vertex 10.679911613464355 -2.3101563453674316 -1.1929701566696167
  endloop
 endfacet
 facet normal -0.0057814930507903558 -0.88478631871312075 0.46596109768540483
  outer loop
   vertex 11.924050331115723 -2.1893875598907471 1.4023488759994507
   vertex 11.611811637878418 -2.4028284549713135 0.99318426847457886
   vertex 11.987377166748047 -2.3932859897613525 1.0159637928009033
  endloop
 endfacet
 facet normal -0.017514200328556342 -0.69958453023768719 -0.71433517191789309
  outer loop
   vertex 11.784937858581543 -1.6943495273590088 -1.9721003770828247
   vertex 12.098057746887207 -1.809420108795166 -1.8670830726623535
   vertex 11.84038257598877 -1.925855278968811 -1.7467344999313354
  endloop
 endfacet
 facet normal 0.012677180230253103 -0.48627078304077531 0.87371620945380257
  outer loop
   vertex 14.085494995117188 -1.4241962432861328 2.175239086151123
   vertex 13.908236503601074 -1.1292619705200195 2.3419580459594727
   vertex 13.712478637695312 -1.3519977331161499 2.2208337783813477
  endloop
 endfacet
 facet normal -0.023305455920050479 -0.68757525980571543 0.72573901495472981
  outer loop
   vertex 13.247600555419922 -1.923065185546875 1.7498058080673218
   vertex 13.550216674804688 -1.803545355796814 1.8727583885192871
   vertex 13.257159233093262 -1.6458234786987305 2.0127754211425781
  endloop
 endfacet
 facet normal -0.0019349088348505036 0.27724087306345768 0.96079849834958253
  outer loop
   vertex 14.02888298034668 0.95679998397827148 2.4175469875335693
   vertex 13.879450798034668 0.47527623176574707 2.5561909675598145
   vertex 14.243513107299805 0.48252344131469727 2.554832935333252
  endloop
 endfacet
 facet normal 0 0.29792450556129302 -0.95458943477605018
  outer loop
   vertex 13.98598575592041 0.58812844753265381 -2.5326082706451416
   vertex 13.772375106811523 0.95679998397827148 -2.4175469875335693
   vertex 14.19959545135498 0.95679998397827148 -2.4175469875335693
  endloop
 endfacet
 facet normal -0.0090975136914908696 -0.91664343861654507 -0.39960235445486214
  outer loop
   vertex 13.610752105712891 -2.4509334564208984 -0.86771279573440552
   vertex 13.55550479888916 -2.3006172180175781 -1.2112637758255005
   vertex 14.037599563598633 -2.3341705799102783 -1.1452716588973999
  endloop
 endfacet
 facet normal 0.004551999400286044 -0.97726103240900675 0.21199092866521935
  outer loop
   vertex 12.581101417541504 -2.5064239501953125 0.69125866889953613
   vertex 12.89726734161377 -2.5712282657623291 0.38572710752487183
   vertex 13.042087554931641 -2.4972074031829834 0.72384762763977051
  endloop
 endfacet
 facet normal -0.0080977031733282228 -0.16566416510981813 0.98614898042931809
  outer loop
   vertex 13.081484794616699 -0.50517177581787109 2.5504512786865234
   vertex 13.217021942138672 -0.42662152647972107 2.5647599697113037
   vertex 13.077471733093262 -0.35484760999679565 2.5756714344024658
  endloop
 endfacet
 facet normal 0 0.27360598504847916 0.96184186067443078
  outer loop
   vertex 14.514747619628906 0.95679998397827148 2.4175469875335693
   vertex 14.667518615722656 0.45888179540634155 2.5591850280761719
   vertex 15.079999923706055 0.95679998397827148 2.4175469875335693
  endloop
 endfacet
 facet normal 0 -0.89228848042676345 -0.45146568828394629
  outer loop
   vertex 11.814395904541016 -2.3499999046325684 -1.1124297380447388
   vertex 11.890984535217285 -2.2882969379425049 -1.2343810796737671
   vertex 11.967573165893555 -2.3499999046325684 -1.1124297380447388
  endloop
 endfacet
 facet normal 0.020747510870236775 -0.67461641626714441 0.73787684046564594
  outer loop
   vertex 11.871234893798828 -1.8885207176208496 1.7870336771011353
   vertex 11.849301338195801 -1.616079568862915 2.0367343425750732
   vertex 11.562093734741211 -1.7872958183288574 1.8882726430892944
  endloop
 endfacet
 facet normal 0 0.27804942363096952 0.96056676916208461
  outer loop
   vertex 14.243513107299805 0.48252344131469727 2.554832935333252
   vertex 14.514747619628906 0.95679998397827148 2.4175469875335693
   vertex 14.02888298034668 0.95679998397827148 2.4175469875335693
  endloop
 endfacet
 facet normal 0.0011988306672597827 0.12567795414013203 0.99207036779060287
  outer loop
   vertex 14.243513107299805 0.48252344131469727 2.554832935333252
   vertex 13.879450798034668 0.47527623176574707 2.5561909675598145
   vertex 13.982166290283203 0.17504449188709259 2.5941009521484375
  endloop
 endfacet
 facet normal -0.0057559164541585188 -0.22056212093880201 0.97535594540288217
  outer loop
   vertex 13.040878295898438 -0.64931720495223999 2.5176153182983398
   vertex 13.218151092529297 -0.60073506832122803 2.5296475887298584
   vertex 13.081484794616699 -0.50517177581787109 2.5504512786865234
  endloop
 endfacet
 facet normal -0.02452123555191954 -0.18088213190995348 0.98319904564778615
  outer loop
   vertex 10.982028007507324 -0.63913601636886597 2.5202193260192871
   vertex 11.215097427368164 -0.46105492115020752 2.5587942600250244
   vertex 10.924850463867188 -0.2798084020614624 2.58489990234375
  endloop
 endfacet
 facet normal 0.013572531817078196 -0.9562243486045725 -0.29231965639661561
  outer loop
   vertex 10.23420238494873 -2.4785540103912354 -0.78534716367721558
   vertex 10.61913013458252 -2.4325079917907715 -0.91809868812561035
   vertex 10.60106372833252 -2.5291721820831299 -0.60273349285125732
  endloop
 endfacet
 facet normal 0.0027322443299761579 -0.098510396722509955 0.99513227089593215
  outer loop
   vertex 12.158061027526855 -0.18352128565311432 2.5935149192810059
   vertex 12.002059936523438 -0.20072367787361145 2.5922403335571289
   vertex 12.100078582763672 -0.32269087433815002 2.579897403717041
  endloop
 endfacet
 facet normal -0.021458284724346313 -0.98706746299377246 -0.15886272538177834
  outer loop
   vertex 10.609679222106934 -2.5903539657592773 -0.22375425696372986
   vertex 10.60106372833252 -2.5291721820831299 -0.60273349285125732
   vertex 10.91022777557373 -2.5579104423522949 -0.4659331738948822
  endloop
 endfacet
 facet normal 0.023157800364073246 -0.63930050286775153 0.76860821184484984
  outer loop
   vertex 13.550216674804688 -1.803545355796814 1.8727583885192871
   vertex 13.497572898864746 -1.5271821022033691 2.1042134761810303
   vertex 13.257159233093262 -1.6458234786987305 2.0127754211425781
  endloop
 endfacet
 facet normal -0.011523161107218714 -0.36076552802236905 0.93258535831785305
  outer loop
   vertex 12.298479080200195 -0.85272544622421265 2.4561879634857178
   vertex 12.306931495666504 -1.0196294784545898 2.3917264938354492
   vertex 12.42866325378418 -0.91801851987838745 2.4325382709503174
  endloop
 endfacet
 facet normal 0.00041703839519269595 -0.99862705181126243 -0.05238165203316119
  outer loop
   vertex 13.832502365112305 -2.5999581813812256 0.014747771434485912
   vertex 13.39217472076416 -2.5999743938446045 0.011551168747246265
   vertex 13.579122543334961 -2.5843489170074463 -0.28485146164894104
  endloop
 endfacet
 facet normal -8.3855152786533319e-05 -0.39015402178006614 0.92074960345207479
  outer loop
   vertex 14.26252269744873 -1.1287068128585815 2.3422255516052246
   vertex 14.024264335632324 -0.89734071493148804 2.440241813659668
   vertex 13.908236503601074 -1.1292619705200195 2.3419580459594727
  endloop
 endfacet
 facet normal -0.0092891753389678471 -0.97236955030245265 0.23326201762423293
  outer loop
   vertex 12.172347068786621 -2.4845468997955322 0.76617693901062012
   vertex 12.327656745910645 -2.5574460029602051 0.46847665309906006
   vertex 12.581101417541504 -2.5064239501953125 0.69125866889953613
  endloop
 endfacet
 facet normal -0.004638970191516001 -0.99784764354799993 -0.065410704179559923
  outer loop
   vertex 14.329524040222168 -2.5999138355255127 -0.021177833899855614
   vertex 13.832502365112305 -2.5999581813812256 0.014747771434485912
   vertex 13.976521492004395 -2.5770809650421143 -0.34446066617965698
  endloop
 endfacet
 facet normal -0.016755965465527139 -0.94804495208818995 0.31769483225482215
  outer loop
   vertex 11.611811637878418 -2.4028284549713135 0.99318426847457886
   vertex 11.569942474365234 -2.5185885429382324 0.64553201198577881
   vertex 11.847480773925781 -2.4969334602355957 0.7247917652130127
  endloop
 endfacet
 facet normal -0.010979401528573896 -0.03456736657673605 0.99934205851151081
  outer loop
   vertex 11.116801261901855 0.069165550172328949 2.5990798473358154
   vertex 10.924850463867188 -0.2798084020614624 2.58489990234375
   vertex 11.285813331604004 -0.21475273370742798 2.5911159515380859
  endloop
 endfacet
 facet normal 0.021507062491643299 -0.68841632330728852 0.72499683590140951
  outer loop
   vertex 13.247600555419922 -1.923065185546875 1.7498058080673218
   vertex 13.257159233093262 -1.6458234786987305 2.0127754211425781
   vertex 12.954683303833008 -1.7484996318817139 1.9242528676986694
  endloop
 endfacet
 facet normal 0.023263686575764095 -0.60882178578867951 0.79296584670210613
  outer loop
   vertex 14.262401580810547 -1.7696661949157715 1.9048048257827759
   vertex 14.085494995117188 -1.4241962432861328 2.175239086151123
   vertex 13.818985939025879 -1.6433290243148804 2.0148124694824219
  endloop
 endfacet
 facet normal -0.018344312332165259 -0.64440309704730814 -0.7644659146887437
  outer loop
   vertex 12.402585983276367 -1.7200585603713989 -1.9497175216674805
   vertex 12.098057746887207 -1.809420108795166 -1.8670830726623535
   vertex 12.055393218994141 -1.5251204967498779 -2.1057083606719971
  endloop
 endfacet
 facet normal -0.0047656284800740951 -0.04430859779286183 0.99900652497709963
  outer loop
   vertex 12.255344390869141 -0.067563176155090332 2.5991220474243164
   vertex 12.101144790649414 -0.037179220467805862 2.5997340679168701
   vertex 12.158061027526855 -0.18352128565311432 2.5935149192810059
  endloop
 endfacet
 facet normal -0.0057710625045997868 -0.79003117178652837 -0.6130395113230247
  outer loop
   vertex 13.588534355163574 -1.9521706104278564 -1.7172739505767822
   vertex 13.804438591003418 -2.1359663009643555 -1.4824467897415161
   vertex 13.350597381591797 -2.1600105762481689 -1.4471882581710815
  endloop
 endfacet
 facet normal 0.0090438979623607453 -0.91428537197382298 -0.40496971060109499
  outer loop
   vertex 10.293055534362793 -2.3450758457183838 -1.1227730512619019
   vertex 10.679911613464355 -2.3101563453674316 -1.1929701566696167
   vertex 10.61913013458252 -2.4325079917907715 -0.91809868812561035
  endloop
 endfacet
 facet normal 0.010438335648628762 -0.72997579706108062 -0.68339328124728194
  outer loop
   vertex 13.391226768493652 -1.7708326578140259 -1.903720498085022
   vertex 13.192317962646484 -1.9951117038726807 -1.6671919822692871
   vertex 13.01573657989502 -1.8219058513641357 -1.8549013137817383
  endloop
 endfacet
 facet normal 0 -0.89229093970584827 -0.45146082766819795
  outer loop
   vertex 12.274620056152344 -2.3499999046325684 -1.1124297380447388
   vertex 12.351212501525879 -2.2883079051971436 -1.2343610525131226
   vertex 12.427804946899414 -2.3499999046325684 -1.1124297380447388
  endloop
 endfacet
 facet normal 0.018033944518953217 -0.97947231982759408 0.20077039507018604
  outer loop
   vertex 10.940346717834473 -2.5078704357147217 0.68599283695220947
   vertex 10.691644668579102 -2.560387134552002 0.45212581753730774
   vertex 11.046632766723633 -2.5791189670562744 0.32885491847991943
  endloop
 endfacet
 facet normal -0.00047364658552497083 -0.40462391958650346 0.91448305580659439
  outer loop
   vertex 10.691012382507324 -0.91510343551635742 2.4336364269256592
   vertex 10.836762428283691 -1.1844494342803955 2.3145365715026855
   vertex 11.08949089050293 -0.91824525594711304 2.4324526786804199
  endloop
 endfacet
 facet normal 0.005517602289107474 -0.69494299837078755 0.71904366006550602
  outer loop
   vertex 11.871234893798828 -1.8885207176208496 1.7870336771011353
   vertex 12.235393524169922 -1.914846658706665 1.7587957382202148
   vertex 12.134705543518066 -1.6998270750045776 1.9673810005187988
  endloop
 endfacet
 facet normal -0.022035028295727191 -0.96260827628967605 0.26999956286376725
  outer loop
   vertex 11.27786922454834 -2.4447023868560791 0.88511604070663452
   vertex 11.277402877807617 -2.5484335422515869 0.51525342464447021
   vertex 11.569942474365234 -2.5185885429382324 0.64553201198577881
  endloop
 endfacet
 facet normal 0.00047017990747806913 -0.299806771106291 0.95399983172413338
  outer loop
   vertex 10.691012382507324 -0.91510343551635742 2.4336364269256592
   vertex 11.08949089050293 -0.91824525594711304 2.4324526786804199
   vertex 10.982028007507324 -0.63913601636886597 2.5202193260192871
  endloop
 endfacet
 facet normal 0.00910361473072273 -0.49472793201055998 0.86900022870387639
  outer loop
   vertex 11.018500328063965 -1.4131439924240112 2.1824352741241455
   vertex 11.222933769226074 -1.1287075281143188 2.3422253131866455
   vertex 10.836762428283691 -1.1844494342803955 2.3145365715026855
  endloop
 endfacet
 facet normal -0.013572324427004323 -0.67173465271195598 -0.74066750188974539
  outer loop
   vertex 12.789363861083984 -1.6222892999649048 -2.0317916870117188
   vertex 13.01573657989502 -1.8219058513641357 -1.8549013137817383
   vertex 12.68951416015625 -1.8782680034637451 -1.7978068590164185
  endloop
 endfacet
 facet normal 0.0067215901449547751 -0.13200624695238131 0.99122609478941281
  outer loop
   vertex 10.924850463867188 -0.2798084020614624 2.58489990234375
   vertex 11.215097427368164 -0.46105492115020752 2.5587942600250244
   vertex 11.285813331604004 -0.21475273370742798 2.5911159515380859
  endloop
 endfacet
 facet normal 0.014369019061683993 -0.70481810915324539 -0.70924252854778025
  outer loop
   vertex 12.402585983276367 -1.7200585603713989 -1.9497175216674805
   vertex 12.384199142456055 -1.9359028339385986 -1.735592246055603
   vertex 12.098057746887207 -1.809420108795166 -1.8670830726623535
  endloop
 endfacet
 facet normal 0.017421187137771792 -0.94926779446496579 0.31398591788538865
  outer loop
   vertex 11.27786922454834 -2.4447023868560791 0.88511604070663452
   vertex 11.569942474365234 -2.5185885429382324 0.64553201198577881
   vertex 11.611811637878418 -2.4028284549713135 0.99318426847457886
  endloop
 endfacet
 facet normal 0.016352007072482484 -0.072895273221020532 0.99720554100282366
  outer loop
   vertex 14.328113555908203 -0.0032009389251470566 2.5999979972839355
   vertex 13.95890998840332 -0.13155277073383331 2.5966696739196777
   vertex 14.133987426757812 -0.32404553890228271 2.5797276496887207
  endloop
 endfacet
 facet normal 0 -0.89229613518079609 -0.4514505589113989
  outer loop
   vertex 12.121089935302734 -2.3499999046325684 -1.1124297380447388
   vertex 12.197854995727539 -2.288337230682373 -1.2343065738677979
   vertex 12.274620056152344 -2.3499999046325684 -1.1124297380447388
  endloop
 endfacet
 facet normal -0.017696119840670974 -0.99480916503834871 0.10020764690525415
  outer loop
   vertex 10.691644668579102 -2.560387134552002 0.45212581753730774
   vertex 10.820071220397949 -2.5980355739593506 0.1010512039065361
   vertex 11.046632766723633 -2.5791189670562744 0.32885491847991943
  endloop
 endfacet
 facet normal -0.019562294869636478 -0.67639630780095639 0.73627803947467241
  outer loop
   vertex 11.871234893798828 -1.8885207176208496 1.7870336771011353
   vertex 12.134705543518066 -1.6998270750045776 1.9673810005187988
   vertex 11.849301338195801 -1.616079568862915 2.0367343425750732
  endloop
 endfacet
 facet normal 0 -0.89229643244237222 -0.4514499713707103
  outer loop
   vertex 11.967573165893555 -2.3499999046325684 -1.1124297380447388
   vertex 12.044331550598145 -2.2883388996124268 -1.2343034744262695
   vertex 12.121089935302734 -2.3499999046325684 -1.1124297380447388
  endloop
 endfacet
 facet normal 0.015379037511382173 -0.67786798921579161 -0.73502277134913507
  outer loop
   vertex 12.789363861083984 -1.6222892999649048 -2.0317916870117188
   vertex 12.68951416015625 -1.8782680034637451 -1.7978068590164185
   vertex 12.402585983276367 -1.7200585603713989 -1.9497175216674805
  endloop
 endfacet
 facet normal -0.012816801814429101 -0.48272467278242676 0.87567837696174089
  outer loop
   vertex 11.018500328063965 -1.4131439924240112 2.1824352741241455
   vertex 11.393633842468262 -1.3368737697601318 2.2299704551696777
   vertex 11.222933769226074 -1.1287075281143188 2.3422253131866455
  endloop
 endfacet
 facet normal 0.015672518828876589 -0.98171606538469447 0.18970487373589767
  outer loop
   vertex 11.277402877807617 -2.5484335422515869 0.51525342464447021
   vertex 11.549358367919922 -2.5770483016967773 0.34470537304878235
   vertex 11.569942474365234 -2.5185885429382324 0.64553201198577881
  endloop
 endfacet
 facet normal 0.039487894623070494 0.26513572632212329 0.96340217604377321
  outer loop
   vertex 14.02888298034668 0.95679998397827148 2.4175469875335693
   vertex 13.643442153930664 0.69016283750534058 2.5067260265350342
   vertex 13.879450798034668 0.47527623176574707 2.5561909675598145
  endloop
 endfacet
 facet normal -0.013513745580266242 -0.97809011167067006 -0.20774289911438099
  outer loop
   vertex 14.481781005859375 -2.5555689334869385 -0.47861039638519287
   vertex 13.976521492004395 -2.5770809650421143 -0.34446066617965698
   vertex 14.03431224822998 -2.4975507259368896 -0.72266232967376709
  endloop
 endfacet
 facet normal 0.00790819449229253 -0.72962727100459002 -0.68379931695364127
  outer loop
   vertex 11.009980201721191 -1.9783384799957275 -1.6870616674423218
   vertex 11.231135368347168 -1.787941575050354 -1.8876612186431885
   vertex 11.35584545135498 -2.0095620155334473 -1.6497455835342407
  endloop
 endfacet
 facet normal 0.0099589607600475381 -0.79669002512774423 -0.604306067289196
  outer loop
   vertex 13.588534355163574 -1.9521706104278564 -1.7172739505767822
   vertex 13.350597381591797 -2.1600105762481689 -1.4471882581710815
   vertex 13.192317962646484 -1.9951117038726807 -1.6671919822692871
  endloop
 endfacet
 facet normal -0.022294860302934531 -0.98168360929411158 0.18920948825933309
  outer loop
   vertex 10.940346717834473 -2.5078704357147217 0.68599283695220947
   vertex 11.046632766723633 -2.5791189670562744 0.32885491847991943
   vertex 11.277402877807617 -2.5484335422515869 0.51525342464447021
  endloop
 endfacet
 facet normal -0.011915502903181212 -0.70371241939837126 -0.71038500235791513
  outer loop
   vertex 12.402585983276367 -1.7200585603713989 -1.9497175216674805
   vertex 12.68951416015625 -1.8782680034637451 -1.7978068590164185
   vertex 12.384199142456055 -1.9359028339385986 -1.735592246055603
  endloop
 endfacet
 facet normal -0.014979975958274321 -0.73554300345407175 -0.67731240235954093
  outer loop
   vertex 11.231135368347168 -1.787941575050354 -1.8876612186431885
   vertex 11.564197540283203 -1.8611974716186523 -1.8154735565185547
   vertex 11.35584545135498 -2.0095620155334473 -1.6497455835342407
  endloop
 endfacet
 facet normal 0.0062648927600762018 -0.20877592685113905 0.97794343572936382
  outer loop
   vertex 12.086194038391113 -0.47243118286132812 2.5567183494567871
   vertex 11.960799217224121 -0.57473886013031006 2.5356805324554443
   vertex 12.11740779876709 -0.61938273906707764 2.525146484375
  endloop
 endfacet
 facet normal 0.0067472051144336354 0.12754329823542879 0.99181005353765828
  outer loop
   vertex 13.982166290283203 0.17504449188709259 2.5941009521484375
   vertex 13.879450798034668 0.47527623176574707 2.5561909675598145
   vertex 13.674768447875977 0.21409566700458527 2.5911703109741211
  endloop
 endfacet
 facet normal -0.012249097088306701 0.0093063013268779408 0.99988166918697674
  outer loop
   vertex 14.328113555908203 -0.0032009389251470566 2.5999979972839355
   vertex 13.982166290283203 0.17504449188709259 2.5941009521484375
   vertex 13.95890998840332 -0.13155277073383331 2.5966696739196777
  endloop
 endfacet
 facet normal -0.0082500626101428744 -0.39842802690302326 0.91716249587796184
  outer loop
   vertex 10.836762428283691 -1.1844494342803955 2.3145365715026855
   vertex 11.222933769226074 -1.1287075281143188 2.3422253131866455
   vertex 11.08949089050293 -0.91824525594711304 2.4324526786804199
  endloop
 endfacet
 facet normal -0.0067195153585055097 -0.99979130417176976 -0.019292387510589062
  outer loop
   vertex 10.609679222106934 -2.5903539657592773 -0.22375425696372986
   vertex 11.002597808837891 -2.5938689708709717 -0.1784488707780838
   vertex 10.820071220397949 -2.5980355739593506 0.1010512039065361
  endloop
 endfacet
 facet normal 0.0061707661041354341 -0.15352899043187548 0.98812487608735822
  outer loop
   vertex 12.100078582763672 -0.32269087433815002 2.579897403717041
   vertex 11.919212341308594 -0.38661190867424011 2.5710952281951904
   vertex 12.086194038391113 -0.47243118286132812 2.5567183494567871
  endloop
 endfacet
 facet normal 0.031990156239009082 -0.91377662909830326 -0.4049554321373473
  outer loop
   vertex 13.55550479888916 -2.3006172180175781 -1.2112637758255005
   vertex 13.610752105712891 -2.4509334564208984 -0.86771279573440552
   vertex 13.378328323364258 -2.3912246227264404 -1.0208057165145874
  endloop
 endfacet
 facet normal 0.0056417860536882103 -0.99202746609824077 -0.12589549935096211
  outer loop
   vertex 10.91022777557373 -2.5579104423522949 -0.4659331738948822
   vertex 11.002597808837891 -2.5938689708709717 -0.1784488707780838
   vertex 10.609679222106934 -2.5903539657592773 -0.22375425696372986
  endloop
 endfacet
 facet normal 0.020009167373124054 0.19010953553522172 0.9815589629358068
  outer loop
   vertex 10.975669860839844 0.44442528486251831 2.5617349147796631
   vertex 11.330862045288086 0.29784902930259705 2.582883358001709
   vertex 11.272015571594238 0.67252802848815918 2.5115146636962891
  endloop
 endfacet
 facet normal 0.005566263404034719 -0.21865445426421151 0.97578647579382682
  outer loop
   vertex 10.982028007507324 -0.63913601636886597 2.5202193260192871
   vertex 11.314394950866699 -0.6869322657585144 2.5076131820678711
   vertex 11.215097427368164 -0.46105492115020752 2.5587942600250244
  endloop
 endfacet
 facet normal -0.021771217770006891 0.090893991560249687 0.99562256722869447
  outer loop
   vertex 10.975669860839844 0.44442528486251831 2.5617349147796631
   vertex 11.116801261901855 0.069165550172328949 2.5990798473358154
   vertex 11.330862045288086 0.29784902930259705 2.582883358001709
  endloop
 endfacet
 facet normal 0 0.29666689075514419 -0.95498102385841954
  outer loop
   vertex 13.517623901367188 0.58145427703857422 -2.5341489315032959
   vertex 13.309604644775391 0.95679998397827148 -2.4175469875335693
   vertex 13.772375106811523 0.95679998397827148 -2.4175469875335693
  endloop
 endfacet
 facet normal 0.0053611051647813133 -0.85694512487998298 -0.51537977404613222
  outer loop
   vertex 13.804438591003418 -2.1359663009643555 -1.4824467897415161
   vertex 13.55550479888916 -2.3006172180175781 -1.2112637758255005
   vertex 13.350597381591797 -2.1600105762481689 -1.4471882581710815
  endloop
 endfacet
 facet normal -0.0075267478277655561 0.21646014802024799 0.9762624403233946
  outer loop
   vertex 13.643442153930664 0.69016283750534058 2.5067260265350342
   vertex 13.579357147216797 0.42491772770881653 2.5650429725646973
   vertex 13.879450798034668 0.47527623176574707 2.5561909675598145
  endloop
 endfacet
 facet normal -0.0073571139220391935 -0.30254008763213719 0.95310826680407978
  outer loop
   vertex 10.982028007507324 -0.63913601636886597 2.5202193260192871
   vertex 11.08949089050293 -0.91824525594711304 2.4324526786804199
   vertex 11.314394950866699 -0.6869322657585144 2.5076131820678711
  endloop
 endfacet
 facet normal 0.0080213161220116375 0.12656039278416464 0.99192647180423044
  outer loop
   vertex 13.879450798034668 0.47527623176574707 2.5561909675598145
   vertex 13.579357147216797 0.42491772770881653 2.5650429725646973
   vertex 13.674768447875977 0.21409566700458527 2.5911703109741211
  endloop
 endfacet
 facet normal 0.018390633747814772 -0.99573497315464032 -0.0904082287575734
  outer loop
   vertex 14.481781005859375 -2.5555689334869385 -0.47861039638519287
   vertex 14.329524040222168 -2.5999138355255127 -0.021177833899855614
   vertex 13.976521492004395 -2.5770809650421143 -0.34446066617965698
  endloop
 endfacet
 facet normal 0.012110066836371808 -0.18297270187077927 0.98304340527329992
  outer loop
   vertex 14.133987426757812 -0.32404553890228271 2.5797276496887207
   vertex 13.837667465209961 -0.40667557716369629 2.5679981708526611
   vertex 14.084718704223633 -0.61565983295440674 2.5260567665100098
  endloop
 endfacet
 facet normal 0.0064708696747822125 -0.97080880398903657 0.23976737464264883
  outer loop
   vertex 12.172347068786621 -2.4845468997955322 0.76617693901062012
   vertex 11.847480773925781 -2.4969334602355957 0.7247917652130127
   vertex 12.046159744262695 -2.5527439117431641 0.4934554398059845
  endloop
 endfacet
 facet normal 0.027961966846009111 -0.73124135559690717 -0.68154545576571801
  outer loop
   vertex 0.64714998006820679 -1.6384724378585815 -2.0187640190124512
   vertex 0.79368501901626587 -2.1451416015625 -1.4691383838653564
   vertex 1.3312378068929161e-14 -1.7679387331008911 -1.9064083099365234
  endloop
 endfacet
 facet normal 0.006627564102130363 0.21437541009426522 0.97672885640846485
  outer loop
   vertex 11.272015571594238 0.67252802848815918 2.5115146636962891
   vertex 11.61109447479248 0.39972752332687378 2.5690889358520508
   vertex 11.575067520141602 0.70915830135345459 2.5014185905456543
  endloop
 endfacet
 facet normal -0.020646356137069884 -0.65702938224267926 0.75358219116965885
  outer loop
   vertex 12.60981559753418 -1.8540133237838745 1.8228095769882202
   vertex 12.954683303833008 -1.7484996318817139 1.9242528676986694
   vertex 12.721288681030273 -1.5792561769485474 2.0654175281524658
  endloop
 endfacet
 facet normal 0.0040801885587703826 -0.32011411703174703 0.94737020437541186
  outer loop
   vertex 12.021847724914551 -0.77331167459487915 2.4823353290557861
   vertex 12.155865669250488 -0.90937215089797974 2.4357836246490479
   vertex 12.190682411193848 -0.75019508600234985 2.4894192218780518
  endloop
 endfacet
 facet normal 0.014014562127727401 -0.53273695023524348 0.84616483849331603
  outer loop
   vertex 11.393633842468262 -1.3368737697601318 2.2299704551696777
   vertex 11.615093231201172 -1.5009889602661133 2.1229772567749023
   vertex 11.693981170654297 -1.2486323118209839 2.2805519104003906
  endloop
 endfacet
 facet normal 0.015604644155979687 -0.73509668367694581 -0.67778267957208937
  outer loop
   vertex 12.098057746887207 -1.809420108795166 -1.8670830726623535
   vertex 12.120847702026367 -2.0114398002624512 -1.6474556922912598
   vertex 11.84038257598877 -1.925855278968811 -1.7467344999313354
  endloop
 endfacet
 facet normal 0.0069316259015244326 -0.53832210160439797 -0.8427106665318681
  outer loop
   vertex 0.57175761461257935 -1.1470955610275269 -2.3332748413085938
   vertex 0.64714998006820679 -1.6384724378585815 -2.0187640190124512
   vertex 1.6174044999909924e-14 -1.1811634302139282 -2.3162152767181396
  endloop
 endfacet
 facet normal -0.014959893516131662 -0.73668424456810755 -0.67607139075034273
  outer loop
   vertex 12.098057746887207 -1.809420108795166 -1.8670830726623535
   vertex 12.384199142456055 -1.9359028339385986 -1.735592246055603
   vertex 12.120847702026367 -2.0114398002624512 -1.6474556922912598
  endloop
 endfacet
 facet normal -0.010436196200227951 -0.69365428418636166 0.72023247624553599
  outer loop
   vertex 12.235393524169922 -1.914846658706665 1.7587957382202148
   vertex 12.60981559753418 -1.8540133237838745 1.8228095769882202
   vertex 12.436495780944824 -1.7151517868041992 1.9540354013442993
  endloop
 endfacet
 facet normal -0.035074511035488656 -0.4660823216326907 -0.88404584051795776
  outer loop
   vertex 14.326191902160645 -1.5276929140090942 -2.1038427352905273
   vertex 14.542468070983887 -0.92691850662231445 -2.4291608333587646
   vertex 15.079999923706055 -1.2247686386108398 -2.2934563159942627
  endloop
 endfacet
 facet normal -0.012722178956829767 -0.9134034118782578 0.40685667418852578
  outer loop
   vertex 14.001483917236328 -2.2603757381439209 1.2847961187362671
   vertex 13.898285865783691 -2.47110915184021 0.80846738815307617
   vertex 14.492780685424805 -2.4422788619995117 0.89178162813186646
  endloop
 endfacet
 facet normal -0.019800481667271341 -0.99069586600361459 0.13464635906363046
  outer loop
   vertex 11.277402877807617 -2.5484335422515869 0.51525342464447021
   vertex 11.331082344055176 -2.592221736907959 0.20096416771411896
   vertex 11.549358367919922 -2.5770483016967773 0.34470537304878235
  endloop
 endfacet
 facet normal -0.035930555394403887 -0.23996328951265361 -0.97011680475874462
  outer loop
   vertex 14.542468070983887 -0.92691850662231445 -2.4291608333587646
   vertex 14.611799240112305 -0.33342722058296204 -2.5785317420959473
   vertex 15.079999923706055 -0.6169126033782959 -2.5257511138916016
  endloop
 endfacet
 facet normal 0.00031006867645260952 -0.74994852929903855 0.66149611280764542
  outer loop
   vertex 14.262401580810547 -1.7696661949157715 1.9048048257827759
   vertex 14.486754417419434 -2.1112465858459473 1.5174446105957031
   vertex 15.079999923706055 -1.7678012847900391 1.9065358638763428
  endloop
 endfacet
 facet normal 0.0067437592214415849 0.034833105730798765 0.99937039002399419
  outer loop
   vertex 12.408111572265625 0.17211927473545074 2.5942966938018799
   vertex 12.219114303588867 0.096843458712100983 2.5981957912445068
   vertex 12.383725166320801 0.014349495060741901 2.5999603271484375
  endloop
 endfacet
 facet normal 0.015573033005588328 -0.99943100556803222 0.029918986484817858
  outer loop
   vertex 0.71346926689147949 -2.5869481563568115 -0.26019033789634705
   vertex 0.93766230344772339 -2.562492847442627 0.44003486633300781
   vertex -2.1997223294045526e-15 -2.5808460712432861 0.31501275300979614
  endloop
 endfacet
 facet normal 0.012923191397623579 -0.96984181473390951 0.24339236947311582
  outer loop
   vertex 14.492780685424805 -2.4422788619995117 0.89178162813186646
   vertex 13.898285865783691 -2.47110915184021 0.80846738815307617
   vertex 14.144619941711426 -2.5668363571166992 0.41394528746604919
  endloop
 endfacet
 facet normal 0.0051145430149402722 -0.97067026725072125 0.24036029981084953
  outer loop
   vertex 12.327656745910645 -2.5574460029602051 0.46847665309906006
   vertex 12.172347068786621 -2.4845468997955322 0.76617693901062012
   vertex 12.046159744262695 -2.5527439117431641 0.4934554398059845
  endloop
 endfacet
 facet normal -0.010971926578749651 0.2532407696781343 0.96734106157031141
  outer loop
   vertex 13.643442153930664 0.69016283750534058 2.5067260265350342
   vertex 13.395057678222656 0.77715098857879639 2.4811360836029053
   vertex 13.375616073608398 0.53397631645202637 2.5445764064788818
  endloop
 endfacet
 facet normal -0.012590835180473933 -0.54335077212843463 0.8394113468954848
  outer loop
   vertex 13.712478637695312 -1.3519977331161499 2.2208337783813477
   vertex 13.420541763305664 -1.2795569896697998 2.2633457183837891
   vertex 13.497572898864746 -1.5271821022033691 2.1042134761810303
  endloop
 endfacet
 facet normal -0.00025686508098811655 -0.61749677950646653 0.78657336677481804
  outer loop
   vertex 14.576337814331055 -1.4310555458068848 2.1707324981689453
   vertex 14.262401580810547 -1.7696661949157715 1.9048048257827759
   vertex 15.079999923706055 -1.7678012847900391 1.9065358638763428
  endloop
 endfacet
 facet normal 0.016147589530697552 -0.57833675117986239 0.81563831297154643
  outer loop
   vertex 11.615093231201172 -1.5009889602661133 2.1229772567749023
   vertex 11.849301338195801 -1.616079568862915 2.0367343425750732
   vertex 11.898439407348633 -1.3754135370254517 2.2064082622528076
  endloop
 endfacet
 facet normal -0.0067876988492060327 -0.9959011053237331 -0.090193766743046966
  outer loop
   vertex 12.577070236206055 -2.5876591205596924 -0.25302261114120483
   vertex 12.405427932739258 -2.5953934192657471 -0.15470480918884277
   vertex 12.413863182067871 -2.5811855792999268 -0.31221967935562134
  endloop
 endfacet
 facet normal 0.013633953044477738 -0.97190351153256527 -0.23498442415413401
  outer loop
   vertex 10.60106372833252 -2.5291721820831299 -0.60273349285125732
   vertex 10.885966300964355 -2.4899461269378662 -0.74844354391098022
   vertex 10.91022777557373 -2.5579104423522949 -0.4659331738948822
  endloop
 endfacet
 facet normal -0.011938721680674108 -0.098438640302013103 0.99507150548094891
  outer loop
   vertex 13.95890998840332 -0.13155277073383331 2.5966696739196777
   vertex 13.837667465209961 -0.40667557716369629 2.5679981708526611
   vertex 14.133987426757812 -0.32404553890228271 2.5797276496887207
  endloop
 endfacet
 facet normal -0.01878479750487036 -0.95562409165554318 -0.29398933115033088
  outer loop
   vertex 10.60106372833252 -2.5291721820831299 -0.60273349285125732
   vertex 10.61913013458252 -2.4325079917907715 -0.91809868812561035
   vertex 10.885966300964355 -2.4899461269378662 -0.74844354391098022
  endloop
 endfacet
 facet normal -0.014422006408530273 -0.75659353853653766 -0.6537264130933621
  outer loop
   vertex 11.564197540283203 -1.8611974716186523 -1.8154735565185547
   vertex 11.84038257598877 -1.925855278968811 -1.7467344999313354
   vertex 11.628209114074707 -2.0565006732940674 -1.5908505916595459
  endloop
 endfacet
 facet normal 0.0094505757887589428 -0.35984908833042178 0.93296265747618501
  outer loop
   vertex 12.155865669250488 -0.90937215089797974 2.4357836246490479
   vertex 12.306931495666504 -1.0196294784545898 2.3917264938354492
   vertex 12.298479080200195 -0.85272544622421265 2.4561879634857178
  endloop
 endfacet
 facet normal 0.0043544483810004451 -0.99485219447377404 0.10124302410543266
  outer loop
   vertex 13.241880416870117 -2.5668683052062988 0.41374796628952026
   vertex 12.89726734161377 -2.5712282657623291 0.38572710752487183
   vertex 13.051516532897949 -2.5969090461730957 0.12674382328987122
  endloop
 endfacet
 facet normal 0.012376797562706286 -0.97474499861734054 0.22297758307186924
  outer loop
   vertex 11.569942474365234 -2.5185885429382324 0.64553201198577881
   vertex 11.797956466674805 -2.5618524551391602 0.44374775886535645
   vertex 11.847480773925781 -2.4969334602355957 0.7247917652130127
  endloop
 endfacet
 facet normal 0.0081888234555638744 -0.46941530150020572 0.88293953240744882
  outer loop
   vertex 11.393633842468262 -1.3368737697601318 2.2299704551696777
   vertex 11.53941822052002 -1.0814237594604492 2.3644285202026367
   vertex 11.222933769226074 -1.1287075281143188 2.3422253131866455
  endloop
 endfacet
 facet normal 0.0048143560828179154 -0.79745845178741914 -0.60335465494874596
  outer loop
   vertex 11.009980201721191 -1.9783384799957275 -1.6870616674423218
   vertex 11.176331520080566 -2.1687109470367432 -1.4341175556182861
   vertex 10.810372352600098 -2.1516661643981934 -1.4595658779144287
  endloop
 endfacet
 facet normal -0.015425459072035946 -0.77846043184642877 -0.6275041125457973
  outer loop
   vertex 12.120847702026367 -2.0114398002624512 -1.6474556922912598
   vertex 11.87589168548584 -2.1100938320159912 -1.5190472602844238
   vertex 11.84038257598877 -1.925855278968811 -1.7467344999313354
  endloop
 endfacet
 facet normal 0.012318240947439914 -0.29382503078291483 0.95577984506128821
  outer loop
   vertex 14.084718704223633 -0.61565983295440674 2.5260567665100098
   vertex 13.79142951965332 -0.69691663980484009 2.5048568248748779
   vertex 14.024264335632324 -0.89734071493148804 2.440241813659668
  endloop
 endfacet
 facet normal 0.021467536780506342 -0.99571197516284715 0.089982261484580023
  outer loop
   vertex 13.39217472076416 -2.5999743938446045 0.011551168747246265
   vertex 13.241880416870117 -2.5668683052062988 0.41374796628952026
   vertex 13.051516532897949 -2.5969090461730957 0.12674382328987122
  endloop
 endfacet
 facet normal -0.018614650080496911 0.18426089216652414 0.98270108294454284
  outer loop
   vertex 11.330862045288086 0.29784902930259705 2.582883358001709
   vertex 11.61109447479248 0.39972752332687378 2.5690889358520508
   vertex 11.272015571594238 0.67252802848815918 2.5115146636962891
  endloop
 endfacet
 facet normal -0.0021974155182706732 -0.47624087633436685 0.87931211698310774
  outer loop
   vertex 13.908236503601074 -1.1292619705200195 2.3419580459594727
   vertex 13.588915824890137 -1.1165448427200317 2.3480477333068848
   vertex 13.712478637695312 -1.3519977331161499 2.2208337783813477
  endloop
 endfacet
 facet normal 0.0058633327083918935 0.049573446773583753 0.99875327018465243
  outer loop
   vertex 12.606367111206055 0.21768578886985779 2.5908710956573486
   vertex 12.408111572265625 0.17211927473545074 2.5942966938018799
   vertex 12.531411170959473 0.053883258253335953 2.5994415283203125
  endloop
 endfacet
 facet normal 0.028183074586753717 -0.97369226905607809 -0.2261174020000758
  outer loop
   vertex 0.51570016145706177 -2.4528534412384033 -0.86227017641067505
   vertex 0.71346926689147949 -2.5869481563568115 -0.26019033789634705
   vertex 3.5826876337049889e-15 -2.5488758087158203 -0.51306122541427612
  endloop
 endfacet
 facet normal 0.0053692773505173109 -0.13162570688224665 0.99128494599105166
  outer loop
   vertex 11.285813331604004 -0.21475273370742798 2.5911159515380859
   vertex 11.215097427368164 -0.46105492115020752 2.5587942600250244
   vertex 11.523048400878906 -0.49212488532066345 2.5530006885528564
  endloop
 endfacet
 facet normal 0.00035613849510005181 -0.98211619227651414 -0.18827548442017975
  outer loop
   vertex 12.742868423461914 -2.5381097793579102 -0.56391417980194092
   vertex 12.680144309997559 -2.5665907859802246 -0.41546511650085449
   vertex 12.596339225769043 -2.5385012626647949 -0.56214922666549683
  endloop
 endfacet
 facet normal -0.0036999521474345666 -0.69717320630790158 0.71689317946292863
  outer loop
   vertex 12.235393524169922 -1.914846658706665 1.7587957382202148
   vertex 12.436495780944824 -1.7151517868041992 1.9540354013442993
   vertex 12.134705543518066 -1.6998270750045776 1.9673810005187988
  endloop
 endfacet
 facet normal -0.012838936937124443 -0.9645353679755746 -0.26364120623026188
  outer loop
   vertex 14.481781005859375 -2.5555689334869385 -0.47861039638519287
   vertex 14.434925079345703 -2.4412200450897217 -0.89467573165893555
   vertex 15.079999923706055 -2.488156795501709 -0.75437110662460327
  endloop
 endfacet
 facet normal -0.0029046063526387287 -0.98685255064642308 -0.16159704992537802
  outer loop
   vertex 13.579122543334961 -2.5843489170074463 -0.28485146164894104
   vertex 13.246584892272949 -2.5861871242523193 -0.2676486074924469
   vertex 13.373372077941895 -2.5378711223602295 -0.5649871826171875
  endloop
 endfacet
 facet normal 0.012010356996106693 -0.74506452808477097 -0.6668842480630679
  outer loop
   vertex 13.01573657989502 -1.8219058513641357 -1.8549013137817383
   vertex 12.877373695373535 -2.0271339416503906 -1.6281057596206665
   vertex 12.68951416015625 -1.8782680034637451 -1.7978068590164185
  endloop
 endfacet
 facet normal 0.017774585855050502 -0.98985753440559388 0.14094724430850009
  outer loop
   vertex 11.277402877807617 -2.5484335422515869 0.51525342464447021
   vertex 11.046632766723633 -2.5791189670562744 0.32885491847991943
   vertex 11.331082344055176 -2.592221736907959 0.20096416771411896
  endloop
 endfacet
 facet normal -0.0084954818220136612 -0.7388727435878929 -0.67379143328741709
  outer loop
   vertex 13.01573657989502 -1.8219058513641357 -1.8549013137817383
   vertex 13.192317962646484 -1.9951117038726807 -1.6671919822692871
   vertex 12.877373695373535 -2.0271339416503906 -1.6281057596206665
  endloop
 endfacet
 facet normal -0.017082747952694002 -0.58841108896347039 0.80838145086784841
  outer loop
   vertex 13.257159233093262 -1.6458234786987305 2.0127754211425781
   vertex 13.497572898864746 -1.5271821022033691 2.1042134761810303
   vertex 13.226057052612305 -1.4018094539642334 2.1897330284118652
  endloop
 endfacet
 facet normal 0.0075146789718350546 -0.99713056315325244 0.075327084276693143
  outer loop
   vertex 10.820071220397949 -2.5980355739593506 0.1010512039065361
   vertex 11.164036750793457 -2.5995903015136719 0.046156514436006546
   vertex 11.046632766723633 -2.5791189670562744 0.32885491847991943
  endloop
 endfacet
 facet normal 0.0044834972285643405 -0.99762066666820903 0.068796102281158608
  outer loop
   vertex 14.658483505249023 -2.5696673393249512 0.3959917426109314
   vertex 14.329524040222168 -2.5999138355255127 -0.021177833899855614
   vertex 15.079999923706055 -2.5992851257324219 -0.060969952493906021
  endloop
 endfacet
 facet normal 0.0071423403846241559 -0.96259757269800317 -0.27084109734259748
  outer loop
   vertex 13.610752105712891 -2.4509334564208984 -0.86771279573440552
   vertex 13.373372077941895 -2.5378711223602295 -0.5649871826171875
   vertex 13.278393745422363 -2.4642665386199951 -0.82909023761749268
  endloop
 endfacet
 facet normal -0.0052674781367487459 -0.0037410753028107083 0.99997912879702511
  outer loop
   vertex 13.118550300598145 -0.04919762909412384 2.5995345115661621
   vertex 12.960535049438477 0.066990353167057037 2.5991368293762207
   vertex 12.939367294311523 -0.090121269226074219 2.5984375476837158
  endloop
 endfacet
 facet normal 0.0094074957348302488 -0.50123067451466463 -0.86526256705671334
  outer loop
   vertex 14.326191902160645 -1.5276929140090942 -2.1038427352905273
   vertex 13.630595207214355 -1.4673902988433838 -2.1463377475738525
   vertex 13.974270820617676 -1.0962915420532227 -2.3575718402862549
  endloop
 endfacet
 facet normal -0.01724613485372117 0.1477561537180993 -0.98887344482043837
  outer loop
   vertex 14.704854011535645 0.25122725963592529 -2.5878341197967529
   vertex 14.254802703857422 0.14397624135017395 -2.5960104465484619
   vertex 14.412186622619629 0.59074068069458008 -2.5320003032684326
  endloop
 endfacet
 facet normal 0 0.30817719251719816 -0.95132897465189059
  outer loop
   vertex 14.788534164428711 0.64248114824295044 -2.5193686485290527
   vertex 14.624777793884277 0.95679998397827148 -2.4175469875335693
   vertex 15.079999923706055 0.95679998397827148 -2.4175469875335693
  endloop
 endfacet
 facet normal -0.0077000673190295403 -0.99977167731185923 -0.019932441102736717
  outer loop
   vertex 10.820071220397949 -2.5980355739593506 0.1010512039065361
   vertex 11.002597808837891 -2.5938689708709717 -0.1784488707780838
   vertex 11.164036750793457 -2.5995903015136719 0.046156514436006546
  endloop
 endfacet
 facet normal -0.011805167920005336 -0.91254521518614173 -0.40880541612270566
  outer loop
   vertex 10.679911613464355 -2.3101563453674316 -1.1929701566696167
   vertex 10.927431106567383 -2.4024593830108643 -0.99407678842544556
   vertex 10.61913013458252 -2.4325079917907715 -0.91809868812561035
  endloop
 endfacet
 facet normal 0.020672423219081654 -0.97941607238862316 0.20079045810270602
  outer loop
   vertex 12.581101417541504 -2.5064239501953125 0.69125866889953613
   vertex 12.327656745910645 -2.5574460029602051 0.46847665309906006
   vertex 12.595400810241699 -2.5768196582794189 0.34641015529632568
  endloop
 endfacet
 facet normal -0.0072494416078834941 0.028432579570586706 0.99956942430995555
  outer loop
   vertex 12.960535049438477 0.066990353167057037 2.5991368293762207
   vertex 12.796348571777344 0.1528327614068985 2.5955042839050293
   vertex 12.816799163818359 1.7347234759768071e-18 2.5999999046325684
  endloop
 endfacet
 facet normal -0.017911220153332689 -0.62208246721564742 0.78274682508171933
  outer loop
   vertex 12.954683303833008 -1.7484996318817139 1.9242528676986694
   vertex 13.257159233093262 -1.6458234786987305 2.0127754211425781
   vertex 13.019912719726562 -1.495148777961731 2.1270942687988281
  endloop
 endfacet
 facet normal 0.0026419239987798496 -0.90396845661595404 -0.42759098409689916
  outer loop
   vertex 13.55550479888916 -2.3006172180175781 -1.2112637758255005
   vertex 13.378328323364258 -2.3912246227264404 -1.0208057165145874
   vertex 13.261017799377441 -2.3098578453063965 -1.1935477256774902
  endloop
 endfacet
 facet normal 0.0028913647988142994 -0.99870338590221797 -0.050825062686097412
  outer loop
   vertex 13.579122543334961 -2.5843489170074463 -0.28485146164894104
   vertex 13.39217472076416 -2.5999743938446045 0.011551168747246265
   vertex 13.246584892272949 -2.5861871242523193 -0.2676486074924469
  endloop
 endfacet
 facet normal 0.012573752489827818 -0.75280402250269862 -0.65812461164439151
  outer loop
   vertex 11.564197540283203 -1.8611974716186523 -1.8154735565185547
   vertex 11.628209114074707 -2.0565006732940674 -1.5908505916595459
   vertex 11.35584545135498 -2.0095620155334473 -1.6497455835342407
  endloop
 endfacet
 facet normal 0.0026870406997925953 0.1433979516131495 -0.98966146094784879
  outer loop
   vertex 0.85386776924133301 0.17005465924739838 -2.5944328308105469
   vertex 0.59932327270507812 0.56461590528488159 -2.5379536151885986
   vertex 1.0781171321868896 0.58068615198135376 -2.534325122833252
  endloop
 endfacet
 facet normal -0.004129192339573969 -0.22271033445115712 0.97487591861696776
  outer loop
   vertex 11.215097427368164 -0.46105492115020752 2.5587942600250244
   vertex 11.314394950866699 -0.6869322657585144 2.5076131820678711
   vertex 11.523048400878906 -0.49212488532066345 2.5530006885528564
  endloop
 endfacet
 facet normal -0.026035901204474372 -0.81604724737815371 0.57739849488460671
  outer loop
   vertex 14.486754417419434 -2.1112465858459473 1.5174446105957031
   vertex 13.944944381713867 -1.954221248626709 1.714940071105957
   vertex 14.001483917236328 -2.2603757381439209 1.2847961187362671
  endloop
 endfacet
 facet normal -0.0047717142380187746 0.037431378914621664 0.99928780769895342
  outer loop
   vertex 13.982166290283203 0.17504449188709259 2.5941009521484375
   vertex 13.674768447875977 0.21409566700458527 2.5911703109741211
   vertex 13.742229461669922 -0.012253795750439167 2.5999710559844971
  endloop
 endfacet
 facet normal -0.0090830053554598507 -0.033440081708640962 0.99939944964415117
  outer loop
   vertex 11.116801261901855 0.069165550172328949 2.5990798473358154
   vertex 11.285813331604004 -0.21475273370742798 2.5911159515380859
   vertex 11.418692588806152 0.01360112801194191 2.5999643802642822
  endloop
 endfacet
 facet normal -0.0085678840613438965 -0.85769416957210232 -0.51408880832472248
  outer loop
   vertex 10.679911613464355 -2.3101563453674316 -1.1929701566696167
   vertex 10.810372352600098 -2.1516661643981934 -1.4595658779144287
   vertex 11.006309509277344 -2.2855355739593506 -1.2394866943359375
  endloop
 endfacet
 facet normal -0.0041323622111568079 -0.93374913419550243 -0.35790428604824664
  outer loop
   vertex 13.610752105712891 -2.4509334564208984 -0.86771279573440552
   vertex 13.278393745422363 -2.4642665386199951 -0.82909023761749268
   vertex 13.378328323364258 -2.3912246227264404 -1.0208057165145874
  endloop
 endfacet
 facet normal -0.0028944280759112206 -0.38006295091539777 0.92495609389180911
  outer loop
   vertex 12.657085418701172 -1.0544394254684448 2.3765852451324463
   vertex 12.82726001739502 -1.0354276895523071 2.3849296569824219
   vertex 12.712436676025391 -0.9267764687538147 2.4292149543762207
  endloop
 endfacet
 facet normal -0.0098233923599989337 -0.36558667410092915 0.930725461498912
  outer loop
   vertex 12.82726001739502 -1.0354276895523071 2.3849296569824219
   vertex 12.985514640808105 -0.93321162462234497 2.4267501831054688
   vertex 12.84632396697998 -0.86968261003494263 2.45023512840271
  endloop
 endfacet
 facet normal 0.014796373312061538 -0.77616315847143758 -0.63035848433129871
  outer loop
   vertex 11.84038257598877 -1.925855278968811 -1.7467344999313354
   vertex 11.87589168548584 -2.1100938320159912 -1.5190472602844238
   vertex 11.628209114074707 -2.0565006732940674 -1.5908505916595459
  endloop
 endfacet
 facet normal 0.00054189849445223498 -0.38386000945989518 0.92339114111164766
  outer loop
   vertex 12.474872589111328 -1.0504732131958008 2.3783409595489502
   vertex 12.657085418701172 -1.0544394254684448 2.3765852451324463
   vertex 12.570140838623047 -0.94296896457672119 2.4229753017425537
  endloop
 endfacet
 facet normal -0.0059237021938610109 -0.62078365696565407 -0.78395954040796489
  outer loop
   vertex 14.326191902160645 -1.5276929140090942 -2.1038427352905273
   vertex 13.789668083190918 -1.742456316947937 -1.9297268390655518
   vertex 13.630595207214355 -1.4673902988433838 -2.1463377475738525
  endloop
 endfacet
 facet normal 0.014913559522534212 0.21126962369873109 0.97731403952085139
  outer loop
   vertex 13.643442153930664 0.69016283750534058 2.5067260265350342
   vertex 13.375616073608398 0.53397631645202637 2.5445764064788818
   vertex 13.579357147216797 0.42491772770881653 2.5650429725646973
  endloop
 endfacet
 facet normal 0.0034465742434141682 -0.39164854589674886 0.92010843796964858
  outer loop
   vertex 13.908236503601074 -1.1292619705200195 2.3419580459594727
   vertex 14.024264335632324 -0.89734071493148804 2.440241813659668
   vertex 13.696206092834473 -0.92076903581619263 2.4314982891082764
  endloop
 endfacet
 facet normal -0.016439065681807755 -0.98129247552773979 0.19181979718514275
  outer loop
   vertex 11.569942474365234 -2.5185885429382324 0.64553201198577881
   vertex 11.549358367919922 -2.5770483016967773 0.34470537304878235
   vertex 11.797956466674805 -2.5618524551391602 0.44374775886535645
  endloop
 endfacet
 facet normal -0.0078599436294080824 -0.97982733556315271 0.19969129617826517
  outer loop
   vertex 12.581101417541504 -2.5064239501953125 0.69125866889953613
   vertex 12.595400810241699 -2.5768196582794189 0.34641015529632568
   vertex 12.89726734161377 -2.5712282657623291 0.38572710752487183
  endloop
 endfacet
 facet normal 0.033850827303474024 -0.67907077565792362 -0.73329189490830748
  outer loop
   vertex 14.326191902160645 -1.5276929140090942 -2.1038427352905273
   vertex 14.036871910095215 -1.915605902671814 -1.7579686641693115
   vertex 13.789668083190918 -1.742456316947937 -1.9297268390655518
  endloop
 endfacet
 facet normal -0.0097257305399244733 -0.78053686017232315 -0.62503409513225439
  outer loop
   vertex 14.54541015625 -1.9850666522979736 -1.6791397333145142
   vertex 14.202795028686523 -2.1192820072174072 -1.5062016248703003
   vertex 14.036871910095215 -1.915605902671814 -1.7579686641693115
  endloop
 endfacet
 facet normal -0.0094066109417394704 0.32165119635881895 0.94681150370679978
  outer loop
   vertex 12.176154136657715 0.95679998397827148 2.4175469875335693
   vertex 12.08642578125 0.69833171367645264 2.5044624805450439
   vertex 12.359304428100586 0.75380194187164307 2.4883291721343994
  endloop
 endfacet
 facet normal -0.0050778580049277459 -0.32931396130281088 0.94420682599160044
  outer loop
   vertex 12.985514640808105 -0.93321162462234497 2.4267501831054688
   vertex 13.129945755004883 -0.80512481927871704 2.4722001552581787
   vertex 12.959793090820312 -0.77453744411468506 2.4819531440734863
  endloop
 endfacet
 facet normal 0.019049351773277538 0.0069314919822394318 0.99979451719636769
  outer loop
   vertex 13.982166290283203 0.17504449188709259 2.5941009521484375
   vertex 13.742229461669922 -0.012253795750439167 2.5999710559844971
   vertex 13.95890998840332 -0.13155277073383331 2.5966696739196777
  endloop
 endfacet
 facet normal -0.0078278211049921786 -0.80143375972694153 -0.59803231851354577
  outer loop
   vertex 11.35584545135498 -2.0095620155334473 -1.6497455835342407
   vertex 11.176331520080566 -2.1687109470367432 -1.4341175556182861
   vertex 11.009980201721191 -1.9783384799957275 -1.6870616674423218
  endloop
 endfacet
 facet normal 0.013625778782705393 -0.60980112032952383 0.79243733619600631
  outer loop
   vertex 12.134705543518066 -1.6998270750045776 1.9673810005187988
   vertex 12.098641395568848 -1.473717212677002 2.1419985294342041
   vertex 11.849301338195801 -1.616079568862915 2.0367343425750732
  endloop
 endfacet
 facet normal 0.027888308811168883 -0.66796679057308295 0.74366834605430654
  outer loop
   vertex 12.436495780944824 -1.7151517868041992 1.9540354013442993
   vertex 12.60981559753418 -1.8540133237838745 1.8228095769882202
   vertex 12.721288681030273 -1.5792561769485474 2.0654175281524658
  endloop
 endfacet
 facet normal -0.011486550447376169 -0.85686491198988823 -0.51541302055669991
  outer loop
   vertex 14.594345092773438 -2.290539026260376 -1.2302160263061523
   vertex 14.037599563598633 -2.3341705799102783 -1.1452716588973999
   vertex 14.202795028686523 -2.1192820072174072 -1.5062016248703003
  endloop
 endfacet
 facet normal -0.0082615675006237899 0.047157869928058961 0.99885328342368729
  outer loop
   vertex 12.796348571777344 0.1528327614068985 2.5955042839050293
   vertex 12.606367111206055 0.21768578886985779 2.5908710956573486
   vertex 12.684191703796387 0.046930793672800064 2.599576473236084
  endloop
 endfacet
 facet normal 0.0011575772235596783 -0.9996535298034851 -0.026296014268409929
  outer loop
   vertex 11.002597808837891 -2.5938689708709717 -0.1784488707780838
   vertex 11.283329010009766 -2.5933492183685303 -0.1858493983745575
   vertex 11.164036750793457 -2.5995903015136719 0.046156514436006546
  endloop
 endfacet
 facet normal -0.0036590571464831792 -0.86040071600029089 -0.50960496387592757
  outer loop
   vertex 13.55550479888916 -2.3006172180175781 -1.2112637758255005
   vertex 13.261017799377441 -2.3098578453063965 -1.1935477256774902
   vertex 13.350597381591797 -2.1600105762481689 -1.4471882581710815
  endloop
 endfacet
 facet normal -0.011472475318716506 -0.99939664020404273 -0.032783194763971145
  outer loop
   vertex 11.164036750793457 -2.5995903015136719 0.046156514436006546
   vertex 11.283329010009766 -2.5933492183685303 -0.1858493983745575
   vertex 11.41908073425293 -2.5996925830841064 -0.039978042244911194
  endloop
 endfacet
 facet normal 0.0086032392170844931 0.062630128903273657 0.99799972506435741
  outer loop
   vertex 11.116801261901855 0.069165550172328949 2.5990798473358154
   vertex 11.418692588806152 0.01360112801194191 2.5999643802642822
   vertex 11.330862045288086 0.29784902930259705 2.582883358001709
  endloop
 endfacet
 facet normal 0.0011455108064181232 0.25614455193863994 0.96663781030805207
  outer loop
   vertex 12.657441139221191 0.76265913248062134 2.4856288433074951
   vertex 12.359304428100586 0.75380194187164307 2.4883291721343994
   vertex 12.507827758789062 0.57271754741668701 2.5361378192901611
  endloop
 endfacet
 facet normal 0.0029356728839826977 -0.39245256779796084 0.91976755968750357
  outer loop
   vertex 11.08949089050293 -0.91824525594711304 2.4324526786804199
   vertex 11.222933769226074 -1.1287075281143188 2.3422253131866455
   vertex 11.418011665344238 -0.89874261617660522 2.4397256374359131
  endloop
 endfacet
 facet normal 0.011477708883768123 -0.76099801480217144 -0.64865266797102861
  outer loop
   vertex 12.68951416015625 -1.8782680034637451 -1.7978068590164185
   vertex 12.618715286254883 -2.063615083694458 -1.5816107988357544
   vertex 12.384199142456055 -1.9359028339385986 -1.735592246055603
  endloop
 endfacet
 facet normal 0.0061435679611406254 -0.053664802678796204 0.99854010711946506
  outer loop
   vertex 13.181708335876465 -0.24020113050937653 2.5888807773590088
   vertex 13.118550300598145 -0.04919762909412384 2.5995345115661621
   vertex 13.02877140045166 -0.2121846079826355 2.591327428817749
  endloop
 endfacet
 facet normal -0.0071650938394946326 -0.36506782899278378 0.93095335096059828
  outer loop
   vertex 11.782455444335938 -1.0343632698059082 2.3853914737701416
   vertex 11.990531921386719 -0.97439932823181152 2.4105074405670166
   vertex 11.860998153686523 -0.87938457727432251 2.4467699527740479
  endloop
 endfacet
 facet normal -0.0096542558922860094 -0.97392374662778258 0.22667009308170502
  outer loop
   vertex 11.847480773925781 -2.4969334602355957 0.7247917652130127
   vertex 11.797956466674805 -2.5618524551391602 0.44374775886535645
   vertex 12.046159744262695 -2.5527439117431641 0.4934554398059845
  endloop
 endfacet
 facet normal 0.0021787892028971387 0.29408316125362294 -0.95577735228696692
  outer loop
   vertex 2.0695908069610596 0.55971354246139526 -2.5390393733978271
   vertex 1.5565847158432007 0.57357281446456909 -2.5359444618225098
   vertex 1.7681549787521362 0.95679998397827148 -2.4175469875335693
  endloop
 endfacet
 facet normal 0 0.29257183766179834 -0.95624354628263941
  outer loop
   vertex 2.2957541942596436 0.95679998397827148 -2.4175469875335693
   vertex 2.0695908069610596 0.55971354246139526 -2.5390393733978271
   vertex 1.7681549787521362 0.95679998397827148 -2.4175469875335693
  endloop
 endfacet
 facet normal -0.017492792338761234 -0.52561946125519554 0.8505399368436446
  outer loop
   vertex 11.615093231201172 -1.5009889602661133 2.1229772567749023
   vertex 11.898439407348633 -1.3754135370254517 2.2064082622528076
   vertex 11.693981170654297 -1.2486323118209839 2.2805519104003906
  endloop
 endfacet
 facet normal 0 0.29518210477667811 -0.95544101074823562
  outer loop
   vertex 1.5565847158432007 0.57357281446456909 -2.5359444618225098
   vertex 1.2956854104995728 0.95679998397827148 -2.4175469875335693
   vertex 1.7681549787521362 0.95679998397827148 -2.4175469875335693
  endloop
 endfacet
 facet normal -0.0028780310844029665 -0.30649232310277397 0.95186877920023294
  outer loop
   vertex 11.08949089050293 -0.91824525594711304 2.4324526786804199
   vertex 11.418011665344238 -0.89874261617660522 2.4397256374359131
   vertex 11.314394950866699 -0.6869322657585144 2.5076131820678711
  endloop
 endfacet
 facet normal 0.0031050297747060953 -0.7991041806763779 -0.60118455337411414
  outer loop
   vertex 13.350597381591797 -2.1600105762481689 -1.4471882581710815
   vertex 13.0367431640625 -2.1493163108825684 -1.4630242586135864
   vertex 13.192317962646484 -1.9951117038726807 -1.6671919822692871
  endloop
 endfacet
 facet normal -0.014691769367768809 -0.45914680118703338 0.88823891317176551
  outer loop
   vertex 11.393633842468262 -1.3368737697601318 2.2299704551696777
   vertex 11.693981170654297 -1.2486323118209839 2.2805519104003906
   vertex 11.53941822052002 -1.0814237594604492 2.3644285202026367
  endloop
 endfacet
 facet normal -0.0099375756984329856 -0.81747680400470846 -0.57587578478651602
  outer loop
   vertex 11.87589168548584 -2.1100938320159912 -1.5190472602844238
   vertex 11.683669090270996 -2.1832723617553711 -1.4118505716323853
   vertex 11.628209114074707 -2.0565006732940674 -1.5908505916595459
  endloop
 endfacet
 facet normal 0.0099814880770777437 -0.27455964291742657 0.96151826419305342
  outer loop
   vertex 13.129945755004883 -0.80512481927871704 2.4722001552581787
   vertex 13.218151092529297 -0.60073506832122803 2.5296475887298584
   vertex 13.040878295898438 -0.64931720495223999 2.5176153182983398
  endloop
 endfacet
 facet normal 0.0053095030037836905 0.0068037731113261193 0.99996275823117642
  outer loop
   vertex 12.219114303588867 0.096843458712100983 2.5981957912445068
   vertex 12.101144790649414 -0.037179220467805862 2.5997340679168701
   vertex 12.255344390869141 -0.067563176155090332 2.5991220474243164
  endloop
 endfacet
 facet normal -0.0014342464587597554 -0.38417928330901285 0.92325739705310172
  outer loop
   vertex 13.45610523223877 -0.92280656099319458 2.4307258129119873
   vertex 13.278561592102051 -0.91558098793029785 2.4334566593170166
   vertex 13.339923858642578 -1.0786092281341553 2.3657138347625732
  endloop
 endfacet
 facet normal 0.0069248751736211075 0.1424420719536873 -0.98977891583998212
  outer loop
   vertex 0.59932327270507812 0.56461590528488159 -2.5379536151885986
   vertex 0.36862611770629883 0.19621184468269348 -2.5925858020782471
   vertex 1.7816180998488258e-14 0.50046759843826294 -2.5513784885406494
  endloop
 endfacet
 facet normal -0.023748018893741077 -0.93239926669065465 -0.36064891386686826
  outer loop
   vertex 14.037599563598633 -2.3341705799102783 -1.1452716588973999
   vertex 14.434925079345703 -2.4412200450897217 -0.89467573165893555
   vertex 14.03431224822998 -2.4975507259368896 -0.72266232967376709
  endloop
 endfacet
 facet normal 0.0045072108305982319 -0.37734932033304713 0.92606002801908904
  outer loop
   vertex 12.306931495666504 -1.0196294784545898 2.3917264938354492
   vertex 12.474872589111328 -1.0504732131958008 2.3783409595489502
   vertex 12.42866325378418 -0.91801851987838745 2.4325382709503174
  endloop
 endfacet
 facet normal -0.012282554760594736 -0.21069107159410999 0.97747552971881535
  outer loop
   vertex 14.084718704223633 -0.61565983295440674 2.5260567665100098
   vertex 13.837667465209961 -0.40667557716369629 2.5679981708526611
   vertex 13.79142951965332 -0.69691663980484009 2.5048568248748779
  endloop
 endfacet
 facet normal 0.0052584768905031441 0.12533164560762375 0.99210096614713417
  outer loop
   vertex 13.674768447875977 0.21409566700458527 2.5911703109741211
   vertex 13.579357147216797 0.42491772770881653 2.5650429725646973
   vertex 13.363102912902832 0.26219800114631653 2.5867455005645752
  endloop
 endfacet
 facet normal -0.016568646434830726 -0.99772364286375781 0.065368283027706933
  outer loop
   vertex 11.046632766723633 -2.5791189670562744 0.32885491847991943
   vertex 11.164036750793457 -2.5995903015136719 0.046156514436006546
   vertex 11.331082344055176 -2.592221736907959 0.20096416771411896
  endloop
 endfacet
 facet normal 0.0029707162130467382 -0.62281947756170797 0.78235993840108053
  outer loop
   vertex 12.134705543518066 -1.6998270750045776 1.9673810005187988
   vertex 12.436495780944824 -1.7151517868041992 1.9540354013442993
   vertex 12.331264495849609 -1.5252081155776978 2.1056449413299561
  endloop
 endfacet
 facet normal -0.022372954746538953 0.17696848480613583 -0.98396219758755454
  outer loop
   vertex 14.704854011535645 0.25122725963592529 -2.5878341197967529
   vertex 14.788534164428711 0.64248114824295044 -2.5193686485290527
   vertex 15.079999923706055 0.48911049962043762 -2.5535800457000732
  endloop
 endfacet
 facet normal 0.011038419422466274 -0.19760319378543911 0.98021994016774017
  outer loop
   vertex 13.218151092529297 -0.60073506832122803 2.5296475887298584
   vertex 13.217021942138672 -0.42662152647972107 2.5647599697113037
   vertex 13.081484794616699 -0.50517177581787109 2.5504512786865234
  endloop
 endfacet
 facet normal 0.012795296177392676 -0.12592486000698669 0.99195726219830338
  outer loop
   vertex 13.217021942138672 -0.42662152647972107 2.5647599697113037
   vertex 13.181708335876465 -0.24020113050937653 2.5888807773590088
   vertex 13.077471733093262 -0.35484760999679565 2.5756714344024658
  endloop
 endfacet
 facet normal 0.015916657577906983 -0.62741182409977669 0.77852492766213888
  outer loop
   vertex 12.954683303833008 -1.7484996318817139 1.9242528676986694
   vertex 13.019912719726562 -1.495148777961731 2.1270942687988281
   vertex 12.721288681030273 -1.5792561769485474 2.0654175281524658
  endloop
 endfacet
 facet normal -0.0060981116319148631 -0.17491584832820253 0.9845645022232673
  outer loop
   vertex 13.837667465209961 -0.40667557716369629 2.5679981708526611
   vertex 13.557254791259766 -0.34989434480667114 2.5763490200042725
   vertex 13.587028503417969 -0.55448544025421143 2.5401861667633057
  endloop
 endfacet
 facet normal -0.0093025038086377489 0.12560342507122918 0.99203691616454792
  outer loop
   vertex 12.08784294128418 0.42401468753814697 2.5651922225952148
   vertex 12.099156379699707 0.23148955404758453 2.5896742343902588
   vertex 12.260799407958984 0.29038357734680176 2.5837333202362061
  endloop
 endfacet
 facet normal 0.0095298330201003725 -0.94249699676076448 -0.3340787233266263
  outer loop
   vertex 10.61913013458252 -2.4325079917907715 -0.91809868812561035
   vertex 10.927431106567383 -2.4024593830108643 -0.99407678842544556
   vertex 10.885966300964355 -2.4899461269378662 -0.74844354391098022
  endloop
 endfacet
 facet normal 0.014260450472741607 0.25134147571173171 0.96779341914448014
  outer loop
   vertex 13.395057678222656 0.77715098857879639 2.4811360836029053
   vertex 13.172224044799805 0.6522376537322998 2.5168602466583252
   vertex 13.375616073608398 0.53397631645202637 2.5445764064788818
  endloop
 endfacet
 facet normal -0.018496573982945026 0.21155145974336084 0.97719182181972164
  outer loop
   vertex 11.575067520141602 0.70915830135345459 2.5014185905456543
   vertex 11.61109447479248 0.39972752332687378 2.5690889358520508
   vertex 11.852206230163574 0.56416869163513184 2.538053035736084
  endloop
 endfacet
 facet normal -0.013501117626757769 -0.99270270945252803 -0.11982925547811073
  outer loop
   vertex 10.91022777557373 -2.5579104423522949 -0.4659331738948822
   vertex 11.175703048706055 -2.5710983276367188 -0.38659164309501648
   vertex 11.002597808837891 -2.5938689708709717 -0.1784488707780838
  endloop
 endfacet
 facet normal -0.0039256892048046147 -0.87860617234584226 -0.47753092348041226
  outer loop
   vertex 13.261017799377441 -2.3098578453063965 -1.1935477256774902
   vertex 13.000448226928711 -2.3264327049255371 -1.1609096527099609
   vertex 13.105021476745605 -2.2459383010864258 -1.3098704814910889
  endloop
 endfacet
 facet normal 0.0090502522371716521 0.12666502734643578 0.99190426139913834
  outer loop
   vertex 12.08784294128418 0.42401468753814697 2.5651922225952148
   vertex 11.913678169250488 0.29860606789588928 2.5827958583831787
   vertex 12.099156379699707 0.23148955404758453 2.5896742343902588
  endloop
 endfacet
 facet normal 0.0090866509493412566 0.10018545381545246 0.99492728760363025
  outer loop
   vertex 12.447253227233887 0.35834985971450806 2.5751864910125732
   vertex 12.260799407958984 0.29038357734680176 2.5837333202362061
   vertex 12.408111572265625 0.17211927473545074 2.5942966938018799
  endloop
 endfacet
 facet normal 0.013544834737981393 0.15459821483933536 0.98788457292358389
  outer loop
   vertex 12.277074813842773 0.51772606372833252 2.5479323863983154
   vertex 12.08784294128418 0.42401468753814697 2.5651922225952148
   vertex 12.260799407958984 0.29038357734680176 2.5837333202362061
  endloop
 endfacet
 facet normal -0.0033376425444038866 -0.043754500878662901 0.99903673796067416
  outer loop
   vertex 12.101144790649414 -0.037179220467805862 2.5997340679168701
   vertex 12.002059936523438 -0.20072367787361145 2.5922403335571289
   vertex 12.158061027526855 -0.18352128565311432 2.5935149192810059
  endloop
 endfacet
 facet normal 0.011479801958688607 -0.99931511669067363 0.035178284501871805
  outer loop
   vertex 11.331082344055176 -2.592221736907959 0.20096416771411896
   vertex 11.164036750793457 -2.5995903015136719 0.046156514436006546
   vertex 11.41908073425293 -2.5996925830841064 -0.039978042244911194
  endloop
 endfacet
 facet normal -0.0030698489102861494 -0.90546225370261624 -0.42441569616055347
  outer loop
   vertex 13.378328323364258 -2.3912246227264404 -1.0208057165145874
   vertex 13.13899040222168 -2.3986532688140869 -1.0032260417938232
   vertex 13.261017799377441 -2.3098578453063965 -1.1935477256774902
  endloop
 endfacet
 facet normal 0.011718690431717579 -0.47054983355058255 0.882295600374435
  outer loop
   vertex 13.712478637695312 -1.3519977331161499 2.2208337783813477
   vertex 13.588915824890137 -1.1165448427200317 2.3480477333068848
   vertex 13.420541763305664 -1.2795569896697998 2.2633457183837891
  endloop
 endfacet
 facet normal -0.0092987778643746685 -0.17947974773044087 0.98371772012343373
  outer loop
   vertex 14.560311317443848 -0.48081552982330322 2.5551548004150391
   vertex 14.133987426757812 -0.32404553890228271 2.5797276496887207
   vertex 14.084718704223633 -0.61565983295440674 2.5260567665100098
  endloop
 endfacet
 facet normal -0.02464783699637314 -0.084476201486796548 0.99612060289593574
  outer loop
   vertex 14.749687194824219 -0.0073925293982028961 2.5999894142150879
   vertex 14.560311317443848 -0.48081552982330322 2.5551548004150391
   vertex 15.079999923706055 -0.16680239140987396 2.5946438312530518
  endloop
 endfacet
 facet normal 0.0060019879060678226 -0.11642706345580661 0.99318110888006372
  outer loop
   vertex 13.837667465209961 -0.40667557716369629 2.5679981708526611
   vertex 13.729296684265137 -0.21579429507255554 2.5910294055938721
   vertex 13.557254791259766 -0.34989434480667114 2.5763490200042725
  endloop
 endfacet
 facet normal 0.0081443960065292788 0.24211744659187953 0.97021276577332116
  outer loop
   vertex 12.359304428100586 0.75380194187164307 2.4883291721343994
   vertex 12.08642578125 0.69833171367645264 2.5044624805450439
   vertex 12.277074813842773 0.51772606372833252 2.5479323863983154
  endloop
 endfacet
 facet normal -0.011727308128290433 0.15636725292408191 0.98762935985978073
  outer loop
   vertex 12.277074813842773 0.51772606372833252 2.5479323863983154
   vertex 12.260799407958984 0.29038357734680176 2.5837333202362061
   vertex 12.447253227233887 0.35834985971450806 2.5751864910125732
  endloop
 endfacet
 facet normal 0.021054002803974004 -0.86402083311636824 -0.50301563485325895
  outer loop
   vertex 13.350597381591797 -2.1600105762481689 -1.4471882581710815
   vertex 13.261017799377441 -2.3098578453063965 -1.1935477256774902
   vertex 13.105021476745605 -2.2459383010864258 -1.3098704814910889
  endloop
 endfacet
 facet normal -0.0075706880463061342 -0.99868162495885793 -0.050771021774635619
  outer loop
   vertex 12.269460678100586 -2.5982351303100586 -0.095780931413173676
   vertex 12.153498649597168 -2.5994100570678711 -0.055378157645463943
   vertex 12.116063117980957 -2.5908806324005127 -0.21757239103317261
  endloop
 endfacet
 facet normal 0.0026340904310240098 -0.22958374049863639 0.97328534750414075
  outer loop
   vertex 11.314394950866699 -0.6869322657585144 2.5076131820678711
   vertex 11.599262237548828 -0.70529168844223022 2.5025115013122559
   vertex 11.523048400878906 -0.49212488532066345 2.5530006885528564
  endloop
 endfacet
 facet normal -0.0025091953167476395 -0.8898315552098216 -0.45628226712390724
  outer loop
   vertex 12.505368232727051 -2.2779006958007812 -1.253462553024292
   vertex 12.59934139251709 -2.3435704708099365 -1.1259115934371948
   vertex 12.427804946899414 -2.3499999046325684 -1.1124297380447388
  endloop
 endfacet
 facet normal 0.017963780359639921 -0.53657648040317873 0.84366046681904427
  outer loop
   vertex 13.497572898864746 -1.5271821022033691 2.1042134761810303
   vertex 13.420541763305664 -1.2795569896697998 2.2633457183837891
   vertex 13.226057052612305 -1.4018094539642334 2.1897330284118652
  endloop
 endfacet
 facet normal 0.011718594158860075 -0.25390922557542361 0.96715706052255457
  outer loop
   vertex 13.538847923278809 -0.75094377994537354 2.4891934394836426
   vertex 13.587028503417969 -0.55448544025421143 2.5401861667633057
   vertex 13.410294532775879 -0.62878018617630005 2.5228228569030762
  endloop
 endfacet
 facet normal 0.025922784889202067 -0.010326781320959419 -0.99961060759234499
  outer loop
   vertex 0.36862611770629883 0.19621184468269348 -2.5925858020782471
   vertex 0.50591325759887695 -0.28777074813842773 -2.5840256214141846
   vertex 1.8155334684634775e-14 -0.016562098637223244 -2.5999472141265869
  endloop
 endfacet
 facet normal 0.034661553223328853 -0.48550240559317365 -0.87354793279555532
  outer loop
   vertex 14.326191902160645 -1.5276929140090942 -2.1038427352905273
   vertex 13.974270820617676 -1.0962915420532227 -2.3575718402862549
   vertex 14.542468070983887 -0.92691850662231445 -2.4291608333587646
  endloop
 endfacet
 facet normal -0.0073041038659415322 -0.9978599727345504 -0.06497787993554148
  outer loop
   vertex 12.405427932739258 -2.5953934192657471 -0.15470480918884277
   vertex 12.269460678100586 -2.5982351303100586 -0.095780931413173676
   vertex 12.272793769836426 -2.5887959003448486 -0.24111308157444
  endloop
 endfacet
 facet normal -0.00044844176749738715 -0.30928448432130251 0.95096945621722628
  outer loop
   vertex 11.683991432189941 -0.881783127784729 2.445906400680542
   vertex 11.860998153686523 -0.87938457727432251 2.4467699527740479
   vertex 11.81935977935791 -0.72756004333496094 2.4961283206939697
  endloop
 endfacet
 facet normal -0.0056828687964757584 -0.36985917017435688 -0.92907044901889879
  outer loop
   vertex 0.35356983542442322 -0.75569599866867065 -2.4877548217773438
   vertex 0.57175761461257935 -1.1470955610275269 -2.3332748413085938
   vertex 1.6174044999909924e-14 -1.1811634302139282 -2.3162152767181396
  endloop
 endfacet
 facet normal -0.01243756852870726 -0.33463720228299249 0.94226495729030768
  outer loop
   vertex 12.021847724914551 -0.77331167459487915 2.4823353290557861
   vertex 11.990531921386719 -0.97439932823181152 2.4105074405670166
   vertex 12.155865669250488 -0.90937215089797974 2.4357836246490479
  endloop
 endfacet
 facet normal 0.00045682005369498989 -0.36841836297266634 0.92965999222295204
  outer loop
   vertex 11.683991432189941 -0.881783127784729 2.445906400680542
   vertex 11.782455444335938 -1.0343632698059082 2.3853914737701416
   vertex 11.860998153686523 -0.87938457727432251 2.4467699527740479
  endloop
 endfacet
 facet normal 0.002744297585103363 -0.91292040379328188 -0.40812841749708589
  outer loop
   vertex 12.59934139251709 -2.3435704708099365 -1.1259115934371948
   vertex 12.69117546081543 -2.4051458835601807 -0.98755937814712524
   vertex 12.53225040435791 -2.399134635925293 -1.0020742416381836
  endloop
 endfacet
 facet normal -0.0071985671485710057 -0.3851520622942336 0.92282504817625444
  outer loop
   vertex 11.222933769226074 -1.1287075281143188 2.3422253131866455
   vertex 11.53941822052002 -1.0814237594604492 2.3644285202026367
   vertex 11.418011665344238 -0.89874261617660522 2.4397256374359131
  endloop
 endfacet
 facet normal -0.039126036281653516 -0.0096705921541721581 -0.99918748637694343
  outer loop
   vertex 14.611799240112305 -0.33342722058296204 -2.5785317420959473
   vertex 14.704854011535645 0.25122725963592529 -2.5878341197967529
   vertex 15.079999923706055 -0.037481158971786499 -2.5997297763824463
  endloop
 endfacet
 facet normal 0.028043661126045383 -0.07991881372467205 0.99640681264405684
  outer loop
   vertex 14.328113555908203 -0.0032009389251470566 2.5999979972839355
   vertex 14.133987426757812 -0.32404553890228271 2.5797276496887207
   vertex 14.560311317443848 -0.48081552982330322 2.5551548004150391
  endloop
 endfacet
 facet normal -0.0038441048898922381 -0.95470432436655883 0.29753130237571351
  outer loop
   vertex 0.93766230344772339 -2.562492847442627 0.44003486633300781
   vertex 1.2244417667388916 -2.3623421192169189 1.0859742164611816
   vertex -7.8037247074492361e-15 -2.3475751876831055 1.1175378561019897
  endloop
 endfacet
 facet normal -0.0081864056677812998 -0.9999636105599633 0.0024000662750344568
  outer loop
   vertex 13.39217472076416 -2.5999743938446045 0.011551168747246265
   vertex 13.051516532897949 -2.5969090461730957 0.12674382328987122
   vertex 13.121594429016113 -2.5980298519134521 -0.10119941085577011
  endloop
 endfacet
 facet normal -0.0034487785507071678 -0.30690038130591102 0.9517353948870424
  outer loop
   vertex 11.599262237548828 -0.70529168844223022 2.5025115013122559
   vertex 11.683991432189941 -0.881783127784729 2.445906400680542
   vertex 11.81935977935791 -0.72756004333496094 2.4961283206939697
  endloop
 endfacet
 facet normal 0.0035055317945517027 -0.24337888062964447 0.96992496189669153
  outer loop
   vertex 11.599262237548828 -0.70529168844223022 2.5025115013122559
   vertex 11.81935977935791 -0.72756004333496094 2.4961283206939697
   vertex 11.762691497802734 -0.54240870475769043 2.5427923202514648
  endloop
 endfacet
 facet normal 0.016204156619155575 -0.1107001244562726 0.99372174563789606
  outer loop
   vertex 13.95890998840332 -0.13155277073383331 2.5966696739196777
   vertex 13.729296684265137 -0.21579429507255554 2.5910294055938721
   vertex 13.837667465209961 -0.40667557716369629 2.5679981708526611
  endloop
 endfacet
 facet normal 0.010394379352455085 0.10603864737462983 0.99430767981587886
  outer loop
   vertex 11.330862045288086 0.29784902930259705 2.582883358001709
   vertex 11.567611694335938 0.16083116829395294 2.5950207710266113
   vertex 11.61109447479248 0.39972752332687378 2.5690889358520508
  endloop
 endfacet
 facet normal 0.0071190053952891533 -0.93604167055181509 -0.35181715528488527
  outer loop
   vertex 12.69117546081543 -2.4051458835601807 -0.98755937814712524
   vertex 12.746655464172363 -2.4641032218933105 -0.82957535982131958
   vertex 12.598552703857422 -2.4515368938446045 -0.86600607633590698
  endloop
 endfacet
 facet normal -0.0077990546614780344 -0.3730067577502314 0.92779584684296112
  outer loop
   vertex 11.53941822052002 -1.0814237594604492 2.3644285202026367
   vertex 11.782455444335938 -1.0343632698059082 2.3853914737701416
   vertex 11.683991432189941 -0.881783127784729 2.445906400680542
  endloop
 endfacet
 facet normal 0.0073535227279635899 -0.99850268467702397 -0.0542062210107358
  outer loop
   vertex 12.153498649597168 -2.5994100570678711 -0.055378157645463943
   vertex 12.01472282409668 -2.5982277393341064 -0.095983065664768219
   vertex 12.116063117980957 -2.5908806324005127 -0.21757239103317261
  endloop
 endfacet
 facet normal -0.0010492969622331821 -0.99397383535950967 -0.10961256130841748
  outer loop
   vertex 11.002597808837891 -2.5938689708709717 -0.1784488707780838
   vertex 11.175703048706055 -2.5710983276367188 -0.38659164309501648
   vertex 11.283329010009766 -2.5933492183685303 -0.1858493983745575
  endloop
 endfacet
 facet normal -0.011107242838337764 -0.80637242842241652 -0.59130375936287161
  outer loop
   vertex 11.35584545135498 -2.0095620155334473 -1.6497455835342407
   vertex 11.628209114074707 -2.0565006732940674 -1.5908505916595459
   vertex 11.468289375305176 -2.1637704372406006 -1.4415607452392578
  endloop
 endfacet
 facet normal -0.0095656341850297311 0.24791309308704695 0.96873504990717219
  outer loop
   vertex 12.359304428100586 0.75380194187164307 2.4883291721343994
   vertex 12.277074813842773 0.51772606372833252 2.5479323863983154
   vertex 12.507827758789062 0.57271754741668701 2.5361378192901611
  endloop
 endfacet
 facet normal -0.0093149027322603061 0.17178776140750973 0.98508994392272886
  outer loop
   vertex 12.741958618164062 0.55594784021377563 2.5398664474487305
   vertex 12.783107757568359 0.34582826495170593 2.5768978595733643
   vertex 12.961251258850098 0.48818296194076538 2.5537574291229248
  endloop
 endfacet
 facet normal 0.0051022998476581713 -0.90745978582109255 -0.42010796666309669
  outer loop
   vertex 13.261017799377441 -2.3098578453063965 -1.1935477256774902
   vertex 13.13899040222168 -2.3986532688140869 -1.0032260417938232
   vertex 13.000448226928711 -2.3264327049255371 -1.1609096527099609
  endloop
 endfacet
 facet normal -0.01201585210946423 -0.61237582826021875 0.79047546720989037
  outer loop
   vertex 12.134705543518066 -1.6998270750045776 1.9673810005187988
   vertex 12.331264495849609 -1.5252081155776978 2.1056449413299561
   vertex 12.098641395568848 -1.473717212677002 2.1419985294342041
  endloop
 endfacet
 facet normal 0.025114619691116991 -0.20929341260673096 -0.97753031836214621
  outer loop
   vertex 0.50591325759887695 -0.28777074813842773 -2.5840256214141846
   vertex 0.35356983542442322 -0.75569599866867065 -2.4877548217773438
   vertex 1.7695417817132318e-14 -0.58173471689224243 -2.5340845584869385
  endloop
 endfacet
 facet normal 0.0060866486487409768 -0.8151619276948503 -0.57920116051769277
  outer loop
   vertex 11.628209114074707 -2.0565006732940674 -1.5908505916595459
   vertex 11.683669090270996 -2.1832723617553711 -1.4118505716323853
   vertex 11.468289375305176 -2.1637704372406006 -1.4415607452392578
  endloop
 endfacet
 facet normal -0.002351183460829632 0.25289236820940414 0.96749156173982864
  outer loop
   vertex 12.657441139221191 0.76265913248062134 2.4856288433074951
   vertex 12.741958618164062 0.55594784021377563 2.5398664474487305
   vertex 12.936435699462891 0.74647337198257446 2.4905376434326172
  endloop
 endfacet
 facet normal -0.0098546795560152702 -0.26225623322781316 0.96494795373844244
  outer loop
   vertex 11.960799217224121 -0.57473886013031006 2.5356805324554443
   vertex 12.021847724914551 -0.77331167459487915 2.4823353290557861
   vertex 12.11740779876709 -0.61938273906707764 2.525146484375
  endloop
 endfacet
 facet normal 0.0050526012900540072 -0.99550747525648242 -0.094548072051564097
  outer loop
   vertex 11.776779174804688 -2.5936529636383057 -0.18156138062477112
   vertex 11.666967391967773 -2.5847351551055908 -0.2813262939453125
   vertex 11.820233345031738 -2.5804553031921387 -0.31819888949394226
  endloop
 endfacet
 facet normal -0.011989943554870609 -0.95900558354227305 -0.28313341729350033
  outer loop
   vertex 11.486049652099609 -2.5182111263275146 -0.6470024585723877
   vertex 11.493924140930176 -2.4666702747344971 -0.82191073894500732
   vertex 11.62115478515625 -2.4968998432159424 -0.72490757703781128
  endloop
 endfacet
 facet normal 0.0070210471675841478 -0.80051760832186214 -0.59926810666288266
  outer loop
   vertex 13.192317962646484 -1.9951117038726807 -1.6671919822692871
   vertex 13.0367431640625 -2.1493163108825684 -1.4630242586135864
   vertex 12.877373695373535 -2.0271339416503906 -1.6281057596206665
  endloop
 endfacet
 facet normal 0.018773916337916387 -0.5853979513955877 0.81052870311123826
  outer loop
   vertex 13.257159233093262 -1.6458234786987305 2.0127754211425781
   vertex 13.226057052612305 -1.4018094539642334 2.1897330284118652
   vertex 13.019912719726562 -1.495148777961731 2.1270942687988281
  endloop
 endfacet
 facet normal -0.0039020041983657749 -0.85588901709781517 -0.51714481992433392
  outer loop
   vertex 10.810372352600098 -2.1516661643981934 -1.4595658779144287
   vertex 11.176331520080566 -2.1687109470367432 -1.4341175556182861
   vertex 11.006309509277344 -2.2855355739593506 -1.2394866943359375
  endloop
 endfacet
 facet normal 0.016928596186573334 -0.26759498713254137 0.96338276167507109
  outer loop
   vertex 14.560311317443848 -0.48081552982330322 2.5551548004150391
   vertex 14.084718704223633 -0.61565983295440674 2.5260567665100098
   vertex 14.32121753692627 -0.85466933250427246 2.4555122852325439
  endloop
 endfacet
 facet normal -0.0066527011962022242 -0.93918468892936124 -0.34334801826638356
  outer loop
   vertex 11.493924140930176 -2.4666702747344971 -0.82191073894500732
   vertex 11.502810478210449 -2.4159319400787354 -0.96087116003036499
   vertex 11.646633148193359 -2.4482405185699463 -0.87528187036514282
  endloop
 endfacet
 facet normal 0.0029758056154289671 -0.95575569164959151 -0.29414656629025987
  outer loop
   vertex 12.746655464172363 -2.4641032218933105 -0.82957535982131958
   vertex 12.792019844055176 -2.5054800510406494 -0.69467276334762573
   vertex 12.621094703674316 -2.4997382164001465 -0.71505862474441528
  endloop
 endfacet
 facet normal 0.0068801082505227512 -0.99080878305471942 -0.13509485383273179
  outer loop
   vertex 11.666967391967773 -2.5847351551055908 -0.2813262939453125
   vertex 11.570836067199707 -2.5705993175506592 -0.38989672064781189
   vertex 11.711190223693848 -2.5639879703521729 -0.43123751878738403
  endloop
 endfacet
 facet normal 0.0063731161950563433 -0.99796753093137291 -0.063404972965087014
  outer loop
   vertex 11.87376594543457 -2.5978453159332275 -0.10582695156335831
   vertex 11.776779174804688 -2.5936529636383057 -0.18156138062477112
   vertex 11.959823608398438 -2.5884997844696045 -0.24427163600921631
  endloop
 endfacet
 facet normal 0.0029691515235128968 -0.93498548363953982 -0.35467355345805857
  outer loop
   vertex 13.278393745422363 -2.4642665386199951 -0.82909023761749268
   vertex 13.13899040222168 -2.3986532688140869 -1.0032260417938232
   vertex 13.378328323364258 -2.3912246227264404 -1.0208057165145874
  endloop
 endfacet
 facet normal -0.0023881119605274554 -0.99404949558624323 -0.10890315535373285
  outer loop
   vertex 11.175703048706055 -2.5710983276367188 -0.38659164309501648
   vertex 11.390590667724609 -2.5730979442596436 -0.37305170297622681
   vertex 11.283329010009766 -2.5933492183685303 -0.1858493983745575
  endloop
 endfacet
 facet normal 0.027371573684502024 -0.89656550555043857 -0.44206457810044025
  outer loop
   vertex 0.79368501901626587 -2.1451416015625 -1.4691383838653564
   vertex 0.51570016145706177 -2.4528534412384033 -0.86227017641067505
   vertex 8.9819017973008161e-15 -2.2595434188842773 -1.2862594127655029
  endloop
 endfacet
 facet normal -0.011543621572580848 0.085153576338372727 0.99630096518962274
  outer loop
   vertex 14.667518615722656 0.45888179540634155 2.5591850280761719
   vertex 14.749687194824219 -0.0073925293982028961 2.5999894142150879
   vertex 15.079999923706055 0.40070503950119019 2.5689365863800049
  endloop
 endfacet
 facet normal 0.0028568292345459078 0.25488421245444226 0.96696736075640288
  outer loop
   vertex 12.657441139221191 0.76265913248062134 2.4856288433074951
   vertex 12.507827758789062 0.57271754741668701 2.5361378192901611
   vertex 12.741958618164062 0.55594784021377563 2.5398664474487305
  endloop
 endfacet
 facet normal 0.017076512604954585 -0.99815916778166502 -0.058195089918880102
  outer loop
   vertex 13.39217472076416 -2.5999743938446045 0.011551168747246265
   vertex 13.121594429016113 -2.5980298519134521 -0.10119941085577011
   vertex 13.246584892272949 -2.5861871242523193 -0.2676486074924469
  endloop
 endfacet
 facet normal 0.030777047543965423 -0.21463900464822672 0.97620841577405748
  outer loop
   vertex 0.8847966194152832 -0.9243965744972229 2.4301216602325439
   vertex 0.69021999835968018 -0.22339791059494019 2.5903847217559814
   vertex -1.7824488697634928e-14 -0.49436330795288086 2.5525681972503662
  endloop
 endfacet
 facet normal 0.0062822652879779483 0.040720572065100602 0.99915082352642959
  outer loop
   vertex 13.674768447875977 0.21409566700458527 2.5911703109741211
   vertex 13.487338066101074 0.030855156481266022 2.5998167991638184
   vertex 13.742229461669922 -0.012253795750439167 2.5999710559844971
  endloop
 endfacet
 facet normal 0.011603980875409869 0.17575672601352257 0.98436523754592764
  outer loop
   vertex 12.741958618164062 0.55594784021377563 2.5398664474487305
   vertex 12.605690956115723 0.41340884566307068 2.5669229030609131
   vertex 12.783107757568359 0.34582826495170593 2.5768978595733643
  endloop
 endfacet
 facet normal -0.0035557861988601137 -0.96992608594222363 -0.24337367193948117
  outer loop
   vertex 12.792019844055176 -2.5054800510406494 -0.69467276334762573
   vertex 12.742868423461914 -2.5381097793579102 -0.56391417980194092
   vertex 12.621094703674316 -2.4997382164001465 -0.71505862474441528
  endloop
 endfacet
 facet normal -0.0027006199519080867 -0.30641380317858613 0.95189457813011524
  outer loop
   vertex 11.314394950866699 -0.6869322657585144 2.5076131820678711
   vertex 11.418011665344238 -0.89874261617660522 2.4397256374359131
   vertex 11.599262237548828 -0.70529168844223022 2.5025115013122559
  endloop
 endfacet
 facet normal -0.0019405804749777775 -0.84614344606749436 -0.53295168901547274
  outer loop
   vertex 13.350597381591797 -2.1600105762481689 -1.4471882581710815
   vertex 13.105021476745605 -2.2459383010864258 -1.3098704814910889
   vertex 13.0367431640625 -2.1493163108825684 -1.4630242586135864
  endloop
 endfacet
 facet normal 0.00061531128875141308 0.14259769104921499 -0.98978054128147541
  outer loop
   vertex 1.88335120677948 0.16308639943599701 -2.5948801040649414
   vertex 1.3553798198699951 0.16716842353343964 -2.5946202278137207
   vertex 1.5565847158432007 0.57357281446456909 -2.5359444618225098
  endloop
 endfacet
 facet normal 0.001913684973823185 -0.99780678616338769 -0.066166118944007604
  outer loop
   vertex 12.01472282409668 -2.5982277393341064 -0.095983065664768219
   vertex 11.87376594543457 -2.5978453159332275 -0.10582695156335831
   vertex 11.959823608398438 -2.5884997844696045 -0.24427163600921631
  endloop
 endfacet
 facet normal -0.031764127731157589 -0.51215961640955909 -0.85830272486383963
  outer loop
   vertex 9.5744295120239258 -1.0349248647689819 -2.3851478099822998
   vertex 10.234220504760742 -1.2880269289016724 -2.2585363388061523
   vertex 9.8227243423461914 -1.5532468557357788 -2.085047721862793
  endloop
 endfacet
 facet normal -0.029361790209129962 -0.2916945514895567 0.95606075848087269
  outer loop
   vertex 14.560311317443848 -0.48081552982330322 2.5551548004150391
   vertex 14.65958309173584 -1.0017843246459961 2.3992557525634766
   vertex 15.079999923706055 -0.7105216383934021 2.5010316371917725
  endloop
 endfacet
 facet normal -0.0021796243356911396 0.14041722462980244 -0.99009002230353715
  outer loop
   vertex 1.88335120677948 0.16308639943599701 -2.5948801040649414
   vertex 1.5565847158432007 0.57357281446456909 -2.5359444618225098
   vertex 2.0695908069610596 0.55971354246139526 -2.5390393733978271
  endloop
 endfacet
 facet normal 0.015516900883709113 -0.92655684044123476 -0.37583460087985726
  outer loop
   vertex 11.502810478210449 -2.4159319400787354 -0.96087116003036499
   vertex 11.566951751708984 -2.3805148601531982 -1.0455378293991089
   vertex 11.646633148193359 -2.4482405185699463 -0.87528187036514282
  endloop
 endfacet
 facet normal 0.00610547599210369 -0.90902487236301865 -0.41669713772512001
  outer loop
   vertex 11.566951751708984 -2.3805148601531982 -1.0455378293991089
   vertex 11.643665313720703 -2.3359050750732422 -1.1417300701141357
   vertex 11.715522766113281 -2.3958249092102051 -1.0099620819091797
  endloop
 endfacet
 facet normal -0.029226776935540863 -0.68764583139750346 -0.72545779068915961
  outer loop
   vertex 14.54541015625 -1.9850666522979736 -1.6791397333145142
   vertex 14.326191902160645 -1.5276929140090942 -2.1038427352905273
   vertex 15.079999923706055 -1.772261381149292 -1.9023904800415039
  endloop
 endfacet
 facet normal 0.0032453949580091485 0.14056632963052398 -0.99006594446318041
  outer loop
   vertex 12.73149585723877 0.1727076917886734 -2.5942575931549072
   vertex 13.016053199768066 0.56795072555541992 -2.5372095108032227
   vertex 13.227485656738281 0.15222343802452087 -2.5955400466918945
  endloop
 endfacet
 facet normal 0.029881973015160278 -0.4848903860951011 0.87406428891773458
  outer loop
   vertex 0.59797888994216919 -1.5193570852279663 2.1098706722259521
   vertex 0.8847966194152832 -0.9243965744972229 2.4301216602325439
   vertex -1.5947465380585293e-14 -1.2427407503128052 2.2837679386138916
  endloop
 endfacet
 facet normal -0.0070693217862912439 -0.97537229935045777 -0.22045158731404715
  outer loop
   vertex 11.486467361450195 -2.5516695976257324 -0.49898123741149902
   vertex 11.486049652099609 -2.5182111263275146 -0.6470024585723877
   vertex 11.642851829528809 -2.536372184753418 -0.57167840003967285
  endloop
 endfacet
 facet normal 0.0082754596468952342 -0.44224032068881042 0.89685841442486947
  outer loop
   vertex 11.693981170654297 -1.2486323118209839 2.2805519104003906
   vertex 11.782455444335938 -1.0343632698059082 2.3853914737701416
   vertex 11.53941822052002 -1.0814237594604492 2.3644285202026367
  endloop
 endfacet
 facet normal 0.009135736689000527 -0.54886250155577943 0.83586272359824798
  outer loop
   vertex 12.098641395568848 -1.473717212677002 2.1419985294342041
   vertex 12.331264495849609 -1.5252081155776978 2.1056449413299561
   vertex 12.278948783874512 -1.335389256477356 2.2308597564697266
  endloop
 endfacet
 facet normal 0 0.29652232099795894 -0.95502592276334752
  outer loop
   vertex 1.0781171321868896 0.58068615198135376 -2.534325122833252
   vertex 0.86054891347885132 0.95679998397827148 -2.4175469875335693
   vertex 1.2956854104995728 0.95679998397827148 -2.4175469875335693
  endloop
 endfacet
 facet normal -0.0031854448598850975 -0.31018838672886129 0.95066977320181534
  outer loop
   vertex 14.024264335632324 -0.89734071493148804 2.440241813659668
   vertex 13.79142951965332 -0.69691663980484009 2.5048568248748779
   vertex 13.696206092834473 -0.92076903581619263 2.4314982891082764
  endloop
 endfacet
 facet normal 0.0024109969949314457 -0.13411170892861554 0.99096328722195182
  outer loop
   vertex 11.523048400878906 -0.49212488532066345 2.5530006885528564
   vertex 11.577438354492188 -0.2018466591835022 2.5921530723571777
   vertex 11.285813331604004 -0.21475273370742798 2.5911159515380859
  endloop
 endfacet
 facet normal 0.0018851821022393906 -0.39299224346457534 0.91953985376661163
  outer loop
   vertex 13.908236503601074 -1.1292619705200195 2.3419580459594727
   vertex 13.696206092834473 -0.92076903581619263 2.4314982891082764
   vertex 13.588915824890137 -1.1165448427200317 2.3480477333068848
  endloop
 endfacet
 facet normal 0.0079482189597854264 0.021741480425891788 0.99973203101844144
  outer loop
   vertex 0.69021999835968018 -0.22339791059494019 2.5903847217559814
   vertex 1.0422004461288452 0.36048522591590881 2.5748884677886963
   vertex -1.805051266334616e-14 0.27947214245796204 2.5849361419677734
  endloop
 endfacet
 facet normal 0.0071325471348878521 -0.90363732309048617 -0.42823908636324715
  outer loop
   vertex 10.679911613464355 -2.3101563453674316 -1.1929701566696167
   vertex 11.006309509277344 -2.2855355739593506 -1.2394866943359375
   vertex 10.927431106567383 -2.4024593830108643 -0.99407678842544556
  endloop
 endfacet
 facet normal 0.0035550528033119742 -0.84573835537806163 0.53358597792855944
  outer loop
   vertex 1.2244417667388916 -2.3623421192169189 1.0859742164611816
   vertex 0.82711261510848999 -2.0042645931243896 1.6561774015426636
   vertex -7.8037247074492361e-15 -2.3475751876831055 1.1175378561019897
  endloop
 endfacet
 facet normal 0.0051916848089957153 -0.88898996402282771 -0.45789724860009295
  outer loop
   vertex 11.643665313720703 -2.3359050750732422 -1.1417300701141357
   vertex 11.735010147094727 -2.2766752243041992 -1.25568687915802
   vertex 11.814395904541016 -2.3499999046325684 -1.1124297380447388
  endloop
 endfacet
 facet normal -0.017383542290068093 -0.97245233343502446 -0.23245272993498145
  outer loop
   vertex 10.91022777557373 -2.5579104423522949 -0.4659331738948822
   vertex 10.885966300964355 -2.4899461269378662 -0.74844354391098022
   vertex 11.117961883544922 -2.5202658176422119 -0.63895225524902344
  endloop
 endfacet
 facet normal 0.0011082568268917499 -0.49249468874056168 0.87031474383072638
  outer loop
   vertex 14.576337814331055 -1.4310555458068848 2.1707324981689453
   vertex 14.26252269744873 -1.1287068128585815 2.3422255516052246
   vertex 14.085494995117188 -1.4241962432861328 2.175239086151123
  endloop
 endfacet
 facet normal -0.04204770544251725 -0.85288750515489908 0.52039878364353576
  outer loop
   vertex 9.9178705215454102 -2.0326550006866455 1.6212073564529419
   vertex 10.036946296691895 -2.3535277843475342 1.104946494102478
   vertex 10.402013778686523 -2.2272377014160156 1.3414218425750732
  endloop
 endfacet
 facet normal -0.0099877699322832754 -0.10862156074786861 0.99403299793944311
  outer loop
   vertex 12.002059936523438 -0.20072367787361145 2.5922403335571289
   vertex 11.919212341308594 -0.38661190867424011 2.5710952281951904
   vertex 12.100078582763672 -0.32269087433815002 2.579897403717041
  endloop
 endfacet
 facet normal 0.0016446515367346023 -0.99502160455831135 0.099645880916003002
  outer loop
   vertex 12.89726734161377 -2.5712282657623291 0.38572710752487183
   vertex 12.783536911010742 -2.5964574813842773 0.13567595183849335
   vertex 13.051516532897949 -2.5969090461730957 0.12674382328987122
  endloop
 endfacet
 facet normal -0.0015560879593746924 -0.80396277436012187 -0.59467758998758191
  outer loop
   vertex 11.176331520080566 -2.1687109470367432 -1.4341175556182861
   vertex 11.35584545135498 -2.0095620155334473 -1.6497455835342407
   vertex 11.468289375305176 -2.1637704372406006 -1.4415607452392578
  endloop
 endfacet
 facet normal -0.0086399245806998738 -0.043338681508971202 0.99902307800586065
  outer loop
   vertex 13.95890998840332 -0.13155277073383331 2.5966696739196777
   vertex 13.742229461669922 -0.012253795750439167 2.5999710559844971
   vertex 13.729296684265137 -0.21579429507255554 2.5910294055938721
  endloop
 endfacet
 facet normal 0.004476309580319345 -0.91260237749722417 -0.40882375571749163
  outer loop
   vertex 13.000448226928711 -2.3264327049255371 -1.1609096527099609
   vertex 12.897851943969727 -2.410686731338501 -0.97395581007003784
   vertex 12.781485557556152 -2.3382956981658936 -1.1368257999420166
  endloop
 endfacet
 facet normal 0.012407368262516877 -0.98353851131400882 -0.18027216639021598
  outer loop
   vertex 11.570836067199707 -2.5705993175506592 -0.38989672064781189
   vertex 11.486467361450195 -2.5516695976257324 -0.49898123741149902
   vertex 11.642851829528809 -2.536372184753418 -0.57167840003967285
  endloop
 endfacet
 facet normal -0.0074645272397579421 -0.23299622066034709 0.9724489919739141
  outer loop
   vertex 11.523048400878906 -0.49212488532066345 2.5530006885528564
   vertex 11.599262237548828 -0.70529168844223022 2.5025115013122559
   vertex 11.762691497802734 -0.54240870475769043 2.5427923202514648
  endloop
 endfacet
 facet normal -0.017940390171697556 0.2160285129611437 0.97622222059748476
  outer loop
   vertex 12.08642578125 0.69833171367645264 2.5044624805450439
   vertex 12.08784294128418 0.42401468753814697 2.5651922225952148
   vertex 12.277074813842773 0.51772606372833252 2.5479323863983154
  endloop
 endfacet
 facet normal 0.0061021151297833368 -0.38895574141412648 0.92123623214240224
  outer loop
   vertex 13.588915824890137 -1.1165448427200317 2.3480477333068848
   vertex 13.45610523223877 -0.92280656099319458 2.4307258129119873
   vertex 13.339923858642578 -1.0786092281341553 2.3657138347625732
  endloop
 endfacet
 facet normal -0.024108201845985489 -0.46613012526849895 0.88438764177306706
  outer loop
   vertex 14.65958309173584 -1.0017843246459961 2.3992557525634766
   vertex 14.576337814331055 -1.4310555458068848 2.1707324981689453
   vertex 15.079999923706055 -1.2456140518188477 2.2822020053863525
  endloop
 endfacet
 facet normal -0.010515297316868103 -0.75744772280510608 -0.65281113328411988
  outer loop
   vertex 12.68951416015625 -1.8782680034637451 -1.7978068590164185
   vertex 12.877373695373535 -2.0271339416503906 -1.6281057596206665
   vertex 12.618715286254883 -2.063615083694458 -1.5816107988357544
  endloop
 endfacet
 facet normal -0.018202432296138386 -0.57363101614215761 0.81891155125460302
  outer loop
   vertex 11.849301338195801 -1.616079568862915 2.0367343425750732
   vertex 12.098641395568848 -1.473717212677002 2.1419985294342041
   vertex 11.898439407348633 -1.3754135370254517 2.2064082622528076
  endloop
 endfacet
 facet normal 0.002025798674626622 -0.98412079371981742 -0.17748847711332252
  outer loop
   vertex 11.175703048706055 -2.5710983276367188 -0.38659164309501648
   vertex 11.32990837097168 -2.5420706272125244 -0.54578155279159546
   vertex 11.390590667724609 -2.5730979442596436 -0.37305170297622681
  endloop
 endfacet
 facet normal -0.0051077270319064621 0.091702314282679304 0.99577336612291867
  outer loop
   vertex 14.667518615722656 0.45888179540634155 2.5591850280761719
   vertex 14.243513107299805 0.48252344131469727 2.554832935333252
   vertex 14.328113555908203 -0.0032009389251470566 2.5999979972839355
  endloop
 endfacet
 facet normal -0.034257971004079062 -0.91779585031592403 0.39557195118657457
  outer loop
   vertex 9.4407711029052734 -2.2348001003265381 1.3287844657897949
   vertex 9.7138767242431641 -2.4766848087310791 0.7912217378616333
   vertex 10.036946296691895 -2.3535277843475342 1.104946494102478
  endloop
 endfacet
 facet normal 0.029289898412540184 -0.79615363036692455 0.60438522376423942
  outer loop
   vertex 10.402013778686523 -2.2272377014160156 1.3414218425750732
   vertex 10.42549991607666 -1.8863821029663086 1.7892910242080688
   vertex 9.9178705215454102 -2.0326550006866455 1.6212073564529419
  endloop
 endfacet
 facet normal -0.033501117587003054 -0.88354254617577954 0.46715120059531273
  outer loop
   vertex 14.486754417419434 -2.1112465858459473 1.5174446105957031
   vertex 14.492780685424805 -2.4422788619995117 0.89178162813186646
   vertex 15.079999923706055 -2.223792552947998 1.3471255302429199
  endloop
 endfacet
 facet normal 0.022788966183640454 -0.67727291079959651 0.73537885971608052
  outer loop
   vertex 0.82711261510848999 -2.0042645931243896 1.6561774015426636
   vertex 0.59797888994216919 -1.5193570852279663 2.1098706722259521
   vertex -1.2556579887456568e-14 -1.877916693687439 1.7981736660003662
  endloop
 endfacet
 facet normal -0.01140469637508329 -0.37992854461073028 0.92494553022897752
  outer loop
   vertex 14.65958309173584 -1.0017843246459961 2.3992557525634766
   vertex 14.32121753692627 -0.85466933250427246 2.4555122852325439
   vertex 14.26252269744873 -1.1287068128585815 2.3422255516052246
  endloop
 endfacet
 facet normal 0.020674506845159268 -0.91567799151051166 -0.40138059324036213
  outer loop
   vertex 14.434925079345703 -2.4412200450897217 -0.89467573165893555
   vertex 14.594345092773438 -2.290539026260376 -1.2302160263061523
   vertex 15.079999923706055 -2.488156795501709 -0.75437110662460327
  endloop
 endfacet
 facet normal -0.0044293400977395191 -0.89115638866384395 -0.45367463218689491
  outer loop
   vertex 11.735010147094727 -2.2766752243041992 -1.25568687915802
   vertex 11.890984535217285 -2.2882969379425049 -1.2343810796737671
   vertex 11.814395904541016 -2.3499999046325684 -1.1124297380447388
  endloop
 endfacet
 facet normal -0.0059632227384240812 0.053218419592466738 0.9985650904125638
  outer loop
   vertex 13.363102912902832 0.26219800114631653 2.5867455005645752
   vertex 13.487338066101074 0.030855156481266022 2.5998167991638184
   vertex 13.674768447875977 0.21409566700458527 2.5911703109741211
  endloop
 endfacet
 facet normal -0.00052156403146456638 -0.025720583134232106 -0.99966903501818849
  outer loop
   vertex 1.101875901222229 -0.30182978510856628 -2.5824210643768311
   vertex 0.85386776924133301 0.17005465924739838 -2.5944328308105469
   vertex 1.3553798198699951 0.16716842353343964 -2.5946202278137207
  endloop
 endfacet
 facet normal -0.018182433864140798 -0.39080782466597491 0.92029269435252226
  outer loop
   vertex 9.6456232070922852 -0.7555696964263916 2.48779296875
   vertex 9.8001861572265625 -1.2410717010498047 2.2846753597259521
   vertex 10.201355934143066 -0.87081879377365112 2.449831485748291
  endloop
 endfacet
 facet normal -0.024366796586167083 -0.82773944620329509 -0.56058332870608163
  outer loop
   vertex 14.594345092773438 -2.290539026260376 -1.2302160263061523
   vertex 14.54541015625 -1.9850666522979736 -1.6791397333145142
   vertex 15.079999923706055 -2.2053208351135254 -1.3771563768386841
  endloop
 endfacet
 facet normal 0.0055447629610103268 0.28967827156236681 -0.95710801615509722
  outer loop
   vertex 2.6955358982086182 0.51962870359420776 -2.5475451946258545
   vertex 2.0695908069610596 0.55971354246139526 -2.5390393733978271
   vertex 2.2957541942596436 0.95679998397827148 -2.4175469875335693
  endloop
 endfacet
 facet normal 0.016640814170408576 -0.30913263475977854 -0.9508733340620209
  outer loop
   vertex 12.086034774780273 -0.7172771692276001 -2.4991025924682617
   vertex 12.537360191345215 -0.59449088573455811 -2.5311224460601807
   vertex 12.507482528686523 -1.0020344257354736 -2.3991513252258301
  endloop
 endfacet
 facet normal -0.013683928954465274 -0.94121184161999649 -0.33753965586677936
  outer loop
   vertex 10.885966300964355 -2.4899461269378662 -0.74844354391098022
   vertex 10.927431106567383 -2.4024593830108643 -0.99407678842544556
   vertex 11.139985084533691 -2.4543697834014893 -0.8579443097114563
  endloop
 endfacet
 facet normal -0.0028881656159389368 -0.99721090190248951 0.074579324388186582
  outer loop
   vertex 14.658483505249023 -2.5696673393249512 0.3959917426109314
   vertex 14.144619941711426 -2.5668363571166992 0.41394528746604919
   vertex 14.329524040222168 -2.5999138355255127 -0.021177833899855614
  endloop
 endfacet
 facet normal -0.0029995130641248405 -0.67127331906901311 -0.74120384107710147
  outer loop
   vertex 9.5437192916870117 -1.9272192716598511 -1.7452294826507568
   vertex 9.8227243423461914 -1.5532468557357788 -2.085047721862793
   vertex 10.127960205078125 -1.9148275852203369 -1.7588163614273071
  endloop
 endfacet
 facet normal -0.023424374415354981 -0.56082057883702396 0.8276059310059074
  outer loop
   vertex 9.3885841369628906 -1.7262008190155029 1.9442815780639648
   vertex 10.065424919128418 -1.6041300296783447 2.046159029006958
   vertex 9.8001861572265625 -1.2410717010498047 2.2846753597259521
  endloop
 endfacet
 facet normal 0.015146764695107338 -0.33843405095595708 0.94086819941626887
  outer loop
   vertex 11.990531921386719 -0.97439932823181152 2.4105074405670166
   vertex 12.021847724914551 -0.77331167459487915 2.4823353290557861
   vertex 11.860998153686523 -0.87938457727432251 2.4467699527740479
  endloop
 endfacet
 facet normal -0.016776115553614499 0.15405786948218797 0.98791939691330122
  outer loop
   vertex 13.579357147216797 0.42491772770881653 2.5650429725646973
   vertex 13.375616073608398 0.53397631645202637 2.5445764064788818
   vertex 13.363102912902832 0.26219800114631653 2.5867455005645752
  endloop
 endfacet
 facet normal 0.0098932798007928188 -0.38402984402254098 0.92326767619948991
  outer loop
   vertex 11.990531921386719 -0.97439932823181152 2.4105074405670166
   vertex 12.126724243164062 -1.0788991451263428 2.365581750869751
   vertex 12.155865669250488 -0.90937215089797974 2.4357836246490479
  endloop
 endfacet
 facet normal 0.029700516044387486 -0.74111086773672408 0.67072539915319818
  outer loop
   vertex 14.486754417419434 -2.1112465858459473 1.5174446105957031
   vertex 14.262401580810547 -1.7696661949157715 1.9048048257827759
   vertex 13.944944381713867 -1.954221248626709 1.714940071105957
  endloop
 endfacet
 facet normal -0.020046579238145793 0.053798624856974009 0.99835056098764596
  outer loop
   vertex 11.330862045288086 0.29784902930259705 2.582883358001709
   vertex 11.418692588806152 0.01360112801194191 2.5999643802642822
   vertex 11.567611694335938 0.16083116829395294 2.5950207710266113
  endloop
 endfacet
 facet normal -0.0018888314674129082 -0.037622144767862839 0.99929025139783756
  outer loop
   vertex 11.285813331604004 -0.21475273370742798 2.5911159515380859
   vertex 11.577438354492188 -0.2018466591835022 2.5921530723571777
   vertex 11.418692588806152 0.01360112801194191 2.5999643802642822
  endloop
 endfacet
 facet normal 0.005692725901065657 -0.99518769839786714 0.097821458941129216
  outer loop
   vertex 12.595400810241699 -2.5768196582794189 0.34641015529632568
   vertex 12.783536911010742 -2.5964574813842773 0.13567595183849335
   vertex 12.89726734161377 -2.5712282657623291 0.38572710752487183
  endloop
 endfacet
 facet normal 0.0047626789389413494 -0.9999510180079566 0.0086763168554181407
  outer loop
   vertex 12.568202972412109 -2.5977146625518799 0.10898799449205399
   vertex 12.687992095947266 -2.598780632019043 -0.079621344804763794
   vertex 12.783536911010742 -2.5964574813842773 0.13567595183849335
  endloop
 endfacet
 facet normal 0.027574836894438556 -0.40190755379331594 -0.915264959765268
  outer loop
   vertex 13.043709754943848 -0.78203809261322021 -2.4795999526977539
   vertex 12.908932685852051 -1.264401912689209 -2.2718467712402344
   vertex 12.507482528686523 -1.0020344257354736 -2.3991513252258301
  endloop
 endfacet
 facet normal 0.0081283857132493382 0.17697904990667562 0.98418105307906989
  outer loop
   vertex 12.507827758789062 0.57271754741668701 2.5361378192901611
   vertex 12.277074813842773 0.51772606372833252 2.5479323863983154
   vertex 12.447253227233887 0.35834985971450806 2.5751864910125732
  endloop
 endfacet
 facet normal -0.036050841819307254 -0.69739635293777957 0.71577836214375956
  outer loop
   vertex 9.9178705215454102 -2.0326550006866455 1.6212073564529419
   vertex 10.42549991607666 -1.8863821029663086 1.7892910242080688
   vertex 10.065424919128418 -1.6041300296783447 2.046159029006958
  endloop
 endfacet
 facet normal -0.032974933707095824 -0.2724600365537877 -0.96160188343623854
  outer loop
   vertex 11.63404369354248 -0.43704149127006531 -2.5630049705505371
   vertex 12.086034774780273 -0.7172771692276001 -2.4991025924682617
   vertex 11.672314643859863 -0.96118795871734619 -2.4158058166503906
  endloop
 endfacet
 facet normal -0.0036179330334058734 -0.98935638602629206 0.1454677008464772
  outer loop
   vertex 12.327656745910645 -2.5574460029602051 0.46847665309906006
   vertex 12.046159744262695 -2.5527439117431641 0.4934554398059845
   vertex 12.168896675109863 -2.5856807231903076 0.27249786257743835
  endloop
 endfacet
 facet normal 0.0039837842415889717 -0.891273559172995 -0.45344853311287514
  outer loop
   vertex 12.351212501525879 -2.2883079051971436 -1.2343610525131226
   vertex 12.505368232727051 -2.2779006958007812 -1.253462553024292
   vertex 12.427804946899414 -2.3499999046325684 -1.1124297380447388
  endloop
 endfacet
 facet normal -0.00055531244673807348 -0.026943871790562578 -0.99963679374111691
  outer loop
   vertex 13.453408241271973 -0.29035577178001404 -2.5837364196777344
   vertex 13.227485656738281 0.15222343802452087 -2.5955400466918945
   vertex 13.739781379699707 0.14887411892414093 -2.5957343578338623
  endloop
 endfacet
 facet normal -0.024821410636895629 -0.97021004185114301 0.24099039869919731
  outer loop
   vertex 14.492780685424805 -2.4422788619995117 0.89178162813186646
   vertex 14.658483505249023 -2.5696673393249512 0.3959917426109314
   vertex 15.079999923706055 -2.5155785083770752 0.65716463327407837
  endloop
 endfacet
 facet normal 0.0017939942684660076 -0.62321977175248067 0.78204469033511792
  outer loop
   vertex 12.436495780944824 -1.7151517868041992 1.9540354013442993
   vertex 12.528926849365234 -1.5191450119018555 2.1100232601165771
   vertex 12.331264495849609 -1.5252081155776978 2.1056449413299561
  endloop
 endfacet
 facet normal -0.006635596978629729 -0.24970443460513939 0.9682993670302924
  outer loop
   vertex 13.79142951965332 -0.69691663980484009 2.5048568248748779
   vertex 13.587028503417969 -0.55448544025421143 2.5401861667633057
   vertex 13.538847923278809 -0.75094377994537354 2.4891934394836426
  endloop
 endfacet
 facet normal -0.0025745866442084737 -0.30652081874239612 0.95186047253844008
  outer loop
   vertex 11.418011665344238 -0.89874261617660522 2.4397256374359131
   vertex 11.683991432189941 -0.881783127784729 2.445906400680542
   vertex 11.599262237548828 -0.70529168844223022 2.5025115013122559
  endloop
 endfacet
 facet normal 0.0027014664160650583 -0.37953981896981565 0.92517145864729444
  outer loop
   vertex 11.418011665344238 -0.89874261617660522 2.4397256374359131
   vertex 11.53941822052002 -1.0814237594604492 2.3644285202026367
   vertex 11.683991432189941 -0.881783127784729 2.445906400680542
  endloop
 endfacet
 facet normal -0.0088289689533844005 -0.35579560361464307 -0.93452209056592761
  outer loop
   vertex 13.974270820617676 -1.0962915420532227 -2.3575718402862549
   vertex 13.394606590270996 -1.1517493724822998 -2.3309812545776367
   vertex 13.685799598693848 -0.71774846315383911 -2.498967170715332
  endloop
 endfacet
 facet normal 0.012718124875225029 -0.99264680125990934 0.12037681358188612
  outer loop
   vertex 11.549358367919922 -2.5770483016967773 0.34470537304878235
   vertex 11.75142765045166 -2.5927798748016357 0.19363111257553101
   vertex 11.797956466674805 -2.5618524551391602 0.44374775886535645
  endloop
 endfacet
 facet normal -0.017118383609672706 0.16226277260356092 0.98659908451690614
  outer loop
   vertex 11.852206230163574 0.56416869163513184 2.538053035736084
   vertex 11.913678169250488 0.29860606789588928 2.5827958583831787
   vertex 12.08784294128418 0.42401468753814697 2.5651922225952148
  endloop
 endfacet
 facet normal -0.00080068830323668124 -0.02784675365104624 -0.99961188328737827
  outer loop
   vertex 13.999385833740234 -0.29070833325386047 -2.5836966037750244
   vertex 13.739781379699707 0.14887411892414093 -2.5957343578338623
   vertex 14.254802703857422 0.14397624135017395 -2.5960104465484619
  endloop
 endfacet
 facet normal -0.011802096133311605 -0.18750564368133579 0.98219262067809698
  outer loop
   vertex 11.919212341308594 -0.38661190867424011 2.5710952281951904
   vertex 11.960799217224121 -0.57473886013031006 2.5356805324554443
   vertex 12.086194038391113 -0.47243118286132812 2.5567183494567871
  endloop
 endfacet
 facet normal 0.011067263261270371 -0.97975729677291468 -0.19988285345205767
  outer loop
   vertex 10.91022777557373 -2.5579104423522949 -0.4659331738948822
   vertex 11.117961883544922 -2.5202658176422119 -0.63895225524902344
   vertex 11.175703048706055 -2.5710983276367188 -0.38659164309501648
  endloop
 endfacet
 facet normal -0.00031402147334186082 -0.32193647792091623 0.94676121887960218
  outer loop
   vertex 13.696206092834473 -0.92076903581619263 2.4314982891082764
   vertex 13.538847923278809 -0.75094377994537354 2.4891934394836426
   vertex 13.45610523223877 -0.92280656099319458 2.4307258129119873
  endloop
 endfacet
 facet normal -0.011497624889143385 -0.61933665587855746 0.78504134369284906
  outer loop
   vertex 12.436495780944824 -1.7151517868041992 1.9540354013442993
   vertex 12.721288681030273 -1.5792561769485474 2.0654175281524658
   vertex 12.528926849365234 -1.5191450119018555 2.1100232601165771
  endloop
 endfacet
 facet normal 0.0095715093871583043 0.058308563411076639 0.99825272233086737
  outer loop
   vertex 13.12012767791748 0.16619692742824554 2.5946826934814453
   vertex 13.282282829284668 0.060661826282739639 2.5992922782897949
   vertex 13.363102912902832 0.26219800114631653 2.5867455005645752
  endloop
 endfacet
 facet normal -0.012848393889588845 -0.99153678778661147 0.12918868851515672
  outer loop
   vertex 12.327656745910645 -2.5574460029602051 0.46847665309906006
   vertex 12.384836196899414 -2.5908863544464111 0.21750518679618835
   vertex 12.595400810241699 -2.5768196582794189 0.34641015529632568
  endloop
 endfacet
 facet normal 0.010592580566519025 -0.1725538128367676 0.98494313486233076
  outer loop
   vertex 13.557254791259766 -0.34989434480667114 2.5763490200042725
   vertex 13.385550498962402 -0.47138771414756775 2.5569109916687012
   vertex 13.587028503417969 -0.55448544025421143 2.5401861667633057
  endloop
 endfacet
 facet normal 0.0045816113806238269 -0.99996949835810256 0.0063254399531991624
  outer loop
   vertex 13.051516532897949 -2.5969090461730957 0.12674382328987122
   vertex 12.900839805603027 -2.5988831520080566 -0.07619912177324295
   vertex 13.121594429016113 -2.5980298519134521 -0.10119941085577011
  endloop
 endfacet
 facet normal 0 0.29841699686955658 -0.95443559027278269
  outer loop
   vertex 14.412186622619629 0.59074068069458008 -2.5320003032684326
   vertex 14.19959545135498 0.95679998397827148 -2.4175469875335693
   vertex 14.624777793884277 0.95679998397827148 -2.4175469875335693
  endloop
 endfacet
 facet normal 0.018675319047914581 -0.21537852150256617 0.97635204968998113
  outer loop
   vertex 13.79142951965332 -0.69691663980484009 2.5048568248748779
   vertex 13.837667465209961 -0.40667557716369629 2.5679981708526611
   vertex 13.587028503417969 -0.55448544025421143 2.5401861667633057
  endloop
 endfacet
 facet normal 0 0.26081659594514761 -0.96538836914455606
  outer loop
   vertex 4.5514321327209473 0.95679998397827148 -2.4175469875335693
   vertex 4.1153950691223145 0.39079844951629639 -2.5704622268676758
   vertex 3.6960549354553223 0.95679998397827148 -2.4175469875335693
  endloop
 endfacet
 facet normal 0.0013151389025901432 -0.32509693906119702 0.94567978228505412
  outer loop
   vertex 13.45610523223877 -0.92280656099319458 2.4307258129119873
   vertex 13.338650703430176 -0.77164965867996216 2.4828524589538574
   vertex 13.278561592102051 -0.91558098793029785 2.4334566593170166
  endloop
 endfacet
 facet normal -0.012150255665056847 0.18251734500712141 0.98312755533492457
  outer loop
   vertex 12.507827758789062 0.57271754741668701 2.5361378192901611
   vertex 12.447253227233887 0.35834985971450806 2.5751864910125732
   vertex 12.605690956115723 0.41340884566307068 2.5669229030609131
  endloop
 endfacet
 facet normal 0.014565676041338817 -0.99643757402811928 0.083066251549080955
  outer loop
   vertex 11.549358367919922 -2.5770483016967773 0.34470537304878235
   vertex 11.331082344055176 -2.592221736907959 0.20096416771411896
   vertex 11.559511184692383 -2.5986487865447998 0.083812206983566284
  endloop
 endfacet
 facet normal -0.0021524637056816571 -0.99981101288462659 0.019321113182548401
  outer loop
   vertex 9.6026172637939453 -2.59377121925354 -0.17986412346363068
   vertex 10.127348899841309 -2.5946474075317383 -0.16674670577049255
   vertex 9.936884880065918 -2.5857644081115723 0.27170389890670776
  endloop
 endfacet
 facet normal 0.015563035872695146 -0.97717785236220556 0.21185192179258797
  outer loop
   vertex 9.3607950210571289 -2.5733592510223389 0.37124395370483398
   vertex 9.936884880065918 -2.5857644081115723 0.27170389890670776
   vertex 9.7138767242431641 -2.4766848087310791 0.7912217378616333
  endloop
 endfacet
 facet normal -0.005122060874211235 -0.99608518532403023 0.088250031560296385
  outer loop
   vertex 12.595400810241699 -2.5768196582794189 0.34641015529632568
   vertex 12.568202972412109 -2.5977146625518799 0.10898799449205399
   vertex 12.783536911010742 -2.5964574813842773 0.13567595183849335
  endloop
 endfacet
 facet normal -0.0051358067680669188 -0.55161979373710368 0.83407986826578928
  outer loop
   vertex 12.331264495849609 -1.5252081155776978 2.1056449413299561
   vertex 12.465295791625977 -1.3556796312332153 2.21858811378479
   vertex 12.278948783874512 -1.335389256477356 2.2308597564697266
  endloop
 endfacet
 facet normal -0.01369684000060767 0.022617687490377226 0.99965035726827278
  outer loop
   vertex 13.118550300598145 -0.04919762909412384 2.5995345115661621
   vertex 13.282282829284668 0.060661826282739639 2.5992922782897949
   vertex 13.12012767791748 0.16619692742824554 2.5946826934814453
  endloop
 endfacet
 facet normal 0.0054742050405171185 0.27515538641230047 0.96138418252406876
  outer loop
   vertex 14.514747619628906 0.95679998397827148 2.4175469875335693
   vertex 14.243513107299805 0.48252344131469727 2.554832935333252
   vertex 14.667518615722656 0.45888179540634155 2.5591850280761719
  endloop
 endfacet
 facet normal 0.0095937305655013107 -0.41445342044756844 0.91001995726090945
  outer loop
   vertex 11.935542106628418 -1.1672815084457397 2.3232421875
   vertex 11.990531921386719 -0.97439932823181152 2.4105074405670166
   vertex 11.782455444335938 -1.0343632698059082 2.3853914737701416
  endloop
 endfacet
 facet normal -0.0039848312630540684 -0.88223532965039786 -0.470791826858176
  outer loop
   vertex 13.000448226928711 -2.3264327049255371 -1.1609096527099609
   vertex 12.781485557556152 -2.3382956981658936 -1.1368257999420166
   vertex 12.88774299621582 -2.2521190643310547 -1.2992149591445923
  endloop
 endfacet
 facet normal 0.012299429606359193 0.23884127408631839 0.97098072577378292
  outer loop
   vertex 12.936435699462891 0.74647337198257446 2.4905376434326172
   vertex 12.741958618164062 0.55594784021377563 2.5398664474487305
   vertex 12.961251258850098 0.48818296194076538 2.5537574291229248
  endloop
 endfacet
 facet normal -0.0063171535844382251 -0.45592247053926177 0.88999707551652485
  outer loop
   vertex 13.588915824890137 -1.1165448427200317 2.3480477333068848
   vertex 13.339923858642578 -1.0786092281341553 2.3657138347625732
   vertex 13.420541763305664 -1.2795569896697998 2.2633457183837891
  endloop
 endfacet
 facet normal -0.017945234718363637 -0.41902101406481423 -0.90779918391844672
  outer loop
   vertex 10.234220504760742 -1.2880269289016724 -2.2585363388061523
   vertex 10.224942207336426 -0.88138836622238159 -2.4460487365722656
   vertex 10.753017425537109 -1.1231369972229004 -2.3449015617370605
  endloop
 endfacet
 facet normal 0 0.28303492770092697 -0.95910960254880728
  outer loop
   vertex 11.487183570861816 0.95679998397827148 -2.4175469875335693
   vertex 12.192276954650879 0.95679998397827148 -2.4175469875335693
   vertex 11.980110168457031 0.50903785228729248 -2.5496823787689209
  endloop
 endfacet
 facet normal -0.021510907114685361 -0.39040134965438528 -0.92039343058451795
  outer loop
   vertex 13.043709754943848 -0.78203809261322021 -2.4795999526977539
   vertex 13.394606590270996 -1.1517493724822998 -2.3309812545776367
   vertex 12.908932685852051 -1.264401912689209 -2.2718467712402344
  endloop
 endfacet
 facet normal -0.0046842961927438904 -0.91071818227490475 -0.41300175525422661
  outer loop
   vertex 13.13899040222168 -2.3986532688140869 -1.0032260417938232
   vertex 12.897851943969727 -2.410686731338501 -0.97395581007003784
   vertex 13.000448226928711 -2.3264327049255371 -1.1609096527099609
  endloop
 endfacet
 facet normal 0.013710419716420339 -0.2525639150074061 0.96748307128720934
  outer loop
   vertex 9.6456232070922852 -0.7555696964263916 2.48779296875
   vertex 10.201355934143066 -0.87081879377365112 2.449831485748291
   vertex 10.125439643859863 -0.45001646876335144 2.5607588291168213
  endloop
 endfacet
 facet normal 0.011757187510827632 0.16877586705661385 0.98558433187684324
  outer loop
   vertex 11.852206230163574 0.56416869163513184 2.538053035736084
   vertex 11.61109447479248 0.39972752332687378 2.5690889358520508
   vertex 11.913678169250488 0.29860606789588928 2.5827958583831787
  endloop
 endfacet
 facet normal -0.0064838446706056282 -0.10059736854501873 0.99490609064378788
  outer loop
   vertex 13.729296684265137 -0.21579429507255554 2.5910294055938721
   vertex 13.535078048706055 -0.1688217967748642 2.5945131778717041
   vertex 13.557254791259766 -0.34989434480667114 2.5763490200042725
  endloop
 endfacet
 facet normal 0.01434554091993895 -0.77999266891348928 -0.62562420181521627
  outer loop
   vertex 12.120847702026367 -2.0114398002624512 -1.6474556922912598
   vertex 12.384199142456055 -1.9359028339385986 -1.735592246055603
   vertex 12.370223999023438 -2.1122114658355713 -1.5161011219024658
  endloop
 endfacet
 facet normal -0.0027819460127432557 -0.2681282467200074 0.96337921094823142
  outer loop
   vertex 13.538847923278809 -0.75094377994537354 2.4891934394836426
   vertex 13.410294532775879 -0.62878018617630005 2.5228228569030762
   vertex 13.338650703430176 -0.77164965867996216 2.4828524589538574
  endloop
 endfacet
 facet normal -0.00048372579091594288 -0.99165465215763426 -0.12892174705409667
  outer loop
   vertex 12.577070236206055 -2.5876591205596924 -0.25302261114120483
   vertex 12.680144309997559 -2.5665907859802246 -0.41546511650085449
   vertex 12.780742645263672 -2.5873496532440186 -0.2561672031879425
  endloop
 endfacet
 facet normal 0.018657409269698742 -0.38330609807401972 -0.92343290836888237
  outer loop
   vertex 11.192986488342285 -0.76278358697891235 -2.4855906963348389
   vertex 11.32426643371582 -1.2431603670120239 -2.2835395336151123
   vertex 10.753017425537109 -1.1231369972229004 -2.3449015617370605
  endloop
 endfacet
 facet normal 0.0034974543243650753 -0.32357879138162232 0.94619476514154177
  outer loop
   vertex 13.538847923278809 -0.75094377994537354 2.4891934394836426
   vertex 13.338650703430176 -0.77164965867996216 2.4828524589538574
   vertex 13.45610523223877 -0.92280656099319458 2.4307258129119873
  endloop
 endfacet
 facet normal 0.009688575881206361 -0.8846525374230173 -0.46615021133579992
  outer loop
   vertex 9.3714399337768555 -2.2314522266387939 -1.3343989849090576
   vertex 9.9373226165771484 -2.1897401809692383 -1.4017980098724365
   vertex 9.8260116577148438 -2.3890979290008545 -1.0257735252380371
  endloop
 endfacet
 facet normal 0.0020159795633476708 -0.98917639946754521 -0.14671736966979668
  outer loop
   vertex 9.8764047622680664 -2.5327470302581787 -0.58753049373626709
   vertex 10.127348899841309 -2.5946474075317383 -0.16674670577049255
   vertex 9.6026172637939453 -2.59377121925354 -0.17986412346363068
  endloop
 endfacet
 facet normal 0.016160663200174258 0.21620301309667178 0.97621467418434715
  outer loop
   vertex 11.852206230163574 0.56416869163513184 2.538053035736084
   vertex 12.08784294128418 0.42401468753814697 2.5651922225952148
   vertex 12.08642578125 0.69833171367645264 2.5044624805450439
  endloop
 endfacet
 facet normal 0.0054855175432348725 -0.17377996844607912 0.98476922761841146
  outer loop
   vertex 11.762691497802734 -0.54240870475769043 2.5427923202514648
   vertex 11.716372489929199 -0.36807754635810852 2.5738141536712646
   vertex 11.523048400878906 -0.49212488532066345 2.5530006885528564
  endloop
 endfacet
 facet normal 0.00036961798783741965 -0.39229022084710247 0.91984142438263494
  outer loop
   vertex 13.588915824890137 -1.1165448427200317 2.3480477333068848
   vertex 13.696206092834473 -0.92076903581619263 2.4314982891082764
   vertex 13.45610523223877 -0.92280656099319458 2.4307258129119873
  endloop
 endfacet
 facet normal -0.005409489763616937 -0.31051021414762608 0.95055465089099045
  outer loop
   vertex 11.860998153686523 -0.87938457727432251 2.4467699527740479
   vertex 12.021847724914551 -0.77331167459487915 2.4823353290557861
   vertex 11.81935977935791 -0.72756004333496094 2.4961283206939697
  endloop
 endfacet
 facet normal 0.0096799943768994604 -0.8338641013009751 -0.55188491397245154
  outer loop
   vertex 11.87589168548584 -2.1100938320159912 -1.5190472602844238
   vertex 11.830341339111328 -2.216646671295166 -1.358851432800293
   vertex 11.683669090270996 -2.1832723617553711 -1.4118505716323853
  endloop
 endfacet
 facet normal -0.0013936347095230095 -0.61684401742623296 0.78708418606128905
  outer loop
   vertex 14.576337814331055 -1.4310555458068848 2.1707324981689453
   vertex 14.085494995117188 -1.4241962432861328 2.175239086151123
   vertex 14.262401580810547 -1.7696661949157715 1.9048048257827759
  endloop
 endfacet
 facet normal -0.029526095807795059 -0.39438656703723435 -0.91847016576856433
  outer loop
   vertex 11.192986488342285 -0.76278358697891235 -2.4855906963348389
   vertex 11.672314643859863 -0.96118795871734619 -2.4158058166503906
   vertex 11.32426643371582 -1.2431603670120239 -2.2835395336151123
  endloop
 endfacet
 facet normal 0.010354055303376958 -0.95782266168366148 -0.2871733662859437
  outer loop
   vertex 10.885966300964355 -2.4899461269378662 -0.74844354391098022
   vertex 11.139985084533691 -2.4543697834014893 -0.8579443097114563
   vertex 11.117961883544922 -2.5202658176422119 -0.63895225524902344
  endloop
 endfacet
 facet normal 0.012226757532675714 0.14551167452930505 0.98928098080167026
  outer loop
   vertex 12.961251258850098 0.48818296194076538 2.5537574291229248
   vertex 12.783107757568359 0.34582826495170593 2.5768978595733643
   vertex 12.960752487182617 0.26798057556152344 2.5861527919769287
  endloop
 endfacet
 facet normal 0.005749919922968829 -0.88486275132537029 -0.46581632618208579
  outer loop
   vertex 12.88774299621582 -2.2521190643310547 -1.2992149591445923
   vertex 12.781485557556152 -2.3382956981658936 -1.1368257999420166
   vertex 12.677006721496582 -2.2712664604187012 -1.2654439210891724
  endloop
 endfacet
 facet normal 0.016822063530612514 -0.94954477587785557 -0.31318003892592661
  outer loop
   vertex 9.2865438461303711 -2.4880118370056152 -0.75484877824783325
   vertex 9.8260116577148438 -2.3890979290008545 -1.0257735252380371
   vertex 9.8764047622680664 -2.5327470302581787 -0.58753049373626709
  endloop
 endfacet
 facet normal -0.0099592265042327509 0.076647458203851007 0.99700851599087481
  outer loop
   vertex 12.260799407958984 0.29038357734680176 2.5837333202362061
   vertex 12.219114303588867 0.096843458712100983 2.5981957912445068
   vertex 12.408111572265625 0.17211927473545074 2.5942966938018799
  endloop
 endfacet
 facet normal 0.02077330659603947 -0.96343798565676131 -0.26712490997042776
  outer loop
   vertex 14.434925079345703 -2.4412200450897217 -0.89467573165893555
   vertex 14.481781005859375 -2.5555689334869385 -0.47861039638519287
   vertex 14.03431224822998 -2.4975507259368896 -0.72266232967376709
  endloop
 endfacet
 facet normal -0.013056390480169431 0.095845088338723489 0.99531062975785189
  outer loop
   vertex 11.61109447479248 0.39972752332687378 2.5690889358520508
   vertex 11.797608375549316 0.1477925032377243 2.5957961082458496
   vertex 11.913678169250488 0.29860606789588928 2.5827958583831787
  endloop
 endfacet
 facet normal 0.010310863908742271 0.072305606093670496 0.99732922619006925
  outer loop
   vertex 12.099156379699707 0.23148955404758453 2.5896742343902588
   vertex 12.219114303588867 0.096843458712100983 2.5981957912445068
   vertex 12.260799407958984 0.29038357734680176 2.5837333202362061
  endloop
 endfacet
 facet normal -0.00065981791993109348 -0.99993836862487817 0.011082580571768185
  outer loop
   vertex 12.783536911010742 -2.5964574813842773 0.13567595183849335
   vertex 12.687992095947266 -2.598780632019043 -0.079621344804763794
   vertex 12.900839805603027 -2.5988831520080566 -0.07619912177324295
  endloop
 endfacet
 facet normal 0.0026518337137752799 -0.79300147899782591 -0.60921393786191003
  outer loop
   vertex 9.5437192916870117 -1.9272192716598511 -1.7452294826507568
   vertex 10.127960205078125 -1.9148275852203369 -1.7588163614273071
   vertex 9.9373226165771484 -2.1897401809692383 -1.4017980098724365
  endloop
 endfacet
 facet normal 0.01371620552054029 -0.45729615757742698 0.8892086875256221
  outer loop
   vertex 13.024584770202637 -1.2783366441726685 2.2640352249145508
   vertex 13.004830360412598 -1.1045453548431396 2.3537161350250244
   vertex 12.881156921386719 -1.195442795753479 2.30887770652771
  endloop
 endfacet
 facet normal -1.5693711387715551e-05 -0.89229245067467011 -0.45145784102471731
  outer loop
   vertex 11.890984535217285 -2.2882969379425049 -1.2343810796737671
   vertex 12.044331550598145 -2.2883388996124268 -1.2343034744262695
   vertex 11.967573165893555 -2.3499999046325684 -1.1124297380447388
  endloop
 endfacet
 facet normal 0.0089802832210792109 -0.3808196268303809 0.92460573561601833
  outer loop
   vertex 13.339923858642578 -1.0786092281341553 2.3657138347625732
   vertex 13.278561592102051 -0.91558098793029785 2.4334566593170166
   vertex 13.14493465423584 -1.0027879476547241 2.3988363742828369
  endloop
 endfacet
 facet normal 0.010335916230988777 -0.99087559826728278 0.13438272803497017
  outer loop
   vertex 12.327656745910645 -2.5574460029602051 0.46847665309906006
   vertex 12.168896675109863 -2.5856807231903076 0.27249786257743835
   vertex 12.384836196899414 -2.5908863544464111 0.21750518679618835
  endloop
 endfacet
 facet normal -0.0095565613593015866 0.12141369849093063 0.99255598630693842
  outer loop
   vertex 12.605690956115723 0.41340884566307068 2.5669229030609131
   vertex 12.606367111206055 0.21768578886985779 2.5908710956573486
   vertex 12.783107757568359 0.34582826495170593 2.5768978595733643
  endloop
 endfacet
 facet normal -0.0013279028865545639 -0.99994173524728036 0.010712739359370275
  outer loop
   vertex 13.051516532897949 -2.5969090461730957 0.12674382328987122
   vertex 12.783536911010742 -2.5964574813842773 0.13567595183849335
   vertex 12.900839805603027 -2.5988831520080566 -0.07619912177324295
  endloop
 endfacet
 facet normal -0.0095672108588420682 -0.43187021214469967 0.90188501946671362
  outer loop
   vertex 12.881156921386719 -1.195442795753479 2.30887770652771
   vertex 13.004830360412598 -1.1045453548431396 2.3537161350250244
   vertex 12.82726001739502 -1.0354276895523071 2.3849296569824219
  endloop
 endfacet
 facet normal -0.0021412534812345388 0.18846303867680225 0.98207794908868373
  outer loop
   vertex 12.741958618164062 0.55594784021377563 2.5398664474487305
   vertex 12.507827758789062 0.57271754741668701 2.5361378192901611
   vertex 12.605690956115723 0.41340884566307068 2.5669229030609131
  endloop
 endfacet
 facet normal 1.0252161240657515e-05 -0.89229353389923483 -0.45145570021488068
  outer loop
   vertex 12.197854995727539 -2.288337230682373 -1.2343065738677979
   vertex 12.351212501525879 -2.2883079051971436 -1.2343610525131226
   vertex 12.274620056152344 -2.3499999046325684 -1.1124297380447388
  endloop
 endfacet
 facet normal -0.028060864621360992 0.092346511989437066 0.99533145715389026
  outer loop
   vertex 9.5774154663085938 -0.10288433730602264 2.5979635715484619
   vertex 10.222559928894043 0.086838603019714355 2.5985493659973145
   vertex 9.9358463287353516 0.4934898316860199 2.5527372360229492
  endloop
 endfacet
 facet normal 0.0084409504223175603 -0.31464338429044031 0.94917242431405802
  outer loop
   vertex 13.79142951965332 -0.69691663980484009 2.5048568248748779
   vertex 13.538847923278809 -0.75094377994537354 2.4891934394836426
   vertex 13.696206092834473 -0.92076903581619263 2.4314982891082764
  endloop
 endfacet
 facet normal 0.016008007303102489 -0.96166231344708764 -0.27376876848497372
  outer loop
   vertex 13.373372077941895 -2.5378711223602295 -0.5649871826171875
   vertex 13.115447998046875 -2.5109474658966064 -0.67464292049407959
   vertex 13.278393745422363 -2.4642665386199951 -0.82909023761749268
  endloop
 endfacet
 facet normal 0.015838316171844315 -0.98797697605704859 -0.15378765399735608
  outer loop
   vertex 13.373372077941895 -2.5378711223602295 -0.5649871826171875
   vertex 13.246584892272949 -2.5861871242523193 -0.2676486074924469
   vertex 13.079360961914062 -2.5585618019104004 -0.46234387159347534
  endloop
 endfacet
 facet normal 5.8581531360228726e-07 -0.89229628381602766 -0.45145026513201186
  outer loop
   vertex 12.044331550598145 -2.2883388996124268 -1.2343034744262695
   vertex 12.197854995727539 -2.288337230682373 -1.2343065738677979
   vertex 12.121089935302734 -2.3499999046325684 -1.1124297380447388
  endloop
 endfacet
 facet normal -0.015630006663458831 -0.98087701703341212 -0.19399994934879636
  outer loop
   vertex 11.117961883544922 -2.5202658176422119 -0.63895225524902344
   vertex 11.32990837097168 -2.5420706272125244 -0.54578155279159546
   vertex 11.175703048706055 -2.5710983276367188 -0.38659164309501648
  endloop
 endfacet
 facet normal -0.0065992108998432697 -0.21265915006529179 0.9771041583725899
  outer loop
   vertex 13.587028503417969 -0.55448544025421143 2.5401861667633057
   vertex 13.385550498962402 -0.47138771414756775 2.5569109916687012
   vertex 13.410294532775879 -0.62878018617630005 2.5228228569030762
  endloop
 endfacet
 facet normal 0.01396589788031442 0.022415126657420396 0.99965119706492056
  outer loop
   vertex 13.118550300598145 -0.04919762909412384 2.5995345115661621
   vertex 13.12012767791748 0.16619692742824554 2.5946826934814453
   vertex 12.960535049438477 0.066990353167057037 2.5991368293762207
  endloop
 endfacet
 facet normal 0.020843235857087607 -0.073955004380893904 0.99704373868252538
  outer loop
   vertex 9.5774154663085938 -0.10288433730602264 2.5979635715484619
   vertex 10.125439643859863 -0.45001646876335144 2.5607588291168213
   vertex 10.222559928894043 0.086838603019714355 2.5985493659973145
  endloop
 endfacet
 facet normal 0.0035395974381432637 -0.93483209440852866 -0.35507242432177055
  outer loop
   vertex 13.278393745422363 -2.4642665386199951 -0.82909023761749268
   vertex 13.074505805969238 -2.4574975967407227 -0.84894394874572754
   vertex 13.13899040222168 -2.3986532688140869 -1.0032260417938232
  endloop
 endfacet
 facet normal -0.0035772066204296069 -0.84027458835728452 -0.54214925966360117
  outer loop
   vertex 12.157264709472656 -2.1453907489776611 -1.4687745571136475
   vertex 12.274473190307617 -2.2133045196533203 -1.3642886877059937
   vertex 12.132404327392578 -2.2240810394287109 -1.3466488122940063
  endloop
 endfacet
 facet normal -0.013957053664516383 0.23645601673762717 0.97154194598153143
  outer loop
   vertex 12.936435699462891 0.74647337198257446 2.4905376434326172
   vertex 12.961251258850098 0.48818296194076538 2.5537574291229248
   vertex 13.172224044799805 0.6522376537322998 2.5168602466583252
  endloop
 endfacet
 facet normal 0.0017740468051036045 -0.88028715431781446 -0.47443796085576651
  outer loop
   vertex 13.105021476745605 -2.2459383010864258 -1.3098704814910889
   vertex 13.000448226928711 -2.3264327049255371 -1.1609096527099609
   vertex 12.88774299621582 -2.2521190643310547 -1.2992149591445923
  endloop
 endfacet
 facet normal -0.0095815107058242564 0.28980548211546991 -0.95703760489774592
  outer loop
   vertex 0.43477985262870789 0.95679998397827148 -2.4175469875335693
   vertex 0.59932327270507812 0.56461590528488159 -2.5379536151885986
   vertex 1.7816180998488258e-14 0.50046759843826294 -2.5513784885406494
  endloop
 endfacet
 facet normal -1.2598176139531744e-05 -0.42926646600098212 0.90317789001298832
  outer loop
   vertex 12.724592208862305 -1.1954973936080933 2.308849573135376
   vertex 12.881156921386719 -1.195442795753479 2.30887770652771
   vertex 12.82726001739502 -1.0354276895523071 2.3849296569824219
  endloop
 endfacet
 facet normal 0.01253328850626655 -0.44988812031956704 0.89299697416875135
  outer loop
   vertex 13.420541763305664 -1.2795569896697998 2.2633457183837891
   vertex 13.339923858642578 -1.0786092281341553 2.3657138347625732
   vertex 13.193478584289551 -1.1931049823760986 2.310086727142334
  endloop
 endfacet
 facet normal 0.013849406240805037 -0.99619143517296616 0.086086110580065378
  outer loop
   vertex 12.595400810241699 -2.5768196582794189 0.34641015529632568
   vertex 12.384836196899414 -2.5908863544464111 0.21750518679618835
   vertex 12.568202972412109 -2.5977146625518799 0.10898799449205399
  endloop
 endfacet
 facet normal 0.00273823879571396 0.10742155620420824 0.9942097924034764
  outer loop
   vertex 11.61109447479248 0.39972752332687378 2.5690889358520508
   vertex 11.567611694335938 0.16083116829395294 2.5950207710266113
   vertex 11.797608375549316 0.1477925032377243 2.5957961082458496
  endloop
 endfacet
 facet normal 0.0060956556983450755 -0.99877499477582909 -0.049105527103877972
  outer loop
   vertex 11.283329010009766 -2.5933492183685303 -0.1858493983745575
   vertex 11.497300148010254 -2.5899546146392822 -0.22833241522312164
   vertex 11.41908073425293 -2.5996925830841064 -0.039978042244911194
  endloop
 endfacet
 facet normal 0.006122881764537738 0.059688144435814862 0.99819829479553157
  outer loop
   vertex 13.363102912902832 0.26219800114631653 2.5867455005645752
   vertex 13.282282829284668 0.060661826282739639 2.5992922782897949
   vertex 13.487338066101074 0.030855156481266022 2.5998167991638184
  endloop
 endfacet
 facet normal -0.001919539302372066 -0.88743584751549842 -0.46092725230052911
  outer loop
   vertex 12.781485557556152 -2.3382956981658936 -1.1368257999420166
   vertex 12.59934139251709 -2.3435704708099365 -1.1259115934371948
   vertex 12.677006721496582 -2.2712664604187012 -1.2654439210891724
  endloop
 endfacet
 facet normal 0 0.29412311620326148 -0.95576754104483108
  outer loop
   vertex 12.797362327575684 0.95679998397827148 -2.4175469875335693
   vertex 13.309604644775391 0.95679998397827148 -2.4175469875335693
   vertex 13.016053199768066 0.56795072555541992 -2.5372095108032227
  endloop
 endfacet
 facet normal -0.0065906398875005953 0.10344823192640587 0.9946130035230657
  outer loop
   vertex 12.447253227233887 0.35834985971450806 2.5751864910125732
   vertex 12.408111572265625 0.17211927473545074 2.5942966938018799
   vertex 12.606367111206055 0.21768578886985779 2.5908710956573486
  endloop
 endfacet
 facet normal -0.012836091265659147 -0.77916372568270875 -0.62668901645174879
  outer loop
   vertex 12.384199142456055 -1.9359028339385986 -1.735592246055603
   vertex 12.618715286254883 -2.063615083694458 -1.5816107988357544
   vertex 12.370223999023438 -2.1122114658355713 -1.5161011219024658
  endloop
 endfacet
 facet normal -0.016372999291980241 -0.99650867153796563 0.081868140590975053
  outer loop
   vertex 11.549358367919922 -2.5770483016967773 0.34470537304878235
   vertex 11.559511184692383 -2.5986487865447998 0.083812206983566284
   vertex 11.75142765045166 -2.5927798748016357 0.19363111257553101
  endloop
 endfacet
 facet normal -0.0062948292924844959 -0.9937878107660707 -0.111113285870587
  outer loop
   vertex 11.283329010009766 -2.5933492183685303 -0.1858493983745575
   vertex 11.390590667724609 -2.5730979442596436 -0.37305170297622681
   vertex 11.497300148010254 -2.5899546146392822 -0.22833241522312164
  endloop
 endfacet
 facet normal -0.01393634846742111 -0.52750785863670757 0.84943583469730655
  outer loop
   vertex 12.098641395568848 -1.473717212677002 2.1419985294342041
   vertex 12.278948783874512 -1.335389256477356 2.2308597564697266
   vertex 12.099185943603516 -1.2667149305343628 2.2705578804016113
  endloop
 endfacet
 facet normal -0.015046806741863906 -0.9995616339183272 0.02549771765074433
  outer loop
   vertex 11.331082344055176 -2.592221736907959 0.20096416771411896
   vertex 11.41908073425293 -2.5996925830841064 -0.039978042244911194
   vertex 11.559511184692383 -2.5986487865447998 0.083812206983566284
  endloop
 endfacet
 facet normal 0.0025965611060430995 -0.99996997848886382 0.0073006843106547476
  outer loop
   vertex 12.568202972412109 -2.5977146625518799 0.10898799449205399
   vertex 12.54207706451416 -2.5990824699401855 -0.069067753851413727
   vertex 12.687992095947266 -2.598780632019043 -0.079621344804763794
  endloop
 endfacet
 facet normal -0.023792767157091953 -0.12925084496213465 0.99132644638765821
  outer loop
   vertex 11.523048400878906 -0.49212488532066345 2.5530006885528564
   vertex 11.716372489929199 -0.36807754635810852 2.5738141536712646
   vertex 11.577438354492188 -0.2018466591835022 2.5921530723571777
  endloop
 endfacet
 facet normal 0.00052292820031579485 -0.99792796041470266 -0.064339042335494437
  outer loop
   vertex 12.687992095947266 -2.598780632019043 -0.079621344804763794
   vertex 12.577070236206055 -2.5876591205596924 -0.25302261114120483
   vertex 12.780742645263672 -2.5873496532440186 -0.2561672031879425
  endloop
 endfacet
 facet normal -0.0024518182179369247 -0.99804547734383176 -0.062443684556160547
  outer loop
   vertex 12.54207706451416 -2.5990824699401855 -0.069067753851413727
   vertex 12.577070236206055 -2.5876591205596924 -0.25302261114120483
   vertex 12.687992095947266 -2.598780632019043 -0.079621344804763794
  endloop
 endfacet
 facet normal 0.015794303220893296 -0.56274777271559107 0.82647775789152844
  outer loop
   vertex 12.721288681030273 -1.5792561769485474 2.0654175281524658
   vertex 12.64077091217041 -1.3646436929702759 2.2130856513977051
   vertex 12.528926849365234 -1.5191450119018555 2.1100232601165771
  endloop
 endfacet
 facet normal 0.0070491546155024114 -0.7994188055064162 -0.60073278820279274
  outer loop
   vertex 12.120847702026367 -2.0114398002624512 -1.6474556922912598
   vertex 12.157264709472656 -2.1453907489776611 -1.4687745571136475
   vertex 11.87589168548584 -2.1100938320159912 -1.5190472602844238
  endloop
 endfacet
 facet normal -0.010468432470625018 0.0732732074419917 0.99725696236866201
  outer loop
   vertex 11.913678169250488 0.29860606789588928 2.5827958583831787
   vertex 12.00797176361084 0.10908938199281693 2.5977103710174561
   vertex 12.099156379699707 0.23148955404758453 2.5896742343902588
  endloop
 endfacet
 facet normal -0.00683646547314435 -0.14855170083927943 0.98888101150623353
  outer loop
   vertex 13.557254791259766 -0.34989434480667114 2.5763490200042725
   vertex 13.366909027099609 -0.29694145917892456 2.5829877853393555
   vertex 13.385550498962402 -0.47138771414756775 2.5569109916687012
  endloop
 endfacet
 facet normal 0.0086862303411858813 0.096550458386290963 0.99529018802952984
  outer loop
   vertex 12.783107757568359 0.34582826495170593 2.5768978595733643
   vertex 12.606367111206055 0.21768578886985779 2.5908710956573486
   vertex 12.796348571777344 0.1528327614068985 2.5955042839050293
  endloop
 endfacet
 facet normal 0.0071809451436680672 -0.098939973261740935 0.99506749304648157
  outer loop
   vertex 13.557254791259766 -0.34989434480667114 2.5763490200042725
   vertex 13.535078048706055 -0.1688217967748642 2.5945131778717041
   vertex 13.366909027099609 -0.29694145917892456 2.5829877853393555
  endloop
 endfacet
 facet normal -0.0059054961194431651 -0.80649429213830515 -0.59121238304345192
  outer loop
   vertex 12.877373695373535 -2.0271339416503906 -1.6281057596206665
   vertex 13.0367431640625 -2.1493163108825684 -1.4630242586135864
   vertex 12.770444869995117 -2.1701152324676514 -1.4319916963577271
  endloop
 endfacet
 facet normal -0 0.32078290830533573 0.94715274678331096
  outer loop
   vertex 11.81137752532959 0.95679998397827148 2.4175469875335693
   vertex 11.409699440002441 0.95679998397827148 2.4175469875335693
   vertex 11.575067520141602 0.70915830135345459 2.5014185905456543
  endloop
 endfacet
 facet normal -0.0014635418540908179 -0.55364025345497014 0.83275466243039287
  outer loop
   vertex 12.331264495849609 -1.5252081155776978 2.1056449413299561
   vertex 12.528926849365234 -1.5191450119018555 2.1100232601165771
   vertex 12.465295791625977 -1.3556796312332153 2.21858811378479
  endloop
 endfacet
 facet normal -0.010108292164676383 0.095271611307091497 0.99539999121381562
  outer loop
   vertex 12.783107757568359 0.34582826495170593 2.5768978595733643
   vertex 12.796348571777344 0.1528327614068985 2.5955042839050293
   vertex 12.960752487182617 0.26798057556152344 2.5861527919769287
  endloop
 endfacet
 facet normal 0.0040585703980695028 -0.32611883009428966 0.94532007101523852
  outer loop
   vertex 13.278561592102051 -0.91558098793029785 2.4334566593170166
   vertex 13.338650703430176 -0.77164965867996216 2.4828524589538574
   vertex 13.129945755004883 -0.80512481927871704 2.4722001552581787
  endloop
 endfacet
 facet normal -0.012492892244167679 -0.43529937026715609 0.90019908125280435
  outer loop
   vertex 11.693981170654297 -1.2486323118209839 2.2805519104003906
   vertex 11.935542106628418 -1.1672815084457397 2.3232421875
   vertex 11.782455444335938 -1.0343632698059082 2.3853914737701416
  endloop
 endfacet
 facet normal 0.0073779191231734638 -0.93045794611812549 -0.36632441471331328
  outer loop
   vertex 10.927431106567383 -2.4024593830108643 -0.99407678842544556
   vertex 11.177321434020996 -2.3777327537536621 -1.0518491268157959
   vertex 11.139985084533691 -2.4543697834014893 -0.8579443097114563
  endloop
 endfacet
 facet normal -0.015261770678198856 -0.53371513548389415 0.84552660071175434
  outer loop
   vertex 13.019912719726562 -1.495148777961731 2.1270942687988281
   vertex 13.226057052612305 -1.4018094539642334 2.1897330284118652
   vertex 13.024584770202637 -1.2783366441726685 2.2640352249145508
  endloop
 endfacet
 facet normal -0.0098590846229099031 0.10715111292905873 0.99419386311144686
  outer loop
   vertex 13.363102912902832 0.26219800114631653 2.5867455005645752
   vertex 13.143147468566895 0.38519635796546936 2.571307897567749
   vertex 13.12012767791748 0.16619692742824554 2.5946826934814453
  endloop
 endfacet
 facet normal 0.0095527228050245917 0.12147874510612319 0.99254806431449549
  outer loop
   vertex 12.447253227233887 0.35834985971450806 2.5751864910125732
   vertex 12.606367111206055 0.21768578886985779 2.5908710956573486
   vertex 12.605690956115723 0.41340884566307068 2.5669229030609131
  endloop
 endfacet
 facet normal -0.012229524958412416 0.064474322999979392 0.99784442694890352
  outer loop
   vertex 13.12012767791748 0.16619692742824554 2.5946826934814453
   vertex 12.960752487182617 0.26798057556152344 2.5861527919769287
   vertex 12.960535049438477 0.066990353167057037 2.5991368293762207
  endloop
 endfacet
 facet normal -0.01261482997767731 -0.50099550105527257 0.86535794558495294
  outer loop
   vertex 13.420541763305664 -1.2795569896697998 2.2633457183837891
   vertex 13.193478584289551 -1.1931049823760986 2.310086727142334
   vertex 13.226057052612305 -1.4018094539642334 2.1897330284118652
  endloop
 endfacet
 facet normal 0.0089712562164288058 -0.81033359700672547 -0.58590014347501307
  outer loop
   vertex 12.877373695373535 -2.0271339416503906 -1.6281057596206665
   vertex 12.770444869995117 -2.1701152324676514 -1.4319916963577271
   vertex 12.618715286254883 -2.063615083694458 -1.5816107988357544
  endloop
 endfacet
 facet normal -0.0083790579838016604 -0.98472045740386238 -0.1739408294726458
  outer loop
   vertex 11.32990837097168 -2.5420706272125244 -0.54578155279159546
   vertex 11.486467361450195 -2.5516695976257324 -0.49898123741149902
   vertex 11.390590667724609 -2.5730979442596436 -0.37305170297622681
  endloop
 endfacet
 facet normal 0.0029113673254343221 0.03061679848712337 0.99952695590999219
  outer loop
   vertex 11.418692588806152 0.01360112801194191 2.5999643802642822
   vertex 11.686217308044434 -0.012087008915841579 2.5999720096588135
   vertex 11.567611694335938 0.16083116829395294 2.5950207710266113
  endloop
 endfacet
 facet normal -0.0044370725680753648 -0.012929089366307196 0.99990657115311699
  outer loop
   vertex 13.282282829284668 0.060661826282739639 2.5992922782897949
   vertex 13.324840545654297 -0.12249200791120529 2.5971128940582275
   vertex 13.487338066101074 0.030855156481266022 2.5998167991638184
  endloop
 endfacet
 facet normal -0.010068419451505372 0.24961884133347761 0.96829182635251076
  outer loop
   vertex 1.0422004461288452 0.36048522591590881 2.5748884677886963
   vertex 0.6944725513458252 0.95679998397827148 2.4175469875335693
   vertex -1.805051266334616e-14 0.27947214245796204 2.5849361419677734
  endloop
 endfacet
 facet normal -0.01151602364128978 -0.4250145785650003 0.90511324661984061
  outer loop
   vertex 13.193478584289551 -1.1931049823760986 2.310086727142334
   vertex 13.339923858642578 -1.0786092281341553 2.3657138347625732
   vertex 13.14493465423584 -1.0027879476547241 2.3988363742828369
  endloop
 endfacet
 facet normal -0.0082182207807726445 -0.97542791564361953 -0.22016548828175225
  outer loop
   vertex 13.373372077941895 -2.5378711223602295 -0.5649871826171875
   vertex 13.079360961914062 -2.5585618019104004 -0.46234387159347534
   vertex 13.115447998046875 -2.5109474658966064 -0.67464292049407959
  endloop
 endfacet
 facet normal -0.0094621181220484411 -0.48839921948445453 0.87256900628409906
  outer loop
   vertex 13.024584770202637 -1.2783366441726685 2.2640352249145508
   vertex 12.881156921386719 -1.195442795753479 2.30887770652771
   vertex 12.824514389038086 -1.3559370040893555 2.218430757522583
  endloop
 endfacet
 facet normal 0.0035513191234156109 -0.93483368096140596 -0.35506813018438033
  outer loop
   vertex 13.074505805969238 -2.4574975967407227 -0.84894394874572754
   vertex 12.897851943969727 -2.410686731338501 -0.97395581007003784
   vertex 13.13899040222168 -2.3986532688140869 -1.0032260417938232
  endloop
 endfacet
 facet normal -0.012933726098815705 -0.40910564455516196 0.91239535856026055
  outer loop
   vertex 11.935542106628418 -1.1672815084457397 2.3232421875
   vertex 12.126724243164062 -1.0788991451263428 2.365581750869751
   vertex 11.990531921386719 -0.97439932823181152 2.4105074405670166
  endloop
 endfacet
 facet normal 0.0071946580931727729 -0.044343362706914032 0.99899044193564002
  outer loop
   vertex 13.742229461669922 -0.012253795750439167 2.5999710559844971
   vertex 13.535078048706055 -0.1688217967748642 2.5945131778717041
   vertex 13.729296684265137 -0.21579429507255554 2.5910294055938721
  endloop
 endfacet
 facet normal -0.0018178610374826349 0.027375758547122143 0.9996235607593581
  outer loop
   vertex 11.567611694335938 0.16083116829395294 2.5950207710266113
   vertex 11.686217308044434 -0.012087008915841579 2.5999720096588135
   vertex 11.797608375549316 0.1477925032377243 2.5957961082458496
  endloop
 endfacet
 facet normal -0.0089242049956159974 0.27639298593000566 0.96100326528784064
  outer loop
   vertex 9.7271337509155273 0.95679998397827148 2.4175469875335693
   vertex 9.2652826309204102 0.43483179807662964 2.5633807182312012
   vertex 9.9358463287353516 0.4934898316860199 2.5527372360229492
  endloop
 endfacet
 facet normal 0.0096504488647142575 0.17035959441875903 -0.98533470324869077
  outer loop
   vertex 14.704854011535645 0.25122725963592529 -2.5878341197967529
   vertex 14.412186622619629 0.59074068069458008 -2.5320003032684326
   vertex 14.788534164428711 0.64248114824295044 -2.5193686485290527
  endloop
 endfacet
 facet normal 1.466597342359379e-05 -0.49096169558327224 0.87118115983698108
  outer loop
   vertex 12.824514389038086 -1.3559370040893555 2.218430757522583
   vertex 12.881156921386719 -1.195442795753479 2.30887770652771
   vertex 12.724592208862305 -1.1954973936080933 2.308849573135376
  endloop
 endfacet
 facet normal -0.015053234225576608 -0.34892530838295815 0.93702963096649583
  outer loop
   vertex 13.14493465423584 -1.0027879476547241 2.3988363742828369
   vertex 13.278561592102051 -0.91558098793029785 2.4334566593170166
   vertex 13.129945755004883 -0.80512481927871704 2.4722001552581787
  endloop
 endfacet
 facet normal 0.00083579431436800466 -0.10896646077517454 0.99404507537334352
  outer loop
   vertex 11.716372489929199 -0.36807754635810852 2.5738141536712646
   vertex 11.811581611633301 -0.19585956633090973 2.5926125049591064
   vertex 11.577438354492188 -0.2018466591835022 2.5921530723571777
  endloop
 endfacet
 facet normal 0.009600701525665712 -0.96857986836807974 -0.24851733364553921
  outer loop
   vertex 11.117961883544922 -2.5202658176422119 -0.63895225524902344
   vertex 11.320742607116699 -2.4914569854736328 -0.74339896440505981
   vertex 11.32990837097168 -2.5420706272125244 -0.54578155279159546
  endloop
 endfacet
 facet normal 0.0044205637883837816 -0.48747050538076919 0.87312826377320418
  outer loop
   vertex 12.465295791625977 -1.3556796312332153 2.21858811378479
   vertex 12.39769172668457 -1.1842843294143677 2.3146209716796875
   vertex 12.278948783874512 -1.335389256477356 2.2308597564697266
  endloop
 endfacet
 facet normal 0.047145211694367729 -0.88273470743416238 0.46750055112846345
  outer loop
   vertex 14.486754417419434 -2.1112465858459473 1.5174446105957031
   vertex 14.001483917236328 -2.2603757381439209 1.2847961187362671
   vertex 14.492780685424805 -2.4422788619995117 0.89178162813186646
  endloop
 endfacet
 facet normal -0.0053100343688885715 -0.027819909056664472 0.99959884763593043
  outer loop
   vertex 13.742229461669922 -0.012253795750439167 2.5999710559844971
   vertex 13.487338066101074 0.030855156481266022 2.5998167991638184
   vertex 13.535078048706055 -0.1688217967748642 2.5945131778717041
  endloop
 endfacet
 facet normal 0.0093362787546451883 -0.48201146431150022 0.8761151649020229
  outer loop
   vertex 12.099185943603516 -1.2667149305343628 2.2705578804016113
   vertex 12.278948783874512 -1.335389256477356 2.2308597564697266
   vertex 12.241896629333496 -1.1784675121307373 2.3175880908966064
  endloop
 endfacet
 facet normal -0.0038273356938090491 -0.99768830119838681 -0.06784839831096838
  outer loop
   vertex 13.121594429016113 -2.5980298519134521 -0.10119941085577011
   vertex 12.900839805603027 -2.5988831520080566 -0.07619912177324295
   vertex 12.99796199798584 -2.5863304138183594 -0.26626166701316833
  endloop
 endfacet
 facet normal 0.014750189577287786 -0.49777502070801471 0.86718075432205577
  outer loop
   vertex 13.226057052612305 -1.4018094539642334 2.1897330284118652
   vertex 13.193478584289551 -1.1931049823760986 2.310086727142334
   vertex 13.024584770202637 -1.2783366441726685 2.2640352249145508
  endloop
 endfacet
 facet normal -0.0047731793595966682 -0.26719969884976508 0.96362935701098063
  outer loop
   vertex 13.410294532775879 -0.62878018617630005 2.5228228569030762
   vertex 13.218151092529297 -0.60073506832122803 2.5296475887298584
   vertex 13.338650703430176 -0.77164965867996216 2.4828524589538574
  endloop
 endfacet
 facet normal -0.0060639204606373672 -0.85318377205811513 -0.52157519109456607
  outer loop
   vertex 12.770444869995117 -2.1701152324676514 -1.4319916963577271
   vertex 12.88774299621582 -2.2521190643310547 -1.2992149591445923
   vertex 12.677006721496582 -2.2712664604187012 -1.2654439210891724
  endloop
 endfacet
 facet normal 0.01364628661645847 0.10470343603628285 0.99440985983837549
  outer loop
   vertex 13.143147468566895 0.38519635796546936 2.571307897567749
   vertex 12.960752487182617 0.26798057556152344 2.5861527919769287
   vertex 13.12012767791748 0.16619692742824554 2.5946826934814453
  endloop
 endfacet
 facet normal 0.00055354163787582188 -0.99792897645565448 -0.06432302497414992
  outer loop
   vertex 12.900839805603027 -2.5988831520080566 -0.07619912177324295
   vertex 12.687992095947266 -2.598780632019043 -0.079621344804763794
   vertex 12.780742645263672 -2.5873496532440186 -0.2561672031879425
  endloop
 endfacet
 facet normal -0.0037742213297492031 -0.039009211581085182 0.99923172320797349
  outer loop
   vertex 11.418692588806152 0.01360112801194191 2.5999643802642822
   vertex 11.577438354492188 -0.2018466591835022 2.5921530723571777
   vertex 11.686217308044434 -0.012087008915841579 2.5999720096588135
  endloop
 endfacet
 facet normal -0.001403955511129776 -0.48397553588551412 0.87508040177646096
  outer loop
   vertex 12.278948783874512 -1.335389256477356 2.2308597564697266
   vertex 12.39769172668457 -1.1842843294143677 2.3146209716796875
   vertex 12.241896629333496 -1.1784675121307373 2.3175880908966064
  endloop
 endfacet
 facet normal 0.0037191381435785851 -0.99784509071916216 0.065508342515559648
  outer loop
   vertex 12.168896675109863 -2.5856807231903076 0.27249786257743835
   vertex 11.944771766662598 -2.5880789756774902 0.24869123101234436
   vertex 12.064878463745117 -2.5988235473632812 0.078207425773143768
  endloop
 endfacet
 facet normal 0.0059014590136609903 0.081371531106385023 0.99666636679829457
  outer loop
   vertex 11.797608375549316 0.1477925032377243 2.5957961082458496
   vertex 12.00797176361084 0.10908938199281693 2.5977103710174561
   vertex 11.913678169250488 0.29860606789588928 2.5827958583831787
  endloop
 endfacet
 facet normal -0.0087043120394390116 -0.38130524795554277 0.92440821222741321
  outer loop
   vertex 12.126724243164062 -1.0788991451263428 2.365581750869751
   vertex 12.306931495666504 -1.0196294784545898 2.3917264938354492
   vertex 12.155865669250488 -0.90937215089797974 2.4357836246490479
  endloop
 endfacet
 facet normal -0.0053375307479811467 -0.24592162379820032 0.96927502067987437
  outer loop
   vertex 11.762691497802734 -0.54240870475769043 2.5427923202514648
   vertex 11.81935977935791 -0.72756004333496094 2.4961283206939697
   vertex 11.960799217224121 -0.57473886013031006 2.5356805324554443
  endloop
 endfacet
 facet normal -0.0020641377263008959 -0.8461680647530605 -0.53291213678007687
  outer loop
   vertex 13.0367431640625 -2.1493163108825684 -1.4630242586135864
   vertex 13.105021476745605 -2.2459383010864258 -1.3098704814910889
   vertex 12.88774299621582 -2.2521190643310547 -1.2992149591445923
  endloop
 endfacet
 facet normal -0.00092133385290641984 -0.040642212131396085 0.99917333918444695
  outer loop
   vertex 11.577438354492188 -0.2018466591835022 2.5921530723571777
   vertex 11.811581611633301 -0.19585956633090973 2.5926125049591064
   vertex 11.686217308044434 -0.012087008915841579 2.5999720096588135
  endloop
 endfacet
 facet normal 0.011415496153842195 -0.49101085176659454 0.87107865884488589
  outer loop
   vertex 11.693981170654297 -1.2486323118209839 2.2805519104003906
   vertex 11.898439407348633 -1.3754135370254517 2.2064082622528076
   vertex 11.935542106628418 -1.1672815084457397 2.3232421875
  endloop
 endfacet
 facet normal 0.0039103526894208136 -0.86705110687823328 -0.49820386108808401
  outer loop
   vertex 12.274473190307617 -2.2133045196533203 -1.3642886877059937
   vertex 12.197854995727539 -2.288337230682373 -1.2343065738677979
   vertex 12.132404327392578 -2.2240810394287109 -1.3466488122940063
  endloop
 endfacet
 facet normal 0.0070908301826629622 -0.85645113724751831 -0.51617939675538516
  outer loop
   vertex 12.770444869995117 -2.1701152324676514 -1.4319916963577271
   vertex 12.677006721496582 -2.2712664604187012 -1.2654439210891724
   vertex 12.559453964233398 -2.1956381797790527 -1.3925421237945557
  endloop
 endfacet
 facet normal -0.013041281931063825 -0.95714309363901529 -0.2893216605522817
  outer loop
   vertex 11.117961883544922 -2.5202658176422119 -0.63895225524902344
   vertex 11.139985084533691 -2.4543697834014893 -0.8579443097114563
   vertex 11.320742607116699 -2.4914569854736328 -0.74339896440505981
  endloop
 endfacet
 facet normal -0.012899060776646817 -0.56111564267290914 0.82763690696998793
  outer loop
   vertex 13.019912719726562 -1.495148777961731 2.1270942687988281
   vertex 12.824514389038086 -1.3559370040893555 2.218430757522583
   vertex 12.721288681030273 -1.5792561769485474 2.0654175281524658
  endloop
 endfacet
 facet normal -0.010904819698677347 -0.9013528632347757 -0.4329481502972507
  outer loop
   vertex 11.006309509277344 -2.2855355739593506 -1.2394866943359375
   vertex 11.177321434020996 -2.3777327537536621 -1.0518491268157959
   vertex 10.927431106567383 -2.4024593830108643 -0.99407678842544556
  endloop
 endfacet
 facet normal 0.0040083364565661715 0.14423236527738581 -0.98953572853401406
  outer loop
   vertex 0.36862611770629883 0.19621184468269348 -2.5925858020782471
   vertex 0.59932327270507812 0.56461590528488159 -2.5379536151885986
   vertex 0.85386776924133301 0.17005465924739838 -2.5944328308105469
  endloop
 endfacet
 facet normal 0.0039010870420319462 -0.85889685077288935 -0.51213375328355704
  outer loop
   vertex 11.006309509277344 -2.2855355739593506 -1.2394866943359375
   vertex 11.176331520080566 -2.1687109470367432 -1.4341175556182861
   vertex 11.259943962097168 -2.295943021774292 -1.2201004028320312
  endloop
 endfacet
 facet normal 0.0014433436184221665 0.064442830947755325 0.99792035669117318
  outer loop
   vertex 12.00797176361084 0.10908938199281693 2.5977103710174561
   vertex 12.219114303588867 0.096843458712100983 2.5981957912445068
   vertex 12.099156379699707 0.23148955404758453 2.5896742343902588
  endloop
 endfacet
 facet normal -0.018822862188986589 -0.33502012264204539 -0.94202293883106869
  outer loop
   vertex 14.542468070983887 -0.92691850662231445 -2.4291608333587646
   vertex 13.974270820617676 -1.0962915420532227 -2.3575718402862549
   vertex 14.182547569274902 -0.68334788084030151 -2.5085923671722412
  endloop
 endfacet
 facet normal 0.0039086403641054287 -0.21108426631961977 0.97746005291408811
  outer loop
   vertex 13.385550498962402 -0.47138771414756775 2.5569109916687012
   vertex 13.218151092529297 -0.60073506832122803 2.5296475887298584
   vertex 13.410294532775879 -0.62878018617630005 2.5228228569030762
  endloop
 endfacet
 facet normal 0.0081863443013569202 -0.0099960243994073519 0.99991652814781795
  outer loop
   vertex 13.118550300598145 -0.04919762909412384 2.5995345115661621
   vertex 13.324840545654297 -0.12249200791120529 2.5971128940582275
   vertex 13.282282829284668 0.060661826282739639 2.5992922782897949
  endloop
 endfacet
 facet normal -0.0048833869133846136 -0.8518523466508785 -0.52375923098084465
  outer loop
   vertex 11.468289375305176 -2.1637704372406006 -1.4415607452392578
   vertex 11.683669090270996 -2.1832723617553711 -1.4118505716323853
   vertex 11.56427001953125 -2.2561073303222656 -1.2922770977020264
  endloop
 endfacet
 facet normal 0.022814690451049405 -0.019534950974470559 -0.99954883602055566
  outer loop
   vertex 14.254802703857422 0.14397624135017395 -2.5960104465484619
   vertex 14.704854011535645 0.25122725963592529 -2.5878341197967529
   vertex 14.611799240112305 -0.33342722058296204 -2.5785317420959473
  endloop
 endfacet
 facet normal 0.0036890117776279398 -0.87442522206800222 -0.48514628948743865
  outer loop
   vertex 11.259943962097168 -2.295943021774292 -1.2201004028320312
   vertex 11.381937026977539 -2.2400412559509277 -1.319929838180542
   vertex 11.469207763671875 -2.3107383251190186 -1.1918421983718872
  endloop
 endfacet
 facet normal 0.01749761080274035 0.19792175987870705 0.98006163611413299
  outer loop
   vertex 13.172224044799805 0.6522376537322998 2.5168602466583252
   vertex 12.961251258850098 0.48818296194076538 2.5537574291229248
   vertex 13.143147468566895 0.38519635796546936 2.571307897567749
  endloop
 endfacet
 facet normal -0.010293180405163624 -0.45947038824143066 0.88813344310774356
  outer loop
   vertex 13.024584770202637 -1.2783366441726685 2.2640352249145508
   vertex 13.193478584289551 -1.1931049823760986 2.310086727142334
   vertex 13.004830360412598 -1.1045453548431396 2.3537161350250244
  endloop
 endfacet
 facet normal 0.00017972995783153129 -0.99748799385543319 -0.070835512360719333
  outer loop
   vertex 13.246584892272949 -2.5861871242523193 -0.2676486074924469
   vertex 13.121594429016113 -2.5980298519134521 -0.10119941085577011
   vertex 12.99796199798584 -2.5863304138183594 -0.26626166701316833
  endloop
 endfacet
 facet normal -0.0021833122398512792 -0.55383387340403734 0.83262432934544017
  outer loop
   vertex 12.528926849365234 -1.5191450119018555 2.1100232601165771
   vertex 12.64077091217041 -1.3646436929702759 2.2130856513977051
   vertex 12.465295791625977 -1.3556796312332153 2.21858811378479
  endloop
 endfacet
 facet normal 0.0068723053119888571 -0.02490906732742721 0.99966609914739868
  outer loop
   vertex 13.487338066101074 0.030855156481266022 2.5998167991638184
   vertex 13.324840545654297 -0.12249200791120529 2.5971128940582275
   vertex 13.535078048706055 -0.1688217967748642 2.5945131778717041
  endloop
 endfacet
 facet normal 0.037713105377795215 -0.82424662781667279 -0.56497364382385729
  outer loop
   vertex 14.54541015625 -1.9850666522979736 -1.6791397333145142
   vertex 14.594345092773438 -2.290539026260376 -1.2302160263061523
   vertex 14.202795028686523 -2.1192820072174072 -1.5062016248703003
  endloop
 endfacet
 facet normal -0.010959065914139905 -0.99895638662091413 0.044340010189179227
  outer loop
   vertex 12.384836196899414 -2.5908863544464111 0.21750518679618835
   vertex 12.40447998046875 -2.5999341011047363 0.018519513309001923
   vertex 12.568202972412109 -2.5977146625518799 0.10898799449205399
  endloop
 endfacet
 facet normal 0.0084072670128351075 -0.99019128970736436 0.13946514851044767
  outer loop
   vertex 12.046159744262695 -2.5527439117431641 0.4934554398059845
   vertex 11.797956466674805 -2.5618524551391602 0.44374775886535645
   vertex 11.944771766662598 -2.5880789756774902 0.24869123101234436
  endloop
 endfacet
 facet normal 0.0023439347727403355 -0.91317731030634286 -0.40755577030813106
  outer loop
   vertex 12.897851943969727 -2.410686731338501 -0.97395581007003784
   vertex 12.69117546081543 -2.4051458835601807 -0.98755937814712524
   vertex 12.781485557556152 -2.3382956981658936 -1.1368257999420166
  endloop
 endfacet
 facet normal -0.016318643138388319 0.20146088270064441 0.97936061521157736
  outer loop
   vertex 13.375616073608398 0.53397631645202637 2.5445764064788818
   vertex 13.172224044799805 0.6522376537322998 2.5168602466583252
   vertex 13.143147468566895 0.38519635796546936 2.571307897567749
  endloop
 endfacet
 facet normal -0.0041912235238159741 -0.89832824846992121 -0.4393048959963195
  outer loop
   vertex 11.259943962097168 -2.295943021774292 -1.2201004028320312
   vertex 11.469207763671875 -2.3107383251190186 -1.1918421983718872
   vertex 11.393360137939453 -2.3650949001312256 -1.0799655914306641
  endloop
 endfacet
 facet normal 0.014131915339645534 0.31911736901441656 0.9476098320311741
  outer loop
   vertex 13.602286338806152 0.95679998397827148 2.4175469875335693
   vertex 13.395057678222656 0.77715098857879639 2.4811360836029053
   vertex 13.643442153930664 0.69016283750534058 2.5067260265350342
  endloop
 endfacet
 facet normal 0.015972243560567648 0.15258754512227657 0.9881608818958576
  outer loop
   vertex 13.375616073608398 0.53397631645202637 2.5445764064788818
   vertex 13.143147468566895 0.38519635796546936 2.571307897567749
   vertex 13.363102912902832 0.26219800114631653 2.5867455005645752
  endloop
 endfacet
 facet normal -0.0019373434082509816 -0.99764763361275322 0.068523323382568585
  outer loop
   vertex 12.168896675109863 -2.5856807231903076 0.27249786257743835
   vertex 12.064878463745117 -2.5988235473632812 0.078207425773143768
   vertex 12.244382858276367 -2.5985209941864014 0.087687455117702484
  endloop
 endfacet
 facet normal 0.0094904016233008492 -0.39120497468034082 0.92025463870734303
  outer loop
   vertex 13.004830360412598 -1.1045453548431396 2.3537161350250244
   vertex 12.985514640808105 -0.93321162462234497 2.4267501831054688
   vertex 12.82726001739502 -1.0354276895523071 2.3849296569824219
  endloop
 endfacet
 facet normal 0.022249764254079523 -0.67453426954292295 -0.73790816989841856
  outer loop
   vertex 14.54541015625 -1.9850666522979736 -1.6791397333145142
   vertex 14.036871910095215 -1.915605902671814 -1.7579686641693115
   vertex 14.326191902160645 -1.5276929140090942 -2.1038427352905273
  endloop
 endfacet
 facet normal 0.00080741727818600131 -0.84746766274528373 -0.53084640780397574
  outer loop
   vertex 11.176331520080566 -2.1687109470367432 -1.4341175556182861
   vertex 11.468289375305176 -2.1637704372406006 -1.4415607452392578
   vertex 11.381937026977539 -2.2400412559509277 -1.319929838180542
  endloop
 endfacet
 facet normal 0.0033974691623775729 -0.96826033484025908 0.24992074979545029
  outer loop
   vertex 14.658483505249023 -2.5696673393249512 0.3959917426109314
   vertex 14.492780685424805 -2.4422788619995117 0.89178162813186646
   vertex 14.144619941711426 -2.5668363571166992 0.41394528746604919
  endloop
 endfacet
 facet normal 0.002492649018061511 -0.83306377517902641 -0.55317134161608683
  outer loop
   vertex 12.370223999023438 -2.1122114658355713 -1.5161011219024658
   vertex 12.411367416381836 -2.218317985534668 -1.3561216592788696
   vertex 12.274473190307617 -2.2133045196533203 -1.3642886877059937
  endloop
 endfacet
 facet normal 0.0075843923849717113 -0.83451809512317709 -0.55092833100516325
  outer loop
   vertex 12.370223999023438 -2.1122114658355713 -1.5161011219024658
   vertex 12.274473190307617 -2.2133045196533203 -1.3642886877059937
   vertex 12.157264709472656 -2.1453907489776611 -1.4687745571136475
  endloop
 endfacet
 facet normal 0.011217296174529087 -0.97610415832040309 -0.21701346588668291
  outer loop
   vertex 13.079360961914062 -2.5585618019104004 -0.46234387159347534
   vertex 12.918682098388672 -2.5295314788818359 -0.60122466087341309
   vertex 13.115447998046875 -2.5109474658966064 -0.67464292049407959
  endloop
 endfacet
 facet normal -0.0048328125241373782 -0.019054424078447225 -0.99980676775372213
  outer loop
   vertex 0.50591325759887695 -0.28777074813842773 -2.5840256214141846
   vertex 0.36862611770629883 0.19621184468269348 -2.5925858020782471
   vertex 0.85386776924133301 0.17005465924739838 -2.5944328308105469
  endloop
 endfacet
 facet normal 0.01422846518059924 -0.5275591564130846 0.84939913307191384
  outer loop
   vertex 12.098641395568848 -1.473717212677002 2.1419985294342041
   vertex 12.099185943603516 -1.2667149305343628 2.2705578804016113
   vertex 11.898439407348633 -1.3754135370254517 2.2064082622528076
  endloop
 endfacet
 facet normal 0.012742719639500112 -0.4199255269359633 0.90746910411525461
  outer loop
   vertex 13.193478584289551 -1.1931049823760986 2.310086727142334
   vertex 13.14493465423584 -1.0027879476547241 2.3988363742828369
   vertex 13.004830360412598 -1.1045453548431396 2.3537161350250244
  endloop
 endfacet
 facet normal 0.0097085179134509935 -0.91391148794989852 -0.4057974086574811
  outer loop
   vertex 14.434925079345703 -2.4412200450897217 -0.89467573165893555
   vertex 14.037599563598633 -2.3341705799102783 -1.1452716588973999
   vertex 14.594345092773438 -2.290539026260376 -1.2302160263061523
  endloop
 endfacet
 facet normal -0 0.31718789612303938 0.94836271465776223
  outer loop
   vertex 14.02888298034668 0.95679998397827148 2.4175469875335693
   vertex 13.602286338806152 0.95679998397827148 2.4175469875335693
   vertex 13.643442153930664 0.69016283750534058 2.5067260265350342
  endloop
 endfacet
 facet normal 0.0039503451725323817 -0.43133540928688491 0.90218299666327861
  outer loop
   vertex 12.82726001739502 -1.0354276895523071 2.3849296569824219
   vertex 12.657085418701172 -1.0544394254684448 2.3765852451324463
   vertex 12.724592208862305 -1.1954973936080933 2.308849573135376
  endloop
 endfacet
 facet normal -0.003267563128974903 -0.95626774240623247 -0.29247449096371714
  outer loop
   vertex 13.278393745422363 -2.4642665386199951 -0.82909023761749268
   vertex 13.115447998046875 -2.5109474658966064 -0.67464292049407959
   vertex 13.074505805969238 -2.4574975967407227 -0.84894394874572754
  endloop
 endfacet
 facet normal -0.013033010032705395 0.14556619510370841 0.98926266658179141
  outer loop
   vertex 12.961251258850098 0.48818296194076538 2.5537574291229248
   vertex 12.960752487182617 0.26798057556152344 2.5861527919769287
   vertex 13.143147468566895 0.38519635796546936 2.571307897567749
  endloop
 endfacet
 facet normal 0.0029170248256112251 -0.99137374838902448 -0.13103275152137311
  outer loop
   vertex 12.780742645263672 -2.5873496532440186 -0.2561672031879425
   vertex 12.680144309997559 -2.5665907859802246 -0.41546511650085449
   vertex 12.858647346496582 -2.5639545917510986 -0.43143635988235474
  endloop
 endfacet
 facet normal 0.010132099237871417 -0.99992948068736265 0.0061946926747887604
  outer loop
   vertex 12.568202972412109 -2.5977146625518799 0.10898799449205399
   vertex 12.40447998046875 -2.5999341011047363 0.018519513309001923
   vertex 12.54207706451416 -2.5990824699401855 -0.069067753851413727
  endloop
 endfacet
 facet normal 0.0028461411458630143 -0.56611967376301797 0.82431815123714924
  outer loop
   vertex 12.721288681030273 -1.5792561769485474 2.0654175281524658
   vertex 12.824514389038086 -1.3559370040893555 2.218430757522583
   vertex 12.64077091217041 -1.3646436929702759 2.2130856513977051
  endloop
 endfacet
 facet normal -0.010580763048106559 -0.39311547448183515 0.919428230573894
  outer loop
   vertex 13.14493465423584 -1.0027879476547241 2.3988363742828369
   vertex 12.985514640808105 -0.93321162462234497 2.4267501831054688
   vertex 13.004830360412598 -1.1045453548431396 2.3537161350250244
  endloop
 endfacet
 facet normal 0.010780547707184413 -0.9999346743334907 -0.003798270225905202
  outer loop
   vertex 11.559511184692383 -2.5986487865447998 0.083812206983566284
   vertex 11.41908073425293 -2.5996925830841064 -0.039978042244911194
   vertex 11.608200073242188 -2.5973606109619141 -0.11712098121643066
  endloop
 endfacet
 facet normal -0.0040792792809382014 -0.97977058041046372 -0.20008240612980249
  outer loop
   vertex 13.079360961914062 -2.5585618019104004 -0.46234387159347534
   vertex 12.858647346496582 -2.5639545917510986 -0.43143635988235474
   vertex 12.918682098388672 -2.5295314788818359 -0.60122466087341309
  endloop
 endfacet
 facet normal -0.0033586291593917946 -0.89871135606280317 -0.43852778485966781
  outer loop
   vertex 11.006309509277344 -2.2855355739593506 -1.2394866943359375
   vertex 11.259943962097168 -2.295943021774292 -1.2201004028320312
   vertex 11.177321434020996 -2.3777327537536621 -1.0518491268157959
  endloop
 endfacet
 facet normal 0.012715685814621121 -0.34708588436914817 0.93774714086791555
  outer loop
   vertex 13.129945755004883 -0.80512481927871704 2.4722001552581787
   vertex 12.985514640808105 -0.93321162462234497 2.4267501831054688
   vertex 13.14493465423584 -1.0027879476547241 2.3988363742828369
  endloop
 endfacet
 facet normal -0.0078902335780448411 -0.96416117657639566 -0.26519986764118941
  outer loop
   vertex 13.115447998046875 -2.5109474658966064 -0.67464292049407959
   vertex 12.918682098388672 -2.5295314788818359 -0.60122466087341309
   vertex 12.923748970031738 -2.4815232753753662 -0.77591413259506226
  endloop
 endfacet
 facet normal 0.014522617681952838 -0.53417980828474554 0.84524613338159449
  outer loop
   vertex 13.019912719726562 -1.495148777961731 2.1270942687988281
   vertex 13.024584770202637 -1.2783366441726685 2.2640352249145508
   vertex 12.824514389038086 -1.3559370040893555 2.218430757522583
  endloop
 endfacet
 facet normal -0.0047959583383921653 -0.98944542680249647 0.14482660723514182
  outer loop
   vertex 12.046159744262695 -2.5527439117431641 0.4934554398059845
   vertex 11.944771766662598 -2.5880789756774902 0.24869123101234436
   vertex 12.168896675109863 -2.5856807231903076 0.27249786257743835
  endloop
 endfacet
 facet normal 0.0029379778760478615 0.024064431649476699 0.99970609251688947
  outer loop
   vertex 11.686217308044434 -0.012087008915841579 2.5999720096588135
   vertex 11.901097297668457 -0.03153662383556366 2.5998086929321289
   vertex 11.797608375549316 0.1477925032377243 2.5957961082458496
  endloop
 endfacet
 facet normal 0.0077036728647055198 -0.25722683983547251 0.9663203435158807
  outer loop
   vertex 11.81935977935791 -0.72756004333496094 2.4961283206939697
   vertex 12.021847724914551 -0.77331167459487915 2.4823353290557861
   vertex 11.960799217224121 -0.57473886013031006 2.5356805324554443
  endloop
 endfacet
 facet normal -0.0030505614347818158 -0.042092135847453686 0.99910907621477041
  outer loop
   vertex 11.686217308044434 -0.012087008915841579 2.5999720096588135
   vertex 11.811581611633301 -0.19585956633090973 2.5926125049591064
   vertex 11.901097297668457 -0.03153662383556366 2.5998086929321289
  endloop
 endfacet
 facet normal 0.0047199328181888062 -0.84893426345889078 -0.52847737752878554
  outer loop
   vertex 13.0367431640625 -2.1493163108825684 -1.4630242586135864
   vertex 12.88774299621582 -2.2521190643310547 -1.2992149591445923
   vertex 12.770444869995117 -2.1701152324676514 -1.4319916963577271
  endloop
 endfacet
 facet normal -0.0096295861217544215 -0.92932013341931907 -0.36914950994498524
  outer loop
   vertex 11.177321434020996 -2.3777327537536621 -1.0518491268157959
   vertex 11.345678329467773 -2.4305019378662109 -0.92339640855789185
   vertex 11.139985084533691 -2.4543697834014893 -0.8579443097114563
  endloop
 endfacet
 facet normal -0.0028809524391561168 -0.1759367119735035 0.98439726406212436
  outer loop
   vertex 11.919212341308594 -0.38661190867424011 2.5710952281951904
   vertex 11.716372489929199 -0.36807754635810852 2.5738141536712646
   vertex 11.762691497802734 -0.54240870475769043 2.5427923202514648
  endloop
 endfacet
 facet normal -0.0061667964591384057 -0.26811077706491698 0.9633683521078934
  outer loop
   vertex 13.338650703430176 -0.77164965867996216 2.4828524589538574
   vertex 13.218151092529297 -0.60073506832122803 2.5296475887298584
   vertex 13.129945755004883 -0.80512481927871704 2.4722001552581787
  endloop
 endfacet
 facet normal 0.010630812484583162 -0.99814410157639089 -0.059961140034003074
  outer loop
   vertex 12.577070236206055 -2.5876591205596924 -0.25302261114120483
   vertex 12.54207706451416 -2.5990824699401855 -0.069067753851413727
   vertex 12.405427932739258 -2.5953934192657471 -0.15470480918884277
  endloop
 endfacet
 facet normal -0.00091354116200700961 -0.093919003114248903 0.99557942239510511
  outer loop
   vertex 14.560311317443848 -0.48081552982330322 2.5551548004150391
   vertex 14.749687194824219 -0.0073925293982028961 2.5999894142150879
   vertex 14.328113555908203 -0.0032009389251470566 2.5999979972839355
  endloop
 endfacet
 facet normal 0.0016589568357091313 -0.99788013358259264 -0.065057565766053135
  outer loop
   vertex 12.900839805603027 -2.5988831520080566 -0.07619912177324295
   vertex 12.780742645263672 -2.5873496532440186 -0.2561672031879425
   vertex 12.99796199798584 -2.5863304138183594 -0.26626166701316833
  endloop
 endfacet
 facet normal -0.0015171983425490748 -0.43346514568463818 0.90116905494240351
  outer loop
   vertex 12.724592208862305 -1.1954973936080933 2.308849573135376
   vertex 12.657085418701172 -1.0544394254684448 2.3765852451324463
   vertex 12.560050964355469 -1.2026405334472656 2.3051366806030273
  endloop
 endfacet
 facet normal 0.0082056612719409918 -0.94747640185328941 -0.3197204013731908
  outer loop
   vertex 11.139985084533691 -2.4543697834014893 -0.8579443097114563
   vertex 11.345678329467773 -2.4305019378662109 -0.92339640855789185
   vertex 11.320742607116699 -2.4914569854736328 -0.74339896440505981
  endloop
 endfacet
 facet normal -0.00076256375028394192 -0.43386656250523464 0.90097681681407205
  outer loop
   vertex 12.560050964355469 -1.2026405334472656 2.3051366806030273
   vertex 12.657085418701172 -1.0544394254684448 2.3765852451324463
   vertex 12.474872589111328 -1.0504732131958008 2.3783409595489502
  endloop
 endfacet
 facet normal 0.0020117735192317051 -0.91310320421063951 -0.40772354755099738
  outer loop
   vertex 12.69117546081543 -2.4051458835601807 -0.98755937814712524
   vertex 12.59934139251709 -2.3435704708099365 -1.1259115934371948
   vertex 12.781485557556152 -2.3382956981658936 -1.1368257999420166
  endloop
 endfacet
 facet normal -0.012439307808606474 -0.96879520164944311 -0.24755023910765539
  outer loop
   vertex 11.320742607116699 -2.4914569854736328 -0.74339896440505981
   vertex 11.486049652099609 -2.5182111263275146 -0.6470024585723877
   vertex 11.32990837097168 -2.5420706272125244 -0.54578155279159546
  endloop
 endfacet
 facet normal 0.0014043931773233009 -0.99998485124854153 0.0053221192428823984
  outer loop
   vertex 12.064878463745117 -2.5988235473632812 0.078207425773143768
   vertex 12.153498649597168 -2.5994100570678711 -0.055378157645463943
   vertex 12.244382858276367 -2.5985209941864014 0.087687455117702484
  endloop
 endfacet
 facet normal 0.0017897239753952355 -0.4933496919485551 0.86982922366540283
  outer loop
   vertex 12.64077091217041 -1.3646436929702759 2.2130856513977051
   vertex 12.724592208862305 -1.1954973936080933 2.308849573135376
   vertex 12.560050964355469 -1.2026405334472656 2.3051366806030273
  endloop
 endfacet
 facet normal 0.00082329809115176797 -0.044198644022114056 0.99902242319522516
  outer loop
   vertex 11.811581611633301 -0.19585956633090973 2.5926125049591064
   vertex 12.002059936523438 -0.20072367787361145 2.5922403335571289
   vertex 11.901097297668457 -0.03153662383556366 2.5998086929321289
  endloop
 endfacet
 facet normal 0.011619216356018444 0.064449099068420099 0.99785334966644312
  outer loop
   vertex 12.960752487182617 0.26798057556152344 2.5861527919769287
   vertex 12.796348571777344 0.1528327614068985 2.5955042839050293
   vertex 12.960535049438477 0.066990353167057037 2.5991368293762207
  endloop
 endfacet
 facet normal -0.015077224178296886 -0.48739539940781862 0.87305120236282274
  outer loop
   vertex 11.898439407348633 -1.3754135370254517 2.2064082622528076
   vertex 12.099185943603516 -1.2667149305343628 2.2705578804016113
   vertex 11.935542106628418 -1.1672815084457397 2.3232421875
  endloop
 endfacet
 facet normal -0.0023312789680447342 -0.86031210726257068 -0.50976233995442244
  outer loop
   vertex 12.559453964233398 -2.1956381797790527 -1.3925421237945557
   vertex 12.677006721496582 -2.2712664604187012 -1.2654439210891724
   vertex 12.505368232727051 -2.2779006958007812 -1.253462553024292
  endloop
 endfacet
 facet normal -0.0057653735541665953 -0.08208535828498241 0.99660862650441018
  outer loop
   vertex 13.535078048706055 -0.1688217967748642 2.5945131778717041
   vertex 13.324840545654297 -0.12249200791120529 2.5971128940582275
   vertex 13.366909027099609 -0.29694145917892456 2.5829877853393555
  endloop
 endfacet
 facet normal -0.01141869785723495 -0.99211604349071048 0.12480132045608985
  outer loop
   vertex 11.797956466674805 -2.5618524551391602 0.44374775886535645
   vertex 11.75142765045166 -2.5927798748016357 0.19363111257553101
   vertex 11.944771766662598 -2.5880789756774902 0.24869123101234436
  endloop
 endfacet
 facet normal 0.0022921071488165214 -0.88839260431975586 -0.4590787806409487
  outer loop
   vertex 12.677006721496582 -2.2712664604187012 -1.2654439210891724
   vertex 12.59934139251709 -2.3435704708099365 -1.1259115934371948
   vertex 12.505368232727051 -2.2779006958007812 -1.253462553024292
  endloop
 endfacet
 facet normal -0.0024468186610547781 -0.98189366360754671 -0.1894171228949213
  outer loop
   vertex 12.858647346496582 -2.5639545917510986 -0.43143635988235474
   vertex 12.680144309997559 -2.5665907859802246 -0.41546511650085449
   vertex 12.742868423461914 -2.5381097793579102 -0.56391417980194092
  endloop
 endfacet
 facet normal 0.0020806957297032909 -0.49323976541143305 0.86989091530039275
  outer loop
   vertex 12.64077091217041 -1.3646436929702759 2.2130856513977051
   vertex 12.560050964355469 -1.2026405334472656 2.3051366806030273
   vertex 12.465295791625977 -1.3556796312332153 2.21858811378479
  endloop
 endfacet
 facet normal -0.0077605669104290039 -0.99831818401981753 0.057450648878864981
  outer loop
   vertex 11.944771766662598 -2.5880789756774902 0.24869123101234436
   vertex 11.910465240478516 -2.5996425151824951 0.043117750436067581
   vertex 12.064878463745117 -2.5988235473632812 0.078207425773143768
  endloop
 endfacet
 facet normal -0.0055739035709699274 0.01915443946179084 0.99980099972338787
  outer loop
   vertex 11.797608375549316 0.1477925032377243 2.5957961082458496
   vertex 11.901097297668457 -0.03153662383556366 2.5998086929321289
   vertex 12.00797176361084 0.10908938199281693 2.5977103710174561
  endloop
 endfacet
 facet normal -0.0091380930979139408 -0.058700816744761589 0.99823379494386566
  outer loop
   vertex 13.118550300598145 -0.04919762909412384 2.5995345115661621
   vertex 13.181708335876465 -0.24020113050937653 2.5888807773590088
   vertex 13.324840545654297 -0.12249200791120529 2.5971128940582275
  endloop
 endfacet
 facet normal -0.010527180772418156 -0.99837594276568087 -0.055987993103190165
  outer loop
   vertex 11.41908073425293 -2.5996925830841064 -0.039978042244911194
   vertex 11.497300148010254 -2.5899546146392822 -0.22833241522312164
   vertex 11.608200073242188 -2.5973606109619141 -0.11712098121643066
  endloop
 endfacet
 facet normal 0.012149085435304725 -0.96426851516364165 -0.26464812560679779
  outer loop
   vertex 12.923748970031738 -2.4815232753753662 -0.77591413259506226
   vertex 12.918682098388672 -2.5295314788818359 -0.60122466087341309
   vertex 12.792019844055176 -2.5054800510406494 -0.69467276334762573
  endloop
 endfacet
 facet normal 0.0061130485655075369 -0.98046100785842394 -0.19661852076159911
  outer loop
   vertex 12.858647346496582 -2.5639545917510986 -0.43143635988235474
   vertex 12.742868423461914 -2.5381097793579102 -0.56391417980194092
   vertex 12.918682098388672 -2.5295314788818359 -0.60122466087341309
  endloop
 endfacet
 facet normal -0.0082743552802354136 -0.80090998758359955 -0.59872758983826257
  outer loop
   vertex 12.120847702026367 -2.0114398002624512 -1.6474556922912598
   vertex 12.370223999023438 -2.1122114658355713 -1.5161011219024658
   vertex 12.157264709472656 -2.1453907489776611 -1.4687745571136475
  endloop
 endfacet
 facet normal -0.0083416857288790662 -0.81863573078601748 -0.57425251985484882
  outer loop
   vertex 12.618715286254883 -2.063615083694458 -1.5816107988357544
   vertex 12.770444869995117 -2.1701152324676514 -1.4319916963577271
   vertex 12.559453964233398 -2.1956381797790527 -1.3925421237945557
  endloop
 endfacet
 facet normal -0.018464696528374937 -0.86257919280458528 -0.50558499890988162
  outer loop
   vertex 11.176331520080566 -2.1687109470367432 -1.4341175556182861
   vertex 11.381937026977539 -2.2400412559509277 -1.319929838180542
   vertex 11.259943962097168 -2.295943021774292 -1.2201004028320312
  endloop
 endfacet
 facet normal -0.011142609013384911 -0.85976441605216225 -0.51056928144460401
  outer loop
   vertex 11.683669090270996 -2.1832723617553711 -1.4118505716323853
   vertex 11.830341339111328 -2.216646671295166 -1.358851432800293
   vertex 11.735010147094727 -2.2766752243041992 -1.25568687915802
  endloop
 endfacet
 facet normal 0 0.2460708941546606 -0.96925183262655001
  outer loop
   vertex 5.4564132690429688 0.95679998397827148 -2.4175469875335693
   vertex 4.9366416931152344 0.31226247549057007 -2.5811803340911865
   vertex 4.5514321327209473 0.95679998397827148 -2.4175469875335693
  endloop
 endfacet
 facet normal -0.00021205470546358058 -0.99010839275731533 -0.14030440343883593
  outer loop
   vertex 13.246584892272949 -2.5861871242523193 -0.2676486074924469
   vertex 12.99796199798584 -2.5863304138183594 -0.26626166701316833
   vertex 13.079360961914062 -2.5585618019104004 -0.46234387159347534
  endloop
 endfacet
 facet normal 0.0059807484212066981 -0.90102771176658236 -0.43372029382656146
  outer loop
   vertex 11.469207763671875 -2.3107383251190186 -1.1918421983718872
   vertex 11.566951751708984 -2.3805148601531982 -1.0455378293991089
   vertex 11.393360137939453 -2.3650949001312256 -1.0799655914306641
  endloop
 endfacet
 facet normal -0.012316799135045469 -0.94201834686636532 -0.33533525109392698
  outer loop
   vertex 12.897851943969727 -2.410686731338501 -0.97395581007003784
   vertex 13.074505805969238 -2.4574975967407227 -0.84894394874572754
   vertex 12.923748970031738 -2.4815232753753662 -0.77591413259506226
  endloop
 endfacet
 facet normal 0.037813284165321009 -0.27986210354296387 0.95929524054961302
  outer loop
   vertex 14.65958309173584 -1.0017843246459961 2.3992557525634766
   vertex 14.560311317443848 -0.48081552982330322 2.5551548004150391
   vertex 14.32121753692627 -0.85466933250427246 2.4555122852325439
  endloop
 endfacet
 facet normal 0.0008886170250424544 0.087333732796514782 0.99617871362301735
  outer loop
   vertex 14.749687194824219 -0.0073925293982028961 2.5999894142150879
   vertex 14.667518615722656 0.45888179540634155 2.5591850280761719
   vertex 14.328113555908203 -0.0032009389251470566 2.5999979972839355
  endloop
 endfacet
 facet normal 0.0075482727099253737 -0.078894671323511315 0.99685437974453006
  outer loop
   vertex 13.324840545654297 -0.12249200791120529 2.5971128940582275
   vertex 13.181708335876465 -0.24020113050937653 2.5888807773590088
   vertex 13.366909027099609 -0.29694145917892456 2.5829877853393555
  endloop
 endfacet
 facet normal -0.0012586727274647386 0.33014694846188913 0.94392870925947991
  outer loop
   vertex 12.657441139221191 0.76265913248062134 2.4856288433074951
   vertex 12.522848129272461 0.95679998397827148 2.4175469875335693
   vertex 12.359304428100586 0.75380194187164307 2.4883291721343994
  endloop
 endfacet
 facet normal -0.0043893353364635977 -0.96984884115920245 -0.24366772260079136
  outer loop
   vertex 12.918682098388672 -2.5295314788818359 -0.60122466087341309
   vertex 12.742868423461914 -2.5381097793579102 -0.56391417980194092
   vertex 12.792019844055176 -2.5054800510406494 -0.69467276334762573
  endloop
 endfacet
 facet normal 0.024908849323247658 -0.47352714008426389 0.88042694008589362
  outer loop
   vertex 14.576337814331055 -1.4310555458068848 2.1707324981689453
   vertex 14.65958309173584 -1.0017843246459961 2.3992557525634766
   vertex 14.26252269744873 -1.1287068128585815 2.3422255516052246
  endloop
 endfacet
 facet normal -0 0.32924324386405646 0.94424514103588231
  outer loop
   vertex 12.522848129272461 0.95679998397827148 2.4175469875335693
   vertex 12.176154136657715 0.95679998397827148 2.4175469875335693
   vertex 12.359304428100586 0.75380194187164307 2.4883291721343994
  endloop
 endfacet
 facet normal -0.0020172082189371544 -0.49192082041547303 0.87063760389312916
  outer loop
   vertex 12.64077091217041 -1.3646436929702759 2.2130856513977051
   vertex 12.824514389038086 -1.3559370040893555 2.218430757522583
   vertex 12.724592208862305 -1.1954973936080933 2.308849573135376
  endloop
 endfacet
 facet normal -0.0015538632923314706 0.012844515738232839 0.9999162984591855
  outer loop
   vertex 12.219114303588867 0.096843458712100983 2.5981957912445068
   vertex 12.00797176361084 0.10908938199281693 2.5977103710174561
   vertex 12.101144790649414 -0.037179220467805862 2.5997340679168701
  endloop
 endfacet
 facet normal -0.0082102663014479889 -0.99996573729763327 -0.0010562944947777565
  outer loop
   vertex 12.064878463745117 -2.5988235473632812 0.078207425773143768
   vertex 12.01472282409668 -2.5982277393341064 -0.095983065664768219
   vertex 12.153498649597168 -2.5994100570678711 -0.055378157645463943
  endloop
 endfacet
 facet normal 0.0038759911356894745 -0.43175410956182131 0.90198301844834916
  outer loop
   vertex 12.39769172668457 -1.1842843294143677 2.3146209716796875
   vertex 12.560050964355469 -1.2026405334472656 2.3051366806030273
   vertex 12.474872589111328 -1.0504732131958008 2.3783409595489502
  endloop
 endfacet
 facet normal 0.0069899301433434527 -0.14710633559555925 0.9890959846770373
  outer loop
   vertex 13.385550498962402 -0.47138771414756775 2.5569109916687012
   vertex 13.366909027099609 -0.29694145917892456 2.5829877853393555
   vertex 13.217021942138672 -0.42662152647972107 2.5647599697113037
  endloop
 endfacet
 facet normal 0.0032454919587426205 -0.11028225954499134 0.99389500955161103
  outer loop
   vertex 11.919212341308594 -0.38661190867424011 2.5710952281951904
   vertex 11.811581611633301 -0.19585956633090973 2.5926125049591064
   vertex 11.716372489929199 -0.36807754635810852 2.5738141536712646
  endloop
 endfacet
 facet normal -0.0043079099476216161 -0.8767273721357024 -0.48096835328315402
  outer loop
   vertex 11.381937026977539 -2.2400412559509277 -1.319929838180542
   vertex 11.56427001953125 -2.2561073303222656 -1.2922770977020264
   vertex 11.469207763671875 -2.3107383251190186 -1.1918421983718872
  endloop
 endfacet
 facet normal -0.0018681240930950107 -0.83238958982857791 -0.55418776678792236
  outer loop
   vertex 11.87589168548584 -2.1100938320159912 -1.5190472602844238
   vertex 11.991813659667969 -2.2122347354888916 -1.3660224676132202
   vertex 11.830341339111328 -2.216646671295166 -1.358851432800293
  endloop
 endfacet
 facet normal 0.0061087043352316683 -0.97537047603490468 -0.22048836298269406
  outer loop
   vertex 11.32990837097168 -2.5420706272125244 -0.54578155279159546
   vertex 11.486049652099609 -2.5182111263275146 -0.6470024585723877
   vertex 11.486467361450195 -2.5516695976257324 -0.49898123741149902
  endloop
 endfacet
 facet normal -0.0059665022730777612 -0.83380453239775465 -0.55202753790330716
  outer loop
   vertex 11.87589168548584 -2.1100938320159912 -1.5190472602844238
   vertex 12.157264709472656 -2.1453907489776611 -1.4687745571136475
   vertex 11.991813659667969 -2.2122347354888916 -1.3660224676132202
  endloop
 endfacet
 facet normal -0.00090302448960308485 -0.045226768161597548 0.99897633805232255
  outer loop
   vertex 11.901097297668457 -0.03153662383556366 2.5998086929321289
   vertex 12.002059936523438 -0.20072367787361145 2.5922403335571289
   vertex 12.101144790649414 -0.037179220467805862 2.5997340679168701
  endloop
 endfacet
 facet normal 0.0027654785620889037 -0.99304447440155919 -0.11770736590738033
  outer loop
   vertex 11.497300148010254 -2.5899546146392822 -0.22833241522312164
   vertex 11.390590667724609 -2.5730979442596436 -0.37305170297622681
   vertex 11.570836067199707 -2.5705993175506592 -0.38989672064781189
  endloop
 endfacet
 facet normal -0.0044991937035528248 -0.49014795591051213 0.8716276375682247
  outer loop
   vertex 12.465295791625977 -1.3556796312332153 2.21858811378479
   vertex 12.560050964355469 -1.2026405334472656 2.3051366806030273
   vertex 12.39769172668457 -1.1842843294143677 2.3146209716796875
  endloop
 endfacet
 facet normal -0.006867868432073653 -0.19772216254307434 0.98023404288082638
  outer loop
   vertex 13.218151092529297 -0.60073506832122803 2.5296475887298584
   vertex 13.385550498962402 -0.47138771414756775 2.5569109916687012
   vertex 13.217021942138672 -0.42662152647972107 2.5647599697113037
  endloop
 endfacet
 facet normal 0.011889399258408938 -0.45280562176018607 0.89152998328022892
  outer loop
   vertex 11.935542106628418 -1.1672815084457397 2.3232421875
   vertex 12.099185943603516 -1.2667149305343628 2.2705578804016113
   vertex 12.126724243164062 -1.0788991451263428 2.365581750869751
  endloop
 endfacet
 facet normal 0.0065065423370737089 -0.9999648197593104 -0.0052937841423404295
  outer loop
   vertex 12.064878463745117 -2.5988235473632812 0.078207425773143768
   vertex 11.910465240478516 -2.5996425151824951 0.043117750436067581
   vertex 12.01472282409668 -2.5982277393341064 -0.095983065664768219
  endloop
 endfacet
 facet normal -0.0021648047367097208 -0.98555336857004028 -0.16935132512235684
  outer loop
   vertex 11.390590667724609 -2.5730979442596436 -0.37305170297622681
   vertex 11.486467361450195 -2.5516695976257324 -0.49898123741149902
   vertex 11.570836067199707 -2.5705993175506592 -0.38989672064781189
  endloop
 endfacet
 facet normal -0.0082331160624074563 -0.12984905333242511 0.99149959109854191
  outer loop
   vertex 13.366909027099609 -0.29694145917892456 2.5829877853393555
   vertex 13.181708335876465 -0.24020113050937653 2.5888807773590088
   vertex 13.217021942138672 -0.42662152647972107 2.5647599697113037
  endloop
 endfacet
 facet normal 0.00077716920563031277 0.014329115704709964 0.99989703092425808
  outer loop
   vertex 12.00797176361084 0.10908938199281693 2.5977103710174561
   vertex 11.901097297668457 -0.03153662383556366 2.5998086929321289
   vertex 12.101144790649414 -0.037179220467805862 2.5997340679168701
  endloop
 endfacet
 facet normal 0.0092796832669671848 -0.95540375846037717 -0.29515681560528118
  outer loop
   vertex 13.074505805969238 -2.4574975967407227 -0.84894394874572754
   vertex 13.115447998046875 -2.5109474658966064 -0.67464292049407959
   vertex 12.923748970031738 -2.4815232753753662 -0.77591413259506226
  endloop
 endfacet
 facet normal -0.0019610529970721805 -0.86655473742345701 -0.49907819158936029
  outer loop
   vertex 12.411367416381836 -2.218317985534668 -1.3561216592788696
   vertex 12.351212501525879 -2.2883079051971436 -1.2343610525131226
   vertex 12.274473190307617 -2.2133045196533203 -1.3642886877059937
  endloop
 endfacet
 facet normal -0.0081299029975002764 -0.90467194550861452 -0.42603119097891123
  outer loop
   vertex 11.469207763671875 -2.3107383251190186 -1.1918421983718872
   vertex 11.643665313720703 -2.3359050750732422 -1.1417300701141357
   vertex 11.566951751708984 -2.3805148601531982 -1.0455378293991089
  endloop
 endfacet
 facet normal -0.0063391988504755423 -0.42694432651470027 0.90425569205553979
  outer loop
   vertex 12.306931495666504 -1.0196294784545898 2.3917264938354492
   vertex 12.39769172668457 -1.1842843294143677 2.3146209716796875
   vertex 12.474872589111328 -1.0504732131958008 2.3783409595489502
  endloop
 endfacet
 facet normal 0.0071129585502939666 -0.85715459415590445 -0.51501010430678784
  outer loop
   vertex 11.683669090270996 -2.1832723617553711 -1.4118505716323853
   vertex 11.735010147094727 -2.2766752243041992 -1.25568687915802
   vertex 11.56427001953125 -2.2561073303222656 -1.2922770977020264
  endloop
 endfacet
 facet normal 0.005279454337559812 -0.1838696645622141 0.98293645461732493
  outer loop
   vertex 11.762691497802734 -0.54240870475769043 2.5427923202514648
   vertex 11.960799217224121 -0.57473886013031006 2.5356805324554443
   vertex 11.919212341308594 -0.38661190867424011 2.5710952281951904
  endloop
 endfacet
 facet normal 0.010276836312183225 -0.82135930024217885 -0.57031858337344299
  outer loop
   vertex 12.370223999023438 -2.1122114658355713 -1.5161011219024658
   vertex 12.618715286254883 -2.063615083694458 -1.5816107988357544
   vertex 12.559453964233398 -2.1956381797790527 -1.3925421237945557
  endloop
 endfacet
 facet normal -0.016394945423038584 -0.44947441903114344 0.89314273909671993
  outer loop
   vertex 12.099185943603516 -1.2667149305343628 2.2705578804016113
   vertex 12.241896629333496 -1.1784675121307373 2.3175880908966064
   vertex 12.126724243164062 -1.0788991451263428 2.365581750869751
  endloop
 endfacet
 facet normal -0.02337678768456837 0.31322032392533783 0.94939272931577534
  outer loop
   vertex 13.172224044799805 0.6522376537322998 2.5168602466583252
   vertex 13.395057678222656 0.77715098857879639 2.4811360836029053
   vertex 13.219614028930664 0.95679998397827148 2.4175469875335693
  endloop
 endfacet
 facet normal -0.00093423808050691515 -0.11261172400370122 0.99363862989324403
  outer loop
   vertex 11.919212341308594 -0.38661190867424011 2.5710952281951904
   vertex 12.002059936523438 -0.20072367787361145 2.5922403335571289
   vertex 11.811581611633301 -0.19585956633090973 2.5926125049591064
  endloop
 endfacet
 facet normal 0.0037055988296884239 -0.84094918425198406 -0.54110141197675332
  outer loop
   vertex 12.157264709472656 -2.1453907489776611 -1.4687745571136475
   vertex 12.132404327392578 -2.2240810394287109 -1.3466488122940063
   vertex 11.991813659667969 -2.2122347354888916 -1.3660224676132202
  endloop
 endfacet
 facet normal 0.0083106671418028341 -0.88170316446306662 -0.4717313457758267
  outer loop
   vertex 11.469207763671875 -2.3107383251190186 -1.1918421983718872
   vertex 11.56427001953125 -2.2561073303222656 -1.2922770977020264
   vertex 11.643665313720703 -2.3359050750732422 -1.1417300701141357
  endloop
 endfacet
 facet normal -0.0071416719892134642 -0.997767133138732 0.066405907488071472
  outer loop
   vertex 12.168896675109863 -2.5856807231903076 0.27249786257743835
   vertex 12.244382858276367 -2.5985209941864014 0.087687455117702484
   vertex 12.384836196899414 -2.5908863544464111 0.21750518679618835
  endloop
 endfacet
 facet normal -0.0045761783467679644 -0.89847107111674307 -0.43900887571673419
  outer loop
   vertex 11.177321434020996 -2.3777327537536621 -1.0518491268157959
   vertex 11.259943962097168 -2.295943021774292 -1.2201004028320312
   vertex 11.393360137939453 -2.3650949001312256 -1.0799655914306641
  endloop
 endfacet
 facet normal 0.0088167041141194395 -0.42589644082997546 0.90472895798516551
  outer loop
   vertex 12.241896629333496 -1.1784675121307373 2.3175880908966064
   vertex 12.306931495666504 -1.0196294784545898 2.3917264938354492
   vertex 12.126724243164062 -1.0788991451263428 2.365581750869751
  endloop
 endfacet
 facet normal 0.0014438068058525977 -0.42343589233741807 0.9059249199035877
  outer loop
   vertex 12.39769172668457 -1.1842843294143677 2.3146209716796875
   vertex 12.306931495666504 -1.0196294784545898 2.3917264938354492
   vertex 12.241896629333496 -1.1784675121307373 2.3175880908966064
  endloop
 endfacet
 facet normal 0.028656429220965576 0.29601221897771135 0.95475419626215585
  outer loop
   vertex 11.81137752532959 0.95679998397827148 2.4175469875335693
   vertex 11.575067520141602 0.70915830135345459 2.5014185905456543
   vertex 11.852206230163574 0.56416869163513184 2.538053035736084
  endloop
 endfacet
 facet normal 0.0053551892436747685 -0.84890469602082363 -0.52851881614750251
  outer loop
   vertex 11.468289375305176 -2.1637704372406006 -1.4415607452392578
   vertex 11.56427001953125 -2.2561073303222656 -1.2922770977020264
   vertex 11.381937026977539 -2.2400412559509277 -1.319929838180542
  endloop
 endfacet
 facet normal -0.002664407928268389 0.29511520017854137 -0.95545796325844246
  outer loop
   vertex 1.0781171321868896 0.58068615198135376 -2.534325122833252
   vertex 0.59932327270507812 0.56461590528488159 -2.5379536151885986
   vertex 0.86054891347885132 0.95679998397827148 -2.4175469875335693
  endloop
 endfacet
 facet normal -1.1989151079083612e-05 -0.86605839820807762 -0.49994284748310874
  outer loop
   vertex 12.274473190307617 -2.2133045196533203 -1.3642886877059937
   vertex 12.351212501525879 -2.2883079051971436 -1.2343610525131226
   vertex 12.197854995727539 -2.288337230682373 -1.2343065738677979
  endloop
 endfacet
 facet normal 0.0048392068582032077 -0.99038598729836969 -0.13824680191605529
  outer loop
   vertex 13.079360961914062 -2.5585618019104004 -0.46234387159347534
   vertex 12.99796199798584 -2.5863304138183594 -0.26626166701316833
   vertex 12.858647346496582 -2.5639545917510986 -0.43143635988235474
  endloop
 endfacet
 facet normal 0.0024453841619030336 0.32858898427628863 0.94446985103208969
  outer loop
   vertex 12.936435699462891 0.74647337198257446 2.4905376434326172
   vertex 12.865471839904785 0.95679998397827148 2.4175469875335693
   vertex 12.657441139221191 0.76265913248062134 2.4856288433074951
  endloop
 endfacet
 facet normal -0.0015289744143511641 -0.99111823550692935 -0.13297483026073534
  outer loop
   vertex 12.99796199798584 -2.5863304138183594 -0.26626166701316833
   vertex 12.780742645263672 -2.5873496532440186 -0.2561672031879425
   vertex 12.858647346496582 -2.5639545917510986 -0.43143635988235474
  endloop
 endfacet
 facet normal 0.0098152181883059322 -0.94112704795646984 -0.33791055191671138
  outer loop
   vertex 12.897851943969727 -2.410686731338501 -0.97395581007003784
   vertex 12.923748970031738 -2.4815232753753662 -0.77591413259506226
   vertex 12.746655464172363 -2.4641032218933105 -0.82957535982131958
  endloop
 endfacet
 facet normal -0.0021545953785092387 -0.93713234153119707 -0.34896752309493034
  outer loop
   vertex 12.746655464172363 -2.4641032218933105 -0.82957535982131958
   vertex 12.69117546081543 -2.4051458835601807 -0.98755937814712524
   vertex 12.897851943969727 -2.410686731338501 -0.97395581007003784
  endloop
 endfacet
 facet normal 0.0039695444815736197 -0.92314322292703443 -0.38443573283514698
  outer loop
   vertex 11.177321434020996 -2.3777327537536621 -1.0518491268157959
   vertex 11.393360137939453 -2.3650949001312256 -1.0799655914306641
   vertex 11.345678329467773 -2.4305019378662109 -0.92339640855789185
  endloop
 endfacet
 facet normal 0.011286877079609188 -0.99885305883733111 0.046531422255256666
  outer loop
   vertex 12.384836196899414 -2.5908863544464111 0.21750518679618835
   vertex 12.244382858276367 -2.5985209941864014 0.087687455117702484
   vertex 12.40447998046875 -2.5999341011047363 0.018519513309001923
  endloop
 endfacet
 facet normal -0.0097551616383155758 0.30355928765110374 -0.95276261246029414
  outer loop
   vertex 14.788534164428711 0.64248114824295044 -2.5193686485290527
   vertex 14.412186622619629 0.59074068069458008 -2.5320003032684326
   vertex 14.624777793884277 0.95679998397827148 -2.4175469875335693
  endloop
 endfacet
 facet normal 0 0.31873302926067421 0.947844531586438
  outer loop
   vertex 11.81137752532959 0.95679998397827148 2.4175469875335693
   vertex 12.08642578125 0.69833171367645264 2.5044624805450439
   vertex 12.176154136657715 0.95679998397827148 2.4175469875335693
  endloop
 endfacet
 facet normal -0.0078210769154267428 -0.83426161417168865 -0.55131333184998488
  outer loop
   vertex 12.370223999023438 -2.1122114658355713 -1.5161011219024658
   vertex 12.559453964233398 -2.1956381797790527 -1.3925421237945557
   vertex 12.411367416381836 -2.218317985534668 -1.3561216592788696
  endloop
 endfacet
 facet normal 0.0086953447580941472 -0.99846427812681071 0.054712670235006672
  outer loop
   vertex 11.944771766662598 -2.5880789756774902 0.24869123101234436
   vertex 11.75142765045166 -2.5927798748016357 0.19363111257553101
   vertex 11.910465240478516 -2.5996425151824951 0.043117750436067581
  endloop
 endfacet
 facet normal 0.0098879036299425217 -0.9992983822716609 0.036124403815788644
  outer loop
   vertex 11.75142765045166 -2.5927798748016357 0.19363111257553101
   vertex 11.559511184692383 -2.5986487865447998 0.083812206983566284
   vertex 11.746500015258789 -2.5999958515167236 -0.0046334709040820599
  endloop
 endfacet
 facet normal -0.010503597320582555 -0.94666827166282319 -0.32203859686418046
  outer loop
   vertex 11.320742607116699 -2.4914569854736328 -0.74339896440505981
   vertex 11.345678329467773 -2.4305019378662109 -0.92339640855789185
   vertex 11.493924140930176 -2.4666702747344971 -0.82191073894500732
  endloop
 endfacet
 facet normal -0.0042568223743020949 -0.86659190018545462 -0.49899935670924117
  outer loop
   vertex 11.991813659667969 -2.2122347354888916 -1.3660224676132202
   vertex 12.132404327392578 -2.2240810394287109 -1.3466488122940063
   vertex 12.044331550598145 -2.2883388996124268 -1.2343034744262695
  endloop
 endfacet
 facet normal 0.007323559091787106 -0.8619342398631672 -0.50696718989864942
  outer loop
   vertex 12.559453964233398 -2.1956381797790527 -1.3925421237945557
   vertex 12.505368232727051 -2.2779006958007812 -1.253462553024292
   vertex 12.411367416381836 -2.218317985534668 -1.3561216592788696
  endloop
 endfacet
 facet normal 0.0093378790938447708 -0.95929310153121039 -0.28225794828252354
  outer loop
   vertex 11.486049652099609 -2.5182111263275146 -0.6470024585723877
   vertex 11.320742607116699 -2.4914569854736328 -0.74339896440505981
   vertex 11.493924140930176 -2.4666702747344971 -0.82191073894500732
  endloop
 endfacet
 facet normal -5.8718591519344084e-07 -0.86804142570123666 -0.4964917756279752
  outer loop
   vertex 12.132404327392578 -2.2240810394287109 -1.3466488122940063
   vertex 12.197854995727539 -2.288337230682373 -1.2343065738677979
   vertex 12.044331550598145 -2.2883388996124268 -1.2343034744262695
  endloop
 endfacet
 facet normal 0.0021175155429688265 -0.024334392821519359 -0.99970163221529917
  outer loop
   vertex 1.101875901222229 -0.30182978510856628 -2.5824210643768311
   vertex 0.50591325759887695 -0.28777074813842773 -2.5840256214141846
   vertex 0.85386776924133301 0.17005465924739838 -2.5944328308105469
  endloop
 endfacet
 facet normal 0.0062000387384376918 -0.031956301625824024 -0.99947003672248291
  outer loop
   vertex 14.611799240112305 -0.33342722058296204 -2.5785317420959473
   vertex 13.999385833740234 -0.29070833325386047 -2.5836966037750244
   vertex 14.254802703857422 0.14397624135017395 -2.5960104465484619
  endloop
 endfacet
 facet normal -0.010528845259106192 -0.99959970167845136 -0.02625985190097203
  outer loop
   vertex 12.54207706451416 -2.5990824699401855 -0.069067753851413727
   vertex 12.40447998046875 -2.5999341011047363 0.018519513309001923
   vertex 12.405427932739258 -2.5953934192657471 -0.15470480918884277
  endloop
 endfacet
 facet normal -0.0068655942212602654 -0.92195394863407754 -0.38723866053639544
  outer loop
   vertex 11.345678329467773 -2.4305019378662109 -0.92339640855789185
   vertex 11.393360137939453 -2.3650949001312256 -1.0799655914306641
   vertex 11.502810478210449 -2.4159319400787354 -0.96087116003036499
  endloop
 endfacet
 facet normal -0.0085000553506425578 -0.99929453084824649 0.036581274934303042
  outer loop
   vertex 11.75142765045166 -2.5927798748016357 0.19363111257553101
   vertex 11.746500015258789 -2.5999958515167236 -0.0046334709040820599
   vertex 11.910465240478516 -2.5996425151824951 0.043117750436067581
  endloop
 endfacet
 facet normal -0.0053991265907498334 0.29134377586383969 -0.95660318507595299
  outer loop
   vertex 12.460164070129395 0.53232383728027344 -2.5449225902557373
   vertex 12.797362327575684 0.95679998397827148 -2.4175469875335693
   vertex 13.016053199768066 0.56795072555541992 -2.5372095108032227
  endloop
 endfacet
 facet normal 0.0053847078345556007 -0.93943988719880112 -0.34267142171683967
  outer loop
   vertex 11.345678329467773 -2.4305019378662109 -0.92339640855789185
   vertex 11.502810478210449 -2.4159319400787354 -0.96087116003036499
   vertex 11.493924140930176 -2.4666702747344971 -0.82191073894500732
  endloop
 endfacet
 facet normal -0.0057814343762078706 -0.95656829876497584 -0.29145096468262649
  outer loop
   vertex 12.923748970031738 -2.4815232753753662 -0.77591413259506226
   vertex 12.792019844055176 -2.5054800510406494 -0.69467276334762573
   vertex 12.746655464172363 -2.4641032218933105 -0.82957535982131958
  endloop
 endfacet
 facet normal -0.011560220526009005 -0.99989074913419329 -0.0092114655322532019
  outer loop
   vertex 11.559511184692383 -2.5986487865447998 0.083812206983566284
   vertex 11.608200073242188 -2.5973606109619141 -0.11712098121643066
   vertex 11.746500015258789 -2.5999958515167236 -0.0046334709040820599
  endloop
 endfacet
 facet normal -0.010095369647183975 -0.99994472450125294 -0.0029379335935604866
  outer loop
   vertex 12.40447998046875 -2.5999341011047363 0.018519513309001923
   vertex 12.244382858276367 -2.5985209941864014 0.087687455117702484
   vertex 12.269460678100586 -2.5982351303100586 -0.095780931413173676
  endloop
 endfacet
 facet normal 0.010068124619402315 -0.99994929861424775 -0.00018184477503615821
  outer loop
   vertex 12.244382858276367 -2.5985209941864014 0.087687455117702484
   vertex 12.153498649597168 -2.5994100570678711 -0.055378157645463943
   vertex 12.269460678100586 -2.5982351303100586 -0.095780931413173676
  endloop
 endfacet
 facet normal 0.0095591770053998163 -0.99961231805346618 -0.026150252976889169
  outer loop
   vertex 12.40447998046875 -2.5999341011047363 0.018519513309001923
   vertex 12.269460678100586 -2.5982351303100586 -0.095780931413173676
   vertex 12.405427932739258 -2.5953934192657471 -0.15470480918884277
  endloop
 endfacet
 facet normal -0.0046987786896723963 -0.92125468460740956 -0.38893152040909212
  outer loop
   vertex 11.393360137939453 -2.3650949001312256 -1.0799655914306641
   vertex 11.566951751708984 -2.3805148601531982 -1.0455378293991089
   vertex 11.502810478210449 -2.4159319400787354 -0.96087116003036499
  endloop
 endfacet
 facet normal 0.0075758149391971456 -0.99723212814203332 -0.073964110413891934
  outer loop
   vertex 11.497300148010254 -2.5899546146392822 -0.22833241522312164
   vertex 11.666967391967773 -2.5847351551055908 -0.2813262939453125
   vertex 11.608200073242188 -2.5973606109619141 -0.11712098121643066
  endloop
 endfacet
 facet normal -0.0085423152141514865 -0.99678244922684278 -0.079698041156094121
  outer loop
   vertex 11.608200073242188 -2.5973606109619141 -0.11712098121643066
   vertex 11.666967391967773 -2.5847351551055908 -0.2813262939453125
   vertex 11.776779174804688 -2.5936529636383057 -0.18156138062477112
  endloop
 endfacet
 facet normal 0 0.28741569965863878 -0.95780593837673356
  outer loop
   vertex 12.192276954650879 0.95679998397827148 -2.4175469875335693
   vertex 12.797362327575684 0.95679998397827148 -2.4175469875335693
   vertex 12.460164070129395 0.53232383728027344 -2.5449225902557373
  endloop
 endfacet
 facet normal 0.0048009559560570417 0.13946790267914574 -0.99021495390858871
  outer loop
   vertex 12.460164070129395 0.53232383728027344 -2.5449225902557373
   vertex 13.016053199768066 0.56795072555541992 -2.5372095108032227
   vertex 12.73149585723877 0.1727076917886734 -2.5942575931549072
  endloop
 endfacet
 facet normal 0 0.28502741274550747 -0.95851936547135141
  outer loop
   vertex 2.9327642917633057 0.95679998397827148 -2.4175469875335693
   vertex 2.6955358982086182 0.51962870359420776 -2.5475451946258545
   vertex 2.2957541942596436 0.95679998397827148 -2.4175469875335693
  endloop
 endfacet
 facet normal 0.0088642678177776706 -0.99937190675606602 -0.034310592282844263
  outer loop
   vertex 11.608200073242188 -2.5973606109619141 -0.11712098121643066
   vertex 11.776779174804688 -2.5936529636383057 -0.18156138062477112
   vertex 11.746500015258789 -2.5999958515167236 -0.0046334709040820599
  endloop
 endfacet
 facet normal -0.0076995559909113767 -0.9924510548641946 -0.12239943029479378
  outer loop
   vertex 11.497300148010254 -2.5899546146392822 -0.22833241522312164
   vertex 11.570836067199707 -2.5705993175506592 -0.38989672064781189
   vertex 11.666967391967773 -2.5847351551055908 -0.2813262939453125
  endloop
 endfacet
 facet normal -0.013425062344400168 -0.99918304462417729 -0.038118381872899884
  outer loop
   vertex 11.746500015258789 -2.5999958515167236 -0.0046334709040820599
   vertex 11.776779174804688 -2.5936529636383057 -0.18156138062477112
   vertex 11.87376594543457 -2.5978453159332275 -0.10582695156335831
  endloop
 endfacet
 facet normal -0.016849471526132222 -0.30690934749109816 -0.95158958996611476
  outer loop
   vertex 12.537360191345215 -0.59449088573455811 -2.5311224460601807
   vertex 13.043709754943848 -0.78203809261322021 -2.4795999526977539
   vertex 12.507482528686523 -1.0020344257354736 -2.3991513252258301
  endloop
 endfacet
 facet normal 0.0031785010476466516 0.13794971895486574 -0.99043413318168905
  outer loop
   vertex 2.4563741683959961 0.14033684134483337 -2.5962097644805908
   vertex 1.88335120677948 0.16308639943599701 -2.5948801040649414
   vertex 2.0695908069610596 0.55971354246139526 -2.5390393733978271
  endloop
 endfacet
 facet normal 0.0061065234277067112 -0.99988928336968186 -0.013569501615415983
  outer loop
   vertex 11.910465240478516 -2.5996425151824951 0.043117750436067581
   vertex 11.746500015258789 -2.5999958515167236 -0.0046334709040820599
   vertex 11.87376594543457 -2.5978453159332275 -0.10582695156335831
  endloop
 endfacet
 facet normal 0 0.2742932776797764 -0.96164608761211379
  outer loop
   vertex 3.6960549354553223 0.95679998397827148 -2.4175469875335693
   vertex 3.3707351684570312 0.46254003047943115 -2.5585262775421143
   vertex 2.9327642917633057 0.95679998397827148 -2.4175469875335693
  endloop
 endfacet
 facet normal -0.00074891383760839229 -0.033236569488795754 -0.99944723201211583
  outer loop
   vertex 1.6154162883758545 -0.33718758821487427 -2.57804274559021
   vertex 1.3553798198699951 0.16716842353343964 -2.5946202278137207
   vertex 1.88335120677948 0.16308639943599701 -2.5948801040649414
  endloop
 endfacet
 facet normal -0.0019030107316689187 -0.99993094758143519 -0.01159649166981528
  outer loop
   vertex 11.910465240478516 -2.5996425151824951 0.043117750436067581
   vertex 11.87376594543457 -2.5978453159332275 -0.10582695156335831
   vertex 12.01472282409668 -2.5982277393341064 -0.095983065664768219
  endloop
 endfacet
 facet normal 0.0038226557965965577 -0.86585333422494615 -0.50028331064928044
  outer loop
   vertex 11.830341339111328 -2.216646671295166 -1.358851432800293
   vertex 11.890984535217285 -2.2882969379425049 -1.2343810796737671
   vertex 11.735010147094727 -2.2766752243041992 -1.25568687915802
  endloop
 endfacet
 facet normal -0.0051196377766594362 0.13043413368064855 -0.99144375840489041
  outer loop
   vertex 2.6955358982086182 0.51962870359420776 -2.5475451946258545
   vertex 2.4563741683959961 0.14033684134483337 -2.5962097644805908
   vertex 2.0695908069610596 0.55971354246139526 -2.5390393733978271
  endloop
 endfacet
 facet normal 0.0064902484665958857 -0.029507357568163174 -0.99954349206234461
  outer loop
   vertex 1.6154162883758545 -0.33718758821487427 -2.57804274559021
   vertex 1.101875901222229 -0.30182978510856628 -2.5824210643768311
   vertex 1.3553798198699951 0.16716842353343964 -2.5946202278137207
  endloop
 endfacet
 facet normal 0.029136669499310999 -0.26828884728807195 -0.96289778736443543
  outer loop
   vertex 11.63404369354248 -0.43704149127006531 -2.5630049705505371
   vertex 11.672314643859863 -0.96118795871734619 -2.4158058166503906
   vertex 11.192986488342285 -0.76278358697891235 -2.4855906963348389
  endloop
 endfacet
 facet normal -0.0034275979064408175 -0.86623764176238072 -0.49962045551252299
  outer loop
   vertex 12.411367416381836 -2.218317985534668 -1.3561216592788696
   vertex 12.505368232727051 -2.2779006958007812 -1.253462553024292
   vertex 12.351212501525879 -2.2883079051971436 -1.2343610525131226
  endloop
 endfacet
 facet normal 0.0014914404504412701 -0.86635074164652714 -0.49943384752527065
  outer loop
   vertex 11.830341339111328 -2.216646671295166 -1.358851432800293
   vertex 11.991813659667969 -2.2122347354888916 -1.3660224676132202
   vertex 11.890984535217285 -2.2882969379425049 -1.2343810796737671
  endloop
 endfacet
 facet normal 5.5242931365704616e-05 -0.027341656428174085 -0.99962614550239837
  outer loop
   vertex 13.453408241271973 -0.29035577178001404 -2.5837364196777344
   vertex 13.739781379699707 0.14887411892414093 -2.5957343578338623
   vertex 13.999385833740234 -0.29070833325386047 -2.5836966037750244
  endloop
 endfacet
 facet normal 0.0036561749697340742 -0.38495748302619226 0.92292706572444261
  outer loop
   vertex 9.1554689407348633 -1.2198077440261841 2.2960987091064453
   vertex 9.8001861572265625 -1.2410717010498047 2.2846753597259521
   vertex 9.6456232070922852 -0.7555696964263916 2.48779296875
  endloop
 endfacet
 facet normal 0.036552790829946634 -0.1657656879303667 -0.9854875088947167
  outer loop
   vertex 12.22640323638916 -0.097314238548278809 -2.5981781482696533
   vertex 12.086034774780273 -0.7172771692276001 -2.4991025924682617
   vertex 11.63404369354248 -0.43704149127006531 -2.5630049705505371
  endloop
 endfacet
 facet normal -0.029238188069381714 0.29050520351144132 0.95642660726853235
  outer loop
   vertex 11.81137752532959 0.95679998397827148 2.4175469875335693
   vertex 11.852206230163574 0.56416869163513184 2.538053035736084
   vertex 12.08642578125 0.69833171367645264 2.5044624805450439
  endloop
 endfacet
 facet normal -0.03834423914966012 -0.9116432037963097 -0.40918991714854608
  outer loop
   vertex 9.2865438461303711 -2.4880118370056152 -0.75484877824783325
   vertex 9.3714399337768555 -2.2314522266387939 -1.3343989849090576
   vertex 9.8260116577148438 -2.3890979290008545 -1.0257735252380371
  endloop
 endfacet
 facet normal -0.0076191659541846911 -0.66936399475321928 -0.7428955450385839
  outer loop
   vertex 9.1323165893554688 -1.5119034051895142 -2.1152181625366211
   vertex 9.8227243423461914 -1.5532468557357788 -2.085047721862793
   vertex 9.5437192916870117 -1.9272192716598511 -1.7452294826507568
  endloop
 endfacet
 facet normal 0.0085716780441763389 -0.3659504796966575 -0.93059484887102906
  outer loop
   vertex 13.685799598693848 -0.71774846315383911 -2.498967170715332
   vertex 13.394606590270996 -1.1517493724822998 -2.3309812545776367
   vertex 13.043709754943848 -0.78203809261322021 -2.4795999526977539
  endloop
 endfacet
 facet normal -0.012217632760798226 -0.8011204774458347 -0.59837840040118417
  outer loop
   vertex 9.5437192916870117 -1.9272192716598511 -1.7452294826507568
   vertex 9.9373226165771484 -2.1897401809692383 -1.4017980098724365
   vertex 9.3714399337768555 -2.2314522266387939 -1.3343989849090576
  endloop
 endfacet
 facet normal 0.03167021154385051 -0.84560195860653709 0.5328736485336425
  outer loop
   vertex 9.4407711029052734 -2.2348001003265381 1.3287844657897949
   vertex 10.036946296691895 -2.3535277843475342 1.104946494102478
   vertex 9.9178705215454102 -2.0326550006866455 1.6212073564529419
  endloop
 endfacet
 facet normal -0.0068559762062128521 -0.8850247886482967 -0.46549341463472665
  outer loop
   vertex 11.56427001953125 -2.2561073303222656 -1.2922770977020264
   vertex 11.735010147094727 -2.2766752243041992 -1.25568687915802
   vertex 11.643665313720703 -2.3359050750732422 -1.1417300701141357
  endloop
 endfacet
 facet normal 0.016737592712768392 0.30762062230523435 0.95136186896612684
  outer loop
   vertex 13.219614028930664 0.95679998397827148 2.4175469875335693
   vertex 12.936435699462891 0.74647337198257446 2.4905376434326172
   vertex 13.172224044799805 0.6522376537322998 2.5168602466583252
  endloop
 endfacet
 facet normal 0.0057844139261560654 -0.34603463130882278 -0.93820390880154514
  outer loop
   vertex 14.182547569274902 -0.68334788084030151 -2.5085923671722412
   vertex 13.974270820617676 -1.0962915420532227 -2.3575718402862549
   vertex 13.685799598693848 -0.71774846315383911 -2.498967170715332
  endloop
 endfacet
 facet normal -0.0043278565784143855 -0.57190329759871072 0.82030962925785356
  outer loop
   vertex 9.1554689407348633 -1.2198077440261841 2.2960987091064453
   vertex 9.3885841369628906 -1.7262008190155029 1.9442815780639648
   vertex 9.8001861572265625 -1.2410717010498047 2.2846753597259521
  endloop
 endfacet
 facet normal -0.0043162176964354221 0.2849130978485756 -0.95854363329956194
  outer loop
   vertex 11.980110168457031 0.50903785228729248 -2.5496823787689209
   vertex 12.192276954650879 0.95679998397827148 -2.4175469875335693
   vertex 12.460164070129395 0.53232383728027344 -2.5449225902557373
  endloop
 endfacet
 facet normal -0.0033339273582445742 -0.018128964824613913 -0.99983009834809322
  outer loop
   vertex 12.873703002929688 -0.26098492741584778 -2.5868680477142334
   vertex 12.73149585723877 0.1727076917886734 -2.5942575931549072
   vertex 13.227485656738281 0.15222343802452087 -2.5955400466918945
  endloop
 endfacet
 facet normal -0.032952488907909014 -0.32832012641073777 -0.9439915402525656
  outer loop
   vertex 10.620384216308594 -0.53839206695556641 -2.5436458587646484
   vertex 11.192986488342285 -0.76278358697891235 -2.4855906963348389
   vertex 10.753017425537109 -1.1231369972229004 -2.3449015617370605
  endloop
 endfacet
 facet normal -0.028922632588852529 -0.15135170453922051 -0.98805675082821176
  outer loop
   vertex 12.22640323638916 -0.097314238548278809 -2.5981781482696533
   vertex 12.537360191345215 -0.59449088573455811 -2.5311224460601807
   vertex 12.086034774780273 -0.7172771692276001 -2.4991025924682617
  endloop
 endfacet
 facet normal 0 0.33367653520632762 0.94268763111260789
  outer loop
   vertex 13.219614028930664 0.95679998397827148 2.4175469875335693
   vertex 13.395057678222656 0.77715098857879639 2.4811360836029053
   vertex 13.602286338806152 0.95679998397827148 2.4175469875335693
  endloop
 endfacet
 facet normal 0.0041571208510933775 -0.024539749403509985 -0.99969021153827564
  outer loop
   vertex 12.873703002929688 -0.26098492741584778 -2.5868680477142334
   vertex 13.227485656738281 0.15222343802452087 -2.5955400466918945
   vertex 13.453408241271973 -0.29035577178001404 -2.5837364196777344
  endloop
 endfacet
 facet normal 0.0080592588777331307 -0.4981494706676573 -0.86705371991582769
  outer loop
   vertex 9.1323165893554688 -1.5119034051895142 -2.1152181625366211
   vertex 9.5744295120239258 -1.0349248647689819 -2.3851478099822998
   vertex 9.8227243423461914 -1.5532468557357788 -2.085047721862793
  endloop
 endfacet
 facet normal -0.027637457522331727 -0.98571901771115622 -0.16611498747630937
  outer loop
   vertex 9.2865438461303711 -2.4880118370056152 -0.75484877824783325
   vertex 9.8764047622680664 -2.5327470302581787 -0.58753049373626709
   vertex 9.6026172637939453 -2.59377121925354 -0.17986412346363068
  endloop
 endfacet
 facet normal 0.021332472526279921 -0.7076737780742034 0.70621721123327097
  outer loop
   vertex 9.9178705215454102 -2.0326550006866455 1.6212073564529419
   vertex 10.065424919128418 -1.6041300296783447 2.046159029006958
   vertex 9.3885841369628906 -1.7262008190155029 1.9442815780639648
  endloop
 endfacet
 facet normal 0.01374532484404991 -0.41845260612369301 -0.90813461693364661
  outer loop
   vertex 9.5744295120239258 -1.0349248647689819 -2.3851478099822998
   vertex 10.224942207336426 -0.88138836622238159 -2.4460487365722656
   vertex 10.234220504760742 -1.2880269289016724 -2.2585363388061523
  endloop
 endfacet
 facet normal 0 0.27254559743930118 -0.96214286741442645
  outer loop
   vertex 11.487183570861816 0.95679998397827148 -2.4175469875335693
   vertex 11.015109062194824 0.45323881506919861 -2.5601904392242432
   vertex 10.684687614440918 0.95679998397827148 -2.4175469875335693
  endloop
 endfacet
 facet normal 0.018562451192941112 -0.90821348490639286 0.41809532554178974
  outer loop
   vertex 9.0268173217773438 -2.433358907699585 0.91584086418151855
   vertex 9.7138767242431641 -2.4766848087310791 0.7912217378616333
   vertex 9.4407711029052734 -2.2348001003265381 1.3287844657897949
  endloop
 endfacet
 facet normal -0.01795167993990707 -0.97095312887750373 0.23859538702649025
  outer loop
   vertex 9.0268173217773438 -2.433358907699585 0.91584086418151855
   vertex 9.3607950210571289 -2.5733592510223389 0.37124395370483398
   vertex 9.7138767242431641 -2.4766848087310791 0.7912217378616333
  endloop
 endfacet
 facet normal -0.01636576874001933 -0.99942083702838391 0.029835417326271714
  outer loop
   vertex 9.3607950210571289 -2.5733592510223389 0.37124395370483398
   vertex 9.6026172637939453 -2.59377121925354 -0.17986412346363068
   vertex 9.936884880065918 -2.5857644081115723 0.27170389890670776
  endloop
 endfacet
 facet normal 0 0.26908687157858641 0.96311590971390837
  outer loop
   vertex 9.2652826309204102 0.43483179807662964 2.5633807182312012
   vertex 9.7271337509155273 0.95679998397827148 2.4175469875335693
   vertex 8.9523820877075195 0.95679998397827148 2.4175469875335693
  endloop
 endfacet
 facet normal -0.041149619110603206 -0.17048007507878019 0.98450152506138144
  outer loop
   vertex 9.5774154663085938 -0.10288433730602264 2.5979635715484619
   vertex 9.6456232070922852 -0.7555696964263916 2.48779296875
   vertex 10.125439643859863 -0.45001646876335144 2.5607588291168213
  endloop
 endfacet
 facet normal 1.6247106185943345e-05 -0.86586267440178755 -0.5002817494310734
  outer loop
   vertex 11.991813659667969 -2.2122347354888916 -1.3660224676132202
   vertex 12.044331550598145 -2.2883388996124268 -1.2343034744262695
   vertex 11.890984535217285 -2.2882969379425049 -1.2343810796737671
  endloop
 endfacet
 facet normal 0.045163084128868672 -0.24877963735542352 -0.96750658285578228
  outer loop
   vertex 14.611799240112305 -0.33342722058296204 -2.5785317420959473
   vertex 14.542468070983887 -0.92691850662231445 -2.4291608333587646
   vertex 14.182547569274902 -0.68334788084030151 -2.5085923671722412
  endloop
 endfacet
 facet normal 0.03805202831456779 -0.31382155464174138 -0.94871917603861466
  outer loop
   vertex 10.224942207336426 -0.88138836622238159 -2.4460487365722656
   vertex 10.620384216308594 -0.53839206695556641 -2.5436458587646484
   vertex 10.753017425537109 -1.1231369972229004 -2.3449015617370605
  endloop
 endfacet
 facet normal -0.067788502159180114 0.21300834969155716 -0.97469593306666369
  outer loop
   vertex 11.558097839355469 0.16992422938346863 -2.5944414138793945
   vertex 11.487183570861816 0.95679998397827148 -2.4175469875335693
   vertex 11.980110168457031 0.50903785228729248 -2.5496823787689209
  endloop
 endfacet
 facet normal 0.010373813137158022 0.26795832260174801 -0.96337465264011002
  outer loop
   vertex 4.1153950691223145 0.39079844951629639 -2.5704622268676758
   vertex 3.3707351684570312 0.46254003047943115 -2.5585262775421143
   vertex 3.6960549354553223 0.95679998397827148 -2.4175469875335693
  endloop
 endfacet
 facet normal -0 0.33092436925027463 0.94365727986187231
  outer loop
   vertex 12.865471839904785 0.95679998397827148 2.4175469875335693
   vertex 12.522848129272461 0.95679998397827148 2.4175469875335693
   vertex 12.657441139221191 0.76265913248062134 2.4856288433074951
  endloop
 endfacet
 facet normal 0.055361568595918439 0.22374234189382669 -0.97307474592986198
  outer loop
   vertex 11.487183570861816 0.95679998397827148 -2.4175469875335693
   vertex 11.558097839355469 0.16992422938346863 -2.5944414138793945
   vertex 11.015109062194824 0.45323881506919861 -2.5601904392242432
  endloop
 endfacet
 facet normal -0 0.24398561967402524 0.9697788497344545
  outer loop
   vertex 5.5475773811340332 0.95679998397827148 2.4175469875335693
   vertex 4.6495590209960938 0.95679998397827148 2.4175469875335693
   vertex 5.0632724761962891 0.30115604400634766 2.5824997425079346
  endloop
 endfacet
 facet normal -0.027901814840238716 -0.5419131893270811 -0.83997118043536001
  outer loop
   vertex 0.64714998006820679 -1.6384724378585815 -2.0187640190124512
   vertex 0.57175761461257935 -1.1470955610275269 -2.3332748413085938
   vertex 1.0705742835998535 -1.2932798862457275 -2.2555325031280518
  endloop
 endfacet
 facet normal 0.011521154142566256 0.25251779805410118 -0.9675236558726259
  outer loop
   vertex 4.5514321327209473 0.95679998397827148 -2.4175469875335693
   vertex 4.9366416931152344 0.31226247549057007 -2.5811803340911865
   vertex 4.1153950691223145 0.39079844951629639 -2.5704622268676758
  endloop
 endfacet
 facet normal -0.032740166980054622 -0.73919571696888242 -0.67269441314833145
  outer loop
   vertex 0.79368501901626587 -2.1451416015625 -1.4691383838653564
   vertex 0.64714998006820679 -1.6384724378585815 -2.0187640190124512
   vertex 1.3401521444320679 -1.7918552160263062 -1.8839466571807861
  endloop
 endfacet
 facet normal 0 0.24732925840115128 0.96893149290274194
  outer loop
   vertex 5.5475773811340332 0.95679998397827148 2.4175469875335693
   vertex 5.964442253112793 0.31896486878395081 2.5803606510162354
   vertex 6.4160208702087402 0.95679998397827148 2.4175469875335693
  endloop
 endfacet
 facet normal 0 0.2715085119532426 -0.96243603836147773
  outer loop
   vertex 7.199486255645752 0.95679998397827148 -2.4175469875335693
   vertex 8.0495147705078125 0.95679998397827148 -2.4175469875335693
   vertex 7.9622745513916016 0.44772076606750488 -2.5611610412597656
  endloop
 endfacet
 facet normal 0.0097271002952778983 0.069800790515821068 0.99751352530339765
  outer loop
   vertex 9.2652826309204102 0.43483179807662964 2.5633807182312012
   vertex 9.5774154663085938 -0.10288433730602264 2.5979635715484619
   vertex 9.9358463287353516 0.4934898316860199 2.5527372360229492
  endloop
 endfacet
 facet normal -0 0.32785368048120672 0.94472851348677245
  outer loop
   vertex 13.219614028930664 0.95679998397827148 2.4175469875335693
   vertex 12.865471839904785 0.95679998397827148 2.4175469875335693
   vertex 12.936435699462891 0.74647337198257446 2.4905376434326172
  endloop
 endfacet
 facet normal 0.02717017415790389 -0.58787628414371895 -0.80849443793856912
  outer loop
   vertex 1.3401521444320679 -1.7918552160263062 -1.8839466571807861
   vertex 0.64714998006820679 -1.6384724378585815 -2.0187640190124512
   vertex 1.0705742835998535 -1.2932798862457275 -2.2555325031280518
  endloop
 endfacet
 facet normal -0.012382371268548015 -0.97686476884417484 -0.21349918096513826
  outer loop
   vertex 0.71346926689147949 -2.5869481563568115 -0.26019033789634705
   vertex 0.51570016145706177 -2.4528534412384033 -0.86227017641067505
   vertex 1.1987349987030029 -2.4778130054473877 -0.7876819372177124
  endloop
 endfacet
 facet normal -0.025387543862980786 -0.99875203896994602 0.04300973459556269
  outer loop
   vertex 0.93766230344772339 -2.562492847442627 0.44003486633300781
   vertex 0.71346926689147949 -2.5869481563568115 -0.26019033789634705
   vertex 1.5147527456283569 -2.5990836620330811 -0.069018304347991943
  endloop
 endfacet
 facet normal -0.0026821462189267307 -0.36841770584911626 -0.92965649575987719
  outer loop
   vertex 0.57175761461257935 -1.1470955610275269 -2.3332748413085938
   vertex 0.35356983542442322 -0.75569599866867065 -2.4877548217773438
   vertex 0.82307171821594238 -0.77088534832000732 -2.4830899238586426
  endloop
 endfacet
 facet normal 0 0.22308442907703377 0.9747991267452869
  outer loop
   vertex 6.8676533699035645 0.18988543748855591 2.5930566787719727
   vertex 7.2630419731140137 0.95679998397827148 2.4175469875335693
   vertex 6.4160208702087402 0.95679998397827148 2.4175469875335693
  endloop
 endfacet
 facet normal 0.0031782937909184414 -0.20251049311260619 -0.97927493515757247
  outer loop
   vertex 0.35356983542442322 -0.75569599866867065 -2.4877548217773438
   vertex 0.50591325759887695 -0.28777074813842773 -2.5840256214141846
   vertex 0.82307171821594238 -0.77088534832000732 -2.4830899238586426
  endloop
 endfacet
 facet normal -0 0.23738218833089555 0.97141633539035943
  outer loop
   vertex 4.6495590209960938 0.95679998397827148 2.4175469875335693
   vertex 3.7662060260772705 0.95679998397827148 2.4175469875335693
   vertex 4.1654934883117676 0.26598864793777466 2.5863585472106934
  endloop
 endfacet
 facet normal 0 0.25512491512250041 0.96690810198474253
  outer loop
   vertex 1.0422004461288452 0.36048522591590881 2.5748884677886963
   vertex 1.3899284601211548 0.95679998397827148 2.4175469875335693
   vertex 0.6944725513458252 0.95679998397827148 2.4175469875335693
  endloop
 endfacet
 facet normal 0 0.29349482957648432 -0.95596066080768738
  outer loop
   vertex 0.59932327270507812 0.56461590528488159 -2.5379536151885986
   vertex 0.43477985262870789 0.95679998397827148 -2.4175469875335693
   vertex 0.86054891347885132 0.95679998397827148 -2.4175469875335693
  endloop
 endfacet
 facet normal 0 0.25731711701533211 -0.96632701570996038
  outer loop
   vertex 8.0495147705078125 0.95679998397827148 -2.4175469875335693
   vertex 8.9147567749023438 0.95679998397827148 -2.4175469875335693
   vertex 8.659454345703125 0.37216144800186157 -2.5732266902923584
  endloop
 endfacet
 facet normal 0 0.2339239971021721 -0.97225488611770061
  outer loop
   vertex 6.3387351036071777 0.95679998397827148 -2.4175469875335693
   vertex 5.7593011856079102 0.24757544696331024 -2.5881860256195068
   vertex 5.4564132690429688 0.95679998397827148 -2.4175469875335693
  endloop
 endfacet
 facet normal 0 0.22336088825396075 -0.97473581733637016
  outer loop
   vertex 7.199486255645752 0.95679998397827148 -2.4175469875335693
   vertex 6.587425708770752 0.19135573506355286 -2.5929486751556396
   vertex 6.3387351036071777 0.95679998397827148 -2.4175469875335693
  endloop
 endfacet
 facet normal -0.0049816474105791545 -0.19011328815723397 -0.98174952042520558
  outer loop
   vertex 13.999385833740234 -0.29070833325386047 -2.5836966037750244
   vertex 14.611799240112305 -0.33342722058296204 -2.5785317420959473
   vertex 14.182547569274902 -0.68334788084030151 -2.5085923671722412
  endloop
 endfacet
 facet normal -0.014413584619092713 -0.22664800265414767 0.97387007935931258
  outer loop
   vertex 0.8847966194152832 -0.9243965744972229 2.4301216602325439
   vertex 1.402405858039856 -0.30400276184082031 2.5821661949157715
   vertex 0.69021999835968018 -0.22339791059494019 2.5903847217559814
  endloop
 endfacet
 facet normal -0.0022228047695482828 -0.20590868937337262 -0.97856868475314307
  outer loop
   vertex 0.82307171821594238 -0.77088534832000732 -2.4830899238586426
   vertex 0.50591325759887695 -0.28777074813842773 -2.5840256214141846
   vertex 1.101875901222229 -0.30182978510856628 -2.5824210643768311
  endloop
 endfacet
 facet normal 0.013611195581167274 0.018327880905837778 0.99973937810629054
  outer loop
   vertex 0.69021999835968018 -0.22339791059494019 2.5903847217559814
   vertex 1.402405858039856 -0.30400276184082031 2.5821661949157715
   vertex 1.0422004461288452 0.36048522591590881 2.5748884677886963
  endloop
 endfacet
 facet normal 0.030171161955600163 -0.38712880904936786 -0.92153186932968689
  outer loop
   vertex 1.0705742835998535 -1.2932798862457275 -2.2555325031280518
   vertex 0.57175761461257935 -1.1470955610275269 -2.3332748413085938
   vertex 0.82307171821594238 -0.77088534832000732 -2.4830899238586426
  endloop
 endfacet
 facet normal 0.0020141527302418999 0.25402617096285557 0.96719524794879408
  outer loop
   vertex 1.7852857112884521 0.34811460971832275 2.5765900611877441
   vertex 1.3899284601211548 0.95679998397827148 2.4175469875335693
   vertex 1.0422004461288452 0.36048522591590881 2.5748884677886963
  endloop
 endfacet
 facet normal 0.016043609652091357 -0.89472855672847773 -0.44632209486413132
  outer loop
   vertex 0.51570016145706177 -2.4528534412384033 -0.86227017641067505
   vertex 0.79368501901626587 -2.1451416015625 -1.4691383838653564
   vertex 1.1987349987030029 -2.4778130054473877 -0.7876819372177124
  endloop
 endfacet
 facet normal -0.0071051032612401959 -0.84906221394459436 0.52824508929014269
  outer loop
   vertex 1.2244417667388916 -2.3623421192169189 1.0859742164611816
   vertex 1.715888500213623 -2.0363395214080811 1.6165769100189209
   vertex 0.82711261510848999 -2.0042645931243896 1.6561774015426636
  endloop
 endfacet
 facet normal 0 0.22418901142076553 -0.97454568243781148
  outer loop
   vertex 10.427229881286621 0.19576217234134674 -2.5926196575164795
   vertex 9.798614501953125 0.95679998397827148 -2.4175469875335693
   vertex 10.684687614440918 0.95679998397827148 -2.4175469875335693
  endloop
 endfacet
 facet normal 0.0033295545838645988 -0.47521232019406334 0.8798648559875818
  outer loop
   vertex 0.59797888994216919 -1.5193570852279663 2.1098706722259521
   vertex 1.3742386102676392 -1.5351721048355103 2.0983915328979492
   vertex 0.8847966194152832 -0.9243965744972229 2.4301216602325439
  endloop
 endfacet
 facet normal 0.027598489446951539 -0.98362223397915149 -0.17811688354030289
  outer loop
   vertex 1.5147527456283569 -2.5990836620330811 -0.069018304347991943
   vertex 0.71346926689147949 -2.5869481563568115 -0.26019033789634705
   vertex 1.1987349987030029 -2.4778130054473877 -0.7876819372177124
  endloop
 endfacet
 facet normal -0.0031481758486851608 -0.68400287145124194 0.72947252233054116
  outer loop
   vertex 0.82711261510848999 -2.0042645931243896 1.6561774015426636
   vertex 1.3742386102676392 -1.5351721048355103 2.0983915328979492
   vertex 0.59797888994216919 -1.5193570852279663 2.1098706722259521
  endloop
 endfacet
 facet normal -0.017292427074140193 -0.95285613046549211 0.30292930957603753
  outer loop
   vertex 0.93766230344772339 -2.562492847442627 0.44003486633300781
   vertex 1.7895944118499756 -2.5370244979858398 0.56877660751342773
   vertex 1.2244417667388916 -2.3623421192169189 1.0859742164611816
  endloop
 endfacet
 facet normal 0 0.2472579221933251 -0.968949699371768
  outer loop
   vertex 8.9147567749023438 0.95679998397827148 -2.4175469875335693
   vertex 9.798614501953125 0.95679998397827148 -2.4175469875335693
   vertex 9.5263729095458984 0.31858479976654053 -2.5804076194763184
  endloop
 endfacet
 facet normal 0 0.25280224941478568 0.96751797021596686
  outer loop
   vertex 1.7852857112884521 0.34811460971832275 2.5765900611877441
   vertex 2.1306586265563965 0.95679998397827148 2.4175469875335693
   vertex 1.3899284601211548 0.95679998397827148 2.4175469875335693
  endloop
 endfacet
 facet normal -0 0.25004419760837659 0.96823442370243329
  outer loop
   vertex 2.9222314357757568 0.95679998397827148 2.4175469875335693
   vertex 2.1306586265563965 0.95679998397827148 2.4175469875335693
   vertex 2.5581746101379395 0.33342534303665161 2.5785319805145264
  endloop
 endfacet
 facet normal 0.010454032402558485 0.23812930054546827 -0.97117719774933575
  outer loop
   vertex 5.7593011856079102 0.24757544696331024 -2.5881860256195068
   vertex 4.9366416931152344 0.31226247549057007 -2.5811803340911865
   vertex 5.4564132690429688 0.95679998397827148 -2.4175469875335693
  endloop
 endfacet
 facet normal -0.046438680407520423 0.10129537433476409 -0.99377195377027439
  outer loop
   vertex 12.22640323638916 -0.097314238548278809 -2.5981781482696533
   vertex 12.460164070129395 0.53232383728027344 -2.5449225902557373
   vertex 12.73149585723877 0.1727076917886734 -2.5942575931549072
  endloop
 endfacet
 facet normal -0.0095748402597969143 -0.19954836448071389 -0.97984119767800726
  outer loop
   vertex 13.043709754943848 -0.78203809261322021 -2.4795999526977539
   vertex 13.453408241271973 -0.29035577178001404 -2.5837364196777344
   vertex 13.685799598693848 -0.71774846315383911 -2.498967170715332
  endloop
 endfacet
 facet normal -5.4116036758697413e-05 -0.19457894390140157 -0.98088685976603318
  outer loop
   vertex 13.685799598693848 -0.71774846315383911 -2.498967170715332
   vertex 13.453408241271973 -0.29035577178001404 -2.5837364196777344
   vertex 13.999385833740234 -0.29070833325386047 -2.5836966037750244
  endloop
 endfacet
 facet normal 0.0081470307087359809 0.28095361619216658 -0.95968676735650349
  outer loop
   vertex 3.3707351684570312 0.46254003047943115 -2.5585262775421143
   vertex 2.6955358982086182 0.51962870359420776 -2.5475451946258545
   vertex 2.9327642917633057 0.95679998397827148 -2.4175469875335693
  endloop
 endfacet
 facet normal -0 0.24577044485978949 0.969328060273415
  outer loop
   vertex 3.7662060260772705 0.95679998397827148 2.4175469875335693
   vertex 2.9222314357757568 0.95679998397827148 2.4175469875335693
   vertex 3.3504281044006348 0.31066212058067322 2.5813734531402588
  endloop
 endfacet
 facet normal -0.0058292801173957789 -0.19049370060855161 -0.98167111066882906
  outer loop
   vertex 13.685799598693848 -0.71774846315383911 -2.498967170715332
   vertex 13.999385833740234 -0.29070833325386047 -2.5836966037750244
   vertex 14.182547569274902 -0.68334788084030151 -2.5085923671722412
  endloop
 endfacet
 facet normal 0 0.24379363452145925 0.96982713086756711
  outer loop
   vertex 7.2630419731140137 0.95679998397827148 2.4175469875335693
   vertex 7.754364013671875 0.30013284087181091 2.5826189517974854
   vertex 8.1007728576660156 0.95679998397827148 2.4175469875335693
  endloop
 endfacet
 facet normal -0.0050060011371711429 -0.20320343444232389 -0.97912374303938654
  outer loop
   vertex 13.043709754943848 -0.78203809261322021 -2.4795999526977539
   vertex 12.873703002929688 -0.26098492741584778 -2.5868680477142334
   vertex 13.453408241271973 -0.29035577178001404 -2.5837364196777344
  endloop
 endfacet
 facet normal 0.010751064790239193 -0.21327396259184075 -0.97693327893272752
  outer loop
   vertex 1.3222355842590332 -0.8237573504447937 -2.4660542011260986
   vertex 0.82307171821594238 -0.77088534832000732 -2.4830899238586426
   vertex 1.101875901222229 -0.30182978510856628 -2.5824210643768311
  endloop
 endfacet
 facet normal -0.0068563716667446066 -0.2203645780614715 -0.97539348106461987
  outer loop
   vertex 1.3222355842590332 -0.8237573504447937 -2.4660542011260986
   vertex 1.101875901222229 -0.30182978510856628 -2.5824210643768311
   vertex 1.6154162883758545 -0.33718758821487427 -2.57804274559021
  endloop
 endfacet
 facet normal 0.014352053984199096 -0.012329603324665392 -0.99982098369072603
  outer loop
   vertex 12.22640323638916 -0.097314238548278809 -2.5981781482696533
   vertex 12.73149585723877 0.1727076917886734 -2.5942575931549072
   vertex 12.873703002929688 -0.26098492741584778 -2.5868680477142334
  endloop
 endfacet
 facet normal -0.0052631948935495517 0.24085758306205027 0.97054619851968926
  outer loop
   vertex 4.6495590209960938 0.95679998397827148 2.4175469875335693
   vertex 4.1654934883117676 0.26598864793777466 2.5863585472106934
   vertex 5.0632724761962891 0.30115604400634766 2.5824997425079346
  endloop
 endfacet
 facet normal 0.021168393750822731 -0.91534603875979581 -0.40211133835389501
  outer loop
   vertex 8.7002906799316406 -2.3033683300018311 -1.206024169921875
   vertex 9.3714399337768555 -2.2314522266387939 -1.3343989849090576
   vertex 9.2865438461303711 -2.4880118370056152 -0.75484877824783325
  endloop
 endfacet
 facet normal 0.028451404990781838 -0.192643769185772 -0.98085620543887553
  outer loop
   vertex 12.537360191345215 -0.59449088573455811 -2.5311224460601807
   vertex 12.873703002929688 -0.26098492741584778 -2.5868680477142334
   vertex 13.043709754943848 -0.78203809261322021 -2.4795999526977539
  endloop
 endfacet
 facet normal -0.034886264520935767 -0.18611911145758941 -0.98190764580891854
  outer loop
   vertex 11.11163330078125 -0.1750815361738205 -2.5940983295440674
   vertex 11.63404369354248 -0.43704149127006531 -2.5630049705505371
   vertex 11.192986488342285 -0.76278358697891235 -2.4855906963348389
  endloop
 endfacet
 facet normal 0.018259886762921927 -0.77292535552633612 -0.63423416126844845
  outer loop
   vertex 1.6706488132476807 -2.2216606140136719 -1.3506383895874023
   vertex 0.79368501901626587 -2.1451416015625 -1.4691383838653564
   vertex 1.3401521444320679 -1.7918552160263062 -1.8839466571807861
  endloop
 endfacet
 facet normal 0 0.25163486846778421 0.96782224244496518
  outer loop
   vertex 8.1007728576660156 0.95679998397827148 2.4175469875335693
   vertex 8.5549507141113281 0.34189727902412415 2.5774223804473877
   vertex 8.9523820877075195 0.95679998397827148 2.4175469875335693
  endloop
 endfacet
 facet normal 0.006985936522605013 -0.80501681621403609 -0.59321085821444564
  outer loop
   vertex 8.8568973541259766 -1.9624037742614746 -1.7055706977844238
   vertex 9.5437192916870117 -1.9272192716598511 -1.7452294826507568
   vertex 9.3714399337768555 -2.2314522266387939 -1.3343989849090576
  endloop
 endfacet
 facet normal -0.0037535144525847404 -0.036135529545004146 -0.99933984941748244
  outer loop
   vertex 2.2169432640075684 -0.33718115091323853 -2.5780436992645264
   vertex 1.88335120677948 0.16308639943599701 -2.5948801040649414
   vertex 2.4563741683959961 0.14033684134483337 -2.5962097644805908
  endloop
 endfacet
 facet normal -0.019539693320465467 -0.14563011437696069 -0.98914613185893596
  outer loop
   vertex 12.22640323638916 -0.097314238548278809 -2.5981781482696533
   vertex 12.873703002929688 -0.26098492741584778 -2.5868680477142334
   vertex 12.537360191345215 -0.59449088573455811 -2.5311224460601807
  endloop
 endfacet
 facet normal 0.0058988352409547473 0.082104163923877899 -0.99660629639249276
  outer loop
   vertex 12.22640323638916 -0.097314238548278809 -2.5981781482696533
   vertex 11.980110168457031 0.50903785228729248 -2.5496823787689209
   vertex 12.460164070129395 0.53232383728027344 -2.5449225902557373
  endloop
 endfacet
 facet normal -1.2245600330706068e-06 -0.033636573233541217 -0.99943413036558093
  outer loop
   vertex 2.2169432640075684 -0.33718115091323853 -2.5780436992645264
   vertex 1.6154162883758545 -0.33718758821487427 -2.57804274559021
   vertex 1.88335120677948 0.16308639943599701 -2.5948801040649414
  endloop
 endfacet
 facet normal 0.030199330990441559 -0.1774347965106933 -0.98366909750939047
  outer loop
   vertex 11.11163330078125 -0.1750815361738205 -2.5940983295440674
   vertex 11.192986488342285 -0.76278358697891235 -2.4855906963348389
   vertex 10.620384216308594 -0.53839206695556641 -2.5436458587646484
  endloop
 endfacet
 facet normal -0.011567321182139387 -0.40393433903994364 -0.91471484454174745
  outer loop
   vertex 1.0705742835998535 -1.2932798862457275 -2.2555325031280518
   vertex 0.82307171821594238 -0.77088534832000732 -2.4830899238586426
   vertex 1.3222355842590332 -0.8237573504447937 -2.4660542011260986
  endloop
 endfacet
 facet normal 0.0036513778746756213 0.12499429575604838 -0.99215074130298664
  outer loop
   vertex 3.0329818725585938 0.11286091059446335 -2.5975492000579834
   vertex 2.4563741683959961 0.14033684134483337 -2.5962097644805908
   vertex 2.6955358982086182 0.51962870359420776 -2.5475451946258545
  endloop
 endfacet
 facet normal -0.027634555093617487 -0.055151882498898616 -0.99809548702596862
  outer loop
   vertex 11.558097839355469 0.16992422938346863 -2.5944414138793945
   vertex 12.22640323638916 -0.097314238548278809 -2.5981781482696533
   vertex 11.63404369354248 -0.43704149127006531 -2.5630049705505371
  endloop
 endfacet
 facet normal -0.06074123874980094 -0.77197193508967088 0.63274784341714552
  outer loop
   vertex 9.3885841369628906 -1.7262008190155029 1.9442815780639648
   vertex 9.4407711029052734 -2.2348001003265381 1.3287844657897949
   vertex 9.9178705215454102 -2.0326550006866455 1.6212073564529419
  endloop
 endfacet
 facet normal -0.020482295683195109 -0.8227718746500513 -0.56800256852270181
  outer loop
   vertex 8.8568973541259766 -1.9624037742614746 -1.7055706977844238
   vertex 9.3714399337768555 -2.2314522266387939 -1.3343989849090576
   vertex 8.7002906799316406 -2.3033683300018311 -1.206024169921875
  endloop
 endfacet
 facet normal -0.051875404531467613 0.24052163467795973 -0.96925656338068633
  outer loop
   vertex 10.684687614440918 0.95679998397827148 -2.4175469875335693
   vertex 11.015109062194824 0.45323881506919861 -2.5601904392242432
   vertex 10.427229881286621 0.19576217234134674 -2.5926196575164795
  endloop
 endfacet
 facet normal -0.0052603565945052036 -0.9839984453963645 -0.17809937705123083
  outer loop
   vertex 9.2865438461303711 -2.4880118370056152 -0.75484877824783325
   vertex 9.6026172637939453 -2.59377121925354 -0.17986412346363068
   vertex 9.0602970123291016 -2.5953774452209473 -0.15497171878814697
  endloop
 endfacet
 facet normal 0.035730767304606038 -0.047231102471377163 -0.9982447271221434
  outer loop
   vertex 11.558097839355469 0.16992422938346863 -2.5944414138793945
   vertex 11.63404369354248 -0.43704149127006531 -2.5630049705505371
   vertex 11.11163330078125 -0.1750815361738205 -2.5940983295440674
  endloop
 endfacet
 facet normal 0.012542886666964277 0.26949556640591721 -0.96291994250904023
  outer loop
   vertex 8.0495147705078125 0.95679998397827148 -2.4175469875335693
   vertex 8.659454345703125 0.37216144800186157 -2.5732266902923584
   vertex 7.9622745513916016 0.44772076606750488 -2.5611610412597656
  endloop
 endfacet
 facet normal 0.0046288182889640114 -0.04033224216799166 -0.99917560232571245
  outer loop
   vertex 2.8776495456695557 -0.36884006857872009 -2.5737049579620361
   vertex 2.2169432640075684 -0.33718115091323853 -2.5780436992645264
   vertex 2.4563741683959961 0.14033684134483337 -2.5962097644805908
  endloop
 endfacet
 facet normal -0.008553369155533494 -0.66987215698658575 -0.74242719048417682
  outer loop
   vertex 9.1323165893554688 -1.5119034051895142 -2.1152181625366211
   vertex 9.5437192916870117 -1.9272192716598511 -1.7452294826507568
   vertex 8.8568973541259766 -1.9624037742614746 -1.7055706977844238
  endloop
 endfacet
 facet normal 0.0051537453152194308 -0.22724024758654876 -0.9738250914748654
  outer loop
   vertex 1.9498088359832764 -0.85460489988327026 -2.4555346965789795
   vertex 1.3222355842590332 -0.8237573504447937 -2.4660542011260986
   vertex 1.6154162883758545 -0.33718758821487427 -2.57804274559021
  endloop
 endfacet
 facet normal 0.031357973070635287 0.092335613696518867 -0.99523404883885913
  outer loop
   vertex 12.22640323638916 -0.097314238548278809 -2.5981781482696533
   vertex 11.558097839355469 0.16992422938346863 -2.5944414138793945
   vertex 11.980110168457031 0.50903785228729248 -2.5496823787689209
  endloop
 endfacet
 facet normal 0.019480726224756374 0.23940118149681813 -0.97072528328239382
  outer loop
   vertex 9.798614501953125 0.95679998397827148 -2.4175469875335693
   vertex 10.427229881286621 0.19576217234134674 -2.5926196575164795
   vertex 9.5263729095458984 0.31858479976654053 -2.5804076194763184
  endloop
 endfacet
 facet normal -0.0046054830556876486 -0.047957496046384385 -0.99883875981000303
  outer loop
   vertex 2.8776495456695557 -0.36884006857872009 -2.5737049579620361
   vertex 2.4563741683959961 0.14033684134483337 -2.5962097644805908
   vertex 3.0329818725585938 0.11286091059446335 -2.5975492000579834
  endloop
 endfacet
 facet normal -0.0021266577034517935 0.0097990148207332973 0.99994972705409324
  outer loop
   vertex 1.402405858039856 -0.30400276184082031 2.5821661949157715
   vertex 1.7852857112884521 0.34811460971832275 2.5765900611877441
   vertex 1.0422004461288452 0.36048522591590881 2.5748884677886963
  endloop
 endfacet
 facet normal -0.006268993032980846 0.1168844219178887 -0.99312573808117233
  outer loop
   vertex 3.3707351684570312 0.46254003047943115 -2.5585262775421143
   vertex 3.0329818725585938 0.11286091059446335 -2.5975492000579834
   vertex 2.6955358982086182 0.51962870359420776 -2.5475451946258545
  endloop
 endfacet
 facet normal 9.22857091942745e-07 -0.23039787012466972 -0.973096511884183
  outer loop
   vertex 1.9498088359832764 -0.85460489988327026 -2.4555346965789795
   vertex 1.6154162883758545 -0.33718758821487427 -2.57804274559021
   vertex 2.2169432640075684 -0.33718115091323853 -2.5780436992645264
  endloop
 endfacet
 facet normal 0.0081819898199633773 -0.41276491700380158 -0.91080084449534349
  outer loop
   vertex 1.6705236434936523 -1.3340117931365967 -2.2316837310791016
   vertex 1.0705742835998535 -1.2932798862457275 -2.2555325031280518
   vertex 1.3222355842590332 -0.8237573504447937 -2.4660542011260986
  endloop
 endfacet
 facet normal 0.019792826095738812 0.23410215425371914 0.97201050684080148
  outer loop
   vertex 6.4160208702087402 0.95679998397827148 2.4175469875335693
   vertex 5.964442253112793 0.31896486878395081 2.5803606510162354
   vertex 6.8676533699035645 0.18988543748855591 2.5930566787719727
  endloop
 endfacet
 facet normal 0.0047539364978607382 -0.99922417755859683 0.039095307520468636
  outer loop
   vertex 9.0602970123291016 -2.5953774452209473 -0.15497171878814697
   vertex 9.6026172637939453 -2.59377121925354 -0.17986412346363068
   vertex 9.3607950210571289 -2.5733592510223389 0.37124395370483398
  endloop
 endfacet
 facet normal -0.044493951778138766 -0.078143785581263031 -0.99594871204806235
  outer loop
   vertex 10.427229881286621 0.19576217234134674 -2.5926196575164795
   vertex 11.11163330078125 -0.1750815361738205 -2.5940983295440674
   vertex 10.620384216308594 -0.53839206695556641 -2.5436458587646484
  endloop
 endfacet
 facet normal -0.0025558065273846684 0.24575992831190929 0.96932735723754315
  outer loop
   vertex 5.0632724761962891 0.30115604400634766 2.5824997425079346
   vertex 5.964442253112793 0.31896486878395081 2.5803606510162354
   vertex 5.5475773811340332 0.95679998397827148 2.4175469875335693
  endloop
 endfacet
 facet normal -0.018851573233860865 -0.36452746953894677 0.93100179491671253
  outer loop
   vertex 8.9908456802368164 -0.63844102621078491 2.5203955173492432
   vertex 9.1554689407348633 -1.2198077440261841 2.2960987091064453
   vertex 9.6456232070922852 -0.7555696964263916 2.48779296875
  endloop
 endfacet
 facet normal -0.0054591801041924785 -0.42046461868820839 -0.90729251169838798
  outer loop
   vertex 1.6705236434936523 -1.3340117931365967 -2.2316837310791016
   vertex 1.3222355842590332 -0.8237573504447937 -2.4660542011260986
   vertex 1.9498088359832764 -0.85460489988327026 -2.4555346965789795
  endloop
 endfacet
 facet normal 0.0056932065249975803 -0.24250764863783386 0.97013278872101461
  outer loop
   vertex 1.7869312763214111 -0.96237081289291382 2.415334939956665
   vertex 1.402405858039856 -0.30400276184082031 2.5821661949157715
   vertex 0.8847966194152832 -0.9243965744972229 2.4301216602325439
  endloop
 endfacet
 facet normal -0.0048748587716085394 -0.23494458753650163 -0.97199654142350733
  outer loop
   vertex 2.6229033470153809 -0.85947597026824951 -2.453834056854248
   vertex 2.2169432640075684 -0.33718115091323853 -2.5780436992645264
   vertex 2.8776495456695557 -0.36884006857872009 -2.5737049579620361
  endloop
 endfacet
 facet normal 0.019694704266354328 -0.16440763997723257 0.98619584593577425
  outer loop
   vertex 9.5774154663085938 -0.10288433730602264 2.5979635715484619
   vertex 8.9908456802368164 -0.63844102621078491 2.5203955173492432
   vertex 9.6456232070922852 -0.7555696964263916 2.48779296875
  endloop
 endfacet
 facet normal 0.040518635740143943 -0.76854976279089615 0.63850567912260159
  outer loop
   vertex 9.3885841369628906 -1.7262008190155029 1.9442815780639648
   vertex 8.7926769256591797 -2.1047143936157227 1.5264917612075806
   vertex 9.4407711029052734 -2.2348001003265381 1.3287844657897949
  endloop
 endfacet
 facet normal -0.020909779143202079 -0.90328373709477938 -0.42853386264829979
  outer loop
   vertex 1.1987349987030029 -2.4778130054473877 -0.7876819372177124
   vertex 0.79368501901626587 -2.1451416015625 -1.4691383838653564
   vertex 1.6706488132476807 -2.2216606140136719 -1.3506383895874023
  endloop
 endfacet
 facet normal 0.00078825816459174021 -0.23078268690372866 -0.9730050000254683
  outer loop
   vertex 2.6229033470153809 -0.85947597026824951 -2.453834056854248
   vertex 1.9498088359832764 -0.85460489988327026 -2.4555346965789795
   vertex 2.2169432640075684 -0.33718115091323853 -2.5780436992645264
  endloop
 endfacet
 facet normal 0.013192437847034564 -0.56641292809639432 0.82401599163421635
  outer loop
   vertex 8.6000909805297852 -1.6505126953125 2.0089318752288818
   vertex 9.3885841369628906 -1.7262008190155029 1.9442815780639648
   vertex 9.1554689407348633 -1.2198077440261841 2.2960987091064453
  endloop
 endfacet
 facet normal -0.035000445430723288 -0.94004990494654772 -0.33923611987764157
  outer loop
   vertex 8.6046171188354492 -2.5475962162017822 -0.51937848329544067
   vertex 8.7002906799316406 -2.3033683300018311 -1.206024169921875
   vertex 9.2865438461303711 -2.4880118370056152 -0.75484877824783325
  endloop
 endfacet
 facet normal -0.019058352190234627 -0.25324167291360228 -0.96721529884080759
  outer loop
   vertex 9.9502420425415039 -0.37852460145950317 -2.572298526763916
   vertex 10.620384216308594 -0.53839206695556641 -2.5436458587646484
   vertex 10.224942207336426 -0.88138836622238159 -2.4460487365722656
  endloop
 endfacet
 facet normal 0.028578334584015017 -0.059045204793087454 -0.99784615176055391
  outer loop
   vertex 10.427229881286621 0.19576217234134674 -2.5926196575164795
   vertex 10.620384216308594 -0.53839206695556641 -2.5436458587646484
   vertex 9.9502420425415039 -0.37852460145950317 -2.572298526763916
  endloop
 endfacet
 facet normal -0.029390825252734988 -0.25847324147726963 -0.96557121064745721
  outer loop
   vertex 9.5744295120239258 -1.0349248647689819 -2.3851478099822998
   vertex 9.9502420425415039 -0.37852460145950317 -2.572298526763916
   vertex 10.224942207336426 -0.88138836622238159 -2.4460487365722656
  endloop
 endfacet
 facet normal 0.0023491983638718127 0.25155357551361313 0.96784052400866338
  outer loop
   vertex 2.5581746101379395 0.33342534303665161 2.5785319805145264
   vertex 2.1306586265563965 0.95679998397827148 2.4175469875335693
   vertex 1.7852857112884521 0.34811460971832275 2.5765900611877441
  endloop
 endfacet
 facet normal 0.032859950450493086 0.19820253216059824 -0.97961011627152883
  outer loop
   vertex 7.199486255645752 0.95679998397827148 -2.4175469875335693
   vertex 7.4340949058532715 0.016390688717365265 -2.5999484062194824
   vertex 6.587425708770752 0.19135573506355286 -2.5929486751556396
  endloop
 endfacet
 facet normal -0.069339353218995356 0.17325393402968584 -0.98243326920377061
  outer loop
   vertex 7.9622745513916016 0.44772076606750488 -2.5611610412597656
   vertex 7.4340949058532715 0.016390688717365265 -2.5999484062194824
   vertex 7.199486255645752 0.95679998397827148 -2.4175469875335693
  endloop
 endfacet
 facet normal -0.0090031461186838024 -0.60068383470709608 -0.79943597247155684
  outer loop
   vertex 1.3401521444320679 -1.7918552160263062 -1.8839466571807861
   vertex 1.0705742835998535 -1.2932798862457275 -2.2555325031280518
   vertex 1.6705236434936523 -1.3340117931365967 -2.2316837310791016
  endloop
 endfacet
 facet normal -0.037892747918985926 0.048043622452526316 -0.99812621947165936
  outer loop
   vertex 11.015109062194824 0.45323881506919861 -2.5601904392242432
   vertex 11.558097839355469 0.16992422938346863 -2.5944414138793945
   vertex 11.11163330078125 -0.1750815361738205 -2.5940983295440674
  endloop
 endfacet
 facet normal -0.013551381763635585 -0.045075364431272275 -0.99889167159091097
  outer loop
   vertex 3.6028265953063965 -0.22996824979782104 -2.5898096561431885
   vertex 2.8776495456695557 -0.36884006857872009 -2.5737049579620361
   vertex 3.0329818725585938 0.11286091059446335 -2.5975492000579834
  endloop
 endfacet
 facet normal -0.036654875888111747 -0.8857778044281297 0.46265981158526098
  outer loop
   vertex 8.7926769256591797 -2.1047143936157227 1.5264917612075806
   vertex 9.0268173217773438 -2.433358907699585 0.91584086418151855
   vertex 9.4407711029052734 -2.2348001003265381 1.3287844657897949
  endloop
 endfacet
 facet normal 0.028986006423281033 -0.98578328824472194 -0.16550262852611383
  outer loop
   vertex 8.6046171188354492 -2.5475962162017822 -0.51937848329544067
   vertex 9.2865438461303711 -2.4880118370056152 -0.75484877824783325
   vertex 9.0602970123291016 -2.5953774452209473 -0.15497171878814697
  endloop
 endfacet
 facet normal -0.012785144305386287 -0.48347538440317656 -0.875264584432211
  outer loop
   vertex 8.7331762313842773 -0.94715076684951782 -2.4213438034057617
   vertex 9.5744295120239258 -1.0349248647689819 -2.3851478099822998
   vertex 9.1323165893554688 -1.5119034051895142 -2.1152181625366211
  endloop
 endfacet
 facet normal 0.050888483436636801 0.062083303561009412 -0.9967728054438838
  outer loop
   vertex 3.6028265953063965 -0.22996824979782104 -2.5898096561431885
   vertex 3.0329818725585938 0.11286091059446335 -2.5975492000579834
   vertex 3.3707351684570312 0.46254003047943115 -2.5585262775421143
  endloop
 endfacet
 facet normal 0.029476553867167167 0.058378665489394986 -0.99785924066863929
  outer loop
   vertex 10.427229881286621 0.19576217234134674 -2.5926196575164795
   vertex 11.015109062194824 0.45323881506919861 -2.5601904392242432
   vertex 11.11163330078125 -0.1750815361738205 -2.5940983295440674
  endloop
 endfacet
 facet normal -0.00081307660047566163 -0.42790498566991048 -0.90382335782235435
  outer loop
   vertex 2.358206033706665 -1.3550550937652588 -2.2189695835113525
   vertex 1.9498088359832764 -0.85460489988327026 -2.4555346965789795
   vertex 2.6229033470153809 -0.85947597026824951 -2.453834056854248
  endloop
 endfacet
 facet normal 0.0037355389222393487 -0.4248666028730404 -0.90524826181113571
  outer loop
   vertex 2.358206033706665 -1.3550550937652588 -2.2189695835113525
   vertex 1.6705236434936523 -1.3340117931365967 -2.2316837310791016
   vertex 1.9498088359832764 -0.85460489988327026 -2.4555346965789795
  endloop
 endfacet
 facet normal -0.014203173185643788 -0.73084431824772134 0.68239640412042191
  outer loop
   vertex 8.7926769256591797 -2.1047143936157227 1.5264917612075806
   vertex 9.3885841369628906 -1.7262008190155029 1.9442815780639648
   vertex 8.6000909805297852 -1.6505126953125 2.0089318752288818
  endloop
 endfacet
 facet normal 0.0069038186055270859 -0.24071222389815236 -0.97057197700874709
  outer loop
   vertex 3.3479928970336914 -0.90520727634429932 -2.4373345375061035
   vertex 2.6229033470153809 -0.85947597026824951 -2.453834056854248
   vertex 2.8776495456695557 -0.36884006857872009 -2.5737049579620361
  endloop
 endfacet
 facet normal 0.017116963532838644 -0.82831610842503267 -0.55999949471675869
  outer loop
   vertex 8.1210870742797852 -2.0463848114013672 -1.60384202003479
   vertex 8.8568973541259766 -1.9624037742614746 -1.7055706977844238
   vertex 8.7002906799316406 -2.3033683300018311 -1.206024169921875
  endloop
 endfacet
 facet normal -0.0058720441877878294 -0.48089795786755557 0.87675690656867444
  outer loop
   vertex 1.3742386102676392 -1.5351721048355103 2.0983915328979492
   vertex 1.7869312763214111 -0.96237081289291382 2.415334939956665
   vertex 0.8847966194152832 -0.9243965744972229 2.4301216602325439
  endloop
 endfacet
 facet normal 0.022069721137381423 -0.22812738290249926 -0.97338113017408279
  outer loop
   vertex 3.6028265953063965 -0.22996824979782104 -2.5898096561431885
   vertex 3.3479928970336914 -0.90520727634429932 -2.4373345375061035
   vertex 2.8776495456695557 -0.36884006857872009 -2.5737049579620361
  endloop
 endfacet
 facet normal 0.0026585898893745617 -0.67365105339241049 -0.73904478224468639
  outer loop
   vertex 8.3612127304077148 -1.5263844728469849 -2.1047923564910889
   vertex 9.1323165893554688 -1.5119034051895142 -2.1152181625366211
   vertex 8.8568973541259766 -1.9624037742614746 -1.7055706977844238
  endloop
 endfacet
 facet normal -0.0053024229473804738 -0.96927529424423886 0.24592130505230997
  outer loop
   vertex 8.5813589096069336 -2.578366756439209 0.33470156788825989
   vertex 9.3607950210571289 -2.5733592510223389 0.37124395370483398
   vertex 9.0268173217773438 -2.433358907699585 0.91584086418151855
  endloop
 endfacet
 facet normal -0.0041277321367890613 -0.61248607349891759 -0.79047060134914904
  outer loop
   vertex 2.069025993347168 -1.8178877830505371 -1.8588395118713379
   vertex 1.6705236434936523 -1.3340117931365967 -2.2316837310791016
   vertex 2.358206033706665 -1.3550550937652588 -2.2189695835113525
  endloop
 endfacet
 facet normal 0.0056683975849762883 -0.60741732874380705 -0.79436267410456574
  outer loop
   vertex 2.069025993347168 -1.8178877830505371 -1.8588395118713379
   vertex 1.3401521444320679 -1.7918552160263062 -1.8839466571807861
   vertex 1.6705236434936523 -1.3340117931365967 -2.2316837310791016
  endloop
 endfacet
 facet normal 0.0036523517103985892 0.24804234802076885 0.96874230521606064
  outer loop
   vertex 3.3504281044006348 0.31066212058067322 2.5813734531402588
   vertex 2.9222314357757568 0.95679998397827148 2.4175469875335693
   vertex 2.5581746101379395 0.33342534303665161 2.5785319805145264
  endloop
 endfacet
 facet normal 0.0020112929167616519 -0.42913595967909879 -0.90323766684693896
  outer loop
   vertex 3.0872106552124023 -1.3667185306549072 -2.2118048667907715
   vertex 2.358206033706665 -1.3550550937652588 -2.2189695835113525
   vertex 2.6229033470153809 -0.85947597026824951 -2.453834056854248
  endloop
 endfacet
 facet normal 0.0045820130776348189 -0.99922113960647896 0.039193358106775704
  outer loop
   vertex 8.5813589096069336 -2.578366756439209 0.33470156788825989
   vertex 9.0602970123291016 -2.5953774452209473 -0.15497171878814697
   vertex 9.3607950210571289 -2.5733592510223389 0.37124395370483398
  endloop
 endfacet
 facet normal -0.012055127280420319 0.041092343811500891 -0.9990826258054587
  outer loop
   vertex 4.1153950691223145 0.39079844951629639 -2.5704622268676758
   vertex 3.6028265953063965 -0.22996824979782104 -2.5898096561431885
   vertex 3.3707351684570312 0.46254003047943115 -2.5585262775421143
  endloop
 endfacet
 facet normal -0.016504600460845058 -0.021663566020447 -0.99962907524286504
  outer loop
   vertex 9.5263729095458984 0.31858479976654053 -2.5804076194763184
   vertex 10.427229881286621 0.19576217234134674 -2.5926196575164795
   vertex 9.9502420425415039 -0.37852460145950317 -2.572298526763916
  endloop
 endfacet
 facet normal -0.0070092090927032225 -0.43584535336188612 -0.89999427717110914
  outer loop
   vertex 3.0872106552124023 -1.3667185306549072 -2.2118048667907715
   vertex 2.6229033470153809 -0.85947597026824951 -2.453834056854248
   vertex 3.3479928970336914 -0.90520727634429932 -2.4373345375061035
  endloop
 endfacet
 facet normal -0.021659447859235095 -0.68842378148243588 -0.72498521737195187
  outer loop
   vertex 8.3612127304077148 -1.5263844728469849 -2.1047923564910889
   vertex 8.8568973541259766 -1.9624037742614746 -1.7055706977844238
   vertex 8.1210870742797852 -2.0463848114013672 -1.60384202003479
  endloop
 endfacet
 facet normal -0.0028959747667339102 -0.47812462194974564 -0.87828723047506685
  outer loop
   vertex 8.3612127304077148 -1.5263844728469849 -2.1047923564910889
   vertex 8.7331762313842773 -0.94715076684951782 -2.4213438034057617
   vertex 9.1323165893554688 -1.5119034051895142 -2.1152181625366211
  endloop
 endfacet
 facet normal -0.013154954612031899 -0.54289459255707084 0.83969780786985948
  outer loop
   vertex 8.4069242477416992 -1.135127067565918 2.3391208648681641
   vertex 8.6000909805297852 -1.6505126953125 2.0089318752288818
   vertex 9.1554689407348633 -1.2198077440261841 2.2960987091064453
  endloop
 endfacet
 facet normal 0.021340214736287666 -0.87693387406931844 0.48013703850545197
  outer loop
   vertex 8.2714262008666992 -2.3796367645263672 1.0475344657897949
   vertex 9.0268173217773438 -2.433358907699585 0.91584086418151855
   vertex 8.7926769256591797 -2.1047143936157227 1.5264917612075806
  endloop
 endfacet
 facet normal 0.00069616200773023763 -0.6143697546534983 -0.78901794651671853
  outer loop
   vertex 2.8176298141479492 -1.821172833442688 -1.8556210994720459
   vertex 2.069025993347168 -1.8178877830505371 -1.8588395118713379
   vertex 2.358206033706665 -1.3550550937652588 -2.2189695835113525
  endloop
 endfacet
 facet normal 0.0076969932221490449 0.25416953098711775 -0.96712905333938071
  outer loop
   vertex 8.9147567749023438 0.95679998397827148 -2.4175469875335693
   vertex 9.5263729095458984 0.31858479976654053 -2.5804076194763184
   vertex 8.659454345703125 0.37216144800186157 -2.5732266902923584
  endloop
 endfacet
 facet normal 0.013345805912045729 -0.35662566115440092 0.93415203648589473
  outer loop
   vertex 8.4069242477416992 -1.135127067565918 2.3391208648681641
   vertex 9.1554689407348633 -1.2198077440261841 2.2960987091064453
   vertex 8.9908456802368164 -0.63844102621078491 2.5203955173492432
  endloop
 endfacet
 facet normal -0.0021156276443818831 -0.61609167190080194 -0.78767161681385023
  outer loop
   vertex 2.8176298141479492 -1.821172833442688 -1.8556210994720459
   vertex 2.358206033706665 -1.3550550937652588 -2.2189695835113525
   vertex 3.0872106552124023 -1.3667185306549072 -2.2118048667907715
  endloop
 endfacet
 facet normal 0.0073128617658823414 -0.69043733501429871 0.72335524361902992
  outer loop
   vertex 1.715888500213623 -2.0363395214080811 1.6165769100189209
   vertex 1.3742386102676392 -1.5351721048355103 2.0983915328979492
   vertex 0.82711261510848999 -2.0042645931243896 1.6561774015426636
  endloop
 endfacet
 facet normal -0.015025030114407459 0.26069159579981899 0.96530520580249912
  outer loop
   vertex 8.5549507141113281 0.34189727902412415 2.5774223804473877
   vertex 9.2652826309204102 0.43483179807662964 2.5633807182312012
   vertex 8.9523820877075195 0.95679998397827148 2.4175469875335693
  endloop
 endfacet
 facet normal -0.012635127640986749 -0.26747110194775364 -0.96348303730390106
  outer loop
   vertex 9.5744295120239258 -1.0349248647689819 -2.3851478099822998
   vertex 9.1598920822143555 -0.30686163902282715 -2.5818281173706055
   vertex 9.9502420425415039 -0.37852460145950317 -2.572298526763916
  endloop
 endfacet
 facet normal -0.0065989221364315485 0.24706113805862995 0.96897742403412679
  outer loop
   vertex 7.754364013671875 0.30013284087181091 2.5826189517974854
   vertex 8.5549507141113281 0.34189727902412415 2.5774223804473877
   vertex 8.1007728576660156 0.95679998397827148 2.4175469875335693
  endloop
 endfacet
 facet normal -0.023523250302907674 -0.96559870528343639 0.25897064901285272
  outer loop
   vertex 8.2714262008666992 -2.3796367645263672 1.0475344657897949
   vertex 8.5813589096069336 -2.578366756439209 0.33470156788825989
   vertex 9.0268173217773438 -2.433358907699585 0.91584086418151855
  endloop
 endfacet
 facet normal -0.074166257567191973 -0.99652459816902483 -0.03792217665879298
  outer loop
   vertex 8.5813589096069336 -2.578366756439209 0.33470156788825989
   vertex 8.6046171188354492 -2.5475962162017822 -0.51937848329544067
   vertex 9.0602970123291016 -2.5953774452209473 -0.15497171878814697
  endloop
 endfacet
 facet normal -0.037281014584129878 -0.86326383354575198 -0.50337429378492327
  outer loop
   vertex 7.9735913276672363 -2.4180488586425781 -0.95553135871887207
   vertex 8.1210870742797852 -2.0463848114013672 -1.60384202003479
   vertex 8.7002906799316406 -2.3033683300018311 -1.206024169921875
  endloop
 endfacet
 facet normal 0.034879545204354087 -0.94312820869575231 -0.33059431224490099
  outer loop
   vertex 7.9735913276672363 -2.4180488586425781 -0.95553135871887207
   vertex 8.7002906799316406 -2.3033683300018311 -1.206024169921875
   vertex 8.6046171188354492 -2.5475962162017822 -0.51937848329544067
  endloop
 endfacet
 facet normal 0.015263924507997378 -0.25265414367168165 -0.96743624921446025
  outer loop
   vertex 9.1598920822143555 -0.30686163902282715 -2.5818281173706055
   vertex 9.5744295120239258 -1.0349248647689819 -2.3851478099822998
   vertex 8.7331762313842773 -0.94715076684951782 -2.4213438034057617
  endloop
 endfacet
 facet normal 0.019011416113168009 0.015459861771328701 -0.99969973428594217
  outer loop
   vertex 4.4182171821594238 -0.35115468502044678 -2.5761773586273193
   vertex 3.6028265953063965 -0.22996824979782104 -2.5898096561431885
   vertex 4.1153950691223145 0.39079844951629639 -2.5704622268676758
  endloop
 endfacet
 facet normal -0.0063443815318612274 -0.78051575356200509 -0.62510391717258773
  outer loop
   vertex 1.6706488132476807 -2.2216606140136719 -1.3506383895874023
   vertex 1.3401521444320679 -1.7918552160263062 -1.8839466571807861
   vertex 2.069025993347168 -1.8178877830505371 -1.8588395118713379
  endloop
 endfacet
 facet normal 0.0083500015398436794 -0.44284553244810937 -0.8965590398100034
  outer loop
   vertex 3.8414633274078369 -1.4169323444366455 -2.1799776554107666
   vertex 3.0872106552124023 -1.3667185306549072 -2.2118048667907715
   vertex 3.3479928970336914 -0.90520727634429932 -2.4373345375061035
  endloop
 endfacet
 facet normal 0.017957016109505321 -0.72438927232182004 0.68915725906175218
  outer loop
   vertex 8.0302286148071289 -2.0281641483306885 1.6268222332000732
   vertex 8.7926769256591797 -2.1047143936157227 1.5264917612075806
   vertex 8.6000909805297852 -1.6505126953125 2.0089318752288818
  endloop
 endfacet
 facet normal 0.010369564119391744 -0.62064086426146348 -0.78402639607908453
  outer loop
   vertex 3.535506010055542 -1.8655643463134766 -1.810985803604126
   vertex 2.8176298141479492 -1.821172833442688 -1.8556210994720459
   vertex 3.0872106552124023 -1.3667185306549072 -2.2118048667907715
  endloop
 endfacet
 facet normal 0.016180845346324052 -0.99581727165457101 0.089922976587324552
  outer loop
   vertex 1.7895944118499756 -2.5370244979858398 0.56877660751342773
   vertex 0.93766230344772339 -2.562492847442627 0.44003486633300781
   vertex 1.5147527456283569 -2.5990836620330811 -0.069018304347991943
  endloop
 endfacet
 facet normal -0.018668540751562043 -0.85822245511412021 0.51293830342849156
  outer loop
   vertex 8.0302286148071289 -2.0281641483306885 1.6268222332000732
   vertex 8.2714262008666992 -2.3796367645263672 1.0475344657897949
   vertex 8.7926769256591797 -2.1047143936157227 1.5264917612075806
  endloop
 endfacet
 facet normal -0.0093154212018583503 -0.63140055398325301 -0.77540090492433211
  outer loop
   vertex 3.535506010055542 -1.8655643463134766 -1.810985803604126
   vertex 3.0872106552124023 -1.3667185306549072 -2.2118048667907715
   vertex 3.8414633274078369 -1.4169323444366455 -2.1799776554107666
  endloop
 endfacet
 facet normal 0.011643777070439352 -0.0045516833994916541 -0.99992184926311356
  outer loop
   vertex 9.1598920822143555 -0.30686163902282715 -2.5818281173706055
   vertex 9.5263729095458984 0.31858479976654053 -2.5804076194763184
   vertex 9.9502420425415039 -0.37852460145950317 -2.572298526763916
  endloop
 endfacet
 facet normal 0.0012841794642719105 -0.85256171138615777 0.52262498903268073
  outer loop
   vertex 2.1354916095733643 -2.3663768768310547 1.0771536827087402
   vertex 1.715888500213623 -2.0363395214080811 1.6165769100189209
   vertex 1.2244417667388916 -2.3623421192169189 1.0859742164611816
  endloop
 endfacet
 facet normal -0.0088725550977504248 -0.21706745923215917 -0.97611628196057276
  outer loop
   vertex 3.6028265953063965 -0.22996824979782104 -2.5898096561431885
   vertex 3.9726431369781494 -0.86452817916870117 -2.4520585536956787
   vertex 3.3479928970336914 -0.90520727634429932 -2.4373345375061035
  endloop
 endfacet
 facet normal 0.0072932018500250261 0.24135179738968809 0.97041028390240258
  outer loop
   vertex 4.1654934883117676 0.26598864793777466 2.5863585472106934
   vertex 3.7662060260772705 0.95679998397827148 2.4175469875335693
   vertex 3.3504281044006348 0.31066212058067322 2.5813734531402588
  endloop
 endfacet
 facet normal 0.016565934228253833 -0.534966759531594 0.84471068184284903
  outer loop
   vertex 7.8428244590759277 -1.5502163171768188 2.0873019695281982
   vertex 8.6000909805297852 -1.6505126953125 2.0089318752288818
   vertex 8.4069242477416992 -1.135127067565918 2.3391208648681641
  endloop
 endfacet
 facet normal -0.00081024473373096141 -0.78792270161745204 -0.61577362705731986
  outer loop
   vertex 2.4390006065368652 -2.2418897151947021 -1.3167880773544312
   vertex 2.069025993347168 -1.8178877830505371 -1.8588395118713379
   vertex 2.8176298141479492 -1.821172833442688 -1.8556210994720459
  endloop
 endfacet
 facet normal -0.017338007112261682 0.23153631558979099 0.97267174733950201
  outer loop
   vertex 6.8676533699035645 0.18988543748855591 2.5930566787719727
   vertex 7.754364013671875 0.30013284087181091 2.5826189517974854
   vertex 7.2630419731140137 0.95679998397827148 2.4175469875335693
  endloop
 endfacet
 facet normal -0.01822261306949018 -0.69740547134096398 0.71644507459860995
  outer loop
   vertex 7.8428244590759277 -1.5502163171768188 2.0873019695281982
   vertex 8.0302286148071289 -2.0281641483306885 1.6268222332000732
   vertex 8.6000909805297852 -1.6505126953125 2.0089318752288818
  endloop
 endfacet
 facet normal -0.016594312994633691 -0.22133748750817725 -0.9750560729516039
  outer loop
   vertex 3.9726431369781494 -0.86452817916870117 -2.4520585536956787
   vertex 3.6028265953063965 -0.22996824979782104 -2.5898096561431885
   vertex 4.4182171821594238 -0.35115468502044678 -2.5761773586273193
  endloop
 endfacet
 facet normal 0.0065863170507140974 -0.78545104519423725 -0.61888874285366324
  outer loop
   vertex 2.4390006065368652 -2.2418897151947021 -1.3167880773544312
   vertex 1.6706488132476807 -2.2216606140136719 -1.3506383895874023
   vertex 2.069025993347168 -1.8178877830505371 -1.8588395118713379
  endloop
 endfacet
 facet normal -0.012813468977663903 0.0024724517824815462 -0.99991484737198588
  outer loop
   vertex 4.9366416931152344 0.31226247549057007 -2.5811803340911865
   vertex 4.4182171821594238 -0.35115468502044678 -2.5761773586273193
   vertex 4.1153950691223145 0.39079844951629639 -2.5704622268676758
  endloop
 endfacet
 facet normal 0.0077421651199752143 -0.44331718742899667 -0.89633137299176291
  outer loop
   vertex 3.9726431369781494 -0.86452817916870117 -2.4520585536956787
   vertex 3.8414633274078369 -1.4169323444366455 -2.1799776554107666
   vertex 3.3479928970336914 -0.90520727634429932 -2.4373345375061035
  endloop
 endfacet
 facet normal -0.0063491219243900021 -0.47640701842325206 -0.87920193439724437
  outer loop
   vertex 7.8075380325317383 -0.90551435947418213 -2.437220573425293
   vertex 8.7331762313842773 -0.94715076684951782 -2.4213438034057617
   vertex 8.3612127304077148 -1.5263844728469849 -2.1047923564910889
  endloop
 endfacet
 facet normal -0.0011099523434009609 -0.94778759914123012 0.31890035264937883
  outer loop
   vertex 1.2244417667388916 -2.3623421192169189 1.0859742164611816
   vertex 1.7895944118499756 -2.5370244979858398 0.56877660751342773
   vertex 2.1354916095733643 -2.3663768768310547 1.0771536827087402
  endloop
 endfacet
 facet normal -0.0066993103497143287 -0.13614697076219942 0.99066599900931041
  outer loop
   vertex 8.9908456802368164 -0.63844102621078491 2.5203955173492432
   vertex 9.5774154663085938 -0.10288433730602264 2.5979635715484619
   vertex 8.9160528182983398 -0.060674495995044708 2.5992920398712158
  endloop
 endfacet
 facet normal 0.019506747852668406 -0.85115795803174965 0.52454705915430944
  outer loop
   vertex 7.4686946868896484 -2.3187363147735596 1.1762065887451172
   vertex 8.2714262008666992 -2.3796367645263672 1.0475344657897949
   vertex 8.0302286148071289 -2.0281641483306885 1.6268222332000732
  endloop
 endfacet
 facet normal 0.029278330324332684 -0.70047397604377648 -0.71307712644484822
  outer loop
   vertex 7.5915317535400391 -1.6887619495391846 -1.9768872261047363
   vertex 8.3612127304077148 -1.5263844728469849 -2.1047923564910889
   vertex 8.1210870742797852 -2.0463848114013672 -1.60384202003479
  endloop
 endfacet
 facet normal -0.0010742297460264011 -0.6347877497342036 -0.77268580860388458
  outer loop
   vertex 4.3495683670043945 -1.8600564002990723 -1.8166425228118896
   vertex 3.535506010055542 -1.8655643463134766 -1.810985803604126
   vertex 3.8414633274078369 -1.4169323444366455 -2.1799776554107666
  endloop
 endfacet
 facet normal -0.0024546962793252705 0.0030428327604483099 0.99999235778828244
  outer loop
   vertex 2.1854045391082764 -0.32489916682243347 2.5796201229095459
   vertex 2.5581746101379395 0.33342534303665161 2.5785319805145264
   vertex 1.7852857112884521 0.34811460971832275 2.5765900611877441
  endloop
 endfacet
 facet normal 0.0034261157080950843 0.0065389932732280278 0.99997275127781726
  outer loop
   vertex 2.1854045391082764 -0.32489916682243347 2.5796201229095459
   vertex 1.7852857112884521 0.34811460971832275 2.5765900611877441
   vertex 1.402405858039856 -0.30400276184082031 2.5821661949157715
  endloop
 endfacet
 facet normal 0.061156824323984123 -0.28439549766434574 -0.95675443231105772
  outer loop
   vertex 4.4182171821594238 -0.35115468502044678 -2.5761773586273193
   vertex 4.6163372993469238 -1.1784372329711914 -2.3176033496856689
   vertex 3.9726431369781494 -0.86452817916870117 -2.4520585536956787
  endloop
 endfacet
 facet normal 0.032621786729021086 -0.87027265650932395 -0.49148888325455603
  outer loop
   vertex 7.3585357666015625 -2.1842582225799561 -1.4103245735168457
   vertex 8.1210870742797852 -2.0463848114013672 -1.60384202003479
   vertex 7.9735913276672363 -2.4180488586425781 -0.95553135871887207
  endloop
 endfacet
 facet normal -0.025235138883827155 -0.43688168514175801 -0.89916493534457376
  outer loop
   vertex 4.6163372993469238 -1.1784372329711914 -2.3176033496856689
   vertex 3.8414633274078369 -1.4169323444366455 -2.1799776554107666
   vertex 3.9726431369781494 -0.86452817916870117 -2.4520585536956787
  endloop
 endfacet
 facet normal -0.011184776630932054 -0.79314651349245602 -0.60892816399512795
  outer loop
   vertex 3.1951959133148193 -2.247347354888916 -1.307451605796814
   vertex 2.8176298141479492 -1.821172833442688 -1.8556210994720459
   vertex 3.535506010055542 -1.8655643463134766 -1.810985803604126
  endloop
 endfacet
 facet normal 0.044021523577112233 -0.6027693742514274 -0.79670018634772033
  outer loop
   vertex 4.6163372993469238 -1.1784372329711914 -2.3176033496856689
   vertex 4.3495683670043945 -1.8600564002990723 -1.8166425228118896
   vertex 3.8414633274078369 -1.4169323444366455 -2.1799776554107666
  endloop
 endfacet
 facet normal 0.015671960850626821 -0.69054549992709091 0.72311914797876886
  outer loop
   vertex 7.2434144020080566 -1.9566562175750732 1.7121614217758179
   vertex 8.0302286148071289 -2.0281641483306885 1.6268222332000732
   vertex 7.8428244590759277 -1.5502163171768188 2.0873019695281982
  endloop
 endfacet
 facet normal -0.015340899831248226 -0.8315077529907472 0.55530128174590598
  outer loop
   vertex 7.4686946868896484 -2.3187363147735596 1.1762065887451172
   vertex 8.0302286148071289 -2.0281641483306885 1.6268222332000732
   vertex 7.2434144020080566 -1.9566562175750732 1.7121614217758179
  endloop
 endfacet
 facet normal 0.0018948731713114013 -0.78884323926090971 -0.61459153372627895
  outer loop
   vertex 3.1951959133148193 -2.247347354888916 -1.307451605796814
   vertex 2.4390006065368652 -2.2418897151947021 -1.3167880773544312
   vertex 2.8176298141479492 -1.821172833442688 -1.8556210994720459
  endloop
 endfacet
 facet normal -0.038797747223835929 -0.49833675793609417 -0.86611500997275059
  outer loop
   vertex 7.5915317535400391 -1.6887619495391846 -1.9768872261047363
   vertex 7.8075380325317383 -0.90551435947418213 -2.437220573425293
   vertex 8.3612127304077148 -1.5263844728469849 -2.1047923564910889
  endloop
 endfacet
 facet normal -0.033877614305721046 -0.30726474806820225 0.95102086299067945
  outer loop
   vertex 8.4069242477416992 -1.135127067565918 2.3391208648681641
   vertex 8.9908456802368164 -0.63844102621078491 2.5203955173492432
   vertex 8.2681350708007812 -0.41609349846839905 2.5664889812469482
  endloop
 endfacet
 facet normal -0.034232390881075422 -0.74527900953601511 -0.66587336736017722
  outer loop
   vertex 7.5915317535400391 -1.6887619495391846 -1.9768872261047363
   vertex 8.1210870742797852 -2.0463848114013672 -1.60384202003479
   vertex 7.3585357666015625 -2.1842582225799561 -1.4103245735168457
  endloop
 endfacet
 facet normal 0.0063338333387186977 0.067841520631449409 0.99767600484007324
  outer loop
   vertex 8.9160528182983398 -0.060674495995044708 2.5992920398712158
   vertex 9.5774154663085938 -0.10288433730602264 2.5979635715484619
   vertex 9.2652826309204102 0.43483179807662964 2.5633807182312012
  endloop
 endfacet
 facet normal 0.046849543398061785 -0.9982993942006777 -0.034690630175209979
  outer loop
   vertex 8.5813589096069336 -2.578366756439209 0.33470156788825989
   vertex 7.8818445205688477 -2.5928835868835449 -0.19223572313785553
   vertex 8.6046171188354492 -2.5475962162017822 -0.51937848329544067
  endloop
 endfacet
 facet normal -0.0068073925885926683 -0.91883530953864334 -0.3945824797823268
  outer loop
   vertex 2.0183265209197998 -2.5046491622924805 -0.6976618766784668
   vertex 1.6706488132476807 -2.2216606140136719 -1.3506383895874023
   vertex 2.4390006065368652 -2.2418897151947021 -1.3167880773544312
  endloop
 endfacet
 facet normal 0.012676281773384562 -0.82607966928602172 0.5634107665573127
  outer loop
   vertex 6.6840620040893555 -2.2771248817443848 1.2548713684082031
   vertex 7.4686946868896484 -2.3187363147735596 1.1762065887451172
   vertex 7.2434144020080566 -1.9566562175750732 1.7121614217758179
  endloop
 endfacet
 facet normal -0.037543966136583527 -0.64730762641910256 0.7613036761939368
  outer loop
   vertex 7.1259603500366211 -1.3505659103393555 2.2217047214508057
   vertex 7.2434144020080566 -1.9566562175750732 1.7121614217758179
   vertex 7.8428244590759277 -1.5502163171768188 2.0873019695281982
  endloop
 endfacet
 facet normal 0.0012410395448459322 -0.799842969114677 -0.60020803441695592
  outer loop
   vertex 3.9219677448272705 -2.2620968818664551 -1.2817636728286743
   vertex 3.535506010055542 -1.8655643463134766 -1.810985803604126
   vertex 4.3495683670043945 -1.8600564002990723 -1.8166425228118896
  endloop
 endfacet
 facet normal -0.0034555698402822833 -0.24753197904704349 0.96887356160963178
  outer loop
   vertex 2.1854045391082764 -0.32489916682243347 2.5796201229095459
   vertex 1.402405858039856 -0.30400276184082031 2.5821661949157715
   vertex 1.7869312763214111 -0.96237081289291382 2.415334939956665
  endloop
 endfacet
 facet normal -0.04219516463575914 -0.97277270840492502 -0.22788774838483059
  outer loop
   vertex 7.8818445205688477 -2.5928835868835449 -0.19223572313785553
   vertex 7.9735913276672363 -2.4180488586425781 -0.95553135871887207
   vertex 8.6046171188354492 -2.5475962162017822 -0.51937848329544067
  endloop
 endfacet
 facet normal 0.0050725328463269732 -0.79848734269273747 -0.60199022663994617
  outer loop
   vertex 3.9219677448272705 -2.2620968818664551 -1.2817636728286743
   vertex 3.1951959133148193 -2.247347354888916 -1.307451605796814
   vertex 3.535506010055542 -1.8655643463134766 -1.810985803604126
  endloop
 endfacet
 facet normal 0.0024708629943915594 0.00025378861321669126 0.9999969152089434
  outer loop
   vertex 2.9804177284240723 -0.34010371565818787 2.5776596069335938
   vertex 2.5581746101379395 0.33342534303665161 2.5785319805145264
   vertex 2.1854045391082764 -0.32489916682243347 2.5796201229095459
  endloop
 endfacet
 facet normal -0.035169506917789951 -0.48298664551335546 0.87492114275454314
  outer loop
   vertex 7.8428244590759277 -1.5502163171768188 2.0873019695281982
   vertex 8.4069242477416992 -1.135127067565918 2.3391208648681641
   vertex 7.6858043670654297 -0.90367650985717773 2.4379024505615234
  endloop
 endfacet
 facet normal -0.0078579198651145491 0.00687540478091914 -0.99994548946654682
  outer loop
   vertex 8.659454345703125 0.37216144800186157 -2.5732266902923584
   vertex 9.5263729095458984 0.31858479976654053 -2.5804076194763184
   vertex 9.1598920822143555 -0.30686163902282715 -2.5818281173706055
  endloop
 endfacet
 facet normal 0.025520851226086879 -0.96002708830073624 0.27874123462721873
  outer loop
   vertex 7.7212061882019043 -2.5475583076477051 0.51956397294998169
   vertex 8.5813589096069336 -2.578366756439209 0.33470156788825989
   vertex 8.2714262008666992 -2.3796367645263672 1.0475344657897949
  endloop
 endfacet
 facet normal 0.022464069443136721 -0.1324092121585109 0.99094054620830618
  outer loop
   vertex 8.2681350708007812 -0.41609349846839905 2.5664889812469482
   vertex 8.9908456802368164 -0.63844102621078491 2.5203955173492432
   vertex 8.9160528182983398 -0.060674495995044708 2.5992920398712158
  endloop
 endfacet
 facet normal -0.02332825578392329 -0.58610894502638422 -0.80989634956711509
  outer loop
   vertex 5.0789995193481445 -1.7779637575149536 -1.8970621824264526
   vertex 4.3495683670043945 -1.8600564002990723 -1.8166425228118896
   vertex 4.6163372993469238 -1.1784372329711914 -2.3176033496856689
  endloop
 endfacet
 facet normal -0.0036902066770804318 -0.0036086436122422234 0.99998667994426826
  outer loop
   vertex 2.9804177284240723 -0.34010371565818787 2.5776596069335938
   vertex 3.3504281044006348 0.31066212058067322 2.5813734531402588
   vertex 2.5581746101379395 0.33342534303665161 2.5785319805145264
  endloop
 endfacet
 facet normal 0.034493259492999584 -0.46992444980600556 0.88203244074357701
  outer loop
   vertex 7.1259603500366211 -1.3505659103393555 2.2217047214508057
   vertex 7.8428244590759277 -1.5502163171768188 2.0873019695281982
   vertex 7.6858043670654297 -0.90367650985717773 2.4379024505615234
  endloop
 endfacet
 facet normal -0.020182456459383161 -0.94650117338449169 0.32206862193179503
  outer loop
   vertex 7.7212061882019043 -2.5475583076477051 0.51956397294998169
   vertex 8.2714262008666992 -2.3796367645263672 1.0475344657897949
   vertex 7.4686946868896484 -2.3187363147735596 1.1762065887451172
  endloop
 endfacet
 facet normal 0.014432841292275242 -0.9146169781265816 -0.40406370341176689
  outer loop
   vertex 2.0183265209197998 -2.5046491622924805 -0.6976618766784668
   vertex 1.1987349987030029 -2.4778130054473877 -0.7876819372177124
   vertex 1.6706488132476807 -2.2216606140136719 -1.3506383895874023
  endloop
 endfacet
 facet normal 0.036126614630036989 -0.29495614430226058 0.95482759734609501
  outer loop
   vertex 7.6858043670654297 -0.90367650985717773 2.4379024505615234
   vertex 8.4069242477416992 -1.135127067565918 2.3391208648681641
   vertex 8.2681350708007812 -0.41609349846839905 2.5664889812469482
  endloop
 endfacet
 facet normal 0.0097658185375302155 0.22636375904872197 -0.97399387953807204
  outer loop
   vertex 6.3387351036071777 0.95679998397827148 -2.4175469875335693
   vertex 6.587425708770752 0.19135573506355286 -2.5929486751556396
   vertex 5.7593011856079102 0.24757544696331024 -2.5881860256195068
  endloop
 endfacet
 facet normal 0.0048562653077896135 -0.25240200700199489 0.96761027461919047
  outer loop
   vertex 2.5795762538909912 -0.98995035886764526 2.4041626453399658
   vertex 2.1854045391082764 -0.32489916682243347 2.5796201229095459
   vertex 1.7869312763214111 -0.96237081289291382 2.415334939956665
  endloop
 endfacet
 facet normal -0.038814387065754234 -0.90907284885242923 -0.41482526301569222
  outer loop
   vertex 7.2695860862731934 -2.503046989440918 -0.70338898897171021
   vertex 7.3585357666015625 -2.1842582225799561 -1.4103245735168457
   vertex 7.9735913276672363 -2.4180488586425781 -0.95553135871887207
  endloop
 endfacet
 facet normal -0.0019179041264956519 -0.9231987075200746 -0.38431818598268958
  outer loop
   vertex 2.8068428039550781 -2.5126965045928955 -0.668099045753479
   vertex 2.4390006065368652 -2.2418897151947021 -1.3167880773544312
   vertex 3.1951959133148193 -2.247347354888916 -1.307451605796814
  endloop
 endfacet
 facet normal -0.0025218993084310947 -0.25649334756138537 0.96654270608216397
  outer loop
   vertex 2.9804177284240723 -0.34010371565818787 2.5776596069335938
   vertex 2.1854045391082764 -0.32489916682243347 2.5796201229095459
   vertex 2.5795762538909912 -0.98995035886764526 2.4041626453399658
  endloop
 endfacet
 facet normal 0.0051288868073696954 -0.92176482087477973 -0.38771550074481465
  outer loop
   vertex 2.8068428039550781 -2.5126965045928955 -0.668099045753479
   vertex 2.0183265209197998 -2.5046491622924805 -0.6976618766784668
   vertex 2.4390006065368652 -2.2418897151947021 -1.3167880773544312
  endloop
 endfacet
 facet normal -0.023214395053732791 -0.99802843054140544 0.058312466020124756
  outer loop
   vertex 7.8818445205688477 -2.5928835868835449 -0.19223572313785553
   vertex 8.5813589096069336 -2.578366756439209 0.33470156788825989
   vertex 7.7212061882019043 -2.5475583076477051 0.51956397294998169
  endloop
 endfacet
 facet normal 0.011306374597165138 0.064350478515094914 0.99786330817820279
  outer loop
   vertex 8.5549507141113281 0.34189727902412415 2.5774223804473877
   vertex 8.9160528182983398 -0.060674495995044708 2.5992920398712158
   vertex 9.2652826309204102 0.43483179807662964 2.5633807182312012
  endloop
 endfacet
 facet normal -0.013030051713083362 -0.93173838765215466 0.36289639668604801
  outer loop
   vertex 6.9293694496154785 -2.5199298858642578 0.64027619361877441
   vertex 7.4686946868896484 -2.3187363147735596 1.1762065887451172
   vertex 6.6840620040893555 -2.2771248817443848 1.2548713684082031
  endloop
 endfacet
 facet normal -0.053825764323382798 0.005964078418399619 0.99853253170020606
  outer loop
   vertex 8.5549507141113281 0.34189727902412415 2.5774223804473877
   vertex 8.2681350708007812 -0.41609349846839905 2.5664889812469482
   vertex 8.9160528182983398 -0.060674495995044708 2.5992920398712158
  endloop
 endfacet
 facet normal 0.039429721762625609 -0.97501957492907054 -0.21859122934568223
  outer loop
   vertex 7.2695860862731934 -2.503046989440918 -0.70338898897171021
   vertex 7.9735913276672363 -2.4180488586425781 -0.95553135871887207
   vertex 7.8818445205688477 -2.5928835868835449 -0.19223572313785553
  endloop
 endfacet
 facet normal 0.0073879886826180427 -0.017217189520326623 0.99982447760006699
  outer loop
   vertex 8.2681350708007812 -0.41609349846839905 2.5664889812469482
   vertex 8.5549507141113281 0.34189727902412415 2.5774223804473877
   vertex 7.754364013671875 0.30013284087181091 2.5826189517974854
  endloop
 endfacet
 facet normal -0.033183782122185923 -0.79894379527803128 0.60048950747769314
  outer loop
   vertex 6.4585041999816895 -1.8028384447097778 1.8734389543533325
   vertex 6.6840620040893555 -2.2771248817443848 1.2548713684082031
   vertex 7.2434144020080566 -1.9566562175750732 1.7121614217758179
  endloop
 endfacet
 facet normal 0.032513533892838668 -0.63946920568849352 0.76812889874677037
  outer loop
   vertex 6.4585041999816895 -1.8028384447097778 1.8734389543533325
   vertex 7.2434144020080566 -1.9566562175750732 1.7121614217758179
   vertex 7.1259603500366211 -1.3505659103393555 2.2217047214508057
  endloop
 endfacet
 facet normal 0.016386878126141737 -0.02034410354222075 -0.99965873560747831
  outer loop
   vertex 5.1984615325927734 -0.44602856040000916 -2.5614564418792725
   vertex 4.4182171821594238 -0.35115468502044678 -2.5761773586273193
   vertex 4.9366416931152344 0.31226247549057007 -2.5811803340911865
  endloop
 endfacet
 facet normal -0.0048954261359174748 -0.4931087741647327 0.86995389052794203
  outer loop
   vertex 2.5795762538909912 -0.98995035886764526 2.4041626453399658
   vertex 1.7869312763214111 -0.96237081289291382 2.415334939956665
   vertex 2.163297176361084 -1.5669764280319214 2.074749231338501
  endloop
 endfacet
 facet normal -0.018786144475917387 -0.3023688334188413 -0.95300586008306332
  outer loop
   vertex 4.4182171821594238 -0.35115468502044678 -2.5761773586273193
   vertex 5.1984615325927734 -0.44602856040000916 -2.5614564418792725
   vertex 4.6163372993469238 -1.1784372329711914 -2.3176033496856689
  endloop
 endfacet
 facet normal 0.0064983850427269649 -0.48771887308352074 0.87297655857988365
  outer loop
   vertex 2.163297176361084 -1.5669764280319214 2.074749231338501
   vertex 1.7869312763214111 -0.96237081289291382 2.415334939956665
   vertex 1.3742386102676392 -1.5351721048355103 2.0983915328979492
  endloop
 endfacet
 facet normal -0.012616978365727557 -0.23518415060172043 -0.97186893517730355
  outer loop
   vertex 8.7331762313842773 -0.94715076684951782 -2.4213438034057617
   vertex 8.2927379608154297 -0.22586588561534882 -2.5901708602905273
   vertex 9.1598920822143555 -0.30686163902282715 -2.5818281173706055
  endloop
 endfacet
 facet normal 0.018242729415969366 -0.94194942112027857 0.33525884160544978
  outer loop
   vertex 7.7212061882019043 -2.5475583076477051 0.51956397294998169
   vertex 7.4686946868896484 -2.3187363147735596 1.1762065887451172
   vertex 6.9293694496154785 -2.5199298858642578 0.64027619361877441
  endloop
 endfacet
 facet normal -0.0054530712220222481 -0.92602396116181518 -0.37742534012494244
  outer loop
   vertex 3.5293726921081543 -2.517719030380249 -0.64891511201858521
   vertex 3.1951959133148193 -2.247347354888916 -1.307451605796814
   vertex 3.9219677448272705 -2.2620968818664551 -1.2817636728286743
  endloop
 endfacet
 facet normal -0.015778551848387706 -0.23731035903792691 0.97130573497475969
  outer loop
   vertex 7.4964809417724609 -0.29753971099853516 2.5829188823699951
   vertex 7.6858043670654297 -0.90367650985717773 2.4379024505615234
   vertex 8.2681350708007812 -0.41609349846839905 2.5664889812469482
  endloop
 endfacet
 facet normal -0.014736156571664905 -0.98699561184674178 -0.1600703216863481
  outer loop
   vertex 2.0183265209197998 -2.5046491622924805 -0.6976618766784668
   vertex 1.5147527456283569 -2.5990836620330811 -0.069018304347991943
   vertex 1.1987349987030029 -2.4778130054473877 -0.7876819372177124
  endloop
 endfacet
 facet normal 0.02003571501783143 -0.0081432739418003924 0.99976610125230447
  outer loop
   vertex 8.2681350708007812 -0.41609349846839905 2.5664889812469482
   vertex 7.754364013671875 0.30013284087181091 2.5826189517974854
   vertex 7.4964809417724609 -0.29753971099853516 2.5829188823699951
  endloop
 endfacet
 facet normal 0.0066374877564090041 -0.22405523514790313 -0.97455384425854141
  outer loop
   vertex 8.2927379608154297 -0.22586588561534882 -2.5901708602905273
   vertex 8.7331762313842773 -0.94715076684951782 -2.4213438034057617
   vertex 7.8075380325317383 -0.90551435947418213 -2.437220573425293
  endloop
 endfacet
 facet normal -0.0064936646955768684 -0.69533344206783465 0.718657941346868
  outer loop
   vertex 1.715888500213623 -2.0363395214080811 1.6165769100189209
   vertex 2.163297176361084 -1.5669764280319214 2.074749231338501
   vertex 1.3742386102676392 -1.5351721048355103 2.0983915328979492
  endloop
 endfacet
 facet normal -0.0090877009137350622 -0.79583148629164246 -0.60544996417452845
  outer loop
   vertex 4.7229762077331543 -2.2323756217956543 -1.3328536748886108
   vertex 3.9219677448272705 -2.2620968818664551 -1.2817636728286743
   vertex 4.3495683670043945 -1.8600564002990723 -1.8166425228118896
  endloop
 endfacet
 facet normal -0.03641825735784112 -0.3978701327075102 0.91671864169456396
  outer loop
   vertex 6.9357161521911621 -0.6543697714805603 2.5163068771362305
   vertex 7.1259603500366211 -1.3505659103393555 2.2217047214508057
   vertex 7.6858043670654297 -0.90367650985717773 2.4379024505615234
  endloop
 endfacet
 facet normal 0.020031252288504435 -0.78479502993233663 -0.61943160229783012
  outer loop
   vertex 4.7229762077331543 -2.2323756217956543 -1.3328536748886108
   vertex 4.3495683670043945 -1.8600564002990723 -1.8166425228118896
   vertex 5.0789995193481445 -1.7779637575149536 -1.8970621824264526
  endloop
 endfacet
 facet normal 0.00370089238209091 -0.92440096001151972 -0.38140420622399662
  outer loop
   vertex 2.8068428039550781 -2.5126965045928955 -0.668099045753479
   vertex 3.1951959133148193 -2.247347354888916 -1.307451605796814
   vertex 3.5293726921081543 -2.517719030380249 -0.64891511201858521
  endloop
 endfacet
 facet normal 0.0070128130864547189 -0.49957931101866021 0.86623976614718823
  outer loop
   vertex 2.9711196422576904 -1.6011068820953369 2.0485255718231201
   vertex 2.5795762538909912 -0.98995035886764526 2.4041626453399658
   vertex 2.163297176361084 -1.5669764280319214 2.074749231338501
  endloop
 endfacet
 facet normal 0.0038232704973116018 -0.0078804897403666127 0.99996163950631434
  outer loop
   vertex 3.7802677154541016 -0.36385685205459595 2.5744142532348633
   vertex 3.3504281044006348 0.31066212058067322 2.5813734531402588
   vertex 2.9804177284240723 -0.34010371565818787 2.5776596069335938
  endloop
 endfacet
 facet normal -0.0050550977536637553 -0.99084798054331169 -0.13488782539555547
  outer loop
   vertex 2.3350141048431396 -2.5999836921691895 -0.0092295482754707336
   vertex 2.0183265209197998 -2.5046491622924805 -0.6976618766784668
   vertex 2.8068428039550781 -2.5126965045928955 -0.668099045753479
  endloop
 endfacet
 facet normal 0.0092148846779826731 -0.98992054184477718 -0.14132376563803448
  outer loop
   vertex 1.5147527456283569 -2.5990836620330811 -0.069018304347991943
   vertex 2.0183265209197998 -2.5046491622924805 -0.6976618766784668
   vertex 2.3350141048431396 -2.5999836921691895 -0.0092295482754707336
  endloop
 endfacet
 facet normal 0.0054703774523572795 -0.70117949525459089 0.71296380721958519
  outer loop
   vertex 2.5675830841064453 -2.0585465431213379 1.5882021188735962
   vertex 2.163297176361084 -1.5669764280319214 2.074749231338501
   vertex 1.715888500213623 -2.0363395214080811 1.6165769100189209
  endloop
 endfacet
 facet normal -0.029349592209657525 -0.58229798085141293 0.81244548305316733
  outer loop
   vertex 6.4585041999816895 -1.8028384447097778 1.8734389543533325
   vertex 7.1259603500366211 -1.3505659103393555 2.2217047214508057
   vertex 6.3358626365661621 -1.1733217239379883 2.3201973438262939
  endloop
 endfacet
 facet normal 0.0026022772811274955 -0.92777349539898946 -0.3731347871588675
  outer loop
   vertex 4.3470697402954102 -2.5216693878173828 -0.63339012861251831
   vertex 3.5293726921081543 -2.517719030380249 -0.64891511201858521
   vertex 3.9219677448272705 -2.2620968818664551 -1.2817636728286743
  endloop
 endfacet
 facet normal -0.0068614376755420882 -0.70629455840559485 0.70788481933127378
  outer loop
   vertex 2.163297176361084 -1.5669764280319214 2.074749231338501
   vertex 2.5675830841064453 -2.0585465431213379 1.5882021188735962
   vertex 2.9711196422576904 -1.6011068820953369 2.0485255718231201
  endloop
 endfacet
 facet normal 0.0044054444404005898 -0.2604797166929656 0.96546926893134977
  outer loop
   vertex 3.390190601348877 -1.0149307250976562 2.3937242031097412
   vertex 2.9804177284240723 -0.34010371565818787 2.5776596069335938
   vertex 2.5795762538909912 -0.98995035886764526 2.4041626453399658
  endloop
 endfacet
 facet normal 0.027182144876543302 -0.22455603672793895 0.9740819869851568
  outer loop
   vertex 7.4964809417724609 -0.29753971099853516 2.5829188823699951
   vertex 6.9357161521911621 -0.6543697714805603 2.5163068771362305
   vertex 7.6858043670654297 -0.90367650985717773 2.4379024505615234
  endloop
 endfacet
 facet normal 0.029245652500852759 -0.38274936892050226 0.92338919876764691
  outer loop
   vertex 6.3358626365661621 -1.1733217239379883 2.3201973438262939
   vertex 7.1259603500366211 -1.3505659103393555 2.2217047214508057
   vertex 6.9357161521911621 -0.6543697714805603 2.5163068771362305
  endloop
 endfacet
 facet normal 0.012371559364663208 -0.0048362796875891737 0.99991177356688321
  outer loop
   vertex 7.754364013671875 0.30013284087181091 2.5826189517974854
   vertex 6.8676533699035645 0.18988543748855591 2.5930566787719727
   vertex 7.4964809417724609 -0.29753971099853516 2.5829188823699951
  endloop
 endfacet
 facet normal -0.0042151277232096718 -0.99480681724235809 -0.10169380053084323
  outer loop
   vertex 3.1111660003662109 -2.5963535308837891 0.13765133917331696
   vertex 2.8068428039550781 -2.5126965045928955 -0.668099045753479
   vertex 3.5293726921081543 -2.517719030380249 -0.64891511201858521
  endloop
 endfacet
 facet normal 0.026021114520291117 -0.99325953750325324 -0.11295305554939845
  outer loop
   vertex 2.3350141048431396 -2.5999836921691895 -0.0092295482754707336
   vertex 2.8068428039550781 -2.5126965045928955 -0.668099045753479
   vertex 3.1111660003662109 -2.5963535308837891 0.13765133917331696
  endloop
 endfacet
 facet normal 0.01159933672881003 0.02121232547891613 -0.99970770359902117
  outer loop
   vertex 8.2927379608154297 -0.22586588561534882 -2.5901708602905273
   vertex 8.659454345703125 0.37216144800186157 -2.5732266902923584
   vertex 9.1598920822143555 -0.30686163902282715 -2.5818281173706055
  endloop
 endfacet
 facet normal 0.010283482379963295 -0.92597284826562498 -0.37745004207840133
  outer loop
   vertex 4.3470697402954102 -2.5216693878173828 -0.63339012861251831
   vertex 3.9219677448272705 -2.2620968818664551 -1.2817636728286743
   vertex 4.7229762077331543 -2.2323756217956543 -1.3328536748886108
  endloop
 endfacet
 facet normal -0.0069225806767788988 -0.01472735115805694 0.99986758273515441
  outer loop
   vertex 4.1654934883117676 0.26598864793777466 2.5863585472106934
   vertex 3.3504281044006348 0.31066212058067322 2.5813734531402588
   vertex 3.7802677154541016 -0.36385685205459595 2.5744142532348633
  endloop
 endfacet
 facet normal -0.0044508576350271402 -0.5050754530235454 0.86306371527215386
  outer loop
   vertex 2.5795762538909912 -0.98995035886764526 2.4041626453399658
   vertex 2.9711196422576904 -1.6011068820953369 2.0485255718231201
   vertex 3.390190601348877 -1.0149307250976562 2.3937242031097412
  endloop
 endfacet
 facet normal -0.0039638432622775771 -0.26521097403623933 0.96418225828799675
  outer loop
   vertex 3.390190601348877 -1.0149307250976562 2.3937242031097412
   vertex 3.7802677154541016 -0.36385685205459595 2.5744142532348633
   vertex 2.9804177284240723 -0.34010371565818787 2.5776596069335938
  endloop
 endfacet
 facet normal -0.016933266828923793 -0.99396620271482994 -0.10837182445249258
  outer loop
   vertex 3.9631428718566895 -2.5997545719146729 0.035722337663173676
   vertex 3.1111660003662109 -2.5963535308837891 0.13765133917331696
   vertex 3.5293726921081543 -2.517719030380249 -0.64891511201858521
  endloop
 endfacet
 facet normal -0.05760783352927671 -0.094989840835472197 0.99380997562618323
  outer loop
   vertex 6.8676533699035645 0.18988543748855591 2.5930566787719727
   vertex 6.9357161521911621 -0.6543697714805603 2.5163068771362305
   vertex 7.4964809417724609 -0.29753971099853516 2.5829188823699951
  endloop
 endfacet
 facet normal 0.034197309335440081 -0.75922524199551411 -0.64992890068919806
  outer loop
   vertex 7.5915317535400391 -1.6887619495391846 -1.9768872261047363
   vertex 7.3585357666015625 -2.1842582225799561 -1.4103245735168457
   vertex 6.703221321105957 -1.9247761964797974 -1.7479234933853149
  endloop
 endfacet
 facet normal -0.0025693161136575542 -0.99308529433287906 -0.11736693228710955
  outer loop
   vertex 4.3470697402954102 -2.5216693878173828 -0.63339012861251831
   vertex 3.9631428718566895 -2.5997545719146729 0.035722337663173676
   vertex 3.5293726921081543 -2.517719030380249 -0.64891511201858521
  endloop
 endfacet
 facet normal -0.0064180297392565895 -0.93090457285065753 0.36520608584743081
  outer loop
   vertex 6.0790181159973145 -2.5297520160675049 0.60029590129852295
   vertex 6.9293694496154785 -2.5199298858642578 0.64027619361877441
   vertex 6.6840620040893555 -2.2771248817443848 1.2548713684082031
  endloop
 endfacet
 facet normal 0.0030099821474914279 -0.57270131474394048 -0.81975858891385434
  outer loop
   vertex 5.5141682624816895 -1.1615071296691895 -2.3261344432830811
   vertex 5.0789995193481445 -1.7779637575149536 -1.8970621824264526
   vertex 4.6163372993469238 -1.1784372329711914 -2.3176033496856689
  endloop
 endfacet
 facet normal -0.0084121578099883108 -0.99490833480710439 0.10043227037329518
  outer loop
   vertex 2.3350141048431396 -2.5999836921691895 -0.0092295482754707336
   vertex 1.7895944118499756 -2.5370244979858398 0.56877660751342773
   vertex 1.5147527456283569 -2.5990836620330811 -0.069018304347991943
  endloop
 endfacet
 facet normal -0.0049929830188713267 -0.85472116986894742 0.51906337946192183
  outer loop
   vertex 2.1354916095733643 -2.3663768768310547 1.0771536827087402
   vertex 2.5675830841064453 -2.0585465431213379 1.5882021188735962
   vertex 1.715888500213623 -2.0363395214080811 1.6165769100189209
  endloop
 endfacet
 facet normal 0.013715552681610283 -0.71524428834977183 0.69873993130324707
  outer loop
   vertex 2.5675830841064453 -2.0585465431213379 1.5882021188735962
   vertex 3.2935924530029297 -2.1041476726531982 1.5272730588912964
   vertex 2.9711196422576904 -1.6011068820953369 2.0485255718231201
  endloop
 endfacet
 facet normal 0.053521417894060723 -0.91279881128947238 -0.40488737685328702
  outer loop
   vertex 7.3585357666015625 -2.1842582225799561 -1.4103245735168457
   vertex 7.2695860862731934 -2.503046989440918 -0.70338898897171021
   vertex 6.7826728820800781 -2.3526604175567627 -1.1067924499511719
  endloop
 endfacet
 facet normal -0.030847025316091306 -0.32193148345506067 0.94626031354462514
  outer loop
   vertex 6.3358626365661621 -1.1733217239379883 2.3201973438262939
   vertex 6.9357161521911621 -0.6543697714805603 2.5163068771362305
   vertex 6.2313799858093262 -0.46306306123733521 2.5584316253662109
  endloop
 endfacet
 facet normal 0.035740921520454501 -0.087618973034582062 0.99551268303986662
  outer loop
   vertex 6.2313799858093262 -0.46306306123733521 2.5584316253662109
   vertex 6.9357161521911621 -0.6543697714805603 2.5163068771362305
   vertex 6.8676533699035645 0.18988543748855591 2.5930566787719727
  endloop
 endfacet
 facet normal 0.026802614815813176 -0.99721843172436819 0.069548682721002564
  outer loop
   vertex 7.1001935005187988 -2.5999903678894043 0.0070962794125080109
   vertex 7.8818445205688477 -2.5928835868835449 -0.19223572313785553
   vertex 7.7212061882019043 -2.5475583076477051 0.51956397294998169
  endloop
 endfacet
 facet normal -0.027082346065178634 -0.98957051101243032 -0.14148056497697373
  outer loop
   vertex 7.2695860862731934 -2.503046989440918 -0.70338898897171021
   vertex 7.8818445205688477 -2.5928835868835449 -0.19223572313785553
   vertex 7.1001935005187988 -2.5999903678894043 0.0070962794125080109
  endloop
 endfacet
 facet normal 0.064711200225134102 -0.5188348898087054 -0.8524217369838778
  outer loop
   vertex 7.5915317535400391 -1.6887619495391846 -1.9768872261047363
   vertex 7.0910720825195312 -1.2950338125228882 -2.254525899887085
   vertex 7.8075380325317383 -0.90551435947418213 -2.437220573425293
  endloop
 endfacet
 facet normal 0.03073991107205603 -0.78775559218297342 0.61522043598350584
  outer loop
   vertex 5.7873783111572266 -2.1476967334747314 1.4654003381729126
   vertex 6.6840620040893555 -2.2771248817443848 1.2548713684082031
   vertex 6.4585041999816895 -1.8028384447097778 1.8734389543533325
  endloop
 endfacet
 facet normal 0.0090367387525432923 -0.51221342636719058 0.85881065619954966
  outer loop
   vertex 2.9711196422576904 -1.6011068820953369 2.0485255718231201
   vertex 3.7125422954559326 -1.6399807929992676 2.0175387859344482
   vertex 3.390190601348877 -1.0149307250976562 2.3937242031097412
  endloop
 endfacet
 facet normal 0.0086820907949988237 -0.024267683362423399 0.99966779524182359
  outer loop
   vertex 4.578589916229248 -0.41809159517288208 2.5661642551422119
   vertex 4.1654934883117676 0.26598864793777466 2.5863585472106934
   vertex 3.7802677154541016 -0.36385685205459595 2.5744142532348633
  endloop
 endfacet
 facet normal -0.016163753339429019 -0.99250462495285818 0.12113340796480787
  outer loop
   vertex 6.9293694496154785 -2.5199298858642578 0.64027619361877441
   vertex 7.1001935005187988 -2.5999903678894043 0.0070962794125080109
   vertex 7.7212061882019043 -2.5475583076477051 0.51956397294998169
  endloop
 endfacet
 facet normal 0.017289522694698949 -0.98399635459959212 0.17734781233413374
  outer loop
   vertex 3.6153934001922607 -2.4612884521484375 0.83788943290710449
   vertex 3.1111660003662109 -2.5963535308837891 0.13765133917331696
   vertex 3.9631428718566895 -2.5997545719146729 0.035722337663173676
  endloop
 endfacet
 facet normal -0.010850483093444911 -0.029744351714957207 -0.99949864460022952
  outer loop
   vertex 5.7593011856079102 0.24757544696331024 -2.5881860256195068
   vertex 5.1984615325927734 -0.44602856040000916 -2.5614564418792725
   vertex 4.9366416931152344 0.31226247549057007 -2.5811803340911865
  endloop
 endfacet
 facet normal -0.0089703855755166248 -0.72230358855253451 0.69151793768980241
  outer loop
   vertex 3.2935924530029297 -2.1041476726531982 1.5272730588912964
   vertex 3.7125422954559326 -1.6399807929992676 2.0175387859344482
   vertex 2.9711196422576904 -1.6011068820953369 2.0485255718231201
  endloop
 endfacet
 facet normal 0.0088126816057293722 -0.2723072984484492 0.96216998074904803
  outer loop
   vertex 4.1302227973937988 -1.0595066547393799 2.3743305206298828
   vertex 3.7802677154541016 -0.36385685205459595 2.5744142532348633
   vertex 3.390190601348877 -1.0149307250976562 2.3937242031097412
  endloop
 endfacet
 facet normal -0.0031074904982365801 -0.31367186344505416 -0.949526358552363
  outer loop
   vertex 4.6163372993469238 -1.1784372329711914 -2.3176033496856689
   vertex 5.1984615325927734 -0.44602856040000916 -2.5614564418792725
   vertex 5.5141682624816895 -1.1615071296691895 -2.3261344432830811
  endloop
 endfacet
 facet normal 0.0053265650883741926 -0.026293170988194354 0.99964008366198731
  outer loop
   vertex 5.0632724761962891 0.30115604400634766 2.5824997425079346
   vertex 4.1654934883117676 0.26598864793777466 2.5863585472106934
   vertex 4.578589916229248 -0.41809159517288208 2.5661642551422119
  endloop
 endfacet
 facet normal -0.013877831469717898 -0.87280570184772921 0.48787048754335494
  outer loop
   vertex 2.8553531169891357 -2.4210972785949707 0.94778066873550415
   vertex 3.2935924530029297 -2.1041476726531982 1.5272730588912964
   vertex 2.5675830841064453 -2.0585465431213379 1.5882021188735962
  endloop
 endfacet
 facet normal -0.016304853100073964 -0.99371807560392467 0.11071828206496721
  outer loop
   vertex 3.1111660003662109 -2.5963535308837891 0.13765133917331696
   vertex 2.4783000946044922 -2.5388469696044922 0.56058531999588013
   vertex 2.3350141048431396 -2.5999836921691895 -0.0092295482754707336
  endloop
 endfacet
 facet normal -0.0091479070177419245 -0.2806512195407958 0.95976622610272067
  outer loop
   vertex 4.1302227973937988 -1.0595066547393799 2.3743305206298828
   vertex 4.578589916229248 -0.41809159517288208 2.5661642551422119
   vertex 3.7802677154541016 -0.36385685205459595 2.5744142532348633
  endloop
 endfacet
 facet normal 0.024215669641024964 -0.86526972199984975 0.50072138913185971
  outer loop
   vertex 2.1354916095733643 -2.3663768768310547 1.0771536827087402
   vertex 2.8553531169891357 -2.4210972785949707 0.94778066873550415
   vertex 2.5675830841064453 -2.0585465431213379 1.5882021188735962
  endloop
 endfacet
 facet normal -0.0088618411912413705 -0.5189905873728794 0.85473401593071918
  outer loop
   vertex 3.7125422954559326 -1.6399807929992676 2.0175387859344482
   vertex 4.1302227973937988 -1.0595066547393799 2.3743305206298828
   vertex 3.390190601348877 -1.0149307250976562 2.3937242031097412
  endloop
 endfacet
 facet normal -0.022150281240241279 -0.97857375003125147 0.20470168731779384
  outer loop
   vertex 3.1111660003662109 -2.5963535308837891 0.13765133917331696
   vertex 3.6153934001922607 -2.4612884521484375 0.83788943290710449
   vertex 2.8553531169891357 -2.4210972785949707 0.94778066873550415
  endloop
 endfacet
 facet normal -0.040570577737547457 -0.91899438683730805 0.392177695928213
  outer loop
   vertex 6.0790181159973145 -2.5297520160675049 0.60029590129852295
   vertex 6.6840620040893555 -2.2771248817443848 1.2548713684082031
   vertex 5.7873783111572266 -2.1476967334747314 1.4654003381729126
  endloop
 endfacet
 facet normal -0.001358188916463082 -0.99425620705065287 0.10701752222938307
  outer loop
   vertex 2.3350141048431396 -2.5999836921691895 -0.0092295482754707336
   vertex 2.4783000946044922 -2.5388469696044922 0.56058531999588013
   vertex 1.7895944118499756 -2.5370244979858398 0.56877660751342773
  endloop
 endfacet
 facet normal 0.066075806803741421 -0.97073938377037539 0.23086584102535906
  outer loop
   vertex 3.1111660003662109 -2.5963535308837891 0.13765133917331696
   vertex 2.8553531169891357 -2.4210972785949707 0.94778066873550415
   vertex 2.4783000946044922 -2.5388469696044922 0.56058531999588013
  endloop
 endfacet
 facet normal -0.046428967194445975 -0.83352276141710313 -0.55053079587327713
  outer loop
   vertex 6.703221321105957 -1.9247761964797974 -1.7479234933853149
   vertex 7.3585357666015625 -2.1842582225799561 -1.4103245735168457
   vertex 6.7826728820800781 -2.3526604175567627 -1.1067924499511719
  endloop
 endfacet
 facet normal -0.042537602658752581 -0.19035343776091435 -0.98079361799139364
  outer loop
   vertex 7.4340949058532715 0.016390688717365265 -2.5999484062194824
   vertex 8.2927379608154297 -0.22586588561534882 -2.5901708602905273
   vertex 7.8075380325317383 -0.90551435947418213 -2.437220573425293
  endloop
 endfacet
 facet normal 0.020871304278625075 -0.8837156121413926 0.46755866531941531
  outer loop
   vertex 3.6153934001922607 -2.4612884521484375 0.83788943290710449
   vertex 3.2935924530029297 -2.1041476726531982 1.5272730588912964
   vertex 2.8553531169891357 -2.4210972785949707 0.94778066873550415
  endloop
 endfacet
 facet normal 0.0067453635535973232 -0.72902597895283772 0.68445279025100514
  outer loop
   vertex 4.1145825386047363 -2.1282305717468262 1.4935308694839478
   vertex 3.7125422954559326 -1.6399807929992676 2.0175387859344482
   vertex 3.2935924530029297 -2.1041476726531982 1.5272730588912964
  endloop
 endfacet
 facet normal 0.0064655851589476097 -0.52700849605798705 0.84983542012042024
  outer loop
   vertex 4.5428528785705566 -1.6707147359848022 1.9921627044677734
   vertex 4.1302227973937988 -1.0595066547393799 2.3743305206298828
   vertex 3.7125422954559326 -1.6399807929992676 2.0175387859344482
  endloop
 endfacet
 facet normal 0.029762263587439931 -0.99130622923209988 -0.12816461115217087
  outer loop
   vertex 6.565310001373291 -2.5486612319946289 -0.51412588357925415
   vertex 7.2695860862731934 -2.503046989440918 -0.70338898897171021
   vertex 7.1001935005187988 -2.5999903678894043 0.0070962794125080109
  endloop
 endfacet
 facet normal -0.032682762301964742 -0.91726305480298009 -0.39693869217023714
  outer loop
   vertex 5.1673679351806641 -2.4570186138153076 -0.85032886266708374
   vertex 4.3470697402954102 -2.5216693878173828 -0.63339012861251831
   vertex 4.7229762077331543 -2.2323756217956543 -1.3328536748886108
  endloop
 endfacet
 facet normal -0.028379525534942607 -0.76967648426034097 -0.63780303551100526
  outer loop
   vertex 5.0789995193481445 -1.7779637575149536 -1.8970621824264526
   vertex 5.4273719787597656 -2.1438372135162354 -1.4710410833358765
   vertex 4.7229762077331543 -2.2323756217956543 -1.3328536748886108
  endloop
 endfacet
 facet normal 0.0048561316305720144 -0.99014430758400307 0.13996666797699228
  outer loop
   vertex 6.9293694496154785 -2.5199298858642578 0.64027619361877441
   vertex 6.0790181159973145 -2.5297520160675049 0.60029590129852295
   vertex 6.4698901176452637 -2.5978903770446777 0.10471408069133759
  endloop
 endfacet
 facet normal -0.0072916005206441429 -0.88928406964466888 0.45729714195265087
  outer loop
   vertex 3.2935924530029297 -2.1041476726531982 1.5272730588912964
   vertex 3.6153934001922607 -2.4612884521484375 0.83788943290710449
   vertex 4.1145825386047363 -2.1282305717468262 1.4935308694839478
  endloop
 endfacet
 facet normal 0.0012662839327039345 -0.94827509898410667 0.3174472132051005
  outer loop
   vertex 2.4783000946044922 -2.5388469696044922 0.56058531999588013
   vertex 2.1354916095733643 -2.3663768768310547 1.0771536827087402
   vertex 1.7895944118499756 -2.5370244979858398 0.56877660751342773
  endloop
 endfacet
 facet normal 0.015286348572167173 -0.29629796157915567 0.95497321716965833
  outer loop
   vertex 5.0593047142028809 -1.1525237560272217 2.3305983543395996
   vertex 4.578589916229248 -0.41809159517288208 2.5661642551422119
   vertex 4.1302227973937988 -1.0595066547393799 2.3743305206298828
  endloop
 endfacet
 facet normal 0.016813423011251327 -0.99138600393374732 0.12988879863529743
  outer loop
   vertex 6.4698901176452637 -2.5978903770446777 0.10471408069133759
   vertex 7.1001935005187988 -2.5999903678894043 0.0070962794125080109
   vertex 6.9293694496154785 -2.5199298858642578 0.64027619361877441
  endloop
 endfacet
 facet normal -0.0064182355738508804 -0.73406528838363916 0.67904856869178587
  outer loop
   vertex 4.5428528785705566 -1.6707147359848022 1.9921627044677734
   vertex 3.7125422954559326 -1.6399807929992676 2.0175387859344482
   vertex 4.1145825386047363 -2.1282305717468262 1.4935308694839478
  endloop
 endfacet
 facet normal -0.025305701785606441 -0.9463201901089362 -0.32223860608146387
  outer loop
   vertex 6.7826728820800781 -2.3526604175567627 -1.1067924499511719
   vertex 7.2695860862731934 -2.503046989440918 -0.70338898897171021
   vertex 6.565310001373291 -2.5486612319946289 -0.51412588357925415
  endloop
 endfacet
 facet normal -0.017302672596594654 -0.95177956766897098 0.30629442059704842
  outer loop
   vertex 2.8553531169891357 -2.4210972785949707 0.94778066873550415
   vertex 2.1354916095733643 -2.3663768768310547 1.0771536827087402
   vertex 2.4783000946044922 -2.5388469696044922 0.56058531999588013
  endloop
 endfacet
 facet normal 0.046431367341592249 -0.15536809559830281 -0.98676485699326899
  outer loop
   vertex 7.8075380325317383 -0.90551435947418213 -2.437220573425293
   vertex 6.8575825691223145 -0.59745419025421143 -2.5304245948791504
   vertex 7.4340949058532715 0.016390688717365265 -2.5999484062194824
  endloop
 endfacet
 facet normal -0.013338425902510942 0.03649130133906172 -0.99924495061072227
  outer loop
   vertex 7.9622745513916016 0.44772076606750488 -2.5611610412597656
   vertex 8.659454345703125 0.37216144800186157 -2.5732266902923584
   vertex 8.2927379608154297 -0.22586588561534882 -2.5901708602905273
  endloop
 endfacet
 facet normal -0.0056647813480367511 -0.99286403525075484 -0.11911724374693627
  outer loop
   vertex 4.8800764083862305 -2.5999932289123535 -0.0058944248594343662
   vertex 3.9631428718566895 -2.5997545719146729 0.035722337663173676
   vertex 4.3470697402954102 -2.5216693878173828 -0.63339012861251831
  endloop
 endfacet
 facet normal -0.014049160026316556 -0.53691063381767901 0.84352213509548923
  outer loop
   vertex 4.5428528785705566 -1.6707147359848022 1.9921627044677734
   vertex 5.0593047142028809 -1.1525237560272217 2.3305983543395996
   vertex 4.1302227973937988 -1.0595066547393799 2.3743305206298828
  endloop
 endfacet
 facet normal -0.041621020738123689 -0.61058078224930923 -0.79085953176309287
  outer loop
   vertex 6.703221321105957 -1.9247761964797974 -1.7479234933853149
   vertex 7.0910720825195312 -1.2950338125228882 -2.254525899887085
   vertex 7.5915317535400391 -1.6887619495391846 -1.9768872261047363
  endloop
 endfacet
 facet normal 0.043896751552983629 -0.57249157565613806 0.81873467680674672
  outer loop
   vertex 5.7674846649169922 -1.5540148019790649 2.0844755172729492
   vertex 6.4585041999816895 -1.8028384447097778 1.8734389543533325
   vertex 6.3358626365661621 -1.1733217239379883 2.3201973438262939
  endloop
 endfacet
 facet normal -0.031307236550936576 -0.37665106055813369 -0.92582602875485032
  outer loop
   vertex 7.8075380325317383 -0.90551435947418213 -2.437220573425293
   vertex 7.0910720825195312 -1.2950338125228882 -2.254525899887085
   vertex 6.8575825691223145 -0.59745419025421143 -2.5304245948791504
  endloop
 endfacet
 facet normal 0.0038543326807956211 -0.57310062619147095 -0.81947594008520441
  outer loop
   vertex 5.5141682624816895 -1.1615071296691895 -2.3261344432830811
   vertex 5.8732538223266602 -1.7931829690933228 -1.8826829195022583
   vertex 5.0789995193481445 -1.7779637575149536 -1.8970621824264526
  endloop
 endfacet
 facet normal -0.0098382194940781764 -0.98608539464169387 0.16594819646962455
  outer loop
   vertex 3.6153934001922607 -2.4612884521484375 0.83788943290710449
   vertex 3.9631428718566895 -2.5997545719146729 0.035722337663173676
   vertex 4.4476728439331055 -2.4782993793487549 0.78614991903305054
  endloop
 endfacet
 facet normal -0.015979282980439238 -0.99652573112286635 -0.081738177894223121
  outer loop
   vertex 6.565310001373291 -2.5486612319946289 -0.51412588357925415
   vertex 7.1001935005187988 -2.5999903678894043 0.0070962794125080109
   vertex 6.4698901176452637 -2.5978903770446777 0.10471408069133759
  endloop
 endfacet
 facet normal -0.04298236345399007 -0.99377960661473219 0.10273563115383676
  outer loop
   vertex 6.0790181159973145 -2.5297520160675049 0.60029590129852295
   vertex 5.7782974243164062 -2.5951733589172363 -0.15835113823413849
   vertex 6.4698901176452637 -2.5978903770446777 0.10471408069133759
  endloop
 endfacet
 facet normal -0.0027866570927918169 -0.75975153941083196 -0.65020753064319259
  outer loop
   vertex 5.8732538223266602 -1.7931829690933228 -1.8826829195022583
   vertex 5.4273719787597656 -2.1438372135162354 -1.4710410833358765
   vertex 5.0789995193481445 -1.7779637575149536 -1.8970621824264526
  endloop
 endfacet
 facet normal 0.024793168029150322 -0.99683931422002714 -0.075476356857125462
  outer loop
   vertex 5.7782974243164062 -2.5951733589172363 -0.15835113823413849
   vertex 6.565310001373291 -2.5486612319946289 -0.51412588357925415
   vertex 6.4698901176452637 -2.5978903770446777 0.10471408069133759
  endloop
 endfacet
 facet normal -0.018975618865904095 -0.034496634579029517 0.99922465346456346
  outer loop
   vertex 5.964442253112793 0.31896486878395081 2.5803606510162354
   vertex 6.2313799858093262 -0.46306306123733521 2.5584316253662109
   vertex 6.8676533699035645 0.18988543748855591 2.5930566787719727
  endloop
 endfacet
 facet normal -0.067857312859330637 -0.95891146492406887 -0.27547084696694674
  outer loop
   vertex 6.0652556419372559 -2.3288872241973877 -1.155977725982666
   vertex 6.565310001373291 -2.5486612319946289 -0.51412588357925415
   vertex 5.7782974243164062 -2.5951733589172363 -0.15835113823413849
  endloop
 endfacet
 facet normal 0.036926129145588758 -0.98728705004736539 -0.15459864745557958
  outer loop
   vertex 5.1673679351806641 -2.4570186138153076 -0.85032886266708374
   vertex 4.8800764083862305 -2.5999932289123535 -0.0058944248594343662
   vertex 4.3470697402954102 -2.5216693878173828 -0.63339012861251831
  endloop
 endfacet
 facet normal 0.039834971147195919 -0.31248225983402256 0.94908798978952669
  outer loop
   vertex 6.3358626365661621 -1.1733217239379883 2.3201973438262939
   vertex 6.2313799858093262 -0.46306306123733521 2.5584316253662109
   vertex 5.7684259414672852 -0.98720026016235352 2.4052932262420654
  endloop
 endfacet
 facet normal -0.00061290990460469922 -0.022293236575740366 0.99975128704314598
  outer loop
   vertex 5.3984055519104004 -0.41449961066246033 2.5667469501495361
   vertex 5.0632724761962891 0.30115604400634766 2.5824997425079346
   vertex 4.578589916229248 -0.41809159517288208 2.5661642551422119
  endloop
 endfacet
 facet normal 0.012455812775050538 -0.04856039869279951 -0.99874257965048685
  outer loop
   vertex 6.0456886291503906 -0.52112752199172974 -2.547238826751709
   vertex 5.1984615325927734 -0.44602856040000916 -2.5614564418792725
   vertex 5.7593011856079102 0.24757544696331024 -2.5881860256195068
  endloop
 endfacet
 facet normal 0.055660989715602606 -0.9685497091174341 -0.24251456696951948
  outer loop
   vertex 5.1673679351806641 -2.4570186138153076 -0.85032886266708374
   vertex 6.0652556419372559 -2.3288872241973877 -1.155977725982666
   vertex 5.7782974243164062 -2.5951733589172363 -0.15835113823413849
  endloop
 endfacet
 facet normal -0.0096799179859891147 -0.94831962554152482 -0.31716901961031224
  outer loop
   vertex 6.7826728820800781 -2.3526604175567627 -1.1067924499511719
   vertex 6.565310001373291 -2.5486612319946289 -0.51412588357925415
   vertex 6.0652556419372559 -2.3288872241973877 -1.155977725982666
  endloop
 endfacet
 facet normal -0.012210136341345245 -0.31727073631669578 -0.94825639594341116
  outer loop
   vertex 5.5141682624816895 -1.1615071296691895 -2.3261344432830811
   vertex 5.1984615325927734 -0.44602856040000916 -2.5614564418792725
   vertex 6.0456886291503906 -0.52112752199172974 -2.547238826751709
  endloop
 endfacet
 facet normal 0.0095141526305318105 -0.89442642534935068 0.44711391226006986
  outer loop
   vertex 4.1145825386047363 -2.1282305717468262 1.4935308694839478
   vertex 3.6153934001922607 -2.4612884521484375 0.83788943290710449
   vertex 4.4476728439331055 -2.4782993793487549 0.78614991903305054
  endloop
 endfacet
 facet normal 0.010577150024624917 -0.83112039834013463 -0.55599191303497608
  outer loop
   vertex 6.0652556419372559 -2.3288872241973877 -1.155977725982666
   vertex 6.703221321105957 -1.9247761964797974 -1.7479234933853149
   vertex 6.7826728820800781 -2.3526604175567627 -1.1067924499511719
  endloop
 endfacet
 facet normal 0.0067998902836457183 -0.98781479608698353 0.1554853373272265
  outer loop
   vertex 4.4476728439331055 -2.4782993793487549 0.78614991903305054
   vertex 3.9631428718566895 -2.5997545719146729 0.035722337663173676
   vertex 4.8800764083862305 -2.5999932289123535 -0.0058944248594343662
  endloop
 endfacet
 facet normal 0.026101307660136946 -0.89684612485172388 -0.44157190816092134
  outer loop
   vertex 5.4273719787597656 -2.1438372135162354 -1.4710410833358765
   vertex 5.1673679351806641 -2.4570186138153076 -0.85032886266708374
   vertex 4.7229762077331543 -2.2323756217956543 -1.3328536748886108
  endloop
 endfacet
 facet normal -0.048984377501055297 -0.72167375290785496 0.69049802687967643
  outer loop
   vertex 5.7674846649169922 -1.5540148019790649 2.0844755172729492
   vertex 5.7873783111572266 -2.1476967334747314 1.4654003381729126
   vertex 6.4585041999816895 -1.8028384447097778 1.8734389543533325
  endloop
 endfacet
 facet normal 0.00065957617988576193 -0.30502816286698392 0.95234310246741205
  outer loop
   vertex 5.0593047142028809 -1.1525237560272217 2.3305983543395996
   vertex 5.3984055519104004 -0.41449961066246033 2.5667469501495361
   vertex 4.578589916229248 -0.41809159517288208 2.5661642551422119
  endloop
 endfacet
 facet normal -0.031687115205411891 -0.99464893095067686 0.098333264405463305
  outer loop
   vertex 6.0790181159973145 -2.5297520160675049 0.60029590129852295
   vertex 5.2866816520690918 -2.489823579788208 0.74885112047195435
   vertex 5.7782974243164062 -2.5951733589172363 -0.15835113823413849
  endloop
 endfacet
 facet normal 0.027266235582293925 0.056360081353261642 -0.99803812233151923
  outer loop
   vertex 7.4340949058532715 0.016390688717365265 -2.5999484062194824
   vertex 7.9622745513916016 0.44772076606750488 -2.5611610412597656
   vertex 8.2927379608154297 -0.22586588561534882 -2.5901708602905273
  endloop
 endfacet
 facet normal -0.024414222128601188 -0.98427325442703484 -0.17495744161786483
  outer loop
   vertex 4.8800764083862305 -2.5999932289123535 -0.0058944248594343662
   vertex 5.1673679351806641 -2.4570186138153076 -0.85032886266708374
   vertex 5.7782974243164062 -2.5951733589172363 -0.15835113823413849
  endloop
 endfacet
 facet normal 0.031492772608208167 -0.9103445002225794 0.41265130096480945
  outer loop
   vertex 5.2866816520690918 -2.489823579788208 0.74885112047195435
   vertex 6.0790181159973145 -2.5297520160675049 0.60029590129852295
   vertex 5.7873783111572266 -2.1476967334747314 1.4654003381729126
  endloop
 endfacet
 facet normal 0.0075741106443540799 -0.74004371057057239 0.67251612567498031
  outer loop
   vertex 4.9375600814819336 -2.1545641422271729 1.4552844762802124
   vertex 4.5428528785705566 -1.6707147359848022 1.9921627044677734
   vertex 4.1145825386047363 -2.1282305717468262 1.4935308694839478
  endloop
 endfacet
 facet normal -0.0095945157039666121 -0.056754120129471966 -0.99834208321433382
  outer loop
   vertex 6.587425708770752 0.19135573506355286 -2.5929486751556396
   vertex 6.0456886291503906 -0.52112752199172974 -2.547238826751709
   vertex 5.7593011856079102 0.24757544696331024 -2.5881860256195068
  endloop
 endfacet
 facet normal -0.030062474719081987 -0.88727145733209689 -0.46026688846531383
  outer loop
   vertex 6.0652556419372559 -2.3288872241973877 -1.155977725982666
   vertex 5.1673679351806641 -2.4570186138153076 -0.85032886266708374
   vertex 5.4273719787597656 -2.1438372135162354 -1.4710410833358765
  endloop
 endfacet
 facet normal 0.013660120896052399 -0.074358549014215611 -0.99713800814411135
  outer loop
   vertex 6.8575825691223145 -0.59745419025421143 -2.5304245948791504
   vertex 6.0456886291503906 -0.52112752199172974 -2.547238826751709
   vertex 6.587425708770752 0.19135573506355286 -2.5929486751556396
  endloop
 endfacet
 facet normal 0.0125871363927501 -0.555537826721062 0.83139598692769123
  outer loop
   vertex 5.2933225631713867 -1.7287213802337646 1.9420408010482788
   vertex 5.0593047142028809 -1.1525237560272217 2.3305983543395996
   vertex 4.5428528785705566 -1.6707147359848022 1.9921627044677734
  endloop
 endfacet
 facet normal -0.032831670434163483 -0.80861981940522021 -0.58741473345633033
  outer loop
   vertex 6.703221321105957 -1.9247761964797974 -1.7479234933853149
   vertex 6.0652556419372559 -2.3288872241973877 -1.155977725982666
   vertex 5.8732538223266602 -1.7931829690933228 -1.8826829195022583
  endloop
 endfacet
 facet normal -0.031024710872430524 -0.49229799943057878 0.86987363856593092
  outer loop
   vertex 5.7674846649169922 -1.5540148019790649 2.0844755172729492
   vertex 6.3358626365661621 -1.1733217239379883 2.3201973438262939
   vertex 5.7684259414672852 -0.98720026016235352 2.4052932262420654
  endloop
 endfacet
 facet normal 0.0085143527993434293 -0.0251250691749123 0.99964805641553878
  outer loop
   vertex 5.3984055519104004 -0.41449961066246033 2.5667469501495361
   vertex 6.2313799858093262 -0.46306306123733521 2.5584316253662109
   vertex 5.964442253112793 0.31896486878395081 2.5803606510162354
  endloop
 endfacet
 facet normal -0.026412472179961306 -0.08797464026018309 -0.99577248605514013
  outer loop
   vertex 7.4340949058532715 0.016390688717365265 -2.5999484062194824
   vertex 6.8575825691223145 -0.59745419025421143 -2.5304245948791504
   vertex 6.587425708770752 0.19135573506355286 -2.5929486751556396
  endloop
 endfacet
 facet normal 0.02737187077234475 -0.99114520081998181 0.12993064142818567
  outer loop
   vertex 5.7782974243164062 -2.5951733589172363 -0.15835113823413849
   vertex 5.2866816520690918 -2.489823579788208 0.74885112047195435
   vertex 4.8800764083862305 -2.5999932289123535 -0.0058944248594343662
  endloop
 endfacet
 facet normal -0.0064469287364494875 -0.27519078592759982 0.96136801925715054
  outer loop
   vertex 5.7684259414672852 -0.98720026016235352 2.4052932262420654
   vertex 6.2313799858093262 -0.46306306123733521 2.5584316253662109
   vertex 5.3984055519104004 -0.41449961066246033 2.5667469501495361
  endloop
 endfacet
 facet normal 0.0027823147545614 -0.020703964207117554 0.99978177848504379
  outer loop
   vertex 5.964442253112793 0.31896486878395081 2.5803606510162354
   vertex 5.0632724761962891 0.30115604400634766 2.5824997425079346
   vertex 5.3984055519104004 -0.41449961066246033 2.5667469501495361
  endloop
 endfacet
 facet normal 0.067616507451924643 -0.7944720819095813 -0.60352474596014627
  outer loop
   vertex 6.0652556419372559 -2.3288872241973877 -1.155977725982666
   vertex 5.4273719787597656 -2.1438372135162354 -1.4710410833358765
   vertex 5.8732538223266602 -1.7931829690933228 -1.8826829195022583
  endloop
 endfacet
 facet normal 0.0079007454940346975 -0.33220782817677841 -0.94317312149928589
  outer loop
   vertex 5.5141682624816895 -1.1615071296691895 -2.3261344432830811
   vertex 6.0456886291503906 -0.52112752199172974 -2.547238826751709
   vertex 6.3834490776062012 -1.2071630954742432 -2.3027715682983398
  endloop
 endfacet
 facet normal -0.0082599776738708688 -0.89776525256679374 0.44039678024766288
  outer loop
   vertex 4.4476728439331055 -2.4782993793487549 0.78614991903305054
   vertex 4.9375600814819336 -2.1545641422271729 1.4552844762802124
   vertex 4.1145825386047363 -2.1282305717468262 1.4935308694839478
  endloop
 endfacet
 facet normal -0.012605659803783338 -0.3411466251185325 -0.93992557019752709
  outer loop
   vertex 6.3834490776062012 -1.2071630954742432 -2.3027715682983398
   vertex 6.0456886291503906 -0.52112752199172974 -2.547238826751709
   vertex 6.8575825691223145 -0.59745419025421143 -2.5304245948791504
  endloop
 endfacet
 facet normal -0.006998584170413818 -0.9889437710374156 0.14812574909820805
  outer loop
   vertex 5.2866816520690918 -2.489823579788208 0.74885112047195435
   vertex 4.4476728439331055 -2.4782993793487549 0.78614991903305054
   vertex 4.8800764083862305 -2.5999932289123535 -0.0058944248594343662
  endloop
 endfacet
 facet normal 0.034153066623304904 -0.60174852688051972 -0.79795506041214415
  outer loop
   vertex 6.3834490776062012 -1.2071630954742432 -2.3027715682983398
   vertex 6.703221321105957 -1.9247761964797974 -1.7479234933853149
   vertex 5.8732538223266602 -1.7931829690933228 -1.8826829195022583
  endloop
 endfacet
 facet normal -0.032916055132707546 -0.29083721061055551 0.95620617559121213
  outer loop
   vertex 5.0593047142028809 -1.1525237560272217 2.3305983543395996
   vertex 5.7684259414672852 -0.98720026016235352 2.4052932262420654
   vertex 5.3984055519104004 -0.41449961066246033 2.5667469501495361
  endloop
 endfacet
 facet normal -0.008408906099577701 -0.57775088501523841 -0.81616983842967217
  outer loop
   vertex 5.5141682624816895 -1.1615071296691895 -2.3261344432830811
   vertex 6.3834490776062012 -1.2071630954742432 -2.3027715682983398
   vertex 5.8732538223266602 -1.7931829690933228 -1.8826829195022583
  endloop
 endfacet
 facet normal 0.023170896836627104 -0.49247103216951466 0.87002033999997908
  outer loop
   vertex 5.0593047142028809 -1.1525237560272217 2.3305983543395996
   vertex 5.7674846649169922 -1.5540148019790649 2.0844755172729492
   vertex 5.7684259414672852 -0.98720026016235352 2.4052932262420654
  endloop
 endfacet
 facet normal -0.023153921079776908 -0.61794736995389421 -0.78587845364642517
  outer loop
   vertex 6.703221321105957 -1.9247761964797974 -1.7479234933853149
   vertex 6.3834490776062012 -1.2071630954742432 -2.3027715682983398
   vertex 7.0910720825195312 -1.2950338125228882 -2.254525899887085
  endloop
 endfacet
 facet normal -0.013447833861277479 -0.7476701200611906 0.66393414382160243
  outer loop
   vertex 5.2933225631713867 -1.7287213802337646 1.9420408010482788
   vertex 4.5428528785705566 -1.6707147359848022 1.9921627044677734
   vertex 4.9375600814819336 -2.1545641422271729 1.4552844762802124
  endloop
 endfacet
 facet normal -0.037104309964802143 -0.56903153466795142 0.82147816936025264
  outer loop
   vertex 5.7674846649169922 -1.5540148019790649 2.0844755172729492
   vertex 5.0593047142028809 -1.1525237560272217 2.3305983543395996
   vertex 5.2933225631713867 -1.7287213802337646 1.9420408010482788
  endloop
 endfacet
 facet normal 0.00218311478543122 -0.90300387401390758 0.4296268584780385
  outer loop
   vertex 5.7873783111572266 -2.1476967334747314 1.4654003381729126
   vertex 4.9375600814819336 -2.1545641422271729 1.4552844762802124
   vertex 5.2866816520690918 -2.489823579788208 0.74885112047195435
  endloop
 endfacet
 facet normal 0.018537961771846908 -0.36235240378274031 -0.93185679127547028
  outer loop
   vertex 7.0910720825195312 -1.2950338125228882 -2.254525899887085
   vertex 6.3834490776062012 -1.2071630954742432 -2.3027715682983398
   vertex 6.8575825691223145 -0.59745419025421143 -2.5304245948791504
  endloop
 endfacet
 facet normal 0.057293953108528556 -0.71964832491262054 0.69197087466717633
  outer loop
   vertex 5.7873783111572266 -2.1476967334747314 1.4654003381729126
   vertex 5.7674846649169922 -1.5540148019790649 2.0844755172729492
   vertex 5.2933225631713867 -1.7287213802337646 1.9420408010482788
  endloop
 endfacet
 facet normal 0.0067907690617729785 -0.90209945212250231 0.43147475469119945
  outer loop
   vertex 4.9375600814819336 -2.1545641422271729 1.4552844762802124
   vertex 4.4476728439331055 -2.4782993793487549 0.78614991903305054
   vertex 5.2866816520690918 -2.489823579788208 0.74885112047195435
  endloop
 endfacet
 facet normal -0.0017697028401264423 -0.75198705954788814 0.65917549288818267
  outer loop
   vertex 5.7873783111572266 -2.1476967334747314 1.4654003381729126
   vertex 5.2933225631713867 -1.7287213802337646 1.9420408010482788
   vertex 4.9375600814819336 -2.1545641422271729 1.4552844762802124
  endloop
 endfacet
 facet normal -0 1 0
  outer loop
   vertex 9.7387142181396484 0.95679998397827148 1.9080578088760376
   vertex 9.7323141098022461 0.95679998397827148 2.0564565658569336
   vertex 10.383623123168945 0.95679998397827148 2.1015801429748535
  endloop
 endfacet
 facet normal -0 1 0
  outer loop
   vertex 13.772719383239746 0.95679998397827148 -2.2748425006866455
   vertex 13.309993743896484 0.95679998397827148 -2.2733163833618164
   vertex 13.310370445251465 0.95679998397827148 -2.1771795749664307
  endloop
 endfacet
 facet normal -0 1 0
  outer loop
   vertex 12.865885734558105 0.95679998397827148 2.2209508419036865
   vertex 12.865478515625 0.95679998397827148 2.2892336845397949
   vertex 13.219253540039062 0.95679998397827148 2.2895445823669434
  endloop
 endfacet
 facet normal 0 1 -0
  outer loop
   vertex 2.9307894706726074 0.95679998397827148 -1.9647343158721924
   vertex 2.293393611907959 0.95679998397827148 -1.9793442487716675
   vertex 2.2897069454193115 0.95679998397827148 -1.8002866506576538
  endloop
 endfacet
 facet normal 0 1 0
  outer loop
   vertex 10.383623123168945 0.95679998397827148 2.1015801429748535
   vertex 10.938275337219238 0.95679998397827148 2.1465187072753906
   vertex 10.944429397583008 0.95679998397827148 2.020010232925415
  endloop
 endfacet
 facet normal -0 1 -0
  outer loop
   vertex 7.2006330490112305 0.95679998397827148 -1.9202828407287598
   vertex 6.3393459320068359 0.95679998397827148 -1.9106559753417969
   vertex 6.3392367362976074 0.95679998397827148 -1.7170275449752808
  endloop
 endfacet
 facet normal 0 1 -0
  outer loop
   vertex 6.3393459320068359 0.95679998397827148 -1.9106559753417969
   vertex 5.4564051628112793 0.95679998397827148 -1.9134129285812378
   vertex 5.455662727355957 0.95679998397827148 -1.7205109596252441
  endloop
 endfacet
 facet normal 0 1 -0
  outer loop
   vertex 12.80029296875 0.95679998397827148 -1.9064804315567017
   vertex 12.79906177520752 0.95679998397827148 -2.0550000667572021
   vertex 12.194276809692383 0.95679998397827148 -2.0487892627716064
  endloop
 endfacet
 facet normal 0 1 0
  outer loop
   vertex 8.9578800201416016 0.95679998397827148 2.0116465091705322
   vertex 9.7323141098022461 0.95679998397827148 2.0564565658569336
   vertex 9.7387142181396484 0.95679998397827148 1.9080578088760376
  endloop
 endfacet
 facet normal 0 1 -0
  outer loop
   vertex 12.195916175842285 0.95679998397827148 -1.8995479345321655
   vertex 12.194276809692383 0.95679998397827148 -2.0487892627716064
   vertex 11.489251136779785 0.95679998397827148 -2.0379533767700195
  endloop
 endfacet
 facet normal 0 1 0
  outer loop
   vertex 4.5514321327209473 0.95679998397827148 -2.4175469875335693
   vertex 3.6960549354553223 0.95679998397827148 -2.4175469875335693
   vertex 3.6961321830749512 0.95679998397827148 -2.329174280166626
  endloop
 endfacet
 facet normal 0 1 -0
  outer loop
   vertex 8.0520792007446289 0.95679998397827148 -1.7502260208129883
   vertex 8.0511512756347656 0.95679998397827148 -1.9357258081436157
   vertex 7.2006330490112305 0.95679998397827148 -1.9202828407287598
  endloop
 endfacet
 facet normal 0 1 -0
  outer loop
   vertex 13.310370445251465 0.95679998397827148 -2.1771795749664307
   vertex 13.309993743896484 0.95679998397827148 -2.2733163833618164
   vertex 12.797783851623535 0.95679998397827148 -2.2713022232055664
  endloop
 endfacet
 facet normal -0 1 0
  outer loop
   vertex 10.686740875244141 0.95679998397827148 -2.0181941986083984
   vertex 9.8005905151367188 0.95679998397827148 -1.9895980358123779
   vertex 9.8021526336669922 0.95679998397827148 -1.8223395347595215
  endloop
 endfacet
 facet normal -0 1 0
  outer loop
   vertex 13.772582054138184 0.95679998397827148 -2.3529372215270996
   vertex 13.309804916381836 0.95679998397827148 -2.3520998954772949
   vertex 13.309993743896484 0.95679998397827148 -2.2733163833618164
  endloop
 endfacet
 facet normal -0 1 0
  outer loop
   vertex 11.489251136779785 0.95679998397827148 -2.0379533767700195
   vertex 10.686740875244141 0.95679998397827148 -2.0181941986083984
   vertex 10.688434600830078 0.95679998397827148 -1.8604743480682373
  endloop
 endfacet
 facet normal -0 1 0
  outer loop
   vertex 12.178240776062012 0.95679998397827148 2.2096495628356934
   vertex 12.176872253417969 0.95679998397827148 2.2833621501922607
   vertex 12.523207664489746 0.95679998397827148 2.2874846458435059
  endloop
 endfacet
 facet normal 0 1 -0
  outer loop
   vertex 5.4564051628112793 0.95679998397827148 -1.9134129285812378
   vertex 4.550696849822998 0.95679998397827148 -1.9270715713500977
   vertex 4.549191951751709 0.95679998397827148 -1.7380181550979614
  endloop
 endfacet
 facet normal -0 1 0
  outer loop
   vertex 12.523930549621582 0.95679998397827148 2.2170350551605225
   vertex 12.523207664489746 0.95679998397827148 2.2874846458435059
   vertex 12.865478515625 0.95679998397827148 2.2892336845397949
  endloop
 endfacet
 facet normal -0 1 0
  outer loop
   vertex 3.7689139842987061 0.95679998397827148 1.6771699190139771
   vertex 3.7682137489318848 0.95679998397827148 1.8790078163146973
   vertex 4.652644157409668 0.95679998397827148 1.8846434354782104
  endloop
 endfacet
 facet normal -0 1 0
  outer loop
   vertex 4.654747486114502 0.95679998397827148 1.6840134859085083
   vertex 4.652644157409668 0.95679998397827148 1.8846434354782104
   vertex 5.5516347885131836 0.95679998397827148 1.8951418399810791
  endloop
 endfacet
 facet normal -0 1 0
  outer loop
   vertex 11.419216156005859 0.95679998397827148 2.0558135509490967
   vertex 11.413183212280273 0.95679998397827148 2.1768410205841064
   vertex 11.814208030700684 0.95679998397827148 2.196073055267334
  endloop
 endfacet
 facet normal 0 1 -0
  outer loop
   vertex 13.310981750488281 0.95679998397827148 -2.0587835311889648
   vertex 13.310370445251465 0.95679998397827148 -2.1771795749664307
   vertex 12.79825496673584 0.95679998397827148 -2.1741092205047607
  endloop
 endfacet
 facet normal 0 1 -0
  outer loop
   vertex 3.6946344375610352 0.95679998397827148 -1.9459537267684937
   vertex 2.9307894706726074 0.95679998397827148 -1.9647343158721924
   vertex 2.9277188777923584 0.95679998397827148 -1.7842206954956055
  endloop
 endfacet
 facet normal 0 1 -0
  outer loop
   vertex 8.9179506301879883 0.95679998397827148 -1.7816596031188965
   vertex 8.9166345596313477 0.95679998397827148 -1.9592405557632446
   vertex 8.0511512756347656 0.95679998397827148 -1.9357258081436157
  endloop
 endfacet
 facet normal 0 1 0
  outer loop
   vertex 5.5516347885131836 0.95679998397827148 1.8951418399810791
   vertex 6.4207248687744141 0.95679998397827148 1.9130780696868896
   vertex 6.4250907897949219 0.95679998397827148 1.7211439609527588
  endloop
 endfacet
 facet normal 0 1 0
  outer loop
   vertex 6.4207248687744141 0.95679998397827148 1.9130780696868896
   vertex 7.2682428359985352 0.95679998397827148 1.938761830329895
   vertex 7.2734346389770508 0.95679998397827148 1.7548171281814575
  endloop
 endfacet
 facet normal 0 1 0
  outer loop
   vertex 10.938275337219238 0.95679998397827148 2.1465187072753906
   vertex 11.413183212280273 0.95679998397827148 2.1768410205841064
   vertex 11.419216156005859 0.95679998397827148 2.0558135509490967
  endloop
 endfacet
 facet normal 0 1 -0
  outer loop
   vertex 9.8021526336669922 0.95679998397827148 -1.8223395347595215
   vertex 9.8005905151367188 0.95679998397827148 -1.9895980358123779
   vertex 8.9166345596313477 0.95679998397827148 -1.9592405557632446
  endloop
 endfacet
 facet normal 0 1 -0
  outer loop
   vertex 2.2950122356414795 0.95679998397827148 -2.1221587657928467
   vertex 1.7673478126525879 0.95679998397827148 -2.1302428245544434
   vertex 1.765556812286377 0.95679998397827148 -1.9887745380401611
  endloop
 endfacet
 facet normal -0 1 0
  outer loop
   vertex 14.199807167053223 0.95679998397827148 -2.35353684425354
   vertex 13.772582054138184 0.95679998397827148 -2.3529372215270996
   vertex 13.772719383239746 0.95679998397827148 -2.2748425006866455
  endloop
 endfacet
 facet normal 0 1 0
  outer loop
   vertex 8.1062889099121094 0.95679998397827148 1.9710601568222046
   vertex 8.9578800201416016 0.95679998397827148 2.0116465091705322
   vertex 8.9641523361206055 0.95679998397827148 1.8501652479171753
  endloop
 endfacet
 facet normal 0 1 -0
  outer loop
   vertex 4.550696849822998 0.95679998397827148 -1.9270715713500977
   vertex 3.6946344375610352 0.95679998397827148 -1.9459537267684937
   vertex 3.6923363208770752 0.95679998397827148 -1.7616920471191406
  endloop
 endfacet
 facet normal 0 1 0
  outer loop
   vertex 7.2682428359985352 0.95679998397827148 1.938761830329895
   vertex 8.1062889099121094 0.95679998397827148 1.9710601568222046
   vertex 8.1121273040771484 0.95679998397827148 1.7971322536468506
  endloop
 endfacet
 facet normal 0 1 -0
  outer loop
   vertex 1.7681008577346802 0.95679998397827148 -2.2447903156280518
   vertex 1.2956688404083252 0.95679998397827148 -2.2487418651580811
   vertex 1.2949429750442505 0.95679998397827148 -2.1352200508117676
  endloop
 endfacet
 facet normal 0 1 0
  outer loop
   vertex 14.02888298034668 0.95679998397827148 2.4175469875335693
   vertex 14.514747619628906 0.95679998397827148 2.4175469875335693
   vertex 14.514678001403809 0.95679998397827148 2.3809072971343994
  endloop
 endfacet
 facet normal 0 1 0
  outer loop
   vertex 13.772375106811523 0.95679998397827148 -2.4175469875335693
   vertex 13.309604644775391 0.95679998397827148 -2.4175469875335693
   vertex 13.309804916381836 0.95679998397827148 -2.3520998954772949
  endloop
 endfacet
 facet normal 0 1 -0
  outer loop
   vertex 1.2958179712295532 0.95679998397827148 -2.3415558338165283
   vertex 0.86072570085525513 0.95679998397827148 -2.3429243564605713
   vertex 0.86065757274627686 0.95679998397827148 -2.2508649826049805
  endloop
 endfacet
 facet normal 0 1 0
  outer loop
   vertex 13.219399452209473 0.95679998397827148 2.3418874740600586
   vertex 13.601929664611816 0.95679998397827148 2.3408169746398926
   vertex 13.601530075073242 0.95679998397827148 2.2888553142547607
  endloop
 endfacet
 facet normal 0 1 0
  outer loop
   vertex 13.601929664611816 0.95679998397827148 2.3408169746398926
   vertex 13.602248191833496 0.95679998397827148 2.3826603889465332
   vertex 14.028830528259277 0.95679998397827148 2.3816759586334229
  endloop
 endfacet
 facet normal 0 1 0
  outer loop
   vertex 11.812390327453613 0.95679998397827148 2.2747461795806885
   vertex 12.176872253417969 0.95679998397827148 2.2833621501922607
   vertex 12.178240776062012 0.95679998397827148 2.2096495628356934
  endloop
 endfacet
 facet normal 0 1 0
  outer loop
   vertex 1.3902019262313843 0.95679998397827148 2.3152065277099609
   vertex 2.1308724880218506 0.95679998397827148 2.3151590824127197
   vertex 2.130903959274292 0.95679998397827148 2.1936841011047363
  endloop
 endfacet
 facet normal 0 1 -0
  outer loop
   vertex 3.6960513591766357 0.95679998397827148 -2.223747730255127
   vertex 2.9327163696289062 0.95679998397827148 -2.2320008277893066
   vertex 2.9321439266204834 0.95679998397827148 -2.1109902858734131
  endloop
 endfacet
 facet normal 0 1 -0
  outer loop
   vertex 3.6961321830749512 0.95679998397827148 -2.329174280166626
   vertex 2.9328455924987793 0.95679998397827148 -2.3330733776092529
   vertex 2.9327163696289062 0.95679998397827148 -2.2320008277893066
  endloop
 endfacet
 facet normal 0 1 0
  outer loop
   vertex 3.6960549354553223 0.95679998397827148 -2.4175469875335693
   vertex 2.9327642917633057 0.95679998397827148 -2.4175469875335693
   vertex 2.9328455924987793 0.95679998397827148 -2.3330733776092529
  endloop
 endfacet
 facet normal -0 1 0
  outer loop
   vertex 9.7272109985351562 0.95679998397827148 2.3520996570587158
   vertex 9.7271337509155273 0.95679998397827148 2.4175469875335693
   vertex 10.378964424133301 0.95679998397827148 2.4175469875335693
  endloop
 endfacet
 facet normal 0 1 -0
  outer loop
   vertex 12.192462921142578 0.95679998397827148 -2.3497684001922607
   vertex 12.192276954650879 0.95679998397827148 -2.4175469875335693
   vertex 11.487183570861816 0.95679998397827148 -2.4175469875335693
  endloop
 endfacet
 facet normal 0 1 0
  outer loop
   vertex 14.624777793884277 0.95679998397827148 -2.4175469875335693
   vertex 14.19959545135498 0.95679998397827148 -2.4175469875335693
   vertex 14.199807167053223 0.95679998397827148 -2.35353684425354
  endloop
 endfacet
 facet normal 0 1 -0
  outer loop
   vertex 13.309993743896484 0.95679998397827148 -2.2733163833618164
   vertex 13.309804916381836 0.95679998397827148 -2.3520998954772949
   vertex 12.797555923461914 0.95679998397827148 -2.3510844707489014
  endloop
 endfacet
 facet normal 0 1 0
  outer loop
   vertex 5.4564132690429688 0.95679998397827148 -2.4175469875335693
   vertex 4.5514321327209473 0.95679998397827148 -2.4175469875335693
   vertex 4.551513671875 0.95679998397827148 -2.3255419731140137
  endloop
 endfacet
 facet normal 0 1 0
  outer loop
   vertex 0.86054891347885132 0.95679998397827148 -2.4175469875335693
   vertex 0.43477985262870789 0.95679998397827148 -2.4175469875335693
   vertex 0.43502786755561829 0.95679998397827148 -2.3431992530822754
  endloop
 endfacet
 facet normal -0 1 0
  outer loop
   vertex 4.6496820449829102 0.95679998397827148 2.3168833255767822
   vertex 4.6495590209960938 0.95679998397827148 2.4175469875335693
   vertex 5.5475773811340332 0.95679998397827148 2.4175469875335693
  endloop
 endfacet
 facet normal 0 1 -0
  outer loop
   vertex 3.6956360340118408 0.95679998397827148 -2.0975780487060547
   vertex 2.9321439266204834 0.95679998397827148 -2.1109902858734131
   vertex 2.9307894706726074 0.95679998397827148 -1.9647343158721924
  endloop
 endfacet
 facet normal -0 1 0
  outer loop
   vertex 4.6500649452209473 0.95679998397827148 2.1974670886993408
   vertex 4.6496820449829102 0.95679998397827148 2.3168833255767822
   vertex 5.5476870536804199 0.95679998397827148 2.3191230297088623
  endloop
 endfacet
 facet normal 0 1 -0
  outer loop
   vertex 2.9327163696289062 0.95679998397827148 -2.2320008277893066
   vertex 2.2956922054290771 0.95679998397827148 -2.2391858100891113
   vertex 2.2950122356414795 0.95679998397827148 -2.1221587657928467
  endloop
 endfacet
 facet normal 0 1 -0
  outer loop
   vertex 2.9321439266204834 0.95679998397827148 -2.1109902858734131
   vertex 2.2950122356414795 0.95679998397827148 -2.1221587657928467
   vertex 2.293393611907959 0.95679998397827148 -1.9793442487716675
  endloop
 endfacet
 facet normal 0 1 -0
  outer loop
   vertex 2.9328455924987793 0.95679998397827148 -2.3330733776092529
   vertex 2.2958471775054932 0.95679998397827148 -2.3365554809570312
   vertex 2.2956922054290771 0.95679998397827148 -2.2391858100891113
  endloop
 endfacet
 facet normal 0 1 0
  outer loop
   vertex 0.6944725513458252 0.95679998397827148 2.4175469875335693
   vertex 1.3899284601211548 0.95679998397827148 2.4175469875335693
   vertex 1.3902019262313843 0.95679998397827148 2.3152065277099609
  endloop
 endfacet
 facet normal 0 1 0
  outer loop
   vertex 10.934267044067383 0.95679998397827148 2.4175469875335693
   vertex 11.409699440002441 0.95679998397827148 2.4175469875335693
   vertex 11.40974235534668 0.95679998397827148 2.3768274784088135
  endloop
 endfacet
 facet normal -0 1 0
  outer loop
   vertex 2.9231319427490234 0.95679998397827148 1.8769184350967407
   vertex 2.9228639602661133 0.95679998397827148 2.0491883754730225
   vertex 3.7672498226165771 0.95679998397827148 2.0507678985595703
  endloop
 endfacet
 facet normal -0 1 0
  outer loop
   vertex 11.410048484802246 0.95679998397827148 2.326308012008667
   vertex 11.40974235534668 0.95679998397827148 2.3768274784088135
   vertex 11.811402320861816 0.95679998397827148 2.3807172775268555
  endloop
 endfacet
 facet normal -0 1 0
  outer loop
   vertex 11.40974235534668 0.95679998397827148 2.3768274784088135
   vertex 11.409699440002441 0.95679998397827148 2.4175469875335693
   vertex 11.81137752532959 0.95679998397827148 2.4175469875335693
  endloop
 endfacet
 facet normal 0 1 -0
  outer loop
   vertex 8.9151935577392578 0.95679998397827148 -2.2315750122070312
   vertex 8.9149074554443359 0.95679998397827148 -2.3327906131744385
   vertex 8.0496540069580078 0.95679998397827148 -2.3281776905059814
  endloop
 endfacet
 facet normal -0 1 0
  outer loop
   vertex 2.1309332847595215 0.95679998397827148 2.0487949848175049
   vertex 2.130903959274292 0.95679998397827148 2.1936841011047363
   vertex 2.9225478172302246 0.95679998397827148 2.1939136981964111
  endloop
 endfacet
 facet normal 0 1 0
  outer loop
   vertex 14.19959545135498 0.95679998397827148 -2.4175469875335693
   vertex 13.772375106811523 0.95679998397827148 -2.4175469875335693
   vertex 13.772582054138184 0.95679998397827148 -2.3529372215270996
  endloop
 endfacet
 facet normal 0 1 0
  outer loop
   vertex 8.9523820877075195 0.95679998397827148 2.4175469875335693
   vertex 9.7271337509155273 0.95679998397827148 2.4175469875335693
   vertex 9.7272109985351562 0.95679998397827148 2.3520996570587158
  endloop
 endfacet
 facet normal 0 1 -0
  outer loop
   vertex 9.7990608215332031 0.95679998397827148 -2.2442429065704346
   vertex 9.7987747192382812 0.95679998397827148 -2.3386077880859375
   vertex 8.9149074554443359 0.95679998397827148 -2.3327906131744385
  endloop
 endfacet
 facet normal -0 1 0
  outer loop
   vertex 11.48820972442627 0.95679998397827148 -2.1621534824371338
   vertex 10.68571949005127 0.95679998397827148 -2.1486914157867432
   vertex 10.686740875244141 0.95679998397827148 -2.0181941986083984
  endloop
 endfacet
 facet normal -0 1 0
  outer loop
   vertex 12.522880554199219 0.95679998397827148 2.3418807983398438
   vertex 12.522846221923828 0.95679998397827148 2.3839647769927979
   vertex 12.865458488464355 0.95679998397827148 2.3840677738189697
  endloop
 endfacet
 facet normal 0 1 -0
  outer loop
   vertex 4.551513671875 0.95679998397827148 -2.3255419731140137
   vertex 3.6961321830749512 0.95679998397827148 -2.329174280166626
   vertex 3.6960513591766357 0.95679998397827148 -2.223747730255127
  endloop
 endfacet
 facet normal -0 1 0
  outer loop
   vertex 9.7323141098022461 0.95679998397827148 2.0564565658569336
   vertex 9.7292690277099609 0.95679998397827148 2.1761295795440674
   vertex 10.380833625793457 0.95679998397827148 2.2078850269317627
  endloop
 endfacet
 facet normal 0 1 0
  outer loop
   vertex 13.219589233398438 0.95679998397827148 2.3835213184356689
   vertex 13.602248191833496 0.95679998397827148 2.3826603889465332
   vertex 13.601929664611816 0.95679998397827148 2.3408169746398926
  endloop
 endfacet
 facet normal -0 1 0
  outer loop
   vertex 9.7277812957763672 0.95679998397827148 2.2732977867126465
   vertex 9.7272109985351562 0.95679998397827148 2.3520996570587158
   vertex 10.379033088684082 0.95679998397827148 2.3612287044525146
  endloop
 endfacet
 facet normal 0 1 0
  outer loop
   vertex 11.81137752532959 0.95679998397827148 2.4175469875335693
   vertex 12.176154136657715 0.95679998397827148 2.4175469875335693
   vertex 12.176164627075195 0.95679998397827148 2.3830525875091553
  endloop
 endfacet
 facet normal 0 1 0
  outer loop
   vertex 2.2957541942596436 0.95679998397827148 -2.4175469875335693
   vertex 1.7681549787521362 0.95679998397827148 -2.4175469875335693
   vertex 1.7682650089263916 0.95679998397827148 -2.339390754699707
  endloop
 endfacet
 facet normal 0 1 -0
  outer loop
   vertex 12.797783851623535 0.95679998397827148 -2.2713022232055664
   vertex 12.797555923461914 0.95679998397827148 -2.3510844707489014
   vertex 12.192462921142578 0.95679998397827148 -2.3497684001922607
  endloop
 endfacet
 facet normal 0 1 -0
  outer loop
   vertex 12.797555923461914 0.95679998397827148 -2.3510844707489014
   vertex 12.797362327575684 0.95679998397827148 -2.4175469875335693
   vertex 12.192276954650879 0.95679998397827148 -2.4175469875335693
  endloop
 endfacet
 facet normal 0 1 0
  outer loop
   vertex 2.9327642917633057 0.95679998397827148 -2.4175469875335693
   vertex 2.2957541942596436 0.95679998397827148 -2.4175469875335693
   vertex 2.2958471775054932 0.95679998397827148 -2.3365554809570312
  endloop
 endfacet
 facet normal 0 1 0
  outer loop
   vertex 5.5475773811340332 0.95679998397827148 2.4175469875335693
   vertex 6.4160208702087402 0.95679998397827148 2.4175469875335693
   vertex 6.4161219596862793 0.95679998397827148 2.3229010105133057
  endloop
 endfacet
 facet normal 0 1 0
  outer loop
   vertex 11.487183570861816 0.95679998397827148 -2.4175469875335693
   vertex 10.684687614440918 0.95679998397827148 -2.4175469875335693
   vertex 10.684856414794922 0.95679998397827148 -2.3440141677856445
  endloop
 endfacet
 facet normal 0 1 0
  outer loop
   vertex 1.7681549787521362 0.95679998397827148 -2.4175469875335693
   vertex 1.2956854104995728 0.95679998397827148 -2.4175469875335693
   vertex 1.2958179712295532 0.95679998397827148 -2.3415558338165283
  endloop
 endfacet
 facet normal 0 1 -0
  outer loop
   vertex 12.79906177520752 0.95679998397827148 -2.0550000667572021
   vertex 12.79825496673584 0.95679998397827148 -2.1741092205047607
   vertex 12.19328498840332 0.95679998397827148 -2.1695926189422607
  endloop
 endfacet
 facet normal 0 1 -0
  outer loop
   vertex 12.79825496673584 0.95679998397827148 -2.1741092205047607
   vertex 12.797783851623535 0.95679998397827148 -2.2713022232055664
   vertex 12.192726135253906 0.95679998397827148 -2.2685441970825195
  endloop
 endfacet
 facet normal -0 1 0
  outer loop
   vertex 12.176301956176758 0.95679998397827148 2.3397195339202881
   vertex 12.176164627075195 0.95679998397827148 2.3830525875091553
   vertex 12.522846221923828 0.95679998397827148 2.3839647769927979
  endloop
 endfacet
 facet normal -0 1 0
  outer loop
   vertex 12.176164627075195 0.95679998397827148 2.3830525875091553
   vertex 12.176154136657715 0.95679998397827148 2.4175469875335693
   vertex 12.522848129272461 0.95679998397827148 2.4175469875335693
  endloop
 endfacet
 facet normal -0 1 0
  outer loop
   vertex 7.1996126174926758 0.95679998397827148 -2.3249588012695312
   vertex 6.3388452529907227 0.95679998397827148 -2.3228075504302979
   vertex 6.3389902114868164 0.95679998397827148 -2.2100114822387695
  endloop
 endfacet
 facet normal 0 1 0
  outer loop
   vertex 7.199486255645752 0.95679998397827148 -2.4175469875335693
   vertex 6.3387351036071777 0.95679998397827148 -2.4175469875335693
   vertex 6.3388452529907227 0.95679998397827148 -2.3228075504302979
  endloop
 endfacet
 facet normal 0 1 0
  outer loop
   vertex 6.3389902114868164 0.95679998397827148 -2.2100114822387695
   vertex 5.456578254699707 0.95679998397827148 -2.2106492519378662
   vertex 5.4565858840942383 0.95679998397827148 -2.0754601955413818
  endloop
 endfacet
 facet normal 0 1 0
  outer loop
   vertex 1.2956854104995728 0.95679998397827148 -2.4175469875335693
   vertex 0.86054891347885132 0.95679998397827148 -2.4175469875335693
   vertex 0.86072570085525513 0.95679998397827148 -2.3429243564605713
  endloop
 endfacet
 facet normal 0 1 -0
  outer loop
   vertex 8.0496540069580078 0.95679998397827148 -2.3281776905059814
   vertex 8.0495147705078125 0.95679998397827148 -2.4175469875335693
   vertex 7.199486255645752 0.95679998397827148 -2.4175469875335693
  endloop
 endfacet
 facet normal 0 1 0
  outer loop
   vertex 6.3388452529907227 0.95679998397827148 -2.3228075504302979
   vertex 5.4565062522888184 0.95679998397827148 -2.3230879306793213
   vertex 5.456578254699707 0.95679998397827148 -2.2106492519378662
  endloop
 endfacet
 facet normal 0 1 0
  outer loop
   vertex 10.378964424133301 0.95679998397827148 2.4175469875335693
   vertex 10.934267044067383 0.95679998397827148 2.4175469875335693
   vertex 10.934320449829102 0.95679998397827148 2.3705296516418457
  endloop
 endfacet
 facet normal 0 1 -0
  outer loop
   vertex 5.4565062522888184 0.95679998397827148 -2.3230879306793213
   vertex 4.551513671875 0.95679998397827148 -2.3255419731140137
   vertex 4.5515027046203613 0.95679998397827148 -2.2159593105316162
  endloop
 endfacet
 facet normal 0 1 -0
  outer loop
   vertex 8.9149074554443359 0.95679998397827148 -2.3327906131744385
   vertex 8.9147567749023438 0.95679998397827148 -2.4175469875335693
   vertex 8.0495147705078125 0.95679998397827148 -2.4175469875335693
  endloop
 endfacet
 facet normal 0 1 -0
  outer loop
   vertex 8.9157314300537109 0.95679998397827148 -2.1083436012268066
   vertex 8.9151935577392578 0.95679998397827148 -2.2315750122070312
   vertex 8.0499057769775391 0.95679998397827148 -2.221560001373291
  endloop
 endfacet
 facet normal -0 1 0
  outer loop
   vertex 10.68571949005127 0.95679998397827148 -2.1486914157867432
   vertex 9.7996225357055664 0.95679998397827148 -2.1291739940643311
   vertex 9.8005905151367188 0.95679998397827148 -1.9895980358123779
  endloop
 endfacet
 facet normal 0 1 0
  outer loop
   vertex 10.934698104858398 0.95679998397827148 2.3128561973571777
   vertex 11.410048484802246 0.95679998397827148 2.326308012008667
   vertex 11.410989761352539 0.95679998397827148 2.2613949775695801
  endloop
 endfacet
 facet normal 0 1 0
  outer loop
   vertex 10.934320449829102 0.95679998397827148 2.3705296516418457
   vertex 11.40974235534668 0.95679998397827148 2.3768274784088135
   vertex 11.410048484802246 0.95679998397827148 2.326308012008667
  endloop
 endfacet
 facet normal -0 1 0
  outer loop
   vertex 11.410989761352539 0.95679998397827148 2.2613949775695801
   vertex 11.410048484802246 0.95679998397827148 2.326308012008667
   vertex 11.811623573303223 0.95679998397827148 2.3346130847930908
  endloop
 endfacet
 facet normal -0 1 0
  outer loop
   vertex 11.487630844116211 0.95679998397827148 -2.264117956161499
   vertex 10.685141563415527 0.95679998397827148 -2.2560381889343262
   vertex 10.68571949005127 0.95679998397827148 -2.1486914157867432
  endloop
 endfacet
 facet normal -0 1 0
  outer loop
   vertex 11.413183212280273 0.95679998397827148 2.1768410205841064
   vertex 11.410989761352539 0.95679998397827148 2.2613949775695801
   vertex 11.812390327453613 0.95679998397827148 2.2747461795806885
  endloop
 endfacet
 facet normal 0 1 -0
  outer loop
   vertex 12.194276809692383 0.95679998397827148 -2.0487892627716064
   vertex 12.19328498840332 0.95679998397827148 -2.1695926189422607
   vertex 11.48820972442627 0.95679998397827148 -2.1621534824371338
  endloop
 endfacet
 facet normal 0 1 -0
  outer loop
   vertex 2.2958471775054932 0.95679998397827148 -2.3365554809570312
   vertex 1.7682650089263916 0.95679998397827148 -2.339390754699707
   vertex 1.7681008577346802 0.95679998397827148 -2.2447903156280518
  endloop
 endfacet
 facet normal 0 1 -0
  outer loop
   vertex 13.309804916381836 0.95679998397827148 -2.3520998954772949
   vertex 13.309604644775391 0.95679998397827148 -2.4175469875335693
   vertex 12.797362327575684 0.95679998397827148 -2.4175469875335693
  endloop
 endfacet
 facet normal 0 1 -0
  outer loop
   vertex 1.7682650089263916 0.95679998397827148 -2.339390754699707
   vertex 1.2958179712295532 0.95679998397827148 -2.3415558338165283
   vertex 1.2956688404083252 0.95679998397827148 -2.2487418651580811
  endloop
 endfacet
 facet normal 0 1 -0
  outer loop
   vertex 2.2956922054290771 0.95679998397827148 -2.2391858100891113
   vertex 1.7681008577346802 0.95679998397827148 -2.2447903156280518
   vertex 1.7673478126525879 0.95679998397827148 -2.1302428245544434
  endloop
 endfacet
 facet normal 0 1 0
  outer loop
   vertex 12.865478515625 0.95679998397827148 2.2892336845397949
   vertex 12.865386009216309 0.95679998397827148 2.3424370288848877
   vertex 13.219399452209473 0.95679998397827148 2.3418874740600586
  endloop
 endfacet
 facet normal -0 1 0
  outer loop
   vertex 7.2001552581787109 0.95679998397827148 -2.0810344219207764
   vertex 6.3391833305358887 0.95679998397827148 -2.0739550590515137
   vertex 6.3393459320068359 0.95679998397827148 -1.9106559753417969
  endloop
 endfacet
 facet normal 0 1 0
  outer loop
   vertex 5.5476870536804199 0.95679998397827148 2.3191230297088623
   vertex 6.4161219596862793 0.95679998397827148 2.3229010105133057
   vertex 6.4166879653930664 0.95679998397827148 2.2103571891784668
  endloop
 endfacet
 facet normal 0 1 -0
  outer loop
   vertex 6.3391833305358887 0.95679998397827148 -2.0739550590515137
   vertex 5.4565858840942383 0.95679998397827148 -2.0754601955413818
   vertex 5.4564051628112793 0.95679998397827148 -1.9134129285812378
  endloop
 endfacet
 facet normal -0 1 0
  outer loop
   vertex 12.865458488464355 0.95679998397827148 2.3840677738189697
   vertex 12.865471839904785 0.95679998397827148 2.4175469875335693
   vertex 13.219614028930664 0.95679998397827148 2.4175469875335693
  endloop
 endfacet
 facet normal 0 1 -0
  outer loop
   vertex 8.0511512756347656 0.95679998397827148 -1.9357258081436157
   vertex 8.0503826141357422 0.95679998397827148 -2.0920400619506836
   vertex 7.2001552581787109 0.95679998397827148 -2.0810344219207764
  endloop
 endfacet
 facet normal -0 1 0
  outer loop
   vertex 12.523207664489746 0.95679998397827148 2.2874846458435059
   vertex 12.522880554199219 0.95679998397827148 2.3418807983398438
   vertex 12.865386009216309 0.95679998397827148 2.3424370288848877
  endloop
 endfacet
 facet normal 0 1 0
  outer loop
   vertex 12.865386009216309 0.95679998397827148 2.3424370288848877
   vertex 12.865458488464355 0.95679998397827148 2.3840677738189697
   vertex 13.219589233398438 0.95679998397827148 2.3835213184356689
  endloop
 endfacet
 facet normal 0 1 0
  outer loop
   vertex 6.3387351036071777 0.95679998397827148 -2.4175469875335693
   vertex 5.4564132690429688 0.95679998397827148 -2.4175469875335693
   vertex 5.4565062522888184 0.95679998397827148 -2.3230879306793213
  endloop
 endfacet
 facet normal -0 1 0
  outer loop
   vertex 12.522846221923828 0.95679998397827148 2.3839647769927979
   vertex 12.522848129272461 0.95679998397827148 2.4175469875335693
   vertex 12.865471839904785 0.95679998397827148 2.4175469875335693
  endloop
 endfacet
 facet normal -0 1 0
  outer loop
   vertex 4.6510205268859863 0.95679998397827148 2.054795503616333
   vertex 4.6500649452209473 0.95679998397827148 2.1974670886993408
   vertex 5.5481777191162109 0.95679998397827148 2.2022519111633301
  endloop
 endfacet
 facet normal -0 1 0
  outer loop
   vertex 7.1998138427734375 0.95679998397827148 -2.2146239280700684
   vertex 6.3389902114868164 0.95679998397827148 -2.2100114822387695
   vertex 6.3391833305358887 0.95679998397827148 -2.0739550590515137
  endloop
 endfacet
 facet normal 0 1 -0
  outer loop
   vertex 8.0503826141357422 0.95679998397827148 -2.0920400619506836
   vertex 8.0499057769775391 0.95679998397827148 -2.221560001373291
   vertex 7.1998138427734375 0.95679998397827148 -2.2146239280700684
  endloop
 endfacet
 facet normal -0 1 0
  outer loop
   vertex 13.602248191833496 0.95679998397827148 2.3826603889465332
   vertex 13.602286338806152 0.95679998397827148 2.4175469875335693
   vertex 14.02888298034668 0.95679998397827148 2.4175469875335693
  endloop
 endfacet
 facet normal -0 1 0
  outer loop
   vertex 3.7663516998291016 0.95679998397827148 2.3156836032867432
   vertex 3.7662060260772705 0.95679998397827148 2.4175469875335693
   vertex 4.6495590209960938 0.95679998397827148 2.4175469875335693
  endloop
 endfacet
 facet normal 0 1 0
  outer loop
   vertex 11.811402320861816 0.95679998397827148 2.3807172775268555
   vertex 12.176164627075195 0.95679998397827148 2.3830525875091553
   vertex 12.176301956176758 0.95679998397827148 2.3397195339202881
  endloop
 endfacet
 facet normal -0 1 0
  outer loop
   vertex 3.7666130065917969 0.95679998397827148 2.1948995590209961
   vertex 3.7663516998291016 0.95679998397827148 2.3156836032867432
   vertex 4.6496820449829102 0.95679998397827148 2.3168833255767822
  endloop
 endfacet
 facet normal 0 1 0
  outer loop
   vertex 13.219614028930664 0.95679998397827148 2.4175469875335693
   vertex 13.602286338806152 0.95679998397827148 2.4175469875335693
   vertex 13.602248191833496 0.95679998397827148 2.3826603889465332
  endloop
 endfacet
 facet normal -0 1 0
  outer loop
   vertex 12.176872253417969 0.95679998397827148 2.2833621501922607
   vertex 12.176301956176758 0.95679998397827148 2.3397195339202881
   vertex 12.522880554199219 0.95679998397827148 2.3418807983398438
  endloop
 endfacet
 facet normal 0 1 -0
  outer loop
   vertex 5.456578254699707 0.95679998397827148 -2.2106492519378662
   vertex 4.5515027046203613 0.95679998397827148 -2.2159593105316162
   vertex 4.5512890815734863 0.95679998397827148 -2.0845801830291748
  endloop
 endfacet
 facet normal 0 1 -0
  outer loop
   vertex 4.5512890815734863 0.95679998397827148 -2.0845801830291748
   vertex 3.6956360340118408 0.95679998397827148 -2.0975780487060547
   vertex 3.6946344375610352 0.95679998397827148 -1.9459537267684937
  endloop
 endfacet
 facet normal 0 1 0
  outer loop
   vertex 8.9546937942504883 0.95679998397827148 2.1447393894195557
   vertex 9.7292690277099609 0.95679998397827148 2.1761295795440674
   vertex 9.7323141098022461 0.95679998397827148 2.0564565658569336
  endloop
 endfacet
 facet normal 0 1 0
  outer loop
   vertex 1.3899284601211548 0.95679998397827148 2.4175469875335693
   vertex 2.1306586265563965 0.95679998397827148 2.4175469875335693
   vertex 2.1308724880218506 0.95679998397827148 2.3151590824127197
  endloop
 endfacet
 facet normal 0 1 -0
  outer loop
   vertex 4.5515027046203613 0.95679998397827148 -2.2159593105316162
   vertex 3.6960513591766357 0.95679998397827148 -2.223747730255127
   vertex 3.6956360340118408 0.95679998397827148 -2.0975780487060547
  endloop
 endfacet
 facet normal 0 1 0
  outer loop
   vertex 8.9524650573730469 0.95679998397827148 2.3431129455566406
   vertex 9.7272109985351562 0.95679998397827148 2.3520996570587158
   vertex 9.7277812957763672 0.95679998397827148 2.2732977867126465
  endloop
 endfacet
 facet normal 0 1 -0
  outer loop
   vertex 9.7987747192382812 0.95679998397827148 -2.3386077880859375
   vertex 9.798614501953125 0.95679998397827148 -2.4175469875335693
   vertex 8.9147567749023438 0.95679998397827148 -2.4175469875335693
  endloop
 endfacet
 facet normal 0 1 0
  outer loop
   vertex 10.684687614440918 0.95679998397827148 -2.4175469875335693
   vertex 9.798614501953125 0.95679998397827148 -2.4175469875335693
   vertex 9.7987747192382812 0.95679998397827148 -2.3386077880859375
  endloop
 endfacet
 facet normal -0 1 0
  outer loop
   vertex 9.7292690277099609 0.95679998397827148 2.1761295795440674
   vertex 9.7277812957763672 0.95679998397827148 2.2732977867126465
   vertex 10.379519462585449 0.95679998397827148 2.2929451465606689
  endloop
 endfacet
 facet normal -0 1 0
  outer loop
   vertex 10.684856414794922 0.95679998397827148 -2.3440141677856445
   vertex 9.7987747192382812 0.95679998397827148 -2.3386077880859375
   vertex 9.7990608215332031 0.95679998397827148 -2.2442429065704346
  endloop
 endfacet
 facet normal -0 1 0
  outer loop
   vertex 10.685141563415527 0.95679998397827148 -2.2560381889343262
   vertex 9.7990608215332031 0.95679998397827148 -2.2442429065704346
   vertex 9.7996225357055664 0.95679998397827148 -2.1291739940643311
  endloop
 endfacet
 facet normal 0 1 -0
  outer loop
   vertex 9.7996225357055664 0.95679998397827148 -2.1291739940643311
   vertex 9.7990608215332031 0.95679998397827148 -2.2442429065704346
   vertex 8.9151935577392578 0.95679998397827148 -2.2315750122070312
  endloop
 endfacet
 facet normal 0 1 -0
  outer loop
   vertex 12.192726135253906 0.95679998397827148 -2.2685441970825195
   vertex 12.192462921142578 0.95679998397827148 -2.3497684001922607
   vertex 11.487360000610352 0.95679998397827148 -2.3477206230163574
  endloop
 endfacet
 facet normal -0 1 0
  outer loop
   vertex 11.487360000610352 0.95679998397827148 -2.3477206230163574
   vertex 10.684856414794922 0.95679998397827148 -2.3440141677856445
   vertex 10.685141563415527 0.95679998397827148 -2.2560381889343262
  endloop
 endfacet
 facet normal 0 1 0
  outer loop
   vertex 6.4181056022644043 0.95679998397827148 2.0750753879547119
   vertex 7.2653045654296875 0.95679998397827148 2.0933651924133301
   vertex 7.2682428359985352 0.95679998397827148 1.938761830329895
  endloop
 endfacet
 facet normal 0 1 0
  outer loop
   vertex 10.379519462585449 0.95679998397827148 2.2929451465606689
   vertex 10.934698104858398 0.95679998397827148 2.3128561973571777
   vertex 10.935802459716797 0.95679998397827148 2.2398529052734375
  endloop
 endfacet
 facet normal 0 1 0
  outer loop
   vertex 6.4160208702087402 0.95679998397827148 2.4175469875335693
   vertex 7.2630419731140137 0.95679998397827148 2.4175469875335693
   vertex 7.2631335258483887 0.95679998397827148 2.3282732963562012
  endloop
 endfacet
 facet normal -0 1 0
  outer loop
   vertex 4.652644157409668 0.95679998397827148 1.8846434354782104
   vertex 4.6510205268859863 0.95679998397827148 2.054795503616333
   vertex 5.5494174957275391 0.95679998397827148 2.0622894763946533
  endloop
 endfacet
 facet normal 0 1 0
  outer loop
   vertex 5.5481777191162109 0.95679998397827148 2.2022519111633301
   vertex 6.4166879653930664 0.95679998397827148 2.2103571891784668
   vertex 6.4181056022644043 0.95679998397827148 2.0750753879547119
  endloop
 endfacet
 facet normal 0 1 -0
  outer loop
   vertex 8.0499057769775391 0.95679998397827148 -2.221560001373291
   vertex 8.0496540069580078 0.95679998397827148 -2.3281776905059814
   vertex 7.1996126174926758 0.95679998397827148 -2.3249588012695312
  endloop
 endfacet
 facet normal 0 1 0
  outer loop
   vertex 10.380833625793457 0.95679998397827148 2.2078850269317627
   vertex 10.935802459716797 0.95679998397827148 2.2398529052734375
   vertex 10.938275337219238 0.95679998397827148 2.1465187072753906
  endloop
 endfacet
 facet normal 0 1 0
  outer loop
   vertex 6.4166879653930664 0.95679998397827148 2.2103571891784668
   vertex 7.2637553215026855 0.95679998397827148 2.2218918800354004
   vertex 7.2653045654296875 0.95679998397827148 2.0933651924133301
  endloop
 endfacet
 facet normal 0 1 0
  outer loop
   vertex 10.379033088684082 0.95679998397827148 2.3612287044525146
   vertex 10.934320449829102 0.95679998397827148 2.3705296516418457
   vertex 10.934698104858398 0.95679998397827148 2.3128561973571777
  endloop
 endfacet
 facet normal -0 1 0
  outer loop
   vertex 3.7682137489318848 0.95679998397827148 1.8790078163146973
   vertex 3.7672498226165771 0.95679998397827148 2.0507678985595703
   vertex 4.6510205268859863 0.95679998397827148 2.054795503616333
  endloop
 endfacet
 facet normal -0 1 0
  outer loop
   vertex 3.7672498226165771 0.95679998397827148 2.0507678985595703
   vertex 3.7666130065917969 0.95679998397827148 2.1948995590209961
   vertex 4.6500649452209473 0.95679998397827148 2.1974670886993408
  endloop
 endfacet
 facet normal 0 1 0
  outer loop
   vertex 7.2653045654296875 0.95679998397827148 2.0933651924133301
   vertex 8.1031322479248047 0.95679998397827148 2.1162300109863281
   vertex 8.1062889099121094 0.95679998397827148 1.9710601568222046
  endloop
 endfacet
 facet normal 0 1 0
  outer loop
   vertex 7.2637553215026855 0.95679998397827148 2.2218918800354004
   vertex 8.1015033721923828 0.95679998397827148 2.2362053394317627
   vertex 8.1031322479248047 0.95679998397827148 2.1162300109863281
  endloop
 endfacet
 facet normal 0 1 -0
  outer loop
   vertex 5.4565858840942383 0.95679998397827148 -2.0754601955413818
   vertex 4.5512890815734863 0.95679998397827148 -2.0845801830291748
   vertex 4.550696849822998 0.95679998397827148 -1.9270715713500977
  endloop
 endfacet
 facet normal 0 1 0
  outer loop
   vertex 10.935802459716797 0.95679998397827148 2.2398529052734375
   vertex 11.410989761352539 0.95679998397827148 2.2613949775695801
   vertex 11.413183212280273 0.95679998397827148 2.1768410205841064
  endloop
 endfacet
 facet normal 0 1 -0
  outer loop
   vertex 8.9166345596313477 0.95679998397827148 -1.9592405557632446
   vertex 8.9157314300537109 0.95679998397827148 -2.1083436012268066
   vertex 8.0503826141357422 0.95679998397827148 -2.0920400619506836
  endloop
 endfacet
 facet normal 0 1 0
  outer loop
   vertex 5.5494174957275391 0.95679998397827148 2.0622894763946533
   vertex 6.4181056022644043 0.95679998397827148 2.0750753879547119
   vertex 6.4207248687744141 0.95679998397827148 1.9130780696868896
  endloop
 endfacet
 facet normal 0 1 -0
  outer loop
   vertex 12.19328498840332 0.95679998397827148 -2.1695926189422607
   vertex 12.192726135253906 0.95679998397827148 -2.2685441970825195
   vertex 11.487630844116211 0.95679998397827148 -2.264117956161499
  endloop
 endfacet
 facet normal 0 1 0
  outer loop
   vertex 6.4161219596862793 0.95679998397827148 2.3229010105133057
   vertex 7.2631335258483887 0.95679998397827148 2.3282732963562012
   vertex 7.2637553215026855 0.95679998397827148 2.2218918800354004
  endloop
 endfacet
 facet normal 0 1 0
  outer loop
   vertex 11.811623573303223 0.95679998397827148 2.3346130847930908
   vertex 12.176301956176758 0.95679998397827148 2.3397195339202881
   vertex 12.176872253417969 0.95679998397827148 2.2833621501922607
  endloop
 endfacet
 facet normal 0 1 0
  outer loop
   vertex 7.2631335258483887 0.95679998397827148 2.3282732963562012
   vertex 8.1008596420288086 0.95679998397827148 2.334916353225708
   vertex 8.1015033721923828 0.95679998397827148 2.2362053394317627
  endloop
 endfacet
 facet normal 0 1 0
  outer loop
   vertex 7.2630419731140137 0.95679998397827148 2.4175469875335693
   vertex 8.1007728576660156 0.95679998397827148 2.4175469875335693
   vertex 8.1008596420288086 0.95679998397827148 2.334916353225708
  endloop
 endfacet
 facet normal 0 1 0
  outer loop
   vertex 8.1031322479248047 0.95679998397827148 2.1162300109863281
   vertex 8.9546937942504883 0.95679998397827148 2.1447393894195557
   vertex 8.9578800201416016 0.95679998397827148 2.0116465091705322
  endloop
 endfacet
 facet normal 0 1 0
  outer loop
   vertex 8.1015033721923828 0.95679998397827148 2.2362053394317627
   vertex 8.9530906677246094 0.95679998397827148 2.2539002895355225
   vertex 8.9546937942504883 0.95679998397827148 2.1447393894195557
  endloop
 endfacet
 facet normal -0 1 0
  outer loop
   vertex 2.9228639602661133 0.95679998397827148 2.0491883754730225
   vertex 2.9225478172302246 0.95679998397827148 2.1939136981964111
   vertex 3.7666130065917969 0.95679998397827148 2.1948995590209961
  endloop
 endfacet
 facet normal 0 1 0
  outer loop
   vertex 8.1008596420288086 0.95679998397827148 2.334916353225708
   vertex 8.9524650573730469 0.95679998397827148 2.3431129455566406
   vertex 8.9530906677246094 0.95679998397827148 2.2539002895355225
  endloop
 endfacet
 facet normal -0 1 0
  outer loop
   vertex 2.9225478172302246 0.95679998397827148 2.1939136981964111
   vertex 2.922407865524292 0.95679998397827148 2.3152370452880859
   vertex 3.7663516998291016 0.95679998397827148 2.3156836032867432
  endloop
 endfacet
 facet normal 0 1 0
  outer loop
   vertex 8.1007728576660156 0.95679998397827148 2.4175469875335693
   vertex 8.9523820877075195 0.95679998397827148 2.4175469875335693
   vertex 8.9524650573730469 0.95679998397827148 2.3431129455566406
  endloop
 endfacet
 facet normal -0 1 0
  outer loop
   vertex 2.922407865524292 0.95679998397827148 2.3152370452880859
   vertex 2.9222314357757568 0.95679998397827148 2.4175469875335693
   vertex 3.7662060260772705 0.95679998397827148 2.4175469875335693
  endloop
 endfacet
 facet normal -0 1 0
  outer loop
   vertex 2.1308724880218506 0.95679998397827148 2.3151590824127197
   vertex 2.1306586265563965 0.95679998397827148 2.4175469875335693
   vertex 2.9222314357757568 0.95679998397827148 2.4175469875335693
  endloop
 endfacet
 facet normal 0 1 0
  outer loop
   vertex 8.9530906677246094 0.95679998397827148 2.2539002895355225
   vertex 9.7277812957763672 0.95679998397827148 2.2732977867126465
   vertex 9.7292690277099609 0.95679998397827148 2.1761295795440674
  endloop
 endfacet
 facet normal -0 1 0
  outer loop
   vertex 2.130903959274292 0.95679998397827148 2.1936841011047363
   vertex 2.1308724880218506 0.95679998397827148 2.3151590824127197
   vertex 2.922407865524292 0.95679998397827148 2.3152370452880859
  endloop
 endfacet
 facet normal 0 1 -0
  outer loop
   vertex 9.8005905151367188 0.95679998397827148 -1.9895980358123779
   vertex 9.7996225357055664 0.95679998397827148 -2.1291739940643311
   vertex 8.9157314300537109 0.95679998397827148 -2.1083436012268066
  endloop
 endfacet
 facet normal 0 1 0
  outer loop
   vertex 9.7387142181396484 0.95679998397827148 1.9080578088760376
   vertex 10.383623123168945 0.95679998397827148 2.1015801429748535
   vertex 10.389959335327148 0.95679998397827148 1.9650888442993164
  endloop
 endfacet
 facet normal 0 1 0
  outer loop
   vertex 13.772719383239746 0.95679998397827148 -2.2748425006866455
   vertex 13.310370445251465 0.95679998397827148 -2.1771795749664307
   vertex 13.772977828979492 0.95679998397827148 -2.1792366504669189
  endloop
 endfacet
 facet normal 0 1 0
  outer loop
   vertex 12.865885734558105 0.95679998397827148 2.2209508419036865
   vertex 13.219253540039062 0.95679998397827148 2.2895445823669434
   vertex 13.219353675842285 0.95679998397827148 2.2227237224578857
  endloop
 endfacet
 facet normal -0 1 0
  outer loop
   vertex 2.9307894706726074 0.95679998397827148 -1.9647343158721924
   vertex 2.2897069454193115 0.95679998397827148 -1.8002866506576538
   vertex 2.9277188777923584 0.95679998397827148 -1.7842206954956055
  endloop
 endfacet
 facet normal 0 1 0
  outer loop
   vertex 10.383623123168945 0.95679998397827148 2.1015801429748535
   vertex 10.944429397583008 0.95679998397827148 2.020010232925415
   vertex 10.389959335327148 0.95679998397827148 1.9650888442993164
  endloop
 endfacet
 facet normal 0 1 0
  outer loop
   vertex 7.2006330490112305 0.95679998397827148 -1.9202828407287598
   vertex 6.3392367362976074 0.95679998397827148 -1.7170275449752808
   vertex 7.2010588645935059 0.95679998397827148 -1.7298228740692139
  endloop
 endfacet
 facet normal -0 1 0
  outer loop
   vertex 6.3393459320068359 0.95679998397827148 -1.9106559753417969
   vertex 5.455662727355957 0.95679998397827148 -1.7205109596252441
   vertex 6.3392367362976074 0.95679998397827148 -1.7170275449752808
  endloop
 endfacet
 facet normal 0 1 0
  outer loop
   vertex 12.80029296875 0.95679998397827148 -1.9064804315567017
   vertex 12.194276809692383 0.95679998397827148 -2.0487892627716064
   vertex 12.195916175842285 0.95679998397827148 -1.8995479345321655
  endloop
 endfacet
 facet normal 0 1 0
  outer loop
   vertex 8.9578800201416016 0.95679998397827148 2.0116465091705322
   vertex 9.7387142181396484 0.95679998397827148 1.9080578088760376
   vertex 8.9641523361206055 0.95679998397827148 1.8501652479171753
  endloop
 endfacet
 facet normal 0 1 0
  outer loop
   vertex 12.195916175842285 0.95679998397827148 -1.8995479345321655
   vertex 11.489251136779785 0.95679998397827148 -2.0379533767700195
   vertex 11.491013526916504 0.95679998397827148 -1.8862482309341431
  endloop
 endfacet
 facet normal -0 1 0
  outer loop
   vertex 4.5514321327209473 0.95679998397827148 -2.4175469875335693
   vertex 3.6961321830749512 0.95679998397827148 -2.329174280166626
   vertex 4.551513671875 0.95679998397827148 -2.3255419731140137
  endloop
 endfacet
 facet normal 0 1 0
  outer loop
   vertex 8.0520792007446289 0.95679998397827148 -1.7502260208129883
   vertex 7.2006330490112305 0.95679998397827148 -1.9202828407287598
   vertex 7.2010588645935059 0.95679998397827148 -1.7298228740692139
  endloop
 endfacet
 facet normal 0 1 0
  outer loop
   vertex 13.310370445251465 0.95679998397827148 -2.1771795749664307
   vertex 12.797783851623535 0.95679998397827148 -2.2713022232055664
   vertex 12.79825496673584 0.95679998397827148 -2.1741092205047607
  endloop
 endfacet
 facet normal 0 1 0
  outer loop
   vertex 10.686740875244141 0.95679998397827148 -2.0181941986083984
   vertex 9.8021526336669922 0.95679998397827148 -1.8223395347595215
   vertex 10.688434600830078 0.95679998397827148 -1.8604743480682373
  endloop
 endfacet
 facet normal 0 1 0
  outer loop
   vertex 13.772582054138184 0.95679998397827148 -2.3529372215270996
   vertex 13.309993743896484 0.95679998397827148 -2.2733163833618164
   vertex 13.772719383239746 0.95679998397827148 -2.2748425006866455
  endloop
 endfacet
 facet normal 0 1 0
  outer loop
   vertex 11.489251136779785 0.95679998397827148 -2.0379533767700195
   vertex 10.688434600830078 0.95679998397827148 -1.8604743480682373
   vertex 11.491013526916504 0.95679998397827148 -1.8862482309341431
  endloop
 endfacet
 facet normal 0 1 0
  outer loop
   vertex 12.178240776062012 0.95679998397827148 2.2096495628356934
   vertex 12.523207664489746 0.95679998397827148 2.2874846458435059
   vertex 12.523930549621582 0.95679998397827148 2.2170350551605225
  endloop
 endfacet
 facet normal -0 1 0
  outer loop
   vertex 5.4564051628112793 0.95679998397827148 -1.9134129285812378
   vertex 4.549191951751709 0.95679998397827148 -1.7380181550979614
   vertex 5.455662727355957 0.95679998397827148 -1.7205109596252441
  endloop
 endfacet
 facet normal 0 1 0
  outer loop
   vertex 12.523930549621582 0.95679998397827148 2.2170350551605225
   vertex 12.865478515625 0.95679998397827148 2.2892336845397949
   vertex 12.865885734558105 0.95679998397827148 2.2209508419036865
  endloop
 endfacet
 facet normal 0 1 0
  outer loop
   vertex 3.7689139842987061 0.95679998397827148 1.6771699190139771
   vertex 4.652644157409668 0.95679998397827148 1.8846434354782104
   vertex 4.654747486114502 0.95679998397827148 1.6840134859085083
  endloop
 endfacet
 facet normal 0 1 0
  outer loop
   vertex 4.654747486114502 0.95679998397827148 1.6840134859085083
   vertex 5.5516347885131836 0.95679998397827148 1.8951418399810791
   vertex 5.5550193786621094 0.95679998397827148 1.6975865364074707
  endloop
 endfacet
 facet normal 0 1 0
  outer loop
   vertex 11.419216156005859 0.95679998397827148 2.0558135509490967
   vertex 11.814208030700684 0.95679998397827148 2.196073055267334
   vertex 11.819236755371094 0.95679998397827148 2.0767748355865479
  endloop
 endfacet
 facet normal 0 1 0
  outer loop
   vertex 13.310981750488281 0.95679998397827148 -2.0587835311889648
   vertex 12.79825496673584 0.95679998397827148 -2.1741092205047607
   vertex 12.79906177520752 0.95679998397827148 -2.0550000667572021
  endloop
 endfacet
 facet normal -0 1 0
  outer loop
   vertex 3.6946344375610352 0.95679998397827148 -1.9459537267684937
   vertex 2.9277188777923584 0.95679998397827148 -1.7842206954956055
   vertex 3.6923363208770752 0.95679998397827148 -1.7616920471191406
  endloop
 endfacet
 facet normal 0 1 0
  outer loop
   vertex 8.9179506301879883 0.95679998397827148 -1.7816596031188965
   vertex 8.0511512756347656 0.95679998397827148 -1.9357258081436157
   vertex 8.0520792007446289 0.95679998397827148 -1.7502260208129883
  endloop
 endfacet
 facet normal 0 1 0
  outer loop
   vertex 5.5516347885131836 0.95679998397827148 1.8951418399810791
   vertex 6.4250907897949219 0.95679998397827148 1.7211439609527588
   vertex 5.5550193786621094 0.95679998397827148 1.6975865364074707
  endloop
 endfacet
 facet normal 0 1 0
  outer loop
   vertex 6.4207248687744141 0.95679998397827148 1.9130780696868896
   vertex 7.2734346389770508 0.95679998397827148 1.7548171281814575
   vertex 6.4250907897949219 0.95679998397827148 1.7211439609527588
  endloop
 endfacet
 facet normal 0 1 0
  outer loop
   vertex 10.938275337219238 0.95679998397827148 2.1465187072753906
   vertex 11.419216156005859 0.95679998397827148 2.0558135509490967
   vertex 10.944429397583008 0.95679998397827148 2.020010232925415
  endloop
 endfacet
 facet normal 0 1 0
  outer loop
   vertex 9.8021526336669922 0.95679998397827148 -1.8223395347595215
   vertex 8.9166345596313477 0.95679998397827148 -1.9592405557632446
   vertex 8.9179506301879883 0.95679998397827148 -1.7816596031188965
  endloop
 endfacet
 facet normal -0 1 0
  outer loop
   vertex 2.2950122356414795 0.95679998397827148 -2.1221587657928467
   vertex 1.765556812286377 0.95679998397827148 -1.9887745380401611
   vertex 2.293393611907959 0.95679998397827148 -1.9793442487716675
  endloop
 endfacet
 facet normal 0 1 0
  outer loop
   vertex 14.199807167053223 0.95679998397827148 -2.35353684425354
   vertex 13.772719383239746 0.95679998397827148 -2.2748425006866455
   vertex 14.199884414672852 0.95679998397827148 -2.2757983207702637
  endloop
 endfacet
 facet normal 0 1 0
  outer loop
   vertex 8.1062889099121094 0.95679998397827148 1.9710601568222046
   vertex 8.9641523361206055 0.95679998397827148 1.8501652479171753
   vertex 8.1121273040771484 0.95679998397827148 1.7971322536468506
  endloop
 endfacet
 facet normal -0 1 0
  outer loop
   vertex 4.550696849822998 0.95679998397827148 -1.9270715713500977
   vertex 3.6923363208770752 0.95679998397827148 -1.7616920471191406
   vertex 4.549191951751709 0.95679998397827148 -1.7380181550979614
  endloop
 endfacet
 facet normal 0 1 0
  outer loop
   vertex 7.2682428359985352 0.95679998397827148 1.938761830329895
   vertex 8.1121273040771484 0.95679998397827148 1.7971322536468506
   vertex 7.2734346389770508 0.95679998397827148 1.7548171281814575
  endloop
 endfacet
 facet normal -0 1 0
  outer loop
   vertex 1.7681008577346802 0.95679998397827148 -2.2447903156280518
   vertex 1.2949429750442505 0.95679998397827148 -2.1352200508117676
   vertex 1.7673478126525879 0.95679998397827148 -2.1302428245544434
  endloop
 endfacet
 facet normal 0 1 0
  outer loop
   vertex 14.02888298034668 0.95679998397827148 2.4175469875335693
   vertex 14.514678001403809 0.95679998397827148 2.3809072971343994
   vertex 14.028830528259277 0.95679998397827148 2.3816759586334229
  endloop
 endfacet
 facet normal 0 1 0
  outer loop
   vertex 13.772375106811523 0.95679998397827148 -2.4175469875335693
   vertex 13.309804916381836 0.95679998397827148 -2.3520998954772949
   vertex 13.772582054138184 0.95679998397827148 -2.3529372215270996
  endloop
 endfacet
 facet normal -0 1 0
  outer loop
   vertex 1.2958179712295532 0.95679998397827148 -2.3415558338165283
   vertex 0.86065757274627686 0.95679998397827148 -2.2508649826049805
   vertex 1.2956688404083252 0.95679998397827148 -2.2487418651580811
  endloop
 endfacet
 facet normal 0 1 0
  outer loop
   vertex 13.219399452209473 0.95679998397827148 2.3418874740600586
   vertex 13.601530075073242 0.95679998397827148 2.2888553142547607
   vertex 13.219253540039062 0.95679998397827148 2.2895445823669434
  endloop
 endfacet
 facet normal 0 1 0
  outer loop
   vertex 13.601929664611816 0.95679998397827148 2.3408169746398926
   vertex 14.028830528259277 0.95679998397827148 2.3816759586334229
   vertex 14.028366088867188 0.95679998397827148 2.3396985530853271
  endloop
 endfacet
 facet normal 0 1 0
  outer loop
   vertex 11.812390327453613 0.95679998397827148 2.2747461795806885
   vertex 12.178240776062012 0.95679998397827148 2.2096495628356934
   vertex 11.814208030700684 0.95679998397827148 2.196073055267334
  endloop
 endfacet
 facet normal 0 1 0
  outer loop
   vertex 1.3902019262313843 0.95679998397827148 2.3152065277099609
   vertex 2.130903959274292 0.95679998397827148 2.1936841011047363
   vertex 1.3901678323745728 0.95679998397827148 2.1937086582183838
  endloop
 endfacet
 facet normal -0 1 0
  outer loop
   vertex 3.6960513591766357 0.95679998397827148 -2.223747730255127
   vertex 2.9321439266204834 0.95679998397827148 -2.1109902858734131
   vertex 3.6956360340118408 0.95679998397827148 -2.0975780487060547
  endloop
 endfacet
 facet normal -0 1 0
  outer loop
   vertex 3.6961321830749512 0.95679998397827148 -2.329174280166626
   vertex 2.9327163696289062 0.95679998397827148 -2.2320008277893066
   vertex 3.6960513591766357 0.95679998397827148 -2.223747730255127
  endloop
 endfacet
 facet normal -0 1 0
  outer loop
   vertex 3.6960549354553223 0.95679998397827148 -2.4175469875335693
   vertex 2.9328455924987793 0.95679998397827148 -2.3330733776092529
   vertex 3.6961321830749512 0.95679998397827148 -2.329174280166626
  endloop
 endfacet
 facet normal 0 1 0
  outer loop
   vertex 9.7272109985351562 0.95679998397827148 2.3520996570587158
   vertex 10.378964424133301 0.95679998397827148 2.4175469875335693
   vertex 10.379033088684082 0.95679998397827148 2.3612287044525146
  endloop
 endfacet
 facet normal 0 1 0
  outer loop
   vertex 12.192462921142578 0.95679998397827148 -2.3497684001922607
   vertex 11.487183570861816 0.95679998397827148 -2.4175469875335693
   vertex 11.487360000610352 0.95679998397827148 -2.3477206230163574
  endloop
 endfacet
 facet normal 0 1 0
  outer loop
   vertex 14.624777793884277 0.95679998397827148 -2.4175469875335693
   vertex 14.199807167053223 0.95679998397827148 -2.35353684425354
   vertex 14.624995231628418 0.95679998397827148 -2.3538675308227539
  endloop
 endfacet
 facet normal 0 1 0
  outer loop
   vertex 13.309993743896484 0.95679998397827148 -2.2733163833618164
   vertex 12.797555923461914 0.95679998397827148 -2.3510844707489014
   vertex 12.797783851623535 0.95679998397827148 -2.2713022232055664
  endloop
 endfacet
 facet normal -0 1 0
  outer loop
   vertex 5.4564132690429688 0.95679998397827148 -2.4175469875335693
   vertex 4.551513671875 0.95679998397827148 -2.3255419731140137
   vertex 5.4565062522888184 0.95679998397827148 -2.3230879306793213
  endloop
 endfacet
 facet normal -0 1 0
  outer loop
   vertex 0.86054891347885132 0.95679998397827148 -2.4175469875335693
   vertex 0.43502786755561829 0.95679998397827148 -2.3431992530822754
   vertex 0.86072570085525513 0.95679998397827148 -2.3429243564605713
  endloop
 endfacet
 facet normal 0 1 0
  outer loop
   vertex 4.6496820449829102 0.95679998397827148 2.3168833255767822
   vertex 5.5475773811340332 0.95679998397827148 2.4175469875335693
   vertex 5.5476870536804199 0.95679998397827148 2.3191230297088623
  endloop
 endfacet
 facet normal -0 1 0
  outer loop
   vertex 3.6956360340118408 0.95679998397827148 -2.0975780487060547
   vertex 2.9307894706726074 0.95679998397827148 -1.9647343158721924
   vertex 3.6946344375610352 0.95679998397827148 -1.9459537267684937
  endloop
 endfacet
 facet normal 0 1 0
  outer loop
   vertex 4.6500649452209473 0.95679998397827148 2.1974670886993408
   vertex 5.5476870536804199 0.95679998397827148 2.3191230297088623
   vertex 5.5481777191162109 0.95679998397827148 2.2022519111633301
  endloop
 endfacet
 facet normal -0 1 0
  outer loop
   vertex 2.9327163696289062 0.95679998397827148 -2.2320008277893066
   vertex 2.2950122356414795 0.95679998397827148 -2.1221587657928467
   vertex 2.9321439266204834 0.95679998397827148 -2.1109902858734131
  endloop
 endfacet
 facet normal -0 1 0
  outer loop
   vertex 2.9321439266204834 0.95679998397827148 -2.1109902858734131
   vertex 2.293393611907959 0.95679998397827148 -1.9793442487716675
   vertex 2.9307894706726074 0.95679998397827148 -1.9647343158721924
  endloop
 endfacet
 facet normal -0 1 0
  outer loop
   vertex 2.9328455924987793 0.95679998397827148 -2.3330733776092529
   vertex 2.2956922054290771 0.95679998397827148 -2.2391858100891113
   vertex 2.9327163696289062 0.95679998397827148 -2.2320008277893066
  endloop
 endfacet
 facet normal 0 1 0
  outer loop
   vertex 0.6944725513458252 0.95679998397827148 2.4175469875335693
   vertex 1.3902019262313843 0.95679998397827148 2.3152065277099609
   vertex 0.69482696056365967 0.95679998397827148 2.3152461051940918
  endloop
 endfacet
 facet normal 0 1 0
  outer loop
   vertex 10.934267044067383 0.95679998397827148 2.4175469875335693
   vertex 11.40974235534668 0.95679998397827148 2.3768274784088135
   vertex 10.934320449829102 0.95679998397827148 2.3705296516418457
  endloop
 endfacet
 facet normal 0 1 0
  outer loop
   vertex 2.9231319427490234 0.95679998397827148 1.8769184350967407
   vertex 3.7672498226165771 0.95679998397827148 2.0507678985595703
   vertex 3.7682137489318848 0.95679998397827148 1.8790078163146973
  endloop
 endfacet
 facet normal 0 1 0
  outer loop
   vertex 11.410048484802246 0.95679998397827148 2.326308012008667
   vertex 11.811402320861816 0.95679998397827148 2.3807172775268555
   vertex 11.811623573303223 0.95679998397827148 2.3346130847930908
  endloop
 endfacet
 facet normal 0 1 0
  outer loop
   vertex 11.40974235534668 0.95679998397827148 2.3768274784088135
   vertex 11.81137752532959 0.95679998397827148 2.4175469875335693
   vertex 11.811402320861816 0.95679998397827148 2.3807172775268555
  endloop
 endfacet
 facet normal 0 1 0
  outer loop
   vertex 8.9151935577392578 0.95679998397827148 -2.2315750122070312
   vertex 8.0496540069580078 0.95679998397827148 -2.3281776905059814
   vertex 8.0499057769775391 0.95679998397827148 -2.221560001373291
  endloop
 endfacet
 facet normal 0 1 0
  outer loop
   vertex 2.1309332847595215 0.95679998397827148 2.0487949848175049
   vertex 2.9225478172302246 0.95679998397827148 2.1939136981964111
   vertex 2.9228639602661133 0.95679998397827148 2.0491883754730225
  endloop
 endfacet
 facet normal 0 1 0
  outer loop
   vertex 14.19959545135498 0.95679998397827148 -2.4175469875335693
   vertex 13.772582054138184 0.95679998397827148 -2.3529372215270996
   vertex 14.199807167053223 0.95679998397827148 -2.35353684425354
  endloop
 endfacet
 facet normal 0 1 0
  outer loop
   vertex 8.9523820877075195 0.95679998397827148 2.4175469875335693
   vertex 9.7272109985351562 0.95679998397827148 2.3520996570587158
   vertex 8.9524650573730469 0.95679998397827148 2.3431129455566406
  endloop
 endfacet
 facet normal 0 1 0
  outer loop
   vertex 9.7990608215332031 0.95679998397827148 -2.2442429065704346
   vertex 8.9149074554443359 0.95679998397827148 -2.3327906131744385
   vertex 8.9151935577392578 0.95679998397827148 -2.2315750122070312
  endloop
 endfacet
 facet normal 0 1 0
  outer loop
   vertex 11.48820972442627 0.95679998397827148 -2.1621534824371338
   vertex 10.686740875244141 0.95679998397827148 -2.0181941986083984
   vertex 11.489251136779785 0.95679998397827148 -2.0379533767700195
  endloop
 endfacet
 facet normal 0 1 0
  outer loop
   vertex 12.522880554199219 0.95679998397827148 2.3418807983398438
   vertex 12.865458488464355 0.95679998397827148 2.3840677738189697
   vertex 12.865386009216309 0.95679998397827148 2.3424370288848877
  endloop
 endfacet
 facet normal -0 1 0
  outer loop
   vertex 4.551513671875 0.95679998397827148 -2.3255419731140137
   vertex 3.6960513591766357 0.95679998397827148 -2.223747730255127
   vertex 4.5515027046203613 0.95679998397827148 -2.2159593105316162
  endloop
 endfacet
 facet normal 0 1 0
  outer loop
   vertex 9.7323141098022461 0.95679998397827148 2.0564565658569336
   vertex 10.380833625793457 0.95679998397827148 2.2078850269317627
   vertex 10.383623123168945 0.95679998397827148 2.1015801429748535
  endloop
 endfacet
 facet normal 0 1 0
  outer loop
   vertex 13.219589233398438 0.95679998397827148 2.3835213184356689
   vertex 13.601929664611816 0.95679998397827148 2.3408169746398926
   vertex 13.219399452209473 0.95679998397827148 2.3418874740600586
  endloop
 endfacet
 facet normal 0 1 0
  outer loop
   vertex 9.7277812957763672 0.95679998397827148 2.2732977867126465
   vertex 10.379033088684082 0.95679998397827148 2.3612287044525146
   vertex 10.379519462585449 0.95679998397827148 2.2929451465606689
  endloop
 endfacet
 facet normal 0 1 0
  outer loop
   vertex 11.81137752532959 0.95679998397827148 2.4175469875335693
   vertex 12.176164627075195 0.95679998397827148 2.3830525875091553
   vertex 11.811402320861816 0.95679998397827148 2.3807172775268555
  endloop
 endfacet
 facet normal -0 1 0
  outer loop
   vertex 2.2957541942596436 0.95679998397827148 -2.4175469875335693
   vertex 1.7682650089263916 0.95679998397827148 -2.339390754699707
   vertex 2.2958471775054932 0.95679998397827148 -2.3365554809570312
  endloop
 endfacet
 facet normal 0 1 0
  outer loop
   vertex 12.797783851623535 0.95679998397827148 -2.2713022232055664
   vertex 12.192462921142578 0.95679998397827148 -2.3497684001922607
   vertex 12.192726135253906 0.95679998397827148 -2.2685441970825195
  endloop
 endfacet
 facet normal 0 1 0
  outer loop
   vertex 12.797555923461914 0.95679998397827148 -2.3510844707489014
   vertex 12.192276954650879 0.95679998397827148 -2.4175469875335693
   vertex 12.192462921142578 0.95679998397827148 -2.3497684001922607
  endloop
 endfacet
 facet normal -0 1 0
  outer loop
   vertex 2.9327642917633057 0.95679998397827148 -2.4175469875335693
   vertex 2.2958471775054932 0.95679998397827148 -2.3365554809570312
   vertex 2.9328455924987793 0.95679998397827148 -2.3330733776092529
  endloop
 endfacet
 facet normal 0 1 0
  outer loop
   vertex 5.5475773811340332 0.95679998397827148 2.4175469875335693
   vertex 6.4161219596862793 0.95679998397827148 2.3229010105133057
   vertex 5.5476870536804199 0.95679998397827148 2.3191230297088623
  endloop
 endfacet
 facet normal 0 1 0
  outer loop
   vertex 11.487183570861816 0.95679998397827148 -2.4175469875335693
   vertex 10.684856414794922 0.95679998397827148 -2.3440141677856445
   vertex 11.487360000610352 0.95679998397827148 -2.3477206230163574
  endloop
 endfacet
 facet normal -0 1 0
  outer loop
   vertex 1.7681549787521362 0.95679998397827148 -2.4175469875335693
   vertex 1.2958179712295532 0.95679998397827148 -2.3415558338165283
   vertex 1.7682650089263916 0.95679998397827148 -2.339390754699707
  endloop
 endfacet
 facet normal 0 1 0
  outer loop
   vertex 12.79906177520752 0.95679998397827148 -2.0550000667572021
   vertex 12.19328498840332 0.95679998397827148 -2.1695926189422607
   vertex 12.194276809692383 0.95679998397827148 -2.0487892627716064
  endloop
 endfacet
 facet normal 0 1 0
  outer loop
   vertex 12.79825496673584 0.95679998397827148 -2.1741092205047607
   vertex 12.192726135253906 0.95679998397827148 -2.2685441970825195
   vertex 12.19328498840332 0.95679998397827148 -2.1695926189422607
  endloop
 endfacet
 facet normal 0 1 0
  outer loop
   vertex 12.176301956176758 0.95679998397827148 2.3397195339202881
   vertex 12.522846221923828 0.95679998397827148 2.3839647769927979
   vertex 12.522880554199219 0.95679998397827148 2.3418807983398438
  endloop
 endfacet
 facet normal 0 1 0
  outer loop
   vertex 12.176164627075195 0.95679998397827148 2.3830525875091553
   vertex 12.522848129272461 0.95679998397827148 2.4175469875335693
   vertex 12.522846221923828 0.95679998397827148 2.3839647769927979
  endloop
 endfacet
 facet normal 0 1 0
  outer loop
   vertex 7.1996126174926758 0.95679998397827148 -2.3249588012695312
   vertex 6.3389902114868164 0.95679998397827148 -2.2100114822387695
   vertex 7.1998138427734375 0.95679998397827148 -2.2146239280700684
  endloop
 endfacet
 facet normal 0 1 0
  outer loop
   vertex 7.199486255645752 0.95679998397827148 -2.4175469875335693
   vertex 6.3388452529907227 0.95679998397827148 -2.3228075504302979
   vertex 7.1996126174926758 0.95679998397827148 -2.3249588012695312
  endloop
 endfacet
 facet normal -0 1 0
  outer loop
   vertex 6.3389902114868164 0.95679998397827148 -2.2100114822387695
   vertex 5.4565858840942383 0.95679998397827148 -2.0754601955413818
   vertex 6.3391833305358887 0.95679998397827148 -2.0739550590515137
  endloop
 endfacet
 facet normal -0 1 0
  outer loop
   vertex 1.2956854104995728 0.95679998397827148 -2.4175469875335693
   vertex 0.86072570085525513 0.95679998397827148 -2.3429243564605713
   vertex 1.2958179712295532 0.95679998397827148 -2.3415558338165283
  endloop
 endfacet
 facet normal 0 1 0
  outer loop
   vertex 8.0496540069580078 0.95679998397827148 -2.3281776905059814
   vertex 7.199486255645752 0.95679998397827148 -2.4175469875335693
   vertex 7.1996126174926758 0.95679998397827148 -2.3249588012695312
  endloop
 endfacet
 facet normal -0 1 0
  outer loop
   vertex 6.3388452529907227 0.95679998397827148 -2.3228075504302979
   vertex 5.456578254699707 0.95679998397827148 -2.2106492519378662
   vertex 6.3389902114868164 0.95679998397827148 -2.2100114822387695
  endloop
 endfacet
 facet normal 0 1 0
  outer loop
   vertex 10.378964424133301 0.95679998397827148 2.4175469875335693
   vertex 10.934320449829102 0.95679998397827148 2.3705296516418457
   vertex 10.379033088684082 0.95679998397827148 2.3612287044525146
  endloop
 endfacet
 facet normal -0 1 0
  outer loop
   vertex 5.4565062522888184 0.95679998397827148 -2.3230879306793213
   vertex 4.5515027046203613 0.95679998397827148 -2.2159593105316162
   vertex 5.456578254699707 0.95679998397827148 -2.2106492519378662
  endloop
 endfacet
 facet normal 0 1 0
  outer loop
   vertex 8.9149074554443359 0.95679998397827148 -2.3327906131744385
   vertex 8.0495147705078125 0.95679998397827148 -2.4175469875335693
   vertex 8.0496540069580078 0.95679998397827148 -2.3281776905059814
  endloop
 endfacet
 facet normal 0 1 0
  outer loop
   vertex 8.9157314300537109 0.95679998397827148 -2.1083436012268066
   vertex 8.0499057769775391 0.95679998397827148 -2.221560001373291
   vertex 8.0503826141357422 0.95679998397827148 -2.0920400619506836
  endloop
 endfacet
 facet normal 0 1 0
  outer loop
   vertex 10.68571949005127 0.95679998397827148 -2.1486914157867432
   vertex 9.8005905151367188 0.95679998397827148 -1.9895980358123779
   vertex 10.686740875244141 0.95679998397827148 -2.0181941986083984
  endloop
 endfacet
 facet normal 0 1 0
  outer loop
   vertex 10.934698104858398 0.95679998397827148 2.3128561973571777
   vertex 11.410989761352539 0.95679998397827148 2.2613949775695801
   vertex 10.935802459716797 0.95679998397827148 2.2398529052734375
  endloop
 endfacet
 facet normal 0 1 0
  outer loop
   vertex 10.934320449829102 0.95679998397827148 2.3705296516418457
   vertex 11.410048484802246 0.95679998397827148 2.326308012008667
   vertex 10.934698104858398 0.95679998397827148 2.3128561973571777
  endloop
 endfacet
 facet normal 0 1 0
  outer loop
   vertex 11.410989761352539 0.95679998397827148 2.2613949775695801
   vertex 11.811623573303223 0.95679998397827148 2.3346130847930908
   vertex 11.812390327453613 0.95679998397827148 2.2747461795806885
  endloop
 endfacet
 facet normal 0 1 0
  outer loop
   vertex 11.487630844116211 0.95679998397827148 -2.264117956161499
   vertex 10.68571949005127 0.95679998397827148 -2.1486914157867432
   vertex 11.48820972442627 0.95679998397827148 -2.1621534824371338
  endloop
 endfacet
 facet normal 0 1 0
  outer loop
   vertex 11.413183212280273 0.95679998397827148 2.1768410205841064
   vertex 11.812390327453613 0.95679998397827148 2.2747461795806885
   vertex 11.814208030700684 0.95679998397827148 2.196073055267334
  endloop
 endfacet
 facet normal 0 1 0
  outer loop
   vertex 12.194276809692383 0.95679998397827148 -2.0487892627716064
   vertex 11.48820972442627 0.95679998397827148 -2.1621534824371338
   vertex 11.489251136779785 0.95679998397827148 -2.0379533767700195
  endloop
 endfacet
 facet normal -0 1 0
  outer loop
   vertex 2.2958471775054932 0.95679998397827148 -2.3365554809570312
   vertex 1.7681008577346802 0.95679998397827148 -2.2447903156280518
   vertex 2.2956922054290771 0.95679998397827148 -2.2391858100891113
  endloop
 endfacet
 facet normal 0 1 0
  outer loop
   vertex 13.309804916381836 0.95679998397827148 -2.3520998954772949
   vertex 12.797362327575684 0.95679998397827148 -2.4175469875335693
   vertex 12.797555923461914 0.95679998397827148 -2.3510844707489014
  endloop
 endfacet
 facet normal -0 1 0
  outer loop
   vertex 1.7682650089263916 0.95679998397827148 -2.339390754699707
   vertex 1.2956688404083252 0.95679998397827148 -2.2487418651580811
   vertex 1.7681008577346802 0.95679998397827148 -2.2447903156280518
  endloop
 endfacet
 facet normal -0 1 0
  outer loop
   vertex 2.2956922054290771 0.95679998397827148 -2.2391858100891113
   vertex 1.7673478126525879 0.95679998397827148 -2.1302428245544434
   vertex 2.2950122356414795 0.95679998397827148 -2.1221587657928467
  endloop
 endfacet
 facet normal 0 1 0
  outer loop
   vertex 12.865478515625 0.95679998397827148 2.2892336845397949
   vertex 13.219399452209473 0.95679998397827148 2.3418874740600586
   vertex 13.219253540039062 0.95679998397827148 2.2895445823669434
  endloop
 endfacet
 facet normal 0 1 0
  outer loop
   vertex 7.2001552581787109 0.95679998397827148 -2.0810344219207764
   vertex 6.3393459320068359 0.95679998397827148 -1.9106559753417969
   vertex 7.2006330490112305 0.95679998397827148 -1.9202828407287598
  endloop
 endfacet
 facet normal 0 1 0
  outer loop
   vertex 5.5476870536804199 0.95679998397827148 2.3191230297088623
   vertex 6.4166879653930664 0.95679998397827148 2.2103571891784668
   vertex 5.5481777191162109 0.95679998397827148 2.2022519111633301
  endloop
 endfacet
 facet normal -0 1 0
  outer loop
   vertex 6.3391833305358887 0.95679998397827148 -2.0739550590515137
   vertex 5.4564051628112793 0.95679998397827148 -1.9134129285812378
   vertex 6.3393459320068359 0.95679998397827148 -1.9106559753417969
  endloop
 endfacet
 facet normal 0 1 0
  outer loop
   vertex 12.865458488464355 0.95679998397827148 2.3840677738189697
   vertex 13.219614028930664 0.95679998397827148 2.4175469875335693
   vertex 13.219589233398438 0.95679998397827148 2.3835213184356689
  endloop
 endfacet
 facet normal 0 1 0
  outer loop
   vertex 8.0511512756347656 0.95679998397827148 -1.9357258081436157
   vertex 7.2001552581787109 0.95679998397827148 -2.0810344219207764
   vertex 7.2006330490112305 0.95679998397827148 -1.9202828407287598
  endloop
 endfacet
 facet normal 0 1 0
  outer loop
   vertex 12.523207664489746 0.95679998397827148 2.2874846458435059
   vertex 12.865386009216309 0.95679998397827148 2.3424370288848877
   vertex 12.865478515625 0.95679998397827148 2.2892336845397949
  endloop
 endfacet
 facet normal 0 1 0
  outer loop
   vertex 12.865386009216309 0.95679998397827148 2.3424370288848877
   vertex 13.219589233398438 0.95679998397827148 2.3835213184356689
   vertex 13.219399452209473 0.95679998397827148 2.3418874740600586
  endloop
 endfacet
 facet normal -0 1 0
  outer loop
   vertex 6.3387351036071777 0.95679998397827148 -2.4175469875335693
   vertex 5.4565062522888184 0.95679998397827148 -2.3230879306793213
   vertex 6.3388452529907227 0.95679998397827148 -2.3228075504302979
  endloop
 endfacet
 facet normal 0 1 0
  outer loop
   vertex 12.522846221923828 0.95679998397827148 2.3839647769927979
   vertex 12.865471839904785 0.95679998397827148 2.4175469875335693
   vertex 12.865458488464355 0.95679998397827148 2.3840677738189697
  endloop
 endfacet
 facet normal 0 1 0
  outer loop
   vertex 4.6510205268859863 0.95679998397827148 2.054795503616333
   vertex 5.5481777191162109 0.95679998397827148 2.2022519111633301
   vertex 5.5494174957275391 0.95679998397827148 2.0622894763946533
  endloop
 endfacet
 facet normal 0 1 0
  outer loop
   vertex 7.1998138427734375 0.95679998397827148 -2.2146239280700684
   vertex 6.3391833305358887 0.95679998397827148 -2.0739550590515137
   vertex 7.2001552581787109 0.95679998397827148 -2.0810344219207764
  endloop
 endfacet
 facet normal 0 1 0
  outer loop
   vertex 8.0503826141357422 0.95679998397827148 -2.0920400619506836
   vertex 7.1998138427734375 0.95679998397827148 -2.2146239280700684
   vertex 7.2001552581787109 0.95679998397827148 -2.0810344219207764
  endloop
 endfacet
 facet normal 0 1 0
  outer loop
   vertex 13.602248191833496 0.95679998397827148 2.3826603889465332
   vertex 14.02888298034668 0.95679998397827148 2.4175469875335693
   vertex 14.028830528259277 0.95679998397827148 2.3816759586334229
  endloop
 endfacet
 facet normal 0 1 0
  outer loop
   vertex 3.7663516998291016 0.95679998397827148 2.3156836032867432
   vertex 4.6495590209960938 0.95679998397827148 2.4175469875335693
   vertex 4.6496820449829102 0.95679998397827148 2.3168833255767822
  endloop
 endfacet
 facet normal 0 1 0
  outer loop
   vertex 11.811402320861816 0.95679998397827148 2.3807172775268555
   vertex 12.176301956176758 0.95679998397827148 2.3397195339202881
   vertex 11.811623573303223 0.95679998397827148 2.3346130847930908
  endloop
 endfacet
 facet normal 0 1 0
  outer loop
   vertex 3.7666130065917969 0.95679998397827148 2.1948995590209961
   vertex 4.6496820449829102 0.95679998397827148 2.3168833255767822
   vertex 4.6500649452209473 0.95679998397827148 2.1974670886993408
  endloop
 endfacet
 facet normal 0 1 0
  outer loop
   vertex 13.219614028930664 0.95679998397827148 2.4175469875335693
   vertex 13.602248191833496 0.95679998397827148 2.3826603889465332
   vertex 13.219589233398438 0.95679998397827148 2.3835213184356689
  endloop
 endfacet
 facet normal 0 1 0
  outer loop
   vertex 12.176872253417969 0.95679998397827148 2.2833621501922607
   vertex 12.522880554199219 0.95679998397827148 2.3418807983398438
   vertex 12.523207664489746 0.95679998397827148 2.2874846458435059
  endloop
 endfacet
 facet normal -0 1 0
  outer loop
   vertex 5.456578254699707 0.95679998397827148 -2.2106492519378662
   vertex 4.5512890815734863 0.95679998397827148 -2.0845801830291748
   vertex 5.4565858840942383 0.95679998397827148 -2.0754601955413818
  endloop
 endfacet
 facet normal -0 1 0
  outer loop
   vertex 4.5512890815734863 0.95679998397827148 -2.0845801830291748
   vertex 3.6946344375610352 0.95679998397827148 -1.9459537267684937
   vertex 4.550696849822998 0.95679998397827148 -1.9270715713500977
  endloop
 endfacet
 facet normal 0 1 0
  outer loop
   vertex 8.9546937942504883 0.95679998397827148 2.1447393894195557
   vertex 9.7323141098022461 0.95679998397827148 2.0564565658569336
   vertex 8.9578800201416016 0.95679998397827148 2.0116465091705322
  endloop
 endfacet
 facet normal 0 1 0
  outer loop
   vertex 1.3899284601211548 0.95679998397827148 2.4175469875335693
   vertex 2.1308724880218506 0.95679998397827148 2.3151590824127197
   vertex 1.3902019262313843 0.95679998397827148 2.3152065277099609
  endloop
 endfacet
 facet normal -0 1 0
  outer loop
   vertex 4.5515027046203613 0.95679998397827148 -2.2159593105316162
   vertex 3.6956360340118408 0.95679998397827148 -2.0975780487060547
   vertex 4.5512890815734863 0.95679998397827148 -2.0845801830291748
  endloop
 endfacet
 facet normal 0 1 0
  outer loop
   vertex 8.9524650573730469 0.95679998397827148 2.3431129455566406
   vertex 9.7277812957763672 0.95679998397827148 2.2732977867126465
   vertex 8.9530906677246094 0.95679998397827148 2.2539002895355225
  endloop
 endfacet
 facet normal 0 1 0
  outer loop
   vertex 9.7987747192382812 0.95679998397827148 -2.3386077880859375
   vertex 8.9147567749023438 0.95679998397827148 -2.4175469875335693
   vertex 8.9149074554443359 0.95679998397827148 -2.3327906131744385
  endloop
 endfacet
 facet normal 0 1 0
  outer loop
   vertex 10.684687614440918 0.95679998397827148 -2.4175469875335693
   vertex 9.7987747192382812 0.95679998397827148 -2.3386077880859375
   vertex 10.684856414794922 0.95679998397827148 -2.3440141677856445
  endloop
 endfacet
 facet normal 0 1 0
  outer loop
   vertex 9.7292690277099609 0.95679998397827148 2.1761295795440674
   vertex 10.379519462585449 0.95679998397827148 2.2929451465606689
   vertex 10.380833625793457 0.95679998397827148 2.2078850269317627
  endloop
 endfacet
 facet normal 0 1 0
  outer loop
   vertex 10.684856414794922 0.95679998397827148 -2.3440141677856445
   vertex 9.7990608215332031 0.95679998397827148 -2.2442429065704346
   vertex 10.685141563415527 0.95679998397827148 -2.2560381889343262
  endloop
 endfacet
 facet normal 0 1 0
  outer loop
   vertex 10.685141563415527 0.95679998397827148 -2.2560381889343262
   vertex 9.7996225357055664 0.95679998397827148 -2.1291739940643311
   vertex 10.68571949005127 0.95679998397827148 -2.1486914157867432
  endloop
 endfacet
 facet normal 0 1 0
  outer loop
   vertex 9.7996225357055664 0.95679998397827148 -2.1291739940643311
   vertex 8.9151935577392578 0.95679998397827148 -2.2315750122070312
   vertex 8.9157314300537109 0.95679998397827148 -2.1083436012268066
  endloop
 endfacet
 facet normal 0 1 0
  outer loop
   vertex 12.192726135253906 0.95679998397827148 -2.2685441970825195
   vertex 11.487360000610352 0.95679998397827148 -2.3477206230163574
   vertex 11.487630844116211 0.95679998397827148 -2.264117956161499
  endloop
 endfacet
 facet normal 0 1 0
  outer loop
   vertex 11.487360000610352 0.95679998397827148 -2.3477206230163574
   vertex 10.685141563415527 0.95679998397827148 -2.2560381889343262
   vertex 11.487630844116211 0.95679998397827148 -2.264117956161499
  endloop
 endfacet
 facet normal 0 1 0
  outer loop
   vertex 6.4181056022644043 0.95679998397827148 2.0750753879547119
   vertex 7.2682428359985352 0.95679998397827148 1.938761830329895
   vertex 6.4207248687744141 0.95679998397827148 1.9130780696868896
  endloop
 endfacet
 facet normal 0 1 0
  outer loop
   vertex 10.379519462585449 0.95679998397827148 2.2929451465606689
   vertex 10.935802459716797 0.95679998397827148 2.2398529052734375
   vertex 10.380833625793457 0.95679998397827148 2.2078850269317627
  endloop
 endfacet
 facet normal 0 1 0
  outer loop
   vertex 6.4160208702087402 0.95679998397827148 2.4175469875335693
   vertex 7.2631335258483887 0.95679998397827148 2.3282732963562012
   vertex 6.4161219596862793 0.95679998397827148 2.3229010105133057
  endloop
 endfacet
 facet normal 0 1 0
  outer loop
   vertex 4.652644157409668 0.95679998397827148 1.8846434354782104
   vertex 5.5494174957275391 0.95679998397827148 2.0622894763946533
   vertex 5.5516347885131836 0.95679998397827148 1.8951418399810791
  endloop
 endfacet
 facet normal 0 1 0
  outer loop
   vertex 5.5481777191162109 0.95679998397827148 2.2022519111633301
   vertex 6.4181056022644043 0.95679998397827148 2.0750753879547119
   vertex 5.5494174957275391 0.95679998397827148 2.0622894763946533
  endloop
 endfacet
 facet normal 0 1 0
  outer loop
   vertex 8.0499057769775391 0.95679998397827148 -2.221560001373291
   vertex 7.1996126174926758 0.95679998397827148 -2.3249588012695312
   vertex 7.1998138427734375 0.95679998397827148 -2.2146239280700684
  endloop
 endfacet
 facet normal 0 1 0
  outer loop
   vertex 10.380833625793457 0.95679998397827148 2.2078850269317627
   vertex 10.938275337219238 0.95679998397827148 2.1465187072753906
   vertex 10.383623123168945 0.95679998397827148 2.1015801429748535
  endloop
 endfacet
 facet normal 0 1 0
  outer loop
   vertex 6.4166879653930664 0.95679998397827148 2.2103571891784668
   vertex 7.2653045654296875 0.95679998397827148 2.0933651924133301
   vertex 6.4181056022644043 0.95679998397827148 2.0750753879547119
  endloop
 endfacet
 facet normal 0 1 0
  outer loop
   vertex 10.379033088684082 0.95679998397827148 2.3612287044525146
   vertex 10.934698104858398 0.95679998397827148 2.3128561973571777
   vertex 10.379519462585449 0.95679998397827148 2.2929451465606689
  endloop
 endfacet
 facet normal 0 1 0
  outer loop
   vertex 3.7682137489318848 0.95679998397827148 1.8790078163146973
   vertex 4.6510205268859863 0.95679998397827148 2.054795503616333
   vertex 4.652644157409668 0.95679998397827148 1.8846434354782104
  endloop
 endfacet
 facet normal 0 1 0
  outer loop
   vertex 3.7672498226165771 0.95679998397827148 2.0507678985595703
   vertex 4.6500649452209473 0.95679998397827148 2.1974670886993408
   vertex 4.6510205268859863 0.95679998397827148 2.054795503616333
  endloop
 endfacet
 facet normal 0 1 0
  outer loop
   vertex 7.2653045654296875 0.95679998397827148 2.0933651924133301
   vertex 8.1062889099121094 0.95679998397827148 1.9710601568222046
   vertex 7.2682428359985352 0.95679998397827148 1.938761830329895
  endloop
 endfacet
 facet normal 0 1 0
  outer loop
   vertex 7.2637553215026855 0.95679998397827148 2.2218918800354004
   vertex 8.1031322479248047 0.95679998397827148 2.1162300109863281
   vertex 7.2653045654296875 0.95679998397827148 2.0933651924133301
  endloop
 endfacet
 facet normal -0 1 0
  outer loop
   vertex 5.4565858840942383 0.95679998397827148 -2.0754601955413818
   vertex 4.550696849822998 0.95679998397827148 -1.9270715713500977
   vertex 5.4564051628112793 0.95679998397827148 -1.9134129285812378
  endloop
 endfacet
 facet normal 0 1 0
  outer loop
   vertex 10.935802459716797 0.95679998397827148 2.2398529052734375
   vertex 11.413183212280273 0.95679998397827148 2.1768410205841064
   vertex 10.938275337219238 0.95679998397827148 2.1465187072753906
  endloop
 endfacet
 facet normal 0 1 0
  outer loop
   vertex 8.9166345596313477 0.95679998397827148 -1.9592405557632446
   vertex 8.0503826141357422 0.95679998397827148 -2.0920400619506836
   vertex 8.0511512756347656 0.95679998397827148 -1.9357258081436157
  endloop
 endfacet
 facet normal 0 1 0
  outer loop
   vertex 5.5494174957275391 0.95679998397827148 2.0622894763946533
   vertex 6.4207248687744141 0.95679998397827148 1.9130780696868896
   vertex 5.5516347885131836 0.95679998397827148 1.8951418399810791
  endloop
 endfacet
 facet normal 0 1 0
  outer loop
   vertex 12.19328498840332 0.95679998397827148 -2.1695926189422607
   vertex 11.487630844116211 0.95679998397827148 -2.264117956161499
   vertex 11.48820972442627 0.95679998397827148 -2.1621534824371338
  endloop
 endfacet
 facet normal 0 1 0
  outer loop
   vertex 6.4161219596862793 0.95679998397827148 2.3229010105133057
   vertex 7.2637553215026855 0.95679998397827148 2.2218918800354004
   vertex 6.4166879653930664 0.95679998397827148 2.2103571891784668
  endloop
 endfacet
 facet normal 0 1 0
  outer loop
   vertex 11.811623573303223 0.95679998397827148 2.3346130847930908
   vertex 12.176872253417969 0.95679998397827148 2.2833621501922607
   vertex 11.812390327453613 0.95679998397827148 2.2747461795806885
  endloop
 endfacet
 facet normal 0 1 0
  outer loop
   vertex 7.2631335258483887 0.95679998397827148 2.3282732963562012
   vertex 8.1015033721923828 0.95679998397827148 2.2362053394317627
   vertex 7.2637553215026855 0.95679998397827148 2.2218918800354004
  endloop
 endfacet
 facet normal 0 1 0
  outer loop
   vertex 7.2630419731140137 0.95679998397827148 2.4175469875335693
   vertex 8.1008596420288086 0.95679998397827148 2.334916353225708
   vertex 7.2631335258483887 0.95679998397827148 2.3282732963562012
  endloop
 endfacet
 facet normal 0 1 0
  outer loop
   vertex 8.1031322479248047 0.95679998397827148 2.1162300109863281
   vertex 8.9578800201416016 0.95679998397827148 2.0116465091705322
   vertex 8.1062889099121094 0.95679998397827148 1.9710601568222046
  endloop
 endfacet
 facet normal 0 1 0
  outer loop
   vertex 8.1015033721923828 0.95679998397827148 2.2362053394317627
   vertex 8.9546937942504883 0.95679998397827148 2.1447393894195557
   vertex 8.1031322479248047 0.95679998397827148 2.1162300109863281
  endloop
 endfacet
 facet normal 0 1 0
  outer loop
   vertex 2.9228639602661133 0.95679998397827148 2.0491883754730225
   vertex 3.7666130065917969 0.95679998397827148 2.1948995590209961
   vertex 3.7672498226165771 0.95679998397827148 2.0507678985595703
  endloop
 endfacet
 facet normal 0 1 0
  outer loop
   vertex 8.1008596420288086 0.95679998397827148 2.334916353225708
   vertex 8.9530906677246094 0.95679998397827148 2.2539002895355225
   vertex 8.1015033721923828 0.95679998397827148 2.2362053394317627
  endloop
 endfacet
 facet normal 0 1 0
  outer loop
   vertex 2.9225478172302246 0.95679998397827148 2.1939136981964111
   vertex 3.7663516998291016 0.95679998397827148 2.3156836032867432
   vertex 3.7666130065917969 0.95679998397827148 2.1948995590209961
  endloop
 endfacet
 facet normal 0 1 0
  outer loop
   vertex 8.1007728576660156 0.95679998397827148 2.4175469875335693
   vertex 8.9524650573730469 0.95679998397827148 2.3431129455566406
   vertex 8.1008596420288086 0.95679998397827148 2.334916353225708
  endloop
 endfacet
 facet normal 0 1 0
  outer loop
   vertex 2.922407865524292 0.95679998397827148 2.3152370452880859
   vertex 3.7662060260772705 0.95679998397827148 2.4175469875335693
   vertex 3.7663516998291016 0.95679998397827148 2.3156836032867432
  endloop
 endfacet
 facet normal 0 1 0
  outer loop
   vertex 2.1308724880218506 0.95679998397827148 2.3151590824127197
   vertex 2.9222314357757568 0.95679998397827148 2.4175469875335693
   vertex 2.922407865524292 0.95679998397827148 2.3152370452880859
  endloop
 endfacet
 facet normal 0 1 0
  outer loop
   vertex 8.9530906677246094 0.95679998397827148 2.2539002895355225
   vertex 9.7292690277099609 0.95679998397827148 2.1761295795440674
   vertex 8.9546937942504883 0.95679998397827148 2.1447393894195557
  endloop
 endfacet
 facet normal 0 1 0
  outer loop
   vertex 2.130903959274292 0.95679998397827148 2.1936841011047363
   vertex 2.922407865524292 0.95679998397827148 2.3152370452880859
   vertex 2.9225478172302246 0.95679998397827148 2.1939136981964111
  endloop
 endfacet
 facet normal 0 1 0
  outer loop
   vertex 9.8005905151367188 0.95679998397827148 -1.9895980358123779
   vertex 8.9157314300537109 0.95679998397827148 -2.1083436012268066
   vertex 8.9166345596313477 0.95679998397827148 -1.9592405557632446
  endloop
 endfacet
 facet normal -0.14419842033723851 0 -0.98954879393198447
  outer loop
   vertex 14.218718528747559 0.95679998397827148 -1.1175470352172852
   vertex 14.076027870178223 0.95679998397827148 -1.0967539548873901
   vertex 14.218718528747559 1.0099999904632568 -1.1175470352172852
  endloop
 endfacet
 facet normal 0.14427385612214091 0 -0.9895377983885445
  outer loop
   vertex 14.361482620239258 1.0099999904632568 -1.0967321395874023
   vertex 14.218718528747559 0.95679998397827148 -1.1175470352172852
   vertex 14.218718528747559 1.0099999904632568 -1.1175470352172852
  endloop
 endfacet
 facet normal -0.15698814505241163 0.035312337571128741 -0.98696897678106654
  outer loop
   vertex 14.076027870178223 0.95679998397827148 -1.0967539548873901
   vertex 14.063582420349121 1.0099999904632568 -1.0928709506988525
   vertex 14.218718528747559 1.0099999904632568 -1.1175470352172852
  endloop
 endfacet
 facet normal -0.43212410977072419 -0.035317989607463997 -0.90112229656409359
  outer loop
   vertex 14.063582420349121 1.0099999904632568 -1.0928709506988525
   vertex 14.076027870178223 0.95679998397827148 -1.0967539548873901
   vertex 13.934381484985352 0.95679998397827148 -1.0288288593292236
  endloop
 endfacet
 facet normal -0.45544903002271769 0.035242483351591941 -0.88956402154009029
  outer loop
   vertex 13.92377758026123 1.0099999904632568 -1.0212920904159546
   vertex 14.063582420349121 1.0099999904632568 -1.0928709506988525
   vertex 13.934381484985352 0.95679998397827148 -1.0288288593292236
  endloop
 endfacet
 facet normal -0.69037228941654238 -0.035236943452197404 -0.72259564060538628
  outer loop
   vertex 13.820828437805176 0.95679998397827148 -0.92033958435058594
   vertex 13.92377758026123 1.0099999904632568 -1.0212920904159546
   vertex 13.934381484985352 0.95679998397827148 -1.0288288593292236
  endloop
 endfacet
 facet normal -0.70893950936819516 0.035243728300516822 -0.70438813992873428
  outer loop
   vertex 13.813081741333008 1.0099999904632568 -0.90988099575042725
   vertex 13.92377758026123 1.0099999904632568 -1.0212920904159546
   vertex 13.820828437805176 0.95679998397827148 -0.92033958435058594
  endloop
 endfacet
 facet normal -0.88045931567494251 -0.035258216580866739 -0.47280889543741511
  outer loop
   vertex 13.820828437805176 0.95679998397827148 -0.92033958435058594
   vertex 13.746533393859863 0.95679998397827148 -0.78198820352554321
   vertex 13.813081741333008 1.0099999904632568 -0.90988099575042725
  endloop
 endfacet
 facet normal -0.89247420358814022 0.035286062067899804 -0.44971623247716436
  outer loop
   vertex 13.813081741333008 1.0099999904632568 -0.90988099575042725
   vertex 13.746533393859863 0.95679998397827148 -0.78198820352554321
   vertex 13.74240779876709 1.0099999904632568 -0.76962661743164062
  endloop
 endfacet
 facet normal -0.98369072308480165 -0.035302624757849219 -0.17636974230889579
  outer loop
   vertex 13.746533393859863 0.95679998397827148 -0.78198820352554321
   vertex 13.718815803527832 0.95679998397827148 -0.6273951530456543
   vertex 13.74240779876709 1.0099999904632568 -0.76962661743164062
  endloop
 endfacet
 facet normal -0.98795320779296114 0.035268734543583181 -0.15068037554801944
  outer loop
   vertex 13.74240779876709 1.0099999904632568 -0.76962661743164062
   vertex 13.718815803527832 0.95679998397827148 -0.6273951530456543
   vertex 13.718728065490723 1.0099999904632568 -0.61436772346496582
  endloop
 endfacet
 facet normal -0.98986994954004737 -0.03530714844731643 0.13751686538786093
  outer loop
   vertex 13.740431785583496 0.95679998397827148 -0.47179961204528809
   vertex 13.718728065490723 1.0099999904632568 -0.61436772346496582
   vertex 13.718815803527832 0.95679998397827148 -0.6273951530456543
  endloop
 endfacet
 facet normal -0.98595994330498116 0.035196638782776124 0.1632304714703505
  outer loop
   vertex 13.744379997253418 1.0099999904632568 -0.4594225287437439
   vertex 13.718728065490723 1.0099999904632568 -0.61436772346496582
   vertex 13.740431785583496 0.95679998397827148 -0.47179961204528809
  endloop
 endfacet
 facet normal -0.89837132085392613 -0.035188648695080517 0.43782499799598751
  outer loop
   vertex 13.744379997253418 1.0099999904632568 -0.4594225287437439
   vertex 13.740431785583496 0.95679998397827148 -0.47179961204528809
   vertex 13.809228897094727 0.95679998397827148 -0.33063510060310364
  endloop
 endfacet
 facet normal -0.88668244428801957 0.035243790286387452 0.46103374956468451
  outer loop
   vertex 13.816832542419434 1.0099999904632568 -0.3200782835483551
   vertex 13.744379997253418 1.0099999904632568 -0.4594225287437439
   vertex 13.809228897094727 0.95679998397827148 -0.33063510060310364
  endloop
 endfacet
 facet normal -0.71825157816045437 -0.035235039455521859 0.69489075577718284
  outer loop
   vertex 13.809228897094727 0.95679998397827148 -0.33063510060310364
   vertex 13.918427467346191 0.95679998397827148 -0.21776549518108368
   vertex 13.816832542419434 1.0099999904632568 -0.3200782835483551
  endloop
 endfacet
 facet normal -0.69992517542257582 0.035254271274775248 0.71334555803380528
  outer loop
   vertex 13.816832542419434 1.0099999904632568 -0.3200782835483551
   vertex 13.918427467346191 0.95679998397827148 -0.21776549518108368
   vertex 13.928936004638672 1.0099999904632568 -0.21008385717868805
  endloop
 endfacet
 facet normal 0.1569160838766798 -0.034921002688025296 -0.98699435975696936
  outer loop
   vertex 14.218718528747559 0.95679998397827148 -1.1175470352172852
   vertex 14.361482620239258 1.0099999904632568 -1.0967321395874023
   vertex 14.373782157897949 0.95679998397827148 -1.092894434928894
  endloop
 endfacet
 facet normal -0.46724055166697903 -0.035265948287120055 0.88342661255440291
  outer loop
   vertex 13.918427467346191 0.95679998397827148 -0.21776549518108368
   vertex 14.057281494140625 0.95679998397827148 -0.14432619512081146
   vertex 13.928936004638672 1.0099999904632568 -0.21008385717868805
  endloop
 endfacet
 facet normal -0.44410236295073685 0.035211288716744893 0.89528389707873002
  outer loop
   vertex 14.057281494140625 0.95679998397827148 -0.14432619512081146
   vertex 14.069637298583984 1.0099999904632568 -0.14028948545455933
   vertex 13.928936004638672 1.0099999904632568 -0.21008385717868805
  endloop
 endfacet
 facet normal -0.17014575060818668 -0.035207189959748059 0.98478976300787935
  outer loop
   vertex 14.212017059326172 0.95679998397827148 -0.11759196221828461
   vertex 14.069637298583984 1.0099999904632568 -0.14028948545455933
   vertex 14.057281494140625 0.95679998397827148 -0.14432619512081146
  endloop
 endfacet
 facet normal -0.14444033204648116 0.035334618909789256 0.9888824273819421
  outer loop
   vertex 14.225063323974609 1.0099999904632568 -0.11758730560541153
   vertex 14.069637298583984 1.0099999904632568 -0.14028948545455933
   vertex 14.212017059326172 0.95679998397827148 -0.11759196221828461
  endloop
 endfacet
 facet normal 0.14367144000831697 -0.03531918733996002 0.98899498094357452
  outer loop
   vertex 14.225063323974609 1.0099999904632568 -0.11758730560541153
   vertex 14.212017059326172 0.95679998397827148 -0.11759196221828461
   vertex 14.367398262023926 0.95679998397827148 -0.14016421139240265
  endloop
 endfacet
 facet normal 0.16947447034706564 0.035455264719588514 0.98489660782451949
  outer loop
   vertex 14.225063323974609 1.0099999904632568 -0.11758730560541153
   vertex 14.367398262023926 0.95679998397827148 -0.14016421139240265
   vertex 14.379850387573242 1.0099999904632568 -0.14422203600406647
  endloop
 endfacet
 facet normal 0.44337779455733861 -0.035463799805039865 0.8956329885599672
  outer loop
   vertex 14.508185386657715 0.95679998397827148 -0.20986004173755646
   vertex 14.379850387573242 1.0099999904632568 -0.14422203600406647
   vertex 14.367398262023926 0.95679998397827148 -0.14016421139240265
  endloop
 endfacet
 facet normal 0.46664749176702491 0.035347485078267224 0.88373676721418926
  outer loop
   vertex 14.379850387573242 1.0099999904632568 -0.14422203600406647
   vertex 14.508185386657715 0.95679998397827148 -0.20986004173755646
   vertex 14.518732070922852 1.0099999904632568 -0.21755698323249817
  endloop
 endfacet
 facet normal 0.69940641364344902 -0.035375386612278285 0.71384819855235349
  outer loop
   vertex 14.508185386657715 0.95679998397827148 -0.20986004173755646
   vertex 14.620406150817871 0.95679998397827148 -0.31981047987937927
   vertex 14.518732070922852 1.0099999904632568 -0.21755698323249817
  endloop
 endfacet
 facet normal 0.43223792061755384 0.034929256624549557 -0.90108286356575984
  outer loop
   vertex 14.503087997436523 1.0099999904632568 -1.0288058519363403
   vertex 14.373782157897949 0.95679998397827148 -1.092894434928894
   vertex 14.361482620239258 1.0099999904632568 -1.0967321395874023
  endloop
 endfacet
 facet normal 0.717836149455366 0.035483690752297077 0.69530724879414907
  outer loop
   vertex 14.628067970275879 1.0099999904632568 -0.33043551445007324
   vertex 14.518732070922852 1.0099999904632568 -0.21755698323249817
   vertex 14.620406150817871 0.95679998397827148 -0.31981047987937927
  endloop
 endfacet
 facet normal 0.8863946628544056 -0.035473818204256317 0.4615691821225027
  outer loop
   vertex 14.692967414855957 0.95679998397827148 -0.45915669202804565
   vertex 14.628067970275879 1.0099999904632568 -0.33043551445007324
   vertex 14.620406150817871 0.95679998397827148 -0.31981047987937927
  endloop
 endfacet
 facet normal 0.89816168959896225 0.035316419747378952 0.4382446004607064
  outer loop
   vertex 14.692967414855957 0.95679998397827148 -0.45915669202804565
   vertex 14.696939468383789 1.0099999904632568 -0.47158440947532654
   vertex 14.628067970275879 1.0099999904632568 -0.33043551445007324
  endloop
 endfacet
 facet normal 0.98587931668826867 -0.035372380142657887 0.16367885522973205
  outer loop
   vertex 14.718707084655762 0.95679998397827148 -0.61419326066970825
   vertex 14.696939468383789 1.0099999904632568 -0.47158440947532654
   vertex 14.692967414855957 0.95679998397827148 -0.45915669202804565
  endloop
 endfacet
 facet normal 0.98981287260803985 0.035182008577432596 0.13795906455132873
  outer loop
   vertex 14.718626022338867 1.0099999904632568 -0.6271786093711853
   vertex 14.696939468383789 1.0099999904632568 -0.47158440947532654
   vertex 14.718707084655762 0.95679998397827148 -0.61419326066970825
  endloop
 endfacet
 facet normal 0.98799087318157996 -0.035216139705282867 -0.15044553171881575
  outer loop
   vertex 14.695047378540039 0.95679998397827148 -0.76956892013549805
   vertex 14.718626022338867 1.0099999904632568 -0.6271786093711853
   vertex 14.718707084655762 0.95679998397827148 -0.61419326066970825
  endloop
 endfacet
 facet normal 0.4553509521155007 -0.035055410317775239 -0.88962162103613429
  outer loop
   vertex 14.503087997436523 1.0099999904632568 -1.0288058519363403
   vertex 14.513628959655762 0.95679998397827148 -1.0213141441345215
   vertex 14.373782157897949 0.95679998397827148 -1.092894434928894
  endloop
 endfacet
 facet normal 0.9837701735440153 0.035009870517048493 -0.17598452946653409
  outer loop
   vertex 14.718626022338867 1.0099999904632568 -0.6271786093711853
   vertex 14.695047378540039 0.95679998397827148 -0.76956892013549805
   vertex 14.690962791442871 1.0099999904632568 -0.781818687915802
  endloop
 endfacet
 facet normal 0.69051835091751212 0.035079709834252008 -0.72246371604676762
  outer loop
   vertex 14.616707801818848 1.0099999904632568 -0.92021000385284424
   vertex 14.513628959655762 0.95679998397827148 -1.0213141441345215
   vertex 14.503087997436523 1.0099999904632568 -1.0288058519363403
  endloop
 endfacet
 facet normal 0.89251710833099229 -0.035010822262669057 -0.44965259218754156
  outer loop
   vertex 14.624364852905273 0.95679998397827148 -0.90986692905426025
   vertex 14.690962791442871 1.0099999904632568 -0.781818687915802
   vertex 14.695047378540039 0.95679998397827148 -0.76956892013549805
  endloop
 endfacet
 facet normal 0.70893447504211582 -0.034913794142105818 -0.70440963726752237
  outer loop
   vertex 14.513628959655762 0.95679998397827148 -1.0213141441345215
   vertex 14.616707801818848 1.0099999904632568 -0.92021000385284424
   vertex 14.624364852905273 0.95679998397827148 -0.90986692905426025
  endloop
 endfacet
 facet normal 0.88063394207403645 0.034884189217423964 -0.47251132622381226
  outer loop
   vertex 14.616707801818848 1.0099999904632568 -0.92021000385284424
   vertex 14.690962791442871 1.0099999904632568 -0.781818687915802
   vertex 14.624364852905273 0.95679998397827148 -0.90986692905426025
  endloop
 endfacet
 facet normal -0.14419343780470387 0 -0.98954951998071372
  outer loop
   vertex 0.61506712436676025 1.0099999904632568 -1.1175470352172852
   vertex 0.61506712436676025 0.95679998397827148 -1.1175470352172852
   vertex 0.47238042950630188 0.95679998397827148 -1.0967552661895752
  endloop
 endfacet
 facet normal 0.14426716263722608 0 -0.98953877427041947
  outer loop
   vertex 0.61506712436676025 1.0099999904632568 -1.1175470352172852
   vertex 0.75782489776611328 1.0099999904632568 -1.0967340469360352
   vertex 0.61506712436676025 0.95679998397827148 -1.1175470352172852
  endloop
 endfacet
 facet normal -0.15697351049329789 0.035284417355741511 -0.98697230300311689
  outer loop
   vertex 0.61506712436676025 1.0099999904632568 -1.1175470352172852
   vertex 0.47238042950630188 0.95679998397827148 -1.0967552661895752
   vertex 0.45994526147842407 1.0099999904632568 -1.092875599861145
  endloop
 endfacet
 facet normal -0.43209993789027928 -0.035284421069943568 -0.90113520256672686
  outer loop
   vertex 0.3307516872882843 0.95679998397827148 -1.0288434028625488
   vertex 0.45994526147842407 1.0099999904632568 -1.092875599861145
   vertex 0.47238042950630188 0.95679998397827148 -1.0967552661895752
  endloop
 endfacet
 facet normal -0.45541533684986635 0.035242316617643946 -0.88958127795123043
  outer loop
   vertex 0.32014599442481995 1.0099999904632568 -1.0213062763214111
   vertex 0.45994526147842407 1.0099999904632568 -1.092875599861145
   vertex 0.3307516872882843 0.95679998397827148 -1.0288434028625488
  endloop
 endfacet
 facet normal -0.69037817470236074 -0.035257401738997954 -0.72258901978735579
  outer loop
   vertex 0.21715392172336578 0.95679998397827148 -0.92030948400497437
   vertex 0.32014599442481995 1.0099999904632568 -1.0213062763214111
   vertex 0.3307516872882843 0.95679998397827148 -1.0288434028625488
  endloop
 endfacet
 facet normal 0.15693075316072869 -0.034978830641037593 -0.98698997974619362
  outer loop
   vertex 0.61506712436676025 0.95679998397827148 -1.1175470352172852
   vertex 0.75782489776611328 1.0099999904632568 -1.0967340469360352
   vertex 0.77014631032943726 0.95679998397827148 -1.0928895473480225
  endloop
 endfacet
 facet normal -0.70890236024521747 0.035070100520496625 -0.70443419258880524
  outer loop
   vertex 0.20945121347904205 1.0099999904632568 -0.90990936756134033
   vertex 0.32014599442481995 1.0099999904632568 -1.0213062763214111
   vertex 0.21715392172336578 0.95679998397827148 -0.92030948400497437
  endloop
 endfacet
 facet normal -0.88053502703037601 -0.035085899349131706 -0.47268070178448973
  outer loop
   vertex 0.21715392172336578 0.95679998397827148 -0.92030948400497437
   vertex 0.14284490048885345 0.95679998397827148 -0.781882643699646
   vertex 0.20945121347904205 1.0099999904632568 -0.90990936756134033
  endloop
 endfacet
 facet normal 0.43221366858621235 0.034985595511186268 -0.90109231091713093
  outer loop
   vertex 0.75782489776611328 1.0099999904632568 -1.0967340469360352
   vertex 0.8994218111038208 1.0099999904632568 -1.0288163423538208
   vertex 0.77014631032943726 0.95679998397827148 -1.0928895473480225
  endloop
 endfacet
 facet normal -0.89244881057154535 0.034900949881916499 -0.44979666984847011
  outer loop
   vertex 0.14284490048885345 0.95679998397827148 -0.781882643699646
   vertex 0.13877066969871521 1.0099999904632568 -0.76967096328735352
   vertex 0.20945121347904205 1.0099999904632568 -0.90990936756134033
  endloop
 endfacet
 facet normal 0.45537794402125609 -0.035139094530682438 -0.88960450321170115
  outer loop
   vertex 0.77014631032943726 0.95679998397827148 -1.0928895473480225
   vertex 0.8994218111038208 1.0099999904632568 -1.0288163423538208
   vertex 0.9099891185760498 0.95679998397827148 -1.0213056802749634
  endloop
 endfacet
 facet normal 0.69049304945773726 0.035156346878915549 -0.72248417278490196
  outer loop
   vertex 0.9099891185760498 0.95679998397827148 -1.0213056802749634
   vertex 0.8994218111038208 1.0099999904632568 -1.0288163423538208
   vertex 1.0130451917648315 1.0099999904632568 -0.92022413015365601
  endloop
 endfacet
 facet normal -0.98372380485716859 -0.034875222792184704 -0.17627023172541337
  outer loop
   vertex 0.14284490048885345 0.95679998397827148 -0.781882643699646
   vertex 0.11516427993774414 0.95679998397827148 -0.62740343809127808
   vertex 0.13877066969871521 1.0099999904632568 -0.76967096328735352
  endloop
 endfacet
 facet normal -0.98794173562933685 0.03515948894142587 -0.15078109078750945
  outer loop
   vertex 0.11507686227560043 1.0099999904632568 -0.61442536115646362
   vertex 0.13877066969871521 1.0099999904632568 -0.76967096328735352
   vertex 0.11516427993774414 0.95679998397827148 -0.62740343809127808
  endloop
 endfacet
 facet normal -0.98989847429748923 -0.03513434630081836 0.13735569989453408
  outer loop
   vertex 0.13673414289951324 0.95679998397827148 -0.47195321321487427
   vertex 0.11507686227560043 1.0099999904632568 -0.61442536115646362
   vertex 0.11516427993774414 0.95679998397827148 -0.62740343809127808
  endloop
 endfacet
 facet normal -0.98597295505685068 0.035418460042470803 0.1631038460143763
  outer loop
   vertex 0.11507686227560043 1.0099999904632568 -0.61442536115646362
   vertex 0.13673414289951324 0.95679998397827148 -0.47195321321487427
   vertex 0.14070731401443481 1.0099999904632568 -0.4594876766204834
  endloop
 endfacet
 facet normal -0.89847932393836483 -0.035430536432263272 0.43758379945260856
  outer loop
   vertex 0.13673414289951324 0.95679998397827148 -0.47195321321487427
   vertex 0.20551913976669312 0.95679998397827148 -0.33071878552436829
   vertex 0.14070731401443481 1.0099999904632568 -0.4594876766204834
  endloop
 endfacet
 facet normal -0.8867506853869751 0.035291379167670195 0.46089883979260982
  outer loop
   vertex 0.20551913976669312 0.95679998397827148 -0.33071878552436829
   vertex 0.21313342452049255 1.0099999904632568 -0.32014277577400208
   vertex 0.14070731401443481 1.0099999904632568 -0.4594876766204834
  endloop
 endfacet
 facet normal -0.71837581593370947 -0.035298137742208642 0.69475911548788549
  outer loop
   vertex 0.21313342452049255 1.0099999904632568 -0.32014277577400208
   vertex 0.20551913976669312 0.95679998397827148 -0.33071878552436829
   vertex 0.31471392512321472 0.95679998397827148 -0.217812180519104
  endloop
 endfacet
 facet normal -0.70004000337108618 0.03524745544967306 0.7132332091010154
  outer loop
   vertex 0.3252183198928833 1.0099999904632568 -0.2101311981678009
   vertex 0.21313342452049255 1.0099999904632568 -0.32014277577400208
   vertex 0.31471392512321472 0.95679998397827148 -0.217812180519104
  endloop
 endfacet
 facet normal -0.46739130567769427 -0.035250253023373659 0.88334748940532359
  outer loop
   vertex 0.45354300737380981 0.95679998397827148 -0.14435580372810364
   vertex 0.3252183198928833 1.0099999904632568 -0.2101311981678009
   vertex 0.31471392512321472 0.95679998397827148 -0.217812180519104
  endloop
 endfacet
 facet normal -0.44426548886501349 0.035190800351441252 0.89520376617514053
  outer loop
   vertex 0.45354300737380981 0.95679998397827148 -0.14435580372810364
   vertex 0.465891033411026 1.0099999904632568 -0.14031912386417389
   vertex 0.3252183198928833 1.0099999904632568 -0.2101311981678009
  endloop
 endfacet
 facet normal -0.17031971794426728 -0.035188904333197296 0.9847603437848288
  outer loop
   vertex 0.60828042030334473 0.95679998397827148 -0.11759311705827713
   vertex 0.465891033411026 1.0099999904632568 -0.14031912386417389
   vertex 0.45354300737380981 0.95679998397827148 -0.14435580372810364
  endloop
 endfacet
 facet normal -0.14467019660511646 0.035210246727368909 0.98885326148000074
  outer loop
   vertex 0.62127941846847534 1.0099999904632568 -0.11758565157651901
   vertex 0.465891033411026 1.0099999904632568 -0.14031912386417389
   vertex 0.60828042030334473 0.95679998397827148 -0.11759311705827713
  endloop
 endfacet
 facet normal 0.70902363685598613 -0.035288180599376176 -0.70430123291777413
  outer loop
   vertex 0.9099891185760498 0.95679998397827148 -1.0213056802749634
   vertex 1.0130451917648315 1.0099999904632568 -0.92022413015365601
   vertex 1.0207873582839966 0.95679998397827148 -0.90976452827453613
  endloop
 endfacet
 facet normal 0.14348879865828315 -0.035199134513138552 0.98902577599834507
  outer loop
   vertex 0.76365107297897339 0.95679998397827148 -0.14013443887233734
   vertex 0.62127941846847534 1.0099999904632568 -0.11758565157651901
   vertex 0.60828042030334473 0.95679998397827148 -0.11759311705827713
  endloop
 endfacet
 facet normal 0.16919516747469038 0.035322962491307688 0.98494938124964027
  outer loop
   vertex 0.62127941846847534 1.0099999904632568 -0.11758565157651901
   vertex 0.76365107297897339 0.95679998397827148 -0.14013443887233734
   vertex 0.7760549783706665 1.0099999904632568 -0.14417308568954468
  endloop
 endfacet
 facet normal 0.44314873333657923 -0.035322350119946354 0.89575193648922091
  outer loop
   vertex 0.76365107297897339 0.95679998397827148 -0.14013443887233734
   vertex 0.90440672636032104 0.95679998397827148 -0.20976944267749786
   vertex 0.7760549783706665 1.0099999904632568 -0.14417308568954468
  endloop
 endfacet
 facet normal 0.46639155465357857 0.03540503356595117 0.88386956127361449
  outer loop
   vertex 0.90440672636032104 0.95679998397827148 -0.20976944267749786
   vertex 0.91497069597244263 1.0099999904632568 -0.21747475862503052
   vertex 0.7760549783706665 1.0099999904632568 -0.14417308568954468
  endloop
 endfacet
 facet normal 0.69927275254103316 -0.035445259320598055 0.71397566565351678
  outer loop
   vertex 0.91497069597244263 1.0099999904632568 -0.21747475862503052
   vertex 0.90440672636032104 0.95679998397827148 -0.20976944267749786
   vertex 1.016736626625061 0.95679998397827148 -0.31978613138198853
  endloop
 endfacet
 facet normal 0.71768126799196685 0.035349798435471091 0.69547393144819902
  outer loop
   vertex 1.0243651866912842 1.0099999904632568 -0.33036234974861145
   vertex 0.91497069597244263 1.0099999904632568 -0.21747475862503052
   vertex 1.016736626625061 0.95679998397827148 -0.31978613138198853
  endloop
 endfacet
 facet normal 0.88639053337202844 -0.035338975014453378 0.46158745562826825
  outer loop
   vertex 1.089321494102478 0.95679998397827148 -0.45917150378227234
   vertex 1.0243651866912842 1.0099999904632568 -0.33036234974861145
   vertex 1.016736626625061 0.95679998397827148 -0.31978613138198853
  endloop
 endfacet
 facet normal 0.88065432659025411 0.035274289596050487 -0.47244436873706069
  outer loop
   vertex 1.0207873582839966 0.95679998397827148 -0.90976452827453613
   vertex 1.0130451917648315 1.0099999904632568 -0.92022413015365601
   vertex 1.08734130859375 1.0099999904632568 -0.78173333406448364
  endloop
 endfacet
 facet normal 0.89812963986500061 0.035362549140244851 0.438306559515447
  outer loop
   vertex 1.0932928323745728 1.0099999904632568 -0.47160130739212036
   vertex 1.0243651866912842 1.0099999904632568 -0.33036234974861145
   vertex 1.089321494102478 0.95679998397827148 -0.45917150378227234
  endloop
 endfacet
 facet normal 0.98587005128305938 -0.035337203812313221 0.16374224870162504
  outer loop
   vertex 1.089321494102478 0.95679998397827148 -0.45917150378227234
   vertex 1.1150553226470947 0.95679998397827148 -0.61411142349243164
   vertex 1.0932928323745728 1.0099999904632568 -0.47160130739212036
  endloop
 endfacet
 facet normal 0.98980634350994567 0.035284958624910309 0.13797961458965588
  outer loop
   vertex 1.0932928323745728 1.0099999904632568 -0.47160130739212036
   vertex 1.1150553226470947 0.95679998397827148 -0.61411142349243164
   vertex 1.1149750947952271 1.0099999904632568 -0.62714052200317383
  endloop
 endfacet
 facet normal 0.98803020952507148 -0.035287854153397823 -0.15017014488603272
  outer loop
   vertex 1.1150553226470947 0.95679998397827148 -0.61411142349243164
   vertex 1.0914559364318848 0.95679998397827148 -0.76938134431838989
   vertex 1.1149750947952271 1.0099999904632568 -0.62714052200317383
  endloop
 endfacet
 facet normal 0.98378470470456969 0.035258765909227066 -0.17585355900834357
  outer loop
   vertex 1.1149750947952271 1.0099999904632568 -0.62714052200317383
   vertex 1.0914559364318848 0.95679998397827148 -0.76938134431838989
   vertex 1.08734130859375 1.0099999904632568 -0.78173333406448364
  endloop
 endfacet
 facet normal 0.89265349579409148 -0.035292292279016903 -0.44935975626693608
  outer loop
   vertex 1.0207873582839966 0.95679998397827148 -0.90976452827453613
   vertex 1.08734130859375 1.0099999904632568 -0.78173333406448364
   vertex 1.0914559364318848 0.95679998397827148 -0.76938134431838989
  endloop
 endfacet
 facet normal 0 1 -0
  outer loop
   vertex 8.7536478042602539 0.95679998397827148 -0.3903469443321228
   vertex 8.3532285690307617 0.95679998397827148 -1.0223286151885986
   vertex 7.7588777542114258 0.95679998397827148 -0.038991596549749374
  endloop
 endfacet
 facet normal 0 1 0
  outer loop
   vertex 11.306697845458984 0.95679998397827148 -1.2029589414596558
   vertex 11.25633430480957 0.95679998397827148 -0.53965097665786743
   vertex 11.708235740661621 0.95679998397827148 -0.78426641225814819
  endloop
 endfacet
 facet normal 0 1 0
  outer loop
   vertex 8.3532285690307617 0.95679998397827148 -1.0223286151885986
   vertex 7.3958802223205566 0.95679998397827148 -1.1294968128204346
   vertex 7.7588777542114258 0.95679998397827148 -0.038991596549749374
  endloop
 endfacet
 facet normal 0 1 0
  outer loop
   vertex 13.58207893371582 0.95679998397827148 -1.4652465581893921
   vertex 13.388187408447266 0.95679998397827148 -1.2214052677154541
   vertex 13.665377616882324 0.95679998397827148 -1.2261584997177124
  endloop
 endfacet
 facet normal -0 1 0
  outer loop
   vertex 7.3958802223205566 0.95679998397827148 -1.1294968128204346
   vertex 6.671666145324707 0.95679998397827148 -0.5171317458152771
   vertex 7.7588777542114258 0.95679998397827148 -0.038991596549749374
  endloop
 endfacet
 facet normal 0 1 0
  outer loop
   vertex 13.487936973571777 0.95679998397827148 -1.7558785676956177
   vertex 13.58207893371582 0.95679998397827148 -1.4652465581893921
   vertex 13.773571968078613 0.95679998397827148 -1.7048121690750122
  endloop
 endfacet
 facet normal 0 1 -0
  outer loop
   vertex 14.136009216308594 0.95679998397827148 -1.7465455532073975
   vertex 14.129377365112305 0.95679998397827148 -1.9881488084793091
   vertex 13.962682723999023 0.95679998397827148 -1.8399918079376221
  endloop
 endfacet
 facet normal -0 1 0
  outer loop
   vertex 15.132604598999023 0.95679998397827148 0.15667974948883057
   vertex 14.788251876831055 0.95679998397827148 0.37136068940162659
   vertex 15.103782653808594 0.95679998397827148 0.57324302196502686
  endloop
 endfacet
 facet normal 0 1 0
  outer loop
   vertex 7.3958802223205566 0.95679998397827148 -1.1294968128204346
   vertex 6.3392367362976074 0.95679998397827148 -1.7170275449752808
   vertex 6.671666145324707 0.95679998397827148 -0.5171317458152771
  endloop
 endfacet
 facet normal 0 1 -0
  outer loop
   vertex 15.495671272277832 0.95679998397827148 0.79648703336715698
   vertex 15.103782653808594 0.95679998397827148 0.57324302196502686
   vertex 14.949660301208496 0.95679998397827148 1.0201774835586548
  endloop
 endfacet
 facet normal 0 1 -0
  outer loop
   vertex 16.043771743774414 0.95679998397827148 0.77354443073272705
   vertex 15.736908912658691 0.95679998397827148 0.32269567251205444
   vertex 15.495671272277832 0.95679998397827148 0.79648703336715698
  endloop
 endfacet
 facet normal -0 1 0
  outer loop
   vertex 6.3392367362976074 0.95679998397827148 -1.7170275449752808
   vertex 5.6337380409240723 0.95679998397827148 -0.63012200593948364
   vertex 6.671666145324707 0.95679998397827148 -0.5171317458152771
  endloop
 endfacet
 facet normal -0 1 0
  outer loop
   vertex 16.309942245483398 0.95679998397827148 1.3310048580169678
   vertex 15.830781936645508 0.95679998397827148 1.6725145578384399
   vertex 16.421226501464844 0.95679998397827148 2.0113792419433594
  endloop
 endfacet
 facet normal 0 1 0
  outer loop
   vertex 6.3392367362976074 0.95679998397827148 -1.7170275449752808
   vertex 5.455662727355957 0.95679998397827148 -1.7205109596252441
   vertex 5.6337380409240723 0.95679998397827148 -0.63012200593948364
  endloop
 endfacet
 facet normal 0 1 0
  outer loop
   vertex 15.464128494262695 0.95679998397827148 0.041437763720750809
   vertex 15.736908912658691 0.95679998397827148 0.32269567251205444
   vertex 15.850896835327148 0.95679998397827148 -0.13326787948608398
  endloop
 endfacet
 facet normal 0 1 -0
  outer loop
   vertex 13.740431785583496 0.95679998397827148 -0.47179961204528809
   vertex 13.718815803527832 0.95679998397827148 -0.6273951530456543
   vertex 13.574917793273926 0.95679998397827148 -0.50491845607757568
  endloop
 endfacet
 facet normal 0 1 0
  outer loop
   vertex 7.3958802223205566 0.95679998397827148 -1.1294968128204346
   vertex 8.3532285690307617 0.95679998397827148 -1.0223286151885986
   vertex 8.0520792007446289 0.95679998397827148 -1.7502260208129883
  endloop
 endfacet
 facet normal 0 1 0
  outer loop
   vertex 14.788251876831055 0.95679998397827148 0.37136068940162659
   vertex 15.132604598999023 0.95679998397827148 0.15667974948883057
   vertex 14.854216575622559 0.95679998397827148 0.088597021996974945
  endloop
 endfacet
 facet normal 0 1 0
  outer loop
   vertex 14.223221778869629 0.95679998397827148 0.47386941313743591
   vertex 14.150972366333008 0.95679998397827148 0.72745436429977417
   vertex 14.489359855651855 0.95679998397827148 0.53870642185211182
  endloop
 endfacet
 facet normal 0 1 0
  outer loop
   vertex 14.223221778869629 0.95679998397827148 0.47386941313743591
   vertex 13.963842391967773 0.95679998397827148 0.46362194418907166
   vertex 14.150972366333008 0.95679998397827148 0.72745436429977417
  endloop
 endfacet
 facet normal 0 1 -0
  outer loop
   vertex 14.788251876831055 0.95679998397827148 0.37136068940162659
   vertex 14.511456489562988 0.95679998397827148 0.2770831286907196
   vertex 14.489359855651855 0.95679998397827148 0.53870642185211182
  endloop
 endfacet
 facet normal 0 1 0
  outer loop
   vertex 9.5289249420166016 0.95679998397827148 1.427587628364563
   vertex 9.7387142181396484 0.95679998397827148 1.9080578088760376
   vertex 10.008109092712402 0.95679998397827148 1.4939008951187134
  endloop
 endfacet
 facet normal 0 1 0
  outer loop
   vertex 6.3392367362976074 0.95679998397827148 -1.7170275449752808
   vertex 7.3958802223205566 0.95679998397827148 -1.1294968128204346
   vertex 7.2010588645935059 0.95679998397827148 -1.7298228740692139
  endloop
 endfacet
 facet normal 0 1 0
  outer loop
   vertex 13.963842391967773 0.95679998397827148 0.46362194418907166
   vertex 13.74656867980957 0.95679998397827148 0.77647358179092407
   vertex 14.150972366333008 0.95679998397827148 0.72745436429977417
  endloop
 endfacet
 facet normal 0 1 0
  outer loop
   vertex 13.804774284362793 0.95679998397827148 0.27351725101470947
   vertex 13.963842391967773 0.95679998397827148 0.46362194418907166
   vertex 13.999902725219727 0.95679998397827148 0.17714333534240723
  endloop
 endfacet
 facet normal 0 1 0
  outer loop
   vertex 11.91976261138916 0.95679998397827148 -1.1985719203948975
   vertex 11.306697845458984 0.95679998397827148 -1.2029589414596558
   vertex 11.708235740661621 0.95679998397827148 -0.78426641225814819
  endloop
 endfacet
 facet normal 0 1 0
  outer loop
   vertex 13.342218399047852 0.95679998397827148 -0.10632126033306122
   vertex 13.26230525970459 0.95679998397827148 0.21396930515766144
   vertex 13.52973461151123 0.95679998397827148 0.015220209956169128
  endloop
 endfacet
 facet normal 0 1 0
  outer loop
   vertex 7.2010588645935059 0.95679998397827148 -1.7298228740692139
   vertex 7.3958802223205566 0.95679998397827148 -1.1294968128204346
   vertex 8.0520792007446289 0.95679998397827148 -1.7502260208129883
  endloop
 endfacet
 facet normal -0 1 0
  outer loop
   vertex 13.568146705627441 0.95679998397827148 -0.18209387362003326
   vertex 13.342218399047852 0.95679998397827148 -0.10632126033306122
   vertex 13.52973461151123 0.95679998397827148 0.015220209956169128
  endloop
 endfacet
 facet normal 0 1 -0
  outer loop
   vertex 13.731289863586426 0.95679998397827148 -0.10221508890390396
   vertex 13.568146705627441 0.95679998397827148 -0.18209387362003326
   vertex 13.52973461151123 0.95679998397827148 0.015220209956169128
  endloop
 endfacet
 facet normal -0 1 0
  outer loop
   vertex 14.150972366333008 0.95679998397827148 0.72745436429977417
   vertex 13.74656867980957 0.95679998397827148 0.77647358179092407
   vertex 14.078093528747559 0.95679998397827148 1.1305171251296997
  endloop
 endfacet
 facet normal 0 1 -0
  outer loop
   vertex 10.389959335327148 0.95679998397827148 1.9650888442993164
   vertex 10.008109092712402 0.95679998397827148 1.4939008951187134
   vertex 9.7387142181396484 0.95679998397827148 1.9080578088760376
  endloop
 endfacet
 facet normal 0 1 0
  outer loop
   vertex 0.13638781011104584 0.95679998397827148 -0.038915533572435379
   vertex 0.041428398340940475 0.95679998397827148 0.17989814281463623
   vertex 0.30830866098403931 0.95679998397827148 0.10418011248111725
  endloop
 endfacet
 facet normal 0 1 0
  outer loop
   vertex -0.11042971163988113 0.95679998397827148 -0.045906379818916321
   vertex 0.041428398340940475 0.95679998397827148 0.17989814281463623
   vertex 0.13638781011104584 0.95679998397827148 -0.038915533572435379
  endloop
 endfacet
 facet normal 0 1 -0
  outer loop
   vertex 0.041428398340940475 0.95679998397827148 0.17989814281463623
   vertex -0.11042971163988113 0.95679998397827148 -0.045906379818916321
   vertex -0.20500363409519196 0.95679998397827148 0.24060046672821045
  endloop
 endfacet
 facet normal 0 1 0
  outer loop
   vertex 10.008109092712402 0.95679998397827148 1.4939008951187134
   vertex 10.389959335327148 0.95679998397827148 1.9650888442993164
   vertex 10.523382186889648 0.95679998397827148 1.3948638439178467
  endloop
 endfacet
 facet normal -0 1 0
  outer loop
   vertex 5.455662727355957 0.95679998397827148 -1.7205109596252441
   vertex 4.8673381805419922 0.95679998397827148 -1.0309783220291138
   vertex 5.6337380409240723 0.95679998397827148 -0.63012200593948364
  endloop
 endfacet
 facet normal 0 1 0
  outer loop
   vertex 10.389959335327148 0.95679998397827148 1.9650888442993164
   vertex 10.944429397583008 0.95679998397827148 2.020010232925415
   vertex 10.523382186889648 0.95679998397827148 1.3948638439178467
  endloop
 endfacet
 facet normal 0 1 -0
  outer loop
   vertex 14.218718528747559 0.95679998397827148 -1.1175470352172852
   vertex 14.084747314453125 0.95679998397827148 -1.2949510812759399
   vertex 14.076027870178223 0.95679998397827148 -1.0967539548873901
  endloop
 endfacet
 facet normal 0 1 0
  outer loop
   vertex 14.292576789855957 0.95679998397827148 1.5642613172531128
   vertex 14.5853271484375 0.95679998397827148 1.3228870630264282
   vertex 14.078093528747559 0.95679998397827148 1.1305171251296997
  endloop
 endfacet
 facet normal 0 1 0
  outer loop
   vertex 10.944429397583008 0.95679998397827148 2.020010232925415
   vertex 11.120626449584961 0.95679998397827148 1.3735567331314087
   vertex 10.523382186889648 0.95679998397827148 1.3948638439178467
  endloop
 endfacet
 facet normal -0 1 0
  outer loop
   vertex 14.5853271484375 0.95679998397827148 1.3228870630264282
   vertex 14.292576789855957 0.95679998397827148 1.5642613172531128
   vertex 14.706753730773926 0.95679998397827148 1.8496804237365723
  endloop
 endfacet
 facet normal 0 1 0
  outer loop
   vertex 15.394314765930176 0.95679998397827148 1.3334188461303711
   vertex 15.495671272277832 0.95679998397827148 0.79648703336715698
   vertex 14.949660301208496 0.95679998397827148 1.0201774835586548
  endloop
 endfacet
 facet normal -0 1 0
  outer loop
   vertex 13.772977828979492 0.95679998397827148 -2.1792366504669189
   vertex 13.487936973571777 0.95679998397827148 -1.7558785676956177
   vertex 13.773571968078613 0.95679998397827148 -1.7048121690750122
  endloop
 endfacet
 facet normal 0 1 0
  outer loop
   vertex 13.962682723999023 0.95679998397827148 -1.8399918079376221
   vertex 13.772977828979492 0.95679998397827148 -2.1792366504669189
   vertex 13.773571968078613 0.95679998397827148 -1.7048121690750122
  endloop
 endfacet
 facet normal 0 1 0
  outer loop
   vertex 14.129377365112305 0.95679998397827148 -1.9881488084793091
   vertex 13.772977828979492 0.95679998397827148 -2.1792366504669189
   vertex 13.962682723999023 0.95679998397827148 -1.8399918079376221
  endloop
 endfacet
 facet normal 0 1 -0
  outer loop
   vertex 11.351445198059082 0.95679998397827148 1.7404242753982544
   vertex 11.120626449584961 0.95679998397827148 1.3735567331314087
   vertex 10.944429397583008 0.95679998397827148 2.020010232925415
  endloop
 endfacet
 facet normal -0 1 0
  outer loop
   vertex 11.473651885986328 0.95679998397827148 0.89862436056137085
   vertex 11.120626449584961 0.95679998397827148 1.3735567331314087
   vertex 11.613926887512207 0.95679998397827148 1.4447888135910034
  endloop
 endfacet
 facet normal 0 1 0
  outer loop
   vertex 11.120626449584961 0.95679998397827148 1.3735567331314087
   vertex 11.351445198059082 0.95679998397827148 1.7404242753982544
   vertex 11.613926887512207 0.95679998397827148 1.4447888135910034
  endloop
 endfacet
 facet normal 0 1 0
  outer loop
   vertex 15.850896835327148 0.95679998397827148 -0.13326787948608398
   vertex 16.061079025268555 0.95679998397827148 -0.64105349779129028
   vertex 15.629528045654297 0.95679998397827148 -0.42537602782249451
  endloop
 endfacet
 facet normal 0 1 0
  outer loop
   vertex 11.351445198059082 0.95679998397827148 1.7404242753982544
   vertex 11.658686637878418 0.95679998397827148 1.8089272975921631
   vertex 11.613926887512207 0.95679998397827148 1.4447888135910034
  endloop
 endfacet
 facet normal -0 1 0
  outer loop
   vertex 14.304956436157227 0.95679998397827148 -1.2759325504302979
   vertex 14.218718528747559 0.95679998397827148 -1.1175470352172852
   vertex 14.373782157897949 0.95679998397827148 -1.092894434928894
  endloop
 endfacet
 facet normal -0 1 0
  outer loop
   vertex 0.038000084459781647 0.95679998397827148 -0.18142256140708923
   vertex -0.11042971163988113 0.95679998397827148 -0.045906379818916321
   vertex 0.13638781011104584 0.95679998397827148 -0.038915533572435379
  endloop
 endfacet
 facet normal 0 1 0
  outer loop
   vertex 15.003190040588379 0.95679998397827148 -0.50998139381408691
   vertex 15.036120414733887 0.95679998397827148 -0.30320817232131958
   vertex 15.286720275878906 0.95679998397827148 -0.42736339569091797
  endloop
 endfacet
 facet normal -0 1 0
  outer loop
   vertex 13.301471710205078 0.95679998397827148 0.88752704858779907
   vertex 12.848963737487793 0.95679998397827148 0.99351418018341064
   vertex 13.262771606445312 0.95679998397827148 1.2581474781036377
  endloop
 endfacet
 facet normal 0 1 0
  outer loop
   vertex 4.8673381805419922 0.95679998397827148 -1.0309783220291138
   vertex 4.6626930236816406 0.95679998397827148 -0.17655260860919952
   vertex 5.6337380409240723 0.95679998397827148 -0.63012200593948364
  endloop
 endfacet
 facet normal 0 1 0
  outer loop
   vertex 14.212017059326172 0.95679998397827148 -0.11759196221828461
   vertex 14.057281494140625 0.95679998397827148 -0.14432619512081146
   vertex 14.135434150695801 0.95679998397827148 0.00019914585573133081
  endloop
 endfacet
 facet normal 0 1 0
  outer loop
   vertex -1.6348156929016113 0.95679998397827148 -0.59575575590133667
   vertex -1.8261629343032837 0.95679998397827148 0.13041456043720245
   vertex -1.2164844274520874 0.95679998397827148 -0.12979404628276825
  endloop
 endfacet
 facet normal 0 1 0
  outer loop
   vertex 13.066689491271973 0.95679998397827148 0.57656532526016235
   vertex 12.848963737487793 0.95679998397827148 0.99351418018341064
   vertex 13.301471710205078 0.95679998397827148 0.88752704858779907
  endloop
 endfacet
 facet normal -0 1 0
  outer loop
   vertex 15.411730766296387 0.95679998397827148 -0.70838779211044312
   vertex 15.286720275878906 0.95679998397827148 -0.42736339569091797
   vertex 15.629528045654297 0.95679998397827148 -0.42537602782249451
  endloop
 endfacet
 facet normal 0 1 0
  outer loop
   vertex -0.11230156570672989 0.95679998397827148 -0.31631886959075928
   vertex -0.11042971163988113 0.95679998397827148 -0.045906379818916321
   vertex 0.038000084459781647 0.95679998397827148 -0.18142256140708923
  endloop
 endfacet
 facet normal 0 1 0
  outer loop
   vertex 8.3532285690307617 0.95679998397827148 -1.0223286151885986
   vertex 8.7536478042602539 0.95679998397827148 -0.3903469443321228
   vertex 9.2462806701660156 0.95679998397827148 -1.0437918901443481
  endloop
 endfacet
 facet normal -0 1 0
  outer loop
   vertex 0.69279134273529053 0.95679998397827148 -1.2404975891113281
   vertex 0.61506712436676025 0.95679998397827148 -1.1175470352172852
   vertex 0.77014631032943726 0.95679998397827148 -1.0928895473480225
  endloop
 endfacet
 facet normal 0 1 0
  outer loop
   vertex 14.725687980651855 0.95679998397827148 -1.2325066328048706
   vertex 14.91944408416748 0.95679998397827148 -1.4521341323852539
   vertex 14.654812812805176 0.95679998397827148 -1.4559037685394287
  endloop
 endfacet
 facet normal 0 1 0
  outer loop
   vertex 14.788251876831055 0.95679998397827148 0.37136068940162659
   vertex 14.779497146606445 0.95679998397827148 0.68898224830627441
   vertex 15.103782653808594 0.95679998397827148 0.57324302196502686
  endloop
 endfacet
 facet normal -0 1 0
  outer loop
   vertex 15.103782653808594 0.95679998397827148 0.57324302196502686
   vertex 14.779497146606445 0.95679998397827148 0.68898224830627441
   vertex 14.949660301208496 0.95679998397827148 1.0201774835586548
  endloop
 endfacet
 facet normal 0 1 0
  outer loop
   vertex 10.777080535888672 0.95679998397827148 -0.95210033655166626
   vertex 11.25633430480957 0.95679998397827148 -0.53965097665786743
   vertex 11.306697845458984 0.95679998397827148 -1.2029589414596558
  endloop
 endfacet
 facet normal 0 1 0
  outer loop
   vertex 0.43817773461341858 0.95679998397827148 0.29082959890365601
   vertex 0.54177099466323853 0.95679998397827148 0.08162708580493927
   vertex 0.30830866098403931 0.95679998397827148 0.10418011248111725
  endloop
 endfacet
 facet normal 0 1 0
  outer loop
   vertex 13.747385025024414 0.95679998397827148 0.091930985450744629
   vertex 13.804774284362793 0.95679998397827148 0.27351725101470947
   vertex 13.999902725219727 0.95679998397827148 0.17714333534240723
  endloop
 endfacet
 facet normal 0 1 -0
  outer loop
   vertex 13.487936973571777 0.95679998397827148 -1.7558785676956177
   vertex 13.310981750488281 0.95679998397827148 -2.0587835311889648
   vertex 13.145633697509766 0.95679998397827148 -1.6523028612136841
  endloop
 endfacet
 facet normal 0 1 0
  outer loop
   vertex 13.310981750488281 0.95679998397827148 -2.0587835311889648
   vertex 13.487936973571777 0.95679998397827148 -1.7558785676956177
   vertex 13.772977828979492 0.95679998397827148 -2.1792366504669189
  endloop
 endfacet
 facet normal 0 1 -0
  outer loop
   vertex 13.747385025024414 0.95679998397827148 0.091930985450744629
   vertex 13.731289863586426 0.95679998397827148 -0.10221508890390396
   vertex 13.52973461151123 0.95679998397827148 0.015220209956169128
  endloop
 endfacet
 facet normal -0 1 0
  outer loop
   vertex 0.90440672636032104 0.95679998397827148 -0.20976944267749786
   vertex 0.76365107297897339 0.95679998397827148 -0.14013443887233734
   vertex 0.94073975086212158 0.95679998397827148 -0.076170846819877625
  endloop
 endfacet
 facet normal 0 1 0
  outer loop
   vertex 14.779497146606445 0.95679998397827148 0.68898224830627441
   vertex 14.788251876831055 0.95679998397827148 0.37136068940162659
   vertex 14.489359855651855 0.95679998397827148 0.53870642185211182
  endloop
 endfacet
 facet normal 0 1 0
  outer loop
   vertex 14.508185386657715 0.95679998397827148 -0.20986004173755646
   vertex 14.735213279724121 0.95679998397827148 -0.15535071492195129
   vertex 14.620406150817871 0.95679998397827148 -0.31981047987937927
  endloop
 endfacet
 facet normal 0 1 0
  outer loop
   vertex 15.736908912658691 0.95679998397827148 0.32269567251205444
   vertex 16.043771743774414 0.95679998397827148 0.77354443073272705
   vertex 16.240165710449219 0.95679998397827148 0.23072120547294617
  endloop
 endfacet
 facet normal 0 1 0
  outer loop
   vertex 1.0914559364318848 0.95679998397827148 -0.76938134431838989
   vertex 1.1150553226470947 0.95679998397827148 -0.61411142349243164
   vertex 1.2665311098098755 0.95679998397827148 -0.76439774036407471
  endloop
 endfacet
 facet normal 0 1 -0
  outer loop
   vertex 0.64568156003952026 0.95679998397827148 1.0838650465011597
   vertex 0.45260122418403625 0.95679998397827148 0.71603453159332275
   vertex 0.21770390868186951 0.95679998397827148 0.94392842054367065
  endloop
 endfacet
 facet normal 0 1 0
  outer loop
   vertex 1.0207873582839966 0.95679998397827148 -0.90976452827453613
   vertex 1.0914559364318848 0.95679998397827148 -0.76938134431838989
   vertex 1.2019580602645874 0.95679998397827148 -0.96121209859848022
  endloop
 endfacet
 facet normal 0 1 0
  outer loop
   vertex 0.45260122418403625 0.95679998397827148 0.71603453159332275
   vertex 0.16043518483638763 0.95679998397827148 0.62181365489959717
   vertex 0.21770390868186951 0.95679998397827148 0.94392842054367065
  endloop
 endfacet
 facet normal 0 1 0
  outer loop
   vertex 15.850896835327148 0.95679998397827148 -0.13326787948608398
   vertex 15.736908912658691 0.95679998397827148 0.32269567251205444
   vertex 16.240165710449219 0.95679998397827148 0.23072120547294617
  endloop
 endfacet
 facet normal 0 1 0
  outer loop
   vertex 0.82073593139648438 0.95679998397827148 0.74344688653945923
   vertex 0.45260122418403625 0.95679998397827148 0.71603453159332275
   vertex 0.64568156003952026 0.95679998397827148 1.0838650465011597
  endloop
 endfacet
 facet normal 0 1 0
  outer loop
   vertex 0.45260122418403625 0.95679998397827148 0.71603453159332275
   vertex 0.82073593139648438 0.95679998397827148 0.74344688653945923
   vertex 0.61488872766494751 0.95679998397827148 0.49180316925048828
  endloop
 endfacet
 facet normal 0 1 0
  outer loop
   vertex 14.854216575622559 0.95679998397827148 0.088597021996974945
   vertex 15.132604598999023 0.95679998397827148 0.15667974948883057
   vertex 14.978286743164062 0.95679998397827148 -0.098008416593074799
  endloop
 endfacet
 facet normal 0 1 0
  outer loop
   vertex 15.234316825866699 0.95679998397827148 -0.15538814663887024
   vertex 15.132604598999023 0.95679998397827148 0.15667974948883057
   vertex 15.464128494262695 0.95679998397827148 0.041437763720750809
  endloop
 endfacet
 facet normal 0 1 0
  outer loop
   vertex 1.4528212547302246 0.95679998397827148 -1.2285842895507812
   vertex 1.5561320781707764 0.95679998397827148 -1.0056811571121216
   vertex 1.7170742750167847 0.95679998397827148 -1.1318811178207397
  endloop
 endfacet
 facet normal 0 1 -0
  outer loop
   vertex 14.706753730773926 0.95679998397827148 1.8496804237365723
   vertex 14.292576789855957 0.95679998397827148 1.5642613172531128
   vertex 14.199480056762695 0.95679998397827148 1.9450980424880981
  endloop
 endfacet
 facet normal 0 1 0
  outer loop
   vertex 1.9240931272506714 0.95679998397827148 1.6281412839889526
   vertex 2.1309332847595215 0.95679998397827148 2.0487949848175049
   vertex 2.9231319427490234 0.95679998397827148 1.8769184350967407
  endloop
 endfacet
 facet normal 0 1 0
  outer loop
   vertex 13.709403991699219 0.95679998397827148 0.44280856847763062
   vertex 13.74656867980957 0.95679998397827148 0.77647358179092407
   vertex 13.963842391967773 0.95679998397827148 0.46362194418907166
  endloop
 endfacet
 facet normal -0 1 0
  outer loop
   vertex 13.740431785583496 0.95679998397827148 -0.47179961204528809
   vertex 13.637715339660645 0.95679998397827148 -0.34134429693222046
   vertex 13.809228897094727 0.95679998397827148 -0.33063510060310364
  endloop
 endfacet
 facet normal -0 1 0
  outer loop
   vertex 13.804774284362793 0.95679998397827148 0.27351725101470947
   vertex 13.709403991699219 0.95679998397827148 0.44280856847763062
   vertex 13.963842391967773 0.95679998397827148 0.46362194418907166
  endloop
 endfacet
 facet normal -0 1 0
  outer loop
   vertex 13.746533393859863 0.95679998397827148 -0.78198820352554321
   vertex 13.551094055175781 0.95679998397827148 -0.70867949724197388
   vertex 13.718815803527832 0.95679998397827148 -0.6273951530456543
  endloop
 endfacet
 facet normal 0 1 0
  outer loop
   vertex 16.400375366210938 0.95679998397827148 -1.1759853363037109
   vertex 16.061079025268555 0.95679998397827148 -0.64105349779129028
   vertex 16.684003829956055 0.95679998397827148 -0.67628175020217896
  endloop
 endfacet
 facet normal -0 1 0
  outer loop
   vertex 12.282288551330566 0.95679998397827148 -1.5666213035583496
   vertex 11.91976261138916 0.95679998397827148 -1.1985719203948975
   vertex 12.491042137145996 0.95679998397827148 -1.0893168449401855
  endloop
 endfacet
 facet normal 0 1 0
  outer loop
   vertex 14.212017059326172 0.95679998397827148 -0.11759196221828461
   vertex 14.325919151306152 0.95679998397827148 -0.0102549958974123
   vertex 14.367398262023926 0.95679998397827148 -0.14016421139240265
  endloop
 endfacet
 facet normal -0 1 0
  outer loop
   vertex 12.80029296875 0.95679998397827148 -1.9064804315567017
   vertex 12.195916175842285 0.95679998397827148 -1.8995479345321655
   vertex 12.282288551330566 0.95679998397827148 -1.5666213035583496
  endloop
 endfacet
 facet normal 0 1 0
  outer loop
   vertex 0.28969758749008179 0.95679998397827148 1.3974376916885376
   vertex 0.64568156003952026 0.95679998397827148 1.0838650465011597
   vertex 0.21770390868186951 0.95679998397827148 0.94392842054367065
  endloop
 endfacet
 facet normal 0 1 0
  outer loop
   vertex 13.4503173828125 0.95679998397827148 -0.33725759387016296
   vertex 13.342218399047852 0.95679998397827148 -0.10632126033306122
   vertex 13.568146705627441 0.95679998397827148 -0.18209387362003326
  endloop
 endfacet
 facet normal 0 1 0
  outer loop
   vertex 12.332781791687012 0.95679998397827148 -0.17831020057201385
   vertex 12.313858032226562 0.95679998397827148 0.32659918069839478
   vertex 12.674622535705566 0.95679998397827148 0.11156709492206573
  endloop
 endfacet
 facet normal 0 1 -0
  outer loop
   vertex 0.61506712436676025 0.95679998397827148 -1.1175470352172852
   vertex 0.52536028623580933 0.95679998397827148 -1.2296179533004761
   vertex 0.47238042950630188 0.95679998397827148 -1.0967552661895752
  endloop
 endfacet
 facet normal 0 1 0
  outer loop
   vertex 12.80029296875 0.95679998397827148 -1.9064804315567017
   vertex 13.145633697509766 0.95679998397827148 -1.6523028612136841
   vertex 13.310981750488281 0.95679998397827148 -2.0587835311889648
  endloop
 endfacet
 facet normal 0 1 -0
  outer loop
   vertex 12.238994598388672 0.95679998397827148 -0.66507476568222046
   vertex 11.91976261138916 0.95679998397827148 -1.1985719203948975
   vertex 11.708235740661621 0.95679998397827148 -0.78426641225814819
  endloop
 endfacet
 facet normal -0 1 0
  outer loop
   vertex 12.80029296875 0.95679998397827148 -1.9064804315567017
   vertex 12.282288551330566 0.95679998397827148 -1.5666213035583496
   vertex 12.795941352844238 0.95679998397827148 -1.4213732481002808
  endloop
 endfacet
 facet normal 0 1 -0
  outer loop
   vertex 13.145633697509766 0.95679998397827148 -1.6523028612136841
   vertex 12.80029296875 0.95679998397827148 -1.9064804315567017
   vertex 12.795941352844238 0.95679998397827148 -1.4213732481002808
  endloop
 endfacet
 facet normal 0 1 -0
  outer loop
   vertex 0.20551913976669312 0.95679998397827148 -0.33071878552436829
   vertex 0.13673414289951324 0.95679998397827148 -0.47195321321487427
   vertex 0.087367117404937744 0.95679998397827148 -0.32668787240982056
  endloop
 endfacet
 facet normal 0 1 0
  outer loop
   vertex 12.282288551330566 0.95679998397827148 -1.5666213035583496
   vertex 12.491042137145996 0.95679998397827148 -1.0893168449401855
   vertex 12.795941352844238 0.95679998397827148 -1.4213732481002808
  endloop
 endfacet
 facet normal -0 1 0
  outer loop
   vertex 2.1934413909912109 0.95679998397827148 0.97766149044036865
   vertex 1.9240931272506714 0.95679998397827148 1.6281412839889526
   vertex 2.9231319427490234 0.95679998397827148 1.8769184350967407
  endloop
 endfacet
 facet normal 0 1 0
  outer loop
   vertex 4.6626930236816406 0.95679998397827148 -0.17655260860919952
   vertex 5.3061528205871582 0.95679998397827148 0.62800014019012451
   vertex 5.6337380409240723 0.95679998397827148 -0.63012200593948364
  endloop
 endfacet
 facet normal 0 1 0
  outer loop
   vertex -0.17661181092262268 0.95679998397827148 1.214977502822876
   vertex 0.28969758749008179 0.95679998397827148 1.3974376916885376
   vertex 0.21770390868186951 0.95679998397827148 0.94392842054367065
  endloop
 endfacet
 facet normal 0 1 0
  outer loop
   vertex 1.9240931272506714 0.95679998397827148 1.6281412839889526
   vertex 1.3901678323745728 0.95679998397827148 2.1937086582183838
   vertex 2.1309332847595215 0.95679998397827148 2.0487949848175049
  endloop
 endfacet
 facet normal 0 1 0
  outer loop
   vertex 12.491042137145996 0.95679998397827148 -1.0893168449401855
   vertex 12.923150062561035 0.95679998397827148 -1.0198404788970947
   vertex 12.795941352844238 0.95679998397827148 -1.4213732481002808
  endloop
 endfacet
 facet normal 0 1 0
  outer loop
   vertex 0.28969758749008179 0.95679998397827148 1.3974376916885376
   vertex 0.77882301807403564 0.95679998397827148 1.4765931367874146
   vertex 0.64568156003952026 0.95679998397827148 1.0838650465011597
  endloop
 endfacet
 facet normal 0 1 0
  outer loop
   vertex 14.373782157897949 0.95679998397827148 -1.092894434928894
   vertex 14.513628959655762 0.95679998397827148 -1.0213141441345215
   vertex 14.540534973144531 0.95679998397827148 -1.1471327543258667
  endloop
 endfacet
 facet normal 0 1 0
  outer loop
   vertex 0.041428398340940475 0.95679998397827148 0.17989814281463623
   vertex 0.18923169374465942 0.95679998397827148 0.36162364482879639
   vertex 0.30830866098403931 0.95679998397827148 0.10418011248111725
  endloop
 endfacet
 facet normal -0 1 0
  outer loop
   vertex 0.76365107297897339 0.95679998397827148 -0.14013443887233734
   vertex 0.60828042030334473 0.95679998397827148 -0.11759311705827713
   vertex 0.74124825000762939 0.95679998397827148 0.031982041895389557
  endloop
 endfacet
 facet normal -0 1 0
  outer loop
   vertex 14.658463478088379 0.95679998397827148 -1.041581392288208
   vertex 14.513628959655762 0.95679998397827148 -1.0213141441345215
   vertex 14.624364852905273 0.95679998397827148 -0.90986692905426025
  endloop
 endfacet
 facet normal 0 1 0
  outer loop
   vertex 0.11516427993774414 0.95679998397827148 -0.62740343809127808
   vertex 0.01147832814604044 0.95679998397827148 -0.45567342638969421
   vertex 0.13673414289951324 0.95679998397827148 -0.47195321321487427
  endloop
 endfacet
 facet normal 0 1 0
  outer loop
   vertex 1.9954262971878052 0.95679998397827148 0.48102802038192749
   vertex 1.7183537483215332 0.95679998397827148 0.30610471963882446
   vertex 1.7298206090927124 0.95679998397827148 0.68362665176391602
  endloop
 endfacet
 facet normal 0 1 0
  outer loop
   vertex 15.036120414733887 0.95679998397827148 -0.30320817232131958
   vertex 15.234316825866699 0.95679998397827148 -0.15538814663887024
   vertex 15.286720275878906 0.95679998397827148 -0.42736339569091797
  endloop
 endfacet
 facet normal 0 1 0
  outer loop
   vertex 11.989456176757812 0.95679998397827148 1.1208975315093994
   vertex 11.473651885986328 0.95679998397827148 0.89862436056137085
   vertex 11.613926887512207 0.95679998397827148 1.4447888135910034
  endloop
 endfacet
 facet normal 0 1 0
  outer loop
   vertex 1.7183537483215332 0.95679998397827148 0.30610471963882446
   vertex 1.9954262971878052 0.95679998397827148 0.48102802038192749
   vertex 1.9925543069839478 0.95679998397827148 0.088442191481590271
  endloop
 endfacet
 facet normal -0 1 0
  outer loop
   vertex 14.706753730773926 0.95679998397827148 1.8496804237365723
   vertex 14.199480056762695 0.95679998397827148 1.9450980424880981
   vertex 14.514678001403809 0.95679998397827148 2.3809072971343994
  endloop
 endfacet
 facet normal 0 1 0
  outer loop
   vertex 14.150972366333008 0.95679998397827148 0.72745436429977417
   vertex 14.500809669494629 0.95679998397827148 0.89977270364761353
   vertex 14.489359855651855 0.95679998397827148 0.53870642185211182
  endloop
 endfacet
 facet normal 0 1 0
  outer loop
   vertex 14.333148002624512 0.95679998397827148 -1.8148475885391235
   vertex 14.129377365112305 0.95679998397827148 -1.9881488084793091
   vertex 14.136009216308594 0.95679998397827148 -1.7465455532073975
  endloop
 endfacet
 facet normal 0 1 -0
  outer loop
   vertex 2.1934413909912109 0.95679998397827148 0.97766149044036865
   vertex 1.9954262971878052 0.95679998397827148 0.48102802038192749
   vertex 1.7298206090927124 0.95679998397827148 0.68362665176391602
  endloop
 endfacet
 facet normal 0 1 0
  outer loop
   vertex 1.9240931272506714 0.95679998397827148 1.6281412839889526
   vertex 1.2890952825546265 0.95679998397827148 1.5588524341583252
   vertex 1.3901678323745728 0.95679998397827148 2.1937086582183838
  endloop
 endfacet
 facet normal 0 1 0
  outer loop
   vertex 10.688434600830078 0.95679998397827148 -1.8604743480682373
   vertex 10.777080535888672 0.95679998397827148 -0.95210033655166626
   vertex 11.306697845458984 0.95679998397827148 -1.2029589414596558
  endloop
 endfacet
 facet normal 0 1 0
  outer loop
   vertex 11.613926887512207 0.95679998397827148 1.4447888135910034
   vertex 11.658686637878418 0.95679998397827148 1.8089272975921631
   vertex 12.089178085327148 0.95679998397827148 1.7280294895172119
  endloop
 endfacet
 facet normal 0 1 0
  outer loop
   vertex 0.28969758749008179 0.95679998397827148 1.3974376916885376
   vertex -0.17661181092262268 0.95679998397827148 1.214977502822876
   vertex -0.15166106820106506 0.95679998397827148 1.7873506546020508
  endloop
 endfacet
 facet normal 0 1 -0
  outer loop
   vertex -0.15166106820106506 0.95679998397827148 1.7873506546020508
   vertex -0.17661181092262268 0.95679998397827148 1.214977502822876
   vertex -0.74853777885437012 0.95679998397827148 1.5012940168380737
  endloop
 endfacet
 facet normal 0 1 0
  outer loop
   vertex 1.5561320781707764 0.95679998397827148 -1.0056811571121216
   vertex 1.778969407081604 0.95679998397827148 -0.92573952674865723
   vertex 1.7170742750167847 0.95679998397827148 -1.1318811178207397
  endloop
 endfacet
 facet normal 0 1 -0
  outer loop
   vertex 0.42169737815856934 0.95679998397827148 1.8794732093811035
   vertex 0.28969758749008179 0.95679998397827148 1.3974376916885376
   vertex -0.15166106820106506 0.95679998397827148 1.7873506546020508
  endloop
 endfacet
 facet normal 0 1 0
  outer loop
   vertex 13.737205505371094 0.95679998397827148 -0.23135940730571747
   vertex 13.918427467346191 0.95679998397827148 -0.21776549518108368
   vertex 13.809228897094727 0.95679998397827148 -0.33063510060310364
  endloop
 endfacet
 facet normal 0 1 -0
  outer loop
   vertex 11.819341659545898 0.95679998397827148 -0.31798350811004639
   vertex 11.708235740661621 0.95679998397827148 -0.78426641225814819
   vertex 11.25633430480957 0.95679998397827148 -0.53965097665786743
  endloop
 endfacet
 facet normal 0 1 0
  outer loop
   vertex 14.500809669494629 0.95679998397827148 0.89977270364761353
   vertex 14.5853271484375 0.95679998397827148 1.3228870630264282
   vertex 14.949660301208496 0.95679998397827148 1.0201774835586548
  endloop
 endfacet
 facet normal 0 1 0
  outer loop
   vertex 0.42169737815856934 0.95679998397827148 1.8794732093811035
   vertex 0.77882301807403564 0.95679998397827148 1.4765931367874146
   vertex 0.28969758749008179 0.95679998397827148 1.3974376916885376
  endloop
 endfacet
 facet normal -0 1 0
  outer loop
   vertex 9.2462806701660156 0.95679998397827148 -1.0437918901443481
   vertex 8.7536478042602539 0.95679998397827148 -0.3903469443321228
   vertex 9.5581264495849609 0.95679998397827148 -0.23817956447601318
  endloop
 endfacet
 facet normal 0 1 -0
  outer loop
   vertex 14.500809669494629 0.95679998397827148 0.89977270364761353
   vertex 14.150972366333008 0.95679998397827148 0.72745436429977417
   vertex 14.078093528747559 0.95679998397827148 1.1305171251296997
  endloop
 endfacet
 facet normal 0 1 0
  outer loop
   vertex 15.132604598999023 0.95679998397827148 0.15667974948883057
   vertex 15.234316825866699 0.95679998397827148 -0.15538814663887024
   vertex 14.978286743164062 0.95679998397827148 -0.098008416593074799
  endloop
 endfacet
 facet normal 0 1 -0
  outer loop
   vertex -0.17661181092262268 0.95679998397827148 1.214977502822876
   vertex -0.53855282068252563 0.95679998397827148 0.89160937070846558
   vertex -0.74853777885437012 0.95679998397827148 1.5012940168380737
  endloop
 endfacet
 facet normal 0 1 -0
  outer loop
   vertex 1.1071869134902954 0.95679998397827148 1.0578041076660156
   vertex 0.82073593139648438 0.95679998397827148 0.74344688653945923
   vertex 0.64568156003952026 0.95679998397827148 1.0838650465011597
  endloop
 endfacet
 facet normal 0 1 0
  outer loop
   vertex 0.18923169374465942 0.95679998397827148 0.36162364482879639
   vertex 0.43817773461341858 0.95679998397827148 0.29082959890365601
   vertex 0.30830866098403931 0.95679998397827148 0.10418011248111725
  endloop
 endfacet
 facet normal -0 1 0
  outer loop
   vertex 0.77882301807403564 0.95679998397827148 1.4765931367874146
   vertex 0.42169737815856934 0.95679998397827148 1.8794732093811035
   vertex 0.91550141572952271 0.95679998397827148 1.8844469785690308
  endloop
 endfacet
 facet normal 0 1 0
  outer loop
   vertex 13.262771606445312 0.95679998397827148 1.2581474781036377
   vertex 12.848963737487793 0.95679998397827148 0.99351418018341064
   vertex 12.953688621520996 0.95679998397827148 1.4911667108535767
  endloop
 endfacet
 facet normal 0 1 0
  outer loop
   vertex 1.2890952825546265 0.95679998397827148 1.5588524341583252
   vertex 0.77882301807403564 0.95679998397827148 1.4765931367874146
   vertex 0.91550141572952271 0.95679998397827148 1.8844469785690308
  endloop
 endfacet
 facet normal -0 1 0
  outer loop
   vertex -0.53855282068252563 0.95679998397827148 0.89160937070846558
   vertex -1.0319614410400391 0.95679998397827148 0.92622596025466919
   vertex -0.74853777885437012 0.95679998397827148 1.5012940168380737
  endloop
 endfacet
 facet normal -0 1 0
  outer loop
   vertex 1.2890952825546265 0.95679998397827148 1.5588524341583252
   vertex 0.91550141572952271 0.95679998397827148 1.8844469785690308
   vertex 1.3901678323745728 0.95679998397827148 2.1937086582183838
  endloop
 endfacet
 facet normal -0 1 0
  outer loop
   vertex -1.0319614410400391 0.95679998397827148 0.92622596025466919
   vertex -1.3016821146011353 0.95679998397827148 1.363987922668457
   vertex -0.74853777885437012 0.95679998397827148 1.5012940168380737
  endloop
 endfacet
 facet normal -0 1 0
  outer loop
   vertex 14.508185386657715 0.95679998397827148 -0.20986004173755646
   vertex 14.367398262023926 0.95679998397827148 -0.14016421139240265
   vertex 14.467666625976562 0.95679998397827148 -0.063515253365039825
  endloop
 endfacet
 facet normal -0 1 0
  outer loop
   vertex 1.016736626625061 0.95679998397827148 -0.31978613138198853
   vertex 0.90440672636032104 0.95679998397827148 -0.20976944267749786
   vertex 1.1094762086868286 0.95679998397827148 -0.17223592102527618
  endloop
 endfacet
 facet normal 0 1 0
  outer loop
   vertex -1.3016821146011353 0.95679998397827148 1.363987922668457
   vertex -1.341994047164917 0.95679998397827148 2.0108668804168701
   vertex -0.74853777885437012 0.95679998397827148 1.5012940168380737
  endloop
 endfacet
 facet normal -0 1 0
  outer loop
   vertex 15.036120414733887 0.95679998397827148 -0.30320817232131958
   vertex 14.874466896057129 0.95679998397827148 -0.25526878237724304
   vertex 14.978286743164062 0.95679998397827148 -0.098008416593074799
  endloop
 endfacet
 facet normal 0 1 0
  outer loop
   vertex 1.089321494102478 0.95679998397827148 -0.45917150378227234
   vertex 1.016736626625061 0.95679998397827148 -0.31978613138198853
   vertex 1.1743041276931763 0.95679998397827148 -0.32944992184638977
  endloop
 endfacet
 facet normal 0 1 0
  outer loop
   vertex 0.31126537919044495 0.95679998397827148 -0.091322407126426697
   vertex 0.45354300737380981 0.95679998397827148 -0.14435580372810364
   vertex 0.31471392512321472 0.95679998397827148 -0.217812180519104
  endloop
 endfacet
 facet normal 0 1 -0
  outer loop
   vertex 14.5853271484375 0.95679998397827148 1.3228870630264282
   vertex 14.500809669494629 0.95679998397827148 0.89977270364761353
   vertex 14.078093528747559 0.95679998397827148 1.1305171251296997
  endloop
 endfacet
 facet normal -0 1 0
  outer loop
   vertex 1.0435034036636353 0.95679998397827148 -1.0845226049423218
   vertex 0.9099891185760498 0.95679998397827148 -1.0213056802749634
   vertex 1.0207873582839966 0.95679998397827148 -0.90976452827453613
  endloop
 endfacet
 facet normal 0 1 0
  outer loop
   vertex 3.8391385078430176 0.95679998397827148 0.073720857501029968
   vertex 4.2874588966369629 0.95679998397827148 0.79528456926345825
   vertex 4.6626930236816406 0.95679998397827148 -0.17655260860919952
  endloop
 endfacet
 facet normal 0 1 0
  outer loop
   vertex 0.20551913976669312 0.95679998397827148 -0.33071878552436829
   vertex 0.19086122512817383 0.95679998397827148 -0.19908168911933899
   vertex 0.31471392512321472 0.95679998397827148 -0.217812180519104
  endloop
 endfacet
 facet normal -0 1 0
  outer loop
   vertex 1.7183537483215332 0.95679998397827148 0.30610471963882446
   vertex 1.4170075654983521 0.95679998397827148 0.43787467479705811
   vertex 1.7298206090927124 0.95679998397827148 0.68362665176391602
  endloop
 endfacet
 facet normal 0 1 0
  outer loop
   vertex 12.491042137145996 0.95679998397827148 -1.0893168449401855
   vertex 11.91976261138916 0.95679998397827148 -1.1985719203948975
   vertex 12.238994598388672 0.95679998397827148 -0.66507476568222046
  endloop
 endfacet
 facet normal 0 1 0
  outer loop
   vertex 0.77882301807403564 0.95679998397827148 1.4765931367874146
   vertex 1.1071869134902954 0.95679998397827148 1.0578041076660156
   vertex 0.64568156003952026 0.95679998397827148 1.0838650465011597
  endloop
 endfacet
 facet normal -0 1 0
  outer loop
   vertex 13.426408767700195 0.95679998397827148 1.628684401512146
   vertex 13.084074020385742 0.95679998397827148 1.9006881713867188
   vertex 13.418408393859863 0.95679998397827148 2.0007193088531494
  endloop
 endfacet
 facet normal 0 1 -0
  outer loop
   vertex 15.234316825866699 0.95679998397827148 -0.15538814663887024
   vertex 15.036120414733887 0.95679998397827148 -0.30320817232131958
   vertex 14.978286743164062 0.95679998397827148 -0.098008416593074799
  endloop
 endfacet
 facet normal 0 1 0
  outer loop
   vertex 1.6142503023147583 0.95679998397827148 1.1149227619171143
   vertex 1.9240931272506714 0.95679998397827148 1.6281412839889526
   vertex 2.1934413909912109 0.95679998397827148 0.97766149044036865
  endloop
 endfacet
 facet normal 0 1 -0
  outer loop
   vertex 1.5561320781707764 0.95679998397827148 -1.0056811571121216
   vertex 1.4528212547302246 0.95679998397827148 -1.2285842895507812
   vertex 1.3615438938140869 0.95679998397827148 -1.0532666444778442
  endloop
 endfacet
 facet normal 0 1 0
  outer loop
   vertex 1.2890952825546265 0.95679998397827148 1.5588524341583252
   vertex 1.9240931272506714 0.95679998397827148 1.6281412839889526
   vertex 1.6142503023147583 0.95679998397827148 1.1149227619171143
  endloop
 endfacet
 facet normal 0 1 0
  outer loop
   vertex 1.9954262971878052 0.95679998397827148 0.48102802038192749
   vertex 2.3396780490875244 0.95679998397827148 0.35140886902809143
   vertex 1.9925543069839478 0.95679998397827148 0.088442191481590271
  endloop
 endfacet
 facet normal 0 1 0
  outer loop
   vertex 14.076027870178223 0.95679998397827148 -1.0967539548873901
   vertex 13.901963233947754 0.95679998397827148 -1.1770985126495361
   vertex 13.934381484985352 0.95679998397827148 -1.0288288593292236
  endloop
 endfacet
 facet normal -0 1 0
  outer loop
   vertex -0.90998649597167969 0.95679998397827148 -2.2397451400756836
   vertex -1.3679795265197754 0.95679998397827148 -1.9932801723480225
   vertex -0.84991985559463501 0.95679998397827148 -1.8145092725753784
  endloop
 endfacet
 facet normal -0 1 0
  outer loop
   vertex 2.3396780490875244 0.95679998397827148 0.35140886902809143
   vertex 1.9954262971878052 0.95679998397827148 0.48102802038192749
   vertex 2.1934413909912109 0.95679998397827148 0.97766149044036865
  endloop
 endfacet
 facet normal 0 1 0
  outer loop
   vertex 1.4528212547302246 0.95679998397827148 -1.2285842895507812
   vertex 1.7170742750167847 0.95679998397827148 -1.1318811178207397
   vertex 1.6879334449768066 0.95679998397827148 -1.3809784650802612
  endloop
 endfacet
 facet normal 0 1 0
  outer loop
   vertex 6.671666145324707 0.95679998397827148 -0.5171317458152771
   vertex 6.7750029563903809 0.95679998397827148 0.28607678413391113
   vertex 7.7588777542114258 0.95679998397827148 -0.038991596549749374
  endloop
 endfacet
 facet normal 0 1 0
  outer loop
   vertex 13.26230525970459 0.95679998397827148 0.21396930515766144
   vertex 13.585150718688965 0.95679998397827148 0.246916264295578
   vertex 13.52973461151123 0.95679998397827148 0.015220209956169128
  endloop
 endfacet
 facet normal 0 1 0
  outer loop
   vertex 4.2874588966369629 0.95679998397827148 0.79528456926345825
   vertex 5.3061528205871582 0.95679998397827148 0.62800014019012451
   vertex 4.6626930236816406 0.95679998397827148 -0.17655260860919952
  endloop
 endfacet
 facet normal 0 1 0
  outer loop
   vertex 1.6142503023147583 0.95679998397827148 1.1149227619171143
   vertex 2.1934413909912109 0.95679998397827148 0.97766149044036865
   vertex 1.7298206090927124 0.95679998397827148 0.68362665176391602
  endloop
 endfacet
 facet normal -0 1 0
  outer loop
   vertex 9.862274169921875 0.95679998397827148 0.77209901809692383
   vertex 9.5289249420166016 0.95679998397827148 1.427587628364563
   vertex 10.008109092712402 0.95679998397827148 1.4939008951187134
  endloop
 endfacet
 facet normal 0 1 0
  outer loop
   vertex 13.934381484985352 0.95679998397827148 -1.0288288593292236
   vertex 13.772359848022461 0.95679998397827148 -1.0598573684692383
   vertex 13.820828437805176 0.95679998397827148 -0.92033958435058594
  endloop
 endfacet
 facet normal 0 1 0
  outer loop
   vertex 14.624364852905273 0.95679998397827148 -0.90986692905426025
   vertex 14.695047378540039 0.95679998397827148 -0.76956892013549805
   vertex 14.753751754760742 0.95679998397827148 -0.90177929401397705
  endloop
 endfacet
 facet normal 0 1 0
  outer loop
   vertex 14.620406150817871 0.95679998397827148 -0.31981047987937927
   vertex 14.761955261230469 0.95679998397827148 -0.35041159391403198
   vertex 14.692967414855957 0.95679998397827148 -0.45915669202804565
  endloop
 endfacet
 facet normal 0 1 0
  outer loop
   vertex 13.388187408447266 0.95679998397827148 -1.2214052677154541
   vertex 13.582140922546387 0.95679998397827148 -1.0543335676193237
   vertex 13.665377616882324 0.95679998397827148 -1.2261584997177124
  endloop
 endfacet
 facet normal 0 1 0
  outer loop
   vertex 13.746533393859863 0.95679998397827148 -0.78198820352554321
   vertex 13.820828437805176 0.95679998397827148 -0.92033958435058594
   vertex 13.700872421264648 0.95679998397827148 -0.93239182233810425
  endloop
 endfacet
 facet normal 0 1 0
  outer loop
   vertex 14.596233367919922 0.95679998397827148 -1.9370652437210083
   vertex 14.939706802368164 0.95679998397827148 -2.0361063480377197
   vertex 14.624995231628418 0.95679998397827148 -2.3538675308227539
  endloop
 endfacet
 facet normal 0 1 -0
  outer loop
   vertex 13.426408767700195 0.95679998397827148 1.628684401512146
   vertex 13.262771606445312 0.95679998397827148 1.2581474781036377
   vertex 12.953688621520996 0.95679998397827148 1.4911667108535767
  endloop
 endfacet
 facet normal 0 1 0
  outer loop
   vertex 12.923150062561035 0.95679998397827148 -1.0198404788970947
   vertex 12.491042137145996 0.95679998397827148 -1.0893168449401855
   vertex 12.786449432373047 0.95679998397827148 -0.66686564683914185
  endloop
 endfacet
 facet normal -0 1 0
  outer loop
   vertex 15.079999923706055 0.95679998397827148 -2.4175469875335693
   vertex 14.624995231628418 0.95679998397827148 -2.3538675308227539
   vertex 14.939706802368164 0.95679998397827148 -2.0361063480377197
  endloop
 endfacet
 facet normal 0 1 0
  outer loop
   vertex 16.043771743774414 0.95679998397827148 0.77354443073272705
   vertex 16.309942245483398 0.95679998397827148 1.3310048580169678
   vertex 16.645837783813477 0.95679998397827148 0.78804904222488403
  endloop
 endfacet
 facet normal 0 1 0
  outer loop
   vertex 13.918427467346191 0.95679998397827148 -0.21776549518108368
   vertex 13.931619644165039 0.95679998397827148 -0.032505553215742111
   vertex 14.057281494140625 0.95679998397827148 -0.14432619512081146
  endloop
 endfacet
 facet normal 0 1 0
  outer loop
   vertex 11.473651885986328 0.95679998397827148 0.89862436056137085
   vertex 11.989456176757812 0.95679998397827148 1.1208975315093994
   vertex 11.908749580383301 0.95679998397827148 0.54406100511550903
  endloop
 endfacet
 facet normal 0 1 0
  outer loop
   vertex 1.4170075654983521 0.95679998397827148 0.43787467479705811
   vertex 1.4371585845947266 0.95679998397827148 0.78610372543334961
   vertex 1.7298206090927124 0.95679998397827148 0.68362665176391602
  endloop
 endfacet
 facet normal -0 1 0
  outer loop
   vertex 14.779497146606445 0.95679998397827148 0.68898224830627441
   vertex 14.500809669494629 0.95679998397827148 0.89977270364761353
   vertex 14.949660301208496 0.95679998397827148 1.0201774835586548
  endloop
 endfacet
 facet normal 0 1 -0
  outer loop
   vertex 1.2890952825546265 0.95679998397827148 1.5588524341583252
   vertex 1.1071869134902954 0.95679998397827148 1.0578041076660156
   vertex 0.77882301807403564 0.95679998397827148 1.4765931367874146
  endloop
 endfacet
 facet normal 0 1 0
  outer loop
   vertex -0.051135651767253876 0.95679998397827148 -0.75790458917617798
   vertex 0.11516427993774414 0.95679998397827148 -0.62740343809127808
   vertex 0.14284490048885345 0.95679998397827148 -0.781882643699646
  endloop
 endfacet
 facet normal 0 1 0
  outer loop
   vertex 14.939706802368164 0.95679998397827148 -2.0361063480377197
   vertex 15.402668952941895 0.95679998397827148 -2.0724902153015137
   vertex 15.079999923706055 0.95679998397827148 -2.4175469875335693
  endloop
 endfacet
 facet normal 0 1 0
  outer loop
   vertex 1.1071869134902954 0.95679998397827148 1.0578041076660156
   vertex 1.1612973213195801 0.95679998397827148 0.64263236522674561
   vertex 0.82073593139648438 0.95679998397827148 0.74344688653945923
  endloop
 endfacet
 facet normal 0 1 0
  outer loop
   vertex 1.0914559364318848 0.95679998397827148 -0.76938134431838989
   vertex 1.2665311098098755 0.95679998397827148 -0.76439774036407471
   vertex 1.2019580602645874 0.95679998397827148 -0.96121209859848022
  endloop
 endfacet
 facet normal 0 1 0
  outer loop
   vertex 14.695047378540039 0.95679998397827148 -0.76956892013549805
   vertex 14.718707084655762 0.95679998397827148 -0.61419326066970825
   vertex 14.818391799926758 0.95679998397827148 -0.74810713529586792
  endloop
 endfacet
 facet normal 0 1 -0
  outer loop
   vertex 15.830781936645508 0.95679998397827148 1.6725145578384399
   vertex 15.394314765930176 0.95679998397827148 1.3334188461303711
   vertex 15.291728019714355 0.95679998397827148 1.8445919752120972
  endloop
 endfacet
 facet normal 0 1 0
  outer loop
   vertex 14.304956436157227 0.95679998397827148 -1.2759325504302979
   vertex 14.084747314453125 0.95679998397827148 -1.2949510812759399
   vertex 14.218718528747559 0.95679998397827148 -1.1175470352172852
  endloop
 endfacet
 facet normal 0 1 0
  outer loop
   vertex 5.6337380409240723 0.95679998397827148 -0.63012200593948364
   vertex 6.1221294403076172 0.95679998397827148 0.1324421763420105
   vertex 6.671666145324707 0.95679998397827148 -0.5171317458152771
  endloop
 endfacet
 facet normal 0 1 0
  outer loop
   vertex 9.862274169921875 0.95679998397827148 0.77209901809692383
   vertex 10.008109092712402 0.95679998397827148 1.4939008951187134
   vertex 10.523382186889648 0.95679998397827148 1.3948638439178467
  endloop
 endfacet
 facet normal 0 1 0
  outer loop
   vertex 0.60828042030334473 0.95679998397827148 -0.11759311705827713
   vertex 0.54177099466323853 0.95679998397827148 0.08162708580493927
   vertex 0.74124825000762939 0.95679998397827148 0.031982041895389557
  endloop
 endfacet
 facet normal -0 1 0
  outer loop
   vertex 11.989456176757812 0.95679998397827148 1.1208975315093994
   vertex 11.613926887512207 0.95679998397827148 1.4447888135910034
   vertex 12.089178085327148 0.95679998397827148 1.7280294895172119
  endloop
 endfacet
 facet normal 0 1 0
  outer loop
   vertex 14.500809669494629 0.95679998397827148 0.89977270364761353
   vertex 14.779497146606445 0.95679998397827148 0.68898224830627441
   vertex 14.489359855651855 0.95679998397827148 0.53870642185211182
  endloop
 endfacet
 facet normal 0 1 0
  outer loop
   vertex 1.6142503023147583 0.95679998397827148 1.1149227619171143
   vertex 1.7298206090927124 0.95679998397827148 0.68362665176391602
   vertex 1.4371585845947266 0.95679998397827148 0.78610372543334961
  endloop
 endfacet
 facet normal 0 1 -0
  outer loop
   vertex 0.47238042950630188 0.95679998397827148 -1.0967552661895752
   vertex 0.37065261602401733 0.95679998397827148 -1.1991943120956421
   vertex 0.3307516872882843 0.95679998397827148 -1.0288434028625488
  endloop
 endfacet
 facet normal 0 1 0
  outer loop
   vertex 0.2124703973531723 0.95679998397827148 -1.1144222021102905
   vertex 0.21715392172336578 0.95679998397827148 -0.92030948400497437
   vertex 0.3307516872882843 0.95679998397827148 -1.0288434028625488
  endloop
 endfacet
 facet normal -0 1 0
  outer loop
   vertex 2.8209009170532227 0.95679998397827148 0.71200746297836304
   vertex 2.1934413909912109 0.95679998397827148 0.97766149044036865
   vertex 2.9231319427490234 0.95679998397827148 1.8769184350967407
  endloop
 endfacet
 facet normal 0 1 0
  outer loop
   vertex 13.74656867980957 0.95679998397827148 0.77647358179092407
   vertex 13.611023902893066 0.95679998397827148 1.2135728597640991
   vertex 14.078093528747559 0.95679998397827148 1.1305171251296997
  endloop
 endfacet
 facet normal 0 1 0
  outer loop
   vertex 1.7170742750167847 0.95679998397827148 -1.1318811178207397
   vertex 1.778969407081604 0.95679998397827148 -0.92573952674865723
   vertex 1.9895385503768921 0.95679998397827148 -1.1688851118087769
  endloop
 endfacet
 facet normal 0 1 0
  outer loop
   vertex 1.1071869134902954 0.95679998397827148 1.0578041076660156
   vertex 1.2890952825546265 0.95679998397827148 1.5588524341583252
   vertex 1.6142503023147583 0.95679998397827148 1.1149227619171143
  endloop
 endfacet
 facet normal 0 1 -0
  outer loop
   vertex 14.825619697570801 0.95679998397827148 -0.48392021656036377
   vertex 14.718707084655762 0.95679998397827148 -0.61419326066970825
   vertex 14.692967414855957 0.95679998397827148 -0.45915669202804565
  endloop
 endfacet
 facet normal 0 1 0
  outer loop
   vertex 0.027236843481659889 0.95679998397827148 -0.89089208841323853
   vertex 0.14284490048885345 0.95679998397827148 -0.781882643699646
   vertex 0.21715392172336578 0.95679998397827148 -0.92030948400497437
  endloop
 endfacet
 facet normal -0 1 0
  outer loop
   vertex 9.8021526336669922 0.95679998397827148 -1.8223395347595215
   vertex 9.2462806701660156 0.95679998397827148 -1.0437918901443481
   vertex 10.100380897521973 0.95679998397827148 -1.0106005668640137
  endloop
 endfacet
 facet normal 0 1 0
  outer loop
   vertex 12.332781791687012 0.95679998397827148 -0.17831020057201385
   vertex 12.614981651306152 0.95679998397827148 -0.42229852080345154
   vertex 12.238994598388672 0.95679998397827148 -0.66507476568222046
  endloop
 endfacet
 facet normal -0 1 0
  outer loop
   vertex 16.043771743774414 0.95679998397827148 0.77354443073272705
   vertex 15.495671272277832 0.95679998397827148 0.79648703336715698
   vertex 15.813626289367676 0.95679998397827148 1.1936600208282471
  endloop
 endfacet
 facet normal -0 1 0
  outer loop
   vertex 10.688434600830078 0.95679998397827148 -1.8604743480682373
   vertex 9.8021526336669922 0.95679998397827148 -1.8223395347595215
   vertex 10.100380897521973 0.95679998397827148 -1.0106005668640137
  endloop
 endfacet
 facet normal -0 1 0
  outer loop
   vertex 1.4170075654983521 0.95679998397827148 0.43787467479705811
   vertex 1.1612973213195801 0.95679998397827148 0.64263236522674561
   vertex 1.4371585845947266 0.95679998397827148 0.78610372543334961
  endloop
 endfacet
 facet normal -0 1 0
  outer loop
   vertex 13.74656867980957 0.95679998397827148 0.77647358179092407
   vertex 13.301471710205078 0.95679998397827148 0.88752704858779907
   vertex 13.611023902893066 0.95679998397827148 1.2135728597640991
  endloop
 endfacet
 facet normal 0 1 -0
  outer loop
   vertex 16.309942245483398 0.95679998397827148 1.3310048580169678
   vertex 16.043771743774414 0.95679998397827148 0.77354443073272705
   vertex 15.813626289367676 0.95679998397827148 1.1936600208282471
  endloop
 endfacet
 facet normal 0 1 -0
  outer loop
   vertex 10.777080535888672 0.95679998397827148 -0.95210033655166626
   vertex 10.688434600830078 0.95679998397827148 -1.8604743480682373
   vertex 10.100380897521973 0.95679998397827148 -1.0106005668640137
  endloop
 endfacet
 facet normal 0 1 0
  outer loop
   vertex 15.830781936645508 0.95679998397827148 1.6725145578384399
   vertex 16.309942245483398 0.95679998397827148 1.3310048580169678
   vertex 15.813626289367676 0.95679998397827148 1.1936600208282471
  endloop
 endfacet
 facet normal 0 1 0
  outer loop
   vertex 12.491042137145996 0.95679998397827148 -1.0893168449401855
   vertex 12.238994598388672 0.95679998397827148 -0.66507476568222046
   vertex 12.786449432373047 0.95679998397827148 -0.66686564683914185
  endloop
 endfacet
 facet normal 0 1 0
  outer loop
   vertex 13.084074020385742 0.95679998397827148 1.9006881713867188
   vertex 13.426408767700195 0.95679998397827148 1.628684401512146
   vertex 12.953688621520996 0.95679998397827148 1.4911667108535767
  endloop
 endfacet
 facet normal 0 1 0
  outer loop
   vertex 13.89460563659668 0.95679998397827148 1.5740574598312378
   vertex 14.292576789855957 0.95679998397827148 1.5642613172531128
   vertex 14.078093528747559 0.95679998397827148 1.1305171251296997
  endloop
 endfacet
 facet normal -0 1 0
  outer loop
   vertex 1.4528212547302246 0.95679998397827148 -1.2285842895507812
   vertex 1.2200573682785034 0.95679998397827148 -1.1622871160507202
   vertex 1.3615438938140869 0.95679998397827148 -1.0532666444778442
  endloop
 endfacet
 facet normal -0 1 0
  outer loop
   vertex 12.923150062561035 0.95679998397827148 -1.0198404788970947
   vertex 12.786449432373047 0.95679998397827148 -0.66686564683914185
   vertex 13.118368148803711 0.95679998397827148 -0.66061675548553467
  endloop
 endfacet
 facet normal 0 1 -0
  outer loop
   vertex 11.91976261138916 0.95679998397827148 -1.1985719203948975
   vertex 11.491013526916504 0.95679998397827148 -1.8862482309341431
   vertex 11.306697845458984 0.95679998397827148 -1.2029589414596558
  endloop
 endfacet
 facet normal 0 1 0
  outer loop
   vertex 1.5561320781707764 0.95679998397827148 -1.0056811571121216
   vertex 1.5644146203994751 0.95679998397827148 -0.79572886228561401
   vertex 1.778969407081604 0.95679998397827148 -0.92573952674865723
  endloop
 endfacet
 facet normal 0 1 0
  outer loop
   vertex 1.1612973213195801 0.95679998397827148 0.64263236522674561
   vertex 1.1071869134902954 0.95679998397827148 1.0578041076660156
   vertex 1.4371585845947266 0.95679998397827148 0.78610372543334961
  endloop
 endfacet
 facet normal 0 1 -0
  outer loop
   vertex 13.918427467346191 0.95679998397827148 -0.21776549518108368
   vertex 13.737205505371094 0.95679998397827148 -0.23135940730571747
   vertex 13.731289863586426 0.95679998397827148 -0.10221508890390396
  endloop
 endfacet
 facet normal -0 1 0
  outer loop
   vertex 1.4371585845947266 0.95679998397827148 0.78610372543334961
   vertex 1.1071869134902954 0.95679998397827148 1.0578041076660156
   vertex 1.6142503023147583 0.95679998397827148 1.1149227619171143
  endloop
 endfacet
 facet normal -0 1 0
  outer loop
   vertex 0.87220907211303711 0.95679998397827148 -1.1734510660171509
   vertex 0.77014631032943726 0.95679998397827148 -1.0928895473480225
   vertex 0.9099891185760498 0.95679998397827148 -1.0213056802749634
  endloop
 endfacet
 facet normal 0 1 0
  outer loop
   vertex 13.585150718688965 0.95679998397827148 0.246916264295578
   vertex 13.804774284362793 0.95679998397827148 0.27351725101470947
   vertex 13.747385025024414 0.95679998397827148 0.091930985450744629
  endloop
 endfacet
 facet normal 0 1 -0
  outer loop
   vertex -0.11042971163988113 0.95679998397827148 -0.045906379818916321
   vertex -0.11230156570672989 0.95679998397827148 -0.31631886959075928
   vertex -0.35847353935241699 0.95679998397827148 -0.19153021275997162
  endloop
 endfacet
 facet normal -0 1 0
  outer loop
   vertex 13.342218399047852 0.95679998397827148 -0.10632126033306122
   vertex 13.016371726989746 0.95679998397827148 -0.056665528565645218
   vertex 13.26230525970459 0.95679998397827148 0.21396930515766144
  endloop
 endfacet
 facet normal 0 1 0
  outer loop
   vertex 13.585150718688965 0.95679998397827148 0.246916264295578
   vertex 13.747385025024414 0.95679998397827148 0.091930985450744629
   vertex 13.52973461151123 0.95679998397827148 0.015220209956169128
  endloop
 endfacet
 facet normal 0 1 0
  outer loop
   vertex 9.2462806701660156 0.95679998397827148 -1.0437918901443481
   vertex 9.5581264495849609 0.95679998397827148 -0.23817956447601318
   vertex 10.100380897521973 0.95679998397827148 -1.0106005668640137
  endloop
 endfacet
 facet normal 0 1 0
  outer loop
   vertex 14.5853271484375 0.95679998397827148 1.3228870630264282
   vertex 14.98530101776123 0.95679998397827148 1.4739210605621338
   vertex 14.949660301208496 0.95679998397827148 1.0201774835586548
  endloop
 endfacet
 facet normal 0 1 0
  outer loop
   vertex 1.6879334449768066 0.95679998397827148 -1.3809784650802612
   vertex 1.7170742750167847 0.95679998397827148 -1.1318811178207397
   vertex 1.9895385503768921 0.95679998397827148 -1.1688851118087769
  endloop
 endfacet
 facet normal 0 1 -0
  outer loop
   vertex 15.079999923706055 0.95679998397827148 2.4175469875335693
   vertex 14.706753730773926 0.95679998397827148 1.8496804237365723
   vertex 14.514678001403809 0.95679998397827148 2.3809072971343994
  endloop
 endfacet
 facet normal 0 1 -0
  outer loop
   vertex 11.25633430480957 0.95679998397827148 -0.53965097665786743
   vertex 10.777080535888672 0.95679998397827148 -0.95210033655166626
   vertex 10.536648750305176 0.95679998397827148 -0.15059107542037964
  endloop
 endfacet
 facet normal 0 1 0
  outer loop
   vertex 11.819341659545898 0.95679998397827148 -0.31798350811004639
   vertex 12.238994598388672 0.95679998397827148 -0.66507476568222046
   vertex 11.708235740661621 0.95679998397827148 -0.78426641225814819
  endloop
 endfacet
 facet normal 0 1 -0
  outer loop
   vertex 13.611023902893066 0.95679998397827148 1.2135728597640991
   vertex 13.301471710205078 0.95679998397827148 0.88752704858779907
   vertex 13.262771606445312 0.95679998397827148 1.2581474781036377
  endloop
 endfacet
 facet normal 0 1 0
  outer loop
   vertex 2.3396780490875244 0.95679998397827148 0.35140886902809143
   vertex 2.1934413909912109 0.95679998397827148 0.97766149044036865
   vertex 2.8209009170532227 0.95679998397827148 0.71200746297836304
  endloop
 endfacet
 facet normal 0 1 0
  outer loop
   vertex 13.380000114440918 0.95679998397827148 -0.55796617269515991
   vertex 13.4503173828125 0.95679998397827148 -0.33725759387016296
   vertex 13.574917793273926 0.95679998397827148 -0.50491845607757568
  endloop
 endfacet
 facet normal 0 1 0
  outer loop
   vertex 1.5561320781707764 0.95679998397827148 -1.0056811571121216
   vertex 1.3615438938140869 0.95679998397827148 -1.0532666444778442
   vertex 1.3980922698974609 0.95679998397827148 -0.8947177529335022
  endloop
 endfacet
 facet normal 0 1 0
  outer loop
   vertex 13.637715339660645 0.95679998397827148 -0.34134429693222046
   vertex 13.740431785583496 0.95679998397827148 -0.47179961204528809
   vertex 13.574917793273926 0.95679998397827148 -0.50491845607757568
  endloop
 endfacet
 facet normal 0 1 0
  outer loop
   vertex 13.835086822509766 0.95679998397827148 -1.4082638025283813
   vertex 13.58207893371582 0.95679998397827148 -1.4652465581893921
   vertex 13.665377616882324 0.95679998397827148 -1.2261584997177124
  endloop
 endfacet
 facet normal 0 1 -0
  outer loop
   vertex 16.33271598815918 0.95679998397827148 -0.23460349440574646
   vertex 16.061079025268555 0.95679998397827148 -0.64105349779129028
   vertex 15.850896835327148 0.95679998397827148 -0.13326787948608398
  endloop
 endfacet
 facet normal 0 1 0
  outer loop
   vertex -0.11230156570672989 0.95679998397827148 -0.31631886959075928
   vertex -0.11040502041578293 0.95679998397827148 -0.56337863206863403
   vertex -0.33475670218467712 0.95679998397827148 -0.45225369930267334
  endloop
 endfacet
 facet normal 0 1 0
  outer loop
   vertex 12.621256828308105 0.95679998397827148 1.8402448892593384
   vertex 13.084074020385742 0.95679998397827148 1.9006881713867188
   vertex 12.953688621520996 0.95679998397827148 1.4911667108535767
  endloop
 endfacet
 facet normal 0 1 0
  outer loop
   vertex 14.725687980651855 0.95679998397827148 -1.2325066328048706
   vertex 14.981156349182129 0.95679998397827148 -1.2131152153015137
   vertex 14.91944408416748 0.95679998397827148 -1.4521341323852539
  endloop
 endfacet
 facet normal 0 1 0
  outer loop
   vertex 3.4819612503051758 0.95679998397827148 0.89428502321243286
   vertex 2.8209009170532227 0.95679998397827148 0.71200746297836304
   vertex 2.9231319427490234 0.95679998397827148 1.8769184350967407
  endloop
 endfacet
 facet normal 0 1 0
  outer loop
   vertex 0.16043518483638763 0.95679998397827148 0.62181365489959717
   vertex 0.45260122418403625 0.95679998397827148 0.71603453159332275
   vertex 0.36432811617851257 0.95679998397827148 0.49290105700492859
  endloop
 endfacet
 facet normal 0 1 0
  outer loop
   vertex 13.804774284362793 0.95679998397827148 0.27351725101470947
   vertex 13.585150718688965 0.95679998397827148 0.246916264295578
   vertex 13.709403991699219 0.95679998397827148 0.44280856847763062
  endloop
 endfacet
 facet normal 0 1 0
  outer loop
   vertex 0.36432811617851257 0.95679998397827148 0.49290105700492859
   vertex 0.45260122418403625 0.95679998397827148 0.71603453159332275
   vertex 0.61488872766494751 0.95679998397827148 0.49180316925048828
  endloop
 endfacet
 facet normal 0 1 -0
  outer loop
   vertex 13.835086822509766 0.95679998397827148 -1.4082638025283813
   vertex 13.773571968078613 0.95679998397827148 -1.7048121690750122
   vertex 13.58207893371582 0.95679998397827148 -1.4652465581893921
  endloop
 endfacet
 facet normal 0 1 -0
  outer loop
   vertex 4.2874588966369629 0.95679998397827148 0.79528456926345825
   vertex 3.8391385078430176 0.95679998397827148 0.073720857501029968
   vertex 3.4819612503051758 0.95679998397827148 0.89428502321243286
  endloop
 endfacet
 facet normal 0 1 0
  outer loop
   vertex 14.129377365112305 0.95679998397827148 -1.9881488084793091
   vertex 14.333148002624512 0.95679998397827148 -1.8148475885391235
   vertex 14.376180648803711 0.95679998397827148 -2.0738499164581299
  endloop
 endfacet
 facet normal 0 1 0
  outer loop
   vertex 13.718815803527832 0.95679998397827148 -0.6273951530456543
   vertex 13.551094055175781 0.95679998397827148 -0.70867949724197388
   vertex 13.574917793273926 0.95679998397827148 -0.50491845607757568
  endloop
 endfacet
 facet normal 0 1 0
  outer loop
   vertex 15.132604598999023 0.95679998397827148 0.15667974948883057
   vertex 15.103782653808594 0.95679998397827148 0.57324302196502686
   vertex 15.37893009185791 0.95679998397827148 0.33749628067016602
  endloop
 endfacet
 facet normal 0 1 -0
  outer loop
   vertex 14.006646156311035 0.95679998397827148 -1.5833717584609985
   vertex 13.962682723999023 0.95679998397827148 -1.8399918079376221
   vertex 13.773571968078613 0.95679998397827148 -1.7048121690750122
  endloop
 endfacet
 facet normal 0 1 0
  outer loop
   vertex 0.43817773461341858 0.95679998397827148 0.29082959890365601
   vertex 0.36432811617851257 0.95679998397827148 0.49290105700492859
   vertex 0.61488872766494751 0.95679998397827148 0.49180316925048828
  endloop
 endfacet
 facet normal 0 1 0
  outer loop
   vertex 15.103782653808594 0.95679998397827148 0.57324302196502686
   vertex 15.495671272277832 0.95679998397827148 0.79648703336715698
   vertex 15.37893009185791 0.95679998397827148 0.33749628067016602
  endloop
 endfacet
 facet normal 0 1 0
  outer loop
   vertex 14.136009216308594 0.95679998397827148 -1.7465455532073975
   vertex 13.962682723999023 0.95679998397827148 -1.8399918079376221
   vertex 14.006646156311035 0.95679998397827148 -1.5833717584609985
  endloop
 endfacet
 facet normal 0 1 0
  outer loop
   vertex -1.0319614410400391 0.95679998397827148 0.92622596025466919
   vertex -0.53855282068252563 0.95679998397827148 0.89160937070846558
   vertex -0.77554744482040405 0.95679998397827148 0.53780198097229004
  endloop
 endfacet
 facet normal 0 1 0
  outer loop
   vertex 15.495671272277832 0.95679998397827148 0.79648703336715698
   vertex 15.736908912658691 0.95679998397827148 0.32269567251205444
   vertex 15.37893009185791 0.95679998397827148 0.33749628067016602
  endloop
 endfacet
 facet normal 0 1 0
  outer loop
   vertex -0.52002936601638794 0.95679998397827148 0.28039711713790894
   vertex -0.34383270144462585 0.95679998397827148 0.551158607006073
   vertex -0.20500363409519196 0.95679998397827148 0.24060046672821045
  endloop
 endfacet
 facet normal 0 1 0
  outer loop
   vertex -0.11230156570672989 0.95679998397827148 -0.31631886959075928
   vertex 0.038000084459781647 0.95679998397827148 -0.18142256140708923
   vertex 0.087367117404937744 0.95679998397827148 -0.32668787240982056
  endloop
 endfacet
 facet normal 0 1 0
  outer loop
   vertex 14.706753730773926 0.95679998397827148 1.8496804237365723
   vertex 14.98530101776123 0.95679998397827148 1.4739210605621338
   vertex 14.5853271484375 0.95679998397827148 1.3228870630264282
  endloop
 endfacet
 facet normal 0 1 -0
  outer loop
   vertex 1.5644146203994751 0.95679998397827148 -0.79572886228561401
   vertex 1.5561320781707764 0.95679998397827148 -1.0056811571121216
   vertex 1.3980922698974609 0.95679998397827148 -0.8947177529335022
  endloop
 endfacet
 facet normal 0 1 0
  outer loop
   vertex 12.238994598388672 0.95679998397827148 -0.66507476568222046
   vertex 12.614981651306152 0.95679998397827148 -0.42229852080345154
   vertex 12.786449432373047 0.95679998397827148 -0.66686564683914185
  endloop
 endfacet
 facet normal 0 1 0
  outer loop
   vertex 14.98530101776123 0.95679998397827148 1.4739210605621338
   vertex 15.394314765930176 0.95679998397827148 1.3334188461303711
   vertex 14.949660301208496 0.95679998397827148 1.0201774835586548
  endloop
 endfacet
 facet normal -0 1 0
  outer loop
   vertex 15.464128494262695 0.95679998397827148 0.041437763720750809
   vertex 15.132604598999023 0.95679998397827148 0.15667974948883057
   vertex 15.37893009185791 0.95679998397827148 0.33749628067016602
  endloop
 endfacet
 facet normal 0 1 -0
  outer loop
   vertex 14.91944408416748 0.95679998397827148 -1.4521341323852539
   vertex 14.793806076049805 0.95679998397827148 -1.7075905799865723
   vertex 14.654812812805176 0.95679998397827148 -1.4559037685394287
  endloop
 endfacet
 facet normal 0 1 -0
  outer loop
   vertex 15.736908912658691 0.95679998397827148 0.32269567251205444
   vertex 15.464128494262695 0.95679998397827148 0.041437763720750809
   vertex 15.37893009185791 0.95679998397827148 0.33749628067016602
  endloop
 endfacet
 facet normal 0 1 0
  outer loop
   vertex 0.76365107297897339 0.95679998397827148 -0.14013443887233734
   vertex 0.74124825000762939 0.95679998397827148 0.031982041895389557
   vertex 0.94073975086212158 0.95679998397827148 -0.076170846819877625
  endloop
 endfacet
 facet normal -0 1 0
  outer loop
   vertex 0.31126537919044495 0.95679998397827148 -0.091322407126426697
   vertex 0.13638781011104584 0.95679998397827148 -0.038915533572435379
   vertex 0.30830866098403931 0.95679998397827148 0.10418011248111725
  endloop
 endfacet
 facet normal 0 1 0
  outer loop
   vertex 0.52536028623580933 0.95679998397827148 -1.2296179533004761
   vertex 0.61506712436676025 0.95679998397827148 -1.1175470352172852
   vertex 0.69279134273529053 0.95679998397827148 -1.2404975891113281
  endloop
 endfacet
 facet normal 0 1 0
  outer loop
   vertex 16.043771743774414 0.95679998397827148 0.77354443073272705
   vertex 16.645837783813477 0.95679998397827148 0.78804904222488403
   vertex 16.240165710449219 0.95679998397827148 0.23072120547294617
  endloop
 endfacet
 facet normal 0 1 0
  outer loop
   vertex 15.495671272277832 0.95679998397827148 0.79648703336715698
   vertex 15.394314765930176 0.95679998397827148 1.3334188461303711
   vertex 15.813626289367676 0.95679998397827148 1.1936600208282471
  endloop
 endfacet
 facet normal 0 1 0
  outer loop
   vertex 14.253019332885742 0.95679998397827148 -1.5080661773681641
   vertex 14.333148002624512 0.95679998397827148 -1.8148475885391235
   vertex 14.136009216308594 0.95679998397827148 -1.7465455532073975
  endloop
 endfacet
 facet normal -0 1 0
  outer loop
   vertex 0.11516427993774414 0.95679998397827148 -0.62740343809127808
   vertex -0.11040502041578293 0.95679998397827148 -0.56337863206863403
   vertex 0.01147832814604044 0.95679998397827148 -0.45567342638969421
  endloop
 endfacet
 facet normal 0 1 0
  outer loop
   vertex 15.394314765930176 0.95679998397827148 1.3334188461303711
   vertex 15.830781936645508 0.95679998397827148 1.6725145578384399
   vertex 15.813626289367676 0.95679998397827148 1.1936600208282471
  endloop
 endfacet
 facet normal 0 1 0
  outer loop
   vertex 12.353157043457031 0.95679998397827148 1.9985928535461426
   vertex 12.621256828308105 0.95679998397827148 1.8402448892593384
   vertex 12.089178085327148 0.95679998397827148 1.7280294895172119
  endloop
 endfacet
 facet normal 0 1 0
  outer loop
   vertex 14.735213279724121 0.95679998397827148 -0.15535071492195129
   vertex 14.508185386657715 0.95679998397827148 -0.20986004173755646
   vertex 14.618249893188477 0.95679998397827148 -0.014572985470294952
  endloop
 endfacet
 facet normal 0 1 0
  outer loop
   vertex 14.129377365112305 0.95679998397827148 -1.9881488084793091
   vertex 14.199884414672852 0.95679998397827148 -2.2757983207702637
   vertex 13.772977828979492 0.95679998397827148 -2.1792366504669189
  endloop
 endfacet
 facet normal -0 1 0
  outer loop
   vertex 0.7233884334564209 0.95679998397827148 0.25412926077842712
   vertex 0.43817773461341858 0.95679998397827148 0.29082959890365601
   vertex 0.61488872766494751 0.95679998397827148 0.49180316925048828
  endloop
 endfacet
 facet normal 0 1 0
  outer loop
   vertex 0.54177099466323853 0.95679998397827148 0.08162708580493927
   vertex 0.43817773461341858 0.95679998397827148 0.29082959890365601
   vertex 0.7233884334564209 0.95679998397827148 0.25412926077842712
  endloop
 endfacet
 facet normal -0 1 0
  outer loop
   vertex -0.11042971163988113 0.95679998397827148 -0.045906379818916321
   vertex -0.35249403119087219 0.95679998397827148 0.056602854281663895
   vertex -0.20500363409519196 0.95679998397827148 0.24060046672821045
  endloop
 endfacet
 facet normal 0 1 0
  outer loop
   vertex 5.455662727355957 0.95679998397827148 -1.7205109596252441
   vertex 4.549191951751709 0.95679998397827148 -1.7380181550979614
   vertex 4.8673381805419922 0.95679998397827148 -1.0309783220291138
  endloop
 endfacet
 facet normal 0 1 0
  outer loop
   vertex 11.306697845458984 0.95679998397827148 -1.2029589414596558
   vertex 11.491013526916504 0.95679998397827148 -1.8862482309341431
   vertex 10.688434600830078 0.95679998397827148 -1.8604743480682373
  endloop
 endfacet
 facet normal -0 1 0
  outer loop
   vertex 14.292576789855957 0.95679998397827148 1.5642613172531128
   vertex 13.89460563659668 0.95679998397827148 1.5740574598312378
   vertex 14.199480056762695 0.95679998397827148 1.9450980424880981
  endloop
 endfacet
 facet normal 0 1 0
  outer loop
   vertex -0.69808059930801392 0.95679998397827148 2.3145663738250732
   vertex -0.15166106820106506 0.95679998397827148 1.7873506546020508
   vertex -0.74853777885437012 0.95679998397827148 1.5012940168380737
  endloop
 endfacet
 facet normal 0 1 0
  outer loop
   vertex 0.42169737815856934 0.95679998397827148 1.8794732093811035
   vertex -0.15166106820106506 0.95679998397827148 1.7873506546020508
   vertex -1.6881641077453116e-14 0.95679998397827148 2.4175469875335693
  endloop
 endfacet
 facet normal 0 1 -0
  outer loop
   vertex 13.76129150390625 0.95679998397827148 1.9627920389175415
   vertex 13.426408767700195 0.95679998397827148 1.628684401512146
   vertex 13.418408393859863 0.95679998397827148 2.0007193088531494
  endloop
 endfacet
 facet normal -0 1 0
  outer loop
   vertex 3.8391385078430176 0.95679998397827148 0.073720857501029968
   vertex 3.2415611743927002 0.95679998397827148 0.23930716514587402
   vertex 3.4819612503051758 0.95679998397827148 0.89428502321243286
  endloop
 endfacet
 facet normal 0 1 -0
  outer loop
   vertex 13.931619644165039 0.95679998397827148 -0.032505553215742111
   vertex 13.918427467346191 0.95679998397827148 -0.21776549518108368
   vertex 13.731289863586426 0.95679998397827148 -0.10221508890390396
  endloop
 endfacet
 facet normal 0 1 0
  outer loop
   vertex 11.391881942749023 0.95679998397827148 0.16614007949829102
   vertex 11.473651885986328 0.95679998397827148 0.89862436056137085
   vertex 11.908749580383301 0.95679998397827148 0.54406100511550903
  endloop
 endfacet
 facet normal 0 1 0
  outer loop
   vertex 14.596233367919922 0.95679998397827148 -1.9370652437210083
   vertex 14.624995231628418 0.95679998397827148 -2.3538675308227539
   vertex 14.376180648803711 0.95679998397827148 -2.0738499164581299
  endloop
 endfacet
 facet normal 0 1 0
  outer loop
   vertex -1.341994047164917 0.95679998397827148 2.0108668804168701
   vertex -0.69808059930801392 0.95679998397827148 2.3145663738250732
   vertex -0.74853777885437012 0.95679998397827148 1.5012940168380737
  endloop
 endfacet
 facet normal -0 1 0
  outer loop
   vertex 7.7588777542114258 0.95679998397827148 -0.038991596549749374
   vertex 7.1020760536193848 0.95679998397827148 0.95669680833816528
   vertex 8.1631383895874023 0.95679998397827148 1.1173220872879028
  endloop
 endfacet
 facet normal 0 1 0
  outer loop
   vertex 13.426408767700195 0.95679998397827148 1.628684401512146
   vertex 13.611023902893066 0.95679998397827148 1.2135728597640991
   vertex 13.262771606445312 0.95679998397827148 1.2581474781036377
  endloop
 endfacet
 facet normal -0 1 0
  outer loop
   vertex 14.199480056762695 0.95679998397827148 1.9450980424880981
   vertex 14.028366088867188 0.95679998397827148 2.3396985530853271
   vertex 14.514678001403809 0.95679998397827148 2.3809072971343994
  endloop
 endfacet
 facet normal 0 1 -0
  outer loop
   vertex 0.60828042030334473 0.95679998397827148 -0.11759311705827713
   vertex 0.45354300737380981 0.95679998397827148 -0.14435580372810364
   vertex 0.44279968738555908 0.95679998397827148 -0.033360246568918228
  endloop
 endfacet
 facet normal 0 1 -0
  outer loop
   vertex 9.7387142181396484 0.95679998397827148 1.9080578088760376
   vertex 9.5289249420166016 0.95679998397827148 1.427587628364563
   vertex 8.9641523361206055 0.95679998397827148 1.8501652479171753
  endloop
 endfacet
 facet normal 0 1 0
  outer loop
   vertex 11.491013526916504 0.95679998397827148 -1.8862482309341431
   vertex 11.91976261138916 0.95679998397827148 -1.1985719203948975
   vertex 12.282288551330566 0.95679998397827148 -1.5666213035583496
  endloop
 endfacet
 facet normal 0 1 0
  outer loop
   vertex 11.25633430480957 0.95679998397827148 -0.53965097665786743
   vertex 11.391881942749023 0.95679998397827148 0.16614007949829102
   vertex 11.819341659545898 0.95679998397827148 -0.31798350811004639
  endloop
 endfacet
 facet normal 0 1 0
  outer loop
   vertex 14.735213279724121 0.95679998397827148 -0.15535071492195129
   vertex 14.854216575622559 0.95679998397827148 0.088597021996974945
   vertex 14.978286743164062 0.95679998397827148 -0.098008416593074799
  endloop
 endfacet
 facet normal 0 1 0
  outer loop
   vertex 2.7960262298583984 0.95679998397827148 -0.71264594793319702
   vertex 3.2528040409088135 0.95679998397827148 -1.1271617412567139
   vertex 2.7483158111572266 0.95679998397827148 -1.2015478610992432
  endloop
 endfacet
 facet normal 0 1 0
  outer loop
   vertex 5.3061528205871582 0.95679998397827148 0.62800014019012451
   vertex 6.1221294403076172 0.95679998397827148 0.1324421763420105
   vertex 5.6337380409240723 0.95679998397827148 -0.63012200593948364
  endloop
 endfacet
 facet normal 0 1 0
  outer loop
   vertex -1.6348156929016113 0.95679998397827148 -0.59575575590133667
   vertex -1.2164844274520874 0.95679998397827148 -0.12979404628276825
   vertex -1.1094971895217896 0.95679998397827148 -0.50774812698364258
  endloop
 endfacet
 facet normal -0 1 0
  outer loop
   vertex 11.25633430480957 0.95679998397827148 -0.53965097665786743
   vertex 10.536648750305176 0.95679998397827148 -0.15059107542037964
   vertex 11.391881942749023 0.95679998397827148 0.16614007949829102
  endloop
 endfacet
 facet normal 0 1 0
  outer loop
   vertex 14.706753730773926 0.95679998397827148 1.8496804237365723
   vertex 15.079999923706055 0.95679998397827148 2.4175469875335693
   vertex 15.291728019714355 0.95679998397827148 1.8445919752120972
  endloop
 endfacet
 facet normal 0 1 0
  outer loop
   vertex 0.90440672636032104 0.95679998397827148 -0.20976944267749786
   vertex 0.94073975086212158 0.95679998397827148 -0.076170846819877625
   vertex 1.1094762086868286 0.95679998397827148 -0.17223592102527618
  endloop
 endfacet
 facet normal -0 1 0
  outer loop
   vertex 0.19086122512817383 0.95679998397827148 -0.19908168911933899
   vertex 0.038000084459781647 0.95679998397827148 -0.18142256140708923
   vertex 0.13638781011104584 0.95679998397827148 -0.038915533572435379
  endloop
 endfacet
 facet normal -0 1 0
  outer loop
   vertex 16.33271598815918 0.95679998397827148 -0.23460349440574646
   vertex 15.850896835327148 0.95679998397827148 -0.13326787948608398
   vertex 16.240165710449219 0.95679998397827148 0.23072120547294617
  endloop
 endfacet
 facet normal 0 1 0
  outer loop
   vertex 16.061079025268555 0.95679998397827148 -0.64105349779129028
   vertex 16.33271598815918 0.95679998397827148 -0.23460349440574646
   vertex 16.684003829956055 0.95679998397827148 -0.67628175020217896
  endloop
 endfacet
 facet normal -0 1 0
  outer loop
   vertex 1.0398566722869873 0.95679998397827148 -1.5340861082077026
   vertex 0.8311188817024231 0.95679998397827148 -1.3801761865615845
   vertex 1.0360195636749268 0.95679998397827148 -1.2791152000427246
  endloop
 endfacet
 facet normal 0 1 0
  outer loop
   vertex 11.491013526916504 0.95679998397827148 -1.8862482309341431
   vertex 12.282288551330566 0.95679998397827148 -1.5666213035583496
   vertex 12.195916175842285 0.95679998397827148 -1.8995479345321655
  endloop
 endfacet
 facet normal 0 1 -0
  outer loop
   vertex 14.325919151306152 0.95679998397827148 -0.0102549958974123
   vertex 14.212017059326172 0.95679998397827148 -0.11759196221828461
   vertex 14.135434150695801 0.95679998397827148 0.00019914585573133081
  endloop
 endfacet
 facet normal 0 1 -0
  outer loop
   vertex 12.332781791687012 0.95679998397827148 -0.17831020057201385
   vertex 12.238994598388672 0.95679998397827148 -0.66507476568222046
   vertex 11.819341659545898 0.95679998397827148 -0.31798350811004639
  endloop
 endfacet
 facet normal 0 1 -0
  outer loop
   vertex 1.3615438938140869 0.95679998397827148 -1.0532666444778442
   vertex 1.2200573682785034 0.95679998397827148 -1.1622871160507202
   vertex 1.2019580602645874 0.95679998397827148 -0.96121209859848022
  endloop
 endfacet
 facet normal 0 1 -0
  outer loop
   vertex 2.3396780490875244 0.95679998397827148 0.35140886902809143
   vertex 2.293694019317627 0.95679998397827148 -0.086268708109855652
   vertex 1.9925543069839478 0.95679998397827148 0.088442191481590271
  endloop
 endfacet
 facet normal 0 1 -0
  outer loop
   vertex 3.4819612503051758 0.95679998397827148 0.89428502321243286
   vertex 3.2415611743927002 0.95679998397827148 0.23930716514587402
   vertex 2.8209009170532227 0.95679998397827148 0.71200746297836304
  endloop
 endfacet
 facet normal 0 1 -0
  outer loop
   vertex 8.8602724075317383 0.95679998397827148 0.38941901922225952
   vertex 8.7536478042602539 0.95679998397827148 -0.3903469443321228
   vertex 7.7588777542114258 0.95679998397827148 -0.038991596549749374
  endloop
 endfacet
 facet normal 0 1 -0
  outer loop
   vertex 0.36432811617851257 0.95679998397827148 0.49290105700492859
   vertex 0.18923169374465942 0.95679998397827148 0.36162364482879639
   vertex 0.16043518483638763 0.95679998397827148 0.62181365489959717
  endloop
 endfacet
 facet normal 0 1 0
  outer loop
   vertex 16.046560287475586 0.95679998397827148 -1.533690333366394
   vertex 16.400375366210938 0.95679998397827148 -1.1759853363037109
   vertex 16.652488708496094 0.95679998397827148 -1.8362491130828857
  endloop
 endfacet
 facet normal 0 1 0
  outer loop
   vertex -0.53855282068252563 0.95679998397827148 0.89160937070846558
   vertex -0.34383270144462585 0.95679998397827148 0.551158607006073
   vertex -0.77554744482040405 0.95679998397827148 0.53780198097229004
  endloop
 endfacet
 facet normal -0 1 0
  outer loop
   vertex 0.13673414289951324 0.95679998397827148 -0.47195321321487427
   vertex 0.01147832814604044 0.95679998397827148 -0.45567342638969421
   vertex 0.087367117404937744 0.95679998397827148 -0.32668787240982056
  endloop
 endfacet
 facet normal -0 1 0
  outer loop
   vertex 0.43817773461341858 0.95679998397827148 0.29082959890365601
   vertex 0.18923169374465942 0.95679998397827148 0.36162364482879639
   vertex 0.36432811617851257 0.95679998397827148 0.49290105700492859
  endloop
 endfacet
 facet normal 0 1 0
  outer loop
   vertex 1.0435034036636353 0.95679998397827148 -1.0845226049423218
   vertex 1.0207873582839966 0.95679998397827148 -0.90976452827453613
   vertex 1.2019580602645874 0.95679998397827148 -0.96121209859848022
  endloop
 endfacet
 facet normal 0 1 0
  outer loop
   vertex 14.512385368347168 0.95679998397827148 -1.6362920999526978
   vertex 14.44527530670166 0.95679998397827148 -1.3943949937820435
   vertex 14.654812812805176 0.95679998397827148 -1.4559037685394287
  endloop
 endfacet
 facet normal -0 1 0
  outer loop
   vertex 0.16043518483638763 0.95679998397827148 0.62181365489959717
   vertex -0.12958870828151703 0.95679998397827148 0.7690742015838623
   vertex 0.21770390868186951 0.95679998397827148 0.94392842054367065
  endloop
 endfacet
 facet normal 0 1 -0
  outer loop
   vertex 1.3980922698974609 0.95679998397827148 -0.8947177529335022
   vertex 1.3615438938140869 0.95679998397827148 -1.0532666444778442
   vertex 1.2019580602645874 0.95679998397827148 -0.96121209859848022
  endloop
 endfacet
 facet normal -0 1 0
  outer loop
   vertex 15.535861015319824 0.95679998397827148 -1.2789880037307739
   vertex 15.200175285339355 0.95679998397827148 -1.1041213274002075
   vertex 15.477118492126465 0.95679998397827148 -0.96159619092941284
  endloop
 endfacet
 facet normal -0 1 0
  outer loop
   vertex 15.168412208557129 0.95679998397827148 -0.6928747296333313
   vertex 15.003190040588379 0.95679998397827148 -0.50998139381408691
   vertex 15.286720275878906 0.95679998397827148 -0.42736339569091797
  endloop
 endfacet
 facet normal 0 1 0
  outer loop
   vertex 1.1150553226470947 0.95679998397827148 -0.61411142349243164
   vertex 1.089321494102478 0.95679998397827148 -0.45917150378227234
   vertex 1.2232317924499512 0.95679998397827148 -0.47314760088920593
  endloop
 endfacet
 facet normal 0 1 -0
  outer loop
   vertex 14.291358947753906 0.95679998397827148 0.17020899057388306
   vertex 14.135434150695801 0.95679998397827148 0.00019914585573133081
   vertex 13.999902725219727 0.95679998397827148 0.17714333534240723
  endloop
 endfacet
 facet normal 0 1 -0
  outer loop
   vertex 11.120626449584961 0.95679998397827148 1.3735567331314087
   vertex 10.817545890808105 0.95679998397827148 0.7427946925163269
   vertex 10.523382186889648 0.95679998397827148 1.3948638439178467
  endloop
 endfacet
 facet normal 0 1 0
  outer loop
   vertex 3.2415611743927002 0.95679998397827148 0.23930716514587402
   vertex 3.8391385078430176 0.95679998397827148 0.073720857501029968
   vertex 3.3177287578582764 0.95679998397827148 -0.4135410487651825
  endloop
 endfacet
 facet normal -0 1 0
  outer loop
   vertex 14.66978931427002 0.95679998397827148 0.1623571366071701
   vertex 14.511456489562988 0.95679998397827148 0.2770831286907196
   vertex 14.788251876831055 0.95679998397827148 0.37136068940162659
  endloop
 endfacet
 facet normal -0 1 0
  outer loop
   vertex 15.411730766296387 0.95679998397827148 -0.70838779211044312
   vertex 15.168412208557129 0.95679998397827148 -0.6928747296333313
   vertex 15.286720275878906 0.95679998397827148 -0.42736339569091797
  endloop
 endfacet
 facet normal 0 1 0
  outer loop
   vertex -0.35847353935241699 0.95679998397827148 -0.19153021275997162
   vertex -0.11230156570672989 0.95679998397827148 -0.31631886959075928
   vertex -0.33475670218467712 0.95679998397827148 -0.45225369930267334
  endloop
 endfacet
 facet normal 0 1 0
  outer loop
   vertex 14.66978931427002 0.95679998397827148 0.1623571366071701
   vertex 14.788251876831055 0.95679998397827148 0.37136068940162659
   vertex 14.854216575622559 0.95679998397827148 0.088597021996974945
  endloop
 endfacet
 facet normal 0 1 0
  outer loop
   vertex 13.731289863586426 0.95679998397827148 -0.10221508890390396
   vertex 13.737205505371094 0.95679998397827148 -0.23135940730571747
   vertex 13.568146705627441 0.95679998397827148 -0.18209387362003326
  endloop
 endfacet
 facet normal 0 1 0
  outer loop
   vertex 11.120626449584961 0.95679998397827148 1.3735567331314087
   vertex 11.473651885986328 0.95679998397827148 0.89862436056137085
   vertex 10.817545890808105 0.95679998397827148 0.7427946925163269
  endloop
 endfacet
 facet normal 0 1 0
  outer loop
   vertex 13.204529762268066 0.95679998397827148 -0.35068151354789734
   vertex 13.342218399047852 0.95679998397827148 -0.10632126033306122
   vertex 13.4503173828125 0.95679998397827148 -0.33725759387016296
  endloop
 endfacet
 facet normal 0 1 0
  outer loop
   vertex 13.551094055175781 0.95679998397827148 -0.70867949724197388
   vertex 13.746533393859863 0.95679998397827148 -0.78198820352554321
   vertex 13.565940856933594 0.95679998397827148 -0.88802856206893921
  endloop
 endfacet
 facet normal 0 1 0
  outer loop
   vertex 6.7750029563903809 0.95679998397827148 0.28607678413391113
   vertex 7.1020760536193848 0.95679998397827148 0.95669680833816528
   vertex 7.7588777542114258 0.95679998397827148 -0.038991596549749374
  endloop
 endfacet
 facet normal 0 1 0
  outer loop
   vertex 1.2665311098098755 0.95679998397827148 -0.76439774036407471
   vertex 1.3980922698974609 0.95679998397827148 -0.8947177529335022
   vertex 1.2019580602645874 0.95679998397827148 -0.96121209859848022
  endloop
 endfacet
 facet normal 0 1 0
  outer loop
   vertex 11.658686637878418 0.95679998397827148 1.8089272975921631
   vertex 11.819236755371094 0.95679998397827148 2.0767748355865479
   vertex 12.089178085327148 0.95679998397827148 1.7280294895172119
  endloop
 endfacet
 facet normal 0 1 0
  outer loop
   vertex 12.313858032226562 0.95679998397827148 0.32659918069839478
   vertex 12.332781791687012 0.95679998397827148 -0.17831020057201385
   vertex 11.953322410583496 0.95679998397827148 0.10810130834579468
  endloop
 endfacet
 facet normal -0 1 0
  outer loop
   vertex 14.48164176940918 0.95679998397827148 0.089333310723304749
   vertex 14.291358947753906 0.95679998397827148 0.17020899057388306
   vertex 14.511456489562988 0.95679998397827148 0.2770831286907196
  endloop
 endfacet
 facet normal 0 1 0
  outer loop
   vertex 10.536648750305176 0.95679998397827148 -0.15059107542037964
   vertex 10.777080535888672 0.95679998397827148 -0.95210033655166626
   vertex 10.100380897521973 0.95679998397827148 -1.0106005668640137
  endloop
 endfacet
 facet normal 0 1 0
  outer loop
   vertex 13.58207893371582 0.95679998397827148 -1.4652465581893921
   vertex 13.347009658813477 0.95679998397827148 -1.4776899814605713
   vertex 13.388187408447266 0.95679998397827148 -1.2214052677154541
  endloop
 endfacet
 facet normal 0 1 0
  outer loop
   vertex 15.754414558410645 0.95679998397827148 2.3215725421905518
   vertex 16.421226501464844 0.95679998397827148 2.0113792419433594
   vertex 15.830781936645508 0.95679998397827148 1.6725145578384399
  endloop
 endfacet
 facet normal 0 1 0
  outer loop
   vertex 14.333148002624512 0.95679998397827148 -1.8148475885391235
   vertex 14.596233367919922 0.95679998397827148 -1.9370652437210083
   vertex 14.376180648803711 0.95679998397827148 -2.0738499164581299
  endloop
 endfacet
 facet normal 0 1 0
  outer loop
   vertex 1.062142014503479 0.95679998397827148 -1.7986476421356201
   vertex 1.0398566722869873 0.95679998397827148 -1.5340861082077026
   vertex 1.2774916887283325 0.95679998397827148 -1.6733307838439941
  endloop
 endfacet
 facet normal -0 1 0
  outer loop
   vertex 13.487936973571777 0.95679998397827148 -1.7558785676956177
   vertex 13.347009658813477 0.95679998397827148 -1.4776899814605713
   vertex 13.58207893371582 0.95679998397827148 -1.4652465581893921
  endloop
 endfacet
 facet normal 0 1 0
  outer loop
   vertex -0.12958870828151703 0.95679998397827148 0.7690742015838623
   vertex -0.17661181092262268 0.95679998397827148 1.214977502822876
   vertex 0.21770390868186951 0.95679998397827148 0.94392842054367065
  endloop
 endfacet
 facet normal -0 1 0
  outer loop
   vertex 14.596233367919922 0.95679998397827148 -1.9370652437210083
   vertex 14.333148002624512 0.95679998397827148 -1.8148475885391235
   vertex 14.512385368347168 0.95679998397827148 -1.6362920999526978
  endloop
 endfacet
 facet normal -0 1 0
  outer loop
   vertex 13.76129150390625 0.95679998397827148 1.9627920389175415
   vertex 13.418408393859863 0.95679998397827148 2.0007193088531494
   vertex 13.601530075073242 0.95679998397827148 2.2888553142547607
  endloop
 endfacet
 facet normal 0 1 0
  outer loop
   vertex 0.90581971406936646 0.95679998397827148 0.093302704393863678
   vertex 1.0735987424850464 0.95679998397827148 -0.01730649545788765
   vertex 0.94073975086212158 0.95679998397827148 -0.076170846819877625
  endloop
 endfacet
 facet normal -0 1 0
  outer loop
   vertex -1.2164844274520874 0.95679998397827148 -0.12979404628276825
   vertex -1.8261629343032837 0.95679998397827148 0.13041456043720245
   vertex -1.2203010320663452 0.95679998397827148 0.41541334986686707
  endloop
 endfacet
 facet normal 0 1 0
  outer loop
   vertex 13.76129150390625 0.95679998397827148 1.9627920389175415
   vertex 14.028366088867188 0.95679998397827148 2.3396985530853271
   vertex 14.199480056762695 0.95679998397827148 1.9450980424880981
  endloop
 endfacet
 facet normal 0 1 0
  outer loop
   vertex 9.5581264495849609 0.95679998397827148 -0.23817956447601318
   vertex 10.536648750305176 0.95679998397827148 -0.15059107542037964
   vertex 10.100380897521973 0.95679998397827148 -1.0106005668640137
  endloop
 endfacet
 facet normal -0 1 0
  outer loop
   vertex 3.2528040409088135 0.95679998397827148 -1.1271617412567139
   vertex 2.7960262298583984 0.95679998397827148 -0.71264594793319702
   vertex 3.3177287578582764 0.95679998397827148 -0.4135410487651825
  endloop
 endfacet
 facet normal -0 1 0
  outer loop
   vertex 14.939706802368164 0.95679998397827148 -2.0361063480377197
   vertex 14.596233367919922 0.95679998397827148 -1.9370652437210083
   vertex 14.793806076049805 0.95679998397827148 -1.7075905799865723
  endloop
 endfacet
 facet normal -0 1 0
  outer loop
   vertex 13.637715339660645 0.95679998397827148 -0.34134429693222046
   vertex 13.4503173828125 0.95679998397827148 -0.33725759387016296
   vertex 13.568146705627441 0.95679998397827148 -0.18209387362003326
  endloop
 endfacet
 facet normal 0 1 0
  outer loop
   vertex 14.199884414672852 0.95679998397827148 -2.2757983207702637
   vertex 14.129377365112305 0.95679998397827148 -1.9881488084793091
   vertex 14.376180648803711 0.95679998397827148 -2.0738499164581299
  endloop
 endfacet
 facet normal 0 1 0
  outer loop
   vertex -0.11040502041578293 0.95679998397827148 -0.56337863206863403
   vertex 0.11516427993774414 0.95679998397827148 -0.62740343809127808
   vertex -0.051135651767253876 0.95679998397827148 -0.75790458917617798
  endloop
 endfacet
 facet normal -0 1 0
  outer loop
   vertex 1.2949429750442505 0.95679998397827148 -2.1352200508117676
   vertex 1.062142014503479 0.95679998397827148 -1.7986476421356201
   vertex 1.2774916887283325 0.95679998397827148 -1.6733307838439941
  endloop
 endfacet
 facet normal 0 1 0
  outer loop
   vertex 6.1221294403076172 0.95679998397827148 0.1324421763420105
   vertex 6.7750029563903809 0.95679998397827148 0.28607678413391113
   vertex 6.671666145324707 0.95679998397827148 -0.5171317458152771
  endloop
 endfacet
 facet normal -0 1 0
  outer loop
   vertex -0.15166106820106506 0.95679998397827148 1.7873506546020508
   vertex -0.69808059930801392 0.95679998397827148 2.3145663738250732
   vertex -1.6881641077453116e-14 0.95679998397827148 2.4175469875335693
  endloop
 endfacet
 facet normal 0 1 0
  outer loop
   vertex -0.11040502041578293 0.95679998397827148 -0.56337863206863403
   vertex -0.11230156570672989 0.95679998397827148 -0.31631886959075928
   vertex 0.01147832814604044 0.95679998397827148 -0.45567342638969421
  endloop
 endfacet
 facet normal -0 1 0
  outer loop
   vertex 1.1743041276931763 0.95679998397827148 -0.32944992184638977
   vertex 1.016736626625061 0.95679998397827148 -0.31978613138198853
   vertex 1.1094762086868286 0.95679998397827148 -0.17223592102527618
  endloop
 endfacet
 facet normal 0 1 0
  outer loop
   vertex 13.611023902893066 0.95679998397827148 1.2135728597640991
   vertex 13.89460563659668 0.95679998397827148 1.5740574598312378
   vertex 14.078093528747559 0.95679998397827148 1.1305171251296997
  endloop
 endfacet
 facet normal 0 1 0
  outer loop
   vertex 0.19086122512817383 0.95679998397827148 -0.19908168911933899
   vertex 0.20551913976669312 0.95679998397827148 -0.33071878552436829
   vertex 0.087367117404937744 0.95679998397827148 -0.32668787240982056
  endloop
 endfacet
 facet normal -0 1 0
  outer loop
   vertex 14.874466896057129 0.95679998397827148 -0.25526878237724304
   vertex 14.735213279724121 0.95679998397827148 -0.15535071492195129
   vertex 14.978286743164062 0.95679998397827148 -0.098008416593074799
  endloop
 endfacet
 facet normal 0 1 0
  outer loop
   vertex 13.388187408447266 0.95679998397827148 -1.2214052677154541
   vertex 13.42601490020752 0.95679998397827148 -0.99977928400039673
   vertex 13.582140922546387 0.95679998397827148 -1.0543335676193237
  endloop
 endfacet
 facet normal -0 1 0
  outer loop
   vertex 14.793806076049805 0.95679998397827148 -1.7075905799865723
   vertex 14.512385368347168 0.95679998397827148 -1.6362920999526978
   vertex 14.654812812805176 0.95679998397827148 -1.4559037685394287
  endloop
 endfacet
 facet normal 0 1 0
  outer loop
   vertex 0.43502786755561829 0.95679998397827148 -2.3431992530822754
   vertex 0.55822491645812988 0.95679998397827148 -1.9800347089767456
   vertex 0.86065757274627686 0.95679998397827148 -2.2508649826049805
  endloop
 endfacet
 facet normal -0 1 0
  outer loop
   vertex 14.350216865539551 0.95679998397827148 0.34673991799354553
   vertex 14.223221778869629 0.95679998397827148 0.47386941313743591
   vertex 14.489359855651855 0.95679998397827148 0.53870642185211182
  endloop
 endfacet
 facet normal -0 1 0
  outer loop
   vertex 2.7361831665039062 0.95679998397827148 -0.060118947178125381
   vertex 2.3396780490875244 0.95679998397827148 0.35140886902809143
   vertex 2.8209009170532227 0.95679998397827148 0.71200746297836304
  endloop
 endfacet
 facet normal 0 1 0
  outer loop
   vertex 0.8311188817024231 0.95679998397827148 -1.3801761865615845
   vertex 0.581737220287323 0.95679998397827148 -1.4266015291213989
   vertex 0.69279134273529053 0.95679998397827148 -1.2404975891113281
  endloop
 endfacet
 facet normal 0 1 0
  outer loop
   vertex 13.213165283203125 0.95679998397827148 -0.98637574911117554
   vertex 13.42601490020752 0.95679998397827148 -0.99977928400039673
   vertex 13.388187408447266 0.95679998397827148 -1.2214052677154541
  endloop
 endfacet
 facet normal 0 1 0
  outer loop
   vertex 13.213165283203125 0.95679998397827148 -0.98637574911117554
   vertex 12.923150062561035 0.95679998397827148 -1.0198404788970947
   vertex 13.118368148803711 0.95679998397827148 -0.66061675548553467
  endloop
 endfacet
 facet normal 0 1 0
  outer loop
   vertex 16.061079025268555 0.95679998397827148 -0.64105349779129028
   vertex 16.400375366210938 0.95679998397827148 -1.1759853363037109
   vertex 15.852390289306641 0.95679998397827148 -1.0491882562637329
  endloop
 endfacet
 facet normal 0 1 -0
  outer loop
   vertex -0.34383270144462585 0.95679998397827148 0.551158607006073
   vertex -0.52002936601638794 0.95679998397827148 0.28039711713790894
   vertex -0.77554744482040405 0.95679998397827148 0.53780198097229004
  endloop
 endfacet
 facet normal -0 1 0
  outer loop
   vertex -0.12958870828151703 0.95679998397827148 0.7690742015838623
   vertex -0.53855282068252563 0.95679998397827148 0.89160937070846558
   vertex -0.17661181092262268 0.95679998397827148 1.214977502822876
  endloop
 endfacet
 facet normal 0 1 0
  outer loop
   vertex 14.981156349182129 0.95679998397827148 -1.2131152153015137
   vertex 14.725687980651855 0.95679998397827148 -1.2325066328048706
   vertex 14.829560279846191 0.95679998397827148 -1.0512900352478027
  endloop
 endfacet
 facet normal -0 1 0
  outer loop
   vertex 14.511456489562988 0.95679998397827148 0.2770831286907196
   vertex 14.350216865539551 0.95679998397827148 0.34673991799354553
   vertex 14.489359855651855 0.95679998397827148 0.53870642185211182
  endloop
 endfacet
 facet normal 0 1 0
  outer loop
   vertex -0.52002936601638794 0.95679998397827148 0.28039711713790894
   vertex -0.89520144462585449 0.95679998397827148 0.17039093375205994
   vertex -0.77554744482040405 0.95679998397827148 0.53780198097229004
  endloop
 endfacet
 facet normal -0 1 0
  outer loop
   vertex 14.735213279724121 0.95679998397827148 -0.15535071492195129
   vertex 14.618249893188477 0.95679998397827148 -0.014572985470294952
   vertex 14.854216575622559 0.95679998397827148 0.088597021996974945
  endloop
 endfacet
 facet normal -0 1 0
  outer loop
   vertex -0.61037302017211914 0.95679998397827148 -0.0050501748919487
   vertex -0.89520144462585449 0.95679998397827148 0.17039093375205994
   vertex -0.52002936601638794 0.95679998397827148 0.28039711713790894
  endloop
 endfacet
 facet normal 0 1 0
  outer loop
   vertex 14.98530101776123 0.95679998397827148 1.4739210605621338
   vertex 14.706753730773926 0.95679998397827148 1.8496804237365723
   vertex 15.291728019714355 0.95679998397827148 1.8445919752120972
  endloop
 endfacet
 facet normal 0 1 0
  outer loop
   vertex 0.54177099466323853 0.95679998397827148 0.08162708580493927
   vertex 0.60828042030334473 0.95679998397827148 -0.11759311705827713
   vertex 0.44279968738555908 0.95679998397827148 -0.033360246568918228
  endloop
 endfacet
 facet normal 0 1 0
  outer loop
   vertex 14.513628959655762 0.95679998397827148 -1.0213141441345215
   vertex 14.658463478088379 0.95679998397827148 -1.041581392288208
   vertex 14.540534973144531 0.95679998397827148 -1.1471327543258667
  endloop
 endfacet
 facet normal 0 1 -0
  outer loop
   vertex 3.7689139842987061 0.95679998397827148 1.6771699190139771
   vertex 3.4819612503051758 0.95679998397827148 0.89428502321243286
   vertex 2.9231319427490234 0.95679998397827148 1.8769184350967407
  endloop
 endfacet
 facet normal 0 1 -0
  outer loop
   vertex 12.371861457824707 0.95679998397827148 0.78489863872528076
   vertex 12.313858032226562 0.95679998397827148 0.32659918069839478
   vertex 11.908749580383301 0.95679998397827148 0.54406100511550903
  endloop
 endfacet
 facet normal -0 1 0
  outer loop
   vertex 12.621256828308105 0.95679998397827148 1.8402448892593384
   vertex 12.353157043457031 0.95679998397827148 1.9985928535461426
   vertex 12.523930549621582 0.95679998397827148 2.2170350551605225
  endloop
 endfacet
 facet normal 0 1 0
  outer loop
   vertex 3.2415611743927002 0.95679998397827148 0.23930716514587402
   vertex 2.7361831665039062 0.95679998397827148 -0.060118947178125381
   vertex 2.8209009170532227 0.95679998397827148 0.71200746297836304
  endloop
 endfacet
 facet normal 0 1 0
  outer loop
   vertex 11.908749580383301 0.95679998397827148 0.54406100511550903
   vertex 12.313858032226562 0.95679998397827148 0.32659918069839478
   vertex 11.953322410583496 0.95679998397827148 0.10810130834579468
  endloop
 endfacet
 facet normal 0 1 0
  outer loop
   vertex 12.353157043457031 0.95679998397827148 1.9985928535461426
   vertex 12.089178085327148 0.95679998397827148 1.7280294895172119
   vertex 12.178240776062012 0.95679998397827148 2.2096495628356934
  endloop
 endfacet
 facet normal 0 1 0
  outer loop
   vertex -0.35249403119087219 0.95679998397827148 0.056602854281663895
   vertex -0.52002936601638794 0.95679998397827148 0.28039711713790894
   vertex -0.20500363409519196 0.95679998397827148 0.24060046672821045
  endloop
 endfacet
 facet normal 0 1 0
  outer loop
   vertex 0.19086122512817383 0.95679998397827148 -0.19908168911933899
   vertex 0.31126537919044495 0.95679998397827148 -0.091322407126426697
   vertex 0.31471392512321472 0.95679998397827148 -0.217812180519104
  endloop
 endfacet
 facet normal 0 1 0
  outer loop
   vertex 16.046560287475586 0.95679998397827148 -1.533690333366394
   vertex 16.652488708496094 0.95679998397827148 -1.8362491130828857
   vertex 16.11468505859375 0.95679998397827148 -2.1849396228790283
  endloop
 endfacet
 facet normal 0 1 -0
  outer loop
   vertex 16.061079025268555 0.95679998397827148 -0.64105349779129028
   vertex 15.668346405029297 0.95679998397827148 -0.74606192111968994
   vertex 15.629528045654297 0.95679998397827148 -0.42537602782249451
  endloop
 endfacet
 facet normal 0 1 0
  outer loop
   vertex 13.426408767700195 0.95679998397827148 1.628684401512146
   vertex 13.76129150390625 0.95679998397827148 1.9627920389175415
   vertex 13.89460563659668 0.95679998397827148 1.5740574598312378
  endloop
 endfacet
 facet normal 0 1 0
  outer loop
   vertex 13.89460563659668 0.95679998397827148 1.5740574598312378
   vertex 13.76129150390625 0.95679998397827148 1.9627920389175415
   vertex 14.199480056762695 0.95679998397827148 1.9450980424880981
  endloop
 endfacet
 facet normal -0 1 0
  outer loop
   vertex 15.668346405029297 0.95679998397827148 -0.74606192111968994
   vertex 15.411730766296387 0.95679998397827148 -0.70838779211044312
   vertex 15.629528045654297 0.95679998397827148 -0.42537602782249451
  endloop
 endfacet
 facet normal 0 1 -0
  outer loop
   vertex 14.618249893188477 0.95679998397827148 -0.014572985470294952
   vertex 14.508185386657715 0.95679998397827148 -0.20986004173755646
   vertex 14.467666625976562 0.95679998397827148 -0.063515253365039825
  endloop
 endfacet
 facet normal 0 1 0
  outer loop
   vertex 13.084074020385742 0.95679998397827148 1.9006881713867188
   vertex 13.219353675842285 0.95679998397827148 2.2227237224578857
   vertex 13.418408393859863 0.95679998397827148 2.0007193088531494
  endloop
 endfacet
 facet normal -0 1 0
  outer loop
   vertex 0.74124825000762939 0.95679998397827148 0.031982041895389557
   vertex 0.54177099466323853 0.95679998397827148 0.08162708580493927
   vertex 0.7233884334564209 0.95679998397827148 0.25412926077842712
  endloop
 endfacet
 facet normal -0 1 0
  outer loop
   vertex 8.9179506301879883 0.95679998397827148 -1.7816596031188965
   vertex 8.0520792007446289 0.95679998397827148 -1.7502260208129883
   vertex 8.3532285690307617 0.95679998397827148 -1.0223286151885986
  endloop
 endfacet
 facet normal 0 1 0
  outer loop
   vertex 15.49174976348877 0.95679998397827148 -0.22669684886932373
   vertex 15.464128494262695 0.95679998397827148 0.041437763720750809
   vertex 15.850896835327148 0.95679998397827148 -0.13326787948608398
  endloop
 endfacet
 facet normal 0 1 0
  outer loop
   vertex 2.7361831665039062 0.95679998397827148 -0.060118947178125381
   vertex 2.293694019317627 0.95679998397827148 -0.086268708109855652
   vertex 2.3396780490875244 0.95679998397827148 0.35140886902809143
  endloop
 endfacet
 facet normal -0 1 0
  outer loop
   vertex 4.8673381805419922 0.95679998397827148 -1.0309783220291138
   vertex 4.0276880264282227 0.95679998397827148 -0.88351279497146606
   vertex 4.6626930236816406 0.95679998397827148 -0.17655260860919952
  endloop
 endfacet
 facet normal 0 1 0
  outer loop
   vertex 16.309942245483398 0.95679998397827148 1.3310048580169678
   vertex 16.421226501464844 0.95679998397827148 2.0113792419433594
   vertex 16.987890243530273 0.95679998397827148 1.4847527742385864
  endloop
 endfacet
 facet normal 0 1 0
  outer loop
   vertex 2.7960262298583984 0.95679998397827148 -0.71264594793319702
   vertex 2.7361831665039062 0.95679998397827148 -0.060118947178125381
   vertex 3.3177287578582764 0.95679998397827148 -0.4135410487651825
  endloop
 endfacet
 facet normal 0 1 0
  outer loop
   vertex 0.01147832814604044 0.95679998397827148 -0.45567342638969421
   vertex -0.11230156570672989 0.95679998397827148 -0.31631886959075928
   vertex 0.087367117404937744 0.95679998397827148 -0.32668787240982056
  endloop
 endfacet
 facet normal 0 1 -0
  outer loop
   vertex 14.793806076049805 0.95679998397827148 -1.7075905799865723
   vertex 14.596233367919922 0.95679998397827148 -1.9370652437210083
   vertex 14.512385368347168 0.95679998397827148 -1.6362920999526978
  endloop
 endfacet
 facet normal 0 1 0
  outer loop
   vertex 13.066689491271973 0.95679998397827148 0.57656532526016235
   vertex 12.69217586517334 0.95679998397827148 0.49326357245445251
   vertex 12.848963737487793 0.95679998397827148 0.99351418018341064
  endloop
 endfacet
 facet normal 0 1 0
  outer loop
   vertex 13.637715339660645 0.95679998397827148 -0.34134429693222046
   vertex 13.737205505371094 0.95679998397827148 -0.23135940730571747
   vertex 13.809228897094727 0.95679998397827148 -0.33063510060310364
  endloop
 endfacet
 facet normal -0 1 0
  outer loop
   vertex 15.394314765930176 0.95679998397827148 1.3334188461303711
   vertex 14.98530101776123 0.95679998397827148 1.4739210605621338
   vertex 15.291728019714355 0.95679998397827148 1.8445919752120972
  endloop
 endfacet
 facet normal 0 1 0
  outer loop
   vertex 14.91944408416748 0.95679998397827148 -1.4521341323852539
   vertex 14.981156349182129 0.95679998397827148 -1.2131152153015137
   vertex 15.219034194946289 0.95679998397827148 -1.3994767665863037
  endloop
 endfacet
 facet normal 0 1 0
  outer loop
   vertex 2.7361831665039062 0.95679998397827148 -0.060118947178125381
   vertex 3.2415611743927002 0.95679998397827148 0.23930716514587402
   vertex 3.3177287578582764 0.95679998397827148 -0.4135410487651825
  endloop
 endfacet
 facet normal 0 1 -0
  outer loop
   vertex 14.253019332885742 0.95679998397827148 -1.5080661773681641
   vertex 14.136009216308594 0.95679998397827148 -1.7465455532073975
   vertex 14.006646156311035 0.95679998397827148 -1.5833717584609985
  endloop
 endfacet
 facet normal 0 1 0
  outer loop
   vertex 13.016371726989746 0.95679998397827148 -0.056665528565645218
   vertex 13.342218399047852 0.95679998397827148 -0.10632126033306122
   vertex 13.204529762268066 0.95679998397827148 -0.35068151354789734
  endloop
 endfacet
 facet normal 0 1 -0
  outer loop
   vertex 14.028366088867188 0.95679998397827148 2.3396985530853271
   vertex 13.76129150390625 0.95679998397827148 1.9627920389175415
   vertex 13.601530075073242 0.95679998397827148 2.2888553142547607
  endloop
 endfacet
 facet normal -0 1 0
  outer loop
   vertex 15.402668952941895 0.95679998397827148 -2.0724902153015137
   vertex 14.939706802368164 0.95679998397827148 -2.0361063480377197
   vertex 15.14177131652832 0.95679998397827148 -1.7279287576675415
  endloop
 endfacet
 facet normal -0 1 0
  outer loop
   vertex 14.084747314453125 0.95679998397827148 -1.2949510812759399
   vertex 13.901963233947754 0.95679998397827148 -1.1770985126495361
   vertex 14.076027870178223 0.95679998397827148 -1.0967539548873901
  endloop
 endfacet
 facet normal 0 1 0
  outer loop
   vertex 9.862274169921875 0.95679998397827148 0.77209901809692383
   vertex 10.536648750305176 0.95679998397827148 -0.15059107542037964
   vertex 9.5581264495849609 0.95679998397827148 -0.23817956447601318
  endloop
 endfacet
 facet normal 0 1 0
  outer loop
   vertex 0.69279134273529053 0.95679998397827148 -1.2404975891113281
   vertex 0.77014631032943726 0.95679998397827148 -1.0928895473480225
   vertex 0.87220907211303711 0.95679998397827148 -1.1734510660171509
  endloop
 endfacet
 facet normal -0 1 0
  outer loop
   vertex 13.487936973571777 0.95679998397827148 -1.7558785676956177
   vertex 13.145633697509766 0.95679998397827148 -1.6523028612136841
   vertex 13.347009658813477 0.95679998397827148 -1.4776899814605713
  endloop
 endfacet
 facet normal 0 1 0
  outer loop
   vertex 15.079999923706055 0.95679998397827148 -2.4175469875335693
   vertex 15.402668952941895 0.95679998397827148 -2.0724902153015137
   vertex 15.563600540161133 0.95679998397827148 -2.3686840534210205
  endloop
 endfacet
 facet normal 0 1 0
  outer loop
   vertex 3.7689139842987061 0.95679998397827148 1.6771699190139771
   vertex 4.2874588966369629 0.95679998397827148 0.79528456926345825
   vertex 3.4819612503051758 0.95679998397827148 0.89428502321243286
  endloop
 endfacet
 facet normal 0 1 0
  outer loop
   vertex 14.333148002624512 0.95679998397827148 -1.8148475885391235
   vertex 14.253019332885742 0.95679998397827148 -1.5080661773681641
   vertex 14.512385368347168 0.95679998397827148 -1.6362920999526978
  endloop
 endfacet
 facet normal 0 1 0
  outer loop
   vertex 14.551782608032227 0.95679998397827148 -1.2878340482711792
   vertex 14.725687980651855 0.95679998397827148 -1.2325066328048706
   vertex 14.654812812805176 0.95679998397827148 -1.4559037685394287
  endloop
 endfacet
 facet normal -0 1 0
  outer loop
   vertex 14.158905982971191 0.95679998397827148 0.31644162535667419
   vertex 13.963842391967773 0.95679998397827148 0.46362194418907166
   vertex 14.223221778869629 0.95679998397827148 0.47386941313743591
  endloop
 endfacet
 facet normal 0 1 0
  outer loop
   vertex 14.367398262023926 0.95679998397827148 -0.14016421139240265
   vertex 14.325919151306152 0.95679998397827148 -0.0102549958974123
   vertex 14.467666625976562 0.95679998397827148 -0.063515253365039825
  endloop
 endfacet
 facet normal 0 1 0
  outer loop
   vertex -0.11042971163988113 0.95679998397827148 -0.045906379818916321
   vertex -0.35847353935241699 0.95679998397827148 -0.19153021275997162
   vertex -0.35249403119087219 0.95679998397827148 0.056602854281663895
  endloop
 endfacet
 facet normal 0 1 0
  outer loop
   vertex 13.611023902893066 0.95679998397827148 1.2135728597640991
   vertex 13.426408767700195 0.95679998397827148 1.628684401512146
   vertex 13.89460563659668 0.95679998397827148 1.5740574598312378
  endloop
 endfacet
 facet normal -0 1 0
  outer loop
   vertex 13.380000114440918 0.95679998397827148 -0.55796617269515991
   vertex 13.204529762268066 0.95679998397827148 -0.35068151354789734
   vertex 13.4503173828125 0.95679998397827148 -0.33725759387016296
  endloop
 endfacet
 facet normal 0 1 0
  outer loop
   vertex 13.301471710205078 0.95679998397827148 0.88752704858779907
   vertex 13.74656867980957 0.95679998397827148 0.77647358179092407
   vertex 13.44526481628418 0.95679998397827148 0.52404332160949707
  endloop
 endfacet
 facet normal 0 1 0
  outer loop
   vertex 13.999902725219727 0.95679998397827148 0.17714333534240723
   vertex 13.963842391967773 0.95679998397827148 0.46362194418907166
   vertex 14.158905982971191 0.95679998397827148 0.31644162535667419
  endloop
 endfacet
 facet normal 0 1 0
  outer loop
   vertex 0.34249013662338257 0.95679998397827148 -1.5115642547607422
   vertex 0.084382794797420502 0.95679998397827148 -1.5245260000228882
   vertex 0.22073468565940857 0.95679998397827148 -1.3162813186645508
  endloop
 endfacet
 facet normal -0 1 0
  outer loop
   vertex 14.057281494140625 0.95679998397827148 -0.14432619512081146
   vertex 13.931619644165039 0.95679998397827148 -0.032505553215742111
   vertex 14.135434150695801 0.95679998397827148 0.00019914585573133081
  endloop
 endfacet
 facet normal 0 1 0
  outer loop
   vertex 13.204529762268066 0.95679998397827148 -0.35068151354789734
   vertex 13.380000114440918 0.95679998397827148 -0.55796617269515991
   vertex 13.118368148803711 0.95679998397827148 -0.66061675548553467
  endloop
 endfacet
 facet normal -0 1 0
  outer loop
   vertex 0.52536028623580933 0.95679998397827148 -1.2296179533004761
   vertex 0.37065261602401733 0.95679998397827148 -1.1991943120956421
   vertex 0.47238042950630188 0.95679998397827148 -1.0967552661895752
  endloop
 endfacet
 facet normal 0 1 0
  outer loop
   vertex 14.620406150817871 0.95679998397827148 -0.31981047987937927
   vertex 14.735213279724121 0.95679998397827148 -0.15535071492195129
   vertex 14.761955261230469 0.95679998397827148 -0.35041159391403198
  endloop
 endfacet
 facet normal 0 1 0
  outer loop
   vertex 14.253019332885742 0.95679998397827148 -1.5080661773681641
   vertex 14.44527530670166 0.95679998397827148 -1.3943949937820435
   vertex 14.512385368347168 0.95679998397827148 -1.6362920999526978
  endloop
 endfacet
 facet normal 0 1 0
  outer loop
   vertex -1.5764483213424683 0.95679998397827148 0.85744082927703857
   vertex -1.3016821146011353 0.95679998397827148 1.363987922668457
   vertex -1.0319614410400391 0.95679998397827148 0.92622596025466919
  endloop
 endfacet
 facet normal 0 1 0
  outer loop
   vertex 12.94243335723877 0.95679998397827148 0.26773995161056519
   vertex 13.066689491271973 0.95679998397827148 0.57656532526016235
   vertex 13.26230525970459 0.95679998397827148 0.21396930515766144
  endloop
 endfacet
 facet normal 0 1 0
  outer loop
   vertex 11.989456176757812 0.95679998397827148 1.1208975315093994
   vertex 12.371861457824707 0.95679998397827148 0.78489863872528076
   vertex 11.908749580383301 0.95679998397827148 0.54406100511550903
  endloop
 endfacet
 facet normal 0 1 0
  outer loop
   vertex 12.614981651306152 0.95679998397827148 -0.42229852080345154
   vertex 12.92781925201416 0.95679998397827148 -0.38475716114044189
   vertex 12.786449432373047 0.95679998397827148 -0.66686564683914185
  endloop
 endfacet
 facet normal 0 1 0
  outer loop
   vertex 12.786449432373047 0.95679998397827148 -0.66686564683914185
   vertex 12.92781925201416 0.95679998397827148 -0.38475716114044189
   vertex 13.118368148803711 0.95679998397827148 -0.66061675548553467
  endloop
 endfacet
 facet normal 0 1 0
  outer loop
   vertex 8.7536478042602539 0.95679998397827148 -0.3903469443321228
   vertex 8.8602724075317383 0.95679998397827148 0.38941901922225952
   vertex 9.5581264495849609 0.95679998397827148 -0.23817956447601318
  endloop
 endfacet
 facet normal 0 1 0
  outer loop
   vertex 15.49174976348877 0.95679998397827148 -0.22669684886932373
   vertex 15.850896835327148 0.95679998397827148 -0.13326787948608398
   vertex 15.629528045654297 0.95679998397827148 -0.42537602782249451
  endloop
 endfacet
 facet normal -0 1 0
  outer loop
   vertex 0.94073975086212158 0.95679998397827148 -0.076170846819877625
   vertex 0.74124825000762939 0.95679998397827148 0.031982041895389557
   vertex 0.90581971406936646 0.95679998397827148 0.093302704393863678
  endloop
 endfacet
 facet normal 0 1 0
  outer loop
   vertex 13.26230525970459 0.95679998397827148 0.21396930515766144
   vertex 13.066689491271973 0.95679998397827148 0.57656532526016235
   vertex 13.44526481628418 0.95679998397827148 0.52404332160949707
  endloop
 endfacet
 facet normal 0 1 0
  outer loop
   vertex 12.332781791687012 0.95679998397827148 -0.17831020057201385
   vertex 12.674622535705566 0.95679998397827148 0.11156709492206573
   vertex 12.72502613067627 0.95679998397827148 -0.19464270770549774
  endloop
 endfacet
 facet normal 0 1 0
  outer loop
   vertex 14.084747314453125 0.95679998397827148 -1.2949510812759399
   vertex 14.304956436157227 0.95679998397827148 -1.2759325504302979
   vertex 14.253019332885742 0.95679998397827148 -1.5080661773681641
  endloop
 endfacet
 facet normal 0 1 0
  outer loop
   vertex 15.402668952941895 0.95679998397827148 -2.0724902153015137
   vertex 15.57672119140625 0.95679998397827148 -1.6996009349822998
   vertex 16.11468505859375 0.95679998397827148 -2.1849396228790283
  endloop
 endfacet
 facet normal 0 1 0
  outer loop
   vertex 14.253019332885742 0.95679998397827148 -1.5080661773681641
   vertex 14.304956436157227 0.95679998397827148 -1.2759325504302979
   vertex 14.44527530670166 0.95679998397827148 -1.3943949937820435
  endloop
 endfacet
 facet normal 0 1 0
  outer loop
   vertex 12.332781791687012 0.95679998397827148 -0.17831020057201385
   vertex 11.819341659545898 0.95679998397827148 -0.31798350811004639
   vertex 11.953322410583496 0.95679998397827148 0.10810130834579468
  endloop
 endfacet
 facet normal 0 1 0
  outer loop
   vertex 9.5289249420166016 0.95679998397827148 1.427587628364563
   vertex 9.862274169921875 0.95679998397827148 0.77209901809692383
   vertex 9.0747385025024414 0.95679998397827148 1.1117469072341919
  endloop
 endfacet
 facet normal 0 1 0
  outer loop
   vertex -0.34383270144462585 0.95679998397827148 0.551158607006073
   vertex -0.53855282068252563 0.95679998397827148 0.89160937070846558
   vertex -0.12958870828151703 0.95679998397827148 0.7690742015838623
  endloop
 endfacet
 facet normal 0 1 0
  outer loop
   vertex 0.30830866098403931 0.95679998397827148 0.10418011248111725
   vertex 0.54177099466323853 0.95679998397827148 0.08162708580493927
   vertex 0.44279968738555908 0.95679998397827148 -0.033360246568918228
  endloop
 endfacet
 facet normal -0 1 0
  outer loop
   vertex 13.931619644165039 0.95679998397827148 -0.032505553215742111
   vertex 13.747385025024414 0.95679998397827148 0.091930985450744629
   vertex 13.999902725219727 0.95679998397827148 0.17714333534240723
  endloop
 endfacet
 facet normal 0 1 0
  outer loop
   vertex 13.4503173828125 0.95679998397827148 -0.33725759387016296
   vertex 13.637715339660645 0.95679998397827148 -0.34134429693222046
   vertex 13.574917793273926 0.95679998397827148 -0.50491845607757568
  endloop
 endfacet
 facet normal -0 1 0
  outer loop
   vertex 14.624995231628418 0.95679998397827148 -2.3538675308227539
   vertex 14.199884414672852 0.95679998397827148 -2.2757983207702637
   vertex 14.376180648803711 0.95679998397827148 -2.0738499164581299
  endloop
 endfacet
 facet normal 0 1 0
  outer loop
   vertex -0.046112585812807083 0.95679998397827148 0.44125786423683167
   vertex 0.041428398340940475 0.95679998397827148 0.17989814281463623
   vertex -0.20500363409519196 0.95679998397827148 0.24060046672821045
  endloop
 endfacet
 facet normal 0 1 -0
  outer loop
   vertex 12.523930549621582 0.95679998397827148 2.2170350551605225
   vertex 12.353157043457031 0.95679998397827148 1.9985928535461426
   vertex 12.178240776062012 0.95679998397827148 2.2096495628356934
  endloop
 endfacet
 facet normal 0 1 0
  outer loop
   vertex 13.747385025024414 0.95679998397827148 0.091930985450744629
   vertex 13.931619644165039 0.95679998397827148 -0.032505553215742111
   vertex 13.731289863586426 0.95679998397827148 -0.10221508890390396
  endloop
 endfacet
 facet normal 0 1 0
  outer loop
   vertex 15.200175285339355 0.95679998397827148 -1.1041213274002075
   vertex 15.535861015319824 0.95679998397827148 -1.2789880037307739
   vertex 15.219034194946289 0.95679998397827148 -1.3994767665863037
  endloop
 endfacet
 facet normal 0 1 0
  outer loop
   vertex 4.0276880264282227 0.95679998397827148 -0.88351279497146606
   vertex 3.8391385078430176 0.95679998397827148 0.073720857501029968
   vertex 4.6626930236816406 0.95679998397827148 -0.17655260860919952
  endloop
 endfacet
 facet normal 0 1 -0
  outer loop
   vertex -0.89520144462585449 0.95679998397827148 0.17039093375205994
   vertex -1.2164844274520874 0.95679998397827148 -0.12979404628276825
   vertex -1.2203010320663452 0.95679998397827148 0.41541334986686707
  endloop
 endfacet
 facet normal 0 1 0
  outer loop
   vertex 0.82073593139648438 0.95679998397827148 0.74344688653945923
   vertex 0.89010095596313477 0.95679998397827148 0.45347768068313599
   vertex 0.61488872766494751 0.95679998397827148 0.49180316925048828
  endloop
 endfacet
 facet normal -0 1 0
  outer loop
   vertex -0.33475670218467712 0.95679998397827148 -0.45225369930267334
   vertex -0.60060840845108032 0.95679998397827148 -0.2856789231300354
   vertex -0.35847353935241699 0.95679998397827148 -0.19153021275997162
  endloop
 endfacet
 facet normal -0 1 0
  outer loop
   vertex 13.551094055175781 0.95679998397827148 -0.70867949724197388
   vertex 13.380000114440918 0.95679998397827148 -0.55796617269515991
   vertex 13.574917793273926 0.95679998397827148 -0.50491845607757568
  endloop
 endfacet
 facet normal 0 1 0
  outer loop
   vertex 12.313858032226562 0.95679998397827148 0.32659918069839478
   vertex 12.69217586517334 0.95679998397827148 0.49326357245445251
   vertex 12.674622535705566 0.95679998397827148 0.11156709492206573
  endloop
 endfacet
 facet normal 0 1 0
  outer loop
   vertex 13.066689491271973 0.95679998397827148 0.57656532526016235
   vertex 13.301471710205078 0.95679998397827148 0.88752704858779907
   vertex 13.44526481628418 0.95679998397827148 0.52404332160949707
  endloop
 endfacet
 facet normal 0 1 0
  outer loop
   vertex 1.778969407081604 0.95679998397827148 -0.92573952674865723
   vertex 2.0317802429199219 0.95679998397827148 -0.78601694107055664
   vertex 1.9895385503768921 0.95679998397827148 -1.1688851118087769
  endloop
 endfacet
 facet normal 0 1 0
  outer loop
   vertex 13.565940856933594 0.95679998397827148 -0.88802856206893921
   vertex 13.746533393859863 0.95679998397827148 -0.78198820352554321
   vertex 13.700872421264648 0.95679998397827148 -0.93239182233810425
  endloop
 endfacet
 facet normal 0 1 0
  outer loop
   vertex 0.038000084459781647 0.95679998397827148 -0.18142256140708923
   vertex 0.19086122512817383 0.95679998397827148 -0.19908168911933899
   vertex 0.087367117404937744 0.95679998397827148 -0.32668787240982056
  endloop
 endfacet
 facet normal -0 1 0
  outer loop
   vertex 16.684003829956055 0.95679998397827148 -0.67628175020217896
   vertex 16.33271598815918 0.95679998397827148 -0.23460349440574646
   vertex 16.880561828613281 0.95679998397827148 0.04315691813826561
  endloop
 endfacet
 facet normal 0 1 0
  outer loop
   vertex -1.2164844274520874 0.95679998397827148 -0.12979404628276825
   vertex -0.85749673843383789 0.95679998397827148 -0.39919859170913696
   vertex -1.1094971895217896 0.95679998397827148 -0.50774812698364258
  endloop
 endfacet
 facet normal 0 1 0
  outer loop
   vertex 1.2200573682785034 0.95679998397827148 -1.1622871160507202
   vertex 1.4528212547302246 0.95679998397827148 -1.2285842895507812
   vertex 1.2460519075393677 0.95679998397827148 -1.3921027183532715
  endloop
 endfacet
 facet normal 0 1 -0
  outer loop
   vertex 13.380000114440918 0.95679998397827148 -0.55796617269515991
   vertex 13.374162673950195 0.95679998397827148 -0.79220110177993774
   vertex 13.118368148803711 0.95679998397827148 -0.66061675548553467
  endloop
 endfacet
 facet normal 0 1 0
  outer loop
   vertex 1.0435034036636353 0.95679998397827148 -1.0845226049423218
   vertex 1.2200573682785034 0.95679998397827148 -1.1622871160507202
   vertex 1.0360195636749268 0.95679998397827148 -1.2791152000427246
  endloop
 endfacet
 facet normal 0 1 -0
  outer loop
   vertex 0.31126537919044495 0.95679998397827148 -0.091322407126426697
   vertex 0.19086122512817383 0.95679998397827148 -0.19908168911933899
   vertex 0.13638781011104584 0.95679998397827148 -0.038915533572435379
  endloop
 endfacet
 facet normal 0 1 0
  outer loop
   vertex 14.793806076049805 0.95679998397827148 -1.7075905799865723
   vertex 14.91944408416748 0.95679998397827148 -1.4521341323852539
   vertex 15.14177131652832 0.95679998397827148 -1.7279287576675415
  endloop
 endfacet
 facet normal -0 1 0
  outer loop
   vertex 10.817545890808105 0.95679998397827148 0.7427946925163269
   vertex 9.862274169921875 0.95679998397827148 0.77209901809692383
   vertex 10.523382186889648 0.95679998397827148 1.3948638439178467
  endloop
 endfacet
 facet normal 0 1 0
  outer loop
   vertex 14.725687980651855 0.95679998397827148 -1.2325066328048706
   vertex 14.658463478088379 0.95679998397827148 -1.041581392288208
   vertex 14.829560279846191 0.95679998397827148 -1.0512900352478027
  endloop
 endfacet
 facet normal 0 1 -0
  outer loop
   vertex 15.036120414733887 0.95679998397827148 -0.30320817232131958
   vertex 15.003190040588379 0.95679998397827148 -0.50998139381408691
   vertex 14.881628036499023 0.95679998397827148 -0.37527653574943542
  endloop
 endfacet
 facet normal -0 1 0
  outer loop
   vertex 14.658463478088379 0.95679998397827148 -1.041581392288208
   vertex 14.624364852905273 0.95679998397827148 -0.90986692905426025
   vertex 14.753751754760742 0.95679998397827148 -0.90177929401397705
  endloop
 endfacet
 facet normal 0 1 0
  outer loop
   vertex 15.286720275878906 0.95679998397827148 -0.42736339569091797
   vertex 15.49174976348877 0.95679998397827148 -0.22669684886932373
   vertex 15.629528045654297 0.95679998397827148 -0.42537602782249451
  endloop
 endfacet
 facet normal 0 1 0
  outer loop
   vertex 1.5644146203994751 0.95679998397827148 -0.79572886228561401
   vertex 1.7433651685714722 0.95679998397827148 -0.66109168529510498
   vertex 1.778969407081604 0.95679998397827148 -0.92573952674865723
  endloop
 endfacet
 facet normal 0 1 -0
  outer loop
   vertex 11.473651885986328 0.95679998397827148 0.89862436056137085
   vertex 11.391881942749023 0.95679998397827148 0.16614007949829102
   vertex 10.817545890808105 0.95679998397827148 0.7427946925163269
  endloop
 endfacet
 facet normal 0 1 0
  outer loop
   vertex -0.90998649597167969 0.95679998397827148 -2.2397451400756836
   vertex -0.84991985559463501 0.95679998397827148 -1.8145092725753784
   vertex -0.4910639226436615 0.95679998397827148 -1.9850647449493408
  endloop
 endfacet
 facet normal 0 1 -0
  outer loop
   vertex 13.601530075073242 0.95679998397827148 2.2888553142547607
   vertex 13.418408393859863 0.95679998397827148 2.0007193088531494
   vertex 13.219353675842285 0.95679998397827148 2.2227237224578857
  endloop
 endfacet
 facet normal 0 1 0
  outer loop
   vertex 0.581737220287323 0.95679998397827148 -1.4266015291213989
   vertex 0.52536028623580933 0.95679998397827148 -1.2296179533004761
   vertex 0.69279134273529053 0.95679998397827148 -1.2404975891113281
  endloop
 endfacet
 facet normal 0 1 0
  outer loop
   vertex 14.304956436157227 0.95679998397827148 -1.2759325504302979
   vertex 14.373782157897949 0.95679998397827148 -1.092894434928894
   vertex 14.443265914916992 0.95679998397827148 -1.2396377325057983
  endloop
 endfacet
 facet normal -0 1 0
  outer loop
   vertex 1.2200573682785034 0.95679998397827148 -1.1622871160507202
   vertex 1.0435034036636353 0.95679998397827148 -1.0845226049423218
   vertex 1.2019580602645874 0.95679998397827148 -0.96121209859848022
  endloop
 endfacet
 facet normal 0 1 0
  outer loop
   vertex -0.61037302017211914 0.95679998397827148 -0.0050501748919487
   vertex -0.35847353935241699 0.95679998397827148 -0.19153021275997162
   vertex -0.60060840845108032 0.95679998397827148 -0.2856789231300354
  endloop
 endfacet
 facet normal -0 1 0
  outer loop
   vertex 6.1221294403076172 0.95679998397827148 0.1324421763420105
   vertex 5.3061528205871582 0.95679998397827148 0.62800014019012451
   vertex 6.2153482437133789 0.95679998397827148 0.90271109342575073
  endloop
 endfacet
 facet normal -0 1 0
  outer loop
   vertex 15.14177131652832 0.95679998397827148 -1.7279287576675415
   vertex 14.91944408416748 0.95679998397827148 -1.4521341323852539
   vertex 15.219034194946289 0.95679998397827148 -1.3994767665863037
  endloop
 endfacet
 facet normal 0 1 -0
  outer loop
   vertex 11.419216156005859 0.95679998397827148 2.0558135509490967
   vertex 11.351445198059082 0.95679998397827148 1.7404242753982544
   vertex 10.944429397583008 0.95679998397827148 2.020010232925415
  endloop
 endfacet
 facet normal 0 1 0
  outer loop
   vertex 16.645837783813477 0.95679998397827148 0.78804904222488403
   vertex 16.880561828613281 0.95679998397827148 0.04315691813826561
   vertex 16.240165710449219 0.95679998397827148 0.23072120547294617
  endloop
 endfacet
 facet normal 0 1 0
  outer loop
   vertex 0.94073975086212158 0.95679998397827148 -0.076170846819877625
   vertex 1.0735987424850464 0.95679998397827148 -0.01730649545788765
   vertex 1.1094762086868286 0.95679998397827148 -0.17223592102527618
  endloop
 endfacet
 facet normal 0 1 0
  outer loop
   vertex 15.563600540161133 0.95679998397827148 -2.3686840534210205
   vertex 15.402668952941895 0.95679998397827148 -2.0724902153015137
   vertex 16.11468505859375 0.95679998397827148 -2.1849396228790283
  endloop
 endfacet
 facet normal 0 1 0
  outer loop
   vertex 1.1150553226470947 0.95679998397827148 -0.61411142349243164
   vertex 1.3159074783325195 0.95679998397827148 -0.6093403697013855
   vertex 1.2665311098098755 0.95679998397827148 -0.76439774036407471
  endloop
 endfacet
 facet normal 0 1 0
  outer loop
   vertex 8.9179506301879883 0.95679998397827148 -1.7816596031188965
   vertex 8.3532285690307617 0.95679998397827148 -1.0223286151885986
   vertex 9.2462806701660156 0.95679998397827148 -1.0437918901443481
  endloop
 endfacet
 facet normal 0 1 0
  outer loop
   vertex 15.57672119140625 0.95679998397827148 -1.6996009349822998
   vertex 15.535861015319824 0.95679998397827148 -1.2789880037307739
   vertex 16.046560287475586 0.95679998397827148 -1.533690333366394
  endloop
 endfacet
 facet normal 0 1 0
  outer loop
   vertex 11.658686637878418 0.95679998397827148 1.8089272975921631
   vertex 11.351445198059082 0.95679998397827148 1.7404242753982544
   vertex 11.419216156005859 0.95679998397827148 2.0558135509490967
  endloop
 endfacet
 facet normal 0 1 -0
  outer loop
   vertex 16.400375366210938 0.95679998397827148 -1.1759853363037109
   vertex 16.046560287475586 0.95679998397827148 -1.533690333366394
   vertex 15.852390289306641 0.95679998397827148 -1.0491882562637329
  endloop
 endfacet
 facet normal 0 1 0
  outer loop
   vertex 1.0435034036636353 0.95679998397827148 -1.0845226049423218
   vertex 0.87220907211303711 0.95679998397827148 -1.1734510660171509
   vertex 0.9099891185760498 0.95679998397827148 -1.0213056802749634
  endloop
 endfacet
 facet normal 0 1 0
  outer loop
   vertex 0.084382794797420502 0.95679998397827148 -1.5245260000228882
   vertex 0.34249013662338257 0.95679998397827148 -1.5115642547607422
   vertex 0.20310288667678833 0.95679998397827148 -1.8079674243927002
  endloop
 endfacet
 facet normal 0 1 -0
  outer loop
   vertex 0.90581971406936646 0.95679998397827148 0.093302704393863678
   vertex 0.74124825000762939 0.95679998397827148 0.031982041895389557
   vertex 0.7233884334564209 0.95679998397827148 0.25412926077842712
  endloop
 endfacet
 facet normal 0 1 -0
  outer loop
   vertex 0.95549434423446655 0.95679998397827148 0.26714238524436951
   vertex 0.90581971406936646 0.95679998397827148 0.093302704393863678
   vertex 0.7233884334564209 0.95679998397827148 0.25412926077842712
  endloop
 endfacet
 facet normal -0 1 0
  outer loop
   vertex 12.089178085327148 0.95679998397827148 1.7280294895172119
   vertex 11.819236755371094 0.95679998397827148 2.0767748355865479
   vertex 12.178240776062012 0.95679998397827148 2.2096495628356934
  endloop
 endfacet
 facet normal 0 1 0
  outer loop
   vertex 13.835086822509766 0.95679998397827148 -1.4082638025283813
   vertex 14.006646156311035 0.95679998397827148 -1.5833717584609985
   vertex 13.773571968078613 0.95679998397827148 -1.7048121690750122
  endloop
 endfacet
 facet normal 0 1 -0
  outer loop
   vertex 15.668346405029297 0.95679998397827148 -0.74606192111968994
   vertex 15.477118492126465 0.95679998397827148 -0.96159619092941284
   vertex 15.411730766296387 0.95679998397827148 -0.70838779211044312
  endloop
 endfacet
 facet normal -0 1 0
  outer loop
   vertex 5.3061528205871582 0.95679998397827148 0.62800014019012451
   vertex 4.2874588966369629 0.95679998397827148 0.79528456926345825
   vertex 4.654747486114502 0.95679998397827148 1.6840134859085083
  endloop
 endfacet
 facet normal 0 1 -0
  outer loop
   vertex 16.880561828613281 0.95679998397827148 0.04315691813826561
   vertex 16.33271598815918 0.95679998397827148 -0.23460349440574646
   vertex 16.240165710449219 0.95679998397827148 0.23072120547294617
  endloop
 endfacet
 facet normal 0 1 0
  outer loop
   vertex 12.614981651306152 0.95679998397827148 -0.42229852080345154
   vertex 12.332781791687012 0.95679998397827148 -0.17831020057201385
   vertex 12.72502613067627 0.95679998397827148 -0.19464270770549774
  endloop
 endfacet
 facet normal 0 1 0
  outer loop
   vertex -0.77605360746383667 0.95679998397827148 -0.73430490493774414
   vertex -0.68429231643676758 0.95679998397827148 -1.1134645938873291
   vertex -0.98496204614639282 0.95679998397827148 -0.86231327056884766
  endloop
 endfacet
 facet normal 0 1 0
  outer loop
   vertex 8.8602724075317383 0.95679998397827148 0.38941901922225952
   vertex 7.7588777542114258 0.95679998397827148 -0.038991596549749374
   vertex 8.1631383895874023 0.95679998397827148 1.1173220872879028
  endloop
 endfacet
 facet normal -0 1 0
  outer loop
   vertex 15.830781936645508 0.95679998397827148 1.6725145578384399
   vertex 15.291728019714355 0.95679998397827148 1.8445919752120972
   vertex 15.754414558410645 0.95679998397827148 2.3215725421905518
  endloop
 endfacet
 facet normal 0 1 0
  outer loop
   vertex -1.2203010320663452 0.95679998397827148 0.41541334986686707
   vertex -1.0319614410400391 0.95679998397827148 0.92622596025466919
   vertex -0.77554744482040405 0.95679998397827148 0.53780198097229004
  endloop
 endfacet
 facet normal -0 1 0
  outer loop
   vertex 13.145633697509766 0.95679998397827148 -1.6523028612136841
   vertex 12.795941352844238 0.95679998397827148 -1.4213732481002808
   vertex 13.135062217712402 0.95679998397827148 -1.2961224317550659
  endloop
 endfacet
 facet normal 0 1 -0
  outer loop
   vertex 13.74656867980957 0.95679998397827148 0.77647358179092407
   vertex 13.709403991699219 0.95679998397827148 0.44280856847763062
   vertex 13.44526481628418 0.95679998397827148 0.52404332160949707
  endloop
 endfacet
 facet normal 0 1 0
  outer loop
   vertex 11.391881942749023 0.95679998397827148 0.16614007949829102
   vertex 11.908749580383301 0.95679998397827148 0.54406100511550903
   vertex 11.953322410583496 0.95679998397827148 0.10810130834579468
  endloop
 endfacet
 facet normal 0 1 0
  outer loop
   vertex 15.57672119140625 0.95679998397827148 -1.6996009349822998
   vertex 16.046560287475586 0.95679998397827148 -1.533690333366394
   vertex 16.11468505859375 0.95679998397827148 -2.1849396228790283
  endloop
 endfacet
 facet normal 0 1 -0
  outer loop
   vertex 0.14284490048885345 0.95679998397827148 -0.781882643699646
   vertex 0.027236843481659889 0.95679998397827148 -0.89089208841323853
   vertex -0.051135651767253876 0.95679998397827148 -0.75790458917617798
  endloop
 endfacet
 facet normal 0 1 0
  outer loop
   vertex 0.047574266791343689 0.95679998397827148 -1.0395369529724121
   vertex 0.21715392172336578 0.95679998397827148 -0.92030948400497437
   vertex 0.2124703973531723 0.95679998397827148 -1.1144222021102905
  endloop
 endfacet
 facet normal 0 1 0
  outer loop
   vertex -1.8261629343032837 0.95679998397827148 0.13041456043720245
   vertex -1.6348156929016113 0.95679998397827148 -0.59575575590133667
   vertex -2.3740403652191162 0.95679998397827148 -0.45658096671104431
  endloop
 endfacet
 facet normal 0 1 0
  outer loop
   vertex 14.981156349182129 0.95679998397827148 -1.2131152153015137
   vertex 15.200175285339355 0.95679998397827148 -1.1041213274002075
   vertex 15.219034194946289 0.95679998397827148 -1.3994767665863037
  endloop
 endfacet
 facet normal -0 1 0
  outer loop
   vertex 2.9277188777923584 0.95679998397827148 -1.7842206954956055
   vertex 2.7483158111572266 0.95679998397827148 -1.2015478610992432
   vertex 3.2528040409088135 0.95679998397827148 -1.1271617412567139
  endloop
 endfacet
 facet normal 0 1 0
  outer loop
   vertex 12.795941352844238 0.95679998397827148 -1.4213732481002808
   vertex 12.923150062561035 0.95679998397827148 -1.0198404788970947
   vertex 13.135062217712402 0.95679998397827148 -1.2961224317550659
  endloop
 endfacet
 facet normal -0 1 0
  outer loop
   vertex 0.37065261602401733 0.95679998397827148 -1.1991943120956421
   vertex 0.2124703973531723 0.95679998397827148 -1.1144222021102905
   vertex 0.3307516872882843 0.95679998397827148 -1.0288434028625488
  endloop
 endfacet
 facet normal 0 1 0
  outer loop
   vertex 2.3805043697357178 0.95679998397827148 -0.96496081352233887
   vertex 2.7960262298583984 0.95679998397827148 -0.71264594793319702
   vertex 2.7483158111572266 0.95679998397827148 -1.2015478610992432
  endloop
 endfacet
 facet normal -0 1 0
  outer loop
   vertex 15.49174976348877 0.95679998397827148 -0.22669684886932373
   vertex 15.234316825866699 0.95679998397827148 -0.15538814663887024
   vertex 15.464128494262695 0.95679998397827148 0.041437763720750809
  endloop
 endfacet
 facet normal 0 1 0
  outer loop
   vertex 14.66978931427002 0.95679998397827148 0.1623571366071701
   vertex 14.48164176940918 0.95679998397827148 0.089333310723304749
   vertex 14.511456489562988 0.95679998397827148 0.2770831286907196
  endloop
 endfacet
 facet normal 0 1 -0
  outer loop
   vertex 1.1612973213195801 0.95679998397827148 0.64263236522674561
   vertex 0.89010095596313477 0.95679998397827148 0.45347768068313599
   vertex 0.82073593139648438 0.95679998397827148 0.74344688653945923
  endloop
 endfacet
 facet normal 0 1 0
  outer loop
   vertex 0.047574266791343689 0.95679998397827148 -1.0395369529724121
   vertex 0.027236843481659889 0.95679998397827148 -0.89089208841323853
   vertex 0.21715392172336578 0.95679998397827148 -0.92030948400497437
  endloop
 endfacet
 facet normal 0 1 0
  outer loop
   vertex 8.9641523361206055 0.95679998397827148 1.8501652479171753
   vertex 9.5289249420166016 0.95679998397827148 1.427587628364563
   vertex 9.0747385025024414 0.95679998397827148 1.1117469072341919
  endloop
 endfacet
 facet normal -0 1 0
  outer loop
   vertex 15.477118492126465 0.95679998397827148 -0.96159619092941284
   vertex 15.264984130859375 0.95679998397827148 -0.88028579950332642
   vertex 15.411730766296387 0.95679998397827148 -0.70838779211044312
  endloop
 endfacet
 facet normal 0 1 0
  outer loop
   vertex -0.89520144462585449 0.95679998397827148 0.17039093375205994
   vertex -0.86851006746292114 0.95679998397827148 -0.11369132250547409
   vertex -1.2164844274520874 0.95679998397827148 -0.12979404628276825
  endloop
 endfacet
 facet normal 0 1 0
  outer loop
   vertex 14.939706802368164 0.95679998397827148 -2.0361063480377197
   vertex 14.793806076049805 0.95679998397827148 -1.7075905799865723
   vertex 15.14177131652832 0.95679998397827148 -1.7279287576675415
  endloop
 endfacet
 facet normal 0 1 0
  outer loop
   vertex 14.658463478088379 0.95679998397827148 -1.041581392288208
   vertex 14.725687980651855 0.95679998397827148 -1.2325066328048706
   vertex 14.540534973144531 0.95679998397827148 -1.1471327543258667
  endloop
 endfacet
 facet normal 0 1 0
  outer loop
   vertex 15.003190040588379 0.95679998397827148 -0.50998139381408691
   vertex 15.168412208557129 0.95679998397827148 -0.6928747296333313
   vertex 14.97037410736084 0.95679998397827148 -0.73126500844955444
  endloop
 endfacet
 facet normal 0 1 0
  outer loop
   vertex 1.689685583114624 0.95679998397827148 0.052076917141675949
   vertex 1.7183537483215332 0.95679998397827148 0.30610471963882446
   vertex 1.9925543069839478 0.95679998397827148 0.088442191481590271
  endloop
 endfacet
 facet normal 0 1 0
  outer loop
   vertex -0.61037302017211914 0.95679998397827148 -0.0050501748919487
   vertex -0.52002936601638794 0.95679998397827148 0.28039711713790894
   vertex -0.35249403119087219 0.95679998397827148 0.056602854281663895
  endloop
 endfacet
 facet normal 0 1 0
  outer loop
   vertex 14.618249893188477 0.95679998397827148 -0.014572985470294952
   vertex 14.66978931427002 0.95679998397827148 0.1623571366071701
   vertex 14.854216575622559 0.95679998397827148 0.088597021996974945
  endloop
 endfacet
 facet normal -0 1 0
  outer loop
   vertex 14.753751754760742 0.95679998397827148 -0.90177929401397705
   vertex 14.695047378540039 0.95679998397827148 -0.76956892013549805
   vertex 14.818391799926758 0.95679998397827148 -0.74810713529586792
  endloop
 endfacet
 facet normal 0 1 -0
  outer loop
   vertex 2.293694019317627 0.95679998397827148 -0.086268708109855652
   vertex 2.0570125579833984 0.95679998397827148 -0.25390169024467468
   vertex 1.9925543069839478 0.95679998397827148 0.088442191481590271
  endloop
 endfacet
 facet normal 0 1 0
  outer loop
   vertex 1.1612973213195801 0.95679998397827148 0.64263236522674561
   vertex 1.4170075654983521 0.95679998397827148 0.43787467479705811
   vertex 1.13623046875 0.95679998397827148 0.35829907655715942
  endloop
 endfacet
 facet normal 0 1 -0
  outer loop
   vertex 15.57672119140625 0.95679998397827148 -1.6996009349822998
   vertex 15.402668952941895 0.95679998397827148 -2.0724902153015137
   vertex 15.14177131652832 0.95679998397827148 -1.7279287576675415
  endloop
 endfacet
 facet normal 0 1 0
  outer loop
   vertex 13.568146705627441 0.95679998397827148 -0.18209387362003326
   vertex 13.737205505371094 0.95679998397827148 -0.23135940730571747
   vertex 13.637715339660645 0.95679998397827148 -0.34134429693222046
  endloop
 endfacet
 facet normal 0 1 0
  outer loop
   vertex 15.535861015319824 0.95679998397827148 -1.2789880037307739
   vertex 15.477118492126465 0.95679998397827148 -0.96159619092941284
   vertex 15.852390289306641 0.95679998397827148 -1.0491882562637329
  endloop
 endfacet
 facet normal 0 1 0
  outer loop
   vertex 15.535861015319824 0.95679998397827148 -1.2789880037307739
   vertex 15.57672119140625 0.95679998397827148 -1.6996009349822998
   vertex 15.219034194946289 0.95679998397827148 -1.3994767665863037
  endloop
 endfacet
 facet normal 0 1 0
  outer loop
   vertex 12.92781925201416 0.95679998397827148 -0.38475716114044189
   vertex 13.204529762268066 0.95679998397827148 -0.35068151354789734
   vertex 13.118368148803711 0.95679998397827148 -0.66061675548553467
  endloop
 endfacet
 facet normal 0 1 0
  outer loop
   vertex 14.874466896057129 0.95679998397827148 -0.25526878237724304
   vertex 15.036120414733887 0.95679998397827148 -0.30320817232131958
   vertex 14.881628036499023 0.95679998397827148 -0.37527653574943542
  endloop
 endfacet
 facet normal 0 1 0
  outer loop
   vertex 15.200175285339355 0.95679998397827148 -1.1041213274002075
   vertex 14.981156349182129 0.95679998397827148 -1.2131152153015137
   vertex 14.993038177490234 0.95679998397827148 -1.039162278175354
  endloop
 endfacet
 facet normal 0 1 0
  outer loop
   vertex 1.0360195636749268 0.95679998397827148 -1.2791152000427246
   vertex 1.2200573682785034 0.95679998397827148 -1.1622871160507202
   vertex 1.2460519075393677 0.95679998397827148 -1.3921027183532715
  endloop
 endfacet
 facet normal 0 1 0
  outer loop
   vertex 14.443265914916992 0.95679998397827148 -1.2396377325057983
   vertex 14.373782157897949 0.95679998397827148 -1.092894434928894
   vertex 14.540534973144531 0.95679998397827148 -1.1471327543258667
  endloop
 endfacet
 facet normal 0 1 -0
  outer loop
   vertex 7.1020760536193848 0.95679998397827148 0.95669680833816528
   vertex 6.7750029563903809 0.95679998397827148 0.28607678413391113
   vertex 6.2153482437133789 0.95679998397827148 0.90271109342575073
  endloop
 endfacet
 facet normal 0 1 0
  outer loop
   vertex 15.234316825866699 0.95679998397827148 -0.15538814663887024
   vertex 15.49174976348877 0.95679998397827148 -0.22669684886932373
   vertex 15.286720275878906 0.95679998397827148 -0.42736339569091797
  endloop
 endfacet
 facet normal 0 1 0
  outer loop
   vertex -0.33475670218467712 0.95679998397827148 -0.45225369930267334
   vertex -0.11040502041578293 0.95679998397827148 -0.56337863206863403
   vertex -0.28704297542572021 0.95679998397827148 -0.7024802565574646
  endloop
 endfacet
 facet normal 0 1 0
  outer loop
   vertex 1.0398566722869873 0.95679998397827148 -1.5340861082077026
   vertex 1.0360195636749268 0.95679998397827148 -1.2791152000427246
   vertex 1.2460519075393677 0.95679998397827148 -1.3921027183532715
  endloop
 endfacet
 facet normal -0 1 0
  outer loop
   vertex 0.45354300737380981 0.95679998397827148 -0.14435580372810364
   vertex 0.31126537919044495 0.95679998397827148 -0.091322407126426697
   vertex 0.44279968738555908 0.95679998397827148 -0.033360246568918228
  endloop
 endfacet
 facet normal 0 1 0
  outer loop
   vertex 14.135434150695801 0.95679998397827148 0.00019914585573133081
   vertex 13.931619644165039 0.95679998397827148 -0.032505553215742111
   vertex 13.999902725219727 0.95679998397827148 0.17714333534240723
  endloop
 endfacet
 facet normal 0 1 0
  outer loop
   vertex 14.44527530670166 0.95679998397827148 -1.3943949937820435
   vertex 14.551782608032227 0.95679998397827148 -1.2878340482711792
   vertex 14.654812812805176 0.95679998397827148 -1.4559037685394287
  endloop
 endfacet
 facet normal 0 1 0
  outer loop
   vertex 14.291358947753906 0.95679998397827148 0.17020899057388306
   vertex 14.350216865539551 0.95679998397827148 0.34673991799354553
   vertex 14.511456489562988 0.95679998397827148 0.2770831286907196
  endloop
 endfacet
 facet normal 0 1 0
  outer loop
   vertex -1.8261629343032837 0.95679998397827148 0.13041456043720245
   vertex -1.5764483213424683 0.95679998397827148 0.85744082927703857
   vertex -1.2203010320663452 0.95679998397827148 0.41541334986686707
  endloop
 endfacet
 facet normal 0 1 -0
  outer loop
   vertex 13.374162673950195 0.95679998397827148 -0.79220110177993774
   vertex 13.213165283203125 0.95679998397827148 -0.98637574911117554
   vertex 13.118368148803711 0.95679998397827148 -0.66061675548553467
  endloop
 endfacet
 facet normal 0 1 0
  outer loop
   vertex 5.3061528205871582 0.95679998397827148 0.62800014019012451
   vertex 5.5550193786621094 0.95679998397827148 1.6975865364074707
   vertex 6.2153482437133789 0.95679998397827148 0.90271109342575073
  endloop
 endfacet
 facet normal -0 1 0
  outer loop
   vertex 13.901963233947754 0.95679998397827148 -1.1770985126495361
   vertex 13.772359848022461 0.95679998397827148 -1.0598573684692383
   vertex 13.934381484985352 0.95679998397827148 -1.0288288593292236
  endloop
 endfacet
 facet normal -0 1 0
  outer loop
   vertex 16.046560287475586 0.95679998397827148 -1.533690333366394
   vertex 15.535861015319824 0.95679998397827148 -1.2789880037307739
   vertex 15.852390289306641 0.95679998397827148 -1.0491882562637329
  endloop
 endfacet
 facet normal 0 1 0
  outer loop
   vertex 13.084074020385742 0.95679998397827148 1.9006881713867188
   vertex 12.621256828308105 0.95679998397827148 1.8402448892593384
   vertex 12.865885734558105 0.95679998397827148 2.2209508419036865
  endloop
 endfacet
 facet normal 0 1 0
  outer loop
   vertex 13.213165283203125 0.95679998397827148 -0.98637574911117554
   vertex 13.388187408447266 0.95679998397827148 -1.2214052677154541
   vertex 13.135062217712402 0.95679998397827148 -1.2961224317550659
  endloop
 endfacet
 facet normal 0 1 0
  outer loop
   vertex 13.582140922546387 0.95679998397827148 -1.0543335676193237
   vertex 13.772359848022461 0.95679998397827148 -1.0598573684692383
   vertex 13.665377616882324 0.95679998397827148 -1.2261584997177124
  endloop
 endfacet
 facet normal 0 1 -0
  outer loop
   vertex 13.820828437805176 0.95679998397827148 -0.92033958435058594
   vertex 13.772359848022461 0.95679998397827148 -1.0598573684692383
   vertex 13.700872421264648 0.95679998397827148 -0.93239182233810425
  endloop
 endfacet
 facet normal 0 1 0
  outer loop
   vertex 11.819341659545898 0.95679998397827148 -0.31798350811004639
   vertex 11.391881942749023 0.95679998397827148 0.16614007949829102
   vertex 11.953322410583496 0.95679998397827148 0.10810130834579468
  endloop
 endfacet
 facet normal 0 1 0
  outer loop
   vertex -0.046112585812807083 0.95679998397827148 0.44125786423683167
   vertex 0.18923169374465942 0.95679998397827148 0.36162364482879639
   vertex 0.041428398340940475 0.95679998397827148 0.17989814281463623
  endloop
 endfacet
 facet normal -0 1 0
  outer loop
   vertex -0.35847353935241699 0.95679998397827148 -0.19153021275997162
   vertex -0.61037302017211914 0.95679998397827148 -0.0050501748919487
   vertex -0.35249403119087219 0.95679998397827148 0.056602854281663895
  endloop
 endfacet
 facet normal -0 1 0
  outer loop
   vertex 1.2774916887283325 0.95679998397827148 -1.6733307838439941
   vertex 1.0398566722869873 0.95679998397827148 -1.5340861082077026
   vertex 1.2460519075393677 0.95679998397827148 -1.3921027183532715
  endloop
 endfacet
 facet normal 0 1 0
  outer loop
   vertex 14.761955261230469 0.95679998397827148 -0.35041159391403198
   vertex 14.825619697570801 0.95679998397827148 -0.48392021656036377
   vertex 14.692967414855957 0.95679998397827148 -0.45915669202804565
  endloop
 endfacet
 facet normal 0 1 0
  outer loop
   vertex 14.718707084655762 0.95679998397827148 -0.61419326066970825
   vertex 14.868084907531738 0.95679998397827148 -0.61191672086715698
   vertex 14.818391799926758 0.95679998397827148 -0.74810713529586792
  endloop
 endfacet
 facet normal 0 1 0
  outer loop
   vertex 1.778969407081604 0.95679998397827148 -0.92573952674865723
   vertex 1.7433651685714722 0.95679998397827148 -0.66109168529510498
   vertex 2.0317802429199219 0.95679998397827148 -0.78601694107055664
  endloop
 endfacet
 facet normal 0 1 0
  outer loop
   vertex 6.7750029563903809 0.95679998397827148 0.28607678413391113
   vertex 6.1221294403076172 0.95679998397827148 0.1324421763420105
   vertex 6.2153482437133789 0.95679998397827148 0.90271109342575073
  endloop
 endfacet
 facet normal 0 1 0
  outer loop
   vertex 16.400375366210938 0.95679998397827148 -1.1759853363037109
   vertex 16.684003829956055 0.95679998397827148 -0.67628175020217896
   vertex 17.105731964111328 0.95679998397827148 -1.3194489479064941
  endloop
 endfacet
 facet normal -0 1 0
  outer loop
   vertex 12.848963737487793 0.95679998397827148 0.99351418018341064
   vertex 12.479069709777832 0.95679998397827148 1.3262827396392822
   vertex 12.953688621520996 0.95679998397827148 1.4911667108535767
  endloop
 endfacet
 facet normal 0 1 0
  outer loop
   vertex 3.8391385078430176 0.95679998397827148 0.073720857501029968
   vertex 4.0276880264282227 0.95679998397827148 -0.88351279497146606
   vertex 3.3177287578582764 0.95679998397827148 -0.4135410487651825
  endloop
 endfacet
 facet normal -0 1 0
  outer loop
   vertex 1.2232317924499512 0.95679998397827148 -0.47314760088920593
   vertex 1.089321494102478 0.95679998397827148 -0.45917150378227234
   vertex 1.1743041276931763 0.95679998397827148 -0.32944992184638977
  endloop
 endfacet
 facet normal 0 1 -0
  outer loop
   vertex -0.77605360746383667 0.95679998397827148 -0.73430490493774414
   vertex -0.98496204614639282 0.95679998397827148 -0.86231327056884766
   vertex -1.1094971895217896 0.95679998397827148 -0.50774812698364258
  endloop
 endfacet
 facet normal -0 1 0
  outer loop
   vertex -0.89520144462585449 0.95679998397827148 0.17039093375205994
   vertex -1.2203010320663452 0.95679998397827148 0.41541334986686707
   vertex -0.77554744482040405 0.95679998397827148 0.53780198097229004
  endloop
 endfacet
 facet normal 0 1 0
  outer loop
   vertex 13.585150718688965 0.95679998397827148 0.246916264295578
   vertex 13.26230525970459 0.95679998397827148 0.21396930515766144
   vertex 13.44526481628418 0.95679998397827148 0.52404332160949707
  endloop
 endfacet
 facet normal 0 1 0
  outer loop
   vertex -1.3679795265197754 0.95679998397827148 -1.9932801723480225
   vertex -1.206184983253479 0.95679998397827148 -1.5119655132293701
   vertex -0.84991985559463501 0.95679998397827148 -1.8145092725753784
  endloop
 endfacet
 facet normal 0 1 -0
  outer loop
   vertex 1.5706518888473511 0.95679998397827148 -1.7049586772918701
   vertex 1.2949429750442505 0.95679998397827148 -2.1352200508117676
   vertex 1.2774916887283325 0.95679998397827148 -1.6733307838439941
  endloop
 endfacet
 facet normal 0 1 0
  outer loop
   vertex 0.91550141572952271 0.95679998397827148 1.8844469785690308
   vertex 0.42169737815856934 0.95679998397827148 1.8794732093811035
   vertex 0.69482696056365967 0.95679998397827148 2.3152461051940918
  endloop
 endfacet
 facet normal 0 1 0
  outer loop
   vertex 13.551094055175781 0.95679998397827148 -0.70867949724197388
   vertex 13.374162673950195 0.95679998397827148 -0.79220110177993774
   vertex 13.380000114440918 0.95679998397827148 -0.55796617269515991
  endloop
 endfacet
 facet normal 0 1 0
  outer loop
   vertex 0.91550141572952271 0.95679998397827148 1.8844469785690308
   vertex 0.69482696056365967 0.95679998397827148 2.3152461051940918
   vertex 1.3901678323745728 0.95679998397827148 2.1937086582183838
  endloop
 endfacet
 facet normal 0 1 0
  outer loop
   vertex 14.291358947753906 0.95679998397827148 0.17020899057388306
   vertex 14.325919151306152 0.95679998397827148 -0.0102549958974123
   vertex 14.135434150695801 0.95679998397827148 0.00019914585573133081
  endloop
 endfacet
 facet normal 0 1 0
  outer loop
   vertex 4.0276880264282227 0.95679998397827148 -0.88351279497146606
   vertex 4.8673381805419922 0.95679998397827148 -1.0309783220291138
   vertex 4.549191951751709 0.95679998397827148 -1.7380181550979614
  endloop
 endfacet
 facet normal 0 1 0
  outer loop
   vertex 14.868084907531738 0.95679998397827148 -0.61191672086715698
   vertex 14.718707084655762 0.95679998397827148 -0.61419326066970825
   vertex 14.825619697570801 0.95679998397827148 -0.48392021656036377
  endloop
 endfacet
 facet normal 0 1 0
  outer loop
   vertex 1.4741159677505493 0.95679998397827148 0.14801415801048279
   vertex 1.4170075654983521 0.95679998397827148 0.43787467479705811
   vertex 1.7183537483215332 0.95679998397827148 0.30610471963882446
  endloop
 endfacet
 facet normal 0 1 0
  outer loop
   vertex 13.42601490020752 0.95679998397827148 -0.99977928400039673
   vertex 13.565940856933594 0.95679998397827148 -0.88802856206893921
   vertex 13.582140922546387 0.95679998397827148 -1.0543335676193237
  endloop
 endfacet
 facet normal 0 1 0
  outer loop
   vertex -1.2164844274520874 0.95679998397827148 -0.12979404628276825
   vertex -0.86851006746292114 0.95679998397827148 -0.11369132250547409
   vertex -0.85749673843383789 0.95679998397827148 -0.39919859170913696
  endloop
 endfacet
 facet normal 0 1 0
  outer loop
   vertex 12.674622535705566 0.95679998397827148 0.11156709492206573
   vertex 13.016371726989746 0.95679998397827148 -0.056665528565645218
   vertex 12.72502613067627 0.95679998397827148 -0.19464270770549774
  endloop
 endfacet
 facet normal 0 1 0
  outer loop
   vertex 14.291358947753906 0.95679998397827148 0.17020899057388306
   vertex 14.48164176940918 0.95679998397827148 0.089333310723304749
   vertex 14.325919151306152 0.95679998397827148 -0.0102549958974123
  endloop
 endfacet
 facet normal 0 1 0
  outer loop
   vertex -0.34383270144462585 0.95679998397827148 0.551158607006073
   vertex -0.046112585812807083 0.95679998397827148 0.44125786423683167
   vertex -0.20500363409519196 0.95679998397827148 0.24060046672821045
  endloop
 endfacet
 facet normal -0 1 0
  outer loop
   vertex 12.69217586517334 0.95679998397827148 0.49326357245445251
   vertex 12.371861457824707 0.95679998397827148 0.78489863872528076
   vertex 12.848963737487793 0.95679998397827148 0.99351418018341064
  endloop
 endfacet
 facet normal 0 1 -0
  outer loop
   vertex 14.993038177490234 0.95679998397827148 -1.039162278175354
   vertex 14.981156349182129 0.95679998397827148 -1.2131152153015137
   vertex 14.829560279846191 0.95679998397827148 -1.0512900352478027
  endloop
 endfacet
 facet normal 0 1 0
  outer loop
   vertex 1.4475442171096802 0.95679998397827148 -1.4758129119873047
   vertex 1.4528212547302246 0.95679998397827148 -1.2285842895507812
   vertex 1.6879334449768066 0.95679998397827148 -1.3809784650802612
  endloop
 endfacet
 facet normal 0 1 0
  outer loop
   vertex 1.0360195636749268 0.95679998397827148 -1.2791152000427246
   vertex 0.8311188817024231 0.95679998397827148 -1.3801761865615845
   vertex 0.87220907211303711 0.95679998397827148 -1.1734510660171509
  endloop
 endfacet
 facet normal 0 1 0
  outer loop
   vertex -0.046112585812807083 0.95679998397827148 0.44125786423683167
   vertex 0.16043518483638763 0.95679998397827148 0.62181365489959717
   vertex 0.18923169374465942 0.95679998397827148 0.36162364482879639
  endloop
 endfacet
 facet normal 0 1 0
  outer loop
   vertex 14.084747314453125 0.95679998397827148 -1.2949510812759399
   vertex 14.253019332885742 0.95679998397827148 -1.5080661773681641
   vertex 14.006646156311035 0.95679998397827148 -1.5833717584609985
  endloop
 endfacet
 facet normal -0 1 0
  outer loop
   vertex 4.2874588966369629 0.95679998397827148 0.79528456926345825
   vertex 3.7689139842987061 0.95679998397827148 1.6771699190139771
   vertex 4.654747486114502 0.95679998397827148 1.6840134859085083
  endloop
 endfacet
 facet normal 0 1 -0
  outer loop
   vertex -0.33475670218467712 0.95679998397827148 -0.45225369930267334
   vertex -0.55320006608963013 0.95679998397827148 -0.59180694818496704
   vertex -0.60060840845108032 0.95679998397827148 -0.2856789231300354
  endloop
 endfacet
 facet normal 0 1 0
  outer loop
   vertex 0.90581971406936646 0.95679998397827148 0.093302704393863678
   vertex 1.0958962440490723 0.95679998397827148 0.13449022173881531
   vertex 1.0735987424850464 0.95679998397827148 -0.01730649545788765
  endloop
 endfacet
 facet normal -0 1 0
  outer loop
   vertex -1.3016821146011353 0.95679998397827148 1.363987922668457
   vertex -1.8722078800201416 0.95679998397827148 1.5295004844665527
   vertex -1.341994047164917 0.95679998397827148 2.0108668804168701
  endloop
 endfacet
 facet normal 0 1 0
  outer loop
   vertex 4.0276880264282227 0.95679998397827148 -0.88351279497146606
   vertex 3.2528040409088135 0.95679998397827148 -1.1271617412567139
   vertex 3.3177287578582764 0.95679998397827148 -0.4135410487651825
  endloop
 endfacet
 facet normal 0 1 -0
  outer loop
   vertex 0.89010095596313477 0.95679998397827148 0.45347768068313599
   vertex 0.7233884334564209 0.95679998397827148 0.25412926077842712
   vertex 0.61488872766494751 0.95679998397827148 0.49180316925048828
  endloop
 endfacet
 facet normal 0 1 -0
  outer loop
   vertex 13.901963233947754 0.95679998397827148 -1.1770985126495361
   vertex 13.835086822509766 0.95679998397827148 -1.4082638025283813
   vertex 13.665377616882324 0.95679998397827148 -1.2261584997177124
  endloop
 endfacet
 facet normal -0 1 0
  outer loop
   vertex 16.645837783813477 0.95679998397827148 0.78804904222488403
   vertex 16.309942245483398 0.95679998397827148 1.3310048580169678
   vertex 16.987890243530273 0.95679998397827148 1.4847527742385864
  endloop
 endfacet
 facet normal -0 1 0
  outer loop
   vertex -1.2203010320663452 0.95679998397827148 0.41541334986686707
   vertex -1.5764483213424683 0.95679998397827148 0.85744082927703857
   vertex -1.0319614410400391 0.95679998397827148 0.92622596025466919
  endloop
 endfacet
 facet normal 0 1 0
  outer loop
   vertex 13.016371726989746 0.95679998397827148 -0.056665528565645218
   vertex 12.94243335723877 0.95679998397827148 0.26773995161056519
   vertex 13.26230525970459 0.95679998397827148 0.21396930515766144
  endloop
 endfacet
 facet normal -0 1 0
  outer loop
   vertex 14.291358947753906 0.95679998397827148 0.17020899057388306
   vertex 13.999902725219727 0.95679998397827148 0.17714333534240723
   vertex 14.158905982971191 0.95679998397827148 0.31644162535667419
  endloop
 endfacet
 facet normal -0 1 0
  outer loop
   vertex 0.43502786755561829 0.95679998397827148 -2.3431992530822754
   vertex 0.2169521152973175 0.95679998397827148 -2.125389575958252
   vertex 0.55822491645812988 0.95679998397827148 -1.9800347089767456
  endloop
 endfacet
 facet normal 0 1 0
  outer loop
   vertex 15.668346405029297 0.95679998397827148 -0.74606192111968994
   vertex 16.061079025268555 0.95679998397827148 -0.64105349779129028
   vertex 15.852390289306641 0.95679998397827148 -1.0491882562637329
  endloop
 endfacet
 facet normal 0 1 0
  outer loop
   vertex -0.68429231643676758 0.95679998397827148 -1.1134645938873291
   vertex -1.0579544305801392 0.95679998397827148 -1.1424295902252197
   vertex -0.98496204614639282 0.95679998397827148 -0.86231327056884766
  endloop
 endfacet
 facet normal -0 1 0
  outer loop
   vertex 2.0570125579833984 0.95679998397827148 -0.25390169024467468
   vertex 1.7996503114700317 0.95679998397827148 -0.19720177352428436
   vertex 1.9925543069839478 0.95679998397827148 0.088442191481590271
  endloop
 endfacet
 facet normal -0 1 0
  outer loop
   vertex -1.27525794506073 0.95679998397827148 -0.83129453659057617
   vertex -1.6348156929016113 0.95679998397827148 -0.59575575590133667
   vertex -1.1094971895217896 0.95679998397827148 -0.50774812698364258
  endloop
 endfacet
 facet normal -0 1 0
  outer loop
   vertex 0.49405068159103394 0.95679998397827148 -1.6815922260284424
   vertex 0.34249013662338257 0.95679998397827148 -1.5115642547607422
   vertex 0.581737220287323 0.95679998397827148 -1.4266015291213989
  endloop
 endfacet
 facet normal 0 1 0
  outer loop
   vertex -0.85749673843383789 0.95679998397827148 -0.39919859170913696
   vertex -0.77605360746383667 0.95679998397827148 -0.73430490493774414
   vertex -1.1094971895217896 0.95679998397827148 -0.50774812698364258
  endloop
 endfacet
 facet normal 0 1 0
  outer loop
   vertex 9.2462806701660156 0.95679998397827148 -1.0437918901443481
   vertex 9.8021526336669922 0.95679998397827148 -1.8223395347595215
   vertex 8.9179506301879883 0.95679998397827148 -1.7816596031188965
  endloop
 endfacet
 facet normal 0 1 0
  outer loop
   vertex 15.477118492126465 0.95679998397827148 -0.96159619092941284
   vertex 15.200175285339355 0.95679998397827148 -1.1041213274002075
   vertex 15.264984130859375 0.95679998397827148 -0.88028579950332642
  endloop
 endfacet
 facet normal -0 1 0
  outer loop
   vertex 0.8311188817024231 0.95679998397827148 -1.3801761865615845
   vertex 0.69279134273529053 0.95679998397827148 -1.2404975891113281
   vertex 0.87220907211303711 0.95679998397827148 -1.1734510660171509
  endloop
 endfacet
 facet normal 0 1 0
  outer loop
   vertex 12.371861457824707 0.95679998397827148 0.78489863872528076
   vertex 12.69217586517334 0.95679998397827148 0.49326357245445251
   vertex 12.313858032226562 0.95679998397827148 0.32659918069839478
  endloop
 endfacet
 facet normal 0 1 -0
  outer loop
   vertex 14.725687980651855 0.95679998397827148 -1.2325066328048706
   vertex 14.551782608032227 0.95679998397827148 -1.2878340482711792
   vertex 14.540534973144531 0.95679998397827148 -1.1471327543258667
  endloop
 endfacet
 facet normal 0 1 0
  outer loop
   vertex 6.4250907897949219 0.95679998397827148 1.7211439609527588
   vertex 7.1020760536193848 0.95679998397827148 0.95669680833816528
   vertex 6.2153482437133789 0.95679998397827148 0.90271109342575073
  endloop
 endfacet
 facet normal 0 1 0
  outer loop
   vertex 0.31126537919044495 0.95679998397827148 -0.091322407126426697
   vertex 0.30830866098403931 0.95679998397827148 0.10418011248111725
   vertex 0.44279968738555908 0.95679998397827148 -0.033360246568918228
  endloop
 endfacet
 facet normal 0 1 0
  outer loop
   vertex 1.9895385503768921 0.95679998397827148 -1.1688851118087769
   vertex 2.0317802429199219 0.95679998397827148 -0.78601694107055664
   vertex 2.3805043697357178 0.95679998397827148 -0.96496081352233887
  endloop
 endfacet
 facet normal 0 1 0
  outer loop
   vertex 11.391881942749023 0.95679998397827148 0.16614007949829102
   vertex 10.536648750305176 0.95679998397827148 -0.15059107542037964
   vertex 10.817545890808105 0.95679998397827148 0.7427946925163269
  endloop
 endfacet
 facet normal -0 1 0
  outer loop
   vertex 1.9477074146270752 0.95679998397827148 -1.5765824317932129
   vertex 1.6879334449768066 0.95679998397827148 -1.3809784650802612
   vertex 1.9895385503768921 0.95679998397827148 -1.1688851118087769
  endloop
 endfacet
 facet normal 0 1 0
  outer loop
   vertex 15.264984130859375 0.95679998397827148 -0.88028579950332642
   vertex 15.168412208557129 0.95679998397827148 -0.6928747296333313
   vertex 15.411730766296387 0.95679998397827148 -0.70838779211044312
  endloop
 endfacet
 facet normal 0 1 0
  outer loop
   vertex 10.536648750305176 0.95679998397827148 -0.15059107542037964
   vertex 9.862274169921875 0.95679998397827148 0.77209901809692383
   vertex 10.817545890808105 0.95679998397827148 0.7427946925163269
  endloop
 endfacet
 facet normal 0 1 -0
  outer loop
   vertex 1.2825362682342529 0.95679998397827148 -0.18848726153373718
   vertex 1.1743041276931763 0.95679998397827148 -0.32944992184638977
   vertex 1.1094762086868286 0.95679998397827148 -0.17223592102527618
  endloop
 endfacet
 facet normal 0 1 0
  outer loop
   vertex 13.016371726989746 0.95679998397827148 -0.056665528565645218
   vertex 13.204529762268066 0.95679998397827148 -0.35068151354789734
   vertex 12.92781925201416 0.95679998397827148 -0.38475716114044189
  endloop
 endfacet
 facet normal -0 1 0
  outer loop
   vertex 2.9277188777923584 0.95679998397827148 -1.7842206954956055
   vertex 2.3809258937835693 0.95679998397827148 -1.4161713123321533
   vertex 2.7483158111572266 0.95679998397827148 -1.2015478610992432
  endloop
 endfacet
 facet normal 0 1 0
  outer loop
   vertex 2.3809258937835693 0.95679998397827148 -1.4161713123321533
   vertex 2.3805043697357178 0.95679998397827148 -0.96496081352233887
   vertex 2.7483158111572266 0.95679998397827148 -1.2015478610992432
  endloop
 endfacet
 facet normal -0.45018399400392428 0.31227009284429119 -0.83655350137196394
  outer loop
   vertex -1.2075505256652832 0.51704514026641846 -2.2437660694122314
   vertex -1.3679795265197754 0.95679998397827148 -1.9932801723480225
   vertex -0.90998649597167969 0.95679998397827148 -2.2397451400756836
  endloop
 endfacet
 facet normal -0 1 0
  outer loop
   vertex 2.3809258937835693 0.95679998397827148 -1.4161713123321533
   vertex 1.9895385503768921 0.95679998397827148 -1.1688851118087769
   vertex 2.3805043697357178 0.95679998397827148 -0.96496081352233887
  endloop
 endfacet
 facet normal 0 1 0
  outer loop
   vertex 14.896683692932129 0.95679998397827148 -0.89026117324829102
   vertex 14.993038177490234 0.95679998397827148 -1.039162278175354
   vertex 14.829560279846191 0.95679998397827148 -1.0512900352478027
  endloop
 endfacet
 facet normal 0 1 0
  outer loop
   vertex 0.49405068159103394 0.95679998397827148 -1.6815922260284424
   vertex 0.55822491645812988 0.95679998397827148 -1.9800347089767456
   vertex 0.20310288667678833 0.95679998397827148 -1.8079674243927002
  endloop
 endfacet
 facet normal 0 1 0
  outer loop
   vertex -0.89520144462585449 0.95679998397827148 0.17039093375205994
   vertex -0.61037302017211914 0.95679998397827148 -0.0050501748919487
   vertex -0.86851006746292114 0.95679998397827148 -0.11369132250547409
  endloop
 endfacet
 facet normal 0 1 0
  outer loop
   vertex 14.761955261230469 0.95679998397827148 -0.35041159391403198
   vertex 14.735213279724121 0.95679998397827148 -0.15535071492195129
   vertex 14.874466896057129 0.95679998397827148 -0.25526878237724304
  endloop
 endfacet
 facet normal 0 1 -0
  outer loop
   vertex 5.5550193786621094 0.95679998397827148 1.6975865364074707
   vertex 5.3061528205871582 0.95679998397827148 0.62800014019012451
   vertex 4.654747486114502 0.95679998397827148 1.6840134859085083
  endloop
 endfacet
 facet normal 0 1 0
  outer loop
   vertex 8.8602724075317383 0.95679998397827148 0.38941901922225952
   vertex 9.862274169921875 0.95679998397827148 0.77209901809692383
   vertex 9.5581264495849609 0.95679998397827148 -0.23817956447601318
  endloop
 endfacet
 facet normal -0 1 0
  outer loop
   vertex 13.42601490020752 0.95679998397827148 -0.99977928400039673
   vertex 13.213165283203125 0.95679998397827148 -0.98637574911117554
   vertex 13.374162673950195 0.95679998397827148 -0.79220110177993774
  endloop
 endfacet
 facet normal 0 1 -0
  outer loop
   vertex 13.565940856933594 0.95679998397827148 -0.88802856206893921
   vertex 13.42601490020752 0.95679998397827148 -0.99977928400039673
   vertex 13.374162673950195 0.95679998397827148 -0.79220110177993774
  endloop
 endfacet
 facet normal 0 1 0
  outer loop
   vertex 12.923150062561035 0.95679998397827148 -1.0198404788970947
   vertex 13.213165283203125 0.95679998397827148 -0.98637574911117554
   vertex 13.135062217712402 0.95679998397827148 -1.2961224317550659
  endloop
 endfacet
 facet normal 0 1 0
  outer loop
   vertex 12.479069709777832 0.95679998397827148 1.3262827396392822
   vertex 11.989456176757812 0.95679998397827148 1.1208975315093994
   vertex 12.089178085327148 0.95679998397827148 1.7280294895172119
  endloop
 endfacet
 facet normal 0 1 0
  outer loop
   vertex 1.0958962440490723 0.95679998397827148 0.13449022173881531
   vertex 0.90581971406936646 0.95679998397827148 0.093302704393863678
   vertex 0.95549434423446655 0.95679998397827148 0.26714238524436951
  endloop
 endfacet
 facet normal 0 1 0
  outer loop
   vertex 15.57672119140625 0.95679998397827148 -1.6996009349822998
   vertex 15.14177131652832 0.95679998397827148 -1.7279287576675415
   vertex 15.219034194946289 0.95679998397827148 -1.3994767665863037
  endloop
 endfacet
 facet normal 0 1 0
  outer loop
   vertex 14.868084907531738 0.95679998397827148 -0.61191672086715698
   vertex 15.003190040588379 0.95679998397827148 -0.50998139381408691
   vertex 14.97037410736084 0.95679998397827148 -0.73126500844955444
  endloop
 endfacet
 facet normal 0 1 0
  outer loop
   vertex 0.34249013662338257 0.95679998397827148 -1.5115642547607422
   vertex 0.49405068159103394 0.95679998397827148 -1.6815922260284424
   vertex 0.20310288667678833 0.95679998397827148 -1.8079674243927002
  endloop
 endfacet
 facet normal 0 1 0
  outer loop
   vertex -0.16334065794944763 0.95679998397827148 -1.7543097734451294
   vertex 0.084382794797420502 0.95679998397827148 -1.5245260000228882
   vertex 0.20310288667678833 0.95679998397827148 -1.8079674243927002
  endloop
 endfacet
 facet normal 0 1 0
  outer loop
   vertex 12.92781925201416 0.95679998397827148 -0.38475716114044189
   vertex 12.614981651306152 0.95679998397827148 -0.42229852080345154
   vertex 12.72502613067627 0.95679998397827148 -0.19464270770549774
  endloop
 endfacet
 facet normal 0 1 -0
  outer loop
   vertex 0.55822491645812988 0.95679998397827148 -1.9800347089767456
   vertex 0.2169521152973175 0.95679998397827148 -2.125389575958252
   vertex 0.20310288667678833 0.95679998397827148 -1.8079674243927002
  endloop
 endfacet
 facet normal 0 1 -0
  outer loop
   vertex 0.22073468565940857 0.95679998397827148 -1.3162813186645508
   vertex 0.084382794797420502 0.95679998397827148 -1.5245260000228882
   vertex -0.017528578639030457 0.95679998397827148 -1.3274617195129395
  endloop
 endfacet
 facet normal 0 1 -0
  outer loop
   vertex 12.621256828308105 0.95679998397827148 1.8402448892593384
   vertex 12.479069709777832 0.95679998397827148 1.3262827396392822
   vertex 12.089178085327148 0.95679998397827148 1.7280294895172119
  endloop
 endfacet
 facet normal 0 1 -0
  outer loop
   vertex 13.388187408447266 0.95679998397827148 -1.2214052677154541
   vertex 13.347009658813477 0.95679998397827148 -1.4776899814605713
   vertex 13.135062217712402 0.95679998397827148 -1.2961224317550659
  endloop
 endfacet
 facet normal 0 1 0
  outer loop
   vertex 12.94243335723877 0.95679998397827148 0.26773995161056519
   vertex 13.016371726989746 0.95679998397827148 -0.056665528565645218
   vertex 12.674622535705566 0.95679998397827148 0.11156709492206573
  endloop
 endfacet
 facet normal 0 1 0
  outer loop
   vertex 2.7361831665039062 0.95679998397827148 -0.060118947178125381
   vertex 2.7960262298583984 0.95679998397827148 -0.71264594793319702
   vertex 2.3336024284362793 0.95679998397827148 -0.50287926197052002
  endloop
 endfacet
 facet normal 0 1 0
  outer loop
   vertex 12.479069709777832 0.95679998397827148 1.3262827396392822
   vertex 12.621256828308105 0.95679998397827148 1.8402448892593384
   vertex 12.953688621520996 0.95679998397827148 1.4911667108535767
  endloop
 endfacet
 facet normal 0 1 0
  outer loop
   vertex 1.062142014503479 0.95679998397827148 -1.7986476421356201
   vertex 1.2949429750442505 0.95679998397827148 -2.1352200508117676
   vertex 0.91224229335784912 0.95679998397827148 -1.9692814350128174
  endloop
 endfacet
 facet normal 0 1 0
  outer loop
   vertex 16.652488708496094 0.95679998397827148 -1.8362491130828857
   vertex 16.400375366210938 0.95679998397827148 -1.1759853363037109
   vertex 17.105731964111328 0.95679998397827148 -1.3194489479064941
  endloop
 endfacet
 facet normal -0 1 0
  outer loop
   vertex 12.621256828308105 0.95679998397827148 1.8402448892593384
   vertex 12.523930549621582 0.95679998397827148 2.2170350551605225
   vertex 12.865885734558105 0.95679998397827148 2.2209508419036865
  endloop
 endfacet
 facet normal 0 1 0
  outer loop
   vertex 13.772359848022461 0.95679998397827148 -1.0598573684692383
   vertex 13.901963233947754 0.95679998397827148 -1.1770985126495361
   vertex 13.665377616882324 0.95679998397827148 -1.2261584997177124
  endloop
 endfacet
 facet normal 0 1 0
  outer loop
   vertex 1.0398566722869873 0.95679998397827148 -1.5340861082077026
   vertex 0.78321844339370728 0.95679998397827148 -1.6815105676651001
   vertex 0.8311188817024231 0.95679998397827148 -1.3801761865615845
  endloop
 endfacet
 facet normal 0 1 -0
  outer loop
   vertex -0.48977339267730713 0.95679998397827148 -0.8925093412399292
   vertex -0.68429231643676758 0.95679998397827148 -1.1134645938873291
   vertex -0.77605360746383667 0.95679998397827148 -0.73430490493774414
  endloop
 endfacet
 facet normal 0 1 0
  outer loop
   vertex 1.2949429750442505 0.95679998397827148 -2.1352200508117676
   vertex 0.86065757274627686 0.95679998397827148 -2.2508649826049805
   vertex 0.91224229335784912 0.95679998397827148 -1.9692814350128174
  endloop
 endfacet
 facet normal -0 1 0
  outer loop
   vertex 0.86065757274627686 0.95679998397827148 -2.2508649826049805
   vertex 0.55822491645812988 0.95679998397827148 -1.9800347089767456
   vertex 0.91224229335784912 0.95679998397827148 -1.9692814350128174
  endloop
 endfacet
 facet normal 0 1 0
  outer loop
   vertex 12.371861457824707 0.95679998397827148 0.78489863872528076
   vertex 12.479069709777832 0.95679998397827148 1.3262827396392822
   vertex 12.848963737487793 0.95679998397827148 0.99351418018341064
  endloop
 endfacet
 facet normal 0 1 0
  outer loop
   vertex -0.28704297542572021 0.95679998397827148 -0.7024802565574646
   vertex -0.11040502041578293 0.95679998397827148 -0.56337863206863403
   vertex -0.051135651767253876 0.95679998397827148 -0.75790458917617798
  endloop
 endfacet
 facet normal 0 1 0
  outer loop
   vertex -0.55320006608963013 0.95679998397827148 -0.59180694818496704
   vertex -0.33475670218467712 0.95679998397827148 -0.45225369930267334
   vertex -0.28704297542572021 0.95679998397827148 -0.7024802565574646
  endloop
 endfacet
 facet normal 0 1 -0
  outer loop
   vertex 11.819236755371094 0.95679998397827148 2.0767748355865479
   vertex 11.658686637878418 0.95679998397827148 1.8089272975921631
   vertex 11.419216156005859 0.95679998397827148 2.0558135509490967
  endloop
 endfacet
 facet normal -0 1 0
  outer loop
   vertex 13.084074020385742 0.95679998397827148 1.9006881713867188
   vertex 12.865885734558105 0.95679998397827148 2.2209508419036865
   vertex 13.219353675842285 0.95679998397827148 2.2227237224578857
  endloop
 endfacet
 facet normal 0 1 0
  outer loop
   vertex 0.42169737815856934 0.95679998397827148 1.8794732093811035
   vertex -1.6881641077453116e-14 0.95679998397827148 2.4175469875335693
   vertex 0.69482696056365967 0.95679998397827148 2.3152461051940918
  endloop
 endfacet
 facet normal 0 1 0
  outer loop
   vertex -0.86851006746292114 0.95679998397827148 -0.11369132250547409
   vertex -0.61037302017211914 0.95679998397827148 -0.0050501748919487
   vertex -0.60060840845108032 0.95679998397827148 -0.2856789231300354
  endloop
 endfacet
 facet normal 0 1 -0
  outer loop
   vertex 13.709403991699219 0.95679998397827148 0.44280856847763062
   vertex 13.585150718688965 0.95679998397827148 0.246916264295578
   vertex 13.44526481628418 0.95679998397827148 0.52404332160949707
  endloop
 endfacet
 facet normal 0 1 0
  outer loop
   vertex 15.291728019714355 0.95679998397827148 1.8445919752120972
   vertex 15.079999923706055 0.95679998397827148 2.4175469875335693
   vertex 15.754414558410645 0.95679998397827148 2.3215725421905518
  endloop
 endfacet
 facet normal 0 1 0
  outer loop
   vertex 1.3159074783325195 0.95679998397827148 -0.6093403697013855
   vertex 1.1150553226470947 0.95679998397827148 -0.61411142349243164
   vertex 1.2232317924499512 0.95679998397827148 -0.47314760088920593
  endloop
 endfacet
 facet normal 0 1 0
  outer loop
   vertex 1.2825362682342529 0.95679998397827148 -0.18848726153373718
   vertex 1.2887306213378906 0.95679998397827148 -0.35459986329078674
   vertex 1.1743041276931763 0.95679998397827148 -0.32944992184638977
  endloop
 endfacet
 facet normal 0 1 0
  outer loop
   vertex 13.551094055175781 0.95679998397827148 -0.70867949724197388
   vertex 13.565940856933594 0.95679998397827148 -0.88802856206893921
   vertex 13.374162673950195 0.95679998397827148 -0.79220110177993774
  endloop
 endfacet
 facet normal 0 1 0
  outer loop
   vertex 13.835086822509766 0.95679998397827148 -1.4082638025283813
   vertex 14.084747314453125 0.95679998397827148 -1.2949510812759399
   vertex 14.006646156311035 0.95679998397827148 -1.5833717584609985
  endloop
 endfacet
 facet normal 0 1 0
  outer loop
   vertex 0.78321844339370728 0.95679998397827148 -1.6815105676651001
   vertex 1.0398566722869873 0.95679998397827148 -1.5340861082077026
   vertex 1.062142014503479 0.95679998397827148 -1.7986476421356201
  endloop
 endfacet
 facet normal 0 1 0
  outer loop
   vertex -0.85749673843383789 0.95679998397827148 -0.39919859170913696
   vertex -0.55320006608963013 0.95679998397827148 -0.59180694818496704
   vertex -0.77605360746383667 0.95679998397827148 -0.73430490493774414
  endloop
 endfacet
 facet normal 0 1 0
  outer loop
   vertex -0.60060840845108032 0.95679998397827148 -0.2856789231300354
   vertex -0.55320006608963013 0.95679998397827148 -0.59180694818496704
   vertex -0.85749673843383789 0.95679998397827148 -0.39919859170913696
  endloop
 endfacet
 facet normal 0 1 0
  outer loop
   vertex -1.6348156929016113 0.95679998397827148 -0.59575575590133667
   vertex -1.27525794506073 0.95679998397827148 -0.83129453659057617
   vertex -1.5179843902587891 0.95679998397827148 -1.124675989151001
  endloop
 endfacet
 facet normal 0 1 -0
  outer loop
   vertex 1.0435034036636353 0.95679998397827148 -1.0845226049423218
   vertex 1.0360195636749268 0.95679998397827148 -1.2791152000427246
   vertex 0.87220907211303711 0.95679998397827148 -1.1734510660171509
  endloop
 endfacet
 facet normal 0 1 0
  outer loop
   vertex 5.5550193786621094 0.95679998397827148 1.6975865364074707
   vertex 6.4250907897949219 0.95679998397827148 1.7211439609527588
   vertex 6.2153482437133789 0.95679998397827148 0.90271109342575073
  endloop
 endfacet
 facet normal 0 1 0
  outer loop
   vertex 8.1631383895874023 0.95679998397827148 1.1173220872879028
   vertex 8.9641523361206055 0.95679998397827148 1.8501652479171753
   vertex 9.0747385025024414 0.95679998397827148 1.1117469072341919
  endloop
 endfacet
 facet normal 0 1 -0
  outer loop
   vertex 0.8311188817024231 0.95679998397827148 -1.3801761865615845
   vertex 0.78321844339370728 0.95679998397827148 -1.6815105676651001
   vertex 0.581737220287323 0.95679998397827148 -1.4266015291213989
  endloop
 endfacet
 facet normal 0 1 0
  outer loop
   vertex 14.48164176940918 0.95679998397827148 0.089333310723304749
   vertex 14.618249893188477 0.95679998397827148 -0.014572985470294952
   vertex 14.467666625976562 0.95679998397827148 -0.063515253365039825
  endloop
 endfacet
 facet normal 0 1 0
  outer loop
   vertex 0.34249013662338257 0.95679998397827148 -1.5115642547607422
   vertex 0.41125386953353882 0.95679998397827148 -1.3299689292907715
   vertex 0.581737220287323 0.95679998397827148 -1.4266015291213989
  endloop
 endfacet
 facet normal 0 1 0
  outer loop
   vertex -0.84991985559463501 0.95679998397827148 -1.8145092725753784
   vertex -0.46863234043121338 0.95679998397827148 -1.6470403671264648
   vertex -0.4910639226436615 0.95679998397827148 -1.9850647449493408
  endloop
 endfacet
 facet normal 0 1 0
  outer loop
   vertex 1.5706518888473511 0.95679998397827148 -1.7049586772918701
   vertex 1.765556812286377 0.95679998397827148 -1.9887745380401611
   vertex 1.2949429750442505 0.95679998397827148 -2.1352200508117676
  endloop
 endfacet
 facet normal 0 1 -0
  outer loop
   vertex 0.16043518483638763 0.95679998397827148 0.62181365489959717
   vertex -0.046112585812807083 0.95679998397827148 0.44125786423683167
   vertex -0.12958870828151703 0.95679998397827148 0.7690742015838623
  endloop
 endfacet
 facet normal 0 1 0
  outer loop
   vertex 1.4144823551177979 0.95679998397827148 -0.74672037363052368
   vertex 1.5644146203994751 0.95679998397827148 -0.79572886228561401
   vertex 1.3980922698974609 0.95679998397827148 -0.8947177529335022
  endloop
 endfacet
 facet normal 0 1 0
  outer loop
   vertex 7.1020760536193848 0.95679998397827148 0.95669680833816528
   vertex 7.2734346389770508 0.95679998397827148 1.7548171281814575
   vertex 8.1631383895874023 0.95679998397827148 1.1173220872879028
  endloop
 endfacet
 facet normal 0 1 0
  outer loop
   vertex 1.2665311098098755 0.95679998397827148 -0.76439774036407471
   vertex 1.4144823551177979 0.95679998397827148 -0.74672037363052368
   vertex 1.3980922698974609 0.95679998397827148 -0.8947177529335022
  endloop
 endfacet
 facet normal 0 1 -0
  outer loop
   vertex 14.66978931427002 0.95679998397827148 0.1623571366071701
   vertex 14.618249893188477 0.95679998397827148 -0.014572985470294952
   vertex 14.48164176940918 0.95679998397827148 0.089333310723304749
  endloop
 endfacet
 facet normal 0 1 0
  outer loop
   vertex 16.684003829956055 0.95679998397827148 -0.67628175020217896
   vertex 16.880561828613281 0.95679998397827148 0.04315691813826561
   vertex 17.403451919555664 0.95679998397827148 -0.66791367530822754
  endloop
 endfacet
 facet normal 0 1 0
  outer loop
   vertex 0.34249013662338257 0.95679998397827148 -1.5115642547607422
   vertex 0.22073468565940857 0.95679998397827148 -1.3162813186645508
   vertex 0.41125386953353882 0.95679998397827148 -1.3299689292907715
  endloop
 endfacet
 facet normal 0 1 0
  outer loop
   vertex 15.477118492126465 0.95679998397827148 -0.96159619092941284
   vertex 15.668346405029297 0.95679998397827148 -0.74606192111968994
   vertex 15.852390289306641 0.95679998397827148 -1.0491882562637329
  endloop
 endfacet
 facet normal 0 1 0
  outer loop
   vertex 2.293694019317627 0.95679998397827148 -0.086268708109855652
   vertex 2.7361831665039062 0.95679998397827148 -0.060118947178125381
   vertex 2.3336024284362793 0.95679998397827148 -0.50287926197052002
  endloop
 endfacet
 facet normal 0 1 0
  outer loop
   vertex 1.13623046875 0.95679998397827148 0.35829907655715942
   vertex 1.4170075654983521 0.95679998397827148 0.43787467479705811
   vertex 1.2662355899810791 0.95679998397827148 0.1937699019908905
  endloop
 endfacet
 facet normal 0 1 0
  outer loop
   vertex -0.73796099424362183 0.95679998397827148 -1.4614938497543335
   vertex -0.46863234043121338 0.95679998397827148 -1.6470403671264648
   vertex -0.84991985559463501 0.95679998397827148 -1.8145092725753784
  endloop
 endfacet
 facet normal -0 1 0
  outer loop
   vertex 1.7996503114700317 0.95679998397827148 -0.19720177352428436
   vertex 1.689685583114624 0.95679998397827148 0.052076917141675949
   vertex 1.9925543069839478 0.95679998397827148 0.088442191481590271
  endloop
 endfacet
 facet normal 0 1 -0
  outer loop
   vertex 13.066689491271973 0.95679998397827148 0.57656532526016235
   vertex 12.94243335723877 0.95679998397827148 0.26773995161056519
   vertex 12.69217586517334 0.95679998397827148 0.49326357245445251
  endloop
 endfacet
 facet normal 0 1 0
  outer loop
   vertex 14.223221778869629 0.95679998397827148 0.47386941313743591
   vertex 14.350216865539551 0.95679998397827148 0.34673991799354553
   vertex 14.158905982971191 0.95679998397827148 0.31644162535667419
  endloop
 endfacet
 facet normal 0 1 -0
  outer loop
   vertex 15.003190040588379 0.95679998397827148 -0.50998139381408691
   vertex 14.868084907531738 0.95679998397827148 -0.61191672086715698
   vertex 14.825619697570801 0.95679998397827148 -0.48392021656036377
  endloop
 endfacet
 facet normal 0 1 0
  outer loop
   vertex 14.325919151306152 0.95679998397827148 -0.0102549958974123
   vertex 14.48164176940918 0.95679998397827148 0.089333310723304749
   vertex 14.467666625976562 0.95679998397827148 -0.063515253365039825
  endloop
 endfacet
 facet normal 0 1 0
  outer loop
   vertex -1.8261629343032837 0.95679998397827148 0.13041456043720245
   vertex -2.2383553981781006 0.95679998397827148 0.91339951753616333
   vertex -1.5764483213424683 0.95679998397827148 0.85744082927703857
  endloop
 endfacet
 facet normal 0 1 0
  outer loop
   vertex 0.41125386953353882 0.95679998397827148 -1.3299689292907715
   vertex 0.52536028623580933 0.95679998397827148 -1.2296179533004761
   vertex 0.581737220287323 0.95679998397827148 -1.4266015291213989
  endloop
 endfacet
 facet normal 0 1 -0
  outer loop
   vertex 1.4528212547302246 0.95679998397827148 -1.2285842895507812
   vertex 1.4475442171096802 0.95679998397827148 -1.4758129119873047
   vertex 1.2460519075393677 0.95679998397827148 -1.3921027183532715
  endloop
 endfacet
 facet normal 0 1 -0
  outer loop
   vertex 2.7960262298583984 0.95679998397827148 -0.71264594793319702
   vertex 2.3805043697357178 0.95679998397827148 -0.96496081352233887
   vertex 2.3336024284362793 0.95679998397827148 -0.50287926197052002
  endloop
 endfacet
 facet normal 0 1 0
  outer loop
   vertex 12.69217586517334 0.95679998397827148 0.49326357245445251
   vertex 12.94243335723877 0.95679998397827148 0.26773995161056519
   vertex 12.674622535705566 0.95679998397827148 0.11156709492206573
  endloop
 endfacet
 facet normal 0 1 0
  outer loop
   vertex -0.85749673843383789 0.95679998397827148 -0.39919859170913696
   vertex -0.86851006746292114 0.95679998397827148 -0.11369132250547409
   vertex -0.60060840845108032 0.95679998397827148 -0.2856789231300354
  endloop
 endfacet
 facet normal 0 1 0
  outer loop
   vertex -0.55320006608963013 0.95679998397827148 -0.59180694818496704
   vertex -0.48977339267730713 0.95679998397827148 -0.8925093412399292
   vertex -0.77605360746383667 0.95679998397827148 -0.73430490493774414
  endloop
 endfacet
 facet normal 0 1 -0
  outer loop
   vertex 13.347009658813477 0.95679998397827148 -1.4776899814605713
   vertex 13.145633697509766 0.95679998397827148 -1.6523028612136841
   vertex 13.135062217712402 0.95679998397827148 -1.2961224317550659
  endloop
 endfacet
 facet normal 0 1 0
  outer loop
   vertex 2.3809258937835693 0.95679998397827148 -1.4161713123321533
   vertex 1.9477074146270752 0.95679998397827148 -1.5765824317932129
   vertex 1.9895385503768921 0.95679998397827148 -1.1688851118087769
  endloop
 endfacet
 facet normal 0 1 -0
  outer loop
   vertex 13.016371726989746 0.95679998397827148 -0.056665528565645218
   vertex 12.92781925201416 0.95679998397827148 -0.38475716114044189
   vertex 12.72502613067627 0.95679998397827148 -0.19464270770549774
  endloop
 endfacet
 facet normal 0 1 0
  outer loop
   vertex 14.304956436157227 0.95679998397827148 -1.2759325504302979
   vertex 14.443265914916992 0.95679998397827148 -1.2396377325057983
   vertex 14.44527530670166 0.95679998397827148 -1.3943949937820435
  endloop
 endfacet
 facet normal -0 1 0
  outer loop
   vertex 0.22073468565940857 0.95679998397827148 -1.3162813186645508
   vertex 0.08795524388551712 0.95679998397827148 -1.1823680400848389
   vertex 0.2124703973531723 0.95679998397827148 -1.1144222021102905
  endloop
 endfacet
 facet normal 0 1 -0
  outer loop
   vertex 14.896683692932129 0.95679998397827148 -0.89026117324829102
   vertex 14.829560279846191 0.95679998397827148 -1.0512900352478027
   vertex 14.753751754760742 0.95679998397827148 -0.90177929401397705
  endloop
 endfacet
 facet normal 0 1 0
  outer loop
   vertex 2.3809258937835693 0.95679998397827148 -1.4161713123321533
   vertex 2.9277188777923584 0.95679998397827148 -1.7842206954956055
   vertex 2.2897069454193115 0.95679998397827148 -1.8002866506576538
  endloop
 endfacet
 facet normal 0 1 0
  outer loop
   vertex 0.89010095596313477 0.95679998397827148 0.45347768068313599
   vertex 1.1612973213195801 0.95679998397827148 0.64263236522674561
   vertex 1.13623046875 0.95679998397827148 0.35829907655715942
  endloop
 endfacet
 facet normal 0 1 0
  outer loop
   vertex 0.89010095596313477 0.95679998397827148 0.45347768068313599
   vertex 0.95549434423446655 0.95679998397827148 0.26714238524436951
   vertex 0.7233884334564209 0.95679998397827148 0.25412926077842712
  endloop
 endfacet
 facet normal -0 1 0
  outer loop
   vertex 15.003190040588379 0.95679998397827148 -0.50998139381408691
   vertex 14.825619697570801 0.95679998397827148 -0.48392021656036377
   vertex 14.881628036499023 0.95679998397827148 -0.37527653574943542
  endloop
 endfacet
 facet normal -0 1 0
  outer loop
   vertex 12.371861457824707 0.95679998397827148 0.78489863872528076
   vertex 11.989456176757812 0.95679998397827148 1.1208975315093994
   vertex 12.479069709777832 0.95679998397827148 1.3262827396392822
  endloop
 endfacet
 facet normal 0 1 -0
  outer loop
   vertex 0.37065261602401733 0.95679998397827148 -1.1991943120956421
   vertex 0.22073468565940857 0.95679998397827148 -1.3162813186645508
   vertex 0.2124703973531723 0.95679998397827148 -1.1144222021102905
  endloop
 endfacet
 facet normal 0 1 0
  outer loop
   vertex 1.0735987424850464 0.95679998397827148 -0.01730649545788765
   vertex 1.2571465969085693 0.95679998397827148 -0.0030187936499714851
   vertex 1.1094762086868286 0.95679998397827148 -0.17223592102527618
  endloop
 endfacet
 facet normal -0 1 0
  outer loop
   vertex 14.829560279846191 0.95679998397827148 -1.0512900352478027
   vertex 14.658463478088379 0.95679998397827148 -1.041581392288208
   vertex 14.753751754760742 0.95679998397827148 -0.90177929401397705
  endloop
 endfacet
 facet normal 0 1 0
  outer loop
   vertex 1.9477074146270752 0.95679998397827148 -1.5765824317932129
   vertex 1.5706518888473511 0.95679998397827148 -1.7049586772918701
   vertex 1.6879334449768066 0.95679998397827148 -1.3809784650802612
  endloop
 endfacet
 facet normal 0 1 0
  outer loop
   vertex -0.16334065794944763 0.95679998397827148 -1.7543097734451294
   vertex 0.20310288667678833 0.95679998397827148 -1.8079674243927002
   vertex -0.11262110620737076 0.95679998397827148 -2.077890157699585
  endloop
 endfacet
 facet normal -0 1 0
  outer loop
   vertex -0.73796099424362183 0.95679998397827148 -1.4614938497543335
   vertex -1.0579544305801392 0.95679998397827148 -1.1424295902252197
   vertex -0.68429231643676758 0.95679998397827148 -1.1134645938873291
  endloop
 endfacet
 facet normal -0 1 0
  outer loop
   vertex 15.200175285339355 0.95679998397827148 -1.1041213274002075
   vertex 14.993038177490234 0.95679998397827148 -1.039162278175354
   vertex 15.07353687286377 0.95679998397827148 -0.89961397647857666
  endloop
 endfacet
 facet normal 0 1 0
  outer loop
   vertex 0.22073468565940857 0.95679998397827148 -1.3162813186645508
   vertex -0.017528578639030457 0.95679998397827148 -1.3274617195129395
   vertex 0.08795524388551712 0.95679998397827148 -1.1823680400848389
  endloop
 endfacet
 facet normal -0 1 0
  outer loop
   vertex -0.98496204614639282 0.95679998397827148 -0.86231327056884766
   vertex -1.27525794506073 0.95679998397827148 -0.83129453659057617
   vertex -1.1094971895217896 0.95679998397827148 -0.50774812698364258
  endloop
 endfacet
 facet normal 0 1 0
  outer loop
   vertex 1.4947323799133301 0.95679998397827148 -0.60349762439727783
   vertex 1.7433651685714722 0.95679998397827148 -0.66109168529510498
   vertex 1.5644146203994751 0.95679998397827148 -0.79572886228561401
  endloop
 endfacet
 facet normal 0 1 0
  outer loop
   vertex 6.4250907897949219 0.95679998397827148 1.7211439609527588
   vertex 7.2734346389770508 0.95679998397827148 1.7548171281814575
   vertex 7.1020760536193848 0.95679998397827148 0.95669680833816528
  endloop
 endfacet
 facet normal 0 1 0
  outer loop
   vertex -2.1566286087036133 0.95679998397827148 -1.0924681425094604
   vertex -1.6348156929016113 0.95679998397827148 -0.59575575590133667
   vertex -1.5179843902587891 0.95679998397827148 -1.124675989151001
  endloop
 endfacet
 facet normal -0.4076890902315759 0.29429569368910452 0.86439554046871314
  outer loop
   vertex -1.0984207391738892 0.36008411645889282 2.3289077281951904
   vertex -0.69808059930801392 0.95679998397827148 2.3145663738250732
   vertex -1.341994047164917 0.95679998397827148 2.0108668804168701
  endloop
 endfacet
 facet normal 0 1 -0
  outer loop
   vertex -1.3016821146011353 0.95679998397827148 1.363987922668457
   vertex -1.5764483213424683 0.95679998397827148 0.85744082927703857
   vertex -1.8722078800201416 0.95679998397827148 1.5295004844665527
  endloop
 endfacet
 facet normal 0 1 0
  outer loop
   vertex -1.206184983253479 0.95679998397827148 -1.5119655132293701
   vertex -0.73796099424362183 0.95679998397827148 -1.4614938497543335
   vertex -0.84991985559463501 0.95679998397827148 -1.8145092725753784
  endloop
 endfacet
 facet normal 0 1 0
  outer loop
   vertex 0.20310288667678833 0.95679998397827148 -1.8079674243927002
   vertex 0.2169521152973175 0.95679998397827148 -2.125389575958252
   vertex -0.11262110620737076 0.95679998397827148 -2.077890157699585
  endloop
 endfacet
 facet normal 0 1 0
  outer loop
   vertex 8.8602724075317383 0.95679998397827148 0.38941901922225952
   vertex 8.1631383895874023 0.95679998397827148 1.1173220872879028
   vertex 9.0747385025024414 0.95679998397827148 1.1117469072341919
  endloop
 endfacet
 facet normal 0 1 0
  outer loop
   vertex 9.862274169921875 0.95679998397827148 0.77209901809692383
   vertex 8.8602724075317383 0.95679998397827148 0.38941901922225952
   vertex 9.0747385025024414 0.95679998397827148 1.1117469072341919
  endloop
 endfacet
 facet normal 0 1 0
  outer loop
   vertex -1.0579544305801392 0.95679998397827148 -1.1424295902252197
   vertex -1.27525794506073 0.95679998397827148 -0.83129453659057617
   vertex -0.98496204614639282 0.95679998397827148 -0.86231327056884766
  endloop
 endfacet
 facet normal 0 1 0
  outer loop
   vertex 13.582140922546387 0.95679998397827148 -1.0543335676193237
   vertex 13.565940856933594 0.95679998397827148 -0.88802856206893921
   vertex 13.700872421264648 0.95679998397827148 -0.93239182233810425
  endloop
 endfacet
 facet normal 0 1 0
  outer loop
   vertex 2.0570125579833984 0.95679998397827148 -0.25390169024467468
   vertex 2.293694019317627 0.95679998397827148 -0.086268708109855652
   vertex 2.3336024284362793 0.95679998397827148 -0.50287926197052002
  endloop
 endfacet
 facet normal 0 1 0
  outer loop
   vertex 14.084747314453125 0.95679998397827148 -1.2949510812759399
   vertex 13.835086822509766 0.95679998397827148 -1.4082638025283813
   vertex 13.901963233947754 0.95679998397827148 -1.1770985126495361
  endloop
 endfacet
 facet normal 0 1 0
  outer loop
   vertex 1.4981667995452881 0.95679998397827148 -0.11937616020441055
   vertex 1.7996503114700317 0.95679998397827148 -0.19720177352428436
   vertex 1.609599232673645 0.95679998397827148 -0.40001270174980164
  endloop
 endfacet
 facet normal 0 1 0
  outer loop
   vertex 1.4741159677505493 0.95679998397827148 0.14801415801048279
   vertex 1.7183537483215332 0.95679998397827148 0.30610471963882446
   vertex 1.689685583114624 0.95679998397827148 0.052076917141675949
  endloop
 endfacet
 facet normal -0 1 0
  outer loop
   vertex 1.0958962440490723 0.95679998397827148 0.13449022173881531
   vertex 0.95549434423446655 0.95679998397827148 0.26714238524436951
   vertex 1.13623046875 0.95679998397827148 0.35829907655715942
  endloop
 endfacet
 facet normal 0 1 0
  outer loop
   vertex 2.9277188777923584 0.95679998397827148 -1.7842206954956055
   vertex 3.2528040409088135 0.95679998397827148 -1.1271617412567139
   vertex 3.6923363208770752 0.95679998397827148 -1.7616920471191406
  endloop
 endfacet
 facet normal 0 1 0
  outer loop
   vertex 1.4170075654983521 0.95679998397827148 0.43787467479705811
   vertex 1.4741159677505493 0.95679998397827148 0.14801415801048279
   vertex 1.2662355899810791 0.95679998397827148 0.1937699019908905
  endloop
 endfacet
 facet normal 0 1 0
  outer loop
   vertex 14.761955261230469 0.95679998397827148 -0.35041159391403198
   vertex 14.874466896057129 0.95679998397827148 -0.25526878237724304
   vertex 14.881628036499023 0.95679998397827148 -0.37527653574943542
  endloop
 endfacet
 facet normal -0 1 0
  outer loop
   vertex -0.046112585812807083 0.95679998397827148 0.44125786423683167
   vertex -0.34383270144462585 0.95679998397827148 0.551158607006073
   vertex -0.12958870828151703 0.95679998397827148 0.7690742015838623
  endloop
 endfacet
 facet normal -0 1 0
  outer loop
   vertex 1.5706518888473511 0.95679998397827148 -1.7049586772918701
   vertex 1.4475442171096802 0.95679998397827148 -1.4758129119873047
   vertex 1.6879334449768066 0.95679998397827148 -1.3809784650802612
  endloop
 endfacet
 facet normal 0 1 0
  outer loop
   vertex -0.4910639226436615 0.95679998397827148 -1.9850647449493408
   vertex -0.4422452449798584 0.95679998397827148 -2.3767526149749756
   vertex -0.90998649597167969 0.95679998397827148 -2.2397451400756836
  endloop
 endfacet
 facet normal 0 1 0
  outer loop
   vertex -0.43434944748878479 0.95679998397827148 -1.3739910125732422
   vertex -0.73796099424362183 0.95679998397827148 -1.4614938497543335
   vertex -0.68429231643676758 0.95679998397827148 -1.1134645938873291
  endloop
 endfacet
 facet normal 0 1 -0
  outer loop
   vertex -1.6348156929016113 0.95679998397827148 -0.59575575590133667
   vertex -2.1566286087036133 0.95679998397827148 -1.0924681425094604
   vertex -2.3740403652191162 0.95679998397827148 -0.45658096671104431
  endloop
 endfacet
 facet normal 0 1 0
  outer loop
   vertex -0.48977339267730713 0.95679998397827148 -0.8925093412399292
   vertex -0.55320006608963013 0.95679998397827148 -0.59180694818496704
   vertex -0.28704297542572021 0.95679998397827148 -0.7024802565574646
  endloop
 endfacet
 facet normal 0 1 0
  outer loop
   vertex 0.22073468565940857 0.95679998397827148 -1.3162813186645508
   vertex 0.37065261602401733 0.95679998397827148 -1.1991943120956421
   vertex 0.41125386953353882 0.95679998397827148 -1.3299689292907715
  endloop
 endfacet
 facet normal 0 1 0
  outer loop
   vertex -2.2383553981781006 0.95679998397827148 0.91339951753616333
   vertex -1.8261629343032837 0.95679998397827148 0.13041456043720245
   vertex -2.4066686630249023 0.95679998397827148 0.22908410429954529
  endloop
 endfacet
 facet normal 0 1 0
  outer loop
   vertex 0.49405068159103394 0.95679998397827148 -1.6815922260284424
   vertex 0.78321844339370728 0.95679998397827148 -1.6815105676651001
   vertex 0.55822491645812988 0.95679998397827148 -1.9800347089767456
  endloop
 endfacet
 facet normal 0 1 -0
  outer loop
   vertex -1.8261629343032837 0.95679998397827148 0.13041456043720245
   vertex -2.3740403652191162 0.95679998397827148 -0.45658096671104431
   vertex -2.4066686630249023 0.95679998397827148 0.22908410429954529
  endloop
 endfacet
 facet normal 0 1 0
  outer loop
   vertex 1.0958962440490723 0.95679998397827148 0.13449022173881531
   vertex 1.2571465969085693 0.95679998397827148 -0.0030187936499714851
   vertex 1.0735987424850464 0.95679998397827148 -0.01730649545788765
  endloop
 endfacet
 facet normal 0 1 0
  outer loop
   vertex -0.18298697471618652 0.95679998397827148 -0.95702821016311646
   vertex -0.28704297542572021 0.95679998397827148 -0.7024802565574646
   vertex -0.051135651767253876 0.95679998397827148 -0.75790458917617798
  endloop
 endfacet
 facet normal 0 1 0
  outer loop
   vertex 1.2887306213378906 0.95679998397827148 -0.35459986329078674
   vertex 1.2825362682342529 0.95679998397827148 -0.18848726153373718
   vertex 1.4045557975769043 0.95679998397827148 -0.29879522323608398
  endloop
 endfacet
 facet normal 0 1 -0
  outer loop
   vertex 14.97037410736084 0.95679998397827148 -0.73126500844955444
   vertex 14.896683692932129 0.95679998397827148 -0.89026117324829102
   vertex 14.818391799926758 0.95679998397827148 -0.74810713529586792
  endloop
 endfacet
 facet normal 0 1 0
  outer loop
   vertex 1.4475442171096802 0.95679998397827148 -1.4758129119873047
   vertex 1.5706518888473511 0.95679998397827148 -1.7049586772918701
   vertex 1.2774916887283325 0.95679998397827148 -1.6733307838439941
  endloop
 endfacet
 facet normal 0 1 -0
  outer loop
   vertex 1.4475442171096802 0.95679998397827148 -1.4758129119873047
   vertex 1.2774916887283325 0.95679998397827148 -1.6733307838439941
   vertex 1.2460519075393677 0.95679998397827148 -1.3921027183532715
  endloop
 endfacet
 facet normal 0 1 -0
  outer loop
   vertex 15.264984130859375 0.95679998397827148 -0.88028579950332642
   vertex 15.200175285339355 0.95679998397827148 -1.1041213274002075
   vertex 15.07353687286377 0.95679998397827148 -0.89961397647857666
  endloop
 endfacet
 facet normal 0 1 0
  outer loop
   vertex 0.78321844339370728 0.95679998397827148 -1.6815105676651001
   vertex 0.49405068159103394 0.95679998397827148 -1.6815922260284424
   vertex 0.581737220287323 0.95679998397827148 -1.4266015291213989
  endloop
 endfacet
 facet normal 0 1 0
  outer loop
   vertex -0.4910639226436615 0.95679998397827148 -1.9850647449493408
   vertex -0.16334065794944763 0.95679998397827148 -1.7543097734451294
   vertex -0.11262110620737076 0.95679998397827148 -2.077890157699585
  endloop
 endfacet
 facet normal -0 1 0
  outer loop
   vertex 1.2825362682342529 0.95679998397827148 -0.18848726153373718
   vertex 1.1094762086868286 0.95679998397827148 -0.17223592102527618
   vertex 1.2571465969085693 0.95679998397827148 -0.0030187936499714851
  endloop
 endfacet
 facet normal 0 1 0
  outer loop
   vertex 3.2528040409088135 0.95679998397827148 -1.1271617412567139
   vertex 4.0276880264282227 0.95679998397827148 -0.88351279497146606
   vertex 3.6923363208770752 0.95679998397827148 -1.7616920471191406
  endloop
 endfacet
 facet normal -0 1 0
  outer loop
   vertex -0.18298697471618652 0.95679998397827148 -0.95702821016311646
   vertex -0.48977339267730713 0.95679998397827148 -0.8925093412399292
   vertex -0.28704297542572021 0.95679998397827148 -0.7024802565574646
  endloop
 endfacet
 facet normal 0 1 -0
  outer loop
   vertex 0.084382794797420502 0.95679998397827148 -1.5245260000228882
   vertex -0.16334065794944763 0.95679998397827148 -1.7543097734451294
   vertex -0.19583958387374878 0.95679998397827148 -1.4831415414810181
  endloop
 endfacet
 facet normal -0 1 0
  outer loop
   vertex 16.880561828613281 0.95679998397827148 0.04315691813826561
   vertex 16.645837783813477 0.95679998397827148 0.78804904222488403
   vertex 17.360986709594727 0.95679998397827148 0.80101782083511353
  endloop
 endfacet
 facet normal 0 1 0
  outer loop
   vertex 0.95549434423446655 0.95679998397827148 0.26714238524436951
   vertex 0.89010095596313477 0.95679998397827148 0.45347768068313599
   vertex 1.13623046875 0.95679998397827148 0.35829907655715942
  endloop
 endfacet
 facet normal 0 1 -0
  outer loop
   vertex 1.4981667995452881 0.95679998397827148 -0.11937616020441055
   vertex 1.4045557975769043 0.95679998397827148 -0.29879522323608398
   vertex 1.2825362682342529 0.95679998397827148 -0.18848726153373718
  endloop
 endfacet
 facet normal -0 1 0
  outer loop
   vertex 2.3805043697357178 0.95679998397827148 -0.96496081352233887
   vertex 2.0317802429199219 0.95679998397827148 -0.78601694107055664
   vertex 2.3336024284362793 0.95679998397827148 -0.50287926197052002
  endloop
 endfacet
 facet normal -0 1 0
  outer loop
   vertex 17.105731964111328 0.95679998397827148 -1.3194489479064941
   vertex 16.684003829956055 0.95679998397827148 -0.67628175020217896
   vertex 17.403451919555664 0.95679998397827148 -0.66791367530822754
  endloop
 endfacet
 facet normal 0 1 0
  outer loop
   vertex -0.093076236546039581 0.95679998397827148 -1.1567755937576294
   vertex 0.047574266791343689 0.95679998397827148 -1.0395369529724121
   vertex 0.08795524388551712 0.95679998397827148 -1.1823680400848389
  endloop
 endfacet
 facet normal 0 1 0
  outer loop
   vertex 0.37065261602401733 0.95679998397827148 -1.1991943120956421
   vertex 0.52536028623580933 0.95679998397827148 -1.2296179533004761
   vertex 0.41125386953353882 0.95679998397827148 -1.3299689292907715
  endloop
 endfacet
 facet normal 0 1 0
  outer loop
   vertex -0.093076236546039581 0.95679998397827148 -1.1567755937576294
   vertex -0.18298697471618652 0.95679998397827148 -0.95702821016311646
   vertex 0.047574266791343689 0.95679998397827148 -1.0395369529724121
  endloop
 endfacet
 facet normal 0 1 0
  outer loop
   vertex 0.027236843481659889 0.95679998397827148 -0.89089208841323853
   vertex -0.18298697471618652 0.95679998397827148 -0.95702821016311646
   vertex -0.051135651767253876 0.95679998397827148 -0.75790458917617798
  endloop
 endfacet
 facet normal 0 1 0
  outer loop
   vertex -0.017528578639030457 0.95679998397827148 -1.3274617195129395
   vertex 0.084382794797420502 0.95679998397827148 -1.5245260000228882
   vertex -0.19583958387374878 0.95679998397827148 -1.4831415414810181
  endloop
 endfacet
 facet normal 0 1 0
  outer loop
   vertex 0.08795524388551712 0.95679998397827148 -1.1823680400848389
   vertex 0.047574266791343689 0.95679998397827148 -1.0395369529724121
   vertex 0.2124703973531723 0.95679998397827148 -1.1144222021102905
  endloop
 endfacet
 facet normal 0 1 0
  outer loop
   vertex 14.993038177490234 0.95679998397827148 -1.039162278175354
   vertex 14.896683692932129 0.95679998397827148 -0.89026117324829102
   vertex 15.07353687286377 0.95679998397827148 -0.89961397647857666
  endloop
 endfacet
 facet normal 0 1 0
  outer loop
   vertex -0.68429231643676758 0.95679998397827148 -1.1134645938873291
   vertex -0.48977339267730713 0.95679998397827148 -0.8925093412399292
   vertex -0.35763934254646301 0.95679998397827148 -1.1525354385375977
  endloop
 endfacet
 facet normal 0 1 0
  outer loop
   vertex 0.78321844339370728 0.95679998397827148 -1.6815105676651001
   vertex 1.062142014503479 0.95679998397827148 -1.7986476421356201
   vertex 0.91224229335784912 0.95679998397827148 -1.9692814350128174
  endloop
 endfacet
 facet normal 0 1 -0
  outer loop
   vertex -1.206184983253479 0.95679998397827148 -1.5119655132293701
   vertex -1.3679795265197754 0.95679998397827148 -1.9932801723480225
   vertex -1.7981482744216919 0.95679998397827148 -1.6159197092056274
  endloop
 endfacet
 facet normal 0 1 0
  outer loop
   vertex 0.55822491645812988 0.95679998397827148 -1.9800347089767456
   vertex 0.78321844339370728 0.95679998397827148 -1.6815105676651001
   vertex 0.91224229335784912 0.95679998397827148 -1.9692814350128174
  endloop
 endfacet
 facet normal 0 1 0
  outer loop
   vertex 1.9477074146270752 0.95679998397827148 -1.5765824317932129
   vertex 2.3809258937835693 0.95679998397827148 -1.4161713123321533
   vertex 2.2897069454193115 0.95679998397827148 -1.8002866506576538
  endloop
 endfacet
 facet normal 0 1 0
  outer loop
   vertex 14.896683692932129 0.95679998397827148 -0.89026117324829102
   vertex 14.753751754760742 0.95679998397827148 -0.90177929401397705
   vertex 14.818391799926758 0.95679998397827148 -0.74810713529586792
  endloop
 endfacet
 facet normal -0 1 0
  outer loop
   vertex 2.0317802429199219 0.95679998397827148 -0.78601694107055664
   vertex 1.7433651685714722 0.95679998397827148 -0.66109168529510498
   vertex 1.952767014503479 0.95679998397827148 -0.49644121527671814
  endloop
 endfacet
 facet normal 0 1 0
  outer loop
   vertex -0.18298697471618652 0.95679998397827148 -0.95702821016311646
   vertex 0.027236843481659889 0.95679998397827148 -0.89089208841323853
   vertex 0.047574266791343689 0.95679998397827148 -1.0395369529724121
  endloop
 endfacet
 facet normal -0.14062200070301131 0.26749639479448534 0.95324243070177861
  outer loop
   vertex -0.69808059930801392 0.95679998397827148 2.3145663738250732
   vertex -0.46695643663406372 0.25844019651412964 2.5446336269378662
   vertex -1.6881641077453116e-14 0.95679998397827148 2.4175469875335693
  endloop
 endfacet
 facet normal 0 1 0
  outer loop
   vertex -0.017528578639030457 0.95679998397827148 -1.3274617195129395
   vertex -0.093076236546039581 0.95679998397827148 -1.1567755937576294
   vertex 0.08795524388551712 0.95679998397827148 -1.1823680400848389
  endloop
 endfacet
 facet normal 0 1 -0
  outer loop
   vertex 1.2887306213378906 0.95679998397827148 -0.35459986329078674
   vertex 1.2232317924499512 0.95679998397827148 -0.47314760088920593
   vertex 1.1743041276931763 0.95679998397827148 -0.32944992184638977
  endloop
 endfacet
 facet normal 0 1 0
  outer loop
   vertex 14.443265914916992 0.95679998397827148 -1.2396377325057983
   vertex 14.551782608032227 0.95679998397827148 -1.2878340482711792
   vertex 14.44527530670166 0.95679998397827148 -1.3943949937820435
  endloop
 endfacet
 facet normal 0 1 0
  outer loop
   vertex 14.896683692932129 0.95679998397827148 -0.89026117324829102
   vertex 14.97037410736084 0.95679998397827148 -0.73126500844955444
   vertex 15.07353687286377 0.95679998397827148 -0.89961397647857666
  endloop
 endfacet
 facet normal 0 1 -0
  outer loop
   vertex 8.9641523361206055 0.95679998397827148 1.8501652479171753
   vertex 8.1631383895874023 0.95679998397827148 1.1173220872879028
   vertex 8.1121273040771484 0.95679998397827148 1.7971322536468506
  endloop
 endfacet
 facet normal 0 1 0
  outer loop
   vertex -0.46863234043121338 0.95679998397827148 -1.6470403671264648
   vertex -0.16334065794944763 0.95679998397827148 -1.7543097734451294
   vertex -0.4910639226436615 0.95679998397827148 -1.9850647449493408
  endloop
 endfacet
 facet normal 0 1 0
  outer loop
   vertex -0.43434944748878479 0.95679998397827148 -1.3739910125732422
   vertex -0.68429231643676758 0.95679998397827148 -1.1134645938873291
   vertex -0.35763934254646301 0.95679998397827148 -1.1525354385375977
  endloop
 endfacet
 facet normal 0 1 0
  outer loop
   vertex 0 0.95679998397827148 -2.4175469875335693
   vertex 0.2169521152973175 0.95679998397827148 -2.125389575958252
   vertex 0.43502786755561829 0.95679998397827148 -2.3431992530822754
  endloop
 endfacet
 facet normal 0 1 0
  outer loop
   vertex 1.2825362682342529 0.95679998397827148 -0.18848726153373718
   vertex 1.2571465969085693 0.95679998397827148 -0.0030187936499714851
   vertex 1.4981667995452881 0.95679998397827148 -0.11937616020441055
  endloop
 endfacet
 facet normal 0 1 0
  outer loop
   vertex 1.765556812286377 0.95679998397827148 -1.9887745380401611
   vertex 1.9477074146270752 0.95679998397827148 -1.5765824317932129
   vertex 2.2897069454193115 0.95679998397827148 -1.8002866506576538
  endloop
 endfacet
 facet normal 0 1 0
  outer loop
   vertex 1.4144823551177979 0.95679998397827148 -0.74672037363052368
   vertex 1.4947323799133301 0.95679998397827148 -0.60349762439727783
   vertex 1.5644146203994751 0.95679998397827148 -0.79572886228561401
  endloop
 endfacet
 facet normal -0 1 0
  outer loop
   vertex -0.017528578639030457 0.95679998397827148 -1.3274617195129395
   vertex -0.20932836830615997 0.95679998397827148 -1.3016774654388428
   vertex -0.093076236546039581 0.95679998397827148 -1.1567755937576294
  endloop
 endfacet
 facet normal 0 1 0
  outer loop
   vertex 1.3159074783325195 0.95679998397827148 -0.6093403697013855
   vertex 1.4144823551177979 0.95679998397827148 -0.74672037363052368
   vertex 1.2665311098098755 0.95679998397827148 -0.76439774036407471
  endloop
 endfacet
 facet normal 0 1 0
  outer loop
   vertex 1.4045557975769043 0.95679998397827148 -0.29879522323608398
   vertex 1.4981667995452881 0.95679998397827148 -0.11937616020441055
   vertex 1.609599232673645 0.95679998397827148 -0.40001270174980164
  endloop
 endfacet
 facet normal 0 1 0
  outer loop
   vertex 1.7433651685714722 0.95679998397827148 -0.66109168529510498
   vertex 1.609599232673645 0.95679998397827148 -0.40001270174980164
   vertex 1.952767014503479 0.95679998397827148 -0.49644121527671814
  endloop
 endfacet
 facet normal 0 1 0
  outer loop
   vertex 14.97037410736084 0.95679998397827148 -0.73126500844955444
   vertex 15.168412208557129 0.95679998397827148 -0.6928747296333313
   vertex 15.07353687286377 0.95679998397827148 -0.89961397647857666
  endloop
 endfacet
 facet normal -0 1 0
  outer loop
   vertex 1.7433651685714722 0.95679998397827148 -0.66109168529510498
   vertex 1.4947323799133301 0.95679998397827148 -0.60349762439727783
   vertex 1.609599232673645 0.95679998397827148 -0.40001270174980164
  endloop
 endfacet
 facet normal -0.26671964009280819 0.31577078526659208 -0.91057643543026223
  outer loop
   vertex -0.90998649597167969 0.95679998397827148 -2.2397451400756836
   vertex -0.4422452449798584 0.95679998397827148 -2.3767526149749756
   vertex -0.67492729425430298 0.54816615581512451 -2.4503035545349121
  endloop
 endfacet
 facet normal 0 1 0
  outer loop
   vertex 1.0958962440490723 0.95679998397827148 0.13449022173881531
   vertex 1.13623046875 0.95679998397827148 0.35829907655715942
   vertex 1.2662355899810791 0.95679998397827148 0.1937699019908905
  endloop
 endfacet
 facet normal -0.36257207097852767 0.25353762390939094 -0.89680553444362821
  outer loop
   vertex -1.2075505256652832 0.51704514026641846 -2.2437660694122314
   vertex -0.90998649597167969 0.95679998397827148 -2.2397451400756836
   vertex -0.67492729425430298 0.54816615581512451 -2.4503035545349121
  endloop
 endfacet
 facet normal 0.096565807609272331 0.27798255176380166 -0.95572001429061559
  outer loop
   vertex 15.079999923706055 0.95679998397827148 -2.4175469875335693
   vertex 15.563600540161133 0.95679998397827148 -2.3686840534210205
   vertex 15.079999923706055 0.48911049962043762 -2.5535800457000732
  endloop
 endfacet
 facet normal -0 1 0
  outer loop
   vertex 13.772359848022461 0.95679998397827148 -1.0598573684692383
   vertex 13.582140922546387 0.95679998397827148 -1.0543335676193237
   vertex 13.700872421264648 0.95679998397827148 -0.93239182233810425
  endloop
 endfacet
 facet normal -0 1 0
  outer loop
   vertex 1.765556812286377 0.95679998397827148 -1.9887745380401611
   vertex 1.5706518888473511 0.95679998397827148 -1.7049586772918701
   vertex 1.9477074146270752 0.95679998397827148 -1.5765824317932129
  endloop
 endfacet
 facet normal 0.39887691340187575 0.32507405782333815 0.85745207731118211
  outer loop
   vertex 15.754414558410645 0.95679998397827148 2.3215725421905518
   vertex 16.174882888793945 0.4678066074848175 2.3113608360290527
   vertex 16.421226501464844 0.95679998397827148 2.0113792419433594
  endloop
 endfacet
 facet normal -0.627327338560422 0.30833276978611396 -0.715116293598965
  outer loop
   vertex -1.3679795265197754 0.95679998397827148 -1.9932801723480225
   vertex -1.6864556074142456 0.47847366333007812 -1.9201381206512451
   vertex -1.7981482744216919 0.95679998397827148 -1.6159197092056274
  endloop
 endfacet
 facet normal 0 1 0
  outer loop
   vertex -1.27525794506073 0.95679998397827148 -0.83129453659057617
   vertex -1.0579544305801392 0.95679998397827148 -1.1424295902252197
   vertex -1.5179843902587891 0.95679998397827148 -1.124675989151001
  endloop
 endfacet
 facet normal -0.55597019464706687 0.24890366817425497 -0.79305996408437052
  outer loop
   vertex -1.3679795265197754 0.95679998397827148 -1.9932801723480225
   vertex -1.2075505256652832 0.51704514026641846 -2.2437660694122314
   vertex -1.6864556074142456 0.47847366333007812 -1.9201381206512451
  endloop
 endfacet
 facet normal 0.51775553932310225 0.30696697189831063 -0.79856150650017266
  outer loop
   vertex 16.652488708496094 0.95679998397827148 -1.8362491130828857
   vertex 16.436691284179688 0.44516304135322571 -2.1728367805480957
   vertex 16.11468505859375 0.95679998397827148 -2.1849396228790283
  endloop
 endfacet
 facet normal 0 1 -0
  outer loop
   vertex 14.350216865539551 0.95679998397827148 0.34673991799354553
   vertex 14.291358947753906 0.95679998397827148 0.17020899057388306
   vertex 14.158905982971191 0.95679998397827148 0.31644162535667419
  endloop
 endfacet
 facet normal 0 1 0
  outer loop
   vertex 1.609599232673645 0.95679998397827148 -0.40001270174980164
   vertex 1.7996503114700317 0.95679998397827148 -0.19720177352428436
   vertex 1.952767014503479 0.95679998397827148 -0.49644121527671814
  endloop
 endfacet
 facet normal -0 1 0
  outer loop
   vertex 1.7996503114700317 0.95679998397827148 -0.19720177352428436
   vertex 1.4981667995452881 0.95679998397827148 -0.11937616020441055
   vertex 1.689685583114624 0.95679998397827148 0.052076917141675949
  endloop
 endfacet
 facet normal -0 1 0
  outer loop
   vertex 1.3814122676849365 0.95679998397827148 -0.45416760444641113
   vertex 1.2887306213378906 0.95679998397827148 -0.35459986329078674
   vertex 1.4045557975769043 0.95679998397827148 -0.29879522323608398
  endloop
 endfacet
 facet normal 0 1 0
  outer loop
   vertex 1.7996503114700317 0.95679998397827148 -0.19720177352428436
   vertex 2.0570125579833984 0.95679998397827148 -0.25390169024467468
   vertex 1.952767014503479 0.95679998397827148 -0.49644121527671814
  endloop
 endfacet
 facet normal -0 1 0
  outer loop
   vertex -0.46863234043121338 0.95679998397827148 -1.6470403671264648
   vertex -0.73796099424362183 0.95679998397827148 -1.4614938497543335
   vertex -0.43434944748878479 0.95679998397827148 -1.3739910125732422
  endloop
 endfacet
 facet normal 0 1 0
  outer loop
   vertex 7.2734346389770508 0.95679998397827148 1.7548171281814575
   vertex 8.1121273040771484 0.95679998397827148 1.7971322536468506
   vertex 8.1631383895874023 0.95679998397827148 1.1173220872879028
  endloop
 endfacet
 facet normal 0 1 0
  outer loop
   vertex 14.868084907531738 0.95679998397827148 -0.61191672086715698
   vertex 14.97037410736084 0.95679998397827148 -0.73126500844955444
   vertex 14.818391799926758 0.95679998397827148 -0.74810713529586792
  endloop
 endfacet
 facet normal 0 1 -0
  outer loop
   vertex 2.3336024284362793 0.95679998397827148 -0.50287926197052002
   vertex 2.0317802429199219 0.95679998397827148 -0.78601694107055664
   vertex 1.952767014503479 0.95679998397827148 -0.49644121527671814
  endloop
 endfacet
 facet normal 0 1 0
  outer loop
   vertex 1.3814122676849365 0.95679998397827148 -0.45416760444641113
   vertex 1.4045557975769043 0.95679998397827148 -0.29879522323608398
   vertex 1.609599232673645 0.95679998397827148 -0.40001270174980164
  endloop
 endfacet
 facet normal 0 1 0
  outer loop
   vertex -0.73796099424362183 0.95679998397827148 -1.4614938497543335
   vertex -1.206184983253479 0.95679998397827148 -1.5119655132293701
   vertex -1.0579544305801392 0.95679998397827148 -1.1424295902252197
  endloop
 endfacet
 facet normal 0 1 0
  outer loop
   vertex 3.6923363208770752 0.95679998397827148 -1.7616920471191406
   vertex 4.0276880264282227 0.95679998397827148 -0.88351279497146606
   vertex 4.549191951751709 0.95679998397827148 -1.7380181550979614
  endloop
 endfacet
 facet normal 0 1 0
  outer loop
   vertex 15.168412208557129 0.95679998397827148 -0.6928747296333313
   vertex 15.264984130859375 0.95679998397827148 -0.88028579950332642
   vertex 15.07353687286377 0.95679998397827148 -0.89961397647857666
  endloop
 endfacet
 facet normal -0 1 0
  outer loop
   vertex 14.551782608032227 0.95679998397827148 -1.2878340482711792
   vertex 14.443265914916992 0.95679998397827148 -1.2396377325057983
   vertex 14.540534973144531 0.95679998397827148 -1.1471327543258667
  endloop
 endfacet
 facet normal -0.64243503165793281 0.29417854848213082 0.70762716999251618
  outer loop
   vertex -1.8722078800201416 0.95679998397827148 1.5295004844665527
   vertex -1.731041431427002 0.3577515184879303 1.9067012071609497
   vertex -1.341994047164917 0.95679998397827148 2.0108668804168701
  endloop
 endfacet
 facet normal 0 1 -0
  outer loop
   vertex -1.0579544305801392 0.95679998397827148 -1.1424295902252197
   vertex -1.206184983253479 0.95679998397827148 -1.5119655132293701
   vertex -1.5179843902587891 0.95679998397827148 -1.124675989151001
  endloop
 endfacet
 facet normal 0 1 0
  outer loop
   vertex -0.48977339267730713 0.95679998397827148 -0.8925093412399292
   vertex -0.18298697471618652 0.95679998397827148 -0.95702821016311646
   vertex -0.35763934254646301 0.95679998397827148 -1.1525354385375977
  endloop
 endfacet
 facet normal 0 1 0
  outer loop
   vertex -0.18298697471618652 0.95679998397827148 -0.95702821016311646
   vertex -0.093076236546039581 0.95679998397827148 -1.1567755937576294
   vertex -0.35763934254646301 0.95679998397827148 -1.1525354385375977
  endloop
 endfacet
 facet normal 0 1 0
  outer loop
   vertex 2.0570125579833984 0.95679998397827148 -0.25390169024467468
   vertex 2.3336024284362793 0.95679998397827148 -0.50287926197052002
   vertex 1.952767014503479 0.95679998397827148 -0.49644121527671814
  endloop
 endfacet
 facet normal 0.65414039541421132 0.2768835482861855 0.70387203650648811
  outer loop
   vertex 16.421226501464844 0.95679998397827148 2.0113792419433594
   vertex 16.693876266479492 0.30031105875968933 2.016237735748291
   vertex 16.987890243530273 0.95679998397827148 1.4847527742385864
  endloop
 endfacet
 facet normal -0 1 0
  outer loop
   vertex 1.4947323799133301 0.95679998397827148 -0.60349762439727783
   vertex 1.3814122676849365 0.95679998397827148 -0.45416760444641113
   vertex 1.609599232673645 0.95679998397827148 -0.40001270174980164
  endloop
 endfacet
 facet normal 0 1 -0
  outer loop
   vertex -0.093076236546039581 0.95679998397827148 -1.1567755937576294
   vertex -0.20932836830615997 0.95679998397827148 -1.3016774654388428
   vertex -0.35763934254646301 0.95679998397827148 -1.1525354385375977
  endloop
 endfacet
 facet normal 0 1 0
  outer loop
   vertex 1.2887306213378906 0.95679998397827148 -0.35459986329078674
   vertex 1.3814122676849365 0.95679998397827148 -0.45416760444641113
   vertex 1.2232317924499512 0.95679998397827148 -0.47314760088920593
  endloop
 endfacet
 facet normal 0 1 0
  outer loop
   vertex 17.360986709594727 0.95679998397827148 0.80101782083511353
   vertex 16.645837783813477 0.95679998397827148 0.78804904222488403
   vertex 16.987890243530273 0.95679998397827148 1.4847527742385864
  endloop
 endfacet
 facet normal -0 1 0
  outer loop
   vertex -0.16334065794944763 0.95679998397827148 -1.7543097734451294
   vertex -0.46863234043121338 0.95679998397827148 -1.6470403671264648
   vertex -0.19583958387374878 0.95679998397827148 -1.4831415414810181
  endloop
 endfacet
 facet normal -0 1 0
  outer loop
   vertex 1.2571465969085693 0.95679998397827148 -0.0030187936499714851
   vertex 1.0958962440490723 0.95679998397827148 0.13449022173881531
   vertex 1.2662355899810791 0.95679998397827148 0.1937699019908905
  endloop
 endfacet
 facet normal 0 1 0
  outer loop
   vertex -0.20932836830615997 0.95679998397827148 -1.3016774654388428
   vertex -0.017528578639030457 0.95679998397827148 -1.3274617195129395
   vertex -0.19583958387374878 0.95679998397827148 -1.4831415414810181
  endloop
 endfacet
 facet normal 0 1 0
  outer loop
   vertex -0.20932836830615997 0.95679998397827148 -1.3016774654388428
   vertex -0.43434944748878479 0.95679998397827148 -1.3739910125732422
   vertex -0.35763934254646301 0.95679998397827148 -1.1525354385375977
  endloop
 endfacet
 facet normal 0 1 0
  outer loop
   vertex -0.43434944748878479 0.95679998397827148 -1.3739910125732422
   vertex -0.20932836830615997 0.95679998397827148 -1.3016774654388428
   vertex -0.19583958387374878 0.95679998397827148 -1.4831415414810181
  endloop
 endfacet
 facet normal 0.30017856339350485 0.31522370885504869 -0.90029264323034386
  outer loop
   vertex 15.948917388916016 0.50856477022171021 -2.3971531391143799
   vertex 15.563600540161133 0.95679998397827148 -2.3686840534210205
   vertex 16.11468505859375 0.95679998397827148 -2.1849396228790283
  endloop
 endfacet
 facet normal -0.54310951602917956 0.21141743050244338 0.81260982253372671
  outer loop
   vertex -1.731041431427002 0.3577515184879303 1.9067012071609497
   vertex -1.0984207391738892 0.36008411645889282 2.3289077281951904
   vertex -1.341994047164917 0.95679998397827148 2.0108668804168701
  endloop
 endfacet
 facet normal -0 1 0
  outer loop
   vertex 17.403451919555664 0.95679998397827148 -0.66791367530822754
   vertex 16.880561828613281 0.95679998397827148 0.04315691813826561
   vertex 17.496774673461914 0.95679998397827148 0.061109349131584167
  endloop
 endfacet
 facet normal 0 1 0
  outer loop
   vertex -0.46863234043121338 0.95679998397827148 -1.6470403671264648
   vertex -0.43434944748878479 0.95679998397827148 -1.3739910125732422
   vertex -0.19583958387374878 0.95679998397827148 -1.4831415414810181
  endloop
 endfacet
 facet normal 0 1 0
  outer loop
   vertex 17.496774673461914 0.95679998397827148 0.061109349131584167
   vertex 16.880561828613281 0.95679998397827148 0.04315691813826561
   vertex 17.360986709594727 0.95679998397827148 0.80101782083511353
  endloop
 endfacet
 facet normal 0 1 0
  outer loop
   vertex -0.4422452449798584 0.95679998397827148 -2.3767526149749756
   vertex -0.4910639226436615 0.95679998397827148 -1.9850647449493408
   vertex -0.11262110620737076 0.95679998397827148 -2.077890157699585
  endloop
 endfacet
 facet normal 0 1 0
  outer loop
   vertex 1.4981667995452881 0.95679998397827148 -0.11937616020441055
   vertex 1.4741159677505493 0.95679998397827148 0.14801415801048279
   vertex 1.689685583114624 0.95679998397827148 0.052076917141675949
  endloop
 endfacet
 facet normal 0 1 -0
  outer loop
   vertex 0.2169521152973175 0.95679998397827148 -2.125389575958252
   vertex 0 0.95679998397827148 -2.4175469875335693
   vertex -0.11262110620737076 0.95679998397827148 -2.077890157699585
  endloop
 endfacet
 facet normal 0 1 0
  outer loop
   vertex 1.2571465969085693 0.95679998397827148 -0.0030187936499714851
   vertex 1.4741159677505493 0.95679998397827148 0.14801415801048279
   vertex 1.4981667995452881 0.95679998397827148 -0.11937616020441055
  endloop
 endfacet
 facet normal 0 1 0
  outer loop
   vertex 1.4947323799133301 0.95679998397827148 -0.60349762439727783
   vertex 1.3159074783325195 0.95679998397827148 -0.6093403697013855
   vertex 1.3814122676849365 0.95679998397827148 -0.45416760444641113
  endloop
 endfacet
 facet normal 0 1 0
  outer loop
   vertex 14.825619697570801 0.95679998397827148 -0.48392021656036377
   vertex 14.761955261230469 0.95679998397827148 -0.35041159391403198
   vertex 14.881628036499023 0.95679998397827148 -0.37527653574943542
  endloop
 endfacet
 facet normal 0 1 0
  outer loop
   vertex 1.4741159677505493 0.95679998397827148 0.14801415801048279
   vertex 1.2571465969085693 0.95679998397827148 -0.0030187936499714851
   vertex 1.2662355899810791 0.95679998397827148 0.1937699019908905
  endloop
 endfacet
 facet normal 0 1 -0
  outer loop
   vertex 1.3814122676849365 0.95679998397827148 -0.45416760444641113
   vertex 1.3159074783325195 0.95679998397827148 -0.6093403697013855
   vertex 1.2232317924499512 0.95679998397827148 -0.47314760088920593
  endloop
 endfacet
 facet normal -0 1 0
  outer loop
   vertex -1.5764483213424683 0.95679998397827148 0.85744082927703857
   vertex -2.2383553981781006 0.95679998397827148 0.91339951753616333
   vertex -1.8722078800201416 0.95679998397827148 1.5295004844665527
  endloop
 endfacet
 facet normal 0.13603405168305377 0.26023523584251862 0.95591440977144027
  outer loop
   vertex 15.079999923706055 0.95679998397827148 2.4175469875335693
   vertex 15.079999923706055 0.40070503950119019 2.5689365863800049
   vertex 15.754414558410645 0.95679998397827148 2.3215725421905518
  endloop
 endfacet
 facet normal 0.53592804302932961 0.2285937825202409 0.81272751601495685
  outer loop
   vertex 16.174882888793945 0.4678066074848175 2.3113608360290527
   vertex 16.693876266479492 0.30031105875968933 2.016237735748291
   vertex 16.421226501464844 0.95679998397827148 2.0113792419433594
  endloop
 endfacet
 facet normal 0 1 0
  outer loop
   vertex 1.3159074783325195 0.95679998397827148 -0.6093403697013855
   vertex 1.4947323799133301 0.95679998397827148 -0.60349762439727783
   vertex 1.4144823551177979 0.95679998397827148 -0.74672037363052368
  endloop
 endfacet
 facet normal -0 1 0
  outer loop
   vertex 0 0.95679998397827148 -2.4175469875335693
   vertex -0.4422452449798584 0.95679998397827148 -2.3767526149749756
   vertex -0.11262110620737076 0.95679998397827148 -2.077890157699585
  endloop
 endfacet
 facet normal 0 1 0
  outer loop
   vertex -1.206184983253479 0.95679998397827148 -1.5119655132293701
   vertex -1.7981482744216919 0.95679998397827148 -1.6159197092056274
   vertex -1.5179843902587891 0.95679998397827148 -1.124675989151001
  endloop
 endfacet
 facet normal -0.2848635911314949 0.21357556120164597 0.93447215801492478
  outer loop
   vertex -0.69808059930801392 0.95679998397827148 2.3145663738250732
   vertex -1.0984207391738892 0.36008411645889282 2.3289077281951904
   vertex -0.46695643663406372 0.25844019651412964 2.5446336269378662
  endloop
 endfacet
 facet normal -0.094173660300342216 0.23884774207096174 0.9664797348176728
  outer loop
   vertex -0.46695643663406372 0.25844019651412964 2.5446336269378662
   vertex -1.805051266334616e-14 0.27947214245796204 2.5849361419677734
   vertex -1.6881641077453116e-14 0.95679998397827148 2.4175469875335693
  endloop
 endfacet
 facet normal 0 1 0
  outer loop
   vertex -1.7981482744216919 0.95679998397827148 -1.6159197092056274
   vertex -2.1566286087036133 0.95679998397827148 -1.0924681425094604
   vertex -1.5179843902587891 0.95679998397827148 -1.124675989151001
  endloop
 endfacet
 facet normal 0.72255240979284274 0.27632004560968004 -0.63369176063510568
  outer loop
   vertex 16.994829177856445 0.29719111323356628 -1.7335244417190552
   vertex 16.652488708496094 0.95679998397827148 -1.8362491130828857
   vertex 17.105731964111328 0.95679998397827148 -1.3194489479064941
  endloop
 endfacet
 facet normal 0 1 0
  outer loop
   vertex 13.310370445251465 0.95679998397827148 -2.1771795749664307
   vertex 13.310981750488281 0.95679998397827148 -2.0587835311889648
   vertex 13.772977828979492 0.95679998397827148 -2.1792366504669189
  endloop
 endfacet
 facet normal -0.088170894575158421 0.28032718690571212 -0.95584651572904022
  outer loop
   vertex -0.4422452449798584 0.95679998397827148 -2.3767526149749756
   vertex 0 0.95679998397827148 -2.4175469875335693
   vertex 1.7816180998488258e-14 0.50046759843826294 -2.5513784885406494
  endloop
 endfacet
 facet normal -0.12662262655868484 0.24510780702232582 -0.96119138228559153
  outer loop
   vertex -0.67492729425430298 0.54816615581512451 -2.4503035545349121
   vertex -0.4422452449798584 0.95679998397827148 -2.3767526149749756
   vertex 1.7816180998488258e-14 0.50046759843826294 -2.5513784885406494
  endloop
 endfacet
 facet normal -0.13179910739238984 0.19469751622534637 -0.97196804086669963
  outer loop
   vertex -0.43351995944976807 0.17625682055950165 -2.5575366020202637
   vertex -0.67492729425430298 0.54816615581512451 -2.4503035545349121
   vertex 1.7816180998488258e-14 0.50046759843826294 -2.5513784885406494
  endloop
 endfacet
 facet normal -0.78582540309197535 0.30472546206381607 -0.5381643137790989
  outer loop
   vertex -1.7981482744216919 0.95679998397827148 -1.6159197092056274
   vertex -2.1063807010650635 0.43686738610267639 -1.4602420330047607
   vertex -2.1566286087036133 0.95679998397827148 -1.0924681425094604
  endloop
 endfacet
 facet normal -0.055714887710492988 0.093380960497610729 -0.99407034333791022
  outer loop
   vertex 1.8155334684634775e-14 -0.016562098637223244 -2.5999472141265869
   vertex -0.43351995944976807 0.17625682055950165 -2.5575366020202637
   vertex 1.7816180998488258e-14 0.50046759843826294 -2.5513784885406494
  endloop
 endfacet
 facet normal 0.43117923054588614 0.250867331815331 -0.86668913283467097
  outer loop
   vertex 16.436691284179688 0.44516304135322571 -2.1728367805480957
   vertex 15.948917388916016 0.50856477022171021 -2.3971531391143799
   vertex 16.11468505859375 0.95679998397827148 -2.1849396228790283
  endloop
 endfacet
 facet normal -0.36507741905931534 0.14426179592736479 -0.91973203289262484
  outer loop
   vertex -0.9461480975151062 0.046817459166049957 -2.4212830066680908
   vertex -1.2075505256652832 0.51704514026641846 -2.2437660694122314
   vertex -0.67492729425430298 0.54816615581512451 -2.4503035545349121
  endloop
 endfacet
 facet normal -0.27807055700640737 0.095102443691333402 -0.95584114293646261
  outer loop
   vertex -0.43351995944976807 0.17625682055950165 -2.5575366020202637
   vertex -0.9461480975151062 0.046817459166049957 -2.4212830066680908
   vertex -0.67492729425430298 0.54816615581512451 -2.4503035545349121
  endloop
 endfacet
 facet normal -0.11182694303705176 -0.032973002230054727 -0.99318050521288659
  outer loop
   vertex -0.46768087148666382 -0.32298251986503601 -2.5371158123016357
   vertex -0.43351995944976807 0.17625682055950165 -2.5575366020202637
   vertex 1.8155334684634775e-14 -0.016562098637223244 -2.5999472141265869
  endloop
 endfacet
 facet normal -0.25153229033590363 -0.022366803414702704 -0.96759042627724601
  outer loop
   vertex -0.43351995944976807 0.17625682055950165 -2.5575366020202637
   vertex -0.46768087148666382 -0.32298251986503601 -2.5371158123016357
   vertex -0.9461480975151062 0.046817459166049957 -2.4212830066680908
  endloop
 endfacet
 facet normal -0.90044954996964233 0.30726025733325696 -0.30786643568757072
  outer loop
   vertex -2.3740403652191162 0.95679998397827148 -0.45658096671104431
   vertex -2.1566286087036133 0.95679998397827148 -1.0924681425094604
   vertex -2.4229645729064941 0.42999747395515442 -0.83925241231918335
  endloop
 endfacet
 facet normal -0.72774605296867079 0.23894072323873725 -0.64287869241923845
  outer loop
   vertex -1.6864556074142456 0.47847366333007812 -1.9201381206512451
   vertex -2.1063807010650635 0.43686738610267639 -1.4602420330047607
   vertex -1.7981482744216919 0.95679998397827148 -1.6159197092056274
  endloop
 endfacet
 facet normal -0.057508562376405017 -0.11556056362501417 -0.99163426795773268
  outer loop
   vertex -0.46768087148666382 -0.32298251986503601 -2.5371158123016357
   vertex 1.8155334684634775e-14 -0.016562098637223244 -2.5999472141265869
   vertex 1.7695417817132318e-14 -0.58173471689224243 -2.5340845584869385
  endloop
 endfacet
 facet normal -0.47517709308499445 0.067050074646591212 -0.87733176033766214
  outer loop
   vertex -1.2075505256652832 0.51704514026641846 -2.2437660694122314
   vertex -0.9461480975151062 0.046817459166049957 -2.4212830066680908
   vertex -1.483080267906189 -0.018293876200914383 -2.1354479789733887
  endloop
 endfacet
 facet normal -0.56242363566204767 0.12406269814258458 -0.81748889960553361
  outer loop
   vertex -1.6864556074142456 0.47847366333007812 -1.9201381206512451
   vertex -1.2075505256652832 0.51704514026641846 -2.2437660694122314
   vertex -1.483080267906189 -0.018293876200914383 -2.1354479789733887
  endloop
 endfacet
 facet normal -0.12758667851210526 -0.24187450531372787 -0.96188271797838643
  outer loop
   vertex -0.48585966229438782 -0.90614157915115356 -2.3880636692047119
   vertex -0.46768087148666382 -0.32298251986503601 -2.5371158123016357
   vertex 1.7695417817132318e-14 -0.58173471689224243 -2.5340845584869385
  endloop
 endfacet
 facet normal -0.86856211354694191 0.22749182140508256 -0.44028096268708622
  outer loop
   vertex -2.4229645729064941 0.42999747395515442 -0.83925241231918335
   vertex -2.1566286087036133 0.95679998397827148 -1.0924681425094604
   vertex -2.1063807010650635 0.43686738610267639 -1.4602420330047607
  endloop
 endfacet
 facet normal 0.63862237999185778 0.21644482319928718 -0.73845317677139444
  outer loop
   vertex 16.436691284179688 0.44516304135322571 -2.1728367805480957
   vertex 16.652488708496094 0.95679998397827148 -1.8362491130828857
   vertex 16.994829177856445 0.29719111323356628 -1.7335244417190552
  endloop
 endfacet
 facet normal -0.94949215949854571 0.31052076851855542 -0.045182865883362268
  outer loop
   vertex -2.3740403652191162 0.95679998397827148 -0.45658096671104431
   vertex -2.5548183917999268 0.44240689277648926 -0.19281768798828125
   vertex -2.4066686630249023 0.95679998397827148 0.22908410429954529
  endloop
 endfacet
 facet normal -0.67020111723382414 0.046661769612949759 -0.74071124044064707
  outer loop
   vertex -1.9614208936691284 -0.063796192407608032 -1.7055082321166992
   vertex -1.6864556074142456 0.47847366333007812 -1.9201381206512451
   vertex -1.483080267906189 -0.018293876200914383 -2.1354479789733887
  endloop
 endfacet
 facet normal -0.31397652150380878 -0.11088385372116616 -0.94293346261987721
  outer loop
   vertex -0.46768087148666382 -0.32298251986503601 -2.5371158123016357
   vertex -1.0138061046600342 -0.5631709098815918 -2.3270230293273926
   vertex -0.9461480975151062 0.046817459166049957 -2.4212830066680908
  endloop
 endfacet
 facet normal -0.73886229171329276 0.11162305534796785 -0.66454706936301011
  outer loop
   vertex -1.6864556074142456 0.47847366333007812 -1.9201381206512451
   vertex -1.9614208936691284 -0.063796192407608032 -1.7055082321166992
   vertex -2.1063807010650635 0.43686738610267639 -1.4602420330047607
  endloop
 endfacet
 facet normal -0.92701920030841833 0.29773745924529466 0.2280083498946856
  outer loop
   vertex -2.2383553981781006 0.95679998397827148 0.91339951753616333
   vertex -2.4066686630249023 0.95679998397827148 0.22908410429954529
   vertex -2.5138559341430664 0.38383504748344421 0.54147821664810181
  endloop
 endfacet
 facet normal -0.054298566263992015 -0.34109399460840489 -0.93845967017435361
  outer loop
   vertex -0.48585966229438782 -0.90614157915115356 -2.3880636692047119
   vertex 1.7695417817132318e-14 -0.58173471689224243 -2.5340845584869385
   vertex 1.6174044999909924e-14 -1.1811634302139282 -2.3162152767181396
  endloop
 endfacet
 facet normal -0.46008783186381497 -0.085531254996383171 -0.88374407573097635
  outer loop
   vertex -0.9461480975151062 0.046817459166049957 -2.4212830066680908
   vertex -1.0138061046600342 -0.5631709098815918 -2.3270230293273926
   vertex -1.483080267906189 -0.018293876200914383 -2.1354479789733887
  endloop
 endfacet
 facet normal -0.82043337827593865 0.29858502582983515 0.48758184355134399
  outer loop
   vertex -1.8722078800201416 0.95679998397827148 1.5295004844665527
   vertex -2.2383553981781006 0.95679998397827148 0.91339951753616333
   vertex -2.2501177787780762 0.38263165950775146 1.2452162504196167
  endloop
 endfacet
 facet normal -0.25887972146897731 -0.23160857965341458 -0.93773064130541905
  outer loop
   vertex -1.0138061046600342 -0.5631709098815918 -2.3270230293273926
   vertex -0.46768087148666382 -0.32298251986503601 -2.5371158123016357
   vertex -0.48585966229438782 -0.90614157915115356 -2.3880636692047119
  endloop
 endfacet
 facet normal -0.13836776017314581 -0.47191530691319061 -0.87071827019173997
  outer loop
   vertex -0.53369301557540894 -1.483036994934082 -2.0677943229675293
   vertex -0.48585966229438782 -0.90614157915115356 -2.3880636692047119
   vertex 1.6174044999909924e-14 -1.1811634302139282 -2.3162152767181396
  endloop
 endfacet
 facet normal -0.83403248515308881 0.028434466118377785 -0.55098211844480527
  outer loop
   vertex -2.3274548053741455 -0.10867859423160553 -1.1537517309188843
   vertex -2.1063807010650635 0.43686738610267639 -1.4602420330047607
   vertex -1.9614208936691284 -0.063796192407608032 -1.7055082321166992
  endloop
 endfacet
 facet normal -0.27567653695155753 -0.44899705398540268 -0.84994358194342878
  outer loop
   vertex -0.48585966229438782 -0.90614157915115356 -2.3880636692047119
   vertex -0.53369301557540894 -1.483036994934082 -2.0677943229675293
   vertex -1.0805160999298096 -1.1509729623794556 -2.0658524036407471
  endloop
 endfacet
 facet normal -0.32983123125597408 -0.35180637616306221 -0.87603860221977781
  outer loop
   vertex -1.0138061046600342 -0.5631709098815918 -2.3270230293273926
   vertex -0.48585966229438782 -0.90614157915115356 -2.3880636692047119
   vertex -1.0805160999298096 -1.1509729623794556 -2.0658524036407471
  endloop
 endfacet
 facet normal -0.65944399676318899 -0.10333406770947229 -0.74461781175553776
  outer loop
   vertex -1.6010470390319824 -0.64695578813552856 -1.9437326192855835
   vertex -1.9614208936691284 -0.063796192407608032 -1.7055082321166992
   vertex -1.483080267906189 -0.018293876200914383 -2.1354479789733887
  endloop
 endfacet
 facet normal -0.88636224591611901 0.10597935189782824 -0.45069984023277593
  outer loop
   vertex -2.1063807010650635 0.43686738610267639 -1.4602420330047607
   vertex -2.3274548053741455 -0.10867859423160553 -1.1537517309188843
   vertex -2.4229645729064941 0.42999747395515442 -0.83925241231918335
  endloop
 endfacet
 facet normal -0.52399825595379468 -0.15696276529486741 -0.83713112358122843
  outer loop
   vertex -1.0138061046600342 -0.5631709098815918 -2.3270230293273926
   vertex -1.6010470390319824 -0.64695578813552856 -1.9437326192855835
   vertex -1.483080267906189 -0.018293876200914383 -2.1354479789733887
  endloop
 endfacet
 facet normal -0.95203851608637058 0.23272009537104293 -0.19865553377279491
  outer loop
   vertex -2.5548183917999268 0.44240689277648926 -0.19281768798828125
   vertex -2.3740403652191162 0.95679998397827148 -0.45658096671104431
   vertex -2.4229645729064941 0.42999747395515442 -0.83925241231918335
  endloop
 endfacet
 facet normal -0.057650091342137354 -0.5716322529671658 -0.8184821527290167
  outer loop
   vertex 1.3312378068929161e-14 -1.7679387331008911 -1.9064083099365234
   vertex -0.53369301557540894 -1.483036994934082 -2.0677943229675293
   vertex 1.6174044999909924e-14 -1.1811634302139282 -2.3162152767181396
  endloop
 endfacet
 facet normal -0.48901330899253392 -0.30723274063037648 -0.81637860500684389
  outer loop
   vertex -1.6010470390319824 -0.64695578813552856 -1.9437326192855835
   vertex -1.0138061046600342 -0.5631709098815918 -2.3270230293273926
   vertex -1.0805160999298096 -1.1509729623794556 -2.0658524036407471
  endloop
 endfacet
 facet normal 0.1443040589289577 0.23116368790661479 -0.96215367170220845
  outer loop
   vertex 15.563600540161133 0.95679998397827148 -2.3686840534210205
   vertex 15.56116771697998 0.22306960821151733 -2.5453324317932129
   vertex 15.079999923706055 0.48911049962043762 -2.5535800457000732
  endloop
 endfacet
 facet normal -0.82319569196664288 -0.11682288499608547 -0.55560891485716057
  outer loop
   vertex -2.0620224475860596 -0.69247281551361084 -1.4242697954177856
   vertex -2.3274548053741455 -0.10867859423160553 -1.1537517309188843
   vertex -1.9614208936691284 -0.063796192407608032 -1.7055082321166992
  endloop
 endfacet
 facet normal -0.34991826019946004 -0.57188535224520254 -0.74195980690760022
  outer loop
   vertex -0.53369301557540894 -1.483036994934082 -2.0677943229675293
   vertex -1.0276989936828613 -1.7371370792388916 -1.6389600038528442
   vertex -1.0805160999298096 -1.1509729623794556 -2.0658524036407471
  endloop
 endfacet
 facet normal -0.15423533375856976 -0.68968795639704228 -0.70748991838842068
  outer loop
   vertex -0.53382796049118042 -2.0292863845825195 -1.5352603197097778
   vertex -0.53369301557540894 -1.483036994934082 -2.0677943229675293
   vertex 1.3312378068929161e-14 -1.7679387331008911 -1.9064083099365234
  endloop
 endfacet
 facet normal -0.72794402696042571 -0.1795314477810255 -0.66171440430920636
  outer loop
   vertex -1.9614208936691284 -0.063796192407608032 -1.7055082321166992
   vertex -1.6010470390319824 -0.64695578813552856 -1.9437326192855835
   vertex -2.0620224475860596 -0.69247281551361084 -1.4242697954177856
  endloop
 endfacet
 facet normal -0.97258712011716975 0.22114554565475988 0.071895350470307082
  outer loop
   vertex -2.4066686630249023 0.95679998397827148 0.22908410429954529
   vertex -2.5548183917999268 0.44240689277648926 -0.19281768798828125
   vertex -2.5138559341430664 0.38383504748344421 0.54147821664810181
  endloop
 endfacet
 facet normal -0.25395423909329323 -0.67514317048384365 -0.692595801168019
  outer loop
   vertex -0.53369301557540894 -1.483036994934082 -2.0677943229675293
   vertex -0.53382796049118042 -2.0292863845825195 -1.5352603197097778
   vertex -1.0276989936828613 -1.7371370792388916 -1.6389600038528442
  endloop
 endfacet
 facet normal -0.9139885307458816 0.21689109621075672 0.34290409453589343
  outer loop
   vertex -2.2383553981781006 0.95679998397827148 0.91339951753616333
   vertex -2.5138559341430664 0.38383504748344421 0.54147821664810181
   vertex -2.2501177787780762 0.38263165950775146 1.2452162504196167
  endloop
 endfacet
 facet normal -0.94872704854942425 0.016095872597372076 -0.31568641123118973
  outer loop
   vertex -2.3274548053741455 -0.10867859423160553 -1.1537517309188843
   vertex -2.5435550212860107 -0.17980325222015381 -0.50793582201004028
   vertex -2.4229645729064941 0.42999747395515442 -0.83925241231918335
  endloop
 endfacet
 facet normal -0.55432243243806445 -0.39497793521272179 -0.73261113258743371
  outer loop
   vertex -1.6037907600402832 -1.2656679153442383 -1.6080858707427979
   vertex -1.6010470390319824 -0.64695578813552856 -1.9437326192855835
   vertex -1.0805160999298096 -1.1509729623794556 -2.0658524036407471
  endloop
 endfacet
 facet normal -0.48186900282027173 -0.5438060940532583 -0.68707874089622045
  outer loop
   vertex -1.0276989936828613 -1.7371370792388916 -1.6389600038528442
   vertex -1.6037907600402832 -1.2656679153442383 -1.6080858707427979
   vertex -1.0805160999298096 -1.1509729623794556 -2.0658524036407471
  endloop
 endfacet
 facet normal -0.68711397165754606 -0.34409452586628103 -0.63990104486697963
  outer loop
   vertex -1.6010470390319824 -0.64695578813552856 -1.9437326192855835
   vertex -1.6037907600402832 -1.2656679153442383 -1.6080858707427979
   vertex -2.0620224475860596 -0.69247281551361084 -1.4242697954177856
  endloop
 endfacet
 facet normal 0.19584715241900463 0.22891918539633524 -0.95354071724643497
  outer loop
   vertex 15.56116771697998 0.22306960821151733 -2.5453324317932129
   vertex 15.563600540161133 0.95679998397827148 -2.3686840534210205
   vertex 15.948917388916016 0.50856477022171021 -2.3971531391143799
  endloop
 endfacet
 facet normal -0.87543782060353614 -0.19262233415374611 -0.4432891366163777
  outer loop
   vertex -2.3296527862548828 -0.76579070091247559 -0.86387622356414795
   vertex -2.3274548053741455 -0.10867859423160553 -1.1537517309188843
   vertex -2.0620224475860596 -0.69247281551361084 -1.4242697954177856
  endloop
 endfacet
 facet normal -0.9760475915914123 0.083974458105799607 -0.20069725791460349
  outer loop
   vertex -2.5435550212860107 -0.17980325222015381 -0.50793582201004028
   vertex -2.5548183917999268 0.44240689277648926 -0.19281768798828125
   vertex -2.4229645729064941 0.42999747395515442 -0.83925241231918335
  endloop
 endfacet
 facet normal -0.9339617150930708 -0.14161921199808108 -0.32811509190138183
  outer loop
   vertex -2.3274548053741455 -0.10867859423160553 -1.1537517309188843
   vertex -2.3296527862548828 -0.76579070091247559 -0.86387622356414795
   vertex -2.5435550212860107 -0.17980325222015381 -0.50793582201004028
  endloop
 endfacet
 facet normal -0.76660843010891111 0.20294149842570014 0.60920133215767192
  outer loop
   vertex -1.731041431427002 0.3577515184879303 1.9067012071609497
   vertex -1.8722078800201416 0.95679998397827148 1.5295004844665527
   vertex -2.2501177787780762 0.38263165950775146 1.2452162504196167
  endloop
 endfacet
 facet normal -0.73570571449913913 -0.41699194019351754 -0.53371792500061022
  outer loop
   vertex -1.6037907600402832 -1.2656679153442383 -1.6080858707427979
   vertex -1.9776582717895508 -1.3233712911605835 -1.0476431846618652
   vertex -2.0620224475860596 -0.69247281551361084 -1.4242697954177856
  endloop
 endfacet
 facet normal -0.81792313490701052 -0.37158304046786755 -0.43923546011284575
  outer loop
   vertex -1.9776582717895508 -1.3233712911605835 -1.0476431846618652
   vertex -2.3296527862548828 -0.76579070091247559 -0.86387622356414795
   vertex -2.0620224475860596 -0.69247281551361084 -1.4242697954177856
  endloop
 endfacet
 facet normal -0.99813384977317277 0.012230765482609493 -0.05982663547864641
  outer loop
   vertex -2.5851762294769287 -0.21074767410755157 0.18013668060302734
   vertex -2.5548183917999268 0.44240689277648926 -0.19281768798828125
   vertex -2.5435550212860107 -0.17980325222015381 -0.50793582201004028
  endloop
 endfacet
 facet normal -0.35452305951990987 -0.78152790156623897 -0.51334933460764676
  outer loop
   vertex -1.0276989936828613 -1.7371370792388916 -1.6389600038528442
   vertex -0.53382796049118042 -2.0292863845825195 -1.5352603197097778
   vertex -1.0897884368896484 -2.1599063873291016 -0.95245254039764404
  endloop
 endfacet
 facet normal -0.99473159286449964 0.081637760660923597 0.062002695034368747
  outer loop
   vertex -2.5548183917999268 0.44240689277648926 -0.19281768798828125
   vertex -2.5851762294769287 -0.21074767410755157 0.18013668060302734
   vertex -2.5138559341430664 0.38383504748344421 0.54147821664810181
  endloop
 endfacet
 facet normal -0.53047277912939539 -0.60961551198430486 -0.58903952172231167
  outer loop
   vertex -1.5098048448562622 -1.7484210729598999 -1.1931105852127075
   vertex -1.6037907600402832 -1.2656679153442383 -1.6080858707427979
   vertex -1.0276989936828613 -1.7371370792388916 -1.6389600038528442
  endloop
 endfacet
 facet normal -0.97711160008446551 -0.011873059380452463 0.21239574252165172
  outer loop
   vertex -2.5851762294769287 -0.21074767410755157 0.18013668060302734
   vertex -2.4313249588012695 -0.25407809019088745 0.88549637794494629
   vertex -2.5138559341430664 0.38383504748344421 0.54147821664810181
  endloop
 endfacet
 facet normal -0.93419457483471469 0.068007322085086183 0.35022207310819548
  outer loop
   vertex -2.2501177787780762 0.38263165950775146 1.2452162504196167
   vertex -2.5138559341430664 0.38383504748344421 0.54147821664810181
   vertex -2.4313249588012695 -0.25407809019088745 0.88549637794494629
  endloop
 endfacet
 facet normal -0.66249077511491594 -0.55828432859869315 -0.49942424984049821
  outer loop
   vertex -1.5098048448562622 -1.7484210729598999 -1.1931105852127075
   vertex -1.9776582717895508 -1.3233712911605835 -1.0476431846618652
   vertex -1.6037907600402832 -1.2656679153442383 -1.6080858707427979
  endloop
 endfacet
 facet normal -0.44374275141763397 -0.74459241530870046 -0.49867274402062872
  outer loop
   vertex -1.5098048448562622 -1.7484210729598999 -1.1931105852127075
   vertex -1.0276989936828613 -1.7371370792388916 -1.6389600038528442
   vertex -1.0897884368896484 -2.1599063873291016 -0.95245254039764404
  endloop
 endfacet
 facet normal -0.96084787411868822 -0.19418080157181422 0.19764913129716799
  outer loop
   vertex -2.4313249588012695 -0.25407809019088745 0.88549637794494629
   vertex -2.5851762294769287 -0.21074767410755157 0.18013668060302734
   vertex -2.3944356441497803 -0.93108177185058594 0.39970573782920837
  endloop
 endfacet
 facet normal -0.84959815632123659 -0.44098087049591 -0.28934208928571914
  outer loop
   vertex -1.9776582717895508 -1.3233712911605835 -1.0476431846618652
   vertex -2.2297694683074951 -1.2870928049087524 -0.36265784502029419
   vertex -2.3296527862548828 -0.76579070091247559 -0.86387622356414795
  endloop
 endfacet
 facet normal -0.95245103322203828 -0.21899023144458277 -0.2118497293982691
  outer loop
   vertex -2.3296527862548828 -0.76579070091247559 -0.86387622356414795
   vertex -2.4822928905487061 -0.74827110767364502 -0.19573467969894409
   vertex -2.5435550212860107 -0.17980325222015381 -0.50793582201004028
  endloop
 endfacet
 facet normal -0.98754422407278475 -0.14275765591288014 -0.066156308684368489
  outer loop
   vertex -2.4822928905487061 -0.74827110767364502 -0.19573467969894409
   vertex -2.5851762294769287 -0.21074767410755157 0.18013668060302734
   vertex -2.5435550212860107 -0.17980325222015381 -0.50793582201004028
  endloop
 endfacet
 facet normal -0.048194563020678365 -0.7827331777634613 -0.62048856276611541
  outer loop
   vertex -0.53382796049118042 -2.0292863845825195 -1.5352603197097778
   vertex 1.3312378068929161e-14 -1.7679387331008911 -1.9064083099365234
   vertex 8.9819017973008161e-15 -2.2595434188842773 -1.2862594127655029
  endloop
 endfacet
 facet normal -0.68624076192835459 -0.63229704490149541 -0.35954702568207614
  outer loop
   vertex -1.9776582717895508 -1.3233712911605835 -1.0476431846618652
   vertex -1.5098048448562622 -1.7484210729598999 -1.1931105852127075
   vertex -1.7679433822631836 -1.8149183988571167 -0.58347892761230469
  endloop
 endfacet
 facet normal -0.77805563725212867 -0.5736743009961528 -0.25598285434137868
  outer loop
   vertex -2.2297694683074951 -1.2870928049087524 -0.36265784502029419
   vertex -1.9776582717895508 -1.3233712911605835 -1.0476431846618652
   vertex -1.7679433822631836 -1.8149183988571167 -0.58347892761230469
  endloop
 endfacet
 facet normal -0.56238484830056323 -0.76192329111917045 -0.32124162378509458
  outer loop
   vertex -1.7679433822631836 -1.8149183988571167 -0.58347892761230469
   vertex -1.5098048448562622 -1.7484210729598999 -1.1931105852127075
   vertex -1.0897884368896484 -2.1599063873291016 -0.95245254039764404
  endloop
 endfacet
 facet normal -0.9693873672492147 -0.23509046672372447 0.070856225366989531
  outer loop
   vertex -2.5851762294769287 -0.21074767410755157 0.18013668060302734
   vertex -2.4822928905487061 -0.74827110767364502 -0.19573467969894409
   vertex -2.3944356441497803 -0.93108177185058594 0.39970573782920837
  endloop
 endfacet
 facet normal -0.90968792920905239 -0.3649153987109392 -0.19825393624082802
  outer loop
   vertex -2.3296527862548828 -0.76579070091247559 -0.86387622356414795
   vertex -2.2297694683074951 -1.2870928049087524 -0.36265784502029419
   vertex -2.4822928905487061 -0.74827110767364502 -0.19573467969894409
  endloop
 endfacet
 facet normal -0.28104018794311936 -0.84378879409636742 -0.457205515844127
  outer loop
   vertex -0.53382796049118042 -2.0292863845825195 -1.5352603197097778
   vertex -0.4378102719783783 -2.3854796886444092 -0.93691432476043701
   vertex -1.0897884368896484 -2.1599063873291016 -0.95245254039764404
  endloop
 endfacet
 facet normal -0.88187330269102071 -0.015254179724219986 0.47123962906548161
  outer loop
   vertex -2.4313249588012695 -0.25407809019088745 0.88549637794494629
   vertex -2.0798153877258301 -0.22222615778446198 1.5443390607833862
   vertex -2.2501177787780762 0.38263165950775146 1.2452162504196167
  endloop
 endfacet
 facet normal -0.90512580344453408 -0.4251330509799322 0.0030280197127467642
  outer loop
   vertex -2.4822928905487061 -0.74827110767364502 -0.19573467969894409
   vertex -2.2297694683074951 -1.2870928049087524 -0.36265784502029419
   vertex -2.3944356441497803 -0.93108177185058594 0.39970573782920837
  endloop
 endfacet
 facet normal -0.78230659530923963 0.084902709007479094 0.61708015762853441
  outer loop
   vertex -2.0798153877258301 -0.22222615778446198 1.5443390607833862
   vertex -1.731041431427002 0.3577515184879303 1.9067012071609497
   vertex -2.2501177787780762 0.38263165950775146 1.2452162504196167
  endloop
 endfacet
 facet normal -0.14289894867725303 -0.86036289346166961 -0.48923980011973628
  outer loop
   vertex -0.4378102719783783 -2.3854796886444092 -0.93691432476043701
   vertex -0.53382796049118042 -2.0292863845825195 -1.5352603197097778
   vertex 8.9819017973008161e-15 -2.2595434188842773 -1.2862594127655029
  endloop
 endfacet
 facet normal 0.15711842217714722 0.23602041794926301 0.95896202413005849
  outer loop
   vertex 15.079999923706055 0.40070503950119019 2.5689365863800049
   vertex 15.655394554138184 0.17913350462913513 2.52919602394104
   vertex 15.754414558410645 0.95679998397827148 2.3215725421905518
  endloop
 endfacet
 facet normal -0.91244813532878744 -0.27021298677886985 0.30728381361708745
  outer loop
   vertex -2.1493673324584961 -0.91583776473999023 1.1408162117004395
   vertex -2.4313249588012695 -0.25407809019088745 0.88549637794494629
   vertex -2.3944356441497803 -0.93108177185058594 0.39970573782920837
  endloop
 endfacet
 facet normal -0.31752725141595739 0.038253666854326344 0.94747723011185114
  outer loop
   vertex -1.0984207391738892 0.36008411645889282 2.3289077281951904
   vertex -0.78412157297134399 -0.29897069931030273 2.4608473777770996
   vertex -0.46695643663406372 0.25844019651412964 2.5446336269378662
  endloop
 endfacet
 facet normal -0.084052738641983718 -0.041643512918754885 0.99559075676633713
  outer loop
   vertex -0.46695643663406372 0.25844019651412964 2.5446336269378662
   vertex -1.7824488697634928e-14 -0.49436330795288086 2.5525681972503662
   vertex -1.805051266334616e-14 0.27947214245796204 2.5849361419677734
  endloop
 endfacet
 facet normal -0.86301476665592491 -0.18657969453331974 0.46946089306956384
  outer loop
   vertex -2.1493673324584961 -0.91583776473999023 1.1408162117004395
   vertex -2.0798153877258301 -0.22222615778446198 1.5443390607833862
   vertex -2.4313249588012695 -0.25407809019088745 0.88549637794494629
  endloop
 endfacet
 facet normal -0.86140481491660004 -0.50545399443311112 0.049980039516896176
  outer loop
   vertex -2.2297694683074951 -1.2870928049087524 -0.36265784502029419
   vertex -1.9500099420547485 -1.7093666791915894 0.18848590552806854
   vertex -2.3944356441497803 -0.93108177185058594 0.39970573782920837
  endloop
 endfacet
 facet normal -0.13367876932989523 -0.072502157009163348 0.98836907269474161
  outer loop
   vertex -0.78412157297134399 -0.29897069931030273 2.4608473777770996
   vertex -1.7824488697634928e-14 -0.49436330795288086 2.5525681972503662
   vertex -0.46695643663406372 0.25844019651412964 2.5446336269378662
  endloop
 endfacet
 facet normal -0.53005290607063638 -0.82284828943793475 -0.20485265274127637
  outer loop
   vertex -1.7679433822631836 -1.8149183988571167 -0.58347892761230469
   vertex -1.0897884368896484 -2.1599063873291016 -0.95245254039764404
   vertex -1.3822096586227417 -2.2019946575164795 -0.026758013293147087
  endloop
 endfacet
 facet normal -0.76851121972596925 -0.63278481677437759 -0.094730569591449071
  outer loop
   vertex -1.9500099420547485 -1.7093666791915894 0.18848590552806854
   vertex -2.2297694683074951 -1.2870928049087524 -0.36265784502029419
   vertex -1.7679433822631836 -1.8149183988571167 -0.58347892761230469
  endloop
 endfacet
 facet normal -0.30972873213515828 -0.91340694737242267 -0.26411334873826348
  outer loop
   vertex -0.4378102719783783 -2.3854796886444092 -0.93691432476043701
   vertex -0.70992130041122437 -2.4869067668914795 -0.26703223586082458
   vertex -1.0897884368896484 -2.1599063873291016 -0.95245254039764404
  endloop
 endfacet
 facet normal -0.55419047694905144 0.062560798550284014 0.83003557860114263
  outer loop
   vertex -1.0984207391738892 0.36008411645889282 2.3289077281951904
   vertex -1.731041431427002 0.3577515184879303 1.9067012071609497
   vertex -1.4571171998977661 -0.26713484525680542 2.1366908550262451
  endloop
 endfacet
 facet normal -0.69015329413735771 -0.036529597919097004 0.72274063056342897
  outer loop
   vertex -1.731041431427002 0.3577515184879303 1.9067012071609497
   vertex -2.0798153877258301 -0.22222615778446198 1.5443390607833862
   vertex -1.4571171998977661 -0.26713484525680542 2.1366908550262451
  endloop
 endfacet
 facet normal -0.43483054856100239 -0.027171793568537359 0.90010226511902891
  outer loop
   vertex -0.78412157297134399 -0.29897069931030273 2.4608473777770996
   vertex -1.0984207391738892 0.36008411645889282 2.3289077281951904
   vertex -1.4571171998977661 -0.26713484525680542 2.1366908550262451
  endloop
 endfacet
 facet normal -0.010245061257521585 -0.93652547861523994 -0.35044980614108673
  outer loop
   vertex -0.4378102719783783 -2.3854796886444092 -0.93691432476043701
   vertex 8.9819017973008161e-15 -2.2595434188842773 -1.2862594127655029
   vertex 3.5826876337049889e-15 -2.5488758087158203 -0.51306122541427612
  endloop
 endfacet
 facet normal -0.43726567642292979 -0.88149900613640564 -0.17820839038307557
  outer loop
   vertex -1.0897884368896484 -2.1599063873291016 -0.95245254039764404
   vertex -0.70992130041122437 -2.4869067668914795 -0.26703223586082458
   vertex -1.3822096586227417 -2.2019946575164795 -0.026758013293147087
  endloop
 endfacet
 facet normal -0.15697491509755723 -0.96504324571313504 -0.20988189520197392
  outer loop
   vertex -0.70992130041122437 -2.4869067668914795 -0.26703223586082458
   vertex -0.4378102719783783 -2.3854796886444092 -0.93691432476043701
   vertex 3.5826876337049889e-15 -2.5488758087158203 -0.51306122541427612
  endloop
 endfacet
 facet normal -0.6662376977847434 -0.74367527988012649 -0.055447345704733073
  outer loop
   vertex -1.9500099420547485 -1.7093666791915894 0.18848590552806854
   vertex -1.7679433822631836 -1.8149183988571167 -0.58347892761230469
   vertex -1.3822096586227417 -2.2019946575164795 -0.026758013293147087
  endloop
 endfacet
 facet normal -0.86328332388323026 -0.41031697317980714 0.29390795196061498
  outer loop
   vertex -2.0314843654632568 -1.4248470067977905 0.77645474672317505
   vertex -2.1493673324584961 -0.91583776473999023 1.1408162117004395
   vertex -2.3944356441497803 -0.93108177185058594 0.39970573782920837
  endloop
 endfacet
 facet normal 0.27336458195444352 0.21547946970662055 0.93746488119173077
  outer loop
   vertex 15.655394554138184 0.17913350462913513 2.52919602394104
   vertex 16.174882888793945 0.4678066074848175 2.3113608360290527
   vertex 15.754414558410645 0.95679998397827148 2.3215725421905518
  endloop
 endfacet
 facet normal -0.84448218667265529 -0.51857080159489233 0.13391848313732188
  outer loop
   vertex -2.3944356441497803 -0.93108177185058594 0.39970573782920837
   vertex -1.9500099420547485 -1.7093666791915894 0.18848590552806854
   vertex -2.0314843654632568 -1.4248470067977905 0.77645474672317505
  endloop
 endfacet
 facet normal -0.16280261474725666 -0.19977384299670342 0.96622239690755707
  outer loop
   vertex -1.7824488697634928e-14 -0.49436330795288086 2.5525681972503662
   vertex -0.78412157297134399 -0.29897069931030273 2.4608473777770996
   vertex -0.44558024406433105 -0.92630171775817871 2.3881840705871582
  endloop
 endfacet
 facet normal -0.43300859682546722 -0.19666960431321298 0.87967301982868851
  outer loop
   vertex -1.0889546871185303 -0.93180137872695923 2.1693141460418701
   vertex -0.78412157297134399 -0.29897069931030273 2.4608473777770996
   vertex -1.4571171998977661 -0.26713484525680542 2.1366908550262451
  endloop
 endfacet
 facet normal -0.77977508567794784 -0.25456279435058687 0.57196905465975179
  outer loop
   vertex -2.0798153877258301 -0.22222615778446198 1.5443390607833862
   vertex -2.1493673324584961 -0.91583776473999023 1.1408162117004395
   vertex -1.7244235277175903 -0.86973237991333008 1.7406691312789917
  endloop
 endfacet
 facet normal -0.68626291806876827 -0.16163806719943594 0.70916594850272496
  outer loop
   vertex -2.0798153877258301 -0.22222615778446198 1.5443390607833862
   vertex -1.7244235277175903 -0.86973237991333008 1.7406691312789917
   vertex -1.4571171998977661 -0.26713484525680542 2.1366908550262451
  endloop
 endfacet
 facet normal -0.10008983302160346 -0.99423768694596382 -0.038385507448085984
  outer loop
   vertex -2.1997223294045526e-15 -2.5808460712432861 0.31501275300979614
   vertex -0.70992130041122437 -2.4869067668914795 -0.26703223586082458
   vertex 3.5826876337049889e-15 -2.5488758087158203 -0.51306122541427612
  endloop
 endfacet
 facet normal 0.94884660338907179 0.29143949288655829 -0.12146252600307299
  outer loop
   vertex 17.627265930175781 0.3430817723274231 -0.39208012819290161
   vertex 17.403451919555664 0.95679998397827148 -0.66791367530822754
   vertex 17.496774673461914 0.95679998397827148 0.061109349131584167
  endloop
 endfacet
 facet normal -0.30786154670245436 -0.27175125722526189 0.91179631621237756
  outer loop
   vertex -0.78412157297134399 -0.29897069931030273 2.4608473777770996
   vertex -1.0889546871185303 -0.93180137872695923 2.1693141460418701
   vertex -0.44558024406433105 -0.92630171775817871 2.3881840705871582
  endloop
 endfacet
 facet normal -0.55645641265747592 -0.26965043556576573 0.78590387669966721
  outer loop
   vertex -1.7244235277175903 -0.86973237991333008 1.7406691312789917
   vertex -1.0889546871185303 -0.93180137872695923 2.1693141460418701
   vertex -1.4571171998977661 -0.26713484525680542 2.1366908550262451
  endloop
 endfacet
 facet normal 0.86765585709896065 0.29996608408107794 -0.39647655926035724
  outer loop
   vertex 17.419282913208008 0.38096079230308533 -1.0689370632171631
   vertex 17.105731964111328 0.95679998397827148 -1.3194489479064941
   vertex 17.403451919555664 0.95679998397827148 -0.66791367530822754
  endloop
 endfacet
 facet normal -0.01951599171723116 -0.33796963741254243 0.94095464835162368
  outer loop
   vertex -1.5947465380585293e-14 -1.2427407503128052 2.2837679386138916
   vertex -1.7824488697634928e-14 -0.49436330795288086 2.5525681972503662
   vertex -0.44558024406433105 -0.92630171775817871 2.3881840705871582
  endloop
 endfacet
 facet normal 0 1 0
  outer loop
   vertex 13.772719383239746 0.95679998397827148 -2.2748425006866455
   vertex 13.772977828979492 0.95679998397827148 -2.1792366504669189
   vertex 14.199884414672852 0.95679998397827148 -2.2757983207702637
  endloop
 endfacet
 facet normal 0.94332584706867451 0.28313622169527186 0.17311910991075927
  outer loop
   vertex 17.638589859008789 0.31471690535545349 0.33848512172698975
   vertex 17.496774673461914 0.95679998397827148 0.061109349131584167
   vertex 17.360986709594727 0.95679998397827148 0.80101782083511353
  endloop
 endfacet
 facet normal 0.83963165254282324 0.29172466990262269 0.45816525950623277
  outer loop
   vertex 17.436014175415039 0.37591919302940369 1.0333833694458008
   vertex 17.360986709594727 0.95679998397827148 0.80101782083511353
   vertex 16.987890243530273 0.95679998397827148 1.4847527742385864
  endloop
 endfacet
 facet normal -0.28603654960256669 -0.43880934137642236 0.85183886634283656
  outer loop
   vertex -1.0889546871185303 -0.93180137872695923 2.1693141460418701
   vertex -0.62192618846893311 -1.4868675470352173 2.0402040481567383
   vertex -0.44558024406433105 -0.92630171775817871 2.3881840705871582
  endloop
 endfacet
 facet normal -0.73339306150880401 -0.39922570038041183 0.55023036765205291
  outer loop
   vertex -2.1493673324584961 -0.91583776473999023 1.1408162117004395
   vertex -1.8247376680374146 -1.376276969909668 1.2394330501556396
   vertex -1.7244235277175903 -0.86973237991333008 1.7406691312789917
  endloop
 endfacet
 facet normal -0.53395227831637959 -0.4270328600114382 0.72975194480809646
  outer loop
   vertex -1.3038485050201416 -1.4891949892044067 1.6859054565429688
   vertex -1.0889546871185303 -0.93180137872695923 2.1693141460418701
   vertex -1.7244235277175903 -0.86973237991333008 1.7406691312789917
  endloop
 endfacet
 facet normal -0.61609931106084348 -0.77398454035741238 0.14618334446194334
  outer loop
   vertex -1.3822096586227417 -2.2019946575164795 -0.026758013293147087
   vertex -1.5046961307525635 -1.9361975193023682 0.86430823802947998
   vertex -1.9500099420547485 -1.7093666791915894 0.18848590552806854
  endloop
 endfacet
 facet normal -0.36354737653908226 -0.92786740760093234 0.08303841835846873
  outer loop
   vertex -0.70992130041122437 -2.4869067668914795 -0.26703223586082458
   vertex -0.69887423515319824 -2.4047811031341553 0.69900083541870117
   vertex -1.3822096586227417 -2.2019946575164795 -0.026758013293147087
  endloop
 endfacet
 facet normal -0.78703765833719186 -0.46908068050606933 0.400668241235904
  outer loop
   vertex -2.1493673324584961 -0.91583776473999023 1.1408162117004395
   vertex -2.0314843654632568 -1.4248470067977905 0.77645474672317505
   vertex -1.8247376680374146 -1.376276969909668 1.2394330501556396
  endloop
 endfacet
 facet normal -0.1452416953685392 -0.48843361621051179 0.86042864461964219
  outer loop
   vertex -0.62192618846893311 -1.4868675470352173 2.0402040481567383
   vertex -1.5947465380585293e-14 -1.2427407503128052 2.2837679386138916
   vertex -0.44558024406433105 -0.92630171775817871 2.3881840705871582
  endloop
 endfacet
 facet normal -0.19909487720337371 -0.97626323132385484 0.085272111715842439
  outer loop
   vertex -0.69887423515319824 -2.4047811031341553 0.69900083541870117
   vertex -0.70992130041122437 -2.4869067668914795 -0.26703223586082458
   vertex -2.1997223294045526e-15 -2.5808460712432861 0.31501275300979614
  endloop
 endfacet
 facet normal -0.3951592620258893 -0.51017386968106704 0.76391870007861451
  outer loop
   vertex -0.62192618846893311 -1.4868675470352173 2.0402040481567383
   vertex -1.0889546871185303 -0.93180137872695923 2.1693141460418701
   vertex -1.3038485050201416 -1.4891949892044067 1.6859054565429688
  endloop
 endfacet
 facet normal 0 1 0
  outer loop
   vertex 0.86065757274627686 0.95679998397827148 -2.2508649826049805
   vertex 0.86072570085525513 0.95679998397827148 -2.3429243564605713
   vertex 0.43502786755561829 0.95679998397827148 -2.3431992530822754
  endloop
 endfacet
 facet normal -0.69718172895383645 -0.67842489433381925 0.23168361953553271
  outer loop
   vertex -1.5046961307525635 -1.9361975193023682 0.86430823802947998
   vertex -2.0314843654632568 -1.4248470067977905 0.77645474672317505
   vertex -1.9500099420547485 -1.7093666791915894 0.18848590552806854
  endloop
 endfacet
 facet normal -0.072527223326269291 -0.60574918873066319 0.79234318462944131
  outer loop
   vertex -1.5947465380585293e-14 -1.2427407503128052 2.2837679386138916
   vertex -0.62192618846893311 -1.4868675470352173 2.0402040481567383
   vertex -1.2556579887456568e-14 -1.877916693687439 1.7981736660003662
  endloop
 endfacet
 facet normal -0.62840734310528579 -0.48071388246932067 0.61157041649562116
  outer loop
   vertex -1.8247376680374146 -1.376276969909668 1.2394330501556396
   vertex -1.3038485050201416 -1.4891949892044067 1.6859054565429688
   vertex -1.7244235277175903 -0.86973237991333008 1.7406691312789917
  endloop
 endfacet
 facet normal -0.17720301964501189 -0.70612956048928288 0.6855509708489238
  outer loop
   vertex -0.62192618846893311 -1.4868675470352173 2.0402040481567383
   vertex -0.75703346729278564 -2.0063059329986572 1.4702504873275757
   vertex -1.2556579887456568e-14 -1.877916693687439 1.7981736660003662
  endloop
 endfacet
 facet normal -0.34855877660443635 -0.65014232180466003 0.67514571808644708
  outer loop
   vertex -0.75703346729278564 -2.0063059329986572 1.4702504873275757
   vertex -0.62192618846893311 -1.4868675470352173 2.0402040481567383
   vertex -1.3038485050201416 -1.4891949892044067 1.6859054565429688
  endloop
 endfacet
 facet normal -0.46301187753844891 -0.86479032626863572 0.194313388243082
  outer loop
   vertex -0.69887423515319824 -2.4047811031341553 0.69900083541870117
   vertex -1.5046961307525635 -1.9361975193023682 0.86430823802947998
   vertex -1.3822096586227417 -2.2019946575164795 -0.026758013293147087
  endloop
 endfacet
 facet normal -0.67821667245437822 -0.63520922731293838 0.36950153279981207
  outer loop
   vertex -2.0314843654632568 -1.4248470067977905 0.77645474672317505
   vertex -1.5046961307525635 -1.9361975193023682 0.86430823802947998
   vertex -1.8247376680374146 -1.376276969909668 1.2394330501556396
  endloop
 endfacet
 facet normal -0.088210391902310975 -0.95651334995632642 0.27803082224056902
  outer loop
   vertex -0.69887423515319824 -2.4047811031341553 0.69900083541870117
   vertex -2.1997223294045526e-15 -2.5808460712432861 0.31501275300979614
   vertex -7.8037247074492361e-15 -2.3475751876831055 1.1175378561019897
  endloop
 endfacet
 facet normal -0.47818097908449253 -0.71710784497925528 0.50704959314745968
  outer loop
   vertex -1.5046961307525635 -1.9361975193023682 0.86430823802947998
   vertex -0.75703346729278564 -2.0063059329986572 1.4702504873275757
   vertex -1.3038485050201416 -1.4891949892044067 1.6859054565429688
  endloop
 endfacet
 facet normal -0.56769659026117913 -0.65690688767274608 0.49617932477476046
  outer loop
   vertex -1.8247376680374146 -1.376276969909668 1.2394330501556396
   vertex -1.5046961307525635 -1.9361975193023682 0.86430823802947998
   vertex -1.3038485050201416 -1.4891949892044067 1.6859054565429688
  endloop
 endfacet
 facet normal -0.10582827793063281 -0.81844692239566619 0.56475216760212532
  outer loop
   vertex -0.75703346729278564 -2.0063059329986572 1.4702504873275757
   vertex -7.8037247074492361e-15 -2.3475751876831055 1.1175378561019897
   vertex -1.2556579887456568e-14 -1.877916693687439 1.7981736660003662
  endloop
 endfacet
 facet normal 0 1 0
  outer loop
   vertex 1.3901678323745728 0.95679998397827148 2.1937086582183838
   vertex 0.69482696056365967 0.95679998397827148 2.3152461051940918
   vertex 1.3902019262313843 0.95679998397827148 2.3152065277099609
  endloop
 endfacet
 facet normal -0.39918453679395532 -0.82650239772641254 0.39692000722700554
  outer loop
   vertex -1.5046961307525635 -1.9361975193023682 0.86430823802947998
   vertex -0.69887423515319824 -2.4047811031341553 0.69900083541870117
   vertex -0.75703346729278564 -2.0063059329986572 1.4702504873275757
  endloop
 endfacet
 facet normal -0.191132827210753 -0.87785232668061464 0.43913953921715571
  outer loop
   vertex -0.75703346729278564 -2.0063059329986572 1.4702504873275757
   vertex -0.69887423515319824 -2.4047811031341553 0.69900083541870117
   vertex -7.8037247074492361e-15 -2.3475751876831055 1.1175378561019897
  endloop
 endfacet
 facet normal 0.065207228548053081 0.087118119039973782 -0.99406159300116759
  outer loop
   vertex 15.56116771697998 0.22306960821151733 -2.5453324317932129
   vertex 15.079999923706055 -0.037481158971786499 -2.5997297763824463
   vertex 15.079999923706055 0.48911049962043762 -2.5535800457000732
  endloop
 endfacet
 facet normal 0.12783505083554683 -0.029101047212113269 -0.99136841226106831
  outer loop
   vertex 15.56116771697998 0.22306960821151733 -2.5453324317932129
   vertex 15.565816879272461 -0.36952054500579834 -2.5273377895355225
   vertex 15.079999923706055 -0.037481158971786499 -2.5997297763824463
  endloop
 endfacet
 facet normal 0.076174229309996316 -0.16918069668437385 0.98263695160441522
  outer loop
   vertex 15.079999923706055 -0.7105216383934021 2.5010316371917725
   vertex 15.614319801330566 -0.43173593282699585 2.5076096057891846
   vertex 15.079999923706055 -0.16680239140987396 2.5946438312530518
  endloop
 endfacet
 facet normal 0.1391678797454691 -0.044315896752173171 0.98927670676216839
  outer loop
   vertex 15.614319801330566 -0.43173593282699585 2.5076096057891846
   vertex 15.655394554138184 0.17913350462913513 2.52919602394104
   vertex 15.079999923706055 -0.16680239140987396 2.5946438312530518
  endloop
 endfacet
 facet normal 0.13738907394441593 -0.28569754776773354 0.9484203464499269
  outer loop
   vertex 15.079999923706055 -0.7105216383934021 2.5010316371917725
   vertex 15.630430221557617 -1.0148011445999146 2.3296360969543457
   vertex 15.614319801330566 -0.43173593282699585 2.5076096057891846
  endloop
 endfacet
 facet normal 0.2479212100237021 -0.027461175297131421 -0.96839091149787415
  outer loop
   vertex 15.565816879272461 -0.36952054500579834 -2.5273377895355225
   vertex 15.56116771697998 0.22306960821151733 -2.5453324317932129
   vertex 16.045791625976562 -0.071914710104465485 -2.4128971099853516
  endloop
 endfacet
 facet normal 0.086100509695305416 0.04508406717678197 0.99526585851068361
  outer loop
   vertex 15.079999923706055 -0.16680239140987396 2.5946438312530518
   vertex 15.655394554138184 0.17913350462913513 2.52919602394104
   vertex 15.079999923706055 0.40070503950119019 2.5689365863800049
  endloop
 endfacet
 facet normal 0.078719080474892331 -0.37735180701225085 0.92271822357303446
  outer loop
   vertex 15.630430221557617 -1.0148011445999146 2.3296360969543457
   vertex 15.079999923706055 -0.7105216383934021 2.5010316371917725
   vertex 15.079999923706055 -1.2456140518188477 2.2822020053863525
  endloop
 endfacet
 facet normal 0.061137798299469019 -0.1264096131327902 -0.99009230848780549
  outer loop
   vertex 15.079999923706055 -0.037481158971786499 -2.5997297763824463
   vertex 15.565816879272461 -0.36952054500579834 -2.5273377895355225
   vertex 15.079999923706055 -0.6169126033782959 -2.5257511138916016
  endloop
 endfacet
 facet normal 0.30606805027296613 0.076815205287318014 -0.94890556581715346
  outer loop
   vertex 16.045791625976562 -0.071914710104465485 -2.4128971099853516
   vertex 15.56116771697998 0.22306960821151733 -2.5453324317932129
   vertex 15.948917388916016 0.50856477022171021 -2.3971531391143799
  endloop
 endfacet
 facet normal 0.74619903760493544 0.18381680966382072 0.63984246245656662
  outer loop
   vertex 16.693876266479492 0.30031105875968933 2.016237735748291
   vertex 17.194318771362305 0.02040054090321064 1.5130240917205811
   vertex 16.987890243530273 0.95679998397827148 1.4847527742385864
  endloop
 endfacet
 facet normal 0.32135401573383165 -0.15932497239691862 -0.93345977403552927
  outer loop
   vertex 16.071922302246094 -0.7177625298500061 -2.2936666011810303
   vertex 15.565816879272461 -0.36952054500579834 -2.5273377895355225
   vertex 16.045791625976562 -0.071914710104465485 -2.4128971099853516
  endloop
 endfacet
 facet normal 0 1 0
  outer loop
   vertex 1.765556812286377 0.95679998397827148 -1.9887745380401611
   vertex 1.7673478126525879 0.95679998397827148 -2.1302428245544434
   vertex 1.2949429750442505 0.95679998397827148 -2.1352200508117676
  endloop
 endfacet
 facet normal 0.29920165151441064 -0.053783064869656512 0.95267295210070679
  outer loop
   vertex 16.210586547851562 -0.09268815815448761 2.3394837379455566
   vertex 15.655394554138184 0.17913350462913513 2.52919602394104
   vertex 15.614319801330566 -0.43173593282699585 2.5076096057891846
  endloop
 endfacet
 facet normal 0.42612482045949984 0.095514005726936288 -0.89960808805743508
  outer loop
   vertex 16.436691284179688 0.44516304135322571 -2.1728367805480957
   vertex 16.045791625976562 -0.071914710104465485 -2.4128971099853516
   vertex 15.948917388916016 0.50856477022171021 -2.3971531391143799
  endloop
 endfacet
 facet normal 0.2951947068175384 -0.27146027044046817 0.91606190109582408
  outer loop
   vertex 15.630430221557617 -1.0148011445999146 2.3296360969543457
   vertex 16.200822830200195 -0.70146220922470093 2.2386839389801025
   vertex 15.614319801330566 -0.43173593282699585 2.5076096057891846
  endloop
 endfacet
 facet normal 0.25360669642428485 -0.25714125621808853 -0.93250309269157061
  outer loop
   vertex 15.571756362915039 -0.98080688714981079 -2.3571579456329346
   vertex 15.565816879272461 -0.36952054500579834 -2.5273377895355225
   vertex 16.071922302246094 -0.7177625298500061 -2.2936666011810303
  endloop
 endfacet
 facet normal 0.13166007049735229 -0.26467485878660046 -0.95530772265428976
  outer loop
   vertex 15.565816879272461 -0.36952054500579834 -2.5273377895355225
   vertex 15.571756362915039 -0.98080688714981079 -2.3571579456329346
   vertex 15.079999923706055 -0.6169126033782959 -2.5257511138916016
  endloop
 endfacet
 facet normal 0.81283900890044281 0.20548731673689125 -0.54503918049074063
  outer loop
   vertex 17.419282913208008 0.38096079230308533 -1.0689370632171631
   vertex 16.994829177856445 0.29719111323356628 -1.7335244417190552
   vertex 17.105731964111328 0.95679998397827148 -1.3194489479064941
  endloop
 endfacet
 facet normal 0.35038784397800626 -0.1584653171297197 0.92310189148296184
  outer loop
   vertex 16.200822830200195 -0.70146220922470093 2.2386839389801025
   vertex 16.210586547851562 -0.09268815815448761 2.3394837379455566
   vertex 15.614319801330566 -0.43173593282699585 2.5076096057891846
  endloop
 endfacet
 facet normal 0.13745866698971704 -0.5031443094183079 0.8532003977784961
  outer loop
   vertex 15.624367713928223 -1.5513019561767578 2.0142307281494141
   vertex 15.630430221557617 -1.0148011445999146 2.3296360969543457
   vertex 15.079999923706055 -1.2456140518188477 2.2822020053863525
  endloop
 endfacet
 facet normal 0.32182068215588339 -0.40540523469917272 -0.85561559371906648
  outer loop
   vertex 16.100423812866211 -1.3005644083023071 -2.0068049430847168
   vertex 15.571756362915039 -0.98080688714981079 -2.3571579456329346
   vertex 16.071922302246094 -0.7177625298500061 -2.2936666011810303
  endloop
 endfacet
 facet normal 0.056004407599223135 -0.35641530913256675 -0.93264764715587911
  outer loop
   vertex 15.079999923706055 -0.6169126033782959 -2.5257511138916016
   vertex 15.571756362915039 -0.98080688714981079 -2.3571579456329346
   vertex 15.079999923706055 -1.2247686386108398 -2.2934563159942627
  endloop
 endfacet
 facet normal 0.93633241272495893 0.21762846479139875 -0.27553486928734855
  outer loop
   vertex 17.627265930175781 0.3430817723274231 -0.39208012819290161
   vertex 17.419282913208008 0.38096079230308533 -1.0689370632171631
   vertex 17.403451919555664 0.95679998397827148 -0.66791367530822754
  endloop
 endfacet
 facet normal 0.07147886561745817 -0.58249489214925765 0.8096854156955442
  outer loop
   vertex 15.079999923706055 -1.7678012847900391 1.9065358638763428
   vertex 15.624367713928223 -1.5513019561767578 2.0142307281494141
   vertex 15.079999923706055 -1.2456140518188477 2.2822020053863525
  endloop
 endfacet
 facet normal 0.50477964421007637 0.019074249899841248 -0.86303747530562491
  outer loop
   vertex 16.045791625976562 -0.071914710104465485 -2.4128971099853516
   vertex 16.436691284179688 0.44516304135322571 -2.1728367805480957
   vertex 16.609533309936523 -0.25337532162666321 -2.0871822834014893
  endloop
 endfacet
 facet normal 0.35278346060644206 0.06929261162396054 0.93313576927308606
  outer loop
   vertex 16.174882888793945 0.4678066074848175 2.3113608360290527
   vertex 15.655394554138184 0.17913350462913513 2.52919602394104
   vertex 16.210586547851562 -0.09268815815448761 2.3394837379455566
  endloop
 endfacet
 facet normal 0.46017724896808271 -0.143139741756178 -0.87621225388723123
  outer loop
   vertex 16.071922302246094 -0.7177625298500061 -2.2936666011810303
   vertex 16.045791625976562 -0.071914710104465485 -2.4128971099853516
   vertex 16.609533309936523 -0.25337532162666321 -2.0871822834014893
  endloop
 endfacet
 facet normal 0.26170254922976982 -0.48291863234857113 -0.83564428452375938
  outer loop
   vertex 15.571756362915039 -0.98080688714981079 -2.3571579456329346
   vertex 16.100423812866211 -1.3005644083023071 -2.0068049430847168
   vertex 15.592580795288086 -1.5596514940261841 -2.0161221027374268
  endloop
 endfacet
 facet normal 0.13680997097963069 -0.49918487286488816 -0.85562695992086291
  outer loop
   vertex 15.592580795288086 -1.5596514940261841 -2.0161221027374268
   vertex 15.079999923706055 -1.2247686386108398 -2.2934563159942627
   vertex 15.571756362915039 -0.98080688714981079 -2.3571579456329346
  endloop
 endfacet
 facet normal 0.81003350595847934 0.1952646631698709 0.55291720043942505
  outer loop
   vertex 17.194318771362305 0.02040054090321064 1.5130240917205811
   vertex 17.436014175415039 0.37591919302940369 1.0333833694458008
   vertex 16.987890243530273 0.95679998397827148 1.4847527742385864
  endloop
 endfacet
 facet normal 0.34578815802386181 -0.38049935949747488 0.8577008727945169
  outer loop
   vertex 16.200822830200195 -0.70146220922470093 2.2386839389801025
   vertex 15.630430221557617 -1.0148011445999146 2.3296360969543457
   vertex 16.087823867797852 -1.2730751037597656 2.0306572914123535
  endloop
 endfacet
 facet normal 0.26527102623089566 -0.49087043166469629 0.82986595421171605
  outer loop
   vertex 15.630430221557617 -1.0148011445999146 2.3296360969543457
   vertex 15.624367713928223 -1.5513019561767578 2.0142307281494141
   vertex 16.087823867797852 -1.2730751037597656 2.0306572914123535
  endloop
 endfacet
 facet normal 0.97706521657824019 0.21282905859790827 -0.0068814511002151125
  outer loop
   vertex 17.638589859008789 0.31471690535545349 0.33848512172698975
   vertex 17.627265930175781 0.3430817723274231 -0.39208012819290161
   vertex 17.496774673461914 0.95679998397827148 0.061109349131584167
  endloop
 endfacet
 facet normal 0.13302622271878231 -0.6889195666157707 0.71252638884683539
  outer loop
   vertex 15.079999923706055 -1.7678012847900391 1.9065358638763428
   vertex 15.530781745910645 -2.0039279460906982 1.5940729379653931
   vertex 15.624367713928223 -1.5513019561767578 2.0142307281494141
  endloop
 endfacet
 facet normal 0.62714975401760231 0.059953165092018611 -0.77658792421148948
  outer loop
   vertex 16.609533309936523 -0.25337532162666321 -2.0871822834014893
   vertex 16.436691284179688 0.44516304135322571 -2.1728367805480957
   vertex 16.994829177856445 0.29719111323356628 -1.7335244417190552
  endloop
 endfacet
 facet normal 0.51737649089635518 -0.14786168626639301 0.84288699622323782
  outer loop
   vertex 16.210586547851562 -0.09268815815448761 2.3394837379455566
   vertex 16.200822830200195 -0.70146220922470093 2.2386839389801025
   vertex 16.740777969360352 -0.39714321494102478 1.9606360197067261
  endloop
 endfacet
 facet normal 0.32893992546680623 -0.6191197183985383 -0.71308435666757297
  outer loop
   vertex 15.592580795288086 -1.5596514940261841 -2.0161221027374268
   vertex 16.100423812866211 -1.3005644083023071 -2.0068049430847168
   vertex 16.077747344970703 -1.8187751770019531 -1.5673403739929199
  endloop
 endfacet
 facet normal 0.060425470511190994 -0.58017570249537842 -0.81224683240225404
  outer loop
   vertex 15.079999923706055 -1.2247686386108398 -2.2934563159942627
   vertex 15.592580795288086 -1.5596514940261841 -2.0161221027374268
   vertex 15.079999923706055 -1.772261381149292 -1.9023904800415039
  endloop
 endfacet
 facet normal 0.94089023951058737 0.22337791287619566 0.25461316783069987
  outer loop
   vertex 17.436014175415039 0.37591919302940369 1.0333833694458008
   vertex 17.638589859008789 0.31471690535545349 0.33848512172698975
   vertex 17.360986709594727 0.95679998397827148 0.80101782083511353
  endloop
 endfacet
 facet normal 0.28284345070894368 -0.68331208135698773 0.67311528125770459
  outer loop
   vertex 15.530781745910645 -2.0039279460906982 1.5940729379653931
   vertex 16.16893196105957 -1.7617777585983276 1.5717402696609497
   vertex 15.624367713928223 -1.5513019561767578 2.0142307281494141
  endloop
 endfacet
 facet normal 0.46704309995227694 -0.37199982915645102 -0.80217633341712269
  outer loop
   vertex 16.100423812866211 -1.3005644083023071 -2.0068049430847168
   vertex 16.071922302246094 -0.7177625298500061 -2.2936666011810303
   vertex 16.623796463012695 -0.93140363693237305 -1.8732808828353882
  endloop
 endfacet
 facet normal 0.34235859432797588 -0.61235607452386076 0.71260832922686235
  outer loop
   vertex 15.624367713928223 -1.5513019561767578 2.0142307281494141
   vertex 16.16893196105957 -1.7617777585983276 1.5717402696609497
   vertex 16.087823867797852 -1.2730751037597656 2.0306572914123535
  endloop
 endfacet
 facet normal 0.25678034483974954 -0.69045690005038796 -0.67626409314467373
  outer loop
   vertex 15.592864036560059 -2.0481131076812744 -1.5173015594482422
   vertex 15.592580795288086 -1.5596514940261841 -2.0161221027374268
   vertex 16.077747344970703 -1.8187751770019531 -1.5673403739929199
  endloop
 endfacet
 facet normal 0.13970918713482219 -0.70743975011667704 -0.69282778739379458
  outer loop
   vertex 15.592580795288086 -1.5596514940261841 -2.0161221027374268
   vertex 15.592864036560059 -2.0481131076812744 -1.5173015594482422
   vertex 15.079999923706055 -1.772261381149292 -1.9023904800415039
  endloop
 endfacet
 facet normal 0.52530674193675775 -0.24593511394575449 -0.8145972910612197
  outer loop
   vertex 16.071922302246094 -0.7177625298500061 -2.2936666011810303
   vertex 16.609533309936523 -0.25337532162666321 -2.0871822834014893
   vertex 16.623796463012695 -0.93140363693237305 -1.8732808828353882
  endloop
 endfacet
 facet normal 0.51120844953212685 0.075520665066888065 0.85613232054093946
  outer loop
   vertex 16.174882888793945 0.4678066074848175 2.3113608360290527
   vertex 16.210586547851562 -0.09268815815448761 2.3394837379455566
   vertex 16.693876266479492 0.30031105875968933 2.016237735748291
  endloop
 endfacet
 facet normal 0.57084497210212803 -0.02703241759669061 0.8206127382782934
  outer loop
   vertex 16.693876266479492 0.30031105875968933 2.016237735748291
   vertex 16.210586547851562 -0.09268815815448761 2.3394837379455566
   vertex 16.740777969360352 -0.39714321494102478 1.9606360197067261
  endloop
 endfacet
 facet normal 0.71189493449900265 -0.048142213189324511 -0.70063394832386927
  outer loop
   vertex 17.135791778564453 -0.39093306660652161 -1.5430135726928711
   vertex 16.609533309936523 -0.25337532162666321 -2.0871822834014893
   vertex 16.994829177856445 0.29719111323356628 -1.7335244417190552
  endloop
 endfacet
 facet normal 0.062546617610721805 -0.77004910176729668 -0.63491125481663802
  outer loop
   vertex 15.592864036560059 -2.0481131076812744 -1.5173015594482422
   vertex 15.079999923706055 -2.2053208351135254 -1.3771563768386841
   vertex 15.079999923706055 -1.772261381149292 -1.9023904800415039
  endloop
 endfacet
 facet normal 0.44243348594792681 -0.59121704396996366 -0.67432560193973345
  outer loop
   vertex 16.077747344970703 -1.8187751770019531 -1.5673403739929199
   vertex 16.100423812866211 -1.3005644083023071 -2.0068049430847168
   vertex 16.54835319519043 -1.4414007663726807 -1.5894341468811035
  endloop
 endfacet
 facet normal 0.56039578341446139 -0.28320066318762083 0.77830196601408108
  outer loop
   vertex 16.200822830200195 -0.70146220922470093 2.2386839389801025
   vertex 16.62443733215332 -1.0594375133514404 1.803415060043335
   vertex 16.740777969360352 -0.39714321494102478 1.9606360197067261
  endloop
 endfacet
 facet normal 0.48519398239550449 -0.38213959563474881 0.78648339390943378
  outer loop
   vertex 16.200822830200195 -0.70146220922470093 2.2386839389801025
   vertex 16.087823867797852 -1.2730751037597656 2.0306572914123535
   vertex 16.62443733215332 -1.0594375133514404 1.803415060043335
  endloop
 endfacet
 facet normal 0.12574362132449188 -0.85649264759585453 -0.50060851601870104
  outer loop
   vertex 15.079999923706055 -2.2053208351135254 -1.3771563768386841
   vertex 15.592864036560059 -2.0481131076812744 -1.5173015594482422
   vertex 15.478664398193359 -2.3651390075683594 -1.0035858154296875
  endloop
 endfacet
 facet normal 0.51611054751453811 -0.47356696700608297 -0.71369757636193731
  outer loop
   vertex 16.54835319519043 -1.4414007663726807 -1.5894341468811035
   vertex 16.100423812866211 -1.3005644083023071 -2.0068049430847168
   vertex 16.623796463012695 -0.93140363693237305 -1.8732808828353882
  endloop
 endfacet
 facet normal 0.022462527296722504 -0.91027341975703746 -0.41339779408128474
  outer loop
   vertex 15.079999923706055 -2.488156795501709 -0.75437110662460327
   vertex 15.079999923706055 -2.2053208351135254 -1.3771563768386841
   vertex 15.478664398193359 -2.3651390075683594 -1.0035858154296875
  endloop
 endfacet
 facet normal 0.67611675842070063 -0.20869828893297801 -0.70661952504804948
  outer loop
   vertex 16.609533309936523 -0.25337532162666321 -2.0871822834014893
   vertex 17.135791778564453 -0.39093306660652161 -1.5430135726928711
   vertex 16.623796463012695 -0.93140363693237305 -1.8732808828353882
  endloop
 endfacet
 facet normal 0.14071312441722061 -0.95847858591730384 -0.24802946791603125
  outer loop
   vertex 15.672073364257812 -2.5090715885162354 -0.33765092492103577
   vertex 15.079999923706055 -2.488156795501709 -0.75437110662460327
   vertex 15.478664398193359 -2.3651390075683594 -1.0035858154296875
  endloop
 endfacet
 facet normal 0.32571186772781818 -0.79895103644053145 -0.50555812780713649
  outer loop
   vertex 15.976852416992188 -2.2425196170806885 -0.96268510818481445
   vertex 15.592864036560059 -2.0481131076812744 -1.5173015594482422
   vertex 16.077747344970703 -1.8187751770019531 -1.5673403739929199
  endloop
 endfacet
 facet normal 0 1 0
  outer loop
   vertex 2.2897069454193115 0.95679998397827148 -1.8002866506576538
   vertex 2.293393611907959 0.95679998397827148 -1.9793442487716675
   vertex 1.765556812286377 0.95679998397827148 -1.9887745380401611
  endloop
 endfacet
 facet normal 0.50157433878634616 -0.54651318276573313 0.67063143658369317
  outer loop
   vertex 16.087823867797852 -1.2730751037597656 2.0306572914123535
   vertex 16.16893196105957 -1.7617777585983276 1.5717402696609497
   vertex 16.62443733215332 -1.0594375133514404 1.803415060043335
  endloop
 endfacet
 facet normal 0.24722478308024576 -0.8481815282750641 -0.46847412065545546
  outer loop
   vertex 15.592864036560059 -2.0481131076812744 -1.5173015594482422
   vertex 15.976852416992188 -2.2425196170806885 -0.96268510818481445
   vertex 15.478664398193359 -2.3651390075683594 -1.0035858154296875
  endloop
 endfacet
 facet normal 0.70654933757998761 -0.0088978497661311388 0.70760784466738358
  outer loop
   vertex 16.693876266479492 0.30031105875968933 2.016237735748291
   vertex 16.740777969360352 -0.39714321494102478 1.9606360197067261
   vertex 17.194318771362305 0.02040054090321064 1.5130240917205811
  endloop
 endfacet
 facet normal 0.25099857001535908 -0.92852085696246078 -0.27358497041311042
  outer loop
   vertex 15.976852416992188 -2.2425196170806885 -0.96268510818481445
   vertex 15.672073364257812 -2.5090715885162354 -0.33765092492103577
   vertex 15.478664398193359 -2.3651390075683594 -1.0035858154296875
  endloop
 endfacet
 facet normal 0.031916002510232695 -0.77472105269239233 0.6314971569999015
  outer loop
   vertex 15.530781745910645 -2.0039279460906982 1.5940729379653931
   vertex 15.079999923706055 -1.7678012847900391 1.9065358638763428
   vertex 15.079999923706055 -2.223792552947998 1.3471255302429199
  endloop
 endfacet
 facet normal 0.50607404729827343 -0.66337195487742107 -0.55120477876489204
  outer loop
   vertex 16.589750289916992 -1.7845128774642944 -1.1384929418563843
   vertex 16.077747344970703 -1.8187751770019531 -1.5673403739929199
   vertex 16.54835319519043 -1.4414007663726807 -1.5894341468811035
  endloop
 endfacet
 facet normal 0.44063599172298007 -0.76803579644930409 -0.46471597580757773
  outer loop
   vertex 16.589750289916992 -1.7845128774642944 -1.1384929418563843
   vertex 15.976852416992188 -2.2425196170806885 -0.96268510818481445
   vertex 16.077747344970703 -1.8187751770019531 -1.5673403739929199
  endloop
 endfacet
 facet normal 0.076276284590524504 -0.98452311932117498 -0.15778515751226022
  outer loop
   vertex 15.079999923706055 -2.488156795501709 -0.75437110662460327
   vertex 15.672073364257812 -2.5090715885162354 -0.33765092492103577
   vertex 15.079999923706055 -2.5992851257324219 -0.060969952493906021
  endloop
 endfacet
 facet normal 0.84125480435918654 0.022785722945600627 -0.54015846283515079
  outer loop
   vertex 17.419282913208008 0.38096079230308533 -1.0689370632171631
   vertex 17.135791778564453 -0.39093306660652161 -1.5430135726928711
   vertex 16.994829177856445 0.29719111323356628 -1.7335244417190552
  endloop
 endfacet
 facet normal 0.31685701401100808 -0.78608104657352118 0.53073366285728041
  outer loop
   vertex 15.530781745910645 -2.0039279460906982 1.5940729379653931
   vertex 15.783248901367188 -2.2779560089111328 1.0374768972396851
   vertex 16.16893196105957 -1.7617777585983276 1.5717402696609497
  endloop
 endfacet
 facet normal 0.15108257186963184 -0.98852065002292322 0.00099043198397547158
  outer loop
   vertex 15.672073364257812 -2.5090715885162354 -0.33765092492103577
   vertex 15.516018867492676 -2.5321860313415527 0.39739266037940979
   vertex 15.079999923706055 -2.5992851257324219 -0.060969952493906021
  endloop
 endfacet
 facet normal 0.75928546256184859 -0.14455315572959848 0.6344997805443704
  outer loop
   vertex 16.740777969360352 -0.39714321494102478 1.9606360197067261
   vertex 17.123565673828125 -0.74852705001831055 1.4225132465362549
   vertex 17.194318771362305 0.02040054090321064 1.5130240917205811
  endloop
 endfacet
 facet normal 0.72746941136844734 -0.31742569481441457 -0.60830024148838779
  outer loop
   vertex 17.135791778564453 -0.39093306660652161 -1.5430135726928711
   vertex 17.058244705200195 -1.1371791362762451 -1.2463433742523193
   vertex 16.623796463012695 -0.93140363693237305 -1.8732808828353882
  endloop
 endfacet
 facet normal 0.66676043652740535 -0.43531289400047429 -0.60492413127491917
  outer loop
   vertex 17.058244705200195 -1.1371791362762451 -1.2463433742523193
   vertex 16.54835319519043 -1.4414007663726807 -1.5894341468811035
   vertex 16.623796463012695 -0.93140363693237305 -1.8732808828353882
  endloop
 endfacet
 facet normal 0.68649503546969304 -0.27990372047696643 0.67110243148018556
  outer loop
   vertex 16.62443733215332 -1.0594375133514404 1.803415060043335
   vertex 17.123565673828125 -0.74852705001831055 1.4225132465362549
   vertex 16.740777969360352 -0.39714321494102478 1.9606360197067261
  endloop
 endfacet
 facet normal 0.27823639853323862 -0.96007834474783771 0.028880416851297788
  outer loop
   vertex 15.516018867492676 -2.5321860313415527 0.39739266037940979
   vertex 15.672073364257812 -2.5090715885162354 -0.33765092492103577
   vertex 16.134843826293945 -2.3552932739257812 0.31606689095497131
  endloop
 endfacet
 facet normal 0.66555036304469006 -0.56326130468258584 -0.48967276511804564
  outer loop
   vertex 17.058244705200195 -1.1371791362762451 -1.2463433742523193
   vertex 16.589750289916992 -1.7845128774642944 -1.1384929418563843
   vertex 16.54835319519043 -1.4414007663726807 -1.5894341468811035
  endloop
 endfacet
 facet normal 0.03113003241552615 -0.99279379547615709 0.11572121994627636
  outer loop
   vertex 15.079999923706055 -2.5992851257324219 -0.060969952493906021
   vertex 15.516018867492676 -2.5321860313415527 0.39739266037940979
   vertex 15.079999923706055 -2.5155785083770752 0.65716463327407837
  endloop
 endfacet
 facet normal 0.14990744232947337 -0.85838981608302201 0.49060644347500298
  outer loop
   vertex 15.783248901367188 -2.2779560089111328 1.0374768972396851
   vertex 15.530781745910645 -2.0039279460906982 1.5940729379653931
   vertex 15.079999923706055 -2.223792552947998 1.3471255302429199
  endloop
 endfacet
 facet normal 0.85515100405146871 -0.26579407657027065 -0.44505086128432797
  outer loop
   vertex 17.058244705200195 -1.1371791362762451 -1.2463433742523193
   vertex 17.135791778564453 -0.39093306660652161 -1.5430135726928711
   vertex 17.516975402832031 -0.34546858072280884 -0.83773380517959595
  endloop
 endfacet
 facet normal 0 1 0
  outer loop
   vertex 13.601530075073242 0.95679998397827148 2.2888553142547607
   vertex 13.601929664611816 0.95679998397827148 2.3408169746398926
   vertex 14.028366088867188 0.95679998397827148 2.3396985530853271
  endloop
 endfacet
 facet normal 0.88014223340272624 -0.03237168063789652 -0.47360502876715649
  outer loop
   vertex 17.135791778564453 -0.39093306660652161 -1.5430135726928711
   vertex 17.419282913208008 0.38096079230308533 -1.0689370632171631
   vertex 17.516975402832031 -0.34546858072280884 -0.83773380517959595
  endloop
 endfacet
 facet normal 0.39520178790311072 -0.89862044566016575 -0.19051729968616937
  outer loop
   vertex 15.672073364257812 -2.5090715885162354 -0.33765092492103577
   vertex 15.976852416992188 -2.2425196170806885 -0.96268510818481445
   vertex 16.539960861206055 -2.1110694408416748 -0.41461074352264404
  endloop
 endfacet
 facet normal 0.57082128384768893 -0.56631600797670878 0.59451597204431816
  outer loop
   vertex 16.16893196105957 -1.7617777585983276 1.5717402696609497
   vertex 16.858343124389648 -1.5047818422317505 1.1546115875244141
   vertex 16.62443733215332 -1.0594375133514404 1.803415060043335
  endloop
 endfacet
 facet normal 0.14926087445046946 -0.93876640232755015 0.31054602431728134
  outer loop
   vertex 15.516018867492676 -2.5321860313415527 0.39739266037940979
   vertex 15.783248901367188 -2.2779560089111328 1.0374768972396851
   vertex 15.079999923706055 -2.5155785083770752 0.65716463327407837
  endloop
 endfacet
 facet normal 0.4100159620028051 -0.90886840128422441 -0.07645351561551865
  outer loop
   vertex 15.672073364257812 -2.5090715885162354 -0.33765092492103577
   vertex 16.539960861206055 -2.1110694408416748 -0.41461074352264404
   vertex 16.134843826293945 -2.3552932739257812 0.31606689095497131
  endloop
 endfacet
 facet normal 0.29600989927146926 -0.92368226472898651 0.24328833379022763
  outer loop
   vertex 15.783248901367188 -2.2779560089111328 1.0374768972396851
   vertex 15.516018867492676 -2.5321860313415527 0.39739266037940979
   vertex 16.134843826293945 -2.3552932739257812 0.31606689095497131
  endloop
 endfacet
 facet normal 0.95584020204512887 0.035700661005968519 -0.29171042312208162
  outer loop
   vertex 17.516975402832031 -0.34546858072280884 -0.83773380517959595
   vertex 17.419282913208008 0.38096079230308533 -1.0689370632171631
   vertex 17.627265930175781 0.3430817723274231 -0.39208012819290161
  endloop
 endfacet
 facet normal 0.50407940144084851 -0.79972658325222545 -0.32610021325162808
  outer loop
   vertex 15.976852416992188 -2.2425196170806885 -0.96268510818481445
   vertex 16.589750289916992 -1.7845128774642944 -1.1384929418563843
   vertex 16.539960861206055 -2.1110694408416748 -0.41461074352264404
  endloop
 endfacet
 facet normal 0.1000618214289169 -0.91640258019079213 0.3875486329636405
  outer loop
   vertex 15.783248901367188 -2.2779560089111328 1.0374768972396851
   vertex 15.079999923706055 -2.223792552947998 1.3471255302429199
   vertex 15.079999923706055 -2.5155785083770752 0.65716463327407837
  endloop
 endfacet
 facet normal 0.86919544817592709 -0.13594060766321958 0.47541500192821418
  outer loop
   vertex 17.123565673828125 -0.74852705001831055 1.4225132465362549
   vertex 17.532800674438477 -0.34961888194084167 0.78837805986404419
   vertex 17.194318771362305 0.02040054090321064 1.5130240917205811
  endloop
 endfacet
 facet normal 0.87463767922193725 -0.31788040405315238 -0.36600680158197629
  outer loop
   vertex 17.058244705200195 -1.1371791362762451 -1.2463433742523193
   vertex 17.516975402832031 -0.34546858072280884 -0.83773380517959595
   vertex 17.439506530761719 -0.98845559358596802 -0.46441894769668579
  endloop
 endfacet
 facet normal 0.98330630952549125 -0.043083257901056334 -0.17678386390162959
  outer loop
   vertex 17.661312103271484 -0.30804067850112915 -0.044026341289281845
   vertex 17.516975402832031 -0.34546858072280884 -0.83773380517959595
   vertex 17.627265930175781 0.3430817723274231 -0.39208012819290161
  endloop
 endfacet
 facet normal -0 1 0
  outer loop
   vertex 11.819236755371094 0.95679998397827148 2.0767748355865479
   vertex 11.814208030700684 0.95679998397827148 2.196073055267334
   vertex 12.178240776062012 0.95679998397827148 2.2096495628356934
  endloop
 endfacet
 facet normal 0.96322243524978191 -0.21194777287236738 -0.1651686465583688
  outer loop
   vertex 17.516975402832031 -0.34546858072280884 -0.83773380517959595
   vertex 17.661312103271484 -0.30804067850112915 -0.044026341289281845
   vertex 17.439506530761719 -0.98845559358596802 -0.46441894769668579
  endloop
 endfacet
 facet normal 0.70174540071127167 -0.4435908479862295 0.55747695213652948
  outer loop
   vertex 16.858343124389648 -1.5047818422317505 1.1546115875244141
   vertex 17.123565673828125 -0.74852705001831055 1.4225132465362549
   vertex 16.62443733215332 -1.0594375133514404 1.803415060043335
  endloop
 endfacet
 facet normal 0.99889761933976939 0.044885937292109067 -0.013740404315374101
  outer loop
   vertex 17.638589859008789 0.31471690535545349 0.33848512172698975
   vertex 17.661312103271484 -0.30804067850112915 -0.044026341289281845
   vertex 17.627265930175781 0.3430817723274231 -0.39208012819290161
  endloop
 endfacet
 facet normal 0.6969209650451611 -0.57564200287526646 -0.42771188083366729
  outer loop
   vertex 16.589750289916992 -1.7845128774642944 -1.1384929418563843
   vertex 17.058244705200195 -1.1371791362762451 -1.2463433742523193
   vertex 17.037946701049805 -1.5500282049179077 -0.72377860546112061
  endloop
 endfacet
 facet normal -0 1 0
  outer loop
   vertex 14.514678001403809 0.95679998397827148 2.3809072971343994
   vertex 14.514747619628906 0.95679998397827148 2.4175469875335693
   vertex 15.079999923706055 0.95679998397827148 2.4175469875335693
  endloop
 endfacet
 facet normal 0.90046298775668032 -0.026477595763598021 0.43412595476761345
  outer loop
   vertex 17.532800674438477 -0.34961888194084167 0.78837805986404419
   vertex 17.436014175415039 0.37591919302940369 1.0333833694458008
   vertex 17.194318771362305 0.02040054090321064 1.5130240917205811
  endloop
 endfacet
 facet normal 0.38986801293382184 -0.78670957078310633 0.47863449910061229
  outer loop
   vertex 16.16893196105957 -1.7617777585983276 1.5717402696609497
   vertex 15.783248901367188 -2.2779560089111328 1.0374768972396851
   vertex 16.382003784179688 -2.05706787109375 0.91282945871353149
  endloop
 endfacet
 facet normal 0.98716443207227667 -0.055877512381433556 0.14961312663493842
  outer loop
   vertex 17.661312103271484 -0.30804067850112915 -0.044026341289281845
   vertex 17.638589859008789 0.31471690535545349 0.33848512172698975
   vertex 17.532800674438477 -0.34961888194084167 0.78837805986404419
  endloop
 endfacet
 facet normal 0.54715285931612867 -0.68346015202497179 0.4832245535319859
  outer loop
   vertex 16.858343124389648 -1.5047818422317505 1.1546115875244141
   vertex 16.16893196105957 -1.7617777585983276 1.5717402696609497
   vertex 16.382003784179688 -2.05706787109375 0.91282945871353149
  endloop
 endfacet
 facet normal 0.6358275378669298 -0.71900833343017112 -0.28062494284729195
  outer loop
   vertex 16.539960861206055 -2.1110694408416748 -0.41461074352264404
   vertex 16.589750289916992 -1.7845128774642944 -1.1384929418563843
   vertex 17.037946701049805 -1.5500282049179077 -0.72377860546112061
  endloop
 endfacet
 facet normal 0.95682680108213658 -0.28809008052892848 -0.038556169827420217
  outer loop
   vertex 17.661312103271484 -0.30804067850112915 -0.044026341289281845
   vertex 17.473365783691406 -0.975879967212677 0.28188255429267883
   vertex 17.439506530761719 -0.98845559358596802 -0.46441894769668579
  endloop
 endfacet
 facet normal 0.83420623382191783 -0.44800727951416042 -0.32154227864306245
  outer loop
   vertex 17.037946701049805 -1.5500282049179077 -0.72377860546112061
   vertex 17.058244705200195 -1.1371791362762451 -1.2463433742523193
   vertex 17.439506530761719 -0.98845559358596802 -0.46441894769668579
  endloop
 endfacet
 facet normal 0.96886327322790122 -0.2046552632418091 0.13935630957205813
  outer loop
   vertex 17.473365783691406 -0.975879967212677 0.28188255429267883
   vertex 17.661312103271484 -0.30804067850112915 -0.044026341289281845
   vertex 17.532800674438477 -0.34961888194084167 0.78837805986404419
  endloop
 endfacet
 facet normal 0.38311615684661643 -0.87990554220216632 0.28104847831822638
  outer loop
   vertex 15.783248901367188 -2.2779560089111328 1.0374768972396851
   vertex 16.134843826293945 -2.3552932739257812 0.31606689095497131
   vertex 16.382003784179688 -2.05706787109375 0.91282945871353149
  endloop
 endfacet
 facet normal 0.96027808671512571 0.034597810542043014 0.27689165332388471
  outer loop
   vertex 17.532800674438477 -0.34961888194084167 0.78837805986404419
   vertex 17.638589859008789 0.31471690535545349 0.33848512172698975
   vertex 17.436014175415039 0.37591919302940369 1.0333833694458008
  endloop
 endfacet
 facet normal 0.54553407660022157 -0.8377881365144606 0.022441247371103756
  outer loop
   vertex 16.539960861206055 -2.1110694408416748 -0.41461074352264404
   vertex 16.781328201293945 -1.9332038164138794 0.35805580019950867
   vertex 16.134843826293945 -2.3552932739257812 0.31606689095497131
  endloop
 endfacet
 facet normal 0.87755025435803913 -0.24610585694811893 0.41150632832554673
  outer loop
   vertex 17.532800674438477 -0.34961888194084167 0.78837805986404419
   vertex 17.123565673828125 -0.74852705001831055 1.4225132465362549
   vertex 17.295269012451172 -1.0331110954284668 0.88615185022354126
  endloop
 endfacet
 facet normal 0.88847302875175094 -0.45776980165546893 -0.032595795327051355
  outer loop
   vertex 17.473365783691406 -0.975879967212677 0.28188255429267883
   vertex 17.160158157348633 -1.556549072265625 -0.10049030184745789
   vertex 17.439506530761719 -0.98845559358596802 -0.46441894769668579
  endloop
 endfacet
 facet normal 0.76354943604818748 -0.43639406052697638 0.4759752962573503
  outer loop
   vertex 17.295269012451172 -1.0331110954284668 0.88615185022354126
   vertex 17.123565673828125 -0.74852705001831055 1.4225132465362549
   vertex 16.858343124389648 -1.5047818422317505 1.1546115875244141
  endloop
 endfacet
 facet normal 0.83703130967691719 -0.52021796312958646 -0.16956372683403978
  outer loop
   vertex 17.037946701049805 -1.5500282049179077 -0.72377860546112061
   vertex 17.439506530761719 -0.98845559358596802 -0.46441894769668579
   vertex 17.160158157348633 -1.556549072265625 -0.10049030184745789
  endloop
 endfacet
 facet normal 0.69919268375205124 -0.70019460473828876 -0.14441989642357331
  outer loop
   vertex 17.160158157348633 -1.556549072265625 -0.10049030184745789
   vertex 16.539960861206055 -2.1110694408416748 -0.41461074352264404
   vertex 17.037946701049805 -1.5500282049179077 -0.72377860546112061
  endloop
 endfacet
 facet normal 0.92597734422780809 -0.2866448300996155 0.24576553736026158
  outer loop
   vertex 17.532800674438477 -0.34961888194084167 0.78837805986404419
   vertex 17.295269012451172 -1.0331110954284668 0.88615185022354126
   vertex 17.473365783691406 -0.975879967212677 0.28188255429267883
  endloop
 endfacet
 facet normal 0.52730316756586826 -0.82702137806303588 0.19490256463607358
  outer loop
   vertex 16.134843826293945 -2.3552932739257812 0.31606689095497131
   vertex 16.781328201293945 -1.9332038164138794 0.35805580019950867
   vertex 16.382003784179688 -2.05706787109375 0.91282945871353149
  endloop
 endfacet
 facet normal 0.85539574052480383 -0.51219704840081581 0.077151219702056323
  outer loop
   vertex 17.160158157348633 -1.556549072265625 -0.10049030184745789
   vertex 17.473365783691406 -0.975879967212677 0.28188255429267883
   vertex 17.165096282958984 -1.4488766193389893 0.55958300828933716
  endloop
 endfacet
 facet normal 0 1 0
  outer loop
   vertex 13.219353675842285 0.95679998397827148 2.2227237224578857
   vertex 13.219253540039062 0.95679998397827148 2.2895445823669434
   vertex 13.601530075073242 0.95679998397827148 2.2888553142547607
  endloop
 endfacet
 facet normal 0.67788470921951738 -0.73392055989339089 -0.042812764126394391
  outer loop
   vertex 16.781328201293945 -1.9332038164138794 0.35805580019950867
   vertex 16.539960861206055 -2.1110694408416748 -0.41461074352264404
   vertex 17.160158157348633 -1.556549072265625 -0.10049030184745789
  endloop
 endfacet
 facet normal 0.87111333439219107 -0.44155328103326402 0.21492384384445998
  outer loop
   vertex 17.473365783691406 -0.975879967212677 0.28188255429267883
   vertex 17.295269012451172 -1.0331110954284668 0.88615185022354126
   vertex 17.165096282958984 -1.4488766193389893 0.55958300828933716
  endloop
 endfacet
 facet normal 0.77801269306051024 -0.52023614532463769 0.35220818067514365
  outer loop
   vertex 17.295269012451172 -1.0331110954284668 0.88615185022354126
   vertex 16.858343124389648 -1.5047818422317505 1.1546115875244141
   vertex 17.165096282958984 -1.4488766193389893 0.55958300828933716
  endloop
 endfacet
 facet normal 0.68694047770016042 -0.6656458732867675 0.29159621306418243
  outer loop
   vertex 16.858343124389648 -1.5047818422317505 1.1546115875244141
   vertex 16.781328201293945 -1.9332038164138794 0.35805580019950867
   vertex 17.165096282958984 -1.4488766193389893 0.55958300828933716
  endloop
 endfacet
 facet normal 0.75940362175804377 -0.64301158360770005 0.099208077327824815
  outer loop
   vertex 16.781328201293945 -1.9332038164138794 0.35805580019950867
   vertex 17.160158157348633 -1.556549072265625 -0.10049030184745789
   vertex 17.165096282958984 -1.4488766193389893 0.55958300828933716
  endloop
 endfacet
 facet normal 0.64800474353010451 -0.69514574098962656 0.3112270090247094
  outer loop
   vertex 16.781328201293945 -1.9332038164138794 0.35805580019950867
   vertex 16.858343124389648 -1.5047818422317505 1.1546115875244141
   vertex 16.382003784179688 -2.05706787109375 0.91282945871353149
  endloop
 endfacet
 facet normal -0.14399447228514395 -0.011845139548944086 0.98950759705036573
  outer loop
   vertex 12.116063117980957 -2.5908806324005127 -0.21757239103317261
   vertex 11.978596687316895 -2.6500000953674316 -0.2382843941450119
   vertex 12.121100425720215 -2.6500000953674316 -0.21754705905914307
  endloop
 endfacet
 facet normal 0.14834970404682504 0.013063931275207092 0.9888486734626567
  outer loop
   vertex 12.272793769836426 -2.5887959003448486 -0.24111308157444
   vertex 12.116063117980957 -2.5908806324005127 -0.21757239103317261
   vertex 12.121100425720215 -2.6500000953674316 -0.21754705905914307
  endloop
 endfacet
 facet normal -0.16761433999824352 0.044712410157462919 0.98483817625276093
  outer loop
   vertex 11.978596687316895 -2.6500000953674316 -0.2382843941450119
   vertex 12.116063117980957 -2.5908806324005127 -0.21757239103317261
   vertex 11.959823608398438 -2.5884997844696045 -0.24427163600921631
  endloop
 endfacet
 facet normal -0.72682150227730946 0.034340518663945996 -0.68596736992749618
  outer loop
   vertex 11.814395904541016 -2.3499999046325684 -1.1124297380447388
   vertex 11.771891593933105 -2.5097708702087402 -1.0753923654556274
   vertex 11.715522766113281 -2.3958249092102051 -1.0099620819091797
  endloop
 endfacet
 facet normal -0.43100266079945171 -0.043821402909385701 0.90128596518022286
  outer loop
   vertex 11.959823608398438 -2.5884997844696045 -0.24427163600921631
   vertex 11.837497711181641 -2.6500000953674316 -0.30575913190841675
   vertex 11.978596687316895 -2.6500000953674316 -0.2382843941450119
  endloop
 endfacet
 facet normal -0.46568165985803678 0.042507660415678009 0.88393081769890169
  outer loop
   vertex 11.820233345031738 -2.5804553031921387 -0.31819888949394226
   vertex 11.837497711181641 -2.6500000953674316 -0.30575913190841675
   vertex 11.959823608398438 -2.5884997844696045 -0.24427163600921631
  endloop
 endfacet
 facet normal -0.58667047948813678 -0.031514326046267027 -0.80921233044919016
  outer loop
   vertex 11.887858390808105 -2.500917911529541 -1.1598118543624878
   vertex 11.771891593933105 -2.5097708702087402 -1.0753923654556274
   vertex 11.814395904541016 -2.3499999046325684 -1.1124297380447388
  endloop
 endfacet
 facet normal -0.68825900284026609 -0.041302643231460906 0.72428836568829236
  outer loop
   vertex 11.837497711181641 -2.6500000953674316 -0.30575913190841675
   vertex 11.820233345031738 -2.5804553031921387 -0.31819888949394226
   vertex 11.724307060241699 -2.6500000953674316 -0.4133191704750061
  endloop
 endfacet
 facet normal -0.71663807495423371 0.035815343165370904 0.69652503954979028
  outer loop
   vertex 11.724307060241699 -2.6500000953674316 -0.4133191704750061
   vertex 11.820233345031738 -2.5804553031921387 -0.31819888949394226
   vertex 11.711190223693848 -2.5639879703521729 -0.43123751878738403
  endloop
 endfacet
 facet normal -0.87852066787338468 -0.034720431238055981 0.47644089641207921
  outer loop
   vertex 11.711190223693848 -2.5639879703521729 -0.43123751878738403
   vertex 11.649679183959961 -2.6500000953674316 -0.55092728137969971
   vertex 11.724307060241699 -2.6500000953674316 -0.4133191704750061
  endloop
 endfacet
 facet normal -0.47679794250516166 0.043544145687494214 -0.87793372722500573
  outer loop
   vertex 11.956868171691895 -2.3499999046325684 -1.1898051500320435
   vertex 11.887858390808105 -2.500917911529541 -1.1598118543624878
   vertex 11.814395904541016 -2.3499999046325684 -1.1124297380447388
  endloop
 endfacet
 facet normal -0.78203486333144456 -0.029394162122553826 -0.62254112777171733
  outer loop
   vertex 11.771891593933105 -2.5097708702087402 -1.0753923654556274
   vertex 11.691352844238281 -2.533083438873291 -0.97311902046203613
   vertex 11.715522766113281 -2.3958249092102051 -1.0099620819091797
  endloop
 endfacet
 facet normal -0.31929268999055793 -0.042147961144187694 -0.94671839925607304
  outer loop
   vertex 11.956868171691895 -2.3499999046325684 -1.1898051500320435
   vertex 12.037484169006348 -2.4957361221313477 -1.2105057239532471
   vertex 11.887858390808105 -2.500917911529541 -1.1598118543624878
  endloop
 endfacet
 facet normal -0.16785900652301994 0.047013114720969473 -0.98468935252359557
  outer loop
   vertex 11.956868171691895 -2.3499999046325684 -1.1898051500320435
   vertex 12.119593620300293 -2.3499999046325684 -1.2175447940826416
   vertex 12.037484169006348 -2.4957361221313477 -1.2105057239532471
  endloop
 endfacet
 facet normal -0.0081380911732123942 -0.043667307599800295 -0.99901298175701436
  outer loop
   vertex 12.19640064239502 -2.4947257041931152 -1.2118444442749023
   vertex 12.037484169006348 -2.4957361221313477 -1.2105057239532471
   vertex 12.119593620300293 -2.3499999046325684 -1.2175447940826416
  endloop
 endfacet
 facet normal -0.0086773064180729973 0.040995382778854152 -0.9991216557277407
  outer loop
   vertex 12.114677429199219 -2.6500000953674316 -1.2175058126449585
   vertex 12.037484169006348 -2.4957361221313477 -1.2105057239532471
   vertex 12.19640064239502 -2.4947257041931152 -1.2118444442749023
  endloop
 endfacet
 facet normal -0.5899320858411724 0.035384826472821297 -0.80667716476330964
  outer loop
   vertex 11.887858390808105 -2.500917911529541 -1.1598118543624878
   vertex 11.820296287536621 -2.6500000953674316 -1.1169424057006836
   vertex 11.771891593933105 -2.5097708702087402 -1.0753923654556274
  endloop
 endfacet
 facet normal 0.15670754351715163 -0.0081271201195506591 0.98761161178035084
  outer loop
   vertex 12.272793769836426 -2.5887959003448486 -0.24111308157444
   vertex 12.121100425720215 -2.6500000953674316 -0.21754705905914307
   vertex 12.275876998901367 -2.6500000953674316 -0.24210596084594727
  endloop
 endfacet
 facet normal 0.16191882029550006 0.047108306159691193 -0.98567900612972292
  outer loop
   vertex 12.19640064239502 -2.4947257041931152 -1.2118444442749023
   vertex 12.119593620300293 -2.3499999046325684 -1.2175447940826416
   vertex 12.282483100891113 -2.3499999046325684 -1.1907867193222046
  endloop
 endfacet
 facet normal -0.78839461122965682 0.027640912214907245 -0.61454854727349728
  outer loop
   vertex 11.71098804473877 -2.6500000953674316 -1.0035673379898071
   vertex 11.691352844238281 -2.533083438873291 -0.97311902046203613
   vertex 11.771891593933105 -2.5097708702087402 -1.0753923654556274
  endloop
 endfacet
 facet normal 0.30261068658877938 -0.041444146983425884 -0.9522127677379062
  outer loop
   vertex 12.19640064239502 -2.4947257041931152 -1.2118444442749023
   vertex 12.282483100891113 -2.3499999046325684 -1.1907867193222046
   vertex 12.343921661376953 -2.4903545379638672 -1.165152907371521
  endloop
 endfacet
 facet normal 0.14467159626292472 -0.040095597696691944 -0.9886670178983834
  outer loop
   vertex 12.114677429199219 -2.6500000953674316 -1.2175058126449585
   vertex 12.19640064239502 -2.4947257041931152 -1.2118444442749023
   vertex 12.270504951477051 -2.6500000953674316 -1.1947035789489746
  endloop
 endfacet
 facet normal 0.30050427848217193 0.03821083717333721 -0.95301474833101196
  outer loop
   vertex 12.19640064239502 -2.4947257041931152 -1.2118444442749023
   vertex 12.343921661376953 -2.4903545379638672 -1.165152907371521
   vertex 12.270504951477051 -2.6500000953674316 -1.1947035789489746
  endloop
 endfacet
 facet normal -0.71924075849678903 -0.042802194767704735 -0.69344120402528098
  outer loop
   vertex 11.771891593933105 -2.5097708702087402 -1.0753923654556274
   vertex 11.820296287536621 -2.6500000953674316 -1.1169424057006836
   vertex 11.71098804473877 -2.6500000953674316 -1.0035673379898071
  endloop
 endfacet
 facet normal -0.32189755160241085 0.041362920914040112 -0.94587053820585421
  outer loop
   vertex 11.887858390808105 -2.500917911529541 -1.1598118543624878
   vertex 12.037484169006348 -2.4957361221313477 -1.2105057239532471
   vertex 11.95948600769043 -2.6500000953674316 -1.1907074451446533
  endloop
 endfacet
 facet normal 0.47407781295025553 0.046942690744314036 -0.87923069273882049
  outer loop
   vertex 12.427804946899414 -2.3499999046325684 -1.1124297380447388
   vertex 12.343921661376953 -2.4903545379638672 -1.165152907371521
   vertex 12.282483100891113 -2.3499999046325684 -1.1907867193222046
  endloop
 endfacet
 facet normal -0.17002220621244435 -0.040399573562377687 -0.98461176300643038
  outer loop
   vertex 12.037484169006348 -2.4957361221313477 -1.2105057239532471
   vertex 12.114677429199219 -2.6500000953674316 -1.2175058126449585
   vertex 11.95948600769043 -2.6500000953674316 -1.1907074451446533
  endloop
 endfacet
 facet normal -0.89679186775814101 0.026770276655085641 0.44164204760266546
  outer loop
   vertex 11.649679183959961 -2.6500000953674316 -0.55092728137969971
   vertex 11.711190223693848 -2.5639879703521729 -0.43123751878738403
   vertex 11.642851829528809 -2.536372184753418 -0.57167840003967285
  endloop
 endfacet
 facet normal -0.46785642861650301 -0.041831844195560498 -0.88281394359933463
  outer loop
   vertex 11.95948600769043 -2.6500000953674316 -1.1907074451446533
   vertex 11.820296287536621 -2.6500000953674316 -1.1169424057006836
   vertex 11.887858390808105 -2.500917911529541 -1.1598118543624878
  endloop
 endfacet
 facet normal -0.89943965102647949 -0.03765832862268037 -0.43541952694695585
  outer loop
   vertex 11.691352844238281 -2.533083438873291 -0.97311902046203613
   vertex 11.71098804473877 -2.6500000953674316 -1.0035673379898071
   vertex 11.642366409301758 -2.6500000953674316 -0.8618166446685791
  endloop
 endfacet
 facet normal -0.89566341412913264 0.038797400977925389 -0.44303703035740011
  outer loop
   vertex 11.715522766113281 -2.3958249092102051 -1.0099620819091797
   vertex 11.691352844238281 -2.533083438873291 -0.97311902046203613
   vertex 11.646633148193359 -2.4482405185699463 -0.87528187036514282
  endloop
 endfacet
 facet normal 0.44974092586007713 0.0081676143421069488 0.8931217104529926
  outer loop
   vertex 12.413863182067871 -2.5811855792999268 -0.31221967935562134
   vertex 12.272793769836426 -2.5887959003448486 -0.24111308157444
   vertex 12.275876998901367 -2.6500000953674316 -0.24210596084594727
  endloop
 endfacet
 facet normal 0 1 -0
  outer loop
   vertex 11.967573165893555 -2.3499999046325684 -1.1124297380447388
   vertex 11.956868171691895 -2.3499999046325684 -1.1898051500320435
   vertex 11.814395904541016 -2.3499999046325684 -1.1124297380447388
  endloop
 endfacet
 facet normal -0.91209236185434606 -0.0080680614081620004 -0.40990539131862469
  outer loop
   vertex 11.691352844238281 -2.533083438873291 -0.97311902046203613
   vertex 11.642366409301758 -2.6500000953674316 -0.8618166446685791
   vertex 11.646633148193359 -2.4482405185699463 -0.87528187036514282
  endloop
 endfacet
 facet normal 0.89087114665719658 0.00086562265107945871 0.45425527047148007
  outer loop
   vertex 12.525196075439453 -2.5653455257415771 -0.42308619618415833
   vertex 12.525471687316895 -2.6500000953674316 -0.42346540093421936
   vertex 12.596610069274902 -2.6500000953674316 -0.56297975778579712
  endloop
 endfacet
 facet normal -0.98320978811148263 -0.02609391713521314 0.18060348847769828
  outer loop
   vertex 11.62123966217041 -2.6500000953674316 -0.70575273036956787
   vertex 11.649679183959961 -2.6500000953674316 -0.55092728137969971
   vertex 11.642851829528809 -2.536372184753418 -0.57167840003967285
  endloop
 endfacet
 facet normal 0.70568339925406709 -0.00087629040447040373 0.70852676176158091
  outer loop
   vertex 12.413863182067871 -2.5811855792999268 -0.31221967935562134
   vertex 12.525471687316895 -2.6500000953674316 -0.42346540093421936
   vertex 12.525196075439453 -2.5653455257415771 -0.42308619618415833
  endloop
 endfacet
 facet normal 0.70703671908420684 0.0035150396990455642 0.70716810049842782
  outer loop
   vertex 12.413863182067871 -2.5811855792999268 -0.31221967935562134
   vertex 12.415107727050781 -2.6500000953674316 -0.31312194466590881
   vertex 12.525471687316895 -2.6500000953674316 -0.42346540093421936
  endloop
 endfacet
 facet normal 0 1 0
  outer loop
   vertex 11.967573165893555 -2.3499999046325684 -1.1124297380447388
   vertex 12.119593620300293 -2.3499999046325684 -1.2175447940826416
   vertex 11.956868171691895 -2.3499999046325684 -1.1898051500320435
  endloop
 endfacet
 facet normal 0.45436556489559971 -0.003462457032204198 0.89080859045498817
  outer loop
   vertex 12.413863182067871 -2.5811855792999268 -0.31221967935562134
   vertex 12.275876998901367 -2.6500000953674316 -0.24210596084594727
   vertex 12.415107727050781 -2.6500000953674316 -0.31312194466590881
  endloop
 endfacet
 facet normal 0.5782597880286463 -0.039488585469166441 -0.81489647757657513
  outer loop
   vertex 12.474142074584961 -2.5137796401977539 -1.0716118812561035
   vertex 12.343921661376953 -2.4903545379638672 -1.165152907371521
   vertex 12.427804946899414 -2.3499999046325684 -1.1124297380447388
  endloop
 endfacet
 facet normal 0 1 0
  outer loop
   vertex 1.2949429750442505 0.95679998397827148 -2.1352200508117676
   vertex 1.2956688404083252 0.95679998397827148 -2.2487418651580811
   vertex 0.86065757274627686 0.95679998397827148 -2.2508649826049805
  endloop
 endfacet
 facet normal 0.89035757255809855 -0.0012283557199345477 0.4552602378098437
  outer loop
   vertex 12.596339225769043 -2.5385012626647949 -0.56214922666549683
   vertex 12.525196075439453 -2.5653455257415771 -0.42308619618415833
   vertex 12.596610069274902 -2.6500000953674316 -0.56297975778579712
  endloop
 endfacet
 facet normal 0 1 0
  outer loop
   vertex 12.119593620300293 -2.3499999046325684 -1.2175447940826416
   vertex 12.121089935302734 -2.3499999046325684 -1.1124297380447388
   vertex 12.282483100891113 -2.3499999046325684 -1.1907867193222046
  endloop
 endfacet
 facet normal 0.44508421345929916 -0.039083715680868519 -0.8946354040042761
  outer loop
   vertex 12.270504951477051 -2.6500000953674316 -1.1947035789489746
   vertex 12.343921661376953 -2.4903545379638672 -1.165152907371521
   vertex 12.411558151245117 -2.6500000953674316 -1.1245291233062744
  endloop
 endfacet
 facet normal -0.98642333960697859 0.0099205088756013516 -0.16392247735519569
  outer loop
   vertex 11.642366409301758 -2.6500000953674316 -0.8618166446685791
   vertex 11.62115478515625 -2.4968998432159424 -0.72490757703781128
   vertex 11.646633148193359 -2.4482405185699463 -0.87528187036514282
  endloop
 endfacet
 facet normal -0.99081237219973961 -0.017330545967558619 -0.13412865194428381
  outer loop
   vertex 11.62115478515625 -2.4968998432159424 -0.72490757703781128
   vertex 11.642366409301758 -2.6500000953674316 -0.8618166446685791
   vertex 11.62123966217041 -2.6500000953674316 -0.70575273036956787
  endloop
 endfacet
 facet normal 0.98782726617754912 0.0012408884883378562 0.15554983893257182
  outer loop
   vertex 12.621099472045898 -2.6500000953674316 -0.71850097179412842
   vertex 12.596339225769043 -2.5385012626647949 -0.56214922666549683
   vertex 12.596610069274902 -2.6500000953674316 -0.56297975778579712
  endloop
 endfacet
 facet normal 0 1 -0
  outer loop
   vertex 12.427804946899414 -2.3499999046325684 -1.1124297380447388
   vertex 12.282483100891113 -2.3499999046325684 -1.1907867193222046
   vertex 12.274620056152344 -2.3499999046325684 -1.1124297380447388
  endloop
 endfacet
 facet normal -0.98933353524960155 0.017543834710048445 0.14460764120264194
  outer loop
   vertex 11.62115478515625 -2.4968998432159424 -0.72490757703781128
   vertex 11.62123966217041 -2.6500000953674316 -0.70575273036956787
   vertex 11.642851829528809 -2.536372184753418 -0.57167840003967285
  endloop
 endfacet
 facet normal 0.9872844195357553 -0.0036094290495340708 0.15892277043861036
  outer loop
   vertex 12.596339225769043 -2.5385012626647949 -0.56214922666549683
   vertex 12.621099472045898 -2.6500000953674316 -0.71850097179412842
   vertex 12.621094703674316 -2.4997382164001465 -0.71505862474441528
  endloop
 endfacet
 facet normal 0.73431905739732195 0.038859078609761601 -0.67769129694331254
  outer loop
   vertex 12.474142074584961 -2.5137796401977539 -1.0716118812561035
   vertex 12.427804946899414 -2.3499999046325684 -1.1124297380447388
   vertex 12.53225040435791 -2.399134635925293 -1.0020742416381836
  endloop
 endfacet
 facet normal 0.58801731638235155 0.043601095838608897 -0.80767232221747576
  outer loop
   vertex 12.343921661376953 -2.4903545379638672 -1.165152907371521
   vertex 12.474142074584961 -2.5137796401977539 -1.0716118812561035
   vertex 12.411558151245117 -2.6500000953674316 -1.1245291233062744
  endloop
 endfacet
 facet normal 0.98721219715356534 0.0036823127698322562 -0.15936912613142792
  outer loop
   vertex 12.621099472045898 -2.6500000953674316 -0.71850097179412842
   vertex 12.596000671386719 -2.6500000953674316 -0.87397551536560059
   vertex 12.621094703674316 -2.4997382164001465 -0.71505862474441528
  endloop
 endfacet
 facet normal 0 1 0
  outer loop
   vertex 11.967573165893555 -2.3499999046325684 -1.1124297380447388
   vertex 12.121089935302734 -2.3499999046325684 -1.1124297380447388
   vertex 12.119593620300293 -2.3499999046325684 -1.2175447940826416
  endloop
 endfacet
 facet normal 0 1 0
  outer loop
   vertex 12.274620056152344 -2.3499999046325684 -1.1124297380447388
   vertex 12.282483100891113 -2.3499999046325684 -1.1907867193222046
   vertex 12.121089935302734 -2.3499999046325684 -1.1124297380447388
  endloop
 endfacet
 facet normal 0.88764303625109486 -0.048048590621580831 -0.45801874757941646
  outer loop
   vertex 12.557522773742676 -2.5260636806488037 -0.96154749393463135
   vertex 12.596000671386719 -2.6500000953674316 -0.87397551536560059
   vertex 12.523777961730957 -2.6500000953674316 -1.0139435529708862
  endloop
 endfacet
 facet normal 0.79852492051016299 0.036599404700593786 -0.60084809636030301
  outer loop
   vertex 12.523777961730957 -2.6500000953674316 -1.0139435529708862
   vertex 12.474142074584961 -2.5137796401977539 -1.0716118812561035
   vertex 12.557522773742676 -2.5260636806488037 -0.96154749393463135
  endloop
 endfacet
 facet normal 0.98869549799873802 -0.0066987708408000985 -0.14978764537254038
  outer loop
   vertex 12.596000671386719 -2.6500000953674316 -0.87397551536560059
   vertex 12.598552703857422 -2.4515368938446045 -0.86600607633590698
   vertex 12.621094703674316 -2.4997382164001465 -0.71505862474441528
  endloop
 endfacet
 facet normal 0.91766653718425206 0.0041548244017945999 -0.39732966660753405
  outer loop
   vertex 12.598552703857422 -2.4515368938446045 -0.86600607633590698
   vertex 12.596000671386719 -2.6500000953674316 -0.87397551536560059
   vertex 12.557522773742676 -2.5260636806488037 -0.96154749393463135
  endloop
 endfacet
 facet normal 0.79470428545815475 -0.035248306413578477 -0.60597248746904164
  outer loop
   vertex 12.53225040435791 -2.399134635925293 -1.0020742416381836
   vertex 12.557522773742676 -2.5260636806488037 -0.96154749393463135
   vertex 12.474142074584961 -2.5137796401977539 -1.0716118812561035
  endloop
 endfacet
 facet normal 0.9047508602502089 0.044902033655638877 -0.42356780832600471
  outer loop
   vertex 12.53225040435791 -2.399134635925293 -1.0020742416381836
   vertex 12.598552703857422 -2.4515368938446045 -0.86600607633590698
   vertex 12.557522773742676 -2.5260636806488037 -0.96154749393463135
  endloop
 endfacet
 facet normal 0.70116702215224791 -0.045732012774220655 -0.71152891020236675
  outer loop
   vertex 12.474142074584961 -2.5137796401977539 -1.0716118812561035
   vertex 12.523777961730957 -2.6500000953674316 -1.0139435529708862
   vertex 12.411558151245117 -2.6500000953674316 -1.1245291233062744
  endloop
 endfacet
 facet normal 0.33338552529741744 0.94158225874601975 -0.047717308567316763
  outer loop
   vertex 12.684191703796387 0.046930793672800064 2.599576473236084
   vertex 12.739362716674805 0.032485667616128922 2.7000000476837158
   vertex 12.816799163818359 1.7347234759768071e-18 2.5999999046325684
  endloop
 endfacet
 facet normal 0.15418275533068318 0.98638649095667041 0.057178391170310844
  outer loop
   vertex 12.684191703796387 0.046930793672800064 2.599576473236084
   vertex 12.583826065063477 0.056797709316015244 2.7000000476837158
   vertex 12.739362716674805 0.032485667616128922 2.7000000476837158
  endloop
 endfacet
 facet normal 0.45285352888890151 0.88944528845732229 0.061731355192799604
  outer loop
   vertex 12.816799163818359 1.7347234759768071e-18 2.5999999046325684
   vertex 12.739362716674805 0.032485667616128922 2.7000000476837158
   vertex 12.879396438598633 -0.038811314851045609 2.7000000476837158
  endloop
 endfacet
 facet normal 0.59092036861329522 0.804671214068165 -0.057596486073308126
  outer loop
   vertex 12.879396438598633 -0.038811314851045609 2.7000000476837158
   vertex 12.939367294311523 -0.090121269226074219 2.5984375476837158
   vertex 12.816799163818359 1.7347234759768071e-18 2.5999999046325684
  endloop
 endfacet
 facet normal 0.7061053176113864 0.70551656033473875 0.060511680974520116
  outer loop
   vertex 12.939367294311523 -0.090121269226074219 2.5984375476837158
   vertex 12.879396438598633 -0.038811314851045609 2.7000000476837158
   vertex 12.989975929260254 -0.1494830846786499 2.7000000476837158
  endloop
 endfacet
 facet normal 0.80402738573945642 0.59208153431904675 -0.054584060854598278
  outer loop
   vertex 13.02877140045166 -0.2121846079826355 2.591327428817749
   vertex 12.939367294311523 -0.090121269226074219 2.5984375476837158
   vertex 12.989975929260254 -0.1494830846786499 2.7000000476837158
  endloop
 endfacet
 facet normal 0.045442609962941451 0.99758123527270182 -0.052598937551496222
  outer loop
   vertex 12.531411170959473 0.053883258253335953 2.5994415283203125
   vertex 12.583826065063477 0.056797709316015244 2.7000000476837158
   vertex 12.684191703796387 0.046930793672800064 2.599576473236084
  endloop
 endfacet
 facet normal 0.88957329766517701 0.4533465705949104 0.05600209827262053
  outer loop
   vertex 13.02877140045166 -0.2121846079826355 2.591327428817749
   vertex 12.989975929260254 -0.1494830846786499 2.7000000476837158
   vertex 13.060774803161621 -0.28840723633766174 2.7000000476837158
  endloop
 endfacet
 facet normal 0.94364540376711736 0.3274230500165049 -0.048244152672457831
  outer loop
   vertex 13.02877140045166 -0.2121846079826355 2.591327428817749
   vertex 13.060774803161621 -0.28840723633766174 2.7000000476837158
   vertex 13.077471733093262 -0.35484760999679565 2.5756714344024658
  endloop
 endfacet
 facet normal 0.98646324957210174 0.15654619051300364 0.048821588252696925
  outer loop
   vertex 13.077471733093262 -0.35484760999679565 2.5756714344024658
   vertex 13.060774803161621 -0.28840723633766174 2.7000000476837158
   vertex 13.085339546203613 -0.44319999217987061 2.7000000476837158
  endloop
 endfacet
 facet normal -0.16013092329850537 0.98556778864957917 0.054901925102374911
  outer loop
   vertex 12.428479194641113 0.031557600945234299 2.7000000476837158
   vertex 12.583826065063477 0.056797709316015244 2.7000000476837158
   vertex 12.531411170959473 0.053883258253335953 2.5994415283203125
  endloop
 endfacet
 facet normal 0.99866324014767305 0.033293739002160323 -0.039538079379342318
  outer loop
   vertex 13.085339546203613 -0.44319999217987061 2.7000000476837158
   vertex 13.081484794616699 -0.50517177581787109 2.5504512786865234
   vertex 13.077471733093262 -0.35484760999679565 2.5756714344024658
  endloop
 endfacet
 facet normal 0.11459892019449204 -0.99271309603797453 -0.037253140068395994
  outer loop
   vertex 12.570140838623047 -0.94296896457672119 2.4229753017425537
   vertex 12.712436676025391 -0.9267764687538147 2.4292149543762207
   vertex 12.65312385559082 -0.93858391046524048 2.5613975524902344
  endloop
 endfacet
 facet normal -0.012165548444616526 -0.99916727343848966 0.038945591798511002
  outer loop
   vertex 12.506993293762207 -0.93702369928359985 2.5557782649993896
   vertex 12.570140838623047 -0.94296896457672119 2.4229753017425537
   vertex 12.65312385559082 -0.93858391046524048 2.5613975524902344
  endloop
 endfacet
 facet normal -0.25842077713922734 0.96472014212143165 -0.050336361886439127
  outer loop
   vertex 12.428479194641113 0.031557600945234299 2.7000000476837158
   vertex 12.531411170959473 0.053883258253335953 2.5994415283203125
   vertex 12.383725166320801 0.014349495060741901 2.5999603271484375
  endloop
 endfacet
 facet normal -0.17614243706231481 -0.98356284614793499 -0.039723664774563482
  outer loop
   vertex 12.506993293762207 -0.93702369928359985 2.5557782649993896
   vertex 12.42866325378418 -0.91801851987838745 2.4325382709503174
   vertex 12.570140838623047 -0.94296896457672119 2.4229753017425537
  endloop
 endfacet
 facet normal 0.98888927216839762 -0.1446104329717641 0.034435883406348844
  outer loop
   vertex 13.081484794616699 -0.50517177581787109 2.5504512786865234
   vertex 13.085339546203613 -0.44319999217987061 2.7000000476837158
   vertex 13.06440258026123 -0.58637320995330811 2.7000000476837158
  endloop
 endfacet
 facet normal -0.009253949535177516 -0.9992797191940761 -0.036802272014220899
  outer loop
   vertex 12.593385696411133 -0.94313526153564453 2.7000000476837158
   vertex 12.506993293762207 -0.93702369928359985 2.5557782649993896
   vertex 12.65312385559082 -0.93858391046524048 2.5613975524902344
  endloop
 endfacet
 facet normal 0.27871344278919274 -0.95956786185280996 0.039348892078709494
  outer loop
   vertex 12.712436676025391 -0.9267764687538147 2.4292149543762207
   vertex 12.795519828796387 -0.89687871932983398 2.5698168277740479
   vertex 12.65312385559082 -0.93858391046524048 2.5613975524902344
  endloop
 endfacet
 facet normal -0.45819234999298825 0.88731015060247465 0.052349470348006924
  outer loop
   vertex 12.428479194641113 0.031557600945234299 2.7000000476837158
   vertex 12.383725166320801 0.014349495060741901 2.5999603271484375
   vertex 12.289060592651367 -0.040435869246721268 2.7000000476837158
  endloop
 endfacet
 facet normal -0.2983029277616005 -0.9535222146036032 0.042552902912699621
  outer loop
   vertex 12.42866325378418 -0.91801851987838745 2.4325382709503174
   vertex 12.506993293762207 -0.93702369928359985 2.5557782649993896
   vertex 12.365644454956055 -0.89234828948974609 2.5659825801849365
  endloop
 endfacet
 facet normal 0.39722141906624187 -0.91686110736058768 -0.03975995528818109
  outer loop
   vertex 12.795519828796387 -0.89687871932983398 2.5698168277740479
   vertex 12.712436676025391 -0.9267764687538147 2.4292149543762207
   vertex 12.84632396697998 -0.86968261003494263 2.45023512840271
  endloop
 endfacet
 facet normal 0.17271209847270094 -0.98407113745167107 0.042125140661250303
  outer loop
   vertex 12.748015403747559 -0.91599655151367188 2.7000000476837158
   vertex 12.593385696411133 -0.94313526153564453 2.7000000476837158
   vertex 12.65312385559082 -0.93858391046524048 2.5613975524902344
  endloop
 endfacet
 facet normal 0.28291859965100008 -0.95841027577427129 -0.037507456082789256
  outer loop
   vertex 12.795519828796387 -0.89687871932983398 2.5698168277740479
   vertex 12.748015403747559 -0.91599655151367188 2.7000000476837158
   vertex 12.65312385559082 -0.93858391046524048 2.5613975524902344
  endloop
 endfacet
 facet normal -0.45417095692661685 -0.88986162479387976 -0.043301623567225153
  outer loop
   vertex 12.298479080200195 -0.85272544622421265 2.4561879634857178
   vertex 12.42866325378418 -0.91801851987838745 2.4325382709503174
   vertex 12.365644454956055 -0.89234828948974609 2.5659825801849365
  endloop
 endfacet
 facet normal 0.53256792807351638 -0.84570713135985609 0.033924179497300172
  outer loop
   vertex 12.905601501464844 -0.82716894149780273 2.5794880390167236
   vertex 12.795519828796387 -0.89687871932983398 2.5698168277740479
   vertex 12.84632396697998 -0.86968261003494263 2.45023512840271
  endloop
 endfacet
 facet normal -0.53707182048533308 0.84222720190675715 -0.046980847255927612
  outer loop
   vertex 12.255344390869141 -0.067563176155090332 2.5991220474243164
   vertex 12.289060592651367 -0.040435869246721268 2.7000000476837158
   vertex 12.383725166320801 0.014349495060741901 2.5999603271484375
  endloop
 endfacet
 facet normal 0.5361934428016828 -0.84383852943534932 -0.020811730751321672
  outer loop
   vertex 12.795519828796387 -0.89687871932983398 2.5698168277740479
   vertex 12.905601501464844 -0.82716894149780273 2.5794880390167236
   vertex 12.88690185546875 -0.84202331304550171 2.7000000476837158
  endloop
 endfacet
 facet normal -0.56021052404974447 -0.82717069310432723 0.04419064621860061
  outer loop
   vertex 12.244686126708984 -0.80919927358627319 2.5889806747436523
   vertex 12.298479080200195 -0.85272544622421265 2.4561879634857178
   vertex 12.365644454956055 -0.89234828948974609 2.5659825801849365
  endloop
 endfacet
 facet normal -0.14094334155868182 -0.98910440546054845 0.042514110231874791
  outer loop
   vertex 12.593385696411133 -0.94313526153564453 2.7000000476837158
   vertex 12.437972068786621 -0.92098945379257202 2.7000000476837158
   vertex 12.506993293762207 -0.93702369928359985 2.5557782649993896
  endloop
 endfacet
 facet normal 0.46968309567420868 -0.88184078380838438 0.041888204188128858
  outer loop
   vertex 12.748015403747559 -0.91599655151367188 2.7000000476837158
   vertex 12.795519828796387 -0.89687871932983398 2.5698168277740479
   vertex 12.88690185546875 -0.84202331304550171 2.7000000476837158
  endloop
 endfacet
 facet normal -0.30372769783543269 -0.95193877947695305 -0.039522723786666838
  outer loop
   vertex 12.506993293762207 -0.93702369928359985 2.5557782649993896
   vertex 12.437972068786621 -0.92098945379257202 2.7000000476837158
   vertex 12.365644454956055 -0.89234828948974609 2.5659825801849365
  endloop
 endfacet
 facet normal 0.72102763120993352 -0.69239803018297463 0.02653531289675426
  outer loop
   vertex 12.88690185546875 -0.84202331304550171 2.7000000476837158
   vertex 12.905601501464844 -0.82716894149780273 2.5794880390167236
   vertex 12.996047973632812 -0.72836416959762573 2.7000000476837158
  endloop
 endfacet
 facet normal -0.71025759099203889 0.70226636469184522 0.048539751345528487
  outer loop
   vertex 12.179250717163086 -0.15149529278278351 2.7000000476837158
   vertex 12.289060592651367 -0.040435869246721268 2.7000000476837158
   vertex 12.255344390869141 -0.067563176155090332 2.5991220474243164
  endloop
 endfacet
 facet normal -0.57162126733020791 -0.81932721084074389 -0.044181990807730755
  outer loop
   vertex 12.365644454956055 -0.89234828948974609 2.5659825801849365
   vertex 12.296792984008789 -0.85153943300247192 2.7000000476837158
   vertex 12.244686126708984 -0.80919927358627319 2.5889806747436523
  endloop
 endfacet
 facet normal 0.64968158514865393 -0.75866308858987119 -0.048416484073194231
  outer loop
   vertex 12.905601501464844 -0.82716894149780273 2.5794880390167236
   vertex 12.84632396697998 -0.86968261003494263 2.45023512840271
   vertex 12.959793090820312 -0.77453744411468506 2.4819531440734863
  endloop
 endfacet
 facet normal -0 1 0
  outer loop
   vertex 2.9231319427490234 0.95679998397827148 1.8769184350967407
   vertex 2.1309332847595215 0.95679998397827148 2.0487949848175049
   vertex 2.9228639602661133 0.95679998397827148 2.0491883754730225
  endloop
 endfacet
 facet normal 0.96395513960312695 -0.26398179199402666 -0.033228035276535534
  outer loop
   vertex 13.040878295898438 -0.64931720495223999 2.5176153182983398
   vertex 13.081484794616699 -0.50517177581787109 2.5504512786865234
   vertex 13.06440258026123 -0.58637320995330811 2.7000000476837158
  endloop
 endfacet
 facet normal -0.69760129583848773 -0.7143741122184617 0.054973264743394937
  outer loop
   vertex 12.244686126708984 -0.80919927358627319 2.5889806747436523
   vertex 12.296792984008789 -0.85153943300247192 2.7000000476837158
   vertex 12.183968544006348 -0.7413640022277832 2.7000000476837158
  endloop
 endfacet
 facet normal 0.72085843096826097 -0.69256405282378775 0.026798418577721424
  outer loop
   vertex 12.996047973632812 -0.72836416959762573 2.7000000476837158
   vertex 12.905601501464844 -0.82716894149780273 2.5794880390167236
   vertex 12.959793090820312 -0.77453744411468506 2.4819531440734863
  endloop
 endfacet
 facet normal -0.69600556564888227 -0.71649015169323038 -0.047096869454253447
  outer loop
   vertex 12.298479080200195 -0.85272544622421265 2.4561879634857178
   vertex 12.244686126708984 -0.80919927358627319 2.5889806747436523
   vertex 12.190682411193848 -0.75019508600234985 2.4894192218780518
  endloop
 endfacet
 facet normal -0.44093455718531049 -0.89633864068208369 0.046408592954201106
  outer loop
   vertex 12.437972068786621 -0.92098945379257202 2.7000000476837158
   vertex 12.296792984008789 -0.85153943300247192 2.7000000476837158
   vertex 12.365644454956055 -0.89234828948974609 2.5659825801849365
  endloop
 endfacet
 facet normal -0.77502385770237825 -0.63076055554391186 -0.038459609489171549
  outer loop
   vertex 12.155959129333496 -0.69938772916793823 2.5759994983673096
   vertex 12.244686126708984 -0.80919927358627319 2.5889806747436523
   vertex 12.183968544006348 -0.7413640022277832 2.7000000476837158
  endloop
 endfacet
 facet normal -0.77979186269140577 -0.62376557420623324 0.05330252635134624
  outer loop
   vertex 12.244686126708984 -0.80919927358627319 2.5889806747436523
   vertex 12.155959129333496 -0.69938772916793823 2.5759994983673096
   vertex 12.190682411193848 -0.75019508600234985 2.4894192218780518
  endloop
 endfacet
 facet normal 0.90052539778385354 -0.43351393270816807 0.03346159132692688
  outer loop
   vertex 12.996047973632812 -0.72836416959762573 2.7000000476837158
   vertex 13.040878295898438 -0.64931720495223999 2.5176153182983398
   vertex 13.06440258026123 -0.58637320995330811 2.7000000476837158
  endloop
 endfacet
 facet normal -0.88590729322434236 -0.46179114798178156 0.0437858819436956
  outer loop
   vertex 12.111054420471191 -0.60148441791534424 2.7000000476837158
   vertex 12.155959129333496 -0.69938772916793823 2.5759994983673096
   vertex 12.183968544006348 -0.7413640022277832 2.7000000476837158
  endloop
 endfacet
 facet normal -0.76445822045424383 0.64334460919203063 -0.041368381688002463
  outer loop
   vertex 12.179250717163086 -0.15149529278278351 2.7000000476837158
   vertex 12.255344390869141 -0.067563176155090332 2.5991220474243164
   vertex 12.158061027526855 -0.18352128565311432 2.5935149192810059
  endloop
 endfacet
 facet normal -0.87861920597764276 -0.47148564934627213 -0.075693945251523592
  outer loop
   vertex 12.155959129333496 -0.69938772916793823 2.5759994983673096
   vertex 12.11740779876709 -0.61938273906707764 2.525146484375
   vertex 12.190682411193848 -0.75019508600234985 2.4894192218780518
  endloop
 endfacet
 facet normal -0.90353409699200982 -0.42837450885148487 0.011018881026776709
  outer loop
   vertex 12.11740779876709 -0.61938273906707764 2.525146484375
   vertex 12.155959129333496 -0.69938772916793823 2.5759994983673096
   vertex 12.111054420471191 -0.60148441791534424 2.7000000476837158
  endloop
 endfacet
 facet normal -0.89253894320892591 0.44895543683963252 0.042582280207012921
  outer loop
   vertex 12.179250717163086 -0.15149529278278351 2.7000000476837158
   vertex 12.158061027526855 -0.18352128565311432 2.5935149192810059
   vertex 12.109048843383789 -0.29105904698371887 2.7000000476837158
  endloop
 endfacet
 facet normal 0.84247815766155576 -0.53809627931264192 -0.026133274825061198
  outer loop
   vertex 13.040878295898438 -0.64931720495223999 2.5176153182983398
   vertex 12.996047973632812 -0.72836416959762573 2.7000000476837158
   vertex 12.959793090820312 -0.77453744411468506 2.4819531440734863
  endloop
 endfacet
 facet normal -0.97870578288355659 -0.20474797559105759 -0.014603322965963127
  outer loop
   vertex 12.086194038391113 -0.47243118286132812 2.5567183494567871
   vertex 12.11740779876709 -0.61938273906707764 2.525146484375
   vertex 12.111054420471191 -0.60148441791534424 2.7000000476837158
  endloop
 endfacet
 facet normal -0.92142592980330607 0.3871380344292138 -0.033142090827190461
  outer loop
   vertex 12.109048843383789 -0.29105904698371887 2.7000000476837158
   vertex 12.158061027526855 -0.18352128565311432 2.5935149192810059
   vertex 12.100078582763672 -0.32269087433815002 2.579897403717041
  endloop
 endfacet
 facet normal -0.98793750777680289 0.15107480554928493 0.033998291957175686
  outer loop
   vertex 12.100078582763672 -0.32269087433815002 2.579897403717041
   vertex 12.085347175598145 -0.44605356454849243 2.7000000476837158
   vertex 12.109048843383789 -0.29105904698371887 2.7000000476837158
  endloop
 endfacet
 facet normal -0.98630788510466449 -0.16312886259948964 0.024201858758383935
  outer loop
   vertex 12.111054420471191 -0.60148441791534424 2.7000000476837158
   vertex 12.085347175598145 -0.44605356454849243 2.7000000476837158
   vertex 12.086194038391113 -0.47243118286132812 2.5567183494567871
  endloop
 endfacet
 facet normal -0.9951112016387329 0.095914584709427222 -0.023539091170541464
  outer loop
   vertex 12.086194038391113 -0.47243118286132812 2.5567183494567871
   vertex 12.085347175598145 -0.44605356454849243 2.7000000476837158
   vertex 12.100078582763672 -0.32269087433815002 2.579897403717041
  endloop
 endfacet
 facet normal 0 1 0
  outer loop
   vertex 12.79906177520752 0.95679998397827148 -2.0550000667572021
   vertex 12.80029296875 0.95679998397827148 -1.9064804315567017
   vertex 13.310981750488281 0.95679998397827148 -2.0587835311889648
  endloop
 endfacet
 facet normal 0 1 0
  outer loop
   vertex 2.1309332847595215 0.95679998397827148 2.0487949848175049
   vertex 1.3901678323745728 0.95679998397827148 2.1937086582183838
   vertex 2.130903959274292 0.95679998397827148 2.1936841011047363
  endloop
 endfacet
 facet normal -0 1 0
  outer loop
   vertex 3.7689139842987061 0.95679998397827148 1.6771699190139771
   vertex 2.9231319427490234 0.95679998397827148 1.8769184350967407
   vertex 3.7682137489318848 0.95679998397827148 1.8790078163146973
  endloop
 endfacet
 facet normal 0 1 0
  outer loop
   vertex 14.624777793884277 0.95679998397827148 -2.4175469875335693
   vertex 14.624995231628418 0.95679998397827148 -2.3538675308227539
   vertex 15.079999923706055 0.95679998397827148 -2.4175469875335693
  endloop
 endfacet
 facet normal 0 1 0
  outer loop
   vertex 14.028366088867188 0.95679998397827148 2.3396985530853271
   vertex 14.028830528259277 0.95679998397827148 2.3816759586334229
   vertex 14.514678001403809 0.95679998397827148 2.3809072971343994
  endloop
 endfacet
 facet normal 0 1 0
  outer loop
   vertex 14.199807167053223 0.95679998397827148 -2.35353684425354
   vertex 14.199884414672852 0.95679998397827148 -2.2757983207702637
   vertex 14.624995231628418 0.95679998397827148 -2.3538675308227539
  endloop
 endfacet
 facet normal 0 1 -0
  outer loop
   vertex 0.43502786755561829 0.95679998397827148 -2.3431992530822754
   vertex 0.43477985262870789 0.95679998397827148 -2.4175469875335693
   vertex 0 0.95679998397827148 -2.4175469875335693
  endloop
 endfacet
 facet normal -0 1 0
  outer loop
   vertex 0.69482696056365967 0.95679998397827148 2.3152461051940918
   vertex -1.6881641077453116e-14 0.95679998397827148 2.4175469875335693
   vertex 0.6944725513458252 0.95679998397827148 2.4175469875335693
  endloop
 endfacet
endsolid
